NOGA,ADJUSTMENT,INDICATOR_KE,date,value
41,N,PTOT,1999-01-01,63.08
41,N,PTOT,1999-04-01,91.77
41,N,PTOT,1999-07-01,96.48
41,N,PTOT,1999-10-01,93.45
41,N,PTOT,2000-01-01,69.15
41,N,PTOT,2000-04-01,91.75
41,N,PTOT,2000-07-01,95.26
41,N,PTOT,2000-10-01,91.37
41,N,PTOT,2001-01-01,69.07
41,N,PTOT,2001-04-01,88.92
41,N,PTOT,2001-07-01,94.39
41,N,PTOT,2001-10-01,90.34
41,N,PTOT,2002-01-01,73.54
41,N,PTOT,2002-04-01,92.82
41,N,PTOT,2002-07-01,97.35
41,N,PTOT,2002-10-01,94.73
41,N,PTOT,2003-01-01,68.67
41,N,PTOT,2003-04-01,92.31
41,N,PTOT,2003-07-01,99.96
41,N,PTOT,2003-10-01,93.68
41,N,PTOT,2004-01-01,72.4
41,N,PTOT,2004-04-01,99.48
41,N,PTOT,2004-07-01,107
41,N,PTOT,2004-10-01,104.06
41,N,PTOT,2005-01-01,71.5
41,N,PTOT,2005-04-01,110.24
41,N,PTOT,2005-07-01,110.93
41,N,PTOT,2005-10-01,112.62
41,N,PTOT,2006-01-01,74.45
41,N,PTOT,2006-04-01,106.4
41,N,PTOT,2006-07-01,113.37
41,N,PTOT,2006-10-01,110.74
41,N,PTOT,2007-01-01,83.85
41,N,PTOT,2007-04-01,108.54
41,N,PTOT,2007-07-01,111.48
41,N,PTOT,2007-10-01,106.79
41,N,PTOT,2008-01-01,84.02
41,N,PTOT,2008-04-01,105.88
41,N,PTOT,2008-07-01,109.35
41,N,PTOT,2008-10-01,100.9
41,N,PTOT,2009-01-01,71.01
41,N,PTOT,2009-04-01,98.88
41,N,PTOT,2009-07-01,114.94
41,N,PTOT,2009-10-01,105.25
41,N,PTOT,2010-01-01,73
41,N,PTOT,2010-04-01,101.02
41,N,PTOT,2010-07-01,103.86
41,N,PTOT,2010-10-01,106.28
41,N,PTOT,2011-01-01,83.92
41,N,PTOT,2011-04-01,106
41,N,PTOT,2011-07-01,109.18
41,N,PTOT,2011-10-01,110.49
41,N,PTOT,2012-01-01,75.23
41,N,PTOT,2012-04-01,107.43
41,N,PTOT,2012-07-01,113.86
41,N,PTOT,2012-10-01,117.13
41,N,PTOT,2013-01-01,79.48
41,N,PTOT,2013-04-01,110.64
41,N,PTOT,2013-07-01,111.4
41,N,PTOT,2013-10-01,118.78
41,N,PTOT,2014-01-01,93.04
41,N,PTOT,2014-04-01,113.82
41,N,PTOT,2014-07-01,121.1
41,N,PTOT,2014-10-01,120.9
41,N,PTOT,2015-01-01,87.01
41,N,PTOT,2015-04-01,112.23
41,N,PTOT,2015-07-01,113.27
41,N,PTOT,2015-10-01,112.82
41,N,PTOT,2016-01-01,81.74
41,N,PTOT,2016-04-01,109.33
41,N,PTOT,2016-07-01,110.83
41,N,PTOT,2016-10-01,112.64
41,N,PTOT,2017-01-01,84.45
41,N,PTOT,2017-04-01,112.75
41,N,PTOT,2017-07-01,110.04
41,N,PTOT,2017-10-01,111.33
41,N,PTOT,2018-01-01,86.21
41,N,PTOT,2018-04-01,117.02
41,N,PTOT,2018-07-01,108.11
41,N,PTOT,2018-10-01,109.81
41,N,PTOT,2019-01-01,84.23
41,N,PTOT,2019-04-01,110.8
41,N,PTOT,2019-07-01,107.88
41,N,PTOT,2019-10-01,108.82
41,N,PTOT,2020-01-01,84.55
41,N,PTOT,2020-04-01,103.83
41,N,PTOT,2020-07-01,101.53
41,N,PTOT,2020-10-01,107.17
41,N,PTOT,2021-01-01,85.61
41,N,PTOT,2021-04-01,107.33
41,N,PTOT,2021-07-01,102.36
41,N,PTOT,2021-10-01,104.69
41,N,PTOT,2022-01-01,85.35
41,N,PTOT,2022-04-01,107.15
41,N,PTOT,2022-07-01,94.38
41,N,PTOT,2022-10-01,98.31
41,N,PTOT,2023-01-01,81.03
41,N,PTOT,2023-04-01,99.88
41,N,PTOT,2023-07-01,85.33
41,N,PTOT,2023-10-01,88.94
41,N,PTOT,2024-01-01,78.43
41,N,PTOT,2024-04-01,98.75
41,N,PTOT,2024-07-01,90.1
41,N,PTOT,2024-10-01,88.64
41,N,PTOT,2025-01-01,81.34
41,N,PTOT,2025-04-01,99.49
41,N,PTOT,2025-07-01,84.6
41,N,PTOT,2025-10-01,99.15
41,N,PTOT,2026-01-01,84.04
41,N,PTOT,2026-04-01,103.76
41,N,UINL,2010-10-01,97.83
41,N,UINL,2011-01-01,77.94
41,N,UINL,2011-04-01,99.31
41,N,UINL,2011-07-01,102.49
41,N,UINL,2011-10-01,103.92
41,N,UINL,2012-01-01,70.69
41,N,UINL,2012-04-01,100.85
41,N,UINL,2012-07-01,107.05
41,N,UINL,2012-10-01,110.29
41,N,UINL,2013-01-01,75.06
41,N,UINL,2013-04-01,104.8
41,N,UINL,2013-07-01,105.84
41,N,UINL,2013-10-01,113.21
41,N,UINL,2014-01-01,88.39
41,N,UINL,2014-04-01,107.79
41,N,UINL,2014-07-01,114.4
41,N,UINL,2014-10-01,113.93
41,N,UINL,2015-01-01,81.61
41,N,UINL,2015-04-01,104.75
41,N,UINL,2015-07-01,106.13
41,N,UINL,2015-10-01,106.11
41,N,UINL,2016-01-01,76.82
41,N,UINL,2016-04-01,102.68
41,N,UINL,2016-07-01,104.14
41,N,UINL,2016-10-01,105.88
41,N,UINL,2017-01-01,79.55
41,N,UINL,2017-04-01,106.46
41,N,UINL,2017-07-01,104.3
41,N,UINL,2017-10-01,105.94
41,N,UINL,2018-01-01,82.17
41,N,UINL,2018-04-01,111.75
41,N,UINL,2018-07-01,103.17
41,N,UINL,2018-10-01,104.71
41,N,UINL,2019-01-01,80.55
41,N,UINL,2019-04-01,106.26
41,N,UINL,2019-07-01,103.77
41,N,UINL,2019-10-01,105
41,N,UINL,2020-01-01,81.6
41,N,UINL,2020-04-01,100.24
41,N,UINL,2020-07-01,98.14
41,N,UINL,2020-10-01,103.71
41,N,UINL,2021-01-01,82.85
41,N,UINL,2021-04-01,106.21
41,N,UINL,2021-07-01,103.28
41,N,UINL,2021-10-01,107.66
41,N,UINL,2022-01-01,88.89
41,N,UINL,2022-04-01,115.5
41,N,UINL,2022-07-01,103.13
41,N,UINL,2022-10-01,108.89
41,N,UINL,2023-01-01,88.78
41,N,UINL,2023-04-01,110.7
41,N,UINL,2023-07-01,94.57
41,N,UINL,2023-10-01,98.58
41,N,UINL,2024-01-01,85.97
41,N,UINL,2024-04-01,109.49
41,N,UINL,2024-07-01,99.95
41,N,UINL,2024-10-01,98.38
41,N,UINL,2025-01-01,89.65
41,N,UINL,2025-04-01,111.36
41,N,UINL,2025-07-01,94.69
41,N,UINL,2025-10-01,110.97
41,N,UINL,2026-01-01,93.44
41,N,UINL,2026-04-01,117.21
41,N,UTOT,1999-01-01,48.78
41,N,UTOT,1999-04-01,71.34
41,N,UTOT,1999-07-01,75.73
41,N,UTOT,1999-10-01,74.05
41,N,UTOT,2000-01-01,55.46
41,N,UTOT,2000-04-01,74.46
41,N,UTOT,2000-07-01,78.35
41,N,UTOT,2000-10-01,76.16
41,N,UTOT,2001-01-01,58.04
41,N,UTOT,2001-04-01,75.32
41,N,UTOT,2001-07-01,79.71
41,N,UTOT,2001-10-01,76.07
41,N,UTOT,2002-01-01,61.68
41,N,UTOT,2002-04-01,77.56
41,N,UTOT,2002-07-01,80.86
41,N,UTOT,2002-10-01,78.21
41,N,UTOT,2003-01-01,56.06
41,N,UTOT,2003-04-01,74.51
41,N,UTOT,2003-07-01,80.63
41,N,UTOT,2003-10-01,75.5
41,N,UTOT,2004-01-01,58.26
41,N,UTOT,2004-04-01,79.93
41,N,UTOT,2004-07-01,86.98
41,N,UTOT,2004-10-01,85.55
41,N,UTOT,2005-01-01,58.97
41,N,UTOT,2005-04-01,91.19
41,N,UTOT,2005-07-01,92.12
41,N,UTOT,2005-10-01,93.89
41,N,UTOT,2006-01-01,62.45
41,N,UTOT,2006-04-01,89.79
41,N,UTOT,2006-07-01,97.01
41,N,UTOT,2006-10-01,96.07
41,N,UTOT,2007-01-01,73.3
41,N,UTOT,2007-04-01,95.61
41,N,UTOT,2007-07-01,99
41,N,UTOT,2007-10-01,95.59
41,N,UTOT,2008-01-01,76.01
41,N,UTOT,2008-04-01,96.78
41,N,UTOT,2008-07-01,100.91
41,N,UTOT,2008-10-01,93.99
41,N,UTOT,2009-01-01,65.27
41,N,UTOT,2009-04-01,89.66
41,N,UTOT,2009-07-01,104.07
41,N,UTOT,2009-10-01,95.16
41,N,UTOT,2010-01-01,66.08
41,N,UTOT,2010-04-01,91.54
41,N,UTOT,2010-07-01,94.87
41,N,UTOT,2010-10-01,97.83
41,N,UTOT,2011-01-01,77.94
41,N,UTOT,2011-04-01,99.31
41,N,UTOT,2011-07-01,102.49
41,N,UTOT,2011-10-01,103.92
41,N,UTOT,2012-01-01,70.69
41,N,UTOT,2012-04-01,100.85
41,N,UTOT,2012-07-01,107.05
41,N,UTOT,2012-10-01,110.29
41,N,UTOT,2013-01-01,75.06
41,N,UTOT,2013-04-01,104.8
41,N,UTOT,2013-07-01,105.84
41,N,UTOT,2013-10-01,113.21
41,N,UTOT,2014-01-01,88.39
41,N,UTOT,2014-04-01,107.79
41,N,UTOT,2014-07-01,114.4
41,N,UTOT,2014-10-01,113.93
41,N,UTOT,2015-01-01,81.61
41,N,UTOT,2015-04-01,104.75
41,N,UTOT,2015-07-01,106.13
41,N,UTOT,2015-10-01,106.11
41,N,UTOT,2016-01-01,76.82
41,N,UTOT,2016-04-01,102.68
41,N,UTOT,2016-07-01,104.14
41,N,UTOT,2016-10-01,105.88
41,N,UTOT,2017-01-01,79.55
41,N,UTOT,2017-04-01,106.46
41,N,UTOT,2017-07-01,104.3
41,N,UTOT,2017-10-01,105.94
41,N,UTOT,2018-01-01,82.17
41,N,UTOT,2018-04-01,111.75
41,N,UTOT,2018-07-01,103.17
41,N,UTOT,2018-10-01,104.71
41,N,UTOT,2019-01-01,80.55
41,N,UTOT,2019-04-01,106.26
41,N,UTOT,2019-07-01,103.77
41,N,UTOT,2019-10-01,105
41,N,UTOT,2020-01-01,81.6
41,N,UTOT,2020-04-01,100.24
41,N,UTOT,2020-07-01,98.14
41,N,UTOT,2020-10-01,103.71
41,N,UTOT,2021-01-01,82.85
41,N,UTOT,2021-04-01,106.21
41,N,UTOT,2021-07-01,103.28
41,N,UTOT,2021-10-01,107.66
41,N,UTOT,2022-01-01,88.89
41,N,UTOT,2022-04-01,115.5
41,N,UTOT,2022-07-01,103.13
41,N,UTOT,2022-10-01,108.89
41,N,UTOT,2023-01-01,88.78
41,N,UTOT,2023-04-01,110.7
41,N,UTOT,2023-07-01,94.57
41,N,UTOT,2023-10-01,98.58
41,N,UTOT,2024-01-01,85.97
41,N,UTOT,2024-04-01,109.49
41,N,UTOT,2024-07-01,99.95
41,N,UTOT,2024-10-01,98.38
41,N,UTOT,2025-01-01,89.65
41,N,UTOT,2025-04-01,111.36
41,N,UTOT,2025-07-01,94.69
41,N,UTOT,2025-10-01,110.97
41,N,UTOT,2026-01-01,93.44
41,N,UTOT,2026-04-01,117.21
41,W,PTOT,1999-01-01,63.28
41,W,PTOT,1999-04-01,92.2
41,W,PTOT,1999-07-01,96.31
41,W,PTOT,1999-10-01,92.92
41,W,PTOT,2000-01-01,68.52
41,W,PTOT,2000-04-01,92.37
41,W,PTOT,2000-07-01,96.12
41,W,PTOT,2000-10-01,92.34
41,W,PTOT,2001-01-01,69.14
41,W,PTOT,2001-04-01,89.52
41,W,PTOT,2001-07-01,95.24
41,W,PTOT,2001-10-01,90.81
41,W,PTOT,2002-01-01,74.41
41,W,PTOT,2002-04-01,92.95
41,W,PTOT,2002-07-01,97.71
41,W,PTOT,2002-10-01,95.22
41,W,PTOT,2003-01-01,69.11
41,W,PTOT,2003-04-01,92.94
41,W,PTOT,2003-07-01,100.33
41,W,PTOT,2003-10-01,94.16
41,W,PTOT,2004-01-01,72.37
41,W,PTOT,2004-04-01,99.94
41,W,PTOT,2004-07-01,106.82
41,W,PTOT,2004-10-01,103.48
41,W,PTOT,2005-01-01,72.12
41,W,PTOT,2005-04-01,109.56
41,W,PTOT,2005-07-01,111.34
41,W,PTOT,2005-10-01,113.21
41,W,PTOT,2006-01-01,74.12
41,W,PTOT,2006-04-01,107.12
41,W,PTOT,2006-07-01,114.39
41,W,PTOT,2006-10-01,111.92
41,W,PTOT,2007-01-01,83.93
41,W,PTOT,2007-04-01,109.28
41,W,PTOT,2007-07-01,112.49
41,W,PTOT,2007-10-01,107.34
41,W,PTOT,2008-01-01,84.89
41,W,PTOT,2008-04-01,105.23
41,W,PTOT,2008-07-01,109.75
41,W,PTOT,2008-10-01,101.42
41,W,PTOT,2009-01-01,71.46
41,W,PTOT,2009-04-01,99.55
41,W,PTOT,2009-07-01,114.74
41,W,PTOT,2009-10-01,105.22
41,W,PTOT,2010-01-01,73.23
41,W,PTOT,2010-04-01,101.49
41,W,PTOT,2010-07-01,103.68
41,W,PTOT,2010-10-01,105.68
41,W,PTOT,2011-01-01,83.73
41,W,PTOT,2011-04-01,106.49
41,W,PTOT,2011-07-01,109.57
41,W,PTOT,2011-10-01,111.06
41,W,PTOT,2012-01-01,74.79
41,W,PTOT,2012-04-01,108.17
41,W,PTOT,2012-07-01,114.89
41,W,PTOT,2012-10-01,117.73
41,W,PTOT,2013-01-01,80.42
41,W,PTOT,2013-04-01,110.79
41,W,PTOT,2013-07-01,111.8
41,W,PTOT,2013-10-01,119.4
41,W,PTOT,2014-01-01,93.64
41,W,PTOT,2014-04-01,114.6
41,W,PTOT,2014-07-01,121.54
41,W,PTOT,2014-10-01,121.53
41,W,PTOT,2015-01-01,87.57
41,W,PTOT,2015-04-01,112.99
41,W,PTOT,2015-07-01,113.07
41,W,PTOT,2015-10-01,112.8
41,W,PTOT,2016-01-01,82.32
41,W,PTOT,2016-04-01,108.66
41,W,PTOT,2016-07-01,111.24
41,W,PTOT,2016-10-01,113.22
41,W,PTOT,2017-01-01,84.07
41,W,PTOT,2017-04-01,113.52
41,W,PTOT,2017-07-01,111.03
41,W,PTOT,2017-10-01,112.51
41,W,PTOT,2018-01-01,86.76
41,W,PTOT,2018-04-01,117.19
41,W,PTOT,2018-07-01,109.09
41,W,PTOT,2018-10-01,110.37
41,W,PTOT,2019-01-01,84.77
41,W,PTOT,2019-04-01,111.55
41,W,PTOT,2019-07-01,108.27
41,W,PTOT,2019-10-01,109.38
41,W,PTOT,2020-01-01,84.51
41,W,PTOT,2020-04-01,104.54
41,W,PTOT,2020-07-01,101.35
41,W,PTOT,2020-10-01,107.14
41,W,PTOT,2021-01-01,85.88
41,W,PTOT,2021-04-01,107.83
41,W,PTOT,2021-07-01,102.18
41,W,PTOT,2021-10-01,104.1
41,W,PTOT,2022-01-01,85.16
41,W,PTOT,2022-04-01,107.64
41,W,PTOT,2022-07-01,94.72
41,W,PTOT,2022-10-01,98.82
41,W,PTOT,2023-01-01,80.67
41,W,PTOT,2023-04-01,100.56
41,W,PTOT,2023-07-01,86.1
41,W,PTOT,2023-10-01,89.89
41,W,PTOT,2024-01-01,78.81
41,W,PTOT,2024-04-01,98.89
41,W,PTOT,2024-07-01,90.42
41,W,PTOT,2024-10-01,89.1
41,W,PTOT,2025-01-01,81.86
41,W,PTOT,2025-04-01,100.17
41,W,PTOT,2025-07-01,84.91
41,W,PTOT,2025-10-01,99.66
41,W,PTOT,2026-01-01,84.57
41,W,PTOT,2026-04-01,104.46
41,W,UINL,2010-10-01,97.78
41,W,UINL,2011-01-01,77.32
41,W,UINL,2011-04-01,99.7
41,W,UINL,2011-07-01,102.84
41,W,UINL,2011-10-01,104.35
41,W,UINL,2012-01-01,72.64
41,W,UINL,2012-04-01,101.33
41,W,UINL,2012-07-01,107.67
41,W,UINL,2012-10-01,110.74
41,W,UINL,2013-01-01,74.92
41,W,UINL,2013-04-01,105.06
41,W,UINL,2013-07-01,106.21
41,W,UINL,2013-10-01,113.67
41,W,UINL,2014-01-01,88.02
41,W,UINL,2014-04-01,108.3
41,W,UINL,2014-07-01,114.79
41,W,UINL,2014-10-01,114.4
41,W,UINL,2015-01-01,81.26
41,W,UINL,2015-04-01,105.25
41,W,UINL,2015-07-01,106.25
41,W,UINL,2015-10-01,106.29
41,W,UINL,2016-01-01,79.37
41,W,UINL,2016-04-01,102.6
41,W,UINL,2016-07-01,104.5
41,W,UINL,2016-10-01,106.31
41,W,UINL,2017-01-01,78.85
41,W,UINL,2017-04-01,106.97
41,W,UINL,2017-07-01,104.9
41,W,UINL,2017-10-01,106.62
41,W,UINL,2018-01-01,81.82
41,W,UINL,2018-04-01,112.02
41,W,UINL,2018-07-01,103.76
41,W,UINL,2018-10-01,105.14
41,W,UINL,2019-01-01,80.21
41,W,UINL,2019-04-01,106.77
41,W,UINL,2019-07-01,104.13
41,W,UINL,2019-10-01,105.43
41,W,UINL,2020-01-01,84.04
41,W,UINL,2020-04-01,100.72
41,W,UINL,2020-07-01,98.25
41,W,UINL,2020-10-01,103.9
41,W,UINL,2021-01-01,82.38
41,W,UINL,2021-04-01,106.62
41,W,UINL,2021-07-01,103.4
41,W,UINL,2021-10-01,107.6
41,W,UINL,2022-01-01,88.18
41,W,UINL,2022-04-01,115.94
41,W,UINL,2022-07-01,103.49
41,W,UINL,2022-10-01,109.33
41,W,UINL,2023-01-01,87.99
41,W,UINL,2023-04-01,111.23
41,W,UINL,2023-07-01,95.12
41,W,UINL,2023-10-01,99.21
41,W,UINL,2024-01-01,88.75
41,W,UINL,2024-04-01,109.77
41,W,UINL,2024-07-01,100.29
41,W,UINL,2024-10-01,98.79
41,W,UINL,2025-01-01,89.27
41,W,UINL,2025-04-01,111.89
41,W,UINL,2025-07-01,95.02
41,W,UINL,2025-10-01,111.43
41,W,UINL,2026-01-01,93.04
41,W,UINL,2026-04-01,117.77
41,W,UTOT,1999-01-01,48.93
41,W,UTOT,1999-04-01,71.67
41,W,UTOT,1999-07-01,75.61
41,W,UTOT,1999-10-01,73.66
41,W,UTOT,2000-01-01,55
41,W,UTOT,2000-04-01,74.96
41,W,UTOT,2000-07-01,79.05
41,W,UTOT,2000-10-01,76.95
41,W,UTOT,2001-01-01,58.09
41,W,UTOT,2001-04-01,75.83
41,W,UTOT,2001-07-01,80.42
41,W,UTOT,2001-10-01,76.46
41,W,UTOT,2002-01-01,62.39
41,W,UTOT,2002-04-01,77.68
41,W,UTOT,2002-07-01,81.16
41,W,UTOT,2002-10-01,78.61
41,W,UTOT,2003-01-01,56.41
41,W,UTOT,2003-04-01,75.01
41,W,UTOT,2003-07-01,80.92
41,W,UTOT,2003-10-01,75.89
41,W,UTOT,2004-01-01,58.27
41,W,UTOT,2004-04-01,80.3
41,W,UTOT,2004-07-01,86.84
41,W,UTOT,2004-10-01,85.1
41,W,UTOT,2005-01-01,59.46
41,W,UTOT,2005-04-01,90.65
41,W,UTOT,2005-07-01,92.46
41,W,UTOT,2005-10-01,94.38
41,W,UTOT,2006-01-01,62.18
41,W,UTOT,2006-04-01,90.4
41,W,UTOT,2006-07-01,97.88
41,W,UTOT,2006-10-01,97.08
41,W,UTOT,2007-01-01,73.37
41,W,UTOT,2007-04-01,96.25
41,W,UTOT,2007-07-01,99.88
41,W,UTOT,2007-10-01,96.08
41,W,UTOT,2008-01-01,76.82
41,W,UTOT,2008-04-01,96.21
41,W,UTOT,2008-07-01,101.28
41,W,UTOT,2008-10-01,94.48
41,W,UTOT,2009-01-01,65.67
41,W,UTOT,2009-04-01,90.26
41,W,UTOT,2009-07-01,103.9
41,W,UTOT,2009-10-01,95.15
41,W,UTOT,2010-01-01,66.28
41,W,UTOT,2010-04-01,91.97
41,W,UTOT,2010-07-01,94.71
41,W,UTOT,2010-10-01,97.31
41,W,UTOT,2011-01-01,77.77
41,W,UTOT,2011-04-01,99.77
41,W,UTOT,2011-07-01,102.86
41,W,UTOT,2011-10-01,104.46
41,W,UTOT,2012-01-01,70.33
41,W,UTOT,2012-04-01,101.53
41,W,UTOT,2012-07-01,108
41,W,UTOT,2012-10-01,110.86
41,W,UTOT,2013-01-01,75.92
41,W,UTOT,2013-04-01,104.96
41,W,UTOT,2013-07-01,106.23
41,W,UTOT,2013-10-01,113.79
41,W,UTOT,2014-01-01,88.94
41,W,UTOT,2014-04-01,108.51
41,W,UTOT,2014-07-01,114.82
41,W,UTOT,2014-10-01,114.52
41,W,UTOT,2015-01-01,82.11
41,W,UTOT,2015-04-01,105.45
41,W,UTOT,2015-07-01,105.96
41,W,UTOT,2015-10-01,106.09
41,W,UTOT,2016-01-01,77.4
41,W,UTOT,2016-04-01,102.08
41,W,UTOT,2016-07-01,104.52
41,W,UTOT,2016-10-01,106.42
41,W,UTOT,2017-01-01,79.21
41,W,UTOT,2017-04-01,107.17
41,W,UTOT,2017-07-01,105.23
41,W,UTOT,2017-10-01,107.04
41,W,UTOT,2018-01-01,82.68
41,W,UTOT,2018-04-01,111.91
41,W,UTOT,2018-07-01,104.09
41,W,UTOT,2018-10-01,105.25
41,W,UTOT,2019-01-01,81.05
41,W,UTOT,2019-04-01,106.97
41,W,UTOT,2019-07-01,104.15
41,W,UTOT,2019-10-01,105.54
41,W,UTOT,2020-01-01,81.62
41,W,UTOT,2020-04-01,100.92
41,W,UTOT,2020-07-01,97.98
41,W,UTOT,2020-10-01,103.7
41,W,UTOT,2021-01-01,83.1
41,W,UTOT,2021-04-01,106.7
41,W,UTOT,2021-07-01,103.11
41,W,UTOT,2021-10-01,107.08
41,W,UTOT,2022-01-01,88.69
41,W,UTOT,2022-04-01,116.03
41,W,UTOT,2022-07-01,103.51
41,W,UTOT,2022-10-01,109.45
41,W,UTOT,2023-01-01,88.39
41,W,UTOT,2023-04-01,111.45
41,W,UTOT,2023-07-01,95.41
41,W,UTOT,2023-10-01,99.6
41,W,UTOT,2024-01-01,86.44
41,W,UTOT,2024-04-01,109.66
41,W,UTOT,2024-07-01,100.31
41,W,UTOT,2024-10-01,98.89
41,W,UTOT,2025-01-01,90.2
41,W,UTOT,2025-04-01,112.11
41,W,UTOT,2025-07-01,95.04
41,W,UTOT,2025-10-01,111.54
41,W,UTOT,2026-01-01,94.02
41,W,UTOT,2026-04-01,118
41,Y,PTOT,1999-01-01,80.32
41,Y,PTOT,1999-04-01,87.43
41,Y,PTOT,1999-07-01,87.46
41,Y,PTOT,1999-10-01,87.01
41,Y,PTOT,2000-01-01,87
41,Y,PTOT,2000-04-01,87.68
41,Y,PTOT,2000-07-01,87.14
41,Y,PTOT,2000-10-01,86.54
41,Y,PTOT,2001-01-01,87.75
41,Y,PTOT,2001-04-01,85.17
41,Y,PTOT,2001-07-01,86.08
41,Y,PTOT,2001-10-01,85.13
41,Y,PTOT,2002-01-01,94.71
41,Y,PTOT,2002-04-01,88.42
41,Y,PTOT,2002-07-01,88.15
41,Y,PTOT,2002-10-01,89.15
41,Y,PTOT,2003-01-01,88.51
41,Y,PTOT,2003-04-01,88.19
41,Y,PTOT,2003-07-01,90.48
41,Y,PTOT,2003-10-01,87.98
41,Y,PTOT,2004-01-01,93.39
41,Y,PTOT,2004-04-01,94.48
41,Y,PTOT,2004-07-01,96.31
41,Y,PTOT,2004-10-01,96.68
41,Y,PTOT,2005-01-01,93.34
41,Y,PTOT,2005-04-01,103.45
41,Y,PTOT,2005-07-01,100.33
41,Y,PTOT,2005-10-01,105.8
41,Y,PTOT,2006-01-01,95.92
41,Y,PTOT,2006-04-01,101.32
41,Y,PTOT,2006-07-01,102.89
41,Y,PTOT,2006-10-01,104.68
41,Y,PTOT,2007-01-01,108.41
41,Y,PTOT,2007-04-01,103.62
41,Y,PTOT,2007-07-01,101.02
41,Y,PTOT,2007-10-01,100.53
41,Y,PTOT,2008-01-01,109.12
41,Y,PTOT,2008-04-01,100.19
41,Y,PTOT,2008-07-01,98.49
41,Y,PTOT,2008-10-01,94.95
41,Y,PTOT,2009-01-01,91.55
41,Y,PTOT,2009-04-01,94.98
41,Y,PTOT,2009-07-01,103.33
41,Y,PTOT,2009-10-01,98.04
41,Y,PTOT,2010-01-01,93.87
41,Y,PTOT,2010-04-01,96.7
41,Y,PTOT,2010-07-01,94.07
41,Y,PTOT,2010-10-01,97.71
41,Y,PTOT,2011-01-01,107.69
41,Y,PTOT,2011-04-01,100.97
41,Y,PTOT,2011-07-01,100.4
41,Y,PTOT,2011-10-01,102.1
41,Y,PTOT,2012-01-01,96.02
41,Y,PTOT,2012-04-01,102.29
41,Y,PTOT,2012-07-01,106.19
41,Y,PTOT,2012-10-01,107.87
41,Y,PTOT,2013-01-01,102.81
41,Y,PTOT,2013-04-01,104.58
41,Y,PTOT,2013-07-01,104
41,Y,PTOT,2013-10-01,109.38
41,Y,PTOT,2014-01-01,118.96
41,Y,PTOT,2014-04-01,108.03
41,Y,PTOT,2014-07-01,113.49
41,Y,PTOT,2014-10-01,111.73
41,Y,PTOT,2015-01-01,110.42
41,Y,PTOT,2015-04-01,106.19
41,Y,PTOT,2015-07-01,106.01
41,Y,PTOT,2015-10-01,104.33
41,Y,PTOT,2016-01-01,102.75
41,Y,PTOT,2016-04-01,101.8
41,Y,PTOT,2016-07-01,104.8
41,Y,PTOT,2016-10-01,105.3
41,Y,PTOT,2017-01-01,103.9
41,Y,PTOT,2017-04-01,105.97
41,Y,PTOT,2017-07-01,105.3
41,Y,PTOT,2017-10-01,105.13
41,Y,PTOT,2018-01-01,106.14
41,Y,PTOT,2018-04-01,108.93
41,Y,PTOT,2018-07-01,104.29
41,Y,PTOT,2018-10-01,103.67
41,Y,PTOT,2019-01-01,102.44
41,Y,PTOT,2019-04-01,103.23
41,Y,PTOT,2019-07-01,104.55
41,Y,PTOT,2019-10-01,103.2
41,Y,PTOT,2020-01-01,100.82
41,Y,PTOT,2020-04-01,96.28
41,Y,PTOT,2020-07-01,98.93
41,Y,PTOT,2020-10-01,101.63
41,Y,PTOT,2021-01-01,101.01
41,Y,PTOT,2021-04-01,98.87
41,Y,PTOT,2021-07-01,100.86
41,Y,PTOT,2021-10-01,99.26
41,Y,PTOT,2022-01-01,98.78
41,Y,PTOT,2022-04-01,98.26
41,Y,PTOT,2022-07-01,94.55
41,Y,PTOT,2022-10-01,94.64
41,Y,PTOT,2023-01-01,92.42
41,Y,PTOT,2023-04-01,91.4
41,Y,PTOT,2023-07-01,86.93
41,Y,PTOT,2023-10-01,86.28
41,Y,PTOT,2024-01-01,89.43
41,Y,PTOT,2024-04-01,89.58
41,Y,PTOT,2024-07-01,92.2
41,Y,PTOT,2024-10-01,85.58
41,Y,PTOT,2025-01-01,92.21
41,Y,PTOT,2025-04-01,90.64
41,Y,PTOT,2025-07-01,87.13
41,Y,PTOT,2025-10-01,95.7
41,Y,PTOT,2026-01-01,94.82
41,Y,PTOT,2026-04-01,94.52
41,Y,UINL,2010-10-01,89.1
41,Y,UINL,2011-01-01,98.37
41,Y,UINL,2011-04-01,95.05
41,Y,UINL,2011-07-01,95.72
41,Y,UINL,2011-10-01,95.16
41,Y,UINL,2012-01-01,92.25
41,Y,UINL,2012-04-01,96.64
41,Y,UINL,2012-07-01,100.27
41,Y,UINL,2012-10-01,101.05
41,Y,UINL,2013-01-01,94.99
41,Y,UINL,2013-04-01,100.1
41,Y,UINL,2013-07-01,99.01
41,Y,UINL,2013-10-01,103.95
41,Y,UINL,2014-01-01,111.33
41,Y,UINL,2014-04-01,102.83
41,Y,UINL,2014-07-01,107.3
41,Y,UINL,2014-10-01,105.1
41,Y,UINL,2015-01-01,102.21
41,Y,UINL,2015-04-01,99.42
41,Y,UINL,2015-07-01,99.7
41,Y,UINL,2015-10-01,98.28
41,Y,UINL,2016-01-01,99.16
41,Y,UINL,2016-04-01,96.32
41,Y,UINL,2016-07-01,98.55
41,Y,UINL,2016-10-01,98.95
41,Y,UINL,2017-01-01,97.76
41,Y,UINL,2017-04-01,99.8
41,Y,UINL,2017-07-01,99.6
41,Y,UINL,2017-10-01,99.66
41,Y,UINL,2018-01-01,100.78
41,Y,UINL,2018-04-01,103.87
41,Y,UINL,2018-07-01,99.29
41,Y,UINL,2018-10-01,98.77
41,Y,UINL,2019-01-01,97.81
41,Y,UINL,2019-04-01,98.41
41,Y,UINL,2019-07-01,100.68
41,Y,UINL,2019-10-01,99.37
41,Y,UINL,2020-01-01,101.38
41,Y,UINL,2020-04-01,92.36
41,Y,UINL,2020-07-01,95.99
41,Y,UINL,2020-10-01,98.48
41,Y,UINL,2021-01-01,97.92
41,Y,UINL,2021-04-01,97.36
41,Y,UINL,2021-07-01,102.14
41,Y,UINL,2021-10-01,102.58
41,Y,UINL,2022-01-01,103.22
41,Y,UINL,2022-04-01,105.46
41,Y,UINL,2022-07-01,103.37
41,Y,UINL,2022-10-01,104.8
41,Y,UINL,2023-01-01,101.56
41,Y,UINL,2023-04-01,100.74
41,Y,UINL,2023-07-01,96.16
41,Y,UINL,2023-10-01,95.36
41,Y,UINL,2024-01-01,101.34
41,Y,UINL,2024-04-01,99.06
41,Y,UINL,2024-07-01,102.47
41,Y,UINL,2024-10-01,95.01
41,Y,UINL,2025-01-01,101.12
41,Y,UINL,2025-04-01,100.88
41,Y,UINL,2025-07-01,97.76
41,Y,UINL,2025-10-01,107.06
41,Y,UINL,2026-01-01,104.96
41,Y,UINL,2026-04-01,106.17
41,Y,UTOT,1999-01-01,62.16
41,Y,UTOT,1999-04-01,68.08
41,Y,UTOT,1999-07-01,68.79
41,Y,UTOT,1999-10-01,69.01
41,Y,UTOT,2000-01-01,69.9
41,Y,UTOT,2000-04-01,71.29
41,Y,UTOT,2000-07-01,71.8
41,Y,UTOT,2000-10-01,72.15
41,Y,UTOT,2001-01-01,73.78
41,Y,UTOT,2001-04-01,72.3
41,Y,UTOT,2001-07-01,72.83
41,Y,UTOT,2001-10-01,71.7
41,Y,UTOT,2002-01-01,79.44
41,Y,UTOT,2002-04-01,74.08
41,Y,UTOT,2002-07-01,73.38
41,Y,UTOT,2002-10-01,73.6
41,Y,UTOT,2003-01-01,72.22
41,Y,UTOT,2003-04-01,71.4
41,Y,UTOT,2003-07-01,73.14
41,Y,UTOT,2003-10-01,70.88
41,Y,UTOT,2004-01-01,75.15
41,Y,UTOT,2004-04-01,76.19
41,Y,UTOT,2004-07-01,78.49
41,Y,UTOT,2004-10-01,79.45
41,Y,UTOT,2005-01-01,76.88
41,Y,UTOT,2005-04-01,85.94
41,Y,UTOT,2005-07-01,83.52
41,Y,UTOT,2005-10-01,88.12
41,Y,UTOT,2006-01-01,80.4
41,Y,UTOT,2006-04-01,85.85
41,Y,UTOT,2006-07-01,88.25
41,Y,UTOT,2006-10-01,90.7
41,Y,UTOT,2007-01-01,94.72
41,Y,UTOT,2007-04-01,91.64
41,Y,UTOT,2007-07-01,89.9
41,Y,UTOT,2007-10-01,89.88
41,Y,UTOT,2008-01-01,98.76
41,Y,UTOT,2008-04-01,91.95
41,Y,UTOT,2008-07-01,91.06
41,Y,UTOT,2008-10-01,88.36
41,Y,UTOT,2009-01-01,84.17
41,Y,UTOT,2009-04-01,86.41
41,Y,UTOT,2009-07-01,93.73
41,Y,UTOT,2009-10-01,88.61
41,Y,UTOT,2010-01-01,85.02
41,Y,UTOT,2010-04-01,87.89
41,Y,UTOT,2010-07-01,86.07
41,Y,UTOT,2010-10-01,89.96
41,Y,UTOT,2011-01-01,100.1
41,Y,UTOT,2011-04-01,94.86
41,Y,UTOT,2011-07-01,94.4
41,Y,UTOT,2011-10-01,96.04
41,Y,UTOT,2012-01-01,90.39
41,Y,UTOT,2012-04-01,96.25
41,Y,UTOT,2012-07-01,99.97
41,Y,UTOT,2012-10-01,101.59
41,Y,UTOT,2013-01-01,97.17
41,Y,UTOT,2013-04-01,99.31
41,Y,UTOT,2013-07-01,98.96
41,Y,UTOT,2013-10-01,104.27
41,Y,UTOT,2014-01-01,113.12
41,Y,UTOT,2014-04-01,102.54
41,Y,UTOT,2014-07-01,107.36
41,Y,UTOT,2014-10-01,105.32
41,Y,UTOT,2015-01-01,103.67
41,Y,UTOT,2015-04-01,99.34
41,Y,UTOT,2015-07-01,99.46
41,Y,UTOT,2015-10-01,98.17
41,Y,UTOT,2016-01-01,96.75
41,Y,UTOT,2016-04-01,95.85
41,Y,UTOT,2016-07-01,98.58
41,Y,UTOT,2016-10-01,99.05
41,Y,UTOT,2017-01-01,98.07
41,Y,UTOT,2017-04-01,100.24
41,Y,UTOT,2017-07-01,99.88
41,Y,UTOT,2017-10-01,100.1
41,Y,UTOT,2018-01-01,101.39
41,Y,UTOT,2018-04-01,104.19
41,Y,UTOT,2018-07-01,99.56
41,Y,UTOT,2018-10-01,98.94
41,Y,UTOT,2019-01-01,98.28
41,Y,UTOT,2019-04-01,99.09
41,Y,UTOT,2019-07-01,100.6
41,Y,UTOT,2019-10-01,99.62
41,Y,UTOT,2020-01-01,97.86
41,Y,UTOT,2020-04-01,92.98
41,Y,UTOT,2020-07-01,95.65
41,Y,UTOT,2020-10-01,98.36
41,Y,UTOT,2021-01-01,98.4
41,Y,UTOT,2021-04-01,97.81
41,Y,UTOT,2021-07-01,101.75
41,Y,UTOT,2021-10-01,102.03
41,Y,UTOT,2022-01-01,103.75
41,Y,UTOT,2022-04-01,105.84
41,Y,UTOT,2022-07-01,103.25
41,Y,UTOT,2022-10-01,104.71
41,Y,UTOT,2023-01-01,102.26
41,Y,UTOT,2023-04-01,101.22
41,Y,UTOT,2023-07-01,96.2
41,Y,UTOT,2023-10-01,95.48
41,Y,UTOT,2024-01-01,99.11
41,Y,UTOT,2024-04-01,99.28
41,Y,UTOT,2024-07-01,102.05
41,Y,UTOT,2024-10-01,94.85
41,Y,UTOT,2025-01-01,102.71
41,Y,UTOT,2025-04-01,101.43
41,Y,UTOT,2025-07-01,97.21
41,Y,UTOT,2025-10-01,106.99
41,Y,UTOT,2026-01-01,106.58
41,Y,UTOT,2026-04-01,106.79
41_43,N,PTOT,1999-01-01,62.43
41_43,N,PTOT,1999-04-01,80.65
41_43,N,PTOT,1999-07-01,84.96
41_43,N,PTOT,1999-10-01,99.45
41_43,N,PTOT,2000-01-01,65.78
41_43,N,PTOT,2000-04-01,85.27
41_43,N,PTOT,2000-07-01,85.39
41_43,N,PTOT,2000-10-01,100.48
41_43,N,PTOT,2001-01-01,66.66
41_43,N,PTOT,2001-04-01,83.62
41_43,N,PTOT,2001-07-01,84.21
41_43,N,PTOT,2001-10-01,95.7
41_43,N,PTOT,2002-01-01,66.38
41_43,N,PTOT,2002-04-01,85.75
41_43,N,PTOT,2002-07-01,84.36
41_43,N,PTOT,2002-10-01,98.09
41_43,N,PTOT,2003-01-01,64.03
41_43,N,PTOT,2003-04-01,83.08
41_43,N,PTOT,2003-07-01,84.12
41_43,N,PTOT,2003-10-01,97.91
41_43,N,PTOT,2004-01-01,65.68
41_43,N,PTOT,2004-04-01,85.62
41_43,N,PTOT,2004-07-01,89.36
41_43,N,PTOT,2004-10-01,103.59
41_43,N,PTOT,2005-01-01,65.19
41_43,N,PTOT,2005-04-01,90.38
41_43,N,PTOT,2005-07-01,89.95
41_43,N,PTOT,2005-10-01,110.59
41_43,N,PTOT,2006-01-01,69.42
41_43,N,PTOT,2006-04-01,90.67
41_43,N,PTOT,2006-07-01,92.1
41_43,N,PTOT,2006-10-01,112.59
41_43,N,PTOT,2007-01-01,74.27
41_43,N,PTOT,2007-04-01,90.85
41_43,N,PTOT,2007-07-01,93.81
41_43,N,PTOT,2007-10-01,111.87
41_43,N,PTOT,2008-01-01,75.33
41_43,N,PTOT,2008-04-01,95.5
41_43,N,PTOT,2008-07-01,97.94
41_43,N,PTOT,2008-10-01,110.59
41_43,N,PTOT,2009-01-01,72.96
41_43,N,PTOT,2009-04-01,92.72
41_43,N,PTOT,2009-07-01,101.19
41_43,N,PTOT,2009-10-01,109.26
41_43,N,PTOT,2010-01-01,72.14
41_43,N,PTOT,2010-04-01,97.02
41_43,N,PTOT,2010-07-01,99.99
41_43,N,PTOT,2010-10-01,112.99
41_43,N,PTOT,2011-01-01,77.03
41_43,N,PTOT,2011-04-01,101.09
41_43,N,PTOT,2011-07-01,101.84
41_43,N,PTOT,2011-10-01,111.29
41_43,N,PTOT,2012-01-01,74.18
41_43,N,PTOT,2012-04-01,101.09
41_43,N,PTOT,2012-07-01,102.05
41_43,N,PTOT,2012-10-01,113.97
41_43,N,PTOT,2013-01-01,74.91
41_43,N,PTOT,2013-04-01,101.85
41_43,N,PTOT,2013-07-01,103.5
41_43,N,PTOT,2013-10-01,116.32
41_43,N,PTOT,2014-01-01,82.84
41_43,N,PTOT,2014-04-01,103.16
41_43,N,PTOT,2014-07-01,105.79
41_43,N,PTOT,2014-10-01,115.72
41_43,N,PTOT,2015-01-01,80.12
41_43,N,PTOT,2015-04-01,99.74
41_43,N,PTOT,2015-07-01,101.34
41_43,N,PTOT,2015-10-01,112.11
41_43,N,PTOT,2016-01-01,77.91
41_43,N,PTOT,2016-04-01,97.7
41_43,N,PTOT,2016-07-01,101.72
41_43,N,PTOT,2016-10-01,111.43
41_43,N,PTOT,2017-01-01,78.31
41_43,N,PTOT,2017-04-01,99.95
41_43,N,PTOT,2017-07-01,103.66
41_43,N,PTOT,2017-10-01,115.96
41_43,N,PTOT,2018-01-01,78.61
41_43,N,PTOT,2018-04-01,103.81
41_43,N,PTOT,2018-07-01,103.57
41_43,N,PTOT,2018-10-01,113.58
41_43,N,PTOT,2019-01-01,79.17
41_43,N,PTOT,2019-04-01,100.54
41_43,N,PTOT,2019-07-01,102.39
41_43,N,PTOT,2019-10-01,113.4
41_43,N,PTOT,2020-01-01,81.94
41_43,N,PTOT,2020-04-01,95.87
41_43,N,PTOT,2020-07-01,102.1
41_43,N,PTOT,2020-10-01,110.65
41_43,N,PTOT,2021-01-01,82.02
41_43,N,PTOT,2021-04-01,102.63
41_43,N,PTOT,2021-07-01,103.42
41_43,N,PTOT,2021-10-01,111.93
41_43,N,PTOT,2022-01-01,81.22
41_43,N,PTOT,2022-04-01,101.95
41_43,N,PTOT,2022-07-01,95.42
41_43,N,PTOT,2022-10-01,105.54
41_43,N,PTOT,2023-01-01,80.61
41_43,N,PTOT,2023-04-01,94.94
41_43,N,PTOT,2023-07-01,93.3
41_43,N,PTOT,2023-10-01,104.23
41_43,N,PTOT,2024-01-01,77.94
41_43,N,PTOT,2024-04-01,93.74
41_43,N,PTOT,2024-07-01,93.42
41_43,N,PTOT,2024-10-01,101.69
41_43,N,PTOT,2025-01-01,80.24
41_43,N,PTOT,2025-04-01,92.14
41_43,N,PTOT,2025-07-01,91.84
41_43,N,PTOT,2025-10-01,104.39
41_43,N,PTOT,2026-01-01,80.57
41_43,N,PTOT,2026-04-01,94.12
41_43,N,UINL,2010-10-01,108.19
41_43,N,UINL,2011-01-01,74.51
41_43,N,UINL,2011-04-01,98.36
41_43,N,UINL,2011-07-01,99.43
41_43,N,UINL,2011-10-01,108.77
41_43,N,UINL,2012-01-01,72.45
41_43,N,UINL,2012-04-01,98.74
41_43,N,UINL,2012-07-01,99.93
41_43,N,UINL,2012-10-01,111.52
41_43,N,UINL,2013-01-01,73.45
41_43,N,UINL,2013-04-01,100.04
41_43,N,UINL,2013-07-01,101.87
41_43,N,UINL,2013-10-01,114.61
41_43,N,UINL,2014-01-01,81.79
41_43,N,UINL,2014-04-01,101.82
41_43,N,UINL,2014-07-01,104.33
41_43,N,UINL,2014-10-01,113.78
41_43,N,UINL,2015-01-01,78.61
41_43,N,UINL,2015-04-01,97.62
41_43,N,UINL,2015-07-01,99.45
41_43,N,UINL,2015-10-01,110.12
41_43,N,UINL,2016-01-01,76.33
41_43,N,UINL,2016-04-01,95.54
41_43,N,UINL,2016-07-01,99.14
41_43,N,UINL,2016-10-01,108.11
41_43,N,UINL,2017-01-01,75.96
41_43,N,UINL,2017-04-01,96.91
41_43,N,UINL,2017-07-01,100.37
41_43,N,UINL,2017-10-01,111.99
41_43,N,UINL,2018-01-01,76.23
41_43,N,UINL,2018-04-01,100.93
41_43,N,UINL,2018-07-01,100.63
41_43,N,UINL,2018-10-01,110.3
41_43,N,UINL,2019-01-01,77.19
41_43,N,UINL,2019-04-01,98.36
41_43,N,UINL,2019-07-01,100.04
41_43,N,UINL,2019-10-01,110.57
41_43,N,UINL,2020-01-01,80.1
41_43,N,UINL,2020-04-01,93.91
41_43,N,UINL,2020-07-01,99.76
41_43,N,UINL,2020-10-01,107.94
41_43,N,UINL,2021-01-01,80.12
41_43,N,UINL,2021-04-01,101.79
41_43,N,UINL,2021-07-01,104.01
41_43,N,UINL,2021-10-01,114.08
41_43,N,UINL,2022-01-01,84.51
41_43,N,UINL,2022-04-01,109.56
41_43,N,UINL,2022-07-01,104.05
41_43,N,UINL,2022-10-01,116.79
41_43,N,UINL,2023-01-01,89.11
41_43,N,UINL,2023-04-01,106.34
41_43,N,UINL,2023-07-01,104.45
41_43,N,UINL,2023-10-01,116.79
41_43,N,UINL,2024-01-01,87.06
41_43,N,UINL,2024-04-01,105.78
41_43,N,UINL,2024-07-01,105.36
41_43,N,UINL,2024-10-01,114.61
41_43,N,UINL,2025-01-01,90.21
41_43,N,UINL,2025-04-01,104.8
41_43,N,UINL,2025-07-01,104.4
41_43,N,UINL,2025-10-01,118.92
41_43,N,UINL,2026-01-01,91.49
41_43,N,UINL,2026-04-01,108.12
41_43,N,UTOT,1999-01-01,49.62
41_43,N,UTOT,1999-04-01,65.83
41_43,N,UTOT,1999-07-01,70.11
41_43,N,UTOT,1999-10-01,80.04
41_43,N,UTOT,2000-01-01,54.53
41_43,N,UTOT,2000-04-01,71.64
41_43,N,UTOT,2000-07-01,73.03
41_43,N,UTOT,2000-10-01,83.38
41_43,N,UTOT,2001-01-01,57.26
41_43,N,UTOT,2001-04-01,72.88
41_43,N,UTOT,2001-07-01,74.23
41_43,N,UTOT,2001-10-01,81.63
41_43,N,UTOT,2002-01-01,58.29
41_43,N,UTOT,2002-04-01,74.81
41_43,N,UTOT,2002-07-01,74.23
41_43,N,UTOT,2002-10-01,83.07
41_43,N,UTOT,2003-01-01,54.34
41_43,N,UTOT,2003-04-01,70.25
41_43,N,UTOT,2003-07-01,71.57
41_43,N,UTOT,2003-10-01,81.97
41_43,N,UTOT,2004-01-01,55.54
41_43,N,UTOT,2004-04-01,72.65
41_43,N,UTOT,2004-07-01,76.6
41_43,N,UTOT,2004-10-01,88.16
41_43,N,UTOT,2005-01-01,56.14
41_43,N,UTOT,2005-04-01,78.92
41_43,N,UTOT,2005-07-01,78.98
41_43,N,UTOT,2005-10-01,96.03
41_43,N,UTOT,2006-01-01,60.9
41_43,N,UTOT,2006-04-01,80.65
41_43,N,UTOT,2006-07-01,83.19
41_43,N,UTOT,2006-10-01,100.91
41_43,N,UTOT,2007-01-01,67.96
41_43,N,UTOT,2007-04-01,84.32
41_43,N,UTOT,2007-07-01,87.88
41_43,N,UTOT,2007-10-01,104.05
41_43,N,UTOT,2008-01-01,71.08
41_43,N,UTOT,2008-04-01,91.06
41_43,N,UTOT,2008-07-01,94.14
41_43,N,UTOT,2008-10-01,106.59
41_43,N,UTOT,2009-01-01,70.03
41_43,N,UTOT,2009-04-01,88.62
41_43,N,UTOT,2009-07-01,96.81
41_43,N,UTOT,2009-10-01,104.25
41_43,N,UTOT,2010-01-01,68.73
41_43,N,UTOT,2010-04-01,92.28
41_43,N,UTOT,2010-07-01,95.52
41_43,N,UTOT,2010-10-01,108.19
41_43,N,UTOT,2011-01-01,74.51
41_43,N,UTOT,2011-04-01,98.36
41_43,N,UTOT,2011-07-01,99.43
41_43,N,UTOT,2011-10-01,108.77
41_43,N,UTOT,2012-01-01,72.45
41_43,N,UTOT,2012-04-01,98.74
41_43,N,UTOT,2012-07-01,99.93
41_43,N,UTOT,2012-10-01,111.52
41_43,N,UTOT,2013-01-01,73.45
41_43,N,UTOT,2013-04-01,100.04
41_43,N,UTOT,2013-07-01,101.87
41_43,N,UTOT,2013-10-01,114.61
41_43,N,UTOT,2014-01-01,81.79
41_43,N,UTOT,2014-04-01,101.82
41_43,N,UTOT,2014-07-01,104.33
41_43,N,UTOT,2014-10-01,113.78
41_43,N,UTOT,2015-01-01,78.61
41_43,N,UTOT,2015-04-01,97.62
41_43,N,UTOT,2015-07-01,99.45
41_43,N,UTOT,2015-10-01,110.12
41_43,N,UTOT,2016-01-01,76.33
41_43,N,UTOT,2016-04-01,95.54
41_43,N,UTOT,2016-07-01,99.14
41_43,N,UTOT,2016-10-01,108.11
41_43,N,UTOT,2017-01-01,75.96
41_43,N,UTOT,2017-04-01,96.91
41_43,N,UTOT,2017-07-01,100.37
41_43,N,UTOT,2017-10-01,111.99
41_43,N,UTOT,2018-01-01,76.23
41_43,N,UTOT,2018-04-01,100.93
41_43,N,UTOT,2018-07-01,100.63
41_43,N,UTOT,2018-10-01,110.3
41_43,N,UTOT,2019-01-01,77.19
41_43,N,UTOT,2019-04-01,98.36
41_43,N,UTOT,2019-07-01,100.04
41_43,N,UTOT,2019-10-01,110.57
41_43,N,UTOT,2020-01-01,80.1
41_43,N,UTOT,2020-04-01,93.91
41_43,N,UTOT,2020-07-01,99.76
41_43,N,UTOT,2020-10-01,107.94
41_43,N,UTOT,2021-01-01,80.12
41_43,N,UTOT,2021-04-01,101.79
41_43,N,UTOT,2021-07-01,104.01
41_43,N,UTOT,2021-10-01,114.08
41_43,N,UTOT,2022-01-01,84.51
41_43,N,UTOT,2022-04-01,109.56
41_43,N,UTOT,2022-07-01,104.05
41_43,N,UTOT,2022-10-01,116.79
41_43,N,UTOT,2023-01-01,89.11
41_43,N,UTOT,2023-04-01,106.34
41_43,N,UTOT,2023-07-01,104.45
41_43,N,UTOT,2023-10-01,116.79
41_43,N,UTOT,2024-01-01,87.06
41_43,N,UTOT,2024-04-01,105.78
41_43,N,UTOT,2024-07-01,105.36
41_43,N,UTOT,2024-10-01,114.61
41_43,N,UTOT,2025-01-01,90.21
41_43,N,UTOT,2025-04-01,104.8
41_43,N,UTOT,2025-07-01,104.4
41_43,N,UTOT,2025-10-01,118.92
41_43,N,UTOT,2026-01-01,91.49
41_43,N,UTOT,2026-04-01,108.12
41_43,W,PTOT,1999-01-01,62.59
41_43,W,PTOT,1999-04-01,80.94
41_43,W,PTOT,1999-07-01,84.86
41_43,W,PTOT,1999-10-01,99.04
41_43,W,PTOT,2000-01-01,65.33
41_43,W,PTOT,2000-04-01,85.72
41_43,W,PTOT,2000-07-01,85.98
41_43,W,PTOT,2000-10-01,101.3
41_43,W,PTOT,2001-01-01,66.72
41_43,W,PTOT,2001-04-01,84.06
41_43,W,PTOT,2001-07-01,84.8
41_43,W,PTOT,2001-10-01,96.08
41_43,W,PTOT,2002-01-01,66.99
41_43,W,PTOT,2002-04-01,85.86
41_43,W,PTOT,2002-07-01,84.6
41_43,W,PTOT,2002-10-01,98.49
41_43,W,PTOT,2003-01-01,64.35
41_43,W,PTOT,2003-04-01,83.51
41_43,W,PTOT,2003-07-01,84.36
41_43,W,PTOT,2003-10-01,98.3
41_43,W,PTOT,2004-01-01,65.66
41_43,W,PTOT,2004-04-01,85.93
41_43,W,PTOT,2004-07-01,89.26
41_43,W,PTOT,2004-10-01,103.16
41_43,W,PTOT,2005-01-01,65.62
41_43,W,PTOT,2005-04-01,89.98
41_43,W,PTOT,2005-07-01,90.21
41_43,W,PTOT,2005-10-01,111.04
41_43,W,PTOT,2006-01-01,69.2
41_43,W,PTOT,2006-04-01,91.15
41_43,W,PTOT,2006-07-01,92.75
41_43,W,PTOT,2006-10-01,113.51
41_43,W,PTOT,2007-01-01,74.34
41_43,W,PTOT,2007-04-01,91.33
41_43,W,PTOT,2007-07-01,94.46
41_43,W,PTOT,2007-10-01,112.32
41_43,W,PTOT,2008-01-01,75.92
41_43,W,PTOT,2008-04-01,95.07
41_43,W,PTOT,2008-07-01,98.22
41_43,W,PTOT,2008-10-01,111.04
41_43,W,PTOT,2009-01-01,73.32
41_43,W,PTOT,2009-04-01,93.21
41_43,W,PTOT,2009-07-01,101.07
41_43,W,PTOT,2009-10-01,109.25
41_43,W,PTOT,2010-01-01,72.32
41_43,W,PTOT,2010-04-01,97.38
41_43,W,PTOT,2010-07-01,99.87
41_43,W,PTOT,2010-10-01,112.52
41_43,W,PTOT,2011-01-01,76.91
41_43,W,PTOT,2011-04-01,101.46
41_43,W,PTOT,2011-07-01,102.13
41_43,W,PTOT,2011-10-01,111.74
41_43,W,PTOT,2012-01-01,73.85
41_43,W,PTOT,2012-04-01,101.63
41_43,W,PTOT,2012-07-01,102.76
41_43,W,PTOT,2012-10-01,114.44
41_43,W,PTOT,2013-01-01,75.59
41_43,W,PTOT,2013-04-01,101.98
41_43,W,PTOT,2013-07-01,103.8
41_43,W,PTOT,2013-10-01,116.79
41_43,W,PTOT,2014-01-01,83.25
41_43,W,PTOT,2014-04-01,103.71
41_43,W,PTOT,2014-07-01,106.09
41_43,W,PTOT,2014-10-01,116.19
41_43,W,PTOT,2015-01-01,80.52
41_43,W,PTOT,2015-04-01,100.26
41_43,W,PTOT,2015-07-01,101.22
41_43,W,PTOT,2015-10-01,112.11
41_43,W,PTOT,2016-01-01,78.33
41_43,W,PTOT,2016-04-01,97.26
41_43,W,PTOT,2016-07-01,102.02
41_43,W,PTOT,2016-10-01,111.88
41_43,W,PTOT,2017-01-01,78.06
41_43,W,PTOT,2017-04-01,100.48
41_43,W,PTOT,2017-07-01,104.38
41_43,W,PTOT,2017-10-01,116.91
41_43,W,PTOT,2018-01-01,79.01
41_43,W,PTOT,2018-04-01,103.94
41_43,W,PTOT,2018-07-01,104.29
41_43,W,PTOT,2018-10-01,114.04
41_43,W,PTOT,2019-01-01,79.56
41_43,W,PTOT,2019-04-01,101.07
41_43,W,PTOT,2019-07-01,102.68
41_43,W,PTOT,2019-10-01,113.86
41_43,W,PTOT,2020-01-01,81.92
41_43,W,PTOT,2020-04-01,96.38
41_43,W,PTOT,2020-07-01,101.98
41_43,W,PTOT,2020-10-01,110.65
41_43,W,PTOT,2021-01-01,82.23
41_43,W,PTOT,2021-04-01,103.01
41_43,W,PTOT,2021-07-01,103.3
41_43,W,PTOT,2021-10-01,111.47
41_43,W,PTOT,2022-01-01,81.09
41_43,W,PTOT,2022-04-01,102.32
41_43,W,PTOT,2022-07-01,95.69
41_43,W,PTOT,2022-10-01,105.96
41_43,W,PTOT,2023-01-01,80.36
41_43,W,PTOT,2023-04-01,95.45
41_43,W,PTOT,2023-07-01,93.95
41_43,W,PTOT,2023-10-01,105.08
41_43,W,PTOT,2024-01-01,78.24
41_43,W,PTOT,2024-04-01,93.85
41_43,W,PTOT,2024-07-01,93.69
41_43,W,PTOT,2024-10-01,102.11
41_43,W,PTOT,2025-01-01,80.64
41_43,W,PTOT,2025-04-01,92.62
41_43,W,PTOT,2025-07-01,92.1
41_43,W,PTOT,2025-10-01,104.81
41_43,W,PTOT,2026-01-01,80.97
41_43,W,PTOT,2026-04-01,94.62
41_43,W,UINL,2010-10-01,108.23
41_43,W,UINL,2011-01-01,74.4
41_43,W,UINL,2011-04-01,98.4
41_43,W,UINL,2011-07-01,99.47
41_43,W,UINL,2011-10-01,108.81
41_43,W,UINL,2012-01-01,72.88
41_43,W,UINL,2012-04-01,98.78
41_43,W,UINL,2012-07-01,99.97
41_43,W,UINL,2012-10-01,111.56
41_43,W,UINL,2013-01-01,73.34
41_43,W,UINL,2013-04-01,100.08
41_43,W,UINL,2013-07-01,101.91
41_43,W,UINL,2013-10-01,114.65
41_43,W,UINL,2014-01-01,81.67
41_43,W,UINL,2014-04-01,101.86
41_43,W,UINL,2014-07-01,104.37
41_43,W,UINL,2014-10-01,113.82
41_43,W,UINL,2015-01-01,78.49
41_43,W,UINL,2015-04-01,97.65
41_43,W,UINL,2015-07-01,99.48
41_43,W,UINL,2015-10-01,110.16
41_43,W,UINL,2016-01-01,76.79
41_43,W,UINL,2016-04-01,95.57
41_43,W,UINL,2016-07-01,99.18
41_43,W,UINL,2016-10-01,108.15
41_43,W,UINL,2017-01-01,75.85
41_43,W,UINL,2017-04-01,96.94
41_43,W,UINL,2017-07-01,100.41
41_43,W,UINL,2017-10-01,112.03
41_43,W,UINL,2018-01-01,76.12
41_43,W,UINL,2018-04-01,100.96
41_43,W,UINL,2018-07-01,100.66
41_43,W,UINL,2018-10-01,110.34
41_43,W,UINL,2019-01-01,77.09
41_43,W,UINL,2019-04-01,98.39
41_43,W,UINL,2019-07-01,100.08
41_43,W,UINL,2019-10-01,110.61
41_43,W,UINL,2020-01-01,80.57
41_43,W,UINL,2020-04-01,93.95
41_43,W,UINL,2020-07-01,99.8
41_43,W,UINL,2020-10-01,107.98
41_43,W,UINL,2021-01-01,80.01
41_43,W,UINL,2021-04-01,101.83
41_43,W,UINL,2021-07-01,104.04
41_43,W,UINL,2021-10-01,114.12
41_43,W,UINL,2022-01-01,84.39
41_43,W,UINL,2022-04-01,109.6
41_43,W,UINL,2022-07-01,104.09
41_43,W,UINL,2022-10-01,116.83
41_43,W,UINL,2023-01-01,88.99
41_43,W,UINL,2023-04-01,106.38
41_43,W,UINL,2023-07-01,104.49
41_43,W,UINL,2023-10-01,116.83
41_43,W,UINL,2024-01-01,87.58
41_43,W,UINL,2024-04-01,105.82
41_43,W,UINL,2024-07-01,105.4
41_43,W,UINL,2024-10-01,114.65
41_43,W,UINL,2025-01-01,90.08
41_43,W,UINL,2025-04-01,104.84
41_43,W,UINL,2025-07-01,104.44
41_43,W,UINL,2025-10-01,118.96
41_43,W,UINL,2026-01-01,91.36
41_43,W,UINL,2026-04-01,108.16
41_43,W,UTOT,1999-01-01,49.74
41_43,W,UTOT,1999-04-01,66.04
41_43,W,UTOT,1999-07-01,70.03
41_43,W,UTOT,1999-10-01,79.74
41_43,W,UTOT,2000-01-01,54.15
41_43,W,UTOT,2000-04-01,71.97
41_43,W,UTOT,2000-07-01,73.48
41_43,W,UTOT,2000-10-01,83.99
41_43,W,UTOT,2001-01-01,57.32
41_43,W,UTOT,2001-04-01,73.22
41_43,W,UTOT,2001-07-01,74.69
41_43,W,UTOT,2001-10-01,81.92
41_43,W,UTOT,2002-01-01,58.78
41_43,W,UTOT,2002-04-01,74.89
41_43,W,UTOT,2002-07-01,74.42
41_43,W,UTOT,2002-10-01,83.36
41_43,W,UTOT,2003-01-01,54.6
41_43,W,UTOT,2003-04-01,70.58
41_43,W,UTOT,2003-07-01,71.76
41_43,W,UTOT,2003-10-01,82.26
41_43,W,UTOT,2004-01-01,55.47
41_43,W,UTOT,2004-04-01,72.89
41_43,W,UTOT,2004-07-01,76.51
41_43,W,UTOT,2004-10-01,87.84
41_43,W,UTOT,2005-01-01,56.49
41_43,W,UTOT,2005-04-01,78.6
41_43,W,UTOT,2005-07-01,79.18
41_43,W,UTOT,2005-10-01,96.37
41_43,W,UTOT,2006-01-01,60.75
41_43,W,UTOT,2006-04-01,81.03
41_43,W,UTOT,2006-07-01,83.7
41_43,W,UTOT,2006-10-01,101.64
41_43,W,UTOT,2007-01-01,68.03
41_43,W,UTOT,2007-04-01,84.71
41_43,W,UTOT,2007-07-01,88.43
41_43,W,UTOT,2007-10-01,104.43
41_43,W,UTOT,2008-01-01,71.51
41_43,W,UTOT,2008-04-01,90.7
41_43,W,UTOT,2008-07-01,94.38
41_43,W,UTOT,2008-10-01,106.98
41_43,W,UTOT,2009-01-01,70.36
41_43,W,UTOT,2009-04-01,89.03
41_43,W,UTOT,2009-07-01,96.7
41_43,W,UTOT,2009-10-01,104.24
41_43,W,UTOT,2010-01-01,68.9
41_43,W,UTOT,2010-04-01,92.57
41_43,W,UTOT,2010-07-01,95.42
41_43,W,UTOT,2010-10-01,107.79
41_43,W,UTOT,2011-01-01,74.43
41_43,W,UTOT,2011-04-01,98.68
41_43,W,UTOT,2011-07-01,99.68
41_43,W,UTOT,2011-10-01,109.16
41_43,W,UTOT,2012-01-01,72.1
41_43,W,UTOT,2012-04-01,99.21
41_43,W,UTOT,2012-07-01,100.55
41_43,W,UTOT,2012-10-01,111.93
41_43,W,UTOT,2013-01-01,74.06
41_43,W,UTOT,2013-04-01,100.15
41_43,W,UTOT,2013-07-01,102.13
41_43,W,UTOT,2013-10-01,115.02
41_43,W,UTOT,2014-01-01,82.18
41_43,W,UTOT,2014-04-01,102.3
41_43,W,UTOT,2014-07-01,104.6
41_43,W,UTOT,2014-10-01,114.19
41_43,W,UTOT,2015-01-01,78.98
41_43,W,UTOT,2015-04-01,98.08
41_43,W,UTOT,2015-07-01,99.34
41_43,W,UTOT,2015-10-01,110.12
41_43,W,UTOT,2016-01-01,76.63
41_43,W,UTOT,2016-04-01,95.15
41_43,W,UTOT,2016-07-01,99.4
41_43,W,UTOT,2016-10-01,108.5
41_43,W,UTOT,2017-01-01,75.77
41_43,W,UTOT,2017-04-01,97.36
41_43,W,UTOT,2017-07-01,101
41_43,W,UTOT,2017-10-01,112.8
41_43,W,UTOT,2018-01-01,76.59
41_43,W,UTOT,2018-04-01,101.03
41_43,W,UTOT,2018-07-01,101.25
41_43,W,UTOT,2018-10-01,110.7
41_43,W,UTOT,2019-01-01,77.56
41_43,W,UTOT,2019-04-01,98.82
41_43,W,UTOT,2019-07-01,100.3
41_43,W,UTOT,2019-10-01,110.96
41_43,W,UTOT,2020-01-01,80
41_43,W,UTOT,2020-04-01,94.36
41_43,W,UTOT,2020-07-01,99.65
41_43,W,UTOT,2020-10-01,107.93
41_43,W,UTOT,2021-01-01,80.32
41_43,W,UTOT,2021-04-01,102.12
41_43,W,UTOT,2021-07-01,103.89
41_43,W,UTOT,2021-10-01,113.66
41_43,W,UTOT,2022-01-01,84.42
41_43,W,UTOT,2022-04-01,109.91
41_43,W,UTOT,2022-07-01,104.32
41_43,W,UTOT,2022-10-01,117.21
41_43,W,UTOT,2023-01-01,88.89
41_43,W,UTOT,2023-04-01,106.84
41_43,W,UTOT,2023-07-01,105.1
41_43,W,UTOT,2023-10-01,117.64
41_43,W,UTOT,2024-01-01,87.27
41_43,W,UTOT,2024-04-01,105.89
41_43,W,UTOT,2024-07-01,105.63
41_43,W,UTOT,2024-10-01,115.02
41_43,W,UTOT,2025-01-01,90.64
41_43,W,UTOT,2025-04-01,105.29
41_43,W,UTOT,2025-07-01,104.67
41_43,W,UTOT,2025-10-01,119.34
41_43,W,UTOT,2026-01-01,91.92
41_43,W,UTOT,2026-04-01,108.63
41_43,Y,PTOT,1999-01-01,79.65
41_43,Y,PTOT,1999-04-01,80.08
41_43,Y,PTOT,1999-07-01,83.09
41_43,Y,PTOT,1999-10-01,83.41
41_43,Y,PTOT,2000-01-01,83.2
41_43,Y,PTOT,2000-04-01,84.77
41_43,Y,PTOT,2000-07-01,84.19
41_43,Y,PTOT,2000-10-01,85.28
41_43,Y,PTOT,2001-01-01,85.08
41_43,Y,PTOT,2001-04-01,83.09
41_43,Y,PTOT,2001-07-01,83.04
41_43,Y,PTOT,2001-10-01,80.81
41_43,Y,PTOT,2002-01-01,85.62
41_43,Y,PTOT,2002-04-01,84.82
41_43,Y,PTOT,2002-07-01,82.86
41_43,Y,PTOT,2002-10-01,82.68
41_43,Y,PTOT,2003-01-01,82.53
41_43,Y,PTOT,2003-04-01,82.44
41_43,Y,PTOT,2003-07-01,82.74
41_43,Y,PTOT,2003-10-01,82.28
41_43,Y,PTOT,2004-01-01,84.42
41_43,Y,PTOT,2004-04-01,84.9
41_43,Y,PTOT,2004-07-01,87.57
41_43,Y,PTOT,2004-10-01,86.18
41_43,Y,PTOT,2005-01-01,84.37
41_43,Y,PTOT,2005-04-01,89.12
41_43,Y,PTOT,2005-07-01,88.42
41_43,Y,PTOT,2005-10-01,92.72
41_43,Y,PTOT,2006-01-01,88.85
41_43,Y,PTOT,2006-04-01,90.54
41_43,Y,PTOT,2006-07-01,90.63
41_43,Y,PTOT,2006-10-01,94.98
41_43,Y,PTOT,2007-01-01,95.3
41_43,Y,PTOT,2007-04-01,90.79
41_43,Y,PTOT,2007-07-01,91.92
41_43,Y,PTOT,2007-10-01,94.44
41_43,Y,PTOT,2008-01-01,97.19
41_43,Y,PTOT,2008-04-01,94.42
41_43,Y,PTOT,2008-07-01,95.08
41_43,Y,PTOT,2008-10-01,94
41_43,Y,PTOT,2009-01-01,93.84
41_43,Y,PTOT,2009-04-01,92.23
41_43,Y,PTOT,2009-07-01,97.42
41_43,Y,PTOT,2009-10-01,93.14
41_43,Y,PTOT,2010-01-01,92.7
41_43,Y,PTOT,2010-04-01,95.78
41_43,Y,PTOT,2010-07-01,96.06
41_43,Y,PTOT,2010-10-01,96.53
41_43,Y,PTOT,2011-01-01,98.59
41_43,Y,PTOT,2011-04-01,99.23
41_43,Y,PTOT,2011-07-01,98.22
41_43,Y,PTOT,2011-10-01,96.36
41_43,Y,PTOT,2012-01-01,94.35
41_43,Y,PTOT,2012-04-01,99.18
41_43,Y,PTOT,2012-07-01,98.85
41_43,Y,PTOT,2012-10-01,99.1
41_43,Y,PTOT,2013-01-01,95.94
41_43,Y,PTOT,2013-04-01,99.67
41_43,Y,PTOT,2013-07-01,99.82
41_43,Y,PTOT,2013-10-01,101.43
41_43,Y,PTOT,2014-01-01,104.93
41_43,Y,PTOT,2014-04-01,101.66
41_43,Y,PTOT,2014-07-01,101.96
41_43,Y,PTOT,2014-10-01,101.17
41_43,Y,PTOT,2015-01-01,100.85
41_43,Y,PTOT,2015-04-01,98.56
41_43,Y,PTOT,2015-07-01,97.22
41_43,Y,PTOT,2015-10-01,97.81
41_43,Y,PTOT,2016-01-01,97.71
41_43,Y,PTOT,2016-04-01,95.65
41_43,Y,PTOT,2016-07-01,98.03
41_43,Y,PTOT,2016-10-01,97.81
41_43,Y,PTOT,2017-01-01,97.09
41_43,Y,PTOT,2017-04-01,98.66
41_43,Y,PTOT,2017-07-01,100.44
41_43,Y,PTOT,2017-10-01,102.45
41_43,Y,PTOT,2018-01-01,98
41_43,Y,PTOT,2018-04-01,101.74
41_43,Y,PTOT,2018-07-01,100.6
41_43,Y,PTOT,2018-10-01,100.3
41_43,Y,PTOT,2019-01-01,98.17
41_43,Y,PTOT,2019-04-01,98.66
41_43,Y,PTOT,2019-07-01,99.35
41_43,Y,PTOT,2019-10-01,100.59
41_43,Y,PTOT,2020-01-01,100.26
41_43,Y,PTOT,2020-04-01,93.93
41_43,Y,PTOT,2020-07-01,99.08
41_43,Y,PTOT,2020-10-01,98.1
41_43,Y,PTOT,2021-01-01,99.67
41_43,Y,PTOT,2021-04-01,100.41
41_43,Y,PTOT,2021-07-01,100.79
41_43,Y,PTOT,2021-10-01,99.13
41_43,Y,PTOT,2022-01-01,97.25
41_43,Y,PTOT,2022-04-01,99.9
41_43,Y,PTOT,2022-07-01,93.8
41_43,Y,PTOT,2022-10-01,94.37
41_43,Y,PTOT,2023-01-01,95.44
41_43,Y,PTOT,2023-04-01,93.4
41_43,Y,PTOT,2023-07-01,92.51
41_43,Y,PTOT,2023-10-01,93.63
41_43,Y,PTOT,2024-01-01,92.09
41_43,Y,PTOT,2024-04-01,92.09
41_43,Y,PTOT,2024-07-01,92.66
41_43,Y,PTOT,2024-10-01,90.91
41_43,Y,PTOT,2025-01-01,94.29
41_43,Y,PTOT,2025-04-01,91.13
41_43,Y,PTOT,2025-07-01,91.34
41_43,Y,PTOT,2025-10-01,93.31
41_43,Y,PTOT,2026-01-01,94.19
41_43,Y,PTOT,2026-04-01,93.29
41_43,Y,UINL,2010-10-01,94.01
41_43,Y,UINL,2011-01-01,94.81
41_43,Y,UINL,2011-04-01,95.86
41_43,Y,UINL,2011-07-01,96.06
41_43,Y,UINL,2011-10-01,94.6
41_43,Y,UINL,2012-01-01,92.64
41_43,Y,UINL,2012-04-01,96.41
41_43,Y,UINL,2012-07-01,96.49
41_43,Y,UINL,2012-10-01,97.09
41_43,Y,UINL,2013-01-01,92.84
41_43,Y,UINL,2013-04-01,98
41_43,Y,UINL,2013-07-01,98.26
41_43,Y,UINL,2013-10-01,99.9
41_43,Y,UINL,2014-01-01,102.89
41_43,Y,UINL,2014-04-01,100.09
41_43,Y,UINL,2014-07-01,100.51
41_43,Y,UINL,2014-10-01,99.33
41_43,Y,UINL,2015-01-01,98.36
41_43,Y,UINL,2015-04-01,96.27
41_43,Y,UINL,2015-07-01,95.71
41_43,Y,UINL,2015-10-01,96.29
41_43,Y,UINL,2016-01-01,95.87
41_43,Y,UINL,2016-04-01,94.29
41_43,Y,UINL,2016-07-01,95.44
41_43,Y,UINL,2016-10-01,94.72
41_43,Y,UINL,2017-01-01,94.43
41_43,Y,UINL,2017-04-01,95.51
41_43,Y,UINL,2017-07-01,96.73
41_43,Y,UINL,2017-10-01,98.37
41_43,Y,UINL,2018-01-01,94.51
41_43,Y,UINL,2018-04-01,99.16
41_43,Y,UINL,2018-07-01,97.19
41_43,Y,UINL,2018-10-01,97.27
41_43,Y,UINL,2019-01-01,95.23
41_43,Y,UINL,2019-04-01,96.35
41_43,Y,UINL,2019-07-01,96.9
41_43,Y,UINL,2019-10-01,97.94
41_43,Y,UINL,2020-01-01,98.82
41_43,Y,UINL,2020-04-01,91.78
41_43,Y,UINL,2020-07-01,97
41_43,Y,UINL,2020-10-01,95.98
41_43,Y,UINL,2021-01-01,97.25
41_43,Y,UINL,2021-04-01,99.42
41_43,Y,UINL,2021-07-01,101.53
41_43,Y,UINL,2021-10-01,101.79
41_43,Y,UINL,2022-01-01,101.58
41_43,Y,UINL,2022-04-01,107.08
41_43,Y,UINL,2022-07-01,102.05
41_43,Y,UINL,2022-10-01,104.37
41_43,Y,UINL,2023-01-01,106.16
41_43,Y,UINL,2023-04-01,104.1
41_43,Y,UINL,2023-07-01,102.9
41_43,Y,UINL,2023-10-01,104.42
41_43,Y,UINL,2024-01-01,103.64
41_43,Y,UINL,2024-04-01,103.77
41_43,Y,UINL,2024-07-01,104.24
41_43,Y,UINL,2024-10-01,102.4
41_43,Y,UINL,2025-01-01,105.97
41_43,Y,UINL,2025-04-01,103.03
41_43,Y,UINL,2025-07-01,103.56
41_43,Y,UINL,2025-10-01,106.21
41_43,Y,UINL,2026-01-01,107.01
41_43,Y,UINL,2026-04-01,106.49
41_43,Y,UTOT,1999-01-01,63.34
41_43,Y,UTOT,1999-04-01,65.05
41_43,Y,UTOT,1999-07-01,67.74
41_43,Y,UTOT,1999-10-01,68.46
41_43,Y,UTOT,2000-01-01,68.99
41_43,Y,UTOT,2000-04-01,70.89
41_43,Y,UTOT,2000-07-01,71.1
41_43,Y,UTOT,2000-10-01,72.04
41_43,Y,UTOT,2001-01-01,73.11
41_43,Y,UTOT,2001-04-01,72.13
41_43,Y,UTOT,2001-07-01,72.32
41_43,Y,UTOT,2001-10-01,70.1
41_43,Y,UTOT,2002-01-01,75.16
41_43,Y,UTOT,2002-04-01,73.79
41_43,Y,UTOT,2002-07-01,72.18
41_43,Y,UTOT,2002-10-01,71.05
41_43,Y,UTOT,2003-01-01,70.07
41_43,Y,UTOT,2003-04-01,69.54
41_43,Y,UTOT,2003-07-01,69.79
41_43,Y,UTOT,2003-10-01,69.75
41_43,Y,UTOT,2004-01-01,71.4
41_43,Y,UTOT,2004-04-01,71.91
41_43,Y,UTOT,2004-07-01,74.57
41_43,Y,UTOT,2004-10-01,74.18
41_43,Y,UTOT,2005-01-01,72.76
41_43,Y,UTOT,2005-04-01,77.76
41_43,Y,UTOT,2005-07-01,77.2
41_43,Y,UTOT,2005-10-01,81.22
41_43,Y,UTOT,2006-01-01,78.16
41_43,Y,UTOT,2006-04-01,80.38
41_43,Y,UTOT,2006-07-01,81.49
41_43,Y,UTOT,2006-10-01,85.72
41_43,Y,UTOT,2007-01-01,87.41
41_43,Y,UTOT,2007-04-01,84.14
41_43,Y,UTOT,2007-07-01,85.85
41_43,Y,UTOT,2007-10-01,88.37
41_43,Y,UTOT,2008-01-01,91.75
41_43,Y,UTOT,2008-04-01,90.02
41_43,Y,UTOT,2008-07-01,91.25
41_43,Y,UTOT,2008-10-01,91.03
41_43,Y,UTOT,2009-01-01,90.24
41_43,Y,UTOT,2009-04-01,88.1
41_43,Y,UTOT,2009-07-01,93.19
41_43,Y,UTOT,2009-10-01,89.21
41_43,Y,UTOT,2010-01-01,88.5
41_43,Y,UTOT,2010-04-01,91.09
41_43,Y,UTOT,2010-07-01,91.83
41_43,Y,UTOT,2010-10-01,92.73
41_43,Y,UTOT,2011-01-01,95.61
41_43,Y,UTOT,2011-04-01,96.61
41_43,Y,UTOT,2011-07-01,95.95
41_43,Y,UTOT,2011-10-01,94.35
41_43,Y,UTOT,2012-01-01,92.27
41_43,Y,UTOT,2012-04-01,96.97
41_43,Y,UTOT,2012-07-01,96.81
41_43,Y,UTOT,2012-10-01,97.12
41_43,Y,UTOT,2013-01-01,94.15
41_43,Y,UTOT,2013-04-01,98.08
41_43,Y,UTOT,2013-07-01,98.31
41_43,Y,UTOT,2013-10-01,100.08
41_43,Y,UTOT,2014-01-01,103.75
41_43,Y,UTOT,2014-04-01,100.49
41_43,Y,UTOT,2014-07-01,100.62
41_43,Y,UTOT,2014-10-01,99.59
41_43,Y,UTOT,2015-01-01,99.08
41_43,Y,UTOT,2015-04-01,96.63
41_43,Y,UTOT,2015-07-01,95.48
41_43,Y,UTOT,2015-10-01,96.25
41_43,Y,UTOT,2016-01-01,95.73
41_43,Y,UTOT,2016-04-01,93.79
41_43,Y,UTOT,2016-07-01,95.58
41_43,Y,UTOT,2016-10-01,95.03
41_43,Y,UTOT,2017-01-01,94.38
41_43,Y,UTOT,2017-04-01,95.82
41_43,Y,UTOT,2017-07-01,97.23
41_43,Y,UTOT,2017-10-01,99.06
41_43,Y,UTOT,2018-01-01,95.18
41_43,Y,UTOT,2018-04-01,99.08
41_43,Y,UTOT,2018-07-01,97.7
41_43,Y,UTOT,2018-10-01,97.6
41_43,Y,UTOT,2019-01-01,95.93
41_43,Y,UTOT,2019-04-01,96.6
41_43,Y,UTOT,2019-07-01,97.05
41_43,Y,UTOT,2019-10-01,98.28
41_43,Y,UTOT,2020-01-01,98.23
41_43,Y,UTOT,2020-04-01,92.02
41_43,Y,UTOT,2020-07-01,96.83
41_43,Y,UTOT,2020-10-01,95.92
41_43,Y,UTOT,2021-01-01,97.79
41_43,Y,UTOT,2021-04-01,99.55
41_43,Y,UTOT,2021-07-01,101.37
41_43,Y,UTOT,2021-10-01,101.3
41_43,Y,UTOT,2022-01-01,101.79
41_43,Y,UTOT,2022-04-01,107.25
41_43,Y,UTOT,2022-07-01,102.26
41_43,Y,UTOT,2022-10-01,104.57
41_43,Y,UTOT,2023-01-01,106.23
41_43,Y,UTOT,2023-04-01,104.45
41_43,Y,UTOT,2023-07-01,103.49
41_43,Y,UTOT,2023-10-01,104.99
41_43,Y,UTOT,2024-01-01,103.43
41_43,Y,UTOT,2024-04-01,103.78
41_43,Y,UTOT,2024-07-01,104.47
41_43,Y,UTOT,2024-10-01,102.57
41_43,Y,UTOT,2025-01-01,106.74
41_43,Y,UTOT,2025-04-01,103.45
41_43,Y,UTOT,2025-07-01,103.8
41_43,Y,UTOT,2025-10-01,106.4
41_43,Y,UTOT,2026-01-01,107.72
41_43,Y,UTOT,2026-04-01,106.96
42,N,PTOT,1999-01-01,48.69
42,N,PTOT,1999-04-01,93.07
42,N,PTOT,1999-07-01,100.13
42,N,PTOT,1999-10-01,85.1
42,N,PTOT,2000-01-01,53.07
42,N,PTOT,2000-04-01,96.65
42,N,PTOT,2000-07-01,101.24
42,N,PTOT,2000-10-01,89.81
42,N,PTOT,2001-01-01,62.85
42,N,PTOT,2001-04-01,91.34
42,N,PTOT,2001-07-01,95.38
42,N,PTOT,2001-10-01,81.15
42,N,PTOT,2002-01-01,55.95
42,N,PTOT,2002-04-01,95.73
42,N,PTOT,2002-07-01,94.57
42,N,PTOT,2002-10-01,80.77
42,N,PTOT,2003-01-01,55.38
42,N,PTOT,2003-04-01,91.33
42,N,PTOT,2003-07-01,101.33
42,N,PTOT,2003-10-01,90.15
42,N,PTOT,2004-01-01,55.03
42,N,PTOT,2004-04-01,93.49
42,N,PTOT,2004-07-01,99.9
42,N,PTOT,2004-10-01,85.56
42,N,PTOT,2005-01-01,46.6
42,N,PTOT,2005-04-01,90.74
42,N,PTOT,2005-07-01,107.11
42,N,PTOT,2005-10-01,87.46
42,N,PTOT,2006-01-01,54.67
42,N,PTOT,2006-04-01,94.35
42,N,PTOT,2006-07-01,100.87
42,N,PTOT,2006-10-01,83.64
42,N,PTOT,2007-01-01,58.1
42,N,PTOT,2007-04-01,87.2
42,N,PTOT,2007-07-01,93.79
42,N,PTOT,2007-10-01,88.23
42,N,PTOT,2008-01-01,65.1
42,N,PTOT,2008-04-01,81.85
42,N,PTOT,2008-07-01,105.24
42,N,PTOT,2008-10-01,98.31
42,N,PTOT,2009-01-01,56.84
42,N,PTOT,2009-04-01,107.21
42,N,PTOT,2009-07-01,117.14
42,N,PTOT,2009-10-01,102.13
42,N,PTOT,2010-01-01,62.14
42,N,PTOT,2010-04-01,105.45
42,N,PTOT,2010-07-01,117.22
42,N,PTOT,2010-10-01,106.92
42,N,PTOT,2011-01-01,73.5
42,N,PTOT,2011-04-01,111.78
42,N,PTOT,2011-07-01,117.93
42,N,PTOT,2011-10-01,116.62
42,N,PTOT,2012-01-01,62.08
42,N,PTOT,2012-04-01,103.47
42,N,PTOT,2012-07-01,114.69
42,N,PTOT,2012-10-01,112.85
42,N,PTOT,2013-01-01,61.92
42,N,PTOT,2013-04-01,102.25
42,N,PTOT,2013-07-01,112.65
42,N,PTOT,2013-10-01,121.43
42,N,PTOT,2014-01-01,69.93
42,N,PTOT,2014-04-01,103.01
42,N,PTOT,2014-07-01,116.06
42,N,PTOT,2014-10-01,108.85
42,N,PTOT,2015-01-01,64.77
42,N,PTOT,2015-04-01,102.09
42,N,PTOT,2015-07-01,114.18
42,N,PTOT,2015-10-01,110.51
42,N,PTOT,2016-01-01,72.13
42,N,PTOT,2016-04-01,101.41
42,N,PTOT,2016-07-01,122.94
42,N,PTOT,2016-10-01,114.51
42,N,PTOT,2017-01-01,73.02
42,N,PTOT,2017-04-01,102.88
42,N,PTOT,2017-07-01,116.7
42,N,PTOT,2017-10-01,122.01
42,N,PTOT,2018-01-01,77.1
42,N,PTOT,2018-04-01,104.47
42,N,PTOT,2018-07-01,115.27
42,N,PTOT,2018-10-01,114.98
42,N,PTOT,2019-01-01,75.63
42,N,PTOT,2019-04-01,103.62
42,N,PTOT,2019-07-01,109.96
42,N,PTOT,2019-10-01,116.24
42,N,PTOT,2020-01-01,80.95
42,N,PTOT,2020-04-01,95.65
42,N,PTOT,2020-07-01,115.98
42,N,PTOT,2020-10-01,123.71
42,N,PTOT,2021-01-01,81.89
42,N,PTOT,2021-04-01,92.72
42,N,PTOT,2021-07-01,107.78
42,N,PTOT,2021-10-01,117.62
42,N,PTOT,2022-01-01,77.32
42,N,PTOT,2022-04-01,86.55
42,N,PTOT,2022-07-01,93.43
42,N,PTOT,2022-10-01,99.31
42,N,PTOT,2023-01-01,72.14
42,N,PTOT,2023-04-01,85.2
42,N,PTOT,2023-07-01,94.24
42,N,PTOT,2023-10-01,91.86
42,N,PTOT,2024-01-01,71.66
42,N,PTOT,2024-04-01,85.2
42,N,PTOT,2024-07-01,110.92
42,N,PTOT,2024-10-01,98.15
42,N,PTOT,2025-01-01,74.91
42,N,PTOT,2025-04-01,87.92
42,N,PTOT,2025-07-01,99.42
42,N,PTOT,2025-10-01,112.06
42,N,PTOT,2026-01-01,77.66
42,N,PTOT,2026-04-01,89.05
42,N,UINL,2010-10-01,100.17
42,N,UINL,2011-01-01,69.5
42,N,UINL,2011-04-01,106.66
42,N,UINL,2011-07-01,112.9
42,N,UINL,2011-10-01,112
42,N,UINL,2012-01-01,59.6
42,N,UINL,2012-04-01,99.3
42,N,UINL,2012-07-01,110.46
42,N,UINL,2012-10-01,109.08
42,N,UINL,2013-01-01,59.97
42,N,UINL,2013-04-01,99.24
42,N,UINL,2013-07-01,109.81
42,N,UINL,2013-10-01,118.88
42,N,UINL,2014-01-01,68.18
42,N,UINL,2014-04-01,100.02
42,N,UINL,2014-07-01,113.03
42,N,UINL,2014-10-01,106.32
42,N,UINL,2015-01-01,62.99
42,N,UINL,2015-04-01,98.85
42,N,UINL,2015-07-01,110.76
42,N,UINL,2015-10-01,107.4
42,N,UINL,2016-01-01,70.08
42,N,UINL,2016-04-01,98.49
42,N,UINL,2016-07-01,119.54
42,N,UINL,2016-10-01,111.47
42,N,UINL,2017-01-01,71.03
42,N,UINL,2017-04-01,99.99
42,N,UINL,2017-07-01,113.47
42,N,UINL,2017-10-01,118.69
42,N,UINL,2018-01-01,75
42,N,UINL,2018-04-01,101.64
42,N,UINL,2018-07-01,112.66
42,N,UINL,2018-10-01,112.89
42,N,UINL,2019-01-01,74.26
42,N,UINL,2019-04-01,101.76
42,N,UINL,2019-07-01,108.32
42,N,UINL,2019-10-01,114.86
42,N,UINL,2020-01-01,79.97
42,N,UINL,2020-04-01,94.47
42,N,UINL,2020-07-01,114.49
42,N,UINL,2020-10-01,122.05
42,N,UINL,2021-01-01,80.79
42,N,UINL,2021-04-01,92.37
42,N,UINL,2021-07-01,108.09
42,N,UINL,2021-10-01,118.75
42,N,UINL,2022-01-01,79.36
42,N,UINL,2022-04-01,91.15
42,N,UINL,2022-07-01,99.88
42,N,UINL,2022-10-01,107.75
42,N,UINL,2023-01-01,78.42
42,N,UINL,2023-04-01,93.7
42,N,UINL,2023-07-01,104.33
42,N,UINL,2023-10-01,102.37
42,N,UINL,2024-01-01,79.62
42,N,UINL,2024-04-01,95.31
42,N,UINL,2024-07-01,124.23
42,N,UINL,2024-10-01,110.06
42,N,UINL,2025-01-01,83.76
42,N,UINL,2025-04-01,98.99
42,N,UINL,2025-07-01,112.19
42,N,UINL,2025-10-01,126.74
42,N,UINL,2026-01-01,87.73
42,N,UINL,2026-04-01,101.49
42,N,UTOT,1999-01-01,37.62
42,N,UTOT,1999-04-01,72.44
42,N,UTOT,1999-07-01,79.17
42,N,UTOT,1999-10-01,68.34
42,N,UTOT,2000-01-01,43.05
42,N,UTOT,2000-04-01,79.19
42,N,UTOT,2000-07-01,84.05
42,N,UTOT,2000-10-01,75.54
42,N,UTOT,2001-01-01,52.95
42,N,UTOT,2001-04-01,77.07
42,N,UTOT,2001-07-01,79.99
42,N,UTOT,2001-10-01,67.64
42,N,UTOT,2002-01-01,46.21
42,N,UTOT,2002-04-01,78.31
42,N,UTOT,2002-07-01,76.94
42,N,UTOT,2002-10-01,65.34
42,N,UTOT,2003-01-01,44.68
42,N,UTOT,2003-04-01,73.49
42,N,UTOT,2003-07-01,81.9
42,N,UTOT,2003-10-01,73.19
42,N,UTOT,2004-01-01,45.11
42,N,UTOT,2004-04-01,77.39
42,N,UTOT,2004-07-01,83.77
42,N,UTOT,2004-10-01,72.68
42,N,UTOT,2005-01-01,39.5
42,N,UTOT,2005-04-01,76.73
42,N,UTOT,2005-07-01,91.7
42,N,UTOT,2005-10-01,75.8
42,N,UTOT,2006-01-01,47.6
42,N,UTOT,2006-04-01,82.53
42,N,UTOT,2006-07-01,89.53
42,N,UTOT,2006-10-01,75.3
42,N,UTOT,2007-01-01,52.73
42,N,UTOT,2007-04-01,79.77
42,N,UTOT,2007-07-01,86.58
42,N,UTOT,2007-10-01,82.19
42,N,UTOT,2008-01-01,60.99
42,N,UTOT,2008-04-01,77.1
42,N,UTOT,2008-07-01,100.13
42,N,UTOT,2008-10-01,94.47
42,N,UTOT,2009-01-01,53.56
42,N,UTOT,2009-04-01,99.01
42,N,UTOT,2009-07-01,108.49
42,N,UTOT,2009-10-01,94.87
42,N,UTOT,2010-01-01,57.99
42,N,UTOT,2010-04-01,98.86
42,N,UTOT,2010-07-01,109.86
42,N,UTOT,2010-10-01,100.17
42,N,UTOT,2011-01-01,69.5
42,N,UTOT,2011-04-01,106.66
42,N,UTOT,2011-07-01,112.9
42,N,UTOT,2011-10-01,112
42,N,UTOT,2012-01-01,59.6
42,N,UTOT,2012-04-01,99.3
42,N,UTOT,2012-07-01,110.46
42,N,UTOT,2012-10-01,109.08
42,N,UTOT,2013-01-01,59.97
42,N,UTOT,2013-04-01,99.24
42,N,UTOT,2013-07-01,109.81
42,N,UTOT,2013-10-01,118.88
42,N,UTOT,2014-01-01,68.18
42,N,UTOT,2014-04-01,100.02
42,N,UTOT,2014-07-01,113.03
42,N,UTOT,2014-10-01,106.32
42,N,UTOT,2015-01-01,62.99
42,N,UTOT,2015-04-01,98.85
42,N,UTOT,2015-07-01,110.76
42,N,UTOT,2015-10-01,107.4
42,N,UTOT,2016-01-01,70.08
42,N,UTOT,2016-04-01,98.49
42,N,UTOT,2016-07-01,119.54
42,N,UTOT,2016-10-01,111.47
42,N,UTOT,2017-01-01,71.03
42,N,UTOT,2017-04-01,99.99
42,N,UTOT,2017-07-01,113.47
42,N,UTOT,2017-10-01,118.69
42,N,UTOT,2018-01-01,75
42,N,UTOT,2018-04-01,101.64
42,N,UTOT,2018-07-01,112.66
42,N,UTOT,2018-10-01,112.89
42,N,UTOT,2019-01-01,74.26
42,N,UTOT,2019-04-01,101.76
42,N,UTOT,2019-07-01,108.32
42,N,UTOT,2019-10-01,114.86
42,N,UTOT,2020-01-01,79.97
42,N,UTOT,2020-04-01,94.47
42,N,UTOT,2020-07-01,114.49
42,N,UTOT,2020-10-01,122.05
42,N,UTOT,2021-01-01,80.79
42,N,UTOT,2021-04-01,92.37
42,N,UTOT,2021-07-01,108.09
42,N,UTOT,2021-10-01,118.75
42,N,UTOT,2022-01-01,79.36
42,N,UTOT,2022-04-01,91.15
42,N,UTOT,2022-07-01,99.88
42,N,UTOT,2022-10-01,107.75
42,N,UTOT,2023-01-01,78.42
42,N,UTOT,2023-04-01,93.7
42,N,UTOT,2023-07-01,104.33
42,N,UTOT,2023-10-01,102.37
42,N,UTOT,2024-01-01,79.62
42,N,UTOT,2024-04-01,95.31
42,N,UTOT,2024-07-01,124.23
42,N,UTOT,2024-10-01,110.06
42,N,UTOT,2025-01-01,83.76
42,N,UTOT,2025-04-01,98.99
42,N,UTOT,2025-07-01,112.19
42,N,UTOT,2025-10-01,126.74
42,N,UTOT,2026-01-01,87.73
42,N,UTOT,2026-04-01,101.49
42,W,PTOT,1999-01-01,48.93
42,W,PTOT,1999-04-01,93.31
42,W,PTOT,1999-07-01,99.97
42,W,PTOT,1999-10-01,84.75
42,W,PTOT,2000-01-01,52.17
42,W,PTOT,2000-04-01,97.04
42,W,PTOT,2000-07-01,101.79
42,W,PTOT,2000-10-01,90.39
42,W,PTOT,2001-01-01,63.08
42,W,PTOT,2001-04-01,91.71
42,W,PTOT,2001-07-01,95.9
42,W,PTOT,2001-10-01,81.38
42,W,PTOT,2002-01-01,56.55
42,W,PTOT,2002-04-01,95.77
42,W,PTOT,2002-07-01,94.76
42,W,PTOT,2002-10-01,81.01
42,W,PTOT,2003-01-01,55.78
42,W,PTOT,2003-04-01,91.7
42,W,PTOT,2003-07-01,101.53
42,W,PTOT,2003-10-01,90.42
42,W,PTOT,2004-01-01,54.4
42,W,PTOT,2004-04-01,93.73
42,W,PTOT,2004-07-01,99.74
42,W,PTOT,2004-10-01,85.21
42,W,PTOT,2005-01-01,47
42,W,PTOT,2005-04-01,90.34
42,W,PTOT,2005-07-01,107.31
42,W,PTOT,2005-10-01,87.72
42,W,PTOT,2006-01-01,54.68
42,W,PTOT,2006-04-01,94.72
42,W,PTOT,2006-07-01,101.42
42,W,PTOT,2006-10-01,84.18
42,W,PTOT,2007-01-01,58.31
42,W,PTOT,2007-04-01,87.55
42,W,PTOT,2007-07-01,94.3
42,W,PTOT,2007-10-01,88.49
42,W,PTOT,2008-01-01,64.82
42,W,PTOT,2008-04-01,81.48
42,W,PTOT,2008-07-01,105.44
42,W,PTOT,2008-10-01,98.6
42,W,PTOT,2009-01-01,57.25
42,W,PTOT,2009-04-01,107.64
42,W,PTOT,2009-07-01,116.95
42,W,PTOT,2009-10-01,102.07
42,W,PTOT,2010-01-01,62.45
42,W,PTOT,2010-04-01,105.72
42,W,PTOT,2010-07-01,117.03
42,W,PTOT,2010-10-01,106.48
42,W,PTOT,2011-01-01,73.61
42,W,PTOT,2011-04-01,112.07
42,W,PTOT,2011-07-01,118.16
42,W,PTOT,2011-10-01,116.96
42,W,PTOT,2012-01-01,61.16
42,W,PTOT,2012-04-01,103.88
42,W,PTOT,2012-07-01,115.31
42,W,PTOT,2012-10-01,113.19
42,W,PTOT,2013-01-01,62.58
42,W,PTOT,2013-04-01,102.29
42,W,PTOT,2013-07-01,112.87
42,W,PTOT,2013-10-01,121.79
42,W,PTOT,2014-01-01,70.43
42,W,PTOT,2014-04-01,103.42
42,W,PTOT,2014-07-01,116.28
42,W,PTOT,2014-10-01,109.16
42,W,PTOT,2015-01-01,65.23
42,W,PTOT,2015-04-01,102.5
42,W,PTOT,2015-07-01,114
42,W,PTOT,2015-10-01,110.45
42,W,PTOT,2016-01-01,71.67
42,W,PTOT,2016-04-01,100.96
42,W,PTOT,2016-07-01,123.18
42,W,PTOT,2016-10-01,114.84
42,W,PTOT,2017-01-01,73.03
42,W,PTOT,2017-04-01,103.29
42,W,PTOT,2017-07-01,117.34
42,W,PTOT,2017-10-01,122.8
42,W,PTOT,2018-01-01,77.65
42,W,PTOT,2018-04-01,104.52
42,W,PTOT,2018-07-01,115.9
42,W,PTOT,2018-10-01,115.32
42,W,PTOT,2019-01-01,76.17
42,W,PTOT,2019-04-01,104.03
42,W,PTOT,2019-07-01,110.17
42,W,PTOT,2019-10-01,116.58
42,W,PTOT,2020-01-01,80.04
42,W,PTOT,2020-04-01,96.03
42,W,PTOT,2020-07-01,115.8
42,W,PTOT,2020-10-01,123.64
42,W,PTOT,2021-01-01,82.3
42,W,PTOT,2021-04-01,92.96
42,W,PTOT,2021-07-01,107.61
42,W,PTOT,2021-10-01,117.14
42,W,PTOT,2022-01-01,77.44
42,W,PTOT,2022-04-01,86.78
42,W,PTOT,2022-07-01,93.61
42,W,PTOT,2022-10-01,99.61
42,W,PTOT,2023-01-01,72.15
42,W,PTOT,2023-04-01,85.54
42,W,PTOT,2023-07-01,94.76
42,W,PTOT,2023-10-01,92.46
42,W,PTOT,2024-01-01,71.1
42,W,PTOT,2024-04-01,85.24
42,W,PTOT,2024-07-01,111.14
42,W,PTOT,2024-10-01,98.44
42,W,PTOT,2025-01-01,75.45
42,W,PTOT,2025-04-01,88.28
42,W,PTOT,2025-07-01,99.61
42,W,PTOT,2025-10-01,112.39
42,W,PTOT,2026-01-01,78.21
42,W,PTOT,2026-04-01,89.41
42,W,UINL,2010-10-01,99.82
42,W,UINL,2011-01-01,69.24
42,W,UINL,2011-04-01,107.15
42,W,UINL,2011-07-01,113.33
42,W,UINL,2011-10-01,112.57
42,W,UINL,2012-01-01,59.93
42,W,UINL,2012-04-01,99.93
42,W,UINL,2012-07-01,111.36
42,W,UINL,2012-10-01,109.63
42,W,UINL,2013-01-01,60.41
42,W,UINL,2013-04-01,99.44
42,W,UINL,2013-07-01,110.23
42,W,UINL,2013-10-01,119.48
42,W,UINL,2014-01-01,68.38
42,W,UINL,2014-04-01,100.66
42,W,UINL,2014-07-01,113.46
42,W,UINL,2014-10-01,106.85
42,W,UINL,2015-01-01,63.18
42,W,UINL,2015-04-01,99.47
42,W,UINL,2015-07-01,110.71
42,W,UINL,2015-10-01,107.48
42,W,UINL,2016-01-01,71.2
42,W,UINL,2016-04-01,98.1
42,W,UINL,2016-07-01,120
42,W,UINL,2016-10-01,112.03
42,W,UINL,2017-01-01,70.64
42,W,UINL,2017-04-01,100.62
42,W,UINL,2017-07-01,114.39
42,W,UINL,2017-10-01,119.8
42,W,UINL,2018-01-01,75.23
42,W,UINL,2018-04-01,101.85
42,W,UINL,2018-07-01,113.58
42,W,UINL,2018-10-01,113.46
42,W,UINL,2019-01-01,74.48
42,W,UINL,2019-04-01,102.4
42,W,UINL,2019-07-01,108.74
42,W,UINL,2019-10-01,115.44
42,W,UINL,2020-01-01,80.77
42,W,UINL,2020-04-01,95.07
42,W,UINL,2020-07-01,114.43
42,W,UINL,2020-10-01,122.14
42,W,UINL,2021-01-01,80.83
42,W,UINL,2021-04-01,92.8
42,W,UINL,2021-07-01,108.04
42,W,UINL,2021-10-01,118.33
42,W,UINL,2022-01-01,79.06
42,W,UINL,2022-04-01,91.58
42,W,UINL,2022-07-01,100.27
42,W,UINL,2022-10-01,108.29
42,W,UINL,2023-01-01,77.99
42,W,UINL,2023-04-01,94.3
42,W,UINL,2023-07-01,105.18
42,W,UINL,2023-10-01,103.33
42,W,UINL,2024-01-01,80.76
42,W,UINL,2024-04-01,95.51
42,W,UINL,2024-07-01,124.71
42,W,UINL,2024-10-01,110.61
42,W,UINL,2025-01-01,84.01
42,W,UINL,2025-04-01,99.62
42,W,UINL,2025-07-01,112.62
42,W,UINL,2025-10-01,127.38
42,W,UINL,2026-01-01,88
42,W,UINL,2026-04-01,102.13
42,W,UTOT,1999-01-01,37.77
42,W,UTOT,1999-04-01,72.44
42,W,UTOT,1999-07-01,79.08
42,W,UTOT,1999-10-01,68.22
42,W,UTOT,2000-01-01,42.36
42,W,UTOT,2000-04-01,79.22
42,W,UTOT,2000-07-01,84.12
42,W,UTOT,2000-10-01,75.62
42,W,UTOT,2001-01-01,53.15
42,W,UTOT,2001-04-01,77.1
42,W,UTOT,2001-07-01,80.05
42,W,UTOT,2001-10-01,67.64
42,W,UTOT,2002-01-01,46.47
42,W,UTOT,2002-04-01,78.27
42,W,UTOT,2002-07-01,76.92
42,W,UTOT,2002-10-01,65.35
42,W,UTOT,2003-01-01,44.89
42,W,UTOT,2003-04-01,73.52
42,W,UTOT,2003-07-01,81.89
42,W,UTOT,2003-10-01,73.2
42,W,UTOT,2004-01-01,44.46
42,W,UTOT,2004-04-01,77.39
42,W,UTOT,2004-07-01,83.68
42,W,UTOT,2004-10-01,72.55
42,W,UTOT,2005-01-01,39.7
42,W,UTOT,2005-04-01,76.59
42,W,UTOT,2005-07-01,91.69
42,W,UTOT,2005-10-01,75.81
42,W,UTOT,2006-01-01,47.74
42,W,UTOT,2006-04-01,82.56
42,W,UTOT,2006-07-01,89.6
42,W,UTOT,2006-10-01,75.38
42,W,UTOT,2007-01-01,52.93
42,W,UTOT,2007-04-01,79.8
42,W,UTOT,2007-07-01,86.65
42,W,UTOT,2007-10-01,82.2
42,W,UTOT,2008-01-01,60.22
42,W,UTOT,2008-04-01,76.95
42,W,UTOT,2008-07-01,100.11
42,W,UTOT,2008-10-01,94.48
42,W,UTOT,2009-01-01,53.81
42,W,UTOT,2009-04-01,99.04
42,W,UTOT,2009-07-01,108.37
42,W,UTOT,2009-10-01,94.79
42,W,UTOT,2010-01-01,58.23
42,W,UTOT,2010-04-01,98.87
42,W,UTOT,2010-07-01,109.74
42,W,UTOT,2010-10-01,99.99
42,W,UTOT,2011-01-01,69.72
42,W,UTOT,2011-04-01,106.66
42,W,UTOT,2011-07-01,112.88
42,W,UTOT,2011-10-01,112.01
42,W,UTOT,2012-01-01,58.68
42,W,UTOT,2012-04-01,99.34
42,W,UTOT,2012-07-01,110.54
42,W,UTOT,2012-10-01,109.09
42,W,UTOT,2013-01-01,60.31
42,W,UTOT,2013-04-01,99.18
42,W,UTOT,2013-07-01,109.79
42,W,UTOT,2013-10-01,118.89
42,W,UTOT,2014-01-01,68.5
42,W,UTOT,2014-04-01,100.06
42,W,UTOT,2014-07-01,113.01
42,W,UTOT,2014-10-01,106.33
42,W,UTOT,2015-01-01,63.28
42,W,UTOT,2015-04-01,98.88
42,W,UTOT,2015-07-01,110.64
42,W,UTOT,2015-10-01,107.31
42,W,UTOT,2016-01-01,69.16
42,W,UTOT,2016-04-01,98.3
42,W,UTOT,2016-07-01,119.52
42,W,UTOT,2016-10-01,111.48
42,W,UTOT,2017-01-01,71.23
42,W,UTOT,2017-04-01,100.03
42,W,UTOT,2017-07-01,113.56
42,W,UTOT,2017-10-01,118.81
42,W,UTOT,2018-01-01,75.36
42,W,UTOT,2018-04-01,101.58
42,W,UTOT,2018-07-01,112.75
42,W,UTOT,2018-10-01,112.9
42,W,UTOT,2019-01-01,74.61
42,W,UTOT,2019-04-01,101.8
42,W,UTOT,2019-07-01,108.3
42,W,UTOT,2019-10-01,114.88
42,W,UTOT,2020-01-01,78.82
42,W,UTOT,2020-04-01,94.5
42,W,UTOT,2020-07-01,114.36
42,W,UTOT,2020-10-01,121.95
42,W,UTOT,2021-01-01,81.13
42,W,UTOT,2021-04-01,92.37
42,W,UTOT,2021-07-01,107.97
42,W,UTOT,2021-10-01,118.53
42,W,UTOT,2022-01-01,79.61
42,W,UTOT,2022-04-01,91.15
42,W,UTOT,2022-07-01,99.87
42,W,UTOT,2022-10-01,107.76
42,W,UTOT,2023-01-01,78.64
42,W,UTOT,2023-04-01,93.74
42,W,UTOT,2023-07-01,104.41
42,W,UTOT,2023-10-01,102.48
42,W,UTOT,2024-01-01,78.55
42,W,UTOT,2024-04-01,95.26
42,W,UTOT,2024-07-01,124.21
42,W,UTOT,2024-10-01,110.07
42,W,UTOT,2025-01-01,84.15
42,W,UTOT,2025-04-01,99.03
42,W,UTOT,2025-07-01,112.17
42,W,UTOT,2025-10-01,126.75
42,W,UTOT,2026-01-01,88.15
42,W,UTOT,2026-04-01,101.53
42,Y,PTOT,1999-01-01,73.5
42,Y,PTOT,1999-04-01,81.19
42,Y,PTOT,1999-07-01,84.81
42,Y,PTOT,1999-10-01,83.32
42,Y,PTOT,2000-01-01,78.15
42,Y,PTOT,2000-04-01,84.67
42,Y,PTOT,2000-07-01,86.3
42,Y,PTOT,2000-10-01,88.66
42,Y,PTOT,2001-01-01,94.39
42,Y,PTOT,2001-04-01,80.38
42,Y,PTOT,2001-07-01,81.16
42,Y,PTOT,2001-10-01,79.54
42,Y,PTOT,2002-01-01,84.6
42,Y,PTOT,2002-04-01,84.65
42,Y,PTOT,2002-07-01,79.76
42,Y,PTOT,2002-10-01,78.85
42,Y,PTOT,2003-01-01,83.75
42,Y,PTOT,2003-04-01,81.62
42,Y,PTOT,2003-07-01,84.92
42,Y,PTOT,2003-10-01,87.86
42,Y,PTOT,2004-01-01,81.7
42,Y,PTOT,2004-04-01,84.19
42,Y,PTOT,2004-07-01,82.93
42,Y,PTOT,2004-10-01,82.52
42,Y,PTOT,2005-01-01,70.74
42,Y,PTOT,2005-04-01,81.57
42,Y,PTOT,2005-07-01,89.13
42,Y,PTOT,2005-10-01,84.45
42,Y,PTOT,2006-01-01,82.39
42,Y,PTOT,2006-04-01,85.96
42,Y,PTOT,2006-07-01,84.32
42,Y,PTOT,2006-10-01,80.46
42,Y,PTOT,2007-01-01,88.09
42,Y,PTOT,2007-04-01,79.57
42,Y,PTOT,2007-07-01,78.71
42,Y,PTOT,2007-10-01,84.07
42,Y,PTOT,2008-01-01,97.56
42,Y,PTOT,2008-04-01,74.36
42,Y,PTOT,2008-07-01,88.63
42,Y,PTOT,2008-10-01,92.53
42,Y,PTOT,2009-01-01,86.19
42,Y,PTOT,2009-04-01,98.65
42,Y,PTOT,2009-07-01,99.16
42,Y,PTOT,2009-10-01,94.28
42,Y,PTOT,2010-01-01,94.24
42,Y,PTOT,2010-04-01,97.44
42,Y,PTOT,2010-07-01,100.17
42,Y,PTOT,2010-10-01,96.59
42,Y,PTOT,2011-01-01,111.34
42,Y,PTOT,2011-04-01,104.14
42,Y,PTOT,2011-07-01,101.71
42,Y,PTOT,2011-10-01,104.74
42,Y,PTOT,2012-01-01,92.08
42,Y,PTOT,2012-04-01,97.52
42,Y,PTOT,2012-07-01,99.84
42,Y,PTOT,2012-10-01,100.19
42,Y,PTOT,2013-01-01,93.44
42,Y,PTOT,2013-04-01,97.16
42,Y,PTOT,2013-07-01,97.97
42,Y,PTOT,2013-10-01,107.17
42,Y,PTOT,2014-01-01,103.92
42,Y,PTOT,2014-04-01,99.1
42,Y,PTOT,2014-07-01,101.31
42,Y,PTOT,2014-10-01,95.82
42,Y,PTOT,2015-01-01,94.54
42,Y,PTOT,2015-04-01,99.26
42,Y,PTOT,2015-07-01,99.45
42,Y,PTOT,2015-10-01,97.2
42,Y,PTOT,2016-01-01,101.52
42,Y,PTOT,2016-04-01,98.59
42,Y,PTOT,2016-07-01,108.19
42,Y,PTOT,2016-10-01,101.05
42,Y,PTOT,2017-01-01,100.9
42,Y,PTOT,2017-04-01,101.93
42,Y,PTOT,2017-07-01,103.92
42,Y,PTOT,2017-10-01,107.8
42,Y,PTOT,2018-01-01,104.65
42,Y,PTOT,2018-04-01,104.21
42,Y,PTOT,2018-07-01,103.88
42,Y,PTOT,2018-10-01,100.63
42,Y,PTOT,2019-01-01,100.22
42,Y,PTOT,2019-04-01,105.12
42,Y,PTOT,2019-07-01,99.64
42,Y,PTOT,2019-10-01,101.26
42,Y,PTOT,2020-01-01,103.12
42,Y,PTOT,2020-04-01,98.13
42,Y,PTOT,2020-07-01,105.43
42,Y,PTOT,2020-10-01,107.28
42,Y,PTOT,2021-01-01,103.91
42,Y,PTOT,2021-04-01,96.05
42,Y,PTOT,2021-07-01,98.2
42,Y,PTOT,2021-10-01,101.85
42,Y,PTOT,2022-01-01,96.21
42,Y,PTOT,2022-04-01,90.32
42,Y,PTOT,2022-07-01,85.61
42,Y,PTOT,2022-10-01,86.73
42,Y,PTOT,2023-01-01,88.74
42,Y,PTOT,2023-04-01,89.45
42,Y,PTOT,2023-07-01,86.68
42,Y,PTOT,2023-10-01,80.62
42,Y,PTOT,2024-01-01,87.02
42,Y,PTOT,2024-04-01,89.28
42,Y,PTOT,2024-07-01,101.65
42,Y,PTOT,2024-10-01,85.95
42,Y,PTOT,2025-01-01,92.06
42,Y,PTOT,2025-04-01,92.7
42,Y,PTOT,2025-07-01,91
42,Y,PTOT,2025-10-01,98.14
42,Y,PTOT,2026-01-01,95.36
42,Y,PTOT,2026-04-01,94.06
42,Y,UINL,2010-10-01,86.19
42,Y,UINL,2011-01-01,105.4
42,Y,UINL,2011-04-01,102.32
42,Y,UINL,2011-07-01,98.87
42,Y,UINL,2011-10-01,97.3
42,Y,UINL,2012-01-01,90.96
42,Y,UINL,2012-04-01,95.6
42,Y,UINL,2012-07-01,97.02
42,Y,UINL,2012-10-01,95
42,Y,UINL,2013-01-01,91.02
42,Y,UINL,2013-04-01,95.43
42,Y,UINL,2013-07-01,95.85
42,Y,UINL,2013-10-01,104.12
42,Y,UINL,2014-01-01,101.62
42,Y,UINL,2014-04-01,96.94
42,Y,UINL,2014-07-01,98.81
42,Y,UINL,2014-10-01,93.54
42,Y,UINL,2015-01-01,92.04
42,Y,UINL,2015-04-01,96.47
42,Y,UINL,2015-07-01,96.56
42,Y,UINL,2015-10-01,94.56
42,Y,UINL,2016-01-01,101.41
42,Y,UINL,2016-04-01,95.69
42,Y,UINL,2016-07-01,105.42
42,Y,UINL,2016-10-01,98.64
42,Y,UINL,2017-01-01,98.24
42,Y,UINL,2017-04-01,98.96
42,Y,UINL,2017-07-01,101.41
42,Y,UINL,2017-10-01,105.23
42,Y,UINL,2018-01-01,102.23
42,Y,UINL,2018-04-01,101.05
42,Y,UINL,2018-07-01,101.92
42,Y,UINL,2018-10-01,99.04
42,Y,UINL,2019-01-01,98.94
42,Y,UINL,2019-04-01,102.86
42,Y,UINL,2019-07-01,98.47
42,Y,UINL,2019-10-01,100.28
42,Y,UINL,2020-01-01,105.13
42,Y,UINL,2020-04-01,96.54
42,Y,UINL,2020-07-01,104.3
42,Y,UINL,2020-10-01,106.02
42,Y,UINL,2021-01-01,103.03
42,Y,UINL,2021-04-01,95.33
42,Y,UINL,2021-07-01,98.67
42,Y,UINL,2021-10-01,102.96
42,Y,UINL,2022-01-01,99.02
42,Y,UINL,2022-04-01,94.91
42,Y,UINL,2022-07-01,91.7
42,Y,UINL,2022-10-01,94.4
42,Y,UINL,2023-01-01,96.52
42,Y,UINL,2023-04-01,98.36
42,Y,UINL,2023-07-01,96.2
42,Y,UINL,2023-10-01,90.18
42,Y,UINL,2024-01-01,99.35
42,Y,UINL,2024-04-01,99.91
42,Y,UINL,2024-07-01,114.07
42,Y,UINL,2024-10-01,96.59
42,Y,UINL,2025-01-01,102.98
42,Y,UINL,2025-04-01,104.56
42,Y,UINL,2025-07-01,102.96
42,Y,UINL,2025-10-01,111.13
42,Y,UINL,2026-01-01,107.79
42,Y,UINL,2026-04-01,107.42
42,Y,UTOT,1999-01-01,56.73
42,Y,UTOT,1999-04-01,63.35
42,Y,UTOT,1999-07-01,67.14
42,Y,UTOT,1999-10-01,66.96
42,Y,UTOT,2000-01-01,63.46
42,Y,UTOT,2000-04-01,69.45
42,Y,UTOT,2000-07-01,71.37
42,Y,UTOT,2000-10-01,74.09
42,Y,UTOT,2001-01-01,79.57
42,Y,UTOT,2001-04-01,67.88
42,Y,UTOT,2001-07-01,67.77
42,Y,UTOT,2001-10-01,66.1
42,Y,UTOT,2002-01-01,69.53
42,Y,UTOT,2002-04-01,69.47
42,Y,UTOT,2002-07-01,64.73
42,Y,UTOT,2002-10-01,63.67
42,Y,UTOT,2003-01-01,67.4
42,Y,UTOT,2003-04-01,65.7
42,Y,UTOT,2003-07-01,68.44
42,Y,UTOT,2003-10-01,71.27
42,Y,UTOT,2004-01-01,66.72
42,Y,UTOT,2004-04-01,69.79
42,Y,UTOT,2004-07-01,69.53
42,Y,UTOT,2004-10-01,70.39
42,Y,UTOT,2005-01-01,59.67
42,Y,UTOT,2005-04-01,69.46
42,Y,UTOT,2005-07-01,76.13
42,Y,UTOT,2005-10-01,73.09
42,Y,UTOT,2006-01-01,71.8
42,Y,UTOT,2006-04-01,75.3
42,Y,UTOT,2006-07-01,74.51
42,Y,UTOT,2006-10-01,72.05
42,Y,UTOT,2007-01-01,79.83
42,Y,UTOT,2007-04-01,72.92
42,Y,UTOT,2007-07-01,72.38
42,Y,UTOT,2007-10-01,78.01
42,Y,UTOT,2008-01-01,90.54
42,Y,UTOT,2008-04-01,70.61
42,Y,UTOT,2008-07-01,84.25
42,Y,UTOT,2008-10-01,88.51
42,Y,UTOT,2009-01-01,81.03
42,Y,UTOT,2009-04-01,91.24
42,Y,UTOT,2009-07-01,91.98
42,Y,UTOT,2009-10-01,87.4
42,Y,UTOT,2010-01-01,87.96
42,Y,UTOT,2010-04-01,91.53
42,Y,UTOT,2010-07-01,94.02
42,Y,UTOT,2010-10-01,90.56
42,Y,UTOT,2011-01-01,105.66
42,Y,UTOT,2011-04-01,99.5
42,Y,UTOT,2011-07-01,97.27
42,Y,UTOT,2011-10-01,100.17
42,Y,UTOT,2012-01-01,88.56
42,Y,UTOT,2012-04-01,93.58
42,Y,UTOT,2012-07-01,95.82
42,Y,UTOT,2012-10-01,96.44
42,Y,UTOT,2013-01-01,90.28
42,Y,UTOT,2013-04-01,94.54
42,Y,UTOT,2013-07-01,95.39
42,Y,UTOT,2013-10-01,104.49
42,Y,UTOT,2014-01-01,101.27
42,Y,UTOT,2014-04-01,96.29
42,Y,UTOT,2014-07-01,98.52
42,Y,UTOT,2014-10-01,93.24
42,Y,UTOT,2015-01-01,91.84
42,Y,UTOT,2015-04-01,96.21
42,Y,UTOT,2015-07-01,96.55
42,Y,UTOT,2015-10-01,94.39
42,Y,UTOT,2016-01-01,98.04
42,Y,UTOT,2016-04-01,96.43
42,Y,UTOT,2016-07-01,105.02
42,Y,UTOT,2016-10-01,98.08
42,Y,UTOT,2017-01-01,98.5
42,Y,UTOT,2017-04-01,99.05
42,Y,UTOT,2017-07-01,100.65
42,Y,UTOT,2017-10-01,104.33
42,Y,UTOT,2018-01-01,101.72
42,Y,UTOT,2018-04-01,101.49
42,Y,UTOT,2018-07-01,101.17
42,Y,UTOT,2018-10-01,98.58
42,Y,UTOT,2019-01-01,98.39
42,Y,UTOT,2019-04-01,102.93
42,Y,UTOT,2019-07-01,98.1
42,Y,UTOT,2019-10-01,99.87
42,Y,UTOT,2020-01-01,101.82
42,Y,UTOT,2020-04-01,96.56
42,Y,UTOT,2020-07-01,104.29
42,Y,UTOT,2020-10-01,105.92
42,Y,UTOT,2021-01-01,102.76
42,Y,UTOT,2021-04-01,95.4
42,Y,UTOT,2021-07-01,98.68
42,Y,UTOT,2021-10-01,103.17
42,Y,UTOT,2022-01-01,99.27
42,Y,UTOT,2022-04-01,94.86
42,Y,UTOT,2022-07-01,91.43
42,Y,UTOT,2022-10-01,93.91
42,Y,UTOT,2023-01-01,97.1
42,Y,UTOT,2023-04-01,98.04
42,Y,UTOT,2023-07-01,95.58
42,Y,UTOT,2023-10-01,89.42
42,Y,UTOT,2024-01-01,96.54
42,Y,UTOT,2024-04-01,99.86
42,Y,UTOT,2024-07-01,113.64
42,Y,UTOT,2024-10-01,96.14
42,Y,UTOT,2025-01-01,103.15
42,Y,UTOT,2025-04-01,104.11
42,Y,UTOT,2025-07-01,102.47
42,Y,UTOT,2025-10-01,110.71
42,Y,UTOT,2026-01-01,107.98
42,Y,UTOT,2026-04-01,106.95
43,N,PTOT,1999-01-01,62.23
43,N,PTOT,1999-04-01,75
43,N,PTOT,1999-07-01,79.11
43,N,PTOT,1999-10-01,102.82
43,N,PTOT,2000-01-01,64.16
43,N,PTOT,2000-04-01,82.06
43,N,PTOT,2000-07-01,80.41
43,N,PTOT,2000-10-01,105.48
43,N,PTOT,2001-01-01,65.55
43,N,PTOT,2001-04-01,81.03
43,N,PTOT,2001-07-01,79.07
43,N,PTOT,2001-10-01,98.71
43,N,PTOT,2002-01-01,62.78
43,N,PTOT,2002-04-01,82.24
43,N,PTOT,2002-07-01,77.74
43,N,PTOT,2002-10-01,100.07
43,N,PTOT,2003-01-01,62.53
43,N,PTOT,2003-04-01,79.8
43,N,PTOT,2003-07-01,78.14
43,N,PTOT,2003-10-01,100.24
43,N,PTOT,2004-01-01,63.34
43,N,PTOT,2004-04-01,80.46
43,N,PTOT,2004-07-01,82.68
43,N,PTOT,2004-10-01,104.03
43,N,PTOT,2005-01-01,63.01
43,N,PTOT,2005-04-01,82.8
43,N,PTOT,2005-07-01,81.91
43,N,PTOT,2005-10-01,110.44
43,N,PTOT,2006-01-01,67.78
43,N,PTOT,2006-04-01,84.79
43,N,PTOT,2006-07-01,83.96
43,N,PTOT,2006-10-01,114.04
43,N,PTOT,2007-01-01,70.8
43,N,PTOT,2007-04-01,84.15
43,N,PTOT,2007-07-01,87.14
43,N,PTOT,2007-10-01,114.64
43,N,PTOT,2008-01-01,70.72
43,N,PTOT,2008-04-01,90.01
43,N,PTOT,2008-07-01,91.89
43,N,PTOT,2008-10-01,115.82
43,N,PTOT,2009-01-01,74.03
43,N,PTOT,2009-04-01,89.47
43,N,PTOT,2009-07-01,93.9
43,N,PTOT,2009-10-01,111.45
43,N,PTOT,2010-01-01,71.72
43,N,PTOT,2010-04-01,94.94
43,N,PTOT,2010-07-01,97.98
43,N,PTOT,2010-10-01,116.63
43,N,PTOT,2011-01-01,73.38
43,N,PTOT,2011-04-01,98.52
43,N,PTOT,2011-07-01,97.97
43,N,PTOT,2011-10-01,111.78
43,N,PTOT,2012-01-01,73.65
43,N,PTOT,2012-04-01,97.76
43,N,PTOT,2012-07-01,95.79
43,N,PTOT,2012-10-01,112.35
43,N,PTOT,2013-01-01,72.48
43,N,PTOT,2013-04-01,97.14
43,N,PTOT,2013-07-01,99.27
43,N,PTOT,2013-10-01,115.07
43,N,PTOT,2014-01-01,77.33
43,N,PTOT,2014-04-01,97.42
43,N,PTOT,2014-07-01,97.51
43,N,PTOT,2014-10-01,112.98
43,N,PTOT,2015-01-01,76.43
43,N,PTOT,2015-04-01,92.99
43,N,PTOT,2015-07-01,94.91
43,N,PTOT,2015-10-01,111.82
43,N,PTOT,2016-01-01,75.88
43,N,PTOT,2016-04-01,91.42
43,N,PTOT,2016-07-01,96.83
43,N,PTOT,2016-10-01,110.87
43,N,PTOT,2017-01-01,75.02
43,N,PTOT,2017-04-01,93.03
43,N,PTOT,2017-07-01,100.26
43,N,PTOT,2017-10-01,118.59
43,N,PTOT,2018-01-01,74.3
43,N,PTOT,2018-04-01,96.3
43,N,PTOT,2018-07-01,100.99
43,N,PTOT,2018-10-01,115.72
43,N,PTOT,2019-01-01,76.29
43,N,PTOT,2019-04-01,94.7
43,N,PTOT,2019-07-01,99.26
43,N,PTOT,2019-10-01,116.01
43,N,PTOT,2020-01-01,80.46
43,N,PTOT,2020-04-01,91.35
43,N,PTOT,2020-07-01,102.42
43,N,PTOT,2020-10-01,112.63
43,N,PTOT,2021-01-01,79.98
43,N,PTOT,2021-04-01,99.96
43,N,PTOT,2021-07-01,104.02
43,N,PTOT,2021-10-01,116.05
43,N,PTOT,2022-01-01,78.87
43,N,PTOT,2022-04-01,98.99
43,N,PTOT,2022-07-01,96.01
43,N,PTOT,2022-10-01,109.65
43,N,PTOT,2023-01-01,80.37
43,N,PTOT,2023-04-01,92.13
43,N,PTOT,2023-07-01,97.83
43,N,PTOT,2023-10-01,112.92
43,N,PTOT,2024-01-01,77.66
43,N,PTOT,2024-04-01,90.89
43,N,PTOT,2024-07-01,95.31
43,N,PTOT,2024-10-01,109.12
43,N,PTOT,2025-01-01,79.61
43,N,PTOT,2025-04-01,87.95
43,N,PTOT,2025-07-01,95.95
43,N,PTOT,2025-10-01,107.37
43,N,PTOT,2026-01-01,78.6
43,N,PTOT,2026-04-01,88.64
43,N,UINL,2010-10-01,114.45
43,N,UINL,2011-01-01,72.42
43,N,UINL,2011-04-01,97.77
43,N,UINL,2011-07-01,97.56
43,N,UINL,2011-10-01,111.69
43,N,UINL,2012-01-01,73.5
43,N,UINL,2012-04-01,97.45
43,N,UINL,2012-07-01,95.6
43,N,UINL,2012-10-01,112.26
43,N,UINL,2013-01-01,72.44
43,N,UINL,2013-04-01,97.12
43,N,UINL,2013-07-01,99.43
43,N,UINL,2013-10-01,115.45
43,N,UINL,2014-01-01,77.75
43,N,UINL,2014-04-01,98.16
43,N,UINL,2014-07-01,98.17
43,N,UINL,2014-10-01,113.66
43,N,UINL,2015-01-01,76.76
43,N,UINL,2015-04-01,93.25
43,N,UINL,2015-07-01,95.35
43,N,UINL,2015-10-01,112.55
43,N,UINL,2016-01-01,76.02
43,N,UINL,2016-04-01,91.16
43,N,UINL,2016-07-01,96.08
43,N,UINL,2016-10-01,109.45
43,N,UINL,2017-01-01,73.75
43,N,UINL,2017-04-01,91.07
43,N,UINL,2017-07-01,97.96
43,N,UINL,2017-10-01,115.65
43,N,UINL,2018-01-01,72.63
43,N,UINL,2018-04-01,94.37
43,N,UINL,2018-07-01,99.09
43,N,UINL,2018-10-01,113.69
43,N,UINL,2019-01-01,75.16
43,N,UINL,2019-04-01,93.57
43,N,UINL,2019-07-01,97.78
43,N,UINL,2019-10-01,113.94
43,N,UINL,2020-01-01,79.19
43,N,UINL,2020-04-01,90.08
43,N,UINL,2020-07-01,100.74
43,N,UINL,2020-10-01,110.5
43,N,UINL,2021-01-01,78.46
43,N,UINL,2021-04-01,99.11
43,N,UINL,2021-07-01,104.44
43,N,UINL,2021-10-01,117.98
43,N,UINL,2022-01-01,81.86
43,N,UINL,2022-04-01,105.96
43,N,UINL,2022-07-01,104.61
43,N,UINL,2022-10-01,121.58
43,N,UINL,2023-01-01,89.32
43,N,UINL,2023-04-01,103.7
43,N,UINL,2023-07-01,110.43
43,N,UINL,2023-10-01,127.83
43,N,UINL,2024-01-01,87.72
43,N,UINL,2024-04-01,103.53
43,N,UINL,2024-07-01,108.64
43,N,UINL,2024-10-01,124.45
43,N,UINL,2025-01-01,90.55
43,N,UINL,2025-04-01,100.82
43,N,UINL,2025-07-01,110.28
43,N,UINL,2025-10-01,123.73
43,N,UINL,2026-01-01,90.31
43,N,UINL,2026-04-01,102.62
43,N,UTOT,1999-01-01,49.56
43,N,UTOT,1999-04-01,59.79
43,N,UTOT,1999-07-01,63.9
43,N,UTOT,1999-10-01,84.13
43,N,UTOT,2000-01-01,52.8
43,N,UTOT,2000-04-01,67.92
43,N,UTOT,2000-07-01,67.03
43,N,UTOT,2000-10-01,88.55
43,N,UTOT,2001-01-01,55.62
43,N,UTOT,2001-04-01,69.48
43,N,UTOT,2001-07-01,68.07
43,N,UTOT,2001-10-01,85.31
43,N,UTOT,2002-01-01,54.27
43,N,UTOT,2002-04-01,71.1
43,N,UTOT,2002-07-01,67.04
43,N,UTOT,2002-10-01,86.09
43,N,UTOT,2003-01-01,53.61
43,N,UTOT,2003-04-01,68.17
43,N,UTOT,2003-07-01,66.85
43,N,UTOT,2003-10-01,85.88
43,N,UTOT,2004-01-01,54.26
43,N,UTOT,2004-04-01,68.92
43,N,UTOT,2004-07-01,71.16
43,N,UTOT,2004-10-01,89.97
43,N,UTOT,2005-01-01,54.81
43,N,UTOT,2005-04-01,72.45
43,N,UTOT,2005-07-01,72.03
43,N,UTOT,2005-10-01,97.6
43,N,UTOT,2006-01-01,60.29
43,N,UTOT,2006-04-01,75.91
43,N,UTOT,2006-07-01,75.87
43,N,UTOT,2006-10-01,104
43,N,UTOT,2007-01-01,65.27
43,N,UTOT,2007-04-01,78.41
43,N,UTOT,2007-07-01,82.08
43,N,UTOT,2007-10-01,109.16
43,N,UTOT,2008-01-01,68.08
43,N,UTOT,2008-04-01,87.59
43,N,UTOT,2008-07-01,90.02
43,N,UTOT,2008-10-01,114.21
43,N,UTOT,2009-01-01,72.9
43,N,UTOT,2009-04-01,87.97
43,N,UTOT,2009-07-01,92.39
43,N,UTOT,2009-10-01,109.74
43,N,UTOT,2010-01-01,70.32
43,N,UTOT,2010-04-01,92.7
43,N,UTOT,2010-07-01,95.91
43,N,UTOT,2010-10-01,114.45
43,N,UTOT,2011-01-01,72.42
43,N,UTOT,2011-04-01,97.77
43,N,UTOT,2011-07-01,97.56
43,N,UTOT,2011-10-01,111.69
43,N,UTOT,2012-01-01,73.5
43,N,UTOT,2012-04-01,97.45
43,N,UTOT,2012-07-01,95.6
43,N,UTOT,2012-10-01,112.26
43,N,UTOT,2013-01-01,72.44
43,N,UTOT,2013-04-01,97.12
43,N,UTOT,2013-07-01,99.43
43,N,UTOT,2013-10-01,115.45
43,N,UTOT,2014-01-01,77.75
43,N,UTOT,2014-04-01,98.16
43,N,UTOT,2014-07-01,98.17
43,N,UTOT,2014-10-01,113.66
43,N,UTOT,2015-01-01,76.76
43,N,UTOT,2015-04-01,93.25
43,N,UTOT,2015-07-01,95.35
43,N,UTOT,2015-10-01,112.55
43,N,UTOT,2016-01-01,76.02
43,N,UTOT,2016-04-01,91.16
43,N,UTOT,2016-07-01,96.08
43,N,UTOT,2016-10-01,109.45
43,N,UTOT,2017-01-01,73.75
43,N,UTOT,2017-04-01,91.07
43,N,UTOT,2017-07-01,97.96
43,N,UTOT,2017-10-01,115.65
43,N,UTOT,2018-01-01,72.63
43,N,UTOT,2018-04-01,94.37
43,N,UTOT,2018-07-01,99.09
43,N,UTOT,2018-10-01,113.69
43,N,UTOT,2019-01-01,75.16
43,N,UTOT,2019-04-01,93.57
43,N,UTOT,2019-07-01,97.78
43,N,UTOT,2019-10-01,113.94
43,N,UTOT,2020-01-01,79.19
43,N,UTOT,2020-04-01,90.08
43,N,UTOT,2020-07-01,100.74
43,N,UTOT,2020-10-01,110.5
43,N,UTOT,2021-01-01,78.46
43,N,UTOT,2021-04-01,99.11
43,N,UTOT,2021-07-01,104.44
43,N,UTOT,2021-10-01,117.98
43,N,UTOT,2022-01-01,81.86
43,N,UTOT,2022-04-01,105.96
43,N,UTOT,2022-07-01,104.61
43,N,UTOT,2022-10-01,121.58
43,N,UTOT,2023-01-01,89.32
43,N,UTOT,2023-04-01,103.7
43,N,UTOT,2023-07-01,110.43
43,N,UTOT,2023-10-01,127.83
43,N,UTOT,2024-01-01,87.72
43,N,UTOT,2024-04-01,103.53
43,N,UTOT,2024-07-01,108.64
43,N,UTOT,2024-10-01,124.45
43,N,UTOT,2025-01-01,90.55
43,N,UTOT,2025-04-01,100.82
43,N,UTOT,2025-07-01,110.28
43,N,UTOT,2025-10-01,123.73
43,N,UTOT,2026-01-01,90.31
43,N,UTOT,2026-04-01,102.62
43,W,PTOT,1999-01-01,62.36
43,W,PTOT,1999-04-01,75.21
43,W,PTOT,1999-07-01,79.04
43,W,PTOT,1999-10-01,102.5
43,W,PTOT,2000-01-01,63.81
43,W,PTOT,2000-04-01,82.41
43,W,PTOT,2000-07-01,80.85
43,W,PTOT,2000-10-01,106.15
43,W,PTOT,2001-01-01,65.6
43,W,PTOT,2001-04-01,81.37
43,W,PTOT,2001-07-01,79.51
43,W,PTOT,2001-10-01,99.03
43,W,PTOT,2002-01-01,63.24
43,W,PTOT,2002-04-01,82.32
43,W,PTOT,2002-07-01,77.92
43,W,PTOT,2002-10-01,100.39
43,W,PTOT,2003-01-01,62.78
43,W,PTOT,2003-04-01,80.13
43,W,PTOT,2003-07-01,78.32
43,W,PTOT,2003-10-01,100.56
43,W,PTOT,2004-01-01,63.31
43,W,PTOT,2004-04-01,80.69
43,W,PTOT,2004-07-01,82.61
43,W,PTOT,2004-10-01,103.7
43,W,PTOT,2005-01-01,63.34
43,W,PTOT,2005-04-01,82.52
43,W,PTOT,2005-07-01,82.1
43,W,PTOT,2005-10-01,110.8
43,W,PTOT,2006-01-01,67.62
43,W,PTOT,2006-04-01,85.14
43,W,PTOT,2006-07-01,84.42
43,W,PTOT,2006-10-01,114.77
43,W,PTOT,2007-01-01,70.86
43,W,PTOT,2007-04-01,84.5
43,W,PTOT,2007-07-01,87.62
43,W,PTOT,2007-10-01,115.01
43,W,PTOT,2008-01-01,71.14
43,W,PTOT,2008-04-01,89.7
43,W,PTOT,2008-07-01,92.1
43,W,PTOT,2008-10-01,116.19
43,W,PTOT,2009-01-01,74.33
43,W,PTOT,2009-04-01,89.85
43,W,PTOT,2009-07-01,93.82
43,W,PTOT,2009-10-01,111.45
43,W,PTOT,2010-01-01,71.87
43,W,PTOT,2010-04-01,95.22
43,W,PTOT,2010-07-01,97.89
43,W,PTOT,2010-10-01,116.26
43,W,PTOT,2011-01-01,73.31
43,W,PTOT,2011-04-01,98.8
43,W,PTOT,2011-07-01,98.2
43,W,PTOT,2011-10-01,112.14
43,W,PTOT,2012-01-01,73.38
43,W,PTOT,2012-04-01,98.17
43,W,PTOT,2012-07-01,96.32
43,W,PTOT,2012-10-01,112.71
43,W,PTOT,2013-01-01,73
43,W,PTOT,2013-04-01,97.23
43,W,PTOT,2013-07-01,99.5
43,W,PTOT,2013-10-01,115.43
43,W,PTOT,2014-01-01,77.64
43,W,PTOT,2014-04-01,97.83
43,W,PTOT,2014-07-01,97.73
43,W,PTOT,2014-10-01,113.35
43,W,PTOT,2015-01-01,76.73
43,W,PTOT,2015-04-01,93.38
43,W,PTOT,2015-07-01,94.82
43,W,PTOT,2015-10-01,111.82
43,W,PTOT,2016-01-01,76.18
43,W,PTOT,2016-04-01,91.11
43,W,PTOT,2016-07-01,97.05
43,W,PTOT,2016-10-01,111.22
43,W,PTOT,2017-01-01,74.85
43,W,PTOT,2017-04-01,93.42
43,W,PTOT,2017-07-01,100.81
43,W,PTOT,2017-10-01,119.35
43,W,PTOT,2018-01-01,74.59
43,W,PTOT,2018-04-01,96.4
43,W,PTOT,2018-07-01,101.54
43,W,PTOT,2018-10-01,116.09
43,W,PTOT,2019-01-01,76.59
43,W,PTOT,2019-04-01,95.1
43,W,PTOT,2019-07-01,99.49
43,W,PTOT,2019-10-01,116.38
43,W,PTOT,2020-01-01,80.42
43,W,PTOT,2020-04-01,91.73
43,W,PTOT,2020-07-01,102.33
43,W,PTOT,2020-10-01,112.63
43,W,PTOT,2021-01-01,80.14
43,W,PTOT,2021-04-01,100.25
43,W,PTOT,2021-07-01,103.93
43,W,PTOT,2021-10-01,115.68
43,W,PTOT,2022-01-01,78.78
43,W,PTOT,2022-04-01,99.27
43,W,PTOT,2022-07-01,96.23
43,W,PTOT,2022-10-01,110
43,W,PTOT,2023-01-01,80.19
43,W,PTOT,2023-04-01,92.52
43,W,PTOT,2023-07-01,98.37
43,W,PTOT,2023-10-01,113.65
43,W,PTOT,2024-01-01,77.87
43,W,PTOT,2024-04-01,90.97
43,W,PTOT,2024-07-01,95.53
43,W,PTOT,2024-10-01,109.47
43,W,PTOT,2025-01-01,79.93
43,W,PTOT,2025-04-01,88.32
43,W,PTOT,2025-07-01,96.17
43,W,PTOT,2025-10-01,107.71
43,W,PTOT,2026-01-01,78.92
43,W,PTOT,2026-04-01,89.01
43,W,UINL,2010-10-01,114.53
43,W,UINL,2011-01-01,72.61
43,W,UINL,2011-04-01,97.6
43,W,UINL,2011-07-01,97.42
43,W,UINL,2011-10-01,111.49
43,W,UINL,2012-01-01,72.93
43,W,UINL,2012-04-01,97.24
43,W,UINL,2012-07-01,95.34
43,W,UINL,2012-10-01,112.05
43,W,UINL,2013-01-01,72.4
43,W,UINL,2013-04-01,97.03
43,W,UINL,2013-07-01,99.28
43,W,UINL,2013-10-01,115.24
43,W,UINL,2014-01-01,77.8
43,W,UINL,2014-04-01,97.94
43,W,UINL,2014-07-01,98.02
43,W,UINL,2014-10-01,113.45
43,W,UINL,2015-01-01,76.81
43,W,UINL,2015-04-01,93.04
43,W,UINL,2015-07-01,95.33
43,W,UINL,2015-10-01,112.49
43,W,UINL,2016-01-01,75.21
43,W,UINL,2016-04-01,91.24
43,W,UINL,2016-07-01,95.94
43,W,UINL,2016-10-01,109.26
43,W,UINL,2017-01-01,73.98
43,W,UINL,2017-04-01,90.87
43,W,UINL,2017-07-01,97.69
43,W,UINL,2017-10-01,115.3
43,W,UINL,2018-01-01,72.68
43,W,UINL,2018-04-01,94.28
43,W,UINL,2018-07-01,98.82
43,W,UINL,2018-10-01,113.48
43,W,UINL,2019-01-01,75.21
43,W,UINL,2019-04-01,93.37
43,W,UINL,2019-07-01,97.64
43,W,UINL,2019-10-01,113.73
43,W,UINL,2020-01-01,78.48
43,W,UINL,2020-04-01,89.88
43,W,UINL,2020-07-01,100.72
43,W,UINL,2020-10-01,110.44
43,W,UINL,2021-01-01,78.57
43,W,UINL,2021-04-01,98.95
43,W,UINL,2021-07-01,104.42
43,W,UINL,2021-10-01,118.06
43,W,UINL,2022-01-01,82.08
43,W,UINL,2022-04-01,105.78
43,W,UINL,2022-07-01,104.46
43,W,UINL,2022-10-01,121.36
43,W,UINL,2023-01-01,89.6
43,W,UINL,2023-04-01,103.48
43,W,UINL,2023-07-01,110.13
43,W,UINL,2023-10-01,127.44
43,W,UINL,2024-01-01,86.83
43,W,UINL,2024-04-01,103.43
43,W,UINL,2024-07-01,108.48
43,W,UINL,2024-10-01,124.22
43,W,UINL,2025-01-01,90.6
43,W,UINL,2025-04-01,100.6
43,W,UINL,2025-07-01,110.12
43,W,UINL,2025-10-01,123.51
43,W,UINL,2026-01-01,90.36
43,W,UINL,2026-04-01,102.39
43,W,UTOT,1999-01-01,49.69
43,W,UTOT,1999-04-01,59.98
43,W,UTOT,1999-07-01,63.83
43,W,UTOT,1999-10-01,83.83
43,W,UTOT,2000-01-01,52.44
43,W,UTOT,2000-04-01,68.25
43,W,UTOT,2000-07-01,67.45
43,W,UTOT,2000-10-01,89.19
43,W,UTOT,2001-01-01,55.68
43,W,UTOT,2001-04-01,69.81
43,W,UTOT,2001-07-01,68.5
43,W,UTOT,2001-10-01,85.63
43,W,UTOT,2002-01-01,54.73
43,W,UTOT,2002-04-01,71.18
43,W,UTOT,2002-07-01,67.22
43,W,UTOT,2002-10-01,86.41
43,W,UTOT,2003-01-01,53.86
43,W,UTOT,2003-04-01,68.5
43,W,UTOT,2003-07-01,67.03
43,W,UTOT,2003-10-01,86.19
43,W,UTOT,2004-01-01,54.19
43,W,UTOT,2004-04-01,69.14
43,W,UTOT,2004-07-01,71.09
43,W,UTOT,2004-10-01,89.64
43,W,UTOT,2005-01-01,55.15
43,W,UTOT,2005-04-01,72.16
43,W,UTOT,2005-07-01,72.21
43,W,UTOT,2005-10-01,97.95
43,W,UTOT,2006-01-01,60.14
43,W,UTOT,2006-04-01,76.27
43,W,UTOT,2006-07-01,76.34
43,W,UTOT,2006-10-01,104.76
43,W,UTOT,2007-01-01,65.35
43,W,UTOT,2007-04-01,78.78
43,W,UTOT,2007-07-01,82.6
43,W,UTOT,2007-10-01,109.56
43,W,UTOT,2008-01-01,68.5
43,W,UTOT,2008-04-01,87.24
43,W,UTOT,2008-07-01,90.26
43,W,UTOT,2008-10-01,114.63
43,W,UTOT,2009-01-01,73.25
43,W,UTOT,2009-04-01,88.39
43,W,UTOT,2009-07-01,92.3
43,W,UTOT,2009-10-01,109.74
43,W,UTOT,2010-01-01,70.5
43,W,UTOT,2010-04-01,93.01
43,W,UTOT,2010-07-01,95.81
43,W,UTOT,2010-10-01,114.04
43,W,UTOT,2011-01-01,72.34
43,W,UTOT,2011-04-01,98.09
43,W,UTOT,2011-07-01,97.81
43,W,UTOT,2011-10-01,112.1
43,W,UTOT,2012-01-01,73.15
43,W,UTOT,2012-04-01,97.91
43,W,UTOT,2012-07-01,96.2
43,W,UTOT,2012-10-01,112.67
43,W,UTOT,2013-01-01,73.06
43,W,UTOT,2013-04-01,97.23
43,W,UTOT,2013-07-01,99.69
43,W,UTOT,2013-10-01,115.87
43,W,UTOT,2014-01-01,78.12
43,W,UTOT,2014-04-01,98.63
43,W,UTOT,2014-07-01,98.42
43,W,UTOT,2014-10-01,114.07
43,W,UTOT,2015-01-01,77.13
43,W,UTOT,2015-04-01,93.69
43,W,UTOT,2015-07-01,95.25
43,W,UTOT,2015-10-01,112.55
43,W,UTOT,2016-01-01,76.32
43,W,UTOT,2016-04-01,90.8
43,W,UTOT,2016-07-01,96.33
43,W,UTOT,2016-10-01,109.85
43,W,UTOT,2017-01-01,73.57
43,W,UTOT,2017-04-01,91.5
43,W,UTOT,2017-07-01,98.57
43,W,UTOT,2017-10-01,116.5
43,W,UTOT,2018-01-01,72.98
43,W,UTOT,2018-04-01,94.48
43,W,UTOT,2018-07-01,99.71
43,W,UTOT,2018-10-01,114.11
43,W,UTOT,2019-01-01,75.52
43,W,UTOT,2019-04-01,94.02
43,W,UTOT,2019-07-01,98.04
43,W,UTOT,2019-10-01,114.36
43,W,UTOT,2020-01-01,79.1
43,W,UTOT,2020-04-01,90.51
43,W,UTOT,2020-07-01,100.64
43,W,UTOT,2020-10-01,110.5
43,W,UTOT,2021-01-01,78.67
43,W,UTOT,2021-04-01,99.44
43,W,UTOT,2021-07-01,104.34
43,W,UTOT,2021-10-01,117.55
43,W,UTOT,2022-01-01,81.78
43,W,UTOT,2022-04-01,106.31
43,W,UTOT,2022-07-01,104.88
43,W,UTOT,2022-10-01,122.02
43,W,UTOT,2023-01-01,89.1
43,W,UTOT,2023-04-01,104.2
43,W,UTOT,2023-07-01,111.12
43,W,UTOT,2023-10-01,128.76
43,W,UTOT,2024-01-01,87.94
43,W,UTOT,2024-04-01,103.65
43,W,UTOT,2024-07-01,108.92
43,W,UTOT,2024-10-01,124.9
43,W,UTOT,2025-01-01,90.98
43,W,UTOT,2025-04-01,101.3
43,W,UTOT,2025-07-01,110.57
43,W,UTOT,2025-10-01,124.18
43,W,UTOT,2026-01-01,90.74
43,W,UTOT,2026-04-01,103.11
43,Y,PTOT,1999-01-01,79.68
43,Y,PTOT,1999-04-01,75.65
43,Y,PTOT,1999-07-01,80.99
43,Y,PTOT,1999-10-01,82.02
43,Y,PTOT,2000-01-01,81.54
43,Y,PTOT,2000-04-01,82.86
43,Y,PTOT,2000-07-01,82.88
43,Y,PTOT,2000-10-01,84.9
43,Y,PTOT,2001-01-01,83.86
43,Y,PTOT,2001-04-01,81.87
43,Y,PTOT,2001-07-01,81.48
43,Y,PTOT,2001-10-01,79.15
43,Y,PTOT,2002-01-01,80.89
43,Y,PTOT,2002-04-01,82.94
43,Y,PTOT,2002-07-01,79.82
43,Y,PTOT,2002-10-01,80.09
43,Y,PTOT,2003-01-01,80.38
43,Y,PTOT,2003-04-01,80.88
43,Y,PTOT,2003-07-01,80.32
43,Y,PTOT,2003-10-01,79.95
43,Y,PTOT,2004-01-01,81.13
43,Y,PTOT,2004-04-01,81.73
43,Y,PTOT,2004-07-01,84.76
43,Y,PTOT,2004-10-01,82.14
43,Y,PTOT,2005-01-01,81.26
43,Y,PTOT,2005-04-01,83.9
43,Y,PTOT,2005-07-01,84.1
43,Y,PTOT,2005-10-01,87.61
43,Y,PTOT,2006-01-01,86.8
43,Y,PTOT,2006-04-01,86.85
43,Y,PTOT,2006-07-01,86.07
43,Y,PTOT,2006-10-01,90.97
43,Y,PTOT,2007-01-01,91.01
43,Y,PTOT,2007-04-01,86.22
43,Y,PTOT,2007-07-01,88.68
43,Y,PTOT,2007-10-01,91.77
43,Y,PTOT,2008-01-01,91.47
43,Y,PTOT,2008-04-01,91.22
43,Y,PTOT,2008-07-01,92.35
43,Y,PTOT,2008-10-01,93.68
43,Y,PTOT,2009-01-01,95.74
43,Y,PTOT,2009-04-01,90.8
43,Y,PTOT,2009-07-01,93.19
43,Y,PTOT,2009-10-01,90.96
43,Y,PTOT,2010-01-01,92.73
43,Y,PTOT,2010-04-01,95.45
43,Y,PTOT,2010-07-01,96.54
43,Y,PTOT,2010-10-01,96
43,Y,PTOT,2011-01-01,94.57
43,Y,PTOT,2011-04-01,98.31
43,Y,PTOT,2011-07-01,96.5
43,Y,PTOT,2011-10-01,93.41
43,Y,PTOT,2012-01-01,94.37
43,Y,PTOT,2012-04-01,97.32
43,Y,PTOT,2012-07-01,94.49
43,Y,PTOT,2012-10-01,94.49
43,Y,PTOT,2013-01-01,93.25
43,Y,PTOT,2013-04-01,96.5
43,Y,PTOT,2013-07-01,97.52
43,Y,PTOT,2013-10-01,97.1
43,Y,PTOT,2014-01-01,98.4
43,Y,PTOT,2014-04-01,97.58
43,Y,PTOT,2014-07-01,95.58
43,Y,PTOT,2014-10-01,95.54
43,Y,PTOT,2015-01-01,96.55
43,Y,PTOT,2015-04-01,93.75
43,Y,PTOT,2015-07-01,92.49
43,Y,PTOT,2015-10-01,94.3
43,Y,PTOT,2016-01-01,95.48
43,Y,PTOT,2016-04-01,91.93
43,Y,PTOT,2016-07-01,94.41
43,Y,PTOT,2016-10-01,93.85
43,Y,PTOT,2017-01-01,93.59
43,Y,PTOT,2017-04-01,94.57
43,Y,PTOT,2017-07-01,97.8
43,Y,PTOT,2017-10-01,100.86
43,Y,PTOT,2018-01-01,93.16
43,Y,PTOT,2018-04-01,97.63
43,Y,PTOT,2018-07-01,98.32
43,Y,PTOT,2018-10-01,98.41
43,Y,PTOT,2019-01-01,95.41
43,Y,PTOT,2019-04-01,96.22
43,Y,PTOT,2019-07-01,96.31
43,Y,PTOT,2019-10-01,99.07
43,Y,PTOT,2020-01-01,99.58
43,Y,PTOT,2020-04-01,92.77
43,Y,PTOT,2020-07-01,99.24
43,Y,PTOT,2020-10-01,96.15
43,Y,PTOT,2021-01-01,98.49
43,Y,PTOT,2021-04-01,101.54
43,Y,PTOT,2021-07-01,100.97
43,Y,PTOT,2021-10-01,99
43,Y,PTOT,2022-01-01,95.92
43,Y,PTOT,2022-04-01,100.94
43,Y,PTOT,2022-07-01,93.64
43,Y,PTOT,2022-10-01,94.25
43,Y,PTOT,2023-01-01,96.8
43,Y,PTOT,2023-04-01,94.54
43,Y,PTOT,2023-07-01,95.8
43,Y,PTOT,2023-10-01,97.46
43,Y,PTOT,2024-01-01,93.21
43,Y,PTOT,2024-04-01,93.53
43,Y,PTOT,2024-07-01,93.04
43,Y,PTOT,2024-10-01,93.88
43,Y,PTOT,2025-01-01,95.12
43,Y,PTOT,2025-04-01,91.25
43,Y,PTOT,2025-07-01,93.55
43,Y,PTOT,2025-10-01,92.48
43,Y,PTOT,2026-01-01,93.45
43,Y,PTOT,2026-04-01,92.33
43,Y,UINL,2010-10-01,96.9
43,Y,UINL,2011-01-01,94.3
43,Y,UINL,2011-04-01,95.18
43,Y,UINL,2011-07-01,95.75
43,Y,UINL,2011-10-01,94.46
43,Y,UINL,2012-01-01,94.23
43,Y,UINL,2012-04-01,95.14
43,Y,UINL,2012-07-01,93.81
43,Y,UINL,2012-10-01,94.97
43,Y,UINL,2013-01-01,92.57
43,Y,UINL,2013-04-01,95.73
43,Y,UINL,2013-07-01,97.74
43,Y,UINL,2013-10-01,97.61
43,Y,UINL,2014-01-01,98.23
43,Y,UINL,2014-04-01,97.74
43,Y,UINL,2014-07-01,96.47
43,Y,UINL,2014-10-01,95.84
43,Y,UINL,2015-01-01,96.12
43,Y,UINL,2015-04-01,94.04
43,Y,UINL,2015-07-01,93.38
43,Y,UINL,2015-10-01,94.8
43,Y,UINL,2016-01-01,93.98
43,Y,UINL,2016-04-01,92.93
43,Y,UINL,2016-07-01,93.4
43,Y,UINL,2016-10-01,92.06
43,Y,UINL,2017-01-01,92.68
43,Y,UINL,2017-04-01,92.74
43,Y,UINL,2017-07-01,94.73
43,Y,UINL,2017-10-01,97.25
43,Y,UINL,2018-01-01,91.31
43,Y,UINL,2018-04-01,95.95
43,Y,UINL,2018-07-01,95.64
43,Y,UINL,2018-10-01,96.19
43,Y,UINL,2019-01-01,94.32
43,Y,UINL,2019-04-01,94.63
43,Y,UINL,2019-07-01,94.49
43,Y,UINL,2019-10-01,97.05
43,Y,UINL,2020-01-01,97.8
43,Y,UINL,2020-04-01,90.8
43,Y,UINL,2020-07-01,97.52
43,Y,UINL,2020-10-01,95
43,Y,UINL,2021-01-01,96.78
43,Y,UINL,2021-04-01,100.02
43,Y,UINL,2021-07-01,101.53
43,Y,UINL,2021-10-01,101.67
43,Y,UINL,2022-01-01,100.05
43,Y,UINL,2022-04-01,107.39
43,Y,UINL,2022-07-01,102.12
43,Y,UINL,2022-10-01,104.25
43,Y,UINL,2023-01-01,107.99
43,Y,UINL,2023-04-01,106.16
43,Y,UINL,2023-07-01,107.83
43,Y,UINL,2023-10-01,109.01
43,Y,UINL,2024-01-01,104.09
43,Y,UINL,2024-04-01,106.98
43,Y,UINL,2024-07-01,105.96
43,Y,UINL,2024-10-01,106.4
43,Y,UINL,2025-01-01,107.78
43,Y,UINL,2025-04-01,104.89
43,Y,UINL,2025-07-01,107.1
43,Y,UINL,2025-10-01,105.99
43,Y,UINL,2026-01-01,107.22
43,Y,UINL,2026-04-01,106.94
43,Y,UTOT,1999-01-01,63.66
43,Y,UTOT,1999-04-01,60.51
43,Y,UTOT,1999-07-01,65.62
43,Y,UTOT,1999-10-01,67.05
43,Y,UTOT,2000-01-01,67.21
43,Y,UTOT,2000-04-01,68.72
43,Y,UTOT,2000-07-01,69.37
43,Y,UTOT,2000-10-01,71.45
43,Y,UTOT,2001-01-01,71.32
43,Y,UTOT,2001-04-01,70.18
43,Y,UTOT,2001-07-01,70.42
43,Y,UTOT,2001-10-01,68.72
43,Y,UTOT,2002-01-01,70.05
43,Y,UTOT,2002-04-01,71.47
43,Y,UTOT,2002-07-01,69.24
43,Y,UTOT,2002-10-01,69.21
43,Y,UTOT,2003-01-01,68.97
43,Y,UTOT,2003-04-01,68.98
43,Y,UTOT,2003-07-01,69.1
43,Y,UTOT,2003-10-01,68.71
43,Y,UTOT,2004-01-01,69.51
43,Y,UTOT,2004-04-01,69.93
43,Y,UTOT,2004-07-01,73.52
43,Y,UTOT,2004-10-01,70.9
43,Y,UTOT,2005-01-01,70.87
43,Y,UTOT,2005-04-01,73.42
43,Y,UTOT,2005-07-01,74.79
43,Y,UTOT,2005-10-01,77.05
43,Y,UTOT,2006-01-01,77.3
43,Y,UTOT,2006-04-01,78.03
43,Y,UTOT,2006-07-01,78.82
43,Y,UTOT,2006-10-01,82.44
43,Y,UTOT,2007-01-01,83.9
43,Y,UTOT,2007-04-01,80.9
43,Y,UTOT,2007-07-01,84.33
43,Y,UTOT,2007-10-01,86.97
43,Y,UTOT,2008-01-01,88.04
43,Y,UTOT,2008-04-01,89.36
43,Y,UTOT,2008-07-01,90.74
43,Y,UTOT,2008-10-01,92.35
43,Y,UTOT,2009-01-01,94.51
43,Y,UTOT,2009-04-01,89.72
43,Y,UTOT,2009-07-01,91.49
43,Y,UTOT,2009-10-01,89.88
43,Y,UTOT,2010-01-01,91.47
43,Y,UTOT,2010-04-01,93.16
43,Y,UTOT,2010-07-01,94.27
43,Y,UTOT,2010-10-01,94.61
43,Y,UTOT,2011-01-01,94.19
43,Y,UTOT,2011-04-01,97.18
43,Y,UTOT,2011-07-01,95.96
43,Y,UTOT,2011-10-01,93.93
43,Y,UTOT,2012-01-01,94.85
43,Y,UTOT,2012-04-01,96.56
43,Y,UTOT,2012-07-01,94.48
43,Y,UTOT,2012-10-01,94.88
43,Y,UTOT,2013-01-01,93.81
43,Y,UTOT,2013-04-01,96.18
43,Y,UTOT,2013-07-01,98
43,Y,UTOT,2013-10-01,97.89
43,Y,UTOT,2014-01-01,98.89
43,Y,UTOT,2014-04-01,98.45
43,Y,UTOT,2014-07-01,96.73
43,Y,UTOT,2014-10-01,96.33
43,Y,UTOT,2015-01-01,96.69
43,Y,UTOT,2015-04-01,94.54
43,Y,UTOT,2015-07-01,93.25
43,Y,UTOT,2015-10-01,94.94
43,Y,UTOT,2016-01-01,95.35
43,Y,UTOT,2016-04-01,92.4
43,Y,UTOT,2016-07-01,93.74
43,Y,UTOT,2016-10-01,92.59
43,Y,UTOT,2017-01-01,92.21
43,Y,UTOT,2017-04-01,93.26
43,Y,UTOT,2017-07-01,95.55
43,Y,UTOT,2017-10-01,98.31
43,Y,UTOT,2018-01-01,91.74
43,Y,UTOT,2018-04-01,96.02
43,Y,UTOT,2018-07-01,96.48
43,Y,UTOT,2018-10-01,96.74
43,Y,UTOT,2019-01-01,94.79
43,Y,UTOT,2019-04-01,95.09
43,Y,UTOT,2019-07-01,94.92
43,Y,UTOT,2019-10-01,97.65
43,Y,UTOT,2020-01-01,98.49
43,Y,UTOT,2020-04-01,91.3
43,Y,UTOT,2020-07-01,97.55
43,Y,UTOT,2020-10-01,95.04
43,Y,UTOT,2021-01-01,96.84
43,Y,UTOT,2021-04-01,100.38
43,Y,UTOT,2021-07-01,101.56
43,Y,UTOT,2021-10-01,101.23
43,Y,UTOT,2022-01-01,99.67
43,Y,UTOT,2022-04-01,107.78
43,Y,UTOT,2022-07-01,102.55
43,Y,UTOT,2022-10-01,104.8
43,Y,UTOT,2023-01-01,107.65
43,Y,UTOT,2023-04-01,106.54
43,Y,UTOT,2023-07-01,108.81
43,Y,UTOT,2023-10-01,110.21
43,Y,UTOT,2024-01-01,105.67
43,Y,UTOT,2024-04-01,106.78
43,Y,UTOT,2024-07-01,106.43
43,Y,UTOT,2024-10-01,107.06
43,Y,UTOT,2025-01-01,108.5
43,Y,UTOT,2025-04-01,105.13
43,Y,UTOT,2025-07-01,107.62
43,Y,UTOT,2025-10-01,106.72
43,Y,UTOT,2026-01-01,107.7
43,Y,UTOT,2026-04-01,107.35
B,N,PTOT,2004-01-01,54.7
B,N,PTOT,2004-04-01,96.52
B,N,PTOT,2004-07-01,99.36
B,N,PTOT,2004-10-01,79.79
B,N,PTOT,2005-01-01,47.51
B,N,PTOT,2005-04-01,95.19
B,N,PTOT,2005-07-01,96.96
B,N,PTOT,2005-10-01,81.31
B,N,PTOT,2006-01-01,53.94
B,N,PTOT,2006-04-01,99.85
B,N,PTOT,2006-07-01,105.1
B,N,PTOT,2006-10-01,83.64
B,N,PTOT,2007-01-01,57.39
B,N,PTOT,2007-04-01,103.92
B,N,PTOT,2007-07-01,102.26
B,N,PTOT,2007-10-01,84.13
B,N,PTOT,2008-01-01,51.96
B,N,PTOT,2008-04-01,99.37
B,N,PTOT,2008-07-01,97.52
B,N,PTOT,2008-10-01,76.96
B,N,PTOT,2009-01-01,52.8
B,N,PTOT,2009-04-01,98.55
B,N,PTOT,2009-07-01,108.4
B,N,PTOT,2009-10-01,82.76
B,N,PTOT,2010-01-01,58.8
B,N,PTOT,2010-04-01,105.14
B,N,PTOT,2010-07-01,125.42
B,N,PTOT,2010-10-01,95.29
B,N,PTOT,2011-01-01,64.89
B,N,PTOT,2011-04-01,111.36
B,N,PTOT,2011-07-01,106.57
B,N,PTOT,2011-10-01,95.3
B,N,PTOT,2012-01-01,53.67
B,N,PTOT,2012-04-01,113.43
B,N,PTOT,2012-07-01,112.71
B,N,PTOT,2012-10-01,100.89
B,N,PTOT,2013-01-01,58.25
B,N,PTOT,2013-04-01,116.79
B,N,PTOT,2013-07-01,114.75
B,N,PTOT,2013-10-01,103.46
B,N,PTOT,2014-01-01,65.59
B,N,PTOT,2014-04-01,112.69
B,N,PTOT,2014-07-01,109.95
B,N,PTOT,2014-10-01,96.48
B,N,PTOT,2015-01-01,63.98
B,N,PTOT,2015-04-01,115.46
B,N,PTOT,2015-07-01,113.08
B,N,PTOT,2015-10-01,93.08
B,N,PTOT,2016-01-01,72.73
B,N,PTOT,2016-04-01,111.79
B,N,PTOT,2016-07-01,105.27
B,N,PTOT,2016-10-01,95.4
B,N,PTOT,2017-01-01,77.41
B,N,PTOT,2017-04-01,117.25
B,N,PTOT,2017-07-01,110.2
B,N,PTOT,2017-10-01,100.34
B,N,PTOT,2018-01-01,73.07
B,N,PTOT,2018-04-01,112.5
B,N,PTOT,2018-07-01,104.95
B,N,PTOT,2018-10-01,94.19
B,N,PTOT,2019-01-01,76.07
B,N,PTOT,2019-04-01,104.93
B,N,PTOT,2019-07-01,101.17
B,N,PTOT,2019-10-01,89.62
B,N,PTOT,2020-01-01,72.61
B,N,PTOT,2020-04-01,100.31
B,N,PTOT,2020-07-01,104.31
B,N,PTOT,2020-10-01,91.93
B,N,PTOT,2021-01-01,81.71
B,N,PTOT,2021-04-01,118.04
B,N,PTOT,2021-07-01,103.49
B,N,PTOT,2021-10-01,96.76
B,N,PTOT,2022-01-01,77.53
B,N,PTOT,2022-04-01,103.94
B,N,PTOT,2022-07-01,99.48
B,N,PTOT,2022-10-01,91.67
B,N,PTOT,2023-01-01,76.76
B,N,PTOT,2023-04-01,97.4
B,N,PTOT,2023-07-01,98.05
B,N,PTOT,2023-10-01,91.54
B,N,PTOT,2024-01-01,75.7
B,N,PTOT,2024-04-01,100.92
B,N,PTOT,2024-07-01,97.83
B,N,PTOT,2024-10-01,92.67
B,N,PTOT,2025-01-01,78.5
B,N,PTOT,2025-04-01,108.35
B,N,PTOT,2025-07-01,109.58
B,N,PTOT,2025-10-01,95.01
B,N,PTOT,2026-01-01,81.65
B,N,PTOT,2026-04-01,105.48
B,N,UINL,2010-10-01,98.48
B,N,UINL,2011-01-01,67.55
B,N,UINL,2011-04-01,116.38
B,N,UINL,2011-07-01,111.1
B,N,UINL,2011-10-01,98.71
B,N,UINL,2012-01-01,55.46
B,N,UINL,2012-04-01,117.27
B,N,UINL,2012-07-01,116.52
B,N,UINL,2012-10-01,104.05
B,N,UINL,2013-01-01,60.17
B,N,UINL,2013-04-01,120.5
B,N,UINL,2013-07-01,118.17
B,N,UINL,2013-10-01,106.44
B,N,UINL,2014-01-01,67.37
B,N,UINL,2014-04-01,115.51
B,N,UINL,2014-07-01,112.5
B,N,UINL,2014-10-01,98.77
B,N,UINL,2015-01-01,65.69
B,N,UINL,2015-04-01,118.29
B,N,UINL,2015-07-01,115.95
B,N,UINL,2015-10-01,94.89
B,N,UINL,2016-01-01,73.65
B,N,UINL,2016-04-01,113.06
B,N,UINL,2016-07-01,106.13
B,N,UINL,2016-10-01,95.95
B,N,UINL,2017-01-01,78.02
B,N,UINL,2017-04-01,118.43
B,N,UINL,2017-07-01,111.42
B,N,UINL,2017-10-01,101.42
B,N,UINL,2018-01-01,73.85
B,N,UINL,2018-04-01,113.67
B,N,UINL,2018-07-01,106.11
B,N,UINL,2018-10-01,95.06
B,N,UINL,2019-01-01,76.81
B,N,UINL,2019-04-01,105.66
B,N,UINL,2019-07-01,101.6
B,N,UINL,2019-10-01,89.93
B,N,UINL,2020-01-01,72.82
B,N,UINL,2020-04-01,100.02
B,N,UINL,2020-07-01,103.85
B,N,UINL,2020-10-01,91.45
B,N,UINL,2021-01-01,82.07
B,N,UINL,2021-04-01,118.41
B,N,UINL,2021-07-01,103.27
B,N,UINL,2021-10-01,96.26
B,N,UINL,2022-01-01,77.56
B,N,UINL,2022-04-01,104.61
B,N,UINL,2022-07-01,100.6
B,N,UINL,2022-10-01,93.03
B,N,UINL,2023-01-01,79.11
B,N,UINL,2023-04-01,101.6
B,N,UINL,2023-07-01,103.16
B,N,UINL,2023-10-01,96.31
B,N,UINL,2024-01-01,80.21
B,N,UINL,2024-04-01,106.66
B,N,UINL,2024-07-01,103.18
B,N,UINL,2024-10-01,97.71
B,N,UINL,2025-01-01,83.01
B,N,UINL,2025-04-01,115.02
B,N,UINL,2025-07-01,116.4
B,N,UINL,2025-10-01,100.98
B,N,UINL,2026-01-01,87.14
B,N,UINL,2026-04-01,113.09
B,N,UTOT,1999-01-01,42.04
B,N,UTOT,1999-04-01,80.89
B,N,UTOT,1999-07-01,88.35
B,N,UTOT,1999-10-01,67.62
B,N,UTOT,2000-01-01,48.33
B,N,UTOT,2000-04-01,85.28
B,N,UTOT,2000-07-01,81.13
B,N,UTOT,2000-10-01,64.57
B,N,UTOT,2001-01-01,48.15
B,N,UTOT,2001-04-01,85.47
B,N,UTOT,2001-07-01,83.97
B,N,UTOT,2001-10-01,68.44
B,N,UTOT,2002-01-01,50.59
B,N,UTOT,2002-04-01,89.19
B,N,UTOT,2002-07-01,86.02
B,N,UTOT,2002-10-01,67.24
B,N,UTOT,2003-01-01,47.73
B,N,UTOT,2003-04-01,87.02
B,N,UTOT,2003-07-01,90.81
B,N,UTOT,2003-10-01,67.17
B,N,UTOT,2004-01-01,50.95
B,N,UTOT,2004-04-01,89.94
B,N,UTOT,2004-07-01,92.49
B,N,UTOT,2004-10-01,74.25
B,N,UTOT,2005-01-01,44.48
B,N,UTOT,2005-04-01,89.85
B,N,UTOT,2005-07-01,91.7
B,N,UTOT,2005-10-01,76.94
B,N,UTOT,2006-01-01,51.41
B,N,UTOT,2006-04-01,95.96
B,N,UTOT,2006-07-01,101.04
B,N,UTOT,2006-10-01,80.42
B,N,UTOT,2007-01-01,55.51
B,N,UTOT,2007-04-01,101.48
B,N,UTOT,2007-07-01,99.76
B,N,UTOT,2007-10-01,81.98
B,N,UTOT,2008-01-01,51.1
B,N,UTOT,2008-04-01,99.35
B,N,UTOT,2008-07-01,97.7
B,N,UTOT,2008-10-01,77.29
B,N,UTOT,2009-01-01,53.53
B,N,UTOT,2009-04-01,101.61
B,N,UTOT,2009-07-01,111.83
B,N,UTOT,2009-10-01,85.34
B,N,UTOT,2010-01-01,60.75
B,N,UTOT,2010-04-01,108.83
B,N,UTOT,2010-07-01,129.61
B,N,UTOT,2010-10-01,98.48
B,N,UTOT,2011-01-01,67.55
B,N,UTOT,2011-04-01,116.38
B,N,UTOT,2011-07-01,111.1
B,N,UTOT,2011-10-01,98.71
B,N,UTOT,2012-01-01,55.46
B,N,UTOT,2012-04-01,117.27
B,N,UTOT,2012-07-01,116.52
B,N,UTOT,2012-10-01,104.05
B,N,UTOT,2013-01-01,60.17
B,N,UTOT,2013-04-01,120.5
B,N,UTOT,2013-07-01,118.17
B,N,UTOT,2013-10-01,106.44
B,N,UTOT,2014-01-01,67.37
B,N,UTOT,2014-04-01,115.51
B,N,UTOT,2014-07-01,112.5
B,N,UTOT,2014-10-01,98.77
B,N,UTOT,2015-01-01,65.69
B,N,UTOT,2015-04-01,118.29
B,N,UTOT,2015-07-01,115.95
B,N,UTOT,2015-10-01,94.89
B,N,UTOT,2016-01-01,73.65
B,N,UTOT,2016-04-01,113.06
B,N,UTOT,2016-07-01,106.13
B,N,UTOT,2016-10-01,95.95
B,N,UTOT,2017-01-01,78.02
B,N,UTOT,2017-04-01,118.43
B,N,UTOT,2017-07-01,111.42
B,N,UTOT,2017-10-01,101.42
B,N,UTOT,2018-01-01,73.85
B,N,UTOT,2018-04-01,113.67
B,N,UTOT,2018-07-01,106.11
B,N,UTOT,2018-10-01,95.06
B,N,UTOT,2019-01-01,76.81
B,N,UTOT,2019-04-01,105.66
B,N,UTOT,2019-07-01,101.6
B,N,UTOT,2019-10-01,89.93
B,N,UTOT,2020-01-01,72.82
B,N,UTOT,2020-04-01,100.02
B,N,UTOT,2020-07-01,103.85
B,N,UTOT,2020-10-01,91.45
B,N,UTOT,2021-01-01,82.07
B,N,UTOT,2021-04-01,118.41
B,N,UTOT,2021-07-01,103.27
B,N,UTOT,2021-10-01,96.26
B,N,UTOT,2022-01-01,77.56
B,N,UTOT,2022-04-01,104.61
B,N,UTOT,2022-07-01,100.6
B,N,UTOT,2022-10-01,93.03
B,N,UTOT,2023-01-01,79.11
B,N,UTOT,2023-04-01,101.6
B,N,UTOT,2023-07-01,103.16
B,N,UTOT,2023-10-01,96.31
B,N,UTOT,2024-01-01,80.21
B,N,UTOT,2024-04-01,106.66
B,N,UTOT,2024-07-01,103.18
B,N,UTOT,2024-10-01,97.71
B,N,UTOT,2025-01-01,83.01
B,N,UTOT,2025-04-01,115.02
B,N,UTOT,2025-07-01,116.4
B,N,UTOT,2025-10-01,100.98
B,N,UTOT,2026-01-01,87.14
B,N,UTOT,2026-04-01,113.09
B,W,PTOT,2004-01-01,53.23
B,W,PTOT,2004-04-01,97.94
B,W,PTOT,2004-07-01,98.49
B,W,PTOT,2004-10-01,78
B,W,PTOT,2005-01-01,49.25
B,W,PTOT,2005-04-01,92.87
B,W,PTOT,2005-07-01,98.01
B,W,PTOT,2005-10-01,82.66
B,W,PTOT,2006-01-01,53.35
B,W,PTOT,2006-04-01,102.11
B,W,PTOT,2006-07-01,108.35
B,W,PTOT,2006-10-01,86.71
B,W,PTOT,2007-01-01,57.89
B,W,PTOT,2007-04-01,106.26
B,W,PTOT,2007-07-01,105.42
B,W,PTOT,2007-10-01,85.52
B,W,PTOT,2008-01-01,52.59
B,W,PTOT,2008-04-01,96.95
B,W,PTOT,2008-07-01,98.59
B,W,PTOT,2008-10-01,78.24
B,W,PTOT,2009-01-01,54.31
B,W,PTOT,2009-04-01,100.78
B,W,PTOT,2009-07-01,107.46
B,W,PTOT,2009-10-01,82.49
B,W,PTOT,2010-01-01,59.78
B,W,PTOT,2010-04-01,106.68
B,W,PTOT,2010-07-01,124.32
B,W,PTOT,2010-10-01,94.77
B,W,PTOT,2011-01-01,64.51
B,W,PTOT,2011-04-01,112
B,W,PTOT,2011-07-01,107.36
B,W,PTOT,2011-10-01,96.4
B,W,PTOT,2012-01-01,52.64
B,W,PTOT,2012-04-01,114.88
B,W,PTOT,2012-07-01,114.9
B,W,PTOT,2012-10-01,101.06
B,W,PTOT,2013-01-01,60.05
B,W,PTOT,2013-04-01,117.13
B,W,PTOT,2013-07-01,115.25
B,W,PTOT,2013-10-01,104.09
B,W,PTOT,2014-01-01,66.71
B,W,PTOT,2014-04-01,114.3
B,W,PTOT,2014-07-01,110.27
B,W,PTOT,2014-10-01,97.34
B,W,PTOT,2015-01-01,64.74
B,W,PTOT,2015-04-01,116.7
B,W,PTOT,2015-07-01,112.21
B,W,PTOT,2015-10-01,93.24
B,W,PTOT,2016-01-01,73.03
B,W,PTOT,2016-04-01,109.95
B,W,PTOT,2016-07-01,106.1
B,W,PTOT,2016-10-01,96.48
B,W,PTOT,2017-01-01,76.42
B,W,PTOT,2017-04-01,118.33
B,W,PTOT,2017-07-01,112.4
B,W,PTOT,2017-10-01,101.95
B,W,PTOT,2018-01-01,74.27
B,W,PTOT,2018-04-01,112.65
B,W,PTOT,2018-07-01,107.03
B,W,PTOT,2018-10-01,94.24
B,W,PTOT,2019-01-01,77.35
B,W,PTOT,2019-04-01,106.27
B,W,PTOT,2019-07-01,101.65
B,W,PTOT,2019-10-01,90.04
B,W,PTOT,2020-01-01,72.03
B,W,PTOT,2020-04-01,101.63
B,W,PTOT,2020-07-01,103.44
B,W,PTOT,2020-10-01,92.17
B,W,PTOT,2021-01-01,81.87
B,W,PTOT,2021-04-01,118.83
B,W,PTOT,2021-07-01,102.95
B,W,PTOT,2021-10-01,96.35
B,W,PTOT,2022-01-01,76.74
B,W,PTOT,2022-04-01,104.77
B,W,PTOT,2022-07-01,100.26
B,W,PTOT,2022-10-01,92.79
B,W,PTOT,2023-01-01,75.68
B,W,PTOT,2023-04-01,98.53
B,W,PTOT,2023-07-01,99.97
B,W,PTOT,2023-10-01,93.08
B,W,PTOT,2024-01-01,76.27
B,W,PTOT,2024-04-01,101.14
B,W,PTOT,2024-07-01,98.26
B,W,PTOT,2024-10-01,93.15
B,W,PTOT,2025-01-01,79.84
B,W,PTOT,2025-04-01,109.82
B,W,PTOT,2025-07-01,109.81
B,W,PTOT,2025-10-01,95.92
B,W,PTOT,2026-01-01,82.56
B,W,PTOT,2026-04-01,106.63
B,W,UINL,2010-10-01,97.97
B,W,UINL,2011-01-01,67.09
B,W,UINL,2011-04-01,117.07
B,W,UINL,2011-07-01,111.95
B,W,UINL,2011-10-01,99.88
B,W,UINL,2012-01-01,54.58
B,W,UINL,2012-04-01,118.79
B,W,UINL,2012-07-01,118.79
B,W,UINL,2012-10-01,104.24
B,W,UINL,2013-01-01,61.96
B,W,UINL,2013-04-01,120.88
B,W,UINL,2013-07-01,118.71
B,W,UINL,2013-10-01,107.11
B,W,UINL,2014-01-01,68.44
B,W,UINL,2014-04-01,117.18
B,W,UINL,2014-07-01,112.84
B,W,UINL,2014-10-01,99.66
B,W,UINL,2015-01-01,66.41
B,W,UINL,2015-04-01,119.57
B,W,UINL,2015-07-01,115.09
B,W,UINL,2015-10-01,95.08
B,W,UINL,2016-01-01,74.22
B,W,UINL,2016-04-01,111.24
B,W,UINL,2016-07-01,106.99
B,W,UINL,2016-10-01,97.05
B,W,UINL,2017-01-01,76.96
B,W,UINL,2017-04-01,119.53
B,W,UINL,2017-07-01,113.66
B,W,UINL,2017-10-01,103.06
B,W,UINL,2018-01-01,75
B,W,UINL,2018-04-01,113.84
B,W,UINL,2018-07-01,108.22
B,W,UINL,2018-10-01,95.13
B,W,UINL,2019-01-01,78.02
B,W,UINL,2019-04-01,107.02
B,W,UINL,2019-07-01,102.09
B,W,UINL,2019-10-01,90.37
B,W,UINL,2020-01-01,72.48
B,W,UINL,2020-04-01,101.35
B,W,UINL,2020-07-01,103.01
B,W,UINL,2020-10-01,91.7
B,W,UINL,2021-01-01,82.16
B,W,UINL,2021-04-01,119.21
B,W,UINL,2021-07-01,102.75
B,W,UINL,2021-10-01,95.88
B,W,UINL,2022-01-01,76.72
B,W,UINL,2022-04-01,105.46
B,W,UINL,2022-07-01,101.4
B,W,UINL,2022-10-01,94.17
B,W,UINL,2023-01-01,77.95
B,W,UINL,2023-04-01,102.77
B,W,UINL,2023-07-01,105.18
B,W,UINL,2023-10-01,97.94
B,W,UINL,2024-01-01,81.09
B,W,UINL,2024-04-01,106.89
B,W,UINL,2024-07-01,103.66
B,W,UINL,2024-10-01,98.24
B,W,UINL,2025-01-01,84.34
B,W,UINL,2025-04-01,116.59
B,W,UINL,2025-07-01,116.66
B,W,UINL,2025-10-01,101.97
B,W,UINL,2026-01-01,88.03
B,W,UINL,2026-04-01,114.33
B,W,UTOT,1999-01-01,42.67
B,W,UTOT,1999-04-01,82.06
B,W,UTOT,1999-07-01,87.62
B,W,UTOT,1999-10-01,66.16
B,W,UTOT,2000-01-01,45.88
B,W,UTOT,2000-04-01,87.17
B,W,UTOT,2000-07-01,83.59
B,W,UTOT,2000-10-01,66.89
B,W,UTOT,2001-01-01,48.49
B,W,UTOT,2001-04-01,87.37
B,W,UTOT,2001-07-01,86.52
B,W,UTOT,2001-10-01,69.56
B,W,UTOT,2002-01-01,52.93
B,W,UTOT,2002-04-01,89.45
B,W,UTOT,2002-07-01,86.95
B,W,UTOT,2002-10-01,68.34
B,W,UTOT,2003-01-01,49
B,W,UTOT,2003-04-01,88.95
B,W,UTOT,2003-07-01,91.8
B,W,UTOT,2003-10-01,68.27
B,W,UTOT,2004-01-01,49.86
B,W,UTOT,2004-04-01,91.24
B,W,UTOT,2004-07-01,91.73
B,W,UTOT,2004-10-01,72.64
B,W,UTOT,2005-01-01,46.02
B,W,UTOT,2005-04-01,87.74
B,W,UTOT,2005-07-01,92.69
B,W,UTOT,2005-10-01,78.2
B,W,UTOT,2006-01-01,50.8
B,W,UTOT,2006-04-01,98.09
B,W,UTOT,2006-07-01,104.11
B,W,UTOT,2006-10-01,83.31
B,W,UTOT,2007-01-01,55.91
B,W,UTOT,2007-04-01,103.74
B,W,UTOT,2007-07-01,102.78
B,W,UTOT,2007-10-01,83.32
B,W,UTOT,2008-01-01,51.96
B,W,UTOT,2008-04-01,97.01
B,W,UTOT,2008-07-01,98.76
B,W,UTOT,2008-10-01,78.55
B,W,UTOT,2009-01-01,54.95
B,W,UTOT,2009-04-01,103.87
B,W,UTOT,2009-07-01,110.9
B,W,UTOT,2009-10-01,85.1
B,W,UTOT,2010-01-01,61.65
B,W,UTOT,2010-04-01,110.41
B,W,UTOT,2010-07-01,128.54
B,W,UTOT,2010-10-01,97.95
B,W,UTOT,2011-01-01,67.14
B,W,UTOT,2011-04-01,117.05
B,W,UTOT,2011-07-01,111.94
B,W,UTOT,2011-10-01,99.87
B,W,UTOT,2012-01-01,54.42
B,W,UTOT,2012-04-01,118.78
B,W,UTOT,2012-07-01,118.79
B,W,UTOT,2012-10-01,104.22
B,W,UTOT,2013-01-01,62.02
B,W,UTOT,2013-04-01,120.86
B,W,UTOT,2013-07-01,118.69
B,W,UTOT,2013-10-01,107.09
B,W,UTOT,2014-01-01,68.51
B,W,UTOT,2014-04-01,117.17
B,W,UTOT,2014-07-01,112.82
B,W,UTOT,2014-10-01,99.65
B,W,UTOT,2015-01-01,66.46
B,W,UTOT,2015-04-01,119.56
B,W,UTOT,2015-07-01,115.06
B,W,UTOT,2015-10-01,95.06
B,W,UTOT,2016-01-01,74
B,W,UTOT,2016-04-01,111.2
B,W,UTOT,2016-07-01,106.98
B,W,UTOT,2016-10-01,97.05
B,W,UTOT,2017-01-01,77.01
B,W,UTOT,2017-04-01,119.52
B,W,UTOT,2017-07-01,113.67
B,W,UTOT,2017-10-01,103.05
B,W,UTOT,2018-01-01,75.06
B,W,UTOT,2018-04-01,113.83
B,W,UTOT,2018-07-01,108.22
B,W,UTOT,2018-10-01,95.11
B,W,UTOT,2019-01-01,78.09
B,W,UTOT,2019-04-01,107.02
B,W,UTOT,2019-07-01,102.07
B,W,UTOT,2019-10-01,90.36
B,W,UTOT,2020-01-01,72.28
B,W,UTOT,2020-04-01,101.34
B,W,UTOT,2020-07-01,102.99
B,W,UTOT,2020-10-01,91.69
B,W,UTOT,2021-01-01,82.21
B,W,UTOT,2021-04-01,119.2
B,W,UTOT,2021-07-01,102.73
B,W,UTOT,2021-10-01,95.86
B,W,UTOT,2022-01-01,76.76
B,W,UTOT,2022-04-01,105.45
B,W,UTOT,2022-07-01,101.39
B,W,UTOT,2022-10-01,94.17
B,W,UTOT,2023-01-01,77.99
B,W,UTOT,2023-04-01,102.76
B,W,UTOT,2023-07-01,105.18
B,W,UTOT,2023-10-01,97.94
B,W,UTOT,2024-01-01,80.87
B,W,UTOT,2024-04-01,106.88
B,W,UTOT,2024-07-01,103.65
B,W,UTOT,2024-10-01,98.23
B,W,UTOT,2025-01-01,84.42
B,W,UTOT,2025-04-01,116.59
B,W,UTOT,2025-07-01,116.64
B,W,UTOT,2025-10-01,101.96
B,W,UTOT,2026-01-01,88.1
B,W,UTOT,2026-04-01,114.32
B,Y,PTOT,2004-01-01,84.77
B,Y,PTOT,2004-04-01,83.1
B,Y,PTOT,2004-07-01,81.05
B,Y,PTOT,2004-10-01,79.25
B,Y,PTOT,2005-01-01,78.3
B,Y,PTOT,2005-04-01,78.76
B,Y,PTOT,2005-07-01,80.65
B,Y,PTOT,2005-10-01,84.23
B,Y,PTOT,2006-01-01,84.59
B,Y,PTOT,2006-04-01,86.42
B,Y,PTOT,2006-07-01,89.11
B,Y,PTOT,2006-10-01,88.97
B,Y,PTOT,2007-01-01,91.13
B,Y,PTOT,2007-04-01,89.79
B,Y,PTOT,2007-07-01,86.65
B,Y,PTOT,2007-10-01,88.47
B,Y,PTOT,2008-01-01,81.97
B,Y,PTOT,2008-04-01,81.91
B,Y,PTOT,2008-07-01,80.99
B,Y,PTOT,2008-10-01,81.57
B,Y,PTOT,2009-01-01,83.46
B,Y,PTOT,2009-04-01,85.25
B,Y,PTOT,2009-07-01,88.83
B,Y,PTOT,2009-10-01,85.72
B,Y,PTOT,2010-01-01,90.91
B,Y,PTOT,2010-04-01,90.3
B,Y,PTOT,2010-07-01,104.28
B,Y,PTOT,2010-10-01,91.12
B,Y,PTOT,2011-01-01,98
B,Y,PTOT,2011-04-01,95.29
B,Y,PTOT,2011-07-01,92.48
B,Y,PTOT,2011-10-01,93.53
B,Y,PTOT,2012-01-01,81
B,Y,PTOT,2012-04-01,97.52
B,Y,PTOT,2012-07-01,98.96
B,Y,PTOT,2012-10-01,98.6
B,Y,PTOT,2013-01-01,91.13
B,Y,PTOT,2013-04-01,99.13
B,Y,PTOT,2013-07-01,99.25
B,Y,PTOT,2013-10-01,102.69
B,Y,PTOT,2014-01-01,99.28
B,Y,PTOT,2014-04-01,96.65
B,Y,PTOT,2014-07-01,95.99
B,Y,PTOT,2014-10-01,96.76
B,Y,PTOT,2015-01-01,94.2
B,Y,PTOT,2015-04-01,98.98
B,Y,PTOT,2015-07-01,98.4
B,Y,PTOT,2015-10-01,93.14
B,Y,PTOT,2016-01-01,101.47
B,Y,PTOT,2016-04-01,93.61
B,Y,PTOT,2016-07-01,93.74
B,Y,PTOT,2016-10-01,97.14
B,Y,PTOT,2017-01-01,101.38
B,Y,PTOT,2017-04-01,101.37
B,Y,PTOT,2017-07-01,100.41
B,Y,PTOT,2017-10-01,103.52
B,Y,PTOT,2018-01-01,98.84
B,Y,PTOT,2018-04-01,97.32
B,Y,PTOT,2018-07-01,96.16
B,Y,PTOT,2018-10-01,95.05
B,Y,PTOT,2019-01-01,100.43
B,Y,PTOT,2019-04-01,92.57
B,Y,PTOT,2019-07-01,91.92
B,Y,PTOT,2019-10-01,90.57
B,Y,PTOT,2020-01-01,92.59
B,Y,PTOT,2020-04-01,89
B,Y,PTOT,2020-07-01,93.96
B,Y,PTOT,2020-10-01,92.63
B,Y,PTOT,2021-01-01,104.71
B,Y,PTOT,2021-04-01,104.82
B,Y,PTOT,2021-07-01,94.24
B,Y,PTOT,2021-10-01,96.23
B,Y,PTOT,2022-01-01,95.01
B,Y,PTOT,2022-04-01,92.88
B,Y,PTOT,2022-07-01,91.77
B,Y,PTOT,2022-10-01,93
B,Y,PTOT,2023-01-01,91.75
B,Y,PTOT,2023-04-01,87.94
B,Y,PTOT,2023-07-01,91.67
B,Y,PTOT,2023-10-01,94.96
B,Y,PTOT,2024-01-01,93.1
B,Y,PTOT,2024-04-01,90.82
B,Y,PTOT,2024-07-01,89.79
B,Y,PTOT,2024-10-01,94.21
B,Y,PTOT,2025-01-01,96.43
B,Y,PTOT,2025-04-01,99.38
B,Y,PTOT,2025-07-01,100.02
B,Y,PTOT,2025-10-01,97.04
B,Y,PTOT,2026-01-01,98.98
B,Y,PTOT,2026-04-01,96.66
B,Y,UINL,2010-10-01,94.57
B,Y,UINL,2011-01-01,102.09
B,Y,UINL,2011-04-01,99.59
B,Y,UINL,2011-07-01,96.56
B,Y,UINL,2011-10-01,97.22
B,Y,UINL,2012-01-01,84.14
B,Y,UINL,2012-04-01,100.85
B,Y,UINL,2012-07-01,102.45
B,Y,UINL,2012-10-01,101.98
B,Y,UINL,2013-01-01,94.25
B,Y,UINL,2013-04-01,102.41
B,Y,UINL,2013-07-01,102.34
B,Y,UINL,2013-10-01,105.81
B,Y,UINL,2014-01-01,102.22
B,Y,UINL,2014-04-01,99.28
B,Y,UINL,2014-07-01,98.34
B,Y,UINL,2014-10-01,99.06
B,Y,UINL,2015-01-01,96.93
B,Y,UINL,2015-04-01,101.67
B,Y,UINL,2015-07-01,101.09
B,Y,UINL,2015-10-01,94.81
B,Y,UINL,2016-01-01,103.41
B,Y,UINL,2016-04-01,94.89
B,Y,UINL,2016-07-01,94.7
B,Y,UINL,2016-10-01,97.73
B,Y,UINL,2017-01-01,102.24
B,Y,UINL,2017-04-01,102.44
B,Y,UINL,2017-07-01,101.88
B,Y,UINL,2017-10-01,105.03
B,Y,UINL,2018-01-01,99.59
B,Y,UINL,2018-04-01,98.04
B,Y,UINL,2018-07-01,97.74
B,Y,UINL,2018-10-01,96.71
B,Y,UINL,2019-01-01,100.71
B,Y,UINL,2019-04-01,92.63
B,Y,UINL,2019-07-01,92.96
B,Y,UINL,2019-10-01,91.99
B,Y,UINL,2020-01-01,92.38
B,Y,UINL,2020-04-01,88.05
B,Y,UINL,2020-07-01,94.28
B,Y,UINL,2020-10-01,93.4
B,Y,UINL,2021-01-01,103.97
B,Y,UINL,2021-04-01,104.3
B,Y,UINL,2021-07-01,94.75
B,Y,UINL,2021-10-01,96.99
B,Y,UINL,2022-01-01,94.18
B,Y,UINL,2022-04-01,92.88
B,Y,UINL,2022-07-01,93.41
B,Y,UINL,2022-10-01,95.36
B,Y,UINL,2023-01-01,93.89
B,Y,UINL,2023-04-01,91.35
B,Y,UINL,2023-07-01,96.93
B,Y,UINL,2023-10-01,100.56
B,Y,UINL,2024-01-01,98.66
B,Y,UINL,2024-04-01,95.84
B,Y,UINL,2024-07-01,95.03
B,Y,UINL,2024-10-01,99.82
B,Y,UINL,2025-01-01,101.84
B,Y,UINL,2025-04-01,105.42
B,Y,UINL,2025-07-01,106.54
B,Y,UINL,2025-10-01,103.6
B,Y,UINL,2026-01-01,105.58
B,Y,UINL,2026-04-01,103.57
B,Y,UTOT,1999-01-01,64.21
B,Y,UTOT,1999-04-01,67.86
B,Y,UTOT,1999-07-01,73.13
B,Y,UTOT,1999-10-01,70.88
B,Y,UTOT,2000-01-01,68.71
B,Y,UTOT,2000-04-01,72.09
B,Y,UTOT,2000-07-01,69.99
B,Y,UTOT,2000-10-01,71.58
B,Y,UTOT,2001-01-01,72.12
B,Y,UTOT,2001-04-01,72.46
B,Y,UTOT,2001-07-01,72.6
B,Y,UTOT,2001-10-01,74.2
B,Y,UTOT,2002-01-01,78.46
B,Y,UTOT,2002-04-01,74.56
B,Y,UTOT,2002-07-01,72.96
B,Y,UTOT,2002-10-01,72.22
B,Y,UTOT,2003-01-01,73.35
B,Y,UTOT,2003-04-01,74.49
B,Y,UTOT,2003-07-01,76.75
B,Y,UTOT,2003-10-01,71.25
B,Y,UTOT,2004-01-01,76.12
B,Y,UTOT,2004-04-01,76.69
B,Y,UTOT,2004-07-01,76.29
B,Y,UTOT,2004-10-01,74.96
B,Y,UTOT,2005-01-01,71.72
B,Y,UTOT,2005-04-01,73.83
B,Y,UTOT,2005-07-01,76.78
B,Y,UTOT,2005-10-01,80.22
B,Y,UTOT,2006-01-01,80.09
B,Y,UTOT,2006-04-01,82.57
B,Y,UTOT,2006-07-01,85.9
B,Y,UTOT,2006-10-01,85.69
B,Y,UTOT,2007-01-01,88.13
B,Y,UTOT,2007-04-01,87.26
B,Y,UTOT,2007-07-01,84.64
B,Y,UTOT,2007-10-01,86.27
B,Y,UTOT,2008-01-01,81.27
B,Y,UTOT,2008-04-01,81.65
B,Y,UTOT,2008-07-01,81.21
B,Y,UTOT,2008-10-01,81.99
B,Y,UTOT,2009-01-01,84.75
B,Y,UTOT,2009-04-01,87.54
B,Y,UTOT,2009-07-01,91.72
B,Y,UTOT,2009-10-01,88.58
B,Y,UTOT,2010-01-01,94.01
B,Y,UTOT,2010-04-01,93.15
B,Y,UTOT,2010-07-01,107.82
B,Y,UTOT,2010-10-01,94.4
B,Y,UTOT,2011-01-01,101.6
B,Y,UTOT,2011-04-01,99.43
B,Y,UTOT,2011-07-01,96.63
B,Y,UTOT,2011-10-01,97.1
B,Y,UTOT,2012-01-01,83.45
B,Y,UTOT,2012-04-01,100.71
B,Y,UTOT,2012-07-01,102.56
B,Y,UTOT,2012-10-01,101.86
B,Y,UTOT,2013-01-01,93.71
B,Y,UTOT,2013-04-01,102.25
B,Y,UTOT,2013-07-01,102.46
B,Y,UTOT,2013-10-01,105.75
B,Y,UTOT,2014-01-01,101.53
B,Y,UTOT,2014-04-01,99.17
B,Y,UTOT,2014-07-01,98.41
B,Y,UTOT,2014-10-01,99.07
B,Y,UTOT,2015-01-01,96.35
B,Y,UTOT,2015-04-01,101.6
B,Y,UTOT,2015-07-01,101.03
B,Y,UTOT,2015-10-01,94.87
B,Y,UTOT,2016-01-01,102.61
B,Y,UTOT,2016-04-01,94.89
B,Y,UTOT,2016-07-01,94.5
B,Y,UTOT,2016-10-01,97.7
B,Y,UTOT,2017-01-01,102.03
B,Y,UTOT,2017-04-01,102.55
B,Y,UTOT,2017-07-01,101.51
B,Y,UTOT,2017-10-01,104.68
B,Y,UTOT,2018-01-01,99.87
B,Y,UTOT,2018-04-01,98.48
B,Y,UTOT,2018-07-01,97.19
B,Y,UTOT,2018-10-01,96.02
B,Y,UTOT,2019-01-01,101.25
B,Y,UTOT,2019-04-01,93.33
B,Y,UTOT,2019-07-01,92.29
B,Y,UTOT,2019-10-01,91.04
B,Y,UTOT,2020-01-01,92.79
B,Y,UTOT,2020-04-01,88.83
B,Y,UTOT,2020-07-01,93.57
B,Y,UTOT,2020-10-01,92.29
B,Y,UTOT,2021-01-01,104.87
B,Y,UTOT,2021-04-01,105.19
B,Y,UTOT,2021-07-01,94.08
B,Y,UTOT,2021-10-01,95.86
B,Y,UTOT,2022-01-01,94.88
B,Y,UTOT,2022-04-01,93.52
B,Y,UTOT,2022-07-01,92.84
B,Y,UTOT,2022-10-01,94.5
B,Y,UTOT,2023-01-01,94.4
B,Y,UTOT,2023-04-01,91.76
B,Y,UTOT,2023-07-01,96.45
B,Y,UTOT,2023-10-01,99.97
B,Y,UTOT,2024-01-01,98.77
B,Y,UTOT,2024-04-01,95.99
B,Y,UTOT,2024-07-01,94.69
B,Y,UTOT,2024-10-01,99.37
B,Y,UTOT,2025-01-01,102.17
B,Y,UTOT,2025-04-01,105.49
B,Y,UTOT,2025-07-01,106.23
B,Y,UTOT,2025-10-01,103.14
B,Y,UTOT,2026-01-01,105.85
B,Y,UTOT,2026-04-01,103.69
B-E,N,PTOT,2004-01-01,64.12
B-E,N,PTOT,2004-04-01,65.84
B-E,N,PTOT,2004-07-01,61.92
B-E,N,PTOT,2004-10-01,66.05
B-E,N,PTOT,2005-01-01,63.29
B-E,N,PTOT,2005-04-01,65.02
B-E,N,PTOT,2005-07-01,63.57
B-E,N,PTOT,2005-10-01,69.19
B-E,N,PTOT,2006-01-01,68.29
B-E,N,PTOT,2006-04-01,68.89
B-E,N,PTOT,2006-07-01,68.81
B-E,N,PTOT,2006-10-01,76.68
B-E,N,PTOT,2007-01-01,74.48
B-E,N,PTOT,2007-04-01,78.1
B-E,N,PTOT,2007-07-01,78.85
B-E,N,PTOT,2007-10-01,81.51
B-E,N,PTOT,2008-01-01,78.34
B-E,N,PTOT,2008-04-01,80.89
B-E,N,PTOT,2008-07-01,78.39
B-E,N,PTOT,2008-10-01,78.73
B-E,N,PTOT,2009-01-01,72.08
B-E,N,PTOT,2009-04-01,71.29
B-E,N,PTOT,2009-07-01,73.09
B-E,N,PTOT,2009-10-01,78.74
B-E,N,PTOT,2010-01-01,78.11
B-E,N,PTOT,2010-04-01,77.1
B-E,N,PTOT,2010-07-01,77.58
B-E,N,PTOT,2010-10-01,83.22
B-E,N,PTOT,2011-01-01,80.48
B-E,N,PTOT,2011-04-01,79.07
B-E,N,PTOT,2011-07-01,77.64
B-E,N,PTOT,2011-10-01,84.21
B-E,N,PTOT,2012-01-01,81.17
B-E,N,PTOT,2012-04-01,80.69
B-E,N,PTOT,2012-07-01,78.14
B-E,N,PTOT,2012-10-01,85.63
B-E,N,PTOT,2013-01-01,80.67
B-E,N,PTOT,2013-04-01,81.66
B-E,N,PTOT,2013-07-01,80.78
B-E,N,PTOT,2013-10-01,86.36
B-E,N,PTOT,2014-01-01,82.42
B-E,N,PTOT,2014-04-01,83
B-E,N,PTOT,2014-07-01,80.31
B-E,N,PTOT,2014-10-01,88.67
B-E,N,PTOT,2015-01-01,82.2
B-E,N,PTOT,2015-04-01,81.32
B-E,N,PTOT,2015-07-01,80.29
B-E,N,PTOT,2015-10-01,86.37
B-E,N,PTOT,2016-01-01,83.1
B-E,N,PTOT,2016-04-01,83.47
B-E,N,PTOT,2016-07-01,79.06
B-E,N,PTOT,2016-10-01,85.28
B-E,N,PTOT,2017-01-01,86.86
B-E,N,PTOT,2017-04-01,84.53
B-E,N,PTOT,2017-07-01,84.21
B-E,N,PTOT,2017-10-01,92.3
B-E,N,PTOT,2018-01-01,91.16
B-E,N,PTOT,2018-04-01,91.63
B-E,N,PTOT,2018-07-01,85.55
B-E,N,PTOT,2018-10-01,97.22
B-E,N,PTOT,2019-01-01,94.63
B-E,N,PTOT,2019-04-01,94.72
B-E,N,PTOT,2019-07-01,92.64
B-E,N,PTOT,2019-10-01,98.27
B-E,N,PTOT,2020-01-01,95.68
B-E,N,PTOT,2020-04-01,86.05
B-E,N,PTOT,2020-07-01,89.01
B-E,N,PTOT,2020-10-01,96.69
B-E,N,PTOT,2021-01-01,99.69
B-E,N,PTOT,2021-04-01,99.83
B-E,N,PTOT,2021-07-01,96.33
B-E,N,PTOT,2021-10-01,104.15
B-E,N,PTOT,2022-01-01,107.63
B-E,N,PTOT,2022-04-01,104.61
B-E,N,PTOT,2022-07-01,101.24
B-E,N,PTOT,2022-10-01,108.8
B-E,N,PTOT,2023-01-01,111.98
B-E,N,PTOT,2023-04-01,103.14
B-E,N,PTOT,2023-07-01,102.19
B-E,N,PTOT,2023-10-01,107.33
B-E,N,PTOT,2024-01-01,106.94
B-E,N,PTOT,2024-04-01,111
B-E,N,PTOT,2024-07-01,106.02
B-E,N,PTOT,2024-10-01,110.5
B-E,N,PTOT,2025-01-01,117.08
B-E,N,PTOT,2025-04-01,112.38
B-E,N,PTOT,2025-07-01,108.21
B-E,N,PTOT,2025-10-01,110.03
B-E,N,PTOT,2026-01-01,108.35
B-E,N,PTOT,2026-04-01,118.67
B-E,N,UEXP,2010-10-01,78.15
B-E,N,UEXP,2011-01-01,80.36
B-E,N,UEXP,2011-04-01,79.18
B-E,N,UEXP,2011-07-01,75.76
B-E,N,UEXP,2011-10-01,78.26
B-E,N,UEXP,2012-01-01,79.13
B-E,N,UEXP,2012-04-01,80.47
B-E,N,UEXP,2012-07-01,77.78
B-E,N,UEXP,2012-10-01,81.78
B-E,N,UEXP,2013-01-01,78.24
B-E,N,UEXP,2013-04-01,80.05
B-E,N,UEXP,2013-07-01,82.81
B-E,N,UEXP,2013-10-01,80.43
B-E,N,UEXP,2014-01-01,81.89
B-E,N,UEXP,2014-04-01,81.99
B-E,N,UEXP,2014-07-01,79.1
B-E,N,UEXP,2014-10-01,83.56
B-E,N,UEXP,2015-01-01,78.44
B-E,N,UEXP,2015-04-01,77.33
B-E,N,UEXP,2015-07-01,76.2
B-E,N,UEXP,2015-10-01,78.57
B-E,N,UEXP,2016-01-01,78.59
B-E,N,UEXP,2016-04-01,78.44
B-E,N,UEXP,2016-07-01,75.79
B-E,N,UEXP,2016-10-01,77.45
B-E,N,UEXP,2017-01-01,83.85
B-E,N,UEXP,2017-04-01,81.45
B-E,N,UEXP,2017-07-01,82.3
B-E,N,UEXP,2017-10-01,86.86
B-E,N,UEXP,2018-01-01,90.09
B-E,N,UEXP,2018-04-01,91.03
B-E,N,UEXP,2018-07-01,84.89
B-E,N,UEXP,2018-10-01,94.59
B-E,N,UEXP,2019-01-01,94.61
B-E,N,UEXP,2019-04-01,94.95
B-E,N,UEXP,2019-07-01,91.91
B-E,N,UEXP,2019-10-01,93.35
B-E,N,UEXP,2020-01-01,92.85
B-E,N,UEXP,2020-04-01,79.99
B-E,N,UEXP,2020-07-01,85.69
B-E,N,UEXP,2020-10-01,89.77
B-E,N,UEXP,2021-01-01,96.38
B-E,N,UEXP,2021-04-01,100.68
B-E,N,UEXP,2021-07-01,98.12
B-E,N,UEXP,2021-10-01,104.82
B-E,N,UEXP,2022-01-01,111.21
B-E,N,UEXP,2022-04-01,109.32
B-E,N,UEXP,2022-07-01,106.92
B-E,N,UEXP,2022-10-01,110.72
B-E,N,UEXP,2023-01-01,119.44
B-E,N,UEXP,2023-04-01,109.09
B-E,N,UEXP,2023-07-01,106.85
B-E,N,UEXP,2023-10-01,107.33
B-E,N,UEXP,2024-01-01,108.04
B-E,N,UEXP,2024-04-01,113.81
B-E,N,UEXP,2024-07-01,108.03
B-E,N,UEXP,2024-10-01,108.9
B-E,N,UEXP,2025-01-01,119.29
B-E,N,UEXP,2025-04-01,118
B-E,N,UEXP,2025-07-01,110.63
B-E,N,UEXP,2025-10-01,108.62
B-E,N,UEXP,2026-01-01,108.1
B-E,N,UEXP,2026-04-01,119.01
B-E,N,UINL,2010-10-01,110.46
B-E,N,UINL,2011-01-01,99.6
B-E,N,UINL,2011-04-01,97.1
B-E,N,UINL,2011-07-01,95.2
B-E,N,UINL,2011-10-01,108.14
B-E,N,UINL,2012-01-01,98.75
B-E,N,UINL,2012-04-01,96.81
B-E,N,UINL,2012-07-01,94.19
B-E,N,UINL,2012-10-01,108.82
B-E,N,UINL,2013-01-01,100.85
B-E,N,UINL,2013-04-01,101.03
B-E,N,UINL,2013-07-01,94.27
B-E,N,UINL,2013-10-01,111.76
B-E,N,UINL,2014-01-01,99.44
B-E,N,UINL,2014-04-01,99.58
B-E,N,UINL,2014-07-01,96.86
B-E,N,UINL,2014-10-01,110.8
B-E,N,UINL,2015-01-01,99.41
B-E,N,UINL,2015-04-01,93.18
B-E,N,UINL,2015-07-01,89.58
B-E,N,UINL,2015-10-01,102.3
B-E,N,UINL,2016-01-01,93.39
B-E,N,UINL,2016-04-01,93.77
B-E,N,UINL,2016-07-01,86.41
B-E,N,UINL,2016-10-01,99.85
B-E,N,UINL,2017-01-01,93.5
B-E,N,UINL,2017-04-01,90.7
B-E,N,UINL,2017-07-01,88.06
B-E,N,UINL,2017-10-01,103.24
B-E,N,UINL,2018-01-01,101.39
B-E,N,UINL,2018-04-01,97.56
B-E,N,UINL,2018-07-01,91.79
B-E,N,UINL,2018-10-01,107.69
B-E,N,UINL,2019-01-01,103.3
B-E,N,UINL,2019-04-01,96.76
B-E,N,UINL,2019-07-01,96.84
B-E,N,UINL,2019-10-01,109.25
B-E,N,UINL,2020-01-01,102.41
B-E,N,UINL,2020-04-01,87.4
B-E,N,UINL,2020-07-01,89.06
B-E,N,UINL,2020-10-01,105.9
B-E,N,UINL,2021-01-01,102.53
B-E,N,UINL,2021-04-01,95.93
B-E,N,UINL,2021-07-01,93.1
B-E,N,UINL,2021-10-01,108.44
B-E,N,UINL,2022-01-01,110.34
B-E,N,UINL,2022-04-01,108.13
B-E,N,UINL,2022-07-01,103.91
B-E,N,UINL,2022-10-01,118.56
B-E,N,UINL,2023-01-01,122.27
B-E,N,UINL,2023-04-01,117.28
B-E,N,UINL,2023-07-01,116.93
B-E,N,UINL,2023-10-01,133.14
B-E,N,UINL,2024-01-01,133.37
B-E,N,UINL,2024-04-01,125.45
B-E,N,UINL,2024-07-01,126.95
B-E,N,UINL,2024-10-01,138.7
B-E,N,UINL,2025-01-01,130.03
B-E,N,UINL,2025-04-01,121.31
B-E,N,UINL,2025-07-01,113.25
B-E,N,UINL,2025-10-01,126
B-E,N,UINL,2026-01-01,124.45
B-E,N,UINL,2026-04-01,120.63
B-E,N,UTOT,1999-01-01,57.73
B-E,N,UTOT,1999-04-01,59.52
B-E,N,UTOT,1999-07-01,59.05
B-E,N,UTOT,1999-10-01,67.04
B-E,N,UTOT,2000-01-01,64.49
B-E,N,UTOT,2000-04-01,64.92
B-E,N,UTOT,2000-07-01,64.77
B-E,N,UTOT,2000-10-01,70.6
B-E,N,UTOT,2001-01-01,69.45
B-E,N,UTOT,2001-04-01,69.9
B-E,N,UTOT,2001-07-01,66.37
B-E,N,UTOT,2001-10-01,68.13
B-E,N,UTOT,2002-01-01,64.24
B-E,N,UTOT,2002-04-01,67.79
B-E,N,UTOT,2002-07-01,65.88
B-E,N,UTOT,2002-10-01,66.21
B-E,N,UTOT,2003-01-01,64.95
B-E,N,UTOT,2003-04-01,63.09
B-E,N,UTOT,2003-07-01,65.1
B-E,N,UTOT,2003-10-01,69.55
B-E,N,UTOT,2004-01-01,67.91
B-E,N,UTOT,2004-04-01,71.29
B-E,N,UTOT,2004-07-01,66.84
B-E,N,UTOT,2004-10-01,69.72
B-E,N,UTOT,2005-01-01,67.74
B-E,N,UTOT,2005-04-01,70.21
B-E,N,UTOT,2005-07-01,69.19
B-E,N,UTOT,2005-10-01,74.12
B-E,N,UTOT,2006-01-01,74.33
B-E,N,UTOT,2006-04-01,76.05
B-E,N,UTOT,2006-07-01,76.49
B-E,N,UTOT,2006-10-01,84.52
B-E,N,UTOT,2007-01-01,83.02
B-E,N,UTOT,2007-04-01,89.3
B-E,N,UTOT,2007-07-01,90.76
B-E,N,UTOT,2007-10-01,91.75
B-E,N,UTOT,2008-01-01,87.88
B-E,N,UTOT,2008-04-01,93.05
B-E,N,UTOT,2008-07-01,90.17
B-E,N,UTOT,2008-10-01,90.47
B-E,N,UTOT,2009-01-01,81.26
B-E,N,UTOT,2009-04-01,80.44
B-E,N,UTOT,2009-07-01,82.28
B-E,N,UTOT,2009-10-01,88.68
B-E,N,UTOT,2010-01-01,87.83
B-E,N,UTOT,2010-04-01,87.39
B-E,N,UTOT,2010-07-01,87.19
B-E,N,UTOT,2010-10-01,93.76
B-E,N,UTOT,2011-01-01,90.12
B-E,N,UTOT,2011-04-01,88.24
B-E,N,UTOT,2011-07-01,85.67
B-E,N,UTOT,2011-10-01,92.73
B-E,N,UTOT,2012-01-01,89.16
B-E,N,UTOT,2012-04-01,88.79
B-E,N,UTOT,2012-07-01,86.37
B-E,N,UTOT,2012-10-01,95.23
B-E,N,UTOT,2013-01-01,89.43
B-E,N,UTOT,2013-04-01,90.35
B-E,N,UTOT,2013-07-01,88.69
B-E,N,UTOT,2013-10-01,95.75
B-E,N,UTOT,2014-01-01,90.21
B-E,N,UTOT,2014-04-01,90.83
B-E,N,UTOT,2014-07-01,87.95
B-E,N,UTOT,2014-10-01,96.98
B-E,N,UTOT,2015-01-01,88.62
B-E,N,UTOT,2015-04-01,85.1
B-E,N,UTOT,2015-07-01,82.97
B-E,N,UTOT,2015-10-01,90.37
B-E,N,UTOT,2016-01-01,85.92
B-E,N,UTOT,2016-04-01,86.07
B-E,N,UTOT,2016-07-01,81.25
B-E,N,UTOT,2016-10-01,88.64
B-E,N,UTOT,2017-01-01,88.86
B-E,N,UTOT,2017-04-01,86.12
B-E,N,UTOT,2017-07-01,85.16
B-E,N,UTOT,2017-10-01,94.91
B-E,N,UTOT,2018-01-01,96.04
B-E,N,UTOT,2018-04-01,94.43
B-E,N,UTOT,2018-07-01,87.94
B-E,N,UTOT,2018-10-01,100.94
B-E,N,UTOT,2019-01-01,99.07
B-E,N,UTOT,2019-04-01,95.78
B-E,N,UTOT,2019-07-01,94.05
B-E,N,UTOT,2019-10-01,101.21
B-E,N,UTOT,2020-01-01,97.76
B-E,N,UTOT,2020-04-01,83.3
B-E,N,UTOT,2020-07-01,86.85
B-E,N,UTOT,2020-10-01,97.93
B-E,N,UTOT,2021-01-01,99.96
B-E,N,UTOT,2021-04-01,98.11
B-E,N,UTOT,2021-07-01,95.21
B-E,N,UTOT,2021-10-01,106.72
B-E,N,UTOT,2022-01-01,111.7
B-E,N,UTOT,2022-04-01,108.96
B-E,N,UTOT,2022-07-01,105.15
B-E,N,UTOT,2022-10-01,114.22
B-E,N,UTOT,2023-01-01,121.43
B-E,N,UTOT,2023-04-01,113.44
B-E,N,UTOT,2023-07-01,111.94
B-E,N,UTOT,2023-10-01,121.14
B-E,N,UTOT,2024-01-01,122.52
B-E,N,UTOT,2024-04-01,120.27
B-E,N,UTOT,2024-07-01,118.72
B-E,N,UTOT,2024-10-01,125.07
B-E,N,UTOT,2025-01-01,126.33
B-E,N,UTOT,2025-04-01,119.66
B-E,N,UTOT,2025-07-01,111.49
B-E,N,UTOT,2025-10-01,117.94
B-E,N,UTOT,2026-01-01,117.04
B-E,N,UTOT,2026-04-01,119.46
B-E,W,PTOT,2004-01-01,69.49
B-E,W,PTOT,2004-04-01,71.59
B-E,W,PTOT,2004-07-01,65.98
B-E,W,PTOT,2004-10-01,72.87
B-E,W,PTOT,2005-01-01,67.8
B-E,W,PTOT,2005-04-01,68.59
B-E,W,PTOT,2005-07-01,67.03
B-E,W,PTOT,2005-10-01,75.59
B-E,W,PTOT,2006-01-01,71.32
B-E,W,PTOT,2006-04-01,73.1
B-E,W,PTOT,2006-07-01,72.51
B-E,W,PTOT,2006-10-01,82.87
B-E,W,PTOT,2007-01-01,76.66
B-E,W,PTOT,2007-04-01,80.93
B-E,W,PTOT,2007-07-01,80.63
B-E,W,PTOT,2007-10-01,86.66
B-E,W,PTOT,2008-01-01,81.81
B-E,W,PTOT,2008-04-01,81.63
B-E,W,PTOT,2008-07-01,79.45
B-E,W,PTOT,2008-10-01,81.04
B-E,W,PTOT,2009-01-01,73.12
B-E,W,PTOT,2009-04-01,72.38
B-E,W,PTOT,2009-07-01,72.8
B-E,W,PTOT,2009-10-01,79.91
B-E,W,PTOT,2010-01-01,78.53
B-E,W,PTOT,2010-04-01,77.74
B-E,W,PTOT,2010-07-01,77.64
B-E,W,PTOT,2010-10-01,81.9
B-E,W,PTOT,2011-01-01,79.51
B-E,W,PTOT,2011-04-01,79.44
B-E,W,PTOT,2011-07-01,78.07
B-E,W,PTOT,2011-10-01,84.9
B-E,W,PTOT,2012-01-01,81.2
B-E,W,PTOT,2012-04-01,82.31
B-E,W,PTOT,2012-07-01,79.47
B-E,W,PTOT,2012-10-01,86.66
B-E,W,PTOT,2013-01-01,82.51
B-E,W,PTOT,2013-04-01,82.29
B-E,W,PTOT,2013-07-01,81.62
B-E,W,PTOT,2013-10-01,87.52
B-E,W,PTOT,2014-01-01,83.58
B-E,W,PTOT,2014-04-01,84.36
B-E,W,PTOT,2014-07-01,81.11
B-E,W,PTOT,2014-10-01,89.87
B-E,W,PTOT,2015-01-01,83.33
B-E,W,PTOT,2015-04-01,82.62
B-E,W,PTOT,2015-07-01,80.44
B-E,W,PTOT,2015-10-01,86.85
B-E,W,PTOT,2016-01-01,84.87
B-E,W,PTOT,2016-04-01,83.1
B-E,W,PTOT,2016-07-01,79.94
B-E,W,PTOT,2016-10-01,86.43
B-E,W,PTOT,2017-01-01,86.51
B-E,W,PTOT,2017-04-01,85.75
B-E,W,PTOT,2017-07-01,85.89
B-E,W,PTOT,2017-10-01,94.3
B-E,W,PTOT,2018-01-01,92.04
B-E,W,PTOT,2018-04-01,91.92
B-E,W,PTOT,2018-07-01,86.86
B-E,W,PTOT,2018-10-01,97.99
B-E,W,PTOT,2019-01-01,95.54
B-E,W,PTOT,2019-04-01,95.87
B-E,W,PTOT,2019-07-01,93.21
B-E,W,PTOT,2019-10-01,99.09
B-E,W,PTOT,2020-01-01,96.13
B-E,W,PTOT,2020-04-01,87.04
B-E,W,PTOT,2020-07-01,88.8
B-E,W,PTOT,2020-10-01,96.79
B-E,W,PTOT,2021-01-01,99.96
B-E,W,PTOT,2021-04-01,100.57
B-E,W,PTOT,2021-07-01,96.17
B-E,W,PTOT,2021-10-01,103.3
B-E,W,PTOT,2022-01-01,107.08
B-E,W,PTOT,2022-04-01,105.41
B-E,W,PTOT,2022-07-01,101.86
B-E,W,PTOT,2022-10-01,109.79
B-E,W,PTOT,2023-01-01,111.02
B-E,W,PTOT,2023-04-01,104.13
B-E,W,PTOT,2023-07-01,103.75
B-E,W,PTOT,2023-10-01,109.15
B-E,W,PTOT,2024-01-01,108.52
B-E,W,PTOT,2024-04-01,111.44
B-E,W,PTOT,2024-07-01,106.65
B-E,W,PTOT,2024-10-01,111.45
B-E,W,PTOT,2025-01-01,118.31
B-E,W,PTOT,2025-04-01,113.72
B-E,W,PTOT,2025-07-01,108.75
B-E,W,PTOT,2025-10-01,111.03
B-E,W,PTOT,2026-01-01,109.34
B-E,W,PTOT,2026-04-01,119.94
B-E,W,UEXP,2010-10-01,77.99
B-E,W,UEXP,2011-01-01,80.65
B-E,W,UEXP,2011-04-01,79.89
B-E,W,UEXP,2011-07-01,76.69
B-E,W,UEXP,2011-10-01,79.45
B-E,W,UEXP,2012-01-01,79.54
B-E,W,UEXP,2012-04-01,81.72
B-E,W,UEXP,2012-07-01,79.48
B-E,W,UEXP,2012-10-01,83.2
B-E,W,UEXP,2013-01-01,80.44
B-E,W,UEXP,2013-04-01,81.21
B-E,W,UEXP,2013-07-01,84.22
B-E,W,UEXP,2013-10-01,81.99
B-E,W,UEXP,2014-01-01,83.5
B-E,W,UEXP,2014-04-01,83.92
B-E,W,UEXP,2014-07-01,80.43
B-E,W,UEXP,2014-10-01,85.25
B-E,W,UEXP,2015-01-01,79.98
B-E,W,UEXP,2015-04-01,79.12
B-E,W,UEXP,2015-07-01,76.87
B-E,W,UEXP,2015-10-01,79.58
B-E,W,UEXP,2016-01-01,81.07
B-E,W,UEXP,2016-04-01,78.62
B-E,W,UEXP,2016-07-01,77.13
B-E,W,UEXP,2016-10-01,79.04
B-E,W,UEXP,2017-01-01,84
B-E,W,UEXP,2017-04-01,83.16
B-E,W,UEXP,2017-07-01,84.51
B-E,W,UEXP,2017-10-01,89.29
B-E,W,UEXP,2018-01-01,90.87
B-E,W,UEXP,2018-04-01,91.33
B-E,W,UEXP,2018-07-01,86.21
B-E,W,UEXP,2018-10-01,95.26
B-E,W,UEXP,2019-01-01,95.45
B-E,W,UEXP,2019-04-01,96.18
B-E,W,UEXP,2019-07-01,92.48
B-E,W,UEXP,2019-10-01,94.1
B-E,W,UEXP,2020-01-01,93.59
B-E,W,UEXP,2020-04-01,80.9
B-E,W,UEXP,2020-07-01,85.49
B-E,W,UEXP,2020-10-01,89.9
B-E,W,UEXP,2021-01-01,96.54
B-E,W,UEXP,2021-04-01,101.43
B-E,W,UEXP,2021-07-01,97.98
B-E,W,UEXP,2021-10-01,104.06
B-E,W,UEXP,2022-01-01,110.55
B-E,W,UEXP,2022-04-01,110.15
B-E,W,UEXP,2022-07-01,107.62
B-E,W,UEXP,2022-10-01,111.77
B-E,W,UEXP,2023-01-01,118.31
B-E,W,UEXP,2023-04-01,110.09
B-E,W,UEXP,2023-07-01,108.52
B-E,W,UEXP,2023-10-01,109.12
B-E,W,UEXP,2024-01-01,110.02
B-E,W,UEXP,2024-04-01,114.32
B-E,W,UEXP,2024-07-01,108.67
B-E,W,UEXP,2024-10-01,109.82
B-E,W,UEXP,2025-01-01,120.48
B-E,W,UEXP,2025-04-01,119.46
B-E,W,UEXP,2025-07-01,111.15
B-E,W,UEXP,2025-10-01,109.63
B-E,W,UEXP,2026-01-01,108.97
B-E,W,UEXP,2026-04-01,120.24
B-E,W,UINL,2010-10-01,111
B-E,W,UINL,2011-01-01,100.6
B-E,W,UINL,2011-04-01,99.44
B-E,W,UINL,2011-07-01,97.2
B-E,W,UINL,2011-10-01,110.76
B-E,W,UINL,2012-01-01,99.09
B-E,W,UINL,2012-04-01,99.44
B-E,W,UINL,2012-07-01,97.02
B-E,W,UINL,2012-10-01,111.72
B-E,W,UINL,2013-01-01,104.55
B-E,W,UINL,2013-04-01,103.13
B-E,W,UINL,2013-07-01,96.46
B-E,W,UINL,2013-10-01,114.74
B-E,W,UINL,2014-01-01,102.25
B-E,W,UINL,2014-04-01,102.42
B-E,W,UINL,2014-07-01,99.04
B-E,W,UINL,2014-10-01,113.66
B-E,W,UINL,2015-01-01,102.17
B-E,W,UINL,2015-04-01,95.78
B-E,W,UINL,2015-07-01,90.92
B-E,W,UINL,2015-10-01,104.12
B-E,W,UINL,2016-01-01,96.03
B-E,W,UINL,2016-04-01,94.64
B-E,W,UINL,2016-07-01,88.49
B-E,W,UINL,2016-10-01,102.41
B-E,W,UINL,2017-01-01,94.55
B-E,W,UINL,2017-04-01,93.19
B-E,W,UINL,2017-07-01,90.87
B-E,W,UINL,2017-10-01,106.8
B-E,W,UINL,2018-01-01,102.44
B-E,W,UINL,2018-04-01,97.81
B-E,W,UINL,2018-07-01,93.05
B-E,W,UINL,2018-10-01,108.62
B-E,W,UINL,2019-01-01,104.32
B-E,W,UINL,2019-04-01,97.68
B-E,W,UINL,2019-07-01,97.38
B-E,W,UINL,2019-10-01,110.15
B-E,W,UINL,2020-01-01,102.33
B-E,W,UINL,2020-04-01,88.32
B-E,W,UINL,2020-07-01,88.84
B-E,W,UINL,2020-10-01,105.92
B-E,W,UINL,2021-01-01,102.99
B-E,W,UINL,2021-04-01,96.6
B-E,W,UINL,2021-07-01,92.93
B-E,W,UINL,2021-10-01,107.48
B-E,W,UINL,2022-01-01,110
B-E,W,UINL,2022-04-01,108.91
B-E,W,UINL,2022-07-01,104.49
B-E,W,UINL,2022-10-01,119.44
B-E,W,UINL,2023-01-01,121.53
B-E,W,UINL,2023-04-01,118.37
B-E,W,UINL,2023-07-01,118.56
B-E,W,UINL,2023-10-01,135.27
B-E,W,UINL,2024-01-01,134.39
B-E,W,UINL,2024-04-01,125.77
B-E,W,UINL,2024-07-01,127.61
B-E,W,UINL,2024-10-01,139.86
B-E,W,UINL,2025-01-01,131.3
B-E,W,UINL,2025-04-01,122.59
B-E,W,UINL,2025-07-01,113.77
B-E,W,UINL,2025-10-01,127.05
B-E,W,UINL,2026-01-01,125.69
B-E,W,UINL,2026-04-01,121.81
B-E,W,UTOT,1999-01-01,61.91
B-E,W,UTOT,1999-04-01,64.34
B-E,W,UTOT,1999-07-01,62.65
B-E,W,UTOT,1999-10-01,72.95
B-E,W,UTOT,2000-01-01,68.99
B-E,W,UTOT,2000-04-01,71.2
B-E,W,UTOT,2000-07-01,70.32
B-E,W,UTOT,2000-10-01,81.05
B-E,W,UTOT,2001-01-01,73.65
B-E,W,UTOT,2001-04-01,75.07
B-E,W,UTOT,2001-07-01,69.96
B-E,W,UTOT,2001-10-01,74.55
B-E,W,UTOT,2002-01-01,66.16
B-E,W,UTOT,2002-04-01,70.02
B-E,W,UTOT,2002-07-01,66.75
B-E,W,UTOT,2002-10-01,71.35
B-E,W,UTOT,2003-01-01,67.36
B-E,W,UTOT,2003-04-01,65.42
B-E,W,UTOT,2003-07-01,66.07
B-E,W,UTOT,2003-10-01,72.62
B-E,W,UTOT,2004-01-01,69.53
B-E,W,UTOT,2004-04-01,73.61
B-E,W,UTOT,2004-07-01,67.55
B-E,W,UTOT,2004-10-01,72.43
B-E,W,UTOT,2005-01-01,69.28
B-E,W,UTOT,2005-04-01,70.48
B-E,W,UTOT,2005-07-01,70.3
B-E,W,UTOT,2005-10-01,77.13
B-E,W,UTOT,2006-01-01,75.04
B-E,W,UTOT,2006-04-01,78.25
B-E,W,UTOT,2006-07-01,78.23
B-E,W,UTOT,2006-10-01,87.5
B-E,W,UTOT,2007-01-01,82.85
B-E,W,UTOT,2007-04-01,89.16
B-E,W,UTOT,2007-07-01,89.78
B-E,W,UTOT,2007-10-01,94.04
B-E,W,UTOT,2008-01-01,90.71
B-E,W,UTOT,2008-04-01,92.59
B-E,W,UTOT,2008-07-01,90.66
B-E,W,UTOT,2008-10-01,92.02
B-E,W,UTOT,2009-01-01,81.89
B-E,W,UTOT,2009-04-01,80.95
B-E,W,UTOT,2009-07-01,81.29
B-E,W,UTOT,2009-10-01,88.95
B-E,W,UTOT,2010-01-01,87.94
B-E,W,UTOT,2010-04-01,87.51
B-E,W,UTOT,2010-07-01,86.46
B-E,W,UTOT,2010-10-01,94.63
B-E,W,UTOT,2011-01-01,90.83
B-E,W,UTOT,2011-04-01,90.11
B-E,W,UTOT,2011-07-01,87.46
B-E,W,UTOT,2011-10-01,95.31
B-E,W,UTOT,2012-01-01,89.81
B-E,W,UTOT,2012-04-01,91.04
B-E,W,UTOT,2012-07-01,89.01
B-E,W,UTOT,2012-10-01,98.08
B-E,W,UTOT,2013-01-01,93.03
B-E,W,UTOT,2013-04-01,92.63
B-E,W,UTOT,2013-07-01,91.15
B-E,W,UTOT,2013-10-01,98.71
B-E,W,UTOT,2014-01-01,93.06
B-E,W,UTOT,2014-04-01,93.89
B-E,W,UTOT,2014-07-01,90.35
B-E,W,UTOT,2014-10-01,99.97
B-E,W,UTOT,2015-01-01,91.4
B-E,W,UTOT,2015-04-01,87.94
B-E,W,UTOT,2015-07-01,84.59
B-E,W,UTOT,2015-10-01,92.44
B-E,W,UTOT,2016-01-01,89.2
B-E,W,UTOT,2016-04-01,87.22
B-E,W,UTOT,2016-07-01,83.58
B-E,W,UTOT,2016-10-01,91.36
B-E,W,UTOT,2017-01-01,90.09
B-E,W,UTOT,2017-04-01,88.88
B-E,W,UTOT,2017-07-01,88.33
B-E,W,UTOT,2017-10-01,98.63
B-E,W,UTOT,2018-01-01,96.95
B-E,W,UTOT,2018-04-01,94.71
B-E,W,UTOT,2018-07-01,89.24
B-E,W,UTOT,2018-10-01,101.76
B-E,W,UTOT,2019-01-01,99.99
B-E,W,UTOT,2019-04-01,96.85
B-E,W,UTOT,2019-07-01,94.61
B-E,W,UTOT,2019-10-01,102.05
B-E,W,UTOT,2020-01-01,98.16
B-E,W,UTOT,2020-04-01,84.22
B-E,W,UTOT,2020-07-01,86.64
B-E,W,UTOT,2020-10-01,98
B-E,W,UTOT,2021-01-01,100.27
B-E,W,UTOT,2021-04-01,98.83
B-E,W,UTOT,2021-07-01,95.05
B-E,W,UTOT,2021-10-01,105.85
B-E,W,UTOT,2022-01-01,111.18
B-E,W,UTOT,2022-04-01,109.77
B-E,W,UTOT,2022-07-01,105.79
B-E,W,UTOT,2022-10-01,115.19
B-E,W,UTOT,2023-01-01,120.47
B-E,W,UTOT,2023-04-01,114.52
B-E,W,UTOT,2023-07-01,113.59
B-E,W,UTOT,2023-10-01,123.14
B-E,W,UTOT,2024-01-01,124.15
B-E,W,UTOT,2024-04-01,120.67
B-E,W,UTOT,2024-07-01,119.39
B-E,W,UTOT,2024-10-01,126.14
B-E,W,UTOT,2025-01-01,127.55
B-E,W,UTOT,2025-04-01,121.03
B-E,W,UTOT,2025-07-01,112.03
B-E,W,UTOT,2025-10-01,118.97
B-E,W,UTOT,2026-01-01,118.09
B-E,W,UTOT,2026-04-01,120.69
B-E,Y,PTOT,2004-01-01,70.83
B-E,Y,PTOT,2004-04-01,71.82
B-E,Y,PTOT,2004-07-01,68.75
B-E,Y,PTOT,2004-10-01,68.49
B-E,Y,PTOT,2005-01-01,69.08
B-E,Y,PTOT,2005-04-01,68.87
B-E,Y,PTOT,2005-07-01,69.78
B-E,Y,PTOT,2005-10-01,71.09
B-E,Y,PTOT,2006-01-01,72.56
B-E,Y,PTOT,2006-04-01,73.57
B-E,Y,PTOT,2006-07-01,75.29
B-E,Y,PTOT,2006-10-01,78.1
B-E,Y,PTOT,2007-01-01,77.78
B-E,Y,PTOT,2007-04-01,81.69
B-E,Y,PTOT,2007-07-01,83.51
B-E,Y,PTOT,2007-10-01,81.85
B-E,Y,PTOT,2008-01-01,82.77
B-E,Y,PTOT,2008-04-01,82.64
B-E,Y,PTOT,2008-07-01,82.03
B-E,Y,PTOT,2008-10-01,76.82
B-E,Y,PTOT,2009-01-01,73.73
B-E,Y,PTOT,2009-04-01,73.38
B-E,Y,PTOT,2009-07-01,75.11
B-E,Y,PTOT,2009-10-01,75.9
B-E,Y,PTOT,2010-01-01,79.01
B-E,Y,PTOT,2010-04-01,78.85
B-E,Y,PTOT,2010-07-01,80.05
B-E,Y,PTOT,2010-10-01,78.3
B-E,Y,PTOT,2011-01-01,79.88
B-E,Y,PTOT,2011-04-01,80.06
B-E,Y,PTOT,2011-07-01,80.72
B-E,Y,PTOT,2011-10-01,81.09
B-E,Y,PTOT,2012-01-01,81.61
B-E,Y,PTOT,2012-04-01,82.99
B-E,Y,PTOT,2012-07-01,82.26
B-E,Y,PTOT,2012-10-01,82.69
B-E,Y,PTOT,2013-01-01,82.88
B-E,Y,PTOT,2013-04-01,82.94
B-E,Y,PTOT,2013-07-01,84.55
B-E,Y,PTOT,2013-10-01,83.53
B-E,Y,PTOT,2014-01-01,83.88
B-E,Y,PTOT,2014-04-01,85.05
B-E,Y,PTOT,2014-07-01,84.04
B-E,Y,PTOT,2014-10-01,85.9
B-E,Y,PTOT,2015-01-01,83.46
B-E,Y,PTOT,2015-04-01,83.26
B-E,Y,PTOT,2015-07-01,83.49
B-E,Y,PTOT,2015-10-01,83.15
B-E,Y,PTOT,2016-01-01,84.72
B-E,Y,PTOT,2016-04-01,83.65
B-E,Y,PTOT,2016-07-01,83.07
B-E,Y,PTOT,2016-10-01,83.11
B-E,Y,PTOT,2017-01-01,86.07
B-E,Y,PTOT,2017-04-01,86.05
B-E,Y,PTOT,2017-07-01,89.36
B-E,Y,PTOT,2017-10-01,91.14
B-E,Y,PTOT,2018-01-01,91.33
B-E,Y,PTOT,2018-04-01,92.06
B-E,Y,PTOT,2018-07-01,90.33
B-E,Y,PTOT,2018-10-01,95.16
B-E,Y,PTOT,2019-01-01,94.49
B-E,Y,PTOT,2019-04-01,95.79
B-E,Y,PTOT,2019-07-01,96.98
B-E,Y,PTOT,2019-10-01,96.56
B-E,Y,PTOT,2020-01-01,94.94
B-E,Y,PTOT,2020-04-01,86.94
B-E,Y,PTOT,2020-07-01,92.22
B-E,Y,PTOT,2020-10-01,94.76
B-E,Y,PTOT,2021-01-01,98.43
B-E,Y,PTOT,2021-04-01,100.33
B-E,Y,PTOT,2021-07-01,99.71
B-E,Y,PTOT,2021-10-01,101.53
B-E,Y,PTOT,2022-01-01,105.55
B-E,Y,PTOT,2022-04-01,104.9
B-E,Y,PTOT,2022-07-01,105.4
B-E,Y,PTOT,2022-10-01,108.28
B-E,Y,PTOT,2023-01-01,109.39
B-E,Y,PTOT,2023-04-01,103.38
B-E,Y,PTOT,2023-07-01,107.35
B-E,Y,PTOT,2023-10-01,107.83
B-E,Y,PTOT,2024-01-01,106.97
B-E,Y,PTOT,2024-04-01,110.52
B-E,Y,PTOT,2024-07-01,110.26
B-E,Y,PTOT,2024-10-01,110.3
B-E,Y,PTOT,2025-01-01,116.44
B-E,Y,PTOT,2025-04-01,112.61
B-E,Y,PTOT,2025-07-01,112.34
B-E,Y,PTOT,2025-10-01,109.92
B-E,Y,PTOT,2026-01-01,107.92
B-E,Y,PTOT,2026-04-01,118.39
B-E,Y,UEXP,2010-10-01,77.34
B-E,Y,UEXP,2011-01-01,80.36
B-E,Y,UEXP,2011-04-01,79.66
B-E,Y,UEXP,2011-07-01,77.71
B-E,Y,UEXP,2011-10-01,78.84
B-E,Y,UEXP,2012-01-01,79.22
B-E,Y,UEXP,2012-04-01,81.44
B-E,Y,UEXP,2012-07-01,80.74
B-E,Y,UEXP,2012-10-01,82.43
B-E,Y,UEXP,2013-01-01,80
B-E,Y,UEXP,2013-04-01,80.88
B-E,Y,UEXP,2013-07-01,85.67
B-E,Y,UEXP,2013-10-01,81.38
B-E,Y,UEXP,2014-01-01,82.84
B-E,Y,UEXP,2014-04-01,83.57
B-E,Y,UEXP,2014-07-01,81.94
B-E,Y,UEXP,2014-10-01,84.64
B-E,Y,UEXP,2015-01-01,79.07
B-E,Y,UEXP,2015-04-01,78.82
B-E,Y,UEXP,2015-07-01,78.55
B-E,Y,UEXP,2015-10-01,79.17
B-E,Y,UEXP,2016-01-01,79.89
B-E,Y,UEXP,2016-04-01,78.18
B-E,Y,UEXP,2016-07-01,79.14
B-E,Y,UEXP,2016-10-01,78.78
B-E,Y,UEXP,2017-01-01,82.57
B-E,Y,UEXP,2017-04-01,82.37
B-E,Y,UEXP,2017-07-01,86.87
B-E,Y,UEXP,2017-10-01,89.36
B-E,Y,UEXP,2018-01-01,89.31
B-E,Y,UEXP,2018-04-01,90.3
B-E,Y,UEXP,2018-07-01,88.63
B-E,Y,UEXP,2018-10-01,95.44
B-E,Y,UEXP,2019-01-01,93.79
B-E,Y,UEXP,2019-04-01,94.72
B-E,Y,UEXP,2019-07-01,95.02
B-E,Y,UEXP,2019-10-01,94.42
B-E,Y,UEXP,2020-01-01,92.22
B-E,Y,UEXP,2020-04-01,79.51
B-E,Y,UEXP,2020-07-01,87.7
B-E,Y,UEXP,2020-10-01,90.62
B-E,Y,UEXP,2021-01-01,95.03
B-E,Y,UEXP,2021-04-01,99.61
B-E,Y,UEXP,2021-07-01,100.23
B-E,Y,UEXP,2021-10-01,105.14
B-E,Y,UEXP,2022-01-01,109.31
B-E,Y,UEXP,2022-04-01,107.65
B-E,Y,UEXP,2022-07-01,109.78
B-E,Y,UEXP,2022-10-01,113.11
B-E,Y,UEXP,2023-01-01,117.3
B-E,Y,UEXP,2023-04-01,107.37
B-E,Y,UEXP,2023-07-01,110.51
B-E,Y,UEXP,2023-10-01,110.51
B-E,Y,UEXP,2024-01-01,109.62
B-E,Y,UEXP,2024-04-01,111.26
B-E,Y,UEXP,2024-07-01,110.39
B-E,Y,UEXP,2024-10-01,111.34
B-E,Y,UEXP,2025-01-01,120.02
B-E,Y,UEXP,2025-04-01,116.14
B-E,Y,UEXP,2025-07-01,112.73
B-E,Y,UEXP,2025-10-01,110.99
B-E,Y,UEXP,2026-01-01,109.36
B-E,Y,UEXP,2026-04-01,116.3
B-E,Y,UINL,2010-10-01,102.13
B-E,Y,UINL,2011-01-01,101.61
B-E,Y,UINL,2011-04-01,101.57
B-E,Y,UINL,2011-07-01,102.82
B-E,Y,UINL,2011-10-01,101.97
B-E,Y,UINL,2012-01-01,100.08
B-E,Y,UINL,2012-04-01,101.59
B-E,Y,UINL,2012-07-01,102.74
B-E,Y,UINL,2012-10-01,102.9
B-E,Y,UINL,2013-01-01,105.4
B-E,Y,UINL,2013-04-01,105.31
B-E,Y,UINL,2013-07-01,102.3
B-E,Y,UINL,2013-10-01,105.7
B-E,Y,UINL,2014-01-01,102.81
B-E,Y,UINL,2014-04-01,104.63
B-E,Y,UINL,2014-07-01,105.23
B-E,Y,UINL,2014-10-01,104.85
B-E,Y,UINL,2015-01-01,102.51
B-E,Y,UINL,2015-04-01,97.79
B-E,Y,UINL,2015-07-01,96.81
B-E,Y,UINL,2015-10-01,96.26
B-E,Y,UINL,2016-01-01,95.8
B-E,Y,UINL,2016-04-01,96.67
B-E,Y,UINL,2016-07-01,94.53
B-E,Y,UINL,2016-10-01,94.75
B-E,Y,UINL,2017-01-01,93.94
B-E,Y,UINL,2017-04-01,95.14
B-E,Y,UINL,2017-07-01,97.41
B-E,Y,UINL,2017-10-01,99.1
B-E,Y,UINL,2018-01-01,101.26
B-E,Y,UINL,2018-04-01,99.88
B-E,Y,UINL,2018-07-01,99.91
B-E,Y,UINL,2018-10-01,101.2
B-E,Y,UINL,2019-01-01,102.6
B-E,Y,UINL,2019-04-01,99.72
B-E,Y,UINL,2019-07-01,104.69
B-E,Y,UINL,2019-10-01,103.18
B-E,Y,UINL,2020-01-01,100.08
B-E,Y,UINL,2020-04-01,90.16
B-E,Y,UINL,2020-07-01,95.36
B-E,Y,UINL,2020-10-01,99.73
B-E,Y,UINL,2021-01-01,100.26
B-E,Y,UINL,2021-04-01,98.61
B-E,Y,UINL,2021-07-01,99.58
B-E,Y,UINL,2021-10-01,101.54
B-E,Y,UINL,2022-01-01,106.87
B-E,Y,UINL,2022-04-01,111.13
B-E,Y,UINL,2022-07-01,111.73
B-E,Y,UINL,2022-10-01,113.15
B-E,Y,UINL,2023-01-01,118.15
B-E,Y,UINL,2023-04-01,120.59
B-E,Y,UINL,2023-07-01,126.63
B-E,Y,UINL,2023-10-01,128.32
B-E,Y,UINL,2024-01-01,130.72
B-E,Y,UINL,2024-04-01,127.95
B-E,Y,UINL,2024-07-01,136.22
B-E,Y,UINL,2024-10-01,132.82
B-E,Y,UINL,2025-01-01,128.09
B-E,Y,UINL,2025-04-01,124.6
B-E,Y,UINL,2025-07-01,121.28
B-E,Y,UINL,2025-10-01,120.73
B-E,Y,UINL,2026-01-01,122.52
B-E,Y,UINL,2026-04-01,123.8
B-E,Y,UTOT,1999-01-01,63.64
B-E,Y,UTOT,1999-04-01,64.09
B-E,Y,UTOT,1999-07-01,65.25
B-E,Y,UTOT,1999-10-01,68.52
B-E,Y,UTOT,2000-01-01,70.94
B-E,Y,UTOT,2000-04-01,70.89
B-E,Y,UTOT,2000-07-01,73.15
B-E,Y,UTOT,2000-10-01,76.28
B-E,Y,UTOT,2001-01-01,75.76
B-E,Y,UTOT,2001-04-01,74.61
B-E,Y,UTOT,2001-07-01,72.67
B-E,Y,UTOT,2001-10-01,70.42
B-E,Y,UTOT,2002-01-01,67.99
B-E,Y,UTOT,2002-04-01,69.51
B-E,Y,UTOT,2002-07-01,69.16
B-E,Y,UTOT,2002-10-01,67.72
B-E,Y,UTOT,2003-01-01,69.1
B-E,Y,UTOT,2003-04-01,64.86
B-E,Y,UTOT,2003-07-01,68.31
B-E,Y,UTOT,2003-10-01,69.25
B-E,Y,UTOT,2004-01-01,71.12
B-E,Y,UTOT,2004-04-01,73.08
B-E,Y,UTOT,2004-07-01,69.63
B-E,Y,UTOT,2004-10-01,69.34
B-E,Y,UTOT,2005-01-01,70.67
B-E,Y,UTOT,2005-04-01,70.11
B-E,Y,UTOT,2005-07-01,72.27
B-E,Y,UTOT,2005-10-01,73.98
B-E,Y,UTOT,2006-01-01,76.36
B-E,Y,UTOT,2006-04-01,78.14
B-E,Y,UTOT,2006-07-01,80.15
B-E,Y,UTOT,2006-10-01,84
B-E,Y,UTOT,2007-01-01,84.2
B-E,Y,UTOT,2007-04-01,89.32
B-E,Y,UTOT,2007-07-01,91.82
B-E,Y,UTOT,2007-10-01,90.25
B-E,Y,UTOT,2008-01-01,92.05
B-E,Y,UTOT,2008-04-01,93.07
B-E,Y,UTOT,2008-07-01,92.65
B-E,Y,UTOT,2008-10-01,88.25
B-E,Y,UTOT,2009-01-01,82.94
B-E,Y,UTOT,2009-04-01,81.53
B-E,Y,UTOT,2009-07-01,83.26
B-E,Y,UTOT,2009-10-01,85.15
B-E,Y,UTOT,2010-01-01,88.85
B-E,Y,UTOT,2010-04-01,88.28
B-E,Y,UTOT,2010-07-01,88.82
B-E,Y,UTOT,2010-10-01,89.8
B-E,Y,UTOT,2011-01-01,91.44
B-E,Y,UTOT,2011-04-01,91.21
B-E,Y,UTOT,2011-07-01,90.48
B-E,Y,UTOT,2011-10-01,90.42
B-E,Y,UTOT,2012-01-01,90.39
B-E,Y,UTOT,2012-04-01,92.13
B-E,Y,UTOT,2012-07-01,92.26
B-E,Y,UTOT,2012-10-01,93
B-E,Y,UTOT,2013-01-01,93.49
B-E,Y,UTOT,2013-04-01,93.7
B-E,Y,UTOT,2013-07-01,94.68
B-E,Y,UTOT,2013-10-01,93.66
B-E,Y,UTOT,2014-01-01,93.24
B-E,Y,UTOT,2014-04-01,95.01
B-E,Y,UTOT,2014-07-01,94.06
B-E,Y,UTOT,2014-10-01,94.98
B-E,Y,UTOT,2015-01-01,91.18
B-E,Y,UTOT,2015-04-01,88.99
B-E,Y,UTOT,2015-07-01,88.32
B-E,Y,UTOT,2015-10-01,88.02
B-E,Y,UTOT,2016-01-01,88.47
B-E,Y,UTOT,2016-04-01,88.24
B-E,Y,UTOT,2016-07-01,87.53
B-E,Y,UTOT,2016-10-01,87.33
B-E,Y,UTOT,2017-01-01,88.85
B-E,Y,UTOT,2017-04-01,89.77
B-E,Y,UTOT,2017-07-01,92.77
B-E,Y,UTOT,2017-10-01,94.67
B-E,Y,UTOT,2018-01-01,95.18
B-E,Y,UTOT,2018-04-01,95.56
B-E,Y,UTOT,2018-07-01,93.86
B-E,Y,UTOT,2018-10-01,98.12
B-E,Y,UTOT,2019-01-01,97.72
B-E,Y,UTOT,2019-04-01,97.57
B-E,Y,UTOT,2019-07-01,99.67
B-E,Y,UTOT,2019-10-01,98.82
B-E,Y,UTOT,2020-01-01,95.6
B-E,Y,UTOT,2020-04-01,84.71
B-E,Y,UTOT,2020-07-01,91.24
B-E,Y,UTOT,2020-10-01,95.36
B-E,Y,UTOT,2021-01-01,97.18
B-E,Y,UTOT,2021-04-01,99.39
B-E,Y,UTOT,2021-07-01,100.02
B-E,Y,UTOT,2021-10-01,103.41
B-E,Y,UTOT,2022-01-01,107.56
B-E,Y,UTOT,2022-04-01,110.34
B-E,Y,UTOT,2022-07-01,111.15
B-E,Y,UTOT,2022-10-01,112.87
B-E,Y,UTOT,2023-01-01,116.46
B-E,Y,UTOT,2023-04-01,114.97
B-E,Y,UTOT,2023-07-01,119.29
B-E,Y,UTOT,2023-10-01,120.8
B-E,Y,UTOT,2024-01-01,120.11
B-E,Y,UTOT,2024-04-01,121.13
B-E,Y,UTOT,2024-07-01,125.31
B-E,Y,UTOT,2024-10-01,123.75
B-E,Y,UTOT,2025-01-01,123.59
B-E,Y,UTOT,2025-04-01,121.39
B-E,Y,UTOT,2025-07-01,117.45
B-E,Y,UTOT,2025-10-01,116.62
B-E,Y,UTOT,2026-01-01,114.64
B-E,Y,UTOT,2026-04-01,120.94
C,N,PTOT,2004-01-01,60.85
C,N,PTOT,2004-04-01,63.44
C,N,PTOT,2004-07-01,60.34
C,N,PTOT,2004-10-01,63.03
C,N,PTOT,2005-01-01,59.76
C,N,PTOT,2005-04-01,63.93
C,N,PTOT,2005-07-01,62.48
C,N,PTOT,2005-10-01,66.51
C,N,PTOT,2006-01-01,65.09
C,N,PTOT,2006-04-01,67.71
C,N,PTOT,2006-07-01,67.82
C,N,PTOT,2006-10-01,74.64
C,N,PTOT,2007-01-01,72.42
C,N,PTOT,2007-04-01,77.46
C,N,PTOT,2007-07-01,78.25
C,N,PTOT,2007-10-01,80.2
C,N,PTOT,2008-01-01,75.62
C,N,PTOT,2008-04-01,80.66
C,N,PTOT,2008-07-01,77.92
C,N,PTOT,2008-10-01,75.91
C,N,PTOT,2009-01-01,68.82
C,N,PTOT,2009-04-01,70
C,N,PTOT,2009-07-01,72.07
C,N,PTOT,2009-10-01,75.71
C,N,PTOT,2010-01-01,74.23
C,N,PTOT,2010-04-01,76.19
C,N,PTOT,2010-07-01,76.91
C,N,PTOT,2010-10-01,79.91
C,N,PTOT,2011-01-01,77.19
C,N,PTOT,2011-04-01,78.82
C,N,PTOT,2011-07-01,77.34
C,N,PTOT,2011-10-01,81.97
C,N,PTOT,2012-01-01,77.22
C,N,PTOT,2012-04-01,79.28
C,N,PTOT,2012-07-01,77.17
C,N,PTOT,2012-10-01,83.01
C,N,PTOT,2013-01-01,75.91
C,N,PTOT,2013-04-01,80
C,N,PTOT,2013-07-01,80.36
C,N,PTOT,2013-10-01,83.42
C,N,PTOT,2014-01-01,79.26
C,N,PTOT,2014-04-01,81.83
C,N,PTOT,2014-07-01,79.44
C,N,PTOT,2014-10-01,86.41
C,N,PTOT,2015-01-01,78.11
C,N,PTOT,2015-04-01,79.84
C,N,PTOT,2015-07-01,80.29
C,N,PTOT,2015-10-01,84.63
C,N,PTOT,2016-01-01,79.9
C,N,PTOT,2016-04-01,82.03
C,N,PTOT,2016-07-01,78.91
C,N,PTOT,2016-10-01,83.79
C,N,PTOT,2017-01-01,84.4
C,N,PTOT,2017-04-01,83.96
C,N,PTOT,2017-07-01,84.24
C,N,PTOT,2017-10-01,91.18
C,N,PTOT,2018-01-01,88.16
C,N,PTOT,2018-04-01,91.16
C,N,PTOT,2018-07-01,85.77
C,N,PTOT,2018-10-01,96.56
C,N,PTOT,2019-01-01,92.18
C,N,PTOT,2019-04-01,94.76
C,N,PTOT,2019-07-01,92.35
C,N,PTOT,2019-10-01,96.64
C,N,PTOT,2020-01-01,93.08
C,N,PTOT,2020-04-01,85.75
C,N,PTOT,2020-07-01,89.31
C,N,PTOT,2020-10-01,94.93
C,N,PTOT,2021-01-01,97.38
C,N,PTOT,2021-04-01,100.52
C,N,PTOT,2021-07-01,97.7
C,N,PTOT,2021-10-01,104.41
C,N,PTOT,2022-01-01,107.33
C,N,PTOT,2022-04-01,106.79
C,N,PTOT,2022-07-01,103.7
C,N,PTOT,2022-10-01,110.68
C,N,PTOT,2023-01-01,112.4
C,N,PTOT,2023-04-01,104.93
C,N,PTOT,2023-07-01,103.74
C,N,PTOT,2023-10-01,107.59
C,N,PTOT,2024-01-01,105.85
C,N,PTOT,2024-04-01,112.5
C,N,PTOT,2024-07-01,106.21
C,N,PTOT,2024-10-01,110.49
C,N,PTOT,2025-01-01,117.79
C,N,PTOT,2025-04-01,114.87
C,N,PTOT,2025-07-01,111.1
C,N,PTOT,2025-10-01,111.4
C,N,PTOT,2026-01-01,108.89
C,N,PTOT,2026-04-01,122.02
C,N,UEXP,2010-10-01,78.15
C,N,UEXP,2011-01-01,80.36
C,N,UEXP,2011-04-01,79.18
C,N,UEXP,2011-07-01,75.76
C,N,UEXP,2011-10-01,78.26
C,N,UEXP,2012-01-01,79.13
C,N,UEXP,2012-04-01,80.47
C,N,UEXP,2012-07-01,77.78
C,N,UEXP,2012-10-01,81.78
C,N,UEXP,2013-01-01,78.24
C,N,UEXP,2013-04-01,80.05
C,N,UEXP,2013-07-01,82.81
C,N,UEXP,2013-10-01,80.43
C,N,UEXP,2014-01-01,81.89
C,N,UEXP,2014-04-01,81.99
C,N,UEXP,2014-07-01,79.1
C,N,UEXP,2014-10-01,83.56
C,N,UEXP,2015-01-01,78.44
C,N,UEXP,2015-04-01,77.33
C,N,UEXP,2015-07-01,76.2
C,N,UEXP,2015-10-01,78.57
C,N,UEXP,2016-01-01,78.59
C,N,UEXP,2016-04-01,78.44
C,N,UEXP,2016-07-01,75.79
C,N,UEXP,2016-10-01,77.45
C,N,UEXP,2017-01-01,83.85
C,N,UEXP,2017-04-01,81.45
C,N,UEXP,2017-07-01,82.3
C,N,UEXP,2017-10-01,86.86
C,N,UEXP,2018-01-01,90.09
C,N,UEXP,2018-04-01,91.03
C,N,UEXP,2018-07-01,84.89
C,N,UEXP,2018-10-01,94.59
C,N,UEXP,2019-01-01,94.61
C,N,UEXP,2019-04-01,94.95
C,N,UEXP,2019-07-01,91.91
C,N,UEXP,2019-10-01,93.35
C,N,UEXP,2020-01-01,92.85
C,N,UEXP,2020-04-01,79.99
C,N,UEXP,2020-07-01,85.69
C,N,UEXP,2020-10-01,89.77
C,N,UEXP,2021-01-01,96.38
C,N,UEXP,2021-04-01,100.68
C,N,UEXP,2021-07-01,98.12
C,N,UEXP,2021-10-01,104.82
C,N,UEXP,2022-01-01,111.21
C,N,UEXP,2022-04-01,109.32
C,N,UEXP,2022-07-01,106.92
C,N,UEXP,2022-10-01,110.72
C,N,UEXP,2023-01-01,119.44
C,N,UEXP,2023-04-01,109.09
C,N,UEXP,2023-07-01,106.85
C,N,UEXP,2023-10-01,107.33
C,N,UEXP,2024-01-01,108.04
C,N,UEXP,2024-04-01,113.81
C,N,UEXP,2024-07-01,108.03
C,N,UEXP,2024-10-01,108.9
C,N,UEXP,2025-01-01,119.29
C,N,UEXP,2025-04-01,118
C,N,UEXP,2025-07-01,110.63
C,N,UEXP,2025-10-01,108.62
C,N,UEXP,2026-01-01,108.1
C,N,UEXP,2026-04-01,119.01
C,N,UINL,2010-10-01,110.52
C,N,UINL,2011-01-01,96.62
C,N,UINL,2011-04-01,102.51
C,N,UINL,2011-07-01,100.26
C,N,UINL,2011-10-01,109.61
C,N,UINL,2012-01-01,93.1
C,N,UINL,2012-04-01,97.96
C,N,UINL,2012-07-01,96.57
C,N,UINL,2012-10-01,108.76
C,N,UINL,2013-01-01,93.81
C,N,UINL,2013-04-01,102.82
C,N,UINL,2013-07-01,97.88
C,N,UINL,2013-10-01,111.72
C,N,UINL,2014-01-01,95.93
C,N,UINL,2014-04-01,101.65
C,N,UINL,2014-07-01,99.8
C,N,UINL,2014-10-01,111.48
C,N,UINL,2015-01-01,92.51
C,N,UINL,2015-04-01,92.64
C,N,UINL,2015-07-01,92.77
C,N,UINL,2015-10-01,102.77
C,N,UINL,2016-01-01,87.54
C,N,UINL,2016-04-01,93.21
C,N,UINL,2016-07-01,88.79
C,N,UINL,2016-10-01,100.78
C,N,UINL,2017-01-01,89.39
C,N,UINL,2017-04-01,91.9
C,N,UINL,2017-07-01,90.28
C,N,UINL,2017-10-01,104.43
C,N,UINL,2018-01-01,92.23
C,N,UINL,2018-04-01,98.55
C,N,UINL,2018-07-01,96.06
C,N,UINL,2018-10-01,109.17
C,N,UINL,2019-01-01,94.86
C,N,UINL,2019-04-01,97.31
C,N,UINL,2019-07-01,96.91
C,N,UINL,2019-10-01,106.38
C,N,UINL,2020-01-01,93.45
C,N,UINL,2020-04-01,86.95
C,N,UINL,2020-07-01,90.81
C,N,UINL,2020-10-01,102.73
C,N,UINL,2021-01-01,93.37
C,N,UINL,2021-04-01,97.75
C,N,UINL,2021-07-01,98.23
C,N,UINL,2021-10-01,110.64
C,N,UINL,2022-01-01,104.81
C,N,UINL,2022-04-01,115.41
C,N,UINL,2022-07-01,111.09
C,N,UINL,2022-10-01,122.74
C,N,UINL,2023-01-01,108.91
C,N,UINL,2023-04-01,111.22
C,N,UINL,2023-07-01,107.82
C,N,UINL,2023-10-01,119.37
C,N,UINL,2024-01-01,104.84
C,N,UINL,2024-04-01,108.05
C,N,UINL,2024-07-01,102.73
C,N,UINL,2024-10-01,115.51
C,N,UINL,2025-01-01,105.17
C,N,UINL,2025-04-01,111.97
C,N,UINL,2025-07-01,107.5
C,N,UINL,2025-10-01,113.96
C,N,UINL,2026-01-01,107.92
C,N,UINL,2026-04-01,116.76
C,N,UTOT,1999-01-01,55.52
C,N,UTOT,1999-04-01,58.28
C,N,UTOT,1999-07-01,57.94
C,N,UTOT,1999-10-01,65.05
C,N,UTOT,2000-01-01,62.55
C,N,UTOT,2000-04-01,63.93
C,N,UTOT,2000-07-01,64.27
C,N,UTOT,2000-10-01,68.8
C,N,UTOT,2001-01-01,67.41
C,N,UTOT,2001-04-01,68.88
C,N,UTOT,2001-07-01,65.38
C,N,UTOT,2001-10-01,66.24
C,N,UTOT,2002-01-01,62.35
C,N,UTOT,2002-04-01,66.94
C,N,UTOT,2002-07-01,65.08
C,N,UTOT,2002-10-01,64.3
C,N,UTOT,2003-01-01,62.71
C,N,UTOT,2003-04-01,62.06
C,N,UTOT,2003-07-01,64.37
C,N,UTOT,2003-10-01,68.09
C,N,UTOT,2004-01-01,66.16
C,N,UTOT,2004-04-01,70.23
C,N,UTOT,2004-07-01,66.3
C,N,UTOT,2004-10-01,68.15
C,N,UTOT,2005-01-01,65.98
C,N,UTOT,2005-04-01,70.16
C,N,UTOT,2005-07-01,69.14
C,N,UTOT,2005-10-01,72.91
C,N,UTOT,2006-01-01,72.79
C,N,UTOT,2006-04-01,75.95
C,N,UTOT,2006-07-01,76.54
C,N,UTOT,2006-10-01,83.83
C,N,UTOT,2007-01-01,82.46
C,N,UTOT,2007-04-01,89.89
C,N,UTOT,2007-07-01,91.43
C,N,UTOT,2007-10-01,91.91
C,N,UTOT,2008-01-01,86.16
C,N,UTOT,2008-04-01,94.41
C,N,UTOT,2008-07-01,91.2
C,N,UTOT,2008-10-01,88.39
C,N,UTOT,2009-01-01,78.47
C,N,UTOT,2009-04-01,79.97
C,N,UTOT,2009-07-01,82.18
C,N,UTOT,2009-10-01,86.62
C,N,UTOT,2010-01-01,84.46
C,N,UTOT,2010-04-01,87.45
C,N,UTOT,2010-07-01,87.43
C,N,UTOT,2010-10-01,90.83
C,N,UTOT,2011-01-01,86.93
C,N,UTOT,2011-04-01,88.6
C,N,UTOT,2011-07-01,85.82
C,N,UTOT,2011-10-01,90.56
C,N,UTOT,2012-01-01,84.86
C,N,UTOT,2012-04-01,87.51
C,N,UTOT,2012-07-01,85.64
C,N,UTOT,2012-10-01,92.65
C,N,UTOT,2013-01-01,84.25
C,N,UTOT,2013-04-01,88.98
C,N,UTOT,2013-07-01,88.78
C,N,UTOT,2013-10-01,92.85
C,N,UTOT,2014-01-01,86.8
C,N,UTOT,2014-04-01,89.83
C,N,UTOT,2014-07-01,87.32
C,N,UTOT,2014-10-01,94.67
C,N,UTOT,2015-01-01,83.59
C,N,UTOT,2015-04-01,83.14
C,N,UTOT,2015-07-01,82.8
C,N,UTOT,2015-10-01,88.28
C,N,UTOT,2016-01-01,81.8
C,N,UTOT,2016-04-01,84.14
C,N,UTOT,2016-07-01,80.94
C,N,UTOT,2016-10-01,86.85
C,N,UTOT,2017-01-01,85.83
C,N,UTOT,2017-04-01,85.36
C,N,UTOT,2017-07-01,85.05
C,N,UTOT,2017-10-01,93.57
C,N,UTOT,2018-01-01,90.54
C,N,UTOT,2018-04-01,94.18
C,N,UTOT,2018-07-01,89.07
C,N,UTOT,2018-10-01,100.09
C,N,UTOT,2019-01-01,94.17
C,N,UTOT,2019-04-01,95.81
C,N,UTOT,2019-07-01,93.45
C,N,UTOT,2019-10-01,98.04
C,N,UTOT,2020-01-01,92.52
C,N,UTOT,2020-04-01,82.16
C,N,UTOT,2020-07-01,87.16
C,N,UTOT,2020-10-01,94.63
C,N,UTOT,2021-01-01,95.1
C,N,UTOT,2021-04-01,99.46
C,N,UTOT,2021-07-01,98.09
C,N,UTOT,2021-10-01,107.36
C,N,UTOT,2022-01-01,109.42
C,N,UTOT,2022-04-01,112.55
C,N,UTOT,2022-07-01,108.79
C,N,UTOT,2022-10-01,115.18
C,N,UTOT,2023-01-01,115
C,N,UTOT,2023-04-01,109.74
C,N,UTOT,2023-07-01,106.54
C,N,UTOT,2023-10-01,111.97
C,N,UTOT,2024-01-01,106.71
C,N,UTOT,2024-04-01,110.96
C,N,UTOT,2024-07-01,105.53
C,N,UTOT,2024-10-01,111.12
C,N,UTOT,2025-01-01,113.87
C,N,UTOT,2025-04-01,114.92
C,N,UTOT,2025-07-01,108.41
C,N,UTOT,2025-10-01,110.47
C,N,UTOT,2026-01-01,107.62
C,N,UTOT,2026-04-01,117.39
C,W,PTOT,2004-01-01,65.82
C,W,PTOT,2004-04-01,69.27
C,W,PTOT,2004-07-01,64.52
C,W,PTOT,2004-10-01,69.81
C,W,PTOT,2005-01-01,63.89
C,W,PTOT,2005-04-01,67.7
C,W,PTOT,2005-07-01,66.17
C,W,PTOT,2005-10-01,72.96
C,W,PTOT,2006-01-01,67.67
C,W,PTOT,2006-04-01,72.23
C,W,PTOT,2006-07-01,71.86
C,W,PTOT,2006-10-01,81.11
C,W,PTOT,2007-01-01,74.44
C,W,PTOT,2007-04-01,80.65
C,W,PTOT,2007-07-01,80.31
C,W,PTOT,2007-10-01,85.72
C,W,PTOT,2008-01-01,79.32
C,W,PTOT,2008-04-01,81.84
C,W,PTOT,2008-07-01,79.45
C,W,PTOT,2008-10-01,78.45
C,W,PTOT,2009-01-01,69.85
C,W,PTOT,2009-04-01,71.4
C,W,PTOT,2009-07-01,71.94
C,W,PTOT,2009-10-01,76.92
C,W,PTOT,2010-01-01,74.49
C,W,PTOT,2010-04-01,77.17
C,W,PTOT,2010-07-01,77.26
C,W,PTOT,2010-10-01,78.58
C,W,PTOT,2011-01-01,76.12
C,W,PTOT,2011-04-01,79.08
C,W,PTOT,2011-07-01,77.67
C,W,PTOT,2011-10-01,82.67
C,W,PTOT,2012-01-01,77.53
C,W,PTOT,2012-04-01,80.95
C,W,PTOT,2012-07-01,78.5
C,W,PTOT,2012-10-01,84.05
C,W,PTOT,2013-01-01,77.75
C,W,PTOT,2013-04-01,80.69
C,W,PTOT,2013-07-01,81.27
C,W,PTOT,2013-10-01,84.61
C,W,PTOT,2014-01-01,80.41
C,W,PTOT,2014-04-01,83.3
C,W,PTOT,2014-07-01,80.29
C,W,PTOT,2014-10-01,87.67
C,W,PTOT,2015-01-01,79.21
C,W,PTOT,2015-04-01,81.21
C,W,PTOT,2015-07-01,80.47
C,W,PTOT,2015-10-01,85.15
C,W,PTOT,2016-01-01,81.91
C,W,PTOT,2016-04-01,81.65
C,W,PTOT,2016-07-01,79.85
C,W,PTOT,2016-10-01,85.03
C,W,PTOT,2017-01-01,83.98
C,W,PTOT,2017-04-01,85.27
C,W,PTOT,2017-07-01,86.06
C,W,PTOT,2017-10-01,93.29
C,W,PTOT,2018-01-01,89.04
C,W,PTOT,2018-04-01,91.49
C,W,PTOT,2018-07-01,87.21
C,W,PTOT,2018-10-01,97.36
C,W,PTOT,2019-01-01,93.12
C,W,PTOT,2019-04-01,96.05
C,W,PTOT,2019-07-01,92.99
C,W,PTOT,2019-10-01,97.5
C,W,PTOT,2020-01-01,93.78
C,W,PTOT,2020-04-01,86.83
C,W,PTOT,2020-07-01,89.1
C,W,PTOT,2020-10-01,95.07
C,W,PTOT,2021-01-01,97.58
C,W,PTOT,2021-04-01,101.33
C,W,PTOT,2021-07-01,97.53
C,W,PTOT,2021-10-01,103.56
C,W,PTOT,2022-01-01,106.68
C,W,PTOT,2022-04-01,107.68
C,W,PTOT,2022-07-01,104.41
C,W,PTOT,2022-10-01,111.8
C,W,PTOT,2023-01-01,111.31
C,W,PTOT,2023-04-01,106
C,W,PTOT,2023-07-01,105.46
C,W,PTOT,2023-10-01,109.56
C,W,PTOT,2024-01-01,107.8
C,W,PTOT,2024-04-01,113.01
C,W,PTOT,2024-07-01,106.91
C,W,PTOT,2024-10-01,111.52
C,W,PTOT,2025-01-01,119.1
C,W,PTOT,2025-04-01,116.38
C,W,PTOT,2025-07-01,111.71
C,W,PTOT,2025-10-01,112.5
C,W,PTOT,2026-01-01,109.9
C,W,PTOT,2026-04-01,123.44
C,W,UEXP,2010-10-01,78
C,W,UEXP,2011-01-01,80.64
C,W,UEXP,2011-04-01,79.89
C,W,UEXP,2011-07-01,76.69
C,W,UEXP,2011-10-01,79.45
C,W,UEXP,2012-01-01,79.59
C,W,UEXP,2012-04-01,81.72
C,W,UEXP,2012-07-01,79.49
C,W,UEXP,2012-10-01,83.2
C,W,UEXP,2013-01-01,80.43
C,W,UEXP,2013-04-01,81.21
C,W,UEXP,2013-07-01,84.23
C,W,UEXP,2013-10-01,81.99
C,W,UEXP,2014-01-01,83.48
C,W,UEXP,2014-04-01,83.92
C,W,UEXP,2014-07-01,80.43
C,W,UEXP,2014-10-01,85.25
C,W,UEXP,2015-01-01,79.97
C,W,UEXP,2015-04-01,79.12
C,W,UEXP,2015-07-01,76.87
C,W,UEXP,2015-10-01,79.58
C,W,UEXP,2016-01-01,81.12
C,W,UEXP,2016-04-01,78.63
C,W,UEXP,2016-07-01,77.13
C,W,UEXP,2016-10-01,79.04
C,W,UEXP,2017-01-01,83.99
C,W,UEXP,2017-04-01,83.16
C,W,UEXP,2017-07-01,84.51
C,W,UEXP,2017-10-01,89.3
C,W,UEXP,2018-01-01,90.86
C,W,UEXP,2018-04-01,91.33
C,W,UEXP,2018-07-01,86.21
C,W,UEXP,2018-10-01,95.27
C,W,UEXP,2019-01-01,95.44
C,W,UEXP,2019-04-01,96.18
C,W,UEXP,2019-07-01,92.49
C,W,UEXP,2019-10-01,94.1
C,W,UEXP,2020-01-01,93.65
C,W,UEXP,2020-04-01,80.9
C,W,UEXP,2020-07-01,85.49
C,W,UEXP,2020-10-01,89.9
C,W,UEXP,2021-01-01,96.53
C,W,UEXP,2021-04-01,101.43
C,W,UEXP,2021-07-01,97.98
C,W,UEXP,2021-10-01,104.06
C,W,UEXP,2022-01-01,110.53
C,W,UEXP,2022-04-01,110.15
C,W,UEXP,2022-07-01,107.62
C,W,UEXP,2022-10-01,111.77
C,W,UEXP,2023-01-01,118.29
C,W,UEXP,2023-04-01,110.1
C,W,UEXP,2023-07-01,108.52
C,W,UEXP,2023-10-01,109.12
C,W,UEXP,2024-01-01,110.08
C,W,UEXP,2024-04-01,114.32
C,W,UEXP,2024-07-01,108.68
C,W,UEXP,2024-10-01,109.83
C,W,UEXP,2025-01-01,120.47
C,W,UEXP,2025-04-01,119.47
C,W,UEXP,2025-07-01,111.15
C,W,UEXP,2025-10-01,109.63
C,W,UEXP,2026-01-01,108.96
C,W,UEXP,2026-04-01,120.24
C,W,UINL,2010-10-01,108.59
C,W,UINL,2011-01-01,95.44
C,W,UINL,2011-04-01,102.92
C,W,UINL,2011-07-01,100.28
C,W,UINL,2011-10-01,110.32
C,W,UINL,2012-01-01,91.93
C,W,UINL,2012-04-01,98.86
C,W,UINL,2012-07-01,97.8
C,W,UINL,2012-10-01,109.75
C,W,UINL,2013-01-01,95.9
C,W,UINL,2013-04-01,103.09
C,W,UINL,2013-07-01,98.4
C,W,UINL,2013-10-01,112.77
C,W,UINL,2014-01-01,96.95
C,W,UINL,2014-04-01,102.92
C,W,UINL,2014-07-01,100.22
C,W,UINL,2014-10-01,112.4
C,W,UINL,2015-01-01,93.37
C,W,UINL,2015-04-01,93.63
C,W,UINL,2015-07-01,92.27
C,W,UINL,2015-10-01,102.6
C,W,UINL,2016-01-01,88.96
C,W,UINL,2016-04-01,92.02
C,W,UINL,2016-07-01,89.31
C,W,UINL,2016-10-01,101.67
C,W,UINL,2017-01-01,88.33
C,W,UINL,2017-04-01,92.87
C,W,UINL,2017-07-01,91.78
C,W,UINL,2017-10-01,106.44
C,W,UINL,2018-01-01,93.46
C,W,UINL,2018-04-01,98.95
C,W,UINL,2018-07-01,97.95
C,W,UINL,2018-10-01,110.33
C,W,UINL,2019-01-01,96.12
C,W,UINL,2019-04-01,98.67
C,W,UINL,2019-07-01,97.7
C,W,UINL,2019-10-01,107.52
C,W,UINL,2020-01-01,93.85
C,W,UINL,2020-04-01,88.22
C,W,UINL,2020-07-01,90.58
C,W,UINL,2020-10-01,102.84
C,W,UINL,2021-01-01,93.69
C,W,UINL,2021-04-01,98.67
C,W,UINL,2021-07-01,98.04
C,W,UINL,2021-10-01,109.6
C,W,UINL,2022-01-01,104.2
C,W,UINL,2022-04-01,116.56
C,W,UINL,2022-07-01,111.97
C,W,UINL,2022-10-01,124.09
C,W,UINL,2023-01-01,107.89
C,W,UINL,2023-04-01,112.62
C,W,UINL,2023-07-01,109.88
C,W,UINL,2023-10-01,121.92
C,W,UINL,2024-01-01,106.53
C,W,UINL,2024-04-01,108.49
C,W,UINL,2024-07-01,103.56
C,W,UINL,2024-10-01,116.78
C,W,UINL,2025-01-01,106.53
C,W,UINL,2025-04-01,113.62
C,W,UINL,2025-07-01,108.2
C,W,UINL,2025-10-01,115.23
C,W,UINL,2026-01-01,109.18
C,W,UINL,2026-04-01,118.3
C,W,UTOT,1999-01-01,59.13
C,W,UTOT,1999-04-01,62.84
C,W,UTOT,1999-07-01,61.19
C,W,UTOT,1999-10-01,70.47
C,W,UTOT,2000-01-01,66.47
C,W,UTOT,2000-04-01,70.09
C,W,UTOT,2000-07-01,69.77
C,W,UTOT,2000-10-01,79.18
C,W,UTOT,2001-01-01,70.98
C,W,UTOT,2001-04-01,73.8
C,W,UTOT,2001-07-01,68.67
C,W,UTOT,2001-10-01,72.28
C,W,UTOT,2002-01-01,63.62
C,W,UTOT,2002-04-01,68.75
C,W,UTOT,2002-07-01,65.47
C,W,UTOT,2002-10-01,68.98
C,W,UTOT,2003-01-01,64.4
C,W,UTOT,2003-04-01,63.86
C,W,UTOT,2003-07-01,64.74
C,W,UTOT,2003-10-01,70.56
C,W,UTOT,2004-01-01,67.05
C,W,UTOT,2004-04-01,71.93
C,W,UTOT,2004-07-01,66.36
C,W,UTOT,2004-10-01,70.14
C,W,UTOT,2005-01-01,66.8
C,W,UTOT,2005-04-01,69.74
C,W,UTOT,2005-07-01,69.71
C,W,UTOT,2005-10-01,75.3
C,W,UTOT,2006-01-01,72.61
C,W,UTOT,2006-04-01,77.64
C,W,UTOT,2006-07-01,77.79
C,W,UTOT,2006-10-01,86.22
C,W,UTOT,2007-01-01,81.42
C,W,UTOT,2007-04-01,89.08
C,W,UTOT,2007-07-01,89.75
C,W,UTOT,2007-10-01,93.57
C,W,UTOT,2008-01-01,89.49
C,W,UTOT,2008-04-01,94.52
C,W,UTOT,2008-07-01,92.38
C,W,UTOT,2008-10-01,90.23
C,W,UTOT,2009-01-01,79.08
C,W,UTOT,2009-04-01,80.87
C,W,UTOT,2009-07-01,81.4
C,W,UTOT,2009-10-01,86.98
C,W,UTOT,2010-01-01,84.41
C,W,UTOT,2010-04-01,88.02
C,W,UTOT,2010-07-01,87.04
C,W,UTOT,2010-10-01,90.09
C,W,UTOT,2011-01-01,86.01
C,W,UTOT,2011-04-01,88.94
C,W,UTOT,2011-07-01,86.12
C,W,UTOT,2011-10-01,91.62
C,W,UTOT,2012-01-01,84.09
C,W,UTOT,2012-04-01,88.24
C,W,UTOT,2012-07-01,86.85
C,W,UTOT,2012-10-01,93.9
C,W,UTOT,2013-01-01,86.38
C,W,UTOT,2013-04-01,89.79
C,W,UTOT,2013-07-01,89.83
C,W,UTOT,2013-10-01,94.23
C,W,UTOT,2014-01-01,88.15
C,W,UTOT,2014-04-01,91.49
C,W,UTOT,2014-07-01,88.29
C,W,UTOT,2014-10-01,96.08
C,W,UTOT,2015-01-01,84.84
C,W,UTOT,2015-04-01,84.6
C,W,UTOT,2015-07-01,83.01
C,W,UTOT,2015-10-01,88.86
C,W,UTOT,2016-01-01,83.8
C,W,UTOT,2016-04-01,83.8
C,W,UTOT,2016-07-01,81.94
C,W,UTOT,2016-10-01,88.17
C,W,UTOT,2017-01-01,85.47
C,W,UTOT,2017-04-01,86.74
C,W,UTOT,2017-07-01,86.94
C,W,UTOT,2017-10-01,95.8
C,W,UTOT,2018-01-01,91.49
C,W,UTOT,2018-04-01,94.51
C,W,UTOT,2018-07-01,90.57
C,W,UTOT,2018-10-01,100.93
C,W,UTOT,2019-01-01,95.16
C,W,UTOT,2019-04-01,97.07
C,W,UTOT,2019-07-01,94.09
C,W,UTOT,2019-10-01,98.91
C,W,UTOT,2020-01-01,93.09
C,W,UTOT,2020-04-01,83.18
C,W,UTOT,2020-07-01,86.94
C,W,UTOT,2020-10-01,94.75
C,W,UTOT,2021-01-01,95.32
C,W,UTOT,2021-04-01,100.26
C,W,UTOT,2021-07-01,97.92
C,W,UTOT,2021-10-01,106.5
C,W,UTOT,2022-01-01,108.78
C,W,UTOT,2022-04-01,113.49
C,W,UTOT,2022-07-01,109.54
C,W,UTOT,2022-10-01,116.34
C,W,UTOT,2023-01-01,113.92
C,W,UTOT,2023-04-01,110.88
C,W,UTOT,2023-07-01,108.32
C,W,UTOT,2023-10-01,114.01
C,W,UTOT,2024-01-01,108.53
C,W,UTOT,2024-04-01,111.41
C,W,UTOT,2024-07-01,106.23
C,W,UTOT,2024-10-01,112.16
C,W,UTOT,2025-01-01,115.14
C,W,UTOT,2025-04-01,116.42
C,W,UTOT,2025-07-01,108.98
C,W,UTOT,2025-10-01,111.55
C,W,UTOT,2026-01-01,108.64
C,W,UTOT,2026-04-01,118.73
C,Y,PTOT,2004-01-01,68.62
C,Y,PTOT,2004-04-01,68.52
C,Y,PTOT,2004-07-01,66.29
C,Y,PTOT,2004-10-01,65.97
C,Y,PTOT,2005-01-01,66.57
C,Y,PTOT,2005-04-01,67.01
C,Y,PTOT,2005-07-01,67.94
C,Y,PTOT,2005-10-01,68.99
C,Y,PTOT,2006-01-01,70.41
C,Y,PTOT,2006-04-01,71.66
C,Y,PTOT,2006-07-01,73.59
C,Y,PTOT,2006-10-01,76.86
C,Y,PTOT,2007-01-01,77.24
C,Y,PTOT,2007-04-01,80.26
C,Y,PTOT,2007-07-01,81.99
C,Y,PTOT,2007-10-01,81.46
C,Y,PTOT,2008-01-01,82.07
C,Y,PTOT,2008-04-01,81.66
C,Y,PTOT,2008-07-01,80.82
C,Y,PTOT,2008-10-01,74.84
C,Y,PTOT,2009-01-01,72.05
C,Y,PTOT,2009-04-01,71.35
C,Y,PTOT,2009-07-01,73.05
C,Y,PTOT,2009-10-01,73.55
C,Y,PTOT,2010-01-01,76.72
C,Y,PTOT,2010-04-01,77.16
C,Y,PTOT,2010-07-01,78.32
C,Y,PTOT,2010-10-01,75.53
C,Y,PTOT,2011-01-01,78.19
C,Y,PTOT,2011-04-01,78.8
C,Y,PTOT,2011-07-01,78.94
C,Y,PTOT,2011-10-01,79.45
C,Y,PTOT,2012-01-01,79.63
C,Y,PTOT,2012-04-01,80.66
C,Y,PTOT,2012-07-01,79.9
C,Y,PTOT,2012-10-01,80.68
C,Y,PTOT,2013-01-01,79.76
C,Y,PTOT,2013-04-01,80.37
C,Y,PTOT,2013-07-01,82.79
C,Y,PTOT,2013-10-01,81.3
C,Y,PTOT,2014-01-01,82.37
C,Y,PTOT,2014-04-01,83
C,Y,PTOT,2014-07-01,81.89
C,Y,PTOT,2014-10-01,84.34
C,Y,PTOT,2015-01-01,80.84
C,Y,PTOT,2015-04-01,80.98
C,Y,PTOT,2015-07-01,82.31
C,Y,PTOT,2015-10-01,82
C,Y,PTOT,2016-01-01,83.23
C,Y,PTOT,2016-04-01,81.35
C,Y,PTOT,2016-07-01,81.92
C,Y,PTOT,2016-10-01,82.14
C,Y,PTOT,2017-01-01,84.95
C,Y,PTOT,2017-04-01,84.74
C,Y,PTOT,2017-07-01,88.57
C,Y,PTOT,2017-10-01,90.42
C,Y,PTOT,2018-01-01,89.79
C,Y,PTOT,2018-04-01,90.8
C,Y,PTOT,2018-07-01,89.89
C,Y,PTOT,2018-10-01,94.62
C,Y,PTOT,2019-01-01,93.56
C,Y,PTOT,2019-04-01,95.09
C,Y,PTOT,2019-07-01,96.01
C,Y,PTOT,2019-10-01,94.95
C,Y,PTOT,2020-01-01,94.18
C,Y,PTOT,2020-04-01,85.87
C,Y,PTOT,2020-07-01,91.97
C,Y,PTOT,2020-10-01,93.09
C,Y,PTOT,2021-01-01,97.54
C,Y,PTOT,2021-04-01,99.98
C,Y,PTOT,2021-07-01,100.62
C,Y,PTOT,2021-10-01,101.85
C,Y,PTOT,2022-01-01,106.68
C,Y,PTOT,2022-04-01,105.87
C,Y,PTOT,2022-07-01,107.56
C,Y,PTOT,2022-10-01,110.45
C,Y,PTOT,2023-01-01,111.15
C,Y,PTOT,2023-04-01,103.96
C,Y,PTOT,2023-07-01,108.67
C,Y,PTOT,2023-10-01,108.53
C,Y,PTOT,2024-01-01,107.62
C,Y,PTOT,2024-04-01,110.67
C,Y,PTOT,2024-07-01,110.04
C,Y,PTOT,2024-10-01,110.83
C,Y,PTOT,2025-01-01,118.47
C,Y,PTOT,2025-04-01,113.83
C,Y,PTOT,2025-07-01,114.91
C,Y,PTOT,2025-10-01,111.8
C,Y,PTOT,2026-01-01,109.78
C,Y,PTOT,2026-04-01,120.34
C,Y,UEXP,2010-10-01,77.52
C,Y,UEXP,2011-01-01,80.51
C,Y,UEXP,2011-04-01,79.4
C,Y,UEXP,2011-07-01,77.57
C,Y,UEXP,2011-10-01,79.01
C,Y,UEXP,2012-01-01,79.44
C,Y,UEXP,2012-04-01,81.18
C,Y,UEXP,2012-07-01,80.59
C,Y,UEXP,2012-10-01,82.59
C,Y,UEXP,2013-01-01,80.17
C,Y,UEXP,2013-04-01,80.65
C,Y,UEXP,2013-07-01,85.5
C,Y,UEXP,2013-10-01,81.53
C,Y,UEXP,2014-01-01,83.01
C,Y,UEXP,2014-04-01,83.37
C,Y,UEXP,2014-07-01,81.76
C,Y,UEXP,2014-10-01,84.78
C,Y,UEXP,2015-01-01,79.21
C,Y,UEXP,2015-04-01,78.68
C,Y,UEXP,2015-07-01,78.42
C,Y,UEXP,2015-10-01,79.25
C,Y,UEXP,2016-01-01,80.07
C,Y,UEXP,2016-04-01,78.09
C,Y,UEXP,2016-07-01,79.04
C,Y,UEXP,2016-10-01,78.79
C,Y,UEXP,2017-01-01,82.64
C,Y,UEXP,2017-04-01,82.33
C,Y,UEXP,2017-07-01,86.92
C,Y,UEXP,2017-10-01,89.22
C,Y,UEXP,2018-01-01,89.34
C,Y,UEXP,2018-04-01,90.31
C,Y,UEXP,2018-07-01,88.84
C,Y,UEXP,2018-10-01,95.1
C,Y,UEXP,2019-01-01,93.81
C,Y,UEXP,2019-04-01,94.75
C,Y,UEXP,2019-07-01,95.43
C,Y,UEXP,2019-10-01,93.9
C,Y,UEXP,2020-01-01,92.3
C,Y,UEXP,2020-04-01,79.52
C,Y,UEXP,2020-07-01,88.16
C,Y,UEXP,2020-10-01,90.12
C,Y,UEXP,2021-01-01,95
C,Y,UEXP,2021-04-01,99.56
C,Y,UEXP,2021-07-01,100.81
C,Y,UEXP,2021-10-01,104.63
C,Y,UEXP,2022-01-01,109.21
C,Y,UEXP,2022-04-01,107.58
C,Y,UEXP,2022-07-01,110.35
C,Y,UEXP,2022-10-01,112.73
C,Y,UEXP,2023-01-01,117.08
C,Y,UEXP,2023-04-01,107.26
C,Y,UEXP,2023-07-01,111
C,Y,UEXP,2023-10-01,110.34
C,Y,UEXP,2024-01-01,109.39
C,Y,UEXP,2024-04-01,111.14
C,Y,UEXP,2024-07-01,110.76
C,Y,UEXP,2024-10-01,111.36
C,Y,UEXP,2025-01-01,119.58
C,Y,UEXP,2025-04-01,116.01
C,Y,UEXP,2025-07-01,113.07
C,Y,UEXP,2025-10-01,111.08
C,Y,UEXP,2026-01-01,108.95
C,Y,UEXP,2026-04-01,116.21
C,Y,UINL,2010-10-01,99.94
C,Y,UINL,2011-01-01,101.38
C,Y,UINL,2011-04-01,103.16
C,Y,UINL,2011-07-01,103.01
C,Y,UINL,2011-10-01,101.52
C,Y,UINL,2012-01-01,97.62
C,Y,UINL,2012-04-01,99.18
C,Y,UINL,2012-07-01,100.54
C,Y,UINL,2012-10-01,100.99
C,Y,UINL,2013-01-01,101.63
C,Y,UINL,2013-04-01,103.49
C,Y,UINL,2013-07-01,101.25
C,Y,UINL,2013-10-01,103.68
C,Y,UINL,2014-01-01,102.68
C,Y,UINL,2014-04-01,103.54
C,Y,UINL,2014-07-01,103.28
C,Y,UINL,2014-10-01,103.29
C,Y,UINL,2015-01-01,98.65
C,Y,UINL,2015-04-01,94.33
C,Y,UINL,2015-07-01,95.2
C,Y,UINL,2015-10-01,94.22
C,Y,UINL,2016-01-01,93.69
C,Y,UINL,2016-04-01,92.77
C,Y,UINL,2016-07-01,92.32
C,Y,UINL,2016-10-01,93.33
C,Y,UINL,2017-01-01,92.87
C,Y,UINL,2017-04-01,93.6
C,Y,UINL,2017-07-01,94.95
C,Y,UINL,2017-10-01,97.81
C,Y,UINL,2018-01-01,98.25
C,Y,UINL,2018-04-01,99.67
C,Y,UINL,2018-07-01,101.25
C,Y,UINL,2018-10-01,101.56
C,Y,UINL,2019-01-01,101.06
C,Y,UINL,2019-04-01,99.29
C,Y,UINL,2019-07-01,100.92
C,Y,UINL,2019-10-01,99.2
C,Y,UINL,2020-01-01,98.94
C,Y,UINL,2020-04-01,88.54
C,Y,UINL,2020-07-01,93.45
C,Y,UINL,2020-10-01,95.15
C,Y,UINL,2021-01-01,98.39
C,Y,UINL,2021-04-01,98.89
C,Y,UINL,2021-07-01,101.07
C,Y,UINL,2021-10-01,101.65
C,Y,UINL,2022-01-01,109.25
C,Y,UINL,2022-04-01,116.68
C,Y,UINL,2022-07-01,115.46
C,Y,UINL,2022-10-01,115.37
C,Y,UINL,2023-01-01,113.11
C,Y,UINL,2023-04-01,112.48
C,Y,UINL,2023-07-01,113.46
C,Y,UINL,2023-10-01,113.59
C,Y,UINL,2024-01-01,111.47
C,Y,UINL,2024-04-01,108.3
C,Y,UINL,2024-07-01,107.02
C,Y,UINL,2024-10-01,109.02
C,Y,UINL,2025-01-01,111.37
C,Y,UINL,2025-04-01,113.33
C,Y,UINL,2025-07-01,111.88
C,Y,UINL,2025-10-01,107.73
C,Y,UINL,2026-01-01,113.79
C,Y,UINL,2026-04-01,118
C,Y,UTOT,1999-01-01,61.56
C,Y,UTOT,1999-04-01,62.12
C,Y,UTOT,1999-07-01,63.18
C,Y,UTOT,1999-10-01,66.48
C,Y,UTOT,2000-01-01,69.23
C,Y,UTOT,2000-04-01,69.26
C,Y,UTOT,2000-07-01,71.95
C,Y,UTOT,2000-10-01,74.84
C,Y,UTOT,2001-01-01,73.95
C,Y,UTOT,2001-04-01,72.81
C,Y,UTOT,2001-07-01,70.7
C,Y,UTOT,2001-10-01,68.57
C,Y,UTOT,2002-01-01,66.22
C,Y,UTOT,2002-04-01,67.76
C,Y,UTOT,2002-07-01,67.24
C,Y,UTOT,2002-10-01,65.77
C,Y,UTOT,2003-01-01,66.92
C,Y,UTOT,2003-04-01,62.86
C,Y,UTOT,2003-07-01,66.32
C,Y,UTOT,2003-10-01,67.59
C,Y,UTOT,2004-01-01,69.5
C,Y,UTOT,2004-04-01,70.85
C,Y,UTOT,2004-07-01,67.75
C,Y,UTOT,2004-10-01,67.48
C,Y,UTOT,2005-01-01,69.11
C,Y,UTOT,2005-04-01,68.78
C,Y,UTOT,2005-07-01,70.91
C,Y,UTOT,2005-10-01,72.65
C,Y,UTOT,2006-01-01,75.05
C,Y,UTOT,2006-04-01,76.77
C,Y,UTOT,2006-07-01,78.77
C,Y,UTOT,2006-10-01,83.36
C,Y,UTOT,2007-01-01,84.16
C,Y,UTOT,2007-04-01,88.25
C,Y,UTOT,2007-07-01,90.57
C,Y,UTOT,2007-10-01,90.55
C,Y,UTOT,2008-01-01,92.52
C,Y,UTOT,2008-04-01,93.83
C,Y,UTOT,2008-07-01,93.02
C,Y,UTOT,2008-10-01,87.33
C,Y,UTOT,2009-01-01,81.74
C,Y,UTOT,2009-04-01,80.35
C,Y,UTOT,2009-07-01,82.02
C,Y,UTOT,2009-10-01,84.04
C,Y,UTOT,2010-01-01,87.23
C,Y,UTOT,2010-04-01,87.55
C,Y,UTOT,2010-07-01,87.86
C,Y,UTOT,2010-10-01,85.98
C,Y,UTOT,2011-01-01,88.75
C,Y,UTOT,2011-04-01,88.97
C,Y,UTOT,2011-07-01,87.62
C,Y,UTOT,2011-10-01,87.46
C,Y,UTOT,2012-01-01,86.71
C,Y,UTOT,2012-04-01,88.26
C,Y,UTOT,2012-07-01,88.54
C,Y,UTOT,2012-10-01,89.58
C,Y,UTOT,2013-01-01,88.92
C,Y,UTOT,2013-04-01,89.78
C,Y,UTOT,2013-07-01,91.67
C,Y,UTOT,2013-10-01,90.01
C,Y,UTOT,2014-01-01,90.57
C,Y,UTOT,2014-04-01,91.51
C,Y,UTOT,2014-07-01,90.27
C,Y,UTOT,2014-10-01,91.83
C,Y,UTOT,2015-01-01,86.85
C,Y,UTOT,2015-04-01,84.67
C,Y,UTOT,2015-07-01,85.1
C,Y,UTOT,2015-10-01,85.05
C,Y,UTOT,2016-01-01,85.4
C,Y,UTOT,2016-04-01,83.76
C,Y,UTOT,2016-07-01,84.26
C,Y,UTOT,2016-10-01,84.62
C,Y,UTOT,2017-01-01,86.78
C,Y,UTOT,2017-04-01,86.49
C,Y,UTOT,2017-07-01,89.63
C,Y,UTOT,2017-10-01,92.24
C,Y,UTOT,2018-01-01,92.7
C,Y,UTOT,2018-04-01,94.04
C,Y,UTOT,2018-07-01,93.46
C,Y,UTOT,2018-10-01,97.44
C,Y,UTOT,2019-01-01,96.22
C,Y,UTOT,2019-04-01,96.31
C,Y,UTOT,2019-07-01,97.14
C,Y,UTOT,2019-10-01,95.78
C,Y,UTOT,2020-01-01,94.27
C,Y,UTOT,2020-04-01,82.27
C,Y,UTOT,2020-07-01,89.67
C,Y,UTOT,2020-10-01,92.22
C,Y,UTOT,2021-01-01,96.15
C,Y,UTOT,2021-04-01,99
C,Y,UTOT,2021-07-01,100.82
C,Y,UTOT,2021-10-01,104.02
C,Y,UTOT,2022-01-01,109.86
C,Y,UTOT,2022-04-01,111.74
C,Y,UTOT,2022-07-01,112.56
C,Y,UTOT,2022-10-01,114.04
C,Y,UTOT,2023-01-01,115.11
C,Y,UTOT,2023-04-01,108.92
C,Y,UTOT,2023-07-01,111.21
C,Y,UTOT,2023-10-01,111.99
C,Y,UTOT,2024-01-01,109.85
C,Y,UTOT,2024-04-01,109.32
C,Y,UTOT,2024-07-01,108.89
C,Y,UTOT,2024-10-01,110.39
C,Y,UTOT,2025-01-01,116.38
C,Y,UTOT,2025-04-01,114.09
C,Y,UTOT,2025-07-01,111.63
C,Y,UTOT,2025-10-01,109.79
C,Y,UTOT,2026-01-01,110.19
C,Y,UTOT,2026-04-01,116.08
D,N,PTOT,2004-01-01,105.39
D,N,PTOT,2004-04-01,92.6
D,N,PTOT,2004-07-01,77.46
D,N,PTOT,2004-10-01,102.21
D,N,PTOT,2005-01-01,108.49
D,N,PTOT,2005-04-01,74.3
D,N,PTOT,2005-07-01,72.83
D,N,PTOT,2005-10-01,100.87
D,N,PTOT,2006-01-01,108.84
D,N,PTOT,2006-04-01,79.27
D,N,PTOT,2006-07-01,76.22
D,N,PTOT,2006-10-01,99.82
D,N,PTOT,2007-01-01,99.68
D,N,PTOT,2007-04-01,81.18
D,N,PTOT,2007-07-01,81.59
D,N,PTOT,2007-10-01,95.14
D,N,PTOT,2008-01-01,106.72
D,N,PTOT,2008-04-01,83.4
D,N,PTOT,2008-07-01,83.14
D,N,PTOT,2008-10-01,106.97
D,N,PTOT,2009-01-01,105.19
D,N,PTOT,2009-04-01,83.4
D,N,PTOT,2009-07-01,82.25
D,N,PTOT,2009-10-01,108.68
D,N,PTOT,2010-01-01,117.21
D,N,PTOT,2010-04-01,85.59
D,N,PTOT,2010-07-01,82.91
D,N,PTOT,2010-10-01,115.57
D,N,PTOT,2011-01-01,113.82
D,N,PTOT,2011-04-01,81.09
D,N,PTOT,2011-07-01,80.29
D,N,PTOT,2011-10-01,106.34
D,N,PTOT,2012-01-01,121.38
D,N,PTOT,2012-04-01,93.83
D,N,PTOT,2012-07-01,86.93
D,N,PTOT,2012-10-01,111.23
D,N,PTOT,2013-01-01,129.94
D,N,PTOT,2013-04-01,96.52
D,N,PTOT,2013-07-01,83.13
D,N,PTOT,2013-10-01,115.13
D,N,PTOT,2014-01-01,115.17
D,N,PTOT,2014-04-01,93.15
D,N,PTOT,2014-07-01,87.45
D,N,PTOT,2014-10-01,110.94
D,N,PTOT,2015-01-01,124.48
D,N,PTOT,2015-04-01,94.46
D,N,PTOT,2015-07-01,78.4
D,N,PTOT,2015-10-01,103.52
D,N,PTOT,2016-01-01,115.92
D,N,PTOT,2016-04-01,96.41
D,N,PTOT,2016-07-01,79.01
D,N,PTOT,2016-10-01,99.68
D,N,PTOT,2017-01-01,112.01
D,N,PTOT,2017-04-01,88.37
D,N,PTOT,2017-07-01,82.34
D,N,PTOT,2017-10-01,102.96
D,N,PTOT,2018-01-01,122.02
D,N,PTOT,2018-04-01,95.13
D,N,PTOT,2018-07-01,82.28
D,N,PTOT,2018-10-01,103.87
D,N,PTOT,2019-01-01,120.01
D,N,PTOT,2019-04-01,93.72
D,N,PTOT,2019-07-01,95.03
D,N,PTOT,2019-10-01,114.99
D,N,PTOT,2020-01-01,122.78
D,N,PTOT,2020-04-01,88.21
D,N,PTOT,2020-07-01,85.2
D,N,PTOT,2020-10-01,114.47
D,N,PTOT,2021-01-01,123.69
D,N,PTOT,2021-04-01,91.93
D,N,PTOT,2021-07-01,82.35
D,N,PTOT,2021-10-01,102.03
D,N,PTOT,2022-01-01,112.26
D,N,PTOT,2022-04-01,82.93
D,N,PTOT,2022-07-01,76.86
D,N,PTOT,2022-10-01,91.16
D,N,PTOT,2023-01-01,109.78
D,N,PTOT,2023-04-01,85.69
D,N,PTOT,2023-07-01,87.09
D,N,PTOT,2023-10-01,105.65
D,N,PTOT,2024-01-01,119.58
D,N,PTOT,2024-04-01,96.72
D,N,PTOT,2024-07-01,104.66
D,N,PTOT,2024-10-01,111.64
D,N,PTOT,2025-01-01,112.19
D,N,PTOT,2025-04-01,87.8
D,N,PTOT,2025-07-01,79.4
D,N,PTOT,2025-10-01,97.27
D,N,PTOT,2026-01-01,104.46
D,N,PTOT,2026-04-01,86.08
D,N,UINL,2010-10-01,112.41
D,N,UINL,2011-01-01,112.22
D,N,UINL,2011-04-01,80.04
D,N,UINL,2011-07-01,79.38
D,N,UINL,2011-10-01,105.38
D,N,UINL,2012-01-01,120.57
D,N,UINL,2012-04-01,93.49
D,N,UINL,2012-07-01,86.77
D,N,UINL,2012-10-01,110.83
D,N,UINL,2013-01-01,128.3
D,N,UINL,2013-04-01,95.27
D,N,UINL,2013-07-01,82.05
D,N,UINL,2013-10-01,113.74
D,N,UINL,2014-01-01,114.51
D,N,UINL,2014-04-01,93.09
D,N,UINL,2014-07-01,87.41
D,N,UINL,2014-10-01,110.76
D,N,UINL,2015-01-01,125.97
D,N,UINL,2015-04-01,94.84
D,N,UINL,2015-07-01,78.57
D,N,UINL,2015-10-01,102.57
D,N,UINL,2016-01-01,115.54
D,N,UINL,2016-04-01,95.84
D,N,UINL,2016-07-01,78.44
D,N,UINL,2016-10-01,98.35
D,N,UINL,2017-01-01,109.5
D,N,UINL,2017-04-01,86.29
D,N,UINL,2017-07-01,80.45
D,N,UINL,2017-10-01,100.79
D,N,UINL,2018-01-01,121.89
D,N,UINL,2018-04-01,94.88
D,N,UINL,2018-07-01,82.16
D,N,UINL,2018-10-01,105
D,N,UINL,2019-01-01,122.21
D,N,UINL,2019-04-01,95.26
D,N,UINL,2019-07-01,96.54
D,N,UINL,2019-10-01,116.07
D,N,UINL,2020-01-01,122.56
D,N,UINL,2020-04-01,87.88
D,N,UINL,2020-07-01,84.79
D,N,UINL,2020-10-01,113.2
D,N,UINL,2021-01-01,122.76
D,N,UINL,2021-04-01,91.23
D,N,UINL,2021-07-01,81.79
D,N,UINL,2021-10-01,104.21
D,N,UINL,2022-01-01,123.32
D,N,UINL,2022-04-01,92.74
D,N,UINL,2022-07-01,88.74
D,N,UINL,2022-10-01,110.6
D,N,UINL,2023-01-01,152.29
D,N,UINL,2023-04-01,130.73
D,N,UINL,2023-07-01,136.82
D,N,UINL,2023-10-01,163.79
D,N,UINL,2024-01-01,196.03
D,N,UINL,2024-04-01,163.15
D,N,UINL,2024-07-01,179.37
D,N,UINL,2024-10-01,189.57
D,N,UINL,2025-01-01,184.68
D,N,UINL,2025-04-01,141.43
D,N,UINL,2025-07-01,125.36
D,N,UINL,2025-10-01,152.55
D,N,UINL,2026-01-01,161
D,N,UINL,2026-04-01,129.12
D,N,UTOT,1999-01-01,95.26
D,N,UTOT,1999-04-01,76.51
D,N,UTOT,1999-07-01,73.12
D,N,UTOT,1999-10-01,98.79
D,N,UTOT,2000-01-01,97.19
D,N,UTOT,2000-04-01,77.39
D,N,UTOT,2000-07-01,69.14
D,N,UTOT,2000-10-01,99.67
D,N,UTOT,2001-01-01,104.17
D,N,UTOT,2001-04-01,83.26
D,N,UTOT,2001-07-01,79.1
D,N,UTOT,2001-10-01,98.2
D,N,UTOT,2002-01-01,95.81
D,N,UTOT,2002-04-01,77.55
D,N,UTOT,2002-07-01,75.02
D,N,UTOT,2002-10-01,96.59
D,N,UTOT,2003-01-01,102.77
D,N,UTOT,2003-04-01,76.39
D,N,UTOT,2003-07-01,72.92
D,N,UTOT,2003-10-01,92.34
D,N,UTOT,2004-01-01,97.19
D,N,UTOT,2004-04-01,85.36
D,N,UTOT,2004-07-01,71.4
D,N,UTOT,2004-10-01,93.93
D,N,UTOT,2005-01-01,97.76
D,N,UTOT,2005-04-01,66.84
D,N,UTOT,2005-07-01,65.54
D,N,UTOT,2005-10-01,92.06
D,N,UTOT,2006-01-01,100.36
D,N,UTOT,2006-04-01,73.22
D,N,UTOT,2006-07-01,70.54
D,N,UTOT,2006-10-01,93.82
D,N,UTOT,2007-01-01,92.42
D,N,UTOT,2007-04-01,74.95
D,N,UTOT,2007-07-01,75.26
D,N,UTOT,2007-10-01,86.77
D,N,UTOT,2008-01-01,99.19
D,N,UTOT,2008-04-01,77.76
D,N,UTOT,2008-07-01,77.57
D,N,UTOT,2008-10-01,103.38
D,N,UTOT,2009-01-01,100.92
D,N,UTOT,2009-04-01,79.45
D,N,UTOT,2009-07-01,77.93
D,N,UTOT,2009-10-01,101.12
D,N,UTOT,2010-01-01,111.71
D,N,UTOT,2010-04-01,81.9
D,N,UTOT,2010-07-01,79.33
D,N,UTOT,2010-10-01,112.41
D,N,UTOT,2011-01-01,112.22
D,N,UTOT,2011-04-01,80.04
D,N,UTOT,2011-07-01,79.38
D,N,UTOT,2011-10-01,105.38
D,N,UTOT,2012-01-01,120.57
D,N,UTOT,2012-04-01,93.49
D,N,UTOT,2012-07-01,86.77
D,N,UTOT,2012-10-01,110.83
D,N,UTOT,2013-01-01,128.3
D,N,UTOT,2013-04-01,95.27
D,N,UTOT,2013-07-01,82.05
D,N,UTOT,2013-10-01,113.74
D,N,UTOT,2014-01-01,114.51
D,N,UTOT,2014-04-01,93.09
D,N,UTOT,2014-07-01,87.41
D,N,UTOT,2014-10-01,110.76
D,N,UTOT,2015-01-01,125.97
D,N,UTOT,2015-04-01,94.84
D,N,UTOT,2015-07-01,78.57
D,N,UTOT,2015-10-01,102.57
D,N,UTOT,2016-01-01,115.54
D,N,UTOT,2016-04-01,95.84
D,N,UTOT,2016-07-01,78.44
D,N,UTOT,2016-10-01,98.35
D,N,UTOT,2017-01-01,109.5
D,N,UTOT,2017-04-01,86.29
D,N,UTOT,2017-07-01,80.45
D,N,UTOT,2017-10-01,100.79
D,N,UTOT,2018-01-01,121.89
D,N,UTOT,2018-04-01,94.88
D,N,UTOT,2018-07-01,82.16
D,N,UTOT,2018-10-01,105
D,N,UTOT,2019-01-01,122.21
D,N,UTOT,2019-04-01,95.26
D,N,UTOT,2019-07-01,96.54
D,N,UTOT,2019-10-01,116.07
D,N,UTOT,2020-01-01,122.56
D,N,UTOT,2020-04-01,87.88
D,N,UTOT,2020-07-01,84.79
D,N,UTOT,2020-10-01,113.2
D,N,UTOT,2021-01-01,122.76
D,N,UTOT,2021-04-01,91.23
D,N,UTOT,2021-07-01,81.79
D,N,UTOT,2021-10-01,104.21
D,N,UTOT,2022-01-01,123.32
D,N,UTOT,2022-04-01,92.74
D,N,UTOT,2022-07-01,88.74
D,N,UTOT,2022-10-01,110.6
D,N,UTOT,2023-01-01,152.29
D,N,UTOT,2023-04-01,130.73
D,N,UTOT,2023-07-01,136.82
D,N,UTOT,2023-10-01,163.79
D,N,UTOT,2024-01-01,196.03
D,N,UTOT,2024-04-01,163.15
D,N,UTOT,2024-07-01,179.37
D,N,UTOT,2024-10-01,189.57
D,N,UTOT,2025-01-01,184.68
D,N,UTOT,2025-04-01,141.43
D,N,UTOT,2025-07-01,125.36
D,N,UTOT,2025-10-01,152.55
D,N,UTOT,2026-01-01,161
D,N,UTOT,2026-04-01,129.12
D,W,PTOT,2004-01-01,105.91
D,W,PTOT,2004-04-01,92.61
D,W,PTOT,2004-07-01,77.51
D,W,PTOT,2004-10-01,102.3
D,W,PTOT,2005-01-01,108.31
D,W,PTOT,2005-04-01,74.37
D,W,PTOT,2005-07-01,72.84
D,W,PTOT,2005-10-01,100.87
D,W,PTOT,2006-01-01,108.78
D,W,PTOT,2006-04-01,79.26
D,W,PTOT,2006-07-01,76.2
D,W,PTOT,2006-10-01,99.78
D,W,PTOT,2007-01-01,99.58
D,W,PTOT,2007-04-01,81.17
D,W,PTOT,2007-07-01,81.56
D,W,PTOT,2007-10-01,95.15
D,W,PTOT,2008-01-01,107.15
D,W,PTOT,2008-04-01,83.48
D,W,PTOT,2008-07-01,83.16
D,W,PTOT,2008-10-01,106.97
D,W,PTOT,2009-01-01,105.03
D,W,PTOT,2009-04-01,83.39
D,W,PTOT,2009-07-01,82.3
D,W,PTOT,2009-10-01,108.73
D,W,PTOT,2010-01-01,117.07
D,W,PTOT,2010-04-01,85.6
D,W,PTOT,2010-07-01,82.96
D,W,PTOT,2010-10-01,115.15
D,W,PTOT,2011-01-01,113.79
D,W,PTOT,2011-04-01,81.21
D,W,PTOT,2011-07-01,80.42
D,W,PTOT,2011-10-01,106.53
D,W,PTOT,2012-01-01,120.77
D,W,PTOT,2012-04-01,94.08
D,W,PTOT,2012-07-01,87.24
D,W,PTOT,2012-10-01,111.54
D,W,PTOT,2013-01-01,130.62
D,W,PTOT,2013-04-01,96.53
D,W,PTOT,2013-07-01,83.23
D,W,PTOT,2013-10-01,115.43
D,W,PTOT,2014-01-01,115.52
D,W,PTOT,2014-04-01,93.38
D,W,PTOT,2014-07-01,87.56
D,W,PTOT,2014-10-01,111.2
D,W,PTOT,2015-01-01,124.91
D,W,PTOT,2015-04-01,94.75
D,W,PTOT,2015-07-01,78.3
D,W,PTOT,2015-10-01,103.47
D,W,PTOT,2016-01-01,116.05
D,W,PTOT,2016-04-01,96.14
D,W,PTOT,2016-07-01,79.17
D,W,PTOT,2016-10-01,99.83
D,W,PTOT,2017-01-01,111.83
D,W,PTOT,2017-04-01,88.62
D,W,PTOT,2017-07-01,82.65
D,W,PTOT,2017-10-01,103.48
D,W,PTOT,2018-01-01,122.41
D,W,PTOT,2018-04-01,95.17
D,W,PTOT,2018-07-01,82.55
D,W,PTOT,2018-10-01,104.18
D,W,PTOT,2019-01-01,120.34
D,W,PTOT,2019-04-01,93.93
D,W,PTOT,2019-07-01,95.14
D,W,PTOT,2019-10-01,115.28
D,W,PTOT,2020-01-01,122.51
D,W,PTOT,2020-04-01,88.46
D,W,PTOT,2020-07-01,85.11
D,W,PTOT,2020-10-01,114.42
D,W,PTOT,2021-01-01,123.96
D,W,PTOT,2021-04-01,92.12
D,W,PTOT,2021-07-01,82.29
D,W,PTOT,2021-10-01,101.63
D,W,PTOT,2022-01-01,112.22
D,W,PTOT,2022-04-01,83.1
D,W,PTOT,2022-07-01,76.97
D,W,PTOT,2022-10-01,91.31
D,W,PTOT,2023-01-01,109.62
D,W,PTOT,2023-04-01,85.96
D,W,PTOT,2023-07-01,87.42
D,W,PTOT,2023-10-01,106.13
D,W,PTOT,2024-01-01,119.6
D,W,PTOT,2024-04-01,96.74
D,W,PTOT,2024-07-01,104.77
D,W,PTOT,2024-10-01,111.9
D,W,PTOT,2025-01-01,112.51
D,W,PTOT,2025-04-01,88.05
D,W,PTOT,2025-07-01,79.5
D,W,PTOT,2025-10-01,97.49
D,W,PTOT,2026-01-01,104.8
D,W,PTOT,2026-04-01,86.33
D,W,UINL,2010-10-01,111.97
D,W,UINL,2011-01-01,112.22
D,W,UINL,2011-04-01,80.17
D,W,UINL,2011-07-01,79.51
D,W,UINL,2011-10-01,105.57
D,W,UINL,2012-01-01,119.84
D,W,UINL,2012-04-01,93.75
D,W,UINL,2012-07-01,87.1
D,W,UINL,2012-10-01,111.16
D,W,UINL,2013-01-01,129.02
D,W,UINL,2013-04-01,95.28
D,W,UINL,2013-07-01,82.15
D,W,UINL,2013-10-01,114.05
D,W,UINL,2014-01-01,114.9
D,W,UINL,2014-04-01,93.33
D,W,UINL,2014-07-01,87.52
D,W,UINL,2014-10-01,111.02
D,W,UINL,2015-01-01,126.45
D,W,UINL,2015-04-01,95.15
D,W,UINL,2015-07-01,78.47
D,W,UINL,2015-10-01,102.52
D,W,UINL,2016-01-01,115.59
D,W,UINL,2016-04-01,95.56
D,W,UINL,2016-07-01,78.6
D,W,UINL,2016-10-01,98.51
D,W,UINL,2017-01-01,109.33
D,W,UINL,2017-04-01,86.54
D,W,UINL,2017-07-01,80.77
D,W,UINL,2017-10-01,101.32
D,W,UINL,2018-01-01,122.33
D,W,UINL,2018-04-01,94.91
D,W,UINL,2018-07-01,82.45
D,W,UINL,2018-10-01,105.33
D,W,UINL,2019-01-01,122.59
D,W,UINL,2019-04-01,95.48
D,W,UINL,2019-07-01,96.66
D,W,UINL,2019-10-01,116.37
D,W,UINL,2020-01-01,122.19
D,W,UINL,2020-04-01,88.14
D,W,UINL,2020-07-01,84.7
D,W,UINL,2020-10-01,113.14
D,W,UINL,2021-01-01,123.07
D,W,UINL,2021-04-01,91.43
D,W,UINL,2021-07-01,81.73
D,W,UINL,2021-10-01,103.78
D,W,UINL,2022-01-01,123.29
D,W,UINL,2022-04-01,92.94
D,W,UINL,2022-07-01,88.87
D,W,UINL,2022-10-01,110.78
D,W,UINL,2023-01-01,152.09
D,W,UINL,2023-04-01,131.09
D,W,UINL,2023-07-01,137.36
D,W,UINL,2023-10-01,164.57
D,W,UINL,2024-01-01,195.93
D,W,UINL,2024-04-01,163.22
D,W,UINL,2024-07-01,179.56
D,W,UINL,2024-10-01,190.03
D,W,UINL,2025-01-01,185.26
D,W,UINL,2025-04-01,141.83
D,W,UINL,2025-07-01,125.51
D,W,UINL,2025-10-01,152.91
D,W,UINL,2026-01-01,161.59
D,W,UINL,2026-04-01,129.5
D,W,UTOT,1999-01-01,95.01
D,W,UTOT,1999-04-01,76.53
D,W,UTOT,1999-07-01,73.21
D,W,UTOT,1999-10-01,98.96
D,W,UTOT,2000-01-01,98.36
D,W,UTOT,2000-04-01,77.39
D,W,UTOT,2000-07-01,69.12
D,W,UTOT,2000-10-01,99.63
D,W,UTOT,2001-01-01,103.93
D,W,UTOT,2001-04-01,83.26
D,W,UTOT,2001-07-01,79.08
D,W,UTOT,2001-10-01,98.22
D,W,UTOT,2002-01-01,95.44
D,W,UTOT,2002-04-01,77.61
D,W,UTOT,2002-07-01,75.06
D,W,UTOT,2002-10-01,96.61
D,W,UTOT,2003-01-01,102.46
D,W,UTOT,2003-04-01,76.39
D,W,UTOT,2003-07-01,72.95
D,W,UTOT,2003-10-01,92.36
D,W,UTOT,2004-01-01,98.24
D,W,UTOT,2004-04-01,85.38
D,W,UTOT,2004-07-01,71.49
D,W,UTOT,2004-10-01,94.1
D,W,UTOT,2005-01-01,97.44
D,W,UTOT,2005-04-01,66.97
D,W,UTOT,2005-07-01,65.57
D,W,UTOT,2005-10-01,92.09
D,W,UTOT,2006-01-01,100.21
D,W,UTOT,2006-04-01,73.23
D,W,UTOT,2006-07-01,70.52
D,W,UTOT,2006-10-01,93.77
D,W,UTOT,2007-01-01,92.21
D,W,UTOT,2007-04-01,74.95
D,W,UTOT,2007-07-01,75.24
D,W,UTOT,2007-10-01,86.79
D,W,UTOT,2008-01-01,100.11
D,W,UTOT,2008-04-01,77.9
D,W,UTOT,2008-07-01,77.61
D,W,UTOT,2008-10-01,103.4
D,W,UTOT,2009-01-01,100.62
D,W,UTOT,2009-04-01,79.46
D,W,UTOT,2009-07-01,78.03
D,W,UTOT,2009-10-01,101.23
D,W,UTOT,2010-01-01,111.42
D,W,UTOT,2010-04-01,81.92
D,W,UTOT,2010-07-01,79.43
D,W,UTOT,2010-10-01,111.97
D,W,UTOT,2011-01-01,112.22
D,W,UTOT,2011-04-01,80.17
D,W,UTOT,2011-07-01,79.51
D,W,UTOT,2011-10-01,105.57
D,W,UTOT,2012-01-01,119.84
D,W,UTOT,2012-04-01,93.75
D,W,UTOT,2012-07-01,87.1
D,W,UTOT,2012-10-01,111.16
D,W,UTOT,2013-01-01,129.02
D,W,UTOT,2013-04-01,95.28
D,W,UTOT,2013-07-01,82.15
D,W,UTOT,2013-10-01,114.05
D,W,UTOT,2014-01-01,114.9
D,W,UTOT,2014-04-01,93.33
D,W,UTOT,2014-07-01,87.52
D,W,UTOT,2014-10-01,111.02
D,W,UTOT,2015-01-01,126.45
D,W,UTOT,2015-04-01,95.15
D,W,UTOT,2015-07-01,78.47
D,W,UTOT,2015-10-01,102.52
D,W,UTOT,2016-01-01,115.59
D,W,UTOT,2016-04-01,95.56
D,W,UTOT,2016-07-01,78.6
D,W,UTOT,2016-10-01,98.51
D,W,UTOT,2017-01-01,109.33
D,W,UTOT,2017-04-01,86.54
D,W,UTOT,2017-07-01,80.77
D,W,UTOT,2017-10-01,101.32
D,W,UTOT,2018-01-01,122.33
D,W,UTOT,2018-04-01,94.91
D,W,UTOT,2018-07-01,82.45
D,W,UTOT,2018-10-01,105.33
D,W,UTOT,2019-01-01,122.59
D,W,UTOT,2019-04-01,95.48
D,W,UTOT,2019-07-01,96.66
D,W,UTOT,2019-10-01,116.37
D,W,UTOT,2020-01-01,122.19
D,W,UTOT,2020-04-01,88.14
D,W,UTOT,2020-07-01,84.7
D,W,UTOT,2020-10-01,113.14
D,W,UTOT,2021-01-01,123.07
D,W,UTOT,2021-04-01,91.43
D,W,UTOT,2021-07-01,81.73
D,W,UTOT,2021-10-01,103.78
D,W,UTOT,2022-01-01,123.29
D,W,UTOT,2022-04-01,92.94
D,W,UTOT,2022-07-01,88.87
D,W,UTOT,2022-10-01,110.78
D,W,UTOT,2023-01-01,152.09
D,W,UTOT,2023-04-01,131.09
D,W,UTOT,2023-07-01,137.36
D,W,UTOT,2023-10-01,164.57
D,W,UTOT,2024-01-01,195.93
D,W,UTOT,2024-04-01,163.22
D,W,UTOT,2024-07-01,179.56
D,W,UTOT,2024-10-01,190.03
D,W,UTOT,2025-01-01,185.26
D,W,UTOT,2025-04-01,141.83
D,W,UTOT,2025-07-01,125.51
D,W,UTOT,2025-10-01,152.91
D,W,UTOT,2026-01-01,161.59
D,W,UTOT,2026-04-01,129.5
D,Y,PTOT,2004-01-01,90.7
D,Y,PTOT,2004-04-01,106.53
D,Y,PTOT,2004-07-01,92.18
D,Y,PTOT,2004-10-01,91.97
D,Y,PTOT,2005-01-01,92.99
D,Y,PTOT,2005-04-01,85.47
D,Y,PTOT,2005-07-01,86.48
D,Y,PTOT,2005-10-01,90.62
D,Y,PTOT,2006-01-01,93.73
D,Y,PTOT,2006-04-01,90.92
D,Y,PTOT,2006-07-01,90.23
D,Y,PTOT,2006-10-01,89.64
D,Y,PTOT,2007-01-01,86.07
D,Y,PTOT,2007-04-01,92.93
D,Y,PTOT,2007-07-01,96.38
D,Y,PTOT,2007-10-01,85.51
D,Y,PTOT,2008-01-01,92.84
D,Y,PTOT,2008-04-01,95.34
D,Y,PTOT,2008-07-01,98.08
D,Y,PTOT,2008-10-01,96.54
D,Y,PTOT,2009-01-01,90.81
D,Y,PTOT,2009-04-01,95
D,Y,PTOT,2009-07-01,97.11
D,Y,PTOT,2009-10-01,98.8
D,Y,PTOT,2010-01-01,100.62
D,Y,PTOT,2010-04-01,97.22
D,Y,PTOT,2010-07-01,98.11
D,Y,PTOT,2010-10-01,107.3
D,Y,PTOT,2011-01-01,96.31
D,Y,PTOT,2011-04-01,90.12
D,Y,PTOT,2011-07-01,97.08
D,Y,PTOT,2011-10-01,99.84
D,Y,PTOT,2012-01-01,102.38
D,Y,PTOT,2012-04-01,104.05
D,Y,PTOT,2012-07-01,104.91
D,Y,PTOT,2012-10-01,104.45
D,Y,PTOT,2013-01-01,111.08
D,Y,PTOT,2013-04-01,105.74
D,Y,PTOT,2013-07-01,100.37
D,Y,PTOT,2013-10-01,108.7
D,Y,PTOT,2014-01-01,98.33
D,Y,PTOT,2014-04-01,101.4
D,Y,PTOT,2014-07-01,105.71
D,Y,PTOT,2014-10-01,105.36
D,Y,PTOT,2015-01-01,106.19
D,Y,PTOT,2015-04-01,102.18
D,Y,PTOT,2015-07-01,94.55
D,Y,PTOT,2015-10-01,99.5
D,Y,PTOT,2016-01-01,98.98
D,Y,PTOT,2016-04-01,103.56
D,Y,PTOT,2016-07-01,95.26
D,Y,PTOT,2016-10-01,95.38
D,Y,PTOT,2017-01-01,94.37
D,Y,PTOT,2017-04-01,95.64
D,Y,PTOT,2017-07-01,99.69
D,Y,PTOT,2017-10-01,98.32
D,Y,PTOT,2018-01-01,104.2
D,Y,PTOT,2018-04-01,103.63
D,Y,PTOT,2018-07-01,98.73
D,Y,PTOT,2018-10-01,99.19
D,Y,PTOT,2019-01-01,101.33
D,Y,PTOT,2019-04-01,102.99
D,Y,PTOT,2019-07-01,113.27
D,Y,PTOT,2019-10-01,110.37
D,Y,PTOT,2020-01-01,103.62
D,Y,PTOT,2020-04-01,98.12
D,Y,PTOT,2020-07-01,100.86
D,Y,PTOT,2020-10-01,109.79
D,Y,PTOT,2021-01-01,105
D,Y,PTOT,2021-04-01,102.35
D,Y,PTOT,2021-07-01,96.3
D,Y,PTOT,2021-10-01,96.35
D,Y,PTOT,2022-01-01,95.36
D,Y,PTOT,2022-04-01,92.36
D,Y,PTOT,2022-07-01,89.49
D,Y,PTOT,2022-10-01,86.66
D,Y,PTOT,2023-01-01,94.18
D,Y,PTOT,2023-04-01,95.58
D,Y,PTOT,2023-07-01,100.91
D,Y,PTOT,2023-10-01,100.68
D,Y,PTOT,2024-01-01,103.25
D,Y,PTOT,2024-04-01,107.31
D,Y,PTOT,2024-07-01,120.05
D,Y,PTOT,2024-10-01,106.6
D,Y,PTOT,2025-01-01,97.67
D,Y,PTOT,2025-04-01,97.46
D,Y,PTOT,2025-07-01,90.97
D,Y,PTOT,2025-10-01,92.79
D,Y,PTOT,2026-01-01,91.17
D,Y,PTOT,2026-04-01,95.26
D,Y,UINL,2010-10-01,104.21
D,Y,UINL,2011-01-01,95.19
D,Y,UINL,2011-04-01,88.85
D,Y,UINL,2011-07-01,96.09
D,Y,UINL,2011-10-01,98.91
D,Y,UINL,2012-01-01,101.76
D,Y,UINL,2012-04-01,103.57
D,Y,UINL,2012-07-01,104.81
D,Y,UINL,2012-10-01,104.12
D,Y,UINL,2013-01-01,109.8
D,Y,UINL,2013-04-01,104.27
D,Y,UINL,2013-07-01,99.09
D,Y,UINL,2013-10-01,107.56
D,Y,UINL,2014-01-01,97.8
D,Y,UINL,2014-04-01,101.26
D,Y,UINL,2014-07-01,105.63
D,Y,UINL,2014-10-01,105.42
D,Y,UINL,2015-01-01,107.43
D,Y,UINL,2015-04-01,102.51
D,Y,UINL,2015-07-01,94.71
D,Y,UINL,2015-10-01,98.81
D,Y,UINL,2016-01-01,98.55
D,Y,UINL,2016-04-01,102.84
D,Y,UINL,2016-07-01,94.54
D,Y,UINL,2016-10-01,94.29
D,Y,UINL,2017-01-01,92.24
D,Y,UINL,2017-04-01,93.29
D,Y,UINL,2017-07-01,97.41
D,Y,UINL,2017-10-01,96.41
D,Y,UINL,2018-01-01,104.11
D,Y,UINL,2018-04-01,103.21
D,Y,UINL,2018-07-01,98.57
D,Y,UINL,2018-10-01,100.53
D,Y,UINL,2019-01-01,103.15
D,Y,UINL,2019-04-01,104.53
D,Y,UINL,2019-07-01,114.93
D,Y,UINL,2019-10-01,112.02
D,Y,UINL,2020-01-01,103.03
D,Y,UINL,2020-04-01,97.55
D,Y,UINL,2020-07-01,100.07
D,Y,UINL,2020-10-01,109.62
D,Y,UINL,2021-01-01,103.6
D,Y,UINL,2021-04-01,101.41
D,Y,UINL,2021-07-01,95.29
D,Y,UINL,2021-10-01,99.71
D,Y,UINL,2022-01-01,104.01
D,Y,UINL,2022-04-01,103.13
D,Y,UINL,2022-07-01,102.85
D,Y,UINL,2022-10-01,106.72
D,Y,UINL,2023-01-01,129.81
D,Y,UINL,2023-04-01,145.79
D,Y,UINL,2023-07-01,157.71
D,Y,UINL,2023-10-01,158.4
D,Y,UINL,2024-01-01,168
D,Y,UINL,2024-04-01,180.87
D,Y,UINL,2024-07-01,204.64
D,Y,UINL,2024-10-01,183.21
D,Y,UINL,2025-01-01,159.88
D,Y,UINL,2025-04-01,156.75
D,Y,UINL,2025-07-01,142.87
D,Y,UINL,2025-10-01,146.85
D,Y,UINL,2026-01-01,140.09
D,Y,UINL,2026-04-01,142.75
D,Y,UTOT,1999-01-01,84.37
D,Y,UTOT,1999-04-01,85.19
D,Y,UTOT,1999-07-01,86.3
D,Y,UTOT,1999-10-01,88.66
D,Y,UTOT,2000-01-01,87.19
D,Y,UTOT,2000-04-01,86.26
D,Y,UTOT,2000-07-01,81.38
D,Y,UTOT,2000-10-01,89.45
D,Y,UTOT,2001-01-01,91.87
D,Y,UTOT,2001-04-01,92.98
D,Y,UTOT,2001-07-01,92.95
D,Y,UTOT,2001-10-01,88.59
D,Y,UTOT,2002-01-01,83.79
D,Y,UTOT,2002-04-01,87.12
D,Y,UTOT,2002-07-01,88.1
D,Y,UTOT,2002-10-01,87.47
D,Y,UTOT,2003-01-01,89.31
D,Y,UTOT,2003-04-01,86.24
D,Y,UTOT,2003-07-01,85.66
D,Y,UTOT,2003-10-01,83.74
D,Y,UTOT,2004-01-01,85.11
D,Y,UTOT,2004-04-01,96.98
D,Y,UTOT,2004-07-01,84.07
D,Y,UTOT,2004-10-01,85.17
D,Y,UTOT,2005-01-01,84.21
D,Y,UTOT,2005-04-01,76.31
D,Y,UTOT,2005-07-01,77.33
D,Y,UTOT,2005-10-01,82.99
D,Y,UTOT,2006-01-01,86.68
D,Y,UTOT,2006-04-01,83.56
D,Y,UTOT,2006-07-01,83.31
D,Y,UTOT,2006-10-01,84.27
D,Y,UTOT,2007-01-01,79.86
D,Y,UTOT,2007-04-01,85.51
D,Y,UTOT,2007-07-01,89.03
D,Y,UTOT,2007-10-01,77.88
D,Y,UTOT,2008-01-01,86.77
D,Y,UTOT,2008-04-01,88.78
D,Y,UTOT,2008-07-01,91.81
D,Y,UTOT,2008-10-01,93.19
D,Y,UTOT,2009-01-01,86.84
D,Y,UTOT,2009-04-01,90.43
D,Y,UTOT,2009-07-01,92.39
D,Y,UTOT,2009-10-01,91.88
D,Y,UTOT,2010-01-01,95.53
D,Y,UTOT,2010-04-01,93.01
D,Y,UTOT,2010-07-01,94.16
D,Y,UTOT,2010-10-01,104.21
D,Y,UTOT,2011-01-01,95.19
D,Y,UTOT,2011-04-01,88.85
D,Y,UTOT,2011-07-01,96.09
D,Y,UTOT,2011-10-01,98.91
D,Y,UTOT,2012-01-01,101.76
D,Y,UTOT,2012-04-01,103.57
D,Y,UTOT,2012-07-01,104.81
D,Y,UTOT,2012-10-01,104.12
D,Y,UTOT,2013-01-01,109.8
D,Y,UTOT,2013-04-01,104.27
D,Y,UTOT,2013-07-01,99.09
D,Y,UTOT,2013-10-01,107.56
D,Y,UTOT,2014-01-01,97.8
D,Y,UTOT,2014-04-01,101.26
D,Y,UTOT,2014-07-01,105.63
D,Y,UTOT,2014-10-01,105.42
D,Y,UTOT,2015-01-01,107.43
D,Y,UTOT,2015-04-01,102.51
D,Y,UTOT,2015-07-01,94.71
D,Y,UTOT,2015-10-01,98.81
D,Y,UTOT,2016-01-01,98.55
D,Y,UTOT,2016-04-01,102.84
D,Y,UTOT,2016-07-01,94.54
D,Y,UTOT,2016-10-01,94.29
D,Y,UTOT,2017-01-01,92.24
D,Y,UTOT,2017-04-01,93.29
D,Y,UTOT,2017-07-01,97.41
D,Y,UTOT,2017-10-01,96.41
D,Y,UTOT,2018-01-01,104.11
D,Y,UTOT,2018-04-01,103.21
D,Y,UTOT,2018-07-01,98.57
D,Y,UTOT,2018-10-01,100.53
D,Y,UTOT,2019-01-01,103.15
D,Y,UTOT,2019-04-01,104.53
D,Y,UTOT,2019-07-01,114.93
D,Y,UTOT,2019-10-01,112.02
D,Y,UTOT,2020-01-01,103.03
D,Y,UTOT,2020-04-01,97.55
D,Y,UTOT,2020-07-01,100.07
D,Y,UTOT,2020-10-01,109.62
D,Y,UTOT,2021-01-01,103.6
D,Y,UTOT,2021-04-01,101.41
D,Y,UTOT,2021-07-01,95.29
D,Y,UTOT,2021-10-01,99.71
D,Y,UTOT,2022-01-01,104.01
D,Y,UTOT,2022-04-01,103.13
D,Y,UTOT,2022-07-01,102.85
D,Y,UTOT,2022-10-01,106.72
D,Y,UTOT,2023-01-01,129.81
D,Y,UTOT,2023-04-01,145.79
D,Y,UTOT,2023-07-01,157.71
D,Y,UTOT,2023-10-01,158.4
D,Y,UTOT,2024-01-01,168
D,Y,UTOT,2024-04-01,180.87
D,Y,UTOT,2024-07-01,204.64
D,Y,UTOT,2024-10-01,183.21
D,Y,UTOT,2025-01-01,159.88
D,Y,UTOT,2025-04-01,156.75
D,Y,UTOT,2025-07-01,142.87
D,Y,UTOT,2025-10-01,146.85
D,Y,UTOT,2026-01-01,140.09
D,Y,UTOT,2026-04-01,142.75
F,N,PTOT,1999-01-01,61.14
F,N,PTOT,1999-04-01,81.65
F,N,PTOT,1999-07-01,86.2
F,N,PTOT,1999-10-01,98.06
F,N,PTOT,2000-01-01,64.57
F,N,PTOT,2000-04-01,86.18
F,N,PTOT,2000-07-01,86.69
F,N,PTOT,2000-10-01,99.41
F,N,PTOT,2001-01-01,66.24
F,N,PTOT,2001-04-01,84.21
F,N,PTOT,2001-07-01,85.1
F,N,PTOT,2001-10-01,94.29
F,N,PTOT,2002-01-01,65.38
F,N,PTOT,2002-04-01,86.54
F,N,PTOT,2002-07-01,85.16
F,N,PTOT,2002-10-01,96.43
F,N,PTOT,2003-01-01,63.22
F,N,PTOT,2003-04-01,83.96
F,N,PTOT,2003-07-01,85.9
F,N,PTOT,2003-10-01,97.2
F,N,PTOT,2004-01-01,64.67
F,N,PTOT,2004-04-01,86.47
F,N,PTOT,2004-07-01,90.48
F,N,PTOT,2004-10-01,101.86
F,N,PTOT,2005-01-01,63.38
F,N,PTOT,2005-04-01,90.49
F,N,PTOT,2005-07-01,91.73
F,N,PTOT,2005-10-01,108.37
F,N,PTOT,2006-01-01,68
F,N,PTOT,2006-04-01,91.11
F,N,PTOT,2006-07-01,93.05
F,N,PTOT,2006-10-01,109.78
F,N,PTOT,2007-01-01,72.71
F,N,PTOT,2007-04-01,90.55
F,N,PTOT,2007-07-01,93.87
F,N,PTOT,2007-10-01,109.59
F,N,PTOT,2008-01-01,74.32
F,N,PTOT,2008-04-01,94.16
F,N,PTOT,2008-07-01,98.52
F,N,PTOT,2008-10-01,109.36
F,N,PTOT,2009-01-01,71.41
F,N,PTOT,2009-04-01,93.97
F,N,PTOT,2009-07-01,102.57
F,N,PTOT,2009-10-01,108.5
F,N,PTOT,2010-01-01,71.16
F,N,PTOT,2010-04-01,97.71
F,N,PTOT,2010-07-01,101.49
F,N,PTOT,2010-10-01,112.33
F,N,PTOT,2011-01-01,76.63
F,N,PTOT,2011-04-01,101.98
F,N,PTOT,2011-07-01,103.23
F,N,PTOT,2011-10-01,111.68
F,N,PTOT,2012-01-01,72.99
F,N,PTOT,2012-04-01,101.22
F,N,PTOT,2012-07-01,103.12
F,N,PTOT,2012-10-01,113.77
F,N,PTOT,2013-01-01,73.69
F,N,PTOT,2013-04-01,101.79
F,N,PTOT,2013-07-01,104.21
F,N,PTOT,2013-10-01,116.66
F,N,PTOT,2014-01-01,81.62
F,N,PTOT,2014-04-01,103.05
F,N,PTOT,2014-07-01,106.6
F,N,PTOT,2014-10-01,115
F,N,PTOT,2015-01-01,78.69
F,N,PTOT,2015-04-01,99.85
F,N,PTOT,2015-07-01,102.38
F,N,PTOT,2015-10-01,111.86
F,N,PTOT,2016-01-01,77.32
F,N,PTOT,2016-04-01,97.93
F,N,PTOT,2016-07-01,103.5
F,N,PTOT,2016-10-01,111.6
F,N,PTOT,2017-01-01,77.77
F,N,PTOT,2017-04-01,100.11
F,N,PTOT,2017-07-01,104.71
F,N,PTOT,2017-10-01,116.39
F,N,PTOT,2018-01-01,78.51
F,N,PTOT,2018-04-01,103.86
F,N,PTOT,2018-07-01,104.39
F,N,PTOT,2018-10-01,113.67
F,N,PTOT,2019-01-01,78.92
F,N,PTOT,2019-04-01,100.76
F,N,PTOT,2019-07-01,102.92
F,N,PTOT,2019-10-01,113.6
F,N,PTOT,2020-01-01,81.87
F,N,PTOT,2020-04-01,95.86
F,N,PTOT,2020-07-01,103.08
F,N,PTOT,2020-10-01,111.57
F,N,PTOT,2021-01-01,82.01
F,N,PTOT,2021-04-01,101.93
F,N,PTOT,2021-07-01,103.73
F,N,PTOT,2021-10-01,112.33
F,N,PTOT,2022-01-01,80.94
F,N,PTOT,2022-04-01,100.86
F,N,PTOT,2022-07-01,95.28
F,N,PTOT,2022-10-01,105.1
F,N,PTOT,2023-01-01,80.02
F,N,PTOT,2023-04-01,94.26
F,N,PTOT,2023-07-01,93.37
F,N,PTOT,2023-10-01,103.36
F,N,PTOT,2024-01-01,77.5
F,N,PTOT,2024-04-01,93.13
F,N,PTOT,2024-07-01,94.65
F,N,PTOT,2024-10-01,101.44
F,N,PTOT,2025-01-01,79.86
F,N,PTOT,2025-04-01,91.84
F,N,PTOT,2025-07-01,92.37
F,N,PTOT,2025-10-01,104.93
F,N,PTOT,2026-01-01,80.37
F,N,PTOT,2026-04-01,93.77
F,N,UINL,2010-10-01,107.67
F,N,UINL,2011-01-01,74.19
F,N,UINL,2011-04-01,98.94
F,N,UINL,2011-07-01,100.35
F,N,UINL,2011-10-01,109.01
F,N,UINL,2012-01-01,71.6
F,N,UINL,2012-04-01,98.8
F,N,UINL,2012-07-01,100.66
F,N,UINL,2012-10-01,111.38
F,N,UINL,2013-01-01,72.62
F,N,UINL,2013-04-01,100
F,N,UINL,2013-07-01,102.37
F,N,UINL,2013-10-01,114.89
F,N,UINL,2014-01-01,80.96
F,N,UINL,2014-04-01,101.72
F,N,UINL,2014-07-01,104.87
F,N,UINL,2014-10-01,113.32
F,N,UINL,2015-01-01,77.65
F,N,UINL,2015-04-01,97.7
F,N,UINL,2015-07-01,100.15
F,N,UINL,2015-10-01,109.96
F,N,UINL,2016-01-01,75.95
F,N,UINL,2016-04-01,95.73
F,N,UINL,2016-07-01,100.41
F,N,UINL,2016-10-01,108.33
F,N,UINL,2017-01-01,75.66
F,N,UINL,2017-04-01,97.11
F,N,UINL,2017-07-01,101.19
F,N,UINL,2017-10-01,112.41
F,N,UINL,2018-01-01,76.15
F,N,UINL,2018-04-01,100.97
F,N,UINL,2018-07-01,101.38
F,N,UINL,2018-10-01,110.47
F,N,UINL,2019-01-01,77.01
F,N,UINL,2019-04-01,98.57
F,N,UINL,2019-07-01,100.56
F,N,UINL,2019-10-01,110.84
F,N,UINL,2020-01-01,80.09
F,N,UINL,2020-04-01,93.95
F,N,UINL,2020-07-01,100.69
F,N,UINL,2020-10-01,108.83
F,N,UINL,2021-01-01,80.16
F,N,UINL,2021-04-01,101.2
F,N,UINL,2021-07-01,104.26
F,N,UINL,2021-10-01,114.38
F,N,UINL,2022-01-01,84.19
F,N,UINL,2022-04-01,108.4
F,N,UINL,2022-07-01,103.79
F,N,UINL,2022-10-01,116.22
F,N,UINL,2023-01-01,88.44
F,N,UINL,2023-04-01,105.55
F,N,UINL,2023-07-01,104.44
F,N,UINL,2023-10-01,115.88
F,N,UINL,2024-01-01,86.6
F,N,UINL,2024-04-01,105.12
F,N,UINL,2024-07-01,106.55
F,N,UINL,2024-10-01,114.33
F,N,UINL,2025-01-01,89.8
F,N,UINL,2025-04-01,104.43
F,N,UINL,2025-07-01,104.89
F,N,UINL,2025-10-01,119.41
F,N,UINL,2026-01-01,91.25
F,N,UINL,2026-04-01,107.71
F,N,UTOT,1999-01-01,48.76
F,N,UTOT,1999-04-01,67.08
F,N,UTOT,1999-07-01,71.65
F,N,UTOT,1999-10-01,79.47
F,N,UTOT,2000-01-01,53.77
F,N,UTOT,2000-04-01,73.03
F,N,UTOT,2000-07-01,74.8
F,N,UTOT,2000-10-01,83.25
F,N,UTOT,2001-01-01,57.28
F,N,UTOT,2001-04-01,73.92
F,N,UTOT,2001-07-01,75.45
F,N,UTOT,2001-10-01,80.83
F,N,UTOT,2002-01-01,57.5
F,N,UTOT,2002-04-01,75.8
F,N,UTOT,2002-07-01,75.14
F,N,UTOT,2002-10-01,81.89
F,N,UTOT,2003-01-01,53.75
F,N,UTOT,2003-04-01,70.93
F,N,UTOT,2003-07-01,72.92
F,N,UTOT,2003-10-01,81.61
F,N,UTOT,2004-01-01,54.88
F,N,UTOT,2004-04-01,73.49
F,N,UTOT,2004-07-01,77.68
F,N,UTOT,2004-10-01,87.22
F,N,UTOT,2005-01-01,54.91
F,N,UTOT,2005-04-01,79.15
F,N,UTOT,2005-07-01,80.59
F,N,UTOT,2005-10-01,94.69
F,N,UTOT,2006-01-01,60.01
F,N,UTOT,2006-04-01,81.27
F,N,UTOT,2006-07-01,84.23
F,N,UTOT,2006-10-01,99.1
F,N,UTOT,2007-01-01,66.92
F,N,UTOT,2007-04-01,84.36
F,N,UTOT,2007-07-01,88.25
F,N,UTOT,2007-10-01,102.61
F,N,UTOT,2008-01-01,70.42
F,N,UTOT,2008-04-01,90.15
F,N,UTOT,2008-07-01,94.56
F,N,UTOT,2008-10-01,105.8
F,N,UTOT,2009-01-01,68.94
F,N,UTOT,2009-04-01,89.33
F,N,UTOT,2009-07-01,97.61
F,N,UTOT,2009-10-01,103.64
F,N,UTOT,2010-01-01,68.02
F,N,UTOT,2010-04-01,92.74
F,N,UTOT,2010-07-01,96.51
F,N,UTOT,2010-10-01,107.67
F,N,UTOT,2011-01-01,74.19
F,N,UTOT,2011-04-01,98.94
F,N,UTOT,2011-07-01,100.35
F,N,UTOT,2011-10-01,109.01
F,N,UTOT,2012-01-01,71.6
F,N,UTOT,2012-04-01,98.8
F,N,UTOT,2012-07-01,100.66
F,N,UTOT,2012-10-01,111.38
F,N,UTOT,2013-01-01,72.62
F,N,UTOT,2013-04-01,100
F,N,UTOT,2013-07-01,102.37
F,N,UTOT,2013-10-01,114.89
F,N,UTOT,2014-01-01,80.96
F,N,UTOT,2014-04-01,101.72
F,N,UTOT,2014-07-01,104.87
F,N,UTOT,2014-10-01,113.32
F,N,UTOT,2015-01-01,77.65
F,N,UTOT,2015-04-01,97.7
F,N,UTOT,2015-07-01,100.15
F,N,UTOT,2015-10-01,109.96
F,N,UTOT,2016-01-01,75.95
F,N,UTOT,2016-04-01,95.73
F,N,UTOT,2016-07-01,100.41
F,N,UTOT,2016-10-01,108.33
F,N,UTOT,2017-01-01,75.66
F,N,UTOT,2017-04-01,97.11
F,N,UTOT,2017-07-01,101.19
F,N,UTOT,2017-10-01,112.41
F,N,UTOT,2018-01-01,76.15
F,N,UTOT,2018-04-01,100.97
F,N,UTOT,2018-07-01,101.38
F,N,UTOT,2018-10-01,110.47
F,N,UTOT,2019-01-01,77.01
F,N,UTOT,2019-04-01,98.57
F,N,UTOT,2019-07-01,100.56
F,N,UTOT,2019-10-01,110.84
F,N,UTOT,2020-01-01,80.09
F,N,UTOT,2020-04-01,93.95
F,N,UTOT,2020-07-01,100.69
F,N,UTOT,2020-10-01,108.83
F,N,UTOT,2021-01-01,80.16
F,N,UTOT,2021-04-01,101.2
F,N,UTOT,2021-07-01,104.26
F,N,UTOT,2021-10-01,114.38
F,N,UTOT,2022-01-01,84.19
F,N,UTOT,2022-04-01,108.4
F,N,UTOT,2022-07-01,103.79
F,N,UTOT,2022-10-01,116.22
F,N,UTOT,2023-01-01,88.44
F,N,UTOT,2023-04-01,105.55
F,N,UTOT,2023-07-01,104.44
F,N,UTOT,2023-10-01,115.88
F,N,UTOT,2024-01-01,86.6
F,N,UTOT,2024-04-01,105.12
F,N,UTOT,2024-07-01,106.55
F,N,UTOT,2024-10-01,114.33
F,N,UTOT,2025-01-01,89.8
F,N,UTOT,2025-04-01,104.43
F,N,UTOT,2025-07-01,104.89
F,N,UTOT,2025-10-01,119.41
F,N,UTOT,2026-01-01,91.25
F,N,UTOT,2026-04-01,107.71
F,W,PTOT,1999-01-01,61.28
F,W,PTOT,1999-04-01,81.9
F,W,PTOT,1999-07-01,86.11
F,W,PTOT,1999-10-01,97.71
F,W,PTOT,2000-01-01,64.14
F,W,PTOT,2000-04-01,86.56
F,W,PTOT,2000-07-01,87.2
F,W,PTOT,2000-10-01,100.09
F,W,PTOT,2001-01-01,66.31
F,W,PTOT,2001-04-01,84.58
F,W,PTOT,2001-07-01,85.6
F,W,PTOT,2001-10-01,94.61
F,W,PTOT,2002-01-01,65.9
F,W,PTOT,2002-04-01,86.62
F,W,PTOT,2002-07-01,85.37
F,W,PTOT,2002-10-01,96.76
F,W,PTOT,2003-01-01,63.5
F,W,PTOT,2003-04-01,84.33
F,W,PTOT,2003-07-01,86.11
F,W,PTOT,2003-10-01,97.53
F,W,PTOT,2004-01-01,64.59
F,W,PTOT,2004-04-01,86.73
F,W,PTOT,2004-07-01,90.39
F,W,PTOT,2004-10-01,101.5
F,W,PTOT,2005-01-01,63.75
F,W,PTOT,2005-04-01,90.14
F,W,PTOT,2005-07-01,91.95
F,W,PTOT,2005-10-01,108.73
F,W,PTOT,2006-01-01,67.83
F,W,PTOT,2006-04-01,91.51
F,W,PTOT,2006-07-01,93.59
F,W,PTOT,2006-10-01,110.54
F,W,PTOT,2007-01-01,72.78
F,W,PTOT,2007-04-01,90.95
F,W,PTOT,2007-07-01,94.43
F,W,PTOT,2007-10-01,109.96
F,W,PTOT,2008-01-01,74.74
F,W,PTOT,2008-04-01,93.79
F,W,PTOT,2008-07-01,98.76
F,W,PTOT,2008-10-01,109.73
F,W,PTOT,2009-01-01,71.73
F,W,PTOT,2009-04-01,94.38
F,W,PTOT,2009-07-01,102.46
F,W,PTOT,2009-10-01,108.49
F,W,PTOT,2010-01-01,71.33
F,W,PTOT,2010-04-01,98.01
F,W,PTOT,2010-07-01,101.38
F,W,PTOT,2010-10-01,111.93
F,W,PTOT,2011-01-01,76.55
F,W,PTOT,2011-04-01,102.29
F,W,PTOT,2011-07-01,103.48
F,W,PTOT,2011-10-01,112.06
F,W,PTOT,2012-01-01,72.66
F,W,PTOT,2012-04-01,101.67
F,W,PTOT,2012-07-01,103.73
F,W,PTOT,2012-10-01,114.15
F,W,PTOT,2013-01-01,74.28
F,W,PTOT,2013-04-01,101.89
F,W,PTOT,2013-07-01,104.46
F,W,PTOT,2013-10-01,117.05
F,W,PTOT,2014-01-01,81.98
F,W,PTOT,2014-04-01,103.51
F,W,PTOT,2014-07-01,106.85
F,W,PTOT,2014-10-01,115.39
F,W,PTOT,2015-01-01,79.04
F,W,PTOT,2015-04-01,100.29
F,W,PTOT,2015-07-01,102.28
F,W,PTOT,2015-10-01,111.85
F,W,PTOT,2016-01-01,77.61
F,W,PTOT,2016-04-01,97.56
F,W,PTOT,2016-07-01,103.75
F,W,PTOT,2016-10-01,111.97
F,W,PTOT,2017-01-01,77.58
F,W,PTOT,2017-04-01,100.56
F,W,PTOT,2017-07-01,105.33
F,W,PTOT,2017-10-01,117.18
F,W,PTOT,2018-01-01,78.86
F,W,PTOT,2018-04-01,103.96
F,W,PTOT,2018-07-01,105.01
F,W,PTOT,2018-10-01,114.06
F,W,PTOT,2019-01-01,79.27
F,W,PTOT,2019-04-01,101.2
F,W,PTOT,2019-07-01,103.17
F,W,PTOT,2019-10-01,113.99
F,W,PTOT,2020-01-01,81.78
F,W,PTOT,2020-04-01,96.28
F,W,PTOT,2020-07-01,102.97
F,W,PTOT,2020-10-01,111.56
F,W,PTOT,2021-01-01,82.21
F,W,PTOT,2021-04-01,102.24
F,W,PTOT,2021-07-01,103.62
F,W,PTOT,2021-10-01,111.93
F,W,PTOT,2022-01-01,80.86
F,W,PTOT,2022-04-01,101.17
F,W,PTOT,2022-07-01,95.5
F,W,PTOT,2022-10-01,105.45
F,W,PTOT,2023-01-01,79.82
F,W,PTOT,2023-04-01,94.67
F,W,PTOT,2023-07-01,93.91
F,W,PTOT,2023-10-01,104.07
F,W,PTOT,2024-01-01,77.67
F,W,PTOT,2024-04-01,93.22
F,W,PTOT,2024-07-01,94.88
F,W,PTOT,2024-10-01,101.79
F,W,PTOT,2025-01-01,80.22
F,W,PTOT,2025-04-01,92.25
F,W,PTOT,2025-07-01,92.59
F,W,PTOT,2025-10-01,105.28
F,W,PTOT,2026-01-01,80.73
F,W,PTOT,2026-04-01,94.18
F,W,UINL,2010-10-01,107.74
F,W,UINL,2011-01-01,74.08
F,W,UINL,2011-04-01,98.95
F,W,UINL,2011-07-01,100.37
F,W,UINL,2011-10-01,109.02
F,W,UINL,2012-01-01,72.09
F,W,UINL,2012-04-01,98.81
F,W,UINL,2012-07-01,100.65
F,W,UINL,2012-10-01,111.4
F,W,UINL,2013-01-01,72.47
F,W,UINL,2013-04-01,100.03
F,W,UINL,2013-07-01,102.39
F,W,UINL,2013-10-01,114.9
F,W,UINL,2014-01-01,80.81
F,W,UINL,2014-04-01,101.72
F,W,UINL,2014-07-01,104.9
F,W,UINL,2014-10-01,113.34
F,W,UINL,2015-01-01,77.5
F,W,UINL,2015-04-01,97.71
F,W,UINL,2015-07-01,100.2
F,W,UINL,2015-10-01,110.01
F,W,UINL,2016-01-01,76.43
F,W,UINL,2016-04-01,95.79
F,W,UINL,2016-07-01,100.43
F,W,UINL,2016-10-01,108.34
F,W,UINL,2017-01-01,75.56
F,W,UINL,2017-04-01,97.11
F,W,UINL,2017-07-01,101.18
F,W,UINL,2017-10-01,112.4
F,W,UINL,2018-01-01,76.01
F,W,UINL,2018-04-01,101
F,W,UINL,2018-07-01,101.38
F,W,UINL,2018-10-01,110.48
F,W,UINL,2019-01-01,76.87
F,W,UINL,2019-04-01,98.58
F,W,UINL,2019-07-01,100.59
F,W,UINL,2019-10-01,110.85
F,W,UINL,2020-01-01,80.62
F,W,UINL,2020-04-01,93.96
F,W,UINL,2020-07-01,100.73
F,W,UINL,2020-10-01,108.87
F,W,UINL,2021-01-01,80.02
F,W,UINL,2021-04-01,101.22
F,W,UINL,2021-07-01,104.31
F,W,UINL,2021-10-01,114.45
F,W,UINL,2022-01-01,84.06
F,W,UINL,2022-04-01,108.42
F,W,UINL,2022-07-01,103.81
F,W,UINL,2022-10-01,116.24
F,W,UINL,2023-01-01,88.32
F,W,UINL,2023-04-01,105.56
F,W,UINL,2023-07-01,104.44
F,W,UINL,2023-10-01,115.87
F,W,UINL,2024-01-01,87.14
F,W,UINL,2024-04-01,105.16
F,W,UINL,2024-07-01,106.57
F,W,UINL,2024-10-01,114.34
F,W,UINL,2025-01-01,89.64
F,W,UINL,2025-04-01,104.44
F,W,UINL,2025-07-01,104.91
F,W,UINL,2025-10-01,119.43
F,W,UINL,2026-01-01,91.08
F,W,UINL,2026-04-01,107.71
F,W,UTOT,1999-01-01,48.88
F,W,UTOT,1999-04-01,67.26
F,W,UTOT,1999-07-01,71.58
F,W,UTOT,1999-10-01,79.22
F,W,UTOT,2000-01-01,53.4
F,W,UTOT,2000-04-01,73.32
F,W,UTOT,2000-07-01,75.19
F,W,UTOT,2000-10-01,83.76
F,W,UTOT,2001-01-01,57.34
F,W,UTOT,2001-04-01,74.21
F,W,UTOT,2001-07-01,75.85
F,W,UTOT,2001-10-01,81.07
F,W,UTOT,2002-01-01,57.92
F,W,UTOT,2002-04-01,75.86
F,W,UTOT,2002-07-01,75.3
F,W,UTOT,2002-10-01,82.13
F,W,UTOT,2003-01-01,53.97
F,W,UTOT,2003-04-01,71.21
F,W,UTOT,2003-07-01,73.08
F,W,UTOT,2003-10-01,81.85
F,W,UTOT,2004-01-01,54.77
F,W,UTOT,2004-04-01,73.69
F,W,UTOT,2004-07-01,77.61
F,W,UTOT,2004-10-01,86.94
F,W,UTOT,2005-01-01,55.22
F,W,UTOT,2005-04-01,78.88
F,W,UTOT,2005-07-01,80.76
F,W,UTOT,2005-10-01,94.97
F,W,UTOT,2006-01-01,59.89
F,W,UTOT,2006-04-01,81.59
F,W,UTOT,2006-07-01,84.67
F,W,UTOT,2006-10-01,99.71
F,W,UTOT,2007-01-01,67
F,W,UTOT,2007-04-01,84.7
F,W,UTOT,2007-07-01,88.71
F,W,UTOT,2007-10-01,102.91
F,W,UTOT,2008-01-01,70.71
F,W,UTOT,2008-04-01,89.83
F,W,UTOT,2008-07-01,94.76
F,W,UTOT,2008-10-01,106.12
F,W,UTOT,2009-01-01,69.23
F,W,UTOT,2009-04-01,89.68
F,W,UTOT,2009-07-01,97.52
F,W,UTOT,2009-10-01,103.63
F,W,UTOT,2010-01-01,68.18
F,W,UTOT,2010-04-01,92.99
F,W,UTOT,2010-07-01,96.41
F,W,UTOT,2010-10-01,107.33
F,W,UTOT,2011-01-01,74.14
F,W,UTOT,2011-04-01,99.2
F,W,UTOT,2011-07-01,100.57
F,W,UTOT,2011-10-01,109.33
F,W,UTOT,2012-01-01,71.24
F,W,UTOT,2012-04-01,99.19
F,W,UTOT,2012-07-01,101.18
F,W,UTOT,2012-10-01,111.72
F,W,UTOT,2013-01-01,73.15
F,W,UTOT,2013-04-01,100.09
F,W,UTOT,2013-07-01,102.58
F,W,UTOT,2013-10-01,115.23
F,W,UTOT,2014-01-01,81.3
F,W,UTOT,2014-04-01,102.12
F,W,UTOT,2014-07-01,105.1
F,W,UTOT,2014-10-01,113.67
F,W,UTOT,2015-01-01,77.98
F,W,UTOT,2015-04-01,98.08
F,W,UTOT,2015-07-01,100.05
F,W,UTOT,2015-10-01,109.95
F,W,UTOT,2016-01-01,76.13
F,W,UTOT,2016-04-01,95.39
F,W,UTOT,2016-07-01,100.62
F,W,UTOT,2016-10-01,108.65
F,W,UTOT,2017-01-01,75.51
F,W,UTOT,2017-04-01,97.49
F,W,UTOT,2017-07-01,101.72
F,W,UTOT,2017-10-01,113.1
F,W,UTOT,2018-01-01,76.48
F,W,UTOT,2018-04-01,101.06
F,W,UTOT,2018-07-01,101.91
F,W,UTOT,2018-10-01,110.8
F,W,UTOT,2019-01-01,77.34
F,W,UTOT,2019-04-01,98.96
F,W,UTOT,2019-07-01,100.78
F,W,UTOT,2019-10-01,111.17
F,W,UTOT,2020-01-01,79.93
F,W,UTOT,2020-04-01,94.32
F,W,UTOT,2020-07-01,100.59
F,W,UTOT,2020-10-01,108.82
F,W,UTOT,2021-01-01,80.35
F,W,UTOT,2021-04-01,101.47
F,W,UTOT,2021-07-01,104.16
F,W,UTOT,2021-10-01,114.01
F,W,UTOT,2022-01-01,84.13
F,W,UTOT,2022-04-01,108.69
F,W,UTOT,2022-07-01,104.01
F,W,UTOT,2022-10-01,116.57
F,W,UTOT,2023-01-01,88.27
F,W,UTOT,2023-04-01,105.96
F,W,UTOT,2023-07-01,104.99
F,W,UTOT,2023-10-01,116.59
F,W,UTOT,2024-01-01,86.69
F,W,UTOT,2024-04-01,105.21
F,W,UTOT,2024-07-01,106.77
F,W,UTOT,2024-10-01,114.67
F,W,UTOT,2025-01-01,90.19
F,W,UTOT,2025-04-01,104.85
F,W,UTOT,2025-07-01,105.11
F,W,UTOT,2025-10-01,119.77
F,W,UTOT,2026-01-01,91.64
F,W,UTOT,2026-04-01,108.13
F,Y,PTOT,1999-01-01,78.78
F,Y,PTOT,1999-04-01,80.23
F,Y,PTOT,1999-07-01,83.22
F,Y,PTOT,1999-10-01,83.36
F,Y,PTOT,2000-01-01,82.5
F,Y,PTOT,2000-04-01,84.78
F,Y,PTOT,2000-07-01,84.27
F,Y,PTOT,2000-10-01,85.35
F,Y,PTOT,2001-01-01,85.4
F,Y,PTOT,2001-04-01,82.83
F,Y,PTOT,2001-07-01,82.7
F,Y,PTOT,2001-10-01,80.6
F,Y,PTOT,2002-01-01,85.05
F,Y,PTOT,2002-04-01,84.85
F,Y,PTOT,2002-07-01,82.46
F,Y,PTOT,2002-10-01,82.24
F,Y,PTOT,2003-01-01,82.26
F,Y,PTOT,2003-04-01,82.59
F,Y,PTOT,2003-07-01,83.26
F,Y,PTOT,2003-10-01,82.63
F,Y,PTOT,2004-01-01,83.9
F,Y,PTOT,2004-04-01,85.06
F,Y,PTOT,2004-07-01,87.41
F,Y,PTOT,2004-10-01,85.77
F,Y,PTOT,2005-01-01,82.87
F,Y,PTOT,2005-04-01,88.65
F,Y,PTOT,2005-07-01,88.82
F,Y,PTOT,2005-10-01,91.79
F,Y,PTOT,2006-01-01,88.05
F,Y,PTOT,2006-04-01,90.34
F,Y,PTOT,2006-07-01,90.11
F,Y,PTOT,2006-10-01,93.44
F,Y,PTOT,2007-01-01,94.37
F,Y,PTOT,2007-04-01,89.94
F,Y,PTOT,2007-07-01,90.54
F,Y,PTOT,2007-10-01,93.34
F,Y,PTOT,2008-01-01,96.76
F,Y,PTOT,2008-04-01,92.74
F,Y,PTOT,2008-07-01,94.24
F,Y,PTOT,2008-10-01,93.68
F,Y,PTOT,2009-01-01,92.84
F,Y,PTOT,2009-04-01,93.05
F,Y,PTOT,2009-07-01,97.43
F,Y,PTOT,2009-10-01,93.17
F,Y,PTOT,2010-01-01,92.41
F,Y,PTOT,2010-04-01,96.12
F,Y,PTOT,2010-07-01,96.31
F,Y,PTOT,2010-10-01,96.57
F,Y,PTOT,2011-01-01,99.22
F,Y,PTOT,2011-04-01,99.82
F,Y,PTOT,2011-07-01,98.4
F,Y,PTOT,2011-10-01,97.04
F,Y,PTOT,2012-01-01,93.86
F,Y,PTOT,2012-04-01,99.03
F,Y,PTOT,2012-07-01,98.77
F,Y,PTOT,2012-10-01,99.14
F,Y,PTOT,2013-01-01,95.34
F,Y,PTOT,2013-04-01,99.42
F,Y,PTOT,2013-07-01,99.51
F,Y,PTOT,2013-10-01,101.86
F,Y,PTOT,2014-01-01,104.51
F,Y,PTOT,2014-04-01,101.32
F,Y,PTOT,2014-07-01,101.77
F,Y,PTOT,2014-10-01,100.61
F,Y,PTOT,2015-01-01,100.11
F,Y,PTOT,2015-04-01,98.46
F,Y,PTOT,2015-07-01,97.39
F,Y,PTOT,2015-10-01,97.71
F,Y,PTOT,2016-01-01,97.81
F,Y,PTOT,2016-04-01,95.85
F,Y,PTOT,2016-07-01,98.92
F,Y,PTOT,2016-10-01,97.97
F,Y,PTOT,2017-01-01,97.35
F,Y,PTOT,2017-04-01,98.73
F,Y,PTOT,2017-07-01,100.65
F,Y,PTOT,2017-10-01,102.74
F,Y,PTOT,2018-01-01,98.49
F,Y,PTOT,2018-04-01,101.86
F,Y,PTOT,2018-07-01,100.7
F,Y,PTOT,2018-10-01,100.28
F,Y,PTOT,2019-01-01,98.32
F,Y,PTOT,2019-04-01,99.02
F,Y,PTOT,2019-07-01,99.31
F,Y,PTOT,2019-10-01,100.58
F,Y,PTOT,2020-01-01,100.48
F,Y,PTOT,2020-04-01,94.16
F,Y,PTOT,2020-07-01,99.58
F,Y,PTOT,2020-10-01,98.74
F,Y,PTOT,2021-01-01,99.94
F,Y,PTOT,2021-04-01,100.11
F,Y,PTOT,2021-07-01,100.61
F,Y,PTOT,2021-10-01,99.34
F,Y,PTOT,2022-01-01,97.22
F,Y,PTOT,2022-04-01,99.28
F,Y,PTOT,2022-07-01,93.14
F,Y,PTOT,2022-10-01,93.7
F,Y,PTOT,2023-01-01,95.06
F,Y,PTOT,2023-04-01,93.15
F,Y,PTOT,2023-07-01,91.97
F,Y,PTOT,2023-10-01,92.5
F,Y,PTOT,2024-01-01,91.73
F,Y,PTOT,2024-04-01,91.97
F,Y,PTOT,2024-07-01,93.27
F,Y,PTOT,2024-10-01,90.42
F,Y,PTOT,2025-01-01,94.16
F,Y,PTOT,2025-04-01,91.25
F,Y,PTOT,2025-07-01,91.23
F,Y,PTOT,2025-10-01,93.51
F,Y,PTOT,2026-01-01,94.32
F,Y,PTOT,2026-04-01,93.35
F,Y,UINL,2010-10-01,93.62
F,Y,UINL,2011-01-01,94.97
F,Y,UINL,2011-04-01,96.57
F,Y,UINL,2011-07-01,96.29
F,Y,UINL,2011-10-01,94.81
F,Y,UINL,2012-01-01,92.22
F,Y,UINL,2012-04-01,96.58
F,Y,UINL,2012-07-01,96.5
F,Y,UINL,2012-10-01,96.96
F,Y,UINL,2013-01-01,92.35
F,Y,UINL,2013-04-01,98.09
F,Y,UINL,2013-07-01,98.04
F,Y,UINL,2013-10-01,100.14
F,Y,UINL,2014-01-01,102.5
F,Y,UINL,2014-04-01,100.07
F,Y,UINL,2014-07-01,100.32
F,Y,UINL,2014-10-01,98.96
F,Y,UINL,2015-01-01,97.8
F,Y,UINL,2015-04-01,96.41
F,Y,UINL,2015-07-01,95.74
F,Y,UINL,2015-10-01,96.21
F,Y,UINL,2016-01-01,96.07
F,Y,UINL,2016-04-01,94.56
F,Y,UINL,2016-07-01,96.03
F,Y,UINL,2016-10-01,94.95
F,Y,UINL,2017-01-01,94.63
F,Y,UINL,2017-04-01,95.75
F,Y,UINL,2017-07-01,96.92
F,Y,UINL,2017-10-01,98.74
F,Y,UINL,2018-01-01,94.84
F,Y,UINL,2018-04-01,99.32
F,Y,UINL,2018-07-01,97.4
F,Y,UINL,2018-10-01,97.37
F,Y,UINL,2019-01-01,95.34
F,Y,UINL,2019-04-01,96.73
F,Y,UINL,2019-07-01,96.95
F,Y,UINL,2019-10-01,98.06
F,Y,UINL,2020-01-01,99.22
F,Y,UINL,2020-04-01,92.05
F,Y,UINL,2020-07-01,97.51
F,Y,UINL,2020-10-01,96.62
F,Y,UINL,2021-01-01,97.56
F,Y,UINL,2021-04-01,99.21
F,Y,UINL,2021-07-01,101.36
F,Y,UINL,2021-10-01,101.87
F,Y,UINL,2022-01-01,101.47
F,Y,UINL,2022-04-01,106.41
F,Y,UINL,2022-07-01,101.32
F,Y,UINL,2022-10-01,103.59
F,Y,UINL,2023-01-01,105.68
F,Y,UINL,2023-04-01,103.8
F,Y,UINL,2023-07-01,102.35
F,Y,UINL,2023-10-01,103.29
F,Y,UINL,2024-01-01,103.48
F,Y,UINL,2024-04-01,103.63
F,Y,UINL,2024-07-01,104.85
F,Y,UINL,2024-10-01,101.85
F,Y,UINL,2025-01-01,105.83
F,Y,UINL,2025-04-01,103.17
F,Y,UINL,2025-07-01,103.46
F,Y,UINL,2025-10-01,106.34
F,Y,UINL,2026-01-01,107.11
F,Y,UINL,2026-04-01,106.59
F,Y,UTOT,1999-01-01,63
F,Y,UTOT,1999-04-01,65.59
F,Y,UTOT,1999-07-01,68.36
F,Y,UTOT,1999-10-01,68.84
F,Y,UTOT,2000-01-01,68.85
F,Y,UTOT,2000-04-01,71.51
F,Y,UTOT,2000-07-01,71.84
F,Y,UTOT,2000-10-01,72.7
F,Y,UTOT,2001-01-01,73.98
F,Y,UTOT,2001-04-01,72.43
F,Y,UTOT,2001-07-01,72.52
F,Y,UTOT,2001-10-01,70.21
F,Y,UTOT,2002-01-01,74.81
F,Y,UTOT,2002-04-01,74.14
F,Y,UTOT,2002-07-01,72.1
F,Y,UTOT,2002-10-01,70.82
F,Y,UTOT,2003-01-01,69.91
F,Y,UTOT,2003-04-01,69.67
F,Y,UTOT,2003-07-01,70.15
F,Y,UTOT,2003-10-01,70.22
F,Y,UTOT,2004-01-01,71.08
F,Y,UTOT,2004-04-01,72.27
F,Y,UTOT,2004-07-01,74.65
F,Y,UTOT,2004-10-01,74.23
F,Y,UTOT,2005-01-01,71.67
F,Y,UTOT,2005-04-01,77.64
F,Y,UTOT,2005-07-01,77.73
F,Y,UTOT,2005-10-01,80.86
F,Y,UTOT,2006-01-01,77.61
F,Y,UTOT,2006-04-01,80.66
F,Y,UTOT,2006-07-01,81.38
F,Y,UTOT,2006-10-01,84.83
F,Y,UTOT,2007-01-01,86.71
F,Y,UTOT,2007-04-01,83.93
F,Y,UTOT,2007-07-01,85.04
F,Y,UTOT,2007-10-01,87.75
F,Y,UTOT,2008-01-01,91.39
F,Y,UTOT,2008-04-01,89.05
F,Y,UTOT,2008-07-01,90.55
F,Y,UTOT,2008-10-01,90.84
F,Y,UTOT,2009-01-01,89.48
F,Y,UTOT,2009-04-01,88.65
F,Y,UTOT,2009-07-01,92.98
F,Y,UTOT,2009-10-01,89.09
F,Y,UTOT,2010-01-01,88.25
F,Y,UTOT,2010-04-01,91.45
F,Y,UTOT,2010-07-01,91.9
F,Y,UTOT,2010-10-01,92.64
F,Y,UTOT,2011-01-01,96.01
F,Y,UTOT,2011-04-01,97.08
F,Y,UTOT,2011-07-01,95.98
F,Y,UTOT,2011-10-01,94.72
F,Y,UTOT,2012-01-01,91.95
F,Y,UTOT,2012-04-01,96.87
F,Y,UTOT,2012-07-01,96.7
F,Y,UTOT,2012-10-01,97.07
F,Y,UTOT,2013-01-01,93.79
F,Y,UTOT,2013-04-01,97.93
F,Y,UTOT,2013-07-01,98.08
F,Y,UTOT,2013-10-01,100.35
F,Y,UTOT,2014-01-01,103.51
F,Y,UTOT,2014-04-01,100.24
F,Y,UTOT,2014-07-01,100.43
F,Y,UTOT,2014-10-01,99.22
F,Y,UTOT,2015-01-01,98.61
F,Y,UTOT,2015-04-01,96.58
F,Y,UTOT,2015-07-01,95.55
F,Y,UTOT,2015-10-01,96.2
F,Y,UTOT,2016-01-01,95.81
F,Y,UTOT,2016-04-01,93.99
F,Y,UTOT,2016-07-01,96.17
F,Y,UTOT,2016-10-01,95.25
F,Y,UTOT,2017-01-01,94.66
F,Y,UTOT,2017-04-01,95.94
F,Y,UTOT,2017-07-01,97.39
F,Y,UTOT,2017-10-01,99.38
F,Y,UTOT,2018-01-01,95.53
F,Y,UTOT,2018-04-01,99.17
F,Y,UTOT,2018-07-01,97.88
F,Y,UTOT,2018-10-01,97.68
F,Y,UTOT,2019-01-01,96.04
F,Y,UTOT,2019-04-01,96.9
F,Y,UTOT,2019-07-01,97.11
F,Y,UTOT,2019-10-01,98.38
F,Y,UTOT,2020-01-01,98.47
F,Y,UTOT,2020-04-01,92.24
F,Y,UTOT,2020-07-01,97.35
F,Y,UTOT,2020-10-01,96.58
F,Y,UTOT,2021-01-01,98.07
F,Y,UTOT,2021-04-01,99.29
F,Y,UTOT,2021-07-01,101.2
F,Y,UTOT,2021-10-01,101.44
F,Y,UTOT,2022-01-01,101.67
F,Y,UTOT,2022-04-01,106.54
F,Y,UTOT,2022-07-01,101.49
F,Y,UTOT,2022-10-01,103.8
F,Y,UTOT,2023-01-01,105.75
F,Y,UTOT,2023-04-01,104.11
F,Y,UTOT,2023-07-01,102.87
F,Y,UTOT,2023-10-01,103.83
F,Y,UTOT,2024-01-01,103.04
F,Y,UTOT,2024-04-01,103.63
F,Y,UTOT,2024-07-01,105.04
F,Y,UTOT,2024-10-01,102.03
F,Y,UTOT,2025-01-01,106.55
F,Y,UTOT,2025-04-01,103.54
F,Y,UTOT,2025-07-01,103.65
F,Y,UTOT,2025-10-01,106.53
F,Y,UTOT,2026-01-01,107.78
F,Y,UTOT,2026-04-01,107.01
