D0,D1,D2,date,value
A,A01,R,2013-01-01,-0.6
A,A01,R,2013-02-01,-16.9
A,A01,R,2013-03-01,-14.9
A,A01,R,2013-04-01,5.6
A,A01,R,2013-05-01,1.7
A,A01,R,2013-06-01,-9.8
A,A01,R,2013-07-01,-36.4
A,A01,R,2013-08-01,-8.7
A,A01,R,2013-09-01,-7.4
A,A01,R,2013-10-01,-4.9
A,A01,R,2013-11-01,13.1
A,A01,R,2013-12-01,2.3
A,A01,R,2014-01-01,-4
A,A01,R,2014-02-01,-6.4
A,A01,R,2014-03-01,-5.5
A,A01,R,2014-04-01,-11.5
A,A01,R,2014-05-01,3
A,A01,R,2014-06-01,-5.7
A,A01,R,2014-07-01,41.9
A,A01,R,2014-08-01,40.4
A,A01,R,2014-09-01,46
A,A01,R,2014-10-01,25.4
A,A01,R,2014-11-01,5.5
A,A01,R,2014-12-01,10.5
A,A01,R,2015-01-01,16.1
A,A01,R,2015-02-01,22.2
A,A01,R,2015-03-01,26.8
A,A01,R,2015-04-01,8.7
A,A01,R,2015-05-01,22.3
A,A01,R,2015-06-01,23.5
A,A01,R,2015-07-01,9.6
A,A01,R,2015-08-01,-1.5
A,A01,R,2015-09-01,-10.1
A,A01,R,2015-10-01,3.5
A,A01,R,2015-11-01,-5.5
A,A01,R,2015-12-01,0.6
A,A01,R,2016-01-01,15.6
A,A01,R,2016-02-01,5.1
A,A01,R,2016-03-01,-0.8
A,A01,R,2016-04-01,-0.2
A,A01,R,2016-05-01,-10.2
A,A01,R,2016-06-01,3.5
A,A01,R,2016-07-01,5
A,A01,R,2016-08-01,-13.4
A,A01,R,2016-09-01,-1.2
A,A01,R,2016-10-01,10.9
A,A01,R,2016-11-01,26.8
A,A01,R,2016-12-01,26.5
A,A01,R,2017-01-01,-8.3
A,A01,R,2017-02-01,17.9
A,A01,R,2017-03-01,13.8
A,A01,R,2017-04-01,23.3
A,A01,R,2017-05-01,45.9
A,A01,R,2017-06-01,24.3
A,A01,R,2017-07-01,-12.3
A,A01,R,2017-08-01,42.5
A,A01,R,2017-09-01,15.6
A,A01,R,2017-10-01,-13.3
A,A01,R,2017-11-01,-0.5
A,A01,R,2017-12-01,-9
A,A01,R,2018-01-01,8.1
A,A01,R,2018-02-01,-6.4
A,A01,R,2018-03-01,-10.9
A,A01,R,2018-04-01,2.7
A,A01,R,2018-05-01,-14.3
A,A01,R,2018-06-01,-16.4
A,A01,R,2018-07-01,12.8
A,A01,R,2018-08-01,-8
A,A01,R,2018-09-01,11.6
A,A01,R,2018-10-01,14
A,A01,R,2018-11-01,-7
A,A01,R,2018-12-01,20.8
A,A01,R,2019-01-01,12.1
A,A01,R,2019-02-01,11.6
A,A01,R,2019-03-01,25.3
A,A01,R,2019-04-01,-0.3
A,A01,R,2019-05-01,-5.3
A,A01,R,2019-06-01,7.7
A,A01,R,2019-07-01,12.7
A,A01,R,2019-08-01,3.2
A,A01,R,2019-09-01,-8.4
A,A01,R,2019-10-01,17.9
A,A01,R,2019-11-01,16.3
A,A01,R,2019-12-01,-15.1
A,A01,R,2020-01-01,-7.6
A,A01,R,2020-02-01,-7.2
A,A01,R,2020-03-01,-0.2
A,A01,R,2020-04-01,5.9
A,A01,R,2020-05-01,25.3
A,A01,R,2020-06-01,33.2
A,A01,R,2020-07-01,28.8
A,A01,R,2020-08-01,6.8
A,A01,R,2020-09-01,17.1
A,A01,R,2020-10-01,8.8
A,A01,R,2020-11-01,22.7
A,A01,R,2020-12-01,-5.3
A,A01,R,2021-01-01,29.9
A,A01,R,2021-02-01,29.4
A,A01,R,2021-03-01,23.9
A,A01,R,2021-04-01,17.1
A,A01,R,2021-05-01,-1.1
A,A01,R,2021-06-01,-25.9
A,A01,R,2021-07-01,25.7
A,A01,R,2021-08-01,10.7
A,A01,R,2021-09-01,32.2
A,A01,R,2021-10-01,-5.6
A,A01,R,2021-11-01,-18.1
A,A01,R,2021-12-01,37.1
A,A01,R,2022-01-01,-18.1
A,A01,R,2022-02-01,-3.3
A,A01,R,2022-03-01,-15.1
A,A01,R,2022-04-01,-35.5
A,A01,R,2022-05-01,-13.2
A,A01,R,2022-06-01,25.9
A,A01,R,2022-07-01,-40.5
A,A01,R,2022-08-01,-8.4
A,A01,R,2022-09-01,-29
A,A01,R,2022-10-01,3.9
A,A01,R,2022-11-01,-4.8
A,A01,R,2022-12-01,-14.6
A,A01,R,2023-01-01,37.3
A,A01,R,2023-02-01,-4.6
A,A01,R,2023-03-01,-4.7
A,A01,R,2023-04-01,55.5
A,A01,R,2023-05-01,19.1
A,A01,R,2023-06-01,-7.6
A,A01,R,2023-07-01,8.6
A,A01,R,2023-08-01,10.1
A,A01,R,2023-09-01,-4.7
A,A01,R,2023-10-01,-7.8
A,A01,R,2023-11-01,6
A,A01,R,2023-12-01,1
A,A01,R,2024-01-01,-12.4
A,A01,R,2024-02-01,-1.7
A,A01,R,2024-03-01,14.9
A,A01,R,2024-04-01,1.9
A,A01,R,2024-05-01,4.5
A,A01,R,2024-06-01,10.2
A,A01,R,2024-07-01,21.7
A,A01,R,2024-08-01,-7.5
A,A01,R,2024-09-01,12.2
A,A01,R,2024-10-01,-11.2
A,A01,R,2024-11-01,21.9
A,A01,R,2024-12-01,33.2
A,A01,R,2025-01-01,-9.9
A,A01,R,2025-02-01,-11.1
A,A01,R,2025-03-01,-11.6
A,A01,R,2025-04-01,-22.5
A,A01,R,2025-05-01,-19.1
A,A01,R,2025-06-01,-6.5
A,A01,R,2025-07-01,-5.9
A,A01,R,2025-08-01,-5.3
A,A01,R,2025-09-01,-2.2
A,A01,R,2025-10-01,19.3
A,A01,R,2025-11-01,-23.5
A,A01,R,2025-12-01,2.1
A,A01,R,2026-01-01,-6.6
A,A01,R,2026-02-01,9.4
A,A01,R,2026-03-01,-2.1
A,A01,R,2026-04-01,10.7
A,A01,R,2026-05-01,11.3
A,A01,R,2026-06-01,0.7
A,A01,R,2026-07-01,-12.6
A,A01,WMF,2012-01-01,6.07070952738006
A,A01,WMF,2012-02-01,6.874508219659259
A,A01,WMF,2012-03-01,7.445642708484341
A,A01,WMF,2012-04-01,6.89025899788433
A,A01,WMF,2012-05-01,5.38054004593618
A,A01,WMF,2012-06-01,7.23086956528766
A,A01,WMF,2012-07-01,9.09162226296908
A,A01,WMF,2012-08-01,6.45570282943693
A,A01,WMF,2012-09-01,7.14447399845068
A,A01,WMF,2012-10-01,6.76492732061352
A,A01,WMF,2012-11-01,6.68548018135851
A,A01,WMF,2012-12-01,4.87445961807868
A,A01,WMF,2013-01-01,6.9829364713819295
A,A01,WMF,2013-02-01,7.46804644294324
A,A01,WMF,2013-03-01,7.0227995502657095
A,A01,WMF,2013-04-01,8.3427509675407
A,A01,WMF,2013-05-01,10.6239900495278
A,A01,WMF,2013-06-01,7.45296774793888
A,A01,WMF,2013-07-01,6.96289369032264
A,A01,WMF,2013-08-01,7.36127553884151
A,A01,WMF,2013-09-01,7.136493053511271
A,A01,WMF,2013-10-01,7.55933792642489
A,A01,WMF,2013-11-01,23.5486417995508
A,A01,WMF,2013-12-01,6.530451231721759
A,A01,WMF,2014-01-01,7.569378506077
A,A01,WMF,2014-02-01,7.48410590183157
A,A01,WMF,2014-03-01,7.63958623403092
A,A01,WMF,2014-04-01,7.26405726743302
A,A01,WMF,2014-05-01,7.3348127284934606
A,A01,WMF,2014-06-01,7.51356274552462
A,A01,WMF,2014-07-01,7.01548082240516
A,A01,WMF,2014-08-01,7.85493609282927
A,A01,WMF,2014-09-01,9.98886530920239
A,A01,WMF,2014-10-01,7.4466439989742
A,A01,WMF,2014-11-01,13.207173835847899
A,A01,WMF,2014-12-01,8.27267266873483
A,A01,WMF,2015-01-01,8.231339054820621
A,A01,WMF,2015-02-01,6.88291255998492
A,A01,WMF,2015-03-01,7.39276803025191
A,A01,WMF,2015-04-01,7.10585282886725
A,A01,WMF,2015-05-01,7.51641159742119
A,A01,WMF,2015-06-01,7.19882552750276
A,A01,WMF,2015-07-01,12.133308744077
A,A01,WMF,2015-08-01,7.99526788647445
A,A01,WMF,2015-09-01,7.0644481594525
A,A01,WMF,2015-10-01,8.19551197415403
A,A01,WMF,2015-11-01,8.02559206161095
A,A01,WMF,2015-12-01,8.351230312511861
A,A01,WMF,2016-01-01,8.11514197868491
A,A01,WMF,2016-02-01,10.7078649036896
A,A01,WMF,2016-03-01,7.18539138078367
A,A01,WMF,2016-04-01,7.00635241039025
A,A01,WMF,2016-05-01,7.89066599207269
A,A01,WMF,2016-06-01,7.52313093798855
A,A01,WMF,2016-07-01,7.79284233196031
A,A01,WMF,2016-08-01,7.51664959050351
A,A01,WMF,2016-09-01,8.18658932617459
A,A01,WMF,2016-10-01,10.7644052955189
A,A01,WMF,2016-11-01,8.437278603454441
A,A01,WMF,2016-12-01,8.22188216692348
A,A01,WMF,2017-01-01,6.42245763555172
A,A01,WMF,2017-02-01,8.55405824201737
A,A01,WMF,2017-03-01,8.09977686228002
A,A01,WMF,2017-04-01,8.37202132060048
A,A01,WMF,2017-05-01,9.04169722379296
A,A01,WMF,2017-06-01,9.51863254180295
A,A01,WMF,2017-07-01,7.63730303470898
A,A01,WMF,2017-08-01,8.36674994208424
A,A01,WMF,2017-09-01,8.81211132030786
A,A01,WMF,2017-10-01,7.38772473553815
A,A01,WMF,2017-11-01,9.033826526314089
A,A01,WMF,2017-12-01,9.117478792483709
A,A01,WMF,2018-01-01,8.68711268890333
A,A01,WMF,2018-02-01,8.66877125873492
A,A01,WMF,2018-03-01,9.003678273148841
A,A01,WMF,2018-04-01,9.158609313802941
A,A01,WMF,2018-05-01,8.88782064434148
A,A01,WMF,2018-06-01,8.36125767851979
A,A01,WMF,2018-07-01,9.21116903973336
A,A01,WMF,2018-08-01,9.1782425401808
A,A01,WMF,2018-09-01,10.758769839953
A,A01,WMF,2018-10-01,9.26449032482728
A,A01,WMF,2018-11-01,8.29752062541151
A,A01,WMF,2018-12-01,8.90659359033848
A,A01,WMF,2019-01-01,9.17322027584819
A,A01,WMF,2019-02-01,11.7406245256784
A,A01,WMF,2019-03-01,9.91392901229777
A,A01,WMF,2019-04-01,11.544371132038501
A,A01,WMF,2019-05-01,8.46021425565022
A,A01,WMF,2019-06-01,9.19696610579703
A,A01,WMF,2019-07-01,9.57327220136042
A,A01,WMF,2019-08-01,9.99103689194189
A,A01,WMF,2019-09-01,8.51233424053877
A,A01,WMF,2019-10-01,9.69539623444102
A,A01,WMF,2019-11-01,10.3417771113415
A,A01,WMF,2019-12-01,7.58795072243458
A,A01,WMF,2020-01-01,8.94430354820627
A,A01,WMF,2020-02-01,8.44232723538572
A,A01,WMF,2020-03-01,9.87949452815843
A,A01,WMF,2020-04-01,9.429636493220121
A,A01,WMF,2020-05-01,10.7148642797706
A,A01,WMF,2020-06-01,11.212522854447801
A,A01,WMF,2020-07-01,11.3350797482526
A,A01,WMF,2020-08-01,10.4312568658171
A,A01,WMF,2020-09-01,10.4594195985194
A,A01,WMF,2020-10-01,11.2938257640233
A,A01,WMF,2020-11-01,11.711813203658
A,A01,WMF,2020-12-01,12.4718905406609
A,A01,WMF,2021-01-01,11.3695827517984
A,A01,WMF,2021-02-01,11.757642254641
A,A01,WMF,2021-03-01,12.5245302959118
A,A01,WMF,2021-04-01,12.394725635815199
A,A01,WMF,2021-05-01,11.9275646940275
A,A01,WMF,2021-06-01,11.1166643984418
A,A01,WMF,2021-07-01,14.9749801186172
A,A01,WMF,2021-08-01,12.106008754006101
A,A01,WMF,2021-09-01,14.0622488650198
A,A01,WMF,2021-10-01,11.390732585415101
A,A01,WMF,2021-11-01,11.2668126603939
A,A01,WMF,2021-12-01,9.86218725852926
A,A01,WMF,2022-01-01,10.9849852807961
A,A01,WMF,2022-02-01,12.3947258507147
A,A01,WMF,2022-03-01,11.135711936643
A,A01,WMF,2022-04-01,8.92452919703965
A,A01,WMF,2022-05-01,10.7870492920752
A,A01,WMF,2022-06-01,10.5595323824376
A,A01,WMF,2022-07-01,9.0430545698165
A,A01,WMF,2022-08-01,10.3988795821599
A,A01,WMF,2022-09-01,10.4738575741268
A,A01,WMF,2022-10-01,11.5034339921621
A,A01,WMF,2022-11-01,11.3901947895122
A,A01,WMF,2022-12-01,12.3182060877102
A,A01,WMF,2023-01-01,16.3986697312088
A,A01,WMF,2023-02-01,12.8793818761623
A,A01,WMF,2023-03-01,11.2606699940395
A,A01,WMF,2023-04-01,14.400109777287799
A,A01,WMF,2023-05-01,13.1141509599247
A,A01,WMF,2023-06-01,12.7444713260103
A,A01,WMF,2023-07-01,11.8274105251816
A,A01,WMF,2023-08-01,13.4410887571222
A,A01,WMF,2023-09-01,11.552232730042201
A,A01,WMF,2023-10-01,12.6992574190947
A,A01,WMF,2023-11-01,11.5227231867034
A,A01,WMF,2023-12-01,14.662659012376999
A,A01,WMF,2024-01-01,13.5068032413304
A,A01,WMF,2024-02-01,11.8954544973762
A,A01,WMF,2024-03-01,12.6316953875382
A,A01,WMF,2024-04-01,13.919110540216002
A,A01,WMF,2024-05-01,12.616421961554199
A,A01,WMF,2024-06-01,13.5802795071062
A,A01,WMF,2024-07-01,14.1138522363549
A,A01,WMF,2024-08-01,12.1598490403134
A,A01,WMF,2024-09-01,12.730706862359702
A,A01,WMF,2024-10-01,10.235053251745398
A,A01,WMF,2024-11-01,16.9710912093765
A,A01,WMF,2024-12-01,12.1312770767363
A,A01,WMF,2025-01-01,11.3599198796218
A,A01,WMF,2025-02-01,11.868916923441
A,A01,WMF,2025-03-01,12.1031081333969
A,A01,WMF,2025-04-01,11.3527902216215
A,A01,WMF,2025-05-01,12.0062029901065
A,A01,WMF,2025-06-01,14.4731657547174
A,A01,WMF,2025-07-01,14.143800287619
A,A01,WMF,2025-08-01,13.439535680100299
A,A01,WMF,2025-09-01,14.8697107254247
A,A01,WMF,2025-10-01,14.2384206482949
A,A01,WMF,2025-11-01,13.6840892466162
A,A01,WMF,2025-12-01,14.5904691445418
A,A01,WMF,2026-01-01,13.5521431421454
A,A01,WMF,2026-02-01,13.9872243259074
A,A01,WMF,2026-03-01,13.997880012146199
A,A01,WMF,2026-04-01,12.588099481685
A,A01,WMF,2026-05-01,13.1265156097712
A,A01,WMF,2026-06-01,12.1423778027063
A,A01,WMF,2026-07-01,10.349842974203101
A,A03,R,2013-01-01,-100
A,A03,R,2013-02-01,-70.7
A,A03,R,2013-03-01,-100
A,A03,R,2013-04-01,-100
A,A03,R,2013-05-01,-100
A,A03,R,2013-06-01,-100
A,A03,R,2013-07-01,-100
A,A03,R,2013-08-01,-100
A,A03,R,2013-09-01,-100
A,A03,R,2013-10-01,-100
A,A03,R,2013-11-01,-100
A,A03,R,2013-12-01,1013.1
A,A03,R,2014-02-01,-100
A,A03,R,2014-12-01,-62.3
A,A03,R,2015-12-01,-100
A,A03,R,2017-12-01,-100
A,A03,R,2019-12-01,-100
A,A03,R,2021-12-01,-100
A,A03,R,2023-12-01,-100
A,A03,WMF,2012-01-01,7.91223952964841e-4
A,A03,WMF,2012-02-01,0.00508261284525324
A,A03,WMF,2012-03-01,0.00741381089300358
A,A03,WMF,2012-04-01,0.0300844966569823
A,A03,WMF,2012-05-01,0.0172699295378826
A,A03,WMF,2012-06-01,0.0238257831040418
A,A03,WMF,2012-07-01,0.0872043384855324
A,A03,WMF,2012-08-01,4.41505899891855e-4
A,A03,WMF,2012-09-01,0.0094041230641613
A,A03,WMF,2012-10-01,5.08492481780915e-4
A,A03,WMF,2012-11-01,0.00616115721405193
A,A03,WMF,2012-12-01,0.0106608509005038
A,A03,WMF,2013-01-01,0.0328867003250587
A,A03,WMF,2013-02-01,0.0075527991397614895
A,A03,WMF,2013-03-01,0.0131305728443316
A,A03,WMF,2013-04-01,0.00672974653018394
A,A03,WMF,2013-05-01,0.0165790940048888
A,A03,WMF,2013-06-01,0.022005957078686397
A,A03,WMF,2013-07-01,0.038068031533669305
A,A03,WMF,2013-08-01,0.020788765365345102
A,A03,WMF,2013-09-01,0.0177663836497403
A,A03,WMF,2013-10-01,0.134000690658084
A,A03,WMF,2013-11-01,0.0782717632793854
A,A03,WMF,2013-12-01,0.0948879321334551
A,A03,WMF,2014-01-01,0.048584086674677396
A,A03,WMF,2014-02-01,0.0919053017195633
A,A03,WMF,2014-03-01,0.0434997692141965
A,A03,WMF,2014-04-01,0.043569643743881704
A,A03,WMF,2014-05-01,0.0285312626063681
A,A03,WMF,2014-06-01,0.0273153856353921
A,A03,WMF,2014-07-01,0.0183492925570423
A,A03,WMF,2014-08-01,0.0318107526658269
A,A03,WMF,2014-09-01,0.0388024458219471
A,A03,WMF,2014-10-01,0.0417134421142922
A,A03,WMF,2014-11-01,0.130551763181003
A,A03,WMF,2014-12-01,0.0605491723041665
A,A03,WMF,2015-01-01,0.0564077600202001
A,A03,WMF,2015-02-01,0.0855949102623319
A,A03,WMF,2015-03-01,0.044855285477360306
A,A03,WMF,2015-04-01,0.0536089081497875
A,A03,WMF,2015-05-01,0.0404073529571487
A,A03,WMF,2015-06-01,0.026820496669646303
A,A03,WMF,2015-07-01,0.0500351724094638
A,A03,WMF,2015-08-01,0.0783074103804257
A,A03,WMF,2015-09-01,0.06996969722697781
A,A03,WMF,2015-10-01,0.0449336912879398
A,A03,WMF,2015-11-01,0.105299638851596
A,A03,WMF,2015-12-01,0.0873874684886563
A,A03,WMF,2016-01-01,0.13729181759971198
A,A03,WMF,2016-02-01,0.0604131109670664
A,A03,WMF,2016-03-01,0.104741996307543
A,A03,WMF,2016-04-01,0.0665060036885863
A,A03,WMF,2016-05-01,0.10208077334837501
A,A03,WMF,2016-06-01,0.0659092298920204
A,A03,WMF,2016-07-01,0.0446764040394634
A,A03,WMF,2016-08-01,0.0708974122409063
A,A03,WMF,2016-09-01,0.0780333131878473
A,A03,WMF,2016-10-01,0.129415123140606
A,A03,WMF,2016-11-01,0.0775549854487496
A,A03,WMF,2016-12-01,0.033408117120695496
A,A03,WMF,2017-01-01,0.033456403009138706
A,A03,WMF,2017-02-01,0.0500950305590661
A,A03,WMF,2017-03-01,0.0387489541932161
A,A03,WMF,2017-04-01,0.042882616609323396
A,A03,WMF,2017-05-01,0.023894012087194397
A,A03,WMF,2017-06-01,0.017484883169363197
A,A03,WMF,2017-07-01,0.113759782905973
A,A03,WMF,2017-08-01,0.0554135324775955
A,A03,WMF,2017-09-01,0.0275178508777582
A,A03,WMF,2017-10-01,0.0220065310612495
A,A03,WMF,2017-11-01,0.0358050481330903
A,A03,WMF,2017-12-01,0.0275376744998912
A,A03,WMF,2018-01-01,0.043046716389538595
A,A03,WMF,2018-02-01,0.0348393934591958
A,A03,WMF,2018-03-01,0.031819948098482403
A,A03,WMF,2018-04-01,0.0465999461840339
A,A03,WMF,2018-05-01,0.0371668694558484
A,A03,WMF,2018-06-01,0.0572460790716602
A,A03,WMF,2018-07-01,0.024566914104894297
A,A03,WMF,2018-08-01,0.0437378402613903
A,A03,WMF,2018-09-01,0.0317583105662631
A,A03,WMF,2018-10-01,0.0383483485513347
A,A03,WMF,2018-11-01,0.0288474887121366
A,A03,WMF,2018-12-01,0.0574471065538397
A,A03,WMF,2019-01-01,0.0434586387221522
A,A03,WMF,2019-02-01,0.0354084316708499
A,A03,WMF,2019-03-01,0.0971993739973907
A,A03,WMF,2019-04-01,0.421907645047928
A,A03,WMF,2019-05-01,0.269449433685755
A,A03,WMF,2019-06-01,0.305927590832093
A,A03,WMF,2019-07-01,0.0941930007208656
A,A03,WMF,2019-08-01,0.0101062836639452
A,A03,WMF,2019-09-01,0.00895143213224295
A,A03,WMF,2019-10-01,0.0169834963680669
A,A03,WMF,2019-11-01,0.0066540206153375405
A,A03,WMF,2019-12-01,0.0104883432732247
A,A03,WMF,2020-01-01,0.009650814048846912
A,A03,WMF,2020-02-01,0.006664486409330331
A,A03,WMF,2020-03-01,0.00462683759477787
A,A03,WMF,2020-04-01,9.491924835365199e-4
A,A03,WMF,2020-05-01,0.0051860203513153505
A,A03,WMF,2020-06-01,0.00293022101113319
A,A03,WMF,2020-07-01,0.006534572840537979
A,A03,WMF,2020-08-01,9.23098451738378e-4
A,A03,WMF,2020-09-01,0.0276419524077048
A,A03,WMF,2020-10-01,0.0169878830462392
A,A03,WMF,2020-11-01,8.44261767260809e-4
A,A03,WMF,2020-12-01,0.00725975369108371
A,A03,WMF,2021-01-01,0.0233314279763413
A,A03,WMF,2021-02-01,0.00878039059549284
A,A03,WMF,2021-03-01,0.0164380211804202
A,A03,WMF,2021-04-01,0.006635611832548641
A,A03,WMF,2021-05-01,0.0159556492473867
A,A03,WMF,2021-06-01,0.0041678035688154395
A,A03,WMF,2021-07-01,0.0103630538858756
A,A03,WMF,2021-08-01,0.09077425050097619
A,A03,WMF,2021-09-01,0.0109194142752769
A,A03,WMF,2021-10-01,0.005957575206491529
A,A03,WMF,2021-11-01,0.008438515363685459
A,A03,WMF,2021-12-01,0.0064202633308239904
A,A03,WMF,2022-01-01,0.00115820587728279
A,A03,WMF,2022-02-01,0.0104681212608241
A,A03,WMF,2022-03-01,0.00847693070247469
A,A03,WMF,2022-04-01,0.00800609986195423
A,A03,WMF,2022-05-01,0.0024066441911168
A,A03,WMF,2022-06-01,0.0229574891193257
A,A03,WMF,2022-07-01,0.0268610899347377
A,A03,WMF,2022-08-01,0.0034650297692438
A,A03,WMF,2022-09-01,0.0102678185625816
A,A03,WMF,2022-10-01,0.00430723543540247
A,A03,WMF,2022-11-01,0.0029578800400077
A,A03,WMF,2022-12-01,0.00324484733510278
A,A03,WMF,2023-01-01,9.44686088095697e-5
A,A03,WMF,2023-02-01,0.007598000416306559
A,A03,WMF,2023-03-01,0.00852198402934639
A,A03,WMF,2023-04-01,0.0325142297040984
A,A03,WMF,2023-05-01,0.00130249674035522
A,A03,WMF,2023-06-01,0.008448830479255999
A,A03,WMF,2023-07-01,0.00613861038812319
A,A03,WMF,2023-08-01,0.021197630305118897
A,A03,WMF,2023-09-01,0.0128376407928728
A,A03,WMF,2023-10-01,0.012924647117783699
A,A03,WMF,2023-11-01,0.0500733126617702
A,A03,WMF,2023-12-01,0.018627465964519
A,A03,WMF,2024-01-01,0.0417363622103029
A,A03,WMF,2024-02-01,0.01617107636291
A,A03,WMF,2024-03-01,0.0150202640969148
A,A03,WMF,2024-04-01,0.0313025222349606
A,A03,WMF,2024-05-01,0.0110000828714214
A,A03,WMF,2024-06-01,0.011669128685723501
A,A03,WMF,2024-07-01,0.0105659918037927
A,A03,WMF,2024-08-01,0.00288897213396747
A,A03,WMF,2024-09-01,0.0104704469650548
A,A03,WMF,2024-10-01,0.0045912132780792595
A,A03,WMF,2024-11-01,0.015521978830241
A,A03,WMF,2024-12-01,0.00348419421560199
A,A03,WMF,2025-01-01,0.0091791017086644
A,A03,WMF,2025-02-01,0.005301567944770339
A,A03,WMF,2025-03-01,0.00100229566897542
A,A03,WMF,2025-04-01,0.00800090912919816
A,A03,WMF,2025-05-01,0.0219298557225435
A,A03,WMF,2025-06-01,0.0012601416011112502
A,A03,WMF,2025-07-01,0.0014576635749589
A,A03,WMF,2025-08-01,0.00157773491388239
A,A03,WMF,2025-09-01,0.00398786009704037
A,A03,WMF,2025-10-01,0.0045644314870996894
A,A03,WMF,2025-11-01,0.00259196499485381
A,A03,WMF,2025-12-01,0.008979756264289731
A,A03,WMF,2026-01-01,0.00541317871844829
A,A03,WMF,2026-02-01,0.00152604561835822
A,A03,WMF,2026-03-01,0.08792439726193049
A,A03,WMF,2026-04-01,0.00171346756262756
A,A03,WMF,2026-05-01,0.00187118459957211
A,A03,WMF,2026-06-01,0.00766968710275846
A,A03,WMF,2026-07-01,0.0317045198691727
A,B05,R,2013-02-01,-100
A,B05,R,2013-08-01,-100
A,B05,R,2013-10-01,-100
A,B05,R,2013-11-01,-100
A,B05,R,2016-12-01,-100
A,B05,R,2024-12-01,-100
A,B05,WMF,2012-01-01,0
A,B05,WMF,2012-02-01,5e-4
A,B05,WMF,2012-03-01,0
A,B05,WMF,2012-04-01,0
A,B05,WMF,2012-05-01,0
A,B05,WMF,2012-06-01,0
A,B05,WMF,2012-07-01,0
A,B05,WMF,2012-08-01,1.15e-4
A,B05,WMF,2012-09-01,0
A,B05,WMF,2012-10-01,4.88e-4
A,B05,WMF,2012-11-01,0.009255
A,B05,WMF,2012-12-01,0
A,B05,WMF,2013-01-01,0
A,B05,WMF,2013-02-01,0
A,B05,WMF,2013-03-01,0
A,B05,WMF,2013-04-01,0.004126
A,B05,WMF,2013-05-01,0
A,B05,WMF,2013-06-01,0.006726
A,B05,WMF,2013-07-01,0
A,B05,WMF,2013-08-01,0.009534
A,B05,WMF,2013-09-01,0
A,B05,WMF,2013-10-01,0
A,B05,WMF,2013-11-01,0.007916
A,B05,WMF,2013-12-01,0
A,B05,WMF,2014-01-01,0.020351
A,B05,WMF,2014-02-01,0
A,B05,WMF,2014-03-01,0.007677
A,B05,WMF,2014-04-01,0
A,B05,WMF,2014-05-01,0
A,B05,WMF,2014-06-01,0.005363
A,B05,WMF,2014-07-01,0
A,B05,WMF,2014-08-01,0
A,B05,WMF,2014-09-01,0
A,B05,WMF,2014-10-01,0
A,B05,WMF,2014-11-01,0.007451
A,B05,WMF,2014-12-01,0
A,B05,WMF,2015-01-01,0.0099
A,B05,WMF,2015-02-01,5e-5
A,B05,WMF,2015-03-01,0
A,B05,WMF,2015-04-01,0
A,B05,WMF,2015-05-01,0
A,B05,WMF,2015-06-01,6e-6
A,B05,WMF,2015-07-01,5e-6
A,B05,WMF,2015-08-01,0
A,B05,WMF,2015-09-01,0.002726
A,B05,WMF,2015-10-01,0
A,B05,WMF,2015-11-01,0
A,B05,WMF,2015-12-01,0.004695
A,B05,WMF,2016-01-01,0
A,B05,WMF,2016-02-01,0.005635
A,B05,WMF,2016-03-01,0
A,B05,WMF,2016-04-01,0
A,B05,WMF,2016-05-01,0
A,B05,WMF,2016-06-01,0
A,B05,WMF,2016-07-01,0
A,B05,WMF,2016-08-01,0
A,B05,WMF,2016-09-01,0.00525
A,B05,WMF,2016-10-01,0
A,B05,WMF,2016-11-01,0.00114
A,B05,WMF,2016-12-01,0
A,B05,WMF,2017-01-01,0
A,B05,WMF,2017-02-01,0
A,B05,WMF,2017-03-01,6e-6
A,B05,WMF,2017-04-01,1.6e-5
A,B05,WMF,2017-05-01,0
A,B05,WMF,2017-06-01,0
A,B05,WMF,2017-07-01,0
A,B05,WMF,2017-08-01,0.005006
A,B05,WMF,2017-09-01,0
A,B05,WMF,2017-10-01,0
A,B05,WMF,2017-11-01,0.011748
A,B05,WMF,2017-12-01,0
A,B05,WMF,2018-01-01,0
A,B05,WMF,2018-02-01,2.04e-4
A,B05,WMF,2018-03-01,0
A,B05,WMF,2018-04-01,0
A,B05,WMF,2018-05-01,1.2e-5
A,B05,WMF,2018-06-01,0.007099
A,B05,WMF,2018-07-01,5e-6
A,B05,WMF,2018-08-01,0
A,B05,WMF,2018-09-01,3.2e-5
A,B05,WMF,2018-10-01,0.005236
A,B05,WMF,2018-11-01,2.26e-4
A,B05,WMF,2018-12-01,2.7e-4
A,B05,WMF,2019-01-01,1e-5
A,B05,WMF,2019-02-01,0.005787
A,B05,WMF,2019-03-01,5.23e-4
A,B05,WMF,2019-04-01,0
A,B05,WMF,2019-05-01,0
A,B05,WMF,2019-06-01,5e-4
A,B05,WMF,2019-07-01,0
A,B05,WMF,2019-08-01,1.29e-4
A,B05,WMF,2019-09-01,0
A,B05,WMF,2019-10-01,0.001053
A,B05,WMF,2019-11-01,0
A,B05,WMF,2019-12-01,0
A,B05,WMF,2020-01-01,0
A,B05,WMF,2020-02-01,2.1e-4
A,B05,WMF,2020-03-01,0
A,B05,WMF,2020-04-01,0
A,B05,WMF,2020-05-01,0
A,B05,WMF,2020-06-01,0
A,B05,WMF,2020-07-01,0
A,B05,WMF,2020-08-01,0
A,B05,WMF,2020-09-01,0.006118
A,B05,WMF,2020-10-01,1.4e-4
A,B05,WMF,2020-11-01,0
A,B05,WMF,2020-12-01,0
A,B05,WMF,2021-01-01,1.83e-4
A,B05,WMF,2021-02-01,0
A,B05,WMF,2021-03-01,0
A,B05,WMF,2021-04-01,0
A,B05,WMF,2021-05-01,9.7e-5
A,B05,WMF,2021-06-01,0
A,B05,WMF,2021-07-01,4.3e-5
A,B05,WMF,2021-08-01,0
A,B05,WMF,2021-09-01,0
A,B05,WMF,2021-10-01,0.003
A,B05,WMF,2021-11-01,0
A,B05,WMF,2021-12-01,0
A,B05,WMF,2022-01-01,0
A,B05,WMF,2022-02-01,0
A,B05,WMF,2022-03-01,0
A,B05,WMF,2022-04-01,5.4e-5
A,B05,WMF,2022-05-01,0
A,B05,WMF,2022-06-01,0
A,B05,WMF,2022-07-01,0
A,B05,WMF,2022-08-01,0
A,B05,WMF,2022-09-01,0
A,B05,WMF,2022-10-01,0
A,B05,WMF,2022-11-01,0
A,B05,WMF,2022-12-01,0
A,B05,WMF,2023-01-01,0
A,B05,WMF,2023-02-01,2.94e-4
A,B05,WMF,2023-03-01,0
A,B05,WMF,2023-04-01,0.004049
A,B05,WMF,2023-05-01,0.010648
A,B05,WMF,2023-06-01,0.012556
A,B05,WMF,2023-07-01,0
A,B05,WMF,2023-08-01,0
A,B05,WMF,2023-09-01,4.23e-4
A,B05,WMF,2023-10-01,4.19e-4
A,B05,WMF,2023-11-01,0.010743
A,B05,WMF,2023-12-01,0.060856
A,B05,WMF,2024-01-01,0.118811
A,B05,WMF,2024-02-01,0.001026
A,B05,WMF,2024-03-01,0.014308
A,B05,WMF,2024-04-01,7.8e-4
A,B05,WMF,2024-05-01,0
A,B05,WMF,2024-06-01,0
A,B05,WMF,2024-07-01,8.03e-4
A,B05,WMF,2024-08-01,0.001125
A,B05,WMF,2024-09-01,0.001199
A,B05,WMF,2024-10-01,4.52e-4
A,B05,WMF,2024-11-01,0.001883
A,B05,WMF,2024-12-01,5.18e-4
A,B05,WMF,2025-01-01,0
A,B05,WMF,2025-02-01,1.89e-4
A,B05,WMF,2025-03-01,1e-5
A,B05,WMF,2025-04-01,1.8e-5
A,B05,WMF,2025-05-01,0.005694
A,B05,WMF,2025-06-01,0
A,B05,WMF,2025-07-01,2.56e-4
A,B05,WMF,2025-08-01,0
A,B05,WMF,2025-09-01,0.00122
A,B05,WMF,2025-10-01,2.21e-4
A,B05,WMF,2025-11-01,0.003421
A,B05,WMF,2025-12-01,3e-5
A,B05,WMF,2026-01-01,1e-5
A,B05,WMF,2026-02-01,0.018388
A,B05,WMF,2026-03-01,5.46e-4
A,B05,WMF,2026-04-01,0
A,B05,WMF,2026-05-01,0
A,B05,WMF,2026-06-01,8.6e-5
A,B05,WMF,2026-07-01,1.23e-4
A,B06,R,2013-01-01,-99.5
A,B06,R,2013-02-01,-91.4
A,B06,R,2013-03-01,-99
A,B06,R,2013-04-01,-99.8
A,B06,R,2013-05-01,-99.4
A,B06,R,2013-06-01,-98.7
A,B06,R,2013-07-01,685.2
A,B06,R,2013-08-01,-48.2
A,B06,R,2013-09-01,-64.4
A,B06,R,2013-10-01,2018.1
A,B06,R,2013-11-01,76.7
A,B06,R,2013-12-01,256.7
A,B06,R,2014-01-01,257.9
A,B06,R,2014-02-01,57.7
A,B06,R,2014-03-01,47.2
A,B06,R,2014-04-01,-33.3
A,B06,R,2014-05-01,14.9
A,B06,R,2014-06-01,-14.3
A,B06,R,2014-07-01,-84.7
A,B06,R,2014-08-01,-63.6
A,B06,R,2014-09-01,334.6
A,B06,R,2014-10-01,-9.6
A,B06,R,2014-11-01,-83.6
A,B06,R,2014-12-01,-57
A,B06,R,2015-01-01,235.9
A,B06,R,2015-02-01,-79
A,B06,R,2015-03-01,436.8
A,B06,R,2015-04-01,-100
A,B06,R,2015-05-01,-17.9
A,B06,R,2015-06-01,126.1
A,B06,R,2015-07-01,1369
A,B06,R,2015-08-01,1014.1
A,B06,R,2015-09-01,109.6
A,B06,R,2015-10-01,178.2
A,B06,R,2015-11-01,329.6
A,B06,R,2015-12-01,1872.1
A,B06,R,2016-01-01,-67.7
A,B06,R,2016-02-01,2929882.4
A,B06,R,2016-03-01,908153.2
A,B06,R,2016-05-01,2598246.4
A,B06,R,2016-06-01,30.6
A,B06,R,2016-07-01,-73.6
A,B06,R,2016-08-01,119
A,B06,R,2016-09-01,21.1
A,B06,R,2016-10-01,-75.8
A,B06,R,2016-11-01,-30.9
A,B06,R,2016-12-01,-85.4
A,B06,R,2017-01-01,252.8
A,B06,R,2017-02-01,-100
A,B06,R,2017-03-01,-100
A,B06,R,2017-04-01,-100
A,B06,R,2017-05-01,-100
A,B06,R,2017-06-01,89
A,B06,R,2017-07-01,-100
A,B06,R,2017-08-01,38.6
A,B06,R,2017-09-01,-85.1
A,B06,R,2017-10-01,2409.5
A,B06,R,2017-11-01,11.1
A,B06,R,2017-12-01,279.3
A,B06,R,2018-01-01,-12.3
A,B06,R,2018-02-01,-75.6
A,B06,R,2018-03-01,-78.4
A,B06,R,2018-04-01,-95.9
A,B06,R,2018-05-01,-83.5
A,B06,R,2018-06-01,-98.2
A,B06,R,2018-08-01,-38.3
A,B06,R,2018-09-01,72.2
A,B06,R,2018-10-01,-100
A,B06,R,2018-11-01,852.7
A,B06,R,2018-12-01,19.4
A,B06,R,2019-01-01,-92.4
A,B06,R,2019-02-01,-42.6
A,B06,R,2019-03-01,-50
A,B06,R,2019-04-01,157.5
A,B06,R,2019-05-01,1617.9
A,B06,R,2019-06-01,-100
A,B06,R,2019-07-01,-29.9
A,B06,R,2019-08-01,-96.1
A,B06,R,2019-09-01,114
A,B06,R,2019-11-01,-99.6
A,B06,R,2019-12-01,-100
A,B06,R,2020-01-01,50
A,B06,R,2020-02-01,-41.2
A,B06,R,2020-03-01,-29.4
A,B06,R,2020-04-01,-7.2
A,B06,R,2020-05-01,-96.9
A,B06,R,2020-07-01,-100
A,B06,R,2020-08-01,-100
A,B06,R,2020-09-01,-100
A,B06,R,2020-10-01,-93.3
A,B06,R,2020-11-01,162.2
A,B06,R,2021-01-01,-100
A,B06,R,2021-02-01,-100
A,B06,R,2021-03-01,-100
A,B06,R,2021-04-01,139.2
A,B06,R,2021-05-01,-100
A,B06,R,2021-10-01,-100
A,B06,R,2021-11-01,465.3
A,B06,R,2021-12-01,-100
A,B06,R,2022-04-01,-100
A,B06,R,2022-07-01,-100
A,B06,R,2022-11-01,-100
A,B06,R,2023-12-01,-100
A,B06,R,2025-01-01,31.8
A,B06,R,2025-02-01,-80
A,B06,R,2025-03-01,-68.2
A,B06,R,2025-04-01,-100
A,B06,R,2025-05-01,-20.5
A,B06,R,2025-06-01,-100
A,B06,R,2025-07-01,-44
A,B06,R,2025-09-01,-46.5
A,B06,R,2025-10-01,-100
A,B06,R,2025-11-01,584.2
A,B06,R,2025-12-01,-100
A,B06,R,2026-01-01,-100
A,B06,R,2026-02-01,92.5
A,B06,R,2026-03-01,-100
A,B06,R,2026-05-01,-100
A,B06,R,2026-07-01,-100
A,B06,WMF,2012-01-01,0.078617
A,B06,WMF,2012-02-01,0.072605
A,B06,WMF,2012-03-01,0.141003
A,B06,WMF,2012-04-01,0.246703
A,B06,WMF,2012-05-01,0.598698
A,B06,WMF,2012-06-01,0.299148
A,B06,WMF,2012-07-01,4.1e-4
A,B06,WMF,2012-08-01,8.1e-4
A,B06,WMF,2012-09-01,0.0015
A,B06,WMF,2012-10-01,1.67e-4
A,B06,WMF,2012-11-01,0.006232
A,B06,WMF,2012-12-01,2.5e-4
A,B06,WMF,2013-01-01,1.77e-4
A,B06,WMF,2013-02-01,0.003997
A,B06,WMF,2013-03-01,0.001095
A,B06,WMF,2013-04-01,2.51e-4
A,B06,WMF,2013-05-01,0.001531
A,B06,WMF,2013-06-01,0.001699
A,B06,WMF,2013-07-01,0.006569
A,B06,WMF,2013-08-01,1.84e-4
A,B06,WMF,2013-09-01,2.69e-4
A,B06,WMF,2013-10-01,0.00153
A,B06,WMF,2013-11-01,0.016158
A,B06,WMF,2013-12-01,3.81e-4
A,B06,WMF,2014-01-01,8.36e-4
A,B06,WMF,2014-02-01,0.005033
A,B06,WMF,2014-03-01,0.001323
A,B06,WMF,2014-04-01,1.58e-4
A,B06,WMF,2014-05-01,0.001553
A,B06,WMF,2014-06-01,0.002043
A,B06,WMF,2014-07-01,2.21e-4
A,B06,WMF,2014-08-01,0.003526
A,B06,WMF,2014-09-01,0.003447
A,B06,WMF,2014-10-01,0.001414
A,B06,WMF,2014-11-01,0.001395
A,B06,WMF,2014-12-01,1.65e-4
A,B06,WMF,2015-01-01,0.002219
A,B06,WMF,2015-02-01,6.92e-4
A,B06,WMF,2015-03-01,0.004799
A,B06,WMF,2015-04-01,1e-5
A,B06,WMF,2015-05-01,0.001698
A,B06,WMF,2015-06-01,0.003696
A,B06,WMF,2015-07-01,0.002901
A,B06,WMF,2015-08-01,0.001159
A,B06,WMF,2015-09-01,0.00373
A,B06,WMF,2015-10-01,0.00408
A,B06,WMF,2015-11-01,0.002837
A,B06,WMF,2015-12-01,0.002652
A,B06,WMF,2016-01-01,7.26e-4
A,B06,WMF,2016-02-01,0.499549
A,B06,WMF,2016-03-01,0.878325
A,B06,WMF,2016-04-01,0.810444
A,B06,WMF,2016-05-01,1.0193160000000001
A,B06,WMF,2016-06-01,0.002013
A,B06,WMF,2016-07-01,0.001773
A,B06,WMF,2016-08-01,0.003279
A,B06,WMF,2016-09-01,0.003522
A,B06,WMF,2016-10-01,9.99e-4
A,B06,WMF,2016-11-01,0.002545
A,B06,WMF,2016-12-01,0.001552
A,B06,WMF,2017-01-01,0.002531
A,B06,WMF,2017-02-01,0.004412
A,B06,WMF,2017-03-01,0.019962
A,B06,WMF,2017-04-01,0.004935
A,B06,WMF,2017-05-01,0.001191
A,B06,WMF,2017-06-01,0.016944
A,B06,WMF,2017-07-01,0.00134
A,B06,WMF,2017-08-01,0.002177
A,B06,WMF,2017-09-01,3.83e-4
A,B06,WMF,2017-10-01,0.025597
A,B06,WMF,2017-11-01,0.003343
A,B06,WMF,2017-12-01,0.001984
A,B06,WMF,2018-01-01,0.002449
A,B06,WMF,2018-02-01,0.001138
A,B06,WMF,2018-03-01,0.008526
A,B06,WMF,2018-04-01,2.32e-4
A,B06,WMF,2018-05-01,2.58e-4
A,B06,WMF,2018-06-01,1.27e-4
A,B06,WMF,2018-07-01,3.07e-4
A,B06,WMF,2018-08-01,0.00181
A,B06,WMF,2018-09-01,0.001204
A,B06,WMF,2018-10-01,0
A,B06,WMF,2018-11-01,0.02764
A,B06,WMF,2018-12-01,0.002498
A,B06,WMF,2019-01-01,1.72e-4
A,B06,WMF,2019-02-01,4.81e-4
A,B06,WMF,2019-03-01,0.001331
A,B06,WMF,2019-04-01,6.6e-4
A,B06,WMF,2019-05-01,0.007215
A,B06,WMF,2019-06-01,0.038247
A,B06,WMF,2019-07-01,1.91e-4
A,B06,WMF,2019-08-01,6.3e-5
A,B06,WMF,2019-09-01,0.001618
A,B06,WMF,2019-10-01,8.54e-4
A,B06,WMF,2019-11-01,1.19e-4
A,B06,WMF,2019-12-01,0
A,B06,WMF,2020-01-01,3.23e-4
A,B06,WMF,2020-02-01,4.07e-4
A,B06,WMF,2020-03-01,0.001411
A,B06,WMF,2020-04-01,8.75e-4
A,B06,WMF,2020-05-01,1.64e-4
A,B06,WMF,2020-06-01,0
A,B06,WMF,2020-07-01,0
A,B06,WMF,2020-08-01,8.8e-5
A,B06,WMF,2020-09-01,0
A,B06,WMF,2020-10-01,5.7e-5
A,B06,WMF,2020-11-01,3.12e-4
A,B06,WMF,2020-12-01,1.68e-4
A,B06,WMF,2021-01-01,0
A,B06,WMF,2021-02-01,0
A,B06,WMF,2021-03-01,3e-4
A,B06,WMF,2021-04-01,3.65e-4
A,B06,WMF,2021-05-01,0
A,B06,WMF,2021-06-01,4.51e-4
A,B06,WMF,2021-07-01,9.9e-5
A,B06,WMF,2021-08-01,0.017978
A,B06,WMF,2021-09-01,0.001531
A,B06,WMF,2021-10-01,0
A,B06,WMF,2021-11-01,0.001678
A,B06,WMF,2021-12-01,0
A,B06,WMF,2022-01-01,6.23e-4
A,B06,WMF,2022-02-01,2.65e-4
A,B06,WMF,2022-03-01,5.12e-4
A,B06,WMF,2022-04-01,0
A,B06,WMF,2022-05-01,0.013238
A,B06,WMF,2022-06-01,1.21e-4
A,B06,WMF,2022-07-01,0.015758
A,B06,WMF,2022-08-01,1.53e-4
A,B06,WMF,2022-09-01,0.001466
A,B06,WMF,2022-10-01,1.53e-4
A,B06,WMF,2022-11-01,0
A,B06,WMF,2022-12-01,0.001086
A,B06,WMF,2023-01-01,0.002627
A,B06,WMF,2023-02-01,0.002095
A,B06,WMF,2023-03-01,2.85e-4
A,B06,WMF,2023-04-01,5.78e-4
A,B06,WMF,2023-05-01,1.76e-4
A,B06,WMF,2023-06-01,0.00759
A,B06,WMF,2023-07-01,1.03e-4
A,B06,WMF,2023-08-01,0
A,B06,WMF,2023-09-01,0.017584
A,B06,WMF,2023-10-01,1e-4
A,B06,WMF,2023-11-01,4.29e-4
A,B06,WMF,2023-12-01,0.006948
A,B06,WMF,2024-01-01,0.005294
A,B06,WMF,2024-02-01,5.09e-4
A,B06,WMF,2024-03-01,0.002001
A,B06,WMF,2024-04-01,0.009861
A,B06,WMF,2024-05-01,0.00685
A,B06,WMF,2024-06-01,1.5e-5
A,B06,WMF,2024-07-01,0.006808
A,B06,WMF,2024-08-01,1e-6
A,B06,WMF,2024-09-01,4.42e-4
A,B06,WMF,2024-10-01,3.5e-5
A,B06,WMF,2024-11-01,1e-5
A,B06,WMF,2024-12-01,8.28e-4
A,B06,WMF,2025-01-01,0.00414
A,B06,WMF,2025-02-01,1.53e-4
A,B06,WMF,2025-03-01,8e-5
A,B06,WMF,2025-04-01,0
A,B06,WMF,2025-05-01,3.45e-4
A,B06,WMF,2025-06-01,9.6e-5
A,B06,WMF,2025-07-01,0.003206
A,B06,WMF,2025-08-01,1.2e-4
A,B06,WMF,2025-09-01,1.6e-4
A,B06,WMF,2025-10-01,3.03e-4
A,B06,WMF,2025-11-01,1.4e-5
A,B06,WMF,2025-12-01,0.002828
A,B06,WMF,2026-01-01,0
A,B06,WMF,2026-02-01,1.42e-4
A,B06,WMF,2026-03-01,7.38e-4
A,B06,WMF,2026-04-01,7.98e-4
A,B06,WMF,2026-05-01,0
A,B06,WMF,2026-06-01,0.003645
A,B06,WMF,2026-07-01,0
A,C10,R,2013-01-01,13.3
A,C10,R,2013-02-01,9.7
A,C10,R,2013-03-01,4.5
A,C10,R,2013-04-01,6.6
A,C10,R,2013-05-01,2.9
A,C10,R,2013-06-01,13.1
A,C10,R,2013-07-01,11.5
A,C10,R,2013-08-01,1.5
A,C10,R,2013-09-01,5.3
A,C10,R,2013-10-01,0.1
A,C10,R,2013-11-01,2.4
A,C10,R,2013-12-01,-0.5
A,C10,R,2014-01-01,2.9
A,C10,R,2014-02-01,2.1
A,C10,R,2014-03-01,-1.4
A,C10,R,2014-04-01,8.9
A,C10,R,2014-05-01,6.5
A,C10,R,2014-06-01,1.1
A,C10,R,2014-07-01,3.5
A,C10,R,2014-08-01,8.9
A,C10,R,2014-09-01,4.8
A,C10,R,2014-10-01,6.9
A,C10,R,2014-11-01,-1.7
A,C10,R,2014-12-01,1.7
A,C10,R,2015-01-01,-1.5
A,C10,R,2015-02-01,-0.2
A,C10,R,2015-03-01,5.1
A,C10,R,2015-04-01,-4.5
A,C10,R,2015-05-01,-6.7
A,C10,R,2015-06-01,-4.1
A,C10,R,2015-07-01,-7.7
A,C10,R,2015-08-01,-4.8
A,C10,R,2015-09-01,-1
A,C10,R,2015-10-01,-2.3
A,C10,R,2015-11-01,7.8
A,C10,R,2015-12-01,-2
A,C10,R,2016-01-01,5
A,C10,R,2016-02-01,4.9
A,C10,R,2016-03-01,6.9
A,C10,R,2016-04-01,6.2
A,C10,R,2016-05-01,13
A,C10,R,2016-06-01,5
A,C10,R,2016-07-01,13.6
A,C10,R,2016-08-01,8.1
A,C10,R,2016-09-01,5.6
A,C10,R,2016-10-01,7.6
A,C10,R,2016-11-01,1.8
A,C10,R,2016-12-01,4.1
A,C10,R,2017-01-01,0.8
A,C10,R,2017-02-01,-0.3
A,C10,R,2017-03-01,-0.8
A,C10,R,2017-04-01,3.9
A,C10,R,2017-05-01,3.6
A,C10,R,2017-06-01,11.5
A,C10,R,2017-07-01,-3.1
A,C10,R,2017-08-01,6.8
A,C10,R,2017-09-01,6.2
A,C10,R,2017-10-01,0.5
A,C10,R,2017-11-01,7.8
A,C10,R,2017-12-01,12.3
A,C10,R,2018-01-01,8.2
A,C10,R,2018-02-01,9.4
A,C10,R,2018-03-01,8.3
A,C10,R,2018-04-01,5.5
A,C10,R,2018-05-01,1
A,C10,R,2018-06-01,0.7
A,C10,R,2018-07-01,8.5
A,C10,R,2018-08-01,2
A,C10,R,2018-09-01,-1.8
A,C10,R,2018-10-01,4.2
A,C10,R,2018-11-01,3.1
A,C10,R,2018-12-01,3.8
A,C10,R,2019-01-01,2.8
A,C10,R,2019-02-01,1.9
A,C10,R,2019-03-01,2.9
A,C10,R,2019-04-01,0.5
A,C10,R,2019-05-01,2.6
A,C10,R,2019-06-01,-1.9
A,C10,R,2019-07-01,1.9
A,C10,R,2019-08-01,1.6
A,C10,R,2019-09-01,6.1
A,C10,R,2019-10-01,7.9
A,C10,R,2019-11-01,0.8
A,C10,R,2019-12-01,1.2
A,C10,R,2020-01-01,2.6
A,C10,R,2020-02-01,2.8
A,C10,R,2020-03-01,1
A,C10,R,2020-04-01,-2.2
A,C10,R,2020-05-01,-3.1
A,C10,R,2020-06-01,7
A,C10,R,2020-07-01,4.2
A,C10,R,2020-08-01,6.2
A,C10,R,2020-09-01,6.6
A,C10,R,2020-10-01,0.8
A,C10,R,2020-11-01,6.2
A,C10,R,2020-12-01,2.7
A,C10,R,2021-01-01,7
A,C10,R,2021-02-01,7.9
A,C10,R,2021-03-01,11.1
A,C10,R,2021-04-01,14
A,C10,R,2021-05-01,15.7
A,C10,R,2021-06-01,3.7
A,C10,R,2021-07-01,6.8
A,C10,R,2021-08-01,0.8
A,C10,R,2021-09-01,1.9
A,C10,R,2021-10-01,6.4
A,C10,R,2021-11-01,5.5
A,C10,R,2021-12-01,0.9
A,C10,R,2022-01-01,-0.5
A,C10,R,2022-02-01,0.7
A,C10,R,2022-03-01,-1.8
A,C10,R,2022-04-01,0.7
A,C10,R,2022-05-01,-0.6
A,C10,R,2022-06-01,1.1
A,C10,R,2022-07-01,-3
A,C10,R,2022-08-01,-1.4
A,C10,R,2022-09-01,-1.9
A,C10,R,2022-10-01,-4.1
A,C10,R,2022-11-01,-5.3
A,C10,R,2022-12-01,4.9
A,C10,R,2023-01-01,-3.4
A,C10,R,2023-02-01,-5.5
A,C10,R,2023-03-01,-7.5
A,C10,R,2023-04-01,-11.1
A,C10,R,2023-05-01,-5.3
A,C10,R,2023-06-01,-4.6
A,C10,R,2023-07-01,7.1
A,C10,R,2023-08-01,10.1
A,C10,R,2023-09-01,0.1
A,C10,R,2023-10-01,-3.3
A,C10,R,2023-11-01,-1.1
A,C10,R,2023-12-01,-5.4
A,C10,R,2024-01-01,9.8
A,C10,R,2024-02-01,5.7
A,C10,R,2024-03-01,10.5
A,C10,R,2024-04-01,12
A,C10,R,2024-05-01,5
A,C10,R,2024-06-01,9.2
A,C10,R,2024-07-01,-3.1
A,C10,R,2024-08-01,-3.8
A,C10,R,2024-09-01,3
A,C10,R,2024-10-01,5.8
A,C10,R,2024-11-01,2.7
A,C10,R,2024-12-01,7.1
A,C10,R,2025-01-01,-2.4
A,C10,R,2025-02-01,0.1
A,C10,R,2025-03-01,-3.3
A,C10,R,2025-04-01,-0.2
A,C10,R,2025-05-01,-0.8
A,C10,R,2025-06-01,-7.4
A,C10,R,2025-07-01,-4.5
A,C10,R,2025-08-01,-6.4
A,C10,R,2025-09-01,-8
A,C10,R,2025-10-01,-4.5
A,C10,R,2025-11-01,-4
A,C10,R,2025-12-01,-9
A,C10,R,2026-01-01,-10.2
A,C10,R,2026-02-01,-8.4
A,C10,R,2026-03-01,-7.4
A,C10,R,2026-04-01,-7
A,C10,R,2026-05-01,-4.4
A,C10,R,2026-06-01,-1.2
A,C10,R,2026-07-01,-1.9
A,C10,WMF,2012-01-01,446.571860355392
A,C10,WMF,2012-02-01,460.18651275803296
A,C10,WMF,2012-03-01,476.805346504494
A,C10,WMF,2012-04-01,474.219323924064
A,C10,WMF,2012-05-01,487.06319734648105
A,C10,WMF,2012-06-01,469.102916452633
A,C10,WMF,2012-07-01,471.525052376725
A,C10,WMF,2012-08-01,481.51278969621995
A,C10,WMF,2012-09-01,473.69421728514203
A,C10,WMF,2012-10-01,478.75975036840896
A,C10,WMF,2012-11-01,491.195618813183
A,C10,WMF,2012-12-01,510.955701420282
A,C10,WMF,2013-01-01,518.750028601694
A,C10,WMF,2013-02-01,525.112400973938
A,C10,WMF,2013-03-01,518.05406218425
A,C10,WMF,2013-04-01,507.270967198597
A,C10,WMF,2013-05-01,515.970886217284
A,C10,WMF,2013-06-01,542.8911568781269
A,C10,WMF,2013-07-01,532.873872425011
A,C10,WMF,2013-08-01,508.544605642879
A,C10,WMF,2013-09-01,517.7239190086821
A,C10,WMF,2013-10-01,493.780375159909
A,C10,WMF,2013-11-01,517.83145487162
A,C10,WMF,2013-12-01,516.274787699433
A,C10,WMF,2014-01-01,518.972113304297
A,C10,WMF,2014-02-01,518.959429412234
A,C10,WMF,2014-03-01,498.944466589373
A,C10,WMF,2014-04-01,538.440472781104
A,C10,WMF,2014-05-01,533.97505823075
A,C10,WMF,2014-06-01,538.0972680974501
A,C10,WMF,2014-07-01,538.571053274808
A,C10,WMF,2014-08-01,535.091217165758
A,C10,WMF,2014-09-01,528.21869296633
A,C10,WMF,2014-10-01,539.3378172196719
A,C10,WMF,2014-11-01,509.72649390920003
A,C10,WMF,2014-12-01,517.674088913725
A,C10,WMF,2015-01-01,510.35257525599997
A,C10,WMF,2015-02-01,500.279319621075
A,C10,WMF,2015-03-01,492.158975093834
A,C10,WMF,2015-04-01,490.549664622288
A,C10,WMF,2015-05-01,475.057083888046
A,C10,WMF,2015-06-01,483.42941757312605
A,C10,WMF,2015-07-01,476.895158332015
A,C10,WMF,2015-08-01,499.67433748761204
A,C10,WMF,2015-09-01,513.394745882694
A,C10,WMF,2015-10-01,509.105091162831
A,C10,WMF,2015-11-01,514.687966444483
A,C10,WMF,2015-12-01,482.26389845531304
A,C10,WMF,2016-01-01,514.572447915148
A,C10,WMF,2016-02-01,518.887662695425
A,C10,WMF,2016-03-01,522.085209245182
A,C10,WMF,2016-04-01,511.444899648586
A,C10,WMF,2016-05-01,526.87988654936
A,C10,WMF,2016-06-01,492.21280449824
A,C10,WMF,2016-07-01,530.231285176314
A,C10,WMF,2016-08-01,501.328832716672
A,C10,WMF,2016-09-01,504.34813618028403
A,C10,WMF,2016-10-01,511.04656996644803
A,C10,WMF,2016-11-01,504.75054461540503
A,C10,WMF,2016-12-01,487.28957742019395
A,C10,WMF,2017-01-01,516.447468953968
A,C10,WMF,2017-02-01,512.37336260082
A,C10,WMF,2017-03-01,515.749070652311
A,C10,WMF,2017-04-01,544.7998199420299
A,C10,WMF,2017-05-01,552.602890349259
A,C10,WMF,2017-06-01,565.936526700585
A,C10,WMF,2017-07-01,532.5674510746791
A,C10,WMF,2017-08-01,564.893093724033
A,C10,WMF,2017-09-01,572.623681863638
A,C10,WMF,2017-10-01,551.817065379219
A,C10,WMF,2017-11-01,579.6536873633489
A,C10,WMF,2017-12-01,571.402999989485
A,C10,WMF,2018-01-01,563.7482181567169
A,C10,WMF,2018-02-01,567.816245774496
A,C10,WMF,2018-03-01,570.80337443471
A,C10,WMF,2018-04-01,575.966233437224
A,C10,WMF,2018-05-01,570.34850764342
A,C10,WMF,2018-06-01,580.741119411042
A,C10,WMF,2018-07-01,574.0707989785151
A,C10,WMF,2018-08-01,583.9042626252
A,C10,WMF,2018-09-01,561.537411221974
A,C10,WMF,2018-10-01,557.311165190349
A,C10,WMF,2018-11-01,588.25871411613
A,C10,WMF,2018-12-01,588.7177172606699
A,C10,WMF,2019-01-01,577.850065235734
A,C10,WMF,2019-02-01,573.8540925020551
A,C10,WMF,2019-03-01,580.811772023579
A,C10,WMF,2019-04-01,579.9435378347681
A,C10,WMF,2019-05-01,571.897481141601
A,C10,WMF,2019-06-01,555.642132877928
A,C10,WMF,2019-07-01,567.767925019835
A,C10,WMF,2019-08-01,570.64932721852006
A,C10,WMF,2019-09-01,569.394609857586
A,C10,WMF,2019-10-01,592.694269063592
A,C10,WMF,2019-11-01,571.998296268344
A,C10,WMF,2019-12-01,587.021032998308
A,C10,WMF,2020-01-01,573.838008490782
A,C10,WMF,2020-02-01,570.15834683051
A,C10,WMF,2020-03-01,554.242271016307
A,C10,WMF,2020-04-01,532.988400146356
A,C10,WMF,2020-05-01,540.567794377509
A,C10,WMF,2020-06-01,573.142534395846
A,C10,WMF,2020-07-01,562.052173285468
A,C10,WMF,2020-08-01,578.08358813396
A,C10,WMF,2020-09-01,582.1414642837519
A,C10,WMF,2020-10-01,566.557693198008
A,C10,WMF,2020-11-01,576.511136342824
A,C10,WMF,2020-12-01,565.111139599527
A,C10,WMF,2021-01-01,599.266069098144
A,C10,WMF,2021-02-01,612.376390958534
A,C10,WMF,2021-03-01,636.9388805182721
A,C10,WMF,2021-04-01,623.1229062349989
A,C10,WMF,2021-05-01,626.021791622635
A,C10,WMF,2021-06-01,609.221322775725
A,C10,WMF,2021-07-01,626.089718072314
A,C10,WMF,2021-08-01,609.113335810473
A,C10,WMF,2021-09-01,625.4852708241959
A,C10,WMF,2021-10-01,636.773039848356
A,C10,WMF,2021-11-01,663.273099977039
A,C10,WMF,2021-12-01,601.754477247867
A,C10,WMF,2022-01-01,628.484959551257
A,C10,WMF,2022-02-01,635.0953654701609
A,C10,WMF,2022-03-01,642.107674218549
A,C10,WMF,2022-04-01,651.5624094318921
A,C10,WMF,2022-05-01,653.462104896927
A,C10,WMF,2022-06-01,647.644399131048
A,C10,WMF,2022-07-01,631.302053527622
A,C10,WMF,2022-08-01,625.6203124165941
A,C10,WMF,2022-09-01,640.180452521544
A,C10,WMF,2022-10-01,630.131155151107
A,C10,WMF,2022-11-01,651.858531116496
A,C10,WMF,2022-12-01,659.3813116136
A,C10,WMF,2023-01-01,631.667139978348
A,C10,WMF,2023-02-01,632.239479577463
A,C10,WMF,2023-03-01,625.949738146299
A,C10,WMF,2023-04-01,615.833884807908
A,C10,WMF,2023-05-01,640.10766717732
A,C10,WMF,2023-06-01,643.146954817816
A,C10,WMF,2023-07-01,697.791757507507
A,C10,WMF,2023-08-01,720.624152433004
A,C10,WMF,2023-09-01,667.031523965073
A,C10,WMF,2023-10-01,640.91552408928
A,C10,WMF,2023-11-01,655.69685688176
A,C10,WMF,2023-12-01,654.936824653254
A,C10,WMF,2024-01-01,675.896625004549
A,C10,WMF,2024-02-01,668.625822335814
A,C10,WMF,2024-03-01,667.299434846138
A,C10,WMF,2024-04-01,666.418881535979
A,C10,WMF,2024-05-01,663.0831316746741
A,C10,WMF,2024-06-01,686.121458881346
A,C10,WMF,2024-07-01,684.916858403621
A,C10,WMF,2024-08-01,680.523071463642
A,C10,WMF,2024-09-01,669.858012610879
A,C10,WMF,2024-10-01,688.303204484826
A,C10,WMF,2024-11-01,677.5037597789741
A,C10,WMF,2024-12-01,689.0078398466819
A,C10,WMF,2025-01-01,704.0090424454189
A,C10,WMF,2025-02-01,717.9608352828229
A,C10,WMF,2025-03-01,709.653461149891
A,C10,WMF,2025-04-01,721.454134529722
A,C10,WMF,2025-05-01,723.355454138813
A,C10,WMF,2025-06-01,676.0864890031479
A,C10,WMF,2025-07-01,680.349637617339
A,C10,WMF,2025-08-01,688.82174268946
A,C10,WMF,2025-09-01,685.4747799948191
A,C10,WMF,2025-10-01,721.3276339759509
A,C10,WMF,2025-11-01,678.399393776819
A,C10,WMF,2025-12-01,684.688276902185
A,C10,WMF,2026-01-01,666.572867043595
A,C10,WMF,2026-02-01,664.733093478571
A,C10,WMF,2026-03-01,672.4885578578629
A,C10,WMF,2026-04-01,677.974420459183
A,C10,WMF,2026-05-01,678.130620467541
A,C10,WMF,2026-06-01,679.491455393556
A,C10,WMF,2026-07-01,689.521093376469
A,C11,R,2013-01-01,39.9
A,C11,R,2013-02-01,43.4
A,C11,R,2013-03-01,17.1
A,C11,R,2013-04-01,6.8
A,C11,R,2013-05-01,-2
A,C11,R,2013-06-01,7.5
A,C11,R,2013-07-01,6.2
A,C11,R,2013-08-01,17.4
A,C11,R,2013-09-01,-0.8
A,C11,R,2013-10-01,-2
A,C11,R,2013-11-01,-16.7
A,C11,R,2013-12-01,-13.1
A,C11,R,2014-01-01,-12.8
A,C11,R,2014-02-01,-8
A,C11,R,2014-03-01,-2.7
A,C11,R,2014-04-01,6.5
A,C11,R,2014-05-01,21
A,C11,R,2014-06-01,16.1
A,C11,R,2014-07-01,7.7
A,C11,R,2014-08-01,5.6
A,C11,R,2014-09-01,0.8
A,C11,R,2014-10-01,-2.5
A,C11,R,2014-11-01,2.3
A,C11,R,2014-12-01,7.5
A,C11,R,2015-01-01,-1.2
A,C11,R,2015-02-01,-3.3
A,C11,R,2015-03-01,10.4
A,C11,R,2015-04-01,-1
A,C11,R,2015-05-01,-1.5
A,C11,R,2015-06-01,1.4
A,C11,R,2015-07-01,3.2
A,C11,R,2015-08-01,14.7
A,C11,R,2015-09-01,-0.1
A,C11,R,2015-10-01,6.9
A,C11,R,2015-11-01,16.3
A,C11,R,2015-12-01,-10.6
A,C11,R,2016-01-01,21.4
A,C11,R,2016-02-01,2.4
A,C11,R,2016-03-01,11.9
A,C11,R,2016-04-01,3.1
A,C11,R,2016-05-01,10.5
A,C11,R,2016-06-01,-10.6
A,C11,R,2016-07-01,-4.4
A,C11,R,2016-08-01,-24.8
A,C11,R,2016-09-01,-1.4
A,C11,R,2016-10-01,-6.5
A,C11,R,2016-11-01,-16
A,C11,R,2016-12-01,17.4
A,C11,R,2017-01-01,-7.8
A,C11,R,2017-02-01,7.6
A,C11,R,2017-03-01,-16.1
A,C11,R,2017-04-01,-12
A,C11,R,2017-05-01,-17.7
A,C11,R,2017-06-01,-7.7
A,C11,R,2017-07-01,1.7
A,C11,R,2017-08-01,20.4
A,C11,R,2017-09-01,-6.6
A,C11,R,2017-10-01,-14.6
A,C11,R,2017-11-01,-14.2
A,C11,R,2017-12-01,-24.6
A,C11,R,2018-01-01,-23.4
A,C11,R,2018-02-01,-11.7
A,C11,R,2018-03-01,-20.2
A,C11,R,2018-04-01,3.8
A,C11,R,2018-05-01,11.1
A,C11,R,2018-06-01,16.4
A,C11,R,2018-07-01,-9
A,C11,R,2018-08-01,-5.2
A,C11,R,2018-09-01,3.8
A,C11,R,2018-10-01,17.2
A,C11,R,2018-11-01,17.1
A,C11,R,2018-12-01,11.4
A,C11,R,2019-01-01,27.8
A,C11,R,2019-02-01,0.2
A,C11,R,2019-03-01,18.8
A,C11,R,2019-04-01,11.2
A,C11,R,2019-05-01,5.8
A,C11,R,2019-06-01,0.2
A,C11,R,2019-07-01,13.7
A,C11,R,2019-08-01,-1.1
A,C11,R,2019-09-01,-6.5
A,C11,R,2019-10-01,-8.4
A,C11,R,2019-11-01,3.5
A,C11,R,2019-12-01,3.9
A,C11,R,2020-01-01,-13.8
A,C11,R,2020-02-01,1.3
A,C11,R,2020-03-01,-6.5
A,C11,R,2020-04-01,-11.6
A,C11,R,2020-05-01,-37.5
A,C11,R,2020-06-01,-16.5
A,C11,R,2020-07-01,-7.3
A,C11,R,2020-08-01,-2.2
A,C11,R,2020-09-01,7.8
A,C11,R,2020-10-01,4.3
A,C11,R,2020-11-01,1.4
A,C11,R,2020-12-01,0.6
A,C11,R,2021-01-01,-22.5
A,C11,R,2021-02-01,-10.8
A,C11,R,2021-03-01,15.8
A,C11,R,2021-04-01,-0.3
A,C11,R,2021-05-01,44.3
A,C11,R,2021-06-01,21.6
A,C11,R,2021-07-01,14.4
A,C11,R,2021-08-01,14
A,C11,R,2021-09-01,15
A,C11,R,2021-10-01,22.7
A,C11,R,2021-11-01,-0.6
A,C11,R,2021-12-01,15.4
A,C11,R,2022-01-01,71.3
A,C11,R,2022-02-01,74.4
A,C11,R,2022-03-01,26.7
A,C11,R,2022-04-01,20.8
A,C11,R,2022-05-01,0.8
A,C11,R,2022-06-01,-3.5
A,C11,R,2022-07-01,-11.5
A,C11,R,2022-08-01,0.2
A,C11,R,2022-09-01,-6.1
A,C11,R,2022-10-01,1.1
A,C11,R,2022-11-01,25.1
A,C11,R,2022-12-01,18.3
A,C11,R,2023-01-01,-5.1
A,C11,R,2023-02-01,-28.9
A,C11,R,2023-03-01,-22.8
A,C11,R,2023-04-01,-12.5
A,C11,R,2023-05-01,13.3
A,C11,R,2023-06-01,5.4
A,C11,R,2023-07-01,29.5
A,C11,R,2023-08-01,-18.8
A,C11,R,2023-09-01,-11.3
A,C11,R,2023-10-01,-31
A,C11,R,2023-11-01,-51
A,C11,R,2023-12-01,-22.2
A,C11,R,2024-01-01,-27.9
A,C11,R,2024-02-01,-5.5
A,C11,R,2024-03-01,-29.1
A,C11,R,2024-04-01,-33
A,C11,R,2024-05-01,-35.6
A,C11,R,2024-06-01,-33
A,C11,R,2024-07-01,-45.3
A,C11,R,2024-08-01,-12.7
A,C11,R,2024-09-01,-23.3
A,C11,R,2024-10-01,-16.6
A,C11,R,2024-11-01,20.1
A,C11,R,2024-12-01,-25.4
A,C11,R,2025-01-01,-6.6
A,C11,R,2025-02-01,-27.5
A,C11,R,2025-03-01,6.7
A,C11,R,2025-04-01,18.2
A,C11,R,2025-05-01,2
A,C11,R,2025-06-01,5.4
A,C11,R,2025-07-01,0.4
A,C11,R,2025-08-01,-10
A,C11,R,2025-09-01,-12.1
A,C11,R,2025-10-01,2.3
A,C11,R,2025-11-01,-14.5
A,C11,R,2025-12-01,-15.8
A,C11,R,2026-01-01,-16.8
A,C11,R,2026-02-01,-8.2
A,C11,R,2026-03-01,-15.1
A,C11,R,2026-04-01,-12.8
A,C11,R,2026-05-01,-13.4
A,C11,R,2026-06-01,-16.5
A,C11,R,2026-07-01,-6.4
A,C11,WMF,2012-01-01,115.85426488066899
A,C11,WMF,2012-02-01,116.958847992885
A,C11,WMF,2012-03-01,133.712959830318
A,C11,WMF,2012-04-01,144.79475675512901
A,C11,WMF,2012-05-01,137.91473807179702
A,C11,WMF,2012-06-01,138.85661758954902
A,C11,WMF,2012-07-01,142.985762667547
A,C11,WMF,2012-08-01,131.878994455715
A,C11,WMF,2012-09-01,157.87820915256
A,C11,WMF,2012-10-01,160.708911601206
A,C11,WMF,2012-11-01,174.965144732589
A,C11,WMF,2012-12-01,172.31989754898302
A,C11,WMF,2013-01-01,181.86510473752298
A,C11,WMF,2013-02-01,175.87524510299102
A,C11,WMF,2013-03-01,154.051657129575
A,C11,WMF,2013-04-01,152.650159146543
A,C11,WMF,2013-05-01,124.789485764431
A,C11,WMF,2013-06-01,149.73910043781
A,C11,WMF,2013-07-01,153.96164015861402
A,C11,WMF,2013-08-01,155.34584628108001
A,C11,WMF,2013-09-01,154.333501778473
A,C11,WMF,2013-10-01,153.105196807059
A,C11,WMF,2013-11-01,147.21417367916501
A,C11,WMF,2013-12-01,142.26612972507
A,C11,WMF,2014-01-01,148.402485699934
A,C11,WMF,2014-02-01,154.27803270712
A,C11,WMF,2014-03-01,152.804462534262
A,C11,WMF,2014-04-01,159.14637292699598
A,C11,WMF,2014-05-01,157.32148834520098
A,C11,WMF,2014-06-01,167.63319728934403
A,C11,WMF,2014-07-01,156.858310077379
A,C11,WMF,2014-08-01,165.253618519979
A,C11,WMF,2014-09-01,160.817959376656
A,C11,WMF,2014-10-01,160.47834056091202
A,C11,WMF,2014-11-01,151.083738731637
A,C11,WMF,2014-12-01,163.43757234072
A,C11,WMF,2015-01-01,153.252531742635
A,C11,WMF,2015-02-01,156.03302673911602
A,C11,WMF,2015-03-01,169.02300619791902
A,C11,WMF,2015-04-01,159.91422374177
A,C11,WMF,2015-05-01,157.998355765441
A,C11,WMF,2015-06-01,168.787194436926
A,C11,WMF,2015-07-01,167.36765196557099
A,C11,WMF,2015-08-01,185.448448268864
A,C11,WMF,2015-09-01,159.35660806368602
A,C11,WMF,2015-10-01,166.67205797674097
A,C11,WMF,2015-11-01,168.5905331561
A,C11,WMF,2015-12-01,142.035690661643
A,C11,WMF,2016-01-01,186.93572157368402
A,C11,WMF,2016-02-01,158.988364515284
A,C11,WMF,2016-03-01,190.02830845787702
A,C11,WMF,2016-04-01,163.19105495055402
A,C11,WMF,2016-05-01,173.215172404265
A,C11,WMF,2016-06-01,155.20304745269502
A,C11,WMF,2016-07-01,165.018452375512
A,C11,WMF,2016-08-01,149.96037803700102
A,C11,WMF,2016-09-01,160.633752251738
A,C11,WMF,2016-10-01,156.193878066281
A,C11,WMF,2016-11-01,140.351815397362
A,C11,WMF,2016-12-01,169.588687788527
A,C11,WMF,2017-01-01,172.146896626864
A,C11,WMF,2017-02-01,176.702858780815
A,C11,WMF,2017-03-01,168.037347398913
A,C11,WMF,2017-04-01,164.60384372648502
A,C11,WMF,2017-05-01,159.12876328976301
A,C11,WMF,2017-06-01,153.500529061711
A,C11,WMF,2017-07-01,157.501987482315
A,C11,WMF,2017-08-01,151.853326984484
A,C11,WMF,2017-09-01,167.65793412236
A,C11,WMF,2017-10-01,163.17280686580602
A,C11,WMF,2017-11-01,172.67180196587802
A,C11,WMF,2017-12-01,163.513303093152
A,C11,WMF,2018-01-01,146.659650089944
A,C11,WMF,2018-02-01,165.363537377824
A,C11,WMF,2018-03-01,144.94251012954803
A,C11,WMF,2018-04-01,162.247649763155
A,C11,WMF,2018-05-01,171.66610827125498
A,C11,WMF,2018-06-01,175.883258519773
A,C11,WMF,2018-07-01,159.23504697546602
A,C11,WMF,2018-08-01,176.875724410539
A,C11,WMF,2018-09-01,166.910577447559
A,C11,WMF,2018-10-01,169.672332017016
A,C11,WMF,2018-11-01,154.417259528122
A,C11,WMF,2018-12-01,145.939551166922
A,C11,WMF,2019-01-01,183.452203036055
A,C11,WMF,2019-02-01,162.98056638802498
A,C11,WMF,2019-03-01,172.52269948004601
A,C11,WMF,2019-04-01,179.674756439744
A,C11,WMF,2019-05-01,177.01183569005502
A,C11,WMF,2019-06-01,172.64872311992897
A,C11,WMF,2019-07-01,179.952424482521
A,C11,WMF,2019-08-01,169.392448624858
A,C11,WMF,2019-09-01,147.88880206716902
A,C11,WMF,2019-10-01,151.757669311834
A,C11,WMF,2019-11-01,161.17875369898502
A,C11,WMF,2019-12-01,148.41388600547
A,C11,WMF,2020-01-01,152.91659076062803
A,C11,WMF,2020-02-01,154.504484679571
A,C11,WMF,2020-03-01,154.195908051992
A,C11,WMF,2020-04-01,150.831401264328
A,C11,WMF,2020-05-01,104.16781010707099
A,C11,WMF,2020-06-01,148.87604869830702
A,C11,WMF,2020-07-01,164.531570498376
A,C11,WMF,2020-08-01,158.126974511799
A,C11,WMF,2020-09-01,165.64907513912001
A,C11,WMF,2020-10-01,158.74101950249698
A,C11,WMF,2020-11-01,160.593504386424
A,C11,WMF,2020-12-01,157.199752157298
A,C11,WMF,2021-01-01,140.88669033582698
A,C11,WMF,2021-02-01,146.848798251647
A,C11,WMF,2021-03-01,181.148314295194
A,C11,WMF,2021-04-01,163.985358192445
A,C11,WMF,2021-05-01,164.796584737672
A,C11,WMF,2021-06-01,164.945073370293
A,C11,WMF,2021-07-01,158.45554080012
A,C11,WMF,2021-08-01,160.747070762988
A,C11,WMF,2021-09-01,167.451786152735
A,C11,WMF,2021-10-01,175.23185925232698
A,C11,WMF,2021-11-01,162.940242379111
A,C11,WMF,2021-12-01,161.057443359999
A,C11,WMF,2022-01-01,183.53191331076602
A,C11,WMF,2022-02-01,177.65854817762602
A,C11,WMF,2022-03-01,155.797337539693
A,C11,WMF,2022-04-01,160.626044584938
A,C11,WMF,2022-05-01,156.06562345215
A,C11,WMF,2022-06-01,155.13956242756302
A,C11,WMF,2022-07-01,134.923057416237
A,C11,WMF,2022-08-01,152.90647924395
A,C11,WMF,2022-09-01,150.038751684193
A,C11,WMF,2022-10-01,153.958105551811
A,C11,WMF,2022-11-01,159.815972617483
A,C11,WMF,2022-12-01,163.874339449003
A,C11,WMF,2023-01-01,152.77874260139902
A,C11,WMF,2023-02-01,139.85954043396802
A,C11,WMF,2023-03-01,142.494390043654
A,C11,WMF,2023-04-01,125.755835475195
A,C11,WMF,2023-05-01,129.234880948169
A,C11,WMF,2023-06-01,131.967258175024
A,C11,WMF,2023-07-01,147.91068054734902
A,C11,WMF,2023-08-01,122.68344277717499
A,C11,WMF,2023-09-01,133.963434669213
A,C11,WMF,2023-10-01,116.076587508161
A,C11,WMF,2023-11-01,93.57704209218501
A,C11,WMF,2023-12-01,121.41330918174499
A,C11,WMF,2024-01-01,105.686879089186
A,C11,WMF,2024-02-01,145.071612218631
A,C11,WMF,2024-03-01,130.157757463312
A,C11,WMF,2024-04-01,113.581495941526
A,C11,WMF,2024-05-01,124.37784646789301
A,C11,WMF,2024-06-01,117.48659287360901
A,C11,WMF,2024-07-01,117.886930186578
A,C11,WMF,2024-08-01,124.832866640505
A,C11,WMF,2024-09-01,111.622202354078
A,C11,WMF,2024-10-01,122.52060218454001
A,C11,WMF,2024-11-01,126.24308501655699
A,C11,WMF,2024-12-01,127.485337980163
A,C11,WMF,2025-01-01,124.77780879430699
A,C11,WMF,2025-02-01,126.132547229726
A,C11,WMF,2025-03-01,121.718857699345
A,C11,WMF,2025-04-01,127.088276681355
A,C11,WMF,2025-05-01,114.870608805685
A,C11,WMF,2025-06-01,119.193295266209
A,C11,WMF,2025-07-01,109.14225299978
A,C11,WMF,2025-08-01,120.912866580105
A,C11,WMF,2025-09-01,108.378363958088
A,C11,WMF,2025-10-01,103.980154027511
A,C11,WMF,2025-11-01,93.86721162774711
A,C11,WMF,2025-12-01,99.0557510484311
A,C11,WMF,2026-01-01,100.759617291249
A,C11,WMF,2026-02-01,95.6703821636356
A,C11,WMF,2026-03-01,84.9285932920187
A,C11,WMF,2026-04-01,104.513453661784
A,C11,WMF,2026-05-01,101.313733483318
A,C11,WMF,2026-06-01,101.92667994083001
A,C11,WMF,2026-07-01,109.955118574846
A,C12,R,2013-01-01,-33.9
A,C12,R,2013-02-01,-28.8
A,C12,R,2013-03-01,-22.4
A,C12,R,2013-04-01,-29.5
A,C12,R,2013-05-01,-22.9
A,C12,R,2013-06-01,-32.6
A,C12,R,2013-07-01,-9.8
A,C12,R,2013-08-01,-16.4
A,C12,R,2013-09-01,-11.3
A,C12,R,2013-10-01,-27.7
A,C12,R,2013-11-01,-25.6
A,C12,R,2013-12-01,-47.3
A,C12,R,2014-01-01,22.7
A,C12,R,2014-02-01,-5.9
A,C12,R,2014-03-01,0.6
A,C12,R,2014-04-01,-1.4
A,C12,R,2014-05-01,-16.7
A,C12,R,2014-06-01,-2.7
A,C12,R,2014-07-01,12.7
A,C12,R,2014-08-01,18.6
A,C12,R,2014-09-01,4.3
A,C12,R,2014-10-01,13.1
A,C12,R,2014-11-01,12
A,C12,R,2014-12-01,64
A,C12,R,2015-01-01,8.2
A,C12,R,2015-02-01,6.7
A,C12,R,2015-03-01,3.4
A,C12,R,2015-04-01,3.1
A,C12,R,2015-05-01,32.9
A,C12,R,2015-06-01,-1.7
A,C12,R,2015-07-01,-26.2
A,C12,R,2015-08-01,-8.2
A,C12,R,2015-09-01,-16.6
A,C12,R,2015-10-01,-2.5
A,C12,R,2015-11-01,3.7
A,C12,R,2015-12-01,-18.4
A,C12,R,2016-01-01,-15.9
A,C12,R,2016-02-01,-11.7
A,C12,R,2016-03-01,-21.8
A,C12,R,2016-04-01,-8.2
A,C12,R,2016-05-01,-22
A,C12,R,2016-06-01,-0.9
A,C12,R,2016-07-01,10.9
A,C12,R,2016-08-01,-16.8
A,C12,R,2016-09-01,8.8
A,C12,R,2016-10-01,-13.7
A,C12,R,2016-11-01,-21.8
A,C12,R,2016-12-01,8.7
A,C12,R,2017-01-01,-15.1
A,C12,R,2017-02-01,-8.8
A,C12,R,2017-03-01,-12.7
A,C12,R,2017-04-01,-9.5
A,C12,R,2017-05-01,-3.3
A,C12,R,2017-06-01,-5.3
A,C12,R,2017-07-01,-26.9
A,C12,R,2017-08-01,-7.7
A,C12,R,2017-09-01,-10.8
A,C12,R,2017-10-01,5.9
A,C12,R,2017-11-01,9.6
A,C12,R,2017-12-01,33.8
A,C12,R,2018-01-01,8.3
A,C12,R,2018-02-01,15.2
A,C12,R,2018-03-01,36.4
A,C12,R,2018-04-01,12.4
A,C12,R,2018-05-01,87.5
A,C12,R,2018-06-01,9.3
A,C12,R,2018-07-01,34.6
A,C12,R,2018-08-01,24.8
A,C12,R,2018-09-01,11.8
A,C12,R,2018-10-01,-17
A,C12,R,2018-11-01,27.3
A,C12,R,2018-12-01,-33.4
A,C12,R,2019-01-01,10.7
A,C12,R,2019-02-01,-3.1
A,C12,R,2019-03-01,-9.3
A,C12,R,2019-04-01,-2.2
A,C12,R,2019-05-01,-44.5
A,C12,R,2019-06-01,-7
A,C12,R,2019-07-01,-11.6
A,C12,R,2019-08-01,-11.2
A,C12,R,2019-09-01,-7.3
A,C12,R,2019-10-01,18.8
A,C12,R,2019-11-01,-21.4
A,C12,R,2019-12-01,2.8
A,C12,R,2020-01-01,-13.4
A,C12,R,2020-02-01,-17.1
A,C12,R,2020-03-01,-18.1
A,C12,R,2020-04-01,-33.7
A,C12,R,2020-05-01,-19.1
A,C12,R,2020-06-01,-25.3
A,C12,R,2020-07-01,-22
A,C12,R,2020-08-01,-14.4
A,C12,R,2020-09-01,0.2
A,C12,R,2020-10-01,-17.3
A,C12,R,2020-11-01,-28
A,C12,R,2020-12-01,-21.9
A,C12,R,2021-01-01,-18.9
A,C12,R,2021-02-01,-10
A,C12,R,2021-03-01,1.5
A,C12,R,2021-04-01,12.5
A,C12,R,2021-05-01,-4.2
A,C12,R,2021-06-01,-3.7
A,C12,R,2021-07-01,2.3
A,C12,R,2021-08-01,12.2
A,C12,R,2021-09-01,-21.8
A,C12,R,2021-10-01,-3.1
A,C12,R,2021-11-01,22
A,C12,R,2021-12-01,0.8
A,C12,R,2022-01-01,11.8
A,C12,R,2022-02-01,-22.2
A,C12,R,2022-03-01,-0.7
A,C12,R,2022-04-01,17.6
A,C12,R,2022-05-01,33
A,C12,R,2022-06-01,14.5
A,C12,R,2022-07-01,-19.1
A,C12,R,2022-08-01,-17.7
A,C12,R,2022-09-01,28.2
A,C12,R,2022-10-01,-1.4
A,C12,R,2022-11-01,-22.2
A,C12,R,2022-12-01,-1.7
A,C12,R,2023-01-01,-5.2
A,C12,R,2023-02-01,41.5
A,C12,R,2023-03-01,9.1
A,C12,R,2023-04-01,-9.1
A,C12,R,2023-05-01,-13.6
A,C12,R,2023-06-01,-1.4
A,C12,R,2023-07-01,19.6
A,C12,R,2023-08-01,-2
A,C12,R,2023-09-01,-29.7
A,C12,R,2023-10-01,-9.2
A,C12,R,2023-11-01,1.1
A,C12,R,2023-12-01,-14.2
A,C12,R,2024-01-01,-19.7
A,C12,R,2024-02-01,-32.4
A,C12,R,2024-03-01,-41.7
A,C12,R,2024-04-01,-30.9
A,C12,R,2024-05-01,-26.8
A,C12,R,2024-06-01,-18.6
A,C12,R,2024-07-01,13.3
A,C12,R,2024-08-01,-18.4
A,C12,R,2024-09-01,-9.8
A,C12,R,2024-10-01,-16.2
A,C12,R,2024-11-01,-24
A,C12,R,2024-12-01,0.8
A,C12,R,2025-01-01,2
A,C12,R,2025-02-01,12.6
A,C12,R,2025-03-01,12.4
A,C12,R,2025-04-01,8.8
A,C12,R,2025-05-01,-11.2
A,C12,R,2025-06-01,-4.9
A,C12,R,2025-07-01,-22.2
A,C12,R,2025-08-01,20.4
A,C12,R,2025-09-01,-14.8
A,C12,R,2025-10-01,3.6
A,C12,R,2025-11-01,34.4
A,C12,R,2025-12-01,3.6
A,C12,R,2026-01-01,-10.1
A,C12,R,2026-02-01,-2.7
A,C12,R,2026-03-01,-0.4
A,C12,R,2026-04-01,10.9
A,C12,R,2026-05-01,5.2
A,C12,R,2026-06-01,-21.2
A,C12,R,2026-07-01,-15.3
A,C12,WMF,2012-01-01,50.022144225405704
A,C12,WMF,2012-02-01,54.813233676386496
A,C12,WMF,2012-03-01,50.8460514386775
A,C12,WMF,2012-04-01,54.258678774613095
A,C12,WMF,2012-05-01,51.001581050164404
A,C12,WMF,2012-06-01,55.7746290069637
A,C12,WMF,2012-07-01,46.8664596240574
A,C12,WMF,2012-08-01,43.1018830281496
A,C12,WMF,2012-09-01,42.5691827603104
A,C12,WMF,2012-10-01,45.743746379561
A,C12,WMF,2012-11-01,45.4033322875118
A,C12,WMF,2012-12-01,47.788524538183694
A,C12,WMF,2013-01-01,36.5666141480083
A,C12,WMF,2013-02-01,47.614598301622706
A,C12,WMF,2013-03-01,48.69458021622339
A,C12,WMF,2013-04-01,47.3521786540647
A,C12,WMF,2013-05-01,48.8894571350747
A,C12,WMF,2013-06-01,48.6466140802824
A,C12,WMF,2013-07-01,50.3182632321573
A,C12,WMF,2013-08-01,44.9426913559698
A,C12,WMF,2013-09-01,50.1674287741271
A,C12,WMF,2013-10-01,44.4194808774436
A,C12,WMF,2013-11-01,44.2034369474703
A,C12,WMF,2013-12-01,36.2266427126195
A,C12,WMF,2014-01-01,54.8689816060825
A,C12,WMF,2014-02-01,46.9729722125467
A,C12,WMF,2014-03-01,50.8410188428971
A,C12,WMF,2014-04-01,48.448936287726
A,C12,WMF,2014-05-01,43.3577682206231
A,C12,WMF,2014-06-01,47.1395314979358
A,C12,WMF,2014-07-01,61.750595529036595
A,C12,WMF,2014-08-01,56.7918338522976
A,C12,WMF,2014-09-01,51.8440455232975
A,C12,WMF,2014-10-01,50.4304249902254
A,C12,WMF,2014-11-01,52.7316050971751
A,C12,WMF,2014-12-01,52.8658920857015
A,C12,WMF,2015-01-01,52.9687356303412
A,C12,WMF,2015-02-01,46.3736995192993
A,C12,WMF,2015-03-01,46.285579928120704
A,C12,WMF,2015-04-01,46.1620442761833
A,C12,WMF,2015-05-01,51.1119736885749
A,C12,WMF,2015-06-01,43.616275383181296
A,C12,WMF,2015-07-01,42.8336783660866
A,C12,WMF,2015-08-01,47.298288313018595
A,C12,WMF,2015-09-01,42.2075259472913
A,C12,WMF,2015-10-01,47.9337052855187
A,C12,WMF,2015-11-01,48.247093905778
A,C12,WMF,2015-12-01,40.336656103341
A,C12,WMF,2016-01-01,45.790014999798
A,C12,WMF,2016-02-01,45.220911035481805
A,C12,WMF,2016-03-01,42.5449561474851
A,C12,WMF,2016-04-01,46.5060307288428
A,C12,WMF,2016-05-01,45.6725854293962
A,C12,WMF,2016-06-01,49.5364579995132
A,C12,WMF,2016-07-01,51.3797000017408
A,C12,WMF,2016-08-01,44.0785860884316
A,C12,WMF,2016-09-01,49.6028563259932
A,C12,WMF,2016-10-01,43.907295955037306
A,C12,WMF,2016-11-01,42.2500323706165
A,C12,WMF,2016-12-01,49.1300995146183
A,C12,WMF,2017-01-01,42.916208843363904
A,C12,WMF,2017-02-01,45.5443813388692
A,C12,WMF,2017-03-01,38.3115475131357
A,C12,WMF,2017-04-01,44.0554419346388
A,C12,WMF,2017-05-01,43.2232848463863
A,C12,WMF,2017-06-01,43.6576437751436
A,C12,WMF,2017-07-01,39.6041219674517
A,C12,WMF,2017-08-01,41.2109835568317
A,C12,WMF,2017-09-01,43.719233467651
A,C12,WMF,2017-10-01,45.379079842031395
A,C12,WMF,2017-11-01,45.901564127695096
A,C12,WMF,2017-12-01,73.8459684227078
A,C12,WMF,2018-01-01,46.7877152250573
A,C12,WMF,2018-02-01,48.1134665232818
A,C12,WMF,2018-03-01,51.751169680395094
A,C12,WMF,2018-04-01,48.5302991062076
A,C12,WMF,2018-05-01,85.1081749474694
A,C12,WMF,2018-06-01,52.175649307851906
A,C12,WMF,2018-07-01,52.3489228398253
A,C12,WMF,2018-08-01,51.9092762416508
A,C12,WMF,2018-09-01,51.8123443421226
A,C12,WMF,2018-10-01,38.935601011534104
A,C12,WMF,2018-11-01,61.1955235542399
A,C12,WMF,2018-12-01,47.70634008697299
A,C12,WMF,2019-01-01,54.1178389774892
A,C12,WMF,2019-02-01,54.429555248536495
A,C12,WMF,2019-03-01,51.7543655859067
A,C12,WMF,2019-04-01,55.2155237427648
A,C12,WMF,2019-05-01,49.2907502397933
A,C12,WMF,2019-06-01,49.7047014212948
A,C12,WMF,2019-07-01,50.376272352962005
A,C12,WMF,2019-08-01,44.9593955521266
A,C12,WMF,2019-09-01,47.1268366353985
A,C12,WMF,2019-10-01,47.6558157598518
A,C12,WMF,2019-11-01,45.062101841868
A,C12,WMF,2019-12-01,44.9095151970871
A,C12,WMF,2020-01-01,39.799546999478494
A,C12,WMF,2020-02-01,37.0961477181271
A,C12,WMF,2020-03-01,36.796733555818996
A,C12,WMF,2020-04-01,31.6366715429855
A,C12,WMF,2020-05-01,34.085649515152404
A,C12,WMF,2020-06-01,32.553941147790496
A,C12,WMF,2020-07-01,33.4887006094591
A,C12,WMF,2020-08-01,36.8322350852356
A,C12,WMF,2020-09-01,41.4450056080077
A,C12,WMF,2020-10-01,34.5405912834187
A,C12,WMF,2020-11-01,27.2949235725772
A,C12,WMF,2020-12-01,34.065310306865996
A,C12,WMF,2021-01-01,32.647536605941
A,C12,WMF,2021-02-01,34.465280504977706
A,C12,WMF,2021-03-01,37.4375704891512
A,C12,WMF,2021-04-01,33.7572353620391
A,C12,WMF,2021-05-01,33.4426824238795
A,C12,WMF,2021-06-01,32.2152687857021
A,C12,WMF,2021-07-01,32.3380772847621
A,C12,WMF,2021-08-01,36.7543339614911
A,C12,WMF,2021-09-01,33.178841296064
A,C12,WMF,2021-10-01,34.9640034994148
A,C12,WMF,2021-11-01,36.7113289999325
A,C12,WMF,2021-12-01,34.0648583040914
A,C12,WMF,2022-01-01,37.7282012463468
A,C12,WMF,2022-02-01,27.231825001762598
A,C12,WMF,2022-03-01,34.322431724009704
A,C12,WMF,2022-04-01,38.0434618099722
A,C12,WMF,2022-05-01,43.1571223183759
A,C12,WMF,2022-06-01,36.439501838425
A,C12,WMF,2022-07-01,34.7165433879287
A,C12,WMF,2022-08-01,33.251407695222
A,C12,WMF,2022-09-01,45.1000484285394
A,C12,WMF,2022-10-01,34.8534232231181
A,C12,WMF,2022-11-01,28.8134624749484
A,C12,WMF,2022-12-01,34.8037169352391
A,C12,WMF,2023-01-01,35.6034529956223
A,C12,WMF,2023-02-01,35.4330241757795
A,C12,WMF,2023-03-01,38.123271653174996
A,C12,WMF,2023-04-01,34.398470874068096
A,C12,WMF,2023-05-01,36.9863348783102
A,C12,WMF,2023-06-01,33.8504483081148
A,C12,WMF,2023-07-01,31.9791977042297
A,C12,WMF,2023-08-01,30.885615307652998
A,C12,WMF,2023-09-01,29.8468986616263
A,C12,WMF,2023-10-01,29.2711643347086
A,C12,WMF,2023-11-01,27.4330981548567
A,C12,WMF,2023-12-01,28.1767251443897
A,C12,WMF,2024-01-01,26.095288714393
A,C12,WMF,2024-02-01,25.5733733757735
A,C12,WMF,2024-03-01,23.551184009836497
A,C12,WMF,2024-04-01,26.9209584698877
A,C12,WMF,2024-05-01,29.000244283220802
A,C12,WMF,2024-06-01,30.201416189687798
A,C12,WMF,2024-07-01,37.077696647741696
A,C12,WMF,2024-08-01,26.5170944134417
A,C12,WMF,2024-09-01,26.373358231704298
A,C12,WMF,2024-10-01,24.8300985024837
A,C12,WMF,2024-11-01,19.7261499449968
A,C12,WMF,2024-12-01,26.2463165238139
A,C12,WMF,2025-01-01,29.008312343161002
A,C12,WMF,2025-02-01,30.5322628447812
A,C12,WMF,2025-03-01,27.0066991551034
A,C12,WMF,2025-04-01,28.1068542948808
A,C12,WMF,2025-05-01,24.4340666625961
A,C12,WMF,2025-06-01,27.2770041271649
A,C12,WMF,2025-07-01,28.4039128168958
A,C12,WMF,2025-08-01,33.6808347910937
A,C12,WMF,2025-09-01,25.2438417307185
A,C12,WMF,2025-10-01,28.160093917297502
A,C12,WMF,2025-11-01,29.8072684736444
A,C12,WMF,2025-12-01,29.9247283312696
A,C12,WMF,2026-01-01,24.792352924832898
A,C12,WMF,2026-02-01,24.6700552042382
A,C12,WMF,2026-03-01,26.2732321904314
A,C12,WMF,2026-04-01,31.3209242285971
A,C12,WMF,2026-05-01,24.8722648126895
A,C12,WMF,2026-06-01,23.2222380551807
A,C12,WMF,2026-07-01,24.8863300174212
A,C13,R,2013-01-01,-2.4
A,C13,R,2013-02-01,-0.9
A,C13,R,2013-03-01,-1.5
A,C13,R,2013-04-01,-3.5
A,C13,R,2013-05-01,-3
A,C13,R,2013-06-01,0.6
A,C13,R,2013-07-01,-1.5
A,C13,R,2013-08-01,-2.6
A,C13,R,2013-09-01,1.7
A,C13,R,2013-10-01,-0.2
A,C13,R,2013-11-01,0.2
A,C13,R,2013-12-01,8.8
A,C13,R,2014-01-01,3.5
A,C13,R,2014-02-01,2.8
A,C13,R,2014-03-01,3.5
A,C13,R,2014-04-01,5.9
A,C13,R,2014-05-01,10.5
A,C13,R,2014-06-01,1.3
A,C13,R,2014-07-01,3.1
A,C13,R,2014-08-01,15.7
A,C13,R,2014-09-01,10.9
A,C13,R,2014-10-01,8.8
A,C13,R,2014-11-01,10.3
A,C13,R,2014-12-01,-1.6
A,C13,R,2015-01-01,-3.8
A,C13,R,2015-02-01,-2.8
A,C13,R,2015-03-01,0.1
A,C13,R,2015-04-01,1.5
A,C13,R,2015-05-01,-5.7
A,C13,R,2015-06-01,2.6
A,C13,R,2015-07-01,-9
A,C13,R,2015-08-01,-9.1
A,C13,R,2015-09-01,-9.7
A,C13,R,2015-10-01,-8.3
A,C13,R,2015-11-01,-13.1
A,C13,R,2015-12-01,-11.2
A,C13,R,2016-01-01,-3.9
A,C13,R,2016-02-01,-2
A,C13,R,2016-03-01,-8.5
A,C13,R,2016-04-01,-8.6
A,C13,R,2016-05-01,-4.9
A,C13,R,2016-06-01,-7
A,C13,R,2016-07-01,6.6
A,C13,R,2016-08-01,-6.8
A,C13,R,2016-09-01,-0.3
A,C13,R,2016-10-01,-4
A,C13,R,2016-11-01,0.7
A,C13,R,2016-12-01,1.9
A,C13,R,2017-01-01,2
A,C13,R,2017-02-01,0.5
A,C13,R,2017-03-01,4.6
A,C13,R,2017-04-01,-0.1
A,C13,R,2017-05-01,2.7
A,C13,R,2017-06-01,2.4
A,C13,R,2017-07-01,-6.8
A,C13,R,2017-08-01,3.4
A,C13,R,2017-09-01,-0.7
A,C13,R,2017-10-01,-0.9
A,C13,R,2017-11-01,0.8
A,C13,R,2017-12-01,12.3
A,C13,R,2018-01-01,3.3
A,C13,R,2018-02-01,-2.9
A,C13,R,2018-03-01,4.3
A,C13,R,2018-04-01,0.6
A,C13,R,2018-05-01,-2.5
A,C13,R,2018-06-01,3
A,C13,R,2018-07-01,5.1
A,C13,R,2018-08-01,0.2
A,C13,R,2018-09-01,-4.5
A,C13,R,2018-10-01,1.7
A,C13,R,2018-11-01,-4.7
A,C13,R,2018-12-01,-14.4
A,C13,R,2019-01-01,-9.4
A,C13,R,2019-02-01,0.7
A,C13,R,2019-03-01,-11
A,C13,R,2019-04-01,0.6
A,C13,R,2019-05-01,-3.8
A,C13,R,2019-06-01,-10.9
A,C13,R,2019-07-01,-4.5
A,C13,R,2019-08-01,-8.2
A,C13,R,2019-09-01,-0.5
A,C13,R,2019-10-01,-3.7
A,C13,R,2019-11-01,-0.8
A,C13,R,2019-12-01,-2.3
A,C13,R,2020-01-01,2.9
A,C13,R,2020-02-01,-5.1
A,C13,R,2020-03-01,-4.9
A,C13,R,2020-04-01,-25.8
A,C13,R,2020-05-01,-19.4
A,C13,R,2020-06-01,-4.4
A,C13,R,2020-07-01,-6.9
A,C13,R,2020-08-01,5.7
A,C13,R,2020-09-01,-6.2
A,C13,R,2020-10-01,-3.8
A,C13,R,2020-11-01,-7.1
A,C13,R,2020-12-01,2.4
A,C13,R,2021-01-01,-9
A,C13,R,2021-02-01,-9.2
A,C13,R,2021-03-01,-2
A,C13,R,2021-04-01,22.8
A,C13,R,2021-05-01,9.2
A,C13,R,2021-06-01,-2.9
A,C13,R,2021-07-01,-1.6
A,C13,R,2021-08-01,-13.1
A,C13,R,2021-09-01,-7
A,C13,R,2021-10-01,-7.7
A,C13,R,2021-11-01,-1.5
A,C13,R,2021-12-01,-7.5
A,C13,R,2022-01-01,5.8
A,C13,R,2022-02-01,0.9
A,C13,R,2022-03-01,-2.6
A,C13,R,2022-04-01,-5.3
A,C13,R,2022-05-01,6
A,C13,R,2022-06-01,5.3
A,C13,R,2022-07-01,-2.8
A,C13,R,2022-08-01,-2.3
A,C13,R,2022-09-01,9
A,C13,R,2022-10-01,2
A,C13,R,2022-11-01,1.4
A,C13,R,2022-12-01,-4.7
A,C13,R,2023-01-01,-6.5
A,C13,R,2023-02-01,-1
A,C13,R,2023-03-01,-3.9
A,C13,R,2023-04-01,-6.7
A,C13,R,2023-05-01,-11
A,C13,R,2023-06-01,-16.2
A,C13,R,2023-07-01,-10.4
A,C13,R,2023-08-01,-7.5
A,C13,R,2023-09-01,-15.9
A,C13,R,2023-10-01,-16.7
A,C13,R,2023-11-01,-14.4
A,C13,R,2023-12-01,-13.7
A,C13,R,2024-01-01,-15.8
A,C13,R,2024-02-01,-15
A,C13,R,2024-03-01,-7.1
A,C13,R,2024-04-01,-9.1
A,C13,R,2024-05-01,-6.6
A,C13,R,2024-06-01,0.4
A,C13,R,2024-07-01,-4.4
A,C13,R,2024-08-01,-3.2
A,C13,R,2024-09-01,-5.6
A,C13,R,2024-10-01,1.5
A,C13,R,2024-11-01,-9.2
A,C13,R,2024-12-01,-5.8
A,C13,R,2025-01-01,-6.5
A,C13,R,2025-02-01,-0.6
A,C13,R,2025-03-01,-13.6
A,C13,R,2025-04-01,3.3
A,C13,R,2025-05-01,-17.2
A,C13,R,2025-06-01,-16
A,C13,R,2025-07-01,-12
A,C13,R,2025-08-01,-8.2
A,C13,R,2025-09-01,-16.7
A,C13,R,2025-10-01,-11.9
A,C13,R,2025-11-01,-8
A,C13,R,2025-12-01,-8.7
A,C13,R,2026-01-01,-1
A,C13,R,2026-02-01,-13.9
A,C13,R,2026-03-01,-6.3
A,C13,R,2026-04-01,-20.5
A,C13,R,2026-05-01,1
A,C13,R,2026-06-01,-3.8
A,C13,R,2026-07-01,-5.4
A,C13,WMF,2012-01-01,101.369013848929
A,C13,WMF,2012-02-01,101.281745749727
A,C13,WMF,2012-03-01,103.18273654841299
A,C13,WMF,2012-04-01,103.21543109015
A,C13,WMF,2012-05-01,101.744131660064
A,C13,WMF,2012-06-01,101.28009856957101
A,C13,WMF,2012-07-01,102.458095118083
A,C13,WMF,2012-08-01,98.2860948145602
A,C13,WMF,2012-09-01,96.9885883675391
A,C13,WMF,2012-10-01,99.6435738874241
A,C13,WMF,2012-11-01,99.31202074678791
A,C13,WMF,2012-12-01,97.2436833286964
A,C13,WMF,2013-01-01,99.7581711082454
A,C13,WMF,2013-02-01,100.83682729262
A,C13,WMF,2013-03-01,97.9607572646462
A,C13,WMF,2013-04-01,99.46041624214419
A,C13,WMF,2013-05-01,98.69961036304339
A,C13,WMF,2013-06-01,101.52880771630201
A,C13,WMF,2013-07-01,101.525775939132
A,C13,WMF,2013-08-01,96.4238206871941
A,C13,WMF,2013-09-01,98.26880192374571
A,C13,WMF,2013-10-01,97.60004132910129
A,C13,WMF,2013-11-01,100.811847790323
A,C13,WMF,2013-12-01,104.550585108112
A,C13,WMF,2014-01-01,100.82126217810699
A,C13,WMF,2014-02-01,99.0048866135662
A,C13,WMF,2014-03-01,102.601752839846
A,C13,WMF,2014-04-01,99.1511375519494
A,C13,WMF,2014-05-01,103.798669261252
A,C13,WMF,2014-06-01,99.3729565339019
A,C13,WMF,2014-07-01,100.227286963573
A,C13,WMF,2014-08-01,110.023500988112
A,C13,WMF,2014-09-01,108.29432457319801
A,C13,WMF,2014-10-01,108.705863932277
A,C13,WMF,2014-11-01,113.071711665564
A,C13,WMF,2014-12-01,106.85299589060199
A,C13,WMF,2015-01-01,93.95020257453629
A,C13,WMF,2015-02-01,91.3693389793596
A,C13,WMF,2015-03-01,97.6983450169959
A,C13,WMF,2015-04-01,98.7946800190323
A,C13,WMF,2015-05-01,94.12100705691441
A,C13,WMF,2015-06-01,97.2150587979655
A,C13,WMF,2015-07-01,87.9546103797814
A,C13,WMF,2015-08-01,93.8650889838525
A,C13,WMF,2015-09-01,92.51969976819441
A,C13,WMF,2015-10-01,92.3720952677675
A,C13,WMF,2015-11-01,89.7738649737445
A,C13,WMF,2015-12-01,85.34303361908991
A,C13,WMF,2016-01-01,89.72159285154571
A,C13,WMF,2016-02-01,91.5216463961149
A,C13,WMF,2016-03-01,89.87629086799329
A,C13,WMF,2016-04-01,93.4992363302058
A,C13,WMF,2016-05-01,89.9511927973766
A,C13,WMF,2016-06-01,89.42529954739601
A,C13,WMF,2016-07-01,92.8708973547244
A,C13,WMF,2016-08-01,86.7692706856893
A,C13,WMF,2016-09-01,90.1245344159707
A,C13,WMF,2016-10-01,88.4307201663713
A,C13,WMF,2016-11-01,88.6519745385503
A,C13,WMF,2016-12-01,87.7187271326227
A,C13,WMF,2017-01-01,88.6350558668142
A,C13,WMF,2017-02-01,89.83325812633669
A,C13,WMF,2017-03-01,90.2865252195047
A,C13,WMF,2017-04-01,88.2825188929607
A,C13,WMF,2017-05-01,92.2862818213181
A,C13,WMF,2017-06-01,89.5017132206084
A,C13,WMF,2017-07-01,85.569591588688
A,C13,WMF,2017-08-01,91.65203261372089
A,C13,WMF,2017-09-01,91.1008984284454
A,C13,WMF,2017-10-01,88.06583661997169
A,C13,WMF,2017-11-01,91.2285566240504
A,C13,WMF,2017-12-01,101.383300575182
A,C13,WMF,2018-01-01,95.1601892803113
A,C13,WMF,2018-02-01,90.28237078217269
A,C13,WMF,2018-03-01,96.9875475293706
A,C13,WMF,2018-04-01,93.9303713861681
A,C13,WMF,2018-05-01,93.7114704696686
A,C13,WMF,2018-06-01,95.7788862404868
A,C13,WMF,2018-07-01,92.9407483668393
A,C13,WMF,2018-08-01,91.88532657591469
A,C13,WMF,2018-09-01,87.108938388045
A,C13,WMF,2018-10-01,90.5676137624681
A,C13,WMF,2018-11-01,88.2083856791472
A,C13,WMF,2018-12-01,86.50285417698879
A,C13,WMF,2019-01-01,85.1602867783313
A,C13,WMF,2019-02-01,88.4312540784204
A,C13,WMF,2019-03-01,85.77140957180899
A,C13,WMF,2019-04-01,93.4515616206029
A,C13,WMF,2019-05-01,87.4129045376927
A,C13,WMF,2019-06-01,84.19877320881339
A,C13,WMF,2019-07-01,87.56325091905309
A,C13,WMF,2019-08-01,84.2686552977027
A,C13,WMF,2019-09-01,86.0314386701122
A,C13,WMF,2019-10-01,85.3929373882353
A,C13,WMF,2019-11-01,84.476017922455
A,C13,WMF,2019-12-01,84.989798428508
A,C13,WMF,2020-01-01,86.1930838141537
A,C13,WMF,2020-02-01,84.48288605951349
A,C13,WMF,2020-03-01,80.16878146332
A,C13,WMF,2020-04-01,67.41413358772101
A,C13,WMF,2020-05-01,70.61954000399659
A,C13,WMF,2020-06-01,79.4116843236354
A,C13,WMF,2020-07-01,81.4682841297231
A,C13,WMF,2020-08-01,88.6074659333617
A,C13,WMF,2020-09-01,81.1468625809127
A,C13,WMF,2020-10-01,82.2259180766913
A,C13,WMF,2020-11-01,79.6551253494971
A,C13,WMF,2020-12-01,89.39655371285019
A,C13,WMF,2021-01-01,76.77723875892579
A,C13,WMF,2021-02-01,74.9405703264321
A,C13,WMF,2021-03-01,79.5318353582233
A,C13,WMF,2021-04-01,84.13034865844031
A,C13,WMF,2021-05-01,76.1805181869275
A,C13,WMF,2021-06-01,78.3507996587873
A,C13,WMF,2021-07-01,78.253477671526
A,C13,WMF,2021-08-01,76.5320244978439
A,C13,WMF,2021-09-01,75.41986057324759
A,C13,WMF,2021-10-01,76.7929202221927
A,C13,WMF,2021-11-01,78.4882618651991
A,C13,WMF,2021-12-01,76.4784914436174
A,C13,WMF,2022-01-01,81.5590832893487
A,C13,WMF,2022-02-01,77.2221657748981
A,C13,WMF,2022-03-01,76.615836354582
A,C13,WMF,2022-04-01,79.2396444357541
A,C13,WMF,2022-05-01,80.5714396691908
A,C13,WMF,2022-06-01,81.1224549411032
A,C13,WMF,2022-07-01,78.9302215524986
A,C13,WMF,2022-08-01,77.2863126536162
A,C13,WMF,2022-09-01,81.4531835021096
A,C13,WMF,2022-10-01,78.2469507020446
A,C13,WMF,2022-11-01,80.55903149868969
A,C13,WMF,2022-12-01,80.591791153429
A,C13,WMF,2023-01-01,80.6859869604461
A,C13,WMF,2023-02-01,80.74598979218591
A,C13,WMF,2023-03-01,77.43899572343079
A,C13,WMF,2023-04-01,76.27806586477999
A,C13,WMF,2023-05-01,75.7083901874423
A,C13,WMF,2023-06-01,72.8049210849164
A,C13,WMF,2023-07-01,74.5976623223645
A,C13,WMF,2023-08-01,75.1718951590642
A,C13,WMF,2023-09-01,72.63118279215
A,C13,WMF,2023-10-01,68.952110557678
A,C13,WMF,2023-11-01,71.2488603377371
A,C13,WMF,2023-12-01,72.56959318056231
A,C13,WMF,2024-01-01,69.192182696525
A,C13,WMF,2024-02-01,67.7006410214258
A,C13,WMF,2024-03-01,72.41002959422681
A,C13,WMF,2024-04-01,69.9478275343626
A,C13,WMF,2024-05-01,70.1530328919681
A,C13,WMF,2024-06-01,71.6688825367059
A,C13,WMF,2024-07-01,69.6877698728935
A,C13,WMF,2024-08-01,70.12892308474531
A,C13,WMF,2024-09-01,68.9121206132718
A,C13,WMF,2024-10-01,69.8299837990705
A,C13,WMF,2024-11-01,66.1119520286305
A,C13,WMF,2024-12-01,62.4482098328345
A,C13,WMF,2025-01-01,65.9192343865779
A,C13,WMF,2025-02-01,70.07597510289439
A,C13,WMF,2025-03-01,64.9391690837882
A,C13,WMF,2025-04-01,73.96494339045461
A,C13,WMF,2025-05-01,59.7920412006545
A,C13,WMF,2025-06-01,62.926902091414306
A,C13,WMF,2025-07-01,62.839034958156
A,C13,WMF,2025-08-01,68.1200035297842
A,C13,WMF,2025-09-01,58.128614777001296
A,C13,WMF,2025-10-01,61.981995964563
A,C13,WMF,2025-11-01,60.8508404612126
A,C13,WMF,2025-12-01,56.8241405990012
A,C13,WMF,2026-01-01,63.947609384074
A,C13,WMF,2026-02-01,59.1600468493113
A,C13,WMF,2026-03-01,59.0202790148563
A,C13,WMF,2026-04-01,57.593484625386296
A,C13,WMF,2026-05-01,58.749334490794304
A,C13,WMF,2026-06-01,58.3119406423192
A,C13,WMF,2026-07-01,57.577754317136396
A,C14,R,2013-01-01,-5
A,C14,R,2013-02-01,-8
A,C14,R,2013-03-01,1.7
A,C14,R,2013-04-01,8.4
A,C14,R,2013-05-01,-10.1
A,C14,R,2013-06-01,-5.2
A,C14,R,2013-07-01,-10.7
A,C14,R,2013-08-01,-16.5
A,C14,R,2013-09-01,0.4
A,C14,R,2013-10-01,2
A,C14,R,2013-11-01,5.3
A,C14,R,2013-12-01,-2.1
A,C14,R,2014-01-01,12.5
A,C14,R,2014-02-01,4.9
A,C14,R,2014-03-01,-5.6
A,C14,R,2014-04-01,1.3
A,C14,R,2014-05-01,9
A,C14,R,2014-06-01,1.3
A,C14,R,2014-07-01,-0.6
A,C14,R,2014-08-01,6.3
A,C14,R,2014-09-01,0.1
A,C14,R,2014-10-01,-4.5
A,C14,R,2014-11-01,-2.8
A,C14,R,2014-12-01,6
A,C14,R,2015-01-01,-9.5
A,C14,R,2015-02-01,-2.1
A,C14,R,2015-03-01,12.4
A,C14,R,2015-04-01,0.5
A,C14,R,2015-05-01,2.2
A,C14,R,2015-06-01,6.8
A,C14,R,2015-07-01,13.8
A,C14,R,2015-08-01,12.5
A,C14,R,2015-09-01,13.4
A,C14,R,2015-10-01,19.4
A,C14,R,2015-11-01,18.5
A,C14,R,2015-12-01,14.7
A,C14,R,2016-01-01,23.9
A,C14,R,2016-02-01,15.8
A,C14,R,2016-03-01,12.1
A,C14,R,2016-04-01,17.6
A,C14,R,2016-05-01,17.2
A,C14,R,2016-06-01,9.6
A,C14,R,2016-07-01,3.7
A,C14,R,2016-08-01,8.6
A,C14,R,2016-09-01,3.9
A,C14,R,2016-10-01,16.3
A,C14,R,2016-11-01,9.3
A,C14,R,2016-12-01,18.6
A,C14,R,2017-01-01,0.3
A,C14,R,2017-02-01,6.8
A,C14,R,2017-03-01,6.2
A,C14,R,2017-04-01,6.1
A,C14,R,2017-05-01,5.7
A,C14,R,2017-06-01,18.1
A,C14,R,2017-07-01,19.7
A,C14,R,2017-08-01,15.8
A,C14,R,2017-09-01,23.9
A,C14,R,2017-10-01,10.9
A,C14,R,2017-11-01,17.2
A,C14,R,2017-12-01,18.7
A,C14,R,2018-01-01,30.6
A,C14,R,2018-02-01,13.2
A,C14,R,2018-03-01,24.2
A,C14,R,2018-04-01,30.4
A,C14,R,2018-05-01,32.1
A,C14,R,2018-06-01,21
A,C14,R,2018-07-01,20.2
A,C14,R,2018-08-01,22
A,C14,R,2018-09-01,14.6
A,C14,R,2018-10-01,11.9
A,C14,R,2018-11-01,11.8
A,C14,R,2018-12-01,2.1
A,C14,R,2019-01-01,10.9
A,C14,R,2019-02-01,14.8
A,C14,R,2019-03-01,1
A,C14,R,2019-04-01,2.9
A,C14,R,2019-05-01,-0.1
A,C14,R,2019-06-01,1
A,C14,R,2019-07-01,8.8
A,C14,R,2019-08-01,-2
A,C14,R,2019-09-01,3.3
A,C14,R,2019-10-01,8.3
A,C14,R,2019-11-01,3.5
A,C14,R,2019-12-01,12.8
A,C14,R,2020-01-01,7.4
A,C14,R,2020-02-01,13.1
A,C14,R,2020-03-01,-7.3
A,C14,R,2020-04-01,-32.7
A,C14,R,2020-05-01,-15.9
A,C14,R,2020-06-01,5
A,C14,R,2020-07-01,-0.3
A,C14,R,2020-08-01,7.1
A,C14,R,2020-09-01,6.7
A,C14,R,2020-10-01,1
A,C14,R,2020-11-01,9.1
A,C14,R,2020-12-01,0.3
A,C14,R,2021-01-01,-2.1
A,C14,R,2021-02-01,17.4
A,C14,R,2021-03-01,36.6
A,C14,R,2021-04-01,60.7
A,C14,R,2021-05-01,41.2
A,C14,R,2021-06-01,8.2
A,C14,R,2021-07-01,11.1
A,C14,R,2021-08-01,5.4
A,C14,R,2021-09-01,6.2
A,C14,R,2021-10-01,9.3
A,C14,R,2021-11-01,10.4
A,C14,R,2021-12-01,7.4
A,C14,R,2022-01-01,1.7
A,C14,R,2022-02-01,-7.1
A,C14,R,2022-03-01,-1.7
A,C14,R,2022-04-01,8.1
A,C14,R,2022-05-01,2.7
A,C14,R,2022-06-01,10.9
A,C14,R,2022-07-01,3.1
A,C14,R,2022-08-01,6.1
A,C14,R,2022-09-01,-0.9
A,C14,R,2022-10-01,5.4
A,C14,R,2022-11-01,-6.3
A,C14,R,2022-12-01,0.1
A,C14,R,2023-01-01,4.8
A,C14,R,2023-02-01,3.1
A,C14,R,2023-03-01,-0.3
A,C14,R,2023-04-01,5.7
A,C14,R,2023-05-01,0.2
A,C14,R,2023-06-01,2
A,C14,R,2023-07-01,3.9
A,C14,R,2023-08-01,6.1
A,C14,R,2023-09-01,4.9
A,C14,R,2023-10-01,-5.8
A,C14,R,2023-11-01,6.4
A,C14,R,2023-12-01,8.2
A,C14,R,2024-01-01,5.7
A,C14,R,2024-02-01,-5.9
A,C14,R,2024-03-01,1.8
A,C14,R,2024-04-01,-6.6
A,C14,R,2024-05-01,-8
A,C14,R,2024-06-01,-9.5
A,C14,R,2024-07-01,-8.5
A,C14,R,2024-08-01,-2.7
A,C14,R,2024-09-01,5.2
A,C14,R,2024-10-01,9.6
A,C14,R,2024-11-01,2.2
A,C14,R,2024-12-01,8.3
A,C14,R,2025-01-01,4.6
A,C14,R,2025-02-01,12.4
A,C14,R,2025-03-01,11
A,C14,R,2025-04-01,7.8
A,C14,R,2025-05-01,11
A,C14,R,2025-06-01,2.6
A,C14,R,2025-07-01,9.5
A,C14,R,2025-08-01,-1.6
A,C14,R,2025-09-01,0.3
A,C14,R,2025-10-01,-1.4
A,C14,R,2025-11-01,-1.7
A,C14,R,2025-12-01,-13.8
A,C14,R,2026-01-01,-3.1
A,C14,R,2026-02-01,-10.5
A,C14,R,2026-03-01,-14.1
A,C14,R,2026-04-01,-5
A,C14,R,2026-05-01,-6.7
A,C14,R,2026-06-01,-3.7
A,C14,R,2026-07-01,-9.2
A,C14,WMF,2012-01-01,109.16596173719799
A,C14,WMF,2012-02-01,114.639852019814
A,C14,WMF,2012-03-01,111.66980985724699
A,C14,WMF,2012-04-01,106.432014631124
A,C14,WMF,2012-05-01,114.086883136935
A,C14,WMF,2012-06-01,112.742301487758
A,C14,WMF,2012-07-01,121.690250348493
A,C14,WMF,2012-08-01,120.388600348324
A,C14,WMF,2012-09-01,113.014160179085
A,C14,WMF,2012-10-01,114.508135596068
A,C14,WMF,2012-11-01,110.178675140325
A,C14,WMF,2012-12-01,106.85374848341199
A,C14,WMF,2013-01-01,111.651830176625
A,C14,WMF,2013-02-01,112.728904925727
A,C14,WMF,2013-03-01,117.55261418297499
A,C14,WMF,2013-04-01,119.901896912451
A,C14,WMF,2013-05-01,111.733132056204
A,C14,WMF,2013-06-01,116.93720208187699
A,C14,WMF,2013-07-01,111.9333845959
A,C14,WMF,2013-08-01,105.806992832404
A,C14,WMF,2013-09-01,111.466802774344
A,C14,WMF,2013-10-01,111.371568150252
A,C14,WMF,2013-11-01,108.995327981914
A,C14,WMF,2013-12-01,103.04459600703099
A,C14,WMF,2014-01-01,112.34559187485
A,C14,WMF,2014-02-01,112.19786753811199
A,C14,WMF,2014-03-01,104.495758034441
A,C14,WMF,2014-04-01,110.75109342394599
A,C14,WMF,2014-05-01,109.250116544661
A,C14,WMF,2014-06-01,111.68137587694899
A,C14,WMF,2014-07-01,110.484088121486
A,C14,WMF,2014-08-01,113.355840410198
A,C14,WMF,2014-09-01,113.602015135238
A,C14,WMF,2014-10-01,106.73491040174501
A,C14,WMF,2014-11-01,109.495572533979
A,C14,WMF,2014-12-01,108.198900919395
A,C14,WMF,2015-01-01,100.337982262567
A,C14,WMF,2015-02-01,107.21476906715401
A,C14,WMF,2015-03-01,110.931494648837
A,C14,WMF,2015-04-01,105.29900525655
A,C14,WMF,2015-05-01,108.869397142146
A,C14,WMF,2015-06-01,109.528045234326
A,C14,WMF,2015-07-01,113.226134978475
A,C14,WMF,2015-08-01,115.003201942424
A,C14,WMF,2015-09-01,114.042266105401
A,C14,WMF,2015-10-01,112.883266922014
A,C14,WMF,2015-11-01,115.277136460003
A,C14,WMF,2015-12-01,111.76657787284701
A,C14,WMF,2016-01-01,118.45261338302299
A,C14,WMF,2016-02-01,116.766324165106
A,C14,WMF,2016-03-01,118.567327128733
A,C14,WMF,2016-04-01,119.139050409519
A,C14,WMF,2016-05-01,121.67197016109499
A,C14,WMF,2016-06-01,114.94887869766801
A,C14,WMF,2016-07-01,113.27238694809499
A,C14,WMF,2016-08-01,128.655840422828
A,C14,WMF,2016-09-01,131.066647372315
A,C14,WMF,2016-10-01,153.344490746974
A,C14,WMF,2016-11-01,147.495146506569
A,C14,WMF,2016-12-01,155.419606710759
A,C14,WMF,2017-01-01,140.760345886517
A,C14,WMF,2017-02-01,152.366400889311
A,C14,WMF,2017-03-01,158.565226582553
A,C14,WMF,2017-04-01,161.52467849109598
A,C14,WMF,2017-05-01,162.443499258655
A,C14,WMF,2017-06-01,176.415268171453
A,C14,WMF,2017-07-01,172.802804596105
A,C14,WMF,2017-08-01,178.116122087174
A,C14,WMF,2017-09-01,185.241907183484
A,C14,WMF,2017-10-01,191.905167147864
A,C14,WMF,2017-11-01,191.368950363364
A,C14,WMF,2017-12-01,211.51008343384902
A,C14,WMF,2018-01-01,203.466471339236
A,C14,WMF,2018-02-01,189.828262940154
A,C14,WMF,2018-03-01,211.132995049052
A,C14,WMF,2018-04-01,218.154317588133
A,C14,WMF,2018-05-01,220.991628626196
A,C14,WMF,2018-06-01,218.56075663982799
A,C14,WMF,2018-07-01,212.373131824453
A,C14,WMF,2018-08-01,222.924152361069
A,C14,WMF,2018-09-01,215.820417303783
A,C14,WMF,2018-10-01,217.150419031425
A,C14,WMF,2018-11-01,219.067574435368
A,C14,WMF,2018-12-01,214.98351917901599
A,C14,WMF,2019-01-01,224.60755933674
A,C14,WMF,2019-02-01,211.636643768311
A,C14,WMF,2019-03-01,211.32617099953202
A,C14,WMF,2019-04-01,228.391372009105
A,C14,WMF,2019-05-01,230.813584979034
A,C14,WMF,2019-06-01,222.937258144737
A,C14,WMF,2019-07-01,236.480423062636
A,C14,WMF,2019-08-01,226.17207878411202
A,C14,WMF,2019-09-01,231.24322309565898
A,C14,WMF,2019-10-01,233.873315399481
A,C14,WMF,2019-11-01,224.802599196725
A,C14,WMF,2019-12-01,237.199349896359
A,C14,WMF,2020-01-01,234.276410545607
A,C14,WMF,2020-02-01,226.880708128761
A,C14,WMF,2020-03-01,191.146281168246
A,C14,WMF,2020-04-01,149.772821525899
A,C14,WMF,2020-05-01,193.707856391842
A,C14,WMF,2020-06-01,234.413597288057
A,C14,WMF,2020-07-01,234.292383864709
A,C14,WMF,2020-08-01,236.342981159497
A,C14,WMF,2020-09-01,241.28223325356998
A,C14,WMF,2020-10-01,235.066889500397
A,C14,WMF,2020-11-01,238.016287791576
A,C14,WMF,2020-12-01,227.792929851883
A,C14,WMF,2021-01-01,223.126817343029
A,C14,WMF,2021-02-01,260.570123007436
A,C14,WMF,2021-03-01,251.509564942546
A,C14,WMF,2021-04-01,229.107019388358
A,C14,WMF,2021-05-01,246.17187278339202
A,C14,WMF,2021-06-01,231.809709774578
A,C14,WMF,2021-07-01,238.23251468130698
A,C14,WMF,2021-08-01,228.67382623689
A,C14,WMF,2021-09-01,229.813374180089
A,C14,WMF,2021-10-01,232.162655507824
A,C14,WMF,2021-11-01,243.708134151909
A,C14,WMF,2021-12-01,232.621178047726
A,C14,WMF,2022-01-01,224.274542689516
A,C14,WMF,2022-02-01,239.547728454882
A,C14,WMF,2022-03-01,236.413363789182
A,C14,WMF,2022-04-01,240.218637353654
A,C14,WMF,2022-05-01,244.34105985875698
A,C14,WMF,2022-06-01,246.20750387836998
A,C14,WMF,2022-07-01,237.11641291877498
A,C14,WMF,2022-08-01,230.768295676997
A,C14,WMF,2022-09-01,228.824201386293
A,C14,WMF,2022-10-01,243.32395530438598
A,C14,WMF,2022-11-01,227.83353280836099
A,C14,WMF,2022-12-01,239.161114862902
A,C14,WMF,2023-01-01,235.386979285234
A,C14,WMF,2023-02-01,244.372041615785
A,C14,WMF,2023-03-01,236.867820513353
A,C14,WMF,2023-04-01,251.164817232101
A,C14,WMF,2023-05-01,245.170929507579
A,C14,WMF,2023-06-01,252.365506581442
A,C14,WMF,2023-07-01,248.97327672014703
A,C14,WMF,2023-08-01,252.200897922489
A,C14,WMF,2023-09-01,239.895684758973
A,C14,WMF,2023-10-01,235.145532049409
A,C14,WMF,2023-11-01,243.706631631958
A,C14,WMF,2023-12-01,240.241605875038
A,C14,WMF,2024-01-01,231.02090759191998
A,C14,WMF,2024-02-01,220.110244269636
A,C14,WMF,2024-03-01,238.498274075614
A,C14,WMF,2024-04-01,237.11932982026102
A,C14,WMF,2024-05-01,230.579223591814
A,C14,WMF,2024-06-01,233.680411948742
A,C14,WMF,2024-07-01,229.25514291794403
A,C14,WMF,2024-08-01,240.072827683463
A,C14,WMF,2024-09-01,238.33040964959
A,C14,WMF,2024-10-01,234.6660276562
A,C14,WMF,2024-11-01,226.706378479147
A,C14,WMF,2024-12-01,250.69018191128998
A,C14,WMF,2025-01-01,249.47074070036302
A,C14,WMF,2025-02-01,245.131966408423
A,C14,WMF,2025-03-01,251.55731166731798
A,C14,WMF,2025-04-01,233.387756530675
A,C14,WMF,2025-05-01,232.27026307033
A,C14,WMF,2025-06-01,220.24276252059298
A,C14,WMF,2025-07-01,235.934476866953
A,C14,WMF,2025-08-01,230.198732855106
A,C14,WMF,2025-09-01,244.833492041937
A,C14,WMF,2025-10-01,242.759108771934
A,C14,WMF,2025-11-01,234.227444899977
A,C14,WMF,2025-12-01,227.080048284908
A,C14,WMF,2026-01-01,243.315863721027
A,C14,WMF,2026-02-01,216.979370769616
A,C14,WMF,2026-03-01,211.814785920414
A,C14,WMF,2026-04-01,221.648547072008
A,C14,WMF,2026-05-01,219.76103429145
A,C14,WMF,2026-06-01,216.50808496439402
A,C14,WMF,2026-07-01,220.074819094772
A,C15,R,2013-01-01,3.9
A,C15,R,2013-02-01,11.4
A,C15,R,2013-03-01,11
A,C15,R,2013-04-01,11.6
A,C15,R,2013-05-01,6.6
A,C15,R,2013-06-01,-0.8
A,C15,R,2013-07-01,1.9
A,C15,R,2013-08-01,-8.1
A,C15,R,2013-09-01,-7.9
A,C15,R,2013-10-01,9.4
A,C15,R,2013-11-01,8
A,C15,R,2013-12-01,5
A,C15,R,2014-01-01,-3.7
A,C15,R,2014-02-01,2.6
A,C15,R,2014-03-01,-0.6
A,C15,R,2014-04-01,-2.2
A,C15,R,2014-05-01,-3.2
A,C15,R,2014-06-01,3.8
A,C15,R,2014-07-01,2.7
A,C15,R,2014-08-01,15.9
A,C15,R,2014-09-01,9.8
A,C15,R,2014-10-01,3.9
A,C15,R,2014-11-01,-0.4
A,C15,R,2014-12-01,21.8
A,C15,R,2015-01-01,11.1
A,C15,R,2015-02-01,8.5
A,C15,R,2015-03-01,16.7
A,C15,R,2015-04-01,33.5
A,C15,R,2015-05-01,27.5
A,C15,R,2015-06-01,23.8
A,C15,R,2015-07-01,25.7
A,C15,R,2015-08-01,8.3
A,C15,R,2015-09-01,6
A,C15,R,2015-10-01,20.9
A,C15,R,2015-11-01,39.5
A,C15,R,2015-12-01,0.7
A,C15,R,2016-01-01,32.8
A,C15,R,2016-02-01,8
A,C15,R,2016-03-01,5.1
A,C15,R,2016-04-01,-2.9
A,C15,R,2016-05-01,10
A,C15,R,2016-06-01,6.7
A,C15,R,2016-07-01,-12.6
A,C15,R,2016-08-01,5.1
A,C15,R,2016-09-01,13.7
A,C15,R,2016-10-01,1.7
A,C15,R,2016-11-01,-6.2
A,C15,R,2016-12-01,16.2
A,C15,R,2017-01-01,-10.1
A,C15,R,2017-02-01,13.1
A,C15,R,2017-03-01,9.6
A,C15,R,2017-04-01,6.7
A,C15,R,2017-05-01,2.8
A,C15,R,2017-06-01,8
A,C15,R,2017-07-01,27.1
A,C15,R,2017-08-01,28.4
A,C15,R,2017-09-01,20.2
A,C15,R,2017-10-01,23.9
A,C15,R,2017-11-01,27
A,C15,R,2017-12-01,19.7
A,C15,R,2018-01-01,32.4
A,C15,R,2018-02-01,18.8
A,C15,R,2018-03-01,31.5
A,C15,R,2018-04-01,35.7
A,C15,R,2018-05-01,29.8
A,C15,R,2018-06-01,23.4
A,C15,R,2018-07-01,23.9
A,C15,R,2018-08-01,8
A,C15,R,2018-09-01,8.5
A,C15,R,2018-10-01,11.7
A,C15,R,2018-11-01,2.7
A,C15,R,2018-12-01,1.4
A,C15,R,2019-01-01,3.7
A,C15,R,2019-02-01,2.8
A,C15,R,2019-03-01,-4.5
A,C15,R,2019-04-01,-5.7
A,C15,R,2019-05-01,-5.6
A,C15,R,2019-06-01,0.1
A,C15,R,2019-07-01,11.1
A,C15,R,2019-08-01,-1.7
A,C15,R,2019-09-01,3.4
A,C15,R,2019-10-01,-3.7
A,C15,R,2019-11-01,2.5
A,C15,R,2019-12-01,3.5
A,C15,R,2020-01-01,0.1
A,C15,R,2020-02-01,-23.1
A,C15,R,2020-03-01,-33.9
A,C15,R,2020-04-01,-48.7
A,C15,R,2020-05-01,-35
A,C15,R,2020-06-01,-13.5
A,C15,R,2020-07-01,-23
A,C15,R,2020-08-01,-6
A,C15,R,2020-09-01,-9.6
A,C15,R,2020-10-01,-16.1
A,C15,R,2020-11-01,-19.8
A,C15,R,2020-12-01,-17.9
A,C15,R,2021-01-01,-21.7
A,C15,R,2021-02-01,17.1
A,C15,R,2021-03-01,33.1
A,C15,R,2021-04-01,67.2
A,C15,R,2021-05-01,45.9
A,C15,R,2021-06-01,-14.4
A,C15,R,2021-07-01,-9.8
A,C15,R,2021-08-01,-18.3
A,C15,R,2021-09-01,-15.7
A,C15,R,2021-10-01,-4.9
A,C15,R,2021-11-01,-6.2
A,C15,R,2021-12-01,-7.8
A,C15,R,2022-01-01,-6.2
A,C15,R,2022-02-01,-12.6
A,C15,R,2022-03-01,-11.9
A,C15,R,2022-04-01,-17.3
A,C15,R,2022-05-01,-17.7
A,C15,R,2022-06-01,-0.7
A,C15,R,2022-07-01,-0.4
A,C15,R,2022-08-01,-1.8
A,C15,R,2022-09-01,9.5
A,C15,R,2022-10-01,-2
A,C15,R,2022-11-01,2.9
A,C15,R,2022-12-01,-4.2
A,C15,R,2023-01-01,-1.2
A,C15,R,2023-02-01,-1.8
A,C15,R,2023-03-01,2.5
A,C15,R,2023-04-01,13
A,C15,R,2023-05-01,0.7
A,C15,R,2023-06-01,10.5
A,C15,R,2023-07-01,0.5
A,C15,R,2023-08-01,11.3
A,C15,R,2023-09-01,-8
A,C15,R,2023-10-01,1.5
A,C15,R,2023-11-01,-4.6
A,C15,R,2023-12-01,13.6
A,C15,R,2024-01-01,16.3
A,C15,R,2024-02-01,0.5
A,C15,R,2024-03-01,5.7
A,C15,R,2024-04-01,4
A,C15,R,2024-05-01,5.9
A,C15,R,2024-06-01,9.5
A,C15,R,2024-07-01,2.7
A,C15,R,2024-08-01,1.4
A,C15,R,2024-09-01,4.1
A,C15,R,2024-10-01,5.2
A,C15,R,2024-11-01,5.3
A,C15,R,2024-12-01,-1.4
A,C15,R,2025-01-01,-6.4
A,C15,R,2025-02-01,9
A,C15,R,2025-03-01,-2.3
A,C15,R,2025-04-01,-1.9
A,C15,R,2025-05-01,-3.2
A,C15,R,2025-06-01,-19.9
A,C15,R,2025-07-01,-0.8
A,C15,R,2025-08-01,-5.7
A,C15,R,2025-09-01,1.8
A,C15,R,2025-10-01,-6.7
A,C15,R,2025-11-01,0.1
A,C15,R,2025-12-01,-9.3
A,C15,R,2026-01-01,-2.2
A,C15,R,2026-02-01,-5
A,C15,R,2026-03-01,-3.1
A,C15,R,2026-04-01,-4.7
A,C15,R,2026-05-01,-0.2
A,C15,R,2026-06-01,6.8
A,C15,R,2026-07-01,-3.1
A,C15,WMF,2012-01-01,70.4824356826302
A,C15,WMF,2012-02-01,71.1599544435206
A,C15,WMF,2012-03-01,65.8032052688062
A,C15,WMF,2012-04-01,62.5089020985296
A,C15,WMF,2012-05-01,66.4074427350057
A,C15,WMF,2012-06-01,70.1005319041735
A,C15,WMF,2012-07-01,69.9426173855848
A,C15,WMF,2012-08-01,75.3864313362124
A,C15,WMF,2012-09-01,80.02211782590089
A,C15,WMF,2012-10-01,66.8769734693785
A,C15,WMF,2012-11-01,64.2186381128699
A,C15,WMF,2012-12-01,59.562879699473704
A,C15,WMF,2013-01-01,75.4809172758378
A,C15,WMF,2013-02-01,74.094852122911007
A,C15,WMF,2013-03-01,72.0243967335521
A,C15,WMF,2013-04-01,69.1947278750266
A,C15,WMF,2013-05-01,69.7047135538795
A,C15,WMF,2013-06-01,66.08650057714691
A,C15,WMF,2013-07-01,72.1389280450916
A,C15,WMF,2013-08-01,65.67700855229269
A,C15,WMF,2013-09-01,66.7728409650453
A,C15,WMF,2013-10-01,66.7279087775882
A,C15,WMF,2013-11-01,70.1058812769985
A,C15,WMF,2013-12-01,65.6708837806994
A,C15,WMF,2014-01-01,66.9474634862085
A,C15,WMF,2014-02-01,71.3664670609375
A,C15,WMF,2014-03-01,71.03246036505989
A,C15,WMF,2014-04-01,67.0077224906953
A,C15,WMF,2014-05-01,67.1988815983453
A,C15,WMF,2014-06-01,69.49129962918
A,C15,WMF,2014-07-01,71.40805398819991
A,C15,WMF,2014-08-01,78.04286952845571
A,C15,WMF,2014-09-01,78.1188988059368
A,C15,WMF,2014-10-01,71.9592770089323
A,C15,WMF,2014-11-01,69.1032858075011
A,C15,WMF,2014-12-01,76.4323843359866
A,C15,WMF,2015-01-01,73.0642559583086
A,C15,WMF,2015-02-01,70.61920712490151
A,C15,WMF,2015-03-01,78.6853169375985
A,C15,WMF,2015-04-01,87.7305715621357
A,C15,WMF,2015-05-01,84.7680074629952
A,C15,WMF,2015-06-01,86.9014778294986
A,C15,WMF,2015-07-01,88.8505939101716
A,C15,WMF,2015-08-01,80.2569995808998
A,C15,WMF,2015-09-01,77.5096330904672
A,C15,WMF,2015-10-01,90.5289951953924
A,C15,WMF,2015-11-01,99.02759233275171
A,C15,WMF,2015-12-01,78.9464926414084
A,C15,WMF,2016-01-01,99.0152712689773
A,C15,WMF,2016-02-01,92.13565950050449
A,C15,WMF,2016-03-01,83.9439519839645
A,C15,WMF,2016-04-01,87.1741638216089
A,C15,WMF,2016-05-01,101.144753587991
A,C15,WMF,2016-06-01,93.3406289680227
A,C15,WMF,2016-07-01,81.283269706949
A,C15,WMF,2016-08-01,91.8270630127869
A,C15,WMF,2016-09-01,95.4225514771157
A,C15,WMF,2016-10-01,101.023472760351
A,C15,WMF,2016-11-01,103.59107332951001
A,C15,WMF,2016-12-01,108.69953983267
A,C15,WMF,2017-01-01,98.5659395321933
A,C15,WMF,2017-02-01,104.620658624771
A,C15,WMF,2017-03-01,106.373826302894
A,C15,WMF,2017-04-01,111.769398960534
A,C15,WMF,2017-05-01,115.923869169143
A,C15,WMF,2017-06-01,113.67085208762
A,C15,WMF,2017-07-01,114.060971099858
A,C15,WMF,2017-08-01,127.631783222474
A,C15,WMF,2017-09-01,125.406407514896
A,C15,WMF,2017-10-01,132.42736881193701
A,C15,WMF,2017-11-01,139.051268009104
A,C15,WMF,2017-12-01,135.96497206511398
A,C15,WMF,2018-01-01,140.665975111403
A,C15,WMF,2018-02-01,128.169307716145
A,C15,WMF,2018-03-01,147.251241724084
A,C15,WMF,2018-04-01,151.957471477941
A,C15,WMF,2018-05-01,153.013570099004
A,C15,WMF,2018-06-01,151.114319584459
A,C15,WMF,2018-07-01,151.42173098536102
A,C15,WMF,2018-08-01,147.32924959510498
A,C15,WMF,2018-09-01,141.95262340074
A,C15,WMF,2018-10-01,149.297487243296
A,C15,WMF,2018-11-01,145.86916513268199
A,C15,WMF,2018-12-01,143.599029581298
A,C15,WMF,2019-01-01,149.674303306852
A,C15,WMF,2019-02-01,139.639122604493
A,C15,WMF,2019-03-01,148.50747526959898
A,C15,WMF,2019-04-01,149.25430364006098
A,C15,WMF,2019-05-01,148.394745687181
A,C15,WMF,2019-06-01,155.625225510735
A,C15,WMF,2019-07-01,170.86834176208498
A,C15,WMF,2019-08-01,148.732964536161
A,C15,WMF,2019-09-01,151.061488191745
A,C15,WMF,2019-10-01,145.622924973869
A,C15,WMF,2019-11-01,153.77243286670603
A,C15,WMF,2019-12-01,152.665507203019
A,C15,WMF,2020-01-01,148.32214556564702
A,C15,WMF,2020-02-01,128.848032998135
A,C15,WMF,2020-03-01,97.8487636112518
A,C15,WMF,2020-04-01,74.2322314874733
A,C15,WMF,2020-05-01,94.2889353605514
A,C15,WMF,2020-06-01,132.5677676126
A,C15,WMF,2020-07-01,129.113035353648
A,C15,WMF,2020-08-01,136.302145454321
A,C15,WMF,2020-09-01,141.242033427798
A,C15,WMF,2020-10-01,123.988237927092
A,C15,WMF,2020-11-01,123.913448618259
A,C15,WMF,2020-12-01,119.397042791363
A,C15,WMF,2021-01-01,118.486249176422
A,C15,WMF,2021-02-01,133.620279507422
A,C15,WMF,2021-03-01,133.529274106398
A,C15,WMF,2021-04-01,128.632294130358
A,C15,WMF,2021-05-01,142.272030365862
A,C15,WMF,2021-06-01,115.640111142282
A,C15,WMF,2021-07-01,117.639484236446
A,C15,WMF,2021-08-01,111.17740896155
A,C15,WMF,2021-09-01,117.831824968438
A,C15,WMF,2021-10-01,121.96826776708201
A,C15,WMF,2021-11-01,117.499564202511
A,C15,WMF,2021-12-01,117.274793197134
A,C15,WMF,2022-01-01,115.373878933323
A,C15,WMF,2022-02-01,120.40587064704201
A,C15,WMF,2022-03-01,120.292947854522
A,C15,WMF,2022-04-01,110.628666641957
A,C15,WMF,2022-05-01,119.156693639691
A,C15,WMF,2022-06-01,115.06691575119301
A,C15,WMF,2022-07-01,121.979980018497
A,C15,WMF,2022-08-01,112.645776061681
A,C15,WMF,2022-09-01,128.234540075383
A,C15,WMF,2022-10-01,121.49737010522699
A,C15,WMF,2022-11-01,125.44837629996599
A,C15,WMF,2022-12-01,120.75489527723799
A,C15,WMF,2023-01-01,116.95211645632
A,C15,WMF,2023-02-01,117.741507005229
A,C15,WMF,2023-03-01,121.444452892488
A,C15,WMF,2023-04-01,125.77851047919201
A,C15,WMF,2023-05-01,120.780810051442
A,C15,WMF,2023-06-01,130.438739660393
A,C15,WMF,2023-07-01,121.079335615414
A,C15,WMF,2023-08-01,126.932017806615
A,C15,WMF,2023-09-01,119.009074885715
A,C15,WMF,2023-10-01,122.18206371620501
A,C15,WMF,2023-11-01,113.540591220571
A,C15,WMF,2023-12-01,130.35435185327302
A,C15,WMF,2024-01-01,117.226275152132
A,C15,WMF,2024-02-01,118.95875926837499
A,C15,WMF,2024-03-01,114.683541008424
A,C15,WMF,2024-04-01,114.087030245455
A,C15,WMF,2024-05-01,114.059095226085
A,C15,WMF,2024-06-01,124.34405736789199
A,C15,WMF,2024-07-01,113.971145916446
A,C15,WMF,2024-08-01,115.75586122415
A,C15,WMF,2024-09-01,109.086887538431
A,C15,WMF,2024-10-01,111.568123654016
A,C15,WMF,2024-11-01,107.51143355898499
A,C15,WMF,2024-12-01,114.876737551953
A,C15,WMF,2025-01-01,111.334087291725
A,C15,WMF,2025-02-01,108.240308212698
A,C15,WMF,2025-03-01,110.593535408399
A,C15,WMF,2025-04-01,108.396451227716
A,C15,WMF,2025-05-01,102.003568852908
A,C15,WMF,2025-06-01,92.9732220958171
A,C15,WMF,2025-07-01,104.345361465103
A,C15,WMF,2025-08-01,104.632692054655
A,C15,WMF,2025-09-01,113.093031940682
A,C15,WMF,2025-10-01,103.535476568231
A,C15,WMF,2025-11-01,108.349636034979
A,C15,WMF,2025-12-01,99.8128644109638
A,C15,WMF,2026-01-01,109.310863946115
A,C15,WMF,2026-02-01,104.31620072543501
A,C15,WMF,2026-03-01,101.004613468885
A,C15,WMF,2026-04-01,105.488003436446
A,C15,WMF,2026-05-01,106.209973780357
A,C15,WMF,2026-06-01,102.020811739519
A,C15,WMF,2026-07-01,103.39943700984
A,C17,R,2013-01-01,2.4
A,C17,R,2013-02-01,-4.7
A,C17,R,2013-03-01,-8
A,C17,R,2013-04-01,-8.2
A,C17,R,2013-05-01,-14.5
A,C17,R,2013-06-01,-12.4
A,C17,R,2013-07-01,-5.3
A,C17,R,2013-08-01,-12.2
A,C17,R,2013-09-01,-10.6
A,C17,R,2013-10-01,-10.5
A,C17,R,2013-11-01,-10.9
A,C17,R,2013-12-01,-19.9
A,C17,R,2014-01-01,-8.6
A,C17,R,2014-02-01,-5.2
A,C17,R,2014-03-01,-8.6
A,C17,R,2014-04-01,-5
A,C17,R,2014-05-01,0.7
A,C17,R,2014-06-01,-1.3
A,C17,R,2014-07-01,-8.6
A,C17,R,2014-08-01,-3.5
A,C17,R,2014-09-01,0.1
A,C17,R,2014-10-01,-4.9
A,C17,R,2014-11-01,-1.1
A,C17,R,2014-12-01,14.5
A,C17,R,2015-01-01,-3.8
A,C17,R,2015-02-01,4.5
A,C17,R,2015-03-01,5.5
A,C17,R,2015-04-01,10.3
A,C17,R,2015-05-01,0.6
A,C17,R,2015-06-01,-0.5
A,C17,R,2015-07-01,5.4
A,C17,R,2015-08-01,0.5
A,C17,R,2015-09-01,-2.5
A,C17,R,2015-10-01,-4.6
A,C17,R,2015-11-01,3.4
A,C17,R,2015-12-01,-5
A,C17,R,2016-01-01,-3.7
A,C17,R,2016-02-01,-8.6
A,C17,R,2016-03-01,-6.4
A,C17,R,2016-04-01,-11.7
A,C17,R,2016-05-01,-6
A,C17,R,2016-06-01,-5.2
A,C17,R,2016-07-01,-10.7
A,C17,R,2016-08-01,-9
A,C17,R,2016-09-01,-10.4
A,C17,R,2016-10-01,-5.9
A,C17,R,2016-11-01,-14.7
A,C17,R,2016-12-01,-7.8
A,C17,R,2017-01-01,-2.3
A,C17,R,2017-02-01,-8.7
A,C17,R,2017-03-01,-6.3
A,C17,R,2017-04-01,-0.9
A,C17,R,2017-05-01,-3.5
A,C17,R,2017-06-01,-0.7
A,C17,R,2017-07-01,-4.4
A,C17,R,2017-08-01,-2
A,C17,R,2017-09-01,5.4
A,C17,R,2017-10-01,2.8
A,C17,R,2017-11-01,8.1
A,C17,R,2017-12-01,0.7
A,C17,R,2018-01-01,-4.9
A,C17,R,2018-02-01,1.5
A,C17,R,2018-03-01,-2.5
A,C17,R,2018-04-01,-11.1
A,C17,R,2018-05-01,-11.5
A,C17,R,2018-06-01,-7.5
A,C17,R,2018-07-01,3.2
A,C17,R,2018-08-01,-0.8
A,C17,R,2018-09-01,-7.3
A,C17,R,2018-10-01,-2
A,C17,R,2018-11-01,-9.8
A,C17,R,2018-12-01,-9.2
A,C17,R,2019-01-01,-4.1
A,C17,R,2019-02-01,-8
A,C17,R,2019-03-01,-3.8
A,C17,R,2019-04-01,-2.5
A,C17,R,2019-05-01,5
A,C17,R,2019-06-01,-5.5
A,C17,R,2019-07-01,-10.2
A,C17,R,2019-08-01,-9.9
A,C17,R,2019-09-01,-9
A,C17,R,2019-10-01,-11
A,C17,R,2019-11-01,-3.7
A,C17,R,2019-12-01,0.2
A,C17,R,2020-01-01,-7.8
A,C17,R,2020-02-01,-5.2
A,C17,R,2020-03-01,-10.8
A,C17,R,2020-04-01,-19.9
A,C17,R,2020-05-01,-25.9
A,C17,R,2020-06-01,-15.2
A,C17,R,2020-07-01,-18.2
A,C17,R,2020-08-01,-11
A,C17,R,2020-09-01,-12.4
A,C17,R,2020-10-01,-11.2
A,C17,R,2020-11-01,-17.9
A,C17,R,2020-12-01,-20.5
A,C17,R,2021-01-01,-15.3
A,C17,R,2021-02-01,-15.4
A,C17,R,2021-03-01,-11.4
A,C17,R,2021-04-01,-2.8
A,C17,R,2021-05-01,11.1
A,C17,R,2021-06-01,-5.4
A,C17,R,2021-07-01,1.7
A,C17,R,2021-08-01,7.8
A,C17,R,2021-09-01,-0.5
A,C17,R,2021-10-01,0.3
A,C17,R,2021-11-01,6.5
A,C17,R,2021-12-01,12.5
A,C17,R,2022-01-01,2.5
A,C17,R,2022-02-01,11.1
A,C17,R,2022-03-01,4.7
A,C17,R,2022-04-01,15.3
A,C17,R,2022-05-01,1.5
A,C17,R,2022-06-01,6.5
A,C17,R,2022-07-01,2.5
A,C17,R,2022-08-01,-11.8
A,C17,R,2022-09-01,-0.7
A,C17,R,2022-10-01,-5.3
A,C17,R,2022-11-01,-10.6
A,C17,R,2022-12-01,-12.9
A,C17,R,2023-01-01,-7.3
A,C17,R,2023-02-01,-15.8
A,C17,R,2023-03-01,-5.1
A,C17,R,2023-04-01,-16.3
A,C17,R,2023-05-01,-21.8
A,C17,R,2023-06-01,-21.6
A,C17,R,2023-07-01,-12.4
A,C17,R,2023-08-01,-9.7
A,C17,R,2023-09-01,-11.5
A,C17,R,2023-10-01,-16.2
A,C17,R,2023-11-01,-10.5
A,C17,R,2023-12-01,-6.9
A,C17,R,2024-01-01,2.7
A,C17,R,2024-02-01,1.7
A,C17,R,2024-03-01,-0.1
A,C17,R,2024-04-01,-0.8
A,C17,R,2024-05-01,18.5
A,C17,R,2024-06-01,18.2
A,C17,R,2024-07-01,0
A,C17,R,2024-08-01,3.5
A,C17,R,2024-09-01,1.4
A,C17,R,2024-10-01,14.9
A,C17,R,2024-11-01,10.6
A,C17,R,2024-12-01,8
A,C17,R,2025-01-01,-0.8
A,C17,R,2025-02-01,0.9
A,C17,R,2025-03-01,-8.9
A,C17,R,2025-04-01,-0.9
A,C17,R,2025-05-01,-14.3
A,C17,R,2025-06-01,-2.6
A,C17,R,2025-07-01,-0.2
A,C17,R,2025-08-01,-4.8
A,C17,R,2025-09-01,-3.1
A,C17,R,2025-10-01,-17.2
A,C17,R,2025-11-01,-3.3
A,C17,R,2025-12-01,-10
A,C17,R,2026-01-01,-9
A,C17,R,2026-02-01,-5.8
A,C17,R,2026-03-01,-5.7
A,C17,R,2026-04-01,-2.3
A,C17,R,2026-05-01,5.7
A,C17,R,2026-06-01,-6.7
A,C17,R,2026-07-01,-9.6
A,C17,WMF,2012-01-01,130.719672809239
A,C17,WMF,2012-02-01,132.49337850342
A,C17,WMF,2012-03-01,135.970677818746
A,C17,WMF,2012-04-01,135.978146964897
A,C17,WMF,2012-05-01,138.84828011259899
A,C17,WMF,2012-06-01,136.87089389069598
A,C17,WMF,2012-07-01,136.237225662068
A,C17,WMF,2012-08-01,139.398662284734
A,C17,WMF,2012-09-01,135.996109489288
A,C17,WMF,2012-10-01,136.795400568436
A,C17,WMF,2012-11-01,127.189783306861
A,C17,WMF,2012-12-01,134.855300670399
A,C17,WMF,2013-01-01,137.133488828114
A,C17,WMF,2013-02-01,131.597507641281
A,C17,WMF,2013-03-01,133.259759219247
A,C17,WMF,2013-04-01,127.302005180698
A,C17,WMF,2013-05-01,127.043910372024
A,C17,WMF,2013-06-01,129.927825359155
A,C17,WMF,2013-07-01,138.442269979678
A,C17,WMF,2013-08-01,132.701202225748
A,C17,WMF,2013-09-01,129.10261268659
A,C17,WMF,2013-10-01,130.96478656946698
A,C17,WMF,2013-11-01,126.67303565898301
A,C17,WMF,2013-12-01,117.908500966695
A,C17,WMF,2014-01-01,131.755660764899
A,C17,WMF,2014-02-01,126.393865431603
A,C17,WMF,2014-03-01,123.171660320665
A,C17,WMF,2014-04-01,123.43071081509501
A,C17,WMF,2014-05-01,126.268597537144
A,C17,WMF,2014-06-01,125.265246954511
A,C17,WMF,2014-07-01,121.891610057376
A,C17,WMF,2014-08-01,119.420777473335
A,C17,WMF,2014-09-01,123.81412162322401
A,C17,WMF,2014-10-01,118.280006141561
A,C17,WMF,2014-11-01,119.31634280028801
A,C17,WMF,2014-12-01,125.644668228535
A,C17,WMF,2015-01-01,114.679552265721
A,C17,WMF,2015-02-01,116.6479809911
A,C17,WMF,2015-03-01,110.47896248867599
A,C17,WMF,2015-04-01,114.18518003070899
A,C17,WMF,2015-05-01,109.54034513256299
A,C17,WMF,2015-06-01,107.744244353985
A,C17,WMF,2015-07-01,110.197889455603
A,C17,WMF,2015-08-01,109.909651347561
A,C17,WMF,2015-09-01,106.49099429945201
A,C17,WMF,2015-10-01,104.857913179353
A,C17,WMF,2015-11-01,115.303940592424
A,C17,WMF,2015-12-01,108.37379906445301
A,C17,WMF,2016-01-01,109.18047044898701
A,C17,WMF,2016-02-01,113.47644499076
A,C17,WMF,2016-03-01,110.710783142631
A,C17,WMF,2016-04-01,109.28496382908
A,C17,WMF,2016-05-01,109.23295544242599
A,C17,WMF,2016-06-01,103.566905124114
A,C17,WMF,2016-07-01,103.512986363246
A,C17,WMF,2016-08-01,104.51337039100801
A,C17,WMF,2016-09-01,104.42995407543799
A,C17,WMF,2016-10-01,102.772411908535
A,C17,WMF,2016-11-01,101.424206306215
A,C17,WMF,2016-12-01,102.343752036388
A,C17,WMF,2017-01-01,104.56433975473499
A,C17,WMF,2017-02-01,100.25679468250699
A,C17,WMF,2017-03-01,103.232432580162
A,C17,WMF,2017-04-01,109.47145056065699
A,C17,WMF,2017-05-01,103.103593723264
A,C17,WMF,2017-06-01,106.412441442039
A,C17,WMF,2017-07-01,103.444566434103
A,C17,WMF,2017-08-01,103.184761294627
A,C17,WMF,2017-09-01,110.706774746121
A,C17,WMF,2017-10-01,102.534937351981
A,C17,WMF,2017-11-01,107.981338556393
A,C17,WMF,2017-12-01,106.76621706529801
A,C17,WMF,2018-01-01,102.695579008388
A,C17,WMF,2018-02-01,104.04156351691199
A,C17,WMF,2018-03-01,105.034968176575
A,C17,WMF,2018-04-01,104.248352618611
A,C17,WMF,2018-05-01,100.955131977618
A,C17,WMF,2018-06-01,106.256349944009
A,C17,WMF,2018-07-01,106.95190110277399
A,C17,WMF,2018-08-01,101.623994972793
A,C17,WMF,2018-09-01,100.658578362046
A,C17,WMF,2018-10-01,105.731557282799
A,C17,WMF,2018-11-01,101.68536160316799
A,C17,WMF,2018-12-01,95.020255925101
A,C17,WMF,2019-01-01,102.247873003181
A,C17,WMF,2019-02-01,95.9535331961076
A,C17,WMF,2019-03-01,98.37185847521371
A,C17,WMF,2019-04-01,96.79339773113159
A,C17,WMF,2019-05-01,96.9359837288785
A,C17,WMF,2019-06-01,92.78114928120279
A,C17,WMF,2019-07-01,93.9449880524629
A,C17,WMF,2019-08-01,90.3563508544988
A,C17,WMF,2019-09-01,89.3278781413806
A,C17,WMF,2019-10-01,92.39294828687031
A,C17,WMF,2019-11-01,93.9673466579696
A,C17,WMF,2019-12-01,92.34104008407719
A,C17,WMF,2020-01-01,88.8186744868195
A,C17,WMF,2020-02-01,86.3439690295967
A,C17,WMF,2020-03-01,84.2990350314205
A,C17,WMF,2020-04-01,70.4055438805226
A,C17,WMF,2020-05-01,68.3394676741962
A,C17,WMF,2020-06-01,76.0000237366406
A,C17,WMF,2020-07-01,75.1357003121305
A,C17,WMF,2020-08-01,75.98099688296209
A,C17,WMF,2020-09-01,78.3132103097862
A,C17,WMF,2020-10-01,84.10044660893949
A,C17,WMF,2020-11-01,76.3291871559325
A,C17,WMF,2020-12-01,77.3633342650456
A,C17,WMF,2021-01-01,75.68985667959981
A,C17,WMF,2021-02-01,79.6233543177795
A,C17,WMF,2021-03-01,82.5770931541429
A,C17,WMF,2021-04-01,77.6405033455414
A,C17,WMF,2021-05-01,86.1405509944652
A,C17,WMF,2021-06-01,79.1813500751226
A,C17,WMF,2021-07-01,82.2924453404545
A,C17,WMF,2021-08-01,95.01751901835691
A,C17,WMF,2021-09-01,88.5455594272328
A,C17,WMF,2021-10-01,91.0710347020236
A,C17,WMF,2021-11-01,91.2146102593141
A,C17,WMF,2021-12-01,97.4163166489286
A,C17,WMF,2022-01-01,94.14215575103161
A,C17,WMF,2022-02-01,104.615949757663
A,C17,WMF,2022-03-01,103.179389731269
A,C17,WMF,2022-04-01,110.24872316413601
A,C17,WMF,2022-05-01,112.060026658665
A,C17,WMF,2022-06-01,108.650748498666
A,C17,WMF,2022-07-01,107.040080019746
A,C17,WMF,2022-08-01,107.25981735657001
A,C17,WMF,2022-09-01,107.115166623795
A,C17,WMF,2022-10-01,104.280859303159
A,C17,WMF,2022-11-01,100.277558209804
A,C17,WMF,2022-12-01,96.2554033116436
A,C17,WMF,2023-01-01,93.8510450861564
A,C17,WMF,2023-02-01,90.2562828491947
A,C17,WMF,2023-03-01,98.20875397758239
A,C17,WMF,2023-04-01,86.4210478230706
A,C17,WMF,2023-05-01,81.1070533767286
A,C17,WMF,2023-06-01,77.422793463174
A,C17,WMF,2023-07-01,81.68938274802659
A,C17,WMF,2023-08-01,81.8245173683753
A,C17,WMF,2023-09-01,80.3667754968844
A,C17,WMF,2023-10-01,78.5904640367138
A,C17,WMF,2023-11-01,78.5514575494491
A,C17,WMF,2023-12-01,81.3135185350419
A,C17,WMF,2024-01-01,84.5928315729004
A,C17,WMF,2024-02-01,80.9725350772793
A,C17,WMF,2024-03-01,84.4178087358108
A,C17,WMF,2024-04-01,78.0469997196112
A,C17,WMF,2024-05-01,83.2615667066638
A,C17,WMF,2024-06-01,78.87554849281379
A,C17,WMF,2024-07-01,78.4738506738918
A,C17,WMF,2024-08-01,79.7202448323189
A,C17,WMF,2024-09-01,76.5670211726191
A,C17,WMF,2024-10-01,79.0570714859293
A,C17,WMF,2024-11-01,79.93981897490691
A,C17,WMF,2024-12-01,78.1522410867158
A,C17,WMF,2025-01-01,81.2745314969072
A,C17,WMF,2025-02-01,80.38870018693221
A,C17,WMF,2025-03-01,77.38167553144491
A,C17,WMF,2025-04-01,79.8685897165882
A,C17,WMF,2025-05-01,74.42147770681811
A,C17,WMF,2025-06-01,79.5452030914927
A,C17,WMF,2025-07-01,76.6102762861584
A,C17,WMF,2025-08-01,71.9814581096378
A,C17,WMF,2025-09-01,76.5553407725981
A,C17,WMF,2025-10-01,67.4837660541986
A,C17,WMF,2025-11-01,76.4307670392015
A,C17,WMF,2025-12-01,66.5073101501096
A,C17,WMF,2026-01-01,71.3307317819592
A,C17,WMF,2026-02-01,72.5163505881755
A,C17,WMF,2026-03-01,70.7102518305741
A,C17,WMF,2026-04-01,72.3370075220379
A,C17,WMF,2026-05-01,72.0004724559643
A,C17,WMF,2026-06-01,75.4331398276175
A,C17,WMF,2026-07-01,67.4430835231944
A,C19,R,2013-01-01,18.3
A,C19,R,2013-02-01,83.9
A,C19,R,2013-03-01,41.9
A,C19,R,2013-04-01,38.6
A,C19,R,2013-05-01,41.8
A,C19,R,2013-06-01,26.8
A,C19,R,2013-07-01,34.6
A,C19,R,2013-08-01,11.3
A,C19,R,2013-09-01,28.2
A,C19,R,2013-10-01,-60.2
A,C19,R,2013-11-01,1.9
A,C19,R,2013-12-01,-25
A,C19,R,2014-01-01,-63.1
A,C19,R,2014-02-01,-21.9
A,C19,R,2014-03-01,-12.4
A,C19,R,2014-04-01,-0.8
A,C19,R,2014-05-01,-18.1
A,C19,R,2014-06-01,-2.8
A,C19,R,2014-07-01,-6.3
A,C19,R,2014-08-01,0.3
A,C19,R,2014-09-01,19.5
A,C19,R,2014-10-01,136.5
A,C19,R,2014-11-01,6.5
A,C19,R,2014-12-01,12
A,C19,R,2015-01-01,183.2
A,C19,R,2015-02-01,-1.1
A,C19,R,2015-03-01,-12.4
A,C19,R,2015-04-01,-60.5
A,C19,R,2015-05-01,-67.5
A,C19,R,2015-06-01,-71
A,C19,R,2015-07-01,-69.1
A,C19,R,2015-08-01,-76.4
A,C19,R,2015-09-01,-80.5
A,C19,R,2015-10-01,-76.8
A,C19,R,2015-11-01,-76.2
A,C19,R,2015-12-01,-64.9
A,C19,R,2016-01-01,-35.3
A,C19,R,2016-02-01,-33.1
A,C19,R,2016-03-01,-25.8
A,C19,R,2016-04-01,47.1
A,C19,R,2016-05-01,110.8
A,C19,R,2016-06-01,128.5
A,C19,R,2016-07-01,102.4
A,C19,R,2016-08-01,174
A,C19,R,2016-09-01,162.3
A,C19,R,2016-10-01,154.5
A,C19,R,2016-11-01,148.4
A,C19,R,2016-12-01,110.1
A,C19,R,2017-01-01,-1.6
A,C19,R,2017-02-01,3.6
A,C19,R,2017-03-01,13.1
A,C19,R,2017-04-01,2.7
A,C19,R,2017-05-01,-4.4
A,C19,R,2017-06-01,-3.9
A,C19,R,2017-07-01,9.9
A,C19,R,2017-08-01,-3
A,C19,R,2017-09-01,15.3
A,C19,R,2017-10-01,5.7
A,C19,R,2017-11-01,12.9
A,C19,R,2017-12-01,-4.4
A,C19,R,2018-01-01,5.3
A,C19,R,2018-02-01,9.7
A,C19,R,2018-03-01,-3.1
A,C19,R,2018-04-01,8
A,C19,R,2018-05-01,21.2
A,C19,R,2018-06-01,16.3
A,C19,R,2018-07-01,9.8
A,C19,R,2018-08-01,20.3
A,C19,R,2018-09-01,15.1
A,C19,R,2018-10-01,9.9
A,C19,R,2018-11-01,4.5
A,C19,R,2018-12-01,8.8
A,C19,R,2019-01-01,14.3
A,C19,R,2019-02-01,17.9
A,C19,R,2019-03-01,0.7
A,C19,R,2019-04-01,13.5
A,C19,R,2019-05-01,9.7
A,C19,R,2019-06-01,8.3
A,C19,R,2019-07-01,-3.9
A,C19,R,2019-08-01,-5.5
A,C19,R,2019-09-01,-3
A,C19,R,2019-10-01,-6.6
A,C19,R,2019-11-01,-5.4
A,C19,R,2019-12-01,-4.4
A,C19,R,2020-01-01,-9.2
A,C19,R,2020-02-01,-9.3
A,C19,R,2020-03-01,-6.4
A,C19,R,2020-04-01,-31.3
A,C19,R,2020-05-01,-62.1
A,C19,R,2020-06-01,-55.6
A,C19,R,2020-07-01,-51.7
A,C19,R,2020-08-01,-68
A,C19,R,2020-09-01,-60.7
A,C19,R,2020-10-01,-50.8
A,C19,R,2020-11-01,-58.5
A,C19,R,2020-12-01,-33.9
A,C19,R,2021-01-01,-51.2
A,C19,R,2021-02-01,-58.7
A,C19,R,2021-03-01,-47.1
A,C19,R,2021-04-01,-35.9
A,C19,R,2021-05-01,-8
A,C19,R,2021-06-01,-26.9
A,C19,R,2021-07-01,-12.2
A,C19,R,2021-08-01,57
A,C19,R,2021-09-01,52.1
A,C19,R,2021-10-01,19.4
A,C19,R,2021-11-01,70.1
A,C19,R,2021-12-01,5.4
A,C19,R,2022-01-01,66.3
A,C19,R,2022-02-01,118.8
A,C19,R,2022-03-01,102.3
A,C19,R,2022-04-01,62.4
A,C19,R,2022-05-01,158.4
A,C19,R,2022-06-01,229.3
A,C19,R,2022-07-01,181.3
A,C19,R,2022-08-01,127
A,C19,R,2022-09-01,64.6
A,C19,R,2022-10-01,43.5
A,C19,R,2022-11-01,33.8
A,C19,R,2022-12-01,55.2
A,C19,R,2023-01-01,7.5
A,C19,R,2023-02-01,5.2
A,C19,R,2023-03-01,-2.7
A,C19,R,2023-04-01,16.6
A,C19,R,2023-05-01,-12.3
A,C19,R,2023-06-01,-18.9
A,C19,R,2023-07-01,-23.2
A,C19,R,2023-08-01,-16.7
A,C19,R,2023-09-01,-10.5
A,C19,R,2023-10-01,10.1
A,C19,R,2023-11-01,-5.4
A,C19,R,2023-12-01,-1.3
A,C19,R,2024-01-01,-20.6
A,C19,R,2024-02-01,-13.5
A,C19,R,2024-03-01,-21.3
A,C19,R,2024-04-01,-27.6
A,C19,R,2024-05-01,-34
A,C19,R,2024-06-01,-37.3
A,C19,R,2024-07-01,-32.3
A,C19,R,2024-08-01,-38.1
A,C19,R,2024-09-01,-29.1
A,C19,R,2024-10-01,-29.4
A,C19,R,2024-11-01,-27.7
A,C19,R,2024-12-01,-41.1
A,C19,R,2025-01-01,6
A,C19,R,2025-02-01,-15.6
A,C19,R,2025-03-01,-6
A,C19,R,2025-04-01,0.2
A,C19,R,2025-05-01,16.4
A,C19,R,2025-06-01,14.3
A,C19,R,2025-07-01,19
A,C19,R,2025-08-01,14.4
A,C19,R,2025-09-01,7.1
A,C19,R,2025-10-01,17.2
A,C19,R,2025-11-01,9.5
A,C19,R,2025-12-01,11.1
A,C19,R,2026-01-01,4.6
A,C19,R,2026-02-01,7
A,C19,R,2026-03-01,14.7
A,C19,R,2026-04-01,56.6
A,C19,R,2026-05-01,44
A,C19,R,2026-06-01,10.9
A,C19,R,2026-07-01,-2.5
A,C19,WMF,2012-01-01,55.0481817757078
A,C19,WMF,2012-02-01,54.8856161168945
A,C19,WMF,2012-03-01,61.4608686605121
A,C19,WMF,2012-04-01,60.2303462555935
A,C19,WMF,2012-05-01,64.0987224880303
A,C19,WMF,2012-06-01,66.70155908956299
A,C19,WMF,2012-07-01,65.4267497910985
A,C19,WMF,2012-08-01,72.0683454470627
A,C19,WMF,2012-09-01,62.612893363035504
A,C19,WMF,2012-10-01,83.1754738424515
A,C19,WMF,2012-11-01,70.2212614030298
A,C19,WMF,2012-12-01,100.086830899293
A,C19,WMF,2013-01-01,62.7165684913196
A,C19,WMF,2013-02-01,96.747107116012
A,C19,WMF,2013-03-01,91.14733696160809
A,C19,WMF,2013-04-01,93.71512084681099
A,C19,WMF,2013-05-01,88.4541347592051
A,C19,WMF,2013-06-01,77.2456916361018
A,C19,WMF,2013-07-01,77.9353560389148
A,C19,WMF,2013-08-01,75.8720853554679
A,C19,WMF,2013-09-01,76.3495388107512
A,C19,WMF,2013-10-01,75.94028104479159
A,C19,WMF,2013-11-01,71.4860358194171
A,C19,WMF,2013-12-01,74.1462705421692
A,C19,WMF,2014-01-01,77.2324669577085
A,C19,WMF,2014-02-01,75.72090315751589
A,C19,WMF,2014-03-01,73.9353343920463
A,C19,WMF,2014-04-01,73.43209494900421
A,C19,WMF,2014-05-01,67.66825423600089
A,C19,WMF,2014-06-01,74.0080740705788
A,C19,WMF,2014-07-01,70.752206905494
A,C19,WMF,2014-08-01,72.8986939942542
A,C19,WMF,2014-09-01,80.45394730655131
A,C19,WMF,2014-10-01,69.9168936232154
A,C19,WMF,2014-11-01,66.1980698220686
A,C19,WMF,2014-12-01,61.540074598222894
A,C19,WMF,2015-01-01,49.5965357824395
A,C19,WMF,2015-02-01,45.001225411711204
A,C19,WMF,2015-03-01,45.7719039552688
A,C19,WMF,2015-04-01,47.823331109731505
A,C19,WMF,2015-05-01,47.6135964022986
A,C19,WMF,2015-06-01,46.7353077264206
A,C19,WMF,2015-07-01,47.7450403822591
A,C19,WMF,2015-08-01,43.507763770889404
A,C19,WMF,2015-09-01,41.9042404797875
A,C19,WMF,2015-10-01,38.97487017628
A,C19,WMF,2015-11-01,38.8365733881469
A,C19,WMF,2015-12-01,35.4318482207229
A,C19,WMF,2016-01-01,35.292061376374996
A,C19,WMF,2016-02-01,32.25790086545
A,C19,WMF,2016-03-01,34.433237742494704
A,C19,WMF,2016-04-01,30.207806874246998
A,C19,WMF,2016-05-01,35.3382264906288
A,C19,WMF,2016-06-01,36.8268575167783
A,C19,WMF,2016-07-01,42.4394746604733
A,C19,WMF,2016-08-01,37.999860919242906
A,C19,WMF,2016-09-01,33.7973510525712
A,C19,WMF,2016-10-01,36.3266773730759
A,C19,WMF,2016-11-01,38.077480307356794
A,C19,WMF,2016-12-01,40.8425608775402
A,C19,WMF,2017-01-01,43.0398575152389
A,C19,WMF,2017-02-01,48.322826704303
A,C19,WMF,2017-03-01,56.1789825286579
A,C19,WMF,2017-04-01,44.253263049287604
A,C19,WMF,2017-05-01,42.9730322493221
A,C19,WMF,2017-06-01,41.8128946501445
A,C19,WMF,2017-07-01,44.794100658858596
A,C19,WMF,2017-08-01,38.5149664653372
A,C19,WMF,2017-09-01,45.1514869378211
A,C19,WMF,2017-10-01,49.2161069391772
A,C19,WMF,2017-11-01,50.2712802419689
A,C19,WMF,2017-12-01,51.1374917286606
A,C19,WMF,2018-01-01,53.902725732747896
A,C19,WMF,2018-02-01,57.359812372126
A,C19,WMF,2018-03-01,59.8512243363367
A,C19,WMF,2018-04-01,55.7474284032703
A,C19,WMF,2018-05-01,63.531357656298
A,C19,WMF,2018-06-01,69.0171286926856
A,C19,WMF,2018-07-01,67.0387539312509
A,C19,WMF,2018-08-01,65.8779063181315
A,C19,WMF,2018-09-01,64.1737236348021
A,C19,WMF,2018-10-01,62.987630012374
A,C19,WMF,2018-11-01,66.9117919404337
A,C19,WMF,2018-12-01,64.3610809464928
A,C19,WMF,2019-01-01,58.8199450947111
A,C19,WMF,2019-02-01,57.4761297368047
A,C19,WMF,2019-03-01,60.3367563351427
A,C19,WMF,2019-04-01,63.9670722720059
A,C19,WMF,2019-05-01,65.0822981831909
A,C19,WMF,2019-06-01,61.4926912479229
A,C19,WMF,2019-07-01,56.028616410012795
A,C19,WMF,2019-08-01,58.9777227590636
A,C19,WMF,2019-09-01,61.0070596717542
A,C19,WMF,2019-10-01,54.8146191953431
A,C19,WMF,2019-11-01,57.8919920828491
A,C19,WMF,2019-12-01,58.8530214646258
A,C19,WMF,2020-01-01,63.3961779750949
A,C19,WMF,2020-02-01,58.1896538582514
A,C19,WMF,2020-03-01,53.463478410984
A,C19,WMF,2020-04-01,30.5373687231404
A,C19,WMF,2020-05-01,19.2070686995361
A,C19,WMF,2020-06-01,18.1671766189244
A,C19,WMF,2020-07-01,19.1541952000691
A,C19,WMF,2020-08-01,17.109596578773
A,C19,WMF,2020-09-01,20.3933862026058
A,C19,WMF,2020-10-01,21.9979677361307
A,C19,WMF,2020-11-01,19.866657989523798
A,C19,WMF,2020-12-01,22.7792397678977
A,C19,WMF,2021-01-01,21.7517626341299
A,C19,WMF,2021-02-01,20.1784976134207
A,C19,WMF,2021-03-01,29.647838006148
A,C19,WMF,2021-04-01,25.5439179322417
A,C19,WMF,2021-05-01,23.516208827019597
A,C19,WMF,2021-06-01,19.7470701423238
A,C19,WMF,2021-07-01,20.7527541087794
A,C19,WMF,2021-08-01,29.7956379535162
A,C19,WMF,2021-09-01,32.2282646921626
A,C19,WMF,2021-10-01,35.3298816296497
A,C19,WMF,2021-11-01,42.9483042480066
A,C19,WMF,2021-12-01,37.873612868085196
A,C19,WMF,2022-01-01,48.4922253445238
A,C19,WMF,2022-02-01,54.085061016834295
A,C19,WMF,2022-03-01,61.919433646207196
A,C19,WMF,2022-04-01,54.5387531373986
A,C19,WMF,2022-05-01,79.8435587643358
A,C19,WMF,2022-06-01,109.694173957737
A,C19,WMF,2022-07-01,112.457124779783
A,C19,WMF,2022-08-01,90.5942555840737
A,C19,WMF,2022-09-01,83.8102532892767
A,C19,WMF,2022-10-01,72.5217841791314
A,C19,WMF,2022-11-01,76.1166136940834
A,C19,WMF,2022-12-01,77.5473264045393
A,C19,WMF,2023-01-01,67.3474045951984
A,C19,WMF,2023-02-01,74.3946343174291
A,C19,WMF,2023-03-01,67.8873502831201
A,C19,WMF,2023-04-01,61.352216937288205
A,C19,WMF,2023-05-01,59.110987326236504
A,C19,WMF,2023-06-01,60.0966608634346
A,C19,WMF,2023-07-01,60.481471214345405
A,C19,WMF,2023-08-01,66.3991746112504
A,C19,WMF,2023-09-01,69.5120199837697
A,C19,WMF,2023-10-01,74.8447309539683
A,C19,WMF,2023-11-01,68.34028474382309
A,C19,WMF,2023-12-01,73.1511649805205
A,C19,WMF,2024-01-01,67.0400042481788
A,C19,WMF,2024-02-01,68.8228195831152
A,C19,WMF,2024-03-01,69.76131175225531
A,C19,WMF,2024-04-01,66.2563397591842
A,C19,WMF,2024-05-01,57.863554502274404
A,C19,WMF,2024-06-01,60.9595577457981
A,C19,WMF,2024-07-01,64.8322367135237
A,C19,WMF,2024-08-01,61.9255494484636
A,C19,WMF,2024-09-01,60.618046820102
A,C19,WMF,2024-10-01,56.6784047139471
A,C19,WMF,2024-11-01,59.3250762563817
A,C19,WMF,2024-12-01,59.9976960722957
A,C19,WMF,2025-01-01,64.4287254049517
A,C19,WMF,2025-02-01,59.9295673276755
A,C19,WMF,2025-03-01,60.292242334170496
A,C19,WMF,2025-04-01,57.180426746782
A,C19,WMF,2025-05-01,61.5576608282513
A,C19,WMF,2025-06-01,56.7802331450217
A,C19,WMF,2025-07-01,57.8064556650261
A,C19,WMF,2025-08-01,57.490122379872204
A,C19,WMF,2025-09-01,56.932172564431504
A,C19,WMF,2025-10-01,61.3526427405331
A,C19,WMF,2025-11-01,58.2630705379422
A,C19,WMF,2025-12-01,53.2622963536946
A,C19,WMF,2026-01-01,59.5526185693894
A,C19,WMF,2026-02-01,55.5012927122624
A,C19,WMF,2026-03-01,67.4893709113576
A,C19,WMF,2026-04-01,87.8792753275519
A,C19,WMF,2026-05-01,100.744731931162
A,C19,WMF,2026-06-01,81.6988884433772
A,C19,WMF,2026-07-01,75.20654016492159
A,C20,R,2013-01-01,-9.5
A,C20,R,2013-02-01,-11.6
A,C20,R,2013-03-01,-21.6
A,C20,R,2013-04-01,-12.1
A,C20,R,2013-05-01,-26.5
A,C20,R,2013-06-01,-15.6
A,C20,R,2013-07-01,-12.6
A,C20,R,2013-08-01,-19.5
A,C20,R,2013-09-01,-20.9
A,C20,R,2013-10-01,-16.4
A,C20,R,2013-11-01,-15.1
A,C20,R,2013-12-01,-26.6
A,C20,R,2014-01-01,-11.1
A,C20,R,2014-02-01,-1.1
A,C20,R,2014-03-01,-18.6
A,C20,R,2014-04-01,0.9
A,C20,R,2014-05-01,4
A,C20,R,2014-06-01,-13.5
A,C20,R,2014-07-01,14.4
A,C20,R,2014-08-01,4.7
A,C20,R,2014-09-01,0.6
A,C20,R,2014-10-01,0.8
A,C20,R,2014-11-01,-5.9
A,C20,R,2014-12-01,-5.1
A,C20,R,2015-01-01,7.6
A,C20,R,2015-02-01,-6.8
A,C20,R,2015-03-01,20.5
A,C20,R,2015-04-01,-1.8
A,C20,R,2015-05-01,-5.5
A,C20,R,2015-06-01,11.7
A,C20,R,2015-07-01,-24.7
A,C20,R,2015-08-01,-15
A,C20,R,2015-09-01,3.1
A,C20,R,2015-10-01,4
A,C20,R,2015-11-01,-3.7
A,C20,R,2015-12-01,7.8
A,C20,R,2016-01-01,-1
A,C20,R,2016-02-01,0.8
A,C20,R,2016-03-01,5.9
A,C20,R,2016-04-01,-6.2
A,C20,R,2016-05-01,-7.5
A,C20,R,2016-06-01,1.6
A,C20,R,2016-07-01,7.2
A,C20,R,2016-08-01,14.4
A,C20,R,2016-09-01,11.4
A,C20,R,2016-10-01,-10
A,C20,R,2016-11-01,-0.5
A,C20,R,2016-12-01,9.8
A,C20,R,2017-01-01,-11.5
A,C20,R,2017-02-01,0.3
A,C20,R,2017-03-01,-8.6
A,C20,R,2017-04-01,-4.6
A,C20,R,2017-05-01,0.2
A,C20,R,2017-06-01,-10.3
A,C20,R,2017-07-01,-1.1
A,C20,R,2017-08-01,16
A,C20,R,2017-09-01,-12.9
A,C20,R,2017-10-01,3.1
A,C20,R,2017-11-01,6.9
A,C20,R,2017-12-01,-4.3
A,C20,R,2018-01-01,13.9
A,C20,R,2018-02-01,6.2
A,C20,R,2018-03-01,9.6
A,C20,R,2018-04-01,0.1
A,C20,R,2018-05-01,22.5
A,C20,R,2018-06-01,6.4
A,C20,R,2018-07-01,2.7
A,C20,R,2018-08-01,-14.1
A,C20,R,2018-09-01,6.5
A,C20,R,2018-10-01,15.9
A,C20,R,2018-11-01,14.9
A,C20,R,2018-12-01,9.9
A,C20,R,2019-01-01,-0.7
A,C20,R,2019-02-01,-1.5
A,C20,R,2019-03-01,-5.6
A,C20,R,2019-04-01,18.7
A,C20,R,2019-05-01,-8.1
A,C20,R,2019-06-01,8.8
A,C20,R,2019-07-01,17
A,C20,R,2019-08-01,5.2
A,C20,R,2019-09-01,-5.6
A,C20,R,2019-10-01,-7.8
A,C20,R,2019-11-01,-10.7
A,C20,R,2019-12-01,-14.4
A,C20,R,2020-01-01,-0.1
A,C20,R,2020-02-01,4.2
A,C20,R,2020-03-01,4.6
A,C20,R,2020-04-01,4.9
A,C20,R,2020-05-01,-3.3
A,C20,R,2020-06-01,8.3
A,C20,R,2020-07-01,-16.4
A,C20,R,2020-08-01,-8.2
A,C20,R,2020-09-01,5.5
A,C20,R,2020-10-01,1
A,C20,R,2020-11-01,18.8
A,C20,R,2020-12-01,-21.8
A,C20,R,2021-01-01,16.8
A,C20,R,2021-02-01,19.3
A,C20,R,2021-03-01,40.9
A,C20,R,2021-04-01,-22.3
A,C20,R,2021-05-01,51.9
A,C20,R,2021-06-01,-31.4
A,C20,R,2021-07-01,83.1
A,C20,R,2021-08-01,45.9
A,C20,R,2021-09-01,38.7
A,C20,R,2021-10-01,51.4
A,C20,R,2021-11-01,9.4
A,C20,R,2021-12-01,86.9
A,C20,R,2022-01-01,37.4
A,C20,R,2022-02-01,16.7
A,C20,R,2022-03-01,5.3
A,C20,R,2022-04-01,74.8
A,C20,R,2022-05-01,9.8
A,C20,R,2022-06-01,87.5
A,C20,R,2022-07-01,-19.7
A,C20,R,2022-08-01,13.9
A,C20,R,2022-09-01,26.7
A,C20,R,2022-10-01,13.1
A,C20,R,2022-11-01,30.1
A,C20,R,2022-12-01,-33
A,C20,R,2023-01-01,-17.9
A,C20,R,2023-02-01,-9
A,C20,R,2023-03-01,-6.9
A,C20,R,2023-04-01,-59
A,C20,R,2023-05-01,-22.5
A,C20,R,2023-06-01,-22.6
A,C20,R,2023-07-01,-20
A,C20,R,2023-08-01,-2.5
A,C20,R,2023-09-01,-13.9
A,C20,R,2023-10-01,-17.2
A,C20,R,2023-11-01,-13.6
A,C20,R,2023-12-01,-51.7
A,C20,R,2024-01-01,43.9
A,C20,R,2024-02-01,62.9
A,C20,R,2024-03-01,42.3
A,C20,R,2024-04-01,266.1
A,C20,R,2024-05-01,89.9
A,C20,R,2024-06-01,146
A,C20,R,2024-07-01,120.5
A,C20,R,2024-08-01,11
A,C20,R,2024-09-01,38
A,C20,R,2024-10-01,58.9
A,C20,R,2024-11-01,124.6
A,C20,R,2024-12-01,651.9
A,C20,R,2025-01-01,-17.6
A,C20,R,2025-02-01,-6.2
A,C20,R,2025-03-01,10.3
A,C20,R,2025-04-01,6.2
A,C20,R,2025-05-01,-12.7
A,C20,R,2025-06-01,-14.2
A,C20,R,2025-07-01,-6.5
A,C20,R,2025-08-01,11.3
A,C20,R,2025-09-01,-27.7
A,C20,R,2025-10-01,-32.1
A,C20,R,2025-11-01,-50.7
A,C20,R,2025-12-01,-53
A,C20,R,2026-01-01,6.1
A,C20,R,2026-02-01,-4.1
A,C20,R,2026-03-01,-14.2
A,C20,R,2026-04-01,-32.4
A,C20,R,2026-05-01,-19.5
A,C20,R,2026-06-01,-42.8
A,C20,R,2026-07-01,-21.2
A,C20,WMF,2012-01-01,1461.76675941271
A,C20,WMF,2012-02-01,1543.16742095751
A,C20,WMF,2012-03-01,1584.05837542228
A,C20,WMF,2012-04-01,1591.95773162572
A,C20,WMF,2012-05-01,1777.6694318988
A,C20,WMF,2012-06-01,1602.0546631739198
A,C20,WMF,2012-07-01,1632.52376531441
A,C20,WMF,2012-08-01,1644.49823936462
A,C20,WMF,2012-09-01,1616.33802153722
A,C20,WMF,2012-10-01,1615.7025403348
A,C20,WMF,2012-11-01,1641.10053005394
A,C20,WMF,2012-12-01,1694.55354618574
A,C20,WMF,2013-01-01,1649.14970359105
A,C20,WMF,2013-02-01,1648.03930741114
A,C20,WMF,2013-03-01,1572.28839949143
A,C20,WMF,2013-04-01,1587.13108269892
A,C20,WMF,2013-05-01,1543.9126660334
A,C20,WMF,2013-06-01,1557.54699931709
A,C20,WMF,2013-07-01,1554.32024166398
A,C20,WMF,2013-08-01,1480.03871213326
A,C20,WMF,2013-09-01,1513.5058293214
A,C20,WMF,2013-10-01,1464.42837247115
A,C20,WMF,2013-11-01,1568.7811569871399
A,C20,WMF,2013-12-01,1461.10011590956
A,C20,WMF,2014-01-01,1585.60130899492
A,C20,WMF,2014-02-01,1572.71020110479
A,C20,WMF,2014-03-01,1517.63966964632
A,C20,WMF,2014-04-01,1564.21436784853
A,C20,WMF,2014-05-01,1583.70910742067
A,C20,WMF,2014-06-01,1408.71673530075
A,C20,WMF,2014-07-01,1808.9100316986899
A,C20,WMF,2014-08-01,1639.44404496491
A,C20,WMF,2014-09-01,1521.75852469395
A,C20,WMF,2014-10-01,1534.13848226563
A,C20,WMF,2014-11-01,1496.46313912557
A,C20,WMF,2014-12-01,1456.3482060286701
A,C20,WMF,2015-01-01,1425.48721391445
A,C20,WMF,2015-02-01,1361.78288437287
A,C20,WMF,2015-03-01,1438.4249351861401
A,C20,WMF,2015-04-01,1432.89059957866
A,C20,WMF,2015-05-01,1445.08885479206
A,C20,WMF,2015-06-01,1442.8900336041902
A,C20,WMF,2015-07-01,1344.5211781440998
A,C20,WMF,2015-08-01,1347.69284210202
A,C20,WMF,2015-09-01,1495.89459817349
A,C20,WMF,2015-10-01,1444.44133238821
A,C20,WMF,2015-11-01,1379.77715375912
A,C20,WMF,2015-12-01,1405.20274483099
A,C20,WMF,2016-01-01,1486.39584873393
A,C20,WMF,2016-02-01,1490.4800418012098
A,C20,WMF,2016-03-01,1488.35503067243
A,C20,WMF,2016-04-01,1503.31681884654
A,C20,WMF,2016-05-01,1394.2992817662398
A,C20,WMF,2016-06-01,1471.21786185728
A,C20,WMF,2016-07-01,1527.39478611057
A,C20,WMF,2016-08-01,1469.60407473792
A,C20,WMF,2016-09-01,1800.41044489045
A,C20,WMF,2016-10-01,1454.7507412657199
A,C20,WMF,2016-11-01,1433.08471000562
A,C20,WMF,2016-12-01,1506.77573546457
A,C20,WMF,2017-01-01,1454.45498639055
A,C20,WMF,2017-02-01,1475.5597998119
A,C20,WMF,2017-03-01,1517.5128449293102
A,C20,WMF,2017-04-01,1423.97952554296
A,C20,WMF,2017-05-01,1479.47587507898
A,C20,WMF,2017-06-01,1479.50405697772
A,C20,WMF,2017-07-01,1518.33583536055
A,C20,WMF,2017-08-01,1961.59813714844
A,C20,WMF,2017-09-01,1538.7558095884299
A,C20,WMF,2017-10-01,1597.21890980534
A,C20,WMF,2017-11-01,1504.66386740142
A,C20,WMF,2017-12-01,1679.40780667215
A,C20,WMF,2018-01-01,1620.1869979503902
A,C20,WMF,2018-02-01,1625.0731359595202
A,C20,WMF,2018-03-01,1569.6339829025399
A,C20,WMF,2018-04-01,1604.8351657477701
A,C20,WMF,2018-05-01,1684.22506687829
A,C20,WMF,2018-06-01,1650.53872783217
A,C20,WMF,2018-07-01,1652.10629409804
A,C20,WMF,2018-08-01,1694.6180208378998
A,C20,WMF,2018-09-01,1651.0991209347799
A,C20,WMF,2018-10-01,1841.93145564392
A,C20,WMF,2018-11-01,1859.57546341269
A,C20,WMF,2018-12-01,1797.09900883676
A,C20,WMF,2019-01-01,1647.91734557579
A,C20,WMF,2019-02-01,1699.84557762293
A,C20,WMF,2019-03-01,1692.79299183764
A,C20,WMF,2019-04-01,1737.88282945787
A,C20,WMF,2019-05-01,1755.79984139104
A,C20,WMF,2019-06-01,1792.09310728687
A,C20,WMF,2019-07-01,1874.8409408274
A,C20,WMF,2019-08-01,1668.08782451887
A,C20,WMF,2019-09-01,1685.5022706336
A,C20,WMF,2019-10-01,1611.61000146193
A,C20,WMF,2019-11-01,1637.04207966234
A,C20,WMF,2019-12-01,1550.80952016083
A,C20,WMF,2020-01-01,1744.93336561061
A,C20,WMF,2020-02-01,1743.3765662744802
A,C20,WMF,2020-03-01,1655.6708711024498
A,C20,WMF,2020-04-01,1698.6623347446598
A,C20,WMF,2020-05-01,1555.11913741843
A,C20,WMF,2020-06-01,1859.64114187471
A,C20,WMF,2020-07-01,1453.7258850292899
A,C20,WMF,2020-08-01,1616.69845892299
A,C20,WMF,2020-09-01,1598.03985093471
A,C20,WMF,2020-10-01,1574.8762760176999
A,C20,WMF,2020-11-01,1873.66444050821
A,C20,WMF,2020-12-01,1790.92696716691
A,C20,WMF,2021-01-01,1737.8637207409502
A,C20,WMF,2021-02-01,1767.60008503926
A,C20,WMF,2021-03-01,1906.83692521968
A,C20,WMF,2021-04-01,1815.31702562688
A,C20,WMF,2021-05-01,1876.7844166605
A,C20,WMF,2021-06-01,1940.0259823799902
A,C20,WMF,2021-07-01,2560.7743796612904
A,C20,WMF,2021-08-01,2083.7402671948
A,C20,WMF,2021-09-01,2110.37815447933
A,C20,WMF,2021-10-01,2183.95541915128
A,C20,WMF,2021-11-01,2195.8774031360604
A,C20,WMF,2021-12-01,1925.96632223222
A,C20,WMF,2022-01-01,2557.21189017327
A,C20,WMF,2022-02-01,2118.52346641465
A,C20,WMF,2022-03-01,2071.80968771042
A,C20,WMF,2022-04-01,2125.54152967897
A,C20,WMF,2022-05-01,2494.66313120313
A,C20,WMF,2022-06-01,2181.1706581552503
A,C20,WMF,2022-07-01,2137.52722349299
A,C20,WMF,2022-08-01,2247.21389901858
A,C20,WMF,2022-09-01,2378.4677998899397
A,C20,WMF,2022-10-01,2232.76160998529
A,C20,WMF,2022-11-01,2118.03799438529
A,C20,WMF,2022-12-01,2120.28401542064
A,C20,WMF,2023-01-01,2332.09044894345
A,C20,WMF,2023-02-01,2264.64206271276
A,C20,WMF,2023-03-01,2495.2292791269397
A,C20,WMF,2023-04-01,2517.15172202231
A,C20,WMF,2023-05-01,2661.76198000878
A,C20,WMF,2023-06-01,2486.2444591304998
A,C20,WMF,2023-07-01,2392.98669662901
A,C20,WMF,2023-08-01,2601.60851732899
A,C20,WMF,2023-09-01,2661.1551950685302
A,C20,WMF,2023-10-01,2530.67127949914
A,C20,WMF,2023-11-01,2417.91145379742
A,C20,WMF,2023-12-01,2454.1790312252897
A,C20,WMF,2024-01-01,2452.29672840183
A,C20,WMF,2024-02-01,2462.67367928375
A,C20,WMF,2024-03-01,2451.75621945684
A,C20,WMF,2024-04-01,2506.81734984159
A,C20,WMF,2024-05-01,2612.87485222918
A,C20,WMF,2024-06-01,3373.76640679629
A,C20,WMF,2024-07-01,2918.44214534271
A,C20,WMF,2024-08-01,2659.35059714645
A,C20,WMF,2024-09-01,2717.6448769315502
A,C20,WMF,2024-10-01,3004.11019745011
A,C20,WMF,2024-11-01,3150.74628854887
A,C20,WMF,2024-12-01,3282.20058119308
A,C20,WMF,2025-01-01,3040.53285229428
A,C20,WMF,2025-02-01,3584.50232553684
A,C20,WMF,2025-03-01,3111.51767847181
A,C20,WMF,2025-04-01,3172.09837432802
A,C20,WMF,2025-05-01,2474.2637397655
A,C20,WMF,2025-06-01,2670.3694639703103
A,C20,WMF,2025-07-01,2570.90027987951
A,C20,WMF,2025-08-01,2736.73404677276
A,C20,WMF,2025-09-01,2488.1834779270803
A,C20,WMF,2025-10-01,2648.0890001258604
A,C20,WMF,2025-11-01,2646.17776492308
A,C20,WMF,2025-12-01,2771.8556109226497
A,C20,WMF,2026-01-01,2626.68921753501
A,C20,WMF,2026-02-01,2693.28359809581
A,C20,WMF,2026-03-01,2883.00816435426
A,C20,WMF,2026-04-01,2311.8326705443
A,C20,WMF,2026-05-01,3055.0953588522
A,C20,WMF,2026-06-01,2527.16211183367
A,C20,WMF,2026-07-01,3874.47697046641
A,C21,R,2013-01-01,-10.5
A,C21,R,2013-02-01,-20.2
A,C21,R,2013-03-01,-11.9
A,C21,R,2013-04-01,-7.5
A,C21,R,2013-05-01,-14.5
A,C21,R,2013-06-01,-8.1
A,C21,R,2013-07-01,-5.7
A,C21,R,2013-08-01,-9
A,C21,R,2013-09-01,-19.5
A,C21,R,2013-10-01,-12.1
A,C21,R,2013-11-01,-11.6
A,C21,R,2013-12-01,-8.8
A,C21,R,2014-01-01,8
A,C21,R,2014-02-01,14.2
A,C21,R,2014-03-01,9.7
A,C21,R,2014-04-01,8.3
A,C21,R,2014-05-01,0.1
A,C21,R,2014-06-01,7.5
A,C21,R,2014-07-01,4.7
A,C21,R,2014-08-01,1.9
A,C21,R,2014-09-01,1.8
A,C21,R,2014-10-01,10.1
A,C21,R,2014-11-01,3.5
A,C21,R,2014-12-01,3.4
A,C21,R,2015-01-01,0.4
A,C21,R,2015-02-01,-3.1
A,C21,R,2015-03-01,-2.7
A,C21,R,2015-04-01,-2.6
A,C21,R,2015-05-01,3.9
A,C21,R,2015-06-01,4
A,C21,R,2015-07-01,9.6
A,C21,R,2015-08-01,-3.7
A,C21,R,2015-09-01,5
A,C21,R,2015-10-01,10
A,C21,R,2015-11-01,6.4
A,C21,R,2015-12-01,9.5
A,C21,R,2016-01-01,-4.7
A,C21,R,2016-02-01,8
A,C21,R,2016-03-01,-3.5
A,C21,R,2016-04-01,14.3
A,C21,R,2016-05-01,0.6
A,C21,R,2016-06-01,-2.8
A,C21,R,2016-07-01,-4.5
A,C21,R,2016-08-01,11.9
A,C21,R,2016-09-01,9.8
A,C21,R,2016-10-01,-1.6
A,C21,R,2016-11-01,-3.8
A,C21,R,2016-12-01,12.5
A,C21,R,2017-01-01,17
A,C21,R,2017-02-01,-0.9
A,C21,R,2017-03-01,15.1
A,C21,R,2017-04-01,-0.1
A,C21,R,2017-05-01,26.6
A,C21,R,2017-06-01,7.2
A,C21,R,2017-07-01,6.7
A,C21,R,2017-08-01,7.7
A,C21,R,2017-09-01,1.3
A,C21,R,2017-10-01,-2.5
A,C21,R,2017-11-01,10.3
A,C21,R,2017-12-01,7.8
A,C21,R,2018-01-01,-1.6
A,C21,R,2018-02-01,16
A,C21,R,2018-03-01,15.1
A,C21,R,2018-04-01,5.4
A,C21,R,2018-05-01,0.7
A,C21,R,2018-06-01,19.2
A,C21,R,2018-07-01,0.4
A,C21,R,2018-08-01,6.1
A,C21,R,2018-09-01,5.2
A,C21,R,2018-10-01,24.2
A,C21,R,2018-11-01,16.1
A,C21,R,2018-12-01,4.9
A,C21,R,2019-01-01,15.1
A,C21,R,2019-02-01,5.7
A,C21,R,2019-03-01,-2.5
A,C21,R,2019-04-01,1.7
A,C21,R,2019-05-01,-70.8
A,C21,R,2019-06-01,11.6
A,C21,R,2019-07-01,16.7
A,C21,R,2019-08-01,1.3
A,C21,R,2019-09-01,19.2
A,C21,R,2019-10-01,3.8
A,C21,R,2019-11-01,1.1
A,C21,R,2019-12-01,-4.3
A,C21,R,2020-01-01,5.5
A,C21,R,2020-02-01,5.9
A,C21,R,2020-03-01,13.3
A,C21,R,2020-04-01,17.7
A,C21,R,2020-05-01,257.1
A,C21,R,2020-06-01,-10.3
A,C21,R,2020-07-01,6
A,C21,R,2020-08-01,4.6
A,C21,R,2020-09-01,-14.1
A,C21,R,2020-10-01,-6.5
A,C21,R,2020-11-01,4
A,C21,R,2020-12-01,-3.4
A,C21,R,2021-01-01,5.7
A,C21,R,2021-02-01,-2.8
A,C21,R,2021-03-01,4.4
A,C21,R,2021-04-01,2.2
A,C21,R,2021-05-01,15.5
A,C21,R,2021-06-01,10.9
A,C21,R,2021-07-01,5.8
A,C21,R,2021-08-01,12.8
A,C21,R,2021-09-01,18.8
A,C21,R,2021-10-01,9
A,C21,R,2021-11-01,9.3
A,C21,R,2021-12-01,20.2
A,C21,R,2022-01-01,-7.4
A,C21,R,2022-02-01,25.5
A,C21,R,2022-03-01,-9.4
A,C21,R,2022-04-01,-3.5
A,C21,R,2022-05-01,-12.8
A,C21,R,2022-06-01,1.7
A,C21,R,2022-07-01,-6.4
A,C21,R,2022-08-01,-6.2
A,C21,R,2022-09-01,-5.1
A,C21,R,2022-10-01,0.3
A,C21,R,2022-11-01,-15.2
A,C21,R,2022-12-01,-29.4
A,C21,R,2023-01-01,19
A,C21,R,2023-02-01,-13
A,C21,R,2023-03-01,16.3
A,C21,R,2023-04-01,-5.6
A,C21,R,2023-05-01,14.7
A,C21,R,2023-06-01,5.4
A,C21,R,2023-07-01,-0.7
A,C21,R,2023-08-01,12.1
A,C21,R,2023-09-01,28
A,C21,R,2023-10-01,-3.5
A,C21,R,2023-11-01,28
A,C21,R,2023-12-01,-18.8
A,C21,R,2024-01-01,-34.9
A,C21,R,2024-02-01,-27.2
A,C21,R,2024-03-01,-42.6
A,C21,R,2024-04-01,-20.9
A,C21,R,2024-05-01,-35.1
A,C21,R,2024-06-01,-34.6
A,C21,R,2024-07-01,-23.7
A,C21,R,2024-08-01,-32.6
A,C21,R,2024-09-01,-40.1
A,C21,R,2024-10-01,-13.4
A,C21,R,2024-11-01,-32.7
A,C21,R,2024-12-01,46.8
A,C21,R,2025-01-01,-1.5
A,C21,R,2025-02-01,7.3
A,C21,R,2025-03-01,43.6
A,C21,R,2025-04-01,2.5
A,C21,R,2025-05-01,4.3
A,C21,R,2025-06-01,5.4
A,C21,R,2025-07-01,-4
A,C21,R,2025-08-01,-5
A,C21,R,2025-09-01,1.9
A,C21,R,2025-10-01,-12.9
A,C21,R,2025-11-01,-2.3
A,C21,R,2025-12-01,-20.7
A,C21,R,2026-01-01,10.2
A,C21,R,2026-02-01,-5.3
A,C21,R,2026-03-01,-19.8
A,C21,R,2026-04-01,4.3
A,C21,R,2026-05-01,17.8
A,C21,R,2026-06-01,6.4
A,C21,R,2026-07-01,33.7
A,C21,WMF,2012-01-01,4740.92182588318
A,C21,WMF,2012-02-01,4909.12569512341
A,C21,WMF,2012-03-01,4783.06332120854
A,C21,WMF,2012-04-01,4633.0341452059
A,C21,WMF,2012-05-01,5296.38864814302
A,C21,WMF,2012-06-01,4700.78803179218
A,C21,WMF,2012-07-01,4821.02742936532
A,C21,WMF,2012-08-01,4985.36921121206
A,C21,WMF,2012-09-01,5662.65794824589
A,C21,WMF,2012-10-01,4878.120045167981
A,C21,WMF,2012-11-01,5116.73700148836
A,C21,WMF,2012-12-01,4691.54355459286
A,C21,WMF,2013-01-01,5120.520417183289
A,C21,WMF,2013-02-01,4698.2794446712
A,C21,WMF,2013-03-01,5261.10689000409
A,C21,WMF,2013-04-01,5140.77671346095
A,C21,WMF,2013-05-01,5415.9945663117
A,C21,WMF,2013-06-01,5314.79234809384
A,C21,WMF,2013-07-01,5282.26432886254
A,C21,WMF,2013-08-01,5338.79917018019
A,C21,WMF,2013-09-01,5291.86102558998
A,C21,WMF,2013-10-01,5079.11919384382
A,C21,WMF,2013-11-01,5171.87219987432
A,C21,WMF,2013-12-01,4823.76437099324
A,C21,WMF,2014-01-01,5370.54103939869
A,C21,WMF,2014-02-01,5552.29888062372
A,C21,WMF,2014-03-01,5488.06786255158
A,C21,WMF,2014-04-01,5818.02778520545
A,C21,WMF,2014-05-01,5300.6200626554
A,C21,WMF,2014-06-01,5581.130284872929
A,C21,WMF,2014-07-01,5614.16295254268
A,C21,WMF,2014-08-01,5727.57941580588
A,C21,WMF,2014-09-01,5431.472442323031
A,C21,WMF,2014-10-01,5495.8903764993
A,C21,WMF,2014-11-01,5726.79244098688
A,C21,WMF,2014-12-01,5454.24884915144
A,C21,WMF,2015-01-01,5497.10291762687
A,C21,WMF,2015-02-01,5250.10805946758
A,C21,WMF,2015-03-01,5341.725391356849
A,C21,WMF,2015-04-01,5092.27622808127
A,C21,WMF,2015-05-01,5028.345610445969
A,C21,WMF,2015-06-01,5652.2087855766895
A,C21,WMF,2015-07-01,5617.41431957477
A,C21,WMF,2015-08-01,5234.865182641361
A,C21,WMF,2015-09-01,5739.63461483387
A,C21,WMF,2015-10-01,6159.07037934476
A,C21,WMF,2015-11-01,5997.96258025395
A,C21,WMF,2015-12-01,6376.29469992758
A,C21,WMF,2016-01-01,5660.53203614586
A,C21,WMF,2016-02-01,6089.38376515385
A,C21,WMF,2016-03-01,5979.10216857586
A,C21,WMF,2016-04-01,6464.22029918899
A,C21,WMF,2016-05-01,6368.31652189579
A,C21,WMF,2016-06-01,6341.35016462422
A,C21,WMF,2016-07-01,6031.68792448113
A,C21,WMF,2016-08-01,6798.81584472717
A,C21,WMF,2016-09-01,6767.33331231591
A,C21,WMF,2016-10-01,6754.6175537279305
A,C21,WMF,2016-11-01,5919.93722878728
A,C21,WMF,2016-12-01,6804.04365175563
A,C21,WMF,2017-01-01,6980.06056580633
A,C21,WMF,2017-02-01,6444.89990898428
A,C21,WMF,2017-03-01,6074.667033947871
A,C21,WMF,2017-04-01,6699.689927391591
A,C21,WMF,2017-05-01,7076.599459640371
A,C21,WMF,2017-06-01,6214.60694898431
A,C21,WMF,2017-07-01,7042.758566174711
A,C21,WMF,2017-08-01,6472.06373075143
A,C21,WMF,2017-09-01,6600.289184530639
A,C21,WMF,2017-10-01,6475.07066177602
A,C21,WMF,2017-11-01,6468.52226666772
A,C21,WMF,2017-12-01,7358.085147708411
A,C21,WMF,2018-01-01,6603.581335206641
A,C21,WMF,2018-02-01,6930.64636483253
A,C21,WMF,2018-03-01,7056.72017613555
A,C21,WMF,2018-04-01,6844.30945819596
A,C21,WMF,2018-05-01,7283.5484562093
A,C21,WMF,2018-06-01,6978.41488065669
A,C21,WMF,2018-07-01,6935.00567925872
A,C21,WMF,2018-08-01,6610.5274428108905
A,C21,WMF,2018-09-01,6387.508447598019
A,C21,WMF,2018-10-01,7342.80820185022
A,C21,WMF,2018-11-01,7328.04052419407
A,C21,WMF,2018-12-01,7603.10259706177
A,C21,WMF,2019-01-01,7196.98596052666
A,C21,WMF,2019-02-01,7845.94765286938
A,C21,WMF,2019-03-01,7609.37108866186
A,C21,WMF,2019-04-01,7220.4784571415
A,C21,WMF,2019-05-01,7139.62635915107
A,C21,WMF,2019-06-01,9110.643323806351
A,C21,WMF,2019-07-01,8074.51965749922
A,C21,WMF,2019-08-01,7283.32194841951
A,C21,WMF,2019-09-01,9259.75963313402
A,C21,WMF,2019-10-01,8149.8011248170205
A,C21,WMF,2019-11-01,7611.650360618591
A,C21,WMF,2019-12-01,7685.61556375086
A,C21,WMF,2020-01-01,8007.32430918938
A,C21,WMF,2020-02-01,8072.98444669549
A,C21,WMF,2020-03-01,9067.8546839342
A,C21,WMF,2020-04-01,8506.62337510633
A,C21,WMF,2020-05-01,7726.16211213484
A,C21,WMF,2020-06-01,7746.241286732549
A,C21,WMF,2020-07-01,8117.16064305124
A,C21,WMF,2020-08-01,7942.87984546664
A,C21,WMF,2020-09-01,7497.3046107172895
A,C21,WMF,2020-10-01,7455.08390094407
A,C21,WMF,2020-11-01,7980.46055858648
A,C21,WMF,2020-12-01,7134.19503396853
A,C21,WMF,2021-01-01,8126.652042301131
A,C21,WMF,2021-02-01,7757.75017813058
A,C21,WMF,2021-03-01,8673.81443854325
A,C21,WMF,2021-04-01,8339.20509453704
A,C21,WMF,2021-05-01,9002.8324572416
A,C21,WMF,2021-06-01,8620.37346187994
A,C21,WMF,2021-07-01,8457.87729608631
A,C21,WMF,2021-08-01,9453.461041748911
A,C21,WMF,2021-09-01,9054.05316245255
A,C21,WMF,2021-10-01,8393.22755236947
A,C21,WMF,2021-11-01,9816.13314404691
A,C21,WMF,2021-12-01,9261.90892781145
A,C21,WMF,2022-01-01,7978.11098393262
A,C21,WMF,2022-02-01,11079.195348111602
A,C21,WMF,2022-03-01,8531.732497190871
A,C21,WMF,2022-04-01,8882.10758285302
A,C21,WMF,2022-05-01,8006.364837994191
A,C21,WMF,2022-06-01,9237.86858686509
A,C21,WMF,2022-07-01,8817.38102451166
A,C21,WMF,2022-08-01,9140.82752353345
A,C21,WMF,2022-09-01,9281.001038405531
A,C21,WMF,2022-10-01,9426.19860924658
A,C21,WMF,2022-11-01,7695.123310375
A,C21,WMF,2022-12-01,9123.61485816328
A,C21,WMF,2023-01-01,9752.52657751927
A,C21,WMF,2023-02-01,9085.48871620547
A,C21,WMF,2023-03-01,8901.60312807175
A,C21,WMF,2023-04-01,7497.50253733963
A,C21,WMF,2023-05-01,8635.70995995985
A,C21,WMF,2023-06-01,8471.805617727821
A,C21,WMF,2023-07-01,7878.3308881496405
A,C21,WMF,2023-08-01,8987.71526714454
A,C21,WMF,2023-09-01,10943.0459236234
A,C21,WMF,2023-10-01,7995.3236211277
A,C21,WMF,2023-11-01,8635.98264892978
A,C21,WMF,2023-12-01,8465.78402502979
A,C21,WMF,2024-01-01,8962.90860004589
A,C21,WMF,2024-02-01,9039.8935239942
A,C21,WMF,2024-03-01,8682.00371556527
A,C21,WMF,2024-04-01,10065.4125434615
A,C21,WMF,2024-05-01,9523.19285056544
A,C21,WMF,2024-06-01,9712.87010398162
A,C21,WMF,2024-07-01,9601.1244288579
A,C21,WMF,2024-08-01,9583.85216202533
A,C21,WMF,2024-09-01,9722.276202347231
A,C21,WMF,2024-10-01,11090.9476282026
A,C21,WMF,2024-11-01,8850.89765355983
A,C21,WMF,2024-12-01,10955.2792885464
A,C21,WMF,2025-01-01,9342.38316665744
A,C21,WMF,2025-02-01,10630.6458006515
A,C21,WMF,2025-03-01,14684.472795490201
A,C21,WMF,2025-04-01,10719.226649719601
A,C21,WMF,2025-05-01,8439.650817672169
A,C21,WMF,2025-06-01,9995.4652865427
A,C21,WMF,2025-07-01,8784.09386880971
A,C21,WMF,2025-08-01,8901.226057142041
A,C21,WMF,2025-09-01,9757.774249533079
A,C21,WMF,2025-10-01,9382.65217927872
A,C21,WMF,2025-11-01,9586.38395881983
A,C21,WMF,2025-12-01,8353.31805864021
A,C21,WMF,2026-01-01,8816.23137637954
A,C21,WMF,2026-02-01,8407.42358938601
A,C21,WMF,2026-03-01,8736.25247763506
A,C21,WMF,2026-04-01,8934.001864599131
A,C21,WMF,2026-05-01,10727.546076313101
A,C21,WMF,2026-06-01,10238.689025715099
A,C21,WMF,2026-07-01,12166.3337880943
A,C22,R,2013-01-01,-5.2
A,C22,R,2013-02-01,-3.6
A,C22,R,2013-03-01,0
A,C22,R,2013-04-01,3.5
A,C22,R,2013-05-01,1.5
A,C22,R,2013-06-01,2.4
A,C22,R,2013-07-01,4.4
A,C22,R,2013-08-01,-1.6
A,C22,R,2013-09-01,4
A,C22,R,2013-10-01,4.4
A,C22,R,2013-11-01,5.9
A,C22,R,2013-12-01,4.9
A,C22,R,2014-01-01,8.8
A,C22,R,2014-02-01,13.6
A,C22,R,2014-03-01,8.5
A,C22,R,2014-04-01,7.7
A,C22,R,2014-05-01,2.6
A,C22,R,2014-06-01,1.2
A,C22,R,2014-07-01,1.7
A,C22,R,2014-08-01,2.5
A,C22,R,2014-09-01,1.7
A,C22,R,2014-10-01,-0.5
A,C22,R,2014-11-01,3.8
A,C22,R,2014-12-01,-0.7
A,C22,R,2015-01-01,1.1
A,C22,R,2015-02-01,-6.6
A,C22,R,2015-03-01,-4.4
A,C22,R,2015-04-01,-5.6
A,C22,R,2015-05-01,-2.1
A,C22,R,2015-06-01,-3.7
A,C22,R,2015-07-01,-5.5
A,C22,R,2015-08-01,-3.3
A,C22,R,2015-09-01,-1.4
A,C22,R,2015-10-01,-1.3
A,C22,R,2015-11-01,-2.9
A,C22,R,2015-12-01,-6.8
A,C22,R,2016-01-01,-3.2
A,C22,R,2016-02-01,1.7
A,C22,R,2016-03-01,-0.8
A,C22,R,2016-04-01,-0.4
A,C22,R,2016-05-01,-2.6
A,C22,R,2016-06-01,1.1
A,C22,R,2016-07-01,-0.2
A,C22,R,2016-08-01,-3.3
A,C22,R,2016-09-01,-1.5
A,C22,R,2016-10-01,-4.6
A,C22,R,2016-11-01,-0.6
A,C22,R,2016-12-01,7.3
A,C22,R,2017-01-01,-1.1
A,C22,R,2017-02-01,-1.5
A,C22,R,2017-03-01,-0.6
A,C22,R,2017-04-01,-2.5
A,C22,R,2017-05-01,3.5
A,C22,R,2017-06-01,3.8
A,C22,R,2017-07-01,5.7
A,C22,R,2017-08-01,6.3
A,C22,R,2017-09-01,1.7
A,C22,R,2017-10-01,0.3
A,C22,R,2017-11-01,0
A,C22,R,2017-12-01,0.4
A,C22,R,2018-01-01,0.9
A,C22,R,2018-02-01,1
A,C22,R,2018-03-01,2.3
A,C22,R,2018-04-01,3.9
A,C22,R,2018-05-01,0
A,C22,R,2018-06-01,-2.5
A,C22,R,2018-07-01,-3.7
A,C22,R,2018-08-01,-2.1
A,C22,R,2018-09-01,-4.2
A,C22,R,2018-10-01,3.6
A,C22,R,2018-11-01,-0.8
A,C22,R,2018-12-01,0.7
A,C22,R,2019-01-01,0.5
A,C22,R,2019-02-01,0.8
A,C22,R,2019-03-01,-2.5
A,C22,R,2019-04-01,-2.4
A,C22,R,2019-05-01,-2.9
A,C22,R,2019-06-01,-5.2
A,C22,R,2019-07-01,-0.9
A,C22,R,2019-08-01,-4.7
A,C22,R,2019-09-01,-1.2
A,C22,R,2019-10-01,-2.2
A,C22,R,2019-11-01,-2.4
A,C22,R,2019-12-01,0.4
A,C22,R,2020-01-01,-1.5
A,C22,R,2020-02-01,-5.5
A,C22,R,2020-03-01,-1.2
A,C22,R,2020-04-01,-10.4
A,C22,R,2020-05-01,-14.8
A,C22,R,2020-06-01,-7.7
A,C22,R,2020-07-01,-10
A,C22,R,2020-08-01,-2.6
A,C22,R,2020-09-01,0.1
A,C22,R,2020-10-01,-0.1
A,C22,R,2020-11-01,4.5
A,C22,R,2020-12-01,-7.6
A,C22,R,2021-01-01,0.4
A,C22,R,2021-02-01,4.1
A,C22,R,2021-03-01,5.9
A,C22,R,2021-04-01,19.2
A,C22,R,2021-05-01,25.4
A,C22,R,2021-06-01,21
A,C22,R,2021-07-01,16.8
A,C22,R,2021-08-01,9.9
A,C22,R,2021-09-01,8.1
A,C22,R,2021-10-01,3.6
A,C22,R,2021-11-01,1.4
A,C22,R,2021-12-01,6.3
A,C22,R,2022-01-01,0.4
A,C22,R,2022-02-01,5.8
A,C22,R,2022-03-01,0.6
A,C22,R,2022-04-01,0.2
A,C22,R,2022-05-01,2.8
A,C22,R,2022-06-01,-2.2
A,C22,R,2022-07-01,-1
A,C22,R,2022-08-01,-0.6
A,C22,R,2022-09-01,-4.2
A,C22,R,2022-10-01,-0.6
A,C22,R,2022-11-01,-3
A,C22,R,2022-12-01,-3.7
A,C22,R,2023-01-01,-2.8
A,C22,R,2023-02-01,-10.5
A,C22,R,2023-03-01,20.4
A,C22,R,2023-04-01,-12.7
A,C22,R,2023-05-01,-13.8
A,C22,R,2023-06-01,-11.6
A,C22,R,2023-07-01,-9.6
A,C22,R,2023-08-01,-3.8
A,C22,R,2023-09-01,-4.5
A,C22,R,2023-10-01,-5.5
A,C22,R,2023-11-01,-6.2
A,C22,R,2023-12-01,-1.2
A,C22,R,2024-01-01,-2.1
A,C22,R,2024-02-01,1.5
A,C22,R,2024-03-01,-22.6
A,C22,R,2024-04-01,2.4
A,C22,R,2024-05-01,1.6
A,C22,R,2024-06-01,1.8
A,C22,R,2024-07-01,1.1
A,C22,R,2024-08-01,-4
A,C22,R,2024-09-01,-0.7
A,C22,R,2024-10-01,-1
A,C22,R,2024-11-01,-0.5
A,C22,R,2024-12-01,-1.9
A,C22,R,2025-01-01,-3.5
A,C22,R,2025-02-01,-2.2
A,C22,R,2025-03-01,-7.4
A,C22,R,2025-04-01,-1.9
A,C22,R,2025-05-01,-5.9
A,C22,R,2025-06-01,-4.4
A,C22,R,2025-07-01,-3.9
A,C22,R,2025-08-01,-4.8
A,C22,R,2025-09-01,-5.1
A,C22,R,2025-10-01,-3.8
A,C22,R,2025-11-01,-1.1
A,C22,R,2025-12-01,-4.1
A,C22,R,2026-01-01,3.2
A,C22,R,2026-02-01,-3.2
A,C22,R,2026-03-01,7.9
A,C22,R,2026-04-01,8.7
A,C22,R,2026-05-01,16.8
A,C22,R,2026-06-01,13.1
A,C22,R,2026-07-01,6.3
A,C22,WMF,2012-01-01,305.03325706518297
A,C22,WMF,2012-02-01,301.957250774387
A,C22,WMF,2012-03-01,303.197946507191
A,C22,WMF,2012-04-01,302.109510922369
A,C22,WMF,2012-05-01,309.072355661318
A,C22,WMF,2012-06-01,308.22314596872
A,C22,WMF,2012-07-01,309.549494050651
A,C22,WMF,2012-08-01,320.992760468645
A,C22,WMF,2012-09-01,301.214755141163
A,C22,WMF,2012-10-01,307.40407763705997
A,C22,WMF,2012-11-01,289.06893177125403
A,C22,WMF,2012-12-01,295.157942575728
A,C22,WMF,2013-01-01,306.054525596346
A,C22,WMF,2013-02-01,308.04277384208604
A,C22,WMF,2013-03-01,315.45751532499304
A,C22,WMF,2013-04-01,317.856676541143
A,C22,WMF,2013-05-01,325.29997088154204
A,C22,WMF,2013-06-01,330.985749804691
A,C22,WMF,2013-07-01,330.341651427908
A,C22,WMF,2013-08-01,332.11710889065597
A,C22,WMF,2013-09-01,322.808445432284
A,C22,WMF,2013-10-01,326.43001151721603
A,C22,WMF,2013-11-01,321.066876349907
A,C22,WMF,2013-12-01,323.332038862044
A,C22,WMF,2014-01-01,328.36338062355503
A,C22,WMF,2014-02-01,331.833665770069
A,C22,WMF,2014-03-01,334.676174700153
A,C22,WMF,2014-04-01,336.315279588682
A,C22,WMF,2014-05-01,327.251204510284
A,C22,WMF,2014-06-01,324.630630924759
A,C22,WMF,2014-07-01,328.614657674612
A,C22,WMF,2014-08-01,326.05667239942
A,C22,WMF,2014-09-01,330.844342496996
A,C22,WMF,2014-10-01,325.808320638302
A,C22,WMF,2014-11-01,328.489893036611
A,C22,WMF,2014-12-01,321.81819800725503
A,C22,WMF,2015-01-01,314.725367615158
A,C22,WMF,2015-02-01,297.50758951150203
A,C22,WMF,2015-03-01,299.03176885601005
A,C22,WMF,2015-04-01,297.34197878554795
A,C22,WMF,2015-05-01,297.017542415366
A,C22,WMF,2015-06-01,294.332755846142
A,C22,WMF,2015-07-01,292.78412934059
A,C22,WMF,2015-08-01,298.108915758028
A,C22,WMF,2015-09-01,304.064286601814
A,C22,WMF,2015-10-01,309.956594708519
A,C22,WMF,2015-11-01,310.434227124893
A,C22,WMF,2015-12-01,293.668576315782
A,C22,WMF,2016-01-01,304.92312311864697
A,C22,WMF,2016-02-01,310.00500594439796
A,C22,WMF,2016-03-01,305.53187874230804
A,C22,WMF,2016-04-01,306.948096620139
A,C22,WMF,2016-05-01,300.675507306325
A,C22,WMF,2016-06-01,303.781647393755
A,C22,WMF,2016-07-01,301.79512591103503
A,C22,WMF,2016-08-01,294.806391242114
A,C22,WMF,2016-09-01,300.418137236807
A,C22,WMF,2016-10-01,295.561944387814
A,C22,WMF,2016-11-01,301.912621304856
A,C22,WMF,2016-12-01,299.651120413333
A,C22,WMF,2017-01-01,295.17710753778897
A,C22,WMF,2017-02-01,297.750425965648
A,C22,WMF,2017-03-01,296.88479546852705
A,C22,WMF,2017-04-01,292.726753151609
A,C22,WMF,2017-05-01,302.200056443713
A,C22,WMF,2017-06-01,307.324002848775
A,C22,WMF,2017-07-01,309.650854496359
A,C22,WMF,2017-08-01,318.17953212073496
A,C22,WMF,2017-09-01,318.396073016688
A,C22,WMF,2017-10-01,315.546154705146
A,C22,WMF,2017-11-01,326.60397715780005
A,C22,WMF,2017-12-01,330.778820019826
A,C22,WMF,2018-01-01,329.897116605298
A,C22,WMF,2018-02-01,329.892013310257
A,C22,WMF,2018-03-01,337.464507007528
A,C22,WMF,2018-04-01,332.44335480727204
A,C22,WMF,2018-05-01,335.483077707605
A,C22,WMF,2018-06-01,332.79514347914
A,C22,WMF,2018-07-01,329.112865606562
A,C22,WMF,2018-08-01,330.92988649846
A,C22,WMF,2018-09-01,314.717293745952
A,C22,WMF,2018-10-01,324.326132250454
A,C22,WMF,2018-11-01,317.42061463587896
A,C22,WMF,2018-12-01,323.189776151411
A,C22,WMF,2019-01-01,327.00597735782304
A,C22,WMF,2019-02-01,329.649134473041
A,C22,WMF,2019-03-01,321.608554846156
A,C22,WMF,2019-04-01,322.53646463838396
A,C22,WMF,2019-05-01,320.732309565431
A,C22,WMF,2019-06-01,311.598081940569
A,C22,WMF,2019-07-01,316.382091922939
A,C22,WMF,2019-08-01,304.995658766759
A,C22,WMF,2019-09-01,306.881686717427
A,C22,WMF,2019-10-01,314.238056615511
A,C22,WMF,2019-11-01,310.51915023709705
A,C22,WMF,2019-12-01,319.724193377907
A,C22,WMF,2020-01-01,316.563630200699
A,C22,WMF,2020-02-01,302.379975307366
A,C22,WMF,2020-03-01,304.485710196573
A,C22,WMF,2020-04-01,269.474929705019
A,C22,WMF,2020-05-01,258.85424122379897
A,C22,WMF,2020-06-01,275.722105833828
A,C22,WMF,2020-07-01,282.168255223819
A,C22,WMF,2020-08-01,292.26985692289696
A,C22,WMF,2020-09-01,295.697077729056
A,C22,WMF,2020-10-01,299.527305411825
A,C22,WMF,2020-11-01,312.529189087668
A,C22,WMF,2020-12-01,290.311982833466
A,C22,WMF,2021-01-01,308.49324199806
A,C22,WMF,2021-02-01,314.831531976076
A,C22,WMF,2021-03-01,327.48820229516
A,C22,WMF,2021-04-01,332.211113307858
A,C22,WMF,2021-05-01,332.363424544406
A,C22,WMF,2021-06-01,338.251560014995
A,C22,WMF,2021-07-01,335.86868569983295
A,C22,WMF,2021-08-01,335.783856066007
A,C22,WMF,2021-09-01,345.547431460541
A,C22,WMF,2021-10-01,339.997483420252
A,C22,WMF,2021-11-01,343.955834598575
A,C22,WMF,2021-12-01,325.303579482696
A,C22,WMF,2022-01-01,343.32784831857697
A,C22,WMF,2022-02-01,354.646143412478
A,C22,WMF,2022-03-01,354.126882889082
A,C22,WMF,2022-04-01,357.644265849738
A,C22,WMF,2022-05-01,373.877885675076
A,C22,WMF,2022-06-01,363.611291126738
A,C22,WMF,2022-07-01,358.24501760984805
A,C22,WMF,2022-08-01,357.113150959789
A,C22,WMF,2022-09-01,353.29267388405594
A,C22,WMF,2022-10-01,355.02441222912
A,C22,WMF,2022-11-01,347.120890654477
A,C22,WMF,2022-12-01,347.213287001573
A,C22,WMF,2023-01-01,352.783920783855
A,C22,WMF,2023-02-01,345.815739906496
A,C22,WMF,2023-03-01,465.715584963647
A,C22,WMF,2023-04-01,337.59560152984795
A,C22,WMF,2023-05-01,334.57843827179596
A,C22,WMF,2023-06-01,331.066318253124
A,C22,WMF,2023-07-01,331.50289378667003
A,C22,WMF,2023-08-01,335.805530253361
A,C22,WMF,2023-09-01,328.684460005822
A,C22,WMF,2023-10-01,327.645640314851
A,C22,WMF,2023-11-01,326.69416375353
A,C22,WMF,2023-12-01,336.021323702459
A,C22,WMF,2024-01-01,322.960239609011
A,C22,WMF,2024-02-01,325.054829045426
A,C22,WMF,2024-03-01,325.953456330854
A,C22,WMF,2024-04-01,319.35109757804696
A,C22,WMF,2024-05-01,322.828160487753
A,C22,WMF,2024-06-01,318.766870608624
A,C22,WMF,2024-07-01,320.038868872205
A,C22,WMF,2024-08-01,318.932282537975
A,C22,WMF,2024-09-01,319.119955723709
A,C22,WMF,2024-10-01,318.815942705038
A,C22,WMF,2024-11-01,326.068468334893
A,C22,WMF,2024-12-01,323.91572606028404
A,C22,WMF,2025-01-01,322.155519354819
A,C22,WMF,2025-02-01,324.43437686213497
A,C22,WMF,2025-03-01,317.358818287619
A,C22,WMF,2025-04-01,320.18087048735396
A,C22,WMF,2025-05-01,309.575057517137
A,C22,WMF,2025-06-01,314.458498601444
A,C22,WMF,2025-07-01,315.49023590908496
A,C22,WMF,2025-08-01,313.45847060193
A,C22,WMF,2025-09-01,315.788490332758
A,C22,WMF,2025-10-01,318.823154521121
A,C22,WMF,2025-11-01,324.847081173903
A,C22,WMF,2025-12-01,311.64621518513104
A,C22,WMF,2026-01-01,323.10770820599504
A,C22,WMF,2026-02-01,301.933920418725
A,C22,WMF,2026-03-01,322.09954753015705
A,C22,WMF,2026-04-01,330.157683592757
A,C22,WMF,2026-05-01,335.57992993454997
A,C22,WMF,2026-06-01,336.06241407386204
A,C22,WMF,2026-07-01,326.851231485071
A,C24,R,2013-01-01,-1.6
A,C24,R,2013-02-01,-2.7
A,C24,R,2013-03-01,-3.8
A,C24,R,2013-04-01,6
A,C24,R,2013-05-01,3.9
A,C24,R,2013-06-01,15.2
A,C24,R,2013-07-01,10.2
A,C24,R,2013-08-01,6.6
A,C24,R,2013-09-01,11
A,C24,R,2013-10-01,15.2
A,C24,R,2013-11-01,13.6
A,C24,R,2013-12-01,10.3
A,C24,R,2014-01-01,7.3
A,C24,R,2014-02-01,7.4
A,C24,R,2014-03-01,12.2
A,C24,R,2014-04-01,9.1
A,C24,R,2014-05-01,9.3
A,C24,R,2014-06-01,2.8
A,C24,R,2014-07-01,-2.7
A,C24,R,2014-08-01,9.1
A,C24,R,2014-09-01,6.7
A,C24,R,2014-10-01,2.1
A,C24,R,2014-11-01,10.8
A,C24,R,2014-12-01,9.1
A,C24,R,2015-01-01,7.2
A,C24,R,2015-02-01,8.7
A,C24,R,2015-03-01,7
A,C24,R,2015-04-01,3.3
A,C24,R,2015-05-01,5.3
A,C24,R,2015-06-01,8
A,C24,R,2015-07-01,11
A,C24,R,2015-08-01,3.3
A,C24,R,2015-09-01,0.5
A,C24,R,2015-10-01,1.8
A,C24,R,2015-11-01,5.6
A,C24,R,2015-12-01,0.2
A,C24,R,2016-01-01,3.3
A,C24,R,2016-02-01,7.9
A,C24,R,2016-03-01,10.6
A,C24,R,2016-04-01,7.3
A,C24,R,2016-05-01,3.9
A,C24,R,2016-06-01,1.5
A,C24,R,2016-07-01,8.2
A,C24,R,2016-08-01,3
A,C24,R,2016-09-01,5.9
A,C24,R,2016-10-01,3.3
A,C24,R,2016-11-01,3.4
A,C24,R,2016-12-01,8.4
A,C24,R,2017-01-01,5.5
A,C24,R,2017-02-01,0.7
A,C24,R,2017-03-01,6.1
A,C24,R,2017-04-01,-0.6
A,C24,R,2017-05-01,11.4
A,C24,R,2017-06-01,12.5
A,C24,R,2017-07-01,1
A,C24,R,2017-08-01,4.3
A,C24,R,2017-09-01,6.2
A,C24,R,2017-10-01,9.8
A,C24,R,2017-11-01,11.1
A,C24,R,2017-12-01,4.3
A,C24,R,2018-01-01,12.5
A,C24,R,2018-02-01,7.5
A,C24,R,2018-03-01,-1.1
A,C24,R,2018-04-01,7.5
A,C24,R,2018-05-01,-5
A,C24,R,2018-06-01,-1.2
A,C24,R,2018-07-01,4.3
A,C24,R,2018-08-01,3.3
A,C24,R,2018-09-01,0.5
A,C24,R,2018-10-01,-2.3
A,C24,R,2018-11-01,-12.1
A,C24,R,2018-12-01,-7.3
A,C24,R,2019-01-01,-15.5
A,C24,R,2019-02-01,-2.3
A,C24,R,2019-03-01,-10.6
A,C24,R,2019-04-01,-7.6
A,C24,R,2019-05-01,-7.3
A,C24,R,2019-06-01,-16.7
A,C24,R,2019-07-01,-12.1
A,C24,R,2019-08-01,-11.3
A,C24,R,2019-09-01,-11.7
A,C24,R,2019-10-01,-10.4
A,C24,R,2019-11-01,-13.1
A,C24,R,2019-12-01,-8.9
A,C24,R,2020-01-01,-8
A,C24,R,2020-02-01,-18.9
A,C24,R,2020-03-01,-18.9
A,C24,R,2020-04-01,-41.3
A,C24,R,2020-05-01,-34.8
A,C24,R,2020-06-01,-29.9
A,C24,R,2020-07-01,-25.8
A,C24,R,2020-08-01,-8.2
A,C24,R,2020-09-01,-7.6
A,C24,R,2020-10-01,-0.4
A,C24,R,2020-11-01,10.4
A,C24,R,2020-12-01,-9.4
A,C24,R,2021-01-01,-9.8
A,C24,R,2021-02-01,7.3
A,C24,R,2021-03-01,21.6
A,C24,R,2021-04-01,70
A,C24,R,2021-05-01,48.2
A,C24,R,2021-06-01,47.9
A,C24,R,2021-07-01,30.4
A,C24,R,2021-08-01,2.4
A,C24,R,2021-09-01,-0.2
A,C24,R,2021-10-01,-7.9
A,C24,R,2021-11-01,-5.5
A,C24,R,2021-12-01,2.5
A,C24,R,2022-01-01,16.8
A,C24,R,2022-02-01,5.1
A,C24,R,2022-03-01,2
A,C24,R,2022-04-01,-3
A,C24,R,2022-05-01,6.3
A,C24,R,2022-06-01,2.1
A,C24,R,2022-07-01,3
A,C24,R,2022-08-01,4.2
A,C24,R,2022-09-01,9.1
A,C24,R,2022-10-01,3.2
A,C24,R,2022-11-01,-3.5
A,C24,R,2022-12-01,-2.5
A,C24,R,2023-01-01,-9.7
A,C24,R,2023-02-01,-13.4
A,C24,R,2023-03-01,-12.6
A,C24,R,2023-04-01,-9.8
A,C24,R,2023-05-01,-17.5
A,C24,R,2023-06-01,-8.6
A,C24,R,2023-07-01,-6.1
A,C24,R,2023-08-01,-2.6
A,C24,R,2023-09-01,-3.9
A,C24,R,2023-10-01,-4.4
A,C24,R,2023-11-01,-3.2
A,C24,R,2023-12-01,0.8
A,C24,R,2024-01-01,-0.8
A,C24,R,2024-02-01,-7.1
A,C24,R,2024-03-01,-8.3
A,C24,R,2024-04-01,-14.7
A,C24,R,2024-05-01,0.5
A,C24,R,2024-06-01,-3.2
A,C24,R,2024-07-01,-40
A,C24,R,2024-08-01,-31.4
A,C24,R,2024-09-01,-37.5
A,C24,R,2024-10-01,-26.2
A,C24,R,2024-11-01,-19.3
A,C24,R,2024-12-01,-7.3
A,C24,R,2025-01-01,-20.6
A,C24,R,2025-02-01,-12.3
A,C24,R,2025-03-01,-12
A,C24,R,2025-04-01,-2.3
A,C24,R,2025-05-01,-10.9
A,C24,R,2025-06-01,-15.5
A,C24,R,2025-07-01,39.7
A,C24,R,2025-08-01,27.9
A,C24,R,2025-09-01,27.8
A,C24,R,2025-10-01,24.7
A,C24,R,2025-11-01,15.4
A,C24,R,2025-12-01,5.1
A,C24,R,2026-01-01,14.8
A,C24,R,2026-02-01,11.6
A,C24,R,2026-03-01,18.6
A,C24,R,2026-04-01,10.4
A,C24,R,2026-05-01,4.8
A,C24,R,2026-06-01,-6.4
A,C24,R,2026-07-01,11.5
A,C24,WMF,2012-01-01,279.66722075861003
A,C24,WMF,2012-02-01,280.152996702874
A,C24,WMF,2012-03-01,275.655063068179
A,C24,WMF,2012-04-01,264.374572232042
A,C24,WMF,2012-05-01,267.902511803915
A,C24,WMF,2012-06-01,258.971696420759
A,C24,WMF,2012-07-01,268.858668826124
A,C24,WMF,2012-08-01,269.655239365207
A,C24,WMF,2012-09-01,267.904761113186
A,C24,WMF,2012-10-01,267.292713569179
A,C24,WMF,2012-11-01,250.61386621428701
A,C24,WMF,2012-12-01,239.806747113867
A,C24,WMF,2013-01-01,278.616609784427
A,C24,WMF,2013-02-01,263.498636586318
A,C24,WMF,2013-03-01,269.40290340508096
A,C24,WMF,2013-04-01,276.84329480728104
A,C24,WMF,2013-05-01,272.36574970985004
A,C24,WMF,2013-06-01,279.485312759221
A,C24,WMF,2013-07-01,280.552527275839
A,C24,WMF,2013-08-01,268.1880225665
A,C24,WMF,2013-09-01,274.005791552905
A,C24,WMF,2013-10-01,272.74201251275497
A,C24,WMF,2013-11-01,269.54678367552
A,C24,WMF,2013-12-01,268.54873463871
A,C24,WMF,2014-01-01,275.83171892827704
A,C24,WMF,2014-02-01,272.113469709926
A,C24,WMF,2014-03-01,271.043785777866
A,C24,WMF,2014-04-01,279.785992628622
A,C24,WMF,2014-05-01,277.48938535777
A,C24,WMF,2014-06-01,276.705134778158
A,C24,WMF,2014-07-01,278.47983856015003
A,C24,WMF,2014-08-01,282.10381514729204
A,C24,WMF,2014-09-01,292.082417224982
A,C24,WMF,2014-10-01,285.772072048364
A,C24,WMF,2014-11-01,289.8888134242
A,C24,WMF,2014-12-01,292.338404121708
A,C24,WMF,2015-01-01,282.486263510718
A,C24,WMF,2015-02-01,274.600601694439
A,C24,WMF,2015-03-01,270.21499574497
A,C24,WMF,2015-04-01,265.380385604197
A,C24,WMF,2015-05-01,264.914395306945
A,C24,WMF,2015-06-01,266.87719839447703
A,C24,WMF,2015-07-01,257.812641911912
A,C24,WMF,2015-08-01,272.873809569014
A,C24,WMF,2015-09-01,261.104463795002
A,C24,WMF,2015-10-01,267.570565976622
A,C24,WMF,2015-11-01,267.903282647104
A,C24,WMF,2015-12-01,260.904018213828
A,C24,WMF,2016-01-01,261.153717591291
A,C24,WMF,2016-02-01,270.889451720227
A,C24,WMF,2016-03-01,271.127091458525
A,C24,WMF,2016-04-01,269.10853176678904
A,C24,WMF,2016-05-01,267.167669016258
A,C24,WMF,2016-06-01,253.650250226749
A,C24,WMF,2016-07-01,270.596852467327
A,C24,WMF,2016-08-01,267.104361725873
A,C24,WMF,2016-09-01,264.012403835727
A,C24,WMF,2016-10-01,255.971181868047
A,C24,WMF,2016-11-01,266.270397788458
A,C24,WMF,2016-12-01,279.23663201869897
A,C24,WMF,2017-01-01,274.79524926580103
A,C24,WMF,2017-02-01,278.017862354357
A,C24,WMF,2017-03-01,293.845343576576
A,C24,WMF,2017-04-01,280.679959949863
A,C24,WMF,2017-05-01,303.782097762353
A,C24,WMF,2017-06-01,304.692649873088
A,C24,WMF,2017-07-01,292.22801930940096
A,C24,WMF,2017-08-01,298.05094486606095
A,C24,WMF,2017-09-01,311.54656012012396
A,C24,WMF,2017-10-01,318.694476241481
A,C24,WMF,2017-11-01,337.721467924397
A,C24,WMF,2017-12-01,347.34186411913697
A,C24,WMF,2018-01-01,352.169099310116
A,C24,WMF,2018-02-01,335.861377360064
A,C24,WMF,2018-03-01,331.473031043756
A,C24,WMF,2018-04-01,336.377170490188
A,C24,WMF,2018-05-01,327.291623129359
A,C24,WMF,2018-06-01,338.750830428423
A,C24,WMF,2018-07-01,339.675407707377
A,C24,WMF,2018-08-01,334.803579462156
A,C24,WMF,2018-09-01,324.99098660102396
A,C24,WMF,2018-10-01,319.157299044645
A,C24,WMF,2018-11-01,305.211502955961
A,C24,WMF,2018-12-01,302.490219231956
A,C24,WMF,2019-01-01,291.90523749157103
A,C24,WMF,2019-02-01,320.074887444772
A,C24,WMF,2019-03-01,301.97051518962
A,C24,WMF,2019-04-01,298.76719314478396
A,C24,WMF,2019-05-01,290.882081880935
A,C24,WMF,2019-06-01,265.615068568121
A,C24,WMF,2019-07-01,282.632816637923
A,C24,WMF,2019-08-01,272.84726468077804
A,C24,WMF,2019-09-01,274.8293114063
A,C24,WMF,2019-10-01,275.250089860353
A,C24,WMF,2019-11-01,255.723386187191
A,C24,WMF,2019-12-01,262.555125621125
A,C24,WMF,2020-01-01,263.536098970684
A,C24,WMF,2020-02-01,251.636645618052
A,C24,WMF,2020-03-01,229.837147922095
A,C24,WMF,2020-04-01,164.195069586295
A,C24,WMF,2020-05-01,180.204194076074
A,C24,WMF,2020-06-01,181.40078239173002
A,C24,WMF,2020-07-01,201.39947855733698
A,C24,WMF,2020-08-01,227.008619267185
A,C24,WMF,2020-09-01,237.53307461149
A,C24,WMF,2020-10-01,256.854596000789
A,C24,WMF,2020-11-01,264.795644263679
A,C24,WMF,2020-12-01,261.092668018911
A,C24,WMF,2021-01-01,266.606992844001
A,C24,WMF,2021-02-01,277.19629809231697
A,C24,WMF,2021-03-01,287.246713948756
A,C24,WMF,2021-04-01,299.971995940171
A,C24,WMF,2021-05-01,293.31838770214404
A,C24,WMF,2021-06-01,308.865351359427
A,C24,WMF,2021-07-01,303.46423821704
A,C24,WMF,2021-08-01,293.037598575263
A,C24,WMF,2021-09-01,295.632275367204
A,C24,WMF,2021-10-01,308.793895965124
A,C24,WMF,2021-11-01,328.36457245688496
A,C24,WMF,2021-12-01,302.583450582272
A,C24,WMF,2022-01-01,349.622417867456
A,C24,WMF,2022-02-01,365.828764333572
A,C24,WMF,2022-03-01,371.970547863067
A,C24,WMF,2022-04-01,381.238033338852
A,C24,WMF,2022-05-01,403.918861688412
A,C24,WMF,2022-06-01,381.06913664859803
A,C24,WMF,2022-07-01,378.237490086151
A,C24,WMF,2022-08-01,369.557575010396
A,C24,WMF,2022-09-01,367.592068650231
A,C24,WMF,2022-10-01,344.35901355888404
A,C24,WMF,2022-11-01,335.20813359359505
A,C24,WMF,2022-12-01,314.933800941607
A,C24,WMF,2023-01-01,331.52241597925
A,C24,WMF,2023-02-01,327.11975169467996
A,C24,WMF,2023-03-01,320.826363877067
A,C24,WMF,2023-04-01,312.569912824309
A,C24,WMF,2023-05-01,298.78586866398
A,C24,WMF,2023-06-01,320.18796067901997
A,C24,WMF,2023-07-01,313.53471819505
A,C24,WMF,2023-08-01,317.20063183203
A,C24,WMF,2023-09-01,317.30933692363203
A,C24,WMF,2023-10-01,297.39512799716096
A,C24,WMF,2023-11-01,292.84357421196404
A,C24,WMF,2023-12-01,290.093277554362
A,C24,WMF,2024-01-01,285.089556447579
A,C24,WMF,2024-02-01,270.407745395245
A,C24,WMF,2024-03-01,275.726349653429
A,C24,WMF,2024-04-01,261.529077400238
A,C24,WMF,2024-05-01,290.71471306715796
A,C24,WMF,2024-06-01,294.566052690693
A,C24,WMF,2024-07-01,218.273794918056
A,C24,WMF,2024-08-01,197.010250772704
A,C24,WMF,2024-09-01,209.245605654746
A,C24,WMF,2024-10-01,230.68391695243702
A,C24,WMF,2024-11-01,243.67145839929
A,C24,WMF,2024-12-01,249.24909738653002
A,C24,WMF,2025-01-01,242.436314592009
A,C24,WMF,2025-02-01,249.02645830085
A,C24,WMF,2025-03-01,251.951106477283
A,C24,WMF,2025-04-01,255.214147457981
A,C24,WMF,2025-05-01,256.678235838959
A,C24,WMF,2025-06-01,246.817160703667
A,C24,WMF,2025-07-01,254.386556502474
A,C24,WMF,2025-08-01,256.18836640957403
A,C24,WMF,2025-09-01,254.73087829301
A,C24,WMF,2025-10-01,272.449087395535
A,C24,WMF,2025-11-01,271.629040555076
A,C24,WMF,2025-12-01,270.521100426327
A,C24,WMF,2026-01-01,267.779003423914
A,C24,WMF,2026-02-01,270.363013483081
A,C24,WMF,2026-03-01,267.222064027392
A,C24,WMF,2026-04-01,275.332703293201
A,C24,WMF,2026-05-01,269.36935510922495
A,C24,WMF,2026-06-01,241.642816583144
A,C24,WMF,2026-07-01,292.298243583373
A,C25,R,2013-01-01,-5.7
A,C25,R,2013-02-01,-4.9
A,C25,R,2013-03-01,-1.9
A,C25,R,2013-04-01,-6.6
A,C25,R,2013-05-01,-4.9
A,C25,R,2013-06-01,2
A,C25,R,2013-07-01,-1.5
A,C25,R,2013-08-01,-5.4
A,C25,R,2013-09-01,2.9
A,C25,R,2013-10-01,0.6
A,C25,R,2013-11-01,1.8
A,C25,R,2013-12-01,-5.3
A,C25,R,2014-01-01,1
A,C25,R,2014-02-01,-1.7
A,C25,R,2014-03-01,-2.9
A,C25,R,2014-04-01,4.1
A,C25,R,2014-05-01,2.9
A,C25,R,2014-06-01,-6.2
A,C25,R,2014-07-01,-2.7
A,C25,R,2014-08-01,-4.4
A,C25,R,2014-09-01,0.8
A,C25,R,2014-10-01,4.8
A,C25,R,2014-11-01,3.2
A,C25,R,2014-12-01,2.8
A,C25,R,2015-01-01,-2.2
A,C25,R,2015-02-01,-2.4
A,C25,R,2015-03-01,-2.7
A,C25,R,2015-04-01,-4.4
A,C25,R,2015-05-01,-0.2
A,C25,R,2015-06-01,-2.9
A,C25,R,2015-07-01,-3.8
A,C25,R,2015-08-01,-3.1
A,C25,R,2015-09-01,-5.8
A,C25,R,2015-10-01,-10.2
A,C25,R,2015-11-01,-7.2
A,C25,R,2015-12-01,-7
A,C25,R,2016-01-01,1.9
A,C25,R,2016-02-01,-1.4
A,C25,R,2016-03-01,1
A,C25,R,2016-04-01,-0.2
A,C25,R,2016-05-01,-5
A,C25,R,2016-06-01,1.6
A,C25,R,2016-07-01,6.9
A,C25,R,2016-08-01,8.9
A,C25,R,2016-09-01,3.1
A,C25,R,2016-10-01,4.6
A,C25,R,2016-11-01,3.3
A,C25,R,2016-12-01,10.5
A,C25,R,2017-01-01,-2.7
A,C25,R,2017-02-01,8.2
A,C25,R,2017-03-01,4
A,C25,R,2017-04-01,7.1
A,C25,R,2017-05-01,5.5
A,C25,R,2017-06-01,5
A,C25,R,2017-07-01,1.8
A,C25,R,2017-08-01,0.5
A,C25,R,2017-09-01,6.7
A,C25,R,2017-10-01,3.3
A,C25,R,2017-11-01,18.1
A,C25,R,2017-12-01,15.1
A,C25,R,2018-01-01,16.6
A,C25,R,2018-02-01,3.8
A,C25,R,2018-03-01,7.8
A,C25,R,2018-04-01,3.5
A,C25,R,2018-05-01,5.7
A,C25,R,2018-06-01,5.5
A,C25,R,2018-07-01,1.6
A,C25,R,2018-08-01,3.5
A,C25,R,2018-09-01,-1.7
A,C25,R,2018-10-01,5
A,C25,R,2018-11-01,-6.7
A,C25,R,2018-12-01,-10.8
A,C25,R,2019-01-01,-9.5
A,C25,R,2019-02-01,-2
A,C25,R,2019-03-01,-2.5
A,C25,R,2019-04-01,-2.7
A,C25,R,2019-05-01,-1.8
A,C25,R,2019-06-01,-8.6
A,C25,R,2019-07-01,1.7
A,C25,R,2019-08-01,-7.9
A,C25,R,2019-09-01,-2.4
A,C25,R,2019-10-01,-8
A,C25,R,2019-11-01,-11.7
A,C25,R,2019-12-01,-1.2
A,C25,R,2020-01-01,0.5
A,C25,R,2020-02-01,2.9
A,C25,R,2020-03-01,-16.1
A,C25,R,2020-04-01,-24.6
A,C25,R,2020-05-01,-25.2
A,C25,R,2020-06-01,-9
A,C25,R,2020-07-01,-14.9
A,C25,R,2020-08-01,0.5
A,C25,R,2020-09-01,1.7
A,C25,R,2020-10-01,-1
A,C25,R,2020-11-01,4
A,C25,R,2020-12-01,-7.9
A,C25,R,2021-01-01,-0.4
A,C25,R,2021-02-01,-3.7
A,C25,R,2021-03-01,17.9
A,C25,R,2021-04-01,36.3
A,C25,R,2021-05-01,35.9
A,C25,R,2021-06-01,19.4
A,C25,R,2021-07-01,16.6
A,C25,R,2021-08-01,6.2
A,C25,R,2021-09-01,-2
A,C25,R,2021-10-01,7.1
A,C25,R,2021-11-01,5.8
A,C25,R,2021-12-01,5.8
A,C25,R,2022-01-01,0.2
A,C25,R,2022-02-01,1.4
A,C25,R,2022-03-01,0.7
A,C25,R,2022-04-01,0.5
A,C25,R,2022-05-01,3.1
A,C25,R,2022-06-01,7.4
A,C25,R,2022-07-01,-1.6
A,C25,R,2022-08-01,-0.5
A,C25,R,2022-09-01,6.9
A,C25,R,2022-10-01,-5.1
A,C25,R,2022-11-01,-4.7
A,C25,R,2022-12-01,-1
A,C25,R,2023-01-01,-13.2
A,C25,R,2023-02-01,-9.8
A,C25,R,2023-03-01,-9.7
A,C25,R,2023-04-01,-7.1
A,C25,R,2023-05-01,-16
A,C25,R,2023-06-01,-21.5
A,C25,R,2023-07-01,-12.1
A,C25,R,2023-08-01,-11
A,C25,R,2023-09-01,-20.8
A,C25,R,2023-10-01,-6.1
A,C25,R,2023-11-01,-10.6
A,C25,R,2023-12-01,-12.2
A,C25,R,2024-01-01,0.4
A,C25,R,2024-02-01,-3.2
A,C25,R,2024-03-01,-2.3
A,C25,R,2024-04-01,-12.4
A,C25,R,2024-05-01,-6
A,C25,R,2024-06-01,0.2
A,C25,R,2024-07-01,0.4
A,C25,R,2024-08-01,-6.1
A,C25,R,2024-09-01,3.3
A,C25,R,2024-10-01,-2.6
A,C25,R,2024-11-01,3
A,C25,R,2024-12-01,11.8
A,C25,R,2025-01-01,3.3
A,C25,R,2025-02-01,1
A,C25,R,2025-03-01,-2.2
A,C25,R,2025-04-01,5.5
A,C25,R,2025-05-01,10.3
A,C25,R,2025-06-01,-0.4
A,C25,R,2025-07-01,1.4
A,C25,R,2025-08-01,5.3
A,C25,R,2025-09-01,9.5
A,C25,R,2025-10-01,3.4
A,C25,R,2025-11-01,3.6
A,C25,R,2025-12-01,-1
A,C25,R,2026-01-01,10
A,C25,R,2026-02-01,-0.8
A,C25,R,2026-03-01,-0.6
A,C25,R,2026-04-01,5.6
A,C25,R,2026-05-01,-4.5
A,C25,R,2026-06-01,5.5
A,C25,R,2026-07-01,-0.7
A,C25,WMF,2012-01-01,486.31183206927597
A,C25,WMF,2012-02-01,485.50539200457104
A,C25,WMF,2012-03-01,481.13415216519496
A,C25,WMF,2012-04-01,485.224180515082
A,C25,WMF,2012-05-01,478.463642810779
A,C25,WMF,2012-06-01,469.598490354459
A,C25,WMF,2012-07-01,478.701673371617
A,C25,WMF,2012-08-01,497.60341654225897
A,C25,WMF,2012-09-01,456.663781964732
A,C25,WMF,2012-10-01,460.87824638883
A,C25,WMF,2012-11-01,437.398166064565
A,C25,WMF,2012-12-01,455.814236841918
A,C25,WMF,2013-01-01,463.12190634848304
A,C25,WMF,2013-02-01,466.416794347664
A,C25,WMF,2013-03-01,468.58253163959097
A,C25,WMF,2013-04-01,467.14730418137503
A,C25,WMF,2013-05-01,458.571414902722
A,C25,WMF,2013-06-01,485.867907643339
A,C25,WMF,2013-07-01,479.883131255003
A,C25,WMF,2013-08-01,474.79176582137296
A,C25,WMF,2013-09-01,495.523437113824
A,C25,WMF,2013-10-01,477.50833364482895
A,C25,WMF,2013-11-01,471.999858910964
A,C25,WMF,2013-12-01,477.735003713539
A,C25,WMF,2014-01-01,481.12335800058696
A,C25,WMF,2014-02-01,481.79605028114
A,C25,WMF,2014-03-01,477.503580672022
A,C25,WMF,2014-04-01,487.685654694034
A,C25,WMF,2014-05-01,489.633330906496
A,C25,WMF,2014-06-01,479.88478851677604
A,C25,WMF,2014-07-01,483.739245063199
A,C25,WMF,2014-08-01,480.03544949392904
A,C25,WMF,2014-09-01,494.144407160406
A,C25,WMF,2014-10-01,513.840600311909
A,C25,WMF,2014-11-01,487.548178581281
A,C25,WMF,2014-12-01,475.132373719073
A,C25,WMF,2015-01-01,463.772887877883
A,C25,WMF,2015-02-01,452.803072871149
A,C25,WMF,2015-03-01,457.896778708951
A,C25,WMF,2015-04-01,444.46229748200795
A,C25,WMF,2015-05-01,446.26171848358
A,C25,WMF,2015-06-01,446.97882071340797
A,C25,WMF,2015-07-01,429.703224688814
A,C25,WMF,2015-08-01,445.847025260543
A,C25,WMF,2015-09-01,438.256685513009
A,C25,WMF,2015-10-01,444.627013386541
A,C25,WMF,2015-11-01,444.471212600925
A,C25,WMF,2015-12-01,430.302113883946
A,C25,WMF,2016-01-01,467.493529253606
A,C25,WMF,2016-02-01,447.180492732762
A,C25,WMF,2016-03-01,450.53210383016904
A,C25,WMF,2016-04-01,448.362180519526
A,C25,WMF,2016-05-01,449.542364014212
A,C25,WMF,2016-06-01,443.056141355255
A,C25,WMF,2016-07-01,459.607117774976
A,C25,WMF,2016-08-01,457.64434253442596
A,C25,WMF,2016-09-01,449.962315095961
A,C25,WMF,2016-10-01,448.130937060351
A,C25,WMF,2016-11-01,444.705713445287
A,C25,WMF,2016-12-01,460.334026823946
A,C25,WMF,2017-01-01,433.04432125911404
A,C25,WMF,2017-02-01,465.515066049604
A,C25,WMF,2017-03-01,458.59955061613203
A,C25,WMF,2017-04-01,471.901272771091
A,C25,WMF,2017-05-01,469.332392799932
A,C25,WMF,2017-06-01,481.490561238491
A,C25,WMF,2017-07-01,484.609289187452
A,C25,WMF,2017-08-01,485.804727205426
A,C25,WMF,2017-09-01,500.276988876769
A,C25,WMF,2017-10-01,486.715918847248
A,C25,WMF,2017-11-01,523.967647990307
A,C25,WMF,2017-12-01,558.339584930196
A,C25,WMF,2018-01-01,548.659035876015
A,C25,WMF,2018-02-01,509.08431470074805
A,C25,WMF,2018-03-01,515.804780242667
A,C25,WMF,2018-04-01,518.216618771944
A,C25,WMF,2018-05-01,517.1492837259281
A,C25,WMF,2018-06-01,520.140113028464
A,C25,WMF,2018-07-01,508.37783756026204
A,C25,WMF,2018-08-01,515.790956991606
A,C25,WMF,2018-09-01,502.658979296493
A,C25,WMF,2018-10-01,521.220974626169
A,C25,WMF,2018-11-01,534.340905361374
A,C25,WMF,2018-12-01,512.932955042971
A,C25,WMF,2019-01-01,512.501400127443
A,C25,WMF,2019-02-01,521.639428991561
A,C25,WMF,2019-03-01,524.122883099507
A,C25,WMF,2019-04-01,528.0191449423099
A,C25,WMF,2019-05-01,517.469412910837
A,C25,WMF,2019-06-01,495.07563809579403
A,C25,WMF,2019-07-01,539.798011624789
A,C25,WMF,2019-08-01,492.532348846707
A,C25,WMF,2019-09-01,504.783887751081
A,C25,WMF,2019-10-01,504.351704024957
A,C25,WMF,2019-11-01,477.004900711676
A,C25,WMF,2019-12-01,514.3418130603039
A,C25,WMF,2020-01-01,514.171188884288
A,C25,WMF,2020-02-01,535.283654796515
A,C25,WMF,2020-03-01,438.581166404799
A,C25,WMF,2020-04-01,396.329716715951
A,C25,WMF,2020-05-01,390.994595876501
A,C25,WMF,2020-06-01,446.12001367283705
A,C25,WMF,2020-07-01,446.930610640046
A,C25,WMF,2020-08-01,491.786387368147
A,C25,WMF,2020-09-01,502.26765749517205
A,C25,WMF,2020-10-01,490.32420644512496
A,C25,WMF,2020-11-01,493.059661480067
A,C25,WMF,2020-12-01,508.430990571194
A,C25,WMF,2021-01-01,518.06391535096
A,C25,WMF,2021-02-01,524.022045508757
A,C25,WMF,2021-03-01,530.379040879488
A,C25,WMF,2021-04-01,534.6370599301509
A,C25,WMF,2021-05-01,536.164324242451
A,C25,WMF,2021-06-01,543.531446378999
A,C25,WMF,2021-07-01,539.047715414757
A,C25,WMF,2021-08-01,533.446822410275
A,C25,WMF,2021-09-01,514.631811828303
A,C25,WMF,2021-10-01,533.263889150648
A,C25,WMF,2021-11-01,539.390477401743
A,C25,WMF,2021-12-01,495.231409221702
A,C25,WMF,2022-01-01,539.85997850149
A,C25,WMF,2022-02-01,551.518334982092
A,C25,WMF,2022-03-01,551.289642870339
A,C25,WMF,2022-04-01,566.185332715688
A,C25,WMF,2022-05-01,600.600366393139
A,C25,WMF,2022-06-01,629.387796109594
A,C25,WMF,2022-07-01,562.722311514112
A,C25,WMF,2022-08-01,566.429232826567
A,C25,WMF,2022-09-01,586.94517223737
A,C25,WMF,2022-10-01,538.9540373744629
A,C25,WMF,2022-11-01,545.693402335438
A,C25,WMF,2022-12-01,546.470280063603
A,C25,WMF,2023-01-01,498.82635444705403
A,C25,WMF,2023-02-01,525.765165788686
A,C25,WMF,2023-03-01,535.555307172127
A,C25,WMF,2023-04-01,538.731551789505
A,C25,WMF,2023-05-01,506.386305436931
A,C25,WMF,2023-06-01,503.57212085439596
A,C25,WMF,2023-07-01,529.311594224395
A,C25,WMF,2023-08-01,516.032780016111
A,C25,WMF,2023-09-01,491.388465269168
A,C25,WMF,2023-10-01,520.392257724778
A,C25,WMF,2023-11-01,512.250354972963
A,C25,WMF,2023-12-01,564.350311280331
A,C25,WMF,2024-01-01,490.200459408386
A,C25,WMF,2024-02-01,493.583152137071
A,C25,WMF,2024-03-01,504.013605933495
A,C25,WMF,2024-04-01,487.669498039625
A,C25,WMF,2024-05-01,486.24372086076
A,C25,WMF,2024-06-01,503.461704465489
A,C25,WMF,2024-07-01,497.634684595298
A,C25,WMF,2024-08-01,490.49723912723204
A,C25,WMF,2024-09-01,486.253993807842
A,C25,WMF,2024-10-01,499.32959323111
A,C25,WMF,2024-11-01,483.29549381798796
A,C25,WMF,2024-12-01,483.299843026497
A,C25,WMF,2025-01-01,513.9679753519611
A,C25,WMF,2025-02-01,512.631456398964
A,C25,WMF,2025-03-01,496.296213830477
A,C25,WMF,2025-04-01,491.97962831158503
A,C25,WMF,2025-05-01,513.785816585296
A,C25,WMF,2025-06-01,487.307692593323
A,C25,WMF,2025-07-01,497.241724032558
A,C25,WMF,2025-08-01,492.45358659350995
A,C25,WMF,2025-09-01,543.092858452613
A,C25,WMF,2025-10-01,505.133218861417
A,C25,WMF,2025-11-01,520.983993098666
A,C25,WMF,2025-12-01,521.58119809921
A,C25,WMF,2026-01-01,550.291408002367
A,C25,WMF,2026-02-01,502.316127726223
A,C25,WMF,2026-03-01,496.77806436294503
A,C25,WMF,2026-04-01,523.8343111771919
A,C25,WMF,2026-05-01,494.961129618913
A,C25,WMF,2026-06-01,515.299228629018
A,C25,WMF,2026-07-01,497.976905953071
A,C26,R,2013-01-01,2.8
A,C26,R,2013-02-01,-2.5
A,C26,R,2013-03-01,1.6
A,C26,R,2013-04-01,-2.1
A,C26,R,2013-05-01,-7.4
A,C26,R,2013-06-01,-4.9
A,C26,R,2013-07-01,-1.9
A,C26,R,2013-08-01,1.2
A,C26,R,2013-09-01,0.7
A,C26,R,2013-10-01,-2.8
A,C26,R,2013-11-01,-1.4
A,C26,R,2013-12-01,-1.3
A,C26,R,2014-01-01,-1.6
A,C26,R,2014-02-01,3.3
A,C26,R,2014-03-01,-2.1
A,C26,R,2014-04-01,0.5
A,C26,R,2014-05-01,1.9
A,C26,R,2014-06-01,0.7
A,C26,R,2014-07-01,5.4
A,C26,R,2014-08-01,4.7
A,C26,R,2014-09-01,4.1
A,C26,R,2014-10-01,7.4
A,C26,R,2014-11-01,1.9
A,C26,R,2014-12-01,2.8
A,C26,R,2015-01-01,7.1
A,C26,R,2015-02-01,-2.1
A,C26,R,2015-03-01,1.6
A,C26,R,2015-04-01,-0.1
A,C26,R,2015-05-01,-6.8
A,C26,R,2015-06-01,-2.5
A,C26,R,2015-07-01,-9.9
A,C26,R,2015-08-01,-8.7
A,C26,R,2015-09-01,-9.9
A,C26,R,2015-10-01,-12
A,C26,R,2015-11-01,-10.6
A,C26,R,2015-12-01,-10.1
A,C26,R,2016-01-01,-8.8
A,C26,R,2016-02-01,-6
A,C26,R,2016-03-01,-11.5
A,C26,R,2016-04-01,-12.5
A,C26,R,2016-05-01,-10.2
A,C26,R,2016-06-01,-12.7
A,C26,R,2016-07-01,-12.9
A,C26,R,2016-08-01,-11.7
A,C26,R,2016-09-01,-5.5
A,C26,R,2016-10-01,-13.8
A,C26,R,2016-11-01,-9.3
A,C26,R,2016-12-01,-7.7
A,C26,R,2017-01-01,-10.7
A,C26,R,2017-02-01,-6.8
A,C26,R,2017-03-01,-3.7
A,C26,R,2017-04-01,-2.8
A,C26,R,2017-05-01,-1.7
A,C26,R,2017-06-01,-1.8
A,C26,R,2017-07-01,1.8
A,C26,R,2017-08-01,4.2
A,C26,R,2017-09-01,-1.5
A,C26,R,2017-10-01,3
A,C26,R,2017-11-01,6.9
A,C26,R,2017-12-01,3.7
A,C26,R,2018-01-01,3.5
A,C26,R,2018-02-01,3.5
A,C26,R,2018-03-01,4.3
A,C26,R,2018-04-01,3.6
A,C26,R,2018-05-01,4.9
A,C26,R,2018-06-01,7.7
A,C26,R,2018-07-01,3
A,C26,R,2018-08-01,-4
A,C26,R,2018-09-01,-4.5
A,C26,R,2018-10-01,1.4
A,C26,R,2018-11-01,-4.2
A,C26,R,2018-12-01,-2.4
A,C26,R,2019-01-01,-2.4
A,C26,R,2019-02-01,-0.1
A,C26,R,2019-03-01,-3.7
A,C26,R,2019-04-01,-2.7
A,C26,R,2019-05-01,1.4
A,C26,R,2019-06-01,-7.1
A,C26,R,2019-07-01,-1.2
A,C26,R,2019-08-01,0.5
A,C26,R,2019-09-01,0.8
A,C26,R,2019-10-01,-1.4
A,C26,R,2019-11-01,-4.8
A,C26,R,2019-12-01,-1.1
A,C26,R,2020-01-01,0.2
A,C26,R,2020-02-01,-7.9
A,C26,R,2020-03-01,-19.4
A,C26,R,2020-04-01,-56.1
A,C26,R,2020-05-01,-51.2
A,C26,R,2020-06-01,-31.6
A,C26,R,2020-07-01,-18.3
A,C26,R,2020-08-01,-9.7
A,C26,R,2020-09-01,-13.2
A,C26,R,2020-10-01,-6.2
A,C26,R,2020-11-01,-3.1
A,C26,R,2020-12-01,-8.4
A,C26,R,2021-01-01,-6.3
A,C26,R,2021-02-01,-7.4
A,C26,R,2021-03-01,15.1
A,C26,R,2021-04-01,117.2
A,C26,R,2021-05-01,87.4
A,C26,R,2021-06-01,40.6
A,C26,R,2021-07-01,24.1
A,C26,R,2021-08-01,4.3
A,C26,R,2021-09-01,10.3
A,C26,R,2021-10-01,4.3
A,C26,R,2021-11-01,4.8
A,C26,R,2021-12-01,-3.8
A,C26,R,2022-01-01,1.5
A,C26,R,2022-02-01,12.1
A,C26,R,2022-03-01,4.3
A,C26,R,2022-04-01,-6.1
A,C26,R,2022-05-01,-2.4
A,C26,R,2022-06-01,3.7
A,C26,R,2022-07-01,-1.1
A,C26,R,2022-08-01,8.4
A,C26,R,2022-09-01,6.8
A,C26,R,2022-10-01,2.6
A,C26,R,2022-11-01,2.1
A,C26,R,2022-12-01,-3.4
A,C26,R,2023-01-01,-3.6
A,C26,R,2023-02-01,-0.4
A,C26,R,2023-03-01,2.1
A,C26,R,2023-04-01,9.6
A,C26,R,2023-05-01,5.6
A,C26,R,2023-06-01,0.7
A,C26,R,2023-07-01,-5.8
A,C26,R,2023-08-01,-7
A,C26,R,2023-09-01,-0.2
A,C26,R,2023-10-01,2
A,C26,R,2023-11-01,-3.2
A,C26,R,2023-12-01,9.4
A,C26,R,2024-01-01,1.6
A,C26,R,2024-02-01,-6
A,C26,R,2024-03-01,-8.3
A,C26,R,2024-04-01,-6.8
A,C26,R,2024-05-01,-5.4
A,C26,R,2024-06-01,-8.7
A,C26,R,2024-07-01,-10.6
A,C26,R,2024-08-01,-2.4
A,C26,R,2024-09-01,-13.9
A,C26,R,2024-10-01,-12.8
A,C26,R,2024-11-01,-8.6
A,C26,R,2024-12-01,-3.3
A,C26,R,2025-01-01,-5.7
A,C26,R,2025-02-01,-8.6
A,C26,R,2025-03-01,-0.3
A,C26,R,2025-04-01,8.4
A,C26,R,2025-05-01,-7.9
A,C26,R,2025-06-01,-5.4
A,C26,R,2025-07-01,5.3
A,C26,R,2025-08-01,-5.2
A,C26,R,2025-09-01,-5.4
A,C26,R,2025-10-01,-8.1
A,C26,R,2025-11-01,-1.2
A,C26,R,2025-12-01,-0.7
A,C26,R,2026-01-01,5.2
A,C26,R,2026-02-01,7.4
A,C26,R,2026-03-01,-6.8
A,C26,R,2026-04-01,-12.7
A,C26,R,2026-05-01,2.4
A,C26,R,2026-06-01,3.2
A,C26,R,2026-07-01,-0.9
A,C26,WMF,2012-01-01,2569.9864446370602
A,C26,WMF,2012-02-01,2623.30428007895
A,C26,WMF,2012-03-01,2650.38417664777
A,C26,WMF,2012-04-01,2735.68980594919
A,C26,WMF,2012-05-01,2870.69815786452
A,C26,WMF,2012-06-01,2800.75846946926
A,C26,WMF,2012-07-01,2748.4416417595503
A,C26,WMF,2012-08-01,2694.5272162402603
A,C26,WMF,2012-09-01,2709.77790429023
A,C26,WMF,2012-10-01,2758.33973936695
A,C26,WMF,2012-11-01,2709.91113171899
A,C26,WMF,2012-12-01,2760.5988006612
A,C26,WMF,2013-01-01,2710.53796062471
A,C26,WMF,2013-02-01,2623.66517641783
A,C26,WMF,2013-03-01,2787.91503224015
A,C26,WMF,2013-04-01,2721.0507138196904
A,C26,WMF,2013-05-01,2774.77822798951
A,C26,WMF,2013-06-01,2764.62891594339
A,C26,WMF,2013-07-01,2796.46375729901
A,C26,WMF,2013-08-01,2749.42724169933
A,C26,WMF,2013-09-01,2807.36567494608
A,C26,WMF,2013-10-01,2743.25655139484
A,C26,WMF,2013-11-01,2791.0172904829897
A,C26,WMF,2013-12-01,2801.1022950875604
A,C26,WMF,2014-01-01,2689.2359539149898
A,C26,WMF,2014-02-01,2741.4417249560097
A,C26,WMF,2014-03-01,2703.16449480966
A,C26,WMF,2014-04-01,2741.48751785937
A,C26,WMF,2014-05-01,2765.0981623172897
A,C26,WMF,2014-06-01,2731.21624785695
A,C26,WMF,2014-07-01,2838.48543879398
A,C26,WMF,2014-08-01,2842.3960633688303
A,C26,WMF,2014-09-01,2830.07441447439
A,C26,WMF,2014-10-01,2904.00089807736
A,C26,WMF,2014-11-01,2829.36251828683
A,C26,WMF,2014-12-01,2792.8763610078604
A,C26,WMF,2015-01-01,2863.5581015748403
A,C26,WMF,2015-02-01,2697.428537449
A,C26,WMF,2015-03-01,2802.4674953369004
A,C26,WMF,2015-04-01,2795.6622377835897
A,C26,WMF,2015-05-01,2672.33860551473
A,C26,WMF,2015-06-01,2733.31529860293
A,C26,WMF,2015-07-01,2567.54800054276
A,C26,WMF,2015-08-01,2672.98573818947
A,C26,WMF,2015-09-01,2637.74091572137
A,C26,WMF,2015-10-01,2638.36004023631
A,C26,WMF,2015-11-01,2617.93059613022
A,C26,WMF,2015-12-01,2595.67093214434
A,C26,WMF,2016-01-01,2722.0213031123
A,C26,WMF,2016-02-01,2621.69234847369
A,C26,WMF,2016-03-01,2509.3419332477297
A,C26,WMF,2016-04-01,2496.41340078747
A,C26,WMF,2016-05-01,2486.7298188979603
A,C26,WMF,2016-06-01,2481.98634097833
A,C26,WMF,2016-07-01,2449.92654620036
A,C26,WMF,2016-08-01,2477.6289324015
A,C26,WMF,2016-09-01,2596.37619824272
A,C26,WMF,2016-10-01,2426.41931406636
A,C26,WMF,2016-11-01,2464.3607437658
A,C26,WMF,2016-12-01,2491.77643195406
A,C26,WMF,2017-01-01,2489.79233281673
A,C26,WMF,2017-02-01,2495.70102419738
A,C26,WMF,2017-03-01,2525.62557345406
A,C26,WMF,2017-04-01,2561.29386580538
A,C26,WMF,2017-05-01,2536.12159260318
A,C26,WMF,2017-06-01,2520.7393859773897
A,C26,WMF,2017-07-01,2561.38079936826
A,C26,WMF,2017-08-01,2647.22769156509
A,C26,WMF,2017-09-01,2680.3458048677703
A,C26,WMF,2017-10-01,2590.58497865336
A,C26,WMF,2017-11-01,2729.7749865201204
A,C26,WMF,2017-12-01,2694.50097538842
A,C26,WMF,2018-01-01,2719.89396291465
A,C26,WMF,2018-02-01,2701.53038548211
A,C26,WMF,2018-03-01,2702.91997349753
A,C26,WMF,2018-04-01,2760.3803044618703
A,C26,WMF,2018-05-01,2737.49291765169
A,C26,WMF,2018-06-01,2804.31872152917
A,C26,WMF,2018-07-01,2737.24875397077
A,C26,WMF,2018-08-01,2692.16772089827
A,C26,WMF,2018-09-01,2689.8983891792404
A,C26,WMF,2018-10-01,2733.02646901051
A,C26,WMF,2018-11-01,2741.9770839136
A,C26,WMF,2018-12-01,2748.3190632546703
A,C26,WMF,2019-01-01,2762.28294011927
A,C26,WMF,2019-02-01,2838.19355881541
A,C26,WMF,2019-03-01,2798.35956749213
A,C26,WMF,2019-04-01,2780.1625355095202
A,C26,WMF,2019-05-01,2898.97258334662
A,C26,WMF,2019-06-01,2754.25812017203
A,C26,WMF,2019-07-01,2766.55640713917
A,C26,WMF,2019-08-01,2828.01313758107
A,C26,WMF,2019-09-01,2822.15698914812
A,C26,WMF,2019-10-01,2794.28194361087
A,C26,WMF,2019-11-01,2753.81545799157
A,C26,WMF,2019-12-01,2851.8731445479298
A,C26,WMF,2020-01-01,2878.8204288593897
A,C26,WMF,2020-02-01,2724.04176067595
A,C26,WMF,2020-03-01,2276.52580853641
A,C26,WMF,2020-04-01,1220.60294902553
A,C26,WMF,2020-05-01,1408.5745397493702
A,C26,WMF,2020-06-01,1923.93004267073
A,C26,WMF,2020-07-01,2325.9876716108497
A,C26,WMF,2020-08-01,2641.53063087252
A,C26,WMF,2020-09-01,2517.90642418725
A,C26,WMF,2020-10-01,2662.59851953822
A,C26,WMF,2020-11-01,2699.56535712641
A,C26,WMF,2020-12-01,2755.25362538932
A,C26,WMF,2021-01-01,2849.2769991648597
A,C26,WMF,2021-02-01,2641.3434141409402
A,C26,WMF,2021-03-01,2821.99203355163
A,C26,WMF,2021-04-01,2908.7067990483297
A,C26,WMF,2021-05-01,2864.34580474455
A,C26,WMF,2021-06-01,2854.3608320674302
A,C26,WMF,2021-07-01,3009.35266333682
A,C26,WMF,2021-08-01,2907.46291118982
A,C26,WMF,2021-09-01,2927.78686509144
A,C26,WMF,2021-10-01,2945.9727569838
A,C26,WMF,2021-11-01,2977.6552876329897
A,C26,WMF,2021-12-01,2789.6442365480098
A,C26,WMF,2022-01-01,2988.3273039432
A,C26,WMF,2022-02-01,3114.9729938814103
A,C26,WMF,2022-03-01,3173.57554383422
A,C26,WMF,2022-04-01,3026.5521508761403
A,C26,WMF,2022-05-01,3081.5401615729897
A,C26,WMF,2022-06-01,3155.0264854676298
A,C26,WMF,2022-07-01,3187.0114247582796
A,C26,WMF,2022-08-01,3148.31213212385
A,C26,WMF,2022-09-01,3299.94539084205
A,C26,WMF,2022-10-01,3245.8914121455496
A,C26,WMF,2022-11-01,3243.12662532464
A,C26,WMF,2022-12-01,3128.1236868872497
A,C26,WMF,2023-01-01,3194.27995496458
A,C26,WMF,2023-02-01,3277.2170542794297
A,C26,WMF,2023-03-01,3315.44787061985
A,C26,WMF,2023-04-01,3255.7855720714997
A,C26,WMF,2023-05-01,3272.95778320826
A,C26,WMF,2023-06-01,3294.19466999056
A,C26,WMF,2023-07-01,3133.9055942887403
A,C26,WMF,2023-08-01,3212.2299743211197
A,C26,WMF,2023-09-01,3343.60533745637
A,C26,WMF,2023-10-01,3325.52078724729
A,C26,WMF,2023-11-01,3292.27075911266
A,C26,WMF,2023-12-01,3260.49982418448
A,C26,WMF,2024-01-01,3163.6197547033503
A,C26,WMF,2024-02-01,3183.4472429868397
A,C26,WMF,2024-03-01,3132.4605817691204
A,C26,WMF,2024-04-01,3199.02160945771
A,C26,WMF,2024-05-01,3255.12111218329
A,C26,WMF,2024-06-01,3223.40215634082
A,C26,WMF,2024-07-01,3079.6743801331
A,C26,WMF,2024-08-01,3375.8110548474397
A,C26,WMF,2024-09-01,3143.18828827606
A,C26,WMF,2024-10-01,3192.97247902561
A,C26,WMF,2024-11-01,3174.56091047378
A,C26,WMF,2024-12-01,3199.0686667393898
A,C26,WMF,2025-01-01,3219.6484005068696
A,C26,WMF,2025-02-01,3099.3020850244097
A,C26,WMF,2025-03-01,3294.6828495775
A,C26,WMF,2025-04-01,3621.78948641108
A,C26,WMF,2025-05-01,3044.75703718144
A,C26,WMF,2025-06-01,3085.71833663095
A,C26,WMF,2025-07-01,3260.11444134583
A,C26,WMF,2025-08-01,3166.07030063625
A,C26,WMF,2025-09-01,3066.7068267886602
A,C26,WMF,2025-10-01,3047.70785212701
A,C26,WMF,2025-11-01,3132.82384817037
A,C26,WMF,2025-12-01,3230.52149246314
A,C26,WMF,2026-01-01,3241.02072015959
A,C26,WMF,2026-02-01,3243.6517679871204
A,C26,WMF,2026-03-01,3109.1577330099103
A,C26,WMF,2026-04-01,3218.44753256504
A,C26,WMF,2026-05-01,3189.1568103042896
A,C26,WMF,2026-06-01,3320.35559353061
A,C26,WMF,2026-07-01,3398.96466790711
A,C2652,R,2013-01-01,9.3
A,C2652,R,2013-02-01,-1.7
A,C2652,R,2013-03-01,4
A,C2652,R,2013-04-01,-3.4
A,C2652,R,2013-05-01,-10.4
A,C2652,R,2013-06-01,-3.3
A,C2652,R,2013-07-01,-5.1
A,C2652,R,2013-08-01,4
A,C2652,R,2013-09-01,3.2
A,C2652,R,2013-10-01,0.3
A,C2652,R,2013-11-01,-0.9
A,C2652,R,2013-12-01,-3.1
A,C2652,R,2014-01-01,-0.2
A,C2652,R,2014-02-01,4.6
A,C2652,R,2014-03-01,0.4
A,C2652,R,2014-04-01,4.1
A,C2652,R,2014-05-01,4.6
A,C2652,R,2014-06-01,2.4
A,C2652,R,2014-07-01,10.5
A,C2652,R,2014-08-01,5.4
A,C2652,R,2014-09-01,5.3
A,C2652,R,2014-10-01,6.8
A,C2652,R,2014-11-01,1.9
A,C2652,R,2014-12-01,4.8
A,C2652,R,2015-01-01,5.9
A,C2652,R,2015-02-01,-2.6
A,C2652,R,2015-03-01,-1.6
A,C2652,R,2015-04-01,-1
A,C2652,R,2015-05-01,-9
A,C2652,R,2015-06-01,-3.1
A,C2652,R,2015-07-01,-13.7
A,C2652,R,2015-08-01,-7.9
A,C2652,R,2015-09-01,-14.2
A,C2652,R,2015-10-01,-15.3
A,C2652,R,2015-11-01,-13.1
A,C2652,R,2015-12-01,-11.4
A,C2652,R,2016-01-01,-10.8
A,C2652,R,2016-02-01,-10.9
A,C2652,R,2016-03-01,-12.9
A,C2652,R,2016-04-01,-18.7
A,C2652,R,2016-05-01,-15.1
A,C2652,R,2016-06-01,-19.4
A,C2652,R,2016-07-01,-16.6
A,C2652,R,2016-08-01,-13.9
A,C2652,R,2016-09-01,-10.7
A,C2652,R,2016-10-01,-15.1
A,C2652,R,2016-11-01,-11.2
A,C2652,R,2016-12-01,-8.8
A,C2652,R,2017-01-01,-12.6
A,C2652,R,2017-02-01,-7.5
A,C2652,R,2017-03-01,-5.1
A,C2652,R,2017-04-01,1.6
A,C2652,R,2017-05-01,2.5
A,C2652,R,2017-06-01,2.6
A,C2652,R,2017-07-01,6.4
A,C2652,R,2017-08-01,2.8
A,C2652,R,2017-09-01,3.4
A,C2652,R,2017-10-01,3.1
A,C2652,R,2017-11-01,6.3
A,C2652,R,2017-12-01,0.9
A,C2652,R,2018-01-01,7.8
A,C2652,R,2018-02-01,9
A,C2652,R,2018-03-01,7.7
A,C2652,R,2018-04-01,6.1
A,C2652,R,2018-05-01,9.8
A,C2652,R,2018-06-01,13.2
A,C2652,R,2018-07-01,-0.4
A,C2652,R,2018-08-01,-3.6
A,C2652,R,2018-09-01,-5.9
A,C2652,R,2018-10-01,1.2
A,C2652,R,2018-11-01,-5
A,C2652,R,2018-12-01,-3.6
A,C2652,R,2019-01-01,-4.6
A,C2652,R,2019-02-01,-4.7
A,C2652,R,2019-03-01,-5.7
A,C2652,R,2019-04-01,-3.4
A,C2652,R,2019-05-01,1.9
A,C2652,R,2019-06-01,-10.2
A,C2652,R,2019-07-01,-2.7
A,C2652,R,2019-08-01,-0.5
A,C2652,R,2019-09-01,1.3
A,C2652,R,2019-10-01,-2.8
A,C2652,R,2019-11-01,-7
A,C2652,R,2019-12-01,-1.9
A,C2652,R,2020-01-01,-0.3
A,C2652,R,2020-02-01,-13.7
A,C2652,R,2020-03-01,-24.9
A,C2652,R,2020-04-01,-73.1
A,C2652,R,2020-05-01,-64.7
A,C2652,R,2020-06-01,-39.7
A,C2652,R,2020-07-01,-24.4
A,C2652,R,2020-08-01,-9.4
A,C2652,R,2020-09-01,-19.9
A,C2652,R,2020-10-01,-13.4
A,C2652,R,2020-11-01,-5.3
A,C2652,R,2020-12-01,-9.1
A,C2652,R,2021-01-01,-12.2
A,C2652,R,2021-02-01,-10.4
A,C2652,R,2021-03-01,15.3
A,C2652,R,2021-04-01,229.2
A,C2652,R,2021-05-01,131.8
A,C2652,R,2021-06-01,49.8
A,C2652,R,2021-07-01,24.6
A,C2652,R,2021-08-01,-2.5
A,C2652,R,2021-09-01,9.8
A,C2652,R,2021-10-01,6.7
A,C2652,R,2021-11-01,1.8
A,C2652,R,2021-12-01,-4.8
A,C2652,R,2022-01-01,0.3
A,C2652,R,2022-02-01,13.4
A,C2652,R,2022-03-01,2.4
A,C2652,R,2022-04-01,-7.8
A,C2652,R,2022-05-01,-7
A,C2652,R,2022-06-01,-0.8
A,C2652,R,2022-07-01,-4.6
A,C2652,R,2022-08-01,1.1
A,C2652,R,2022-09-01,3.4
A,C2652,R,2022-10-01,-1.7
A,C2652,R,2022-11-01,-3.2
A,C2652,R,2022-12-01,-3.1
A,C2652,R,2023-01-01,-4.5
A,C2652,R,2023-02-01,3.1
A,C2652,R,2023-03-01,1.9
A,C2652,R,2023-04-01,10.5
A,C2652,R,2023-05-01,10.7
A,C2652,R,2023-06-01,2.9
A,C2652,R,2023-07-01,-1
A,C2652,R,2023-08-01,0.7
A,C2652,R,2023-09-01,6
A,C2652,R,2023-10-01,2.7
A,C2652,R,2023-11-01,4
A,C2652,R,2023-12-01,8.7
A,C2652,R,2024-01-01,-0.3
A,C2652,R,2024-02-01,-13.8
A,C2652,R,2024-03-01,-9.7
A,C2652,R,2024-04-01,-12.3
A,C2652,R,2024-05-01,-10.3
A,C2652,R,2024-06-01,-12.6
A,C2652,R,2024-07-01,-17.3
A,C2652,R,2024-08-01,-7.8
A,C2652,R,2024-09-01,-21.8
A,C2652,R,2024-10-01,-16.4
A,C2652,R,2024-11-01,-14.2
A,C2652,R,2024-12-01,-12
A,C2652,R,2025-01-01,-8.6
A,C2652,R,2025-02-01,-12.2
A,C2652,R,2025-03-01,-2.7
A,C2652,R,2025-04-01,14.1
A,C2652,R,2025-05-01,-11
A,C2652,R,2025-06-01,-8.4
A,C2652,R,2025-07-01,5.6
A,C2652,R,2025-08-01,-8.3
A,C2652,R,2025-09-01,-9.3
A,C2652,R,2025-10-01,-10.4
A,C2652,R,2025-11-01,-1
A,C2652,R,2025-12-01,3.8
A,C2652,R,2026-01-01,8.1
A,C2652,R,2026-02-01,13.4
A,C2652,R,2026-03-01,-9.1
A,C2652,R,2026-04-01,-17.6
A,C2652,R,2026-05-01,2.7
A,C2652,R,2026-06-01,2.7
A,C2652,R,2026-07-01,2.7
A,C2652,WMF,2012-01-01,1574.72477331555
A,C2652,WMF,2012-02-01,1658.16321575963
A,C2652,WMF,2012-03-01,1700.85196625668
A,C2652,WMF,2012-04-01,1770.0451295118899
A,C2652,WMF,2012-05-01,1902.00827560231
A,C2652,WMF,2012-06-01,1787.70344329336
A,C2652,WMF,2012-07-01,1788.6692261177102
A,C2652,WMF,2012-08-01,1733.3748115496298
A,C2652,WMF,2012-09-01,1751.26757028909
A,C2652,WMF,2012-10-01,1775.1274446156
A,C2652,WMF,2012-11-01,1789.05454273055
A,C2652,WMF,2012-12-01,1901.59915170962
A,C2652,WMF,2013-01-01,1747.78211583099
A,C2652,WMF,2013-02-01,1735.38101234818
A,C2652,WMF,2013-03-01,1821.29457264342
A,C2652,WMF,2013-04-01,1726.2477113838102
A,C2652,WMF,2013-05-01,1782.1543941649102
A,C2652,WMF,2013-06-01,1813.65011035413
A,C2652,WMF,2013-07-01,1823.4645713883199
A,C2652,WMF,2013-08-01,1784.51962742411
A,C2652,WMF,2013-09-01,1864.37713981372
A,C2652,WMF,2013-10-01,1827.14993816013
A,C2652,WMF,2013-11-01,1834.74063984254
A,C2652,WMF,2013-12-01,1828.97011129457
A,C2652,WMF,2014-01-01,1741.74147666719
A,C2652,WMF,2014-02-01,1852.88374903442
A,C2652,WMF,2014-03-01,1800.4246389836098
A,C2652,WMF,2014-04-01,1842.9094932380299
A,C2652,WMF,2014-05-01,1863.52731410864
A,C2652,WMF,2014-06-01,1809.3121190847498
A,C2652,WMF,2014-07-01,1904.25957700666
A,C2652,WMF,2014-08-01,1866.92609777474
A,C2652,WMF,2014-09-01,1873.82995149319
A,C2652,WMF,2014-10-01,1914.1606707913302
A,C2652,WMF,2014-11-01,1858.70013884029
A,C2652,WMF,2014-12-01,1810.71162014459
A,C2652,WMF,2015-01-01,1875.88561742041
A,C2652,WMF,2015-02-01,1823.3774141399601
A,C2652,WMF,2015-03-01,1820.64687396927
A,C2652,WMF,2015-04-01,1879.47317090516
A,C2652,WMF,2015-05-01,1755.61923685164
A,C2652,WMF,2015-06-01,1830.09277046853
A,C2652,WMF,2015-07-01,1693.44210218678
A,C2652,WMF,2015-08-01,1790.5230058203101
A,C2652,WMF,2015-09-01,1699.75146962416
A,C2652,WMF,2015-10-01,1735.87388307654
A,C2652,WMF,2015-11-01,1715.40479903755
A,C2652,WMF,2015-12-01,1719.33929127935
A,C2652,WMF,2016-01-01,1745.46754523712
A,C2652,WMF,2016-02-01,1650.25383704268
A,C2652,WMF,2016-03-01,1622.16943781585
A,C2652,WMF,2016-04-01,1555.2362178817698
A,C2652,WMF,2016-05-01,1549.91508015947
A,C2652,WMF,2016-06-01,1551.99549805396
A,C2652,WMF,2016-07-01,1528.84518668269
A,C2652,WMF,2016-08-01,1584.5980389327901
A,C2652,WMF,2016-09-01,1588.04129865148
A,C2652,WMF,2016-10-01,1532.09946756913
A,C2652,WMF,2016-11-01,1536.25598749326
A,C2652,WMF,2016-12-01,1610.3152317066701
A,C2652,WMF,2017-01-01,1563.2944350702
A,C2652,WMF,2017-02-01,1577.68449316386
A,C2652,WMF,2017-03-01,1575.60523659165
A,C2652,WMF,2017-04-01,1703.65713448945
A,C2652,WMF,2017-05-01,1641.9089911681099
A,C2652,WMF,2017-06-01,1613.4283252146101
A,C2652,WMF,2017-07-01,1695.12296551941
A,C2652,WMF,2017-08-01,1689.47361995732
A,C2652,WMF,2017-09-01,1695.13220789712
A,C2652,WMF,2017-10-01,1610.63700745459
A,C2652,WMF,2017-11-01,1697.94388769592
A,C2652,WMF,2017-12-01,1663.23462122452
A,C2652,WMF,2018-01-01,1721.4146638341601
A,C2652,WMF,2018-02-01,1755.0509288141602
A,C2652,WMF,2018-03-01,1811.37731872785
A,C2652,WMF,2018-04-01,1785.8292816339901
A,C2652,WMF,2018-05-01,1796.3376535401298
A,C2652,WMF,2018-06-01,1870.84746354218
A,C2652,WMF,2018-07-01,1725.40607522379
A,C2652,WMF,2018-08-01,1719.85135638921
A,C2652,WMF,2018-09-01,1668.25873447749
A,C2652,WMF,2018-10-01,1703.4016914143301
A,C2652,WMF,2018-11-01,1707.84861239304
A,C2652,WMF,2018-12-01,1736.2652694393798
A,C2652,WMF,2019-01-01,1771.65630118033
A,C2652,WMF,2019-02-01,1796.60418000622
A,C2652,WMF,2019-03-01,1774.55104353667
A,C2652,WMF,2019-04-01,1855.9676353698599
A,C2652,WMF,2019-05-01,1946.80506641394
A,C2652,WMF,2019-06-01,1799.1743630868102
A,C2652,WMF,2019-07-01,1767.260634537
A,C2652,WMF,2019-08-01,1805.9697695178102
A,C2652,WMF,2019-09-01,1778.78411754336
A,C2652,WMF,2019-10-01,1733.44271974138
A,C2652,WMF,2019-11-01,1680.3984966160901
A,C2652,WMF,2019-12-01,1753.91040498398
A,C2652,WMF,2020-01-01,1858.33812944789
A,C2652,WMF,2020-02-01,1573.4326686519798
A,C2652,WMF,2020-03-01,1384.7730093819
A,C2652,WMF,2020-04-01,466.92325642040004
A,C2652,WMF,2020-05-01,678.935913069896
A,C2652,WMF,2020-06-01,1106.7687901698998
A,C2652,WMF,2020-07-01,1408.93388988642
A,C2652,WMF,2020-08-01,1717.66734978127
A,C2652,WMF,2020-09-01,1494.96728972349
A,C2652,WMF,2020-10-01,1619.52090475162
A,C2652,WMF,2020-11-01,1665.23866016923
A,C2652,WMF,2020-12-01,1726.22386355353
A,C2652,WMF,2021-01-01,1803.5332902224
A,C2652,WMF,2021-02-01,1612.69388491196
A,C2652,WMF,2021-03-01,1822.53352956142
A,C2652,WMF,2021-04-01,1860.8450422667202
A,C2652,WMF,2021-05-01,1852.52289297591
A,C2652,WMF,2021-06-01,1858.2714268580598
A,C2652,WMF,2021-07-01,1933.56726464033
A,C2652,WMF,2021-08-01,1835.97800607883
A,C2652,WMF,2021-09-01,1807.15916993521
A,C2652,WMF,2021-10-01,1856.47383959076
A,C2652,WMF,2021-11-01,1852.57041201978
A,C2652,WMF,2021-12-01,1797.6235509561
A,C2652,WMF,2022-01-01,1913.7482277902902
A,C2652,WMF,2022-02-01,1995.66038163395
A,C2652,WMF,2022-03-01,2027.9297969481001
A,C2652,WMF,2022-04-01,2019.67815325039
A,C2652,WMF,2022-05-01,2001.7313187005898
A,C2652,WMF,2022-06-01,2065.74435646486
A,C2652,WMF,2022-07-01,2092.83012197618
A,C2652,WMF,2022-08-01,2044.44519116465
A,C2652,WMF,2022-09-01,2122.65229162573
A,C2652,WMF,2022-10-01,2109.35750525611
A,C2652,WMF,2022-11-01,2071.17254140694
A,C2652,WMF,2022-12-01,2048.94549451882
A,C2652,WMF,2023-01-01,2035.94421542659
A,C2652,WMF,2023-02-01,2234.45256035929
A,C2652,WMF,2023-03-01,2251.7956173266
A,C2652,WMF,2023-04-01,2222.40499545579
A,C2652,WMF,2023-05-01,2273.45550054686
A,C2652,WMF,2023-06-01,2263.54040815047
A,C2652,WMF,2023-07-01,2143.66772294475
A,C2652,WMF,2023-08-01,2162.70220945252
A,C2652,WMF,2023-09-01,2273.86582441876
A,C2652,WMF,2023-10-01,2170.87217609609
A,C2652,WMF,2023-11-01,2211.4861489519
A,C2652,WMF,2023-12-01,2223.0573021978403
A,C2652,WMF,2024-01-01,2098.32990900087
A,C2652,WMF,2024-02-01,2059.84984814609
A,C2652,WMF,2024-03-01,2138.29582650991
A,C2652,WMF,2024-04-01,2106.96780645716
A,C2652,WMF,2024-05-01,2212.02605518558
A,C2652,WMF,2024-06-01,2217.63498236187
A,C2652,WMF,2024-07-01,2043.1735537673198
A,C2652,WMF,2024-08-01,2277.8300002824703
A,C2652,WMF,2024-09-01,2063.53370334696
A,C2652,WMF,2024-10-01,2115.43146977378
A,C2652,WMF,2024-11-01,2121.59341673316
A,C2652,WMF,2024-12-01,2072.18864206128
A,C2652,WMF,2025-01-01,2130.33159475951
A,C2652,WMF,2025-02-01,1980.10897491713
A,C2652,WMF,2025-03-01,2171.31366530721
A,C2652,WMF,2025-04-01,2567.1264422819
A,C2652,WMF,2025-05-01,2051.02734129574
A,C2652,WMF,2025-06-01,2044.97545674189
A,C2652,WMF,2025-07-01,2199.7995159703596
A,C2652,WMF,2025-08-01,2040.15112516784
A,C2652,WMF,2025-09-01,1963.87749170653
A,C2652,WMF,2025-10-01,1984.46751933825
A,C2652,WMF,2025-11-01,2055.32190663732
A,C2652,WMF,2025-12-01,2151.83637988544
A,C2652,WMF,2026-01-01,2146.91581754582
A,C2652,WMF,2026-02-01,2171.52174216982
A,C2652,WMF,2026-03-01,2070.91658414615
A,C2652,WMF,2026-04-01,2180.66906290002
A,C2652,WMF,2026-05-01,2129.15069765667
A,C2652,WMF,2026-06-01,2232.64742802505
A,C2652,WMF,2026-07-01,2363.21763156275
A,C27,R,2013-01-01,-1.5
A,C27,R,2013-02-01,-3.3
A,C27,R,2013-03-01,1.3
A,C27,R,2013-04-01,3.3
A,C27,R,2013-05-01,-4
A,C27,R,2013-06-01,-1
A,C27,R,2013-07-01,1.8
A,C27,R,2013-08-01,-0.3
A,C27,R,2013-09-01,-1.2
A,C27,R,2013-10-01,8.3
A,C27,R,2013-11-01,0.7
A,C27,R,2013-12-01,4.4
A,C27,R,2014-01-01,-3.6
A,C27,R,2014-02-01,2.2
A,C27,R,2014-03-01,-7.7
A,C27,R,2014-04-01,1.1
A,C27,R,2014-05-01,1.3
A,C27,R,2014-06-01,3.6
A,C27,R,2014-07-01,-0.3
A,C27,R,2014-08-01,-1.7
A,C27,R,2014-09-01,-1.7
A,C27,R,2014-10-01,-7.5
A,C27,R,2014-11-01,-5.8
A,C27,R,2014-12-01,-5.7
A,C27,R,2015-01-01,-0.4
A,C27,R,2015-02-01,1.8
A,C27,R,2015-03-01,5.2
A,C27,R,2015-04-01,-4.3
A,C27,R,2015-05-01,0.2
A,C27,R,2015-06-01,-9.6
A,C27,R,2015-07-01,-9.5
A,C27,R,2015-08-01,2.4
A,C27,R,2015-09-01,-15.9
A,C27,R,2015-10-01,-5.7
A,C27,R,2015-11-01,-1
A,C27,R,2015-12-01,-9.7
A,C27,R,2016-01-01,-4.9
A,C27,R,2016-02-01,-10.9
A,C27,R,2016-03-01,-3.8
A,C27,R,2016-04-01,-2.4
A,C27,R,2016-05-01,-4
A,C27,R,2016-06-01,0.6
A,C27,R,2016-07-01,1.6
A,C27,R,2016-08-01,-4.8
A,C27,R,2016-09-01,18
A,C27,R,2016-10-01,4.5
A,C27,R,2016-11-01,-3.6
A,C27,R,2016-12-01,7.7
A,C27,R,2017-01-01,-4.4
A,C27,R,2017-02-01,-4.4
A,C27,R,2017-03-01,-7.3
A,C27,R,2017-04-01,-11.8
A,C27,R,2017-05-01,-11.5
A,C27,R,2017-06-01,-5.7
A,C27,R,2017-07-01,-1.6
A,C27,R,2017-08-01,-6.5
A,C27,R,2017-09-01,-6.7
A,C27,R,2017-10-01,-10.8
A,C27,R,2017-11-01,-3.7
A,C27,R,2017-12-01,-1
A,C27,R,2018-01-01,1.8
A,C27,R,2018-02-01,-0.4
A,C27,R,2018-03-01,2.5
A,C27,R,2018-04-01,6.1
A,C27,R,2018-05-01,3.4
A,C27,R,2018-06-01,1.1
A,C27,R,2018-07-01,-5.6
A,C27,R,2018-08-01,-2.9
A,C27,R,2018-09-01,-3.7
A,C27,R,2018-10-01,0.2
A,C27,R,2018-11-01,-1.3
A,C27,R,2018-12-01,-8.7
A,C27,R,2019-01-01,-3.5
A,C27,R,2019-02-01,4
A,C27,R,2019-03-01,-1
A,C27,R,2019-04-01,-2.6
A,C27,R,2019-05-01,5.8
A,C27,R,2019-06-01,0.8
A,C27,R,2019-07-01,3.2
A,C27,R,2019-08-01,-0.9
A,C27,R,2019-09-01,-3.4
A,C27,R,2019-10-01,0.8
A,C27,R,2019-11-01,-1.5
A,C27,R,2019-12-01,-0.6
A,C27,R,2020-01-01,-5
A,C27,R,2020-02-01,-3.8
A,C27,R,2020-03-01,-7.8
A,C27,R,2020-04-01,-12.4
A,C27,R,2020-05-01,-22.5
A,C27,R,2020-06-01,-17.4
A,C27,R,2020-07-01,-14.1
A,C27,R,2020-08-01,-8
A,C27,R,2020-09-01,-7.4
A,C27,R,2020-10-01,-6.7
A,C27,R,2020-11-01,-2.8
A,C27,R,2020-12-01,-7.5
A,C27,R,2021-01-01,-3.2
A,C27,R,2021-02-01,-9.5
A,C27,R,2021-03-01,-2.8
A,C27,R,2021-04-01,4.1
A,C27,R,2021-05-01,11.5
A,C27,R,2021-06-01,16.7
A,C27,R,2021-07-01,15.7
A,C27,R,2021-08-01,6.7
A,C27,R,2021-09-01,32.8
A,C27,R,2021-10-01,1.9
A,C27,R,2021-11-01,3.2
A,C27,R,2021-12-01,17.4
A,C27,R,2022-01-01,14
A,C27,R,2022-02-01,17.8
A,C27,R,2022-03-01,8.7
A,C27,R,2022-04-01,17.5
A,C27,R,2022-05-01,13.3
A,C27,R,2022-06-01,-0.5
A,C27,R,2022-07-01,-4.6
A,C27,R,2022-08-01,-1.1
A,C27,R,2022-09-01,-20.4
A,C27,R,2022-10-01,2.5
A,C27,R,2022-11-01,-2.1
A,C27,R,2022-12-01,-19.4
A,C27,R,2023-01-01,-0.8
A,C27,R,2023-02-01,-7.7
A,C27,R,2023-03-01,8.8
A,C27,R,2023-04-01,-9
A,C27,R,2023-05-01,-7.2
A,C27,R,2023-06-01,-5.5
A,C27,R,2023-07-01,-8.3
A,C27,R,2023-08-01,-4.3
A,C27,R,2023-09-01,-3.3
A,C27,R,2023-10-01,-6.5
A,C27,R,2023-11-01,-5.7
A,C27,R,2023-12-01,-0.9
A,C27,R,2024-01-01,-15.9
A,C27,R,2024-02-01,-9.4
A,C27,R,2024-03-01,-10.8
A,C27,R,2024-04-01,-4.5
A,C27,R,2024-05-01,-11.1
A,C27,R,2024-06-01,-0.9
A,C27,R,2024-07-01,4.4
A,C27,R,2024-08-01,3.4
A,C27,R,2024-09-01,0.1
A,C27,R,2024-10-01,5
A,C27,R,2024-11-01,0.6
A,C27,R,2024-12-01,13.8
A,C27,R,2025-01-01,4.1
A,C27,R,2025-02-01,8.2
A,C27,R,2025-03-01,-2.7
A,C27,R,2025-04-01,2.5
A,C27,R,2025-05-01,11.2
A,C27,R,2025-06-01,-0.2
A,C27,R,2025-07-01,2.8
A,C27,R,2025-08-01,-2.9
A,C27,R,2025-09-01,4
A,C27,R,2025-10-01,-1.3
A,C27,R,2025-11-01,2.7
A,C27,R,2025-12-01,0.2
A,C27,R,2026-01-01,6.8
A,C27,R,2026-02-01,-0.8
A,C27,R,2026-03-01,-0.6
A,C27,R,2026-04-01,-2.2
A,C27,R,2026-05-01,1.8
A,C27,R,2026-06-01,4.6
A,C27,R,2026-07-01,0.6
A,C27,WMF,2012-01-01,841.336890016035
A,C27,WMF,2012-02-01,833.393837216913
A,C27,WMF,2012-03-01,833.476687215527
A,C27,WMF,2012-04-01,814.2503393748179
A,C27,WMF,2012-05-01,846.0581316760259
A,C27,WMF,2012-06-01,827.662753522658
A,C27,WMF,2012-07-01,841.5166570984151
A,C27,WMF,2012-08-01,820.38647611641
A,C27,WMF,2012-09-01,807.1041376570751
A,C27,WMF,2012-10-01,793.980576253051
A,C27,WMF,2012-11-01,840.807830259233
A,C27,WMF,2012-12-01,809.145552675172
A,C27,WMF,2013-01-01,827.940397303645
A,C27,WMF,2013-02-01,817.578286267329
A,C27,WMF,2013-03-01,825.536687970845
A,C27,WMF,2013-04-01,828.81378395979
A,C27,WMF,2013-05-01,815.148931983272
A,C27,WMF,2013-06-01,820.7442244936859
A,C27,WMF,2013-07-01,818.99036000447
A,C27,WMF,2013-08-01,837.710302702047
A,C27,WMF,2013-09-01,840.54440832655
A,C27,WMF,2013-10-01,849.1179048586
A,C27,WMF,2013-11-01,828.781034853081
A,C27,WMF,2013-12-01,850.9793176606299
A,C27,WMF,2014-01-01,786.258732305442
A,C27,WMF,2014-02-01,816.485123366822
A,C27,WMF,2014-03-01,790.410440016261
A,C27,WMF,2014-04-01,809.172207943035
A,C27,WMF,2014-05-01,791.229446316711
A,C27,WMF,2014-06-01,841.8364447532861
A,C27,WMF,2014-07-01,849.659595938355
A,C27,WMF,2014-08-01,793.3601556891839
A,C27,WMF,2014-09-01,796.8618209522219
A,C27,WMF,2014-10-01,796.519120626357
A,C27,WMF,2014-11-01,784.94808341366
A,C27,WMF,2014-12-01,782.691919294964
A,C27,WMF,2015-01-01,770.5937063069
A,C27,WMF,2015-02-01,782.8394506656359
A,C27,WMF,2015-03-01,765.237970060213
A,C27,WMF,2015-04-01,771.488032874094
A,C27,WMF,2015-05-01,754.314974656853
A,C27,WMF,2015-06-01,725.4198988703149
A,C27,WMF,2015-07-01,715.035146718606
A,C27,WMF,2015-08-01,789.545181511953
A,C27,WMF,2015-09-01,677.452560791389
A,C27,WMF,2015-10-01,719.132565851894
A,C27,WMF,2015-11-01,771.4324404823491
A,C27,WMF,2015-12-01,708.157374802775
A,C27,WMF,2016-01-01,737.381791678468
A,C27,WMF,2016-02-01,720.54843435571
A,C27,WMF,2016-03-01,749.169916819828
A,C27,WMF,2016-04-01,760.746881929285
A,C27,WMF,2016-05-01,768.635768890347
A,C27,WMF,2016-06-01,754.1493505673179
A,C27,WMF,2016-07-01,749.49841803007
A,C27,WMF,2016-08-01,763.391138630229
A,C27,WMF,2016-09-01,767.9659655101871
A,C27,WMF,2016-10-01,761.2494515967229
A,C27,WMF,2016-11-01,741.722529900061
A,C27,WMF,2016-12-01,770.985306168579
A,C27,WMF,2017-01-01,745.01437270126
A,C27,WMF,2017-02-01,744.193651812961
A,C27,WMF,2017-03-01,761.0691541519329
A,C27,WMF,2017-04-01,727.4136884145761
A,C27,WMF,2017-05-01,740.257985696707
A,C27,WMF,2017-06-01,768.209061357035
A,C27,WMF,2017-07-01,784.62701268537
A,C27,WMF,2017-08-01,792.26192814193
A,C27,WMF,2017-09-01,794.3344026374381
A,C27,WMF,2017-10-01,746.3998403786591
A,C27,WMF,2017-11-01,791.822452574343
A,C27,WMF,2017-12-01,858.0001204943729
A,C27,WMF,2018-01-01,820.6858147667771
A,C27,WMF,2018-02-01,781.130440729699
A,C27,WMF,2018-03-01,821.110320341139
A,C27,WMF,2018-04-01,825.189219067938
A,C27,WMF,2018-05-01,808.205172390254
A,C27,WMF,2018-06-01,826.164752615865
A,C27,WMF,2018-07-01,805.598858865643
A,C27,WMF,2018-08-01,812.241081720322
A,C27,WMF,2018-09-01,896.641500326766
A,C27,WMF,2018-10-01,802.6378287806019
A,C27,WMF,2018-11-01,812.509997145767
A,C27,WMF,2018-12-01,803.0394394530271
A,C27,WMF,2019-01-01,816.718904421723
A,C27,WMF,2019-02-01,819.2408106997581
A,C27,WMF,2019-03-01,816.693427068206
A,C27,WMF,2019-04-01,811.820594562719
A,C27,WMF,2019-05-01,849.5727021241389
A,C27,WMF,2019-06-01,819.592120015149
A,C27,WMF,2019-07-01,835.9696088313791
A,C27,WMF,2019-08-01,796.801370093783
A,C27,WMF,2019-09-01,800.67135880357
A,C27,WMF,2019-10-01,816.1392270197509
A,C27,WMF,2019-11-01,800.826588807439
A,C27,WMF,2019-12-01,798.41052598061
A,C27,WMF,2020-01-01,741.174027520692
A,C27,WMF,2020-02-01,775.904457898888
A,C27,WMF,2020-03-01,726.697674327966
A,C27,WMF,2020-04-01,699.6886556677471
A,C27,WMF,2020-05-01,653.666659057183
A,C27,WMF,2020-06-01,678.522859151025
A,C27,WMF,2020-07-01,728.893307408737
A,C27,WMF,2020-08-01,742.973609697637
A,C27,WMF,2020-09-01,754.0792926913659
A,C27,WMF,2020-10-01,771.426288501544
A,C27,WMF,2020-11-01,783.848995211177
A,C27,WMF,2020-12-01,773.884607484298
A,C27,WMF,2021-01-01,806.67559691386
A,C27,WMF,2021-02-01,818.738127507626
A,C27,WMF,2021-03-01,806.0510736371091
A,C27,WMF,2021-04-01,837.916158429103
A,C27,WMF,2021-05-01,804.8765082450909
A,C27,WMF,2021-06-01,816.950959669212
A,C27,WMF,2021-07-01,820.4483675256049
A,C27,WMF,2021-08-01,825.812369525278
A,C27,WMF,2021-09-01,816.594596701848
A,C27,WMF,2021-10-01,807.10222152061
A,C27,WMF,2021-11-01,843.661515243772
A,C27,WMF,2021-12-01,838.823603582989
A,C27,WMF,2022-01-01,863.867646225024
A,C27,WMF,2022-02-01,864.2416909935059
A,C27,WMF,2022-03-01,810.874558576439
A,C27,WMF,2022-04-01,869.181981687606
A,C27,WMF,2022-05-01,893.147717955408
A,C27,WMF,2022-06-01,906.145529499806
A,C27,WMF,2022-07-01,857.725841206133
A,C27,WMF,2022-08-01,878.02050109372
A,C27,WMF,2022-09-01,881.1083230347609
A,C27,WMF,2022-10-01,906.540149897614
A,C27,WMF,2022-11-01,905.6144928531261
A,C27,WMF,2022-12-01,874.056198299129
A,C27,WMF,2023-01-01,920.473299328929
A,C27,WMF,2023-02-01,890.643231158828
A,C27,WMF,2023-03-01,895.0170485154099
A,C27,WMF,2023-04-01,864.225947044812
A,C27,WMF,2023-05-01,874.4108396624649
A,C27,WMF,2023-06-01,878.605068933048
A,C27,WMF,2023-07-01,855.090688704115
A,C27,WMF,2023-08-01,876.14182683954
A,C27,WMF,2023-09-01,869.1503519308079
A,C27,WMF,2023-10-01,847.077471271682
A,C27,WMF,2023-11-01,856.845523920958
A,C27,WMF,2023-12-01,878.788577603843
A,C27,WMF,2024-01-01,842.0718921576249
A,C27,WMF,2024-02-01,856.885955323977
A,C27,WMF,2024-03-01,887.279760977803
A,C27,WMF,2024-04-01,887.7775065365811
A,C27,WMF,2024-05-01,852.029653713625
A,C27,WMF,2024-06-01,850.972449431171
A,C27,WMF,2024-07-01,886.7218204140969
A,C27,WMF,2024-08-01,864.477114479663
A,C27,WMF,2024-09-01,829.925943696671
A,C27,WMF,2024-10-01,894.718104281368
A,C27,WMF,2024-11-01,842.740107225402
A,C27,WMF,2024-12-01,850.039905289772
A,C27,WMF,2025-01-01,855.861868706523
A,C27,WMF,2025-02-01,900.291517956882
A,C27,WMF,2025-03-01,880.059357623382
A,C27,WMF,2025-04-01,907.859372055086
A,C27,WMF,2025-05-01,911.01328146208
A,C27,WMF,2025-06-01,868.079051900881
A,C27,WMF,2025-07-01,899.200972267329
A,C27,WMF,2025-08-01,883.943029133036
A,C27,WMF,2025-09-01,936.597691005656
A,C27,WMF,2025-10-01,915.6686211844569
A,C27,WMF,2025-11-01,911.1610226138689
A,C27,WMF,2025-12-01,940.304646872019
A,C27,WMF,2026-01-01,924.1163021969071
A,C27,WMF,2026-02-01,905.492326991735
A,C27,WMF,2026-03-01,902.256449058752
A,C27,WMF,2026-04-01,922.335762178233
A,C27,WMF,2026-05-01,954.911143752657
A,C27,WMF,2026-06-01,974.452278736798
A,C27,WMF,2026-07-01,958.778792786259
A,C28,R,2013-01-01,-13.5
A,C28,R,2013-02-01,-9.5
A,C28,R,2013-03-01,-1.5
A,C28,R,2013-04-01,-3.6
A,C28,R,2013-05-01,-7.2
A,C28,R,2013-06-01,-5.1
A,C28,R,2013-07-01,0.6
A,C28,R,2013-08-01,-6
A,C28,R,2013-09-01,-9.1
A,C28,R,2013-10-01,-1.7
A,C28,R,2013-11-01,-5.3
A,C28,R,2013-12-01,2.1
A,C28,R,2014-01-01,7.7
A,C28,R,2014-02-01,6.3
A,C28,R,2014-03-01,7.3
A,C28,R,2014-04-01,-0.2
A,C28,R,2014-05-01,3.9
A,C28,R,2014-06-01,0.7
A,C28,R,2014-07-01,6.7
A,C28,R,2014-08-01,-1.8
A,C28,R,2014-09-01,5.2
A,C28,R,2014-10-01,0.3
A,C28,R,2014-11-01,3.6
A,C28,R,2014-12-01,-1.9
A,C28,R,2015-01-01,0.6
A,C28,R,2015-02-01,-7.2
A,C28,R,2015-03-01,-10.7
A,C28,R,2015-04-01,-0.1
A,C28,R,2015-05-01,-0.7
A,C28,R,2015-06-01,-0.4
A,C28,R,2015-07-01,-12
A,C28,R,2015-08-01,-4.6
A,C28,R,2015-09-01,-5.9
A,C28,R,2015-10-01,-3.3
A,C28,R,2015-11-01,-8.5
A,C28,R,2015-12-01,-12.1
A,C28,R,2016-01-01,-12.3
A,C28,R,2016-02-01,-2.8
A,C28,R,2016-03-01,3.8
A,C28,R,2016-04-01,-8.2
A,C28,R,2016-05-01,-10.9
A,C28,R,2016-06-01,-2.6
A,C28,R,2016-07-01,2.4
A,C28,R,2016-08-01,-2.7
A,C28,R,2016-09-01,1.1
A,C28,R,2016-10-01,-5.6
A,C28,R,2016-11-01,4.4
A,C28,R,2016-12-01,11.2
A,C28,R,2017-01-01,3.3
A,C28,R,2017-02-01,4.1
A,C28,R,2017-03-01,-1.7
A,C28,R,2017-04-01,3.2
A,C28,R,2017-05-01,7.7
A,C28,R,2017-06-01,2.1
A,C28,R,2017-07-01,0.6
A,C28,R,2017-08-01,10.4
A,C28,R,2017-09-01,4.6
A,C28,R,2017-10-01,8.1
A,C28,R,2017-11-01,6.9
A,C28,R,2017-12-01,12.7
A,C28,R,2018-01-01,9.5
A,C28,R,2018-02-01,5
A,C28,R,2018-03-01,5.7
A,C28,R,2018-04-01,8.6
A,C28,R,2018-05-01,5.8
A,C28,R,2018-06-01,5.7
A,C28,R,2018-07-01,-16.7
A,C28,R,2018-08-01,-0.8
A,C28,R,2018-09-01,-2.1
A,C28,R,2018-10-01,2.8
A,C28,R,2018-11-01,-6.4
A,C28,R,2018-12-01,-6.7
A,C28,R,2019-01-01,-4.6
A,C28,R,2019-02-01,-7.6
A,C28,R,2019-03-01,-4.3
A,C28,R,2019-04-01,-5.8
A,C28,R,2019-05-01,-6.3
A,C28,R,2019-06-01,-14
A,C28,R,2019-07-01,14
A,C28,R,2019-08-01,-10.8
A,C28,R,2019-09-01,-10.9
A,C28,R,2019-10-01,-11.7
A,C28,R,2019-11-01,-14.2
A,C28,R,2019-12-01,-5.5
A,C28,R,2020-01-01,-13.6
A,C28,R,2020-02-01,-9
A,C28,R,2020-03-01,-24.2
A,C28,R,2020-04-01,-26.5
A,C28,R,2020-05-01,-24.1
A,C28,R,2020-06-01,-14.3
A,C28,R,2020-07-01,-17.2
A,C28,R,2020-08-01,-9.5
A,C28,R,2020-09-01,-11.5
A,C28,R,2020-10-01,-8.3
A,C28,R,2020-11-01,0.4
A,C28,R,2020-12-01,-17.1
A,C28,R,2021-01-01,-5
A,C28,R,2021-02-01,-4.6
A,C28,R,2021-03-01,19.3
A,C28,R,2021-04-01,24.1
A,C28,R,2021-05-01,18.7
A,C28,R,2021-06-01,12
A,C28,R,2021-07-01,11.1
A,C28,R,2021-08-01,11.7
A,C28,R,2021-09-01,13.1
A,C28,R,2021-10-01,6.2
A,C28,R,2021-11-01,5.2
A,C28,R,2021-12-01,7.9
A,C28,R,2022-01-01,11.4
A,C28,R,2022-02-01,10.6
A,C28,R,2022-03-01,-1.4
A,C28,R,2022-04-01,-0.4
A,C28,R,2022-05-01,5.2
A,C28,R,2022-06-01,5.2
A,C28,R,2022-07-01,2.5
A,C28,R,2022-08-01,-1.1
A,C28,R,2022-09-01,2.3
A,C28,R,2022-10-01,-1.1
A,C28,R,2022-11-01,4
A,C28,R,2022-12-01,-1.4
A,C28,R,2023-01-01,-2.8
A,C28,R,2023-02-01,0.7
A,C28,R,2023-03-01,3
A,C28,R,2023-04-01,-2.8
A,C28,R,2023-05-01,-6.4
A,C28,R,2023-06-01,-5.6
A,C28,R,2023-07-01,-3.8
A,C28,R,2023-08-01,-4.1
A,C28,R,2023-09-01,-1.9
A,C28,R,2023-10-01,1.8
A,C28,R,2023-11-01,-5.9
A,C28,R,2023-12-01,-4.4
A,C28,R,2024-01-01,-0.4
A,C28,R,2024-02-01,-6.9
A,C28,R,2024-03-01,-5.4
A,C28,R,2024-04-01,-2.4
A,C28,R,2024-05-01,3.2
A,C28,R,2024-06-01,5.1
A,C28,R,2024-07-01,-0.5
A,C28,R,2024-08-01,-4.3
A,C28,R,2024-09-01,-4.8
A,C28,R,2024-10-01,-7.4
A,C28,R,2024-11-01,-7.3
A,C28,R,2024-12-01,14.2
A,C28,R,2025-01-01,-9.4
A,C28,R,2025-02-01,-4.7
A,C28,R,2025-03-01,-2.7
A,C28,R,2025-04-01,-3.4
A,C28,R,2025-05-01,-9.5
A,C28,R,2025-06-01,-11.5
A,C28,R,2025-07-01,-4.7
A,C28,R,2025-08-01,-8.3
A,C28,R,2025-09-01,-10.7
A,C28,R,2025-10-01,-5.8
A,C28,R,2025-11-01,-0.7
A,C28,R,2025-12-01,-15.6
A,C28,R,2026-01-01,-0.8
A,C28,R,2026-02-01,-5.9
A,C28,R,2026-03-01,-9.3
A,C28,R,2026-04-01,1.9
A,C28,R,2026-05-01,0.3
A,C28,R,2026-06-01,-4
A,C28,R,2026-07-01,-2.4
A,C28,WMF,2012-01-01,1894.50396059668
A,C28,WMF,2012-02-01,1871.0281857770601
A,C28,WMF,2012-03-01,1737.7691130692401
A,C28,WMF,2012-04-01,1844.06589484739
A,C28,WMF,2012-05-01,1829.63926290705
A,C28,WMF,2012-06-01,1824.00510363182
A,C28,WMF,2012-07-01,1723.3680746575799
A,C28,WMF,2012-08-01,1802.2250487194601
A,C28,WMF,2012-09-01,1798.59665487466
A,C28,WMF,2012-10-01,1756.2333353278
A,C28,WMF,2012-11-01,1755.3372467039899
A,C28,WMF,2012-12-01,1671.69817514907
A,C28,WMF,2013-01-01,1729.25584732625
A,C28,WMF,2013-02-01,1747.97559143061
A,C28,WMF,2013-03-01,1736.86579479038
A,C28,WMF,2013-04-01,1808.5471546273602
A,C28,WMF,2013-05-01,1809.63204831077
A,C28,WMF,2013-06-01,1810.36559499854
A,C28,WMF,2013-07-01,1889.83956066573
A,C28,WMF,2013-08-01,1856.55840735111
A,C28,WMF,2013-09-01,1838.80475402284
A,C28,WMF,2013-10-01,1845.5933526017
A,C28,WMF,2013-11-01,1776.6518692
A,C28,WMF,2013-12-01,1920.8861692971302
A,C28,WMF,2014-01-01,1917.5542852777
A,C28,WMF,2014-02-01,1904.4324582532402
A,C28,WMF,2014-03-01,1961.77976328972
A,C28,WMF,2014-04-01,1819.22518045921
A,C28,WMF,2014-05-01,1845.23625255883
A,C28,WMF,2014-06-01,1822.25016043872
A,C28,WMF,2014-07-01,1924.40642864186
A,C28,WMF,2014-08-01,1854.26487163731
A,C28,WMF,2014-09-01,1848.2443344309102
A,C28,WMF,2014-10-01,1881.6711988864802
A,C28,WMF,2014-11-01,1865.4877626914401
A,C28,WMF,2014-12-01,1837.0109810576898
A,C28,WMF,2015-01-01,1856.7205988959302
A,C28,WMF,2015-02-01,1710.09252061494
A,C28,WMF,2015-03-01,1730.81856923564
A,C28,WMF,2015-04-01,1796.3091747349401
A,C28,WMF,2015-05-01,1787.55115528437
A,C28,WMF,2015-06-01,1740.8873356445401
A,C28,WMF,2015-07-01,1697.2779678266002
A,C28,WMF,2015-08-01,1733.75611661128
A,C28,WMF,2015-09-01,1686.3681129715299
A,C28,WMF,2015-10-01,1797.5469242066702
A,C28,WMF,2015-11-01,1696.4119632922102
A,C28,WMF,2015-12-01,1592.7424871155602
A,C28,WMF,2016-01-01,1654.55099648227
A,C28,WMF,2016-02-01,1708.71596834845
A,C28,WMF,2016-03-01,1824.17836573529
A,C28,WMF,2016-04-01,1703.9433690416902
A,C28,WMF,2016-05-01,1651.35846122788
A,C28,WMF,2016-06-01,1754.58981120225
A,C28,WMF,2016-07-01,1737.8318067078199
A,C28,WMF,2016-08-01,1655.3051141733201
A,C28,WMF,2016-09-01,1747.6436885031098
A,C28,WMF,2016-10-01,1711.71071142596
A,C28,WMF,2016-11-01,1749.22862011354
A,C28,WMF,2016-12-01,1748.40524780865
A,C28,WMF,2017-01-01,1730.98224632987
A,C28,WMF,2017-02-01,1790.37550721936
A,C28,WMF,2017-03-01,1784.33514091028
A,C28,WMF,2017-04-01,1759.7081212079402
A,C28,WMF,2017-05-01,1774.36847965631
A,C28,WMF,2017-06-01,1794.17156450257
A,C28,WMF,2017-07-01,1804.45136820259
A,C28,WMF,2017-08-01,1849.86287871194
A,C28,WMF,2017-09-01,1936.65798400491
A,C28,WMF,2017-10-01,1880.73056259081
A,C28,WMF,2017-11-01,1925.58560838327
A,C28,WMF,2017-12-01,1987.18706155262
A,C28,WMF,2018-01-01,1953.96058671277
A,C28,WMF,2018-02-01,1933.9447325221802
A,C28,WMF,2018-03-01,1934.19859298865
A,C28,WMF,2018-04-01,1984.4817456568899
A,C28,WMF,2018-05-01,1941.19057403251
A,C28,WMF,2018-06-01,1993.2413672201299
A,C28,WMF,2018-07-01,1876.8318920332401
A,C28,WMF,2018-08-01,1928.28425759263
A,C28,WMF,2018-09-01,1898.08729590961
A,C28,WMF,2018-10-01,1939.18506886799
A,C28,WMF,2018-11-01,1858.88241608652
A,C28,WMF,2018-12-01,1882.8881010392001
A,C28,WMF,2019-01-01,1902.4410495008099
A,C28,WMF,2019-02-01,1840.02429348645
A,C28,WMF,2019-03-01,1854.62061081253
A,C28,WMF,2019-04-01,1866.60072500354
A,C28,WMF,2019-05-01,1850.23906141629
A,C28,WMF,2019-06-01,1738.0178467163
A,C28,WMF,2019-07-01,1810.2327451102199
A,C28,WMF,2019-08-01,1727.42092779424
A,C28,WMF,2019-09-01,1709.02155181326
A,C28,WMF,2019-10-01,1715.6071616664099
A,C28,WMF,2019-11-01,1624.38389400816
A,C28,WMF,2019-12-01,1803.88750199049
A,C28,WMF,2020-01-01,1654.7415648935398
A,C28,WMF,2020-02-01,1650.08588884418
A,C28,WMF,2020-03-01,1398.60637872603
A,C28,WMF,2020-04-01,1375.3446671322702
A,C28,WMF,2020-05-01,1420.28310077037
A,C28,WMF,2020-06-01,1497.4369655143098
A,C28,WMF,2020-07-01,1506.16858299056
A,C28,WMF,2020-08-01,1565.92680599801
A,C28,WMF,2020-09-01,1516.9467555352599
A,C28,WMF,2020-10-01,1571.0917859932201
A,C28,WMF,2020-11-01,1648.54153155423
A,C28,WMF,2020-12-01,1617.00674708477
A,C28,WMF,2021-01-01,1633.0457054272101
A,C28,WMF,2021-02-01,1586.07820840525
A,C28,WMF,2021-03-01,1731.28089788434
A,C28,WMF,2021-04-01,1735.7274374561998
A,C28,WMF,2021-05-01,1694.4580815552001
A,C28,WMF,2021-06-01,1676.44549927667
A,C28,WMF,2021-07-01,1701.1010451159598
A,C28,WMF,2021-08-01,1795.6730826958399
A,C28,WMF,2021-09-01,1720.64474028239
A,C28,WMF,2021-10-01,1741.27019398387
A,C28,WMF,2021-11-01,1714.16777808648
A,C28,WMF,2021-12-01,1661.5721674260099
A,C28,WMF,2022-01-01,1847.71399805427
A,C28,WMF,2022-02-01,1762.2860058807298
A,C28,WMF,2022-03-01,1711.43746502005
A,C28,WMF,2022-04-01,1762.98397964913
A,C28,WMF,2022-05-01,1830.14831476389
A,C28,WMF,2022-06-01,1811.3764230172999
A,C28,WMF,2022-07-01,1778.0636174372498
A,C28,WMF,2022-08-01,1827.38929228455
A,C28,WMF,2022-09-01,1852.89703456988
A,C28,WMF,2022-10-01,1800.64788347594
A,C28,WMF,2022-11-01,1858.69710446464
A,C28,WMF,2022-12-01,1818.3051153643999
A,C28,WMF,2023-01-01,1847.7073867865602
A,C28,WMF,2023-02-01,1874.1762487198
A,C28,WMF,2023-03-01,1833.95651062917
A,C28,WMF,2023-04-01,1793.31357541734
A,C28,WMF,2023-05-01,1806.90947342654
A,C28,WMF,2023-06-01,1780.77380424142
A,C28,WMF,2023-07-01,1771.6250505147
A,C28,WMF,2023-08-01,1803.7827789746202
A,C28,WMF,2023-09-01,1837.62447724218
A,C28,WMF,2023-10-01,1825.38181249879
A,C28,WMF,2023-11-01,1790.87208048853
A,C28,WMF,2023-12-01,1817.13614014119
A,C28,WMF,2024-01-01,1773.52467528805
A,C28,WMF,2024-02-01,1738.16414277982
A,C28,WMF,2024-03-01,1774.976800476
A,C28,WMF,2024-04-01,1777.21961862741
A,C28,WMF,2024-05-01,1735.83198941517
A,C28,WMF,2024-06-01,1782.2245956405202
A,C28,WMF,2024-07-01,1767.7729455934
A,C28,WMF,2024-08-01,1707.1272099135301
A,C28,WMF,2024-09-01,1681.64814612503
A,C28,WMF,2024-10-01,1775.49893526349
A,C28,WMF,2024-11-01,1685.23941757698
A,C28,WMF,2024-12-01,1679.9600140713999
A,C28,WMF,2025-01-01,1700.3710506090501
A,C28,WMF,2025-02-01,1735.64799763163
A,C28,WMF,2025-03-01,1716.51322915696
A,C28,WMF,2025-04-01,1700.93291547181
A,C28,WMF,2025-05-01,1688.25175531788
A,C28,WMF,2025-06-01,1675.1306902032002
A,C28,WMF,2025-07-01,1666.4455505788
A,C28,WMF,2025-08-01,1621.8892935582098
A,C28,WMF,2025-09-01,1629.40748429263
A,C28,WMF,2025-10-01,1646.58741601021
A,C28,WMF,2025-11-01,1685.74800657899
A,C28,WMF,2025-12-01,1651.755868429
A,C28,WMF,2026-01-01,1726.1597363417102
A,C28,WMF,2026-02-01,1638.82946447451
A,C28,WMF,2026-03-01,1550.37084191769
A,C28,WMF,2026-04-01,1721.9573909235899
A,C28,WMF,2026-05-01,1666.66071763566
A,C28,WMF,2026-06-01,1641.0322708419499
A,C28,WMF,2026-07-01,1688.5618849935402
A,C29,R,2013-01-01,0.9
A,C29,R,2013-02-01,-10.4
A,C29,R,2013-03-01,-14.9
A,C29,R,2013-04-01,-9.9
A,C29,R,2013-05-01,-2
A,C29,R,2013-06-01,7
A,C29,R,2013-07-01,-4.5
A,C29,R,2013-08-01,5.8
A,C29,R,2013-09-01,12.6
A,C29,R,2013-10-01,22.1
A,C29,R,2013-11-01,29.4
A,C29,R,2013-12-01,15.3
A,C29,R,2014-01-01,7
A,C29,R,2014-02-01,10.8
A,C29,R,2014-03-01,8
A,C29,R,2014-04-01,19.2
A,C29,R,2014-05-01,5
A,C29,R,2014-06-01,3.8
A,C29,R,2014-07-01,10
A,C29,R,2014-08-01,-2.7
A,C29,R,2014-09-01,4.5
A,C29,R,2014-10-01,-7.9
A,C29,R,2014-11-01,-6.6
A,C29,R,2014-12-01,-6.8
A,C29,R,2015-01-01,-1.6
A,C29,R,2015-02-01,-11.1
A,C29,R,2015-03-01,-7.9
A,C29,R,2015-04-01,-3.4
A,C29,R,2015-05-01,1.8
A,C29,R,2015-06-01,-3.7
A,C29,R,2015-07-01,-5
A,C29,R,2015-08-01,-4.4
A,C29,R,2015-09-01,-0.2
A,C29,R,2015-10-01,15.1
A,C29,R,2015-11-01,16.1
A,C29,R,2015-12-01,6.9
A,C29,R,2016-01-01,9.8
A,C29,R,2016-02-01,26.3
A,C29,R,2016-03-01,24.7
A,C29,R,2016-04-01,2.6
A,C29,R,2016-05-01,2.6
A,C29,R,2016-06-01,6.4
A,C29,R,2016-07-01,5.4
A,C29,R,2016-08-01,24
A,C29,R,2016-09-01,5.2
A,C29,R,2016-10-01,-8.9
A,C29,R,2016-11-01,-9.7
A,C29,R,2016-12-01,1.7
A,C29,R,2017-01-01,-3.6
A,C29,R,2017-02-01,-4.3
A,C29,R,2017-03-01,4.4
A,C29,R,2017-04-01,4.2
A,C29,R,2017-05-01,2.6
A,C29,R,2017-06-01,4.7
A,C29,R,2017-07-01,0.6
A,C29,R,2017-08-01,-3.1
A,C29,R,2017-09-01,-2.3
A,C29,R,2017-10-01,8.9
A,C29,R,2017-11-01,18.2
A,C29,R,2017-12-01,20
A,C29,R,2018-01-01,15
A,C29,R,2018-02-01,4
A,C29,R,2018-03-01,2.6
A,C29,R,2018-04-01,2.9
A,C29,R,2018-05-01,7.9
A,C29,R,2018-06-01,2.6
A,C29,R,2018-07-01,15.1
A,C29,R,2018-08-01,-0.8
A,C29,R,2018-09-01,-5.1
A,C29,R,2018-10-01,0.6
A,C29,R,2018-11-01,-15.7
A,C29,R,2018-12-01,-13.9
A,C29,R,2019-01-01,-9.6
A,C29,R,2019-02-01,-12.3
A,C29,R,2019-03-01,-15.6
A,C29,R,2019-04-01,-11.1
A,C29,R,2019-05-01,-11.9
A,C29,R,2019-06-01,-14.2
A,C29,R,2019-07-01,-13.6
A,C29,R,2019-08-01,-2.1
A,C29,R,2019-09-01,4.4
A,C29,R,2019-10-01,-2
A,C29,R,2019-11-01,-3.8
A,C29,R,2019-12-01,-7.2
A,C29,R,2020-01-01,-3.9
A,C29,R,2020-02-01,7.3
A,C29,R,2020-03-01,-38.4
A,C29,R,2020-04-01,-55.8
A,C29,R,2020-05-01,-42.3
A,C29,R,2020-06-01,-19.9
A,C29,R,2020-07-01,-6.6
A,C29,R,2020-08-01,-6.1
A,C29,R,2020-09-01,7.7
A,C29,R,2020-10-01,-6.1
A,C29,R,2020-11-01,23.5
A,C29,R,2020-12-01,-6.3
A,C29,R,2021-01-01,10.6
A,C29,R,2021-02-01,-1.3
A,C29,R,2021-03-01,66
A,C29,R,2021-04-01,143.8
A,C29,R,2021-05-01,72.3
A,C29,R,2021-06-01,39
A,C29,R,2021-07-01,4.4
A,C29,R,2021-08-01,-7.9
A,C29,R,2021-09-01,-26.1
A,C29,R,2021-10-01,-10.7
A,C29,R,2021-11-01,-11.6
A,C29,R,2021-12-01,-8.6
A,C29,R,2022-01-01,-12.7
A,C29,R,2022-02-01,-1.2
A,C29,R,2022-03-01,-14.9
A,C29,R,2022-04-01,-21.7
A,C29,R,2022-05-01,-7.8
A,C29,R,2022-06-01,-7.4
A,C29,R,2022-07-01,-12.8
A,C29,R,2022-08-01,-1
A,C29,R,2022-09-01,17.3
A,C29,R,2022-10-01,-5.1
A,C29,R,2022-11-01,-20.6
A,C29,R,2022-12-01,8.4
A,C29,R,2023-01-01,-11.9
A,C29,R,2023-02-01,-3
A,C29,R,2023-03-01,13.5
A,C29,R,2023-04-01,16.7
A,C29,R,2023-05-01,-0.4
A,C29,R,2023-06-01,-4.2
A,C29,R,2023-07-01,16.8
A,C29,R,2023-08-01,9.3
A,C29,R,2023-09-01,4.1
A,C29,R,2023-10-01,17.9
A,C29,R,2023-11-01,18.1
A,C29,R,2023-12-01,6.1
A,C29,R,2024-01-01,6.2
A,C29,R,2024-02-01,-9.3
A,C29,R,2024-03-01,5.4
A,C29,R,2024-04-01,34.9
A,C29,R,2024-05-01,14.7
A,C29,R,2024-06-01,20.2
A,C29,R,2024-07-01,5.8
A,C29,R,2024-08-01,6
A,C29,R,2024-09-01,-2.7
A,C29,R,2024-10-01,10.6
A,C29,R,2024-11-01,11.9
A,C29,R,2024-12-01,15.9
A,C29,R,2025-01-01,16.8
A,C29,R,2025-02-01,17.1
A,C29,R,2025-03-01,9.2
A,C29,R,2025-04-01,-18.5
A,C29,R,2025-05-01,-2.5
A,C29,R,2025-06-01,-9.7
A,C29,R,2025-07-01,1.4
A,C29,R,2025-08-01,0
A,C29,R,2025-09-01,3.8
A,C29,R,2025-10-01,-0.1
A,C29,R,2025-11-01,-3.4
A,C29,R,2025-12-01,-5.4
A,C29,R,2026-01-01,1.1
A,C29,R,2026-02-01,-2.5
A,C29,R,2026-03-01,-9
A,C29,R,2026-04-01,5.1
A,C29,R,2026-05-01,5.8
A,C29,R,2026-06-01,1.4
A,C29,R,2026-07-01,-5.5
A,C29,WMF,2012-01-01,164.22800597811
A,C29,WMF,2012-02-01,181.415261943433
A,C29,WMF,2012-03-01,182.181959287709
A,C29,WMF,2012-04-01,177.52429648783001
A,C29,WMF,2012-05-01,172.313907930505
A,C29,WMF,2012-06-01,163.954644455908
A,C29,WMF,2012-07-01,174.21261251146998
A,C29,WMF,2012-08-01,170.349353037902
A,C29,WMF,2012-09-01,156.106416750558
A,C29,WMF,2012-10-01,157.422964937344
A,C29,WMF,2012-11-01,146.528587842158
A,C29,WMF,2012-12-01,159.32540144903697
A,C29,WMF,2013-01-01,158.579140454871
A,C29,WMF,2013-02-01,164.79922954874
A,C29,WMF,2013-03-01,154.493957711636
A,C29,WMF,2013-04-01,159.294780427193
A,C29,WMF,2013-05-01,167.53702770702202
A,C29,WMF,2013-06-01,171.679220078295
A,C29,WMF,2013-07-01,163.644645944696
A,C29,WMF,2013-08-01,176.16528138471003
A,C29,WMF,2013-09-01,169.89706227967199
A,C29,WMF,2013-10-01,178.720110721576
A,C29,WMF,2013-11-01,179.245989716618
A,C29,WMF,2013-12-01,187.613800438849
A,C29,WMF,2014-01-01,181.297440948168
A,C29,WMF,2014-02-01,175.51927441783198
A,C29,WMF,2014-03-01,160.084359698011
A,C29,WMF,2014-04-01,186.066829191117
A,C29,WMF,2014-05-01,176.864383403023
A,C29,WMF,2014-06-01,180.175375594015
A,C29,WMF,2014-07-01,186.311162925021
A,C29,WMF,2014-08-01,171.39400334355398
A,C29,WMF,2014-09-01,182.898999248374
A,C29,WMF,2014-10-01,176.14405605953
A,C29,WMF,2014-11-01,177.970713685061
A,C29,WMF,2014-12-01,170.88401209362598
A,C29,WMF,2015-01-01,170.104286333265
A,C29,WMF,2015-02-01,161.78875855350302
A,C29,WMF,2015-03-01,149.774612798404
A,C29,WMF,2015-04-01,177.04622840138998
A,C29,WMF,2015-05-01,174.29059898812602
A,C29,WMF,2015-06-01,174.06005418186598
A,C29,WMF,2015-07-01,164.610762039954
A,C29,WMF,2015-08-01,162.48463124114502
A,C29,WMF,2015-09-01,179.81709485477998
A,C29,WMF,2015-10-01,191.465551335041
A,C29,WMF,2015-11-01,187.963992379725
A,C29,WMF,2015-12-01,171.13421769872002
A,C29,WMF,2016-01-01,175.69728393696099
A,C29,WMF,2016-02-01,182.40586259035098
A,C29,WMF,2016-03-01,177.570133071709
A,C29,WMF,2016-04-01,173.500703052127
A,C29,WMF,2016-05-01,178.388875141803
A,C29,WMF,2016-06-01,172.88990179533
A,C29,WMF,2016-07-01,176.47176258453803
A,C29,WMF,2016-08-01,198.199387831419
A,C29,WMF,2016-09-01,188.68943283581902
A,C29,WMF,2016-10-01,170.935546004908
A,C29,WMF,2016-11-01,172.426092719555
A,C29,WMF,2016-12-01,177.77604034338302
A,C29,WMF,2017-01-01,176.51366724282602
A,C29,WMF,2017-02-01,178.584787427729
A,C29,WMF,2017-03-01,187.391699047664
A,C29,WMF,2017-04-01,183.76982211796098
A,C29,WMF,2017-05-01,181.284579051215
A,C29,WMF,2017-06-01,182.26181373151903
A,C29,WMF,2017-07-01,175.03593530887898
A,C29,WMF,2017-08-01,187.516934965514
A,C29,WMF,2017-09-01,187.264809861256
A,C29,WMF,2017-10-01,189.068826146697
A,C29,WMF,2017-11-01,201.62317870048003
A,C29,WMF,2017-12-01,217.38039419000899
A,C29,WMF,2018-01-01,208.562510481611
A,C29,WMF,2018-02-01,198.16013946699
A,C29,WMF,2018-03-01,210.660501268864
A,C29,WMF,2018-04-01,204.59142299092298
A,C29,WMF,2018-05-01,203.982367798139
A,C29,WMF,2018-06-01,206.975733978943
A,C29,WMF,2018-07-01,211.449655315039
A,C29,WMF,2018-08-01,199.06180188626303
A,C29,WMF,2018-09-01,179.211541380224
A,C29,WMF,2018-10-01,199.697717557834
A,C29,WMF,2018-11-01,181.220803193235
A,C29,WMF,2018-12-01,190.61658851266898
A,C29,WMF,2019-01-01,189.717750340431
A,C29,WMF,2019-02-01,187.153702967403
A,C29,WMF,2019-03-01,176.36436561290898
A,C29,WMF,2019-04-01,178.66266253557598
A,C29,WMF,2019-05-01,183.327978212105
A,C29,WMF,2019-06-01,180.045570638172
A,C29,WMF,2019-07-01,190.926823734785
A,C29,WMF,2019-08-01,196.167520653759
A,C29,WMF,2019-09-01,190.753870655554
A,C29,WMF,2019-10-01,196.45793682043998
A,C29,WMF,2019-11-01,180.722000181543
A,C29,WMF,2019-12-01,185.81953060898798
A,C29,WMF,2020-01-01,184.90621474410702
A,C29,WMF,2020-02-01,191.541922374549
A,C29,WMF,2020-03-01,112.99841925183199
A,C29,WMF,2020-04-01,75.1819894430048
A,C29,WMF,2020-05-01,106.15701345607
A,C29,WMF,2020-06-01,137.64650644374498
A,C29,WMF,2020-07-01,163.654822789733
A,C29,WMF,2020-08-01,176.241137715132
A,C29,WMF,2020-09-01,172.235875552729
A,C29,WMF,2020-10-01,178.75145369396498
A,C29,WMF,2020-11-01,213.293978796675
A,C29,WMF,2020-12-01,173.019391004547
A,C29,WMF,2021-01-01,184.75655993905
A,C29,WMF,2021-02-01,175.744935904488
A,C29,WMF,2021-03-01,177.741180821877
A,C29,WMF,2021-04-01,187.156460735928
A,C29,WMF,2021-05-01,181.736963566822
A,C29,WMF,2021-06-01,184.39445167414598
A,C29,WMF,2021-07-01,179.490459152271
A,C29,WMF,2021-08-01,174.24478601871698
A,C29,WMF,2021-09-01,167.423902140432
A,C29,WMF,2021-10-01,172.72855224876898
A,C29,WMF,2021-11-01,194.35224320208698
A,C29,WMF,2021-12-01,163.716182583781
A,C29,WMF,2022-01-01,186.09623145638702
A,C29,WMF,2022-02-01,192.89279553885
A,C29,WMF,2022-03-01,150.786093317943
A,C29,WMF,2022-04-01,154.748317261494
A,C29,WMF,2022-05-01,173.973368961771
A,C29,WMF,2022-06-01,181.512726422707
A,C29,WMF,2022-07-01,161.17845594048802
A,C29,WMF,2022-08-01,176.279362551022
A,C29,WMF,2022-09-01,196.48895511155303
A,C29,WMF,2022-10-01,161.90059754569302
A,C29,WMF,2022-11-01,167.070226928608
A,C29,WMF,2022-12-01,186.849025789947
A,C29,WMF,2023-01-01,169.293454468089
A,C29,WMF,2023-02-01,194.780754726977
A,C29,WMF,2023-03-01,189.33285980170803
A,C29,WMF,2023-04-01,182.72344154895498
A,C29,WMF,2023-05-01,180.410966958966
A,C29,WMF,2023-06-01,185.286094128045
A,C29,WMF,2023-07-01,194.75195493070302
A,C29,WMF,2023-08-01,191.345506180758
A,C29,WMF,2023-09-01,210.97777227336903
A,C29,WMF,2023-10-01,194.170450543656
A,C29,WMF,2023-11-01,190.956592030112
A,C29,WMF,2023-12-01,188.19476804850598
A,C29,WMF,2024-01-01,190.467609882962
A,C29,WMF,2024-02-01,183.372471518188
A,C29,WMF,2024-03-01,197.372850618608
A,C29,WMF,2024-04-01,212.306414650846
A,C29,WMF,2024-05-01,198.76857420532798
A,C29,WMF,2024-06-01,227.35616583879101
A,C29,WMF,2024-07-01,199.025331382896
A,C29,WMF,2024-08-01,181.56940745689602
A,C29,WMF,2024-09-01,183.32989371560998
A,C29,WMF,2024-10-01,194.550643681559
A,C29,WMF,2024-11-01,200.931063654051
A,C29,WMF,2024-12-01,195.233790197856
A,C29,WMF,2025-01-01,185.83203544915398
A,C29,WMF,2025-02-01,189.377311441862
A,C29,WMF,2025-03-01,196.94318569166202
A,C29,WMF,2025-04-01,191.45555658382298
A,C29,WMF,2025-05-01,175.82793956941802
A,C29,WMF,2025-06-01,181.762622222108
A,C29,WMF,2025-07-01,202.479662055437
A,C29,WMF,2025-08-01,193.704485830118
A,C29,WMF,2025-09-01,185.795342056347
A,C29,WMF,2025-10-01,204.665265837188
A,C29,WMF,2025-11-01,186.620006812686
A,C29,WMF,2025-12-01,202.830330603634
A,C29,WMF,2026-01-01,200.524469974067
A,C29,WMF,2026-02-01,195.288129138465
A,C29,WMF,2026-03-01,193.728983227588
A,C29,WMF,2026-04-01,215.548725193681
A,C29,WMF,2026-05-01,207.62281862593298
A,C29,WMF,2026-06-01,205.06767284701698
A,C29,WMF,2026-07-01,193.937529830571
A,C30,R,2013-01-01,-9.4
A,C30,R,2013-02-01,20
A,C30,R,2013-03-01,12
A,C30,R,2013-04-01,39.5
A,C30,R,2013-05-01,-22.3
A,C30,R,2013-06-01,38
A,C30,R,2013-07-01,-13.9
A,C30,R,2013-08-01,-8.2
A,C30,R,2013-09-01,1.6
A,C30,R,2013-10-01,35.1
A,C30,R,2013-11-01,33
A,C30,R,2013-12-01,-22.5
A,C30,R,2014-01-01,25.3
A,C30,R,2014-02-01,-30.7
A,C30,R,2014-03-01,-2.6
A,C30,R,2014-04-01,-5.2
A,C30,R,2014-05-01,37.8
A,C30,R,2014-06-01,5.2
A,C30,R,2014-07-01,9.6
A,C30,R,2014-08-01,-19.5
A,C30,R,2014-09-01,36.3
A,C30,R,2014-10-01,18
A,C30,R,2014-11-01,11.8
A,C30,R,2014-12-01,75.8
A,C30,R,2015-01-01,3.4
A,C30,R,2015-02-01,-12.3
A,C30,R,2015-03-01,17.2
A,C30,R,2015-04-01,2.8
A,C30,R,2015-05-01,-5.5
A,C30,R,2015-06-01,-23.2
A,C30,R,2015-07-01,-35.9
A,C30,R,2015-08-01,45.7
A,C30,R,2015-09-01,-34.8
A,C30,R,2015-10-01,-19.9
A,C30,R,2015-11-01,-22
A,C30,R,2015-12-01,-32.6
A,C30,R,2016-01-01,-3.6
A,C30,R,2016-02-01,-9.8
A,C30,R,2016-03-01,-7.2
A,C30,R,2016-04-01,-19.3
A,C30,R,2016-05-01,-42
A,C30,R,2016-06-01,-19.3
A,C30,R,2016-07-01,31.4
A,C30,R,2016-08-01,-39.2
A,C30,R,2016-09-01,11.7
A,C30,R,2016-10-01,-12.2
A,C30,R,2016-11-01,-13.1
A,C30,R,2016-12-01,-11.8
A,C30,R,2017-01-01,-11.6
A,C30,R,2017-02-01,56.3
A,C30,R,2017-03-01,-9.3
A,C30,R,2017-04-01,24.3
A,C30,R,2017-05-01,75.8
A,C30,R,2017-06-01,70.2
A,C30,R,2017-07-01,57.7
A,C30,R,2017-08-01,95.2
A,C30,R,2017-09-01,19.1
A,C30,R,2017-10-01,64.7
A,C30,R,2017-11-01,-14.9
A,C30,R,2017-12-01,33.9
A,C30,R,2018-01-01,6.8
A,C30,R,2018-02-01,-39.3
A,C30,R,2018-03-01,-16.9
A,C30,R,2018-04-01,-30.4
A,C30,R,2018-05-01,7.8
A,C30,R,2018-06-01,-29.4
A,C30,R,2018-07-01,-42
A,C30,R,2018-08-01,-30.6
A,C30,R,2018-09-01,0.8
A,C30,R,2018-10-01,-44.1
A,C30,R,2018-11-01,10.9
A,C30,R,2018-12-01,-21.3
A,C30,R,2019-01-01,-11.4
A,C30,R,2019-02-01,33.6
A,C30,R,2019-03-01,63.2
A,C30,R,2019-04-01,130.4
A,C30,R,2019-05-01,2.2
A,C30,R,2019-06-01,27.8
A,C30,R,2019-07-01,24.3
A,C30,R,2019-08-01,24.7
A,C30,R,2019-09-01,-13.8
A,C30,R,2019-10-01,40.2
A,C30,R,2019-11-01,68.6
A,C30,R,2019-12-01,15.1
A,C30,R,2020-01-01,74.8
A,C30,R,2020-02-01,5.7
A,C30,R,2020-03-01,-42.7
A,C30,R,2020-04-01,-56.3
A,C30,R,2020-05-01,-41
A,C30,R,2020-06-01,-43.6
A,C30,R,2020-07-01,-16.8
A,C30,R,2020-08-01,-13
A,C30,R,2020-09-01,3.8
A,C30,R,2020-10-01,16.1
A,C30,R,2020-11-01,-8.8
A,C30,R,2020-12-01,5.5
A,C30,R,2021-01-01,-45.1
A,C30,R,2021-02-01,-11.1
A,C30,R,2021-03-01,47
A,C30,R,2021-04-01,46.9
A,C30,R,2021-05-01,25.5
A,C30,R,2021-06-01,44.2
A,C30,R,2021-07-01,39.9
A,C30,R,2021-08-01,-16.8
A,C30,R,2021-09-01,16.2
A,C30,R,2021-10-01,-31
A,C30,R,2021-11-01,-17.2
A,C30,R,2021-12-01,-2
A,C30,R,2022-01-01,87.3
A,C30,R,2022-02-01,9.2
A,C30,R,2022-03-01,0.8
A,C30,R,2022-04-01,6.3
A,C30,R,2022-05-01,82.9
A,C30,R,2022-06-01,12.7
A,C30,R,2022-07-01,-11
A,C30,R,2022-08-01,-5.7
A,C30,R,2022-09-01,-13.6
A,C30,R,2022-10-01,-6.6
A,C30,R,2022-11-01,-4.9
A,C30,R,2022-12-01,-6.5
A,C30,R,2023-01-01,-32.1
A,C30,R,2023-02-01,5
A,C30,R,2023-03-01,27.1
A,C30,R,2023-04-01,-10.1
A,C30,R,2023-05-01,-31.7
A,C30,R,2023-06-01,9.3
A,C30,R,2023-07-01,-12.9
A,C30,R,2023-08-01,37.6
A,C30,R,2023-09-01,-0.1
A,C30,R,2023-10-01,55.3
A,C30,R,2023-11-01,-3.2
A,C30,R,2023-12-01,11.1
A,C30,R,2024-01-01,-6.7
A,C30,R,2024-02-01,-22
A,C30,R,2024-03-01,-25.7
A,C30,R,2024-04-01,-4.1
A,C30,R,2024-05-01,0.6
A,C30,R,2024-06-01,-12.9
A,C30,R,2024-07-01,19
A,C30,R,2024-08-01,7.7
A,C30,R,2024-09-01,-5.2
A,C30,R,2024-10-01,13.1
A,C30,R,2024-11-01,40
A,C30,R,2024-12-01,1.6
A,C30,R,2025-01-01,2
A,C30,R,2025-02-01,36.3
A,C30,R,2025-03-01,3.8
A,C30,R,2025-04-01,1.5
A,C30,R,2025-05-01,-5
A,C30,R,2025-06-01,55
A,C30,R,2025-07-01,35.5
A,C30,R,2025-08-01,32.7
A,C30,R,2025-09-01,137.1
A,C30,R,2025-10-01,-27.7
A,C30,R,2025-11-01,37.6
A,C30,R,2025-12-01,54.2
A,C30,R,2026-01-01,57.3
A,C30,R,2026-02-01,32.3
A,C30,R,2026-03-01,40.9
A,C30,R,2026-04-01,34.1
A,C30,R,2026-05-01,13.6
A,C30,R,2026-06-01,-13.1
A,C30,R,2026-07-01,1.2
A,C30,WMF,2012-01-01,264.652153242423
A,C30,WMF,2012-02-01,338.048143015155
A,C30,WMF,2012-03-01,236.58002119277998
A,C30,WMF,2012-04-01,249.291985365956
A,C30,WMF,2012-05-01,317.608922505247
A,C30,WMF,2012-06-01,239.86467245990602
A,C30,WMF,2012-07-01,328.5792945768
A,C30,WMF,2012-08-01,309.0879418391
A,C30,WMF,2012-09-01,263.467046269792
A,C30,WMF,2012-10-01,203.584290026035
A,C30,WMF,2012-11-01,231.34221116522
A,C30,WMF,2012-12-01,305.993873431404
A,C30,WMF,2013-01-01,237.243312458394
A,C30,WMF,2013-02-01,404.569505181375
A,C30,WMF,2013-03-01,279.227890898059
A,C30,WMF,2013-04-01,306.954679882175
A,C30,WMF,2013-05-01,258.558817460841
A,C30,WMF,2013-06-01,325.15651555755903
A,C30,WMF,2013-07-01,284.874257316108
A,C30,WMF,2013-08-01,285.810354705284
A,C30,WMF,2013-09-01,273.80614496453
A,C30,WMF,2013-10-01,251.363577340885
A,C30,WMF,2013-11-01,272.307419809925
A,C30,WMF,2013-12-01,219.111718093929
A,C30,WMF,2014-01-01,285.53049237475597
A,C30,WMF,2014-02-01,264.47873837277
A,C30,WMF,2014-03-01,250.888098472694
A,C30,WMF,2014-04-01,286.253024376236
A,C30,WMF,2014-05-01,316.149651886728
A,C30,WMF,2014-06-01,327.22639463017396
A,C30,WMF,2014-07-01,293.438602917586
A,C30,WMF,2014-08-01,267.265613781944
A,C30,WMF,2014-09-01,387.829518491821
A,C30,WMF,2014-10-01,407.181545667871
A,C30,WMF,2014-11-01,395.952429366252
A,C30,WMF,2014-12-01,435.83639268461104
A,C30,WMF,2015-01-01,373.553224950901
A,C30,WMF,2015-02-01,337.686036955378
A,C30,WMF,2015-03-01,430.18965995058204
A,C30,WMF,2015-04-01,361.158282382954
A,C30,WMF,2015-05-01,388.63162131559096
A,C30,WMF,2015-06-01,329.20383260741403
A,C30,WMF,2015-07-01,224.90807615277498
A,C30,WMF,2015-08-01,402.86460450293896
A,C30,WMF,2015-09-01,279.400370739748
A,C30,WMF,2015-10-01,329.233822801222
A,C30,WMF,2015-11-01,323.090972616395
A,C30,WMF,2015-12-01,301.164204884134
A,C30,WMF,2016-01-01,373.233660316845
A,C30,WMF,2016-02-01,292.375928261034
A,C30,WMF,2016-03-01,348.38243967909403
A,C30,WMF,2016-04-01,286.126022164708
A,C30,WMF,2016-05-01,220.451446441962
A,C30,WMF,2016-06-01,248.985354694439
A,C30,WMF,2016-07-01,252.735771797392
A,C30,WMF,2016-08-01,195.28074517394398
A,C30,WMF,2016-09-01,256.658687501
A,C30,WMF,2016-10-01,238.913996301143
A,C30,WMF,2016-11-01,223.041703763718
A,C30,WMF,2016-12-01,224.225291191287
A,C30,WMF,2017-01-01,254.766184299251
A,C30,WMF,2017-02-01,329.74335241429196
A,C30,WMF,2017-03-01,232.361203830329
A,C30,WMF,2017-04-01,299.463320059206
A,C30,WMF,2017-05-01,313.735761706891
A,C30,WMF,2017-06-01,345.087489466832
A,C30,WMF,2017-07-01,363.992696118548
A,C30,WMF,2017-08-01,340.297092613129
A,C30,WMF,2017-09-01,274.204101589268
A,C30,WMF,2017-10-01,420.47637818472896
A,C30,WMF,2017-11-01,190.056784068458
A,C30,WMF,2017-12-01,294.17428301788595
A,C30,WMF,2018-01-01,261.279478239302
A,C30,WMF,2018-02-01,206.461353926849
A,C30,WMF,2018-03-01,219.296423387501
A,C30,WMF,2018-04-01,220.002777937765
A,C30,WMF,2018-05-01,354.364226397239
A,C30,WMF,2018-06-01,242.758266538495
A,C30,WMF,2018-07-01,219.665241379361
A,C30,WMF,2018-08-01,245.302075279792
A,C30,WMF,2018-09-01,295.714228789041
A,C30,WMF,2018-10-01,261.573993269722
A,C30,WMF,2018-11-01,239.651036226473
A,C30,WMF,2018-12-01,271.487220079756
A,C30,WMF,2019-01-01,260.384546832482
A,C30,WMF,2019-02-01,303.361193678403
A,C30,WMF,2019-03-01,350.612438267556
A,C30,WMF,2019-04-01,467.473007286213
A,C30,WMF,2019-05-01,334.440425545169
A,C30,WMF,2019-06-01,329.426471343787
A,C30,WMF,2019-07-01,303.979957421309
A,C30,WMF,2019-08-01,341.206119456634
A,C30,WMF,2019-09-01,272.448894428759
A,C30,WMF,2019-10-01,298.97646066081796
A,C30,WMF,2019-11-01,337.669464518201
A,C30,WMF,2019-12-01,276.469374809358
A,C30,WMF,2020-01-01,424.338594623226
A,C30,WMF,2020-02-01,287.579458880301
A,C30,WMF,2020-03-01,198.893311571483
A,C30,WMF,2020-04-01,215.013098206447
A,C30,WMF,2020-05-01,209.890848748956
A,C30,WMF,2020-06-01,184.545250806816
A,C30,WMF,2020-07-01,219.070804987917
A,C30,WMF,2020-08-01,271.84718178273897
A,C30,WMF,2020-09-01,254.234274411057
A,C30,WMF,2020-10-01,330.034175106682
A,C30,WMF,2020-11-01,314.831391249389
A,C30,WMF,2020-12-01,274.584750724398
A,C30,WMF,2021-01-01,254.91287128343498
A,C30,WMF,2021-02-01,270.672923476088
A,C30,WMF,2021-03-01,305.675515717451
A,C30,WMF,2021-04-01,303.36029480383996
A,C30,WMF,2021-05-01,264.195824223151
A,C30,WMF,2021-06-01,262.803610549519
A,C30,WMF,2021-07-01,337.860819823788
A,C30,WMF,2021-08-01,245.365561166168
A,C30,WMF,2021-09-01,327.65701562046496
A,C30,WMF,2021-10-01,262.248957637319
A,C30,WMF,2021-11-01,299.51462601105897
A,C30,WMF,2021-12-01,297.391399895052
A,C30,WMF,2022-01-01,262.1307624963
A,C30,WMF,2022-02-01,336.219335353264
A,C30,WMF,2022-03-01,320.868961396911
A,C30,WMF,2022-04-01,352.263314684252
A,C30,WMF,2022-05-01,385.204706509843
A,C30,WMF,2022-06-01,293.387809225266
A,C30,WMF,2022-07-01,295.103240383409
A,C30,WMF,2022-08-01,236.14882234859402
A,C30,WMF,2022-09-01,295.81971552846096
A,C30,WMF,2022-10-01,232.822121575746
A,C30,WMF,2022-11-01,255.09134598429998
A,C30,WMF,2022-12-01,294.985984993215
A,C30,WMF,2023-01-01,342.404870847168
A,C30,WMF,2023-02-01,266.936310703933
A,C30,WMF,2023-03-01,417.054809040311
A,C30,WMF,2023-04-01,272.342512485396
A,C30,WMF,2023-05-01,300.55906019640497
A,C30,WMF,2023-06-01,302.417741935557
A,C30,WMF,2023-07-01,239.01973992523102
A,C30,WMF,2023-08-01,277.375841399251
A,C30,WMF,2023-09-01,257.256943591337
A,C30,WMF,2023-10-01,279.83295248316097
A,C30,WMF,2023-11-01,226.702100688599
A,C30,WMF,2023-12-01,267.620236948656
A,C30,WMF,2024-01-01,249.4026652956
A,C30,WMF,2024-02-01,219.113465114491
A,C30,WMF,2024-03-01,265.289000571069
A,C30,WMF,2024-04-01,253.313834616096
A,C30,WMF,2024-05-01,267.532676860923
A,C30,WMF,2024-06-01,258.641358285844
A,C30,WMF,2024-07-01,268.121537636179
A,C30,WMF,2024-08-01,276.515660118223
A,C30,WMF,2024-09-01,231.97961894942998
A,C30,WMF,2024-10-01,344.866894945824
A,C30,WMF,2024-11-01,299.509507540559
A,C30,WMF,2024-12-01,229.03361573574998
A,C30,WMF,2025-01-01,265.146908669187
A,C30,WMF,2025-02-01,287.494263951528
A,C30,WMF,2025-03-01,260.445243256487
A,C30,WMF,2025-04-01,276.32578678977603
A,C30,WMF,2025-05-01,283.519418248726
A,C30,WMF,2025-06-01,359.310592519372
A,C30,WMF,2025-07-01,339.106057902831
A,C30,WMF,2025-08-01,358.56940041259
A,C30,WMF,2025-09-01,516.710878227915
A,C30,WMF,2025-10-01,269.104750171067
A,C30,WMF,2025-11-01,418.621531074096
A,C30,WMF,2025-12-01,488.998652328426
A,C30,WMF,2026-01-01,404.289553111049
A,C30,WMF,2026-02-01,402.100658289488
A,C30,WMF,2026-03-01,376.33953914483
A,C30,WMF,2026-04-01,359.882484158576
A,C30,WMF,2026-05-01,320.32137996736697
A,C30,WMF,2026-06-01,364.672505561866
A,C30,WMF,2026-07-01,381.435213905439
A,D35,R,2013-01-01,-53
A,D35,R,2013-02-01,-55.9
A,D35,R,2013-03-01,-57.6
A,D35,R,2013-04-01,-59.9
A,D35,R,2013-05-01,-46.8
A,D35,R,2013-06-01,-54.2
A,D35,R,2013-07-01,-58.4
A,D35,R,2013-08-01,-53.2
A,D35,R,2013-09-01,-69.7
A,D35,R,2013-10-01,-57
A,D35,R,2013-11-01,-53
A,D35,R,2013-12-01,-55.2
A,D35,R,2014-01-01,-12.3
A,D35,R,2014-02-01,-3.1
A,D35,R,2014-03-01,13.8
A,D35,R,2014-04-01,16.8
A,D35,R,2014-05-01,9.4
A,D35,R,2014-06-01,15.8
A,D35,R,2014-07-01,20.6
A,D35,R,2014-08-01,13.9
A,D35,R,2014-09-01,46.9
A,D35,R,2014-10-01,8.3
A,D35,R,2014-11-01,8.8
A,D35,R,2014-12-01,17
A,D35,R,2015-01-01,18.9
A,D35,R,2015-02-01,14.1
A,D35,R,2015-03-01,-12.3
A,D35,R,2015-04-01,9.3
A,D35,R,2015-05-01,3
A,D35,R,2015-06-01,8.6
A,D35,R,2015-07-01,23.2
A,D35,R,2015-08-01,-18.5
A,D35,R,2015-09-01,-8.8
A,D35,R,2015-10-01,10.2
A,D35,R,2015-11-01,-12.7
A,D35,R,2015-12-01,-34.8
A,D35,R,2016-01-01,-24.6
A,D35,R,2016-02-01,-21.7
A,D35,R,2016-03-01,-1.8
A,D35,R,2016-04-01,-13.9
A,D35,R,2016-05-01,-17.7
A,D35,R,2016-06-01,-8
A,D35,R,2016-07-01,-34.1
A,D35,R,2016-08-01,-22.7
A,D35,R,2016-09-01,-24.8
A,D35,R,2016-10-01,-34.5
A,D35,R,2016-11-01,-43.2
A,D35,R,2016-12-01,-20.6
A,D35,R,2017-01-01,-0.5
A,D35,R,2017-02-01,-21
A,D35,R,2017-03-01,-7.2
A,D35,R,2017-04-01,-17.6
A,D35,R,2017-05-01,-20.4
A,D35,R,2017-06-01,-38.8
A,D35,R,2017-07-01,-8.8
A,D35,R,2017-08-01,26.4
A,D35,R,2017-09-01,0.7
A,D35,R,2017-10-01,0.7
A,D35,R,2017-11-01,33.8
A,D35,R,2017-12-01,15.4
A,D35,R,2018-01-01,-34.3
A,D35,R,2018-02-01,14.7
A,D35,R,2018-03-01,-11.1
A,D35,R,2018-04-01,3.2
A,D35,R,2018-05-01,51.2
A,D35,R,2018-06-01,35.6
A,D35,R,2018-07-01,1.5
A,D35,R,2018-08-01,-12.4
A,D35,R,2018-09-01,-17.2
A,D35,R,2018-10-01,4
A,D35,R,2018-11-01,-7.5
A,D35,R,2018-12-01,24.7
A,D35,R,2019-01-01,37.5
A,D35,R,2019-02-01,-11.7
A,D35,R,2019-03-01,-15.9
A,D35,R,2019-04-01,-1.9
A,D35,R,2019-05-01,-29.1
A,D35,R,2019-06-01,9.4
A,D35,R,2019-07-01,25.1
A,D35,R,2019-08-01,37.8
A,D35,R,2019-09-01,42.6
A,D35,R,2019-10-01,23.6
A,D35,R,2019-11-01,26
A,D35,R,2019-12-01,2.5
A,D35,R,2020-01-01,21.9
A,D35,R,2020-02-01,26.3
A,D35,R,2020-03-01,61.9
A,D35,R,2020-04-01,22.2
A,D35,R,2020-05-01,35.7
A,D35,R,2020-06-01,-0.9
A,D35,R,2020-07-01,-20.4
A,D35,R,2020-08-01,-27.7
A,D35,R,2020-09-01,8.6
A,D35,R,2020-10-01,-8.4
A,D35,R,2020-11-01,20.9
A,D35,R,2020-12-01,-0.4
A,D35,R,2021-01-01,-3.4
A,D35,R,2021-02-01,5.1
A,D35,R,2021-03-01,-13.7
A,D35,R,2021-04-01,-22.7
A,D35,R,2021-05-01,-27.5
A,D35,R,2021-06-01,-14.3
A,D35,R,2021-07-01,23.4
A,D35,R,2021-08-01,23.7
A,D35,R,2021-09-01,14.5
A,D35,R,2021-10-01,40.2
A,D35,R,2021-11-01,32.7
A,D35,R,2021-12-01,104.8
A,D35,R,2022-01-01,-10.1
A,D35,R,2022-02-01,-26.8
A,D35,R,2022-03-01,-14.1
A,D35,R,2022-04-01,7.5
A,D35,R,2022-05-01,6.8
A,D35,R,2022-06-01,-4.1
A,D35,R,2022-07-01,-20.4
A,D35,R,2022-08-01,-16.7
A,D35,R,2022-09-01,-37.7
A,D35,R,2022-10-01,-35.7
A,D35,R,2022-11-01,-48.2
A,D35,R,2022-12-01,-58.6
A,D35,R,2023-01-01,26.7
A,D35,R,2023-02-01,29
A,D35,R,2023-03-01,9.8
A,D35,R,2023-04-01,16.6
A,D35,R,2023-05-01,19.9
A,D35,R,2023-06-01,39.4
A,D35,R,2023-07-01,34.9
A,D35,R,2023-08-01,27.6
A,D35,R,2023-09-01,45.3
A,D35,R,2023-10-01,20.7
A,D35,R,2023-11-01,36.8
A,D35,R,2023-12-01,30.3
A,D35,R,2024-01-01,15.1
A,D35,R,2024-02-01,22.9
A,D35,R,2024-03-01,46.7
A,D35,R,2024-04-01,21.2
A,D35,R,2024-05-01,-1.9
A,D35,R,2024-06-01,-4.7
A,D35,R,2024-07-01,5.5
A,D35,R,2024-08-01,13.3
A,D35,R,2024-09-01,4.7
A,D35,R,2024-10-01,20.9
A,D35,R,2024-11-01,14.3
A,D35,R,2024-12-01,9.9
A,D35,R,2025-01-01,-15.3
A,D35,R,2025-02-01,-6.4
A,D35,R,2025-03-01,-37.6
A,D35,R,2025-04-01,-19.2
A,D35,R,2025-05-01,-0.6
A,D35,R,2025-06-01,9.5
A,D35,R,2025-07-01,-20.2
A,D35,R,2025-08-01,-32.9
A,D35,R,2025-09-01,-22.7
A,D35,R,2025-10-01,-34.7
A,D35,R,2025-11-01,-33.4
A,D35,R,2025-12-01,-37.8
A,D35,R,2026-01-01,-26.4
A,D35,R,2026-02-01,-36.5
A,D35,R,2026-03-01,51.7
A,D35,R,2026-04-01,8.8
A,D35,R,2026-05-01,4.4
A,D35,R,2026-06-01,-15.6
A,D35,R,2026-07-01,2.3
A,D35,WMF,2012-01-01,468.16160692040995
A,D35,WMF,2012-02-01,484.05604828700797
A,D35,WMF,2012-03-01,458.70982613103996
A,D35,WMF,2012-04-01,543.876220967304
A,D35,WMF,2012-05-01,499.582342626585
A,D35,WMF,2012-06-01,525.165978151397
A,D35,WMF,2012-07-01,532.833005996038
A,D35,WMF,2012-08-01,533.948916157231
A,D35,WMF,2012-09-01,596.74817598005
A,D35,WMF,2012-10-01,472.933157036686
A,D35,WMF,2012-11-01,454.091130578336
A,D35,WMF,2012-12-01,470.56085600328
A,D35,WMF,2013-01-01,224.40975228871702
A,D35,WMF,2013-02-01,217.184255370681
A,D35,WMF,2013-03-01,222.104451874714
A,D35,WMF,2013-04-01,192.24333620177
A,D35,WMF,2013-05-01,203.283272466988
A,D35,WMF,2013-06-01,178.715327937125
A,D35,WMF,2013-07-01,178.22135410317
A,D35,WMF,2013-08-01,205.687280969728
A,D35,WMF,2013-09-01,175.426339002868
A,D35,WMF,2013-10-01,177.914817759562
A,D35,WMF,2013-11-01,208.95506351734
A,D35,WMF,2013-12-01,203.712485955251
A,D35,WMF,2014-01-01,182.425527541868
A,D35,WMF,2014-02-01,195.776276578711
A,D35,WMF,2014-03-01,212.772027415803
A,D35,WMF,2014-04-01,187.758926522201
A,D35,WMF,2014-05-01,191.75911390635602
A,D35,WMF,2014-06-01,204.62328994931502
A,D35,WMF,2014-07-01,177.41526744915598
A,D35,WMF,2014-08-01,177.133760934384
A,D35,WMF,2014-09-01,194.313489880903
A,D35,WMF,2014-10-01,181.669500036877
A,D35,WMF,2014-11-01,181.126096488235
A,D35,WMF,2014-12-01,191.729366518614
A,D35,WMF,2015-01-01,184.36509849765199
A,D35,WMF,2015-02-01,196.346189703073
A,D35,WMF,2015-03-01,152.733375751341
A,D35,WMF,2015-04-01,183.372864719563
A,D35,WMF,2015-05-01,182.008194764963
A,D35,WMF,2015-06-01,179.768361516508
A,D35,WMF,2015-07-01,192.456379880999
A,D35,WMF,2015-08-01,142.995170986352
A,D35,WMF,2015-09-01,159.275433383458
A,D35,WMF,2015-10-01,164.289034788393
A,D35,WMF,2015-11-01,169.809008275536
A,D35,WMF,2015-12-01,126.202788669074
A,D35,WMF,2016-01-01,128.776724710263
A,D35,WMF,2016-02-01,115.55691223640599
A,D35,WMF,2016-03-01,115.547325996986
A,D35,WMF,2016-04-01,123.305928294128
A,D35,WMF,2016-05-01,118.489602547647
A,D35,WMF,2016-06-01,145.624244661733
A,D35,WMF,2016-07-01,114.72690575735601
A,D35,WMF,2016-08-01,95.8930017235555
A,D35,WMF,2016-09-01,110.67826101307399
A,D35,WMF,2016-10-01,111.80804926607
A,D35,WMF,2016-11-01,97.3161234601132
A,D35,WMF,2016-12-01,98.6400319637022
A,D35,WMF,2017-01-01,137.078760227802
A,D35,WMF,2017-02-01,99.56940537906709
A,D35,WMF,2017-03-01,123.44621001577701
A,D35,WMF,2017-04-01,121.825385824243
A,D35,WMF,2017-05-01,115.060979250049
A,D35,WMF,2017-06-01,105.194164221416
A,D35,WMF,2017-07-01,118.147264411347
A,D35,WMF,2017-08-01,132.604727253795
A,D35,WMF,2017-09-01,122.55616551686201
A,D35,WMF,2017-10-01,124.869688881948
A,D35,WMF,2017-11-01,146.093618957268
A,D35,WMF,2017-12-01,157.915702361117
A,D35,WMF,2018-01-01,132.202138907049
A,D35,WMF,2018-02-01,182.713068768264
A,D35,WMF,2018-03-01,160.127201229964
A,D35,WMF,2018-04-01,170.958170420249
A,D35,WMF,2018-05-01,193.74437919290799
A,D35,WMF,2018-06-01,191.882721721789
A,D35,WMF,2018-07-01,175.97461561264802
A,D35,WMF,2018-08-01,186.978350246861
A,D35,WMF,2018-09-01,162.925591044832
A,D35,WMF,2018-10-01,189.001651763714
A,D35,WMF,2018-11-01,154.483639115258
A,D35,WMF,2018-12-01,174.20852616115098
A,D35,WMF,2019-01-01,153.696838840243
A,D35,WMF,2019-02-01,145.351588679775
A,D35,WMF,2019-03-01,126.110433765918
A,D35,WMF,2019-04-01,160.529321435363
A,D35,WMF,2019-05-01,152.80940805966299
A,D35,WMF,2019-06-01,158.947414928833
A,D35,WMF,2019-07-01,164.50044892142
A,D35,WMF,2019-08-01,160.747973020164
A,D35,WMF,2019-09-01,154.68874515279902
A,D35,WMF,2019-10-01,143.78170074744702
A,D35,WMF,2019-11-01,137.277183025082
A,D35,WMF,2019-12-01,124.37685388808299
A,D35,WMF,2020-01-01,133.318972568585
A,D35,WMF,2020-02-01,123.552803623501
A,D35,WMF,2020-03-01,125.72288951417599
A,D35,WMF,2020-04-01,106.261647187719
A,D35,WMF,2020-05-01,115.71443290118
A,D35,WMF,2020-06-01,115.885297109232
A,D35,WMF,2020-07-01,110.90843816985699
A,D35,WMF,2020-08-01,119.017678988858
A,D35,WMF,2020-09-01,155.37446243564
A,D35,WMF,2020-10-01,124.42458625469001
A,D35,WMF,2020-11-01,155.13761843720002
A,D35,WMF,2020-12-01,144.93174474775202
A,D35,WMF,2021-01-01,170.64904400808098
A,D35,WMF,2021-02-01,183.959233734818
A,D35,WMF,2021-03-01,189.398575251583
A,D35,WMF,2021-04-01,197.961255537772
A,D35,WMF,2021-05-01,221.322859086763
A,D35,WMF,2021-06-01,252.67534777048502
A,D35,WMF,2021-07-01,289.80949272911903
A,D35,WMF,2021-08-01,296.604584185514
A,D35,WMF,2021-09-01,364.519484155675
A,D35,WMF,2021-10-01,378.325463428408
A,D35,WMF,2021-11-01,388.186789615173
A,D35,WMF,2021-12-01,498.521005606985
A,D35,WMF,2022-01-01,475.02948582936
A,D35,WMF,2022-02-01,442.881586202603
A,D35,WMF,2022-03-01,719.80432815443
A,D35,WMF,2022-04-01,563.7361190833859
A,D35,WMF,2022-05-01,644.37946197947
A,D35,WMF,2022-06-01,645.547224330966
A,D35,WMF,2022-07-01,954.3963960994149
A,D35,WMF,2022-08-01,1323.62975277373
A,D35,WMF,2022-09-01,948.431246379736
A,D35,WMF,2022-10-01,443.20780685598896
A,D35,WMF,2022-11-01,488.17623644428096
A,D35,WMF,2022-12-01,580.772470877499
A,D35,WMF,2023-01-01,479.524464251467
A,D35,WMF,2023-02-01,501.374278565333
A,D35,WMF,2023-03-01,383.557756380815
A,D35,WMF,2023-04-01,472.019288884533
A,D35,WMF,2023-05-01,390.299819940482
A,D35,WMF,2023-06-01,421.798413147053
A,D35,WMF,2023-07-01,371.262059591327
A,D35,WMF,2023-08-01,385.312250119123
A,D35,WMF,2023-09-01,360.422980297238
A,D35,WMF,2023-10-01,367.030962782752
A,D35,WMF,2023-11-01,330.343816585648
A,D35,WMF,2023-12-01,278.902601065163
A,D35,WMF,2024-01-01,317.96489739046
A,D35,WMF,2024-02-01,306.136377101258
A,D35,WMF,2024-03-01,325.907713736697
A,D35,WMF,2024-04-01,350.543502015939
A,D35,WMF,2024-05-01,329.43607714544805
A,D35,WMF,2024-06-01,280.10157714533904
A,D35,WMF,2024-07-01,269.378549451142
A,D35,WMF,2024-08-01,314.728956909562
A,D35,WMF,2024-09-01,345.57047868881705
A,D35,WMF,2024-10-01,347.287488615734
A,D35,WMF,2024-11-01,374.922905961665
A,D35,WMF,2024-12-01,403.538865739433
A,D35,WMF,2025-01-01,377.010376316617
A,D35,WMF,2025-02-01,419.36910012869504
A,D35,WMF,2025-03-01,281.77147725444297
A,D35,WMF,2025-04-01,329.42963123900097
A,D35,WMF,2025-05-01,320.22364756480005
A,D35,WMF,2025-06-01,380.785396419701
A,D35,WMF,2025-07-01,320.347313937017
A,D35,WMF,2025-08-01,287.549034734351
A,D35,WMF,2025-09-01,295.21996512066903
A,D35,WMF,2025-10-01,259.296388162935
A,D35,WMF,2025-11-01,254.573994971977
A,D35,WMF,2025-12-01,243.615504003101
A,D35,WMF,2026-01-01,269.700207343714
A,D35,WMF,2026-02-01,233.03131661965298
A,D35,WMF,2026-03-01,401.34873665070097
A,D35,WMF,2026-04-01,407.690019931037
A,D35,WMF,2026-05-01,477.641388153187
A,D35,WMF,2026-06-01,455.665883183896
A,D35,WMF,2026-07-01,480.774167097273
A,GT,R,2013-01-01,-5.1
A,GT,R,2013-02-01,-9.6
A,GT,R,2013-03-01,-7.2
A,GT,R,2013-04-01,-5.4
A,GT,R,2013-05-01,-11.4
A,GT,R,2013-06-01,-5.8
A,GT,R,2013-07-01,-6.1
A,GT,R,2013-08-01,-8.3
A,GT,R,2013-09-01,-11.9
A,GT,R,2013-10-01,-9.2
A,GT,R,2013-11-01,-7.2
A,GT,R,2013-12-01,-7.4
A,GT,R,2014-01-01,0.3
A,GT,R,2014-02-01,4.3
A,GT,R,2014-03-01,1.8
A,GT,R,2014-04-01,5.2
A,GT,R,2014-05-01,2.6
A,GT,R,2014-06-01,1.8
A,GT,R,2014-07-01,7.1
A,GT,R,2014-08-01,3.5
A,GT,R,2014-09-01,3.6
A,GT,R,2014-10-01,6.1
A,GT,R,2014-11-01,3.7
A,GT,R,2014-12-01,3.7
A,GT,R,2015-01-01,2.4
A,GT,R,2015-02-01,-1.6
A,GT,R,2015-03-01,-0.5
A,GT,R,2015-04-01,-1.9
A,GT,R,2015-05-01,-0.9
A,GT,R,2015-06-01,0.7
A,GT,R,2015-07-01,-5.3
A,GT,R,2015-08-01,-3.7
A,GT,R,2015-09-01,-3
A,GT,R,2015-10-01,-0.9
A,GT,R,2015-11-01,-2
A,GT,R,2015-12-01,-4.1
A,GT,R,2016-01-01,-3.2
A,GT,R,2016-02-01,0.3
A,GT,R,2016-03-01,0
A,GT,R,2016-04-01,-0.2
A,GT,R,2016-05-01,-2.2
A,GT,R,2016-06-01,-3.1
A,GT,R,2016-07-01,0.9
A,GT,R,2016-08-01,0.9
A,GT,R,2016-09-01,4.7
A,GT,R,2016-10-01,-3.9
A,GT,R,2016-11-01,-4
A,GT,R,2016-12-01,5.9
A,GT,R,2017-01-01,1.4
A,GT,R,2017-02-01,-1
A,GT,R,2017-03-01,1.2
A,GT,R,2017-04-01,-0.3
A,GT,R,2017-05-01,9.2
A,GT,R,2017-06-01,4.4
A,GT,R,2017-07-01,1.5
A,GT,R,2017-08-01,7.4
A,GT,R,2017-09-01,1.3
A,GT,R,2017-10-01,2.1
A,GT,R,2017-11-01,8.6
A,GT,R,2017-12-01,8.4
A,GT,R,2018-01-01,3.9
A,GT,R,2018-02-01,8.9
A,GT,R,2018-03-01,8.7
A,GT,R,2018-04-01,5.7
A,GT,R,2018-05-01,5.1
A,GT,R,2018-06-01,9.6
A,GT,R,2018-07-01,-0.4
A,GT,R,2018-08-01,0.6
A,GT,R,2018-09-01,1.8
A,GT,R,2018-10-01,10.6
A,GT,R,2018-11-01,4.1
A,GT,R,2018-12-01,0.4
A,GT,R,2019-01-01,4.3
A,GT,R,2019-02-01,1.7
A,GT,R,2019-03-01,-2.3
A,GT,R,2019-04-01,1.4
A,GT,R,2019-05-01,-24.9
A,GT,R,2019-06-01,0.8
A,GT,R,2019-07-01,8.8
A,GT,R,2019-08-01,-1
A,GT,R,2019-09-01,5.3
A,GT,R,2019-10-01,-1.7
A,GT,R,2019-11-01,-2.4
A,GT,R,2019-12-01,-4.2
A,GT,R,2020-01-01,0.6
A,GT,R,2020-02-01,-0.5
A,GT,R,2020-03-01,-3.3
A,GT,R,2020-04-01,-15.1
A,GT,R,2020-05-01,5.3
A,GT,R,2020-06-01,-14.4
A,GT,R,2020-07-01,-8.2
A,GT,R,2020-08-01,-3
A,GT,R,2020-09-01,-10.3
A,GT,R,2020-10-01,-5.9
A,GT,R,2020-11-01,2.6
A,GT,R,2020-12-01,-7.5
A,GT,R,2021-01-01,-0.3
A,GT,R,2021-02-01,-3.4
A,GT,R,2021-03-01,12.8
A,GT,R,2021-04-01,20.3
A,GT,R,2021-05-01,31.3
A,GT,R,2021-06-01,11.2
A,GT,R,2021-07-01,17.3
A,GT,R,2021-08-01,11.4
A,GT,R,2021-09-01,15.4
A,GT,R,2021-10-01,13.3
A,GT,R,2021-11-01,7.4
A,GT,R,2021-12-01,16.2
A,GT,R,2022-01-01,4.9
A,GT,R,2022-02-01,16.7
A,GT,R,2022-03-01,-1.9
A,GT,R,2022-04-01,4.5
A,GT,R,2022-05-01,0.9
A,GT,R,2022-06-01,9
A,GT,R,2022-07-01,-4.7
A,GT,R,2022-08-01,0.7
A,GT,R,2022-09-01,1.2
A,GT,R,2022-10-01,-0.2
A,GT,R,2022-11-01,-4.9
A,GT,R,2022-12-01,-12
A,GT,R,2023-01-01,2.1
A,GT,R,2023-02-01,-6.1
A,GT,R,2023-03-01,5.4
A,GT,R,2023-04-01,-8.9
A,GT,R,2023-05-01,-1.8
A,GT,R,2023-06-01,-0.6
A,GT,R,2023-07-01,-5
A,GT,R,2023-08-01,3
A,GT,R,2023-09-01,7.2
A,GT,R,2023-10-01,-3.2
A,GT,R,2023-11-01,6.2
A,GT,R,2023-12-01,-15.1
A,GT,R,2024-01-01,-10.2
A,GT,R,2024-02-01,-7.7
A,GT,R,2024-03-01,-16.4
A,GT,R,2024-04-01,4.1
A,GT,R,2024-05-01,-6.2
A,GT,R,2024-06-01,-4.2
A,GT,R,2024-07-01,-0.1
A,GT,R,2024-08-01,-13.3
A,GT,R,2024-09-01,-16.3
A,GT,R,2024-10-01,-0.1
A,GT,R,2024-11-01,-0.9
A,GT,R,2024-12-01,46.4
A,GT,R,2025-01-01,-3
A,GT,R,2025-02-01,1
A,GT,R,2025-03-01,13
A,GT,R,2025-04-01,1.7
A,GT,R,2025-05-01,-2.1
A,GT,R,2025-06-01,-2.5
A,GT,R,2025-07-01,-1.4
A,GT,R,2025-08-01,-1.6
A,GT,R,2025-09-01,-2.9
A,GT,R,2025-10-01,-13.6
A,GT,R,2025-11-01,-13
A,GT,R,2025-12-01,-20.3
A,GT,R,2026-01-01,3.5
A,GT,R,2026-02-01,-2.8
A,GT,R,2026-03-01,-10.2
A,GT,R,2026-04-01,-6.3
A,GT,R,2026-05-01,2.2
A,GT,R,2026-06-01,-6.7
A,GT,R,2026-07-01,5.2
A,GT,WMF,2012-01-01,16260.863177075273
A,GT,WMF,2012-02-01,16526.45485798411
A,GT,WMF,2012-03-01,16284.379954804628
A,GT,WMF,2012-04-01,16435.287376118562
A,GT,WMF,2012-05-01,17492.031149592953
A,GT,WMF,2012-06-01,16463.23838645656
A,GT,WMF,2012-07-01,16731.298044787054
A,GT,WMF,2012-08-01,16900.660288754996
A,GT,WMF,2012-09-01,17605.795022871866
A,GT,WMF,2012-10-01,16800.023684078937
A,GT,WMF,2012-11-01,16619.917052488578
A,GT,WMF,2012-12-01,16483.477193146624
A,GT,WMF,2013-01-01,16742.655770524172
A,GT,WMF,2013-02-01,16367.028581663742
A,GT,WMF,2013-03-01,16995.328362027438
A,GT,WMF,2013-04-01,16719.633102882115
A,GT,WMF,2013-05-01,16991.294857240253
A,GT,WMF,2013-06-01,17090.11764642954
A,GT,WMF,2013-07-01,16992.639222936134
A,GT,WMF,2013-08-01,16823.11045894364
A,GT,WMF,2013-09-01,17127.23376601234
A,GT,WMF,2013-10-01,16537.194865375273
A,GT,WMF,2013-11-01,16826.837892696854
A,GT,WMF,2013-12-01,16549.668408905498
A,GT,WMF,2014-01-01,17041.83043487544
A,GT,WMF,2014-02-01,17299.297041658934
A,GT,WMF,2014-03-01,17166.172422807424
A,GT,WMF,2014-04-01,17644.099211652843
A,GT,WMF,2014-05-01,17070.017570586904
A,GT,WMF,2014-06-01,17240.91088548042
A,GT,WMF,2014-07-01,17963.398867822354
A,GT,WMF,2014-08-01,17869.698035069257
A,GT,WMF,2014-09-01,17360.601088929965
A,GT,WMF,2014-10-01,17744.76834006572
A,GT,WMF,2014-11-01,17704.708224056332
A,GT,WMF,2014-12-01,17478.110429918037
A,GT,WMF,2015-01-01,17214.33070416172
A,GT,WMF,2015-02-01,16692.63034701186
A,GT,WMF,2015-03-01,16803.36166709693
A,GT,WMF,2015-04-01,16716.083735975364
A,GT,WMF,2015-05-01,16431.53561368366
A,GT,WMF,2015-06-01,16993.193105084832
A,GT,WMF,2015-07-01,16484.721170821333
A,GT,WMF,2015-08-01,16587.10877265245
A,GT,WMF,2015-09-01,16802.575362818036
A,GT,WMF,2015-10-01,17624.117051942856
A,GT,WMF,2015-11-01,17276.971037423245
A,GT,WMF,2015-12-01,17181.963267401614
A,GT,WMF,2016-01-01,17264.432399280046
A,GT,WMF,2016-02-01,17324.91155845703
A,GT,WMF,2016-03-01,17416.9418504189
A,GT,WMF,2016-04-01,17557.555748594223
A,GT,WMF,2016-05-01,17320.830743563576
A,GT,WMF,2016-06-01,17211.2808270472
A,GT,WMF,2016-07-01,17495.924146247762
A,GT,WMF,2016-08-01,17786.516916448294
A,GT,WMF,2016-09-01,18383.676013882796
A,GT,WMF,2016-10-01,17599.133347268034
A,GT,WMF,2016-11-01,16896.286873710542
A,GT,WMF,2016-12-01,17895.546224627164
A,GT,WMF,2017-01-01,18213.311059521486
A,GT,WMF,2017-02-01,17631.544843316395
A,GT,WMF,2017-03-01,17480.359073776675
A,GT,WMF,2017-04-01,18057.94329623699
A,GT,WMF,2017-05-01,18592.188267175457
A,GT,WMF,2017-06-01,18005.678826283303
A,GT,WMF,2017-07-01,18752.650458852237
A,GT,WMF,2017-08-01,18781.829516841783
A,GT,WMF,2017-09-01,18625.27972017798
A,GT,WMF,2017-10-01,18504.986099235448
A,GT,WMF,2017-11-01,18724.30903889592
A,GT,WMF,2017-12-01,20025.818392381418
A,GT,WMF,2018-01-01,18908.002604597383
A,GT,WMF,2018-02-01,19271.065712537868
A,GT,WMF,2018-03-01,19314.619005091117
A,GT,WMF,2018-04-01,19303.859995937823
A,GT,WMF,2018-05-01,20005.62645406045
A,GT,WMF,2018-06-01,19911.292475238784
A,GT,WMF,2018-07-01,19369.088922023187
A,GT,WMF,2018-08-01,19112.01668937655
A,GT,WMF,2018-09-01,18853.70288809521
A,GT,WMF,2018-10-01,19973.094678918293
A,GT,WMF,2018-11-01,19798.24471585421
A,GT,WMF,2018-12-01,20187.772287374322
A,GT,WMF,2019-01-01,19646.15432420787
A,GT,WMF,2019-02-01,20443.94260657124
A,GT,WMF,2019-03-01,20138.022891098804
A,GT,WMF,2019-04-01,19990.93165717021
A,GT,WMF,2019-05-01,20008.70686323233
A,GT,WMF,2019-06-01,21572.012621606184
A,GT,WMF,2019-07-01,20882.007985364056
A,GT,WMF,2019-08-01,19447.82361615779
A,GT,WMF,2019-09-01,21555.405725488206
A,GT,WMF,2019-10-01,20297.59928866208
A,GT,WMF,2019-11-01,19517.413287394444
A,GT,WMF,2019-12-01,19785.73466993837
A,GT,WMF,2020-01-01,20291.68906502499
A,GT,WMF,2020-02-01,20046.652003238632
A,GT,WMF,2020-03-01,19627.17635668437
A,GT,WMF,2020-04-01,16783.08394691648
A,GT,WMF,2020-05-01,15820.222949412093
A,GT,WMF,2020-06-01,17760.952243177693
A,GT,WMF,2020-07-01,18460.05979502679
A,GT,WMF,2020-08-01,19366.81030036176
A,GT,WMF,2020-09-01,18571.34678421917
A,GT,WMF,2020-10-01,18703.04739778601
A,GT,WMF,2020-11-01,19878.4658492545
A,GT,WMF,2020-12-01,18864.852796813644
A,GT,WMF,2021-01-01,20028.25350322163
A,GT,WMF,2021-02-01,19294.61565624159
A,GT,WMF,2021-03-01,21366.380231770163
A,GT,WMF,2021-04-01,20866.991888712724
A,GT,WMF,2021-05-01,21117.683119129153
A,GT,WMF,2021-06-01,21067.283323881078
A,GT,WMF,2021-07-01,22114.235559464985
A,GT,WMF,2021-08-01,22486.39742674674
A,GT,WMF,2021-09-01,22078.26270944023
A,GT,WMF,2021-10-01,21759.08298084825
A,GT,WMF,2021-11-01,23221.9868363801
A,GT,WMF,2021-12-01,21934.993626614585
A,GT,WMF,2022-01-01,21897.416856304102
A,GT,WMF,2022-02-01,24608.51906960176
A,GT,WMF,2022-03-01,22515.81721737617
A,GT,WMF,2022-04-01,22626.697725859285
A,GT,WMF,2022-05-01,22747.874251772355
A,GT,WMF,2022-06-01,23571.828970486764
A,GT,WMF,2022-07-01,23266.316887821533
A,GT,WMF,2022-08-01,23889.83465698452
A,GT,WMF,2022-09-01,24048.01362371752
A,GT,WMF,2022-10-01,23237.76330274939
A,GT,WMF,2022-11-01,21507.3612126735
A,GT,WMF,2022-12-01,23094.17875012572
A,GT,WMF,2023-01-01,23768.946626104742
A,GT,WMF,2023-02-01,23265.701974949938
A,GT,WMF,2023-03-01,23445.098833629174
A,GT,WMF,2023-04-01,21653.77191779908
A,GT,WMF,2023-05-01,22706.62558053574
A,GT,WMF,2023-06-01,22861.970785287158
A,GT,WMF,2023-07-01,21601.639591252664
A,GT,WMF,2023-08-01,23124.444133603683
A,GT,WMF,2023-09-01,25226.425186886194
A,GT,WMF,2023-10-01,22017.486927698585
A,GT,WMF,2023-11-01,22403.92812888841
A,GT,WMF,2023-12-01,22323.19092040053
A,GT,WMF,2024-01-01,22599.17376235859
A,GT,WMF,2024-02-01,22559.43607954337
A,GT,WMF,2024-03-01,22139.24260164805
A,GT,WMF,2024-04-01,23855.64410397992
A,GT,WMF,2024-05-01,23329.81441645462
A,GT,WMF,2024-06-01,24309.865622348905
A,GT,WMF,2024-07-01,23627.91585634574
A,GT,WMF,2024-08-01,23504.827729685265
A,GT,WMF,2024-09-01,23241.46219500093
A,GT,WMF,2024-10-01,25604.854812318288
A,GT,WMF,2024-11-01,23232.86696482301
A,GT,WMF,2024-12-01,25407.343955436863
A,GT,WMF,2025-01-01,23970.550380055454
A,GT,WMF,2025-02-01,25582.996038819212
A,GT,WMF,2025-03-01,29169.37717872984
A,GT,WMF,2025-04-01,25591.97625200171
A,GT,WMF,2025-05-01,22074.437022356826
A,GT,WMF,2025-06-01,23797.85646761271
A,GT,WMF,2025-07-01,22630.88810849032
A,GT,WMF,2025-08-01,22679.782277385493
A,GT,WMF,2025-09-01,23606.78579713116
A,GT,WMF,2025-10-01,22831.537414550836
A,GT,WMF,2025-11-01,23401.28824564157
A,GT,WMF,2025-12-01,22602.903832725104
A,GT,WMF,2026-01-01,22903.24863000854
A,GT,WMF,2026-02-01,22227.434241573726
A,GT,WMF,2026-03-01,22654.52835427853
A,GT,WMF,2026-04-01,22692.986600286862
A,GT,WMF,2026-05-01,25311.32949448833
A,GT,WMF,2026-06-01,24410.599663779907
A,GT,WMF,2026-07-01,27789.950598798572
E,A01,R,2013-01-01,-6
E,A01,R,2013-02-01,-0.4
E,A01,R,2013-03-01,6.1
E,A01,R,2013-04-01,5.8
E,A01,R,2013-05-01,-2.7
E,A01,R,2013-06-01,4.8
E,A01,R,2013-07-01,18.8
E,A01,R,2013-08-01,5
E,A01,R,2013-09-01,2.2
E,A01,R,2013-10-01,7.2
E,A01,R,2013-11-01,-1.4
E,A01,R,2013-12-01,-12.3
E,A01,R,2014-01-01,15.1
E,A01,R,2014-02-01,19.3
E,A01,R,2014-03-01,-3.8
E,A01,R,2014-04-01,0.2
E,A01,R,2014-05-01,-9.4
E,A01,R,2014-06-01,-6.5
E,A01,R,2014-07-01,-15.2
E,A01,R,2014-08-01,-2.7
E,A01,R,2014-09-01,6.9
E,A01,R,2014-10-01,-2.7
E,A01,R,2014-11-01,-8.2
E,A01,R,2014-12-01,4.8
E,A01,R,2015-01-01,-7.9
E,A01,R,2015-02-01,-5.1
E,A01,R,2015-03-01,6.4
E,A01,R,2015-04-01,8.6
E,A01,R,2015-05-01,8
E,A01,R,2015-06-01,0.5
E,A01,R,2015-07-01,9.3
E,A01,R,2015-08-01,10.8
E,A01,R,2015-09-01,-2.6
E,A01,R,2015-10-01,5.4
E,A01,R,2015-11-01,5.7
E,A01,R,2015-12-01,4.2
E,A01,R,2016-01-01,12.5
E,A01,R,2016-02-01,3.5
E,A01,R,2016-03-01,2.8
E,A01,R,2016-04-01,-5
E,A01,R,2016-05-01,1.9
E,A01,R,2016-06-01,7.5
E,A01,R,2016-07-01,6.4
E,A01,R,2016-08-01,-9.1
E,A01,R,2016-09-01,1
E,A01,R,2016-10-01,4.2
E,A01,R,2016-11-01,12
E,A01,R,2016-12-01,6.4
E,A01,R,2017-01-01,2.9
E,A01,R,2017-02-01,-1
E,A01,R,2017-03-01,4.4
E,A01,R,2017-04-01,6
E,A01,R,2017-05-01,6.1
E,A01,R,2017-06-01,7.9
E,A01,R,2017-07-01,-4.2
E,A01,R,2017-08-01,17.2
E,A01,R,2017-09-01,5.8
E,A01,R,2017-10-01,5.3
E,A01,R,2017-11-01,-4.4
E,A01,R,2017-12-01,0.9
E,A01,R,2018-01-01,-1.6
E,A01,R,2018-02-01,6.9
E,A01,R,2018-03-01,-3.6
E,A01,R,2018-04-01,0.6
E,A01,R,2018-05-01,4
E,A01,R,2018-06-01,-5.7
E,A01,R,2018-07-01,2.6
E,A01,R,2018-08-01,-9.1
E,A01,R,2018-09-01,-2.7
E,A01,R,2018-10-01,-5.8
E,A01,R,2018-11-01,3.5
E,A01,R,2018-12-01,-1.9
E,A01,R,2019-01-01,0.8
E,A01,R,2019-02-01,-3.1
E,A01,R,2019-03-01,1.9
E,A01,R,2019-04-01,-0.7
E,A01,R,2019-05-01,-6.1
E,A01,R,2019-06-01,3.1
E,A01,R,2019-07-01,5.1
E,A01,R,2019-08-01,4.9
E,A01,R,2019-09-01,5.4
E,A01,R,2019-10-01,-0.1
E,A01,R,2019-11-01,4.2
E,A01,R,2019-12-01,8.2
E,A01,R,2020-01-01,-1
E,A01,R,2020-02-01,3.9
E,A01,R,2020-03-01,-0.9
E,A01,R,2020-04-01,4.1
E,A01,R,2020-05-01,16.7
E,A01,R,2020-06-01,6.1
E,A01,R,2020-07-01,-0.8
E,A01,R,2020-08-01,9
E,A01,R,2020-09-01,5.4
E,A01,R,2020-10-01,12.1
E,A01,R,2020-11-01,6.5
E,A01,R,2020-12-01,0.2
E,A01,R,2021-01-01,1.1
E,A01,R,2021-02-01,6.3
E,A01,R,2021-03-01,15.7
E,A01,R,2021-04-01,10.8
E,A01,R,2021-05-01,2
E,A01,R,2021-06-01,8.6
E,A01,R,2021-07-01,9.6
E,A01,R,2021-08-01,11.9
E,A01,R,2021-09-01,5.7
E,A01,R,2021-10-01,7.6
E,A01,R,2021-11-01,-1.1
E,A01,R,2021-12-01,5.8
E,A01,R,2022-01-01,13.5
E,A01,R,2022-02-01,5.3
E,A01,R,2022-03-01,2.8
E,A01,R,2022-04-01,1.7
E,A01,R,2022-05-01,1.9
E,A01,R,2022-06-01,0.1
E,A01,R,2022-07-01,-1.7
E,A01,R,2022-08-01,-12
E,A01,R,2022-09-01,-2.4
E,A01,R,2022-10-01,-5.5
E,A01,R,2022-11-01,3.8
E,A01,R,2022-12-01,19.7
E,A01,R,2023-01-01,-1.8
E,A01,R,2023-02-01,-8.1
E,A01,R,2023-03-01,-3.9
E,A01,R,2023-04-01,-7.8
E,A01,R,2023-05-01,-6.9
E,A01,R,2023-06-01,-6.3
E,A01,R,2023-07-01,2.8
E,A01,R,2023-08-01,3.7
E,A01,R,2023-09-01,6.4
E,A01,R,2023-10-01,-0.1
E,A01,R,2023-11-01,-3.1
E,A01,R,2023-12-01,-17.1
E,A01,R,2024-01-01,2.7
E,A01,R,2024-02-01,12
E,A01,R,2024-03-01,0.5
E,A01,R,2024-04-01,8.4
E,A01,R,2024-05-01,9.9
E,A01,R,2024-06-01,13.1
E,A01,R,2024-07-01,13.6
E,A01,R,2024-08-01,7.9
E,A01,R,2024-09-01,4.2
E,A01,R,2024-10-01,13.5
E,A01,R,2024-11-01,14.5
E,A01,R,2024-12-01,13.8
E,A01,R,2025-01-01,1.1
E,A01,R,2025-02-01,6.9
E,A01,R,2025-03-01,9.6
E,A01,R,2025-04-01,8
E,A01,R,2025-05-01,-0.8
E,A01,R,2025-06-01,-2.7
E,A01,R,2025-07-01,-4.1
E,A01,R,2025-08-01,10.9
E,A01,R,2025-09-01,-0.4
E,A01,R,2025-10-01,-4.5
E,A01,R,2025-11-01,-4.3
E,A01,R,2025-12-01,-7.4
E,A01,R,2026-01-01,4.1
E,A01,R,2026-02-01,-8.2
E,A01,R,2026-03-01,-4.8
E,A01,R,2026-04-01,-4
E,A01,R,2026-05-01,-1.9
E,A01,R,2026-06-01,2.9
E,A01,R,2026-07-01,4.8
E,A01,WMF,2012-01-01,260.530237508984
E,A01,WMF,2012-02-01,258.40917725342103
E,A01,WMF,2012-03-01,264.54903623765097
E,A01,WMF,2012-04-01,260.210884807017
E,A01,WMF,2012-05-01,293.421428126961
E,A01,WMF,2012-06-01,272.15604341998795
E,A01,WMF,2012-07-01,269.427195362104
E,A01,WMF,2012-08-01,277.17207054259404
E,A01,WMF,2012-09-01,275.239948369625
E,A01,WMF,2012-10-01,268.040872105889
E,A01,WMF,2012-11-01,284.116980407465
E,A01,WMF,2012-12-01,283.833771250385
E,A01,WMF,2013-01-01,273.310100409126
E,A01,WMF,2013-02-01,274.87407630777403
E,A01,WMF,2013-03-01,292.225838006561
E,A01,WMF,2013-04-01,284.177567985857
E,A01,WMF,2013-05-01,295.207791016011
E,A01,WMF,2013-06-01,286.144531973173
E,A01,WMF,2013-07-01,320.860544703071
E,A01,WMF,2013-08-01,280.336049865175
E,A01,WMF,2013-09-01,277.992812924187
E,A01,WMF,2013-10-01,270.331610067013
E,A01,WMF,2013-11-01,274.13393719225
E,A01,WMF,2013-12-01,274.898908800886
E,A01,WMF,2014-01-01,286.714637950497
E,A01,WMF,2014-02-01,300.279290411453
E,A01,WMF,2014-03-01,260.204787657823
E,A01,WMF,2014-04-01,273.15025526101
E,A01,WMF,2014-05-01,257.355577289589
E,A01,WMF,2014-06-01,276.477356839449
E,A01,WMF,2014-07-01,262.302563206029
E,A01,WMF,2014-08-01,277.804380775091
E,A01,WMF,2014-09-01,303.272664805888
E,A01,WMF,2014-10-01,288.503303614434
E,A01,WMF,2014-11-01,276.868543551181
E,A01,WMF,2014-12-01,278.990679488419
E,A01,WMF,2015-01-01,263.400556993844
E,A01,WMF,2015-02-01,275.456937725306
E,A01,WMF,2015-03-01,276.827436795385
E,A01,WMF,2015-04-01,285.19084814478305
E,A01,WMF,2015-05-01,272.004460774881
E,A01,WMF,2015-06-01,268.242249916076
E,A01,WMF,2015-07-01,281.49472629457097
E,A01,WMF,2015-08-01,308.229192380157
E,A01,WMF,2015-09-01,282.707853131804
E,A01,WMF,2015-10-01,279.565044795381
E,A01,WMF,2015-11-01,274.357014346908
E,A01,WMF,2015-12-01,270.35921566290097
E,A01,WMF,2016-01-01,283.66967330081303
E,A01,WMF,2016-02-01,290.592026257749
E,A01,WMF,2016-03-01,280.902537880757
E,A01,WMF,2016-04-01,274.21989003454695
E,A01,WMF,2016-05-01,282.41532629628404
E,A01,WMF,2016-06-01,284.867080433889
E,A01,WMF,2016-07-01,289.651729440751
E,A01,WMF,2016-08-01,272.436967240247
E,A01,WMF,2016-09-01,277.678690195312
E,A01,WMF,2016-10-01,279.883716610702
E,A01,WMF,2016-11-01,291.310051831212
E,A01,WMF,2016-12-01,290.43187498918303
E,A01,WMF,2017-01-01,296.43073430151895
E,A01,WMF,2017-02-01,284.247502171857
E,A01,WMF,2017-03-01,297.695864099781
E,A01,WMF,2017-04-01,293.611567180439
E,A01,WMF,2017-05-01,294.64947408626995
E,A01,WMF,2017-06-01,301.710507974454
E,A01,WMF,2017-07-01,277.73128201063696
E,A01,WMF,2017-08-01,323.398013586306
E,A01,WMF,2017-09-01,301.60139714526804
E,A01,WMF,2017-10-01,308.84993952425896
E,A01,WMF,2017-11-01,294.305820340528
E,A01,WMF,2017-12-01,308.523560083669
E,A01,WMF,2018-01-01,303.351037712525
E,A01,WMF,2018-02-01,311.647907537297
E,A01,WMF,2018-03-01,301.83388880200397
E,A01,WMF,2018-04-01,309.98378229473104
E,A01,WMF,2018-05-01,320.240918265843
E,A01,WMF,2018-06-01,297.622241344178
E,A01,WMF,2018-07-01,297.978844142608
E,A01,WMF,2018-08-01,296.57230635629395
E,A01,WMF,2018-09-01,297.04234802925004
E,A01,WMF,2018-10-01,307.648550060314
E,A01,WMF,2018-11-01,300.74486667488003
E,A01,WMF,2018-12-01,296.199523446365
E,A01,WMF,2019-01-01,305.782138802646
E,A01,WMF,2019-02-01,304.992980429584
E,A01,WMF,2019-03-01,297.894579888132
E,A01,WMF,2019-04-01,298.440744992154
E,A01,WMF,2019-05-01,286.43406543423004
E,A01,WMF,2019-06-01,293.21472476059404
E,A01,WMF,2019-07-01,302.79556016963295
E,A01,WMF,2019-08-01,293.69893050122
E,A01,WMF,2019-09-01,298.36247701949196
E,A01,WMF,2019-10-01,283.752396632755
E,A01,WMF,2019-11-01,304.579459117096
E,A01,WMF,2019-12-01,306.318636785379
E,A01,WMF,2020-01-01,288.60676897955
E,A01,WMF,2020-02-01,298.34667066060797
E,A01,WMF,2020-03-01,282.642498486081
E,A01,WMF,2020-04-01,299.909033834863
E,A01,WMF,2020-05-01,329.29862347812997
E,A01,WMF,2020-06-01,314.216967865673
E,A01,WMF,2020-07-01,307.415816963296
E,A01,WMF,2020-08-01,324.173217377578
E,A01,WMF,2020-09-01,315.278333805798
E,A01,WMF,2020-10-01,322.811759286702
E,A01,WMF,2020-11-01,327.796539112831
E,A01,WMF,2020-12-01,322.73716956005
E,A01,WMF,2021-01-01,307.99725129239
E,A01,WMF,2021-02-01,331.52917632307395
E,A01,WMF,2021-03-01,351.56063036740795
E,A01,WMF,2021-04-01,343.946703774247
E,A01,WMF,2021-05-01,352.62149723684104
E,A01,WMF,2021-06-01,353.670873109136
E,A01,WMF,2021-07-01,347.56005023192296
E,A01,WMF,2021-08-01,367.250071949608
E,A01,WMF,2021-09-01,357.489618639107
E,A01,WMF,2021-10-01,361.13631456742195
E,A01,WMF,2021-11-01,333.28198282993503
E,A01,WMF,2021-12-01,342.41414629583
E,A01,WMF,2022-01-01,365.846123013869
E,A01,WMF,2022-02-01,367.272517490607
E,A01,WMF,2022-03-01,367.94824526155
E,A01,WMF,2022-04-01,384.912945703025
E,A01,WMF,2022-05-01,397.85278641559603
E,A01,WMF,2022-06-01,387.418563459528
E,A01,WMF,2022-07-01,382.226295642933
E,A01,WMF,2022-08-01,369.672434225901
E,A01,WMF,2022-09-01,379.796768054475
E,A01,WMF,2022-10-01,378.83198234729997
E,A01,WMF,2022-11-01,381.32925137487103
E,A01,WMF,2022-12-01,420.693356377311
E,A01,WMF,2023-01-01,379.85981513400196
E,A01,WMF,2023-02-01,362.289452529231
E,A01,WMF,2023-03-01,379.662198056109
E,A01,WMF,2023-04-01,363.60381191860404
E,A01,WMF,2023-05-01,364.56398374603
E,A01,WMF,2023-06-01,360.149211667138
E,A01,WMF,2023-07-01,374.19572087275304
E,A01,WMF,2023-08-01,369.550381119714
E,A01,WMF,2023-09-01,374.06548797177396
E,A01,WMF,2023-10-01,362.413085354823
E,A01,WMF,2023-11-01,359.369709797669
E,A01,WMF,2023-12-01,371.14181939272
E,A01,WMF,2024-01-01,361.83140777314696
E,A01,WMF,2024-02-01,370.914122099009
E,A01,WMF,2024-03-01,347.93719055286596
E,A01,WMF,2024-04-01,367.451546270139
E,A01,WMF,2024-05-01,374.10377237595
E,A01,WMF,2024-06-01,384.229217642895
E,A01,WMF,2024-07-01,389.351700524985
E,A01,WMF,2024-08-01,381.88291722198096
E,A01,WMF,2024-09-01,391.633038328578
E,A01,WMF,2024-10-01,423.049359994601
E,A01,WMF,2024-11-01,408.220352901762
E,A01,WMF,2024-12-01,411.848879080898
E,A01,WMF,2025-01-01,394.547411731893
E,A01,WMF,2025-02-01,428.810193712618
E,A01,WMF,2025-03-01,414.910905679488
E,A01,WMF,2025-04-01,423.129027741071
E,A01,WMF,2025-05-01,410.92641400638996
E,A01,WMF,2025-06-01,413.17600327188495
E,A01,WMF,2025-07-01,426.479500669335
E,A01,WMF,2025-08-01,467.728313749711
E,A01,WMF,2025-09-01,441.606793772115
E,A01,WMF,2025-10-01,439.937196282318
E,A01,WMF,2025-11-01,439.584231316567
E,A01,WMF,2025-12-01,426.89911806631
E,A01,WMF,2026-01-01,456.872222771907
E,A01,WMF,2026-02-01,424.421998861313
E,A01,WMF,2026-03-01,433.378632972457
E,A01,WMF,2026-04-01,431.090841047089
E,A01,WMF,2026-05-01,427.00605588003896
E,A01,WMF,2026-06-01,434.533466253786
E,A01,WMF,2026-07-01,436.159365173167
E,A03,R,2013-01-01,0.1
E,A03,R,2013-02-01,2.9
E,A03,R,2013-03-01,-1.5
E,A03,R,2013-04-01,1.7
E,A03,R,2013-05-01,-13.6
E,A03,R,2013-06-01,0.5
E,A03,R,2013-07-01,-5
E,A03,R,2013-08-01,-2.4
E,A03,R,2013-09-01,5.2
E,A03,R,2013-10-01,3.6
E,A03,R,2013-11-01,-10.3
E,A03,R,2013-12-01,5.4
E,A03,R,2014-01-01,6.6
E,A03,R,2014-02-01,4
E,A03,R,2014-03-01,-0.9
E,A03,R,2014-04-01,0.4
E,A03,R,2014-05-01,4.3
E,A03,R,2014-06-01,10
E,A03,R,2014-07-01,-3.8
E,A03,R,2014-08-01,0.9
E,A03,R,2014-09-01,-5.3
E,A03,R,2014-10-01,-9.6
E,A03,R,2014-11-01,-5.1
E,A03,R,2014-12-01,-9.9
E,A03,R,2015-01-01,-8.3
E,A03,R,2015-02-01,-3.6
E,A03,R,2015-03-01,3.7
E,A03,R,2015-04-01,-8.4
E,A03,R,2015-05-01,-3.6
E,A03,R,2015-06-01,-6.6
E,A03,R,2015-07-01,7.1
E,A03,R,2015-08-01,-4.2
E,A03,R,2015-09-01,-3.4
E,A03,R,2015-10-01,-1
E,A03,R,2015-11-01,4
E,A03,R,2015-12-01,-4.2
E,A03,R,2016-01-01,-3
E,A03,R,2016-02-01,-9.6
E,A03,R,2016-03-01,-13.1
E,A03,R,2016-04-01,-3.7
E,A03,R,2016-05-01,-7.1
E,A03,R,2016-06-01,-14.5
E,A03,R,2016-07-01,-14.9
E,A03,R,2016-08-01,-6.2
E,A03,R,2016-09-01,-7
E,A03,R,2016-10-01,-4.8
E,A03,R,2016-11-01,-12.5
E,A03,R,2016-12-01,-7
E,A03,R,2017-01-01,-10.1
E,A03,R,2017-02-01,-3
E,A03,R,2017-03-01,-1
E,A03,R,2017-04-01,-2.3
E,A03,R,2017-05-01,-8.8
E,A03,R,2017-06-01,-8
E,A03,R,2017-07-01,0
E,A03,R,2017-08-01,-4.8
E,A03,R,2017-09-01,-6.2
E,A03,R,2017-10-01,-10.5
E,A03,R,2017-11-01,-6.6
E,A03,R,2017-12-01,-3.4
E,A03,R,2018-01-01,2.9
E,A03,R,2018-02-01,-4.8
E,A03,R,2018-03-01,-7.6
E,A03,R,2018-04-01,-8.3
E,A03,R,2018-05-01,5.3
E,A03,R,2018-06-01,2.1
E,A03,R,2018-07-01,-5.7
E,A03,R,2018-08-01,0
E,A03,R,2018-09-01,7.3
E,A03,R,2018-10-01,15.5
E,A03,R,2018-11-01,11
E,A03,R,2018-12-01,8.5
E,A03,R,2019-01-01,10.5
E,A03,R,2019-02-01,16.1
E,A03,R,2019-03-01,18.1
E,A03,R,2019-04-01,29.3
E,A03,R,2019-05-01,7.2
E,A03,R,2019-06-01,11.4
E,A03,R,2019-07-01,13.4
E,A03,R,2019-08-01,4.7
E,A03,R,2019-09-01,-2.6
E,A03,R,2019-10-01,-5.5
E,A03,R,2019-11-01,1.4
E,A03,R,2019-12-01,-3.5
E,A03,R,2020-01-01,-4
E,A03,R,2020-02-01,-7.2
E,A03,R,2020-03-01,-22.9
E,A03,R,2020-04-01,-39.9
E,A03,R,2020-05-01,-5.7
E,A03,R,2020-06-01,-3.4
E,A03,R,2020-07-01,6.1
E,A03,R,2020-08-01,5.5
E,A03,R,2020-09-01,3.4
E,A03,R,2020-10-01,3.2
E,A03,R,2020-11-01,-12.7
E,A03,R,2020-12-01,-3.8
E,A03,R,2021-01-01,-12.6
E,A03,R,2021-02-01,-5.3
E,A03,R,2021-03-01,31
E,A03,R,2021-04-01,45.4
E,A03,R,2021-05-01,15.1
E,A03,R,2021-06-01,11.1
E,A03,R,2021-07-01,3.7
E,A03,R,2021-08-01,1.6
E,A03,R,2021-09-01,12.9
E,A03,R,2021-10-01,6.7
E,A03,R,2021-11-01,20.9
E,A03,R,2021-12-01,16.5
E,A03,R,2022-01-01,18.4
E,A03,R,2022-02-01,17.1
E,A03,R,2022-03-01,2.9
E,A03,R,2022-04-01,7.8
E,A03,R,2022-05-01,-3
E,A03,R,2022-06-01,-4.7
E,A03,R,2022-07-01,-12.9
E,A03,R,2022-08-01,-6.4
E,A03,R,2022-09-01,-11.1
E,A03,R,2022-10-01,-2.9
E,A03,R,2022-11-01,-5.8
E,A03,R,2022-12-01,-6.2
E,A03,R,2023-01-01,0.2
E,A03,R,2023-02-01,-8.6
E,A03,R,2023-03-01,-9.4
E,A03,R,2023-04-01,-4.7
E,A03,R,2023-05-01,-8.7
E,A03,R,2023-06-01,-3.7
E,A03,R,2023-07-01,3.7
E,A03,R,2023-08-01,-7.8
E,A03,R,2023-09-01,1.7
E,A03,R,2023-10-01,-16.6
E,A03,R,2023-11-01,-3.5
E,A03,R,2023-12-01,-1.4
E,A03,R,2024-01-01,-10.2
E,A03,R,2024-02-01,2
E,A03,R,2024-03-01,-4.7
E,A03,R,2024-04-01,-10.8
E,A03,R,2024-05-01,-8.9
E,A03,R,2024-06-01,-3.6
E,A03,R,2024-07-01,-8.5
E,A03,R,2024-08-01,7.1
E,A03,R,2024-09-01,-6.8
E,A03,R,2024-10-01,5.9
E,A03,R,2024-11-01,-5.1
E,A03,R,2024-12-01,-10.4
E,A03,R,2025-01-01,4.2
E,A03,R,2025-02-01,-5.7
E,A03,R,2025-03-01,-3.3
E,A03,R,2025-04-01,3.9
E,A03,R,2025-05-01,-0.8
E,A03,R,2025-06-01,-6
E,A03,R,2025-07-01,0.7
E,A03,R,2025-08-01,-2.9
E,A03,R,2025-09-01,-4.9
E,A03,R,2025-10-01,0.8
E,A03,R,2025-11-01,-1.4
E,A03,R,2025-12-01,1.3
E,A03,R,2026-01-01,-6.3
E,A03,R,2026-02-01,-7.5
E,A03,R,2026-03-01,2.6
E,A03,R,2026-04-01,-6.8
E,A03,R,2026-05-01,7.6
E,A03,R,2026-06-01,0.1
E,A03,R,2026-07-01,-0.2
E,A03,WMF,2012-01-01,10.0751168451635
E,A03,WMF,2012-02-01,9.68731743364665
E,A03,WMF,2012-03-01,10.1145012916357
E,A03,WMF,2012-04-01,10.1242306361483
E,A03,WMF,2012-05-01,11.3160988421562
E,A03,WMF,2012-06-01,10.1412262613681
E,A03,WMF,2012-07-01,10.3174305406298
E,A03,WMF,2012-08-01,10.3958285803135
E,A03,WMF,2012-09-01,10.3455416674613
E,A03,WMF,2012-10-01,10.5703045183855
E,A03,WMF,2012-11-01,11.4984247320788
E,A03,WMF,2012-12-01,9.793975037050409
E,A03,WMF,2013-01-01,10.672424698536
E,A03,WMF,2013-02-01,10.7560692439494
E,A03,WMF,2013-03-01,10.7776647580751
E,A03,WMF,2013-04-01,11.1455328750075
E,A03,WMF,2013-05-01,10.921702325545299
E,A03,WMF,2013-06-01,11.2170292440414
E,A03,WMF,2013-07-01,11.204063423421399
E,A03,WMF,2013-08-01,11.028996664652201
E,A03,WMF,2013-09-01,11.4633368438544
E,A03,WMF,2013-10-01,11.6988571135375
E,A03,WMF,2013-11-01,10.8550181069639
E,A03,WMF,2013-12-01,11.9605855892396
E,A03,WMF,2014-01-01,11.7436573196925
E,A03,WMF,2014-02-01,12.1868772799673
E,A03,WMF,2014-03-01,11.156810346745699
E,A03,WMF,2014-04-01,11.658124980532401
E,A03,WMF,2014-05-01,11.8474787681257
E,A03,WMF,2014-06-01,12.7544419288703
E,A03,WMF,2014-07-01,10.3246154948798
E,A03,WMF,2014-08-01,11.0606913247119
E,A03,WMF,2014-09-01,11.142497197668
E,A03,WMF,2014-10-01,10.767458686488698
E,A03,WMF,2014-11-01,10.888743864412
E,A03,WMF,2014-12-01,11.196377416659201
E,A03,WMF,2015-01-01,10.530325282410299
E,A03,WMF,2015-02-01,10.4570554953566
E,A03,WMF,2015-03-01,10.559361059418
E,A03,WMF,2015-04-01,9.67721159811872
E,A03,WMF,2015-05-01,10.1553414384729
E,A03,WMF,2015-06-01,10.540686604988299
E,A03,WMF,2015-07-01,10.678276412900399
E,A03,WMF,2015-08-01,10.8113110694201
E,A03,WMF,2015-09-01,10.5113471045038
E,A03,WMF,2015-10-01,10.584333190317201
E,A03,WMF,2015-11-01,10.7685605667679
E,A03,WMF,2015-12-01,10.206824793857399
E,A03,WMF,2016-01-01,10.5827558345051
E,A03,WMF,2016-02-01,10.0477182790173
E,A03,WMF,2016-03-01,10.148332259725601
E,A03,WMF,2016-04-01,10.2789284337452
E,A03,WMF,2016-05-01,10.4501466186721
E,A03,WMF,2016-06-01,10.5256622227886
E,A03,WMF,2016-07-01,10.1514815336451
E,A03,WMF,2016-08-01,10.5753452210145
E,A03,WMF,2016-09-01,10.4189503306229
E,A03,WMF,2016-10-01,10.6054221421402
E,A03,WMF,2016-11-01,10.181388495235899
E,A03,WMF,2016-12-01,10.2499726668533
E,A03,WMF,2017-01-01,10.275822485159301
E,A03,WMF,2017-02-01,10.6315271070234
E,A03,WMF,2017-03-01,10.4375261364976
E,A03,WMF,2017-04-01,10.8242747408886
E,A03,WMF,2017-05-01,10.4302006262512
E,A03,WMF,2017-06-01,10.220560828468301
E,A03,WMF,2017-07-01,10.7270658815763
E,A03,WMF,2017-08-01,11.0147219846261
E,A03,WMF,2017-09-01,10.9216823719713
E,A03,WMF,2017-10-01,10.5107033829614
E,A03,WMF,2017-11-01,10.789616258663301
E,A03,WMF,2017-12-01,11.3306960159351
E,A03,WMF,2018-01-01,11.41796989579
E,A03,WMF,2018-02-01,11.1683524372145
E,A03,WMF,2018-03-01,11.446205053711699
E,A03,WMF,2018-04-01,11.097385995947299
E,A03,WMF,2018-05-01,11.7087333862221
E,A03,WMF,2018-06-01,11.217729524907499
E,A03,WMF,2018-07-01,10.551217426274802
E,A03,WMF,2018-08-01,11.2229484317824
E,A03,WMF,2018-09-01,11.618768584953301
E,A03,WMF,2018-10-01,12.0172664951979
E,A03,WMF,2018-11-01,12.0902420687889
E,A03,WMF,2018-12-01,11.9546641070983
E,A03,WMF,2019-01-01,12.196400418208999
E,A03,WMF,2019-02-01,12.3724488740697
E,A03,WMF,2019-03-01,12.0221005295115
E,A03,WMF,2019-04-01,13.0416791607644
E,A03,WMF,2019-05-01,11.5449787300482
E,A03,WMF,2019-06-01,11.5627301276565
E,A03,WMF,2019-07-01,11.3371876984313
E,A03,WMF,2019-08-01,11.323735940526602
E,A03,WMF,2019-09-01,10.9116488414777
E,A03,WMF,2019-10-01,11.017560729467998
E,A03,WMF,2019-11-01,11.724971379413999
E,A03,WMF,2019-12-01,11.6883626046088
E,A03,WMF,2020-01-01,11.7170565858568
E,A03,WMF,2020-02-01,11.2422366030698
E,A03,WMF,2020-03-01,8.483986165977251
E,A03,WMF,2020-04-01,7.55233114270578
E,A03,WMF,2020-05-01,10.126208532204402
E,A03,WMF,2020-06-01,10.6752738238184
E,A03,WMF,2020-07-01,11.7771394983708
E,A03,WMF,2020-08-01,12.1604785456612
E,A03,WMF,2020-09-01,11.019979328686698
E,A03,WMF,2020-10-01,11.1890632878796
E,A03,WMF,2020-11-01,9.65159021015591
E,A03,WMF,2020-12-01,9.95427452187482
E,A03,WMF,2021-01-01,9.79366054068344
E,A03,WMF,2021-02-01,10.3403946713389
E,A03,WMF,2021-03-01,11.164078724895
E,A03,WMF,2021-04-01,10.9569739378455
E,A03,WMF,2021-05-01,12.1641419622963
E,A03,WMF,2021-06-01,12.047551107991799
E,A03,WMF,2021-07-01,12.616448489586299
E,A03,WMF,2021-08-01,12.3297097049888
E,A03,WMF,2021-09-01,12.7491013938515
E,A03,WMF,2021-10-01,12.5634188833222
E,A03,WMF,2021-11-01,12.4332449903384
E,A03,WMF,2021-12-01,12.418515072047901
E,A03,WMF,2022-01-01,12.0535276738724
E,A03,WMF,2022-02-01,12.623731124895999
E,A03,WMF,2022-03-01,12.5006830121548
E,A03,WMF,2022-04-01,12.792908451618999
E,A03,WMF,2022-05-01,13.1321739956565
E,A03,WMF,2022-06-01,12.8709099247804
E,A03,WMF,2022-07-01,11.4957793443839
E,A03,WMF,2022-08-01,11.657454554300601
E,A03,WMF,2022-09-01,11.6218873674932
E,A03,WMF,2022-10-01,11.9183982933818
E,A03,WMF,2022-11-01,12.0403761491077
E,A03,WMF,2022-12-01,12.2892461658976
E,A03,WMF,2023-01-01,12.5949445824912
E,A03,WMF,2023-02-01,12.180312540452599
E,A03,WMF,2023-03-01,12.5006189604182
E,A03,WMF,2023-04-01,12.9480799305664
E,A03,WMF,2023-05-01,12.1855605179814
E,A03,WMF,2023-06-01,12.329854936754
E,A03,WMF,2023-07-01,12.196138260266402
E,A03,WMF,2023-08-01,11.243040326161399
E,A03,WMF,2023-09-01,12.169969530122001
E,A03,WMF,2023-10-01,10.3682876982358
E,A03,WMF,2023-11-01,11.811961626962601
E,A03,WMF,2023-12-01,11.7634518119643
E,A03,WMF,2024-01-01,11.6783165595071
E,A03,WMF,2024-02-01,12.5592554717795
E,A03,WMF,2024-03-01,11.672138580857501
E,A03,WMF,2024-04-01,11.4322722302463
E,A03,WMF,2024-05-01,11.449350725690401
E,A03,WMF,2024-06-01,11.7388368777495
E,A03,WMF,2024-07-01,11.082359278873701
E,A03,WMF,2024-08-01,11.600988707610101
E,A03,WMF,2024-09-01,11.1896374732304
E,A03,WMF,2024-10-01,10.7726051744629
E,A03,WMF,2024-11-01,10.9953948047894
E,A03,WMF,2024-12-01,10.7269182181574
E,A03,WMF,2025-01-01,11.7140696456518
E,A03,WMF,2025-02-01,11.3403553283052
E,A03,WMF,2025-03-01,10.594705371561
E,A03,WMF,2025-04-01,10.7279878430002
E,A03,WMF,2025-05-01,10.2698986571572
E,A03,WMF,2025-06-01,10.2919724585826
E,A03,WMF,2025-07-01,10.746953277278099
E,A03,WMF,2025-08-01,11.134243302550901
E,A03,WMF,2025-09-01,10.837429676089899
E,A03,WMF,2025-10-01,11.0754591170966
E,A03,WMF,2025-11-01,10.8996311134394
E,A03,WMF,2025-12-01,11.104062409370801
E,A03,WMF,2026-01-01,10.908136218871201
E,A03,WMF,2026-02-01,10.3972815720598
E,A03,WMF,2026-03-01,10.646608243983
E,A03,WMF,2026-04-01,9.847418344370531
E,A03,WMF,2026-05-01,10.8779061778923
E,A03,WMF,2026-06-01,10.4996203933036
E,A03,WMF,2026-07-01,10.7860687758316
E,B05,R,2013-01-01,-32.5
E,B05,R,2013-02-01,-32.4
E,B05,R,2013-03-01,-42.1
E,B05,R,2013-04-01,-11.8
E,B05,R,2013-05-01,-11.5
E,B05,R,2013-06-01,2.2
E,B05,R,2013-07-01,-48.5
E,B05,R,2013-08-01,-29.5
E,B05,R,2013-09-01,22.4
E,B05,R,2013-10-01,16.8
E,B05,R,2013-11-01,97.2
E,B05,R,2013-12-01,37.9
E,B05,R,2014-01-01,1.3
E,B05,R,2014-02-01,-25.7
E,B05,R,2014-03-01,-47.4
E,B05,R,2014-04-01,3.8
E,B05,R,2014-05-01,-1
E,B05,R,2014-06-01,-27.1
E,B05,R,2014-07-01,26
E,B05,R,2014-08-01,33.6
E,B05,R,2014-09-01,-49
E,B05,R,2014-10-01,-62.9
E,B05,R,2014-11-01,-61.4
E,B05,R,2014-12-01,-43.1
E,B05,R,2015-01-01,22.7
E,B05,R,2015-02-01,10.8
E,B05,R,2015-03-01,-8
E,B05,R,2015-04-01,-24.9
E,B05,R,2015-05-01,14.1
E,B05,R,2015-06-01,21.1
E,B05,R,2015-07-01,-27.7
E,B05,R,2015-08-01,7.1
E,B05,R,2015-09-01,-8
E,B05,R,2015-10-01,38.6
E,B05,R,2015-11-01,55.2
E,B05,R,2015-12-01,118.9
E,B05,R,2016-01-01,-35.6
E,B05,R,2016-02-01,-16.1
E,B05,R,2016-03-01,59.9
E,B05,R,2016-04-01,23.5
E,B05,R,2016-05-01,-39.6
E,B05,R,2016-06-01,-25.3
E,B05,R,2016-07-01,55.2
E,B05,R,2016-08-01,-25
E,B05,R,2016-09-01,14
E,B05,R,2016-10-01,26.2
E,B05,R,2016-11-01,-28.4
E,B05,R,2016-12-01,-43.6
E,B05,R,2017-01-01,39.2
E,B05,R,2017-02-01,36.8
E,B05,R,2017-03-01,-11.6
E,B05,R,2017-04-01,-54.8
E,B05,R,2017-05-01,8.3
E,B05,R,2017-06-01,13.9
E,B05,R,2017-07-01,-25.1
E,B05,R,2017-08-01,16
E,B05,R,2017-09-01,29.8
E,B05,R,2017-10-01,-22.7
E,B05,R,2017-11-01,-6.3
E,B05,R,2017-12-01,30.7
E,B05,R,2018-01-01,-11.8
E,B05,R,2018-02-01,-12.1
E,B05,R,2018-03-01,-31
E,B05,R,2018-04-01,-16.1
E,B05,R,2018-05-01,23.9
E,B05,R,2018-06-01,-10.1
E,B05,R,2018-07-01,-16.5
E,B05,R,2018-08-01,-38.2
E,B05,R,2018-09-01,-43.3
E,B05,R,2018-10-01,-6.8
E,B05,R,2018-11-01,-6.1
E,B05,R,2018-12-01,-57.8
E,B05,R,2019-01-01,-22.9
E,B05,R,2019-02-01,-41.9
E,B05,R,2019-03-01,12.4
E,B05,R,2019-04-01,38.3
E,B05,R,2019-05-01,-1.8
E,B05,R,2019-06-01,-0.7
E,B05,R,2019-07-01,-4.7
E,B05,R,2019-08-01,17.2
E,B05,R,2019-09-01,24.2
E,B05,R,2019-10-01,-23.4
E,B05,R,2019-11-01,-20.1
E,B05,R,2019-12-01,25.9
E,B05,R,2020-01-01,1.1
E,B05,R,2020-02-01,1.9
E,B05,R,2020-03-01,-13
E,B05,R,2020-04-01,29.5
E,B05,R,2020-05-01,-36.8
E,B05,R,2020-06-01,-32.8
E,B05,R,2020-07-01,2.5
E,B05,R,2020-08-01,-10.1
E,B05,R,2020-09-01,-23.2
E,B05,R,2020-10-01,5
E,B05,R,2020-11-01,29.3
E,B05,R,2020-12-01,-2
E,B05,R,2021-01-01,-8.4
E,B05,R,2021-02-01,63.3
E,B05,R,2021-03-01,2.1
E,B05,R,2021-04-01,2.7
E,B05,R,2021-05-01,17.8
E,B05,R,2021-06-01,47.7
E,B05,R,2021-07-01,0.2
E,B05,R,2021-08-01,-9.2
E,B05,R,2021-09-01,85.1
E,B05,R,2021-10-01,35.8
E,B05,R,2021-11-01,66.6
E,B05,R,2021-12-01,28.9
E,B05,R,2022-01-01,23
E,B05,R,2022-02-01,-13.6
E,B05,R,2022-03-01,16.4
E,B05,R,2022-04-01,5.9
E,B05,R,2022-05-01,16.1
E,B05,R,2022-06-01,-22.5
E,B05,R,2022-07-01,27.8
E,B05,R,2022-08-01,78.7
E,B05,R,2022-09-01,-29.1
E,B05,R,2022-10-01,43.8
E,B05,R,2022-11-01,-8.5
E,B05,R,2022-12-01,-17
E,B05,R,2023-01-01,-8.1
E,B05,R,2023-02-01,-39.9
E,B05,R,2023-03-01,-22.2
E,B05,R,2023-04-01,-14.9
E,B05,R,2023-05-01,-25.6
E,B05,R,2023-06-01,5.6
E,B05,R,2023-07-01,-35.5
E,B05,R,2023-08-01,-40.1
E,B05,R,2023-09-01,-32.9
E,B05,R,2023-10-01,-51.1
E,B05,R,2023-11-01,-58.3
E,B05,R,2023-12-01,-27.5
E,B05,R,2024-01-01,-24.2
E,B05,R,2024-02-01,24.2
E,B05,R,2024-03-01,-24.9
E,B05,R,2024-04-01,-25.2
E,B05,R,2024-05-01,-14.3
E,B05,R,2024-06-01,-18.4
E,B05,R,2024-07-01,-2.1
E,B05,R,2024-08-01,-11.6
E,B05,R,2024-09-01,4.6
E,B05,R,2024-10-01,-38.8
E,B05,R,2024-11-01,-12.3
E,B05,R,2024-12-01,-14.2
E,B05,R,2025-01-01,-33.9
E,B05,R,2025-02-01,-30.8
E,B05,R,2025-03-01,-4
E,B05,R,2025-04-01,-26.1
E,B05,R,2025-05-01,-16.2
E,B05,R,2025-06-01,-16.8
E,B05,R,2025-07-01,-30.8
E,B05,R,2025-08-01,-32
E,B05,R,2025-09-01,-24.7
E,B05,R,2025-10-01,33.2
E,B05,R,2025-11-01,8.4
E,B05,R,2025-12-01,9.8
E,B05,R,2026-01-01,42.3
E,B05,R,2026-02-01,7.3
E,B05,R,2026-03-01,18.2
E,B05,R,2026-04-01,30.6
E,B05,R,2026-05-01,11.9
E,B05,R,2026-06-01,-19.6
E,B05,R,2026-07-01,0.2
E,B05,WMF,2012-01-01,2.47252042737683
E,B05,WMF,2012-02-01,3.2406089270936502
E,B05,WMF,2012-03-01,4.59658857781633
E,B05,WMF,2012-04-01,2.4105224049489
E,B05,WMF,2012-05-01,2.1495852485135902
E,B05,WMF,2012-06-01,2.1341926242025098
E,B05,WMF,2012-07-01,3.0633935840118403
E,B05,WMF,2012-08-01,2.2093926260598398
E,B05,WMF,2012-09-01,2.4574971290453798
E,B05,WMF,2012-10-01,2.64102826517427
E,B05,WMF,2012-11-01,1.68093825280943
E,B05,WMF,2012-12-01,1.86284723204546
E,B05,WMF,2013-01-01,1.77761549360211
E,B05,WMF,2013-02-01,2.16433799521542
E,B05,WMF,2013-03-01,2.71498422488683
E,B05,WMF,2013-04-01,2.1908610374209
E,B05,WMF,2013-05-01,1.90425552848346
E,B05,WMF,2013-06-01,2.27135524050235
E,B05,WMF,2013-07-01,1.48186033018614
E,B05,WMF,2013-08-01,1.3732030942309101
E,B05,WMF,2013-09-01,2.67724196787662
E,B05,WMF,2013-10-01,2.80657555397944
E,B05,WMF,2013-11-01,3.05998029844619
E,B05,WMF,2013-12-01,2.46282740073641
E,B05,WMF,2014-01-01,1.63079197784072
E,B05,WMF,2014-02-01,1.60416700666006
E,B05,WMF,2014-03-01,1.39869261642607
E,B05,WMF,2014-04-01,2.14466747949643
E,B05,WMF,2014-05-01,1.78553476218994
E,B05,WMF,2014-06-01,1.43628613113604
E,B05,WMF,2014-07-01,1.7547626200019
E,B05,WMF,2014-08-01,1.6132109639353902
E,B05,WMF,2014-09-01,1.3706269615878701
E,B05,WMF,2014-10-01,1.02735590678247
E,B05,WMF,2014-11-01,1.17467406178172
E,B05,WMF,2014-12-01,1.18679769160794
E,B05,WMF,2015-01-01,1.62432623149029
E,B05,WMF,2015-02-01,1.3776449390045
E,B05,WMF,2015-03-01,1.03215358531983
E,B05,WMF,2015-04-01,1.33234694635854
E,B05,WMF,2015-05-01,1.67094441750701
E,B05,WMF,2015-06-01,1.5286223457796202
E,B05,WMF,2015-07-01,1.03676594245971
E,B05,WMF,2015-08-01,1.55996785054409
E,B05,WMF,2015-09-01,1.03924894586315
E,B05,WMF,2015-10-01,1.2077418115763499
E,B05,WMF,2015-11-01,1.53333592157865
E,B05,WMF,2015-12-01,2.3655245644919796
E,B05,WMF,2016-01-01,0.96363536686677
E,B05,WMF,2016-02-01,1.15447683429608
E,B05,WMF,2016-03-01,1.57235574577994
E,B05,WMF,2016-04-01,1.52764930190515
E,B05,WMF,2016-05-01,0.975724768346054
E,B05,WMF,2016-06-01,1.09677742014167
E,B05,WMF,2016-07-01,1.61244224226127
E,B05,WMF,2016-08-01,1.16993899479478
E,B05,WMF,2016-09-01,1.18649964072766
E,B05,WMF,2016-10-01,1.46397135908499
E,B05,WMF,2016-11-01,1.1282399521667001
E,B05,WMF,2016-12-01,1.3631778949639999
E,B05,WMF,2017-01-01,1.46223860364407
E,B05,WMF,2017-02-01,1.59577767287193
E,B05,WMF,2017-03-01,1.42497340079272
E,B05,WMF,2017-04-01,0.770701418395055
E,B05,WMF,2017-05-01,1.22513949341085
E,B05,WMF,2017-06-01,1.4251880369368901
E,B05,WMF,2017-07-01,1.3804017357660099
E,B05,WMF,2017-08-01,1.5801216377101999
E,B05,WMF,2017-09-01,1.75428195751353
E,B05,WMF,2017-10-01,1.35706633994481
E,B05,WMF,2017-11-01,1.27097782677422
E,B05,WMF,2017-12-01,2.09232714574815
E,B05,WMF,2018-01-01,1.63326803330524
E,B05,WMF,2018-02-01,1.8126879110932201
E,B05,WMF,2018-03-01,1.33338119877518
E,B05,WMF,2018-04-01,0.759147413895098
E,B05,WMF,2018-05-01,1.73388643822235
E,B05,WMF,2018-06-01,1.4869143227550101
E,B05,WMF,2018-07-01,1.3518006791061
E,B05,WMF,2018-08-01,1.14811060101471
E,B05,WMF,2018-09-01,1.2088391989441098
E,B05,WMF,2018-10-01,1.42676620690215
E,B05,WMF,2018-11-01,1.35489400015022
E,B05,WMF,2018-12-01,1.03437984142839
E,B05,WMF,2019-01-01,1.30181733556713
E,B05,WMF,2019-02-01,0.994664712935465
E,B05,WMF,2019-03-01,1.32133211536651
E,B05,WMF,2019-04-01,0.980435681400897
E,B05,WMF,2019-05-01,1.59640108927223
E,B05,WMF,2019-06-01,1.27436681541928
E,B05,WMF,2019-07-01,1.03811388683329
E,B05,WMF,2019-08-01,1.00928476298758
E,B05,WMF,2019-09-01,1.1325456865574999
E,B05,WMF,2019-10-01,0.8714099006021659
E,B05,WMF,2019-11-01,0.797989981301285
E,B05,WMF,2019-12-01,0.952268892635972
E,B05,WMF,2020-01-01,1.010803558785
E,B05,WMF,2020-02-01,0.870123212824438
E,B05,WMF,2020-03-01,0.9809421602908059
E,B05,WMF,2020-04-01,1.04214713822503
E,B05,WMF,2020-05-01,0.800219344610095
E,B05,WMF,2020-06-01,0.746917481353192
E,B05,WMF,2020-07-01,0.8847578025131261
E,B05,WMF,2020-08-01,0.859785552263081
E,B05,WMF,2020-09-01,0.796863658498197
E,B05,WMF,2020-10-01,0.784172349627082
E,B05,WMF,2020-11-01,0.908334123446828
E,B05,WMF,2020-12-01,0.872421342801869
E,B05,WMF,2021-01-01,0.941240241709596
E,B05,WMF,2021-02-01,1.41725750006369
E,B05,WMF,2021-03-01,1.06559719184521
E,B05,WMF,2021-04-01,1.22446319284676
E,B05,WMF,2021-05-01,1.15154249266755
E,B05,WMF,2021-06-01,1.41514442332629
E,B05,WMF,2021-07-01,1.39194267971488
E,B05,WMF,2021-08-01,1.2116178214793698
E,B05,WMF,2021-09-01,2.17804821661
E,B05,WMF,2021-10-01,1.7985319942240998
E,B05,WMF,2021-11-01,2.1910635262019
E,B05,WMF,2021-12-01,1.8867224324052
E,B05,WMF,2022-01-01,1.9976702257182
E,B05,WMF,2022-02-01,2.03860550432941
E,B05,WMF,2022-03-01,2.19830895542583
E,B05,WMF,2022-04-01,2.70870255368202
E,B05,WMF,2022-05-01,3.1429224657789
E,B05,WMF,2022-06-01,2.86644607537359
E,B05,WMF,2022-07-01,3.84868557079414
E,B05,WMF,2022-08-01,4.593000826898581
E,B05,WMF,2022-09-01,3.64706772002005
E,B05,WMF,2022-10-01,5.33274146006074
E,B05,WMF,2022-11-01,4.37462430688626
E,B05,WMF,2022-12-01,2.51296349774256
E,B05,WMF,2023-01-01,2.83710488124033
E,B05,WMF,2023-02-01,1.68803212217524
E,B05,WMF,2023-03-01,2.25164491581598
E,B05,WMF,2023-04-01,2.0045460411499403
E,B05,WMF,2023-05-01,1.75063176149192
E,B05,WMF,2023-06-01,1.85361997525363
E,B05,WMF,2023-07-01,1.47241068992011
E,B05,WMF,2023-08-01,1.55311525085413
E,B05,WMF,2023-09-01,1.3209771518220201
E,B05,WMF,2023-10-01,1.38870447829934
E,B05,WMF,2023-11-01,1.1834569532471002
E,B05,WMF,2023-12-01,1.23947665181348
E,B05,WMF,2024-01-01,1.27019455723386
E,B05,WMF,2024-02-01,1.47459143551005
E,B05,WMF,2024-03-01,1.0960360591754599
E,B05,WMF,2024-04-01,1.2805558657064602
E,B05,WMF,2024-05-01,1.29109447600063
E,B05,WMF,2024-06-01,1.3273900562848
E,B05,WMF,2024-07-01,1.30141519396822
E,B05,WMF,2024-08-01,1.26754943549777
E,B05,WMF,2024-09-01,1.2861714098419
E,B05,WMF,2024-10-01,0.873394587589649
E,B05,WMF,2024-11-01,0.9397344578471359
E,B05,WMF,2024-12-01,1.0878342568719401
E,B05,WMF,2025-01-01,0.92765979226326
E,B05,WMF,2025-02-01,1.0428769187361802
E,B05,WMF,2025-03-01,1.0262114029365101
E,B05,WMF,2025-04-01,0.769841486551017
E,B05,WMF,2025-05-01,0.8560718495390219
E,B05,WMF,2025-06-01,0.8244375190441979
E,B05,WMF,2025-07-01,0.76769417525943
E,B05,WMF,2025-08-01,0.697813650146075
E,B05,WMF,2025-09-01,0.795503208004063
E,B05,WMF,2025-10-01,0.906106334650421
E,B05,WMF,2025-11-01,0.803898575511241
E,B05,WMF,2025-12-01,0.925003884815648
E,B05,WMF,2026-01-01,1.0456336412574299
E,B05,WMF,2026-02-01,0.851697389535137
E,B05,WMF,2026-03-01,1.1659672590852501
E,B05,WMF,2026-04-01,1.0463289261297901
E,B05,WMF,2026-05-01,0.9940172967238889
E,B05,WMF,2026-06-01,0.82138919359342
E,B05,WMF,2026-07-01,0.841748657554982
E,B06,R,2013-01-01,111.1
E,B06,R,2013-02-01,104.3
E,B06,R,2013-03-01,68.1
E,B06,R,2013-04-01,49.2
E,B06,R,2013-05-01,44.4
E,B06,R,2013-06-01,94.6
E,B06,R,2013-07-01,56.1
E,B06,R,2013-08-01,12.2
E,B06,R,2013-09-01,-15.4
E,B06,R,2013-10-01,-20.5
E,B06,R,2013-11-01,-7.5
E,B06,R,2013-12-01,28.9
E,B06,R,2014-01-01,-5.5
E,B06,R,2014-02-01,-12.1
E,B06,R,2014-03-01,-35
E,B06,R,2014-04-01,-18.1
E,B06,R,2014-05-01,6.2
E,B06,R,2014-06-01,-9.1
E,B06,R,2014-07-01,-19.7
E,B06,R,2014-08-01,15.5
E,B06,R,2014-09-01,16.2
E,B06,R,2014-10-01,66.5
E,B06,R,2014-11-01,-2.1
E,B06,R,2014-12-01,10.9
E,B06,R,2015-01-01,-22.1
E,B06,R,2015-02-01,-5.9
E,B06,R,2015-03-01,43.9
E,B06,R,2015-04-01,-2.9
E,B06,R,2015-05-01,-48.6
E,B06,R,2015-06-01,-70.1
E,B06,R,2015-07-01,-39.7
E,B06,R,2015-08-01,-44
E,B06,R,2015-09-01,-27.1
E,B06,R,2015-10-01,-35.7
E,B06,R,2015-11-01,-35.4
E,B06,R,2015-12-01,-17.7
E,B06,R,2016-01-01,-31.2
E,B06,R,2016-02-01,-24.5
E,B06,R,2016-03-01,-28.2
E,B06,R,2016-04-01,12.8
E,B06,R,2016-05-01,35.7
E,B06,R,2016-06-01,115.6
E,B06,R,2016-07-01,28.4
E,B06,R,2016-08-01,7.9
E,B06,R,2016-09-01,-21.3
E,B06,R,2016-10-01,-13.1
E,B06,R,2016-11-01,46.5
E,B06,R,2016-12-01,-13.1
E,B06,R,2017-01-01,25.5
E,B06,R,2017-02-01,15.6
E,B06,R,2017-03-01,-18.8
E,B06,R,2017-04-01,-3.8
E,B06,R,2017-05-01,-5.4
E,B06,R,2017-06-01,-43.1
E,B06,R,2017-07-01,-3.6
E,B06,R,2017-08-01,8.4
E,B06,R,2017-09-01,6.9
E,B06,R,2017-10-01,47.7
E,B06,R,2017-11-01,-19.7
E,B06,R,2017-12-01,-5.3
E,B06,R,2018-01-01,11.3
E,B06,R,2018-02-01,-28.7
E,B06,R,2018-03-01,44.3
E,B06,R,2018-04-01,-17
E,B06,R,2018-05-01,4.8
E,B06,R,2018-06-01,99.4
E,B06,R,2018-07-01,0.4
E,B06,R,2018-08-01,-5.8
E,B06,R,2018-09-01,10.2
E,B06,R,2018-10-01,-26.3
E,B06,R,2018-11-01,13.8
E,B06,R,2018-12-01,-4.3
E,B06,R,2019-01-01,-13.8
E,B06,R,2019-02-01,20
E,B06,R,2019-03-01,0.1
E,B06,R,2019-04-01,-18
E,B06,R,2019-05-01,-2.4
E,B06,R,2019-06-01,-41.8
E,B06,R,2019-07-01,-15.7
E,B06,R,2019-08-01,3.9
E,B06,R,2019-09-01,10.4
E,B06,R,2019-10-01,3
E,B06,R,2019-11-01,-20.9
E,B06,R,2019-12-01,22.4
E,B06,R,2020-01-01,-15.2
E,B06,R,2020-02-01,22.9
E,B06,R,2020-03-01,-20.5
E,B06,R,2020-04-01,14.2
E,B06,R,2020-05-01,-20.3
E,B06,R,2020-06-01,64.6
E,B06,R,2020-07-01,15
E,B06,R,2020-08-01,-20.5
E,B06,R,2020-09-01,-8.6
E,B06,R,2020-10-01,-11.2
E,B06,R,2020-11-01,21.5
E,B06,R,2020-12-01,-19
E,B06,R,2021-01-01,14.6
E,B06,R,2021-02-01,-21.2
E,B06,R,2021-03-01,-20
E,B06,R,2021-04-01,5.1
E,B06,R,2021-05-01,-5.5
E,B06,R,2021-06-01,-49.3
E,B06,R,2021-07-01,-27.7
E,B06,R,2021-08-01,22.1
E,B06,R,2021-09-01,0.2
E,B06,R,2021-10-01,10.2
E,B06,R,2021-11-01,-8.9
E,B06,R,2021-12-01,16.5
E,B06,R,2022-01-01,10
E,B06,R,2022-02-01,24.3
E,B06,R,2022-03-01,27.5
E,B06,R,2022-04-01,11.2
E,B06,R,2022-05-01,19.8
E,B06,R,2022-06-01,91.1
E,B06,R,2022-07-01,36.3
E,B06,R,2022-08-01,-13.9
E,B06,R,2022-09-01,-6.9
E,B06,R,2022-10-01,-22.4
E,B06,R,2022-11-01,-10.5
E,B06,R,2022-12-01,-29.2
E,B06,R,2023-01-01,-19.8
E,B06,R,2023-02-01,-31.4
E,B06,R,2023-03-01,-3.1
E,B06,R,2023-04-01,-21.1
E,B06,R,2023-05-01,0.8
E,B06,R,2023-06-01,-21.8
E,B06,R,2023-07-01,-20.7
E,B06,R,2023-08-01,0
E,B06,R,2023-09-01,-8.2
E,B06,R,2023-10-01,-2.9
E,B06,R,2023-11-01,-13.7
E,B06,R,2023-12-01,18
E,B06,R,2024-01-01,5
E,B06,R,2024-02-01,13.4
E,B06,R,2024-03-01,-27.2
E,B06,R,2024-04-01,-1.4
E,B06,R,2024-05-01,-49.4
E,B06,R,2024-06-01,-28.2
E,B06,R,2024-07-01,9.8
E,B06,R,2024-08-01,2.8
E,B06,R,2024-09-01,-0.4
E,B06,R,2024-10-01,25.7
E,B06,R,2024-11-01,17.3
E,B06,R,2024-12-01,3.1
E,B06,R,2025-01-01,-2.2
E,B06,R,2025-02-01,1.1
E,B06,R,2025-03-01,52.3
E,B06,R,2025-04-01,-28.3
E,B06,R,2025-05-01,114.3
E,B06,R,2025-06-01,77.6
E,B06,R,2025-07-01,-22.2
E,B06,R,2025-08-01,31.3
E,B06,R,2025-09-01,-7.7
E,B06,R,2025-10-01,5.1
E,B06,R,2025-11-01,-10.7
E,B06,R,2025-12-01,1.1
E,B06,R,2026-01-01,-4.3
E,B06,R,2026-02-01,0.4
E,B06,R,2026-03-01,-12.4
E,B06,R,2026-04-01,81.5
E,B06,R,2026-05-01,-12.8
E,B06,R,2026-06-01,-9.6
E,B06,R,2026-07-01,21.3
E,B06,WMF,2012-01-01,318.26571037635796
E,B06,WMF,2012-02-01,231.74307533557098
E,B06,WMF,2012-03-01,350.557390227746
E,B06,WMF,2012-04-01,319.405057120891
E,B06,WMF,2012-05-01,342.866913591375
E,B06,WMF,2012-06-01,320.022519122841
E,B06,WMF,2012-07-01,360.228818585934
E,B06,WMF,2012-08-01,391.001646391203
E,B06,WMF,2012-09-01,560.5913690061931
E,B06,WMF,2012-10-01,406.975612657726
E,B06,WMF,2012-11-01,456.031405225785
E,B06,WMF,2012-12-01,365.35421038049003
E,B06,WMF,2013-01-01,478.592002519581
E,B06,WMF,2013-02-01,513.588023240216
E,B06,WMF,2013-03-01,515.96845542726
E,B06,WMF,2013-04-01,456.125161202046
E,B06,WMF,2013-05-01,463.089395880849
E,B06,WMF,2013-06-01,674.4256282718981
E,B06,WMF,2013-07-01,531.207863109544
E,B06,WMF,2013-08-01,447.745765963603
E,B06,WMF,2013-09-01,404.52198189949604
E,B06,WMF,2013-10-01,306.326181151025
E,B06,WMF,2013-11-01,409.52467874043697
E,B06,WMF,2013-12-01,400.392211446658
E,B06,WMF,2014-01-01,416.8389036409
E,B06,WMF,2014-02-01,428.21461203164205
E,B06,WMF,2014-03-01,331.836493789469
E,B06,WMF,2014-04-01,344.908697377841
E,B06,WMF,2014-05-01,487.71739818031597
E,B06,WMF,2014-06-01,515.080257060166
E,B06,WMF,2014-07-01,413.86693639813
E,B06,WMF,2014-08-01,516.610522074747
E,B06,WMF,2014-09-01,445.740377095754
E,B06,WMF,2014-10-01,430.782679432243
E,B06,WMF,2014-11-01,347.841922581239
E,B06,WMF,2014-12-01,343.016415650322
E,B06,WMF,2015-01-01,284.929377124835
E,B06,WMF,2015-02-01,255.89075564813598
E,B06,WMF,2015-03-01,249.996989005946
E,B06,WMF,2015-04-01,207.544140415235
E,B06,WMF,2015-05-01,153.374803595298
E,B06,WMF,2015-06-01,72.9230395628134
E,B06,WMF,2015-07-01,136.78648347619102
E,B06,WMF,2015-08-01,136.64195606781502
E,B06,WMF,2015-09-01,170.57842070422302
E,B06,WMF,2015-10-01,165.343286667324
E,B06,WMF,2015-11-01,126.23421948348799
E,B06,WMF,2015-12-01,180.420041785047
E,B06,WMF,2016-01-01,132.231652657878
E,B06,WMF,2016-02-01,110.6714214385
E,B06,WMF,2016-03-01,138.32077331102101
E,B06,WMF,2016-04-01,173.48872214114903
E,B06,WMF,2016-05-01,154.879551826364
E,B06,WMF,2016-06-01,138.93425340119
E,B06,WMF,2016-07-01,166.193475075869
E,B06,WMF,2016-08-01,136.523722658097
E,B06,WMF,2016-09-01,119.092366122032
E,B06,WMF,2016-10-01,133.063117952505
E,B06,WMF,2016-11-01,185.221834192516
E,B06,WMF,2016-12-01,156.512428430531
E,B06,WMF,2017-01-01,170.815293712814
E,B06,WMF,2017-02-01,194.558002527971
E,B06,WMF,2017-03-01,141.973689353812
E,B06,WMF,2017-04-01,230.842303172055
E,B06,WMF,2017-05-01,181.701942765422
E,B06,WMF,2017-06-01,73.3814741619056
E,B06,WMF,2017-07-01,177.734018652952
E,B06,WMF,2017-08-01,165.340961883128
E,B06,WMF,2017-09-01,147.57019848241202
E,B06,WMF,2017-10-01,238.602899195873
E,B06,WMF,2017-11-01,164.027613603004
E,B06,WMF,2017-12-01,175.352966168628
E,B06,WMF,2018-01-01,197.687371032288
E,B06,WMF,2018-02-01,182.65190993428098
E,B06,WMF,2018-03-01,261.67827839501103
E,B06,WMF,2018-04-01,203.82145391477002
E,B06,WMF,2018-05-01,254.747132454155
E,B06,WMF,2018-06-01,269.974019369461
E,B06,WMF,2018-07-01,245.157395567088
E,B06,WMF,2018-08-01,225.59058063023298
E,B06,WMF,2018-09-01,233.876555184896
E,B06,WMF,2018-10-01,224.824997665996
E,B06,WMF,2018-11-01,274.80252773676096
E,B06,WMF,2018-12-01,227.52298958516602
E,B06,WMF,2019-01-01,207.36224106560599
E,B06,WMF,2019-02-01,223.440236570802
E,B06,WMF,2019-03-01,250.50682745598598
E,B06,WMF,2019-04-01,209.322078860084
E,B06,WMF,2019-05-01,240.923249824372
E,B06,WMF,2019-06-01,108.94781323417901
E,B06,WMF,2019-07-01,181.18405149337
E,B06,WMF,2019-08-01,223.155506075607
E,B06,WMF,2019-09-01,243.583851511235
E,B06,WMF,2019-10-01,255.365759921213
E,B06,WMF,2019-11-01,166.706589912263
E,B06,WMF,2019-12-01,198.649242275072
E,B06,WMF,2020-01-01,143.81980343901301
E,B06,WMF,2020-02-01,191.578666868909
E,B06,WMF,2020-03-01,149.36494430271
E,B06,WMF,2020-04-01,141.401982607678
E,B06,WMF,2020-05-01,98.00939864449
E,B06,WMF,2020-06-01,127.034014146495
E,B06,WMF,2020-07-01,134.100490105462
E,B06,WMF,2020-08-01,95.3830975763295
E,B06,WMF,2020-09-01,135.928516042611
E,B06,WMF,2020-10-01,98.1083389548551
E,B06,WMF,2020-11-01,118.69570386318199
E,B06,WMF,2020-12-01,105.18633540324099
E,B06,WMF,2021-01-01,156.476268564708
E,B06,WMF,2021-02-01,148.942564380359
E,B06,WMF,2021-03-01,126.624404480543
E,B06,WMF,2021-04-01,285.58383608558
E,B06,WMF,2021-05-01,165.94690022521002
E,B06,WMF,2021-06-01,63.3149351368886
E,B06,WMF,2021-07-01,138.03614657365
E,B06,WMF,2021-08-01,197.492774143756
E,B06,WMF,2021-09-01,209.773728226462
E,B06,WMF,2021-10-01,222.15183721320702
E,B06,WMF,2021-11-01,291.506054836663
E,B06,WMF,2021-12-01,286.788552740721
E,B06,WMF,2022-01-01,966.5069099593429
E,B06,WMF,2022-02-01,665.758732749097
E,B06,WMF,2022-03-01,1036.56696284922
E,B06,WMF,2022-04-01,553.749236607056
E,B06,WMF,2022-05-01,491.906457451566
E,B06,WMF,2022-06-01,747.5298580975581
E,B06,WMF,2022-07-01,701.389722040768
E,B06,WMF,2022-08-01,351.335323676344
E,B06,WMF,2022-09-01,412.474945638932
E,B06,WMF,2022-10-01,414.38643750456
E,B06,WMF,2022-11-01,634.187384938193
E,B06,WMF,2022-12-01,343.753693931226
E,B06,WMF,2023-01-01,370.951696135898
E,B06,WMF,2023-02-01,318.886795283828
E,B06,WMF,2023-03-01,306.28396827430396
E,B06,WMF,2023-04-01,325.439989811698
E,B06,WMF,2023-05-01,348.970483798917
E,B06,WMF,2023-06-01,256.484530648048
E,B06,WMF,2023-07-01,224.11614856718901
E,B06,WMF,2023-08-01,266.751949751115
E,B06,WMF,2023-09-01,294.482336433395
E,B06,WMF,2023-10-01,240.65083398418
E,B06,WMF,2023-11-01,236.644797746766
E,B06,WMF,2023-12-01,258.457015504522
E,B06,WMF,2024-01-01,233.377510240601
E,B06,WMF,2024-02-01,219.460080265173
E,B06,WMF,2024-03-01,183.769893570319
E,B06,WMF,2024-04-01,279.581103795874
E,B06,WMF,2024-05-01,134.136793134408
E,B06,WMF,2024-06-01,113.735588032981
E,B06,WMF,2024-07-01,254.30881652262198
E,B06,WMF,2024-08-01,244.100336512541
E,B06,WMF,2024-09-01,229.131781963869
E,B06,WMF,2024-10-01,238.351029980621
E,B06,WMF,2024-11-01,247.251188038753
E,B06,WMF,2024-12-01,243.929991541079
E,B06,WMF,2025-01-01,237.050720255076
E,B06,WMF,2025-02-01,295.579261796627
E,B06,WMF,2025-03-01,321.174207642787
E,B06,WMF,2025-04-01,189.452518931188
E,B06,WMF,2025-05-01,305.71754227130197
E,B06,WMF,2025-06-01,233.341441746616
E,B06,WMF,2025-07-01,152.734990582065
E,B06,WMF,2025-08-01,254.73763534840398
E,B06,WMF,2025-09-01,165.349655482637
E,B06,WMF,2025-10-01,198.564416353725
E,B06,WMF,2025-11-01,157.263664160759
E,B06,WMF,2025-12-01,179.735432703259
E,B06,WMF,2026-01-01,175.17520015595002
E,B06,WMF,2026-02-01,206.986140830587
E,B06,WMF,2026-03-01,211.528195536836
E,B06,WMF,2026-04-01,286.079481435347
E,B06,WMF,2026-05-01,295.65973616356996
E,B06,WMF,2026-06-01,304.298056742573
E,B06,WMF,2026-07-01,280.757531959054
E,C10,R,2013-01-01,11.2
E,C10,R,2013-02-01,3.9
E,C10,R,2013-03-01,2.3
E,C10,R,2013-04-01,4.2
E,C10,R,2013-05-01,7.1
E,C10,R,2013-06-01,0.1
E,C10,R,2013-07-01,4.7
E,C10,R,2013-08-01,7.2
E,C10,R,2013-09-01,4.3
E,C10,R,2013-10-01,4.1
E,C10,R,2013-11-01,7.2
E,C10,R,2013-12-01,-0.4
E,C10,R,2014-01-01,1.6
E,C10,R,2014-02-01,1.4
E,C10,R,2014-03-01,4.3
E,C10,R,2014-04-01,7.7
E,C10,R,2014-05-01,-3.1
E,C10,R,2014-06-01,6.8
E,C10,R,2014-07-01,1.9
E,C10,R,2014-08-01,-4.5
E,C10,R,2014-09-01,-1.4
E,C10,R,2014-10-01,-1.6
E,C10,R,2014-11-01,-0.7
E,C10,R,2014-12-01,-3.7
E,C10,R,2015-01-01,-1.5
E,C10,R,2015-02-01,-1.1
E,C10,R,2015-03-01,-1
E,C10,R,2015-04-01,-8.2
E,C10,R,2015-05-01,2.8
E,C10,R,2015-06-01,-4.3
E,C10,R,2015-07-01,-6.4
E,C10,R,2015-08-01,-1.2
E,C10,R,2015-09-01,0.1
E,C10,R,2015-10-01,1.9
E,C10,R,2015-11-01,1.8
E,C10,R,2015-12-01,3.4
E,C10,R,2016-01-01,-0.1
E,C10,R,2016-02-01,5
E,C10,R,2016-03-01,1.5
E,C10,R,2016-04-01,3
E,C10,R,2016-05-01,3.8
E,C10,R,2016-06-01,5.7
E,C10,R,2016-07-01,8.6
E,C10,R,2016-08-01,6.7
E,C10,R,2016-09-01,3
E,C10,R,2016-10-01,4.6
E,C10,R,2016-11-01,0.1
E,C10,R,2016-12-01,5.6
E,C10,R,2017-01-01,-1.1
E,C10,R,2017-02-01,-0.8
E,C10,R,2017-03-01,1.2
E,C10,R,2017-04-01,1.4
E,C10,R,2017-05-01,0.1
E,C10,R,2017-06-01,0.9
E,C10,R,2017-07-01,0.6
E,C10,R,2017-08-01,3.4
E,C10,R,2017-09-01,3.5
E,C10,R,2017-10-01,-0.9
E,C10,R,2017-11-01,4.9
E,C10,R,2017-12-01,3.1
E,C10,R,2018-01-01,6.4
E,C10,R,2018-02-01,1.6
E,C10,R,2018-03-01,1.9
E,C10,R,2018-04-01,5.2
E,C10,R,2018-05-01,4.3
E,C10,R,2018-06-01,1.5
E,C10,R,2018-07-01,-0.1
E,C10,R,2018-08-01,-1.1
E,C10,R,2018-09-01,-0.9
E,C10,R,2018-10-01,-1.2
E,C10,R,2018-11-01,-5.7
E,C10,R,2018-12-01,-1.8
E,C10,R,2019-01-01,7.6
E,C10,R,2019-02-01,2.2
E,C10,R,2019-03-01,0.4
E,C10,R,2019-04-01,1.5
E,C10,R,2019-05-01,-4
E,C10,R,2019-06-01,-2.6
E,C10,R,2019-07-01,1.5
E,C10,R,2019-08-01,-1.2
E,C10,R,2019-09-01,0.5
E,C10,R,2019-10-01,5.4
E,C10,R,2019-11-01,7.5
E,C10,R,2019-12-01,-2.3
E,C10,R,2020-01-01,-1.8
E,C10,R,2020-02-01,0.9
E,C10,R,2020-03-01,11.8
E,C10,R,2020-04-01,0.6
E,C10,R,2020-05-01,5.8
E,C10,R,2020-06-01,11.4
E,C10,R,2020-07-01,6.5
E,C10,R,2020-08-01,5.8
E,C10,R,2020-09-01,7.7
E,C10,R,2020-10-01,3.2
E,C10,R,2020-11-01,2.3
E,C10,R,2020-12-01,-0.5
E,C10,R,2021-01-01,-1
E,C10,R,2021-02-01,4.4
E,C10,R,2021-03-01,2.7
E,C10,R,2021-04-01,5.9
E,C10,R,2021-05-01,8.2
E,C10,R,2021-06-01,1.2
E,C10,R,2021-07-01,2.4
E,C10,R,2021-08-01,3.7
E,C10,R,2021-09-01,2
E,C10,R,2021-10-01,2.1
E,C10,R,2021-11-01,6
E,C10,R,2021-12-01,7.6
E,C10,R,2022-01-01,5.3
E,C10,R,2022-02-01,4.9
E,C10,R,2022-03-01,-1.2
E,C10,R,2022-04-01,1.7
E,C10,R,2022-05-01,0.4
E,C10,R,2022-06-01,1.7
E,C10,R,2022-07-01,1.4
E,C10,R,2022-08-01,1.9
E,C10,R,2022-09-01,1.3
E,C10,R,2022-10-01,3.4
E,C10,R,2022-11-01,1.1
E,C10,R,2022-12-01,3.7
E,C10,R,2023-01-01,-1.7
E,C10,R,2023-02-01,-3
E,C10,R,2023-03-01,-7.2
E,C10,R,2023-04-01,-6.6
E,C10,R,2023-05-01,-6
E,C10,R,2023-06-01,-5
E,C10,R,2023-07-01,-5.5
E,C10,R,2023-08-01,-1
E,C10,R,2023-09-01,-5.2
E,C10,R,2023-10-01,-4.2
E,C10,R,2023-11-01,-5.2
E,C10,R,2023-12-01,-2.4
E,C10,R,2024-01-01,0.7
E,C10,R,2024-02-01,0.4
E,C10,R,2024-03-01,2.1
E,C10,R,2024-04-01,8.1
E,C10,R,2024-05-01,5.5
E,C10,R,2024-06-01,5.6
E,C10,R,2024-07-01,9.3
E,C10,R,2024-08-01,4.8
E,C10,R,2024-09-01,8.1
E,C10,R,2024-10-01,6.6
E,C10,R,2024-11-01,8.5
E,C10,R,2024-12-01,6.1
E,C10,R,2025-01-01,8.8
E,C10,R,2025-02-01,8.9
E,C10,R,2025-03-01,10.5
E,C10,R,2025-04-01,2.6
E,C10,R,2025-05-01,2.8
E,C10,R,2025-06-01,5.4
E,C10,R,2025-07-01,5.1
E,C10,R,2025-08-01,4
E,C10,R,2025-09-01,3.4
E,C10,R,2025-10-01,1.4
E,C10,R,2025-11-01,0
E,C10,R,2025-12-01,1.7
E,C10,R,2026-01-01,-0.7
E,C10,R,2026-02-01,-1.2
E,C10,R,2026-03-01,-1.7
E,C10,R,2026-04-01,0.2
E,C10,R,2026-05-01,0.9
E,C10,R,2026-06-01,-1.8
E,C10,R,2026-07-01,-4.4
E,C10,WMF,2012-01-01,474.18841958943403
E,C10,WMF,2012-02-01,490.08814185617695
E,C10,WMF,2012-03-01,491.24721443504
E,C10,WMF,2012-04-01,496.461055195746
E,C10,WMF,2012-05-01,484.614301751704
E,C10,WMF,2012-06-01,496.55358527333897
E,C10,WMF,2012-07-01,496.21567583288504
E,C10,WMF,2012-08-01,497.064700919281
E,C10,WMF,2012-09-01,496.405265797611
E,C10,WMF,2012-10-01,497.141103771732
E,C10,WMF,2012-11-01,476.15892720107104
E,C10,WMF,2012-12-01,514.949312927666
E,C10,WMF,2013-01-01,535.527634671257
E,C10,WMF,2013-02-01,521.429230469218
E,C10,WMF,2013-03-01,516.60533082597
E,C10,WMF,2013-04-01,528.5291346977081
E,C10,WMF,2013-05-01,534.447999403521
E,C10,WMF,2013-06-01,512.3122686537611
E,C10,WMF,2013-07-01,542.7179875100239
E,C10,WMF,2013-08-01,548.3195398592679
E,C10,WMF,2013-09-01,538.271365147101
E,C10,WMF,2013-10-01,534.458466237391
E,C10,WMF,2013-11-01,534.774130878492
E,C10,WMF,2013-12-01,542.497638532026
E,C10,WMF,2014-01-01,552.7412896160671
E,C10,WMF,2014-02-01,539.756790514022
E,C10,WMF,2014-03-01,549.266601027635
E,C10,WMF,2014-04-01,574.452230903777
E,C10,WMF,2014-05-01,519.652587176257
E,C10,WMF,2014-06-01,551.7644830000611
E,C10,WMF,2014-07-01,551.491096227487
E,C10,WMF,2014-08-01,532.813072855807
E,C10,WMF,2014-09-01,541.019322737828
E,C10,WMF,2014-10-01,533.478559690467
E,C10,WMF,2014-11-01,536.276734879822
E,C10,WMF,2014-12-01,521.972268833363
E,C10,WMF,2015-01-01,523.467746567125
E,C10,WMF,2015-02-01,504.92707135275697
E,C10,WMF,2015-03-01,509.148790799795
E,C10,WMF,2015-04-01,494.84183365193496
E,C10,WMF,2015-05-01,496.552956563952
E,C10,WMF,2015-06-01,493.286479493231
E,C10,WMF,2015-07-01,484.08755552280303
E,C10,WMF,2015-08-01,494.92909032888195
E,C10,WMF,2015-09-01,506.626877538598
E,C10,WMF,2015-10-01,512.310298917502
E,C10,WMF,2015-11-01,516.737662390773
E,C10,WMF,2015-12-01,516.524648483621
E,C10,WMF,2016-01-01,514.019304528596
E,C10,WMF,2016-02-01,532.426793894725
E,C10,WMF,2016-03-01,519.361004518096
E,C10,WMF,2016-04-01,513.449548148483
E,C10,WMF,2016-05-01,524.76686371441
E,C10,WMF,2016-06-01,518.437136837137
E,C10,WMF,2016-07-01,523.890239121162
E,C10,WMF,2016-08-01,524.405999098238
E,C10,WMF,2016-09-01,516.475836580072
E,C10,WMF,2016-10-01,532.041992758368
E,C10,WMF,2016-11-01,512.016921972866
E,C10,WMF,2016-12-01,541.109332123298
E,C10,WMF,2017-01-01,506.800277133249
E,C10,WMF,2017-02-01,526.751326497532
E,C10,WMF,2017-03-01,524.126423708997
E,C10,WMF,2017-04-01,524.717137763982
E,C10,WMF,2017-05-01,531.19347565478
E,C10,WMF,2017-06-01,536.598400056451
E,C10,WMF,2017-07-01,542.615326232808
E,C10,WMF,2017-08-01,560.996372783547
E,C10,WMF,2017-09-01,562.141038101241
E,C10,WMF,2017-10-01,556.135415603832
E,C10,WMF,2017-11-01,571.292701378499
E,C10,WMF,2017-12-01,595.885437859867
E,C10,WMF,2018-01-01,575.5842644429359
E,C10,WMF,2018-02-01,563.081606790617
E,C10,WMF,2018-03-01,571.334056155522
E,C10,WMF,2018-04-01,589.687071364673
E,C10,WMF,2018-05-01,588.151949000808
E,C10,WMF,2018-06-01,576.2869769575041
E,C10,WMF,2018-07-01,569.792361128531
E,C10,WMF,2018-08-01,572.716263369327
E,C10,WMF,2018-09-01,561.3316222108541
E,C10,WMF,2018-10-01,557.771839782915
E,C10,WMF,2018-11-01,541.839799389051
E,C10,WMF,2018-12-01,581.5969754042819
E,C10,WMF,2019-01-01,609.3509072817269
E,C10,WMF,2019-02-01,571.4494832018501
E,C10,WMF,2019-03-01,564.58621148008
E,C10,WMF,2019-04-01,585.924745106052
E,C10,WMF,2019-05-01,546.358585753905
E,C10,WMF,2019-06-01,544.354355343584
E,C10,WMF,2019-07-01,558.514504319941
E,C10,WMF,2019-08-01,549.678999656371
E,C10,WMF,2019-09-01,553.723900775303
E,C10,WMF,2019-10-01,567.243801114872
E,C10,WMF,2019-11-01,564.326867678213
E,C10,WMF,2019-12-01,551.1343666538729
E,C10,WMF,2020-01-01,576.450771134464
E,C10,WMF,2020-02-01,555.5990450536781
E,C10,WMF,2020-03-01,604.4333098548229
E,C10,WMF,2020-04-01,559.5435828556331
E,C10,WMF,2020-05-01,555.284334471182
E,C10,WMF,2020-06-01,585.308729597568
E,C10,WMF,2020-07-01,580.456529732064
E,C10,WMF,2020-08-01,568.8511391011209
E,C10,WMF,2020-09-01,584.855036171302
E,C10,WMF,2020-10-01,578.327599829906
E,C10,WMF,2020-11-01,570.675277527776
E,C10,WMF,2020-12-01,559.685815699566
E,C10,WMF,2021-01-01,571.8594091615879
E,C10,WMF,2021-02-01,588.649939158695
E,C10,WMF,2021-03-01,636.1446953407641
E,C10,WMF,2021-04-01,611.2537534790409
E,C10,WMF,2021-05-01,619.4715671413979
E,C10,WMF,2021-06-01,608.183496667181
E,C10,WMF,2021-07-01,610.471101499799
E,C10,WMF,2021-08-01,611.466170286793
E,C10,WMF,2021-09-01,621.5769150369249
E,C10,WMF,2021-10-01,616.2420283645199
E,C10,WMF,2021-11-01,629.9630578347189
E,C10,WMF,2021-12-01,603.027643758947
E,C10,WMF,2022-01-01,625.01400094723
E,C10,WMF,2022-02-01,642.618052986306
E,C10,WMF,2022-03-01,656.840292025986
E,C10,WMF,2022-04-01,659.483317811462
E,C10,WMF,2022-05-01,664.894297281884
E,C10,WMF,2022-06-01,667.579233265384
E,C10,WMF,2022-07-01,656.1664263536591
E,C10,WMF,2022-08-01,654.152584306556
E,C10,WMF,2022-09-01,664.0010325416321
E,C10,WMF,2022-10-01,671.426536503607
E,C10,WMF,2022-11-01,674.654752437602
E,C10,WMF,2022-12-01,687.10925957277
E,C10,WMF,2023-01-01,674.0095326178159
E,C10,WMF,2023-02-01,677.116361959429
E,C10,WMF,2023-03-01,660.238364832428
E,C10,WMF,2023-04-01,652.1426257158311
E,C10,WMF,2023-05-01,651.339047500203
E,C10,WMF,2023-06-01,651.468274290763
E,C10,WMF,2023-07-01,641.6062244052009
E,C10,WMF,2023-08-01,664.756285635248
E,C10,WMF,2023-09-01,641.2323245132629
E,C10,WMF,2023-10-01,651.988758869817
E,C10,WMF,2023-11-01,644.258760179771
E,C10,WMF,2023-12-01,659.430074731654
E,C10,WMF,2024-01-01,649.1061543563189
E,C10,WMF,2024-02-01,651.7730165432989
E,C10,WMF,2024-03-01,656.342020130308
E,C10,WMF,2024-04-01,703.723114554877
E,C10,WMF,2024-05-01,684.8795238047829
E,C10,WMF,2024-06-01,684.6373440442161
E,C10,WMF,2024-07-01,706.0955509949661
E,C10,WMF,2024-08-01,710.435132848126
E,C10,WMF,2024-09-01,709.105775598336
E,C10,WMF,2024-10-01,717.337541507506
E,C10,WMF,2024-11-01,727.46864806344
E,C10,WMF,2024-12-01,714.873674867993
E,C10,WMF,2025-01-01,760.5911883982881
E,C10,WMF,2025-02-01,756.673146007313
E,C10,WMF,2025-03-01,761.556426355064
E,C10,WMF,2025-04-01,745.981221722697
E,C10,WMF,2025-05-01,735.750937378007
E,C10,WMF,2025-06-01,757.598745373829
E,C10,WMF,2025-07-01,769.1550483995389
E,C10,WMF,2025-08-01,768.175769553155
E,C10,WMF,2025-09-01,763.215490203277
E,C10,WMF,2025-10-01,750.510556037186
E,C10,WMF,2025-11-01,735.031456246802
E,C10,WMF,2025-12-01,739.037434646824
E,C10,WMF,2026-01-01,752.025884139725
E,C10,WMF,2026-02-01,736.11828629508
E,C10,WMF,2026-03-01,727.850630732663
E,C10,WMF,2026-04-01,725.278635498417
E,C10,WMF,2026-05-01,715.296938593849
E,C10,WMF,2026-06-01,718.888662092201
E,C10,WMF,2026-07-01,709.299551756903
E,C11,R,2013-01-01,2.3
E,C11,R,2013-02-01,7.9
E,C11,R,2013-03-01,-3.3
E,C11,R,2013-04-01,-3.8
E,C11,R,2013-05-01,0.8
E,C11,R,2013-06-01,7.2
E,C11,R,2013-07-01,12.9
E,C11,R,2013-08-01,15.6
E,C11,R,2013-09-01,-4.8
E,C11,R,2013-10-01,-8.6
E,C11,R,2013-11-01,-9.9
E,C11,R,2013-12-01,0.5
E,C11,R,2014-01-01,4.7
E,C11,R,2014-02-01,-4.8
E,C11,R,2014-03-01,1.9
E,C11,R,2014-04-01,6.3
E,C11,R,2014-05-01,-4
E,C11,R,2014-06-01,7.5
E,C11,R,2014-07-01,-0.4
E,C11,R,2014-08-01,-6.1
E,C11,R,2014-09-01,2.7
E,C11,R,2014-10-01,9.1
E,C11,R,2014-11-01,12
E,C11,R,2014-12-01,5.8
E,C11,R,2015-01-01,-1
E,C11,R,2015-02-01,4.3
E,C11,R,2015-03-01,5.3
E,C11,R,2015-04-01,2.5
E,C11,R,2015-05-01,4.2
E,C11,R,2015-06-01,-3.6
E,C11,R,2015-07-01,4.1
E,C11,R,2015-08-01,4.3
E,C11,R,2015-09-01,-3.5
E,C11,R,2015-10-01,-0.2
E,C11,R,2015-11-01,-8.1
E,C11,R,2015-12-01,-1.5
E,C11,R,2016-01-01,1.7
E,C11,R,2016-02-01,0
E,C11,R,2016-03-01,-1.2
E,C11,R,2016-04-01,-0.5
E,C11,R,2016-05-01,6.9
E,C11,R,2016-06-01,-2
E,C11,R,2016-07-01,-4.9
E,C11,R,2016-08-01,-6.9
E,C11,R,2016-09-01,7.7
E,C11,R,2016-10-01,0.2
E,C11,R,2016-11-01,6.8
E,C11,R,2016-12-01,-0.5
E,C11,R,2017-01-01,-2.9
E,C11,R,2017-02-01,-4.4
E,C11,R,2017-03-01,-4
E,C11,R,2017-04-01,-1.1
E,C11,R,2017-05-01,0.7
E,C11,R,2017-06-01,0.4
E,C11,R,2017-07-01,9.7
E,C11,R,2017-08-01,11.9
E,C11,R,2017-09-01,2
E,C11,R,2017-10-01,0.9
E,C11,R,2017-11-01,8.1
E,C11,R,2017-12-01,8.3
E,C11,R,2018-01-01,7.8
E,C11,R,2018-02-01,6.5
E,C11,R,2018-03-01,1.7
E,C11,R,2018-04-01,-1.8
E,C11,R,2018-05-01,-2.4
E,C11,R,2018-06-01,0.9
E,C11,R,2018-07-01,-7.6
E,C11,R,2018-08-01,-8.4
E,C11,R,2018-09-01,0
E,C11,R,2018-10-01,-3.1
E,C11,R,2018-11-01,-6.2
E,C11,R,2018-12-01,-4.9
E,C11,R,2019-01-01,0.4
E,C11,R,2019-02-01,4.8
E,C11,R,2019-03-01,8.6
E,C11,R,2019-04-01,10.5
E,C11,R,2019-05-01,-0.5
E,C11,R,2019-06-01,-0.9
E,C11,R,2019-07-01,0
E,C11,R,2019-08-01,0.3
E,C11,R,2019-09-01,-0.2
E,C11,R,2019-10-01,6.5
E,C11,R,2019-11-01,-4.1
E,C11,R,2019-12-01,7.7
E,C11,R,2020-01-01,-4.4
E,C11,R,2020-02-01,-5
E,C11,R,2020-03-01,-5.6
E,C11,R,2020-04-01,-24.9
E,C11,R,2020-05-01,-5.9
E,C11,R,2020-06-01,8.3
E,C11,R,2020-07-01,9.1
E,C11,R,2020-08-01,15.9
E,C11,R,2020-09-01,5.9
E,C11,R,2020-10-01,7
E,C11,R,2020-11-01,9.2
E,C11,R,2020-12-01,-6.7
E,C11,R,2021-01-01,-3
E,C11,R,2021-02-01,2.9
E,C11,R,2021-03-01,20.6
E,C11,R,2021-04-01,49.3
E,C11,R,2021-05-01,23
E,C11,R,2021-06-01,4.8
E,C11,R,2021-07-01,2.6
E,C11,R,2021-08-01,-6.8
E,C11,R,2021-09-01,-3.4
E,C11,R,2021-10-01,-5.4
E,C11,R,2021-11-01,0
E,C11,R,2021-12-01,4.2
E,C11,R,2022-01-01,5.4
E,C11,R,2022-02-01,6.6
E,C11,R,2022-03-01,-7
E,C11,R,2022-04-01,-9.8
E,C11,R,2022-05-01,4
E,C11,R,2022-06-01,-4.2
E,C11,R,2022-07-01,1.7
E,C11,R,2022-08-01,0.3
E,C11,R,2022-09-01,0.4
E,C11,R,2022-10-01,4.3
E,C11,R,2022-11-01,1.5
E,C11,R,2022-12-01,-1.3
E,C11,R,2023-01-01,3.9
E,C11,R,2023-02-01,-3.3
E,C11,R,2023-03-01,-6.2
E,C11,R,2023-04-01,-6
E,C11,R,2023-05-01,-16.6
E,C11,R,2023-06-01,-3.4
E,C11,R,2023-07-01,-8.7
E,C11,R,2023-08-01,-3.6
E,C11,R,2023-09-01,-1.9
E,C11,R,2023-10-01,-10
E,C11,R,2023-11-01,-3.4
E,C11,R,2023-12-01,-2.6
E,C11,R,2024-01-01,-7.7
E,C11,R,2024-02-01,-8.5
E,C11,R,2024-03-01,-6.9
E,C11,R,2024-04-01,0.4
E,C11,R,2024-05-01,-2
E,C11,R,2024-06-01,-2.7
E,C11,R,2024-07-01,-1.6
E,C11,R,2024-08-01,3.7
E,C11,R,2024-09-01,-4.3
E,C11,R,2024-10-01,-5.2
E,C11,R,2024-11-01,-4.1
E,C11,R,2024-12-01,-4.1
E,C11,R,2025-01-01,2.5
E,C11,R,2025-02-01,-3.4
E,C11,R,2025-03-01,4.5
E,C11,R,2025-04-01,-0.1
E,C11,R,2025-05-01,3.6
E,C11,R,2025-06-01,-3.9
E,C11,R,2025-07-01,-2.4
E,C11,R,2025-08-01,-5.2
E,C11,R,2025-09-01,-7.9
E,C11,R,2025-10-01,2
E,C11,R,2025-11-01,-8.7
E,C11,R,2025-12-01,-0.4
E,C11,R,2026-01-01,-1
E,C11,R,2026-02-01,0.9
E,C11,R,2026-03-01,-7.1
E,C11,R,2026-04-01,-10
E,C11,R,2026-05-01,-7
E,C11,R,2026-06-01,-2.1
E,C11,R,2026-07-01,0.5
E,C11,WMF,2012-01-01,137.372695712542
E,C11,WMF,2012-02-01,144.732454614166
E,C11,WMF,2012-03-01,147.98258207285602
E,C11,WMF,2012-04-01,148.603906211137
E,C11,WMF,2012-05-01,155.393868583185
E,C11,WMF,2012-06-01,147.168759793331
E,C11,WMF,2012-07-01,144.75457002469
E,C11,WMF,2012-08-01,146.35481623800501
E,C11,WMF,2012-09-01,151.79108359279502
E,C11,WMF,2012-10-01,147.77658239130398
E,C11,WMF,2012-11-01,148.52296901654898
E,C11,WMF,2012-12-01,147.48402857434698
E,C11,WMF,2013-01-01,160.801848952627
E,C11,WMF,2013-02-01,176.068425359557
E,C11,WMF,2013-03-01,154.327073384378
E,C11,WMF,2013-04-01,149.24537147217302
E,C11,WMF,2013-05-01,155.38730841543799
E,C11,WMF,2013-06-01,150.926464004058
E,C11,WMF,2013-07-01,161.07525631739398
E,C11,WMF,2013-08-01,163.448663679385
E,C11,WMF,2013-09-01,152.43302995435198
E,C11,WMF,2013-10-01,148.043761414907
E,C11,WMF,2013-11-01,152.377188844242
E,C11,WMF,2013-12-01,151.48316055902902
E,C11,WMF,2014-01-01,150.423691715872
E,C11,WMF,2014-02-01,149.88743440613402
E,C11,WMF,2014-03-01,152.314679123339
E,C11,WMF,2014-04-01,155.77740688150502
E,C11,WMF,2014-05-01,145.22677887391
E,C11,WMF,2014-06-01,157.15196231417502
E,C11,WMF,2014-07-01,152.052334441158
E,C11,WMF,2014-08-01,149.44504031051002
E,C11,WMF,2014-09-01,152.96291881064502
E,C11,WMF,2014-10-01,155.634306135261
E,C11,WMF,2014-11-01,162.288294279592
E,C11,WMF,2014-12-01,153.70223413843797
E,C11,WMF,2015-01-01,135.245129494652
E,C11,WMF,2015-02-01,144.453360403204
E,C11,WMF,2015-03-01,143.697237184252
E,C11,WMF,2015-04-01,142.38713375659498
E,C11,WMF,2015-05-01,138.181145698311
E,C11,WMF,2015-06-01,142.306601727439
E,C11,WMF,2015-07-01,151.004873447845
E,C11,WMF,2015-08-01,144.46920236702098
E,C11,WMF,2015-09-01,136.029562311325
E,C11,WMF,2015-10-01,142.171373204588
E,C11,WMF,2015-11-01,139.295594785394
E,C11,WMF,2015-12-01,141.13248483981602
E,C11,WMF,2016-01-01,143.32732294887398
E,C11,WMF,2016-02-01,147.543809950589
E,C11,WMF,2016-03-01,144.431997840804
E,C11,WMF,2016-04-01,144.637559829981
E,C11,WMF,2016-05-01,149.392109220939
E,C11,WMF,2016-06-01,144.385307506949
E,C11,WMF,2016-07-01,141.954102275857
E,C11,WMF,2016-08-01,136.7992295219
E,C11,WMF,2016-09-01,150.995526151704
E,C11,WMF,2016-10-01,147.893826793408
E,C11,WMF,2016-11-01,145.08842185248102
E,C11,WMF,2016-12-01,144.529258555075
E,C11,WMF,2017-01-01,142.92957708439098
E,C11,WMF,2017-02-01,141.839888634848
E,C11,WMF,2017-03-01,149.668239716149
E,C11,WMF,2017-04-01,149.538276582579
E,C11,WMF,2017-05-01,158.807614878507
E,C11,WMF,2017-06-01,143.839113762595
E,C11,WMF,2017-07-01,157.187242504089
E,C11,WMF,2017-08-01,164.03907046347697
E,C11,WMF,2017-09-01,163.05776763555602
E,C11,WMF,2017-10-01,156.82186627540202
E,C11,WMF,2017-11-01,168.464327663095
E,C11,WMF,2017-12-01,172.7098244567
E,C11,WMF,2018-01-01,166.855649694024
E,C11,WMF,2018-02-01,166.371608844489
E,C11,WMF,2018-03-01,161.589754767866
E,C11,WMF,2018-04-01,161.903867032065
E,C11,WMF,2018-05-01,163.257499435614
E,C11,WMF,2018-06-01,159.284157869139
E,C11,WMF,2018-07-01,156.548596145994
E,C11,WMF,2018-08-01,156.059864530003
E,C11,WMF,2018-09-01,161.913550696164
E,C11,WMF,2018-10-01,157.23526144697698
E,C11,WMF,2018-11-01,160.19793184084799
E,C11,WMF,2018-12-01,160.488679652651
E,C11,WMF,2019-01-01,170.41811475510698
E,C11,WMF,2019-02-01,171.678529016752
E,C11,WMF,2019-03-01,170.459560495176
E,C11,WMF,2019-04-01,170.947942017281
E,C11,WMF,2019-05-01,156.918645865158
E,C11,WMF,2019-06-01,161.993495490543
E,C11,WMF,2019-07-01,157.207201182474
E,C11,WMF,2019-08-01,155.62577996223803
E,C11,WMF,2019-09-01,159.267835088128
E,C11,WMF,2019-10-01,164.222278568573
E,C11,WMF,2019-11-01,159.704392259792
E,C11,WMF,2019-12-01,168.624906583252
E,C11,WMF,2020-01-01,157.140093966499
E,C11,WMF,2020-02-01,155.716158240628
E,C11,WMF,2020-03-01,149.20431743453
E,C11,WMF,2020-04-01,121.91962299391099
E,C11,WMF,2020-05-01,144.736042190483
E,C11,WMF,2020-06-01,170.290767203465
E,C11,WMF,2020-07-01,167.4034969456
E,C11,WMF,2020-08-01,188.845899441126
E,C11,WMF,2020-09-01,167.315707929154
E,C11,WMF,2020-10-01,172.85168027723802
E,C11,WMF,2020-11-01,170.429822498532
E,C11,WMF,2020-12-01,164.412051515374
E,C11,WMF,2021-01-01,152.451004983324
E,C11,WMF,2021-02-01,162.540140030594
E,C11,WMF,2021-03-01,195.534629980983
E,C11,WMF,2021-04-01,198.091165155837
E,C11,WMF,2021-05-01,191.930390222171
E,C11,WMF,2021-06-01,184.819714690208
E,C11,WMF,2021-07-01,185.168339555589
E,C11,WMF,2021-08-01,179.63144157847802
E,C11,WMF,2021-09-01,179.836108124234
E,C11,WMF,2021-10-01,174.160273491718
E,C11,WMF,2021-11-01,177.19821837740702
E,C11,WMF,2021-12-01,174.583929363394
E,C11,WMF,2022-01-01,175.844795027981
E,C11,WMF,2022-02-01,189.03328915636502
E,C11,WMF,2022-03-01,186.56222589617198
E,C11,WMF,2022-04-01,181.153659622233
E,C11,WMF,2022-05-01,196.549839016446
E,C11,WMF,2022-06-01,181.198798874063
E,C11,WMF,2022-07-01,187.242662853939
E,C11,WMF,2022-08-01,181.52660105240102
E,C11,WMF,2022-09-01,179.140193395495
E,C11,WMF,2022-10-01,182.656802456922
E,C11,WMF,2022-11-01,179.795002396891
E,C11,WMF,2022-12-01,186.909234768538
E,C11,WMF,2023-01-01,190.62785339067
E,C11,WMF,2023-02-01,184.493346279315
E,C11,WMF,2023-03-01,186.94232621615402
E,C11,WMF,2023-04-01,181.30155253756698
E,C11,WMF,2023-05-01,180.58874904086102
E,C11,WMF,2023-06-01,181.959110781737
E,C11,WMF,2023-07-01,176.873992788385
E,C11,WMF,2023-08-01,178.326002379334
E,C11,WMF,2023-09-01,183.171961816932
E,C11,WMF,2023-10-01,167.004509371575
E,C11,WMF,2023-11-01,179.60092554224698
E,C11,WMF,2023-12-01,184.95753603119502
E,C11,WMF,2024-01-01,167.1628609398
E,C11,WMF,2024-02-01,170.551442934026
E,C11,WMF,2024-03-01,167.22698957942
E,C11,WMF,2024-04-01,175.542241132758
E,C11,WMF,2024-05-01,169.48783808732
E,C11,WMF,2024-06-01,173.89067576664598
E,C11,WMF,2024-07-01,169.964651258654
E,C11,WMF,2024-08-01,176.09910762233298
E,C11,WMF,2024-09-01,168.104514550643
E,C11,WMF,2024-10-01,164.504169199031
E,C11,WMF,2024-11-01,172.331407265105
E,C11,WMF,2024-12-01,166.815274336916
E,C11,WMF,2025-01-01,171.721942607644
E,C11,WMF,2025-02-01,164.922676781454
E,C11,WMF,2025-03-01,177.801726192271
E,C11,WMF,2025-04-01,174.411835013482
E,C11,WMF,2025-05-01,173.548473459759
E,C11,WMF,2025-06-01,172.50368479052298
E,C11,WMF,2025-07-01,171.403546449705
E,C11,WMF,2025-08-01,169.244244121362
E,C11,WMF,2025-09-01,159.092147680021
E,C11,WMF,2025-10-01,167.244876354074
E,C11,WMF,2025-11-01,161.609078273863
E,C11,WMF,2025-12-01,177.716439370433
E,C11,WMF,2026-01-01,167.918554409407
E,C11,WMF,2026-02-01,169.008559539189
E,C11,WMF,2026-03-01,162.151707990793
E,C11,WMF,2026-04-01,154.443031477464
E,C11,WMF,2026-05-01,170.562588510595
E,C11,WMF,2026-06-01,167.141751860243
E,C11,WMF,2026-07-01,169.99859712735199
E,C12,R,2013-01-01,-14
E,C12,R,2013-02-01,-20.6
E,C12,R,2013-03-01,1.2
E,C12,R,2013-04-01,-3.8
E,C12,R,2013-05-01,-28
E,C12,R,2013-06-01,-24.4
E,C12,R,2013-07-01,-9.7
E,C12,R,2013-08-01,-16.3
E,C12,R,2013-09-01,-13.8
E,C12,R,2013-10-01,-5.7
E,C12,R,2013-11-01,-19.7
E,C12,R,2013-12-01,-16.9
E,C12,R,2014-01-01,12.9
E,C12,R,2014-02-01,14.5
E,C12,R,2014-03-01,-1.6
E,C12,R,2014-04-01,9.6
E,C12,R,2014-05-01,34.4
E,C12,R,2014-06-01,23.5
E,C12,R,2014-07-01,6.8
E,C12,R,2014-08-01,18.8
E,C12,R,2014-09-01,19.6
E,C12,R,2014-10-01,17.3
E,C12,R,2014-11-01,-0.1
E,C12,R,2014-12-01,40.3
E,C12,R,2015-01-01,15.8
E,C12,R,2015-02-01,4.3
E,C12,R,2015-03-01,-15.4
E,C12,R,2015-04-01,-4.7
E,C12,R,2015-05-01,-9.9
E,C12,R,2015-06-01,-10
E,C12,R,2015-07-01,-7.8
E,C12,R,2015-08-01,-18.4
E,C12,R,2015-09-01,-10.2
E,C12,R,2015-10-01,-11.5
E,C12,R,2015-11-01,1.4
E,C12,R,2015-12-01,-24.2
E,C12,R,2016-01-01,-17.3
E,C12,R,2016-02-01,-15.2
E,C12,R,2016-03-01,-2.7
E,C12,R,2016-04-01,-14.1
E,C12,R,2016-05-01,1.2
E,C12,R,2016-06-01,-3.4
E,C12,R,2016-07-01,3.4
E,C12,R,2016-08-01,0.9
E,C12,R,2016-09-01,2.3
E,C12,R,2016-10-01,-1.1
E,C12,R,2016-11-01,-0.1
E,C12,R,2016-12-01,-1.6
E,C12,R,2017-01-01,-13.7
E,C12,R,2017-02-01,3.4
E,C12,R,2017-03-01,15.9
E,C12,R,2017-04-01,8.6
E,C12,R,2017-05-01,4
E,C12,R,2017-06-01,10.2
E,C12,R,2017-07-01,-14.8
E,C12,R,2017-08-01,13
E,C12,R,2017-09-01,-3.4
E,C12,R,2017-10-01,2.7
E,C12,R,2017-11-01,23.6
E,C12,R,2017-12-01,21.1
E,C12,R,2018-01-01,30.8
E,C12,R,2018-02-01,7.7
E,C12,R,2018-03-01,1.1
E,C12,R,2018-04-01,2.5
E,C12,R,2018-05-01,0.5
E,C12,R,2018-06-01,-2.6
E,C12,R,2018-07-01,17.4
E,C12,R,2018-08-01,-6.5
E,C12,R,2018-09-01,7.9
E,C12,R,2018-10-01,4
E,C12,R,2018-11-01,-23.5
E,C12,R,2018-12-01,-18.4
E,C12,R,2019-01-01,-8.5
E,C12,R,2019-02-01,1.3
E,C12,R,2019-03-01,-4.6
E,C12,R,2019-04-01,4.9
E,C12,R,2019-05-01,-8.1
E,C12,R,2019-06-01,-0.7
E,C12,R,2019-07-01,-0.6
E,C12,R,2019-08-01,18.4
E,C12,R,2019-09-01,-8.7
E,C12,R,2019-10-01,-4.8
E,C12,R,2019-11-01,16.4
E,C12,R,2019-12-01,-2.3
E,C12,R,2020-01-01,0.5
E,C12,R,2020-02-01,-9.9
E,C12,R,2020-03-01,6.9
E,C12,R,2020-04-01,-6.9
E,C12,R,2020-05-01,3.8
E,C12,R,2020-06-01,-7
E,C12,R,2020-07-01,-5.4
E,C12,R,2020-08-01,-13.3
E,C12,R,2020-09-01,6.8
E,C12,R,2020-10-01,3.4
E,C12,R,2020-11-01,-7.6
E,C12,R,2020-12-01,20.8
E,C12,R,2021-01-01,6.3
E,C12,R,2021-02-01,10.2
E,C12,R,2021-03-01,-3.8
E,C12,R,2021-04-01,8.1
E,C12,R,2021-05-01,4.1
E,C12,R,2021-06-01,-0.8
E,C12,R,2021-07-01,-4.7
E,C12,R,2021-08-01,-11.2
E,C12,R,2021-09-01,-8.8
E,C12,R,2021-10-01,-4
E,C12,R,2021-11-01,3.4
E,C12,R,2021-12-01,-19.2
E,C12,R,2022-01-01,0.4
E,C12,R,2022-02-01,-0.1
E,C12,R,2022-03-01,1.5
E,C12,R,2022-04-01,3.2
E,C12,R,2022-05-01,3.5
E,C12,R,2022-06-01,12.3
E,C12,R,2022-07-01,22.6
E,C12,R,2022-08-01,20.8
E,C12,R,2022-09-01,16.1
E,C12,R,2022-10-01,2.9
E,C12,R,2022-11-01,-1.4
E,C12,R,2022-12-01,21.7
E,C12,R,2023-01-01,-4.7
E,C12,R,2023-02-01,-0.7
E,C12,R,2023-03-01,-6.4
E,C12,R,2023-04-01,-10.7
E,C12,R,2023-05-01,1.9
E,C12,R,2023-06-01,0.2
E,C12,R,2023-07-01,-4.4
E,C12,R,2023-08-01,3.3
E,C12,R,2023-09-01,-13.4
E,C12,R,2023-10-01,0.4
E,C12,R,2023-11-01,9.7
E,C12,R,2023-12-01,-7.7
E,C12,R,2024-01-01,-8.1
E,C12,R,2024-02-01,3.3
E,C12,R,2024-03-01,18.7
E,C12,R,2024-04-01,17.8
E,C12,R,2024-05-01,4.4
E,C12,R,2024-06-01,15.5
E,C12,R,2024-07-01,16.3
E,C12,R,2024-08-01,5.3
E,C12,R,2024-09-01,27.1
E,C12,R,2024-10-01,30.8
E,C12,R,2024-11-01,10.6
E,C12,R,2024-12-01,52.3
E,C12,R,2025-01-01,68.7
E,C12,R,2025-02-01,18.9
E,C12,R,2025-03-01,9.7
E,C12,R,2025-04-01,-12.7
E,C12,R,2025-05-01,1.9
E,C12,R,2025-06-01,4.1
E,C12,R,2025-07-01,-6.8
E,C12,R,2025-08-01,1.7
E,C12,R,2025-09-01,6.1
E,C12,R,2025-10-01,-18
E,C12,R,2025-11-01,5
E,C12,R,2025-12-01,-26
E,C12,R,2026-01-01,-25.6
E,C12,R,2026-02-01,-7.2
E,C12,R,2026-03-01,12.2
E,C12,R,2026-04-01,20.9
E,C12,R,2026-05-01,-4.7
E,C12,R,2026-06-01,-5.9
E,C12,R,2026-07-01,8.3
E,C12,WMF,2012-01-01,22.6293038200724
E,C12,WMF,2012-02-01,25.283354739310997
E,C12,WMF,2012-03-01,23.9555245125463
E,C12,WMF,2012-04-01,23.6457179130572
E,C12,WMF,2012-05-01,24.6897222259331
E,C12,WMF,2012-06-01,25.6588695216667
E,C12,WMF,2012-07-01,24.5169634199449
E,C12,WMF,2012-08-01,24.526122723921002
E,C12,WMF,2012-09-01,23.1212299394162
E,C12,WMF,2012-10-01,22.324085794296803
E,C12,WMF,2012-11-01,24.3714721772983
E,C12,WMF,2012-12-01,23.5341752989588
E,C12,WMF,2013-01-01,19.9685825546579
E,C12,WMF,2013-02-01,20.3154480144398
E,C12,WMF,2013-03-01,24.8210059720203
E,C12,WMF,2013-04-01,23.7459570695116
E,C12,WMF,2013-05-01,18.584792922177797
E,C12,WMF,2013-06-01,20.1850048224874
E,C12,WMF,2013-07-01,22.0405374581225
E,C12,WMF,2013-08-01,21.783214964669998
E,C12,WMF,2013-09-01,20.9925026863042
E,C12,WMF,2013-10-01,21.1708672022551
E,C12,WMF,2013-11-01,20.7550696349307
E,C12,WMF,2013-12-01,20.8190072467262
E,C12,WMF,2014-01-01,22.284424252599198
E,C12,WMF,2014-02-01,24.1648651649182
E,C12,WMF,2014-03-01,24.264021393839798
E,C12,WMF,2014-04-01,24.9237533036398
E,C12,WMF,2014-05-01,23.8515685581706
E,C12,WMF,2014-06-01,24.232861806521598
E,C12,WMF,2014-07-01,23.5697940057863
E,C12,WMF,2014-08-01,25.4583314815271
E,C12,WMF,2014-09-01,23.5743623316458
E,C12,WMF,2014-10-01,24.2728375904469
E,C12,WMF,2014-11-01,20.0346520012871
E,C12,WMF,2014-12-01,28.1817775825562
E,C12,WMF,2015-01-01,24.4248042970629
E,C12,WMF,2015-02-01,22.485225672721402
E,C12,WMF,2015-03-01,19.489306306195402
E,C12,WMF,2015-04-01,21.3124544882272
E,C12,WMF,2015-05-01,19.916000590970597
E,C12,WMF,2015-06-01,20.5059074903381
E,C12,WMF,2015-07-01,20.1454107249013
E,C12,WMF,2015-08-01,18.9590921603939
E,C12,WMF,2015-09-01,21.4740530076986
E,C12,WMF,2015-10-01,21.139019449667
E,C12,WMF,2015-11-01,20.6398293601185
E,C12,WMF,2015-12-01,20.6104615791207
E,C12,WMF,2016-01-01,20.904829498388
E,C12,WMF,2016-02-01,20.675986682599103
E,C12,WMF,2016-03-01,20.3868971106294
E,C12,WMF,2016-04-01,20.6175101722386
E,C12,WMF,2016-05-01,22.9723722653934
E,C12,WMF,2016-06-01,21.4852553996761
E,C12,WMF,2016-07-01,22.8072374705305
E,C12,WMF,2016-08-01,21.2705010830035
E,C12,WMF,2016-09-01,23.215534539755502
E,C12,WMF,2016-10-01,22.4033310831438
E,C12,WMF,2016-11-01,21.3617064316519
E,C12,WMF,2016-12-01,21.872229419157502
E,C12,WMF,2017-01-01,18.366490063264298
E,C12,WMF,2017-02-01,21.7712134100258
E,C12,WMF,2017-03-01,22.9941814416274
E,C12,WMF,2017-04-01,21.6386613052283
E,C12,WMF,2017-05-01,22.463771025297998
E,C12,WMF,2017-06-01,22.5479612961091
E,C12,WMF,2017-07-01,18.457721978286003
E,C12,WMF,2017-08-01,22.7392801073877
E,C12,WMF,2017-09-01,20.7763472768556
E,C12,WMF,2017-10-01,20.9538947551762
E,C12,WMF,2017-11-01,24.2396061607179
E,C12,WMF,2017-12-01,24.180647778418802
E,C12,WMF,2018-01-01,22.5310994359653
E,C12,WMF,2018-02-01,22.0407261551249
E,C12,WMF,2018-03-01,22.502083958299
E,C12,WMF,2018-04-01,21.5204785498704
E,C12,WMF,2018-05-01,22.3624317906967
E,C12,WMF,2018-06-01,22.431342083600303
E,C12,WMF,2018-07-01,22.5111251715323
E,C12,WMF,2018-08-01,21.075768746803803
E,C12,WMF,2018-09-01,22.2136139190339
E,C12,WMF,2018-10-01,22.5648040839337
E,C12,WMF,2018-11-01,19.0052131992835
E,C12,WMF,2018-12-01,20.8265411990965
E,C12,WMF,2019-01-01,21.385760915072797
E,C12,WMF,2019-02-01,23.0783263547705
E,C12,WMF,2019-03-01,21.1353186659782
E,C12,WMF,2019-04-01,23.0038251286733
E,C12,WMF,2019-05-01,21.062007539151
E,C12,WMF,2019-06-01,21.899721915094
E,C12,WMF,2019-07-01,21.299307580527397
E,C12,WMF,2019-08-01,25.8471414958407
E,C12,WMF,2019-09-01,21.5250079907266
E,C12,WMF,2019-10-01,21.8309899665813
E,C12,WMF,2019-11-01,22.659472755611
E,C12,WMF,2019-12-01,21.5681134395426
E,C12,WMF,2020-01-01,21.9581770431302
E,C12,WMF,2020-02-01,20.664172598475098
E,C12,WMF,2020-03-01,22.866467085918003
E,C12,WMF,2020-04-01,20.9247302179765
E,C12,WMF,2020-05-01,20.4642977520237
E,C12,WMF,2020-06-01,21.1661656300418
E,C12,WMF,2020-07-01,20.5210433388162
E,C12,WMF,2020-08-01,21.9643941240832
E,C12,WMF,2020-09-01,22.063163480081
E,C12,WMF,2020-10-01,22.2571821152889
E,C12,WMF,2020-11-01,20.9415214709455
E,C12,WMF,2020-12-01,21.582744355425802
E,C12,WMF,2021-01-01,21.9290818564644
E,C12,WMF,2021-02-01,22.2235170397305
E,C12,WMF,2021-03-01,22.508612059106902
E,C12,WMF,2021-04-01,22.881151527787498
E,C12,WMF,2021-05-01,22.4523529290164
E,C12,WMF,2021-06-01,19.955781238835403
E,C12,WMF,2021-07-01,19.7515670633022
E,C12,WMF,2021-08-01,19.125998620439702
E,C12,WMF,2021-09-01,20.3719058095381
E,C12,WMF,2021-10-01,21.5020299836777
E,C12,WMF,2021-11-01,21.1629768451407
E,C12,WMF,2021-12-01,20.2421066234104
E,C12,WMF,2022-01-01,22.2050194672798
E,C12,WMF,2022-02-01,21.7995475931419
E,C12,WMF,2022-03-01,21.2168802216975
E,C12,WMF,2022-04-01,22.5643380781969
E,C12,WMF,2022-05-01,22.382300832553902
E,C12,WMF,2022-06-01,21.8193267362208
E,C12,WMF,2022-07-01,23.4409519323682
E,C12,WMF,2022-08-01,22.417584112495998
E,C12,WMF,2022-09-01,22.706851167349498
E,C12,WMF,2022-10-01,20.947509733684498
E,C12,WMF,2022-11-01,21.0343610821426
E,C12,WMF,2022-12-01,23.6419405163017
E,C12,WMF,2023-01-01,22.0496834982997
E,C12,WMF,2023-02-01,22.5729728959574
E,C12,WMF,2023-03-01,21.111635650206498
E,C12,WMF,2023-04-01,20.957495208245003
E,C12,WMF,2023-05-01,23.015516049789998
E,C12,WMF,2023-06-01,22.6491048537815
E,C12,WMF,2023-07-01,22.5862445863646
E,C12,WMF,2023-08-01,23.8324753765249
E,C12,WMF,2023-09-01,21.0053396600356
E,C12,WMF,2023-10-01,21.226659753467
E,C12,WMF,2023-11-01,23.4453262800191
E,C12,WMF,2023-12-01,21.8915714464551
E,C12,WMF,2024-01-01,22.0080357967715
E,C12,WMF,2024-02-01,24.903356699966402
E,C12,WMF,2024-03-01,28.946520517926302
E,C12,WMF,2024-04-01,28.661248966705898
E,C12,WMF,2024-05-01,28.7358898656016
E,C12,WMF,2024-06-01,31.205333722799597
E,C12,WMF,2024-07-01,32.1265334697778
E,C12,WMF,2024-08-01,30.658849060835202
E,C12,WMF,2024-09-01,32.5319542004844
E,C12,WMF,2024-10-01,35.0873175579349
E,C12,WMF,2024-11-01,32.5446178094823
E,C12,WMF,2024-12-01,39.5700612873787
E,C12,WMF,2025-01-01,39.2082453494266
E,C12,WMF,2025-02-01,32.3401433874247
E,C12,WMF,2025-03-01,30.998275607554202
E,C12,WMF,2025-04-01,25.3093302109553
E,C12,WMF,2025-05-01,29.214942545507
E,C12,WMF,2025-06-01,31.9070395430686
E,C12,WMF,2025-07-01,29.233444122661503
E,C12,WMF,2025-08-01,30.702808788341702
E,C12,WMF,2025-09-01,34.1013069285854
E,C12,WMF,2025-10-01,29.0084568001672
E,C12,WMF,2025-11-01,30.6930508242908
E,C12,WMF,2025-12-01,29.141028577962302
E,C12,WMF,2026-01-01,27.7571184291239
E,C12,WMF,2026-02-01,29.1748104703033
E,C12,WMF,2026-03-01,33.188358825067
E,C12,WMF,2026-04-01,29.830118621748397
E,C12,WMF,2026-05-01,26.0091580040453
E,C12,WMF,2026-06-01,28.502539606191
E,C12,WMF,2026-07-01,29.730206326608098
E,C13,R,2013-01-01,2.6
E,C13,R,2013-02-01,2.9
E,C13,R,2013-03-01,5.4
E,C13,R,2013-04-01,4.6
E,C13,R,2013-05-01,4.3
E,C13,R,2013-06-01,1.2
E,C13,R,2013-07-01,4.3
E,C13,R,2013-08-01,1.8
E,C13,R,2013-09-01,6.4
E,C13,R,2013-10-01,4.2
E,C13,R,2013-11-01,3.9
E,C13,R,2013-12-01,8
E,C13,R,2014-01-01,5.5
E,C13,R,2014-02-01,7.5
E,C13,R,2014-03-01,7.4
E,C13,R,2014-04-01,5.7
E,C13,R,2014-05-01,6.9
E,C13,R,2014-06-01,12.2
E,C13,R,2014-07-01,7.6
E,C13,R,2014-08-01,8.5
E,C13,R,2014-09-01,6.4
E,C13,R,2014-10-01,6.1
E,C13,R,2014-11-01,3
E,C13,R,2014-12-01,-1.9
E,C13,R,2015-01-01,0.8
E,C13,R,2015-02-01,-4.9
E,C13,R,2015-03-01,-4.3
E,C13,R,2015-04-01,-9.3
E,C13,R,2015-05-01,-12.4
E,C13,R,2015-06-01,-7.2
E,C13,R,2015-07-01,-9.3
E,C13,R,2015-08-01,-8.4
E,C13,R,2015-09-01,-5.7
E,C13,R,2015-10-01,-5.2
E,C13,R,2015-11-01,-1.2
E,C13,R,2015-12-01,-5.4
E,C13,R,2016-01-01,-1.4
E,C13,R,2016-02-01,1.8
E,C13,R,2016-03-01,-0.9
E,C13,R,2016-04-01,4.9
E,C13,R,2016-05-01,8.7
E,C13,R,2016-06-01,-0.3
E,C13,R,2016-07-01,7.9
E,C13,R,2016-08-01,2.6
E,C13,R,2016-09-01,-4.1
E,C13,R,2016-10-01,-0.8
E,C13,R,2016-11-01,-4.3
E,C13,R,2016-12-01,8.4
E,C13,R,2017-01-01,-6.4
E,C13,R,2017-02-01,-3.1
E,C13,R,2017-03-01,0.1
E,C13,R,2017-04-01,1
E,C13,R,2017-05-01,0.3
E,C13,R,2017-06-01,-0.4
E,C13,R,2017-07-01,-2.9
E,C13,R,2017-08-01,5.2
E,C13,R,2017-09-01,10.5
E,C13,R,2017-10-01,4.2
E,C13,R,2017-11-01,11.7
E,C13,R,2017-12-01,6.1
E,C13,R,2018-01-01,9.3
E,C13,R,2018-02-01,10.2
E,C13,R,2018-03-01,6.4
E,C13,R,2018-04-01,3.1
E,C13,R,2018-05-01,3.1
E,C13,R,2018-06-01,6
E,C13,R,2018-07-01,0.3
E,C13,R,2018-08-01,-0.9
E,C13,R,2018-09-01,-3.9
E,C13,R,2018-10-01,-0.8
E,C13,R,2018-11-01,-6.6
E,C13,R,2018-12-01,-6.1
E,C13,R,2019-01-01,-0.2
E,C13,R,2019-02-01,-4.9
E,C13,R,2019-03-01,-2.3
E,C13,R,2019-04-01,-0.5
E,C13,R,2019-05-01,-3.1
E,C13,R,2019-06-01,-2.4
E,C13,R,2019-07-01,2.7
E,C13,R,2019-08-01,-3.3
E,C13,R,2019-09-01,-2.8
E,C13,R,2019-10-01,0.5
E,C13,R,2019-11-01,-1.5
E,C13,R,2019-12-01,-5.6
E,C13,R,2020-01-01,-0.8
E,C13,R,2020-02-01,-1.6
E,C13,R,2020-03-01,-3.3
E,C13,R,2020-04-01,66.8
E,C13,R,2020-05-01,133.4
E,C13,R,2020-06-01,55.3
E,C13,R,2020-07-01,37.3
E,C13,R,2020-08-01,16.1
E,C13,R,2020-09-01,16.9
E,C13,R,2020-10-01,11.1
E,C13,R,2020-11-01,23.7
E,C13,R,2020-12-01,14
E,C13,R,2021-01-01,11.2
E,C13,R,2021-02-01,17
E,C13,R,2021-03-01,11
E,C13,R,2021-04-01,-36.5
E,C13,R,2021-05-01,-53.4
E,C13,R,2021-06-01,-33.3
E,C13,R,2021-07-01,-27.6
E,C13,R,2021-08-01,-6.2
E,C13,R,2021-09-01,-5.2
E,C13,R,2021-10-01,-5.6
E,C13,R,2021-11-01,-11.9
E,C13,R,2021-12-01,-0.9
E,C13,R,2022-01-01,-7
E,C13,R,2022-02-01,-5.5
E,C13,R,2022-03-01,-2.8
E,C13,R,2022-04-01,-2
E,C13,R,2022-05-01,0.4
E,C13,R,2022-06-01,1.9
E,C13,R,2022-07-01,1.6
E,C13,R,2022-08-01,-4.9
E,C13,R,2022-09-01,-2.4
E,C13,R,2022-10-01,-1
E,C13,R,2022-11-01,-3
E,C13,R,2022-12-01,-10.9
E,C13,R,2023-01-01,-3.8
E,C13,R,2023-02-01,-10.9
E,C13,R,2023-03-01,-7.4
E,C13,R,2023-04-01,-11.2
E,C13,R,2023-05-01,-13.6
E,C13,R,2023-06-01,-13.4
E,C13,R,2023-07-01,-12.7
E,C13,R,2023-08-01,-9.2
E,C13,R,2023-09-01,-15.4
E,C13,R,2023-10-01,-16.7
E,C13,R,2023-11-01,-15.6
E,C13,R,2023-12-01,-7.5
E,C13,R,2024-01-01,-14.3
E,C13,R,2024-02-01,-5.8
E,C13,R,2024-03-01,-6.2
E,C13,R,2024-04-01,6.3
E,C13,R,2024-05-01,-0.7
E,C13,R,2024-06-01,0.7
E,C13,R,2024-07-01,4.3
E,C13,R,2024-08-01,-4.9
E,C13,R,2024-09-01,2.3
E,C13,R,2024-10-01,15
E,C13,R,2024-11-01,5.4
E,C13,R,2024-12-01,4.9
E,C13,R,2025-01-01,11.3
E,C13,R,2025-02-01,0.9
E,C13,R,2025-03-01,2.8
E,C13,R,2025-04-01,-4.5
E,C13,R,2025-05-01,-0.1
E,C13,R,2025-06-01,1.9
E,C13,R,2025-07-01,3.8
E,C13,R,2025-08-01,8.4
E,C13,R,2025-09-01,4.6
E,C13,R,2025-10-01,-7.3
E,C13,R,2025-11-01,3.6
E,C13,R,2025-12-01,2.3
E,C13,R,2026-01-01,-2.6
E,C13,R,2026-02-01,0.1
E,C13,R,2026-03-01,-2.3
E,C13,R,2026-04-01,-2.3
E,C13,R,2026-05-01,1.6
E,C13,R,2026-06-01,-1.1
E,C13,R,2026-07-01,-4.6
E,C13,WMF,2012-01-01,156.10224828587099
E,C13,WMF,2012-02-01,155.619425043887
E,C13,WMF,2012-03-01,153.98323157765202
E,C13,WMF,2012-04-01,161.534576340174
E,C13,WMF,2012-05-01,158.58193198694102
E,C13,WMF,2012-06-01,157.061086192972
E,C13,WMF,2012-07-01,158.63740790941102
E,C13,WMF,2012-08-01,159.765482584776
E,C13,WMF,2012-09-01,155.70900331732602
E,C13,WMF,2012-10-01,157.84192633562202
E,C13,WMF,2012-11-01,157.36296923761
E,C13,WMF,2012-12-01,154.50460810965203
E,C13,WMF,2013-01-01,162.342549761913
E,C13,WMF,2013-02-01,161.243292158097
E,C13,WMF,2013-03-01,163.665117503683
E,C13,WMF,2013-04-01,165.519135431696
E,C13,WMF,2013-05-01,165.00692534215798
E,C13,WMF,2013-06-01,161.65587343558897
E,C13,WMF,2013-07-01,165.521469119016
E,C13,WMF,2013-08-01,159.880076962066
E,C13,WMF,2013-09-01,165.059001514344
E,C13,WMF,2013-10-01,162.196800046462
E,C13,WMF,2013-11-01,162.576918771181
E,C13,WMF,2013-12-01,169.238324214741
E,C13,WMF,2014-01-01,170.710270655794
E,C13,WMF,2014-02-01,171.206956222767
E,C13,WMF,2014-03-01,172.469464336181
E,C13,WMF,2014-04-01,171.905746025091
E,C13,WMF,2014-05-01,173.594193228868
E,C13,WMF,2014-06-01,175.263107819439
E,C13,WMF,2014-07-01,172.11213987788298
E,C13,WMF,2014-08-01,170.257980902648
E,C13,WMF,2014-09-01,172.010612091821
E,C13,WMF,2014-10-01,171.45499374626698
E,C13,WMF,2014-11-01,168.645590986771
E,C13,WMF,2014-12-01,162.18308471759
E,C13,WMF,2015-01-01,158.313544615621
E,C13,WMF,2015-02-01,148.75056312261
E,C13,WMF,2015-03-01,154.183032609764
E,C13,WMF,2015-04-01,145.41904166429998
E,C13,WMF,2015-05-01,146.597110736091
E,C13,WMF,2015-06-01,150.685638726702
E,C13,WMF,2015-07-01,147.857102454687
E,C13,WMF,2015-08-01,150.449639734957
E,C13,WMF,2015-09-01,152.089421262358
E,C13,WMF,2015-10-01,152.985633519691
E,C13,WMF,2015-11-01,155.18725190427898
E,C13,WMF,2015-12-01,145.011147495861
E,C13,WMF,2016-01-01,153.986527904078
E,C13,WMF,2016-02-01,153.57045552299402
E,C13,WMF,2016-03-01,152.102550755683
E,C13,WMF,2016-04-01,153.32793439395698
E,C13,WMF,2016-05-01,154.07338059223198
E,C13,WMF,2016-06-01,152.199241446672
E,C13,WMF,2016-07-01,160.19963633139102
E,C13,WMF,2016-08-01,153.074689974174
E,C13,WMF,2016-09-01,148.95966893472902
E,C13,WMF,2016-10-01,150.138204861401
E,C13,WMF,2016-11-01,146.666356187297
E,C13,WMF,2016-12-01,155.141821172739
E,C13,WMF,2017-01-01,145.659218751517
E,C13,WMF,2017-02-01,147.74497950548198
E,C13,WMF,2017-03-01,150.263326467252
E,C13,WMF,2017-04-01,152.293656857145
E,C13,WMF,2017-05-01,153.341079273067
E,C13,WMF,2017-06-01,151.312179533081
E,C13,WMF,2017-07-01,156.248167968846
E,C13,WMF,2017-08-01,161.04736235063498
E,C13,WMF,2017-09-01,164.508539804806
E,C13,WMF,2017-10-01,160.05382119458602
E,C13,WMF,2017-11-01,166.152350687258
E,C13,WMF,2017-12-01,168.750474275769
E,C13,WMF,2018-01-01,162.951264925095
E,C13,WMF,2018-02-01,167.499577420051
E,C13,WMF,2018-03-01,164.23020001651798
E,C13,WMF,2018-04-01,165.005727452994
E,C13,WMF,2018-05-01,165.93185764894199
E,C13,WMF,2018-06-01,167.412424695952
E,C13,WMF,2018-07-01,164.49837854146298
E,C13,WMF,2018-08-01,165.399787526996
E,C13,WMF,2018-09-01,160.242448870058
E,C13,WMF,2018-10-01,162.815813937346
E,C13,WMF,2018-11-01,161.301974826655
E,C13,WMF,2018-12-01,161.85537511684902
E,C13,WMF,2019-01-01,161.38831075709598
E,C13,WMF,2019-02-01,161.419897255578
E,C13,WMF,2019-03-01,162.57376503929498
E,C13,WMF,2019-04-01,162.791517930802
E,C13,WMF,2019-05-01,159.21993791229298
E,C13,WMF,2019-06-01,161.099169205894
E,C13,WMF,2019-07-01,165.16151316339202
E,C13,WMF,2019-08-01,157.787539278927
E,C13,WMF,2019-09-01,153.698781185993
E,C13,WMF,2019-10-01,159.56774384782003
E,C13,WMF,2019-11-01,158.167919043611
E,C13,WMF,2019-12-01,150.724139684733
E,C13,WMF,2020-01-01,159.15321841988
E,C13,WMF,2020-02-01,155.036842458763
E,C13,WMF,2020-03-01,153.133823952396
E,C13,WMF,2020-04-01,283.62866234329897
E,C13,WMF,2020-05-01,398.74132354553996
E,C13,WMF,2020-06-01,263.517143941501
E,C13,WMF,2020-07-01,242.91687126278902
E,C13,WMF,2020-08-01,199.543761756975
E,C13,WMF,2020-09-01,193.061745261663
E,C13,WMF,2020-10-01,191.460194733324
E,C13,WMF,2020-11-01,213.930202571103
E,C13,WMF,2020-12-01,187.182342061538
E,C13,WMF,2021-01-01,185.349163236702
E,C13,WMF,2021-02-01,195.222571671763
E,C13,WMF,2021-03-01,182.01508017210298
E,C13,WMF,2021-04-01,180.093062659782
E,C13,WMF,2021-05-01,174.24708634230802
E,C13,WMF,2021-06-01,167.060953187158
E,C13,WMF,2021-07-01,165.75354559896698
E,C13,WMF,2021-08-01,167.547034779207
E,C13,WMF,2021-09-01,174.13390794040998
E,C13,WMF,2021-10-01,172.007553829246
E,C13,WMF,2021-11-01,170.77993248939202
E,C13,WMF,2021-12-01,167.46319338533198
E,C13,WMF,2022-01-01,170.45171967490398
E,C13,WMF,2022-02-01,179.811985364097
E,C13,WMF,2022-03-01,169.433292445717
E,C13,WMF,2022-04-01,171.677058784577
E,C13,WMF,2022-05-01,178.594064614116
E,C13,WMF,2022-06-01,178.983172848133
E,C13,WMF,2022-07-01,176.17637279327
E,C13,WMF,2022-08-01,174.999604178212
E,C13,WMF,2022-09-01,176.48406624023
E,C13,WMF,2022-10-01,175.340324483786
E,C13,WMF,2022-11-01,174.200925133869
E,C13,WMF,2022-12-01,171.35641010709
E,C13,WMF,2023-01-01,170.783652655109
E,C13,WMF,2023-02-01,169.533159288911
E,C13,WMF,2023-03-01,168.62209714055498
E,C13,WMF,2023-04-01,161.44525988883902
E,C13,WMF,2023-05-01,161.004803183048
E,C13,WMF,2023-06-01,158.42935290685702
E,C13,WMF,2023-07-01,156.810363270692
E,C13,WMF,2023-08-01,158.213122014484
E,C13,WMF,2023-09-01,152.758316538755
E,C13,WMF,2023-10-01,148.526509356782
E,C13,WMF,2023-11-01,149.25318391355898
E,C13,WMF,2023-12-01,152.655591233423
E,C13,WMF,2024-01-01,139.569862626073
E,C13,WMF,2024-02-01,152.06462397488298
E,C13,WMF,2024-03-01,151.308477973127
E,C13,WMF,2024-04-01,160.216198582762
E,C13,WMF,2024-05-01,151.507999337302
E,C13,WMF,2024-06-01,151.997478827749
E,C13,WMF,2024-07-01,152.865201384518
E,C13,WMF,2024-08-01,148.737020809152
E,C13,WMF,2024-09-01,148.938750395758
E,C13,WMF,2024-10-01,159.678975312738
E,C13,WMF,2024-11-01,149.764219745276
E,C13,WMF,2024-12-01,152.810223974409
E,C13,WMF,2025-01-01,154.76390970629998
E,C13,WMF,2025-02-01,150.490160102492
E,C13,WMF,2025-03-01,152.631747227392
E,C13,WMF,2025-04-01,153.56461734833402
E,C13,WMF,2025-05-01,148.823577661187
E,C13,WMF,2025-06-01,152.756269156055
E,C13,WMF,2025-07-01,155.28288454502
E,C13,WMF,2025-08-01,155.21846934739
E,C13,WMF,2025-09-01,152.802398968113
E,C13,WMF,2025-10-01,150.91740916299702
E,C13,WMF,2025-11-01,155.264322245804
E,C13,WMF,2025-12-01,150.600069273606
E,C13,WMF,2026-01-01,147.56900938644202
E,C13,WMF,2026-02-01,146.67089010354502
E,C13,WMF,2026-03-01,146.442790647462
E,C13,WMF,2026-04-01,147.468351949758
E,C13,WMF,2026-05-01,149.803166764802
E,C13,WMF,2026-06-01,149.85714419979598
E,C13,WMF,2026-07-01,149.554218365527
E,C14,R,2013-01-01,-4.6
E,C14,R,2013-02-01,-7.1
E,C14,R,2013-03-01,-7.9
E,C14,R,2013-04-01,-9.6
E,C14,R,2013-05-01,-4.3
E,C14,R,2013-06-01,-6.4
E,C14,R,2013-07-01,-11.4
E,C14,R,2013-08-01,3.1
E,C14,R,2013-09-01,9.6
E,C14,R,2013-10-01,3.7
E,C14,R,2013-11-01,0.8
E,C14,R,2013-12-01,-1.4
E,C14,R,2014-01-01,-1.5
E,C14,R,2014-02-01,3.5
E,C14,R,2014-03-01,0.9
E,C14,R,2014-04-01,4.9
E,C14,R,2014-05-01,0.5
E,C14,R,2014-06-01,4.1
E,C14,R,2014-07-01,7.4
E,C14,R,2014-08-01,3.9
E,C14,R,2014-09-01,-1.6
E,C14,R,2014-10-01,-0.6
E,C14,R,2014-11-01,-0.9
E,C14,R,2014-12-01,0.3
E,C14,R,2015-01-01,3.8
E,C14,R,2015-02-01,-2
E,C14,R,2015-03-01,1.5
E,C14,R,2015-04-01,-1.6
E,C14,R,2015-05-01,1.7
E,C14,R,2015-06-01,-3.2
E,C14,R,2015-07-01,-1.1
E,C14,R,2015-08-01,-4.1
E,C14,R,2015-09-01,-6.2
E,C14,R,2015-10-01,-0.2
E,C14,R,2015-11-01,1.6
E,C14,R,2015-12-01,-2.3
E,C14,R,2016-01-01,-4.2
E,C14,R,2016-02-01,1.4
E,C14,R,2016-03-01,0.6
E,C14,R,2016-04-01,1
E,C14,R,2016-05-01,3.2
E,C14,R,2016-06-01,3.9
E,C14,R,2016-07-01,-0.2
E,C14,R,2016-08-01,5.4
E,C14,R,2016-09-01,3.3
E,C14,R,2016-10-01,8.7
E,C14,R,2016-11-01,-1
E,C14,R,2016-12-01,8.6
E,C14,R,2017-01-01,2.1
E,C14,R,2017-02-01,3.2
E,C14,R,2017-03-01,5.8
E,C14,R,2017-04-01,4.5
E,C14,R,2017-05-01,-0.3
E,C14,R,2017-06-01,4.9
E,C14,R,2017-07-01,3.8
E,C14,R,2017-08-01,1.7
E,C14,R,2017-09-01,11.4
E,C14,R,2017-10-01,-1.5
E,C14,R,2017-11-01,10.1
E,C14,R,2017-12-01,6.7
E,C14,R,2018-01-01,13.8
E,C14,R,2018-02-01,7.7
E,C14,R,2018-03-01,4.1
E,C14,R,2018-04-01,8.7
E,C14,R,2018-05-01,8.1
E,C14,R,2018-06-01,3.2
E,C14,R,2018-07-01,5.2
E,C14,R,2018-08-01,3.7
E,C14,R,2018-09-01,-6
E,C14,R,2018-10-01,4.5
E,C14,R,2018-11-01,1.9
E,C14,R,2018-12-01,-5
E,C14,R,2019-01-01,-2
E,C14,R,2019-02-01,-1.4
E,C14,R,2019-03-01,-1.1
E,C14,R,2019-04-01,-3.6
E,C14,R,2019-05-01,-1.1
E,C14,R,2019-06-01,-0.6
E,C14,R,2019-07-01,2.1
E,C14,R,2019-08-01,-1.5
E,C14,R,2019-09-01,0.2
E,C14,R,2019-10-01,-3.3
E,C14,R,2019-11-01,-0.3
E,C14,R,2019-12-01,5.4
E,C14,R,2020-01-01,-1.2
E,C14,R,2020-02-01,-6.9
E,C14,R,2020-03-01,-22.2
E,C14,R,2020-04-01,-25.4
E,C14,R,2020-05-01,-1.7
E,C14,R,2020-06-01,-3.3
E,C14,R,2020-07-01,-7.3
E,C14,R,2020-08-01,-2.2
E,C14,R,2020-09-01,1.5
E,C14,R,2020-10-01,8.2
E,C14,R,2020-11-01,-6.8
E,C14,R,2020-12-01,-6.5
E,C14,R,2021-01-01,-9.3
E,C14,R,2021-02-01,6.4
E,C14,R,2021-03-01,45.6
E,C14,R,2021-04-01,40.7
E,C14,R,2021-05-01,4.1
E,C14,R,2021-06-01,1.8
E,C14,R,2021-07-01,0.1
E,C14,R,2021-08-01,-1
E,C14,R,2021-09-01,0.2
E,C14,R,2021-10-01,-0.8
E,C14,R,2021-11-01,19.3
E,C14,R,2021-12-01,6.6
E,C14,R,2022-01-01,14.3
E,C14,R,2022-02-01,7.9
E,C14,R,2022-03-01,-7.1
E,C14,R,2022-04-01,5.3
E,C14,R,2022-05-01,8.5
E,C14,R,2022-06-01,10.5
E,C14,R,2022-07-01,11.3
E,C14,R,2022-08-01,9.6
E,C14,R,2022-09-01,6.4
E,C14,R,2022-10-01,3.4
E,C14,R,2022-11-01,-1.9
E,C14,R,2022-12-01,7.7
E,C14,R,2023-01-01,0
E,C14,R,2023-02-01,-1.8
E,C14,R,2023-03-01,0.1
E,C14,R,2023-04-01,-6.6
E,C14,R,2023-05-01,-6.6
E,C14,R,2023-06-01,0.7
E,C14,R,2023-07-01,2
E,C14,R,2023-08-01,2.1
E,C14,R,2023-09-01,-14.5
E,C14,R,2023-10-01,-13.2
E,C14,R,2023-11-01,-7.7
E,C14,R,2023-12-01,-9.4
E,C14,R,2024-01-01,-0.4
E,C14,R,2024-02-01,-4.2
E,C14,R,2024-03-01,-3.2
E,C14,R,2024-04-01,0.5
E,C14,R,2024-05-01,-1.9
E,C14,R,2024-06-01,-11
E,C14,R,2024-07-01,-1.2
E,C14,R,2024-08-01,0.9
E,C14,R,2024-09-01,24.8
E,C14,R,2024-10-01,29.3
E,C14,R,2024-11-01,11.1
E,C14,R,2024-12-01,14
E,C14,R,2025-01-01,10
E,C14,R,2025-02-01,13.4
E,C14,R,2025-03-01,13.8
E,C14,R,2025-04-01,9.7
E,C14,R,2025-05-01,7
E,C14,R,2025-06-01,18.2
E,C14,R,2025-07-01,6.4
E,C14,R,2025-08-01,5
E,C14,R,2025-09-01,0.5
E,C14,R,2025-10-01,-6.1
E,C14,R,2025-11-01,0.2
E,C14,R,2025-12-01,2
E,C14,R,2026-01-01,0
E,C14,R,2026-02-01,-1.5
E,C14,R,2026-03-01,-1.6
E,C14,R,2026-04-01,0
E,C14,R,2026-05-01,5.4
E,C14,R,2026-06-01,-2.8
E,C14,R,2026-07-01,-1
E,C14,WMF,2012-01-01,427.49708976093103
E,C14,WMF,2012-02-01,432.290389524438
E,C14,WMF,2012-03-01,429.80168240120696
E,C14,WMF,2012-04-01,438.245682267501
E,C14,WMF,2012-05-01,436.307715914658
E,C14,WMF,2012-06-01,439.115930298413
E,C14,WMF,2012-07-01,445.795385643885
E,C14,WMF,2012-08-01,437.730663001413
E,C14,WMF,2012-09-01,438.25471661680297
E,C14,WMF,2012-10-01,440.331109124934
E,C14,WMF,2012-11-01,437.062347675159
E,C14,WMF,2012-12-01,422.033488242068
E,C14,WMF,2013-01-01,454.136886603555
E,C14,WMF,2013-02-01,448.39150485333903
E,C14,WMF,2013-03-01,446.982666307302
E,C14,WMF,2013-04-01,439.919630232786
E,C14,WMF,2013-05-01,440.431239757834
E,C14,WMF,2013-06-01,445.310957115858
E,C14,WMF,2013-07-01,441.255501035775
E,C14,WMF,2013-08-01,454.320036143508
E,C14,WMF,2013-09-01,453.710362933329
E,C14,WMF,2013-10-01,449.409448407717
E,C14,WMF,2013-11-01,443.889559133968
E,C14,WMF,2013-12-01,437.281966310991
E,C14,WMF,2014-01-01,445.019952796815
E,C14,WMF,2014-02-01,470.448067986557
E,C14,WMF,2014-03-01,459.067968545085
E,C14,WMF,2014-04-01,457.092326229562
E,C14,WMF,2014-05-01,447.912296464421
E,C14,WMF,2014-06-01,455.746607505871
E,C14,WMF,2014-07-01,465.054515994232
E,C14,WMF,2014-08-01,479.902002180892
E,C14,WMF,2014-09-01,459.823353880663
E,C14,WMF,2014-10-01,448.070464828874
E,C14,WMF,2014-11-01,452.109097361778
E,C14,WMF,2014-12-01,454.366461658731
E,C14,WMF,2015-01-01,450.845345694121
E,C14,WMF,2015-02-01,437.048728298608
E,C14,WMF,2015-03-01,428.253986152705
E,C14,WMF,2015-04-01,422.17415850793395
E,C14,WMF,2015-05-01,424.95316127285895
E,C14,WMF,2015-06-01,428.802632676855
E,C14,WMF,2015-07-01,435.28789795518
E,C14,WMF,2015-08-01,439.27326557625196
E,C14,WMF,2015-09-01,430.860475794995
E,C14,WMF,2015-10-01,443.467712152027
E,C14,WMF,2015-11-01,433.156158903227
E,C14,WMF,2015-12-01,429.207398953479
E,C14,WMF,2016-01-01,442.21477220320395
E,C14,WMF,2016-02-01,465.132928263844
E,C14,WMF,2016-03-01,448.313323830965
E,C14,WMF,2016-04-01,445.620512513817
E,C14,WMF,2016-05-01,454.466402249944
E,C14,WMF,2016-06-01,450.751621540226
E,C14,WMF,2016-07-01,461.370862836887
E,C14,WMF,2016-08-01,499.836961653579
E,C14,WMF,2016-09-01,466.716336530168
E,C14,WMF,2016-10-01,529.643034952708
E,C14,WMF,2016-11-01,483.870297482953
E,C14,WMF,2016-12-01,522.829671523853
E,C14,WMF,2017-01-01,487.605110095141
E,C14,WMF,2017-02-01,508.52305185596197
E,C14,WMF,2017-03-01,518.566625159464
E,C14,WMF,2017-04-01,515.2367533667331
E,C14,WMF,2017-05-01,522.691437592938
E,C14,WMF,2017-06-01,535.283457450177
E,C14,WMF,2017-07-01,536.648645528075
E,C14,WMF,2017-08-01,546.5823896274479
E,C14,WMF,2017-09-01,571.122825804365
E,C14,WMF,2017-10-01,561.276561598804
E,C14,WMF,2017-11-01,580.7149165867489
E,C14,WMF,2017-12-01,602.2106032294789
E,C14,WMF,2018-01-01,601.941007030676
E,C14,WMF,2018-02-01,593.5324929557889
E,C14,WMF,2018-03-01,583.089210535686
E,C14,WMF,2018-04-01,614.501951618199
E,C14,WMF,2018-05-01,612.162723165565
E,C14,WMF,2018-06-01,608.305526862765
E,C14,WMF,2018-07-01,604.007001231921
E,C14,WMF,2018-08-01,608.902787894734
E,C14,WMF,2018-09-01,597.868947632891
E,C14,WMF,2018-10-01,614.32671140459
E,C14,WMF,2018-11-01,607.527161889958
E,C14,WMF,2018-12-01,603.797921548717
E,C14,WMF,2019-01-01,624.803650656998
E,C14,WMF,2019-02-01,616.815691791659
E,C14,WMF,2019-03-01,610.220362493666
E,C14,WMF,2019-04-01,607.3299440570889
E,C14,WMF,2019-05-01,619.3307013553981
E,C14,WMF,2019-06-01,635.049537407457
E,C14,WMF,2019-07-01,653.157113864078
E,C14,WMF,2019-08-01,636.707311978
E,C14,WMF,2019-09-01,624.707209416247
E,C14,WMF,2019-10-01,618.2891995642169
E,C14,WMF,2019-11-01,632.610447594574
E,C14,WMF,2019-12-01,655.820445980306
E,C14,WMF,2020-01-01,626.828727761409
E,C14,WMF,2020-02-01,616.612690503158
E,C14,WMF,2020-03-01,473.790607665003
E,C14,WMF,2020-04-01,449.065059485896
E,C14,WMF,2020-05-01,638.389841123564
E,C14,WMF,2020-06-01,636.1694165291949
E,C14,WMF,2020-07-01,628.09919118169
E,C14,WMF,2020-08-01,627.711534784861
E,C14,WMF,2020-09-01,645.988438002522
E,C14,WMF,2020-10-01,664.082884143907
E,C14,WMF,2020-11-01,573.5901876565711
E,C14,WMF,2020-12-01,628.80485817508
E,C14,WMF,2021-01-01,597.474533259037
E,C14,WMF,2021-02-01,650.81490391782
E,C14,WMF,2021-03-01,702.880791573619
E,C14,WMF,2021-04-01,662.106876339306
E,C14,WMF,2021-05-01,646.830255012252
E,C14,WMF,2021-06-01,639.975305193776
E,C14,WMF,2021-07-01,626.5669108766231
E,C14,WMF,2021-08-01,621.328788982822
E,C14,WMF,2021-09-01,633.578904768286
E,C14,WMF,2021-10-01,659.936274712738
E,C14,WMF,2021-11-01,678.397408184652
E,C14,WMF,2021-12-01,634.9376039929771
E,C14,WMF,2022-01-01,634.219267167499
E,C14,WMF,2022-02-01,660.744990947235
E,C14,WMF,2022-03-01,658.90749700761
E,C14,WMF,2022-04-01,677.859818521342
E,C14,WMF,2022-05-01,691.468014522912
E,C14,WMF,2022-06-01,677.4306704449659
E,C14,WMF,2022-07-01,663.700241774948
E,C14,WMF,2022-08-01,671.7554098965339
E,C14,WMF,2022-09-01,678.178258033779
E,C14,WMF,2022-10-01,678.6722716107951
E,C14,WMF,2022-11-01,674.056486885405
E,C14,WMF,2022-12-01,700.175713269302
E,C14,WMF,2023-01-01,665.1773270757019
E,C14,WMF,2023-02-01,675.148107348257
E,C14,WMF,2023-03-01,663.120089785735
E,C14,WMF,2023-04-01,657.083277107872
E,C14,WMF,2023-05-01,656.338023646178
E,C14,WMF,2023-06-01,691.002774933311
E,C14,WMF,2023-07-01,688.700629850821
E,C14,WMF,2023-08-01,673.075936460622
E,C14,WMF,2023-09-01,607.834197369956
E,C14,WMF,2023-10-01,604.889807801866
E,C14,WMF,2023-11-01,644.510649477442
E,C14,WMF,2023-12-01,629.9873608160469
E,C14,WMF,2024-01-01,639.975504360366
E,C14,WMF,2024-02-01,628.7815452154681
E,C14,WMF,2024-03-01,638.714392879883
E,C14,WMF,2024-04-01,645.186155057507
E,C14,WMF,2024-05-01,625.295185520525
E,C14,WMF,2024-06-01,612.4753171479209
E,C14,WMF,2024-07-01,633.939421679279
E,C14,WMF,2024-08-01,632.5460961499471
E,C14,WMF,2024-09-01,645.075319809081
E,C14,WMF,2024-10-01,650.931243921595
E,C14,WMF,2024-11-01,628.267620626312
E,C14,WMF,2024-12-01,640.737792053005
E,C14,WMF,2025-01-01,650.681114318668
E,C14,WMF,2025-02-01,655.089272569857
E,C14,WMF,2025-03-01,688.0062248806339
E,C14,WMF,2025-04-01,634.7473861405409
E,C14,WMF,2025-05-01,613.914246234456
E,C14,WMF,2025-06-01,657.012282177008
E,C14,WMF,2025-07-01,648.3277612705119
E,C14,WMF,2025-08-01,656.654116379845
E,C14,WMF,2025-09-01,650.990517669565
E,C14,WMF,2025-10-01,650.530851872663
E,C14,WMF,2025-11-01,664.326956510579
E,C14,WMF,2025-12-01,666.649911930645
E,C14,WMF,2026-01-01,655.7389748291939
E,C14,WMF,2026-02-01,641.159191910838
E,C14,WMF,2026-03-01,645.707143184877
E,C14,WMF,2026-04-01,648.766338992935
E,C14,WMF,2026-05-01,662.736113969833
E,C14,WMF,2026-06-01,648.155331686549
E,C14,WMF,2026-07-01,652.6624246527899
E,C15,R,2013-01-01,5.6
E,C15,R,2013-02-01,3.5
E,C15,R,2013-03-01,-0.7
E,C15,R,2013-04-01,-6
E,C15,R,2013-05-01,-2.9
E,C15,R,2013-06-01,-3.9
E,C15,R,2013-07-01,-2.4
E,C15,R,2013-08-01,-1
E,C15,R,2013-09-01,-4
E,C15,R,2013-10-01,-8.1
E,C15,R,2013-11-01,-2.9
E,C15,R,2013-12-01,-6.4
E,C15,R,2014-01-01,-3.8
E,C15,R,2014-02-01,-6.4
E,C15,R,2014-03-01,8.2
E,C15,R,2014-04-01,5.2
E,C15,R,2014-05-01,4.1
E,C15,R,2014-06-01,5.2
E,C15,R,2014-07-01,9
E,C15,R,2014-08-01,9.7
E,C15,R,2014-09-01,4.3
E,C15,R,2014-10-01,5.3
E,C15,R,2014-11-01,2
E,C15,R,2014-12-01,1.7
E,C15,R,2015-01-01,5.3
E,C15,R,2015-02-01,9.8
E,C15,R,2015-03-01,9.9
E,C15,R,2015-04-01,-1.9
E,C15,R,2015-05-01,-0.6
E,C15,R,2015-06-01,-0.4
E,C15,R,2015-07-01,-3
E,C15,R,2015-08-01,-7.1
E,C15,R,2015-09-01,-4
E,C15,R,2015-10-01,-0.4
E,C15,R,2015-11-01,-1.8
E,C15,R,2015-12-01,-2
E,C15,R,2016-01-01,-4.6
E,C15,R,2016-02-01,-6.8
E,C15,R,2016-03-01,-11.5
E,C15,R,2016-04-01,0.7
E,C15,R,2016-05-01,1.1
E,C15,R,2016-06-01,-0.3
E,C15,R,2016-07-01,-3.6
E,C15,R,2016-08-01,0.8
E,C15,R,2016-09-01,1
E,C15,R,2016-10-01,0
E,C15,R,2016-11-01,0.1
E,C15,R,2016-12-01,0.6
E,C15,R,2017-01-01,-6.2
E,C15,R,2017-02-01,-4.3
E,C15,R,2017-03-01,-3.3
E,C15,R,2017-04-01,-4
E,C15,R,2017-05-01,-7
E,C15,R,2017-06-01,-3
E,C15,R,2017-07-01,-0.4
E,C15,R,2017-08-01,0.3
E,C15,R,2017-09-01,4.8
E,C15,R,2017-10-01,3.7
E,C15,R,2017-11-01,7.3
E,C15,R,2017-12-01,14.4
E,C15,R,2018-01-01,21.1
E,C15,R,2018-02-01,25.3
E,C15,R,2018-03-01,15.5
E,C15,R,2018-04-01,12.1
E,C15,R,2018-05-01,15.9
E,C15,R,2018-06-01,9.2
E,C15,R,2018-07-01,8
E,C15,R,2018-08-01,2.3
E,C15,R,2018-09-01,-1.8
E,C15,R,2018-10-01,1.4
E,C15,R,2018-11-01,-0.5
E,C15,R,2018-12-01,-6.6
E,C15,R,2019-01-01,-4.4
E,C15,R,2019-02-01,-11.2
E,C15,R,2019-03-01,-4
E,C15,R,2019-04-01,-2.3
E,C15,R,2019-05-01,-7.5
E,C15,R,2019-06-01,-6
E,C15,R,2019-07-01,1.6
E,C15,R,2019-08-01,-4.7
E,C15,R,2019-09-01,-2.9
E,C15,R,2019-10-01,-11.8
E,C15,R,2019-11-01,-7.2
E,C15,R,2019-12-01,-7.9
E,C15,R,2020-01-01,-10.2
E,C15,R,2020-02-01,-10.2
E,C15,R,2020-03-01,-34.1
E,C15,R,2020-04-01,-42
E,C15,R,2020-05-01,-22.4
E,C15,R,2020-06-01,-15.5
E,C15,R,2020-07-01,-16.5
E,C15,R,2020-08-01,-15
E,C15,R,2020-09-01,-16.4
E,C15,R,2020-10-01,-9.3
E,C15,R,2020-11-01,-18.5
E,C15,R,2020-12-01,-18.2
E,C15,R,2021-01-01,-17.8
E,C15,R,2021-02-01,-11.2
E,C15,R,2021-03-01,31.5
E,C15,R,2021-04-01,40.7
E,C15,R,2021-05-01,4.7
E,C15,R,2021-06-01,-11.6
E,C15,R,2021-07-01,-12.5
E,C15,R,2021-08-01,-6.3
E,C15,R,2021-09-01,0.4
E,C15,R,2021-10-01,-2.5
E,C15,R,2021-11-01,4.8
E,C15,R,2021-12-01,6.4
E,C15,R,2022-01-01,2.3
E,C15,R,2022-02-01,-0.8
E,C15,R,2022-03-01,-7
E,C15,R,2022-04-01,4.1
E,C15,R,2022-05-01,7.5
E,C15,R,2022-06-01,22.6
E,C15,R,2022-07-01,10.8
E,C15,R,2022-08-01,17.2
E,C15,R,2022-09-01,13.1
E,C15,R,2022-10-01,16.4
E,C15,R,2022-11-01,15.5
E,C15,R,2022-12-01,21.1
E,C15,R,2023-01-01,12.6
E,C15,R,2023-02-01,6
E,C15,R,2023-03-01,-4.1
E,C15,R,2023-04-01,-7.2
E,C15,R,2023-05-01,-1.9
E,C15,R,2023-06-01,-7.2
E,C15,R,2023-07-01,-3
E,C15,R,2023-08-01,-6.4
E,C15,R,2023-09-01,-13.3
E,C15,R,2023-10-01,-11.6
E,C15,R,2023-11-01,-11.3
E,C15,R,2023-12-01,-12.1
E,C15,R,2024-01-01,11.4
E,C15,R,2024-02-01,13.1
E,C15,R,2024-03-01,24.5
E,C15,R,2024-04-01,20.8
E,C15,R,2024-05-01,10.2
E,C15,R,2024-06-01,6.4
E,C15,R,2024-07-01,13
E,C15,R,2024-08-01,9.2
E,C15,R,2024-09-01,21.7
E,C15,R,2024-10-01,26.2
E,C15,R,2024-11-01,12.7
E,C15,R,2024-12-01,12.3
E,C15,R,2025-01-01,-6.4
E,C15,R,2025-02-01,-4.9
E,C15,R,2025-03-01,-5.3
E,C15,R,2025-04-01,-5.8
E,C15,R,2025-05-01,1.1
E,C15,R,2025-06-01,9.9
E,C15,R,2025-07-01,2.6
E,C15,R,2025-08-01,4.3
E,C15,R,2025-09-01,-4
E,C15,R,2025-10-01,-13.4
E,C15,R,2025-11-01,-1.3
E,C15,R,2025-12-01,-7.3
E,C15,R,2026-01-01,-1.9
E,C15,R,2026-02-01,-2.1
E,C15,R,2026-03-01,-4.4
E,C15,R,2026-04-01,1.3
E,C15,R,2026-05-01,-3.5
E,C15,R,2026-06-01,-8.1
E,C15,R,2026-07-01,-3.4
E,C15,WMF,2012-01-01,194.034656673798
E,C15,WMF,2012-02-01,194.925799636114
E,C15,WMF,2012-03-01,192.287629456142
E,C15,WMF,2012-04-01,201.72886865157102
E,C15,WMF,2012-05-01,203.55109532494302
E,C15,WMF,2012-06-01,199.236974097375
E,C15,WMF,2012-07-01,198.857271056998
E,C15,WMF,2012-08-01,201.49598651667802
E,C15,WMF,2012-09-01,199.33902989275302
E,C15,WMF,2012-10-01,195.759052755805
E,C15,WMF,2012-11-01,191.68310226371898
E,C15,WMF,2012-12-01,200.913516000899
E,C15,WMF,2013-01-01,203.37190803171302
E,C15,WMF,2013-02-01,209.188661303885
E,C15,WMF,2013-03-01,203.005804276487
E,C15,WMF,2013-04-01,199.181270959111
E,C15,WMF,2013-05-01,196.56491684588
E,C15,WMF,2013-06-01,201.81196339635
E,C15,WMF,2013-07-01,203.04648942232402
E,C15,WMF,2013-08-01,203.231690239615
E,C15,WMF,2013-09-01,205.435126025989
E,C15,WMF,2013-10-01,193.589505505782
E,C15,WMF,2013-11-01,202.418541171569
E,C15,WMF,2013-12-01,205.73774205460302
E,C15,WMF,2014-01-01,208.84953998991
E,C15,WMF,2014-02-01,210.110944313414
E,C15,WMF,2014-03-01,211.734054814051
E,C15,WMF,2014-04-01,210.653538790237
E,C15,WMF,2014-05-01,207.818644369472
E,C15,WMF,2014-06-01,217.125375311583
E,C15,WMF,2014-07-01,224.456228279165
E,C15,WMF,2014-08-01,237.477587582259
E,C15,WMF,2014-09-01,222.031153997574
E,C15,WMF,2014-10-01,219.040720702642
E,C15,WMF,2014-11-01,218.305400557737
E,C15,WMF,2014-12-01,223.68473679581697
E,C15,WMF,2015-01-01,222.646370394303
E,C15,WMF,2015-02-01,221.40670019876998
E,C15,WMF,2015-03-01,224.38695791142402
E,C15,WMF,2015-04-01,214.434859219636
E,C15,WMF,2015-05-01,217.55003338306298
E,C15,WMF,2015-06-01,221.8704825657
E,C15,WMF,2015-07-01,221.13262624922697
E,C15,WMF,2015-08-01,217.77444167644398
E,C15,WMF,2015-09-01,214.725772837569
E,C15,WMF,2015-10-01,221.686914673329
E,C15,WMF,2015-11-01,223.278438505224
E,C15,WMF,2015-12-01,220.056263411482
E,C15,WMF,2016-01-01,230.201214469039
E,C15,WMF,2016-02-01,234.222257263769
E,C15,WMF,2016-03-01,230.075992759265
E,C15,WMF,2016-04-01,236.339082708594
E,C15,WMF,2016-05-01,240.253844354861
E,C15,WMF,2016-06-01,237.118240424171
E,C15,WMF,2016-07-01,241.60949190789
E,C15,WMF,2016-08-01,252.944625294498
E,C15,WMF,2016-09-01,251.327188730846
E,C15,WMF,2016-10-01,261.819641240495
E,C15,WMF,2016-11-01,253.398025433196
E,C15,WMF,2016-12-01,251.04106462167599
E,C15,WMF,2017-01-01,243.93710945998902
E,C15,WMF,2017-02-01,245.39034611974
E,C15,WMF,2017-03-01,257.74783494067697
E,C15,WMF,2017-04-01,260.533043119096
E,C15,WMF,2017-05-01,263.73643257016903
E,C15,WMF,2017-06-01,266.363597215446
E,C15,WMF,2017-07-01,267.43863322577596
E,C15,WMF,2017-08-01,274.980246027203
E,C15,WMF,2017-09-01,285.50245844670496
E,C15,WMF,2017-10-01,288.01278095095
E,C15,WMF,2017-11-01,291.840178950361
E,C15,WMF,2017-12-01,311.885972734757
E,C15,WMF,2018-01-01,310.70003776466
E,C15,WMF,2018-02-01,317.315636601456
E,C15,WMF,2018-03-01,308.214337747327
E,C15,WMF,2018-04-01,310.111421385506
E,C15,WMF,2018-05-01,327.309581337573
E,C15,WMF,2018-06-01,314.602605323138
E,C15,WMF,2018-07-01,304.768986277776
E,C15,WMF,2018-08-01,302.081314111315
E,C15,WMF,2018-09-01,298.708552816322
E,C15,WMF,2018-10-01,309.873911794901
E,C15,WMF,2018-11-01,316.475201676007
E,C15,WMF,2018-12-01,320.610428627551
E,C15,WMF,2019-01-01,320.836550363512
E,C15,WMF,2019-02-01,309.462577634365
E,C15,WMF,2019-03-01,318.77120859186704
E,C15,WMF,2019-04-01,320.364001752428
E,C15,WMF,2019-05-01,312.51029498625303
E,C15,WMF,2019-06-01,310.92540481136103
E,C15,WMF,2019-07-01,326.638769040289
E,C15,WMF,2019-08-01,306.92923752631003
E,C15,WMF,2019-09-01,310.853594881414
E,C15,WMF,2019-10-01,297.75361745810596
E,C15,WMF,2019-11-01,317.014219224252
E,C15,WMF,2019-12-01,308.734389486129
E,C15,WMF,2020-01-01,308.56341132496703
E,C15,WMF,2020-02-01,312.66234574208096
E,C15,WMF,2020-03-01,237.97675705029198
E,C15,WMF,2020-04-01,187.290857825855
E,C15,WMF,2020-05-01,253.24011562034602
E,C15,WMF,2020-06-01,281.550641359066
E,C15,WMF,2020-07-01,299.09369577402106
E,C15,WMF,2020-08-01,278.876507141501
E,C15,WMF,2020-09-01,279.228710295492
E,C15,WMF,2020-10-01,285.168933889104
E,C15,WMF,2020-11-01,268.958654474274
E,C15,WMF,2020-12-01,269.832176001217
E,C15,WMF,2021-01-01,256.676459042597
E,C15,WMF,2021-02-01,283.066797282263
E,C15,WMF,2021-03-01,310.185281540662
E,C15,WMF,2021-04-01,291.74075012329604
E,C15,WMF,2021-05-01,282.15913985678
E,C15,WMF,2021-06-01,266.062650164973
E,C15,WMF,2021-07-01,268.440612197524
E,C15,WMF,2021-08-01,270.49023173409597
E,C15,WMF,2021-09-01,273.646132474993
E,C15,WMF,2021-10-01,277.672245198183
E,C15,WMF,2021-11-01,290.967122928555
E,C15,WMF,2021-12-01,271.77432736066004
E,C15,WMF,2022-01-01,262.775023033894
E,C15,WMF,2022-02-01,279.67206451492
E,C15,WMF,2022-03-01,287.461302214894
E,C15,WMF,2022-04-01,296.265695952616
E,C15,WMF,2022-05-01,302.12959589060097
E,C15,WMF,2022-06-01,311.515594340705
E,C15,WMF,2022-07-01,286.208235860816
E,C15,WMF,2022-08-01,306.528359026421
E,C15,WMF,2022-09-01,315.66960940733895
E,C15,WMF,2022-10-01,311.344356682693
E,C15,WMF,2022-11-01,313.995075536932
E,C15,WMF,2022-12-01,317.974142330111
E,C15,WMF,2023-01-01,303.926577541887
E,C15,WMF,2023-02-01,306.031692827788
E,C15,WMF,2023-03-01,293.903561232524
E,C15,WMF,2023-04-01,285.774278172611
E,C15,WMF,2023-05-01,298.991859226933
E,C15,WMF,2023-06-01,297.166538160579
E,C15,WMF,2023-07-01,290.277060863347
E,C15,WMF,2023-08-01,297.077330889409
E,C15,WMF,2023-09-01,282.217727050939
E,C15,WMF,2023-10-01,284.918281435709
E,C15,WMF,2023-11-01,285.508966987564
E,C15,WMF,2023-12-01,291.636006323405
E,C15,WMF,2024-01-01,289.675811097893
E,C15,WMF,2024-02-01,285.868096602067
E,C15,WMF,2024-03-01,287.16529919361403
E,C15,WMF,2024-04-01,291.108514707495
E,C15,WMF,2024-05-01,279.82261532774197
E,C15,WMF,2024-06-01,271.750746708411
E,C15,WMF,2024-07-01,271.214000498784
E,C15,WMF,2024-08-01,264.987655465201
E,C15,WMF,2024-09-01,273.402691674568
E,C15,WMF,2024-10-01,282.79627147940397
E,C15,WMF,2024-11-01,268.627505107155
E,C15,WMF,2024-12-01,274.849468655082
E,C15,WMF,2025-01-01,268.745573867585
E,C15,WMF,2025-02-01,269.76615508865797
E,C15,WMF,2025-03-01,275.239320312367
E,C15,WMF,2025-04-01,264.098121464384
E,C15,WMF,2025-05-01,261.976333737514
E,C15,WMF,2025-06-01,266.911468160563
E,C15,WMF,2025-07-01,269.564948249336
E,C15,WMF,2025-08-01,274.329477332559
E,C15,WMF,2025-09-01,270.22696418517
E,C15,WMF,2025-10-01,256.025365395641
E,C15,WMF,2025-11-01,271.406321411677
E,C15,WMF,2025-12-01,262.447334635463
E,C15,WMF,2026-01-01,268.932129987875
E,C15,WMF,2026-02-01,266.529547220055
E,C15,WMF,2026-03-01,264.879812382049
E,C15,WMF,2026-04-01,268.307205867483
E,C15,WMF,2026-05-01,269.068442573802
E,C15,WMF,2026-06-01,267.633084885023
E,C15,WMF,2026-07-01,268.46366632147596
E,C17,R,2013-01-01,6.2
E,C17,R,2013-02-01,2.6
E,C17,R,2013-03-01,-2.7
E,C17,R,2013-04-01,-1.7
E,C17,R,2013-05-01,-2.9
E,C17,R,2013-06-01,1.5
E,C17,R,2013-07-01,-4.3
E,C17,R,2013-08-01,-1.4
E,C17,R,2013-09-01,-2.4
E,C17,R,2013-10-01,-4.8
E,C17,R,2013-11-01,0.7
E,C17,R,2013-12-01,0.9
E,C17,R,2014-01-01,-0.8
E,C17,R,2014-02-01,1.3
E,C17,R,2014-03-01,3
E,C17,R,2014-04-01,0.6
E,C17,R,2014-05-01,-0.3
E,C17,R,2014-06-01,-0.7
E,C17,R,2014-07-01,4.4
E,C17,R,2014-08-01,-0.4
E,C17,R,2014-09-01,5.7
E,C17,R,2014-10-01,4.9
E,C17,R,2014-11-01,0.8
E,C17,R,2014-12-01,-1.9
E,C17,R,2015-01-01,-6.5
E,C17,R,2015-02-01,-7.4
E,C17,R,2015-03-01,-2.3
E,C17,R,2015-04-01,-3.1
E,C17,R,2015-05-01,0.2
E,C17,R,2015-06-01,-3.4
E,C17,R,2015-07-01,-4
E,C17,R,2015-08-01,-6
E,C17,R,2015-09-01,-5.9
E,C17,R,2015-10-01,-3.5
E,C17,R,2015-11-01,-4.5
E,C17,R,2015-12-01,-5.7
E,C17,R,2016-01-01,1.3
E,C17,R,2016-02-01,2.4
E,C17,R,2016-03-01,0.4
E,C17,R,2016-04-01,-2
E,C17,R,2016-05-01,-1.8
E,C17,R,2016-06-01,-0.4
E,C17,R,2016-07-01,-1.5
E,C17,R,2016-08-01,2.3
E,C17,R,2016-09-01,-1.9
E,C17,R,2016-10-01,-2.2
E,C17,R,2016-11-01,-2.2
E,C17,R,2016-12-01,2.7
E,C17,R,2017-01-01,-4.6
E,C17,R,2017-02-01,-3.5
E,C17,R,2017-03-01,-4.2
E,C17,R,2017-04-01,-2
E,C17,R,2017-05-01,-1.4
E,C17,R,2017-06-01,-1.6
E,C17,R,2017-07-01,0.3
E,C17,R,2017-08-01,3.8
E,C17,R,2017-09-01,2.4
E,C17,R,2017-10-01,0
E,C17,R,2017-11-01,4.8
E,C17,R,2017-12-01,1.6
E,C17,R,2018-01-01,7.2
E,C17,R,2018-02-01,3.2
E,C17,R,2018-03-01,2.9
E,C17,R,2018-04-01,4.2
E,C17,R,2018-05-01,-2.3
E,C17,R,2018-06-01,4.3
E,C17,R,2018-07-01,0.3
E,C17,R,2018-08-01,-3
E,C17,R,2018-09-01,-3
E,C17,R,2018-10-01,2.3
E,C17,R,2018-11-01,-5.2
E,C17,R,2018-12-01,-0.5
E,C17,R,2019-01-01,-2.6
E,C17,R,2019-02-01,-0.5
E,C17,R,2019-03-01,-2.7
E,C17,R,2019-04-01,-1.5
E,C17,R,2019-05-01,1.6
E,C17,R,2019-06-01,-3.5
E,C17,R,2019-07-01,-4
E,C17,R,2019-08-01,0
E,C17,R,2019-09-01,0.4
E,C17,R,2019-10-01,-4.6
E,C17,R,2019-11-01,0.9
E,C17,R,2019-12-01,-4
E,C17,R,2020-01-01,-3.3
E,C17,R,2020-02-01,-4.3
E,C17,R,2020-03-01,7.2
E,C17,R,2020-04-01,-2.8
E,C17,R,2020-05-01,-9.1
E,C17,R,2020-06-01,-10.5
E,C17,R,2020-07-01,-5.4
E,C17,R,2020-08-01,-11.2
E,C17,R,2020-09-01,-7.8
E,C17,R,2020-10-01,-1.6
E,C17,R,2020-11-01,1.4
E,C17,R,2020-12-01,-17.1
E,C17,R,2021-01-01,-5.2
E,C17,R,2021-02-01,-2.3
E,C17,R,2021-03-01,-7.5
E,C17,R,2021-04-01,0.8
E,C17,R,2021-05-01,11.1
E,C17,R,2021-06-01,10.7
E,C17,R,2021-07-01,10
E,C17,R,2021-08-01,10.7
E,C17,R,2021-09-01,9.5
E,C17,R,2021-10-01,4.2
E,C17,R,2021-11-01,-0.1
E,C17,R,2021-12-01,26
E,C17,R,2022-01-01,4.6
E,C17,R,2022-02-01,9.5
E,C17,R,2022-03-01,4
E,C17,R,2022-04-01,2.3
E,C17,R,2022-05-01,4.3
E,C17,R,2022-06-01,6.1
E,C17,R,2022-07-01,3.4
E,C17,R,2022-08-01,2
E,C17,R,2022-09-01,0.7
E,C17,R,2022-10-01,0.3
E,C17,R,2022-11-01,-0.9
E,C17,R,2022-12-01,-8.4
E,C17,R,2023-01-01,-5.6
E,C17,R,2023-02-01,-10.7
E,C17,R,2023-03-01,-12.1
E,C17,R,2023-04-01,-11.4
E,C17,R,2023-05-01,-15
E,C17,R,2023-06-01,-18.8
E,C17,R,2023-07-01,-16.9
E,C17,R,2023-08-01,-10.1
E,C17,R,2023-09-01,-12.5
E,C17,R,2023-10-01,-11.4
E,C17,R,2023-11-01,-14.1
E,C17,R,2023-12-01,-1.5
E,C17,R,2024-01-01,1
E,C17,R,2024-02-01,-0.6
E,C17,R,2024-03-01,-0.3
E,C17,R,2024-04-01,7.4
E,C17,R,2024-05-01,0.6
E,C17,R,2024-06-01,11
E,C17,R,2024-07-01,4.9
E,C17,R,2024-08-01,1.1
E,C17,R,2024-09-01,2.9
E,C17,R,2024-10-01,5
E,C17,R,2024-11-01,8.3
E,C17,R,2024-12-01,3.8
E,C17,R,2025-01-01,0.7
E,C17,R,2025-02-01,0.8
E,C17,R,2025-03-01,4.1
E,C17,R,2025-04-01,-4.4
E,C17,R,2025-05-01,0.4
E,C17,R,2025-06-01,-4.5
E,C17,R,2025-07-01,-0.6
E,C17,R,2025-08-01,0.1
E,C17,R,2025-09-01,-0.2
E,C17,R,2025-10-01,-4.5
E,C17,R,2025-11-01,-5.2
E,C17,R,2025-12-01,-8.8
E,C17,R,2026-01-01,-4
E,C17,R,2026-02-01,-2.3
E,C17,R,2026-03-01,-1.6
E,C17,R,2026-04-01,-1.2
E,C17,R,2026-05-01,2.5
E,C17,R,2026-06-01,1.4
E,C17,R,2026-07-01,1.6
E,C17,WMF,2012-01-01,207.750877431041
E,C17,WMF,2012-02-01,215.131477979447
E,C17,WMF,2012-03-01,220.378493205932
E,C17,WMF,2012-04-01,223.960103049553
E,C17,WMF,2012-05-01,222.24457243744
E,C17,WMF,2012-06-01,219.470265920845
E,C17,WMF,2012-07-01,221.385053058191
E,C17,WMF,2012-08-01,219.681668391546
E,C17,WMF,2012-09-01,217.332832057664
E,C17,WMF,2012-10-01,216.886498474251
E,C17,WMF,2012-11-01,210.990874140613
E,C17,WMF,2012-12-01,212.02415291646201
E,C17,WMF,2013-01-01,223.382356414751
E,C17,WMF,2013-02-01,219.667156076413
E,C17,WMF,2013-03-01,216.454495829668
E,C17,WMF,2013-04-01,219.565344853846
E,C17,WMF,2013-05-01,219.126431555311
E,C17,WMF,2013-06-01,224.389881735384
E,C17,WMF,2013-07-01,213.981069024806
E,C17,WMF,2013-08-01,216.102626071922
E,C17,WMF,2013-09-01,210.420127518729
E,C17,WMF,2013-10-01,208.825372487615
E,C17,WMF,2013-11-01,215.365514223932
E,C17,WMF,2013-12-01,216.48810783551602
E,C17,WMF,2014-01-01,219.041862759909
E,C17,WMF,2014-02-01,218.883230027885
E,C17,WMF,2014-03-01,217.208929815878
E,C17,WMF,2014-04-01,219.026669167722
E,C17,WMF,2014-05-01,211.851530765899
E,C17,WMF,2014-06-01,220.13810689307903
E,C17,WMF,2014-07-01,217.876938086375
E,C17,WMF,2014-08-01,213.492252461654
E,C17,WMF,2014-09-01,219.466732478894
E,C17,WMF,2014-10-01,212.35421939684701
E,C17,WMF,2014-11-01,211.692596895467
E,C17,WMF,2014-12-01,207.46325850265399
E,C17,WMF,2015-01-01,202.650006374814
E,C17,WMF,2015-02-01,186.499599122892
E,C17,WMF,2015-03-01,193.190572715403
E,C17,WMF,2015-04-01,189.660433273374
E,C17,WMF,2015-05-01,187.581511583387
E,C17,WMF,2015-06-01,184.96782707800702
E,C17,WMF,2015-07-01,187.281235879161
E,C17,WMF,2015-08-01,188.270018604641
E,C17,WMF,2015-09-01,189.318667859669
E,C17,WMF,2015-10-01,191.606179543623
E,C17,WMF,2015-11-01,190.007230364413
E,C17,WMF,2015-12-01,182.30878655153
E,C17,WMF,2016-01-01,190.53609582936002
E,C17,WMF,2016-02-01,194.936687275546
E,C17,WMF,2016-03-01,196.972686299929
E,C17,WMF,2016-04-01,192.196861634046
E,C17,WMF,2016-05-01,195.855722642678
E,C17,WMF,2016-06-01,194.227786625695
E,C17,WMF,2016-07-01,191.179908670765
E,C17,WMF,2016-08-01,191.002685654181
E,C17,WMF,2016-09-01,188.31831597081398
E,C17,WMF,2016-10-01,188.485295466627
E,C17,WMF,2016-11-01,184.96613648767098
E,C17,WMF,2016-12-01,187.481773680304
E,C17,WMF,2017-01-01,183.675968050679
E,C17,WMF,2017-02-01,183.86212323844
E,C17,WMF,2017-03-01,185.559607997136
E,C17,WMF,2017-04-01,184.141650470255
E,C17,WMF,2017-05-01,189.038103787314
E,C17,WMF,2017-06-01,190.31558457842002
E,C17,WMF,2017-07-01,194.56969032174501
E,C17,WMF,2017-08-01,204.66782199974799
E,C17,WMF,2017-09-01,202.615873674162
E,C17,WMF,2017-10-01,196.91633291127198
E,C17,WMF,2017-11-01,208.475622396772
E,C17,WMF,2017-12-01,212.529570412299
E,C17,WMF,2018-01-01,215.732938834084
E,C17,WMF,2018-02-01,208.986206397062
E,C17,WMF,2018-03-01,212.628409596515
E,C17,WMF,2018-04-01,213.34198665028
E,C17,WMF,2018-05-01,212.470597488647
E,C17,WMF,2018-06-01,218.033848109533
E,C17,WMF,2018-07-01,211.19304718276
E,C17,WMF,2018-08-01,209.88708355347202
E,C17,WMF,2018-09-01,205.068008418421
E,C17,WMF,2018-10-01,207.209629209735
E,C17,WMF,2018-11-01,202.882151200615
E,C17,WMF,2018-12-01,205.841130913386
E,C17,WMF,2019-01-01,212.460977106228
E,C17,WMF,2019-02-01,207.89863048850302
E,C17,WMF,2019-03-01,205.31592815492903
E,C17,WMF,2019-04-01,206.92548271262498
E,C17,WMF,2019-05-01,203.18174932541498
E,C17,WMF,2019-06-01,203.863296716483
E,C17,WMF,2019-07-01,194.62405462517398
E,C17,WMF,2019-08-01,200.626946085794
E,C17,WMF,2019-09-01,197.773696246732
E,C17,WMF,2019-10-01,192.75544642269
E,C17,WMF,2019-11-01,197.28188348758798
E,C17,WMF,2019-12-01,190.2774519249
E,C17,WMF,2020-01-01,191.77843037207202
E,C17,WMF,2020-02-01,188.15240059299703
E,C17,WMF,2020-03-01,199.51978701787002
E,C17,WMF,2020-04-01,182.162593950928
E,C17,WMF,2020-05-01,167.718229057747
E,C17,WMF,2020-06-01,170.94950846559502
E,C17,WMF,2020-07-01,173.041632429179
E,C17,WMF,2020-08-01,172.755707213106
E,C17,WMF,2020-09-01,173.671168362039
E,C17,WMF,2020-10-01,180.15188082012298
E,C17,WMF,2020-11-01,189.911081234095
E,C17,WMF,2020-12-01,176.782034904113
E,C17,WMF,2021-01-01,178.709781925688
E,C17,WMF,2021-02-01,180.87361051312598
E,C17,WMF,2021-03-01,188.36780001541098
E,C17,WMF,2021-04-01,192.166917729307
E,C17,WMF,2021-05-01,196.074969924226
E,C17,WMF,2021-06-01,198.812104544098
E,C17,WMF,2021-07-01,203.753651156703
E,C17,WMF,2021-08-01,201.97191765097
E,C17,WMF,2021-09-01,207.253609918855
E,C17,WMF,2021-10-01,206.352258948367
E,C17,WMF,2021-11-01,208.548747119279
E,C17,WMF,2021-12-01,213.640141989082
E,C17,WMF,2022-01-01,211.81994375376902
E,C17,WMF,2022-02-01,228.125476200552
E,C17,WMF,2022-03-01,225.886608947752
E,C17,WMF,2022-04-01,226.87748252079902
E,C17,WMF,2022-05-01,239.17738214399202
E,C17,WMF,2022-06-01,248.53617212044
E,C17,WMF,2022-07-01,243.611639864126
E,C17,WMF,2022-08-01,240.163825269164
E,C17,WMF,2022-09-01,239.54388933553201
E,C17,WMF,2022-10-01,238.338689714286
E,C17,WMF,2022-11-01,238.83722690015102
E,C17,WMF,2022-12-01,232.844936303222
E,C17,WMF,2023-01-01,229.03970323786803
E,C17,WMF,2023-02-01,227.57552233624398
E,C17,WMF,2023-03-01,218.80964219912698
E,C17,WMF,2023-04-01,213.436923272317
E,C17,WMF,2023-05-01,213.37534248334399
E,C17,WMF,2023-06-01,204.86375764390098
E,C17,WMF,2023-07-01,201.071069477408
E,C17,WMF,2023-08-01,209.224124694889
E,C17,WMF,2023-09-01,202.357669559969
E,C17,WMF,2023-10-01,199.56861492733802
E,C17,WMF,2023-11-01,196.66966547676103
E,C17,WMF,2023-12-01,200.195633660742
E,C17,WMF,2024-01-01,197.98763692941498
E,C17,WMF,2024-02-01,195.742016748759
E,C17,WMF,2024-03-01,193.564722487876
E,C17,WMF,2024-04-01,206.279946526477
E,C17,WMF,2024-05-01,193.949476810501
E,C17,WMF,2024-06-01,204.53181465776802
E,C17,WMF,2024-07-01,195.725323258134
E,C17,WMF,2024-08-01,195.390370019678
E,C17,WMF,2024-09-01,191.839488618572
E,C17,WMF,2024-10-01,196.736367358433
E,C17,WMF,2024-11-01,197.846172002262
E,C17,WMF,2024-12-01,196.510150964194
E,C17,WMF,2025-01-01,198.667627953642
E,C17,WMF,2025-02-01,195.349471997166
E,C17,WMF,2025-03-01,196.945603542158
E,C17,WMF,2025-04-01,192.937486631865
E,C17,WMF,2025-05-01,187.591059997403
E,C17,WMF,2025-06-01,188.19249412103
E,C17,WMF,2025-07-01,187.812265426431
E,C17,WMF,2025-08-01,188.98905148544299
E,C17,WMF,2025-09-01,187.42352892521
E,C17,WMF,2025-10-01,182.104779949139
E,C17,WMF,2025-11-01,180.78871276445298
E,C17,WMF,2025-12-01,175.580079781583
E,C17,WMF,2026-01-01,181.824964797615
E,C17,WMF,2026-02-01,183.424718655287
E,C17,WMF,2026-03-01,185.348560394673
E,C17,WMF,2026-04-01,186.099187421796
E,C17,WMF,2026-05-01,185.933139041744
E,C17,WMF,2026-06-01,189.547264650021
E,C17,WMF,2026-07-01,187.83699088274
E,C19,R,2013-01-01,-0.4
E,C19,R,2013-02-01,-19.5
E,C19,R,2013-03-01,-28.6
E,C19,R,2013-04-01,-29.7
E,C19,R,2013-05-01,-18.3
E,C19,R,2013-06-01,-9.5
E,C19,R,2013-07-01,-8.1
E,C19,R,2013-08-01,0.4
E,C19,R,2013-09-01,-2
E,C19,R,2013-10-01,14.1
E,C19,R,2013-11-01,17.5
E,C19,R,2013-12-01,-14.3
E,C19,R,2014-01-01,-21
E,C19,R,2014-02-01,-11.5
E,C19,R,2014-03-01,-14.6
E,C19,R,2014-04-01,-8.8
E,C19,R,2014-05-01,-19.8
E,C19,R,2014-06-01,-14.7
E,C19,R,2014-07-01,-17.1
E,C19,R,2014-08-01,-8.4
E,C19,R,2014-09-01,-6
E,C19,R,2014-10-01,-22
E,C19,R,2014-11-01,-28.4
E,C19,R,2014-12-01,-2.8
E,C19,R,2015-01-01,20.1
E,C19,R,2015-02-01,22.4
E,C19,R,2015-03-01,23.6
E,C19,R,2015-04-01,30.7
E,C19,R,2015-05-01,50.4
E,C19,R,2015-06-01,52.9
E,C19,R,2015-07-01,26.2
E,C19,R,2015-08-01,1.8
E,C19,R,2015-09-01,8.1
E,C19,R,2015-10-01,18.4
E,C19,R,2015-11-01,22.8
E,C19,R,2015-12-01,29.6
E,C19,R,2016-01-01,12.6
E,C19,R,2016-02-01,-3
E,C19,R,2016-03-01,7.1
E,C19,R,2016-04-01,-1.1
E,C19,R,2016-05-01,-14.6
E,C19,R,2016-06-01,-27
E,C19,R,2016-07-01,6.2
E,C19,R,2016-08-01,12.5
E,C19,R,2016-09-01,7.5
E,C19,R,2016-10-01,-2.9
E,C19,R,2016-11-01,0.7
E,C19,R,2016-12-01,-19.3
E,C19,R,2017-01-01,-10
E,C19,R,2017-02-01,4.4
E,C19,R,2017-03-01,0.1
E,C19,R,2017-04-01,-2.6
E,C19,R,2017-05-01,7.8
E,C19,R,2017-06-01,18
E,C19,R,2017-07-01,-8.7
E,C19,R,2017-08-01,-1.5
E,C19,R,2017-09-01,-4.2
E,C19,R,2017-10-01,-1.9
E,C19,R,2017-11-01,-2.2
E,C19,R,2017-12-01,15.5
E,C19,R,2018-01-01,-2.6
E,C19,R,2018-02-01,-3.9
E,C19,R,2018-03-01,-14.8
E,C19,R,2018-04-01,-7.9
E,C19,R,2018-05-01,-11.7
E,C19,R,2018-06-01,-17.9
E,C19,R,2018-07-01,-6.6
E,C19,R,2018-08-01,-14.2
E,C19,R,2018-09-01,-16
E,C19,R,2018-10-01,-7.7
E,C19,R,2018-11-01,-13.4
E,C19,R,2018-12-01,-14.8
E,C19,R,2019-01-01,7.2
E,C19,R,2019-02-01,13.5
E,C19,R,2019-03-01,21.1
E,C19,R,2019-04-01,15.8
E,C19,R,2019-05-01,11.7
E,C19,R,2019-06-01,25.4
E,C19,R,2019-07-01,29.1
E,C19,R,2019-08-01,29.3
E,C19,R,2019-09-01,26.1
E,C19,R,2019-10-01,15.9
E,C19,R,2019-11-01,14.3
E,C19,R,2019-12-01,16.8
E,C19,R,2020-01-01,-3.5
E,C19,R,2020-02-01,-20.1
E,C19,R,2020-03-01,-15.8
E,C19,R,2020-04-01,-35
E,C19,R,2020-05-01,-3.2
E,C19,R,2020-06-01,-26.3
E,C19,R,2020-07-01,-28.5
E,C19,R,2020-08-01,-29.2
E,C19,R,2020-09-01,-23.1
E,C19,R,2020-10-01,-21.3
E,C19,R,2020-11-01,-28.7
E,C19,R,2020-12-01,-41.3
E,C19,R,2021-01-01,-30.4
E,C19,R,2021-02-01,-17.5
E,C19,R,2021-03-01,-19
E,C19,R,2021-04-01,7.4
E,C19,R,2021-05-01,-10.6
E,C19,R,2021-06-01,12.9
E,C19,R,2021-07-01,-10.9
E,C19,R,2021-08-01,9.6
E,C19,R,2021-09-01,-4.6
E,C19,R,2021-10-01,-20.1
E,C19,R,2021-11-01,8.5
E,C19,R,2021-12-01,45.7
E,C19,R,2022-01-01,18.9
E,C19,R,2022-02-01,1.8
E,C19,R,2022-03-01,-8.1
E,C19,R,2022-04-01,-0.7
E,C19,R,2022-05-01,-22.5
E,C19,R,2022-06-01,-24.7
E,C19,R,2022-07-01,-7.5
E,C19,R,2022-08-01,-15.7
E,C19,R,2022-09-01,12.3
E,C19,R,2022-10-01,45
E,C19,R,2022-11-01,17.5
E,C19,R,2022-12-01,6.8
E,C19,R,2023-01-01,38.3
E,C19,R,2023-02-01,20.4
E,C19,R,2023-03-01,47.5
E,C19,R,2023-04-01,30.5
E,C19,R,2023-05-01,29.9
E,C19,R,2023-06-01,40.8
E,C19,R,2023-07-01,39.1
E,C19,R,2023-08-01,33.3
E,C19,R,2023-09-01,-8.1
E,C19,R,2023-10-01,-20.7
E,C19,R,2023-11-01,-12.9
E,C19,R,2023-12-01,-19.2
E,C19,R,2024-01-01,-29.8
E,C19,R,2024-02-01,-3.5
E,C19,R,2024-03-01,-27.3
E,C19,R,2024-04-01,-24.2
E,C19,R,2024-05-01,-5.3
E,C19,R,2024-06-01,-25.8
E,C19,R,2024-07-01,-40.4
E,C19,R,2024-08-01,-26.2
E,C19,R,2024-09-01,-2.9
E,C19,R,2024-10-01,-1.8
E,C19,R,2024-11-01,-0.1
E,C19,R,2024-12-01,-13.6
E,C19,R,2025-01-01,-25.3
E,C19,R,2025-02-01,-25.3
E,C19,R,2025-03-01,-12.6
E,C19,R,2025-04-01,-7.8
E,C19,R,2025-05-01,-18.4
E,C19,R,2025-06-01,-0.8
E,C19,R,2025-07-01,25.5
E,C19,R,2025-08-01,-3.4
E,C19,R,2025-09-01,-15.9
E,C19,R,2025-10-01,-5.6
E,C19,R,2025-11-01,-9.2
E,C19,R,2025-12-01,22.2
E,C19,R,2026-01-01,1.8
E,C19,R,2026-02-01,8.4
E,C19,R,2026-03-01,24.3
E,C19,R,2026-04-01,24.2
E,C19,R,2026-05-01,1
E,C19,R,2026-06-01,-3
E,C19,R,2026-07-01,-4.7
E,C19,WMF,2012-01-01,682.178238879148
E,C19,WMF,2012-02-01,781.635498501029
E,C19,WMF,2012-03-01,822.557319517874
E,C19,WMF,2012-04-01,788.9975384515441
E,C19,WMF,2012-05-01,736.107705860919
E,C19,WMF,2012-06-01,640.4122701860811
E,C19,WMF,2012-07-01,628.863929029364
E,C19,WMF,2012-08-01,582.6879750502011
E,C19,WMF,2012-09-01,583.9772277737829
E,C19,WMF,2012-10-01,556.468422359039
E,C19,WMF,2012-11-01,566.017371440778
E,C19,WMF,2012-12-01,644.98966054323
E,C19,WMF,2013-01-01,666.0353375515521
E,C19,WMF,2013-02-01,602.5082472205189
E,C19,WMF,2013-03-01,569.430114745182
E,C19,WMF,2013-04-01,565.599153403974
E,C19,WMF,2013-05-01,519.282043496816
E,C19,WMF,2013-06-01,544.295254962605
E,C19,WMF,2013-07-01,539.397706804448
E,C19,WMF,2013-08-01,588.2345081046719
E,C19,WMF,2013-09-01,569.867517798161
E,C19,WMF,2013-10-01,607.658840960332
E,C19,WMF,2013-11-01,636.673521282768
E,C19,WMF,2013-12-01,518.205417966989
E,C19,WMF,2014-01-01,486.10005453747397
E,C19,WMF,2014-02-01,488.148390583111
E,C19,WMF,2014-03-01,498.210862444616
E,C19,WMF,2014-04-01,430.675292238869
E,C19,WMF,2014-05-01,423.15607541785903
E,C19,WMF,2014-06-01,446.477466547987
E,C19,WMF,2014-07-01,452.383462071241
E,C19,WMF,2014-08-01,512.998394083273
E,C19,WMF,2014-09-01,476.270179080159
E,C19,WMF,2014-10-01,434.413949192622
E,C19,WMF,2014-11-01,408.06928122457805
E,C19,WMF,2014-12-01,392.226278596922
E,C19,WMF,2015-01-01,384.334819019417
E,C19,WMF,2015-02-01,342.161688789119
E,C19,WMF,2015-03-01,393.101453369426
E,C19,WMF,2015-04-01,403.142464315849
E,C19,WMF,2015-05-01,450.365749688149
E,C19,WMF,2015-06-01,475.981002384399
E,C19,WMF,2015-07-01,374.21921020939203
E,C19,WMF,2015-08-01,327.728666375801
E,C19,WMF,2015-09-01,314.401919007608
E,C19,WMF,2015-10-01,320.910376942865
E,C19,WMF,2015-11-01,323.23661041734
E,C19,WMF,2015-12-01,353.659590352635
E,C19,WMF,2016-01-01,293.8256439241
E,C19,WMF,2016-02-01,266.89952939301196
E,C19,WMF,2016-03-01,269.174486054506
E,C19,WMF,2016-04-01,284.746485292064
E,C19,WMF,2016-05-01,275.39572878233804
E,C19,WMF,2016-06-01,283.025130410496
E,C19,WMF,2016-07-01,324.116072477992
E,C19,WMF,2016-08-01,267.43063065917397
E,C19,WMF,2016-09-01,291.28465232932297
E,C19,WMF,2016-10-01,293.693146261406
E,C19,WMF,2016-11-01,307.255353258892
E,C19,WMF,2016-12-01,299.486127557337
E,C19,WMF,2017-01-01,368.539988573658
E,C19,WMF,2017-02-01,387.161171187465
E,C19,WMF,2017-03-01,434.60775380351504
E,C19,WMF,2017-04-01,343.828036826635
E,C19,WMF,2017-05-01,327.94194941671196
E,C19,WMF,2017-06-01,328.296224354225
E,C19,WMF,2017-07-01,303.401288440975
E,C19,WMF,2017-08-01,342.43696610835497
E,C19,WMF,2017-09-01,350.36311214636396
E,C19,WMF,2017-10-01,333.458069007598
E,C19,WMF,2017-11-01,372.885783747169
E,C19,WMF,2017-12-01,406.276817424686
E,C19,WMF,2018-01-01,383.422487780329
E,C19,WMF,2018-02-01,408.121605786546
E,C19,WMF,2018-03-01,387.104822434518
E,C19,WMF,2018-04-01,410.388254191815
E,C19,WMF,2018-05-01,409.521603970424
E,C19,WMF,2018-06-01,395.31662996751
E,C19,WMF,2018-07-01,420.575974207708
E,C19,WMF,2018-08-01,388.76292007208
E,C19,WMF,2018-09-01,400.697061334052
E,C19,WMF,2018-10-01,432.604457922689
E,C19,WMF,2018-11-01,426.272753541138
E,C19,WMF,2018-12-01,387.58469906181904
E,C19,WMF,2019-01-01,377.762634777406
E,C19,WMF,2019-02-01,467.52475411952105
E,C19,WMF,2019-03-01,562.696554415862
E,C19,WMF,2019-04-01,449.4354867878
E,C19,WMF,2019-05-01,452.28342212575296
E,C19,WMF,2019-06-01,462.306245750841
E,C19,WMF,2019-07-01,474.52816878049396
E,C19,WMF,2019-08-01,453.807972823573
E,C19,WMF,2019-09-01,408.25272247990205
E,C19,WMF,2019-10-01,426.311769801371
E,C19,WMF,2019-11-01,376.867123317182
E,C19,WMF,2019-12-01,420.006162984819
E,C19,WMF,2020-01-01,413.38246507592896
E,C19,WMF,2020-02-01,357.26952102687403
E,C19,WMF,2020-03-01,317.38041638024004
E,C19,WMF,2020-04-01,148.995374682203
E,C19,WMF,2020-05-01,158.88064503609402
E,C19,WMF,2020-06-01,170.499664098488
E,C19,WMF,2020-07-01,194.28386691507598
E,C19,WMF,2020-08-01,183.736220410854
E,C19,WMF,2020-09-01,193.62374142215202
E,C19,WMF,2020-10-01,189.730515581195
E,C19,WMF,2020-11-01,148.15740835874
E,C19,WMF,2020-12-01,167.163286178308
E,C19,WMF,2021-01-01,200.12895254240098
E,C19,WMF,2021-02-01,230.560104509563
E,C19,WMF,2021-03-01,264.057447890446
E,C19,WMF,2021-04-01,281.060339301255
E,C19,WMF,2021-05-01,306.81513098398295
E,C19,WMF,2021-06-01,320.953823522937
E,C19,WMF,2021-07-01,293.597932036771
E,C19,WMF,2021-08-01,347.324107336928
E,C19,WMF,2021-09-01,314.87969904529
E,C19,WMF,2021-10-01,298.118097609124
E,C19,WMF,2021-11-01,362.20597644267497
E,C19,WMF,2021-12-01,383.32791349179297
E,C19,WMF,2022-01-01,358.295981783773
E,C19,WMF,2022-02-01,385.544613991091
E,C19,WMF,2022-03-01,411.22659052428
E,C19,WMF,2022-04-01,477.75778926803497
E,C19,WMF,2022-05-01,472.541055806515
E,C19,WMF,2022-06-01,488.069329598283
E,C19,WMF,2022-07-01,482.561892280982
E,C19,WMF,2022-08-01,504.416674252202
E,C19,WMF,2022-09-01,608.518739968177
E,C19,WMF,2022-10-01,636.415024069775
E,C19,WMF,2022-11-01,643.7804769986
E,C19,WMF,2022-12-01,572.0878682319719
E,C19,WMF,2023-01-01,661.6888544894119
E,C19,WMF,2023-02-01,535.732016660707
E,C19,WMF,2023-03-01,540.764273521824
E,C19,WMF,2023-04-01,505.69702620383504
E,C19,WMF,2023-05-01,361.175070675193
E,C19,WMF,2023-06-01,392.207939451509
E,C19,WMF,2023-07-01,432.098952792615
E,C19,WMF,2023-08-01,517.2571083163571
E,C19,WMF,2023-09-01,426.444676747797
E,C19,WMF,2023-10-01,429.455730326531
E,C19,WMF,2023-11-01,444.865374164658
E,C19,WMF,2023-12-01,461.404784261474
E,C19,WMF,2024-01-01,436.44805909170697
E,C19,WMF,2024-02-01,439.7593824466
E,C19,WMF,2024-03-01,429.288375731736
E,C19,WMF,2024-04-01,425.462113739058
E,C19,WMF,2024-05-01,469.792399718441
E,C19,WMF,2024-06-01,490.46386330948
E,C19,WMF,2024-07-01,445.539404847058
E,C19,WMF,2024-08-01,389.58420483704197
E,C19,WMF,2024-09-01,390.84079849112703
E,C19,WMF,2024-10-01,377.394991570464
E,C19,WMF,2024-11-01,319.12921077334397
E,C19,WMF,2024-12-01,348.31798833081297
E,C19,WMF,2025-01-01,350.86585481706
E,C19,WMF,2025-02-01,366.71620969613497
E,C19,WMF,2025-03-01,342.333364687244
E,C19,WMF,2025-04-01,328.29289943008695
E,C19,WMF,2025-05-01,314.317613948991
E,C19,WMF,2025-06-01,307.541548450032
E,C19,WMF,2025-07-01,315.767463867056
E,C19,WMF,2025-08-01,340.48944234215895
E,C19,WMF,2025-09-01,309.42130594626997
E,C19,WMF,2025-10-01,313.37951948738004
E,C19,WMF,2025-11-01,391.06250644861603
E,C19,WMF,2025-12-01,346.64898883857296
E,C19,WMF,2026-01-01,297.20042927702804
E,C19,WMF,2026-02-01,344.323174248072
E,C19,WMF,2026-03-01,381.391575535878
E,C19,WMF,2026-04-01,466.894950030659
E,C19,WMF,2026-05-01,386.502247052704
E,C19,WMF,2026-06-01,382.697700644976
E,C19,WMF,2026-07-01,393.009274486055
E,C20,R,2013-01-01,-8.1
E,C20,R,2013-02-01,3.8
E,C20,R,2013-03-01,0.4
E,C20,R,2013-04-01,5.3
E,C20,R,2013-05-01,42.9
E,C20,R,2013-06-01,2.9
E,C20,R,2013-07-01,-3.8
E,C20,R,2013-08-01,-4.2
E,C20,R,2013-09-01,-3
E,C20,R,2013-10-01,9.2
E,C20,R,2013-11-01,50.1
E,C20,R,2013-12-01,9
E,C20,R,2014-01-01,29.4
E,C20,R,2014-02-01,7
E,C20,R,2014-03-01,22
E,C20,R,2014-04-01,13.9
E,C20,R,2014-05-01,-15.5
E,C20,R,2014-06-01,32.9
E,C20,R,2014-07-01,53.9
E,C20,R,2014-08-01,44.7
E,C20,R,2014-09-01,3.9
E,C20,R,2014-10-01,0.7
E,C20,R,2014-11-01,-40.5
E,C20,R,2014-12-01,-11
E,C20,R,2015-01-01,-31.3
E,C20,R,2015-02-01,-18.2
E,C20,R,2015-03-01,-24.5
E,C20,R,2015-04-01,-23.8
E,C20,R,2015-05-01,-29.3
E,C20,R,2015-06-01,-35.8
E,C20,R,2015-07-01,-46.3
E,C20,R,2015-08-01,-45.7
E,C20,R,2015-09-01,-16.2
E,C20,R,2015-10-01,-15.5
E,C20,R,2015-11-01,-10
E,C20,R,2015-12-01,41.4
E,C20,R,2016-01-01,67.2
E,C20,R,2016-02-01,37.2
E,C20,R,2016-03-01,48.8
E,C20,R,2016-04-01,63.1
E,C20,R,2016-05-01,51.5
E,C20,R,2016-06-01,33.6
E,C20,R,2016-07-01,64.3
E,C20,R,2016-08-01,89
E,C20,R,2016-09-01,65.6
E,C20,R,2016-10-01,33.4
E,C20,R,2016-11-01,23.3
E,C20,R,2016-12-01,-19.2
E,C20,R,2017-01-01,-20.4
E,C20,R,2017-02-01,-0.6
E,C20,R,2017-03-01,-4.3
E,C20,R,2017-04-01,-24.5
E,C20,R,2017-05-01,-4.3
E,C20,R,2017-06-01,-11.5
E,C20,R,2017-07-01,2.8
E,C20,R,2017-08-01,-2.7
E,C20,R,2017-09-01,-17.7
E,C20,R,2017-10-01,-2.5
E,C20,R,2017-11-01,-2.7
E,C20,R,2017-12-01,26
E,C20,R,2018-01-01,19.7
E,C20,R,2018-02-01,-0.4
E,C20,R,2018-03-01,-4.1
E,C20,R,2018-04-01,12.8
E,C20,R,2018-05-01,10.4
E,C20,R,2018-06-01,21.8
E,C20,R,2018-07-01,-9.3
E,C20,R,2018-08-01,-9.3
E,C20,R,2018-09-01,31.3
E,C20,R,2018-10-01,12.2
E,C20,R,2018-11-01,5.3
E,C20,R,2018-12-01,-2.4
E,C20,R,2019-01-01,0.2
E,C20,R,2019-02-01,12.4
E,C20,R,2019-03-01,13.6
E,C20,R,2019-04-01,16.1
E,C20,R,2019-05-01,2.8
E,C20,R,2019-06-01,11
E,C20,R,2019-07-01,-0.5
E,C20,R,2019-08-01,-1.2
E,C20,R,2019-09-01,-14.7
E,C20,R,2019-10-01,-12.2
E,C20,R,2019-11-01,-0.8
E,C20,R,2019-12-01,-6.4
E,C20,R,2020-01-01,-15.9
E,C20,R,2020-02-01,-11.4
E,C20,R,2020-03-01,-13.7
E,C20,R,2020-04-01,-16.6
E,C20,R,2020-05-01,-21.6
E,C20,R,2020-06-01,-20.3
E,C20,R,2020-07-01,-2.5
E,C20,R,2020-08-01,-3.9
E,C20,R,2020-09-01,7.9
E,C20,R,2020-10-01,24
E,C20,R,2020-11-01,5.9
E,C20,R,2020-12-01,-42
E,C20,R,2021-01-01,-1.8
E,C20,R,2021-02-01,-8.1
E,C20,R,2021-03-01,-3.9
E,C20,R,2021-04-01,-6.1
E,C20,R,2021-05-01,8.8
E,C20,R,2021-06-01,7.5
E,C20,R,2021-07-01,-5.2
E,C20,R,2021-08-01,0.8
E,C20,R,2021-09-01,-19.5
E,C20,R,2021-10-01,-17.9
E,C20,R,2021-11-01,0.1
E,C20,R,2021-12-01,63.5
E,C20,R,2022-01-01,10.2
E,C20,R,2022-02-01,3.1
E,C20,R,2022-03-01,-3.1
E,C20,R,2022-04-01,10.1
E,C20,R,2022-05-01,-0.7
E,C20,R,2022-06-01,-5.5
E,C20,R,2022-07-01,-1.3
E,C20,R,2022-08-01,-5.1
E,C20,R,2022-09-01,-7.3
E,C20,R,2022-10-01,-6.7
E,C20,R,2022-11-01,-15.9
E,C20,R,2022-12-01,-12.6
E,C20,R,2023-01-01,7
E,C20,R,2023-02-01,-4.5
E,C20,R,2023-03-01,2.9
E,C20,R,2023-04-01,-12.9
E,C20,R,2023-05-01,-3.4
E,C20,R,2023-06-01,7.3
E,C20,R,2023-07-01,-6.3
E,C20,R,2023-08-01,-3.3
E,C20,R,2023-09-01,-9.6
E,C20,R,2023-10-01,-1.4
E,C20,R,2023-11-01,-2.6
E,C20,R,2023-12-01,73.5
E,C20,R,2024-01-01,-18.6
E,C20,R,2024-02-01,6.1
E,C20,R,2024-03-01,3.6
E,C20,R,2024-04-01,12.2
E,C20,R,2024-05-01,2.9
E,C20,R,2024-06-01,0.4
E,C20,R,2024-07-01,15.7
E,C20,R,2024-08-01,11.5
E,C20,R,2024-09-01,33.2
E,C20,R,2024-10-01,3.7
E,C20,R,2024-11-01,12.7
E,C20,R,2024-12-01,-35
E,C20,R,2025-01-01,7.8
E,C20,R,2025-02-01,8
E,C20,R,2025-03-01,4.9
E,C20,R,2025-04-01,-4.7
E,C20,R,2025-05-01,2.7
E,C20,R,2025-06-01,-1.6
E,C20,R,2025-07-01,-1.7
E,C20,R,2025-08-01,-5.3
E,C20,R,2025-09-01,-6.9
E,C20,R,2025-10-01,-3.6
E,C20,R,2025-11-01,-1.1
E,C20,R,2025-12-01,4.8
E,C20,R,2026-01-01,41
E,C20,R,2026-02-01,0.5
E,C20,R,2026-03-01,0
E,C20,R,2026-04-01,14.9
E,C20,R,2026-05-01,9.1
E,C20,R,2026-06-01,13.7
E,C20,R,2026-07-01,11.4
E,C20,WMF,2012-01-01,1226.3451075410399
E,C20,WMF,2012-02-01,1203.40252522571
E,C20,WMF,2012-03-01,1203.16980015072
E,C20,WMF,2012-04-01,1230.53343246654
E,C20,WMF,2012-05-01,1264.13006959637
E,C20,WMF,2012-06-01,1295.8278661922
E,C20,WMF,2012-07-01,1321.20235123779
E,C20,WMF,2012-08-01,1312.14853449968
E,C20,WMF,2012-09-01,1308.07618476842
E,C20,WMF,2012-10-01,1251.87770043229
E,C20,WMF,2012-11-01,1351.39201045393
E,C20,WMF,2012-12-01,1186.9277573847799
E,C20,WMF,2013-01-01,1249.5432249362
E,C20,WMF,2013-02-01,1338.42521606606
E,C20,WMF,2013-03-01,1276.26397933805
E,C20,WMF,2013-04-01,1260.64398427075
E,C20,WMF,2013-05-01,1483.51060081424
E,C20,WMF,2013-06-01,1269.95967944462
E,C20,WMF,2013-07-01,1238.31741932709
E,C20,WMF,2013-08-01,1251.50915212003
E,C20,WMF,2013-09-01,1315.7540136751002
E,C20,WMF,2013-10-01,1334.4193591753099
E,C20,WMF,2013-11-01,1515.08320554819
E,C20,WMF,2013-12-01,1594.9853360495702
E,C20,WMF,2014-01-01,1549.06733419328
E,C20,WMF,2014-02-01,1303.49659995827
E,C20,WMF,2014-03-01,1414.9896259625
E,C20,WMF,2014-04-01,1412.30107021173
E,C20,WMF,2014-05-01,1384.95902705462
E,C20,WMF,2014-06-01,1660.55188575657
E,C20,WMF,2014-07-01,1422.89694008928
E,C20,WMF,2014-08-01,1345.39612127998
E,C20,WMF,2014-09-01,1172.51164648915
E,C20,WMF,2014-10-01,1260.10247469506
E,C20,WMF,2014-11-01,1142.1465604860598
E,C20,WMF,2014-12-01,1182.3119651101101
E,C20,WMF,2015-01-01,1042.13576781346
E,C20,WMF,2015-02-01,1152.3428358989602
E,C20,WMF,2015-03-01,1138.37870877537
E,C20,WMF,2015-04-01,1138.96279332233
E,C20,WMF,2015-05-01,1045.22088692106
E,C20,WMF,2015-06-01,1058.40094563909
E,C20,WMF,2015-07-01,1004.66307711732
E,C20,WMF,2015-08-01,972.907696224521
E,C20,WMF,2015-09-01,1092.25031974678
E,C20,WMF,2015-10-01,1145.80345018017
E,C20,WMF,2015-11-01,1143.11348788717
E,C20,WMF,2015-12-01,1149.18505377896
E,C20,WMF,2016-01-01,1269.3985350643
E,C20,WMF,2016-02-01,1078.38176679943
E,C20,WMF,2016-03-01,1180.03502164894
E,C20,WMF,2016-04-01,1460.01073491784
E,C20,WMF,2016-05-01,1182.03620752248
E,C20,WMF,2016-06-01,1158.14827229909
E,C20,WMF,2016-07-01,1195.94295307914
E,C20,WMF,2016-08-01,1264.04975693159
E,C20,WMF,2016-09-01,1295.43495861519
E,C20,WMF,2016-10-01,1072.53275438192
E,C20,WMF,2016-11-01,1009.23030922979
E,C20,WMF,2016-12-01,1034.15240243668
E,C20,WMF,2017-01-01,975.322973947649
E,C20,WMF,2017-02-01,1071.33411808553
E,C20,WMF,2017-03-01,1107.5566378743702
E,C20,WMF,2017-04-01,1050.1630793557201
E,C20,WMF,2017-05-01,1205.83994541477
E,C20,WMF,2017-06-01,1114.88384185827
E,C20,WMF,2017-07-01,1352.4499981986598
E,C20,WMF,2017-08-01,1329.22843215977
E,C20,WMF,2017-09-01,1177.40927807107
E,C20,WMF,2017-10-01,1172.46950184603
E,C20,WMF,2017-11-01,1272.69396980702
E,C20,WMF,2017-12-01,1154.20379415605
E,C20,WMF,2018-01-01,1271.18778301776
E,C20,WMF,2018-02-01,1171.7760844140698
E,C20,WMF,2018-03-01,1183.4425861452798
E,C20,WMF,2018-04-01,1201.95793586753
E,C20,WMF,2018-05-01,1372.41029172535
E,C20,WMF,2018-06-01,1267.40611907738
E,C20,WMF,2018-07-01,1158.33174816896
E,C20,WMF,2018-08-01,1170.5705362781998
E,C20,WMF,2018-09-01,1461.6112605665
E,C20,WMF,2018-10-01,1306.50895471542
E,C20,WMF,2018-11-01,1210.13487616186
E,C20,WMF,2018-12-01,1338.33502516676
E,C20,WMF,2019-01-01,1344.8601774081399
E,C20,WMF,2019-02-01,1332.80811189521
E,C20,WMF,2019-03-01,1302.61592720677
E,C20,WMF,2019-04-01,1382.5883040368499
E,C20,WMF,2019-05-01,1307.6308292853798
E,C20,WMF,2019-06-01,1548.3598420109101
E,C20,WMF,2019-07-01,1297.09822193798
E,C20,WMF,2019-08-01,1196.13756463897
E,C20,WMF,2019-09-01,1277.69941859441
E,C20,WMF,2019-10-01,1203.7154058838
E,C20,WMF,2019-11-01,1194.65484245167
E,C20,WMF,2019-12-01,1274.82103884197
E,C20,WMF,2020-01-01,1109.1800686162
E,C20,WMF,2020-02-01,1219.40305238437
E,C20,WMF,2020-03-01,1138.8663431510602
E,C20,WMF,2020-04-01,1108.72989530913
E,C20,WMF,2020-05-01,970.344441677426
E,C20,WMF,2020-06-01,1055.6793388396
E,C20,WMF,2020-07-01,1077.25738183878
E,C20,WMF,2020-08-01,1106.4768725895199
E,C20,WMF,2020-09-01,1185.8121189835501
E,C20,WMF,2020-10-01,1224.12771324344
E,C20,WMF,2020-11-01,1201.6557077034
E,C20,WMF,2020-12-01,1107.7438053013
E,C20,WMF,2021-01-01,1140.37115072717
E,C20,WMF,2021-02-01,1106.64274521335
E,C20,WMF,2021-03-01,1208.09803376051
E,C20,WMF,2021-04-01,1215.30099095471
E,C20,WMF,2021-05-01,1246.74709360463
E,C20,WMF,2021-06-01,1257.2877301961
E,C20,WMF,2021-07-01,1284.3701453559302
E,C20,WMF,2021-08-01,1344.9034504386302
E,C20,WMF,2021-09-01,1321.4601818598799
E,C20,WMF,2021-10-01,1302.9201955283202
E,C20,WMF,2021-11-01,1382.25158373718
E,C20,WMF,2021-12-01,1335.4297086311199
E,C20,WMF,2022-01-01,1402.8335207105702
E,C20,WMF,2022-02-01,1446.8068049014498
E,C20,WMF,2022-03-01,1470.3835423314
E,C20,WMF,2022-04-01,1447.75159663657
E,C20,WMF,2022-05-01,1438.80557578613
E,C20,WMF,2022-06-01,1471.7962111324698
E,C20,WMF,2022-07-01,1498.07872057568
E,C20,WMF,2022-08-01,1416.87682038953
E,C20,WMF,2022-09-01,1356.80231014398
E,C20,WMF,2022-10-01,1409.38360901547
E,C20,WMF,2022-11-01,1399.6914142116
E,C20,WMF,2022-12-01,1409.80620400262
E,C20,WMF,2023-01-01,1642.4907005183402
E,C20,WMF,2023-02-01,1367.06294483081
E,C20,WMF,2023-03-01,1322.82401917152
E,C20,WMF,2023-04-01,1286.08653608591
E,C20,WMF,2023-05-01,1302.98699423978
E,C20,WMF,2023-06-01,1379.34764344614
E,C20,WMF,2023-07-01,1202.1763968103398
E,C20,WMF,2023-08-01,1269.90441922333
E,C20,WMF,2023-09-01,1141.4303145833098
E,C20,WMF,2023-10-01,1228.84635566273
E,C20,WMF,2023-11-01,1177.25532703548
E,C20,WMF,2023-12-01,1284.66793244872
E,C20,WMF,2024-01-01,1200.1121055146
E,C20,WMF,2024-02-01,1230.36832376897
E,C20,WMF,2024-03-01,1193.03819985586
E,C20,WMF,2024-04-01,1255.56679631994
E,C20,WMF,2024-05-01,1239.9919296759701
E,C20,WMF,2024-06-01,1189.69991001509
E,C20,WMF,2024-07-01,1196.44422792176
E,C20,WMF,2024-08-01,1133.65929709163
E,C20,WMF,2024-09-01,1359.45183773703
E,C20,WMF,2024-10-01,1205.3369849036
E,C20,WMF,2024-11-01,1235.9108769884501
E,C20,WMF,2024-12-01,1217.16854561551
E,C20,WMF,2025-01-01,1179.81367679846
E,C20,WMF,2025-02-01,1243.1205454216001
E,C20,WMF,2025-03-01,1251.70493363074
E,C20,WMF,2025-04-01,1145.81085695409
E,C20,WMF,2025-05-01,1164.16296164367
E,C20,WMF,2025-06-01,1156.18610745672
E,C20,WMF,2025-07-01,1209.1730336949001
E,C20,WMF,2025-08-01,1131.02821837447
E,C20,WMF,2025-09-01,1163.5700924479102
E,C20,WMF,2025-10-01,1162.2958680095
E,C20,WMF,2025-11-01,1162.82348723522
E,C20,WMF,2025-12-01,1212.82272945928
E,C20,WMF,2026-01-01,1573.50520460294
E,C20,WMF,2026-02-01,1234.08450761152
E,C20,WMF,2026-03-01,1198.2656621456201
E,C20,WMF,2026-04-01,1336.21234521095
E,C20,WMF,2026-05-01,1326.48770217095
E,C20,WMF,2026-06-01,1422.78554761699
E,C20,WMF,2026-07-01,1372.40064490089
E,C21,R,2013-01-01,-26.9
E,C21,R,2013-02-01,6.3
E,C21,R,2013-03-01,11.1
E,C21,R,2013-04-01,7.9
E,C21,R,2013-05-01,3.6
E,C21,R,2013-06-01,-5.5
E,C21,R,2013-07-01,49.4
E,C21,R,2013-08-01,-9.5
E,C21,R,2013-09-01,-3.5
E,C21,R,2013-10-01,7.9
E,C21,R,2013-11-01,0.4
E,C21,R,2013-12-01,32
E,C21,R,2014-01-01,-0.3
E,C21,R,2014-02-01,28.7
E,C21,R,2014-03-01,-9.3
E,C21,R,2014-04-01,14.2
E,C21,R,2014-05-01,-16.6
E,C21,R,2014-06-01,63.7
E,C21,R,2014-07-01,-25.4
E,C21,R,2014-08-01,34.8
E,C21,R,2014-09-01,-6.1
E,C21,R,2014-10-01,14.9
E,C21,R,2014-11-01,-15.5
E,C21,R,2014-12-01,-8.9
E,C21,R,2015-01-01,22.1
E,C21,R,2015-02-01,12.1
E,C21,R,2015-03-01,11.9
E,C21,R,2015-04-01,-16.9
E,C21,R,2015-05-01,-4.2
E,C21,R,2015-06-01,-24.5
E,C21,R,2015-07-01,-0.6
E,C21,R,2015-08-01,-31
E,C21,R,2015-09-01,-10.1
E,C21,R,2015-10-01,0
E,C21,R,2015-11-01,43.9
E,C21,R,2015-12-01,-5.3
E,C21,R,2016-01-01,-12.8
E,C21,R,2016-02-01,-20.6
E,C21,R,2016-03-01,19.5
E,C21,R,2016-04-01,34
E,C21,R,2016-05-01,18.1
E,C21,R,2016-06-01,-10.5
E,C21,R,2016-07-01,38.9
E,C21,R,2016-08-01,5.1
E,C21,R,2016-09-01,21.3
E,C21,R,2016-10-01,9.7
E,C21,R,2016-11-01,-7.7
E,C21,R,2016-12-01,18.8
E,C21,R,2017-01-01,12.1
E,C21,R,2017-02-01,9.7
E,C21,R,2017-03-01,-8.2
E,C21,R,2017-04-01,4.8
E,C21,R,2017-05-01,32.8
E,C21,R,2017-06-01,-46.9
E,C21,R,2017-07-01,-11.9
E,C21,R,2017-08-01,27.8
E,C21,R,2017-09-01,11.2
E,C21,R,2017-10-01,-1.7
E,C21,R,2017-11-01,20.4
E,C21,R,2017-12-01,0.6
E,C21,R,2018-01-01,25.8
E,C21,R,2018-02-01,-17.2
E,C21,R,2018-03-01,26.6
E,C21,R,2018-04-01,-0.8
E,C21,R,2018-05-01,-10.8
E,C21,R,2018-06-01,187
E,C21,R,2018-07-01,-3.8
E,C21,R,2018-08-01,12.7
E,C21,R,2018-09-01,-0.6
E,C21,R,2018-10-01,-5.5
E,C21,R,2018-11-01,-17.1
E,C21,R,2018-12-01,-55.4
E,C21,R,2019-01-01,-18.6
E,C21,R,2019-02-01,54.6
E,C21,R,2019-03-01,-17.6
E,C21,R,2019-04-01,-4.3
E,C21,R,2019-05-01,4.1
E,C21,R,2019-06-01,-4.7
E,C21,R,2019-07-01,4.9
E,C21,R,2019-08-01,-3.7
E,C21,R,2019-09-01,-4.9
E,C21,R,2019-10-01,6.3
E,C21,R,2019-11-01,-3.7
E,C21,R,2019-12-01,117.1
E,C21,R,2020-01-01,-29.5
E,C21,R,2020-02-01,-21.1
E,C21,R,2020-03-01,-1.8
E,C21,R,2020-04-01,-14.6
E,C21,R,2020-05-01,-24.9
E,C21,R,2020-06-01,-25.9
E,C21,R,2020-07-01,-14
E,C21,R,2020-08-01,-29.4
E,C21,R,2020-09-01,-6.4
E,C21,R,2020-10-01,-8.9
E,C21,R,2020-11-01,-4.3
E,C21,R,2020-12-01,-19.1
E,C21,R,2021-01-01,27.3
E,C21,R,2021-02-01,-15.4
E,C21,R,2021-03-01,-21.6
E,C21,R,2021-04-01,16.7
E,C21,R,2021-05-01,5.9
E,C21,R,2021-06-01,-5.9
E,C21,R,2021-07-01,-5.4
E,C21,R,2021-08-01,10.5
E,C21,R,2021-09-01,-2.1
E,C21,R,2021-10-01,-5.3
E,C21,R,2021-11-01,0.2
E,C21,R,2021-12-01,14
E,C21,R,2022-01-01,6.8
E,C21,R,2022-02-01,0.2
E,C21,R,2022-03-01,24.3
E,C21,R,2022-04-01,-22.3
E,C21,R,2022-05-01,12.4
E,C21,R,2022-06-01,19.5
E,C21,R,2022-07-01,12.3
E,C21,R,2022-08-01,7.8
E,C21,R,2022-09-01,4.3
E,C21,R,2022-10-01,-5.3
E,C21,R,2022-11-01,5
E,C21,R,2022-12-01,-2.7
E,C21,R,2023-01-01,-2.4
E,C21,R,2023-02-01,16.7
E,C21,R,2023-03-01,-4.6
E,C21,R,2023-04-01,17.5
E,C21,R,2023-05-01,-13.4
E,C21,R,2023-06-01,6.7
E,C21,R,2023-07-01,-6.5
E,C21,R,2023-08-01,7.5
E,C21,R,2023-09-01,3
E,C21,R,2023-10-01,7.2
E,C21,R,2023-11-01,8.5
E,C21,R,2023-12-01,12.5
E,C21,R,2024-01-01,45.6
E,C21,R,2024-02-01,24.2
E,C21,R,2024-03-01,2.7
E,C21,R,2024-04-01,12.2
E,C21,R,2024-05-01,15.6
E,C21,R,2024-06-01,-7.4
E,C21,R,2024-07-01,9.4
E,C21,R,2024-08-01,-4.2
E,C21,R,2024-09-01,-11.1
E,C21,R,2024-10-01,5.3
E,C21,R,2024-11-01,-25.4
E,C21,R,2024-12-01,-3.8
E,C21,R,2025-01-01,-33.9
E,C21,R,2025-02-01,-19.2
E,C21,R,2025-03-01,36.5
E,C21,R,2025-04-01,-14.1
E,C21,R,2025-05-01,-9.4
E,C21,R,2025-06-01,-4.5
E,C21,R,2025-07-01,-6
E,C21,R,2025-08-01,-5.5
E,C21,R,2025-09-01,18.2
E,C21,R,2025-10-01,10.3
E,C21,R,2025-11-01,36
E,C21,R,2025-12-01,-0.3
E,C21,R,2026-01-01,10.1
E,C21,R,2026-02-01,-15.3
E,C21,R,2026-03-01,-21.7
E,C21,R,2026-04-01,5.2
E,C21,R,2026-05-01,16.2
E,C21,R,2026-06-01,10.9
E,C21,R,2026-07-01,0.3
E,C21,WMF,2012-01-01,2523.490739
E,C21,WMF,2012-02-01,1526.133423
E,C21,WMF,2012-03-01,1752.428644
E,C21,WMF,2012-04-01,1970.937616
E,C21,WMF,2012-05-01,2283.704882
E,C21,WMF,2012-06-01,2065.079337
E,C21,WMF,2012-07-01,1823.706903
E,C21,WMF,2012-08-01,2385.218844
E,C21,WMF,2012-09-01,2017.975125
E,C21,WMF,2012-10-01,2094.983545
E,C21,WMF,2012-11-01,2190.246187
E,C21,WMF,2012-12-01,1811.067466
E,C21,WMF,2013-01-01,1953.024891
E,C21,WMF,2013-02-01,1758.196913
E,C21,WMF,2013-03-01,1817.90482
E,C21,WMF,2013-04-01,2224.71758
E,C21,WMF,2013-05-01,2491.164483
E,C21,WMF,2013-06-01,1925.398171
E,C21,WMF,2013-07-01,2724.5347
E,C21,WMF,2013-08-01,1930.62576
E,C21,WMF,2013-09-01,1905.484349
E,C21,WMF,2013-10-01,2398.429925
E,C21,WMF,2013-11-01,2474.847738
E,C21,WMF,2013-12-01,2248.664506
E,C21,WMF,2014-01-01,2001.707086
E,C21,WMF,2014-02-01,2270.91559
E,C21,WMF,2014-03-01,1852.694644
E,C21,WMF,2014-04-01,2355.692904
E,C21,WMF,2014-05-01,2041.174799
E,C21,WMF,2014-06-01,2988.765932
E,C21,WMF,2014-07-01,2134.911264
E,C21,WMF,2014-08-01,2609.723414
E,C21,WMF,2014-09-01,1892.971803
E,C21,WMF,2014-10-01,2507.641186
E,C21,WMF,2014-11-01,1826.270149
E,C21,WMF,2014-12-01,2466.942815
E,C21,WMF,2015-01-01,2096.585122
E,C21,WMF,2015-02-01,2469.76812
E,C21,WMF,2015-03-01,2069.26291
E,C21,WMF,2015-04-01,2273.304792
E,C21,WMF,2015-05-01,1489.11626
E,C21,WMF,2015-06-01,2333.953808
E,C21,WMF,2015-07-01,2161.006986
E,C21,WMF,2015-08-01,1563.246394
E,C21,WMF,2015-09-01,1785.145266
E,C21,WMF,2015-10-01,2399.287373
E,C21,WMF,2015-11-01,2774.111596
E,C21,WMF,2015-12-01,2315.493099
E,C21,WMF,2016-01-01,1873.767341
E,C21,WMF,2016-02-01,2107.803794
E,C21,WMF,2016-03-01,2538.764615
E,C21,WMF,2016-04-01,3116.559336
E,C21,WMF,2016-05-01,2136.074122
E,C21,WMF,2016-06-01,2293.99486
E,C21,WMF,2016-07-01,2717.597847
E,C21,WMF,2016-08-01,2319.362987
E,C21,WMF,2016-09-01,2086.414668
E,C21,WMF,2016-10-01,2985.857807
E,C21,WMF,2016-11-01,2724.310833
E,C21,WMF,2016-12-01,2641.289808
E,C21,WMF,2017-01-01,2251.645338
E,C21,WMF,2017-02-01,2512.279343
E,C21,WMF,2017-03-01,2615.861821
E,C21,WMF,2017-04-01,2924.924099
E,C21,WMF,2017-05-01,3258.252843
E,C21,WMF,2017-06-01,3196.268058
E,C21,WMF,2017-07-01,2911.803749
E,C21,WMF,2017-08-01,2681.182656
E,C21,WMF,2017-09-01,2394.736771
E,C21,WMF,2017-10-01,2934.643654
E,C21,WMF,2017-11-01,3059.595317
E,C21,WMF,2017-12-01,2271.237293
E,C21,WMF,2018-01-01,3422.043872
E,C21,WMF,2018-02-01,2601.135333
E,C21,WMF,2018-03-01,3451.672729
E,C21,WMF,2018-04-01,2999.202318
E,C21,WMF,2018-05-01,2913.052871
E,C21,WMF,2018-06-01,3379.992191
E,C21,WMF,2018-07-01,2853.894519
E,C21,WMF,2018-08-01,2941.233439
E,C21,WMF,2018-09-01,2280.202965
E,C21,WMF,2018-10-01,2906.983739
E,C21,WMF,2018-11-01,2845.068659
E,C21,WMF,2018-12-01,2807.000066
E,C21,WMF,2019-01-01,3035.27699
E,C21,WMF,2019-02-01,3158.086997
E,C21,WMF,2019-03-01,2980.620011
E,C21,WMF,2019-04-01,3070.174355
E,C21,WMF,2019-05-01,3208.655617
E,C21,WMF,2019-06-01,3276.411642
E,C21,WMF,2019-07-01,3364.986887
E,C21,WMF,2019-08-01,3065.842268
E,C21,WMF,2019-09-01,2761.117381
E,C21,WMF,2019-10-01,3549.079816
E,C21,WMF,2019-11-01,2825.843022
E,C21,WMF,2019-12-01,2973.703641
E,C21,WMF,2020-01-01,3289.708269
E,C21,WMF,2020-02-01,3039.309403
E,C21,WMF,2020-03-01,4051.642345
E,C21,WMF,2020-04-01,3137.650669
E,C21,WMF,2020-05-01,2980.451905
E,C21,WMF,2020-06-01,3210.752946
E,C21,WMF,2020-07-01,3663.576427
E,C21,WMF,2020-08-01,2454.766142
E,C21,WMF,2020-09-01,2980.765995
E,C21,WMF,2020-10-01,3111.457064
E,C21,WMF,2020-11-01,3145.571639
E,C21,WMF,2020-12-01,2908.682617
E,C21,WMF,2021-01-01,3030.382831
E,C21,WMF,2021-02-01,3119.032039
E,C21,WMF,2021-03-01,3413.72972
E,C21,WMF,2021-04-01,3533.755687
E,C21,WMF,2021-05-01,3282.725007
E,C21,WMF,2021-06-01,3313.120424
E,C21,WMF,2021-07-01,3628.866055
E,C21,WMF,2021-08-01,3169.326245
E,C21,WMF,2021-09-01,3349.545982
E,C21,WMF,2021-10-01,2966.927577
E,C21,WMF,2021-11-01,3712.791879
E,C21,WMF,2021-12-01,3439.388242
E,C21,WMF,2022-01-01,3951.086889
E,C21,WMF,2022-02-01,3528.230302
E,C21,WMF,2022-03-01,4590.193185
E,C21,WMF,2022-04-01,3150.022867
E,C21,WMF,2022-05-01,4552.910252
E,C21,WMF,2022-06-01,4587.167813
E,C21,WMF,2022-07-01,4417.360262
E,C21,WMF,2022-08-01,3723.015868
E,C21,WMF,2022-09-01,4231.086719
E,C21,WMF,2022-10-01,3667.904017
E,C21,WMF,2022-11-01,4322.246194
E,C21,WMF,2022-12-01,3567.220298
E,C21,WMF,2023-01-01,4111.588879
E,C21,WMF,2023-02-01,4664.759268
E,C21,WMF,2023-03-01,4989.559933
E,C21,WMF,2023-04-01,3850.413079
E,C21,WMF,2023-05-01,3502.034961
E,C21,WMF,2023-06-01,4808.516993
E,C21,WMF,2023-07-01,4279.313817
E,C21,WMF,2023-08-01,4213.456669
E,C21,WMF,2023-09-01,4605.704247
E,C21,WMF,2023-10-01,4114.693445
E,C21,WMF,2023-11-01,5864.665977
E,C21,WMF,2023-12-01,5223.578361
E,C21,WMF,2024-01-01,5127.461182
E,C21,WMF,2024-02-01,4876.812138
E,C21,WMF,2024-03-01,4730.392152
E,C21,WMF,2024-04-01,5912.686053
E,C21,WMF,2024-05-01,5450.427198
E,C21,WMF,2024-06-01,4821.500154
E,C21,WMF,2024-07-01,5417.941967
E,C21,WMF,2024-08-01,4700.100788
E,C21,WMF,2024-09-01,4414.593453
E,C21,WMF,2024-10-01,5304.822308
E,C21,WMF,2024-11-01,4547.884726
E,C21,WMF,2024-12-01,5714.336888
E,C21,WMF,2025-01-01,5048.294865
E,C21,WMF,2025-02-01,6419.722548
E,C21,WMF,2025-03-01,8994.608647
E,C21,WMF,2025-04-01,5588.651517
E,C21,WMF,2025-05-01,5806.207367
E,C21,WMF,2025-06-01,4992.805153
E,C21,WMF,2025-07-01,4600.568504
E,C21,WMF,2025-08-01,3774.742625
E,C21,WMF,2025-09-01,6202.84621
E,C21,WMF,2025-10-01,6431.718754
E,C21,WMF,2025-11-01,5910.504052
E,C21,WMF,2025-12-01,5817.884051
E,C21,WMF,2026-01-01,5481.414721
E,C21,WMF,2026-02-01,4176.946968
E,C21,WMF,2026-03-01,6145.118592
E,C21,WMF,2026-04-01,4857.552201
E,C21,WMF,2026-05-01,5602.422438
E,C21,WMF,2026-06-01,6268.710005
E,C21,WMF,2026-07-01,5530.967363
E,C22,R,2013-01-01,5.4
E,C22,R,2013-02-01,3.6
E,C22,R,2013-03-01,0.3
E,C22,R,2013-04-01,1.4
E,C22,R,2013-05-01,2
E,C22,R,2013-06-01,2.1
E,C22,R,2013-07-01,0.6
E,C22,R,2013-08-01,2.3
E,C22,R,2013-09-01,2.9
E,C22,R,2013-10-01,2.6
E,C22,R,2013-11-01,2.4
E,C22,R,2013-12-01,4.9
E,C22,R,2014-01-01,4.5
E,C22,R,2014-02-01,8.2
E,C22,R,2014-03-01,3.6
E,C22,R,2014-04-01,6.4
E,C22,R,2014-05-01,0.3
E,C22,R,2014-06-01,3.4
E,C22,R,2014-07-01,2.7
E,C22,R,2014-08-01,-1.2
E,C22,R,2014-09-01,-0.4
E,C22,R,2014-10-01,-1.3
E,C22,R,2014-11-01,1.5
E,C22,R,2014-12-01,-2.7
E,C22,R,2015-01-01,0.7
E,C22,R,2015-02-01,-7.3
E,C22,R,2015-03-01,-0.9
E,C22,R,2015-04-01,-7.7
E,C22,R,2015-05-01,-0.1
E,C22,R,2015-06-01,-1.6
E,C22,R,2015-07-01,-1.5
E,C22,R,2015-08-01,-2.5
E,C22,R,2015-09-01,-0.4
E,C22,R,2015-10-01,2.8
E,C22,R,2015-11-01,1
E,C22,R,2015-12-01,2.4
E,C22,R,2016-01-01,-1.4
E,C22,R,2016-02-01,9
E,C22,R,2016-03-01,3.7
E,C22,R,2016-04-01,7.3
E,C22,R,2016-05-01,4.7
E,C22,R,2016-06-01,1.7
E,C22,R,2016-07-01,1.7
E,C22,R,2016-08-01,4
E,C22,R,2016-09-01,0.1
E,C22,R,2016-10-01,-0.1
E,C22,R,2016-11-01,-1.4
E,C22,R,2016-12-01,9
E,C22,R,2017-01-01,-0.8
E,C22,R,2017-02-01,-4.5
E,C22,R,2017-03-01,-0.4
E,C22,R,2017-04-01,0.3
E,C22,R,2017-05-01,0.4
E,C22,R,2017-06-01,2.8
E,C22,R,2017-07-01,3.3
E,C22,R,2017-08-01,5.7
E,C22,R,2017-09-01,6.6
E,C22,R,2017-10-01,4.9
E,C22,R,2017-11-01,8.9
E,C22,R,2017-12-01,7.8
E,C22,R,2018-01-01,8.3
E,C22,R,2018-02-01,6.3
E,C22,R,2018-03-01,4.1
E,C22,R,2018-04-01,3.8
E,C22,R,2018-05-01,4.3
E,C22,R,2018-06-01,5.2
E,C22,R,2018-07-01,4
E,C22,R,2018-08-01,2.3
E,C22,R,2018-09-01,3.3
E,C22,R,2018-10-01,1.2
E,C22,R,2018-11-01,-2.8
E,C22,R,2018-12-01,-9.3
E,C22,R,2019-01-01,2.2
E,C22,R,2019-02-01,-1.6
E,C22,R,2019-03-01,-3.5
E,C22,R,2019-04-01,-0.7
E,C22,R,2019-05-01,-3.8
E,C22,R,2019-06-01,-5
E,C22,R,2019-07-01,-3.4
E,C22,R,2019-08-01,-3.7
E,C22,R,2019-09-01,-5.8
E,C22,R,2019-10-01,-3.7
E,C22,R,2019-11-01,-3
E,C22,R,2019-12-01,-4.5
E,C22,R,2020-01-01,-2.7
E,C22,R,2020-02-01,-2.2
E,C22,R,2020-03-01,0.5
E,C22,R,2020-04-01,-10.5
E,C22,R,2020-05-01,-3.3
E,C22,R,2020-06-01,-2
E,C22,R,2020-07-01,-0.6
E,C22,R,2020-08-01,-1.7
E,C22,R,2020-09-01,1.2
E,C22,R,2020-10-01,0.9
E,C22,R,2020-11-01,2.2
E,C22,R,2020-12-01,-1
E,C22,R,2021-01-01,-4.3
E,C22,R,2021-02-01,-0.5
E,C22,R,2021-03-01,8.5
E,C22,R,2021-04-01,17.8
E,C22,R,2021-05-01,12.3
E,C22,R,2021-06-01,6.3
E,C22,R,2021-07-01,3.2
E,C22,R,2021-08-01,6.7
E,C22,R,2021-09-01,3.2
E,C22,R,2021-10-01,3.1
E,C22,R,2021-11-01,2.1
E,C22,R,2021-12-01,9.2
E,C22,R,2022-01-01,4
E,C22,R,2022-02-01,7.7
E,C22,R,2022-03-01,-4.1
E,C22,R,2022-04-01,-1.5
E,C22,R,2022-05-01,-0.2
E,C22,R,2022-06-01,3.7
E,C22,R,2022-07-01,2.6
E,C22,R,2022-08-01,-1.8
E,C22,R,2022-09-01,-2
E,C22,R,2022-10-01,-2.2
E,C22,R,2022-11-01,-0.8
E,C22,R,2022-12-01,-5.7
E,C22,R,2023-01-01,-3.7
E,C22,R,2023-02-01,-8.6
E,C22,R,2023-03-01,-6.8
E,C22,R,2023-04-01,-11.7
E,C22,R,2023-05-01,-13.7
E,C22,R,2023-06-01,-14.7
E,C22,R,2023-07-01,-13.1
E,C22,R,2023-08-01,-9.7
E,C22,R,2023-09-01,-9.2
E,C22,R,2023-10-01,-6.8
E,C22,R,2023-11-01,-9.2
E,C22,R,2023-12-01,-2.3
E,C22,R,2024-01-01,-4.8
E,C22,R,2024-02-01,-1.9
E,C22,R,2024-03-01,0.5
E,C22,R,2024-04-01,6.4
E,C22,R,2024-05-01,0.7
E,C22,R,2024-06-01,6.1
E,C22,R,2024-07-01,3.2
E,C22,R,2024-08-01,3.9
E,C22,R,2024-09-01,6.9
E,C22,R,2024-10-01,4.4
E,C22,R,2024-11-01,7.6
E,C22,R,2024-12-01,0
E,C22,R,2025-01-01,3.9
E,C22,R,2025-02-01,2.7
E,C22,R,2025-03-01,1.7
E,C22,R,2025-04-01,0.2
E,C22,R,2025-05-01,3
E,C22,R,2025-06-01,-1.9
E,C22,R,2025-07-01,3.4
E,C22,R,2025-08-01,1
E,C22,R,2025-09-01,-0.5
E,C22,R,2025-10-01,-1.4
E,C22,R,2025-11-01,-2.3
E,C22,R,2025-12-01,-0.5
E,C22,R,2026-01-01,1.3
E,C22,R,2026-02-01,0.7
E,C22,R,2026-03-01,2.3
E,C22,R,2026-04-01,0.9
E,C22,R,2026-05-01,4.8
E,C22,R,2026-06-01,4.8
E,C22,R,2026-07-01,2.2
E,C22,WMF,2012-01-01,412.92596486087103
E,C22,WMF,2012-02-01,429.103666230416
E,C22,WMF,2012-03-01,443.609042684963
E,C22,WMF,2012-04-01,451.670662080363
E,C22,WMF,2012-05-01,455.283171912626
E,C22,WMF,2012-06-01,445.718295061437
E,C22,WMF,2012-07-01,458.524594647556
E,C22,WMF,2012-08-01,456.394701994524
E,C22,WMF,2012-09-01,449.48055585904905
E,C22,WMF,2012-10-01,448.768268347692
E,C22,WMF,2012-11-01,439.207415686396
E,C22,WMF,2012-12-01,439.950710512376
E,C22,WMF,2013-01-01,451.36268312066903
E,C22,WMF,2013-02-01,456.446191914613
E,C22,WMF,2013-03-01,459.290585677884
E,C22,WMF,2013-04-01,456.847168149375
E,C22,WMF,2013-05-01,464.68813226821203
E,C22,WMF,2013-06-01,460.23530478978597
E,C22,WMF,2013-07-01,457.852650212394
E,C22,WMF,2013-08-01,462.713137758165
E,C22,WMF,2013-09-01,467.255981495734
E,C22,WMF,2013-10-01,461.10157247998296
E,C22,WMF,2013-11-01,456.390429131305
E,C22,WMF,2013-12-01,461.847149765799
E,C22,WMF,2014-01-01,471.147641093176
E,C22,WMF,2014-02-01,487.751926785843
E,C22,WMF,2014-03-01,465.501206602871
E,C22,WMF,2014-04-01,478.448285103934
E,C22,WMF,2014-05-01,462.63398717622
E,C22,WMF,2014-06-01,470.463493437195
E,C22,WMF,2014-07-01,462.726834196389
E,C22,WMF,2014-08-01,462.648488018923
E,C22,WMF,2014-09-01,458.968042973622
E,C22,WMF,2014-10-01,454.886336412701
E,C22,WMF,2014-11-01,459.656710154635
E,C22,WMF,2014-12-01,455.154646776053
E,C22,WMF,2015-01-01,439.65637545207
E,C22,WMF,2015-02-01,422.616387184133
E,C22,WMF,2015-03-01,417.291804400976
E,C22,WMF,2015-04-01,405.342788924751
E,C22,WMF,2015-05-01,407.507198331373
E,C22,WMF,2015-06-01,417.59393683008
E,C22,WMF,2015-07-01,420.833680199494
E,C22,WMF,2015-08-01,413.055245844144
E,C22,WMF,2015-09-01,425.980890077177
E,C22,WMF,2015-10-01,428.648945785393
E,C22,WMF,2015-11-01,434.644718671749
E,C22,WMF,2015-12-01,427.827007029517
E,C22,WMF,2016-01-01,429.668366288426
E,C22,WMF,2016-02-01,451.481714152895
E,C22,WMF,2016-03-01,440.189305004383
E,C22,WMF,2016-04-01,435.299327449872
E,C22,WMF,2016-05-01,443.21696457251903
E,C22,WMF,2016-06-01,437.3723673032
E,C22,WMF,2016-07-01,430.03085486204395
E,C22,WMF,2016-08-01,431.933495514074
E,C22,WMF,2016-09-01,426.939147989779
E,C22,WMF,2016-10-01,435.806795199892
E,C22,WMF,2016-11-01,427.42777095806497
E,C22,WMF,2016-12-01,462.789005964118
E,C22,WMF,2017-01-01,432.37991739295603
E,C22,WMF,2017-02-01,435.22335045647196
E,C22,WMF,2017-03-01,445.853336074809
E,C22,WMF,2017-04-01,446.615767140835
E,C22,WMF,2017-05-01,453.995768012113
E,C22,WMF,2017-06-01,449.611907223031
E,C22,WMF,2017-07-01,461.497835758382
E,C22,WMF,2017-08-01,479.85614381588397
E,C22,WMF,2017-09-01,478.90581267392304
E,C22,WMF,2017-10-01,479.011874399687
E,C22,WMF,2017-11-01,500.807141668392
E,C22,WMF,2017-12-01,530.108431953586
E,C22,WMF,2018-01-01,506.13229612615504
E,C22,WMF,2018-02-01,501.092607114356
E,C22,WMF,2018-03-01,497.339177442747
E,C22,WMF,2018-04-01,500.509762124977
E,C22,WMF,2018-05-01,497.91388119076595
E,C22,WMF,2018-06-01,505.081665533861
E,C22,WMF,2018-07-01,501.119269611434
E,C22,WMF,2018-08-01,496.28663618838
E,C22,WMF,2018-09-01,498.43307776794603
E,C22,WMF,2018-10-01,496.779032127675
E,C22,WMF,2018-11-01,490.02320374456195
E,C22,WMF,2018-12-01,499.32051889594
E,C22,WMF,2019-01-01,519.262444693912
E,C22,WMF,2019-02-01,499.968691777336
E,C22,WMF,2019-03-01,476.979956382025
E,C22,WMF,2019-04-01,493.920252729472
E,C22,WMF,2019-05-01,486.05301550440004
E,C22,WMF,2019-06-01,484.463644651779
E,C22,WMF,2019-07-01,484.727277937079
E,C22,WMF,2019-08-01,475.470765677114
E,C22,WMF,2019-09-01,477.231700891272
E,C22,WMF,2019-10-01,477.086293040966
E,C22,WMF,2019-11-01,469.10721704721396
E,C22,WMF,2019-12-01,464.33682400143
E,C22,WMF,2020-01-01,492.700300190279
E,C22,WMF,2020-02-01,468.435253196282
E,C22,WMF,2020-03-01,454.346200351525
E,C22,WMF,2020-04-01,423.80512281675
E,C22,WMF,2020-05-01,445.647015588781
E,C22,WMF,2020-06-01,460.670526685754
E,C22,WMF,2020-07-01,468.724242910332
E,C22,WMF,2020-08-01,466.343371203448
E,C22,WMF,2020-09-01,471.413749803023
E,C22,WMF,2020-10-01,475.69790437550597
E,C22,WMF,2020-11-01,486.03233907565
E,C22,WMF,2020-12-01,484.345682884068
E,C22,WMF,2021-01-01,490.806493168546
E,C22,WMF,2021-02-01,502.364241872442
E,C22,WMF,2021-03-01,540.107762717469
E,C22,WMF,2021-04-01,546.396916574106
E,C22,WMF,2021-05-01,558.956390582378
E,C22,WMF,2021-06-01,542.316870007972
E,C22,WMF,2021-07-01,542.9190284458509
E,C22,WMF,2021-08-01,563.033795737977
E,C22,WMF,2021-09-01,556.6454821709
E,C22,WMF,2021-10-01,553.7729433553
E,C22,WMF,2021-11-01,554.911742256822
E,C22,WMF,2021-12-01,559.218523975629
E,C22,WMF,2022-01-01,559.727273855775
E,C22,WMF,2022-02-01,576.131874561301
E,C22,WMF,2022-03-01,553.91095914544
E,C22,WMF,2022-04-01,571.916314413825
E,C22,WMF,2022-05-01,606.154328468758
E,C22,WMF,2022-06-01,606.8157400740121
E,C22,WMF,2022-07-01,584.991263708863
E,C22,WMF,2022-08-01,572.112112502937
E,C22,WMF,2022-09-01,573.4080703692259
E,C22,WMF,2022-10-01,572.250256309577
E,C22,WMF,2022-11-01,573.7402780880719
E,C22,WMF,2022-12-01,590.3707309606319
E,C22,WMF,2023-01-01,571.3126205690711
E,C22,WMF,2023-02-01,558.443944077574
E,C22,WMF,2023-03-01,540.870276106176
E,C22,WMF,2023-04-01,529.66495256413
E,C22,WMF,2023-05-01,531.060667584138
E,C22,WMF,2023-06-01,515.052262118648
E,C22,WMF,2023-07-01,515.951280239595
E,C22,WMF,2023-08-01,520.265574168435
E,C22,WMF,2023-09-01,508.85335222030596
E,C22,WMF,2023-10-01,522.148834355721
E,C22,WMF,2023-11-01,515.987134244384
E,C22,WMF,2023-12-01,532.947119497246
E,C22,WMF,2024-01-01,509.574012803605
E,C22,WMF,2024-02-01,504.803530612082
E,C22,WMF,2024-03-01,511.592292579728
E,C22,WMF,2024-04-01,516.462824194665
E,C22,WMF,2024-05-01,503.38358004772596
E,C22,WMF,2024-06-01,520.630107948456
E,C22,WMF,2024-07-01,516.92983882648
E,C22,WMF,2024-08-01,512.775075409828
E,C22,WMF,2024-09-01,520.959011746839
E,C22,WMF,2024-10-01,516.323659769687
E,C22,WMF,2024-11-01,518.9460239448771
E,C22,WMF,2024-12-01,519.599952643215
E,C22,WMF,2025-01-01,527.483202183133
E,C22,WMF,2025-02-01,529.9959230310819
E,C22,WMF,2025-03-01,527.841899378164
E,C22,WMF,2025-04-01,523.626184226424
E,C22,WMF,2025-05-01,511.19841991550203
E,C22,WMF,2025-06-01,509.78011771355403
E,C22,WMF,2025-07-01,512.9305040663791
E,C22,WMF,2025-08-01,518.847752328431
E,C22,WMF,2025-09-01,523.447070015565
E,C22,WMF,2025-10-01,515.692154838233
E,C22,WMF,2025-11-01,520.983525654287
E,C22,WMF,2025-12-01,515.260581997294
E,C22,WMF,2026-01-01,521.853649074196
E,C22,WMF,2026-02-01,519.915108634746
E,C22,WMF,2026-03-01,528.859314925274
E,C22,WMF,2026-04-01,531.854596563843
E,C22,WMF,2026-05-01,541.953156532106
E,C22,WMF,2026-06-01,546.049260029053
E,C22,WMF,2026-07-01,546.918078187352
E,C24,R,2013-01-01,4.9
E,C24,R,2013-02-01,7.6
E,C24,R,2013-03-01,1.6
E,C24,R,2013-04-01,-1.7
E,C24,R,2013-05-01,0.5
E,C24,R,2013-06-01,1.1
E,C24,R,2013-07-01,1.7
E,C24,R,2013-08-01,0.7
E,C24,R,2013-09-01,1.4
E,C24,R,2013-10-01,7.2
E,C24,R,2013-11-01,7.6
E,C24,R,2013-12-01,0.6
E,C24,R,2014-01-01,1.6
E,C24,R,2014-02-01,1.3
E,C24,R,2014-03-01,-0.6
E,C24,R,2014-04-01,5.7
E,C24,R,2014-05-01,1.8
E,C24,R,2014-06-01,9.4
E,C24,R,2014-07-01,1.6
E,C24,R,2014-08-01,3
E,C24,R,2014-09-01,8.3
E,C24,R,2014-10-01,-0.8
E,C24,R,2014-11-01,-0.6
E,C24,R,2014-12-01,1.2
E,C24,R,2015-01-01,-2.7
E,C24,R,2015-02-01,-4
E,C24,R,2015-03-01,1.7
E,C24,R,2015-04-01,-2.2
E,C24,R,2015-05-01,0.4
E,C24,R,2015-06-01,-7.3
E,C24,R,2015-07-01,-0.9
E,C24,R,2015-08-01,-2.3
E,C24,R,2015-09-01,-5.5
E,C24,R,2015-10-01,-0.6
E,C24,R,2015-11-01,2.5
E,C24,R,2015-12-01,-6.7
E,C24,R,2016-01-01,2.6
E,C24,R,2016-02-01,5.3
E,C24,R,2016-03-01,7.2
E,C24,R,2016-04-01,1.7
E,C24,R,2016-05-01,-0.1
E,C24,R,2016-06-01,4.2
E,C24,R,2016-07-01,7.8
E,C24,R,2016-08-01,10.9
E,C24,R,2016-09-01,8.2
E,C24,R,2016-10-01,6.3
E,C24,R,2016-11-01,0.9
E,C24,R,2016-12-01,17.7
E,C24,R,2017-01-01,1.9
E,C24,R,2017-02-01,3.5
E,C24,R,2017-03-01,0.5
E,C24,R,2017-04-01,4.8
E,C24,R,2017-05-01,10.3
E,C24,R,2017-06-01,5.9
E,C24,R,2017-07-01,3.8
E,C24,R,2017-08-01,0.4
E,C24,R,2017-09-01,4.7
E,C24,R,2017-10-01,7.6
E,C24,R,2017-11-01,14.2
E,C24,R,2017-12-01,12.5
E,C24,R,2018-01-01,14.6
E,C24,R,2018-02-01,10.6
E,C24,R,2018-03-01,5.5
E,C24,R,2018-04-01,5.5
E,C24,R,2018-05-01,1.2
E,C24,R,2018-06-01,5.9
E,C24,R,2018-07-01,2.5
E,C24,R,2018-08-01,1.9
E,C24,R,2018-09-01,-2.6
E,C24,R,2018-10-01,3.7
E,C24,R,2018-11-01,-6
E,C24,R,2018-12-01,-10.9
E,C24,R,2019-01-01,-3.5
E,C24,R,2019-02-01,-7
E,C24,R,2019-03-01,-2.6
E,C24,R,2019-04-01,-0.1
E,C24,R,2019-05-01,-1.4
E,C24,R,2019-06-01,-6
E,C24,R,2019-07-01,-9.1
E,C24,R,2019-08-01,-7.1
E,C24,R,2019-09-01,-4.9
E,C24,R,2019-10-01,-14.8
E,C24,R,2019-11-01,-8.1
E,C24,R,2019-12-01,-5.6
E,C24,R,2020-01-01,-8.7
E,C24,R,2020-02-01,-9.4
E,C24,R,2020-03-01,-12.2
E,C24,R,2020-04-01,-24.9
E,C24,R,2020-05-01,-19.8
E,C24,R,2020-06-01,-21.4
E,C24,R,2020-07-01,-12.6
E,C24,R,2020-08-01,-9.9
E,C24,R,2020-09-01,-8.7
E,C24,R,2020-10-01,-2.9
E,C24,R,2020-11-01,-4.8
E,C24,R,2020-12-01,-20.9
E,C24,R,2021-01-01,-5.5
E,C24,R,2021-02-01,1.8
E,C24,R,2021-03-01,5.4
E,C24,R,2021-04-01,24.8
E,C24,R,2021-05-01,18.7
E,C24,R,2021-06-01,29.8
E,C24,R,2021-07-01,19
E,C24,R,2021-08-01,11.1
E,C24,R,2021-09-01,12.9
E,C24,R,2021-10-01,9.4
E,C24,R,2021-11-01,13.2
E,C24,R,2021-12-01,32.1
E,C24,R,2022-01-01,9.9
E,C24,R,2022-02-01,10.1
E,C24,R,2022-03-01,8.8
E,C24,R,2022-04-01,3.4
E,C24,R,2022-05-01,7.3
E,C24,R,2022-06-01,0.5
E,C24,R,2022-07-01,1.4
E,C24,R,2022-08-01,6.8
E,C24,R,2022-09-01,1
E,C24,R,2022-10-01,-0.8
E,C24,R,2022-11-01,-9.4
E,C24,R,2022-12-01,-6.3
E,C24,R,2023-01-01,-4.2
E,C24,R,2023-02-01,-5.2
E,C24,R,2023-03-01,-1.1
E,C24,R,2023-04-01,-2.9
E,C24,R,2023-05-01,-9.1
E,C24,R,2023-06-01,-8.7
E,C24,R,2023-07-01,-2.2
E,C24,R,2023-08-01,-7.8
E,C24,R,2023-09-01,-6.5
E,C24,R,2023-10-01,-4.3
E,C24,R,2023-11-01,1
E,C24,R,2023-12-01,-13.2
E,C24,R,2024-01-01,-6.2
E,C24,R,2024-02-01,-5.5
E,C24,R,2024-03-01,-10.7
E,C24,R,2024-04-01,-6.1
E,C24,R,2024-05-01,-3.3
E,C24,R,2024-06-01,4.1
E,C24,R,2024-07-01,-12
E,C24,R,2024-08-01,-10.9
E,C24,R,2024-09-01,-8
E,C24,R,2024-10-01,-7.8
E,C24,R,2024-11-01,-4.1
E,C24,R,2024-12-01,12
E,C24,R,2025-01-01,4.6
E,C24,R,2025-02-01,-1.2
E,C24,R,2025-03-01,-0.2
E,C24,R,2025-04-01,-0.1
E,C24,R,2025-05-01,-0.3
E,C24,R,2025-06-01,-9
E,C24,R,2025-07-01,6.5
E,C24,R,2025-08-01,10.3
E,C24,R,2025-09-01,2
E,C24,R,2025-10-01,8
E,C24,R,2025-11-01,3.7
E,C24,R,2025-12-01,1.9
E,C24,R,2026-01-01,-1
E,C24,R,2026-02-01,1.2
E,C24,R,2026-03-01,2.2
E,C24,R,2026-04-01,-0.1
E,C24,R,2026-05-01,-2.2
E,C24,R,2026-06-01,1.6
E,C24,R,2026-07-01,-0.9
E,C24,WMF,2012-01-01,511.25355178131
E,C24,WMF,2012-02-01,501.230070083037
E,C24,WMF,2012-03-01,524.1940293770369
E,C24,WMF,2012-04-01,530.3341808656791
E,C24,WMF,2012-05-01,531.126646097026
E,C24,WMF,2012-06-01,514.547558563902
E,C24,WMF,2012-07-01,525.14447431877
E,C24,WMF,2012-08-01,528.027881770343
E,C24,WMF,2012-09-01,511.84040499684
E,C24,WMF,2012-10-01,509.361536419074
E,C24,WMF,2012-11-01,502.102479716755
E,C24,WMF,2012-12-01,508.131403548966
E,C24,WMF,2013-01-01,532.073343736737
E,C24,WMF,2013-02-01,529.597585438349
E,C24,WMF,2013-03-01,520.2710713398291
E,C24,WMF,2013-04-01,514.817857831386
E,C24,WMF,2013-05-01,514.5641020579429
E,C24,WMF,2013-06-01,504.840504367843
E,C24,WMF,2013-07-01,507.181886393746
E,C24,WMF,2013-08-01,500.90845314141296
E,C24,WMF,2013-09-01,494.701874189179
E,C24,WMF,2013-10-01,508.935851965539
E,C24,WMF,2013-11-01,499.043674989999
E,C24,WMF,2013-12-01,489.39987364581503
E,C24,WMF,2014-01-01,504.53882822982297
E,C24,WMF,2014-02-01,500.400381783463
E,C24,WMF,2014-03-01,488.131060384078
E,C24,WMF,2014-04-01,504.953469484475
E,C24,WMF,2014-05-01,495.87140163304196
E,C24,WMF,2014-06-01,518.472303677628
E,C24,WMF,2014-07-01,498.056102082825
E,C24,WMF,2014-08-01,498.923854876602
E,C24,WMF,2014-09-01,525.742150662444
E,C24,WMF,2014-10-01,497.621786454049
E,C24,WMF,2014-11-01,495.953860668372
E,C24,WMF,2014-12-01,498.41223465979704
E,C24,WMF,2015-01-01,465.810613202237
E,C24,WMF,2015-02-01,448.438371101969
E,C24,WMF,2015-03-01,461.29895232427197
E,C24,WMF,2015-04-01,456.259092502738
E,C24,WMF,2015-05-01,451.865481309936
E,C24,WMF,2015-06-01,445.764443594338
E,C24,WMF,2015-07-01,438.85895176923003
E,C24,WMF,2015-08-01,439.266233947571
E,C24,WMF,2015-09-01,434.39202729885295
E,C24,WMF,2015-10-01,430.769054806937
E,C24,WMF,2015-11-01,439.93833604120204
E,C24,WMF,2015-12-01,399.457229208949
E,C24,WMF,2016-01-01,424.039203160702
E,C24,WMF,2016-02-01,433.072120150577
E,C24,WMF,2016-03-01,443.723263699564
E,C24,WMF,2016-04-01,424.22437692656797
E,C24,WMF,2016-05-01,425.052697536797
E,C24,WMF,2016-06-01,433.488397231863
E,C24,WMF,2016-07-01,449.934990891665
E,C24,WMF,2016-08-01,472.87849300854
E,C24,WMF,2016-09-01,457.12648157343205
E,C24,WMF,2016-10-01,447.897574762199
E,C24,WMF,2016-11-01,441.12962092680596
E,C24,WMF,2016-12-01,487.5158895869
E,C24,WMF,2017-01-01,462.28731845545
E,C24,WMF,2017-02-01,472.849416139749
E,C24,WMF,2017-03-01,479.536308036635
E,C24,WMF,2017-04-01,485.634405345254
E,C24,WMF,2017-05-01,512.4767564419
E,C24,WMF,2017-06-01,500.348183504956
E,C24,WMF,2017-07-01,517.905745383837
E,C24,WMF,2017-08-01,531.754666634472
E,C24,WMF,2017-09-01,538.7243027008869
E,C24,WMF,2017-10-01,555.197153146576
E,C24,WMF,2017-11-01,587.397962665875
E,C24,WMF,2017-12-01,640.937214974656
E,C24,WMF,2018-01-01,599.110187938616
E,C24,WMF,2018-02-01,585.358659322083
E,C24,WMF,2018-03-01,575.181117824783
E,C24,WMF,2018-04-01,572.503607246606
E,C24,WMF,2018-05-01,575.246044508525
E,C24,WMF,2018-06-01,592.036828151491
E,C24,WMF,2018-07-01,585.02745892844
E,C24,WMF,2018-08-01,578.830507611558
E,C24,WMF,2018-09-01,552.774281136429
E,C24,WMF,2018-10-01,582.500603717808
E,C24,WMF,2018-11-01,554.947766032763
E,C24,WMF,2018-12-01,557.830630136443
E,C24,WMF,2019-01-01,575.4930316971939
E,C24,WMF,2019-02-01,536.773108493029
E,C24,WMF,2019-03-01,535.8408264114411
E,C24,WMF,2019-04-01,556.453139699991
E,C24,WMF,2019-05-01,539.2287446404721
E,C24,WMF,2019-06-01,525.278870194772
E,C24,WMF,2019-07-01,497.5030948387
E,C24,WMF,2019-08-01,488.93006983397595
E,C24,WMF,2019-09-01,491.718216422593
E,C24,WMF,2019-10-01,471.92460989233
E,C24,WMF,2019-11-01,476.10381528261695
E,C24,WMF,2019-12-01,481.807182848271
E,C24,WMF,2020-01-01,484.71837311652
E,C24,WMF,2020-02-01,456.258921593404
E,C24,WMF,2020-03-01,438.59524737185
E,C24,WMF,2020-04-01,375.553040474769
E,C24,WMF,2020-05-01,393.301788258865
E,C24,WMF,2020-06-01,384.272548698636
E,C24,WMF,2020-07-01,398.76738666591
E,C24,WMF,2020-08-01,405.249231502672
E,C24,WMF,2020-09-01,424.99013713783097
E,C24,WMF,2020-10-01,437.041486629146
E,C24,WMF,2020-11-01,442.91533933140397
E,C24,WMF,2020-12-01,444.15074810353303
E,C24,WMF,2021-01-01,461.742661545544
E,C24,WMF,2021-02-01,485.700381470692
E,C24,WMF,2021-03-01,508.506270827382
E,C24,WMF,2021-04-01,538.645088281937
E,C24,WMF,2021-05-01,560.315726170815
E,C24,WMF,2021-06-01,592.3397131833319
E,C24,WMF,2021-07-01,603.8140000819
E,C24,WMF,2021-08-01,611.263325989273
E,C24,WMF,2021-09-01,640.754086179184
E,C24,WMF,2021-10-01,639.975901226439
E,C24,WMF,2021-11-01,680.350846928246
E,C24,WMF,2021-12-01,683.1428336784379
E,C24,WMF,2022-01-01,695.452093144889
E,C24,WMF,2022-02-01,727.8559480338449
E,C24,WMF,2022-03-01,728.3458033254401
E,C24,WMF,2022-04-01,741.387176198927
E,C24,WMF,2022-05-01,802.268963546922
E,C24,WMF,2022-06-01,776.847399972666
E,C24,WMF,2022-07-01,745.256669949382
E,C24,WMF,2022-08-01,766.0769135579751
E,C24,WMF,2022-09-01,732.1045292861429
E,C24,WMF,2022-10-01,713.697676755776
E,C24,WMF,2022-11-01,669.101727425954
E,C24,WMF,2022-12-01,660.947878401529
E,C24,WMF,2023-01-01,674.1223897362339
E,C24,WMF,2023-02-01,671.736207488304
E,C24,WMF,2023-03-01,674.63602800266
E,C24,WMF,2023-04-01,653.322603522196
E,C24,WMF,2023-05-01,630.917839919851
E,C24,WMF,2023-06-01,614.5849083992221
E,C24,WMF,2023-07-01,630.839735211741
E,C24,WMF,2023-08-01,606.681493843452
E,C24,WMF,2023-09-01,597.773092657284
E,C24,WMF,2023-10-01,600.63620609356
E,C24,WMF,2023-11-01,589.75015312984
E,C24,WMF,2023-12-01,616.73152200768
E,C24,WMF,2024-01-01,545.423986159533
E,C24,WMF,2024-02-01,567.836808515741
E,C24,WMF,2024-03-01,562.2889611540311
E,C24,WMF,2024-04-01,566.474047607057
E,C24,WMF,2024-05-01,577.4015254785071
E,C24,WMF,2024-06-01,593.4693646107089
E,C24,WMF,2024-07-01,557.135229724172
E,C24,WMF,2024-08-01,519.17136902137
E,C24,WMF,2024-09-01,551.767627074005
E,C24,WMF,2024-10-01,556.8907421557291
E,C24,WMF,2024-11-01,555.767113975701
E,C24,WMF,2024-12-01,544.195987465466
E,C24,WMF,2025-01-01,577.008122852525
E,C24,WMF,2025-02-01,562.848221507647
E,C24,WMF,2025-03-01,559.6459551874581
E,C24,WMF,2025-04-01,557.871085746658
E,C24,WMF,2025-05-01,554.126145941692
E,C24,WMF,2025-06-01,526.990875627186
E,C24,WMF,2025-07-01,548.783761150625
E,C24,WMF,2025-08-01,550.884407153234
E,C24,WMF,2025-09-01,544.657213725191
E,C24,WMF,2025-10-01,559.112674512807
E,C24,WMF,2025-11-01,569.6031865388741
E,C24,WMF,2025-12-01,574.078463855096
E,C24,WMF,2026-01-01,569.122761361379
E,C24,WMF,2026-02-01,569.9510322406389
E,C24,WMF,2026-03-01,577.696487951277
E,C24,WMF,2026-04-01,584.926276170947
E,C24,WMF,2026-05-01,572.270750610762
E,C24,WMF,2026-06-01,594.533214202836
E,C24,WMF,2026-07-01,592.233285678381
E,C25,R,2013-01-01,8.2
E,C25,R,2013-02-01,2.6
E,C25,R,2013-03-01,-0.3
E,C25,R,2013-04-01,3.7
E,C25,R,2013-05-01,2
E,C25,R,2013-06-01,8.5
E,C25,R,2013-07-01,-1.7
E,C25,R,2013-08-01,0.4
E,C25,R,2013-09-01,4.7
E,C25,R,2013-10-01,2.8
E,C25,R,2013-11-01,8.7
E,C25,R,2013-12-01,3
E,C25,R,2014-01-01,4.9
E,C25,R,2014-02-01,14
E,C25,R,2014-03-01,6.3
E,C25,R,2014-04-01,3.2
E,C25,R,2014-05-01,5.6
E,C25,R,2014-06-01,0.8
E,C25,R,2014-07-01,6.4
E,C25,R,2014-08-01,4.4
E,C25,R,2014-09-01,1.5
E,C25,R,2014-10-01,1.5
E,C25,R,2014-11-01,-2.4
E,C25,R,2014-12-01,0.1
E,C25,R,2015-01-01,-6.3
E,C25,R,2015-02-01,-10.4
E,C25,R,2015-03-01,-2.9
E,C25,R,2015-04-01,-4.2
E,C25,R,2015-05-01,-3.5
E,C25,R,2015-06-01,-6.8
E,C25,R,2015-07-01,-4.9
E,C25,R,2015-08-01,-7.7
E,C25,R,2015-09-01,-3.4
E,C25,R,2015-10-01,-4
E,C25,R,2015-11-01,-3.1
E,C25,R,2015-12-01,-10.8
E,C25,R,2016-01-01,-1.3
E,C25,R,2016-02-01,0.4
E,C25,R,2016-03-01,3.4
E,C25,R,2016-04-01,-0.8
E,C25,R,2016-05-01,-1.7
E,C25,R,2016-06-01,1
E,C25,R,2016-07-01,-2
E,C25,R,2016-08-01,1.4
E,C25,R,2016-09-01,-1.4
E,C25,R,2016-10-01,18.8
E,C25,R,2016-11-01,-5.2
E,C25,R,2016-12-01,7.1
E,C25,R,2017-01-01,-3.6
E,C25,R,2017-02-01,-3
E,C25,R,2017-03-01,-4.4
E,C25,R,2017-04-01,0.2
E,C25,R,2017-05-01,1.5
E,C25,R,2017-06-01,0.9
E,C25,R,2017-07-01,3
E,C25,R,2017-08-01,7.8
E,C25,R,2017-09-01,4.6
E,C25,R,2017-10-01,-12.3
E,C25,R,2017-11-01,9.9
E,C25,R,2017-12-01,11.7
E,C25,R,2018-01-01,13.9
E,C25,R,2018-02-01,9.1
E,C25,R,2018-03-01,7.3
E,C25,R,2018-04-01,5
E,C25,R,2018-05-01,-0.3
E,C25,R,2018-06-01,5.9
E,C25,R,2018-07-01,3.7
E,C25,R,2018-08-01,-2.3
E,C25,R,2018-09-01,-2.5
E,C25,R,2018-10-01,-1.1
E,C25,R,2018-11-01,-1.2
E,C25,R,2018-12-01,-5.7
E,C25,R,2019-01-01,0.2
E,C25,R,2019-02-01,0.3
E,C25,R,2019-03-01,-2.4
E,C25,R,2019-04-01,3.7
E,C25,R,2019-05-01,3.8
E,C25,R,2019-06-01,-1.4
E,C25,R,2019-07-01,-0.6
E,C25,R,2019-08-01,-2.9
E,C25,R,2019-09-01,0.7
E,C25,R,2019-10-01,-2.5
E,C25,R,2019-11-01,-4.7
E,C25,R,2019-12-01,-1.7
E,C25,R,2020-01-01,-5.4
E,C25,R,2020-02-01,-6.6
E,C25,R,2020-03-01,-10.3
E,C25,R,2020-04-01,-27.3
E,C25,R,2020-05-01,-15.8
E,C25,R,2020-06-01,-6.3
E,C25,R,2020-07-01,-5.2
E,C25,R,2020-08-01,-1.3
E,C25,R,2020-09-01,-3.5
E,C25,R,2020-10-01,-1.4
E,C25,R,2020-11-01,2.5
E,C25,R,2020-12-01,-9.6
E,C25,R,2021-01-01,-2.7
E,C25,R,2021-02-01,2.5
E,C25,R,2021-03-01,15.5
E,C25,R,2021-04-01,36.7
E,C25,R,2021-05-01,20.1
E,C25,R,2021-06-01,6.8
E,C25,R,2021-07-01,7.3
E,C25,R,2021-08-01,4.8
E,C25,R,2021-09-01,9.2
E,C25,R,2021-10-01,9.7
E,C25,R,2021-11-01,7.6
E,C25,R,2021-12-01,13.4
E,C25,R,2022-01-01,2.8
E,C25,R,2022-02-01,8.1
E,C25,R,2022-03-01,1.4
E,C25,R,2022-04-01,1.4
E,C25,R,2022-05-01,4.9
E,C25,R,2022-06-01,3.9
E,C25,R,2022-07-01,-3.7
E,C25,R,2022-08-01,2.5
E,C25,R,2022-09-01,-2.3
E,C25,R,2022-10-01,-5.2
E,C25,R,2022-11-01,-1.4
E,C25,R,2022-12-01,-5.3
E,C25,R,2023-01-01,-13
E,C25,R,2023-02-01,-18.5
E,C25,R,2023-03-01,-17.9
E,C25,R,2023-04-01,-20.7
E,C25,R,2023-05-01,-21.2
E,C25,R,2023-06-01,-22.9
E,C25,R,2023-07-01,-18.1
E,C25,R,2023-08-01,-19.6
E,C25,R,2023-09-01,-20.2
E,C25,R,2023-10-01,-17.9
E,C25,R,2023-11-01,-21.4
E,C25,R,2023-12-01,-16.1
E,C25,R,2024-01-01,-7.4
E,C25,R,2024-02-01,-6.5
E,C25,R,2024-03-01,-9.2
E,C25,R,2024-04-01,-3.1
E,C25,R,2024-05-01,-7.2
E,C25,R,2024-06-01,-0.4
E,C25,R,2024-07-01,0.9
E,C25,R,2024-08-01,-2.5
E,C25,R,2024-09-01,-0.7
E,C25,R,2024-10-01,-1.8
E,C25,R,2024-11-01,-3.3
E,C25,R,2024-12-01,1.7
E,C25,R,2025-01-01,4.4
E,C25,R,2025-02-01,3.3
E,C25,R,2025-03-01,5.3
E,C25,R,2025-04-01,1.1
E,C25,R,2025-05-01,5.8
E,C25,R,2025-06-01,4.5
E,C25,R,2025-07-01,3.3
E,C25,R,2025-08-01,2.2
E,C25,R,2025-09-01,6
E,C25,R,2025-10-01,4.7
E,C25,R,2025-11-01,6.3
E,C25,R,2025-12-01,4.8
E,C25,R,2026-01-01,1
E,C25,R,2026-02-01,0.6
E,C25,R,2026-03-01,4
E,C25,R,2026-04-01,6.7
E,C25,R,2026-05-01,3.1
E,C25,R,2026-06-01,-0.3
E,C25,R,2026-07-01,-1.4
E,C25,WMF,2012-01-01,478.729694642443
E,C25,WMF,2012-02-01,485.742617599475
E,C25,WMF,2012-03-01,494.607710749947
E,C25,WMF,2012-04-01,499.749149783205
E,C25,WMF,2012-05-01,503.244067270755
E,C25,WMF,2012-06-01,496.294703203343
E,C25,WMF,2012-07-01,518.778471503288
E,C25,WMF,2012-08-01,513.122666013506
E,C25,WMF,2012-09-01,505.547692163325
E,C25,WMF,2012-10-01,514.61954742125
E,C25,WMF,2012-11-01,504.791872353997
E,C25,WMF,2012-12-01,516.276961424652
E,C25,WMF,2013-01-01,516.978282455673
E,C25,WMF,2013-02-01,508.55842909318204
E,C25,WMF,2013-03-01,509.103543330127
E,C25,WMF,2013-04-01,526.218446776475
E,C25,WMF,2013-05-01,519.232638149918
E,C25,WMF,2013-06-01,537.868445027595
E,C25,WMF,2013-07-01,519.223056686753
E,C25,WMF,2013-08-01,523.362778393377
E,C25,WMF,2013-09-01,528.787339546544
E,C25,WMF,2013-10-01,532.423075182812
E,C25,WMF,2013-11-01,552.848171364229
E,C25,WMF,2013-12-01,545.885800132775
E,C25,WMF,2014-01-01,546.953096365269
E,C25,WMF,2014-02-01,572.355598842978
E,C25,WMF,2014-03-01,530.985906093021
E,C25,WMF,2014-04-01,541.026552196093
E,C25,WMF,2014-05-01,542.302457426471
E,C25,WMF,2014-06-01,544.4907382140481
E,C25,WMF,2014-07-01,545.801939514285
E,C25,WMF,2014-08-01,551.56312978669
E,C25,WMF,2014-09-01,545.050355281522
E,C25,WMF,2014-10-01,547.115444027715
E,C25,WMF,2014-11-01,546.109851887293
E,C25,WMF,2014-12-01,533.867636444399
E,C25,WMF,2015-01-01,490.074038806302
E,C25,WMF,2015-02-01,483.02079658934304
E,C25,WMF,2015-03-01,486.78203338305303
E,C25,WMF,2015-04-01,481.176741583447
E,C25,WMF,2015-05-01,488.362620871902
E,C25,WMF,2015-06-01,482.707717206771
E,C25,WMF,2015-07-01,487.27703122296
E,C25,WMF,2015-08-01,482.38133538706
E,C25,WMF,2015-09-01,497.516485634936
E,C25,WMF,2015-10-01,492.1709778516
E,C25,WMF,2015-11-01,509.811178919614
E,C25,WMF,2015-12-01,473.092559322299
E,C25,WMF,2016-01-01,488.384318967681
E,C25,WMF,2016-02-01,507.38737017644297
E,C25,WMF,2016-03-01,513.272892828959
E,C25,WMF,2016-04-01,495.17626109083596
E,C25,WMF,2016-05-01,497.17209751324395
E,C25,WMF,2016-06-01,497.845328620265
E,C25,WMF,2016-07-01,491.54010646320097
E,C25,WMF,2016-08-01,491.996971891559
E,C25,WMF,2016-09-01,495.843481878141
E,C25,WMF,2016-10-01,580.712558137851
E,C25,WMF,2016-11-01,473.93734081418
E,C25,WMF,2016-12-01,501.53881669615697
E,C25,WMF,2017-01-01,466.479336475034
E,C25,WMF,2017-02-01,476.291604164925
E,C25,WMF,2017-03-01,489.485016219525
E,C25,WMF,2017-04-01,491.954207077749
E,C25,WMF,2017-05-01,505.672301149776
E,C25,WMF,2017-06-01,503.520221686113
E,C25,WMF,2017-07-01,515.399839401026
E,C25,WMF,2017-08-01,546.644495894611
E,C25,WMF,2017-09-01,536.703246912947
E,C25,WMF,2017-10-01,549.1671506977709
E,C25,WMF,2017-11-01,557.698201652678
E,C25,WMF,2017-12-01,585.351747903557
E,C25,WMF,2018-01-01,576.354207289365
E,C25,WMF,2018-02-01,566.2595454982279
E,C25,WMF,2018-03-01,571.718135957819
E,C25,WMF,2018-04-01,568.412454988244
E,C25,WMF,2018-05-01,560.2474077370059
E,C25,WMF,2018-06-01,580.488828713021
E,C25,WMF,2018-07-01,572.9499618041871
E,C25,WMF,2018-08-01,570.617477996731
E,C25,WMF,2018-09-01,546.838835460712
E,C25,WMF,2018-10-01,562.6276823189489
E,C25,WMF,2018-11-01,564.6497056080169
E,C25,WMF,2018-12-01,569.564099095364
E,C25,WMF,2019-01-01,589.9892952625399
E,C25,WMF,2019-02-01,585.022529157383
E,C25,WMF,2019-03-01,569.745389773896
E,C25,WMF,2019-04-01,588.668784331396
E,C25,WMF,2019-05-01,568.8658471905071
E,C25,WMF,2019-06-01,566.8835121407551
E,C25,WMF,2019-07-01,563.286343071802
E,C25,WMF,2019-08-01,541.038495730063
E,C25,WMF,2019-09-01,543.726013890753
E,C25,WMF,2019-10-01,540.7675888331099
E,C25,WMF,2019-11-01,530.8361285949101
E,C25,WMF,2019-12-01,533.222241270143
E,C25,WMF,2020-01-01,539.5789157140059
E,C25,WMF,2020-02-01,522.687924783017
E,C25,WMF,2020-03-01,489.474954057322
E,C25,WMF,2020-04-01,403.14096359180303
E,C25,WMF,2020-05-01,450.91935368721096
E,C25,WMF,2020-06-01,503.874632803563
E,C25,WMF,2020-07-01,506.23825146430397
E,C25,WMF,2020-08-01,517.6919742862079
E,C25,WMF,2020-09-01,512.520495165187
E,C25,WMF,2020-10-01,517.7036251922781
E,C25,WMF,2020-11-01,529.7073264939879
E,C25,WMF,2020-12-01,495.000047353794
E,C25,WMF,2021-01-01,537.109512779592
E,C25,WMF,2021-02-01,545.3460835705611
E,C25,WMF,2021-03-01,587.8783749267469
E,C25,WMF,2021-04-01,581.762073833463
E,C25,WMF,2021-05-01,574.968474304334
E,C25,WMF,2021-06-01,574.324176212937
E,C25,WMF,2021-07-01,586.582964637344
E,C25,WMF,2021-08-01,576.483570000074
E,C25,WMF,2021-09-01,601.455092790761
E,C25,WMF,2021-10-01,605.012656327168
E,C25,WMF,2021-11-01,607.490471800333
E,C25,WMF,2021-12-01,571.663543470092
E,C25,WMF,2022-01-01,601.7645232658059
E,C25,WMF,2022-02-01,635.086037730749
E,C25,WMF,2022-03-01,632.81372720137006
E,C25,WMF,2022-04-01,626.447506792845
E,C25,WMF,2022-05-01,657.5835177626899
E,C25,WMF,2022-06-01,643.279811120073
E,C25,WMF,2022-07-01,607.247253934455
E,C25,WMF,2022-08-01,634.739869430604
E,C25,WMF,2022-09-01,626.78266975675
E,C25,WMF,2022-10-01,616.448094353809
E,C25,WMF,2022-11-01,625.254789752461
E,C25,WMF,2022-12-01,604.32627822267
E,C25,WMF,2023-01-01,562.111707471464
E,C25,WMF,2023-02-01,555.786340930412
E,C25,WMF,2023-03-01,554.946954200342
E,C25,WMF,2023-04-01,531.976055536696
E,C25,WMF,2023-05-01,533.657413580201
E,C25,WMF,2023-06-01,512.180852892596
E,C25,WMF,2023-07-01,514.017652946598
E,C25,WMF,2023-08-01,526.604532978126
E,C25,WMF,2023-09-01,511.055359730881
E,C25,WMF,2023-10-01,514.540434182386
E,C25,WMF,2023-11-01,507.942233820688
E,C25,WMF,2023-12-01,505.879105613182
E,C25,WMF,2024-01-01,500.32778888572597
E,C25,WMF,2024-02-01,497.34201201496296
E,C25,WMF,2024-03-01,501.95972461458496
E,C25,WMF,2024-04-01,507.458939563079
E,C25,WMF,2024-05-01,489.0066948955
E,C25,WMF,2024-06-01,506.653489837285
E,C25,WMF,2024-07-01,521.3242584857879
E,C25,WMF,2024-08-01,500.843349419376
E,C25,WMF,2024-09-01,494.544320711716
E,C25,WMF,2024-10-01,496.060060734864
E,C25,WMF,2024-11-01,497.197748377979
E,C25,WMF,2024-12-01,505.712576284387
E,C25,WMF,2025-01-01,522.8656826875
E,C25,WMF,2025-02-01,518.770906314037
E,C25,WMF,2025-03-01,509.054863664769
E,C25,WMF,2025-04-01,505.62034257339104
E,C25,WMF,2025-05-01,507.678933503292
E,C25,WMF,2025-06-01,524.334613560824
E,C25,WMF,2025-07-01,511.958897981511
E,C25,WMF,2025-08-01,501.685098559237
E,C25,WMF,2025-09-01,515.469088992496
E,C25,WMF,2025-10-01,517.8770851290959
E,C25,WMF,2025-11-01,507.895311487642
E,C25,WMF,2025-12-01,520.3925831227031
E,C25,WMF,2026-01-01,520.41025383367
E,C25,WMF,2026-02-01,517.860011098201
E,C25,WMF,2026-03-01,525.990912681023
E,C25,WMF,2026-04-01,529.69042820496
E,C25,WMF,2026-05-01,526.836282454314
E,C25,WMF,2026-06-01,515.821111690022
E,C25,WMF,2026-07-01,516.800248233493
E,C26,R,2013-01-01,8.1
E,C26,R,2013-02-01,-2.4
E,C26,R,2013-03-01,-1.7
E,C26,R,2013-04-01,-1.9
E,C26,R,2013-05-01,-2.4
E,C26,R,2013-06-01,-2.6
E,C26,R,2013-07-01,-0.9
E,C26,R,2013-08-01,-2.8
E,C26,R,2013-09-01,-7.6
E,C26,R,2013-10-01,-0.6
E,C26,R,2013-11-01,-1.6
E,C26,R,2013-12-01,-4.9
E,C26,R,2014-01-01,-0.2
E,C26,R,2014-02-01,-1.6
E,C26,R,2014-03-01,-1
E,C26,R,2014-04-01,0.5
E,C26,R,2014-05-01,3
E,C26,R,2014-06-01,-2.2
E,C26,R,2014-07-01,-6.2
E,C26,R,2014-08-01,2.7
E,C26,R,2014-09-01,8.5
E,C26,R,2014-10-01,0
E,C26,R,2014-11-01,0.7
E,C26,R,2014-12-01,-5.6
E,C26,R,2015-01-01,-6.2
E,C26,R,2015-02-01,0.3
E,C26,R,2015-03-01,-3
E,C26,R,2015-04-01,-7.5
E,C26,R,2015-05-01,-7.1
E,C26,R,2015-06-01,-3
E,C26,R,2015-07-01,3.6
E,C26,R,2015-08-01,-8
E,C26,R,2015-09-01,-11.7
E,C26,R,2015-10-01,-7.4
E,C26,R,2015-11-01,-8.8
E,C26,R,2015-12-01,-7.3
E,C26,R,2016-01-01,-7.1
E,C26,R,2016-02-01,-10.8
E,C26,R,2016-03-01,-3.1
E,C26,R,2016-04-01,-2.2
E,C26,R,2016-05-01,-6.4
E,C26,R,2016-06-01,-7
E,C26,R,2016-07-01,-7.3
E,C26,R,2016-08-01,-3.2
E,C26,R,2016-09-01,-0.6
E,C26,R,2016-10-01,2
E,C26,R,2016-11-01,-0.7
E,C26,R,2016-12-01,3
E,C26,R,2017-01-01,-2.4
E,C26,R,2017-02-01,-0.2
E,C26,R,2017-03-01,-5.3
E,C26,R,2017-04-01,-5.7
E,C26,R,2017-05-01,-2.9
E,C26,R,2017-06-01,-1.5
E,C26,R,2017-07-01,-4.2
E,C26,R,2017-08-01,1.3
E,C26,R,2017-09-01,-2.8
E,C26,R,2017-10-01,-8.2
E,C26,R,2017-11-01,7.4
E,C26,R,2017-12-01,8.6
E,C26,R,2018-01-01,2.3
E,C26,R,2018-02-01,1.8
E,C26,R,2018-03-01,3.2
E,C26,R,2018-04-01,4
E,C26,R,2018-05-01,8.6
E,C26,R,2018-06-01,6.9
E,C26,R,2018-07-01,7.4
E,C26,R,2018-08-01,-3
E,C26,R,2018-09-01,3.1
E,C26,R,2018-10-01,6.9
E,C26,R,2018-11-01,-11.3
E,C26,R,2018-12-01,-12.7
E,C26,R,2019-01-01,3.3
E,C26,R,2019-02-01,-3.4
E,C26,R,2019-03-01,-2.1
E,C26,R,2019-04-01,2.8
E,C26,R,2019-05-01,-1.9
E,C26,R,2019-06-01,-6.2
E,C26,R,2019-07-01,-5.6
E,C26,R,2019-08-01,2.7
E,C26,R,2019-09-01,-2.6
E,C26,R,2019-10-01,-5.7
E,C26,R,2019-11-01,1.3
E,C26,R,2019-12-01,-0.9
E,C26,R,2020-01-01,-4.6
E,C26,R,2020-02-01,-6
E,C26,R,2020-03-01,-10.1
E,C26,R,2020-04-01,-22
E,C26,R,2020-05-01,-17.6
E,C26,R,2020-06-01,-3.5
E,C26,R,2020-07-01,-4.6
E,C26,R,2020-08-01,-8.8
E,C26,R,2020-09-01,-7.5
E,C26,R,2020-10-01,-5.8
E,C26,R,2020-11-01,-2.2
E,C26,R,2020-12-01,-4.6
E,C26,R,2021-01-01,-3.7
E,C26,R,2021-02-01,5.8
E,C26,R,2021-03-01,9.9
E,C26,R,2021-04-01,22.2
E,C26,R,2021-05-01,12.8
E,C26,R,2021-06-01,-0.8
E,C26,R,2021-07-01,4
E,C26,R,2021-08-01,-1.9
E,C26,R,2021-09-01,-5.1
E,C26,R,2021-10-01,2.4
E,C26,R,2021-11-01,0.8
E,C26,R,2021-12-01,4
E,C26,R,2022-01-01,0.1
E,C26,R,2022-02-01,-2.3
E,C26,R,2022-03-01,-1.2
E,C26,R,2022-04-01,-1.8
E,C26,R,2022-05-01,2.8
E,C26,R,2022-06-01,7.1
E,C26,R,2022-07-01,-0.9
E,C26,R,2022-08-01,10.5
E,C26,R,2022-09-01,14.1
E,C26,R,2022-10-01,6.6
E,C26,R,2022-11-01,-0.8
E,C26,R,2022-12-01,-6.2
E,C26,R,2023-01-01,-2
E,C26,R,2023-02-01,0.4
E,C26,R,2023-03-01,-1.9
E,C26,R,2023-04-01,-0.2
E,C26,R,2023-05-01,-2.2
E,C26,R,2023-06-01,-5.7
E,C26,R,2023-07-01,-3.3
E,C26,R,2023-08-01,-5
E,C26,R,2023-09-01,-5.2
E,C26,R,2023-10-01,-5.9
E,C26,R,2023-11-01,-8
E,C26,R,2023-12-01,-4.6
E,C26,R,2024-01-01,-0.5
E,C26,R,2024-02-01,-1.9
E,C26,R,2024-03-01,-6.9
E,C26,R,2024-04-01,-5.7
E,C26,R,2024-05-01,-5.2
E,C26,R,2024-06-01,-3.7
E,C26,R,2024-07-01,-0.7
E,C26,R,2024-08-01,-3.6
E,C26,R,2024-09-01,-1
E,C26,R,2024-10-01,-0.6
E,C26,R,2024-11-01,9.6
E,C26,R,2024-12-01,13.3
E,C26,R,2025-01-01,3.4
E,C26,R,2025-02-01,0.1
E,C26,R,2025-03-01,7.8
E,C26,R,2025-04-01,0.1
E,C26,R,2025-05-01,0.1
E,C26,R,2025-06-01,-1.6
E,C26,R,2025-07-01,14
E,C26,R,2025-08-01,4.2
E,C26,R,2025-09-01,-3.8
E,C26,R,2025-10-01,-0.9
E,C26,R,2025-11-01,-2.4
E,C26,R,2025-12-01,-0.4
E,C26,R,2026-01-01,-3.3
E,C26,R,2026-02-01,1.4
E,C26,R,2026-03-01,-2
E,C26,R,2026-04-01,5.4
E,C26,R,2026-05-01,5.4
E,C26,R,2026-06-01,6.2
E,C26,R,2026-07-01,-10.7
E,C26,WMF,2012-01-01,1215.52755729036
E,C26,WMF,2012-02-01,1384.91071712696
E,C26,WMF,2012-03-01,1319.879069896
E,C26,WMF,2012-04-01,1347.8851788912398
E,C26,WMF,2012-05-01,1357.67906256885
E,C26,WMF,2012-06-01,1377.7512435833
E,C26,WMF,2012-07-01,1330.18276846155
E,C26,WMF,2012-08-01,1328.6204121807498
E,C26,WMF,2012-09-01,1382.6619896838702
E,C26,WMF,2012-10-01,1307.90763161826
E,C26,WMF,2012-11-01,1310.2105438054
E,C26,WMF,2012-12-01,1373.68641405664
E,C26,WMF,2013-01-01,1381.02496225465
E,C26,WMF,2013-02-01,1394.0582432931099
E,C26,WMF,2013-03-01,1375.65161077443
E,C26,WMF,2013-04-01,1418.13541434797
E,C26,WMF,2013-05-01,1379.6901559339199
E,C26,WMF,2013-06-01,1388.61093088553
E,C26,WMF,2013-07-01,1386.20970343792
E,C26,WMF,2013-08-01,1346.1633988476901
E,C26,WMF,2013-09-01,1343.5146124417902
E,C26,WMF,2013-10-01,1365.09931503513
E,C26,WMF,2013-11-01,1407.1755580229599
E,C26,WMF,2013-12-01,1463.69123227564
E,C26,WMF,2014-01-01,1413.24778399153
E,C26,WMF,2014-02-01,1396.70805329872
E,C26,WMF,2014-03-01,1397.84577684941
E,C26,WMF,2014-04-01,1398.90956142075
E,C26,WMF,2014-05-01,1423.25991171654
E,C26,WMF,2014-06-01,1401.6421016990098
E,C26,WMF,2014-07-01,1343.29190240442
E,C26,WMF,2014-08-01,1433.93355695974
E,C26,WMF,2014-09-01,1500.21328745485
E,C26,WMF,2014-10-01,1407.94998247909
E,C26,WMF,2014-11-01,1417.07638908876
E,C26,WMF,2014-12-01,1392.6622889114299
E,C26,WMF,2015-01-01,1405.2501421659401
E,C26,WMF,2015-02-01,1448.86031779072
E,C26,WMF,2015-03-01,1375.4400869554
E,C26,WMF,2015-04-01,1357.8260391570202
E,C26,WMF,2015-05-01,1348.6709723655
E,C26,WMF,2015-06-01,1362.0732629244899
E,C26,WMF,2015-07-01,1430.96987782884
E,C26,WMF,2015-08-01,1385.51031985814
E,C26,WMF,2015-09-01,1355.18563607108
E,C26,WMF,2015-10-01,1395.8148755097202
E,C26,WMF,2015-11-01,1383.99057425088
E,C26,WMF,2015-12-01,1341.91749559662
E,C26,WMF,2016-01-01,1340.7227073466001
E,C26,WMF,2016-02-01,1326.63228975434
E,C26,WMF,2016-03-01,1396.0527951363101
E,C26,WMF,2016-04-01,1375.86902391522
E,C26,WMF,2016-05-01,1370.44260311385
E,C26,WMF,2016-06-01,1386.59469773662
E,C26,WMF,2016-07-01,1383.21004209153
E,C26,WMF,2016-08-01,1366.40516355025
E,C26,WMF,2016-09-01,1366.0965014532198
E,C26,WMF,2016-10-01,1381.37284274367
E,C26,WMF,2016-11-01,1344.5664414670898
E,C26,WMF,2016-12-01,1399.2892280055498
E,C26,WMF,2017-01-01,1336.69351350543
E,C26,WMF,2017-02-01,1366.97420217779
E,C26,WMF,2017-03-01,1359.5178779022801
E,C26,WMF,2017-04-01,1362.42848812053
E,C26,WMF,2017-05-01,1378.4410237729398
E,C26,WMF,2017-06-01,1374.0514118122499
E,C26,WMF,2017-07-01,1355.20711796907
E,C26,WMF,2017-08-01,1429.1571243926999
E,C26,WMF,2017-09-01,1426.43369484794
E,C26,WMF,2017-10-01,1366.75772248724
E,C26,WMF,2017-11-01,1568.10982806475
E,C26,WMF,2017-12-01,1581.48260398209
E,C26,WMF,2018-01-01,1462.8751576760699
E,C26,WMF,2018-02-01,1482.3728564759099
E,C26,WMF,2018-03-01,1484.45590961839
E,C26,WMF,2018-04-01,1463.72776844911
E,C26,WMF,2018-05-01,1533.9075824500899
E,C26,WMF,2018-06-01,1528.16758887969
E,C26,WMF,2018-07-01,1527.54353634041
E,C26,WMF,2018-08-01,1462.24457262896
E,C26,WMF,2018-09-01,1517.0855552006299
E,C26,WMF,2018-10-01,1525.01124383302
E,C26,WMF,2018-11-01,1451.22207637089
E,C26,WMF,2018-12-01,1464.63627895009
E,C26,WMF,2019-01-01,1547.4067951386298
E,C26,WMF,2019-02-01,1509.0419195901402
E,C26,WMF,2019-03-01,1527.88763517086
E,C26,WMF,2019-04-01,1544.92381105138
E,C26,WMF,2019-05-01,1513.9088045817
E,C26,WMF,2019-06-01,1437.79961264956
E,C26,WMF,2019-07-01,1438.68459252751
E,C26,WMF,2019-08-01,1492.11662423835
E,C26,WMF,2019-09-01,1492.71802359491
E,C26,WMF,2019-10-01,1438.93419818645
E,C26,WMF,2019-11-01,1465.42962202701
E,C26,WMF,2019-12-01,1432.84269171057
E,C26,WMF,2020-01-01,1454.2042135453898
E,C26,WMF,2020-02-01,1332.87474725654
E,C26,WMF,2020-03-01,1305.85438095898
E,C26,WMF,2020-04-01,1179.09635571031
E,C26,WMF,2020-05-01,1227.5911495069201
E,C26,WMF,2020-06-01,1391.14934896372
E,C26,WMF,2020-07-01,1371.27458789923
E,C26,WMF,2020-08-01,1356.99017739095
E,C26,WMF,2020-09-01,1349.24716381841
E,C26,WMF,2020-10-01,1348.81394083976
E,C26,WMF,2020-11-01,1436.45538212321
E,C26,WMF,2020-12-01,1440.68460993613
E,C26,WMF,2021-01-01,1465.6197970311998
E,C26,WMF,2021-02-01,1494.63874164306
E,C26,WMF,2021-03-01,1511.46296671963
E,C26,WMF,2021-04-01,1540.2264787834201
E,C26,WMF,2021-05-01,1485.19048188796
E,C26,WMF,2021-06-01,1468.11415371295
E,C26,WMF,2021-07-01,1511.08708645841
E,C26,WMF,2021-08-01,1446.2967238954
E,C26,WMF,2021-09-01,1419.76508378723
E,C26,WMF,2021-10-01,1506.5868931361001
E,C26,WMF,2021-11-01,1518.95374428846
E,C26,WMF,2021-12-01,1525.53727001036
E,C26,WMF,2022-01-01,1572.07146942195
E,C26,WMF,2022-02-01,1594.4720314281699
E,C26,WMF,2022-03-01,1617.84305882988
E,C26,WMF,2022-04-01,1633.17579116978
E,C26,WMF,2022-05-01,1663.78361687456
E,C26,WMF,2022-06-01,1730.65699446679
E,C26,WMF,2022-07-01,1620.83774452043
E,C26,WMF,2022-08-01,1717.61710413806
E,C26,WMF,2022-09-01,1717.03911306813
E,C26,WMF,2022-10-01,1691.30817970933
E,C26,WMF,2022-11-01,1628.16089723153
E,C26,WMF,2022-12-01,1604.9811650817
E,C26,WMF,2023-01-01,1596.28605105052
E,C26,WMF,2023-02-01,1629.92849932652
E,C26,WMF,2023-03-01,1605.8427496823101
E,C26,WMF,2023-04-01,1579.21206166473
E,C26,WMF,2023-05-01,1569.78254733308
E,C26,WMF,2023-06-01,1536.2409118189398
E,C26,WMF,2023-07-01,1507.80053235673
E,C26,WMF,2023-08-01,1561.64886423494
E,C26,WMF,2023-09-01,1546.96738172212
E,C26,WMF,2023-10-01,1504.1412303714799
E,C26,WMF,2023-11-01,1381.05438733218
E,C26,WMF,2023-12-01,1415.6520654465598
E,C26,WMF,2024-01-01,1452.6585471545802
E,C26,WMF,2024-02-01,1440.74377575488
E,C26,WMF,2024-03-01,1417.92546137367
E,C26,WMF,2024-04-01,1448.0082799953
E,C26,WMF,2024-05-01,1458.65839557408
E,C26,WMF,2024-06-01,1443.8776477469
E,C26,WMF,2024-07-01,1425.7577206057501
E,C26,WMF,2024-08-01,1360.5466909779698
E,C26,WMF,2024-09-01,1405.61343597936
E,C26,WMF,2024-10-01,1405.50989305093
E,C26,WMF,2024-11-01,1425.91504231168
E,C26,WMF,2024-12-01,1489.23022990138
E,C26,WMF,2025-01-01,1455.64482113486
E,C26,WMF,2025-02-01,1441.0776357088398
E,C26,WMF,2025-03-01,1459.3032346554999
E,C26,WMF,2025-04-01,1372.06788932218
E,C26,WMF,2025-05-01,1368.50577474433
E,C26,WMF,2025-06-01,1342.8079270774501
E,C26,WMF,2025-07-01,1537.17182812064
E,C26,WMF,2025-08-01,1433.06105562081
E,C26,WMF,2025-09-01,1364.37436470361
E,C26,WMF,2025-10-01,1416.5545310296
E,C26,WMF,2025-11-01,1440.0558341145002
E,C26,WMF,2025-12-01,1497.75329181256
E,C26,WMF,2026-01-01,1426.9827105515299
E,C26,WMF,2026-02-01,1463.48727082086
E,C26,WMF,2026-03-01,1459.3191304670502
E,C26,WMF,2026-04-01,1519.3608324890201
E,C26,WMF,2026-05-01,1529.4841675831299
E,C26,WMF,2026-06-01,1512.38738460113
E,C26,WMF,2026-07-01,1505.98440686074
E,C2652,R,2013-01-01,-6.5
E,C2652,R,2013-02-01,-15.8
E,C2652,R,2013-03-01,-16.2
E,C2652,R,2013-04-01,-7
E,C2652,R,2013-05-01,-19.5
E,C2652,R,2013-06-01,-4.3
E,C2652,R,2013-07-01,-3.7
E,C2652,R,2013-08-01,-2.4
E,C2652,R,2013-09-01,-6.5
E,C2652,R,2013-10-01,-3.1
E,C2652,R,2013-11-01,18.4
E,C2652,R,2013-12-01,-7.1
E,C2652,R,2014-01-01,8.4
E,C2652,R,2014-02-01,3.4
E,C2652,R,2014-03-01,14.7
E,C2652,R,2014-04-01,2.5
E,C2652,R,2014-05-01,18.2
E,C2652,R,2014-06-01,7.4
E,C2652,R,2014-07-01,-6
E,C2652,R,2014-08-01,6
E,C2652,R,2014-09-01,-1.3
E,C2652,R,2014-10-01,19.6
E,C2652,R,2014-11-01,-0.1
E,C2652,R,2014-12-01,-3.3
E,C2652,R,2015-01-01,1.4
E,C2652,R,2015-02-01,-0.5
E,C2652,R,2015-03-01,-7.5
E,C2652,R,2015-04-01,-9.5
E,C2652,R,2015-05-01,4.4
E,C2652,R,2015-06-01,-6.2
E,C2652,R,2015-07-01,11.3
E,C2652,R,2015-08-01,-4.3
E,C2652,R,2015-09-01,-5.9
E,C2652,R,2015-10-01,-17.4
E,C2652,R,2015-11-01,-12.3
E,C2652,R,2015-12-01,5.7
E,C2652,R,2016-01-01,-12.5
E,C2652,R,2016-02-01,-19.5
E,C2652,R,2016-03-01,2.6
E,C2652,R,2016-04-01,6.8
E,C2652,R,2016-05-01,-17.1
E,C2652,R,2016-06-01,-14.1
E,C2652,R,2016-07-01,-6.8
E,C2652,R,2016-08-01,8.8
E,C2652,R,2016-09-01,25.6
E,C2652,R,2016-10-01,15.1
E,C2652,R,2016-11-01,2.5
E,C2652,R,2016-12-01,-8.8
E,C2652,R,2017-01-01,-8.7
E,C2652,R,2017-02-01,-1.7
E,C2652,R,2017-03-01,1.8
E,C2652,R,2017-04-01,-15.4
E,C2652,R,2017-05-01,-4.7
E,C2652,R,2017-06-01,-7.5
E,C2652,R,2017-07-01,-17.7
E,C2652,R,2017-08-01,-25.2
E,C2652,R,2017-09-01,-32.1
E,C2652,R,2017-10-01,-24.8
E,C2652,R,2017-11-01,-2.2
E,C2652,R,2017-12-01,-1.2
E,C2652,R,2018-01-01,-1.7
E,C2652,R,2018-02-01,14.5
E,C2652,R,2018-03-01,1
E,C2652,R,2018-04-01,12.6
E,C2652,R,2018-05-01,26
E,C2652,R,2018-06-01,45
E,C2652,R,2018-07-01,35.5
E,C2652,R,2018-08-01,14.6
E,C2652,R,2018-09-01,4.2
E,C2652,R,2018-10-01,0
E,C2652,R,2018-11-01,-19.3
E,C2652,R,2018-12-01,-6
E,C2652,R,2019-01-01,14.7
E,C2652,R,2019-02-01,-4.6
E,C2652,R,2019-03-01,-20.1
E,C2652,R,2019-04-01,0
E,C2652,R,2019-05-01,-19
E,C2652,R,2019-06-01,-27.6
E,C2652,R,2019-07-01,-23.7
E,C2652,R,2019-08-01,16
E,C2652,R,2019-09-01,4.8
E,C2652,R,2019-10-01,-2.5
E,C2652,R,2019-11-01,-4
E,C2652,R,2019-12-01,-12
E,C2652,R,2020-01-01,-13.5
E,C2652,R,2020-02-01,-22.9
E,C2652,R,2020-03-01,-36.1
E,C2652,R,2020-04-01,-65.6
E,C2652,R,2020-05-01,-56.3
E,C2652,R,2020-06-01,-41.2
E,C2652,R,2020-07-01,-42.2
E,C2652,R,2020-08-01,-46.1
E,C2652,R,2020-09-01,-19.8
E,C2652,R,2020-10-01,-17.7
E,C2652,R,2020-11-01,-3.1
E,C2652,R,2020-12-01,-4.4
E,C2652,R,2021-01-01,-24.6
E,C2652,R,2021-02-01,-3.3
E,C2652,R,2021-03-01,48.6
E,C2652,R,2021-04-01,142.6
E,C2652,R,2021-05-01,94.9
E,C2652,R,2021-06-01,39.3
E,C2652,R,2021-07-01,53
E,C2652,R,2021-08-01,32.4
E,C2652,R,2021-09-01,-5.4
E,C2652,R,2021-10-01,19
E,C2652,R,2021-11-01,10.1
E,C2652,R,2021-12-01,-4.8
E,C2652,R,2022-01-01,15.1
E,C2652,R,2022-02-01,14.5
E,C2652,R,2022-03-01,-5.3
E,C2652,R,2022-04-01,-8.2
E,C2652,R,2022-05-01,21.8
E,C2652,R,2022-06-01,16.4
E,C2652,R,2022-07-01,3.5
E,C2652,R,2022-08-01,-4
E,C2652,R,2022-09-01,16.7
E,C2652,R,2022-10-01,-8
E,C2652,R,2022-11-01,1.2
E,C2652,R,2022-12-01,10.9
E,C2652,R,2023-01-01,7.8
E,C2652,R,2023-02-01,6.4
E,C2652,R,2023-03-01,12.5
E,C2652,R,2023-04-01,15
E,C2652,R,2023-05-01,-7.2
E,C2652,R,2023-06-01,4
E,C2652,R,2023-07-01,-11.9
E,C2652,R,2023-08-01,20.7
E,C2652,R,2023-09-01,-10.5
E,C2652,R,2023-10-01,6.2
E,C2652,R,2023-11-01,-8.1
E,C2652,R,2023-12-01,1.7
E,C2652,R,2024-01-01,8.4
E,C2652,R,2024-02-01,-4.5
E,C2652,R,2024-03-01,-4.1
E,C2652,R,2024-04-01,-10.3
E,C2652,R,2024-05-01,2.7
E,C2652,R,2024-06-01,3.4
E,C2652,R,2024-07-01,35.6
E,C2652,R,2024-08-01,-1.4
E,C2652,R,2024-09-01,34.8
E,C2652,R,2024-10-01,5.3
E,C2652,R,2024-11-01,13.3
E,C2652,R,2024-12-01,2.4
E,C2652,R,2025-01-01,-12.1
E,C2652,R,2025-02-01,1.7
E,C2652,R,2025-03-01,-12.5
E,C2652,R,2025-04-01,-0.5
E,C2652,R,2025-05-01,-17.5
E,C2652,R,2025-06-01,-18.8
E,C2652,R,2025-07-01,-19.6
E,C2652,R,2025-08-01,-3
E,C2652,R,2025-09-01,-22.8
E,C2652,R,2025-10-01,-15.7
E,C2652,R,2025-11-01,-12.3
E,C2652,R,2025-12-01,-8.6
E,C2652,R,2026-01-01,-4.7
E,C2652,R,2026-02-01,-5.6
E,C2652,R,2026-03-01,-0.6
E,C2652,R,2026-04-01,-5.2
E,C2652,R,2026-05-01,-11.2
E,C2652,R,2026-06-01,2.5
E,C2652,R,2026-07-01,-14.2
E,C2652,WMF,2012-01-01,193.254306735261
E,C2652,WMF,2012-02-01,244.27902259388
E,C2652,WMF,2012-03-01,201.903851864723
E,C2652,WMF,2012-04-01,222.60383488019602
E,C2652,WMF,2012-05-01,222.53009183038
E,C2652,WMF,2012-06-01,215.69357417086601
E,C2652,WMF,2012-07-01,205.22441358009402
E,C2652,WMF,2012-08-01,191.873303331934
E,C2652,WMF,2012-09-01,226.76684925364899
E,C2652,WMF,2012-10-01,190.672373059736
E,C2652,WMF,2012-11-01,180.31411013563698
E,C2652,WMF,2012-12-01,222.46856134591002
E,C2652,WMF,2013-01-01,215.307725825772
E,C2652,WMF,2013-02-01,235.839088573281
E,C2652,WMF,2013-03-01,212.00466801554398
E,C2652,WMF,2013-04-01,242.578471705698
E,C2652,WMF,2013-05-01,213.374395699034
E,C2652,WMF,2013-06-01,219.660721910348
E,C2652,WMF,2013-07-01,228.64415914224298
E,C2652,WMF,2013-08-01,220.746088907341
E,C2652,WMF,2013-09-01,219.160558911804
E,C2652,WMF,2013-10-01,214.58044017652898
E,C2652,WMF,2013-11-01,246.828569771467
E,C2652,WMF,2013-12-01,232.338253518256
E,C2652,WMF,2014-01-01,250.83158721400898
E,C2652,WMF,2014-02-01,237.437230209075
E,C2652,WMF,2014-03-01,254.851385740307
E,C2652,WMF,2014-04-01,234.255117697674
E,C2652,WMF,2014-05-01,239.75902546393903
E,C2652,WMF,2014-06-01,256.933487921763
E,C2652,WMF,2014-07-01,220.080970974367
E,C2652,WMF,2014-08-01,249.713987164387
E,C2652,WMF,2014-09-01,251.827602760064
E,C2652,WMF,2014-10-01,276.771457861892
E,C2652,WMF,2014-11-01,283.82928909934503
E,C2652,WMF,2014-12-01,245.07475410793302
E,C2652,WMF,2015-01-01,273.88545398127104
E,C2652,WMF,2015-02-01,267.815027454134
E,C2652,WMF,2015-03-01,231.847959429492
E,C2652,WMF,2015-04-01,244.913993192329
E,C2652,WMF,2015-05-01,277.758620581494
E,C2652,WMF,2015-06-01,264.976493943518
E,C2652,WMF,2015-07-01,271.82306571719903
E,C2652,WMF,2015-08-01,276.572643867163
E,C2652,WMF,2015-09-01,256.070094427568
E,C2652,WMF,2015-10-01,259.82853054181203
E,C2652,WMF,2015-11-01,246.372964763836
E,C2652,WMF,2015-12-01,274.057982830539
E,C2652,WMF,2016-01-01,255.969814405744
E,C2652,WMF,2016-02-01,235.09487140113802
E,C2652,WMF,2016-03-01,266.997630774373
E,C2652,WMF,2016-04-01,270.96528693247996
E,C2652,WMF,2016-05-01,252.10458974172101
E,C2652,WMF,2016-06-01,249.54759927943
E,C2652,WMF,2016-07-01,280.299325757272
E,C2652,WMF,2016-08-01,286.146730218686
E,C2652,WMF,2016-09-01,303.707206891601
E,C2652,WMF,2016-10-01,278.630687886006
E,C2652,WMF,2016-11-01,259.199348276355
E,C2652,WMF,2016-12-01,252.938432819945
E,C2652,WMF,2017-01-01,242.779048546742
E,C2652,WMF,2017-02-01,228.35927262572602
E,C2652,WMF,2017-03-01,278.181861084225
E,C2652,WMF,2017-04-01,246.30302058982
E,C2652,WMF,2017-05-01,248.961188596463
E,C2652,WMF,2017-06-01,230.87125805242
E,C2652,WMF,2017-07-01,229.525301004392
E,C2652,WMF,2017-08-01,228.141675373157
E,C2652,WMF,2017-09-01,227.076708998133
E,C2652,WMF,2017-10-01,239.90823102342299
E,C2652,WMF,2017-11-01,286.949151814849
E,C2652,WMF,2017-12-01,252.862489955978
E,C2652,WMF,2018-01-01,245.926539090152
E,C2652,WMF,2018-02-01,278.283927774243
E,C2652,WMF,2018-03-01,288.85233843663
E,C2652,WMF,2018-04-01,273.20985830388804
E,C2652,WMF,2018-05-01,303.495334046099
E,C2652,WMF,2018-06-01,326.615634788765
E,C2652,WMF,2018-07-01,307.4824342332
E,C2652,WMF,2018-08-01,264.548955282687
E,C2652,WMF,2018-09-01,251.047648027597
E,C2652,WMF,2018-10-01,260.815175441023
E,C2652,WMF,2018-11-01,240.66237586185198
E,C2652,WMF,2018-12-01,257.671336249864
E,C2652,WMF,2019-01-01,279.524455192867
E,C2652,WMF,2019-02-01,267.25824232238
E,C2652,WMF,2019-03-01,256.48708971745
E,C2652,WMF,2019-04-01,282.816918062186
E,C2652,WMF,2019-05-01,253.37419350403
E,C2652,WMF,2019-06-01,250.359372161979
E,C2652,WMF,2019-07-01,251.027309959296
E,C2652,WMF,2019-08-01,320.21509074856
E,C2652,WMF,2019-09-01,263.596689617943
E,C2652,WMF,2019-10-01,242.558978060563
E,C2652,WMF,2019-11-01,226.260899331393
E,C2652,WMF,2019-12-01,231.569321250669
E,C2652,WMF,2020-01-01,259.902331230995
E,C2652,WMF,2020-02-01,203.963168174975
E,C2652,WMF,2020-03-01,158.526237202958
E,C2652,WMF,2020-04-01,100.19568089595
E,C2652,WMF,2020-05-01,110.011039230957
E,C2652,WMF,2020-06-01,153.169470669056
E,C2652,WMF,2020-07-01,149.777142886602
E,C2652,WMF,2020-08-01,171.667754627523
E,C2652,WMF,2020-09-01,205.81442461742
E,C2652,WMF,2020-10-01,192.159903114054
E,C2652,WMF,2020-11-01,218.808243995305
E,C2652,WMF,2020-12-01,215.567516185845
E,C2652,WMF,2021-01-01,204.35593686678902
E,C2652,WMF,2021-02-01,200.904922079877
E,C2652,WMF,2021-03-01,227.999543606832
E,C2652,WMF,2021-04-01,260.173335906236
E,C2652,WMF,2021-05-01,226.75077952877598
E,C2652,WMF,2021-06-01,203.28406810309
E,C2652,WMF,2021-07-01,224.95373236233
E,C2652,WMF,2021-08-01,232.857513692837
E,C2652,WMF,2021-09-01,213.061697550918
E,C2652,WMF,2021-10-01,243.37757631152098
E,C2652,WMF,2021-11-01,237.694647249187
E,C2652,WMF,2021-12-01,207.359686255698
E,C2652,WMF,2022-01-01,231.551705121199
E,C2652,WMF,2022-02-01,238.173973326918
E,C2652,WMF,2022-03-01,242.808407968517
E,C2652,WMF,2022-04-01,226.53628916444902
E,C2652,WMF,2022-05-01,279.52551532226596
E,C2652,WMF,2022-06-01,257.342136316195
E,C2652,WMF,2022-07-01,247.909415196101
E,C2652,WMF,2022-08-01,232.696978014153
E,C2652,WMF,2022-09-01,239.040222715638
E,C2652,WMF,2022-10-01,231.71704911823602
E,C2652,WMF,2022-11-01,249.209585676879
E,C2652,WMF,2022-12-01,245.18465601073302
E,C2652,WMF,2023-01-01,238.038102849962
E,C2652,WMF,2023-02-01,249.223928210536
E,C2652,WMF,2023-03-01,259.729283271686
E,C2652,WMF,2023-04-01,251.211294983631
E,C2652,WMF,2023-05-01,251.77903168197702
E,C2652,WMF,2023-06-01,244.966036455629
E,C2652,WMF,2023-07-01,226.164073366074
E,C2652,WMF,2023-08-01,272.916375741533
E,C2652,WMF,2023-09-01,219.380619999302
E,C2652,WMF,2023-10-01,218.400855362187
E,C2652,WMF,2023-11-01,194.632600658742
E,C2652,WMF,2023-12-01,225.186517863135
E,C2652,WMF,2024-01-01,237.391268624086
E,C2652,WMF,2024-02-01,207.86817704454202
E,C2652,WMF,2024-03-01,205.34679304318198
E,C2652,WMF,2024-04-01,221.766399130324
E,C2652,WMF,2024-05-01,231.36457141552498
E,C2652,WMF,2024-06-01,229.57957310134898
E,C2652,WMF,2024-07-01,226.46086680473
E,C2652,WMF,2024-08-01,201.8164930209
E,C2652,WMF,2024-09-01,235.142705513529
E,C2652,WMF,2024-10-01,221.835906997161
E,C2652,WMF,2024-11-01,211.202642860044
E,C2652,WMF,2024-12-01,224.026461973644
E,C2652,WMF,2025-01-01,219.76515672118
E,C2652,WMF,2025-02-01,236.410164318953
E,C2652,WMF,2025-03-01,227.66221217596097
E,C2652,WMF,2025-04-01,217.042761650983
E,C2652,WMF,2025-05-01,210.457516781262
E,C2652,WMF,2025-06-01,208.63631258344
E,C2652,WMF,2025-07-01,221.070779578392
E,C2652,WMF,2025-08-01,232.28640693777
E,C2652,WMF,2025-09-01,217.12673022843302
E,C2652,WMF,2025-10-01,224.150191794163
E,C2652,WMF,2025-11-01,243.111945602894
E,C2652,WMF,2025-12-01,236.913810710842
E,C2652,WMF,2026-01-01,242.614586661457
E,C2652,WMF,2026-02-01,245.22605255500702
E,C2652,WMF,2026-03-01,227.605665121102
E,C2652,WMF,2026-04-01,257.69646938134
E,C2652,WMF,2026-05-01,212.785827411652
E,C2652,WMF,2026-06-01,246.905594397894
E,C2652,WMF,2026-07-01,235.872920151958
E,C27,R,2013-01-01,0.8
E,C27,R,2013-02-01,2.8
E,C27,R,2013-03-01,5.6
E,C27,R,2013-04-01,-2.2
E,C27,R,2013-05-01,-0.3
E,C27,R,2013-06-01,4.1
E,C27,R,2013-07-01,1.8
E,C27,R,2013-08-01,1.7
E,C27,R,2013-09-01,7.6
E,C27,R,2013-10-01,5.8
E,C27,R,2013-11-01,7.7
E,C27,R,2013-12-01,7.8
E,C27,R,2014-01-01,-0.5
E,C27,R,2014-02-01,3.6
E,C27,R,2014-03-01,-1.9
E,C27,R,2014-04-01,6
E,C27,R,2014-05-01,3.7
E,C27,R,2014-06-01,1.3
E,C27,R,2014-07-01,2.7
E,C27,R,2014-08-01,-2.1
E,C27,R,2014-09-01,1.8
E,C27,R,2014-10-01,1.8
E,C27,R,2014-11-01,1.9
E,C27,R,2014-12-01,0.2
E,C27,R,2015-01-01,6.9
E,C27,R,2015-02-01,1.8
E,C27,R,2015-03-01,1.9
E,C27,R,2015-04-01,-4.9
E,C27,R,2015-05-01,-0.5
E,C27,R,2015-06-01,-2.1
E,C27,R,2015-07-01,-3.3
E,C27,R,2015-08-01,2.2
E,C27,R,2015-09-01,-1.9
E,C27,R,2015-10-01,-3.6
E,C27,R,2015-11-01,-3.7
E,C27,R,2015-12-01,-8.1
E,C27,R,2016-01-01,-3.3
E,C27,R,2016-02-01,-4.4
E,C27,R,2016-03-01,-1.9
E,C27,R,2016-04-01,3.6
E,C27,R,2016-05-01,0.1
E,C27,R,2016-06-01,2.7
E,C27,R,2016-07-01,1.3
E,C27,R,2016-08-01,0.7
E,C27,R,2016-09-01,-0.9
E,C27,R,2016-10-01,4.3
E,C27,R,2016-11-01,0.9
E,C27,R,2016-12-01,14.2
E,C27,R,2017-01-01,-4.3
E,C27,R,2017-02-01,2.2
E,C27,R,2017-03-01,-1
E,C27,R,2017-04-01,0.8
E,C27,R,2017-05-01,4.1
E,C27,R,2017-06-01,1.7
E,C27,R,2017-07-01,-0.3
E,C27,R,2017-08-01,5.8
E,C27,R,2017-09-01,4.2
E,C27,R,2017-10-01,-1.9
E,C27,R,2017-11-01,5.7
E,C27,R,2017-12-01,3.7
E,C27,R,2018-01-01,11.4
E,C27,R,2018-02-01,3.1
E,C27,R,2018-03-01,5.4
E,C27,R,2018-04-01,3.5
E,C27,R,2018-05-01,-0.8
E,C27,R,2018-06-01,1.2
E,C27,R,2018-07-01,4.4
E,C27,R,2018-08-01,-0.9
E,C27,R,2018-09-01,0.4
E,C27,R,2018-10-01,3.4
E,C27,R,2018-11-01,-2.1
E,C27,R,2018-12-01,-6
E,C27,R,2019-01-01,1
E,C27,R,2019-02-01,2.9
E,C27,R,2019-03-01,2.3
E,C27,R,2019-04-01,-0.7
E,C27,R,2019-05-01,-1.5
E,C27,R,2019-06-01,-2.9
E,C27,R,2019-07-01,1.2
E,C27,R,2019-08-01,-0.9
E,C27,R,2019-09-01,-1.9
E,C27,R,2019-10-01,-1.5
E,C27,R,2019-11-01,-1
E,C27,R,2019-12-01,-4.2
E,C27,R,2020-01-01,-0.5
E,C27,R,2020-02-01,-5
E,C27,R,2020-03-01,-10.9
E,C27,R,2020-04-01,-17.5
E,C27,R,2020-05-01,-3.2
E,C27,R,2020-06-01,1.8
E,C27,R,2020-07-01,-0.9
E,C27,R,2020-08-01,0.2
E,C27,R,2020-09-01,0
E,C27,R,2020-10-01,2.3
E,C27,R,2020-11-01,1.9
E,C27,R,2020-12-01,2.8
E,C27,R,2021-01-01,1
E,C27,R,2021-02-01,8.5
E,C27,R,2021-03-01,17.4
E,C27,R,2021-04-01,34.7
E,C27,R,2021-05-01,14.8
E,C27,R,2021-06-01,7.5
E,C27,R,2021-07-01,7.1
E,C27,R,2021-08-01,9.1
E,C27,R,2021-09-01,11
E,C27,R,2021-10-01,9.7
E,C27,R,2021-11-01,11
E,C27,R,2021-12-01,11.9
E,C27,R,2022-01-01,10.9
E,C27,R,2022-02-01,8.2
E,C27,R,2022-03-01,6.3
E,C27,R,2022-04-01,3.2
E,C27,R,2022-05-01,7.9
E,C27,R,2022-06-01,10.2
E,C27,R,2022-07-01,8.9
E,C27,R,2022-08-01,9.1
E,C27,R,2022-09-01,12.7
E,C27,R,2022-10-01,29.1
E,C27,R,2022-11-01,16.6
E,C27,R,2022-12-01,7.5
E,C27,R,2023-01-01,4
E,C27,R,2023-02-01,1.5
E,C27,R,2023-03-01,1.5
E,C27,R,2023-04-01,-0.2
E,C27,R,2023-05-01,-2.9
E,C27,R,2023-06-01,-5.2
E,C27,R,2023-07-01,-5.4
E,C27,R,2023-08-01,-4.7
E,C27,R,2023-09-01,-10.5
E,C27,R,2023-10-01,-22.9
E,C27,R,2023-11-01,-16.3
E,C27,R,2023-12-01,-10.8
E,C27,R,2024-01-01,-9.8
E,C27,R,2024-02-01,-2.6
E,C27,R,2024-03-01,-4.6
E,C27,R,2024-04-01,1.9
E,C27,R,2024-05-01,-4.7
E,C27,R,2024-06-01,-1.4
E,C27,R,2024-07-01,2.4
E,C27,R,2024-08-01,-3.3
E,C27,R,2024-09-01,3.3
E,C27,R,2024-10-01,2.4
E,C27,R,2024-11-01,0.5
E,C27,R,2024-12-01,7.7
E,C27,R,2025-01-01,8.3
E,C27,R,2025-02-01,3.7
E,C27,R,2025-03-01,3.5
E,C27,R,2025-04-01,-3.1
E,C27,R,2025-05-01,3.2
E,C27,R,2025-06-01,4.9
E,C27,R,2025-07-01,2.3
E,C27,R,2025-08-01,6.6
E,C27,R,2025-09-01,-2.2
E,C27,R,2025-10-01,1.2
E,C27,R,2025-11-01,7.5
E,C27,R,2025-12-01,2.6
E,C27,R,2026-01-01,3.9
E,C27,R,2026-02-01,0.6
E,C27,R,2026-03-01,7.8
E,C27,R,2026-04-01,15.3
E,C27,R,2026-05-01,13.2
E,C27,R,2026-06-01,11.5
E,C27,R,2026-07-01,10.4
E,C27,WMF,2012-01-01,649.7891305373761
E,C27,WMF,2012-02-01,642.844801550429
E,C27,WMF,2012-03-01,655.603000330693
E,C27,WMF,2012-04-01,663.166166230319
E,C27,WMF,2012-05-01,663.9216179354449
E,C27,WMF,2012-06-01,648.013741513336
E,C27,WMF,2012-07-01,657.1052233403531
E,C27,WMF,2012-08-01,652.946207375647
E,C27,WMF,2012-09-01,631.687112246669
E,C27,WMF,2012-10-01,635.902068998399
E,C27,WMF,2012-11-01,622.651802343772
E,C27,WMF,2012-12-01,636.703638200566
E,C27,WMF,2013-01-01,651.067531450625
E,C27,WMF,2013-02-01,653.5300231993031
E,C27,WMF,2013-03-01,691.189650461031
E,C27,WMF,2013-04-01,650.724749855921
E,C27,WMF,2013-05-01,655.8304572317701
E,C27,WMF,2013-06-01,662.5023474652669
E,C27,WMF,2013-07-01,661.4591458330291
E,C27,WMF,2013-08-01,646.9295980877071
E,C27,WMF,2013-09-01,665.9600880524581
E,C27,WMF,2013-10-01,659.07335704699
E,C27,WMF,2013-11-01,665.307650973773
E,C27,WMF,2013-12-01,691.953017805652
E,C27,WMF,2014-01-01,658.558724232106
E,C27,WMF,2014-02-01,671.1238177056771
E,C27,WMF,2014-03-01,660.255917219009
E,C27,WMF,2014-04-01,685.075662218704
E,C27,WMF,2014-05-01,667.817128012192
E,C27,WMF,2014-06-01,672.71112482407
E,C27,WMF,2014-07-01,683.59096717222
E,C27,WMF,2014-08-01,681.485240724302
E,C27,WMF,2014-09-01,680.8880609178831
E,C27,WMF,2014-10-01,674.053653932176
E,C27,WMF,2014-11-01,682.076629982188
E,C27,WMF,2014-12-01,680.65124395150394
E,C27,WMF,2015-01-01,651.461164617944
E,C27,WMF,2015-02-01,641.688388085638
E,C27,WMF,2015-03-01,640.1517897933
E,C27,WMF,2015-04-01,606.817948351837
E,C27,WMF,2015-05-01,625.490235147487
E,C27,WMF,2015-06-01,623.994604727278
E,C27,WMF,2015-07-01,614.76924012456
E,C27,WMF,2015-08-01,627.669035481302
E,C27,WMF,2015-09-01,641.575543968682
E,C27,WMF,2015-10-01,632.443514087992
E,C27,WMF,2015-11-01,643.364936460747
E,C27,WMF,2015-12-01,622.931090436457
E,C27,WMF,2016-01-01,642.012695210945
E,C27,WMF,2016-02-01,643.008845648206
E,C27,WMF,2016-03-01,653.924065757843
E,C27,WMF,2016-04-01,646.612279517599
E,C27,WMF,2016-05-01,652.646857700908
E,C27,WMF,2016-06-01,659.001443777587
E,C27,WMF,2016-07-01,649.876372144408
E,C27,WMF,2016-08-01,644.5934838562271
E,C27,WMF,2016-09-01,640.8940101668201
E,C27,WMF,2016-10-01,655.7604933412041
E,C27,WMF,2016-11-01,634.653568115717
E,C27,WMF,2016-12-01,693.6730324460091
E,C27,WMF,2017-01-01,630.045161111694
E,C27,WMF,2017-02-01,665.798280827579
E,C27,WMF,2017-03-01,653.3416184648611
E,C27,WMF,2017-04-01,673.618833400792
E,C27,WMF,2017-05-01,694.7134174233299
E,C27,WMF,2017-06-01,677.999903593541
E,C27,WMF,2017-07-01,664.555839946932
E,C27,WMF,2017-08-01,707.5927873174829
E,C27,WMF,2017-09-01,702.59625077078
E,C27,WMF,2017-10-01,688.389217048665
E,C27,WMF,2017-11-01,730.596772694417
E,C27,WMF,2017-12-01,792.249445109428
E,C27,WMF,2018-01-01,744.304963356032
E,C27,WMF,2018-02-01,728.203370029816
E,C27,WMF,2018-03-01,747.739143218755
E,C27,WMF,2018-04-01,745.670763374423
E,C27,WMF,2018-05-01,742.823385726836
E,C27,WMF,2018-06-01,756.4907819577201
E,C27,WMF,2018-07-01,751.157600353268
E,C27,WMF,2018-08-01,756.373835990697
E,C27,WMF,2018-09-01,753.083607119041
E,C27,WMF,2018-10-01,756.49557604084
E,C27,WMF,2018-11-01,743.243906707522
E,C27,WMF,2018-12-01,755.391396481804
E,C27,WMF,2019-01-01,768.521431456453
E,C27,WMF,2019-02-01,763.579865800452
E,C27,WMF,2019-03-01,765.8179447084
E,C27,WMF,2019-04-01,764.319451291947
E,C27,WMF,2019-05-01,754.713146320017
E,C27,WMF,2019-06-01,725.442706849861
E,C27,WMF,2019-07-01,756.517932806758
E,C27,WMF,2019-08-01,747.114815193286
E,C27,WMF,2019-09-01,744.9725702857979
E,C27,WMF,2019-10-01,738.142162047978
E,C27,WMF,2019-11-01,743.072596805315
E,C27,WMF,2019-12-01,723.032797584808
E,C27,WMF,2020-01-01,748.534369344162
E,C27,WMF,2020-02-01,716.83333695927
E,C27,WMF,2020-03-01,666.93734070735
E,C27,WMF,2020-04-01,597.279302112655
E,C27,WMF,2020-05-01,690.691720965959
E,C27,WMF,2020-06-01,716.014204423064
E,C27,WMF,2020-07-01,736.9512207770321
E,C27,WMF,2020-08-01,726.2566111757179
E,C27,WMF,2020-09-01,716.604178070811
E,C27,WMF,2020-10-01,731.271774363541
E,C27,WMF,2020-11-01,732.2546945939961
E,C27,WMF,2020-12-01,721.398337422817
E,C27,WMF,2021-01-01,760.6287087494981
E,C27,WMF,2021-02-01,780.108637638057
E,C27,WMF,2021-03-01,802.970570959563
E,C27,WMF,2021-04-01,829.578414003742
E,C27,WMF,2021-05-01,828.693948111169
E,C27,WMF,2021-06-01,791.271961618159
E,C27,WMF,2021-07-01,821.459225199795
E,C27,WMF,2021-08-01,814.2458460071
E,C27,WMF,2021-09-01,831.236389330835
E,C27,WMF,2021-10-01,832.877339682767
E,C27,WMF,2021-11-01,852.906665365888
E,C27,WMF,2021-12-01,861.2146686376491
E,C27,WMF,2022-01-01,862.485345368562
E,C27,WMF,2022-02-01,876.422927462907
E,C27,WMF,2022-03-01,871.1943979440549
E,C27,WMF,2022-04-01,873.753213924209
E,C27,WMF,2022-05-01,915.829734415773
E,C27,WMF,2022-06-01,891.881492469356
E,C27,WMF,2022-07-01,887.001942119003
E,C27,WMF,2022-08-01,908.303476614464
E,C27,WMF,2022-09-01,943.676456048906
E,C27,WMF,2022-10-01,1067.87166424042
E,C27,WMF,2022-11-01,983.739225040208
E,C27,WMF,2022-12-01,956.743565170053
E,C27,WMF,2023-01-01,944.528928110133
E,C27,WMF,2023-02-01,924.898010005527
E,C27,WMF,2023-03-01,925.200679870463
E,C27,WMF,2023-04-01,904.4152244814661
E,C27,WMF,2023-05-01,909.713374369124
E,C27,WMF,2023-06-01,887.292394547599
E,C27,WMF,2023-07-01,875.8475937698161
E,C27,WMF,2023-08-01,897.233081592306
E,C27,WMF,2023-09-01,880.952300298805
E,C27,WMF,2023-10-01,864.9688815381729
E,C27,WMF,2023-11-01,838.424692609854
E,C27,WMF,2023-12-01,842.7063376290621
E,C27,WMF,2024-01-01,816.4543696879621
E,C27,WMF,2024-02-01,835.853274667103
E,C27,WMF,2024-03-01,825.2720430190969
E,C27,WMF,2024-04-01,868.018170287059
E,C27,WMF,2024-05-01,826.761785522774
E,C27,WMF,2024-06-01,828.078913608318
E,C27,WMF,2024-07-01,851.435781696705
E,C27,WMF,2024-08-01,802.203345288777
E,C27,WMF,2024-09-01,806.3141859298249
E,C27,WMF,2024-10-01,809.215593637442
E,C27,WMF,2024-11-01,793.13108088138
E,C27,WMF,2024-12-01,819.8895494302501
E,C27,WMF,2025-01-01,839.001836027663
E,C27,WMF,2025-02-01,850.745865966917
E,C27,WMF,2025-03-01,820.9816674831441
E,C27,WMF,2025-04-01,815.4187906149381
E,C27,WMF,2025-05-01,815.062517922131
E,C27,WMF,2025-06-01,829.537379876311
E,C27,WMF,2025-07-01,830.223677575296
E,C27,WMF,2025-08-01,841.1853288399301
E,C27,WMF,2025-09-01,824.7535514958411
E,C27,WMF,2025-10-01,822.148532576824
E,C27,WMF,2025-11-01,857.284438014784
E,C27,WMF,2025-12-01,849.3790745173239
E,C27,WMF,2026-01-01,857.988182797741
E,C27,WMF,2026-02-01,852.697932166228
E,C27,WMF,2026-03-01,894.755099594414
E,C27,WMF,2026-04-01,907.944489114035
E,C27,WMF,2026-05-01,899.249268139
E,C27,WMF,2026-06-01,916.252633294336
E,C27,WMF,2026-07-01,930.2426156655621
E,C28,R,2013-01-01,-1.6
E,C28,R,2013-02-01,1.6
E,C28,R,2013-03-01,4.2
E,C28,R,2013-04-01,2.8
E,C28,R,2013-05-01,-0.6
E,C28,R,2013-06-01,2.3
E,C28,R,2013-07-01,5.1
E,C28,R,2013-08-01,1.1
E,C28,R,2013-09-01,3.3
E,C28,R,2013-10-01,5.7
E,C28,R,2013-11-01,8.1
E,C28,R,2013-12-01,5.3
E,C28,R,2014-01-01,3.4
E,C28,R,2014-02-01,10.1
E,C28,R,2014-03-01,3
E,C28,R,2014-04-01,1.8
E,C28,R,2014-05-01,7.3
E,C28,R,2014-06-01,4
E,C28,R,2014-07-01,3.6
E,C28,R,2014-08-01,6.1
E,C28,R,2014-09-01,3.6
E,C28,R,2014-10-01,3.9
E,C28,R,2014-11-01,2.1
E,C28,R,2014-12-01,-1.4
E,C28,R,2015-01-01,-3
E,C28,R,2015-02-01,-4.4
E,C28,R,2015-03-01,-8
E,C28,R,2015-04-01,-4.8
E,C28,R,2015-05-01,-2.9
E,C28,R,2015-06-01,-6.5
E,C28,R,2015-07-01,-7.2
E,C28,R,2015-08-01,-8
E,C28,R,2015-09-01,-7.2
E,C28,R,2015-10-01,-3.5
E,C28,R,2015-11-01,-5.4
E,C28,R,2015-12-01,-4.5
E,C28,R,2016-01-01,-3.4
E,C28,R,2016-02-01,-2.6
E,C28,R,2016-03-01,-0.9
E,C28,R,2016-04-01,-1.5
E,C28,R,2016-05-01,-6.9
E,C28,R,2016-06-01,-0.5
E,C28,R,2016-07-01,-1
E,C28,R,2016-08-01,2.9
E,C28,R,2016-09-01,3.2
E,C28,R,2016-10-01,-4.1
E,C28,R,2016-11-01,-2.9
E,C28,R,2016-12-01,0.7
E,C28,R,2017-01-01,2.9
E,C28,R,2017-02-01,2.4
E,C28,R,2017-03-01,9
E,C28,R,2017-04-01,3.6
E,C28,R,2017-05-01,9.3
E,C28,R,2017-06-01,7.1
E,C28,R,2017-07-01,7.6
E,C28,R,2017-08-01,8
E,C28,R,2017-09-01,4.3
E,C28,R,2017-10-01,9.1
E,C28,R,2017-11-01,14.5
E,C28,R,2017-12-01,15.4
E,C28,R,2018-01-01,10.8
E,C28,R,2018-02-01,7.5
E,C28,R,2018-03-01,3.5
E,C28,R,2018-04-01,6.1
E,C28,R,2018-05-01,0.3
E,C28,R,2018-06-01,4
E,C28,R,2018-07-01,1.8
E,C28,R,2018-08-01,-2.1
E,C28,R,2018-09-01,0.9
E,C28,R,2018-10-01,0.3
E,C28,R,2018-11-01,-6.4
E,C28,R,2018-12-01,-3.8
E,C28,R,2019-01-01,-0.5
E,C28,R,2019-02-01,-0.6
E,C28,R,2019-03-01,-2.5
E,C28,R,2019-04-01,2
E,C28,R,2019-05-01,0
E,C28,R,2019-06-01,-3.1
E,C28,R,2019-07-01,-1.6
E,C28,R,2019-08-01,-1.7
E,C28,R,2019-09-01,-1.8
E,C28,R,2019-10-01,-2.4
E,C28,R,2019-11-01,-0.5
E,C28,R,2019-12-01,-6.1
E,C28,R,2020-01-01,-8
E,C28,R,2020-02-01,-8.2
E,C28,R,2020-03-01,-12.8
E,C28,R,2020-04-01,-31.5
E,C28,R,2020-05-01,-13
E,C28,R,2020-06-01,-7
E,C28,R,2020-07-01,-8.7
E,C28,R,2020-08-01,-8.2
E,C28,R,2020-09-01,-7.6
E,C28,R,2020-10-01,-8.3
E,C28,R,2020-11-01,-9.1
E,C28,R,2020-12-01,-18.9
E,C28,R,2021-01-01,-4.8
E,C28,R,2021-02-01,0.1
E,C28,R,2021-03-01,11.6
E,C28,R,2021-04-01,38.5
E,C28,R,2021-05-01,13.8
E,C28,R,2021-06-01,3.3
E,C28,R,2021-07-01,7.8
E,C28,R,2021-08-01,4.9
E,C28,R,2021-09-01,6.6
E,C28,R,2021-10-01,5.9
E,C28,R,2021-11-01,9.3
E,C28,R,2021-12-01,17.2
E,C28,R,2022-01-01,5.2
E,C28,R,2022-02-01,6.3
E,C28,R,2022-03-01,-0.1
E,C28,R,2022-04-01,0.3
E,C28,R,2022-05-01,4.1
E,C28,R,2022-06-01,9.9
E,C28,R,2022-07-01,4.5
E,C28,R,2022-08-01,8.6
E,C28,R,2022-09-01,5.1
E,C28,R,2022-10-01,8.9
E,C28,R,2022-11-01,10
E,C28,R,2022-12-01,7.3
E,C28,R,2023-01-01,9.1
E,C28,R,2023-02-01,2.3
E,C28,R,2023-03-01,7.4
E,C28,R,2023-04-01,2.4
E,C28,R,2023-05-01,-0.7
E,C28,R,2023-06-01,-5.1
E,C28,R,2023-07-01,-3.4
E,C28,R,2023-08-01,-2.8
E,C28,R,2023-09-01,-0.3
E,C28,R,2023-10-01,-9.1
E,C28,R,2023-11-01,-9
E,C28,R,2023-12-01,-3.1
E,C28,R,2024-01-01,-8.1
E,C28,R,2024-02-01,-4.6
E,C28,R,2024-03-01,-10.8
E,C28,R,2024-04-01,1.2
E,C28,R,2024-05-01,-10.3
E,C28,R,2024-06-01,-6.5
E,C28,R,2024-07-01,-5
E,C28,R,2024-08-01,-1.5
E,C28,R,2024-09-01,0.4
E,C28,R,2024-10-01,5
E,C28,R,2024-11-01,2.2
E,C28,R,2024-12-01,4.5
E,C28,R,2025-01-01,2.7
E,C28,R,2025-02-01,-2.5
E,C28,R,2025-03-01,3.8
E,C28,R,2025-04-01,-4.7
E,C28,R,2025-05-01,2.9
E,C28,R,2025-06-01,4.6
E,C28,R,2025-07-01,4.5
E,C28,R,2025-08-01,-4.6
E,C28,R,2025-09-01,-11.6
E,C28,R,2025-10-01,-6.9
E,C28,R,2025-11-01,-6.1
E,C28,R,2025-12-01,-6.4
E,C28,R,2026-01-01,-2.7
E,C28,R,2026-02-01,3.4
E,C28,R,2026-03-01,0.5
E,C28,R,2026-04-01,-0.2
E,C28,R,2026-05-01,4.9
E,C28,R,2026-06-01,-1.9
E,C28,R,2026-07-01,-1.8
E,C28,WMF,2012-01-01,1098.15842010653
E,C28,WMF,2012-02-01,1038.57662736039
E,C28,WMF,2012-03-01,1077.67994386315
E,C28,WMF,2012-04-01,1095.7751389337102
E,C28,WMF,2012-05-01,1089.96404978291
E,C28,WMF,2012-06-01,1074.0466689006
E,C28,WMF,2012-07-01,1077.70074201042
E,C28,WMF,2012-08-01,1060.85894171984
E,C28,WMF,2012-09-01,1077.39995420817
E,C28,WMF,2012-10-01,1037.01461119066
E,C28,WMF,2012-11-01,1022.2913771618801
E,C28,WMF,2012-12-01,1061.57975923519
E,C28,WMF,2013-01-01,1114.52412497103
E,C28,WMF,2013-02-01,1101.72973020949
E,C28,WMF,2013-03-01,1155.16436798599
E,C28,WMF,2013-04-01,1149.1887725657498
E,C28,WMF,2013-05-01,1107.60071842616
E,C28,WMF,2013-06-01,1146.54372501859
E,C28,WMF,2013-07-01,1148.57549736659
E,C28,WMF,2013-08-01,1085.89370073133
E,C28,WMF,2013-09-01,1122.7732584400699
E,C28,WMF,2013-10-01,1131.8894883555602
E,C28,WMF,2013-11-01,1144.0450389979899
E,C28,WMF,2013-12-01,1152.76491655328
E,C28,WMF,2014-01-01,1139.12462510067
E,C28,WMF,2014-02-01,1159.4117327193999
E,C28,WMF,2014-03-01,1152.74391327126
E,C28,WMF,2014-04-01,1142.4443359630202
E,C28,WMF,2014-05-01,1165.57377364277
E,C28,WMF,2014-06-01,1156.91905346236
E,C28,WMF,2014-07-01,1151.12691353469
E,C28,WMF,2014-08-01,1155.34590618673
E,C28,WMF,2014-09-01,1150.9518523612398
E,C28,WMF,2014-10-01,1151.07595944292
E,C28,WMF,2014-11-01,1140.9131992864102
E,C28,WMF,2014-12-01,1126.34724446911
E,C28,WMF,2015-01-01,1064.90031459582
E,C28,WMF,2015-02-01,1062.9427091913299
E,C28,WMF,2015-03-01,1022.01759801593
E,C28,WMF,2015-04-01,1032.50936139621
E,C28,WMF,2015-05-01,1070.33075944906
E,C28,WMF,2015-06-01,1016.1229390697499
E,C28,WMF,2015-07-01,1021.43535265277
E,C28,WMF,2015-08-01,1032.07599986942
E,C28,WMF,2015-09-01,1036.06706839281
E,C28,WMF,2015-10-01,1063.68165854178
E,C28,WMF,2015-11-01,1056.43891790019
E,C28,WMF,2015-12-01,1026.7266061134
E,C28,WMF,2016-01-01,1030.27398061917
E,C28,WMF,2016-02-01,1062.78852361172
E,C28,WMF,2016-03-01,1045.72514734644
E,C28,WMF,2016-04-01,1043.77209521576
E,C28,WMF,2016-05-01,1044.01900242543
E,C28,WMF,2016-06-01,1050.33217408522
E,C28,WMF,2016-07-01,1045.63191389185
E,C28,WMF,2016-08-01,1072.01079477412
E,C28,WMF,2016-09-01,1096.1798996864
E,C28,WMF,2016-10-01,1048.20970899345
E,C28,WMF,2016-11-01,1030.11069200916
E,C28,WMF,2016-12-01,1043.90348599165
E,C28,WMF,2017-01-01,1091.25958770611
E,C28,WMF,2017-02-01,1089.84423823126
E,C28,WMF,2017-03-01,1123.38817751537
E,C28,WMF,2017-04-01,1108.41649783661
E,C28,WMF,2017-05-01,1136.30491803317
E,C28,WMF,2017-06-01,1131.666616403
E,C28,WMF,2017-07-01,1166.01630951393
E,C28,WMF,2017-08-01,1211.5066603420998
E,C28,WMF,2017-09-01,1161.54491566716
E,C28,WMF,2017-10-01,1176.05470297739
E,C28,WMF,2017-11-01,1253.69974414973
E,C28,WMF,2017-12-01,1258.21829037995
E,C28,WMF,2018-01-01,1234.7401012363
E,C28,WMF,2018-02-01,1218.4581773810798
E,C28,WMF,2018-03-01,1237.07515361023
E,C28,WMF,2018-04-01,1233.95656025101
E,C28,WMF,2018-05-01,1208.60955082044
E,C28,WMF,2018-06-01,1244.9744379180802
E,C28,WMF,2018-07-01,1234.44754900078
E,C28,WMF,2018-08-01,1217.1689569780701
E,C28,WMF,2018-09-01,1209.1736688580302
E,C28,WMF,2018-10-01,1222.06342478359
E,C28,WMF,2018-11-01,1198.3818700577299
E,C28,WMF,2018-12-01,1235.64728059236
E,C28,WMF,2019-01-01,1247.9947274014498
E,C28,WMF,2019-02-01,1241.52745801101
E,C28,WMF,2019-03-01,1230.84077357253
E,C28,WMF,2019-04-01,1257.36265513159
E,C28,WMF,2019-05-01,1221.32003543634
E,C28,WMF,2019-06-01,1221.43910535426
E,C28,WMF,2019-07-01,1196.44407254637
E,C28,WMF,2019-08-01,1187.8115171233999
E,C28,WMF,2019-09-01,1201.02117587918
E,C28,WMF,2019-10-01,1200.7439234328
E,C28,WMF,2019-11-01,1190.01234659676
E,C28,WMF,2019-12-01,1176.1784371241802
E,C28,WMF,2020-01-01,1170.13223161382
E,C28,WMF,2020-02-01,1137.01740716173
E,C28,WMF,2020-03-01,1066.5519639899699
E,C28,WMF,2020-04-01,872.4743710160101
E,C28,WMF,2020-05-01,1034.4275444669
E,C28,WMF,2020-06-01,1132.9738182655
E,C28,WMF,2020-07-01,1115.76020866418
E,C28,WMF,2020-08-01,1107.87148774945
E,C28,WMF,2020-09-01,1125.49313744848
E,C28,WMF,2020-10-01,1114.43486255024
E,C28,WMF,2020-11-01,1093.78634655409
E,C28,WMF,2020-12-01,1054.03982589015
E,C28,WMF,2021-01-01,1116.04970843276
E,C28,WMF,2021-02-01,1145.6971469398602
E,C28,WMF,2021-03-01,1229.02755682755
E,C28,WMF,2021-04-01,1222.95201366585
E,C28,WMF,2021-05-01,1207.51831543383
E,C28,WMF,2021-06-01,1168.46782437129
E,C28,WMF,2021-07-01,1206.5672751218199
E,C28,WMF,2021-08-01,1183.60708345792
E,C28,WMF,2021-09-01,1198.5518365850899
E,C28,WMF,2021-10-01,1199.57426943137
E,C28,WMF,2021-11-01,1199.9504983986499
E,C28,WMF,2021-12-01,1136.7166209493798
E,C28,WMF,2022-01-01,1187.63432381178
E,C28,WMF,2022-02-01,1241.4435542681101
E,C28,WMF,2022-03-01,1215.62203532919
E,C28,WMF,2022-04-01,1229.72621282413
E,C28,WMF,2022-05-01,1303.7611019386302
E,C28,WMF,2022-06-01,1306.19140209602
E,C28,WMF,2022-07-01,1277.77866513604
E,C28,WMF,2022-08-01,1293.3983439309102
E,C28,WMF,2022-09-01,1273.42371997908
E,C28,WMF,2022-10-01,1298.83279079298
E,C28,WMF,2022-11-01,1344.9844158828198
E,C28,WMF,2022-12-01,1333.01735149084
E,C28,WMF,2023-01-01,1336.6547985443299
E,C28,WMF,2023-02-01,1310.98424232604
E,C28,WMF,2023-03-01,1353.487609798
E,C28,WMF,2023-04-01,1280.1191418138
E,C28,WMF,2023-05-01,1317.73534359617
E,C28,WMF,2023-06-01,1279.6222717113499
E,C28,WMF,2023-07-01,1274.31965230184
E,C28,WMF,2023-08-01,1288.70864613254
E,C28,WMF,2023-09-01,1332.02866681499
E,C28,WMF,2023-10-01,1250.26291877635
E,C28,WMF,2023-11-01,1287.8151091331301
E,C28,WMF,2023-12-01,1303.98739806963
E,C28,WMF,2024-01-01,1249.80702179173
E,C28,WMF,2024-02-01,1247.88445622667
E,C28,WMF,2024-03-01,1213.16843541203
E,C28,WMF,2024-04-01,1275.53066508074
E,C28,WMF,2024-05-01,1185.9248589020801
E,C28,WMF,2024-06-01,1213.4272435778
E,C28,WMF,2024-07-01,1214.00318031297
E,C28,WMF,2024-08-01,1236.7617082705199
E,C28,WMF,2024-09-01,1233.58513750322
E,C28,WMF,2024-10-01,1250.1120049559902
E,C28,WMF,2024-11-01,1193.6714255239501
E,C28,WMF,2024-12-01,1217.74746495084
E,C28,WMF,2025-01-01,1244.4873637994299
E,C28,WMF,2025-02-01,1206.55378945892
E,C28,WMF,2025-03-01,1226.93896803736
E,C28,WMF,2025-04-01,1226.7226475703699
E,C28,WMF,2025-05-01,1201.54630877519
E,C28,WMF,2025-06-01,1237.66301429681
E,C28,WMF,2025-07-01,1236.0610303608898
E,C28,WMF,2025-08-01,1199.96063733166
E,C28,WMF,2025-09-01,1183.89962387436
E,C28,WMF,2025-10-01,1190.17957575796
E,C28,WMF,2025-11-01,1185.80660673842
E,C28,WMF,2025-12-01,1158.1578728177599
E,C28,WMF,2026-01-01,1206.94523247389
E,C28,WMF,2026-02-01,1227.3575700957301
E,C28,WMF,2026-03-01,1231.54884838891
E,C28,WMF,2026-04-01,1230.68957240153
E,C28,WMF,2026-05-01,1231.7878293168599
E,C28,WMF,2026-06-01,1202.03994893479
E,C28,WMF,2026-07-01,1194.57204384742
E,C29,R,2013-01-01,-5.4
E,C29,R,2013-02-01,-10
E,C29,R,2013-03-01,-14.3
E,C29,R,2013-04-01,-14
E,C29,R,2013-05-01,-15.5
E,C29,R,2013-06-01,-5.9
E,C29,R,2013-07-01,-3.7
E,C29,R,2013-08-01,5.2
E,C29,R,2013-09-01,-5.1
E,C29,R,2013-10-01,-2.8
E,C29,R,2013-11-01,0.4
E,C29,R,2013-12-01,-1.3
E,C29,R,2014-01-01,-1.2
E,C29,R,2014-02-01,7
E,C29,R,2014-03-01,0.5
E,C29,R,2014-04-01,6.4
E,C29,R,2014-05-01,4.5
E,C29,R,2014-06-01,-1.1
E,C29,R,2014-07-01,7.9
E,C29,R,2014-08-01,-1
E,C29,R,2014-09-01,0.5
E,C29,R,2014-10-01,4.1
E,C29,R,2014-11-01,2.6
E,C29,R,2014-12-01,-7.3
E,C29,R,2015-01-01,-0.3
E,C29,R,2015-02-01,2.7
E,C29,R,2015-03-01,7.2
E,C29,R,2015-04-01,6.4
E,C29,R,2015-05-01,7.5
E,C29,R,2015-06-01,13.8
E,C29,R,2015-07-01,13.4
E,C29,R,2015-08-01,12.7
E,C29,R,2015-09-01,9
E,C29,R,2015-10-01,8
E,C29,R,2015-11-01,4.6
E,C29,R,2015-12-01,0.7
E,C29,R,2016-01-01,4.8
E,C29,R,2016-02-01,-6.3
E,C29,R,2016-03-01,-0.1
E,C29,R,2016-04-01,-3.9
E,C29,R,2016-05-01,-7.6
E,C29,R,2016-06-01,-13.3
E,C29,R,2016-07-01,-15.4
E,C29,R,2016-08-01,-1.4
E,C29,R,2016-09-01,-4.7
E,C29,R,2016-10-01,-5
E,C29,R,2016-11-01,-0.3
E,C29,R,2016-12-01,7.7
E,C29,R,2017-01-01,-2.2
E,C29,R,2017-02-01,8
E,C29,R,2017-03-01,4.3
E,C29,R,2017-04-01,-1.7
E,C29,R,2017-05-01,6.7
E,C29,R,2017-06-01,8
E,C29,R,2017-07-01,-0.1
E,C29,R,2017-08-01,-3.9
E,C29,R,2017-09-01,1.1
E,C29,R,2017-10-01,0.3
E,C29,R,2017-11-01,-2
E,C29,R,2017-12-01,-2.2
E,C29,R,2018-01-01,0.1
E,C29,R,2018-02-01,-6.1
E,C29,R,2018-03-01,-9.2
E,C29,R,2018-04-01,3.9
E,C29,R,2018-05-01,3
E,C29,R,2018-06-01,11.6
E,C29,R,2018-07-01,28.3
E,C29,R,2018-08-01,-0.4
E,C29,R,2018-09-01,-16
E,C29,R,2018-10-01,-9.8
E,C29,R,2018-11-01,-7.7
E,C29,R,2018-12-01,6.1
E,C29,R,2019-01-01,3
E,C29,R,2019-02-01,7.2
E,C29,R,2019-03-01,16.1
E,C29,R,2019-04-01,6.8
E,C29,R,2019-05-01,1.6
E,C29,R,2019-06-01,-10.1
E,C29,R,2019-07-01,-16.6
E,C29,R,2019-08-01,4.1
E,C29,R,2019-09-01,24.3
E,C29,R,2019-10-01,14.4
E,C29,R,2019-11-01,0.2
E,C29,R,2019-12-01,-1.2
E,C29,R,2020-01-01,-1.5
E,C29,R,2020-02-01,-5
E,C29,R,2020-03-01,-26.9
E,C29,R,2020-04-01,-70
E,C29,R,2020-05-01,-46.5
E,C29,R,2020-06-01,-15.9
E,C29,R,2020-07-01,-9.3
E,C29,R,2020-08-01,-6.6
E,C29,R,2020-09-01,-2
E,C29,R,2020-10-01,4.1
E,C29,R,2020-11-01,23.5
E,C29,R,2020-12-01,-3.5
E,C29,R,2021-01-01,-7.9
E,C29,R,2021-02-01,-5.8
E,C29,R,2021-03-01,16.3
E,C29,R,2021-04-01,201.5
E,C29,R,2021-05-01,63
E,C29,R,2021-06-01,12.3
E,C29,R,2021-07-01,-3.3
E,C29,R,2021-08-01,-15.8
E,C29,R,2021-09-01,-22.4
E,C29,R,2021-10-01,-23.9
E,C29,R,2021-11-01,-20.8
E,C29,R,2021-12-01,-8.2
E,C29,R,2022-01-01,-6.1
E,C29,R,2022-02-01,-6.6
E,C29,R,2022-03-01,-8.1
E,C29,R,2022-04-01,-13.8
E,C29,R,2022-05-01,-4.2
E,C29,R,2022-06-01,-4.1
E,C29,R,2022-07-01,0.1
E,C29,R,2022-08-01,19.8
E,C29,R,2022-09-01,28.5
E,C29,R,2022-10-01,21.8
E,C29,R,2022-11-01,14.1
E,C29,R,2022-12-01,10.7
E,C29,R,2023-01-01,18.3
E,C29,R,2023-02-01,19.3
E,C29,R,2023-03-01,16.7
E,C29,R,2023-04-01,20.7
E,C29,R,2023-05-01,20.1
E,C29,R,2023-06-01,14.9
E,C29,R,2023-07-01,20.1
E,C29,R,2023-08-01,9.9
E,C29,R,2023-09-01,6.5
E,C29,R,2023-10-01,6.4
E,C29,R,2023-11-01,-4.9
E,C29,R,2023-12-01,5.1
E,C29,R,2024-01-01,5.7
E,C29,R,2024-02-01,7.1
E,C29,R,2024-03-01,10.1
E,C29,R,2024-04-01,11.3
E,C29,R,2024-05-01,-10
E,C29,R,2024-06-01,-3.4
E,C29,R,2024-07-01,-22.1
E,C29,R,2024-08-01,-17.7
E,C29,R,2024-09-01,-20.8
E,C29,R,2024-10-01,-17.9
E,C29,R,2024-11-01,-12.4
E,C29,R,2024-12-01,-11.1
E,C29,R,2025-01-01,-16.1
E,C29,R,2025-02-01,-19.4
E,C29,R,2025-03-01,-16.6
E,C29,R,2025-04-01,-19
E,C29,R,2025-05-01,-4.4
E,C29,R,2025-06-01,-6.4
E,C29,R,2025-07-01,18.1
E,C29,R,2025-08-01,14.6
E,C29,R,2025-09-01,4.8
E,C29,R,2025-10-01,17.2
E,C29,R,2025-11-01,13.2
E,C29,R,2025-12-01,-1.9
E,C29,R,2026-01-01,3.3
E,C29,R,2026-02-01,6
E,C29,R,2026-03-01,0.8
E,C29,R,2026-04-01,8
E,C29,R,2026-05-01,4.8
E,C29,R,2026-06-01,-2.7
E,C29,R,2026-07-01,-8
E,C29,WMF,2012-01-01,1150.2971763507398
E,C29,WMF,2012-02-01,1164.68685470429
E,C29,WMF,2012-03-01,1193.28837208641
E,C29,WMF,2012-04-01,1195.09532978602
E,C29,WMF,2012-05-01,1206.27087547049
E,C29,WMF,2012-06-01,1144.02960373441
E,C29,WMF,2012-07-01,1092.2645641324698
E,C29,WMF,2012-08-01,991.646979431579
E,C29,WMF,2012-09-01,1129.55532805522
E,C29,WMF,2012-10-01,1069.71784001667
E,C29,WMF,2012-11-01,1035.6088039712502
E,C29,WMF,2012-12-01,1076.3208998427301
E,C29,WMF,2013-01-01,1086.92431994959
E,C29,WMF,2013-02-01,1055.04015778461
E,C29,WMF,2013-03-01,1062.9491709184801
E,C29,WMF,2013-04-01,1030.33804996961
E,C29,WMF,2013-05-01,1028.62535891645
E,C29,WMF,2013-06-01,1091.0299354645902
E,C29,WMF,2013-07-01,1042.94062621536
E,C29,WMF,2013-08-01,1063.47587535087
E,C29,WMF,2013-09-01,1076.02277385609
E,C29,WMF,2013-10-01,1051.6061780033199
E,C29,WMF,2013-11-01,1078.03929125228
E,C29,WMF,2013-12-01,1082.55929453646
E,C29,WMF,2014-01-01,1088.6365587748498
E,C29,WMF,2014-02-01,1106.93716347272
E,C29,WMF,2014-03-01,1085.55942894862
E,C29,WMF,2014-04-01,1110.13410925903
E,C29,WMF,2014-05-01,1100.55734901825
E,C29,WMF,2014-06-01,1091.02222734158
E,C29,WMF,2014-07-01,1129.61712594082
E,C29,WMF,2014-08-01,1073.51896010879
E,C29,WMF,2014-09-01,1082.3887637139
E,C29,WMF,2014-10-01,1097.79475725534
E,C29,WMF,2014-11-01,1114.07620749225
E,C29,WMF,2014-12-01,1015.17176553767
E,C29,WMF,2015-01-01,1081.24174582137
E,C29,WMF,2015-02-01,1106.20029202972
E,C29,WMF,2015-03-01,1073.71595232863
E,C29,WMF,2015-04-01,1108.18652371015
E,C29,WMF,2015-05-01,1135.1586242288101
E,C29,WMF,2015-06-01,1151.8919596305
E,C29,WMF,2015-07-01,1215.2440558518401
E,C29,WMF,2015-08-01,1146.46037261256
E,C29,WMF,2015-09-01,1114.8967468954002
E,C29,WMF,2015-10-01,1110.9860004576399
E,C29,WMF,2015-11-01,1085.59822089133
E,C29,WMF,2015-12-01,941.466226278691
E,C29,WMF,2016-01-01,1117.05399842633
E,C29,WMF,2016-02-01,1082.44932451346
E,C29,WMF,2016-03-01,1106.76510856798
E,C29,WMF,2016-04-01,1099.26942915933
E,C29,WMF,2016-05-01,1075.62127303684
E,C29,WMF,2016-06-01,1042.9041071526299
E,C29,WMF,2016-07-01,1071.07899588505
E,C29,WMF,2016-08-01,1159.26229086684
E,C29,WMF,2016-09-01,1095.72987374475
E,C29,WMF,2016-10-01,1129.4614664409498
E,C29,WMF,2016-11-01,1138.96575150333
E,C29,WMF,2016-12-01,1078.49599335914
E,C29,WMF,2017-01-01,1087.9742400586
E,C29,WMF,2017-02-01,1126.59190317021
E,C29,WMF,2017-03-01,1163.95410591937
E,C29,WMF,2017-04-01,1130.5344272834402
E,C29,WMF,2017-05-01,1154.5334063549499
E,C29,WMF,2017-06-01,1152.65755885001
E,C29,WMF,2017-07-01,1140.63373466665
E,C29,WMF,2017-08-01,1161.4879124424901
E,C29,WMF,2017-09-01,1165.68775100847
E,C29,WMF,2017-10-01,1181.2013706617802
E,C29,WMF,2017-11-01,1181.00848912015
E,C29,WMF,2017-12-01,1148.05915983555
E,C29,WMF,2018-01-01,1183.6962420366299
E,C29,WMF,2018-02-01,1151.5949061283
E,C29,WMF,2018-03-01,1136.4215760366098
E,C29,WMF,2018-04-01,1201.86130345768
E,C29,WMF,2018-05-01,1234.82993347406
E,C29,WMF,2018-06-01,1314.82570400994
E,C29,WMF,2018-07-01,1394.56530991448
E,C29,WMF,2018-08-01,1121.75444130295
E,C29,WMF,2018-09-01,961.9118561982109
E,C29,WMF,2018-10-01,1047.0264155096102
E,C29,WMF,2018-11-01,1095.88356627141
E,C29,WMF,2018-12-01,1211.2169949554998
E,C29,WMF,2019-01-01,1199.89088500545
E,C29,WMF,2019-02-01,1235.33714688556
E,C29,WMF,2019-03-01,1312.93450579673
E,C29,WMF,2019-04-01,1263.79181594394
E,C29,WMF,2019-05-01,1264.33885572068
E,C29,WMF,2019-06-01,1206.4851837345
E,C29,WMF,2019-07-01,1227.93840644133
E,C29,WMF,2019-08-01,1223.35180831977
E,C29,WMF,2019-09-01,1218.3862993933499
E,C29,WMF,2019-10-01,1225.2244668204899
E,C29,WMF,2019-11-01,1159.0246806876098
E,C29,WMF,2019-12-01,1207.65052329799
E,C29,WMF,2020-01-01,1209.51187299267
E,C29,WMF,2020-02-01,1239.20722508338
E,C29,WMF,2020-03-01,956.9401858011549
E,C29,WMF,2020-04-01,349.972129562725
E,C29,WMF,2020-05-01,672.7403722104631
E,C29,WMF,2020-06-01,998.9521964412729
E,C29,WMF,2020-07-01,1096.4367419342
E,C29,WMF,2020-08-01,1139.42165601288
E,C29,WMF,2020-09-01,1189.51550371209
E,C29,WMF,2020-10-01,1275.7380792576498
E,C29,WMF,2020-11-01,1406.15284638223
E,C29,WMF,2020-12-01,1168.0423389104399
E,C29,WMF,2021-01-01,1134.31458900794
E,C29,WMF,2021-02-01,1118.04224124839
E,C29,WMF,2021-03-01,1111.46412531257
E,C29,WMF,2021-04-01,1142.2020856173
E,C29,WMF,2021-05-01,1104.29044716367
E,C29,WMF,2021-06-01,1108.46202093539
E,C29,WMF,2021-07-01,1064.20530954529
E,C29,WMF,2021-08-01,988.0523020271489
E,C29,WMF,2021-09-01,931.645766637437
E,C29,WMF,2021-10-01,1012.2026809448299
E,C29,WMF,2021-11-01,1150.3527266524602
E,C29,WMF,2021-12-01,1106.5037040575098
E,C29,WMF,2022-01-01,1113.48425909251
E,C29,WMF,2022-02-01,1085.15717600223
E,C29,WMF,2022-03-01,1042.78239132303
E,C29,WMF,2022-04-01,1040.51391884563
E,C29,WMF,2022-05-01,1139.8872778878401
E,C29,WMF,2022-06-01,1160.18427364583
E,C29,WMF,2022-07-01,1174.30993757692
E,C29,WMF,2022-08-01,1254.93332586363
E,C29,WMF,2022-09-01,1274.1673510835099
E,C29,WMF,2022-10-01,1294.98870865409
E,C29,WMF,2022-11-01,1362.2571525859598
E,C29,WMF,2022-12-01,1308.13725549012
E,C29,WMF,2023-01-01,1396.78154839745
E,C29,WMF,2023-02-01,1411.8846587241399
E,C29,WMF,2023-03-01,1383.3594215587102
E,C29,WMF,2023-04-01,1377.15095359795
E,C29,WMF,2023-05-01,1457.19279145676
E,C29,WMF,2023-06-01,1427.31771687369
E,C29,WMF,2023-07-01,1475.80481241113
E,C29,WMF,2023-08-01,1434.15596865393
E,C29,WMF,2023-09-01,1454.12762497935
E,C29,WMF,2023-10-01,1415.51396925555
E,C29,WMF,2023-11-01,1348.5706763939
E,C29,WMF,2023-12-01,1449.90732688474
E,C29,WMF,2024-01-01,1364.4069269664599
E,C29,WMF,2024-02-01,1420.52672492788
E,C29,WMF,2024-03-01,1423.1283179602399
E,C29,WMF,2024-04-01,1455.06730446162
E,C29,WMF,2024-05-01,1293.32894680756
E,C29,WMF,2024-06-01,1329.12804640869
E,C29,WMF,2024-07-01,1204.99068435221
E,C29,WMF,2024-08-01,1237.85581108402
E,C29,WMF,2024-09-01,1193.0972106445502
E,C29,WMF,2024-10-01,1229.52637576623
E,C29,WMF,2024-11-01,1185.81018487719
E,C29,WMF,2024-12-01,1218.2575280429699
E,C29,WMF,2025-01-01,1240.37701395079
E,C29,WMF,2025-02-01,1198.25832001884
E,C29,WMF,2025-03-01,1275.93832437815
E,C29,WMF,2025-04-01,1273.0848435747098
E,C29,WMF,2025-05-01,1263.2611904825999
E,C29,WMF,2025-06-01,1294.62591609786
E,C29,WMF,2025-07-01,1399.84712477952
E,C29,WMF,2025-08-01,1356.43076343765
E,C29,WMF,2025-09-01,1235.81946454112
E,C29,WMF,2025-10-01,1430.6990334263799
E,C29,WMF,2025-11-01,1379.9782344345201
E,C29,WMF,2025-12-01,1303.17524355858
E,C29,WMF,2026-01-01,1290.76142813908
E,C29,WMF,2026-02-01,1328.73565856177
E,C29,WMF,2026-03-01,1312.3429758043699
E,C29,WMF,2026-04-01,1342.07660873196
E,C29,WMF,2026-05-01,1324.15800297852
E,C29,WMF,2026-06-01,1305.67720432633
E,C29,WMF,2026-07-01,1286.08701475597
E,C30,R,2013-01-01,-54.3
E,C30,R,2013-02-01,-36.3
E,C30,R,2013-03-01,-38.1
E,C30,R,2013-04-01,96.4
E,C30,R,2013-05-01,1.5
E,C30,R,2013-06-01,-16.8
E,C30,R,2013-07-01,-10.8
E,C30,R,2013-08-01,-31.9
E,C30,R,2013-09-01,-28.9
E,C30,R,2013-10-01,-39.1
E,C30,R,2013-11-01,-41.1
E,C30,R,2013-12-01,-21.6
E,C30,R,2014-01-01,13
E,C30,R,2014-02-01,9.1
E,C30,R,2014-03-01,-22.5
E,C30,R,2014-04-01,-47.8
E,C30,R,2014-05-01,-20.6
E,C30,R,2014-06-01,-0.2
E,C30,R,2014-07-01,-1.7
E,C30,R,2014-08-01,14.9
E,C30,R,2014-09-01,5.8
E,C30,R,2014-10-01,139.8
E,C30,R,2014-11-01,18.7
E,C30,R,2014-12-01,23
E,C30,R,2015-01-01,83.3
E,C30,R,2015-02-01,40.3
E,C30,R,2015-03-01,92.1
E,C30,R,2015-04-01,64.1
E,C30,R,2015-05-01,11.9
E,C30,R,2015-06-01,-0.1
E,C30,R,2015-07-01,2.8
E,C30,R,2015-08-01,-13.7
E,C30,R,2015-09-01,20.8
E,C30,R,2015-10-01,-24.1
E,C30,R,2015-11-01,54
E,C30,R,2015-12-01,-14.3
E,C30,R,2016-01-01,69.7
E,C30,R,2016-02-01,-32.6
E,C30,R,2016-03-01,25
E,C30,R,2016-04-01,22.7
E,C30,R,2016-05-01,52.4
E,C30,R,2016-06-01,80.4
E,C30,R,2016-07-01,108
E,C30,R,2016-08-01,56.5
E,C30,R,2016-09-01,11.6
E,C30,R,2016-10-01,10.7
E,C30,R,2016-11-01,-6.5
E,C30,R,2016-12-01,33.9
E,C30,R,2017-01-01,-60.9
E,C30,R,2017-02-01,98.9
E,C30,R,2017-03-01,-35.4
E,C30,R,2017-04-01,56.2
E,C30,R,2017-05-01,-1.3
E,C30,R,2017-06-01,-31.6
E,C30,R,2017-07-01,-51.6
E,C30,R,2017-08-01,15.7
E,C30,R,2017-09-01,-17.4
E,C30,R,2017-10-01,3.6
E,C30,R,2017-11-01,12.5
E,C30,R,2017-12-01,-1.7
E,C30,R,2018-01-01,150.7
E,C30,R,2018-02-01,-59.2
E,C30,R,2018-03-01,65.2
E,C30,R,2018-04-01,-26.4
E,C30,R,2018-05-01,16
E,C30,R,2018-06-01,20.7
E,C30,R,2018-07-01,39.3
E,C30,R,2018-08-01,0.7
E,C30,R,2018-09-01,37.7
E,C30,R,2018-10-01,-4.9
E,C30,R,2018-11-01,-31.4
E,C30,R,2018-12-01,-12.1
E,C30,R,2019-01-01,-42.3
E,C30,R,2019-02-01,105.5
E,C30,R,2019-03-01,-32.8
E,C30,R,2019-04-01,-40.5
E,C30,R,2019-05-01,-32.1
E,C30,R,2019-06-01,-15.5
E,C30,R,2019-07-01,-14.5
E,C30,R,2019-08-01,-36.2
E,C30,R,2019-09-01,-28.2
E,C30,R,2019-10-01,-11.1
E,C30,R,2019-11-01,56.9
E,C30,R,2019-12-01,45.7
E,C30,R,2020-01-01,-3
E,C30,R,2020-02-01,-17.6
E,C30,R,2020-03-01,-10.4
E,C30,R,2020-04-01,-29.1
E,C30,R,2020-05-01,-25
E,C30,R,2020-06-01,3.5
E,C30,R,2020-07-01,5.7
E,C30,R,2020-08-01,-3.6
E,C30,R,2020-09-01,54
E,C30,R,2020-10-01,7.8
E,C30,R,2020-11-01,8.5
E,C30,R,2020-12-01,-23.8
E,C30,R,2021-01-01,11.1
E,C30,R,2021-02-01,-1.1
E,C30,R,2021-03-01,24.1
E,C30,R,2021-04-01,158
E,C30,R,2021-05-01,60.1
E,C30,R,2021-06-01,5.1
E,C30,R,2021-07-01,42.5
E,C30,R,2021-08-01,145.3
E,C30,R,2021-09-01,21.3
E,C30,R,2021-10-01,-14.1
E,C30,R,2021-11-01,-55
E,C30,R,2021-12-01,21.4
E,C30,R,2022-01-01,12.8
E,C30,R,2022-02-01,24.9
E,C30,R,2022-03-01,-16.6
E,C30,R,2022-04-01,-37.9
E,C30,R,2022-05-01,3.8
E,C30,R,2022-06-01,13.3
E,C30,R,2022-07-01,-19.7
E,C30,R,2022-08-01,-24.1
E,C30,R,2022-09-01,-40.1
E,C30,R,2022-10-01,51.3
E,C30,R,2022-11-01,42.2
E,C30,R,2022-12-01,-19.5
E,C30,R,2023-01-01,-18.5
E,C30,R,2023-02-01,-11.1
E,C30,R,2023-03-01,38.9
E,C30,R,2023-04-01,10.6
E,C30,R,2023-05-01,7.1
E,C30,R,2023-06-01,-14.3
E,C30,R,2023-07-01,-26.5
E,C30,R,2023-08-01,-31.9
E,C30,R,2023-09-01,7.9
E,C30,R,2023-10-01,-31.3
E,C30,R,2023-11-01,23.3
E,C30,R,2023-12-01,-16.7
E,C30,R,2024-01-01,-35
E,C30,R,2024-02-01,24.7
E,C30,R,2024-03-01,-16.5
E,C30,R,2024-04-01,1.1
E,C30,R,2024-05-01,-28.1
E,C30,R,2024-06-01,0.4
E,C30,R,2024-07-01,36.3
E,C30,R,2024-08-01,-15.7
E,C30,R,2024-09-01,-8.5
E,C30,R,2024-10-01,15.4
E,C30,R,2024-11-01,13.9
E,C30,R,2024-12-01,54.8
E,C30,R,2025-01-01,109.7
E,C30,R,2025-02-01,0.3
E,C30,R,2025-03-01,38.7
E,C30,R,2025-04-01,7.8
E,C30,R,2025-05-01,23.6
E,C30,R,2025-06-01,3.6
E,C30,R,2025-07-01,-1.2
E,C30,R,2025-08-01,40.6
E,C30,R,2025-09-01,41.5
E,C30,R,2025-10-01,-0.2
E,C30,R,2025-11-01,-15.2
E,C30,R,2025-12-01,-12.6
E,C30,R,2026-01-01,-29.7
E,C30,R,2026-02-01,-14.6
E,C30,R,2026-03-01,-39.8
E,C30,R,2026-04-01,-0.6
E,C30,R,2026-05-01,9.7
E,C30,R,2026-06-01,13.6
E,C30,R,2026-07-01,-10.8
E,C30,WMF,2012-01-01,414.466365156471
E,C30,WMF,2012-02-01,335.44373900828305
E,C30,WMF,2012-03-01,401.83365880329103
E,C30,WMF,2012-04-01,208.68653588022102
E,C30,WMF,2012-05-01,303.918693702128
E,C30,WMF,2012-06-01,311.312640395634
E,C30,WMF,2012-07-01,299.58962879652
E,C30,WMF,2012-08-01,311.37166861635296
E,C30,WMF,2012-09-01,319.245497868337
E,C30,WMF,2012-10-01,287.11165796968004
E,C30,WMF,2012-11-01,328.263861576258
E,C30,WMF,2012-12-01,297.021438997063
E,C30,WMF,2013-01-01,228.19107124100802
E,C30,WMF,2013-02-01,249.127386845153
E,C30,WMF,2013-03-01,247.158479332878
E,C30,WMF,2013-04-01,429.626591124297
E,C30,WMF,2013-05-01,311.355534401126
E,C30,WMF,2013-06-01,278.056627014232
E,C30,WMF,2013-07-01,269.17428403027805
E,C30,WMF,2013-08-01,270.176152418397
E,C30,WMF,2013-09-01,247.58573112949298
E,C30,WMF,2013-10-01,220.598961456861
E,C30,WMF,2013-11-01,228.275877030842
E,C30,WMF,2013-12-01,300.75960246394095
E,C30,WMF,2014-01-01,250.234263367392
E,C30,WMF,2014-02-01,303.533001443321
E,C30,WMF,2014-03-01,228.68887550990502
E,C30,WMF,2014-04-01,211.81333426063
E,C30,WMF,2014-05-01,253.499168538991
E,C30,WMF,2014-06-01,280.483785458944
E,C30,WMF,2014-07-01,256.367629284256
E,C30,WMF,2014-08-01,336.216470694992
E,C30,WMF,2014-09-01,294.269673469881
E,C30,WMF,2014-10-01,490.769198952817
E,C30,WMF,2014-11-01,234.299110801799
E,C30,WMF,2014-12-01,328.21506654298105
E,C30,WMF,2015-01-01,352.16811583350096
E,C30,WMF,2015-02-01,308.54567918515403
E,C30,WMF,2015-03-01,335.914169492625
E,C30,WMF,2015-04-01,359.947141859651
E,C30,WMF,2015-05-01,277.762550387393
E,C30,WMF,2015-06-01,283.97848887914404
E,C30,WMF,2015-07-01,304.050921626005
E,C30,WMF,2015-08-01,248.048589384634
E,C30,WMF,2015-09-01,346.926972774796
E,C30,WMF,2015-10-01,359.130152196784
E,C30,WMF,2015-11-01,383.106161808182
E,C30,WMF,2015-12-01,282.537590427398
E,C30,WMF,2016-01-01,808.0321578617229
E,C30,WMF,2016-02-01,239.204371170988
E,C30,WMF,2016-03-01,590.797086923636
E,C30,WMF,2016-04-01,565.7810718021329
E,C30,WMF,2016-05-01,547.128977902436
E,C30,WMF,2016-06-01,624.625086902857
E,C30,WMF,2016-07-01,710.139964940784
E,C30,WMF,2016-08-01,401.102841090994
E,C30,WMF,2016-09-01,379.315804367324
E,C30,WMF,2016-10-01,436.370750956089
E,C30,WMF,2016-11-01,400.37490660372197
E,C30,WMF,2016-12-01,395.114516707578
E,C30,WMF,2017-01-01,319.315006529105
E,C30,WMF,2017-02-01,612.863998796363
E,C30,WMF,2017-03-01,366.09526090083403
E,C30,WMF,2017-04-01,817.374147532611
E,C30,WMF,2017-05-01,483.60738282988297
E,C30,WMF,2017-06-01,394.945057599692
E,C30,WMF,2017-07-01,375.317531881394
E,C30,WMF,2017-08-01,636.828346180395
E,C30,WMF,2017-09-01,429.503961964184
E,C30,WMF,2017-10-01,466.479421389376
E,C30,WMF,2017-11-01,467.552198845713
E,C30,WMF,2017-12-01,411.890822871472
E,C30,WMF,2018-01-01,745.389476204865
E,C30,WMF,2018-02-01,236.322946403562
E,C30,WMF,2018-03-01,634.781722357669
E,C30,WMF,2018-04-01,544.387048502183
E,C30,WMF,2018-05-01,549.1360378827079
E,C30,WMF,2018-06-01,447.538919245564
E,C30,WMF,2018-07-01,443.096014109281
E,C30,WMF,2018-08-01,535.558703279056
E,C30,WMF,2018-09-01,484.976507562204
E,C30,WMF,2018-10-01,439.843154925216
E,C30,WMF,2018-11-01,330.903599631868
E,C30,WMF,2018-12-01,382.08197941041897
E,C30,WMF,2019-01-01,435.696736060423
E,C30,WMF,2019-02-01,512.312386142578
E,C30,WMF,2019-03-01,366.21727734353203
E,C30,WMF,2019-04-01,368.254199955549
E,C30,WMF,2019-05-01,401.315130733981
E,C30,WMF,2019-06-01,402.34880535784697
E,C30,WMF,2019-07-01,404.092450175613
E,C30,WMF,2019-08-01,327.556914193807
E,C30,WMF,2019-09-01,341.289167145776
E,C30,WMF,2019-10-01,455.325496617733
E,C30,WMF,2019-11-01,578.60823608031
E,C30,WMF,2019-12-01,630.180997946965
E,C30,WMF,2020-01-01,408.256636907089
E,C30,WMF,2020-02-01,423.528347890093
E,C30,WMF,2020-03-01,364.131074839482
E,C30,WMF,2020-04-01,261.69646747838397
E,C30,WMF,2020-05-01,302.155869291469
E,C30,WMF,2020-06-01,435.113778748602
E,C30,WMF,2020-07-01,447.414936241749
E,C30,WMF,2020-08-01,325.869879253667
E,C30,WMF,2020-09-01,520.938079966528
E,C30,WMF,2020-10-01,411.444645260032
E,C30,WMF,2020-11-01,539.1949710818401
E,C30,WMF,2020-12-01,397.505673524245
E,C30,WMF,2021-01-01,405.630401367991
E,C30,WMF,2021-02-01,381.532329737822
E,C30,WMF,2021-03-01,372.62693197128203
E,C30,WMF,2021-04-01,479.15802232031
E,C30,WMF,2021-05-01,413.999675346021
E,C30,WMF,2021-06-01,386.488530197724
E,C30,WMF,2021-07-01,444.065746020647
E,C30,WMF,2021-08-01,526.152310383103
E,C30,WMF,2021-09-01,477.503859220773
E,C30,WMF,2021-10-01,350.471452593849
E,C30,WMF,2021-11-01,236.676182817252
E,C30,WMF,2021-12-01,447.271832398978
E,C30,WMF,2022-01-01,462.223779674296
E,C30,WMF,2022-02-01,348.37882406672196
E,C30,WMF,2022-03-01,348.257473342992
E,C30,WMF,2022-04-01,363.082970032846
E,C30,WMF,2022-05-01,409.366147221114
E,C30,WMF,2022-06-01,431.564562414123
E,C30,WMF,2022-07-01,412.752791595023
E,C30,WMF,2022-08-01,529.0817946034659
E,C30,WMF,2022-09-01,335.055949820858
E,C30,WMF,2022-10-01,490.563907380099
E,C30,WMF,2022-11-01,304.19976897240196
E,C30,WMF,2022-12-01,357.96530946136
E,C30,WMF,2023-01-01,391.617260816979
E,C30,WMF,2023-02-01,404.86613648459297
E,C30,WMF,2023-03-01,499.823944780475
E,C30,WMF,2023-04-01,417.512037837469
E,C30,WMF,2023-05-01,449.947808085777
E,C30,WMF,2023-06-01,401.483255673411
E,C30,WMF,2023-07-01,335.79824364186504
E,C30,WMF,2023-08-01,376.71887832370595
E,C30,WMF,2023-09-01,419.46813078932
E,C30,WMF,2023-10-01,365.99854585033603
E,C30,WMF,2023-11-01,403.57533287965
E,C30,WMF,2023-12-01,337.742232486558
E,C30,WMF,2024-01-01,269.96885084913896
E,C30,WMF,2024-02-01,594.2719007067079
E,C30,WMF,2024-03-01,400.36481458019205
E,C30,WMF,2024-04-01,425.406698447675
E,C30,WMF,2024-05-01,343.661469685041
E,C30,WMF,2024-06-01,389.322302276524
E,C30,WMF,2024-07-01,445.215278926732
E,C30,WMF,2024-08-01,355.9994689199
E,C30,WMF,2024-09-01,423.343241674241
E,C30,WMF,2024-10-01,396.09168119128003
E,C30,WMF,2024-11-01,474.868941048244
E,C30,WMF,2024-12-01,497.500529786834
E,C30,WMF,2025-01-01,480.384426827312
E,C30,WMF,2025-02-01,479.23633130013604
E,C30,WMF,2025-03-01,521.411970440368
E,C30,WMF,2025-04-01,449.188333440838
E,C30,WMF,2025-05-01,457.862015387248
E,C30,WMF,2025-06-01,408.056607168644
E,C30,WMF,2025-07-01,422.93100796279197
E,C30,WMF,2025-08-01,461.57633525788
E,C30,WMF,2025-09-01,432.052022854202
E,C30,WMF,2025-10-01,452.37783860168804
E,C30,WMF,2025-11-01,402.77272521962897
E,C30,WMF,2025-12-01,427.398032707428
E,C30,WMF,2026-01-01,357.282755027509
E,C30,WMF,2026-02-01,418.690150905067
E,C30,WMF,2026-03-01,333.70899999477
E,C30,WMF,2026-04-01,398.368007735865
E,C30,WMF,2026-05-01,483.09273239270595
E,C30,WMF,2026-06-01,520.712991268642
E,C30,WMF,2026-07-01,430.038474448714
E,D35,R,2013-01-01,-46.4
E,D35,R,2013-02-01,-54.9
E,D35,R,2013-03-01,-47.3
E,D35,R,2013-04-01,-49.5
E,D35,R,2013-05-01,-52.2
E,D35,R,2013-06-01,-62.1
E,D35,R,2013-07-01,-68.9
E,D35,R,2013-08-01,-67
E,D35,R,2013-09-01,-67
E,D35,R,2013-10-01,-65.6
E,D35,R,2013-11-01,-60.1
E,D35,R,2013-12-01,-56.7
E,D35,R,2014-01-01,7.1
E,D35,R,2014-02-01,-0.6
E,D35,R,2014-03-01,-9.2
E,D35,R,2014-04-01,-9.2
E,D35,R,2014-05-01,6.7
E,D35,R,2014-06-01,18.3
E,D35,R,2014-07-01,23
E,D35,R,2014-08-01,18.1
E,D35,R,2014-09-01,7.5
E,D35,R,2014-10-01,3.2
E,D35,R,2014-11-01,-7.9
E,D35,R,2014-12-01,-4.7
E,D35,R,2015-01-01,-4.4
E,D35,R,2015-02-01,3.4
E,D35,R,2015-03-01,8.1
E,D35,R,2015-04-01,27.5
E,D35,R,2015-05-01,-2.8
E,D35,R,2015-06-01,8.2
E,D35,R,2015-07-01,23.2
E,D35,R,2015-08-01,16.3
E,D35,R,2015-09-01,27.9
E,D35,R,2015-10-01,29.1
E,D35,R,2015-11-01,13.7
E,D35,R,2015-12-01,2.7
E,D35,R,2016-01-01,5.2
E,D35,R,2016-02-01,-5.7
E,D35,R,2016-03-01,0.3
E,D35,R,2016-04-01,-12.6
E,D35,R,2016-05-01,-5.3
E,D35,R,2016-06-01,-11.9
E,D35,R,2016-07-01,-35.1
E,D35,R,2016-08-01,-17.9
E,D35,R,2016-09-01,-26.4
E,D35,R,2016-10-01,-1.6
E,D35,R,2016-11-01,1.1
E,D35,R,2016-12-01,2.5
E,D35,R,2017-01-01,27.9
E,D35,R,2017-02-01,29.3
E,D35,R,2017-03-01,-3.7
E,D35,R,2017-04-01,-9.2
E,D35,R,2017-05-01,-13.3
E,D35,R,2017-06-01,-33.7
E,D35,R,2017-07-01,8.5
E,D35,R,2017-08-01,-3.3
E,D35,R,2017-09-01,7.6
E,D35,R,2017-10-01,-15
E,D35,R,2017-11-01,-6
E,D35,R,2017-12-01,-1.8
E,D35,R,2018-01-01,-47.1
E,D35,R,2018-02-01,-29.3
E,D35,R,2018-03-01,-1.9
E,D35,R,2018-04-01,-10.1
E,D35,R,2018-05-01,-12.8
E,D35,R,2018-06-01,10.7
E,D35,R,2018-07-01,-15.1
E,D35,R,2018-08-01,-19.5
E,D35,R,2018-09-01,-24.4
E,D35,R,2018-10-01,-2.3
E,D35,R,2018-11-01,-20.7
E,D35,R,2018-12-01,-24.6
E,D35,R,2019-01-01,8.4
E,D35,R,2019-02-01,0.7
E,D35,R,2019-03-01,-18
E,D35,R,2019-04-01,-2.4
E,D35,R,2019-05-01,22.4
E,D35,R,2019-06-01,-0.6
E,D35,R,2019-07-01,-5.4
E,D35,R,2019-08-01,-7.4
E,D35,R,2019-09-01,6.5
E,D35,R,2019-10-01,-19.9
E,D35,R,2019-11-01,-12
E,D35,R,2019-12-01,-5.9
E,D35,R,2020-01-01,10.2
E,D35,R,2020-02-01,-13.3
E,D35,R,2020-03-01,10.6
E,D35,R,2020-04-01,1.4
E,D35,R,2020-05-01,-1.5
E,D35,R,2020-06-01,28.5
E,D35,R,2020-07-01,22
E,D35,R,2020-08-01,10.8
E,D35,R,2020-09-01,3.9
E,D35,R,2020-10-01,2.8
E,D35,R,2020-11-01,31.3
E,D35,R,2020-12-01,30.3
E,D35,R,2021-01-01,3.9
E,D35,R,2021-02-01,11.9
E,D35,R,2021-03-01,3.7
E,D35,R,2021-04-01,28.9
E,D35,R,2021-05-01,-2.1
E,D35,R,2021-06-01,-6.4
E,D35,R,2021-07-01,15.1
E,D35,R,2021-08-01,42.8
E,D35,R,2021-09-01,66.4
E,D35,R,2021-10-01,87.5
E,D35,R,2021-11-01,50
E,D35,R,2021-12-01,41.7
E,D35,R,2022-01-01,6
E,D35,R,2022-02-01,17.3
E,D35,R,2022-03-01,14.4
E,D35,R,2022-04-01,-11
E,D35,R,2022-05-01,-10.2
E,D35,R,2022-06-01,19.6
E,D35,R,2022-07-01,-1.6
E,D35,R,2022-08-01,-7.9
E,D35,R,2022-09-01,-37.4
E,D35,R,2022-10-01,-43.2
E,D35,R,2022-11-01,-30.5
E,D35,R,2022-12-01,-31.8
E,D35,R,2023-01-01,7
E,D35,R,2023-02-01,0.8
E,D35,R,2023-03-01,-12.2
E,D35,R,2023-04-01,4.8
E,D35,R,2023-05-01,31.6
E,D35,R,2023-06-01,-2.8
E,D35,R,2023-07-01,-2.5
E,D35,R,2023-08-01,-8.7
E,D35,R,2023-09-01,-11.4
E,D35,R,2023-10-01,0.7
E,D35,R,2023-11-01,-22.4
E,D35,R,2023-12-01,-8.1
E,D35,R,2024-01-01,-12.7
E,D35,R,2024-02-01,-11.4
E,D35,R,2024-03-01,-11.2
E,D35,R,2024-04-01,-15.7
E,D35,R,2024-05-01,-32.6
E,D35,R,2024-06-01,-34.3
E,D35,R,2024-07-01,-57.5
E,D35,R,2024-08-01,-33.5
E,D35,R,2024-09-01,9
E,D35,R,2024-10-01,-1.1
E,D35,R,2024-11-01,55.1
E,D35,R,2024-12-01,15.1
E,D35,R,2025-01-01,2.4
E,D35,R,2025-02-01,2.9
E,D35,R,2025-03-01,4.9
E,D35,R,2025-04-01,17.3
E,D35,R,2025-05-01,37.7
E,D35,R,2025-06-01,50.1
E,D35,R,2025-07-01,182.7
E,D35,R,2025-08-01,80.3
E,D35,R,2025-09-01,38.7
E,D35,R,2025-10-01,12.5
E,D35,R,2025-11-01,-22.1
E,D35,R,2025-12-01,-6.3
E,D35,R,2026-01-01,32.9
E,D35,R,2026-02-01,-15.9
E,D35,R,2026-03-01,35.6
E,D35,R,2026-04-01,-3.9
E,D35,R,2026-05-01,8.6
E,D35,R,2026-06-01,-3.5
E,D35,R,2026-07-01,-22.6
E,D35,WMF,2012-01-01,315.709157399604
E,D35,WMF,2012-02-01,384.762220292611
E,D35,WMF,2012-03-01,392.677014603677
E,D35,WMF,2012-04-01,444.567214030024
E,D35,WMF,2012-05-01,498.838126820809
E,D35,WMF,2012-06-01,576.8840582753039
E,D35,WMF,2012-07-01,578.997236962325
E,D35,WMF,2012-08-01,556.697958113181
E,D35,WMF,2012-09-01,500.54270300215796
E,D35,WMF,2012-10-01,431.021863815955
E,D35,WMF,2012-11-01,390.93953340479396
E,D35,WMF,2012-12-01,359.608903848235
E,D35,WMF,2013-01-01,174.546396592746
E,D35,WMF,2013-02-01,183.200342131701
E,D35,WMF,2013-03-01,234.483556112021
E,D35,WMF,2013-04-01,208.283740767578
E,D35,WMF,2013-05-01,187.398506801064
E,D35,WMF,2013-06-01,160.67508737359898
E,D35,WMF,2013-07-01,148.88522827945
E,D35,WMF,2013-08-01,154.053770682227
E,D35,WMF,2013-09-01,156.205671828487
E,D35,WMF,2013-10-01,137.694290182295
E,D35,WMF,2013-11-01,160.146568968344
E,D35,WMF,2013-12-01,162.761475828035
E,D35,WMF,2014-01-01,167.830209539192
E,D35,WMF,2014-02-01,170.100419359925
E,D35,WMF,2014-03-01,167.407839646057
E,D35,WMF,2014-04-01,146.24017519037602
E,D35,WMF,2014-05-01,178.197268341009
E,D35,WMF,2014-06-01,196.654599972218
E,D35,WMF,2014-07-01,158.463727511131
E,D35,WMF,2014-08-01,147.480729792361
E,D35,WMF,2014-09-01,141.829218144426
E,D35,WMF,2014-10-01,129.581604883599
E,D35,WMF,2014-11-01,123.83566059344301
E,D35,WMF,2014-12-01,137.568418951843
E,D35,WMF,2015-01-01,136.03044936224202
E,D35,WMF,2015-02-01,156.31402332773501
E,D35,WMF,2015-03-01,156.6456743463
E,D35,WMF,2015-04-01,176.7991615872
E,D35,WMF,2015-05-01,154.982481701145
E,D35,WMF,2015-06-01,167.313114304672
E,D35,WMF,2015-07-01,180.756482053914
E,D35,WMF,2015-08-01,162.801217974798
E,D35,WMF,2015-09-01,158.81273300972802
E,D35,WMF,2015-10-01,145.334599029819
E,D35,WMF,2015-11-01,128.356978614378
E,D35,WMF,2015-12-01,117.246717004715
E,D35,WMF,2016-01-01,122.87659152144
E,D35,WMF,2016-02-01,103.718172036618
E,D35,WMF,2016-03-01,118.384604534321
E,D35,WMF,2016-04-01,118.284034502009
E,D35,WMF,2016-05-01,114.397418253618
E,D35,WMF,2016-06-01,137.318906406935
E,D35,WMF,2016-07-01,95.86097558699369
E,D35,WMF,2016-08-01,122.16983640061399
E,D35,WMF,2016-09-01,107.71244918895499
E,D35,WMF,2016-10-01,150.040967542948
E,D35,WMF,2016-11-01,154.657522291458
E,D35,WMF,2016-12-01,140.027575146967
E,D35,WMF,2017-01-01,173.55431695157702
E,D35,WMF,2017-02-01,163.35755399836
E,D35,WMF,2017-03-01,130.779929548999
E,D35,WMF,2017-04-01,123.04201335754999
E,D35,WMF,2017-05-01,132.24777886297
E,D35,WMF,2017-06-01,91.0125341300682
E,D35,WMF,2017-07-01,120.10676566795699
E,D35,WMF,2017-08-01,121.201521136076
E,D35,WMF,2017-09-01,129.598326435949
E,D35,WMF,2017-10-01,141.757305969704
E,D35,WMF,2017-11-01,157.77078518054398
E,D35,WMF,2017-12-01,164.009116999491
E,D35,WMF,2018-01-01,108.70365149454699
E,D35,WMF,2018-02-01,146.361316924393
E,D35,WMF,2018-03-01,175.89929815420498
E,D35,WMF,2018-04-01,145.21753113383002
E,D35,WMF,2018-05-01,127.573442861123
E,D35,WMF,2018-06-01,141.011224415884
E,D35,WMF,2018-07-01,154.46050400238602
E,D35,WMF,2018-08-01,168.77605202072598
E,D35,WMF,2018-09-01,157.572919929088
E,D35,WMF,2018-10-01,183.620979687272
E,D35,WMF,2018-11-01,147.407394866404
E,D35,WMF,2018-12-01,138.14642979303102
E,D35,WMF,2019-01-01,125.872953144778
E,D35,WMF,2019-02-01,142.819215753358
E,D35,WMF,2019-03-01,129.948630380719
E,D35,WMF,2019-04-01,135.74409741518102
E,D35,WMF,2019-05-01,176.324767063732
E,D35,WMF,2019-06-01,122.57982310602901
E,D35,WMF,2019-07-01,104.73962984933699
E,D35,WMF,2019-08-01,98.83578009708589
E,D35,WMF,2019-09-01,108.910979392691
E,D35,WMF,2019-10-01,94.2986082878797
E,D35,WMF,2019-11-01,91.2877365544122
E,D35,WMF,2019-12-01,92.03355434125531
E,D35,WMF,2020-01-01,105.198707054867
E,D35,WMF,2020-02-01,89.4306821808262
E,D35,WMF,2020-03-01,94.00063196427
E,D35,WMF,2020-04-01,69.6677617707683
E,D35,WMF,2020-05-01,87.9705726263666
E,D35,WMF,2020-06-01,108.606475676654
E,D35,WMF,2020-07-01,116.68622852336
E,D35,WMF,2020-08-01,112.530440745233
E,D35,WMF,2020-09-01,111.593029453373
E,D35,WMF,2020-10-01,96.4787614419938
E,D35,WMF,2020-11-01,110.692128152745
E,D35,WMF,2020-12-01,126.34516710558
E,D35,WMF,2021-01-01,144.550823121299
E,D35,WMF,2021-02-01,148.374655561992
E,D35,WMF,2021-03-01,168.768447866013
E,D35,WMF,2021-04-01,206.596295753325
E,D35,WMF,2021-05-01,229.27402154216
E,D35,WMF,2021-06-01,235.897929737708
E,D35,WMF,2021-07-01,264.284650078581
E,D35,WMF,2021-08-01,296.324766006539
E,D35,WMF,2021-09-01,401.483055780057
E,D35,WMF,2021-10-01,480.832902273964
E,D35,WMF,2021-11-01,485.39398795244097
E,D35,WMF,2021-12-01,562.153665084751
E,D35,WMF,2022-01-01,492.692779996671
E,D35,WMF,2022-02-01,488.330279561454
E,D35,WMF,2022-03-01,853.419492060773
E,D35,WMF,2022-04-01,585.5744903701759
E,D35,WMF,2022-05-01,584.400790491086
E,D35,WMF,2022-06-01,885.077222609441
E,D35,WMF,2022-07-01,1066.40681351831
E,D35,WMF,2022-08-01,1565.4272469110201
E,D35,WMF,2022-09-01,1008.95360086255
E,D35,WMF,2022-10-01,408.928985126207
E,D35,WMF,2022-11-01,498.320803711722
E,D35,WMF,2022-12-01,626.7931397333141
E,D35,WMF,2023-01-01,399.235415078198
E,D35,WMF,2023-02-01,435.119741588226
E,D35,WMF,2023-03-01,338.830810067166
E,D35,WMF,2023-04-01,424.51808344476495
E,D35,WMF,2023-05-01,358.780120048914
E,D35,WMF,2023-06-01,399.772967308644
E,D35,WMF,2023-07-01,304.521836998022
E,D35,WMF,2023-08-01,337.252228125488
E,D35,WMF,2023-09-01,230.72595611667202
E,D35,WMF,2023-10-01,246.514392322336
E,D35,WMF,2023-11-01,190.841076181561
E,D35,WMF,2023-12-01,180.003959449128
E,D35,WMF,2024-01-01,199.371859902386
E,D35,WMF,2024-02-01,194.716563245878
E,D35,WMF,2024-03-01,175.37999001122
E,D35,WMF,2024-04-01,181.785965781151
E,D35,WMF,2024-05-01,169.273472025247
E,D35,WMF,2024-06-01,138.576845083995
E,D35,WMF,2024-07-01,80.19301376954711
E,D35,WMF,2024-08-01,134.150614214901
E,D35,WMF,2024-09-01,188.764248668123
E,D35,WMF,2024-10-01,185.512499480899
E,D35,WMF,2024-11-01,254.70560329682002
E,D35,WMF,2024-12-01,244.00518307120498
E,D35,WMF,2025-01-01,256.067855265575
E,D35,WMF,2025-02-01,312.694646654782
E,D35,WMF,2025-03-01,255.442734428863
E,D35,WMF,2025-04-01,260.203656852969
E,D35,WMF,2025-05-01,200.028860623041
E,D35,WMF,2025-06-01,216.448189069296
E,D35,WMF,2025-07-01,305.09747330371897
E,D35,WMF,2025-08-01,251.500015986562
E,D35,WMF,2025-09-01,258.112014534837
E,D35,WMF,2025-10-01,213.368287640217
E,D35,WMF,2025-11-01,193.19829744301398
E,D35,WMF,2025-12-01,209.760615921791
E,D35,WMF,2026-01-01,282.37113364203
E,D35,WMF,2026-02-01,193.417370629055
E,D35,WMF,2026-03-01,272.391723207209
E,D35,WMF,2026-04-01,206.20003426828399
E,D35,WMF,2026-05-01,306.481143817175
E,D35,WMF,2026-06-01,303.856872762599
E,D35,WMF,2026-07-01,296.327653192044
E,GT,R,2013-01-01,-3.2
E,GT,R,2013-02-01,-0.5
E,GT,R,2013-03-01,-3.1
E,GT,R,2013-04-01,0.3
E,GT,R,2013-05-01,0.6
E,GT,R,2013-06-01,-1.1
E,GT,R,2013-07-01,3
E,GT,R,2013-08-01,-5
E,GT,R,2013-09-01,-8
E,GT,R,2013-10-01,-2.8
E,GT,R,2013-11-01,2.2
E,GT,R,2013-12-01,-0.5
E,GT,R,2014-01-01,0.8
E,GT,R,2014-02-01,4.1
E,GT,R,2014-03-01,-1.4
E,GT,R,2014-04-01,1
E,GT,R,2014-05-01,-5.1
E,GT,R,2014-06-01,10
E,GT,R,2014-07-01,-0.7
E,GT,R,2014-08-01,11.2
E,GT,R,2014-09-01,1.4
E,GT,R,2014-10-01,5.7
E,GT,R,2014-11-01,-7.9
E,GT,R,2014-12-01,-1.3
E,GT,R,2015-01-01,-0.9
E,GT,R,2015-02-01,2.2
E,GT,R,2015-03-01,3.1
E,GT,R,2015-04-01,-4.3
E,GT,R,2015-05-01,-4.2
E,GT,R,2015-06-01,-9.8
E,GT,R,2015-07-01,-6.3
E,GT,R,2015-08-01,-14.5
E,GT,R,2015-09-01,-5.5
E,GT,R,2015-10-01,-3.1
E,GT,R,2015-11-01,4.6
E,GT,R,2015-12-01,0.4
E,GT,R,2016-01-01,2.2
E,GT,R,2016-02-01,-4.7
E,GT,R,2016-03-01,6.4
E,GT,R,2016-04-01,10.1
E,GT,R,2016-05-01,6.7
E,GT,R,2016-06-01,0.6
E,GT,R,2016-07-01,13.2
E,GT,R,2016-08-01,9.7
E,GT,R,2016-09-01,8.1
E,GT,R,2016-10-01,4.5
E,GT,R,2016-11-01,-0.8
E,GT,R,2016-12-01,2.5
E,GT,R,2017-01-01,-2.1
E,GT,R,2017-02-01,4.3
E,GT,R,2017-03-01,-3
E,GT,R,2017-04-01,-0.9
E,GT,R,2017-05-01,6.7
E,GT,R,2017-06-01,-3.6
E,GT,R,2017-07-01,-4.8
E,GT,R,2017-08-01,8.5
E,GT,R,2017-09-01,6.2
E,GT,R,2017-10-01,7.2
E,GT,R,2017-11-01,14.4
E,GT,R,2017-12-01,16.2
E,GT,R,2018-01-01,18.9
E,GT,R,2018-02-01,6.1
E,GT,R,2018-03-01,12.5
E,GT,R,2018-04-01,11.6
E,GT,R,2018-05-01,11.8
E,GT,R,2018-06-01,28.4
E,GT,R,2018-07-01,11
E,GT,R,2018-08-01,4.4
E,GT,R,2018-09-01,3.7
E,GT,R,2018-10-01,0.1
E,GT,R,2018-11-01,-6.5
E,GT,R,2018-12-01,-12.3
E,GT,R,2019-01-01,-1.3
E,GT,R,2019-02-01,9.5
E,GT,R,2019-03-01,-1.2
E,GT,R,2019-04-01,0.8
E,GT,R,2019-05-01,-1.6
E,GT,R,2019-06-01,-3
E,GT,R,2019-07-01,1.1
E,GT,R,2019-08-01,5.1
E,GT,R,2019-09-01,1.5
E,GT,R,2019-10-01,0.2
E,GT,R,2019-11-01,0.9
E,GT,R,2019-12-01,6.4
E,GT,R,2020-01-01,-11.3
E,GT,R,2020-02-01,-9.3
E,GT,R,2020-03-01,-11.3
E,GT,R,2020-04-01,-30.3
E,GT,R,2020-05-01,-23.7
E,GT,R,2020-06-01,-18.1
E,GT,R,2020-07-01,-15.7
E,GT,R,2020-08-01,-18.9
E,GT,R,2020-09-01,-11
E,GT,R,2020-10-01,-7.8
E,GT,R,2020-11-01,-5.1
E,GT,R,2020-12-01,-18.3
E,GT,R,2021-01-01,-5.9
E,GT,R,2021-02-01,-9.9
E,GT,R,2021-03-01,-1.5
E,GT,R,2021-04-01,29.6
E,GT,R,2021-05-01,11.2
E,GT,R,2021-06-01,1.8
E,GT,R,2021-07-01,1.3
E,GT,R,2021-08-01,2.4
E,GT,R,2021-09-01,-1.7
E,GT,R,2021-10-01,-3.5
E,GT,R,2021-11-01,-2.7
E,GT,R,2021-12-01,11.8
E,GT,R,2022-01-01,4.2
E,GT,R,2022-02-01,3
E,GT,R,2022-03-01,2.3
E,GT,R,2022-04-01,-6.1
E,GT,R,2022-05-01,5.7
E,GT,R,2022-06-01,6.8
E,GT,R,2022-07-01,2.4
E,GT,R,2022-08-01,3.2
E,GT,R,2022-09-01,2.1
E,GT,R,2022-10-01,3.9
E,GT,R,2022-11-01,2.2
E,GT,R,2022-12-01,0
E,GT,R,2023-01-01,2.4
E,GT,R,2023-02-01,0.9
E,GT,R,2023-03-01,1.3
E,GT,R,2023-04-01,0.4
E,GT,R,2023-05-01,-4.3
E,GT,R,2023-06-01,-1
E,GT,R,2023-07-01,-3.7
E,GT,R,2023-08-01,-1.7
E,GT,R,2023-09-01,-4
E,GT,R,2023-10-01,-6.1
E,GT,R,2023-11-01,-4.4
E,GT,R,2023-12-01,4.5
E,GT,R,2024-01-01,1.7
E,GT,R,2024-02-01,4.2
E,GT,R,2024-03-01,-3.8
E,GT,R,2024-04-01,4.2
E,GT,R,2024-05-01,-3.2
E,GT,R,2024-06-01,-3.6
E,GT,R,2024-07-01,1.8
E,GT,R,2024-08-01,-1.4
E,GT,R,2024-09-01,2.1
E,GT,R,2024-10-01,4.9
E,GT,R,2024-11-01,-0.1
E,GT,R,2024-12-01,-2.8
E,GT,R,2025-01-01,-4.3
E,GT,R,2025-02-01,-2.3
E,GT,R,2025-03-01,9.6
E,GT,R,2025-04-01,-4.8
E,GT,R,2025-05-01,1.6
E,GT,R,2025-06-01,1.7
E,GT,R,2025-07-01,3.7
E,GT,R,2025-08-01,2.9
E,GT,R,2025-09-01,2.3
E,GT,R,2025-10-01,1.2
E,GT,R,2025-11-01,6.2
E,GT,R,2025-12-01,1.7
E,GT,R,2026-01-01,5.8
E,GT,R,2026-02-01,-1.6
E,GT,R,2026-03-01,-4.1
E,GT,R,2026-04-01,7.9
E,GT,R,2026-05-01,7.2
E,GT,R,2026-06-01,4.8
E,GT,R,2026-07-01,-1.1
E,GT,WMF,2012-01-01,14812.083526827908
E,GT,WMF,2012-02-01,14080.068310141116
E,GT,WMF,2012-03-01,14505.989567077346
E,GT,WMF,2012-04-01,14760.263472327391
E,GT,WMF,2012-05-01,15317.647965984193
E,GT,WMF,2012-06-01,14951.881517002688
E,GT,WMF,2012-07-01,14622.858850322249
E,GT,WMF,2012-08-01,15068.532208862158
E,GT,WMF,2012-09-01,15330.45670511641
E,GT,WMF,2012-10-01,14636.402606959819
E,GT,WMF,2012-11-01,14601.835459659258
E,GT,WMF,2012-12-01,14350.694322379242
E,GT,WMF,2013-01-01,14772.609912312795
E,GT,WMF,2013-02-01,14515.892474282598
E,GT,WMF,2013-03-01,14525.106177853315
E,GT,WMF,2013-04-01,15180.980358238463
E,GT,WMF,2013-05-01,15313.66308274238
E,GT,WMF,2013-06-01,14729.765997165909
E,GT,WMF,2013-07-01,15164.273350519368
E,GT,WMF,2013-08-01,14448.109631093603
E,GT,WMF,2013-09-01,14401.015741175266
E,GT,WMF,2013-10-01,14766.243843552036
E,GT,WMF,2013-11-01,15323.494098320693
E,GT,WMF,2013-12-01,15130.948105437552
E,GT,WMF,2014-01-01,14813.412789317308
E,GT,WMF,2014-02-01,14979.95208108975
E,GT,WMF,2014-03-01,14396.570614043212
E,GT,WMF,2014-04-01,14919.910967609929
E,GT,WMF,2014-05-01,14682.869616968475
E,GT,WMF,2014-06-01,16095.135832045818
E,GT,WMF,2014-07-01,14842.100838956854
E,GT,WMF,2014-08-01,15686.748186597777
E,GT,WMF,2014-09-01,14648.627788178757
E,GT,WMF,2014-10-01,15340.305633535021
E,GT,WMF,2014-11-01,14205.354638798963
E,GT,WMF,2014-12-01,14852.217972607596
E,GT,WMF,2015-01-01,14054.06316611156
E,GT,WMF,2015-02-01,14434.022840494217
E,GT,WMF,2015-03-01,14014.922164261588
E,GT,WMF,2015-04-01,13949.550606637935
E,GT,WMF,2015-05-01,13063.918630313681
E,GT,WMF,2015-06-01,13939.464510944348
E,GT,WMF,2015-07-01,13845.49050177219
E,GT,WMF,2015-08-01,12841.464485086832
E,GT,WMF,2015-09-01,13426.10799040924
E,GT,WMF,2015-10-01,14117.831478260892
E,GT,WMF,2015-11-01,14584.092057146816
E,GT,WMF,2015-12-01,13684.093510938605
E,GT,WMF,2016-01-01,13977.182673932717
E,GT,WMF,2016-02-01,13635.892952301583
E,GT,WMF,2016-03-01,14712.152166013351
E,GT,WMF,2016-04-01,15355.510070286813
E,GT,WMF,2016-05-01,14069.419208814064
E,GT,WMF,2016-06-01,14296.569809933433
E,GT,WMF,2016-07-01,15126.467622589138
E,GT,WMF,2016-08-01,14219.489674773633
E,GT,WMF,2016-09-01,14027.51417681272
E,GT,WMF,2016-10-01,14925.881318163998
E,GT,WMF,2016-11-01,14318.746261688522
E,GT,WMF,2016-12-01,14544.599873054844
E,GT,WMF,2017-01-01,13968.132401959601
E,GT,WMF,2017-02-01,14589.5291501292
E,GT,WMF,2017-03-01,14698.245799411625
E,GT,WMF,2017-04-01,15441.741745606054
E,GT,WMF,2017-05-01,15683.183226356896
E,GT,WMF,2017-06-01,15887.379163856976
E,GT,WMF,2017-07-01,15148.07286584278
E,GT,WMF,2017-08-01,15802.353420950309
E,GT,WMF,2017-09-01,15572.993572329018
E,GT,WMF,2017-10-01,16327.539265772997
E,GT,WMF,2017-11-01,16949.86209629922
E,GT,WMF,2017-12-01,16390.569829842272
E,GT,WMF,2018-01-01,17381.633834866436
E,GT,WMF,2018-02-01,16155.82016520004
E,GT,WMF,2018-03-01,17372.729544383266
E,GT,WMF,2018-04-01,17037.5990024136
E,GT,WMF,2018-05-01,17490.814330229772
E,GT,WMF,2018-06-01,17916.549545013902
E,GT,WMF,2018-07-01,17185.325371535775
E,GT,WMF,2018-08-01,16452.761517488383
E,GT,WMF,2018-09-01,15874.954541311638
E,GT,WMF,2018-10-01,16742.937983937838
E,GT,WMF,2018-11-01,16255.126976433095
E,GT,WMF,2018-12-01,16656.51620054303
E,GT,WMF,2019-01-01,17257.778229248437
E,GT,WMF,2019-02-01,17531.135280739432
E,GT,WMF,2019-03-01,17153.608499915477
E,GT,WMF,2019-04-01,17359.70719894824
E,GT,WMF,2019-05-01,17696.21271143258
E,GT,WMF,2019-06-01,17320.33579404354
E,GT,WMF,2019-07-01,17448.796888255896
E,GT,WMF,2019-08-01,16984.21080443963
E,GT,WMF,2019-09-01,16797.67163512003
E,GT,WMF,2019-10-01,17346.72883068548
E,GT,WMF,2019-11-01,16397.622001033513
E,GT,WMF,2019-12-01,16422.20635252097
E,GT,WMF,2020-01-01,16576.172037866712
E,GT,WMF,2020-02-01,16186.575331657468
E,GT,WMF,2020-03-01,16194.08651257414
E,GT,WMF,2020-04-01,12443.265829418764
E,GT,WMF,2020-05-01,13501.70222379853
E,GT,WMF,2020-06-01,14870.144408174121
E,GT,WMF,2020-07-01,15566.28911119989
E,GT,WMF,2020-08-01,14725.01749050394
E,GT,WMF,2020-09-01,15214.4627601869
E,GT,WMF,2020-10-01,15262.132906434208
E,GT,WMF,2020-11-01,15814.885802035931
E,GT,WMF,2020-12-01,14846.983717920675
E,GT,WMF,2021-01-01,15415.325870973411
E,GT,WMF,2021-02-01,15570.652077932751
E,GT,WMF,2021-03-01,16467.128118079658
E,GT,WMF,2021-04-01,17133.976324417967
E,GT,WMF,2021-05-01,16415.165266999476
E,GT,WMF,2021-06-01,16259.288096395489
E,GT,WMF,2021-07-01,16899.085722431435
E,GT,WMF,2021-08-01,16596.911651229784
E,GT,WMF,2021-09-01,16810.476232967652
E,GT,WMF,2021-10-01,16748.889942893573
E,GT,WMF,2021-11-01,17933.49286808715
E,GT,WMF,2021-12-01,17378.637859032628
E,GT,WMF,2022-01-01,18801.364430955276
E,GT,WMF,2022-02-01,18345.678214798547
E,GT,WMF,2022-03-01,20198.43895883335
E,GT,WMF,2022-04-01,18204.700013749265
E,GT,WMF,2022-05-01,20364.045313048005
E,GT,WMF,2022-06-01,20703.219265634518
E,GT,WMF,2022-07-01,20314.7380003282
E,GT,WMF,2022-08-01,20047.327789735005
E,GT,WMF,2022-09-01,19964.869866092675
E,GT,WMF,2022-10-01,19139.564922310223
E,GT,WMF,2022-11-01,19911.59255239454
E,GT,WMF,2022-12-01,19065.859812632254
E,GT,WMF,2023-01-01,19506.1658644932
E,GT,WMF,2023-02-01,19659.579202794233
E,GT,WMF,2023-03-01,20029.120380617802
E,GT,WMF,2023-04-01,18363.315748982823
E,GT,WMF,2023-05-01,18154.715889501967
E,GT,WMF,2023-06-01,19216.978904336465
E,GT,WMF,2023-07-01,18206.44984168132
E,GT,WMF,2023-08-01,18560.409685445647
E,GT,WMF,2023-09-01,18616.977671657947
E,GT,WMF,2023-10-01,17758.92595785187
E,GT,WMF,2023-11-01,19429.492070358425
E,GT,WMF,2023-12-01,19171.266902436888
E,GT,WMF,2024-01-01,18532.25914423634
E,GT,WMF,2024-02-01,18675.2436655574
E,GT,WMF,2024-03-01,18123.796289381542
E,GT,WMF,2024-04-01,19814.015403165602
E,GT,WMF,2024-05-01,18723.677718738247
E,GT,WMF,2024-06-01,18196.58339050035
E,GT,WMF,2024-07-01,18787.354775175103
E,GT,WMF,2024-08-01,17795.2340033016
E,GT,WMF,2024-09-01,17842.85481794967
E,GT,WMF,2024-10-01,18774.15558197423
E,GT,WMF,2024-11-01,17889.303517705677
E,GT,WMF,2024-12-01,19221.057648008067
E,GT,WMF,2025-01-01,18785.648146293865
E,GT,WMF,2025-02-01,20496.91628559898
E,GT,WMF,2025-03-01,22936.26285041409
E,GT,WMF,2025-04-01,19018.017493951178
E,GT,WMF,2025-05-01,19161.178173920012
E,GT,WMF,2025-06-01,18427.103490993726
E,GT,WMF,2025-07-01,18436.34976239198
E,GT,WMF,2025-08-01,17470.01653157066
E,GT,WMF,2025-09-01,19567.629030994183
E,GT,WMF,2025-10-01,20025.412505326556
E,GT,WMF,2025-11-01,19713.93649460159
E,GT,WMF,2025-12-01,19499.879164271115
E,GT,WMF,2026-01-01,19499.04898158239
E,GT,WMF,2026-02-01,17867.91247696664
E,GT,WMF,2026-03-01,19788.275277120792
E,GT,WMF,2026-04-01,19213.88587300977
E,GT,WMF,2026-05-01,19876.260051822923
E,GT,WMF,2026-06-01,20576.292885290088
E,GT,WMF,2026-07-01,19649.037475807152
H,A01,WMF,2012-01-01,-254.4595279816039
H,A01,WMF,2012-02-01,-251.5346690337618
H,A01,WMF,2012-03-01,-257.1033935291666
H,A01,WMF,2012-04-01,-253.32062580913268
H,A01,WMF,2012-05-01,-288.04088808102483
H,A01,WMF,2012-06-01,-264.9251738547003
H,A01,WMF,2012-07-01,-260.33557309913493
H,A01,WMF,2012-08-01,-270.7163677131571
H,A01,WMF,2012-09-01,-268.0954743711743
H,A01,WMF,2012-10-01,-261.27594478527544
H,A01,WMF,2012-11-01,-277.4315002261065
H,A01,WMF,2012-12-01,-278.9593116323063
H,A01,WMF,2013-01-01,-266.32716393774405
H,A01,WMF,2013-02-01,-267.40602986483077
H,A01,WMF,2013-03-01,-285.2030384562953
H,A01,WMF,2013-04-01,-275.8348170183163
H,A01,WMF,2013-05-01,-284.58380096648324
H,A01,WMF,2013-06-01,-278.6915642252341
H,A01,WMF,2013-07-01,-313.8976510127484
H,A01,WMF,2013-08-01,-272.97477432633355
H,A01,WMF,2013-09-01,-270.8563198706757
H,A01,WMF,2013-10-01,-262.7722721405881
H,A01,WMF,2013-11-01,-250.5852953926992
H,A01,WMF,2013-12-01,-268.3684575691642
H,A01,WMF,2014-01-01,-279.14525944442
H,A01,WMF,2014-02-01,-292.79518450962144
H,A01,WMF,2014-03-01,-252.56520142379205
H,A01,WMF,2014-04-01,-265.88619799357696
H,A01,WMF,2014-05-01,-250.02076456109555
H,A01,WMF,2014-06-01,-268.9637940939244
H,A01,WMF,2014-07-01,-255.28708238362384
H,A01,WMF,2014-08-01,-269.9494446822617
H,A01,WMF,2014-09-01,-293.2837994966856
H,A01,WMF,2014-10-01,-281.0566596154598
H,A01,WMF,2014-11-01,-263.6613697153331
H,A01,WMF,2014-12-01,-270.71800681968415
H,A01,WMF,2015-01-01,-255.1692179390234
H,A01,WMF,2015-02-01,-268.5740251653211
H,A01,WMF,2015-03-01,-269.4346687651331
H,A01,WMF,2015-04-01,-278.0849953159158
H,A01,WMF,2015-05-01,-264.4880491774598
H,A01,WMF,2015-06-01,-261.0434243885732
H,A01,WMF,2015-07-01,-269.36141755049397
H,A01,WMF,2015-08-01,-300.23392449368254
H,A01,WMF,2015-09-01,-275.64340497235145
H,A01,WMF,2015-10-01,-271.369532821227
H,A01,WMF,2015-11-01,-266.33142228529704
H,A01,WMF,2015-12-01,-262.0079853503891
H,A01,WMF,2016-01-01,-275.5545313221281
H,A01,WMF,2016-02-01,-279.8841613540594
H,A01,WMF,2016-03-01,-273.71714649997335
H,A01,WMF,2016-04-01,-267.2135376241567
H,A01,WMF,2016-05-01,-274.52466030421135
H,A01,WMF,2016-06-01,-277.34394949590046
H,A01,WMF,2016-07-01,-281.8588871087907
H,A01,WMF,2016-08-01,-264.9203176497435
H,A01,WMF,2016-09-01,-269.4921008691374
H,A01,WMF,2016-10-01,-269.1193113151831
H,A01,WMF,2016-11-01,-282.87277322775753
H,A01,WMF,2016-12-01,-282.20999282225955
H,A01,WMF,2017-01-01,-290.00827666596723
H,A01,WMF,2017-02-01,-275.6934439298396
H,A01,WMF,2017-03-01,-289.59608723750097
H,A01,WMF,2017-04-01,-285.23954585983853
H,A01,WMF,2017-05-01,-285.607776862477
H,A01,WMF,2017-06-01,-292.19187543265105
H,A01,WMF,2017-07-01,-270.093978975928
H,A01,WMF,2017-08-01,-315.0312636442217
H,A01,WMF,2017-09-01,-292.7892858249602
H,A01,WMF,2017-10-01,-301.4622147887208
H,A01,WMF,2017-11-01,-285.2719938142139
H,A01,WMF,2017-12-01,-299.4060812911853
H,A01,WMF,2018-01-01,-294.6639250236217
H,A01,WMF,2018-02-01,-302.97913627856207
H,A01,WMF,2018-03-01,-292.8302105288551
H,A01,WMF,2018-04-01,-300.8251729809281
H,A01,WMF,2018-05-01,-311.3530976215015
H,A01,WMF,2018-06-01,-289.2609836656582
H,A01,WMF,2018-07-01,-288.76767510287465
H,A01,WMF,2018-08-01,-287.39406381611315
H,A01,WMF,2018-09-01,-286.28357818929703
H,A01,WMF,2018-10-01,-298.3840597354867
H,A01,WMF,2018-11-01,-292.44734604946854
H,A01,WMF,2018-12-01,-287.2929298560265
H,A01,WMF,2019-01-01,-296.6089185267978
H,A01,WMF,2019-02-01,-293.2523559039056
H,A01,WMF,2019-03-01,-287.9806508758342
H,A01,WMF,2019-04-01,-286.8963738601155
H,A01,WMF,2019-05-01,-277.9738511785798
H,A01,WMF,2019-06-01,-284.01775865479703
H,A01,WMF,2019-07-01,-293.22228796827255
H,A01,WMF,2019-08-01,-283.7078936092781
H,A01,WMF,2019-09-01,-289.85014277895317
H,A01,WMF,2019-10-01,-274.05700039831396
H,A01,WMF,2019-11-01,-294.2376820057545
H,A01,WMF,2019-12-01,-298.7306860629444
H,A01,WMF,2020-01-01,-279.6624654313437
H,A01,WMF,2020-02-01,-289.90434342522224
H,A01,WMF,2020-03-01,-272.7630039579226
H,A01,WMF,2020-04-01,-290.4793973416429
H,A01,WMF,2020-05-01,-318.58375919835936
H,A01,WMF,2020-06-01,-303.0044450112252
H,A01,WMF,2020-07-01,-296.08073721504337
H,A01,WMF,2020-08-01,-313.7419605117609
H,A01,WMF,2020-09-01,-304.8189142072786
H,A01,WMF,2020-10-01,-311.5179335226787
H,A01,WMF,2020-11-01,-316.084725909173
H,A01,WMF,2020-12-01,-310.2652790193891
H,A01,WMF,2021-01-01,-296.62766854059157
H,A01,WMF,2021-02-01,-319.77153406843297
H,A01,WMF,2021-03-01,-339.03610007149615
H,A01,WMF,2021-04-01,-331.5519781384318
H,A01,WMF,2021-05-01,-340.6939325428135
H,A01,WMF,2021-06-01,-342.5542087106942
H,A01,WMF,2021-07-01,-332.58507011330573
H,A01,WMF,2021-08-01,-355.1440631956019
H,A01,WMF,2021-09-01,-343.4273697740872
H,A01,WMF,2021-10-01,-349.74558198200685
H,A01,WMF,2021-11-01,-322.01517016954114
H,A01,WMF,2021-12-01,-332.5519590373007
H,A01,WMF,2022-01-01,-354.8611377330729
H,A01,WMF,2022-02-01,-354.87779163989234
H,A01,WMF,2022-03-01,-356.812533324907
H,A01,WMF,2022-04-01,-375.98841650598536
H,A01,WMF,2022-05-01,-387.0657371235208
H,A01,WMF,2022-06-01,-376.8590310770904
H,A01,WMF,2022-07-01,-373.1832410731165
H,A01,WMF,2022-08-01,-359.2735546437411
H,A01,WMF,2022-09-01,-369.32291048034824
H,A01,WMF,2022-10-01,-367.32854835513785
H,A01,WMF,2022-11-01,-369.93905658535886
H,A01,WMF,2022-12-01,-408.37515028960075
H,A01,WMF,2023-01-01,-363.46114540279314
H,A01,WMF,2023-02-01,-349.4100706530687
H,A01,WMF,2023-03-01,-368.4015280620695
H,A01,WMF,2023-04-01,-349.2037021413162
H,A01,WMF,2023-05-01,-351.4498327861053
H,A01,WMF,2023-06-01,-347.4047403411277
H,A01,WMF,2023-07-01,-362.3683103475714
H,A01,WMF,2023-08-01,-356.1092923625918
H,A01,WMF,2023-09-01,-362.51325524173177
H,A01,WMF,2023-10-01,-349.7138279357283
H,A01,WMF,2023-11-01,-347.8469866109656
H,A01,WMF,2023-12-01,-356.479160380343
H,A01,WMF,2024-01-01,-348.3246045318166
H,A01,WMF,2024-02-01,-359.0186676016328
H,A01,WMF,2024-03-01,-335.3054951653278
H,A01,WMF,2024-04-01,-353.53243572992295
H,A01,WMF,2024-05-01,-361.4873504143958
H,A01,WMF,2024-06-01,-370.6489381357888
H,A01,WMF,2024-07-01,-375.2378482886301
H,A01,WMF,2024-08-01,-369.72306818166754
H,A01,WMF,2024-09-01,-378.9023314662183
H,A01,WMF,2024-10-01,-412.8143067428556
H,A01,WMF,2024-11-01,-391.2492616923855
H,A01,WMF,2024-12-01,-399.7176020041617
H,A01,WMF,2025-01-01,-383.1874918522712
H,A01,WMF,2025-02-01,-416.941276789177
H,A01,WMF,2025-03-01,-402.8077975460911
H,A01,WMF,2025-04-01,-411.7762375194495
H,A01,WMF,2025-05-01,-398.9202110162835
H,A01,WMF,2025-06-01,-398.70283751716755
H,A01,WMF,2025-07-01,-412.335700381716
H,A01,WMF,2025-08-01,-454.2887780696107
H,A01,WMF,2025-09-01,-426.7370830466903
H,A01,WMF,2025-10-01,-425.6987756340231
H,A01,WMF,2025-11-01,-425.9001420699508
H,A01,WMF,2025-12-01,-412.30864892176817
H,A01,WMF,2026-01-01,-443.3200796297616
H,A01,WMF,2026-02-01,-410.4347745354056
H,A01,WMF,2026-03-01,-419.3807529603108
H,A01,WMF,2026-04-01,-418.502741565404
H,A01,WMF,2026-05-01,-413.87954027026774
H,A01,WMF,2026-06-01,-422.3910884510797
H,A01,WMF,2026-07-01,-425.80952219896386
H,A03,WMF,2012-01-01,-10.074325621210535
H,A03,WMF,2012-02-01,-9.682234820801396
H,A03,WMF,2012-03-01,-10.107087480742695
H,A03,WMF,2012-04-01,-10.094146139491317
H,A03,WMF,2012-05-01,-11.298828912618317
H,A03,WMF,2012-06-01,-10.117400478264058
H,A03,WMF,2012-07-01,-10.230226202144268
H,A03,WMF,2012-08-01,-10.395387074413609
H,A03,WMF,2012-09-01,-10.336137544397138
H,A03,WMF,2012-10-01,-10.569796025903718
H,A03,WMF,2012-11-01,-11.492263574864747
H,A03,WMF,2012-12-01,-9.783314186149905
H,A03,WMF,2013-01-01,-10.639537998210942
H,A03,WMF,2013-02-01,-10.748516444809638
H,A03,WMF,2013-03-01,-10.764534185230767
H,A03,WMF,2013-04-01,-11.138803128477317
H,A03,WMF,2013-05-01,-10.90512323154041
H,A03,WMF,2013-06-01,-11.195023286962714
H,A03,WMF,2013-07-01,-11.16599539188773
H,A03,WMF,2013-08-01,-11.008207899286855
H,A03,WMF,2013-09-01,-11.44557046020466
H,A03,WMF,2013-10-01,-11.564856422879416
H,A03,WMF,2013-11-01,-10.776746343684515
H,A03,WMF,2013-12-01,-11.865697657106145
H,A03,WMF,2014-01-01,-11.695073233017823
H,A03,WMF,2014-02-01,-12.094971978247736
H,A03,WMF,2014-03-01,-11.113310577531502
H,A03,WMF,2014-04-01,-11.61455533678852
H,A03,WMF,2014-05-01,-11.818947505519333
H,A03,WMF,2014-06-01,-12.727126543234908
H,A03,WMF,2014-07-01,-10.306266202322758
H,A03,WMF,2014-08-01,-11.028880572046074
H,A03,WMF,2014-09-01,-11.103694751846053
H,A03,WMF,2014-10-01,-10.725745244374407
H,A03,WMF,2014-11-01,-10.758192101230996
H,A03,WMF,2014-12-01,-11.135828244355034
H,A03,WMF,2015-01-01,-10.4739175223901
H,A03,WMF,2015-02-01,-10.371460585094269
H,A03,WMF,2015-03-01,-10.51450577394064
H,A03,WMF,2015-04-01,-9.623602689968934
H,A03,WMF,2015-05-01,-10.114934085515753
H,A03,WMF,2015-06-01,-10.513866108318652
H,A03,WMF,2015-07-01,-10.628241240490935
H,A03,WMF,2015-08-01,-10.733003659039674
H,A03,WMF,2015-09-01,-10.441377407276823
H,A03,WMF,2015-10-01,-10.539399499029262
H,A03,WMF,2015-11-01,-10.663260927916303
H,A03,WMF,2015-12-01,-10.119437325368743
H,A03,WMF,2016-01-01,-10.445464016905389
H,A03,WMF,2016-02-01,-9.987305168050232
H,A03,WMF,2016-03-01,-10.043590263418057
H,A03,WMF,2016-04-01,-10.212422430056614
H,A03,WMF,2016-05-01,-10.348065845323726
H,A03,WMF,2016-06-01,-10.459752992896581
H,A03,WMF,2016-07-01,-10.106805129605636
H,A03,WMF,2016-08-01,-10.504447808773593
H,A03,WMF,2016-09-01,-10.340917017435054
H,A03,WMF,2016-10-01,-10.476007018999596
H,A03,WMF,2016-11-01,-10.10383350978715
H,A03,WMF,2016-12-01,-10.216564549732604
H,A03,WMF,2017-01-01,-10.242366082150163
H,A03,WMF,2017-02-01,-10.581432076464335
H,A03,WMF,2017-03-01,-10.398777182304384
H,A03,WMF,2017-04-01,-10.781392124279275
H,A03,WMF,2017-05-01,-10.406306614164006
H,A03,WMF,2017-06-01,-10.203075945298938
H,A03,WMF,2017-07-01,-10.613306098670327
H,A03,WMF,2017-08-01,-10.959308452148504
H,A03,WMF,2017-09-01,-10.894164521093542
H,A03,WMF,2017-10-01,-10.488696851900151
H,A03,WMF,2017-11-01,-10.75381121053021
H,A03,WMF,2017-12-01,-11.303158341435209
H,A03,WMF,2018-01-01,-11.374923179400461
H,A03,WMF,2018-02-01,-11.133513043755304
H,A03,WMF,2018-03-01,-11.414385105613217
H,A03,WMF,2018-04-01,-11.050786049763264
H,A03,WMF,2018-05-01,-11.671566516766251
H,A03,WMF,2018-06-01,-11.160483445835839
H,A03,WMF,2018-07-01,-10.526650512169907
H,A03,WMF,2018-08-01,-11.179210591521011
H,A03,WMF,2018-09-01,-11.587010274387039
H,A03,WMF,2018-10-01,-11.978918146646565
H,A03,WMF,2018-11-01,-12.061394580076763
H,A03,WMF,2018-12-01,-11.89721700054446
H,A03,WMF,2019-01-01,-12.152941779486847
H,A03,WMF,2019-02-01,-12.33704044239885
H,A03,WMF,2019-03-01,-11.924901155514108
H,A03,WMF,2019-04-01,-12.619771515716472
H,A03,WMF,2019-05-01,-11.275529296362444
H,A03,WMF,2019-06-01,-11.256802536824408
H,A03,WMF,2019-07-01,-11.242994697710435
H,A03,WMF,2019-08-01,-11.313629656862656
H,A03,WMF,2019-09-01,-10.902697409345457
H,A03,WMF,2019-10-01,-11.000577233099932
H,A03,WMF,2019-11-01,-11.71831735879866
H,A03,WMF,2019-12-01,-11.677874261335575
H,A03,WMF,2020-01-01,-11.707405771807954
H,A03,WMF,2020-02-01,-11.235572116660471
H,A03,WMF,2020-03-01,-8.479359328382474
H,A03,WMF,2020-04-01,-7.551381950222244
H,A03,WMF,2020-05-01,-10.121022511853086
H,A03,WMF,2020-06-01,-10.672343602807267
H,A03,WMF,2020-07-01,-11.770604925530263
H,A03,WMF,2020-08-01,-12.159555447209462
H,A03,WMF,2020-09-01,-10.992337376278993
H,A03,WMF,2020-10-01,-11.172075404833361
H,A03,WMF,2020-11-01,-9.650745948388648
H,A03,WMF,2020-12-01,-9.947014768183736
H,A03,WMF,2021-01-01,-9.770329112707099
H,A03,WMF,2021-02-01,-10.331614280743407
H,A03,WMF,2021-03-01,-11.14764070371458
H,A03,WMF,2021-04-01,-10.950338326012952
H,A03,WMF,2021-05-01,-12.148186313048914
H,A03,WMF,2021-06-01,-12.043383304422983
H,A03,WMF,2021-07-01,-12.606085435700424
H,A03,WMF,2021-08-01,-12.238935454487823
H,A03,WMF,2021-09-01,-12.738181979576224
H,A03,WMF,2021-10-01,-12.557461308115709
H,A03,WMF,2021-11-01,-12.424806474974714
H,A03,WMF,2021-12-01,-12.412094808717077
H,A03,WMF,2022-01-01,-12.052369467995117
H,A03,WMF,2022-02-01,-12.613263003635174
H,A03,WMF,2022-03-01,-12.492206081452325
H,A03,WMF,2022-04-01,-12.784902351757044
H,A03,WMF,2022-05-01,-13.129767351465382
H,A03,WMF,2022-06-01,-12.847952435661075
H,A03,WMF,2022-07-01,-11.468918254449163
H,A03,WMF,2022-08-01,-11.653989524531358
H,A03,WMF,2022-09-01,-11.611619548930618
H,A03,WMF,2022-10-01,-11.914091057946399
H,A03,WMF,2022-11-01,-12.037418269067693
H,A03,WMF,2022-12-01,-12.286001318562498
H,A03,WMF,2023-01-01,-12.59485011388239
H,A03,WMF,2023-02-01,-12.172714540036292
H,A03,WMF,2023-03-01,-12.492096976388853
H,A03,WMF,2023-04-01,-12.915565700862302
H,A03,WMF,2023-05-01,-12.184258021241046
H,A03,WMF,2023-06-01,-12.321406106274743
H,A03,WMF,2023-07-01,-12.189999649878278
H,A03,WMF,2023-08-01,-11.22184269585628
H,A03,WMF,2023-09-01,-12.15713188932913
H,A03,WMF,2023-10-01,-10.355363051118017
H,A03,WMF,2023-11-01,-11.761888314300831
H,A03,WMF,2023-12-01,-11.744824345999781
H,A03,WMF,2024-01-01,-11.636580197296798
H,A03,WMF,2024-02-01,-12.543084395416589
H,A03,WMF,2024-03-01,-11.657118316760586
H,A03,WMF,2024-04-01,-11.400969708011338
H,A03,WMF,2024-05-01,-11.43835064281898
H,A03,WMF,2024-06-01,-11.727167749063778
H,A03,WMF,2024-07-01,-11.071793287069909
H,A03,WMF,2024-08-01,-11.598099735476135
H,A03,WMF,2024-09-01,-11.179167026265345
H,A03,WMF,2024-10-01,-10.76801396118482
H,A03,WMF,2024-11-01,-10.97987282595916
H,A03,WMF,2024-12-01,-10.723434023941797
H,A03,WMF,2025-01-01,-11.704890543943137
H,A03,WMF,2025-02-01,-11.335053760360431
H,A03,WMF,2025-03-01,-10.593703075892025
H,A03,WMF,2025-04-01,-10.719986933871002
H,A03,WMF,2025-05-01,-10.247968801434656
H,A03,WMF,2025-06-01,-10.29071231698149
H,A03,WMF,2025-07-01,-10.74549561370314
H,A03,WMF,2025-08-01,-11.13266556763702
H,A03,WMF,2025-09-01,-10.833441815992858
H,A03,WMF,2025-10-01,-11.070894685609499
H,A03,WMF,2025-11-01,-10.897039148444545
H,A03,WMF,2025-12-01,-11.09508265310651
H,A03,WMF,2026-01-01,-10.902723040152752
H,A03,WMF,2026-02-01,-10.395755526441441
H,A03,WMF,2026-03-01,-10.558683846721069
H,A03,WMF,2026-04-01,-9.845704876807904
H,A03,WMF,2026-05-01,-10.876034993292727
H,A03,WMF,2026-06-01,-10.491950706200841
H,A03,WMF,2026-07-01,-10.754364255962427
H,B05,WMF,2012-01-01,-2.47252042737683
H,B05,WMF,2012-02-01,-3.24010892709365
H,B05,WMF,2012-03-01,-4.59658857781633
H,B05,WMF,2012-04-01,-2.4105224049489
H,B05,WMF,2012-05-01,-2.1495852485135902
H,B05,WMF,2012-06-01,-2.1341926242025098
H,B05,WMF,2012-07-01,-3.0633935840118403
H,B05,WMF,2012-08-01,-2.2092776260598397
H,B05,WMF,2012-09-01,-2.4574971290453798
H,B05,WMF,2012-10-01,-2.64054026517427
H,B05,WMF,2012-11-01,-1.67168325280943
H,B05,WMF,2012-12-01,-1.86284723204546
H,B05,WMF,2013-01-01,-1.77761549360211
H,B05,WMF,2013-02-01,-2.16433799521542
H,B05,WMF,2013-03-01,-2.71498422488683
H,B05,WMF,2013-04-01,-2.1867350374209003
H,B05,WMF,2013-05-01,-1.90425552848346
H,B05,WMF,2013-06-01,-2.26462924050235
H,B05,WMF,2013-07-01,-1.48186033018614
H,B05,WMF,2013-08-01,-1.3636690942309102
H,B05,WMF,2013-09-01,-2.67724196787662
H,B05,WMF,2013-10-01,-2.80657555397944
H,B05,WMF,2013-11-01,-3.05206429844619
H,B05,WMF,2013-12-01,-2.46282740073641
H,B05,WMF,2014-01-01,-1.61044097784072
H,B05,WMF,2014-02-01,-1.60416700666006
H,B05,WMF,2014-03-01,-1.39101561642607
H,B05,WMF,2014-04-01,-2.14466747949643
H,B05,WMF,2014-05-01,-1.78553476218994
H,B05,WMF,2014-06-01,-1.43092313113604
H,B05,WMF,2014-07-01,-1.7547626200019
H,B05,WMF,2014-08-01,-1.6132109639353902
H,B05,WMF,2014-09-01,-1.3706269615878701
H,B05,WMF,2014-10-01,-1.02735590678247
H,B05,WMF,2014-11-01,-1.1672230617817199
H,B05,WMF,2014-12-01,-1.18679769160794
H,B05,WMF,2015-01-01,-1.61442623149029
H,B05,WMF,2015-02-01,-1.3775949390045
H,B05,WMF,2015-03-01,-1.03215358531983
H,B05,WMF,2015-04-01,-1.33234694635854
H,B05,WMF,2015-05-01,-1.67094441750701
H,B05,WMF,2015-06-01,-1.5286163457796202
H,B05,WMF,2015-07-01,-1.03676094245971
H,B05,WMF,2015-08-01,-1.55996785054409
H,B05,WMF,2015-09-01,-1.03652294586315
H,B05,WMF,2015-10-01,-1.2077418115763499
H,B05,WMF,2015-11-01,-1.53333592157865
H,B05,WMF,2015-12-01,-2.3608295644919797
H,B05,WMF,2016-01-01,-0.96363536686677
H,B05,WMF,2016-02-01,-1.14884183429608
H,B05,WMF,2016-03-01,-1.57235574577994
H,B05,WMF,2016-04-01,-1.52764930190515
H,B05,WMF,2016-05-01,-0.975724768346054
H,B05,WMF,2016-06-01,-1.09677742014167
H,B05,WMF,2016-07-01,-1.61244224226127
H,B05,WMF,2016-08-01,-1.16993899479478
H,B05,WMF,2016-09-01,-1.18124964072766
H,B05,WMF,2016-10-01,-1.46397135908499
H,B05,WMF,2016-11-01,-1.1270999521667002
H,B05,WMF,2016-12-01,-1.3631778949639999
H,B05,WMF,2017-01-01,-1.46223860364407
H,B05,WMF,2017-02-01,-1.59577767287193
H,B05,WMF,2017-03-01,-1.42496740079272
H,B05,WMF,2017-04-01,-0.770685418395055
H,B05,WMF,2017-05-01,-1.22513949341085
H,B05,WMF,2017-06-01,-1.4251880369368901
H,B05,WMF,2017-07-01,-1.3804017357660099
H,B05,WMF,2017-08-01,-1.5751156377101998
H,B05,WMF,2017-09-01,-1.75428195751353
H,B05,WMF,2017-10-01,-1.35706633994481
H,B05,WMF,2017-11-01,-1.25922982677422
H,B05,WMF,2017-12-01,-2.09232714574815
H,B05,WMF,2018-01-01,-1.63326803330524
H,B05,WMF,2018-02-01,-1.81248391109322
H,B05,WMF,2018-03-01,-1.33338119877518
H,B05,WMF,2018-04-01,-0.759147413895098
H,B05,WMF,2018-05-01,-1.73387443822235
H,B05,WMF,2018-06-01,-1.4798153227550102
H,B05,WMF,2018-07-01,-1.3517956791060999
H,B05,WMF,2018-08-01,-1.14811060101471
H,B05,WMF,2018-09-01,-1.2088071989441098
H,B05,WMF,2018-10-01,-1.42153020690215
H,B05,WMF,2018-11-01,-1.35466800015022
H,B05,WMF,2018-12-01,-1.03410984142839
H,B05,WMF,2019-01-01,-1.30180733556713
H,B05,WMF,2019-02-01,-0.988877712935465
H,B05,WMF,2019-03-01,-1.32080911536651
H,B05,WMF,2019-04-01,-0.980435681400897
H,B05,WMF,2019-05-01,-1.59640108927223
H,B05,WMF,2019-06-01,-1.27386681541928
H,B05,WMF,2019-07-01,-1.03811388683329
H,B05,WMF,2019-08-01,-1.00915576298758
H,B05,WMF,2019-09-01,-1.1325456865574999
H,B05,WMF,2019-10-01,-0.870356900602166
H,B05,WMF,2019-11-01,-0.797989981301285
H,B05,WMF,2019-12-01,-0.952268892635972
H,B05,WMF,2020-01-01,-1.010803558785
H,B05,WMF,2020-02-01,-0.869913212824438
H,B05,WMF,2020-03-01,-0.9809421602908059
H,B05,WMF,2020-04-01,-1.04214713822503
H,B05,WMF,2020-05-01,-0.800219344610095
H,B05,WMF,2020-06-01,-0.746917481353192
H,B05,WMF,2020-07-01,-0.8847578025131261
H,B05,WMF,2020-08-01,-0.859785552263081
H,B05,WMF,2020-09-01,-0.790745658498197
H,B05,WMF,2020-10-01,-0.784032349627082
H,B05,WMF,2020-11-01,-0.908334123446828
H,B05,WMF,2020-12-01,-0.872421342801869
H,B05,WMF,2021-01-01,-0.9410572417095959
H,B05,WMF,2021-02-01,-1.41725750006369
H,B05,WMF,2021-03-01,-1.06559719184521
H,B05,WMF,2021-04-01,-1.22446319284676
H,B05,WMF,2021-05-01,-1.15144549266755
H,B05,WMF,2021-06-01,-1.41514442332629
H,B05,WMF,2021-07-01,-1.39189967971488
H,B05,WMF,2021-08-01,-1.2116178214793698
H,B05,WMF,2021-09-01,-2.17804821661
H,B05,WMF,2021-10-01,-1.7955319942241
H,B05,WMF,2021-11-01,-2.1910635262019
H,B05,WMF,2021-12-01,-1.8867224324052
H,B05,WMF,2022-01-01,-1.9976702257182
H,B05,WMF,2022-02-01,-2.03860550432941
H,B05,WMF,2022-03-01,-2.19830895542583
H,B05,WMF,2022-04-01,-2.70864855368202
H,B05,WMF,2022-05-01,-3.1429224657789
H,B05,WMF,2022-06-01,-2.86644607537359
H,B05,WMF,2022-07-01,-3.84868557079414
H,B05,WMF,2022-08-01,-4.593000826898581
H,B05,WMF,2022-09-01,-3.64706772002005
H,B05,WMF,2022-10-01,-5.33274146006074
H,B05,WMF,2022-11-01,-4.37462430688626
H,B05,WMF,2022-12-01,-2.51296349774256
H,B05,WMF,2023-01-01,-2.83710488124033
H,B05,WMF,2023-02-01,-1.6877381221752399
H,B05,WMF,2023-03-01,-2.25164491581598
H,B05,WMF,2023-04-01,-2.00049704114994
H,B05,WMF,2023-05-01,-1.73998376149192
H,B05,WMF,2023-06-01,-1.84106397525363
H,B05,WMF,2023-07-01,-1.47241068992011
H,B05,WMF,2023-08-01,-1.55311525085413
H,B05,WMF,2023-09-01,-1.32055415182202
H,B05,WMF,2023-10-01,-1.3882854782993401
H,B05,WMF,2023-11-01,-1.1727139532471003
H,B05,WMF,2023-12-01,-1.17862065181348
H,B05,WMF,2024-01-01,-1.15138355723386
H,B05,WMF,2024-02-01,-1.47356543551005
H,B05,WMF,2024-03-01,-1.0817280591754599
H,B05,WMF,2024-04-01,-1.2797758657064602
H,B05,WMF,2024-05-01,-1.29109447600063
H,B05,WMF,2024-06-01,-1.3273900562848
H,B05,WMF,2024-07-01,-1.3006121939682198
H,B05,WMF,2024-08-01,-1.26642443549777
H,B05,WMF,2024-09-01,-1.2849724098419
H,B05,WMF,2024-10-01,-0.872942587589649
H,B05,WMF,2024-11-01,-0.937851457847136
H,B05,WMF,2024-12-01,-1.0873162568719401
H,B05,WMF,2025-01-01,-0.92765979226326
H,B05,WMF,2025-02-01,-1.0426879187361802
H,B05,WMF,2025-03-01,-1.02620140293651
H,B05,WMF,2025-04-01,-0.7698234865510171
H,B05,WMF,2025-05-01,-0.850377849539022
H,B05,WMF,2025-06-01,-0.8244375190441979
H,B05,WMF,2025-07-01,-0.7674381752594299
H,B05,WMF,2025-08-01,-0.697813650146075
H,B05,WMF,2025-09-01,-0.794283208004063
H,B05,WMF,2025-10-01,-0.905885334650421
H,B05,WMF,2025-11-01,-0.800477575511241
H,B05,WMF,2025-12-01,-0.924973884815648
H,B05,WMF,2026-01-01,-1.0456236412574298
H,B05,WMF,2026-02-01,-0.833309389535137
H,B05,WMF,2026-03-01,-1.1654212590852502
H,B05,WMF,2026-04-01,-1.0463289261297901
H,B05,WMF,2026-05-01,-0.9940172967238889
H,B05,WMF,2026-06-01,-0.82130319359342
H,B05,WMF,2026-07-01,-0.841625657554982
H,B06,WMF,2012-01-01,-318.18709337635795
H,B06,WMF,2012-02-01,-231.67047033557097
H,B06,WMF,2012-03-01,-350.416387227746
H,B06,WMF,2012-04-01,-319.158354120891
H,B06,WMF,2012-05-01,-342.268215591375
H,B06,WMF,2012-06-01,-319.723371122841
H,B06,WMF,2012-07-01,-360.228408585934
H,B06,WMF,2012-08-01,-391.000836391203
H,B06,WMF,2012-09-01,-560.5898690061931
H,B06,WMF,2012-10-01,-406.975445657726
H,B06,WMF,2012-11-01,-456.025173225785
H,B06,WMF,2012-12-01,-365.35396038049004
H,B06,WMF,2013-01-01,-478.591825519581
H,B06,WMF,2013-02-01,-513.584026240216
H,B06,WMF,2013-03-01,-515.96736042726
H,B06,WMF,2013-04-01,-456.124910202046
H,B06,WMF,2013-05-01,-463.087864880849
H,B06,WMF,2013-06-01,-674.423929271898
H,B06,WMF,2013-07-01,-531.2012941095439
H,B06,WMF,2013-08-01,-447.745581963603
H,B06,WMF,2013-09-01,-404.52171289949604
H,B06,WMF,2013-10-01,-306.324651151025
H,B06,WMF,2013-11-01,-409.50852074043695
H,B06,WMF,2013-12-01,-400.391830446658
H,B06,WMF,2014-01-01,-416.8380676409
H,B06,WMF,2014-02-01,-428.209579031642
H,B06,WMF,2014-03-01,-331.835170789469
H,B06,WMF,2014-04-01,-344.908539377841
H,B06,WMF,2014-05-01,-487.71584518031597
H,B06,WMF,2014-06-01,-515.078214060166
H,B06,WMF,2014-07-01,-413.86671539813
H,B06,WMF,2014-08-01,-516.606996074747
H,B06,WMF,2014-09-01,-445.736930095754
H,B06,WMF,2014-10-01,-430.781265432243
H,B06,WMF,2014-11-01,-347.840527581239
H,B06,WMF,2014-12-01,-343.01625065032204
H,B06,WMF,2015-01-01,-284.927158124835
H,B06,WMF,2015-02-01,-255.890063648136
H,B06,WMF,2015-03-01,-249.99219000594601
H,B06,WMF,2015-04-01,-207.544130415235
H,B06,WMF,2015-05-01,-153.373105595298
H,B06,WMF,2015-06-01,-72.9193435628134
H,B06,WMF,2015-07-01,-136.78358247619101
H,B06,WMF,2015-08-01,-136.64079706781501
H,B06,WMF,2015-09-01,-170.57469070422303
H,B06,WMF,2015-10-01,-165.33920666732402
H,B06,WMF,2015-11-01,-126.23138248348799
H,B06,WMF,2015-12-01,-180.417389785047
H,B06,WMF,2016-01-01,-132.230926657878
H,B06,WMF,2016-02-01,-110.1718724385
H,B06,WMF,2016-03-01,-137.44244831102102
H,B06,WMF,2016-04-01,-172.67827814114904
H,B06,WMF,2016-05-01,-153.860235826364
H,B06,WMF,2016-06-01,-138.93224040119
H,B06,WMF,2016-07-01,-166.19170207586902
H,B06,WMF,2016-08-01,-136.520443658097
H,B06,WMF,2016-09-01,-119.088844122032
H,B06,WMF,2016-10-01,-133.062118952505
H,B06,WMF,2016-11-01,-185.21928919251602
H,B06,WMF,2016-12-01,-156.510876430531
H,B06,WMF,2017-01-01,-170.812762712814
H,B06,WMF,2017-02-01,-194.553590527971
H,B06,WMF,2017-03-01,-141.953727353812
H,B06,WMF,2017-04-01,-230.83736817205502
H,B06,WMF,2017-05-01,-181.70075176542198
H,B06,WMF,2017-06-01,-73.3645301619056
H,B06,WMF,2017-07-01,-177.732678652952
H,B06,WMF,2017-08-01,-165.338784883128
H,B06,WMF,2017-09-01,-147.56981548241203
H,B06,WMF,2017-10-01,-238.577302195873
H,B06,WMF,2017-11-01,-164.024270603004
H,B06,WMF,2017-12-01,-175.350982168628
H,B06,WMF,2018-01-01,-197.684922032288
H,B06,WMF,2018-02-01,-182.65077193428098
H,B06,WMF,2018-03-01,-261.669752395011
H,B06,WMF,2018-04-01,-203.82122191477
H,B06,WMF,2018-05-01,-254.746874454155
H,B06,WMF,2018-06-01,-269.973892369461
H,B06,WMF,2018-07-01,-245.157088567088
H,B06,WMF,2018-08-01,-225.58877063023297
H,B06,WMF,2018-09-01,-233.875351184896
H,B06,WMF,2018-10-01,-224.824997665996
H,B06,WMF,2018-11-01,-274.77488773676095
H,B06,WMF,2018-12-01,-227.520491585166
H,B06,WMF,2019-01-01,-207.362069065606
H,B06,WMF,2019-02-01,-223.439755570802
H,B06,WMF,2019-03-01,-250.505496455986
H,B06,WMF,2019-04-01,-209.32141886008398
H,B06,WMF,2019-05-01,-240.916034824372
H,B06,WMF,2019-06-01,-108.90956623417901
H,B06,WMF,2019-07-01,-181.18386049337
H,B06,WMF,2019-08-01,-223.155443075607
H,B06,WMF,2019-09-01,-243.582233511235
H,B06,WMF,2019-10-01,-255.364905921213
H,B06,WMF,2019-11-01,-166.706470912263
H,B06,WMF,2019-12-01,-198.649242275072
H,B06,WMF,2020-01-01,-143.819480439013
H,B06,WMF,2020-02-01,-191.57825986890902
H,B06,WMF,2020-03-01,-149.36353330271
H,B06,WMF,2020-04-01,-141.401107607678
H,B06,WMF,2020-05-01,-98.00923464449001
H,B06,WMF,2020-06-01,-127.034014146495
H,B06,WMF,2020-07-01,-134.100490105462
H,B06,WMF,2020-08-01,-95.3830095763295
H,B06,WMF,2020-09-01,-135.928516042611
H,B06,WMF,2020-10-01,-98.1082819548551
H,B06,WMF,2020-11-01,-118.695391863182
H,B06,WMF,2020-12-01,-105.18616740324099
H,B06,WMF,2021-01-01,-156.476268564708
H,B06,WMF,2021-02-01,-148.942564380359
H,B06,WMF,2021-03-01,-126.62410448054301
H,B06,WMF,2021-04-01,-285.58347108558
H,B06,WMF,2021-05-01,-165.94690022521002
H,B06,WMF,2021-06-01,-63.3144841368886
H,B06,WMF,2021-07-01,-138.03604757365
H,B06,WMF,2021-08-01,-197.474796143756
H,B06,WMF,2021-09-01,-209.772197226462
H,B06,WMF,2021-10-01,-222.15183721320702
H,B06,WMF,2021-11-01,-291.50437683666297
H,B06,WMF,2021-12-01,-286.788552740721
H,B06,WMF,2022-01-01,-966.5062869593429
H,B06,WMF,2022-02-01,-665.758467749097
H,B06,WMF,2022-03-01,-1036.56645084922
H,B06,WMF,2022-04-01,-553.749236607056
H,B06,WMF,2022-05-01,-491.893219451566
H,B06,WMF,2022-06-01,-747.529737097558
H,B06,WMF,2022-07-01,-701.373964040768
H,B06,WMF,2022-08-01,-351.335170676344
H,B06,WMF,2022-09-01,-412.473479638932
H,B06,WMF,2022-10-01,-414.38628450455997
H,B06,WMF,2022-11-01,-634.187384938193
H,B06,WMF,2022-12-01,-343.752607931226
H,B06,WMF,2023-01-01,-370.94906913589796
H,B06,WMF,2023-02-01,-318.884700283828
H,B06,WMF,2023-03-01,-306.28368327430394
H,B06,WMF,2023-04-01,-325.439411811698
H,B06,WMF,2023-05-01,-348.97030779891696
H,B06,WMF,2023-06-01,-256.476940648048
H,B06,WMF,2023-07-01,-224.11604556718902
H,B06,WMF,2023-08-01,-266.751949751115
H,B06,WMF,2023-09-01,-294.464752433395
H,B06,WMF,2023-10-01,-240.65073398418
H,B06,WMF,2023-11-01,-236.644368746766
H,B06,WMF,2023-12-01,-258.450067504522
H,B06,WMF,2024-01-01,-233.372216240601
H,B06,WMF,2024-02-01,-219.459571265173
H,B06,WMF,2024-03-01,-183.767892570319
H,B06,WMF,2024-04-01,-279.571242795874
H,B06,WMF,2024-05-01,-134.12994313440802
H,B06,WMF,2024-06-01,-113.735573032981
H,B06,WMF,2024-07-01,-254.30200852262197
H,B06,WMF,2024-08-01,-244.100335512541
H,B06,WMF,2024-09-01,-229.131339963869
H,B06,WMF,2024-10-01,-238.350994980621
H,B06,WMF,2024-11-01,-247.251178038753
H,B06,WMF,2024-12-01,-243.929163541079
H,B06,WMF,2025-01-01,-237.04658025507598
H,B06,WMF,2025-02-01,-295.579108796627
H,B06,WMF,2025-03-01,-321.17412764278697
H,B06,WMF,2025-04-01,-189.452518931188
H,B06,WMF,2025-05-01,-305.717197271302
H,B06,WMF,2025-06-01,-233.34134574661599
H,B06,WMF,2025-07-01,-152.731784582065
H,B06,WMF,2025-08-01,-254.73751534840397
H,B06,WMF,2025-09-01,-165.349495482637
H,B06,WMF,2025-10-01,-198.564113353725
H,B06,WMF,2025-11-01,-157.263650160759
H,B06,WMF,2025-12-01,-179.732604703259
H,B06,WMF,2026-01-01,-175.17520015595002
H,B06,WMF,2026-02-01,-206.985998830587
H,B06,WMF,2026-03-01,-211.52745753683598
H,B06,WMF,2026-04-01,-286.07868343534705
H,B06,WMF,2026-05-01,-295.65973616356996
H,B06,WMF,2026-06-01,-304.294411742573
H,B06,WMF,2026-07-01,-280.757531959054
H,C10,WMF,2012-01-01,-27.61655923404203
H,C10,WMF,2012-02-01,-29.901629098143985
H,C10,WMF,2012-03-01,-14.441867930545982
H,C10,WMF,2012-04-01,-22.241731271682
H,C10,WMF,2012-05-01,2.4488955947770705
H,C10,WMF,2012-06-01,-27.45066882070597
H,C10,WMF,2012-07-01,-24.69062345616004
H,C10,WMF,2012-08-01,-15.55191122306104
H,C10,WMF,2012-09-01,-22.71104851246895
H,C10,WMF,2012-10-01,-18.381353403323033
H,C10,WMF,2012-11-01,15.036691612111952
H,C10,WMF,2012-12-01,-3.993611507384003
H,C10,WMF,2013-01-01,-16.777606069563035
H,C10,WMF,2013-02-01,3.6831705047198966
H,C10,WMF,2013-03-01,1.4487313582800425
H,C10,WMF,2013-04-01,-21.25816749911104
H,C10,WMF,2013-05-01,-18.47711318623692
H,C10,WMF,2013-06-01,30.57888822436587
H,C10,WMF,2013-07-01,-9.844115085012959
H,C10,WMF,2013-08-01,-39.77493421638894
H,C10,WMF,2013-09-01,-20.54744613841899
H,C10,WMF,2013-10-01,-40.67809107748201
H,C10,WMF,2013-11-01,-16.94267600687192
H,C10,WMF,2013-12-01,-26.222850832593053
H,C10,WMF,2014-01-01,-33.76917631177014
H,C10,WMF,2014-02-01,-20.797361101787942
H,C10,WMF,2014-03-01,-50.322134438262026
H,C10,WMF,2014-04-01,-36.011758122673086
H,C10,WMF,2014-05-01,14.322471054493008
H,C10,WMF,2014-06-01,-13.667214902611022
H,C10,WMF,2014-07-01,-12.920042952678955
H,C10,WMF,2014-08-01,2.278144309951017
H,C10,WMF,2014-09-01,-12.800629771498052
H,C10,WMF,2014-10-01,5.8592575292049105
H,C10,WMF,2014-11-01,-26.550240970621985
H,C10,WMF,2014-12-01,-4.2981799196380734
H,C10,WMF,2015-01-01,-13.115171311125039
H,C10,WMF,2015-02-01,-4.6477517316819785
H,C10,WMF,2015-03-01,-16.989815705961007
H,C10,WMF,2015-04-01,-4.292169029646971
H,C10,WMF,2015-05-01,-21.495872675906014
H,C10,WMF,2015-06-01,-9.857061920104968
H,C10,WMF,2015-07-01,-7.192397190788029
H,C10,WMF,2015-08-01,4.745247158730081
H,C10,WMF,2015-09-01,6.767868344095973
H,C10,WMF,2015-10-01,-3.205207754670994
H,C10,WMF,2015-11-01,-2.0496959462900577
H,C10,WMF,2015-12-01,-34.260750028307996
H,C10,WMF,2016-01-01,0.5531433865520512
H,C10,WMF,2016-02-01,-13.539131199300073
H,C10,WMF,2016-03-01,2.7242047270859757
H,C10,WMF,2016-04-01,-2.00464849989703
H,C10,WMF,2016-05-01,2.1130228349500157
H,C10,WMF,2016-06-01,-26.224332338897
H,C10,WMF,2016-07-01,6.341046055151992
H,C10,WMF,2016-08-01,-23.077166381565974
H,C10,WMF,2016-09-01,-12.127700399788012
H,C10,WMF,2016-10-01,-20.995422791919964
H,C10,WMF,2016-11-01,-7.26637735746101
H,C10,WMF,2016-12-01,-53.81975470310408
H,C10,WMF,2017-01-01,9.647191820719058
H,C10,WMF,2017-02-01,-14.377963896712004
H,C10,WMF,2017-03-01,-8.377353056685934
H,C10,WMF,2017-04-01,20.08268217804789
H,C10,WMF,2017-05-01,21.409414694479096
H,C10,WMF,2017-06-01,29.338126644133922
H,C10,WMF,2017-07-01,-10.047875158128932
H,C10,WMF,2017-08-01,3.8967209404859204
H,C10,WMF,2017-09-01,10.48264376239706
H,C10,WMF,2017-10-01,-4.318350224613027
H,C10,WMF,2017-11-01,8.36098598484989
H,C10,WMF,2017-12-01,-24.482437870382
H,C10,WMF,2018-01-01,-11.836046286219016
H,C10,WMF,2018-02-01,4.734638983878995
H,C10,WMF,2018-03-01,-0.5306817208120265
H,C10,WMF,2018-04-01,-13.720837927448997
H,C10,WMF,2018-05-01,-17.80344135738801
H,C10,WMF,2018-06-01,4.454142453537884
H,C10,WMF,2018-07-01,4.27843784998413
H,C10,WMF,2018-08-01,11.187999255873024
H,C10,WMF,2018-09-01,0.20578901111991854
H,C10,WMF,2018-10-01,-0.4606745925659652
H,C10,WMF,2018-11-01,46.41891472707903
H,C10,WMF,2018-12-01,7.120741856388008
H,C10,WMF,2019-01-01,-31.500842045992954
H,C10,WMF,2019-02-01,2.4046093002050384
H,C10,WMF,2019-03-01,16.225560543499
H,C10,WMF,2019-04-01,-5.981207271283893
H,C10,WMF,2019-05-01,25.538895387696016
H,C10,WMF,2019-06-01,11.287777534344059
H,C10,WMF,2019-07-01,9.253420699894036
H,C10,WMF,2019-08-01,20.97032756214901
H,C10,WMF,2019-09-01,15.670709082282997
H,C10,WMF,2019-10-01,25.45046794871996
H,C10,WMF,2019-11-01,7.671428590130972
H,C10,WMF,2019-12-01,35.88666634443507
H,C10,WMF,2020-01-01,-2.6127626436820037
H,C10,WMF,2020-02-01,14.559301776831944
H,C10,WMF,2020-03-01,-50.191038838515965
H,C10,WMF,2020-04-01,-26.55518270927712
H,C10,WMF,2020-05-01,-14.716540093672961
H,C10,WMF,2020-06-01,-12.166195201721962
H,C10,WMF,2020-07-01,-18.40435644659601
H,C10,WMF,2020-08-01,9.2324490328391
H,C10,WMF,2020-09-01,-2.7135718875500743
H,C10,WMF,2020-10-01,-11.769906631898039
H,C10,WMF,2020-11-01,5.835858815048027
H,C10,WMF,2020-12-01,5.425323899960972
H,C10,WMF,2021-01-01,27.40665993655614
H,C10,WMF,2021-02-01,23.72645179983897
H,C10,WMF,2021-03-01,0.794185177507984
H,C10,WMF,2021-04-01,11.869152755957998
H,C10,WMF,2021-05-01,6.550224481237024
H,C10,WMF,2021-06-01,1.0378261085439817
H,C10,WMF,2021-07-01,15.618616572514952
H,C10,WMF,2021-08-01,-2.3528344763200266
H,C10,WMF,2021-09-01,3.9083557872710344
H,C10,WMF,2021-10-01,20.531011483836096
H,C10,WMF,2021-11-01,33.31004214232007
H,C10,WMF,2021-12-01,-1.2731665110799213
H,C10,WMF,2022-01-01,3.4709586040270324
H,C10,WMF,2022-02-01,-7.5226875161450835
H,C10,WMF,2022-03-01,-14.732617807436895
H,C10,WMF,2022-04-01,-7.920908379569937
H,C10,WMF,2022-05-01,-11.43219238495692
H,C10,WMF,2022-06-01,-19.93483413433603
H,C10,WMF,2022-07-01,-24.864372826037084
H,C10,WMF,2022-08-01,-28.532271889961976
H,C10,WMF,2022-09-01,-23.820580020088073
H,C10,WMF,2022-10-01,-41.295381352500044
H,C10,WMF,2022-11-01,-22.79622132110603
H,C10,WMF,2022-12-01,-27.727947959170024
H,C10,WMF,2023-01-01,-42.3423926394679
H,C10,WMF,2023-02-01,-44.87688238196597
H,C10,WMF,2023-03-01,-34.28862668612908
H,C10,WMF,2023-04-01,-36.30874090792304
H,C10,WMF,2023-05-01,-11.23138032288307
H,C10,WMF,2023-06-01,-8.321319472947039
H,C10,WMF,2023-07-01,56.18553310230607
H,C10,WMF,2023-08-01,55.86786679775605
H,C10,WMF,2023-09-01,25.79919945181007
H,C10,WMF,2023-10-01,-11.073234780537064
H,C10,WMF,2023-11-01,11.438096701989025
H,C10,WMF,2023-12-01,-4.493250078400024
H,C10,WMF,2024-01-01,26.790470648230098
H,C10,WMF,2024-02-01,16.852805792515028
H,C10,WMF,2024-03-01,10.957414715829941
H,C10,WMF,2024-04-01,-37.304233018898
H,C10,WMF,2024-05-01,-21.79639213010887
H,C10,WMF,2024-06-01,1.4841148371299369
H,C10,WMF,2024-07-01,-21.17869259134511
H,C10,WMF,2024-08-01,-29.91206138448399
H,C10,WMF,2024-09-01,-39.24776298745701
H,C10,WMF,2024-10-01,-29.034337022680006
H,C10,WMF,2024-11-01,-49.96488828446593
H,C10,WMF,2024-12-01,-25.865835021311113
H,C10,WMF,2025-01-01,-56.582145952869155
H,C10,WMF,2025-02-01,-38.71231072449007
H,C10,WMF,2025-03-01,-51.90296520517302
H,C10,WMF,2025-04-01,-24.527087192975046
H,C10,WMF,2025-05-01,-12.39548323919405
H,C10,WMF,2025-06-01,-81.51225637068114
H,C10,WMF,2025-07-01,-88.80541078219994
H,C10,WMF,2025-08-01,-79.35402686369491
H,C10,WMF,2025-09-01,-77.74071020845793
H,C10,WMF,2025-10-01,-29.182922061235104
H,C10,WMF,2025-11-01,-56.632062469983
H,C10,WMF,2025-12-01,-54.349157744639
H,C10,WMF,2026-01-01,-85.45301709613
H,C10,WMF,2026-02-01,-71.38519281650895
H,C10,WMF,2026-03-01,-55.362072874800106
H,C10,WMF,2026-04-01,-47.30421503923401
H,C10,WMF,2026-05-01,-37.16631812630794
H,C10,WMF,2026-06-01,-39.39720669864505
H,C10,WMF,2026-07-01,-19.778458380434017
H,C11,WMF,2012-01-01,-21.518430831873005
H,C11,WMF,2012-02-01,-27.77360662128099
H,C11,WMF,2012-03-01,-14.26962224253802
H,C11,WMF,2012-04-01,-3.8091494560079866
H,C11,WMF,2012-05-01,-17.47913051138798
H,C11,WMF,2012-06-01,-8.312142203781974
H,C11,WMF,2012-07-01,-1.7688073571430039
H,C11,WMF,2012-08-01,-14.475821782290012
H,C11,WMF,2012-09-01,6.087125559764985
H,C11,WMF,2012-10-01,12.932329209902036
H,C11,WMF,2012-11-01,26.442175716040026
H,C11,WMF,2012-12-01,24.835868974636043
H,C11,WMF,2013-01-01,21.063255784895972
H,C11,WMF,2013-02-01,-0.19318025656599502
H,C11,WMF,2013-03-01,-0.27541625480299103
H,C11,WMF,2013-04-01,3.4047876743699703
H,C11,WMF,2013-05-01,-30.59782265100698
H,C11,WMF,2013-06-01,-1.1873635662479955
H,C11,WMF,2013-07-01,-7.113616158779962
H,C11,WMF,2013-08-01,-8.102817398304978
H,C11,WMF,2013-09-01,1.9004718241210128
H,C11,WMF,2013-10-01,5.061435392151992
H,C11,WMF,2013-11-01,-5.163015165076985
H,C11,WMF,2013-12-01,-9.21703083395903
H,C11,WMF,2014-01-01,-2.0212060159379917
H,C11,WMF,2014-02-01,4.390598300985971
H,C11,WMF,2014-03-01,0.48978341092299615
H,C11,WMF,2014-04-01,3.3689660454909642
H,C11,WMF,2014-05-01,12.094709471290969
H,C11,WMF,2014-06-01,10.481234975169002
H,C11,WMF,2014-07-01,4.805975636221007
H,C11,WMF,2014-08-01,15.808578209468976
H,C11,WMF,2014-09-01,7.8550405660109845
H,C11,WMF,2014-10-01,4.844034425651017
H,C11,WMF,2014-11-01,-11.20455554795501
H,C11,WMF,2014-12-01,9.735338202282037
H,C11,WMF,2015-01-01,18.00740224798301
H,C11,WMF,2015-02-01,11.579666335912037
H,C11,WMF,2015-03-01,25.325769013667013
H,C11,WMF,2015-04-01,17.527089985175024
H,C11,WMF,2015-05-01,19.81721006712999
H,C11,WMF,2015-06-01,26.480592709487013
H,C11,WMF,2015-07-01,16.362778517725985
H,C11,WMF,2015-08-01,40.97924590184303
H,C11,WMF,2015-09-01,23.327045752361016
H,C11,WMF,2015-10-01,24.500684772152965
H,C11,WMF,2015-11-01,29.294938370706006
H,C11,WMF,2015-12-01,0.9032058218269867
H,C11,WMF,2016-01-01,43.608398624810036
H,C11,WMF,2016-02-01,11.444554564694982
H,C11,WMF,2016-03-01,45.596310617073016
H,C11,WMF,2016-04-01,18.553495120573018
H,C11,WMF,2016-05-01,23.823063183325985
H,C11,WMF,2016-06-01,10.817739945746013
H,C11,WMF,2016-07-01,23.064350099655
H,C11,WMF,2016-08-01,13.161148515101019
H,C11,WMF,2016-09-01,9.63822610003399
H,C11,WMF,2016-10-01,8.300051272872992
H,C11,WMF,2016-11-01,-4.736606455119016
H,C11,WMF,2016-12-01,25.059429233452022
H,C11,WMF,2017-01-01,29.217319542473007
H,C11,WMF,2017-02-01,34.86297014596701
H,C11,WMF,2017-03-01,18.369107682763996
H,C11,WMF,2017-04-01,15.065567143906037
H,C11,WMF,2017-05-01,0.32114841125601856
H,C11,WMF,2017-06-01,9.661415299116015
H,C11,WMF,2017-07-01,0.31474497822600256
H,C11,WMF,2017-08-01,-12.185743478992975
H,C11,WMF,2017-09-01,4.600166486803971
H,C11,WMF,2017-10-01,6.350940590404008
H,C11,WMF,2017-11-01,4.207474302783027
H,C11,WMF,2017-12-01,-9.196521363548015
H,C11,WMF,2018-01-01,-20.195999604080015
H,C11,WMF,2018-02-01,-1.008071466665001
H,C11,WMF,2018-03-01,-16.64724463831797
H,C11,WMF,2018-04-01,0.3437827310900161
H,C11,WMF,2018-05-01,8.40860883564099
H,C11,WMF,2018-06-01,16.599100650634
H,C11,WMF,2018-07-01,2.6864508294720224
H,C11,WMF,2018-08-01,20.81585988053598
H,C11,WMF,2018-09-01,4.997026751394998
H,C11,WMF,2018-10-01,12.437070570039026
H,C11,WMF,2018-11-01,-5.780672312725983
H,C11,WMF,2018-12-01,-14.549128485729
H,C11,WMF,2019-01-01,13.034088280948026
H,C11,WMF,2019-02-01,-8.697962628727026
H,C11,WMF,2019-03-01,2.0631389848700223
H,C11,WMF,2019-04-01,8.72681442246298
H,C11,WMF,2019-05-01,20.093189824897024
H,C11,WMF,2019-06-01,10.655227629385962
H,C11,WMF,2019-07-01,22.745223300047
H,C11,WMF,2019-08-01,13.766668662619963
H,C11,WMF,2019-09-01,-11.379033020958985
H,C11,WMF,2019-10-01,-12.464609256738981
H,C11,WMF,2019-11-01,1.474361439193018
H,C11,WMF,2019-12-01,-20.211020577781994
H,C11,WMF,2020-01-01,-4.223503205870969
H,C11,WMF,2020-02-01,-1.2116735610570117
H,C11,WMF,2020-03-01,4.991590617462009
H,C11,WMF,2020-04-01,28.911778270417017
H,C11,WMF,2020-05-01,-40.56823208341201
H,C11,WMF,2020-06-01,-21.414718505157992
H,C11,WMF,2020-07-01,-2.8719264472240127
H,C11,WMF,2020-08-01,-30.718924929326988
H,C11,WMF,2020-09-01,-1.6666327900339866
H,C11,WMF,2020-10-01,-14.110660774741035
H,C11,WMF,2020-11-01,-9.836318112107989
H,C11,WMF,2020-12-01,-7.212299358075995
H,C11,WMF,2021-01-01,-11.564314647497014
H,C11,WMF,2021-02-01,-15.691341778946992
H,C11,WMF,2021-03-01,-14.386315685788986
H,C11,WMF,2021-04-01,-34.105806963391984
H,C11,WMF,2021-05-01,-27.13380548449902
H,C11,WMF,2021-06-01,-19.874641319915014
H,C11,WMF,2021-07-01,-26.71279875546901
H,C11,WMF,2021-08-01,-18.88437081549003
H,C11,WMF,2021-09-01,-12.384321971498991
H,C11,WMF,2021-10-01,1.071585760608997
H,C11,WMF,2021-11-01,-14.257975998296018
H,C11,WMF,2021-12-01,-13.526486003394979
H,C11,WMF,2022-01-01,7.687118282785008
H,C11,WMF,2022-02-01,-11.374740978738998
H,C11,WMF,2022-03-01,-30.76488835647899
H,C11,WMF,2022-04-01,-20.527615037294993
H,C11,WMF,2022-05-01,-40.484215564295994
H,C11,WMF,2022-06-01,-26.059236446499966
H,C11,WMF,2022-07-01,-52.31960543770202
H,C11,WMF,2022-08-01,-28.620121808451017
H,C11,WMF,2022-09-01,-29.101441711302016
H,C11,WMF,2022-10-01,-28.698696905111007
H,C11,WMF,2022-11-01,-19.979029779407995
H,C11,WMF,2022-12-01,-23.034895319534996
H,C11,WMF,2023-01-01,-37.84911078927098
H,C11,WMF,2023-02-01,-44.633805845346984
H,C11,WMF,2023-03-01,-44.44793617250002
H,C11,WMF,2023-04-01,-55.54571706237198
H,C11,WMF,2023-05-01,-51.35386809269201
H,C11,WMF,2023-06-01,-49.991852606712996
H,C11,WMF,2023-07-01,-28.963312241035993
H,C11,WMF,2023-08-01,-55.64255960215901
H,C11,WMF,2023-09-01,-49.208527147718996
H,C11,WMF,2023-10-01,-50.927921863414014
H,C11,WMF,2023-11-01,-86.02388345006197
H,C11,WMF,2023-12-01,-63.54422684945003
H,C11,WMF,2024-01-01,-61.475981850614005
H,C11,WMF,2024-02-01,-25.479830715394996
H,C11,WMF,2024-03-01,-37.069232116108
H,C11,WMF,2024-04-01,-61.96074519123199
H,C11,WMF,2024-05-01,-45.10999161942699
H,C11,WMF,2024-06-01,-56.40408289303697
H,C11,WMF,2024-07-01,-52.07772107207599
H,C11,WMF,2024-08-01,-51.26624098182798
H,C11,WMF,2024-09-01,-56.48231219656499
H,C11,WMF,2024-10-01,-41.98356701449099
H,C11,WMF,2024-11-01,-46.088322248548025
H,C11,WMF,2024-12-01,-39.329936356752995
H,C11,WMF,2025-01-01,-46.944133813337004
H,C11,WMF,2025-02-01,-38.790129551727986
H,C11,WMF,2025-03-01,-56.082868492925996
H,C11,WMF,2025-04-01,-47.32355833212701
H,C11,WMF,2025-05-01,-58.677864654074014
H,C11,WMF,2025-06-01,-53.310389524313976
H,C11,WMF,2025-07-01,-62.261293449925006
H,C11,WMF,2025-08-01,-48.331377541256984
H,C11,WMF,2025-09-01,-50.713783721932984
H,C11,WMF,2025-10-01,-63.26472232656299
H,C11,WMF,2025-11-01,-67.74186664611588
H,C11,WMF,2025-12-01,-78.66068832200189
H,C11,WMF,2026-01-01,-67.158937118158
H,C11,WMF,2026-02-01,-73.33817737555341
H,C11,WMF,2026-03-01,-77.2231146987743
H,C11,WMF,2026-04-01,-49.92957781567999
H,C11,WMF,2026-05-01,-69.24885502727699
H,C11,WMF,2026-06-01,-65.21507191941299
H,C11,WMF,2026-07-01,-60.04347855250599
H,C12,WMF,2012-01-01,27.392840405333303
H,C12,WMF,2012-02-01,29.529878937075498
H,C12,WMF,2012-03-01,26.890526926131198
H,C12,WMF,2012-04-01,30.612960861555894
H,C12,WMF,2012-05-01,26.311858824231305
H,C12,WMF,2012-06-01,30.115759485297
H,C12,WMF,2012-07-01,22.349496204112498
H,C12,WMF,2012-08-01,18.5757603042286
H,C12,WMF,2012-09-01,19.447952820894198
H,C12,WMF,2012-10-01,23.4196605852642
H,C12,WMF,2012-11-01,21.0318601102135
H,C12,WMF,2012-12-01,24.254349239224894
H,C12,WMF,2013-01-01,16.5980315933504
H,C12,WMF,2013-02-01,27.299150287182908
H,C12,WMF,2013-03-01,23.873574244203095
H,C12,WMF,2013-04-01,23.6062215845531
H,C12,WMF,2013-05-01,30.304664212896903
H,C12,WMF,2013-06-01,28.461609257794997
H,C12,WMF,2013-07-01,28.2777257740348
H,C12,WMF,2013-08-01,23.1594763912998
H,C12,WMF,2013-09-01,29.174926087822904
H,C12,WMF,2013-10-01,23.248613675188498
H,C12,WMF,2013-11-01,23.448367312539602
H,C12,WMF,2013-12-01,15.4076354658933
H,C12,WMF,2014-01-01,32.584557353483305
H,C12,WMF,2014-02-01,22.8081070476285
H,C12,WMF,2014-03-01,26.576997449057302
H,C12,WMF,2014-04-01,23.5251829840862
H,C12,WMF,2014-05-01,19.5061996624525
H,C12,WMF,2014-06-01,22.9066696914142
H,C12,WMF,2014-07-01,38.180801523250295
H,C12,WMF,2014-08-01,31.3335023707705
H,C12,WMF,2014-09-01,28.2696831916517
H,C12,WMF,2014-10-01,26.157587399778496
H,C12,WMF,2014-11-01,32.696953095888
H,C12,WMF,2014-12-01,24.684114503145302
H,C12,WMF,2015-01-01,28.5439313332783
H,C12,WMF,2015-02-01,23.8884738465779
H,C12,WMF,2015-03-01,26.7962736219253
H,C12,WMF,2015-04-01,24.849589787956102
H,C12,WMF,2015-05-01,31.195973097604302
H,C12,WMF,2015-06-01,23.110367892843197
H,C12,WMF,2015-07-01,22.688267641185302
H,C12,WMF,2015-08-01,28.339196152624694
H,C12,WMF,2015-09-01,20.7334729395927
H,C12,WMF,2015-10-01,26.7946858358517
H,C12,WMF,2015-11-01,27.6072645456595
H,C12,WMF,2015-12-01,19.7261945242203
H,C12,WMF,2016-01-01,24.885185501409996
H,C12,WMF,2016-02-01,24.544924352882703
H,C12,WMF,2016-03-01,22.158059036855704
H,C12,WMF,2016-04-01,25.888520556604202
H,C12,WMF,2016-05-01,22.7002131640028
H,C12,WMF,2016-06-01,28.051202599837104
H,C12,WMF,2016-07-01,28.572462531210302
H,C12,WMF,2016-08-01,22.8080850054281
H,C12,WMF,2016-09-01,26.3873217862377
H,C12,WMF,2016-10-01,21.503964871893505
H,C12,WMF,2016-11-01,20.888325938964602
H,C12,WMF,2016-12-01,27.2578700954608
H,C12,WMF,2017-01-01,24.549718780099607
H,C12,WMF,2017-02-01,23.7731679288434
H,C12,WMF,2017-03-01,15.3173660715083
H,C12,WMF,2017-04-01,22.4167806294105
H,C12,WMF,2017-05-01,20.7595138210883
H,C12,WMF,2017-06-01,21.109682479034497
H,C12,WMF,2017-07-01,21.146399989165694
H,C12,WMF,2017-08-01,18.471703449444
H,C12,WMF,2017-09-01,22.942886190795402
H,C12,WMF,2017-10-01,24.425185086855194
H,C12,WMF,2017-11-01,21.661957966977194
H,C12,WMF,2017-12-01,49.665320644289
H,C12,WMF,2018-01-01,24.256615789092
H,C12,WMF,2018-02-01,26.0727403681569
H,C12,WMF,2018-03-01,29.249085722096094
H,C12,WMF,2018-04-01,27.0098205563372
H,C12,WMF,2018-05-01,62.74574315677269
H,C12,WMF,2018-06-01,29.744307224251603
H,C12,WMF,2018-07-01,29.837797668293
H,C12,WMF,2018-08-01,30.833507494846998
H,C12,WMF,2018-09-01,29.5987304230887
H,C12,WMF,2018-10-01,16.370796927600402
H,C12,WMF,2018-11-01,42.190310354956395
H,C12,WMF,2018-12-01,26.879798887876493
H,C12,WMF,2019-01-01,32.732078062416406
H,C12,WMF,2019-02-01,31.351228893765995
H,C12,WMF,2019-03-01,30.619046919928497
H,C12,WMF,2019-04-01,32.2116986140915
H,C12,WMF,2019-05-01,28.228742700642297
H,C12,WMF,2019-06-01,27.8049795062008
H,C12,WMF,2019-07-01,29.076964772434607
H,C12,WMF,2019-08-01,19.112254056285902
H,C12,WMF,2019-09-01,25.601828644671897
H,C12,WMF,2019-10-01,25.8248257932705
H,C12,WMF,2019-11-01,22.402629086257
H,C12,WMF,2019-12-01,23.341401757544503
H,C12,WMF,2020-01-01,17.841369956348295
H,C12,WMF,2020-02-01,16.431975119652
H,C12,WMF,2020-03-01,13.930266469900992
H,C12,WMF,2020-04-01,10.711941325009
H,C12,WMF,2020-05-01,13.621351763128704
H,C12,WMF,2020-06-01,11.387775517748697
H,C12,WMF,2020-07-01,12.967657270642903
H,C12,WMF,2020-08-01,14.867840961152403
H,C12,WMF,2020-09-01,19.3818421279267
H,C12,WMF,2020-10-01,12.2834091681298
H,C12,WMF,2020-11-01,6.353402101631701
H,C12,WMF,2020-12-01,12.482565951440193
H,C12,WMF,2021-01-01,10.7184547494766
H,C12,WMF,2021-02-01,12.241763465247207
H,C12,WMF,2021-03-01,14.928958430044297
H,C12,WMF,2021-04-01,10.876083834251599
H,C12,WMF,2021-05-01,10.990329494863104
H,C12,WMF,2021-06-01,12.259487546866698
H,C12,WMF,2021-07-01,12.5865102214599
H,C12,WMF,2021-08-01,17.628335341051397
H,C12,WMF,2021-09-01,12.806935486525902
H,C12,WMF,2021-10-01,13.4619735157371
H,C12,WMF,2021-11-01,15.548352154791797
H,C12,WMF,2021-12-01,13.822751680681002
H,C12,WMF,2022-01-01,15.523181779066999
H,C12,WMF,2022-02-01,5.432277408620699
H,C12,WMF,2022-03-01,13.105551502312203
H,C12,WMF,2022-04-01,15.4791237317753
H,C12,WMF,2022-05-01,20.774821485821995
H,C12,WMF,2022-06-01,14.620175102204204
H,C12,WMF,2022-07-01,11.275591455560502
H,C12,WMF,2022-08-01,10.833823582726001
H,C12,WMF,2022-09-01,22.393197261189904
H,C12,WMF,2022-10-01,13.905913489433601
H,C12,WMF,2022-11-01,7.779101392805799
H,C12,WMF,2022-12-01,11.161776418937404
H,C12,WMF,2023-01-01,13.553769497322598
H,C12,WMF,2023-02-01,12.860051279822102
H,C12,WMF,2023-03-01,17.011636002968498
H,C12,WMF,2023-04-01,13.440975665823093
H,C12,WMF,2023-05-01,13.970818828520205
H,C12,WMF,2023-06-01,11.201343454333301
H,C12,WMF,2023-07-01,9.392953117865101
H,C12,WMF,2023-08-01,7.053139931128097
H,C12,WMF,2023-09-01,8.841559001590703
H,C12,WMF,2023-10-01,8.0445045812416
H,C12,WMF,2023-11-01,3.987771874837602
H,C12,WMF,2023-12-01,6.2851536979346
H,C12,WMF,2024-01-01,4.087252917621498
H,C12,WMF,2024-02-01,0.6700166758070978
H,C12,WMF,2024-03-01,-5.395336508089805
H,C12,WMF,2024-04-01,-1.7402904968181971
H,C12,WMF,2024-05-01,0.2643544176192023
H,C12,WMF,2024-06-01,-1.0039175331117995
H,C12,WMF,2024-07-01,4.951163177963899
H,C12,WMF,2024-08-01,-4.141754647393501
H,C12,WMF,2024-09-01,-6.1585959687801015
H,C12,WMF,2024-10-01,-10.257219055451202
H,C12,WMF,2024-11-01,-12.818467864485498
H,C12,WMF,2024-12-01,-13.3237447635648
H,C12,WMF,2025-01-01,-10.199933006265596
H,C12,WMF,2025-02-01,-1.8078805426435025
H,C12,WMF,2025-03-01,-3.9915764524508006
H,C12,WMF,2025-04-01,2.7975240839255022
H,C12,WMF,2025-05-01,-4.780875882910902
H,C12,WMF,2025-06-01,-4.6300354159036985
H,C12,WMF,2025-07-01,-0.8295313057657019
H,C12,WMF,2025-08-01,2.9780260027519994
H,C12,WMF,2025-09-01,-8.857465197866901
H,C12,WMF,2025-10-01,-0.8483628828696972
H,C12,WMF,2025-11-01,-0.8857823506464015
H,C12,WMF,2025-12-01,0.783699753307296
H,C12,WMF,2026-01-01,-2.9647655042910017
H,C12,WMF,2026-02-01,-4.5047552660651
H,C12,WMF,2026-03-01,-6.915126634635598
H,C12,WMF,2026-04-01,1.4908056068487028
H,C12,WMF,2026-05-01,-1.1368931913557994
H,C12,WMF,2026-06-01,-5.2803015510103
H,C12,WMF,2026-07-01,-4.843876309186896
H,C13,WMF,2012-01-01,-54.733234436941984
H,C13,WMF,2012-02-01,-54.33767929416
H,C13,WMF,2012-03-01,-50.80049502923903
H,C13,WMF,2012-04-01,-58.31914525002399
H,C13,WMF,2012-05-01,-56.837800326877016
H,C13,WMF,2012-06-01,-55.78098762340099
H,C13,WMF,2012-07-01,-56.17931279132803
H,C13,WMF,2012-08-01,-61.47938777021581
H,C13,WMF,2012-09-01,-58.72041494978693
H,C13,WMF,2012-10-01,-58.19835244819792
H,C13,WMF,2012-11-01,-58.050948490822094
H,C13,WMF,2012-12-01,-57.26092478095562
H,C13,WMF,2013-01-01,-62.5843786536676
H,C13,WMF,2013-02-01,-60.406464865477005
H,C13,WMF,2013-03-01,-65.7043602390368
H,C13,WMF,2013-04-01,-66.0587191895518
H,C13,WMF,2013-05-01,-66.3073149791146
H,C13,WMF,2013-06-01,-60.12706571928696
H,C13,WMF,2013-07-01,-63.995693179883986
H,C13,WMF,2013-08-01,-63.456256274871905
H,C13,WMF,2013-09-01,-66.79019959059829
H,C13,WMF,2013-10-01,-64.5967587173607
H,C13,WMF,2013-11-01,-61.765070980858
H,C13,WMF,2013-12-01,-64.687739106629
H,C13,WMF,2014-01-01,-69.88900847768701
H,C13,WMF,2014-02-01,-72.20206960920079
H,C13,WMF,2014-03-01,-69.867711496335
H,C13,WMF,2014-04-01,-72.75460847314159
H,C13,WMF,2014-05-01,-69.79552396761599
H,C13,WMF,2014-06-01,-75.8901512855371
H,C13,WMF,2014-07-01,-71.88485291430999
H,C13,WMF,2014-08-01,-60.234479914535996
H,C13,WMF,2014-09-01,-63.71628751862299
H,C13,WMF,2014-10-01,-62.74912981398998
H,C13,WMF,2014-11-01,-55.573879321207
H,C13,WMF,2014-12-01,-55.330088826988
H,C13,WMF,2015-01-01,-64.3633420410847
H,C13,WMF,2015-02-01,-57.38122414325041
H,C13,WMF,2015-03-01,-56.48468759276811
H,C13,WMF,2015-04-01,-46.62436164526768
H,C13,WMF,2015-05-01,-52.47610367917659
H,C13,WMF,2015-06-01,-53.4705799287365
H,C13,WMF,2015-07-01,-59.90249207490561
H,C13,WMF,2015-08-01,-56.5845507511045
H,C13,WMF,2015-09-01,-59.56972149416359
H,C13,WMF,2015-10-01,-60.61353825192349
H,C13,WMF,2015-11-01,-65.41338693053449
H,C13,WMF,2015-12-01,-59.66811387677109
H,C13,WMF,2016-01-01,-64.2649350525323
H,C13,WMF,2016-02-01,-62.04880912687912
H,C13,WMF,2016-03-01,-62.22625988768972
H,C13,WMF,2016-04-01,-59.828698063751176
H,C13,WMF,2016-05-01,-64.12218779485538
H,C13,WMF,2016-06-01,-62.773941899276
H,C13,WMF,2016-07-01,-67.32873897666661
H,C13,WMF,2016-08-01,-66.30541928848469
H,C13,WMF,2016-09-01,-58.83513451875832
H,C13,WMF,2016-10-01,-61.70748469502969
H,C13,WMF,2016-11-01,-58.01438164874669
H,C13,WMF,2016-12-01,-67.42309404011628
H,C13,WMF,2017-01-01,-57.02416288470279
H,C13,WMF,2017-02-01,-57.91172137914529
H,C13,WMF,2017-03-01,-59.976801247747304
H,C13,WMF,2017-04-01,-64.01113796418431
H,C13,WMF,2017-05-01,-61.05479745174891
H,C13,WMF,2017-06-01,-61.81046631247261
H,C13,WMF,2017-07-01,-70.67857638015799
H,C13,WMF,2017-08-01,-69.39532973691409
H,C13,WMF,2017-09-01,-73.40764137636059
H,C13,WMF,2017-10-01,-71.98798457461433
H,C13,WMF,2017-11-01,-74.92379406320761
H,C13,WMF,2017-12-01,-67.36717370058699
H,C13,WMF,2018-01-01,-67.79107564478369
H,C13,WMF,2018-02-01,-77.2172066378783
H,C13,WMF,2018-03-01,-67.24265248714738
H,C13,WMF,2018-04-01,-71.07535606682589
H,C13,WMF,2018-05-01,-72.22038717927339
H,C13,WMF,2018-06-01,-71.63353845546521
H,C13,WMF,2018-07-01,-71.55763017462368
H,C13,WMF,2018-08-01,-73.5144609510813
H,C13,WMF,2018-09-01,-73.13351048201301
H,C13,WMF,2018-10-01,-72.24820017487791
H,C13,WMF,2018-11-01,-73.0935891475078
H,C13,WMF,2018-12-01,-75.35252093986023
H,C13,WMF,2019-01-01,-76.22802397876468
H,C13,WMF,2019-02-01,-72.98864317715761
H,C13,WMF,2019-03-01,-76.802355467486
H,C13,WMF,2019-04-01,-69.3399563101991
H,C13,WMF,2019-05-01,-71.80703337460028
H,C13,WMF,2019-06-01,-76.9003959970806
H,C13,WMF,2019-07-01,-77.59826224433893
H,C13,WMF,2019-08-01,-73.5188839812243
H,C13,WMF,2019-09-01,-67.6673425158808
H,C13,WMF,2019-10-01,-74.17480645958473
H,C13,WMF,2019-11-01,-73.691901121156
H,C13,WMF,2019-12-01,-65.734341256225
H,C13,WMF,2020-01-01,-72.96013460572631
H,C13,WMF,2020-02-01,-70.55395639924951
H,C13,WMF,2020-03-01,-72.965042489076
H,C13,WMF,2020-04-01,-216.21452875557796
H,C13,WMF,2020-05-01,-328.1217835415434
H,C13,WMF,2020-06-01,-184.1054596178656
H,C13,WMF,2020-07-01,-161.44858713306593
H,C13,WMF,2020-08-01,-110.93629582361329
H,C13,WMF,2020-09-01,-111.9148826807503
H,C13,WMF,2020-10-01,-109.23427665663269
H,C13,WMF,2020-11-01,-134.2750772216059
H,C13,WMF,2020-12-01,-97.78578834868782
H,C13,WMF,2021-01-01,-108.57192447777621
H,C13,WMF,2021-02-01,-120.28200134533091
H,C13,WMF,2021-03-01,-102.48324481387968
H,C13,WMF,2021-04-01,-95.96271400134168
H,C13,WMF,2021-05-01,-98.06656815538052
H,C13,WMF,2021-06-01,-88.7101535283707
H,C13,WMF,2021-07-01,-87.50006792744098
H,C13,WMF,2021-08-01,-91.01501028136309
H,C13,WMF,2021-09-01,-98.7140473671624
H,C13,WMF,2021-10-01,-95.2146336070533
H,C13,WMF,2021-11-01,-92.29167062419292
H,C13,WMF,2021-12-01,-90.98470194171458
H,C13,WMF,2022-01-01,-88.89263638555528
H,C13,WMF,2022-02-01,-102.58981958919891
H,C13,WMF,2022-03-01,-92.817456091135
H,C13,WMF,2022-04-01,-92.43741434882291
H,C13,WMF,2022-05-01,-98.02262494492521
H,C13,WMF,2022-06-01,-97.8607179070298
H,C13,WMF,2022-07-01,-97.2461512407714
H,C13,WMF,2022-08-01,-97.71329152459579
H,C13,WMF,2022-09-01,-95.0308827381204
H,C13,WMF,2022-10-01,-97.09337378174139
H,C13,WMF,2022-11-01,-93.6418936351793
H,C13,WMF,2022-12-01,-90.764618953661
H,C13,WMF,2023-01-01,-90.0976656946629
H,C13,WMF,2023-02-01,-88.7871694967251
H,C13,WMF,2023-03-01,-91.18310141712419
H,C13,WMF,2023-04-01,-85.16719402405903
H,C13,WMF,2023-05-01,-85.2964129956057
H,C13,WMF,2023-06-01,-85.62443182194062
H,C13,WMF,2023-07-01,-82.2127009483275
H,C13,WMF,2023-08-01,-83.04122685541978
H,C13,WMF,2023-09-01,-80.127133746605
H,C13,WMF,2023-10-01,-79.57439879910399
H,C13,WMF,2023-11-01,-78.00432357582189
H,C13,WMF,2023-12-01,-80.08599805286069
H,C13,WMF,2024-01-01,-70.377679929548
H,C13,WMF,2024-02-01,-84.36398295345718
H,C13,WMF,2024-03-01,-78.89844837890018
H,C13,WMF,2024-04-01,-90.26837104839939
H,C13,WMF,2024-05-01,-81.35496644533391
H,C13,WMF,2024-06-01,-80.32859629104311
H,C13,WMF,2024-07-01,-83.1774315116245
H,C13,WMF,2024-08-01,-78.60809772440669
H,C13,WMF,2024-09-01,-80.02662978248621
H,C13,WMF,2024-10-01,-89.8489915136675
H,C13,WMF,2024-11-01,-83.6522677166455
H,C13,WMF,2024-12-01,-90.36201414157452
H,C13,WMF,2025-01-01,-88.84467531972209
H,C13,WMF,2025-02-01,-80.41418499959762
H,C13,WMF,2025-03-01,-87.6925781436038
H,C13,WMF,2025-04-01,-79.59967395787942
H,C13,WMF,2025-05-01,-89.0315364605325
H,C13,WMF,2025-06-01,-89.82936706464069
H,C13,WMF,2025-07-01,-92.44384958686402
H,C13,WMF,2025-08-01,-87.0984658176058
H,C13,WMF,2025-09-01,-94.67378419111171
H,C13,WMF,2025-10-01,-88.93541319843402
H,C13,WMF,2025-11-01,-94.41348178459141
H,C13,WMF,2025-12-01,-93.77592867460481
H,C13,WMF,2026-01-01,-83.62140000236802
H,C13,WMF,2026-02-01,-87.51084325423372
H,C13,WMF,2026-03-01,-87.4225116326057
H,C13,WMF,2026-04-01,-89.87486732437169
H,C13,WMF,2026-05-01,-91.0538322740077
H,C13,WMF,2026-06-01,-91.54520355747678
H,C13,WMF,2026-07-01,-91.9764640483906
H,C14,WMF,2012-01-01,-318.3311280237331
H,C14,WMF,2012-02-01,-317.650537504624
H,C14,WMF,2012-03-01,-318.13187254395996
H,C14,WMF,2012-04-01,-331.81366763637703
H,C14,WMF,2012-05-01,-322.220832777723
H,C14,WMF,2012-06-01,-326.37362881065496
H,C14,WMF,2012-07-01,-324.105135295392
H,C14,WMF,2012-08-01,-317.342062653089
H,C14,WMF,2012-09-01,-325.24055643771794
H,C14,WMF,2012-10-01,-325.822973528866
H,C14,WMF,2012-11-01,-326.883672534834
H,C14,WMF,2012-12-01,-315.179739758656
H,C14,WMF,2013-01-01,-342.48505642693
H,C14,WMF,2013-02-01,-335.66259992761206
H,C14,WMF,2013-03-01,-329.430052124327
H,C14,WMF,2013-04-01,-320.017733320335
H,C14,WMF,2013-05-01,-328.69810770163
H,C14,WMF,2013-06-01,-328.373755033981
H,C14,WMF,2013-07-01,-329.322116439875
H,C14,WMF,2013-08-01,-348.51304331110396
H,C14,WMF,2013-09-01,-342.243560158985
H,C14,WMF,2013-10-01,-338.03788025746496
H,C14,WMF,2013-11-01,-334.89423115205403
H,C14,WMF,2013-12-01,-334.23737030396
H,C14,WMF,2014-01-01,-332.674360921965
H,C14,WMF,2014-02-01,-358.250200448445
H,C14,WMF,2014-03-01,-354.572210510644
H,C14,WMF,2014-04-01,-346.341232805616
H,C14,WMF,2014-05-01,-338.66217991976
H,C14,WMF,2014-06-01,-344.065231628922
H,C14,WMF,2014-07-01,-354.570427872746
H,C14,WMF,2014-08-01,-366.54616177069397
H,C14,WMF,2014-09-01,-346.221338745425
H,C14,WMF,2014-10-01,-341.33555442712895
H,C14,WMF,2014-11-01,-342.61352482779904
H,C14,WMF,2014-12-01,-346.167560739336
H,C14,WMF,2015-01-01,-350.50736343155404
H,C14,WMF,2015-02-01,-329.833959231454
H,C14,WMF,2015-03-01,-317.32249150386804
H,C14,WMF,2015-04-01,-316.87515325138395
H,C14,WMF,2015-05-01,-316.08376413071295
H,C14,WMF,2015-06-01,-319.274587442529
H,C14,WMF,2015-07-01,-322.061762976705
H,C14,WMF,2015-08-01,-324.27006363382793
H,C14,WMF,2015-09-01,-316.818209689594
H,C14,WMF,2015-10-01,-330.584445230013
H,C14,WMF,2015-11-01,-317.87902244322396
H,C14,WMF,2015-12-01,-317.440821080632
H,C14,WMF,2016-01-01,-323.76215882018096
H,C14,WMF,2016-02-01,-348.366604098738
H,C14,WMF,2016-03-01,-329.745996702232
H,C14,WMF,2016-04-01,-326.481462104298
H,C14,WMF,2016-05-01,-332.794432088849
H,C14,WMF,2016-06-01,-335.80274284255796
H,C14,WMF,2016-07-01,-348.098475888792
H,C14,WMF,2016-08-01,-371.18112123075105
H,C14,WMF,2016-09-01,-335.649689157853
H,C14,WMF,2016-10-01,-376.29854420573406
H,C14,WMF,2016-11-01,-336.375150976384
H,C14,WMF,2016-12-01,-367.410064813094
H,C14,WMF,2017-01-01,-346.84476420862404
H,C14,WMF,2017-02-01,-356.156650966651
H,C14,WMF,2017-03-01,-360.001398576911
H,C14,WMF,2017-04-01,-353.7120748756371
H,C14,WMF,2017-05-01,-360.24793833428294
H,C14,WMF,2017-06-01,-358.868189278724
H,C14,WMF,2017-07-01,-363.84584093197
H,C14,WMF,2017-08-01,-368.4662675402739
H,C14,WMF,2017-09-01,-385.880918620881
H,C14,WMF,2017-10-01,-369.37139445094004
H,C14,WMF,2017-11-01,-389.34596622338495
H,C14,WMF,2017-12-01,-390.70051979562993
H,C14,WMF,2018-01-01,-398.47453569144
H,C14,WMF,2018-02-01,-403.70423001563495
H,C14,WMF,2018-03-01,-371.956215486634
H,C14,WMF,2018-04-01,-396.34763403006593
H,C14,WMF,2018-05-01,-391.17109453936905
H,C14,WMF,2018-06-01,-389.74477022293695
H,C14,WMF,2018-07-01,-391.63386940746796
H,C14,WMF,2018-08-01,-385.97863553366506
H,C14,WMF,2018-09-01,-382.0485303291081
H,C14,WMF,2018-10-01,-397.176292373165
H,C14,WMF,2018-11-01,-388.45958745459006
H,C14,WMF,2018-12-01,-388.81440236970104
H,C14,WMF,2019-01-01,-400.196091320258
H,C14,WMF,2019-02-01,-405.179048023348
H,C14,WMF,2019-03-01,-398.894191494134
H,C14,WMF,2019-04-01,-378.93857204798394
H,C14,WMF,2019-05-01,-388.51711637636413
H,C14,WMF,2019-06-01,-412.11227926272
H,C14,WMF,2019-07-01,-416.6766908014421
H,C14,WMF,2019-08-01,-410.53523319388796
H,C14,WMF,2019-09-01,-393.463986320588
H,C14,WMF,2019-10-01,-384.4158841647359
H,C14,WMF,2019-11-01,-407.807848397849
H,C14,WMF,2019-12-01,-418.621096083947
H,C14,WMF,2020-01-01,-392.552317215802
H,C14,WMF,2020-02-01,-389.731982374397
H,C14,WMF,2020-03-01,-282.644326496757
H,C14,WMF,2020-04-01,-299.292237959997
H,C14,WMF,2020-05-01,-444.68198473172197
H,C14,WMF,2020-06-01,-401.75581924113794
H,C14,WMF,2020-07-01,-393.806807316981
H,C14,WMF,2020-08-01,-391.36855362536403
H,C14,WMF,2020-09-01,-404.706204748952
H,C14,WMF,2020-10-01,-429.01599464351
H,C14,WMF,2020-11-01,-335.57389986499504
H,C14,WMF,2020-12-01,-401.01192832319697
H,C14,WMF,2021-01-01,-374.34771591600804
H,C14,WMF,2021-02-01,-390.24478091038395
H,C14,WMF,2021-03-01,-451.371226631073
H,C14,WMF,2021-04-01,-432.999856950948
H,C14,WMF,2021-05-01,-400.65838222886
H,C14,WMF,2021-06-01,-408.165595419198
H,C14,WMF,2021-07-01,-388.3343961953161
H,C14,WMF,2021-08-01,-392.6549627459319
H,C14,WMF,2021-09-01,-403.76553058819695
H,C14,WMF,2021-10-01,-427.77361920491404
H,C14,WMF,2021-11-01,-434.689274032743
H,C14,WMF,2021-12-01,-402.31642594525107
H,C14,WMF,2022-01-01,-409.94472447798296
H,C14,WMF,2022-02-01,-421.19726249235305
H,C14,WMF,2022-03-01,-422.49413321842803
H,C14,WMF,2022-04-01,-437.64118116768805
H,C14,WMF,2022-05-01,-447.126954664155
H,C14,WMF,2022-06-01,-431.223166566596
H,C14,WMF,2022-07-01,-426.58382885617306
H,C14,WMF,2022-08-01,-440.9871142195369
H,C14,WMF,2022-09-01,-449.354056647486
H,C14,WMF,2022-10-01,-435.34831630640906
H,C14,WMF,2022-11-01,-446.222954077044
H,C14,WMF,2022-12-01,-461.01459840640007
H,C14,WMF,2023-01-01,-429.7903477904679
H,C14,WMF,2023-02-01,-430.776065732472
H,C14,WMF,2023-03-01,-426.252269272382
H,C14,WMF,2023-04-01,-405.9184598757711
H,C14,WMF,2023-05-01,-411.16709413859905
H,C14,WMF,2023-06-01,-438.637268351869
H,C14,WMF,2023-07-01,-439.7273531306739
H,C14,WMF,2023-08-01,-420.87503853813297
H,C14,WMF,2023-09-01,-367.93851261098297
H,C14,WMF,2023-10-01,-369.74427575245704
H,C14,WMF,2023-11-01,-400.80401784548405
H,C14,WMF,2023-12-01,-389.74575494100895
H,C14,WMF,2024-01-01,-408.95459676844604
H,C14,WMF,2024-02-01,-408.67130094583206
H,C14,WMF,2024-03-01,-400.216118804269
H,C14,WMF,2024-04-01,-408.066825237246
H,C14,WMF,2024-05-01,-394.715961928711
H,C14,WMF,2024-06-01,-378.7949051991789
H,C14,WMF,2024-07-01,-404.684278761335
H,C14,WMF,2024-08-01,-392.47326846648406
H,C14,WMF,2024-09-01,-406.7449101594909
H,C14,WMF,2024-10-01,-416.265216265395
H,C14,WMF,2024-11-01,-401.561242147165
H,C14,WMF,2024-12-01,-390.04761014171504
H,C14,WMF,2025-01-01,-401.210373618305
H,C14,WMF,2025-02-01,-409.957306161434
H,C14,WMF,2025-03-01,-436.4489132133159
H,C14,WMF,2025-04-01,-401.3596296098659
H,C14,WMF,2025-05-01,-381.643983164126
H,C14,WMF,2025-06-01,-436.76951965641507
H,C14,WMF,2025-07-01,-412.39328440355894
H,C14,WMF,2025-08-01,-426.4553835247391
H,C14,WMF,2025-09-01,-406.15702562762795
H,C14,WMF,2025-10-01,-407.771743100729
H,C14,WMF,2025-11-01,-430.09951161060195
H,C14,WMF,2025-12-01,-439.569863645737
H,C14,WMF,2026-01-01,-412.42311110816695
H,C14,WMF,2026-02-01,-424.17982114122196
H,C14,WMF,2026-03-01,-433.89235726446304
H,C14,WMF,2026-04-01,-427.11779192092695
H,C14,WMF,2026-05-01,-442.97507967838305
H,C14,WMF,2026-06-01,-431.64724672215493
H,C14,WMF,2026-07-01,-432.5876055580179
H,C15,WMF,2012-01-01,-123.5522209911678
H,C15,WMF,2012-02-01,-123.76584519259339
H,C15,WMF,2012-03-01,-126.48442418733582
H,C15,WMF,2012-04-01,-139.21996655304142
H,C15,WMF,2012-05-01,-137.14365258993732
H,C15,WMF,2012-06-01,-129.1364421932015
H,C15,WMF,2012-07-01,-128.9146536714132
H,C15,WMF,2012-08-01,-126.10955518046562
H,C15,WMF,2012-09-01,-119.31691206685213
H,C15,WMF,2012-10-01,-128.8820792864265
H,C15,WMF,2012-11-01,-127.46446415084908
H,C15,WMF,2012-12-01,-141.35063630142528
H,C15,WMF,2013-01-01,-127.89099075587522
H,C15,WMF,2013-02-01,-135.093809180974
H,C15,WMF,2013-03-01,-130.9814075429349
H,C15,WMF,2013-04-01,-129.98654308408442
H,C15,WMF,2013-05-01,-126.86020329200049
H,C15,WMF,2013-06-01,-135.72546281920307
H,C15,WMF,2013-07-01,-130.9075613772324
H,C15,WMF,2013-08-01,-137.55468168732233
H,C15,WMF,2013-09-01,-138.6622850609437
H,C15,WMF,2013-10-01,-126.8615967281938
H,C15,WMF,2013-11-01,-132.3126598945705
H,C15,WMF,2013-12-01,-140.06685827390362
H,C15,WMF,2014-01-01,-141.9020765037015
H,C15,WMF,2014-02-01,-138.74447725247649
H,C15,WMF,2014-03-01,-140.7015944489911
H,C15,WMF,2014-04-01,-143.6458162995417
H,C15,WMF,2014-05-01,-140.61976277112672
H,C15,WMF,2014-06-01,-147.63407568240302
H,C15,WMF,2014-07-01,-153.0481742909651
H,C15,WMF,2014-08-01,-159.4347180538033
H,C15,WMF,2014-09-01,-143.9122551916372
H,C15,WMF,2014-10-01,-147.0814436937097
H,C15,WMF,2014-11-01,-149.2021147502359
H,C15,WMF,2014-12-01,-147.25235245983038
H,C15,WMF,2015-01-01,-149.5821144359944
H,C15,WMF,2015-02-01,-150.78749307386846
H,C15,WMF,2015-03-01,-145.70164097382553
H,C15,WMF,2015-04-01,-126.7042876575003
H,C15,WMF,2015-05-01,-132.78202592006778
H,C15,WMF,2015-06-01,-134.96900473620138
H,C15,WMF,2015-07-01,-132.28203233905538
H,C15,WMF,2015-08-01,-137.5174420955442
H,C15,WMF,2015-09-01,-137.2161397471018
H,C15,WMF,2015-10-01,-131.15791947793662
H,C15,WMF,2015-11-01,-124.25084617247228
H,C15,WMF,2015-12-01,-141.10977077007362
H,C15,WMF,2016-01-01,-131.1859432000617
H,C15,WMF,2016-02-01,-142.0865977632645
H,C15,WMF,2016-03-01,-146.1320407753005
H,C15,WMF,2016-04-01,-149.1649188869851
H,C15,WMF,2016-05-01,-139.10909076687
H,C15,WMF,2016-06-01,-143.7776114561483
H,C15,WMF,2016-07-01,-160.326222200941
H,C15,WMF,2016-08-01,-161.11756228171112
H,C15,WMF,2016-09-01,-155.9046372537303
H,C15,WMF,2016-10-01,-160.796168480144
H,C15,WMF,2016-11-01,-149.806952103686
H,C15,WMF,2016-12-01,-142.34152478900597
H,C15,WMF,2017-01-01,-145.37116992779573
H,C15,WMF,2017-02-01,-140.769687494969
H,C15,WMF,2017-03-01,-151.37400863778296
H,C15,WMF,2017-04-01,-148.76364415856202
H,C15,WMF,2017-05-01,-147.812563401026
H,C15,WMF,2017-06-01,-152.69274512782602
H,C15,WMF,2017-07-01,-153.37766212591796
H,C15,WMF,2017-08-01,-147.34846280472902
H,C15,WMF,2017-09-01,-160.09605093180897
H,C15,WMF,2017-10-01,-155.585412139013
H,C15,WMF,2017-11-01,-152.788910941257
H,C15,WMF,2017-12-01,-175.921000669643
H,C15,WMF,2018-01-01,-170.03406265325702
H,C15,WMF,2018-02-01,-189.146328885311
H,C15,WMF,2018-03-01,-160.96309602324303
H,C15,WMF,2018-04-01,-158.153949907565
H,C15,WMF,2018-05-01,-174.29601123856898
H,C15,WMF,2018-06-01,-163.488285738679
H,C15,WMF,2018-07-01,-153.34725529241496
H,C15,WMF,2018-08-01,-154.75206451621003
H,C15,WMF,2018-09-01,-156.75592941558202
H,C15,WMF,2018-10-01,-160.57642455160502
H,C15,WMF,2018-11-01,-170.606036543325
H,C15,WMF,2018-12-01,-177.01139904625302
H,C15,WMF,2019-01-01,-171.16224705666
H,C15,WMF,2019-02-01,-169.823455029872
H,C15,WMF,2019-03-01,-170.26373332226805
H,C15,WMF,2019-04-01,-171.10969811236703
H,C15,WMF,2019-05-01,-164.11554929907203
H,C15,WMF,2019-06-01,-155.30017930062604
H,C15,WMF,2019-07-01,-155.770427278204
H,C15,WMF,2019-08-01,-158.19627299014903
H,C15,WMF,2019-09-01,-159.79210668966897
H,C15,WMF,2019-10-01,-152.13069248423696
H,C15,WMF,2019-11-01,-163.24178635754595
H,C15,WMF,2019-12-01,-156.06888228310999
H,C15,WMF,2020-01-01,-160.24126575932002
H,C15,WMF,2020-02-01,-183.81431274394595
H,C15,WMF,2020-03-01,-140.12799343904018
H,C15,WMF,2020-04-01,-113.0586263383817
H,C15,WMF,2020-05-01,-158.95118025979463
H,C15,WMF,2020-06-01,-148.982873746466
H,C15,WMF,2020-07-01,-169.98066042037306
H,C15,WMF,2020-08-01,-142.57436168718002
H,C15,WMF,2020-09-01,-137.98667686769403
H,C15,WMF,2020-10-01,-161.18069596201198
H,C15,WMF,2020-11-01,-145.045205856015
H,C15,WMF,2020-12-01,-150.43513320985403
H,C15,WMF,2021-01-01,-138.190209866175
H,C15,WMF,2021-02-01,-149.446517774841
H,C15,WMF,2021-03-01,-176.656007434264
H,C15,WMF,2021-04-01,-163.10845599293805
H,C15,WMF,2021-05-01,-139.88710949091796
H,C15,WMF,2021-06-01,-150.42253902269098
H,C15,WMF,2021-07-01,-150.801127961078
H,C15,WMF,2021-08-01,-159.31282277254599
H,C15,WMF,2021-09-01,-155.814307506555
H,C15,WMF,2021-10-01,-155.703977431101
H,C15,WMF,2021-11-01,-173.467558726044
H,C15,WMF,2021-12-01,-154.49953416352605
H,C15,WMF,2022-01-01,-147.401144100571
H,C15,WMF,2022-02-01,-159.266193867878
H,C15,WMF,2022-03-01,-167.16835436037198
H,C15,WMF,2022-04-01,-185.637029310659
H,C15,WMF,2022-05-01,-182.97290225090995
H,C15,WMF,2022-06-01,-196.44867858951199
H,C15,WMF,2022-07-01,-164.228255842319
H,C15,WMF,2022-08-01,-193.88258296474
H,C15,WMF,2022-09-01,-187.43506933195596
H,C15,WMF,2022-10-01,-189.846986577466
H,C15,WMF,2022-11-01,-188.54669923696602
H,C15,WMF,2022-12-01,-197.21924705287302
H,C15,WMF,2023-01-01,-186.97446108556701
H,C15,WMF,2023-02-01,-188.290185822559
H,C15,WMF,2023-03-01,-172.45910834003598
H,C15,WMF,2023-04-01,-159.995767693419
H,C15,WMF,2023-05-01,-178.21104917549098
H,C15,WMF,2023-06-01,-166.72779850018603
H,C15,WMF,2023-07-01,-169.19772524793302
H,C15,WMF,2023-08-01,-170.145313082794
H,C15,WMF,2023-09-01,-163.208652165224
H,C15,WMF,2023-10-01,-162.736217719504
H,C15,WMF,2023-11-01,-171.968375766993
H,C15,WMF,2023-12-01,-161.281654470132
H,C15,WMF,2024-01-01,-172.449535945761
H,C15,WMF,2024-02-01,-166.909337333692
H,C15,WMF,2024-03-01,-172.48175818519002
H,C15,WMF,2024-04-01,-177.02148446203998
H,C15,WMF,2024-05-01,-165.76352010165698
H,C15,WMF,2024-06-01,-147.406689340519
H,C15,WMF,2024-07-01,-157.242854582338
H,C15,WMF,2024-08-01,-149.23179424105098
H,C15,WMF,2024-09-01,-164.31580413613702
H,C15,WMF,2024-10-01,-171.22814782538796
H,C15,WMF,2024-11-01,-161.11607154817
H,C15,WMF,2024-12-01,-159.97273110312898
H,C15,WMF,2025-01-01,-157.41148657586
H,C15,WMF,2025-02-01,-161.52584687595999
H,C15,WMF,2025-03-01,-164.64578490396798
H,C15,WMF,2025-04-01,-155.701670236668
H,C15,WMF,2025-05-01,-159.97276488460597
H,C15,WMF,2025-06-01,-173.9382460647459
H,C15,WMF,2025-07-01,-165.219586784233
H,C15,WMF,2025-08-01,-169.696785277904
H,C15,WMF,2025-09-01,-157.133932244488
H,C15,WMF,2025-10-01,-152.48988882741003
H,C15,WMF,2025-11-01,-163.05668537669803
H,C15,WMF,2025-12-01,-162.63447022449918
H,C15,WMF,2026-01-01,-159.62126604175998
H,C15,WMF,2026-02-01,-162.21334649462
H,C15,WMF,2026-03-01,-163.875198913164
H,C15,WMF,2026-04-01,-162.819202431037
H,C15,WMF,2026-05-01,-162.85846879344496
H,C15,WMF,2026-06-01,-165.612273145504
H,C15,WMF,2026-07-01,-165.06422931163596
H,C17,WMF,2012-01-01,-77.031204621802
H,C17,WMF,2012-02-01,-82.63809947602701
H,C17,WMF,2012-03-01,-84.40781538718599
H,C17,WMF,2012-04-01,-87.98195608465599
H,C17,WMF,2012-05-01,-83.39629232484103
H,C17,WMF,2012-06-01,-82.59937203014903
H,C17,WMF,2012-07-01,-85.147827396123
H,C17,WMF,2012-08-01,-80.283006106812
H,C17,WMF,2012-09-01,-81.33672256837602
H,C17,WMF,2012-10-01,-80.09109790581499
H,C17,WMF,2012-11-01,-83.80109083375199
H,C17,WMF,2012-12-01,-77.16885224606301
H,C17,WMF,2013-01-01,-86.248867586637
H,C17,WMF,2013-02-01,-88.069648435132
H,C17,WMF,2013-03-01,-83.19473661042099
H,C17,WMF,2013-04-01,-92.263339673148
H,C17,WMF,2013-05-01,-92.082521183287
H,C17,WMF,2013-06-01,-94.46205637622899
H,C17,WMF,2013-07-01,-75.538799045128
H,C17,WMF,2013-08-01,-83.401423846174
H,C17,WMF,2013-09-01,-81.31751483213901
H,C17,WMF,2013-10-01,-77.86058591814802
H,C17,WMF,2013-11-01,-88.69247856494898
H,C17,WMF,2013-12-01,-98.57960686882102
H,C17,WMF,2014-01-01,-87.28620199501
H,C17,WMF,2014-02-01,-92.48936459628199
H,C17,WMF,2014-03-01,-94.03726949521301
H,C17,WMF,2014-04-01,-95.59595835262698
H,C17,WMF,2014-05-01,-85.58293322875501
H,C17,WMF,2014-06-01,-94.87285993856803
H,C17,WMF,2014-07-01,-95.98532802899899
H,C17,WMF,2014-08-01,-94.07147498831901
H,C17,WMF,2014-09-01,-95.65261085566998
H,C17,WMF,2014-10-01,-94.07421325528601
H,C17,WMF,2014-11-01,-92.376254095179
H,C17,WMF,2014-12-01,-81.81859027411899
H,C17,WMF,2015-01-01,-87.97045410909301
H,C17,WMF,2015-02-01,-69.851618131792
H,C17,WMF,2015-03-01,-82.711610226727
H,C17,WMF,2015-04-01,-75.475253242665
H,C17,WMF,2015-05-01,-78.04116645082401
H,C17,WMF,2015-06-01,-77.22358272402202
H,C17,WMF,2015-07-01,-77.08334642355798
H,C17,WMF,2015-08-01,-78.36036725708
H,C17,WMF,2015-09-01,-82.827673560217
H,C17,WMF,2015-10-01,-86.74826636427
H,C17,WMF,2015-11-01,-74.703289771989
H,C17,WMF,2015-12-01,-73.934987487077
H,C17,WMF,2016-01-01,-81.35562538037301
H,C17,WMF,2016-02-01,-81.460242284786
H,C17,WMF,2016-03-01,-86.261903157298
H,C17,WMF,2016-04-01,-82.911897804966
H,C17,WMF,2016-05-01,-86.622767200252
H,C17,WMF,2016-06-01,-90.66088150158099
H,C17,WMF,2016-07-01,-87.666922307519
H,C17,WMF,2016-08-01,-86.48931526317298
H,C17,WMF,2016-09-01,-83.888361895376
H,C17,WMF,2016-10-01,-85.712883558092
H,C17,WMF,2016-11-01,-83.54193018145598
H,C17,WMF,2016-12-01,-85.138021643916
H,C17,WMF,2017-01-01,-79.111628295944
H,C17,WMF,2017-02-01,-83.60532855593301
H,C17,WMF,2017-03-01,-82.327175416974
H,C17,WMF,2017-04-01,-74.67019990959801
H,C17,WMF,2017-05-01,-85.93451006404999
H,C17,WMF,2017-06-01,-83.90314313638102
H,C17,WMF,2017-07-01,-91.12512388764202
H,C17,WMF,2017-08-01,-101.48306070512099
H,C17,WMF,2017-09-01,-91.909098928041
H,C17,WMF,2017-10-01,-94.38139555929098
H,C17,WMF,2017-11-01,-100.494283840379
H,C17,WMF,2017-12-01,-105.76335334700099
H,C17,WMF,2018-01-01,-113.037359825696
H,C17,WMF,2018-02-01,-104.94464288015001
H,C17,WMF,2018-03-01,-107.59344141994
H,C17,WMF,2018-04-01,-109.09363403166901
H,C17,WMF,2018-05-01,-111.515465511029
H,C17,WMF,2018-06-01,-111.77749816552401
H,C17,WMF,2018-07-01,-104.24114607998602
H,C17,WMF,2018-08-01,-108.26308858067902
H,C17,WMF,2018-09-01,-104.40943005637499
H,C17,WMF,2018-10-01,-101.478071926936
H,C17,WMF,2018-11-01,-101.19678959744701
H,C17,WMF,2018-12-01,-110.820874988285
H,C17,WMF,2019-01-01,-110.213104103047
H,C17,WMF,2019-02-01,-111.94509729239542
H,C17,WMF,2019-03-01,-106.94406967971531
H,C17,WMF,2019-04-01,-110.13208498149339
H,C17,WMF,2019-05-01,-106.24576559653649
H,C17,WMF,2019-06-01,-111.08214743528022
H,C17,WMF,2019-07-01,-100.67906657271108
H,C17,WMF,2019-08-01,-110.2705952312952
H,C17,WMF,2019-09-01,-108.44581810535139
H,C17,WMF,2019-10-01,-100.36249813581969
H,C17,WMF,2019-11-01,-103.31453682961838
H,C17,WMF,2019-12-01,-97.9364118408228
H,C17,WMF,2020-01-01,-102.95975588525252
H,C17,WMF,2020-02-01,-101.80843156340032
H,C17,WMF,2020-03-01,-115.22075198644951
H,C17,WMF,2020-04-01,-111.7570500704054
H,C17,WMF,2020-05-01,-99.37876138355081
H,C17,WMF,2020-06-01,-94.94948472895442
H,C17,WMF,2020-07-01,-97.90593211704851
H,C17,WMF,2020-08-01,-96.77471033014392
H,C17,WMF,2020-09-01,-95.3579580522528
H,C17,WMF,2020-10-01,-96.05143421118349
H,C17,WMF,2020-11-01,-113.5818940781625
H,C17,WMF,2020-12-01,-99.41870063906741
H,C17,WMF,2021-01-01,-103.01992524608818
H,C17,WMF,2021-02-01,-101.25025619534648
H,C17,WMF,2021-03-01,-105.79070686126808
H,C17,WMF,2021-04-01,-114.52641438376558
H,C17,WMF,2021-05-01,-109.9344189297608
H,C17,WMF,2021-06-01,-119.6307544689754
H,C17,WMF,2021-07-01,-121.4612058162485
H,C17,WMF,2021-08-01,-106.95439863261309
H,C17,WMF,2021-09-01,-118.7080504916222
H,C17,WMF,2021-10-01,-115.2812242463434
H,C17,WMF,2021-11-01,-117.3341368599649
H,C17,WMF,2021-12-01,-116.2238253401534
H,C17,WMF,2022-01-01,-117.67778800273742
H,C17,WMF,2022-02-01,-123.50952644288898
H,C17,WMF,2022-03-01,-122.707219216483
H,C17,WMF,2022-04-01,-116.62875935666301
H,C17,WMF,2022-05-01,-127.11735548532702
H,C17,WMF,2022-06-01,-139.885423621774
H,C17,WMF,2022-07-01,-136.57155984438
H,C17,WMF,2022-08-01,-132.90400791259398
H,C17,WMF,2022-09-01,-132.428722711737
H,C17,WMF,2022-10-01,-134.057830411127
H,C17,WMF,2022-11-01,-138.55966869034702
H,C17,WMF,2022-12-01,-136.58953299157838
H,C17,WMF,2023-01-01,-135.18865815171162
H,C17,WMF,2023-02-01,-137.3192394870493
H,C17,WMF,2023-03-01,-120.6008882215446
H,C17,WMF,2023-04-01,-127.0158754492464
H,C17,WMF,2023-05-01,-132.26828910661538
H,C17,WMF,2023-06-01,-127.44096418072698
H,C17,WMF,2023-07-01,-119.38168672938141
H,C17,WMF,2023-08-01,-127.39960732651372
H,C17,WMF,2023-09-01,-121.9908940630846
H,C17,WMF,2023-10-01,-120.97815089062422
H,C17,WMF,2023-11-01,-118.11820792731193
H,C17,WMF,2023-12-01,-118.88211512570011
H,C17,WMF,2024-01-01,-113.39480535651458
H,C17,WMF,2024-02-01,-114.7694816714797
H,C17,WMF,2024-03-01,-109.1469137520652
H,C17,WMF,2024-04-01,-128.2329468068658
H,C17,WMF,2024-05-01,-110.68791010383721
H,C17,WMF,2024-06-01,-125.65626616495423
H,C17,WMF,2024-07-01,-117.25147258424221
H,C17,WMF,2024-08-01,-115.67012518735909
H,C17,WMF,2024-09-01,-115.2724674459529
H,C17,WMF,2024-10-01,-117.6792958725037
H,C17,WMF,2024-11-01,-117.90635302735508
H,C17,WMF,2024-12-01,-118.35790987747819
H,C17,WMF,2025-01-01,-117.39309645673481
H,C17,WMF,2025-02-01,-114.9607718102338
H,C17,WMF,2025-03-01,-119.5639280107131
H,C17,WMF,2025-04-01,-113.0688969152768
H,C17,WMF,2025-05-01,-113.16958229058488
H,C17,WMF,2025-06-01,-108.6472910295373
H,C17,WMF,2025-07-01,-111.2019891402726
H,C17,WMF,2025-08-01,-117.00759337580519
H,C17,WMF,2025-09-01,-110.86818815261191
H,C17,WMF,2025-10-01,-114.62101389494039
H,C17,WMF,2025-11-01,-104.35794572525148
H,C17,WMF,2025-12-01,-109.0727696314734
H,C17,WMF,2026-01-01,-110.4942330156558
H,C17,WMF,2026-02-01,-110.9083680671115
H,C17,WMF,2026-03-01,-114.6383085640989
H,C17,WMF,2026-04-01,-113.7621798997581
H,C17,WMF,2026-05-01,-113.9326665857797
H,C17,WMF,2026-06-01,-114.1141248224035
H,C17,WMF,2026-07-01,-120.3939073595456
H,C19,WMF,2012-01-01,-627.1300571034402
H,C19,WMF,2012-02-01,-726.7498823841345
H,C19,WMF,2012-03-01,-761.0964508573619
H,C19,WMF,2012-04-01,-728.7671921959505
H,C19,WMF,2012-05-01,-672.0089833728888
H,C19,WMF,2012-06-01,-573.710711096518
H,C19,WMF,2012-07-01,-563.4371792382656
H,C19,WMF,2012-08-01,-510.6196296031384
H,C19,WMF,2012-09-01,-521.3643344107475
H,C19,WMF,2012-10-01,-473.2929485165875
H,C19,WMF,2012-11-01,-495.7961100377482
H,C19,WMF,2012-12-01,-544.902829643937
H,C19,WMF,2013-01-01,-603.3187690602325
H,C19,WMF,2013-02-01,-505.7611401045069
H,C19,WMF,2013-03-01,-478.2827777835739
H,C19,WMF,2013-04-01,-471.88403255716304
H,C19,WMF,2013-05-01,-430.82790873761087
H,C19,WMF,2013-06-01,-467.0495633265032
H,C19,WMF,2013-07-01,-461.46235076553324
H,C19,WMF,2013-08-01,-512.362422749204
H,C19,WMF,2013-09-01,-493.5179789874098
H,C19,WMF,2013-10-01,-531.7185599155404
H,C19,WMF,2013-11-01,-565.1874854633509
H,C19,WMF,2013-12-01,-444.0591474248198
H,C19,WMF,2014-01-01,-408.8675875797655
H,C19,WMF,2014-02-01,-412.42748742559513
H,C19,WMF,2014-03-01,-424.2755280525697
H,C19,WMF,2014-04-01,-357.24319728986484
H,C19,WMF,2014-05-01,-355.4878211818581
H,C19,WMF,2014-06-01,-372.4693924774082
H,C19,WMF,2014-07-01,-381.631255165747
H,C19,WMF,2014-08-01,-440.09970008901877
H,C19,WMF,2014-09-01,-395.8162317736077
H,C19,WMF,2014-10-01,-364.4970555694066
H,C19,WMF,2014-11-01,-341.87121140250946
H,C19,WMF,2014-12-01,-330.6862039986991
H,C19,WMF,2015-01-01,-334.7382832369775
H,C19,WMF,2015-02-01,-297.16046337740784
H,C19,WMF,2015-03-01,-347.3295494141572
H,C19,WMF,2015-04-01,-355.3191332061175
H,C19,WMF,2015-05-01,-402.7521532858504
H,C19,WMF,2015-06-01,-429.2456946579784
H,C19,WMF,2015-07-01,-326.4741698271329
H,C19,WMF,2015-08-01,-284.2209026049116
H,C19,WMF,2015-09-01,-272.4976785278205
H,C19,WMF,2015-10-01,-281.93550676658504
H,C19,WMF,2015-11-01,-284.4000370291931
H,C19,WMF,2015-12-01,-318.2277421319121
H,C19,WMF,2016-01-01,-258.533582547725
H,C19,WMF,2016-02-01,-234.64162852756198
H,C19,WMF,2016-03-01,-234.74124831201132
H,C19,WMF,2016-04-01,-254.53867841781698
H,C19,WMF,2016-05-01,-240.05750229170923
H,C19,WMF,2016-06-01,-246.1982728937177
H,C19,WMF,2016-07-01,-281.6765978175187
H,C19,WMF,2016-08-01,-229.43076973993107
H,C19,WMF,2016-09-01,-257.48730127675174
H,C19,WMF,2016-10-01,-257.36646888833013
H,C19,WMF,2016-11-01,-269.1778729515352
H,C19,WMF,2016-12-01,-258.6435666797968
H,C19,WMF,2017-01-01,-325.5001310584191
H,C19,WMF,2017-02-01,-338.838344483162
H,C19,WMF,2017-03-01,-378.4287712748571
H,C19,WMF,2017-04-01,-299.5747737773474
H,C19,WMF,2017-05-01,-284.96891716738986
H,C19,WMF,2017-06-01,-286.48332970408046
H,C19,WMF,2017-07-01,-258.6071877821164
H,C19,WMF,2017-08-01,-303.9219996430178
H,C19,WMF,2017-09-01,-305.21162520854284
H,C19,WMF,2017-10-01,-284.2419620684208
H,C19,WMF,2017-11-01,-322.6145035052001
H,C19,WMF,2017-12-01,-355.13932569602537
H,C19,WMF,2018-01-01,-329.5197620475811
H,C19,WMF,2018-02-01,-350.76179341442
H,C19,WMF,2018-03-01,-327.25359809818127
H,C19,WMF,2018-04-01,-354.6408257885447
H,C19,WMF,2018-05-01,-345.990246314126
H,C19,WMF,2018-06-01,-326.29950127482437
H,C19,WMF,2018-07-01,-353.5372202764571
H,C19,WMF,2018-08-01,-322.88501375394856
H,C19,WMF,2018-09-01,-336.5233376992499
H,C19,WMF,2018-10-01,-369.616827910315
H,C19,WMF,2018-11-01,-359.3609616007043
H,C19,WMF,2018-12-01,-323.22361811532625
H,C19,WMF,2019-01-01,-318.9426896826949
H,C19,WMF,2019-02-01,-410.04862438271635
H,C19,WMF,2019-03-01,-502.3597980807193
H,C19,WMF,2019-04-01,-385.4684145157941
H,C19,WMF,2019-05-01,-387.20112394256205
H,C19,WMF,2019-06-01,-400.8135545029181
H,C19,WMF,2019-07-01,-418.4995523704812
H,C19,WMF,2019-08-01,-394.83025006450936
H,C19,WMF,2019-09-01,-347.24566280814787
H,C19,WMF,2019-10-01,-371.4971506060279
H,C19,WMF,2019-11-01,-318.97513123433293
H,C19,WMF,2019-12-01,-361.15314152019323
H,C19,WMF,2020-01-01,-349.98628710083403
H,C19,WMF,2020-02-01,-299.0798671686226
H,C19,WMF,2020-03-01,-263.916937969256
H,C19,WMF,2020-04-01,-118.45800595906259
H,C19,WMF,2020-05-01,-139.67357633655791
H,C19,WMF,2020-06-01,-152.3324874795636
H,C19,WMF,2020-07-01,-175.12967171500688
H,C19,WMF,2020-08-01,-166.626623832081
H,C19,WMF,2020-09-01,-173.23035521954623
H,C19,WMF,2020-10-01,-167.7325478450643
H,C19,WMF,2020-11-01,-128.29075036921623
H,C19,WMF,2020-12-01,-144.3840464104103
H,C19,WMF,2021-01-01,-178.37718990827108
H,C19,WMF,2021-02-01,-210.3816068961423
H,C19,WMF,2021-03-01,-234.409609884298
H,C19,WMF,2021-04-01,-255.5164213690133
H,C19,WMF,2021-05-01,-283.2989221569634
H,C19,WMF,2021-06-01,-301.2067533806132
H,C19,WMF,2021-07-01,-272.8451779279916
H,C19,WMF,2021-08-01,-317.52846938341185
H,C19,WMF,2021-09-01,-282.6514343531274
H,C19,WMF,2021-10-01,-262.7882159794743
H,C19,WMF,2021-11-01,-319.2576721946684
H,C19,WMF,2021-12-01,-345.45430062370775
H,C19,WMF,2022-01-01,-309.80375643924924
H,C19,WMF,2022-02-01,-331.4595529742567
H,C19,WMF,2022-03-01,-349.3071568780728
H,C19,WMF,2022-04-01,-423.21903613063637
H,C19,WMF,2022-05-01,-392.6974970421792
H,C19,WMF,2022-06-01,-378.375155640546
H,C19,WMF,2022-07-01,-370.10476750119903
H,C19,WMF,2022-08-01,-413.8224186681283
H,C19,WMF,2022-09-01,-524.7084866789003
H,C19,WMF,2022-10-01,-563.8932398906436
H,C19,WMF,2022-11-01,-567.6638633045166
H,C19,WMF,2022-12-01,-494.5405418274326
H,C19,WMF,2023-01-01,-594.3414498942135
H,C19,WMF,2023-02-01,-461.3373823432779
H,C19,WMF,2023-03-01,-472.87692323870385
H,C19,WMF,2023-04-01,-444.3448092665468
H,C19,WMF,2023-05-01,-302.0640833489565
H,C19,WMF,2023-06-01,-332.1112785880744
H,C19,WMF,2023-07-01,-371.61748157826963
H,C19,WMF,2023-08-01,-450.8579337051067
H,C19,WMF,2023-09-01,-356.93265676402734
H,C19,WMF,2023-10-01,-354.61099937256273
H,C19,WMF,2023-11-01,-376.52508942083495
H,C19,WMF,2023-12-01,-388.2536192809535
H,C19,WMF,2024-01-01,-369.40805484352813
H,C19,WMF,2024-02-01,-370.9365628634848
H,C19,WMF,2024-03-01,-359.52706397948066
H,C19,WMF,2024-04-01,-359.2057739798738
H,C19,WMF,2024-05-01,-411.9288452161666
H,C19,WMF,2024-06-01,-429.5043055636819
H,C19,WMF,2024-07-01,-380.7071681335343
H,C19,WMF,2024-08-01,-327.6586553885784
H,C19,WMF,2024-09-01,-330.22275167102504
H,C19,WMF,2024-10-01,-320.7165868565169
H,C19,WMF,2024-11-01,-259.8041345169623
H,C19,WMF,2024-12-01,-288.32029225851727
H,C19,WMF,2025-01-01,-286.4371294121083
H,C19,WMF,2025-02-01,-306.78664236845947
H,C19,WMF,2025-03-01,-282.0411223530735
H,C19,WMF,2025-04-01,-271.11247268330493
H,C19,WMF,2025-05-01,-252.75995312073968
H,C19,WMF,2025-06-01,-250.7613153050103
H,C19,WMF,2025-07-01,-257.9610082020299
H,C19,WMF,2025-08-01,-282.99931996228673
H,C19,WMF,2025-09-01,-252.48913338183846
H,C19,WMF,2025-10-01,-252.02687674684694
H,C19,WMF,2025-11-01,-332.7994359106738
H,C19,WMF,2025-12-01,-293.3866924848784
H,C19,WMF,2026-01-01,-237.64781070763863
H,C19,WMF,2026-02-01,-288.8218815358096
H,C19,WMF,2026-03-01,-313.90220462452044
H,C19,WMF,2026-04-01,-379.0156747031071
H,C19,WMF,2026-05-01,-285.757515121542
H,C19,WMF,2026-06-01,-300.9988122015988
H,C19,WMF,2026-07-01,-317.8027343211334
H,C20,WMF,2012-01-01,235.42165187167006
H,C20,WMF,2012-02-01,339.76489573180015
H,C20,WMF,2012-03-01,380.88857527156006
H,C20,WMF,2012-04-01,361.42429915918
H,C20,WMF,2012-05-01,513.5393623024299
H,C20,WMF,2012-06-01,306.2267969817199
H,C20,WMF,2012-07-01,311.32141407661993
H,C20,WMF,2012-08-01,332.3497048649401
H,C20,WMF,2012-09-01,308.26183676879987
H,C20,WMF,2012-10-01,363.8248399025099
H,C20,WMF,2012-11-01,289.70851960001005
H,C20,WMF,2012-12-01,507.6257888009602
H,C20,WMF,2013-01-01,399.60647865485
H,C20,WMF,2013-02-01,309.61409134507994
H,C20,WMF,2013-03-01,296.0244201533801
H,C20,WMF,2013-04-01,326.48709842816993
H,C20,WMF,2013-05-01,60.40206521916002
H,C20,WMF,2013-06-01,287.58731987247006
H,C20,WMF,2013-07-01,316.00282233688995
H,C20,WMF,2013-08-01,228.52956001323014
H,C20,WMF,2013-09-01,197.75181564629975
H,C20,WMF,2013-10-01,130.00901329584008
H,C20,WMF,2013-11-01,53.69795143894976
H,C20,WMF,2013-12-01,-133.88522014001023
H,C20,WMF,2014-01-01,36.53397480163994
H,C20,WMF,2014-02-01,269.21360114652
H,C20,WMF,2014-03-01,102.65004368382006
H,C20,WMF,2014-04-01,151.91329763680005
H,C20,WMF,2014-05-01,198.75008036605004
H,C20,WMF,2014-06-01,-251.83515045581998
H,C20,WMF,2014-07-01,386.0130916094099
H,C20,WMF,2014-08-01,294.0479236849301
H,C20,WMF,2014-09-01,349.24687820479994
H,C20,WMF,2014-10-01,274.03600757057006
H,C20,WMF,2014-11-01,354.3165786395102
H,C20,WMF,2014-12-01,274.03624091856
H,C20,WMF,2015-01-01,383.35144610098996
H,C20,WMF,2015-02-01,209.44004847390988
H,C20,WMF,2015-03-01,300.04622641077026
H,C20,WMF,2015-04-01,293.92780625632986
H,C20,WMF,2015-05-01,399.867967871
H,C20,WMF,2015-06-01,384.4890879651002
H,C20,WMF,2015-07-01,339.8581010267799
H,C20,WMF,2015-08-01,374.78514587749896
H,C20,WMF,2015-09-01,403.6442784267101
H,C20,WMF,2015-10-01,298.63788220803985
H,C20,WMF,2015-11-01,236.6636658719499
H,C20,WMF,2015-12-01,256.01769105202993
H,C20,WMF,2016-01-01,216.9973136696301
H,C20,WMF,2016-02-01,412.09827500177994
H,C20,WMF,2016-03-01,308.32000902349
H,C20,WMF,2016-04-01,43.30608392869999
H,C20,WMF,2016-05-01,212.26307424375977
H,C20,WMF,2016-06-01,313.06958955819005
H,C20,WMF,2016-07-01,331.45183303143017
H,C20,WMF,2016-08-01,205.5543178063299
H,C20,WMF,2016-09-01,504.97548627526
H,C20,WMF,2016-10-01,382.21798688379977
H,C20,WMF,2016-11-01,423.8544007758301
H,C20,WMF,2016-12-01,472.6233330278901
H,C20,WMF,2017-01-01,479.132012442901
H,C20,WMF,2017-02-01,404.2256817263699
H,C20,WMF,2017-03-01,409.95620705494
H,C20,WMF,2017-04-01,373.81644618723976
H,C20,WMF,2017-05-01,273.6359296642099
H,C20,WMF,2017-06-01,364.62021511945
H,C20,WMF,2017-07-01,165.8858371618901
H,C20,WMF,2017-08-01,632.36970498867
H,C20,WMF,2017-09-01,361.34653151735984
H,C20,WMF,2017-10-01,424.74940795931
H,C20,WMF,2017-11-01,231.96989759439998
H,C20,WMF,2017-12-01,525.2040125161
H,C20,WMF,2018-01-01,348.99921493263014
H,C20,WMF,2018-02-01,453.29705154545036
H,C20,WMF,2018-03-01,386.19139675726
H,C20,WMF,2018-04-01,402.87722988024007
H,C20,WMF,2018-05-01,311.81477515294
H,C20,WMF,2018-06-01,383.13260875479
H,C20,WMF,2018-07-01,493.77454592908
H,C20,WMF,2018-08-01,524.0474845597
H,C20,WMF,2018-09-01,189.48786036827983
H,C20,WMF,2018-10-01,535.4225009284999
H,C20,WMF,2018-11-01,649.44058725083
H,C20,WMF,2018-12-01,458.76398367
H,C20,WMF,2019-01-01,303.05716816765016
H,C20,WMF,2019-02-01,367.03746572772
H,C20,WMF,2019-03-01,390.17706463087006
H,C20,WMF,2019-04-01,355.2945254210201
H,C20,WMF,2019-05-01,448.16901210566016
H,C20,WMF,2019-06-01,243.73326527595987
H,C20,WMF,2019-07-01,577.7427188894198
H,C20,WMF,2019-08-01,471.95025987990016
H,C20,WMF,2019-09-01,407.80285203918993
H,C20,WMF,2019-10-01,407.89459557813007
H,C20,WMF,2019-11-01,442.38723721067004
H,C20,WMF,2019-12-01,275.98848131886007
H,C20,WMF,2020-01-01,635.75329699441
H,C20,WMF,2020-02-01,523.9735138901101
H,C20,WMF,2020-03-01,516.8045279513897
H,C20,WMF,2020-04-01,589.9324394355299
H,C20,WMF,2020-05-01,584.774695741004
H,C20,WMF,2020-06-01,803.96180303511
H,C20,WMF,2020-07-01,376.46850319050986
H,C20,WMF,2020-08-01,510.2215863334702
H,C20,WMF,2020-09-01,412.22773195115997
H,C20,WMF,2020-10-01,350.7485627742599
H,C20,WMF,2020-11-01,672.00873280481
H,C20,WMF,2020-12-01,683.1831618656099
H,C20,WMF,2021-01-01,597.4925700137801
H,C20,WMF,2021-02-01,660.9573398259099
H,C20,WMF,2021-03-01,698.7388914591702
H,C20,WMF,2021-04-01,600.01603467217
H,C20,WMF,2021-05-01,630.03732305587
H,C20,WMF,2021-06-01,682.7382521838902
H,C20,WMF,2021-07-01,1276.4042343053602
H,C20,WMF,2021-08-01,738.8368167561696
H,C20,WMF,2021-09-01,788.9179726194502
H,C20,WMF,2021-10-01,881.0352236229596
H,C20,WMF,2021-11-01,813.6258193988804
H,C20,WMF,2021-12-01,590.5366136011
H,C20,WMF,2022-01-01,1154.3783694627
H,C20,WMF,2022-02-01,671.7166615132003
H,C20,WMF,2022-03-01,601.42614537902
H,C20,WMF,2022-04-01,677.7899330424002
H,C20,WMF,2022-05-01,1055.857555417
H,C20,WMF,2022-06-01,709.3744470227805
H,C20,WMF,2022-07-01,639.4485029173097
H,C20,WMF,2022-08-01,830.33707862905
H,C20,WMF,2022-09-01,1021.6654897459596
H,C20,WMF,2022-10-01,823.3780009698198
H,C20,WMF,2022-11-01,718.34658017369
H,C20,WMF,2022-12-01,710.4778114180201
H,C20,WMF,2023-01-01,689.59974842511
H,C20,WMF,2023-02-01,897.57911788195
H,C20,WMF,2023-03-01,1172.4052599554198
H,C20,WMF,2023-04-01,1231.0651859364
H,C20,WMF,2023-05-01,1358.774985769
H,C20,WMF,2023-06-01,1106.8968156843598
H,C20,WMF,2023-07-01,1190.8102998186703
H,C20,WMF,2023-08-01,1331.7040981056598
H,C20,WMF,2023-09-01,1519.7248804852204
H,C20,WMF,2023-10-01,1301.8249238364099
H,C20,WMF,2023-11-01,1240.6561267619402
H,C20,WMF,2023-12-01,1169.5110987765697
H,C20,WMF,2024-01-01,1252.18462288723
H,C20,WMF,2024-02-01,1232.30535551478
H,C20,WMF,2024-03-01,1258.71801960098
H,C20,WMF,2024-04-01,1251.2505535216499
H,C20,WMF,2024-05-01,1372.8829225532097
H,C20,WMF,2024-06-01,2184.0664967812
H,C20,WMF,2024-07-01,1721.9979174209498
H,C20,WMF,2024-08-01,1525.6913000548202
H,C20,WMF,2024-09-01,1358.1930391945202
H,C20,WMF,2024-10-01,1798.7732125465097
H,C20,WMF,2024-11-01,1914.8354115604197
H,C20,WMF,2024-12-01,2065.03203557757
H,C20,WMF,2025-01-01,1860.71917549582
H,C20,WMF,2025-02-01,2341.38178011524
H,C20,WMF,2025-03-01,1859.81274484107
H,C20,WMF,2025-04-01,2026.2875173739299
H,C20,WMF,2025-05-01,1310.1007781218298
H,C20,WMF,2025-06-01,1514.1833565135903
H,C20,WMF,2025-07-01,1361.7272461846098
H,C20,WMF,2025-08-01,1605.70582839829
H,C20,WMF,2025-09-01,1324.6133854791701
H,C20,WMF,2025-10-01,1485.7931321163603
H,C20,WMF,2025-11-01,1483.3542776878598
H,C20,WMF,2025-12-01,1559.0328814633697
H,C20,WMF,2026-01-01,1053.18401293207
H,C20,WMF,2026-02-01,1459.1990904842899
H,C20,WMF,2026-03-01,1684.7425022086397
H,C20,WMF,2026-04-01,975.6203253333501
H,C20,WMF,2026-05-01,1728.6076566812503
H,C20,WMF,2026-06-01,1104.3765642166802
H,C20,WMF,2026-07-01,2502.07632556552
H,C21,WMF,2012-01-01,2217.43108688318
H,C21,WMF,2012-02-01,3382.9922721234097
H,C21,WMF,2012-03-01,3030.6346772085403
H,C21,WMF,2012-04-01,2662.0965292059
H,C21,WMF,2012-05-01,3012.68376614302
H,C21,WMF,2012-06-01,2635.70869479218
H,C21,WMF,2012-07-01,2997.32052636532
H,C21,WMF,2012-08-01,2600.15036721206
H,C21,WMF,2012-09-01,3644.68282324589
H,C21,WMF,2012-10-01,2783.1365001679806
H,C21,WMF,2012-11-01,2926.49081448836
H,C21,WMF,2012-12-01,2880.4760885928604
H,C21,WMF,2013-01-01,3167.4955261832893
H,C21,WMF,2013-02-01,2940.0825316712
H,C21,WMF,2013-03-01,3443.2020700040903
H,C21,WMF,2013-04-01,2916.0591334609503
H,C21,WMF,2013-05-01,2924.8300833116996
H,C21,WMF,2013-06-01,3389.39417709384
H,C21,WMF,2013-07-01,2557.7296288625403
H,C21,WMF,2013-08-01,3408.1734101801903
H,C21,WMF,2013-09-01,3386.37667658998
H,C21,WMF,2013-10-01,2680.6892688438197
H,C21,WMF,2013-11-01,2697.0244618743204
H,C21,WMF,2013-12-01,2575.09986499324
H,C21,WMF,2014-01-01,3368.8339533986905
H,C21,WMF,2014-02-01,3281.38329062372
H,C21,WMF,2014-03-01,3635.37321855158
H,C21,WMF,2014-04-01,3462.3348812054496
H,C21,WMF,2014-05-01,3259.4452636554
H,C21,WMF,2014-06-01,2592.3643528729294
H,C21,WMF,2014-07-01,3479.25168854268
H,C21,WMF,2014-08-01,3117.8560018058797
H,C21,WMF,2014-09-01,3538.500639323031
H,C21,WMF,2014-10-01,2988.2491904993003
H,C21,WMF,2014-11-01,3900.52229198688
H,C21,WMF,2014-12-01,2987.3060341514397
H,C21,WMF,2015-01-01,3400.5177956268703
H,C21,WMF,2015-02-01,2780.3399394675794
H,C21,WMF,2015-03-01,3272.4624813568494
H,C21,WMF,2015-04-01,2818.9714360812704
H,C21,WMF,2015-05-01,3539.2293504459694
H,C21,WMF,2015-06-01,3318.2549775766893
H,C21,WMF,2015-07-01,3456.4073335747703
H,C21,WMF,2015-08-01,3671.618788641361
H,C21,WMF,2015-09-01,3954.48934883387
H,C21,WMF,2015-10-01,3759.78300634476
H,C21,WMF,2015-11-01,3223.85098425395
H,C21,WMF,2015-12-01,4060.8016009275802
H,C21,WMF,2016-01-01,3786.76469514586
H,C21,WMF,2016-02-01,3981.57997115385
H,C21,WMF,2016-03-01,3440.3375535758596
H,C21,WMF,2016-04-01,3347.66096318899
H,C21,WMF,2016-05-01,4232.24239989579
H,C21,WMF,2016-06-01,4047.3553046242205
H,C21,WMF,2016-07-01,3314.09007748113
H,C21,WMF,2016-08-01,4479.45285772717
H,C21,WMF,2016-09-01,4680.918644315911
H,C21,WMF,2016-10-01,3768.7597467279306
H,C21,WMF,2016-11-01,3195.62639578728
H,C21,WMF,2016-12-01,4162.75384375563
H,C21,WMF,2017-01-01,4728.41522780633
H,C21,WMF,2017-02-01,3932.62056598428
H,C21,WMF,2017-03-01,3458.8052129478706
H,C21,WMF,2017-04-01,3774.7658283915907
H,C21,WMF,2017-05-01,3818.3466166403705
H,C21,WMF,2017-06-01,3018.33889098431
H,C21,WMF,2017-07-01,4130.95481717471
H,C21,WMF,2017-08-01,3790.88107475143
H,C21,WMF,2017-09-01,4205.55241353064
H,C21,WMF,2017-10-01,3540.4270077760198
H,C21,WMF,2017-11-01,3408.9269496677202
H,C21,WMF,2017-12-01,5086.8478547084105
H,C21,WMF,2018-01-01,3181.5374632066405
H,C21,WMF,2018-02-01,4329.51103183253
H,C21,WMF,2018-03-01,3605.04744713555
H,C21,WMF,2018-04-01,3845.1071401959603
H,C21,WMF,2018-05-01,4370.4955852093
H,C21,WMF,2018-06-01,3598.42268965669
H,C21,WMF,2018-07-01,4081.1111602587202
H,C21,WMF,2018-08-01,3669.2940038108904
H,C21,WMF,2018-09-01,4107.30548259802
H,C21,WMF,2018-10-01,4435.82446285022
H,C21,WMF,2018-11-01,4482.971865194069
H,C21,WMF,2018-12-01,4796.10253106177
H,C21,WMF,2019-01-01,4161.708970526661
H,C21,WMF,2019-02-01,4687.860655869381
H,C21,WMF,2019-03-01,4628.75107766186
H,C21,WMF,2019-04-01,4150.3041021415
H,C21,WMF,2019-05-01,3930.9707421510698
H,C21,WMF,2019-06-01,5834.231681806351
H,C21,WMF,2019-07-01,4709.53277049922
H,C21,WMF,2019-08-01,4217.47968041951
H,C21,WMF,2019-09-01,6498.642252134019
H,C21,WMF,2019-10-01,4600.721308817021
H,C21,WMF,2019-11-01,4785.807338618591
H,C21,WMF,2019-12-01,4711.91192275086
H,C21,WMF,2020-01-01,4717.616040189379
H,C21,WMF,2020-02-01,5033.67504369549
H,C21,WMF,2020-03-01,5016.2123389342
H,C21,WMF,2020-04-01,5368.9727061063295
H,C21,WMF,2020-05-01,4745.71020713484
H,C21,WMF,2020-06-01,4535.488340732549
H,C21,WMF,2020-07-01,4453.58421605124
H,C21,WMF,2020-08-01,5488.113703466641
H,C21,WMF,2020-09-01,4516.538615717289
H,C21,WMF,2020-10-01,4343.6268369440695
H,C21,WMF,2020-11-01,4834.88891958648
H,C21,WMF,2020-12-01,4225.51241696853
H,C21,WMF,2021-01-01,5096.269211301131
H,C21,WMF,2021-02-01,4638.71813913058
H,C21,WMF,2021-03-01,5260.08471854325
H,C21,WMF,2021-04-01,4805.449407537039
H,C21,WMF,2021-05-01,5720.1074502416
H,C21,WMF,2021-06-01,5307.25303787994
H,C21,WMF,2021-07-01,4829.011241086309
H,C21,WMF,2021-08-01,6284.134796748911
H,C21,WMF,2021-09-01,5704.5071804525505
H,C21,WMF,2021-10-01,5426.299975369469
H,C21,WMF,2021-11-01,6103.341265046909
H,C21,WMF,2021-12-01,5822.52068581145
H,C21,WMF,2022-01-01,4027.02409493262
H,C21,WMF,2022-02-01,7550.965046111602
H,C21,WMF,2022-03-01,3941.539312190871
H,C21,WMF,2022-04-01,5732.08471585302
H,C21,WMF,2022-05-01,3453.454585994191
H,C21,WMF,2022-06-01,4650.70077386509
H,C21,WMF,2022-07-01,4400.02076251166
H,C21,WMF,2022-08-01,5417.811655533449
H,C21,WMF,2022-09-01,5049.914319405531
H,C21,WMF,2022-10-01,5758.29459224658
H,C21,WMF,2022-11-01,3372.877116375
H,C21,WMF,2022-12-01,5556.39456016328
H,C21,WMF,2023-01-01,5640.937698519269
H,C21,WMF,2023-02-01,4420.7294482054695
H,C21,WMF,2023-03-01,3912.043195071751
H,C21,WMF,2023-04-01,3647.0894583396303
H,C21,WMF,2023-05-01,5133.67499895985
H,C21,WMF,2023-06-01,3663.288624727821
H,C21,WMF,2023-07-01,3599.0170711496403
H,C21,WMF,2023-08-01,4774.25859814454
H,C21,WMF,2023-09-01,6337.3416766234
H,C21,WMF,2023-10-01,3880.6301761277
H,C21,WMF,2023-11-01,2771.3166719297797
H,C21,WMF,2023-12-01,3242.2056640297906
H,C21,WMF,2024-01-01,3835.44741804589
H,C21,WMF,2024-02-01,4163.0813859942
H,C21,WMF,2024-03-01,3951.6115635652695
H,C21,WMF,2024-04-01,4152.726490461499
H,C21,WMF,2024-05-01,4072.7656525654393
H,C21,WMF,2024-06-01,4891.36994998162
H,C21,WMF,2024-07-01,4183.1824618579
H,C21,WMF,2024-08-01,4883.751374025331
H,C21,WMF,2024-09-01,5307.682749347231
H,C21,WMF,2024-10-01,5786.125320202601
H,C21,WMF,2024-11-01,4303.01292755983
H,C21,WMF,2024-12-01,5240.942400546401
H,C21,WMF,2025-01-01,4294.088301657441
H,C21,WMF,2025-02-01,4210.923252651501
H,C21,WMF,2025-03-01,5689.864148490202
H,C21,WMF,2025-04-01,5130.575132719601
H,C21,WMF,2025-05-01,2633.443450672169
H,C21,WMF,2025-06-01,5002.660133542699
H,C21,WMF,2025-07-01,4183.5253648097105
H,C21,WMF,2025-08-01,5126.483432142041
H,C21,WMF,2025-09-01,3554.928039533079
H,C21,WMF,2025-10-01,2950.9334252787203
H,C21,WMF,2025-11-01,3675.8799068198296
H,C21,WMF,2025-12-01,2535.4340076402104
H,C21,WMF,2026-01-01,3334.816655379539
H,C21,WMF,2026-02-01,4230.476621386009
H,C21,WMF,2026-03-01,2591.1338856350603
H,C21,WMF,2026-04-01,4076.449663599131
H,C21,WMF,2026-05-01,5125.123638313102
H,C21,WMF,2026-06-01,3969.979020715099
H,C21,WMF,2026-07-01,6635.3664250943
H,C22,WMF,2012-01-01,-107.89270779568807
H,C22,WMF,2012-02-01,-127.14641545602905
H,C22,WMF,2012-03-01,-140.41109617777204
H,C22,WMF,2012-04-01,-149.561151157994
H,C22,WMF,2012-05-01,-146.21081625130802
H,C22,WMF,2012-06-01,-137.49514909271699
H,C22,WMF,2012-07-01,-148.975100596905
H,C22,WMF,2012-08-01,-135.401941525879
H,C22,WMF,2012-09-01,-148.26580071788607
H,C22,WMF,2012-10-01,-141.36419071063204
H,C22,WMF,2012-11-01,-150.138483915142
H,C22,WMF,2012-12-01,-144.79276793664803
H,C22,WMF,2013-01-01,-145.308157524323
H,C22,WMF,2013-02-01,-148.40341807252696
H,C22,WMF,2013-03-01,-143.83307035289096
H,C22,WMF,2013-04-01,-138.99049160823205
H,C22,WMF,2013-05-01,-139.38816138667
H,C22,WMF,2013-06-01,-129.24955498509496
H,C22,WMF,2013-07-01,-127.51099878448599
H,C22,WMF,2013-08-01,-130.596028867509
H,C22,WMF,2013-09-01,-144.44753606345
H,C22,WMF,2013-10-01,-134.67156096276693
H,C22,WMF,2013-11-01,-135.323552781398
H,C22,WMF,2013-12-01,-138.515110903755
H,C22,WMF,2014-01-01,-142.78426046962096
H,C22,WMF,2014-02-01,-155.91826101577402
H,C22,WMF,2014-03-01,-130.82503190271797
H,C22,WMF,2014-04-01,-142.13300551525197
H,C22,WMF,2014-05-01,-135.38278266593596
H,C22,WMF,2014-06-01,-145.832862512436
H,C22,WMF,2014-07-01,-134.11217652177703
H,C22,WMF,2014-08-01,-136.591815619503
H,C22,WMF,2014-09-01,-128.12370047662603
H,C22,WMF,2014-10-01,-129.07801577439898
H,C22,WMF,2014-11-01,-131.16681711802397
H,C22,WMF,2014-12-01,-133.336448768798
H,C22,WMF,2015-01-01,-124.93100783691199
H,C22,WMF,2015-02-01,-125.10879767263094
H,C22,WMF,2015-03-01,-118.26003554496594
H,C22,WMF,2015-04-01,-108.00081013920305
H,C22,WMF,2015-05-01,-110.489655916007
H,C22,WMF,2015-06-01,-123.261180983938
H,C22,WMF,2015-07-01,-128.04955085890396
H,C22,WMF,2015-08-01,-114.946330086116
H,C22,WMF,2015-09-01,-121.91660347536299
H,C22,WMF,2015-10-01,-118.69235107687399
H,C22,WMF,2015-11-01,-124.21049154685596
H,C22,WMF,2015-12-01,-134.15843071373502
H,C22,WMF,2016-01-01,-124.74524316977903
H,C22,WMF,2016-02-01,-141.47670820849703
H,C22,WMF,2016-03-01,-134.65742626207498
H,C22,WMF,2016-04-01,-128.35123082973303
H,C22,WMF,2016-05-01,-142.54145726619402
H,C22,WMF,2016-06-01,-133.590719909445
H,C22,WMF,2016-07-01,-128.23572895100892
H,C22,WMF,2016-08-01,-137.12710427196004
H,C22,WMF,2016-09-01,-126.52101075297196
H,C22,WMF,2016-10-01,-140.24485081207803
H,C22,WMF,2016-11-01,-125.515149653209
H,C22,WMF,2016-12-01,-163.13788555078503
H,C22,WMF,2017-01-01,-137.20280985516706
H,C22,WMF,2017-02-01,-137.47292449082397
H,C22,WMF,2017-03-01,-148.96854060628198
H,C22,WMF,2017-04-01,-153.889013989226
H,C22,WMF,2017-05-01,-151.7957115684
H,C22,WMF,2017-06-01,-142.28790437425596
H,C22,WMF,2017-07-01,-151.846981262023
H,C22,WMF,2017-08-01,-161.676611695149
H,C22,WMF,2017-09-01,-160.50973965723506
H,C22,WMF,2017-10-01,-163.46571969454095
H,C22,WMF,2017-11-01,-174.20316451059193
H,C22,WMF,2017-12-01,-199.32961193375996
H,C22,WMF,2018-01-01,-176.23517952085706
H,C22,WMF,2018-02-01,-171.20059380409896
H,C22,WMF,2018-03-01,-159.87467043521895
H,C22,WMF,2018-04-01,-168.06640731770494
H,C22,WMF,2018-05-01,-162.43080348316096
H,C22,WMF,2018-06-01,-172.286522054721
H,C22,WMF,2018-07-01,-172.00640400487197
H,C22,WMF,2018-08-01,-165.35674968991998
H,C22,WMF,2018-09-01,-183.715784021994
H,C22,WMF,2018-10-01,-172.452899877221
H,C22,WMF,2018-11-01,-172.602589108683
H,C22,WMF,2018-12-01,-176.13074274452896
H,C22,WMF,2019-01-01,-192.25646733608897
H,C22,WMF,2019-02-01,-170.31955730429502
H,C22,WMF,2019-03-01,-155.37140153586904
H,C22,WMF,2019-04-01,-171.38378809108804
H,C22,WMF,2019-05-01,-165.320705938969
H,C22,WMF,2019-06-01,-172.86556271121003
H,C22,WMF,2019-07-01,-168.34518601413998
H,C22,WMF,2019-08-01,-170.475106910355
H,C22,WMF,2019-09-01,-170.350014173845
H,C22,WMF,2019-10-01,-162.84823642545496
H,C22,WMF,2019-11-01,-158.5880668101169
H,C22,WMF,2019-12-01,-144.612630623523
H,C22,WMF,2020-01-01,-176.13666998958
H,C22,WMF,2020-02-01,-166.055277888916
H,C22,WMF,2020-03-01,-149.860490154952
H,C22,WMF,2020-04-01,-154.33019311173098
H,C22,WMF,2020-05-01,-186.79277436498205
H,C22,WMF,2020-06-01,-184.94842085192602
H,C22,WMF,2020-07-01,-186.555987686513
H,C22,WMF,2020-08-01,-174.07351428055102
H,C22,WMF,2020-09-01,-175.716672073967
H,C22,WMF,2020-10-01,-176.17059896368096
H,C22,WMF,2020-11-01,-173.503149987982
H,C22,WMF,2020-12-01,-194.03370005060202
H,C22,WMF,2021-01-01,-182.313251170486
H,C22,WMF,2021-02-01,-187.532709896366
H,C22,WMF,2021-03-01,-212.61956042230895
H,C22,WMF,2021-04-01,-214.18580326624794
H,C22,WMF,2021-05-01,-226.59296603797208
H,C22,WMF,2021-06-01,-204.06530999297706
H,C22,WMF,2021-07-01,-207.05034274601798
H,C22,WMF,2021-08-01,-227.24993967197003
H,C22,WMF,2021-09-01,-211.09805071035896
H,C22,WMF,2021-10-01,-213.77545993504793
H,C22,WMF,2021-11-01,-210.95590765824699
H,C22,WMF,2021-12-01,-233.91494449293293
H,C22,WMF,2022-01-01,-216.39942553719806
H,C22,WMF,2022-02-01,-221.48573114882294
H,C22,WMF,2022-03-01,-199.78407625635793
H,C22,WMF,2022-04-01,-214.27204856408702
H,C22,WMF,2022-05-01,-232.27644279368195
H,C22,WMF,2022-06-01,-243.20444894727405
H,C22,WMF,2022-07-01,-226.74624609901497
H,C22,WMF,2022-08-01,-214.99896154314797
H,C22,WMF,2022-09-01,-220.11539648516998
H,C22,WMF,2022-10-01,-217.22584408045702
H,C22,WMF,2022-11-01,-226.6193874335949
H,C22,WMF,2022-12-01,-243.15744395905892
H,C22,WMF,2023-01-01,-218.52869978521608
H,C22,WMF,2023-02-01,-212.62820417107798
H,C22,WMF,2023-03-01,-75.15469114252897
H,C22,WMF,2023-04-01,-192.06935103428202
H,C22,WMF,2023-05-01,-196.48222931234199
H,C22,WMF,2023-06-01,-183.98594386552395
H,C22,WMF,2023-07-01,-184.44838645292498
H,C22,WMF,2023-08-01,-184.46004391507404
H,C22,WMF,2023-09-01,-180.16889221448395
H,C22,WMF,2023-10-01,-194.50319404086997
H,C22,WMF,2023-11-01,-189.29297049085403
H,C22,WMF,2023-12-01,-196.92579579478706
H,C22,WMF,2024-01-01,-186.613773194594
H,C22,WMF,2024-02-01,-179.748701566656
H,C22,WMF,2024-03-01,-185.638836248874
H,C22,WMF,2024-04-01,-197.11172661661806
H,C22,WMF,2024-05-01,-180.55541955997296
H,C22,WMF,2024-06-01,-201.86323733983204
H,C22,WMF,2024-07-01,-196.89096995427502
H,C22,WMF,2024-08-01,-193.84279287185296
H,C22,WMF,2024-09-01,-201.83905602313
H,C22,WMF,2024-10-01,-197.50771706464894
H,C22,WMF,2024-11-01,-192.87755560998409
H,C22,WMF,2024-12-01,-195.684226582931
H,C22,WMF,2025-01-01,-205.32768282831404
H,C22,WMF,2025-02-01,-205.56154616894696
H,C22,WMF,2025-03-01,-210.48308109054506
H,C22,WMF,2025-04-01,-203.44531373907006
H,C22,WMF,2025-05-01,-201.62336239836503
H,C22,WMF,2025-06-01,-195.32161911211006
H,C22,WMF,2025-07-01,-197.4402681572941
H,C22,WMF,2025-08-01,-205.38928172650105
H,C22,WMF,2025-09-01,-207.65857968280704
H,C22,WMF,2025-10-01,-196.869000317112
H,C22,WMF,2025-11-01,-196.13644448038394
H,C22,WMF,2025-12-01,-203.61436681216298
H,C22,WMF,2026-01-01,-198.745940868201
H,C22,WMF,2026-02-01,-217.98118821602105
H,C22,WMF,2026-03-01,-206.75976739511697
H,C22,WMF,2026-04-01,-201.69691297108596
H,C22,WMF,2026-05-01,-206.37322659755608
H,C22,WMF,2026-06-01,-209.98684595519097
H,C22,WMF,2026-07-01,-220.06684670228094
H,C24,WMF,2012-01-01,-231.5863310227
H,C24,WMF,2012-02-01,-221.07707338016297
H,C24,WMF,2012-03-01,-248.53896630885794
H,C24,WMF,2012-04-01,-265.95960863363706
H,C24,WMF,2012-05-01,-263.224134293111
H,C24,WMF,2012-06-01,-255.57586214314307
H,C24,WMF,2012-07-01,-256.285805492646
H,C24,WMF,2012-08-01,-258.372642405136
H,C24,WMF,2012-09-01,-243.935643883654
H,C24,WMF,2012-10-01,-242.068822849895
H,C24,WMF,2012-11-01,-251.48861350246798
H,C24,WMF,2012-12-01,-268.324656435099
H,C24,WMF,2013-01-01,-253.45673395231
H,C24,WMF,2013-02-01,-266.098948852031
H,C24,WMF,2013-03-01,-250.8681679347481
H,C24,WMF,2013-04-01,-237.974563024105
H,C24,WMF,2013-05-01,-242.1983523480929
H,C24,WMF,2013-06-01,-225.35519160862196
H,C24,WMF,2013-07-01,-226.62935911790703
H,C24,WMF,2013-08-01,-232.72043057491294
H,C24,WMF,2013-09-01,-220.696082636274
H,C24,WMF,2013-10-01,-236.193839452784
H,C24,WMF,2013-11-01,-229.496891314479
H,C24,WMF,2013-12-01,-220.85113900710502
H,C24,WMF,2014-01-01,-228.70710930154593
H,C24,WMF,2014-02-01,-228.286912073537
H,C24,WMF,2014-03-01,-217.08727460621202
H,C24,WMF,2014-04-01,-225.167476855853
H,C24,WMF,2014-05-01,-218.38201627527195
H,C24,WMF,2014-06-01,-241.76716889947
H,C24,WMF,2014-07-01,-219.576263522675
H,C24,WMF,2014-08-01,-216.82003972930994
H,C24,WMF,2014-09-01,-233.65973343746202
H,C24,WMF,2014-10-01,-211.849714405685
H,C24,WMF,2014-11-01,-206.06504724417198
H,C24,WMF,2014-12-01,-206.07383053808906
H,C24,WMF,2015-01-01,-183.324349691519
H,C24,WMF,2015-02-01,-173.83776940753
H,C24,WMF,2015-03-01,-191.08395657930197
H,C24,WMF,2015-04-01,-190.878706898541
H,C24,WMF,2015-05-01,-186.95108600299102
H,C24,WMF,2015-06-01,-178.88724519986096
H,C24,WMF,2015-07-01,-181.04630985731802
H,C24,WMF,2015-08-01,-166.392424378557
H,C24,WMF,2015-09-01,-173.28756350385095
H,C24,WMF,2015-10-01,-163.198488830315
H,C24,WMF,2015-11-01,-172.03505339409804
H,C24,WMF,2015-12-01,-138.553210995121
H,C24,WMF,2016-01-01,-162.885485569411
H,C24,WMF,2016-02-01,-162.18266843035002
H,C24,WMF,2016-03-01,-172.59617224103897
H,C24,WMF,2016-04-01,-155.11584515977893
H,C24,WMF,2016-05-01,-157.88502852053898
H,C24,WMF,2016-06-01,-179.83814700511402
H,C24,WMF,2016-07-01,-179.338138424338
H,C24,WMF,2016-08-01,-205.77413128266699
H,C24,WMF,2016-09-01,-193.11407773770503
H,C24,WMF,2016-10-01,-191.92639289415197
H,C24,WMF,2016-11-01,-174.85922313834794
H,C24,WMF,2016-12-01,-208.27925756820105
H,C24,WMF,2017-01-01,-187.492069189649
H,C24,WMF,2017-02-01,-194.83155378539197
H,C24,WMF,2017-03-01,-185.69096446005898
H,C24,WMF,2017-04-01,-204.95444539539096
H,C24,WMF,2017-05-01,-208.694658679547
H,C24,WMF,2017-06-01,-195.65553363186802
H,C24,WMF,2017-07-01,-225.67772607443607
H,C24,WMF,2017-08-01,-233.70372176841101
H,C24,WMF,2017-09-01,-227.17774258076298
H,C24,WMF,2017-10-01,-236.50267690509503
H,C24,WMF,2017-11-01,-249.67649474147794
H,C24,WMF,2017-12-01,-293.595350855519
H,C24,WMF,2018-01-01,-246.94108862850004
H,C24,WMF,2018-02-01,-249.49728196201897
H,C24,WMF,2018-03-01,-243.70808678102696
H,C24,WMF,2018-04-01,-236.12643675641795
H,C24,WMF,2018-05-01,-247.95442137916598
H,C24,WMF,2018-06-01,-253.28599772306802
H,C24,WMF,2018-07-01,-245.35205122106294
H,C24,WMF,2018-08-01,-244.026928149402
H,C24,WMF,2018-09-01,-227.783294535405
H,C24,WMF,2018-10-01,-263.34330467316295
H,C24,WMF,2018-11-01,-249.73626307680195
H,C24,WMF,2018-12-01,-255.340410904487
H,C24,WMF,2019-01-01,-283.5877942056229
H,C24,WMF,2019-02-01,-216.69822104825698
H,C24,WMF,2019-03-01,-233.87031122182105
H,C24,WMF,2019-04-01,-257.685946555207
H,C24,WMF,2019-05-01,-248.34666275953708
H,C24,WMF,2019-06-01,-259.66380162665104
H,C24,WMF,2019-07-01,-214.87027820077702
H,C24,WMF,2019-08-01,-216.0828051531979
H,C24,WMF,2019-09-01,-216.888905016293
H,C24,WMF,2019-10-01,-196.674520031977
H,C24,WMF,2019-11-01,-220.38042909542594
H,C24,WMF,2019-12-01,-219.252057227146
H,C24,WMF,2020-01-01,-221.182274145836
H,C24,WMF,2020-02-01,-204.622275975352
H,C24,WMF,2020-03-01,-208.758099449755
H,C24,WMF,2020-04-01,-211.35797088847397
H,C24,WMF,2020-05-01,-213.09759418279097
H,C24,WMF,2020-06-01,-202.87176630690598
H,C24,WMF,2020-07-01,-197.36790810857303
H,C24,WMF,2020-08-01,-178.240612235487
H,C24,WMF,2020-09-01,-187.45706252634096
H,C24,WMF,2020-10-01,-180.186890628357
H,C24,WMF,2020-11-01,-178.119695067725
H,C24,WMF,2020-12-01,-183.05808008462202
H,C24,WMF,2021-01-01,-195.135668701543
H,C24,WMF,2021-02-01,-208.50408337837501
H,C24,WMF,2021-03-01,-221.25955687862603
H,C24,WMF,2021-04-01,-238.673092341766
H,C24,WMF,2021-05-01,-266.99733846867093
H,C24,WMF,2021-06-01,-283.47436182390493
H,C24,WMF,2021-07-01,-300.34976186485994
H,C24,WMF,2021-08-01,-318.22572741400995
H,C24,WMF,2021-09-01,-345.12181081198
H,C24,WMF,2021-10-01,-331.18200526131494
H,C24,WMF,2021-11-01,-351.98627447136107
H,C24,WMF,2021-12-01,-380.5593830961659
H,C24,WMF,2022-01-01,-345.82967527743295
H,C24,WMF,2022-02-01,-362.02718370027293
H,C24,WMF,2022-03-01,-356.3752554623731
H,C24,WMF,2022-04-01,-360.149142860075
H,C24,WMF,2022-05-01,-398.35010185851
H,C24,WMF,2022-06-01,-395.778263324068
H,C24,WMF,2022-07-01,-367.01917986323093
H,C24,WMF,2022-08-01,-396.5193385475791
H,C24,WMF,2022-09-01,-364.5124606359119
H,C24,WMF,2022-10-01,-369.33866319689196
H,C24,WMF,2022-11-01,-333.89359383235893
H,C24,WMF,2022-12-01,-346.014077459922
H,C24,WMF,2023-01-01,-342.5999737569839
H,C24,WMF,2023-02-01,-344.616455793624
H,C24,WMF,2023-03-01,-353.80966412559303
H,C24,WMF,2023-04-01,-340.75269069788703
H,C24,WMF,2023-05-01,-332.13197125587095
H,C24,WMF,2023-06-01,-294.3969477202021
H,C24,WMF,2023-07-01,-317.30501701669095
H,C24,WMF,2023-08-01,-289.480862011422
H,C24,WMF,2023-09-01,-280.46375573365196
H,C24,WMF,2023-10-01,-303.241078096399
H,C24,WMF,2023-11-01,-296.90657891787595
H,C24,WMF,2023-12-01,-326.63824445331807
H,C24,WMF,2024-01-01,-260.334429711954
H,C24,WMF,2024-02-01,-297.42906312049604
H,C24,WMF,2024-03-01,-286.5626115006021
H,C24,WMF,2024-04-01,-304.94497020681894
H,C24,WMF,2024-05-01,-286.68681241134914
H,C24,WMF,2024-06-01,-298.9033119200159
H,C24,WMF,2024-07-01,-338.86143480611594
H,C24,WMF,2024-08-01,-322.16111824866596
H,C24,WMF,2024-09-01,-342.522021419259
H,C24,WMF,2024-10-01,-326.20682520329206
H,C24,WMF,2024-11-01,-312.095655576411
H,C24,WMF,2024-12-01,-294.946890078936
H,C24,WMF,2025-01-01,-334.57180826051604
H,C24,WMF,2025-02-01,-313.8217632067971
H,C24,WMF,2025-03-01,-307.69484871017505
H,C24,WMF,2025-04-01,-302.656938288677
H,C24,WMF,2025-05-01,-297.44791010273303
H,C24,WMF,2025-06-01,-280.173714923519
H,C24,WMF,2025-07-01,-294.39720464815093
H,C24,WMF,2025-08-01,-294.6960407436599
H,C24,WMF,2025-09-01,-289.926335432181
H,C24,WMF,2025-10-01,-286.66358711727196
H,C24,WMF,2025-11-01,-297.97414598379805
H,C24,WMF,2025-12-01,-303.55736342876895
H,C24,WMF,2026-01-01,-301.34375793746506
H,C24,WMF,2026-02-01,-299.58801875755796
H,C24,WMF,2026-03-01,-310.47442392388507
H,C24,WMF,2026-04-01,-309.59357287774594
H,C24,WMF,2026-05-01,-302.901395501537
H,C24,WMF,2026-06-01,-352.890397619692
H,C24,WMF,2026-07-01,-299.935042095008
H,C25,WMF,2012-01-01,7.582137426832958
H,C25,WMF,2012-02-01,-0.23722559490397543
H,C25,WMF,2012-03-01,-13.473558584752027
H,C25,WMF,2012-04-01,-14.524969268122959
H,C25,WMF,2012-05-01,-24.780424459976018
H,C25,WMF,2012-06-01,-26.696212848883988
H,C25,WMF,2012-07-01,-40.076798131670955
H,C25,WMF,2012-08-01,-15.519249471247008
H,C25,WMF,2012-09-01,-48.883910198593014
H,C25,WMF,2012-10-01,-53.74130103241998
H,C25,WMF,2012-11-01,-67.39370628943203
H,C25,WMF,2012-12-01,-60.46272458273398
H,C25,WMF,2013-01-01,-53.85637610718999
H,C25,WMF,2013-02-01,-42.14163474551805
H,C25,WMF,2013-03-01,-40.521011690536056
H,C25,WMF,2013-04-01,-59.071142595100014
H,C25,WMF,2013-05-01,-60.661223247196006
H,C25,WMF,2013-06-01,-52.00053738425606
H,C25,WMF,2013-07-01,-39.33992543175003
H,C25,WMF,2013-08-01,-48.57101257200401
H,C25,WMF,2013-09-01,-33.26390243271999
H,C25,WMF,2013-10-01,-54.91474153798305
H,C25,WMF,2013-11-01,-80.84831245326495
H,C25,WMF,2013-12-01,-68.15079641923597
H,C25,WMF,2014-01-01,-65.82973836468199
H,C25,WMF,2014-02-01,-90.55954856183797
H,C25,WMF,2014-03-01,-53.48232542099896
H,C25,WMF,2014-04-01,-53.34089750205902
H,C25,WMF,2014-05-01,-52.669126519975066
H,C25,WMF,2014-06-01,-64.60594969727202
H,C25,WMF,2014-07-01,-62.062694451085974
H,C25,WMF,2014-08-01,-71.52768029276092
H,C25,WMF,2014-09-01,-50.90594812111601
H,C25,WMF,2014-10-01,-33.2748437158059
H,C25,WMF,2014-11-01,-58.56167330601198
H,C25,WMF,2014-12-01,-58.73526272532598
H,C25,WMF,2015-01-01,-26.301150928418963
H,C25,WMF,2015-02-01,-30.21772371819401
H,C25,WMF,2015-03-01,-28.885254674102043
H,C25,WMF,2015-04-01,-36.71444410143903
H,C25,WMF,2015-05-01,-42.10090238832197
H,C25,WMF,2015-06-01,-35.72889649336304
H,C25,WMF,2015-07-01,-57.573806534146
H,C25,WMF,2015-08-01,-36.53431012651703
H,C25,WMF,2015-09-01,-59.25980012192696
H,C25,WMF,2015-10-01,-47.54396446505899
H,C25,WMF,2015-11-01,-65.339966318689
H,C25,WMF,2015-12-01,-42.790445438353004
H,C25,WMF,2016-01-01,-20.89078971407497
H,C25,WMF,2016-02-01,-60.20687744368098
H,C25,WMF,2016-03-01,-62.74078899878998
H,C25,WMF,2016-04-01,-46.814080571309944
H,C25,WMF,2016-05-01,-47.62973349903194
H,C25,WMF,2016-06-01,-54.78918726500996
H,C25,WMF,2016-07-01,-31.932988688224953
H,C25,WMF,2016-08-01,-34.352629357133026
H,C25,WMF,2016-09-01,-45.88116678218
H,C25,WMF,2016-10-01,-132.58162107750002
H,C25,WMF,2016-11-01,-29.231627368892987
H,C25,WMF,2016-12-01,-41.204789872210995
H,C25,WMF,2017-01-01,-33.435015215919975
H,C25,WMF,2017-02-01,-10.776538115320989
H,C25,WMF,2017-03-01,-30.88546560339296
H,C25,WMF,2017-04-01,-20.052934306658017
H,C25,WMF,2017-05-01,-36.339908349843995
H,C25,WMF,2017-06-01,-22.029660447622007
H,C25,WMF,2017-07-01,-30.790550213574022
H,C25,WMF,2017-08-01,-60.839768689185064
H,C25,WMF,2017-09-01,-36.426258036177956
H,C25,WMF,2017-10-01,-62.4512318505229
H,C25,WMF,2017-11-01,-33.730553662370994
H,C25,WMF,2017-12-01,-27.012162973361
H,C25,WMF,2018-01-01,-27.695171413350067
H,C25,WMF,2018-02-01,-57.175230797479855
H,C25,WMF,2018-03-01,-55.913355715151965
H,C25,WMF,2018-04-01,-50.195836216299995
H,C25,WMF,2018-05-01,-43.09812401107786
H,C25,WMF,2018-06-01,-60.348715684556964
H,C25,WMF,2018-07-01,-64.57212424392503
H,C25,WMF,2018-08-01,-54.82652100512507
H,C25,WMF,2018-09-01,-44.17985616421896
H,C25,WMF,2018-10-01,-41.406707692779946
H,C25,WMF,2018-11-01,-30.30880024664293
H,C25,WMF,2018-12-01,-56.63114405239298
H,C25,WMF,2019-01-01,-77.48789513509689
H,C25,WMF,2019-02-01,-63.38310016582204
H,C25,WMF,2019-03-01,-45.622506674389
H,C25,WMF,2019-04-01,-60.64963938908602
H,C25,WMF,2019-05-01,-51.396434279670075
H,C25,WMF,2019-06-01,-71.80787404496107
H,C25,WMF,2019-07-01,-23.488331447013024
H,C25,WMF,2019-08-01,-48.506146883355996
H,C25,WMF,2019-09-01,-38.94212613967204
H,C25,WMF,2019-10-01,-36.41588480815295
H,C25,WMF,2019-11-01,-53.83122788323408
H,C25,WMF,2019-12-01,-18.88042820983901
H,C25,WMF,2020-01-01,-25.407726829717944
H,C25,WMF,2020-02-01,12.595730013497928
H,C25,WMF,2020-03-01,-50.89378765252303
H,C25,WMF,2020-04-01,-6.811246875852021
H,C25,WMF,2020-05-01,-59.924757810709934
H,C25,WMF,2020-06-01,-57.75461913072593
H,C25,WMF,2020-07-01,-59.30764082425799
H,C25,WMF,2020-08-01,-25.90558691806092
H,C25,WMF,2020-09-01,-10.252837670014912
H,C25,WMF,2020-10-01,-27.379418747153125
H,C25,WMF,2020-11-01,-36.647665013920914
H,C25,WMF,2020-12-01,13.4309432174
H,C25,WMF,2021-01-01,-19.04559742863205
H,C25,WMF,2021-02-01,-21.324038061804117
H,C25,WMF,2021-03-01,-57.49933404725891
H,C25,WMF,2021-04-01,-47.12501390331204
H,C25,WMF,2021-05-01,-38.80415006188298
H,C25,WMF,2021-06-01,-30.792729833937983
H,C25,WMF,2021-07-01,-47.535249222587026
H,C25,WMF,2021-08-01,-43.036747589799006
H,C25,WMF,2021-09-01,-86.82328096245806
H,C25,WMF,2021-10-01,-71.74876717652
H,C25,WMF,2021-11-01,-68.09999439858996
H,C25,WMF,2021-12-01,-76.43213424839001
H,C25,WMF,2022-01-01,-61.904544764315915
H,C25,WMF,2022-02-01,-83.56770274865698
H,C25,WMF,2022-03-01,-81.52408433103108
H,C25,WMF,2022-04-01,-60.262174077157056
H,C25,WMF,2022-05-01,-56.98315136955091
H,C25,WMF,2022-06-01,-13.892015010478985
H,C25,WMF,2022-07-01,-44.524942420342995
H,C25,WMF,2022-08-01,-68.31063660403697
H,C25,WMF,2022-09-01,-39.83749751938001
H,C25,WMF,2022-10-01,-77.49405697934606
H,C25,WMF,2022-11-01,-79.56138741702296
H,C25,WMF,2022-12-01,-57.855998159066985
H,C25,WMF,2023-01-01,-63.28535302440997
H,C25,WMF,2023-02-01,-30.021175141726076
H,C25,WMF,2023-03-01,-19.39164702821506
H,C25,WMF,2023-04-01,6.755496252809053
H,C25,WMF,2023-05-01,-27.27110814327
H,C25,WMF,2023-06-01,-8.60873203820006
H,C25,WMF,2023-07-01,15.29394127779699
H,C25,WMF,2023-08-01,-10.571752962015012
H,C25,WMF,2023-09-01,-19.666894461712957
H,C25,WMF,2023-10-01,5.851823542392026
H,C25,WMF,2023-11-01,4.308121152275021
H,C25,WMF,2023-12-01,58.47120566714898
H,C25,WMF,2024-01-01,-10.12732947733997
H,C25,WMF,2024-02-01,-3.7588598778919504
H,C25,WMF,2024-03-01,2.0538813189100438
H,C25,WMF,2024-04-01,-19.789441523454002
H,C25,WMF,2024-05-01,-2.7629740347400116
H,C25,WMF,2024-06-01,-3.1917853717960156
H,C25,WMF,2024-07-01,-23.689573890489953
H,C25,WMF,2024-08-01,-10.346110292143976
H,C25,WMF,2024-09-01,-8.290326903874018
H,C25,WMF,2024-10-01,3.269532496245972
H,C25,WMF,2024-11-01,-13.902254559991036
H,C25,WMF,2024-12-01,-22.41273325789001
H,C25,WMF,2025-01-01,-8.89770733553894
H,C25,WMF,2025-02-01,-6.139449915072987
H,C25,WMF,2025-03-01,-12.758649834292044
H,C25,WMF,2025-04-01,-13.64071426180601
H,C25,WMF,2025-05-01,6.106883082003947
H,C25,WMF,2025-06-01,-37.026920967500985
H,C25,WMF,2025-07-01,-14.717173948952961
H,C25,WMF,2025-08-01,-9.231511965727066
H,C25,WMF,2025-09-01,27.623769460116932
H,C25,WMF,2025-10-01,-12.743866267678925
H,C25,WMF,2025-11-01,13.088681611024015
H,C25,WMF,2025-12-01,1.1886149765069831
H,C25,WMF,2026-01-01,29.88115416869698
H,C25,WMF,2026-02-01,-15.543883371977984
H,C25,WMF,2026-03-01,-29.212848318077988
H,C25,WMF,2026-04-01,-5.85611702776805
H,C25,WMF,2026-05-01,-31.875152835400968
H,C25,WMF,2026-06-01,-0.5218830610040186
H,C25,WMF,2026-07-01,-18.82334228042197
H,C26,WMF,2012-01-01,1354.4588873467003
H,C26,WMF,2012-02-01,1238.39356295199
H,C26,WMF,2012-03-01,1330.50510675177
H,C26,WMF,2012-04-01,1387.8046270579503
H,C26,WMF,2012-05-01,1513.01909529567
H,C26,WMF,2012-06-01,1423.00722588596
H,C26,WMF,2012-07-01,1418.2588732980003
H,C26,WMF,2012-08-01,1365.9068040595105
H,C26,WMF,2012-09-01,1327.1159146063596
H,C26,WMF,2012-10-01,1450.4321077486902
H,C26,WMF,2012-11-01,1399.70058791359
H,C26,WMF,2012-12-01,1386.9123866045602
H,C26,WMF,2013-01-01,1329.5129983700601
H,C26,WMF,2013-02-01,1229.6069331247202
H,C26,WMF,2013-03-01,1412.26342146572
H,C26,WMF,2013-04-01,1302.9152994717203
H,C26,WMF,2013-05-01,1395.0880720555901
H,C26,WMF,2013-06-01,1376.01798505786
H,C26,WMF,2013-07-01,1410.25405386109
H,C26,WMF,2013-08-01,1403.2638428516398
H,C26,WMF,2013-09-01,1463.85106250429
H,C26,WMF,2013-10-01,1378.1572363597097
H,C26,WMF,2013-11-01,1383.8417324600298
H,C26,WMF,2013-12-01,1337.4110628119204
H,C26,WMF,2014-01-01,1275.9881699234597
H,C26,WMF,2014-02-01,1344.7336716572897
H,C26,WMF,2014-03-01,1305.31871796025
H,C26,WMF,2014-04-01,1342.5779564386203
H,C26,WMF,2014-05-01,1341.8382506007497
H,C26,WMF,2014-06-01,1329.57414615794
H,C26,WMF,2014-07-01,1495.19353638956
H,C26,WMF,2014-08-01,1408.4625064090903
H,C26,WMF,2014-09-01,1329.86112701954
H,C26,WMF,2014-10-01,1496.05091559827
H,C26,WMF,2014-11-01,1412.28612919807
H,C26,WMF,2014-12-01,1400.2140720964305
H,C26,WMF,2015-01-01,1458.3079594089002
H,C26,WMF,2015-02-01,1248.56821965828
H,C26,WMF,2015-03-01,1427.0274083815004
H,C26,WMF,2015-04-01,1437.8361986265695
H,C26,WMF,2015-05-01,1323.66763314923
H,C26,WMF,2015-06-01,1371.24203567844
H,C26,WMF,2015-07-01,1136.5781227139198
H,C26,WMF,2015-08-01,1287.4754183313298
H,C26,WMF,2015-09-01,1282.5552796502902
H,C26,WMF,2015-10-01,1242.5451647265897
H,C26,WMF,2015-11-01,1233.9400218793398
H,C26,WMF,2015-12-01,1253.75343654772
H,C26,WMF,2016-01-01,1381.2985957656997
H,C26,WMF,2016-02-01,1295.0600587193499
H,C26,WMF,2016-03-01,1113.2891381114196
H,C26,WMF,2016-04-01,1120.54437687225
H,C26,WMF,2016-05-01,1116.2872157841102
H,C26,WMF,2016-06-01,1095.3916432417102
H,C26,WMF,2016-07-01,1066.71650410883
H,C26,WMF,2016-08-01,1111.22376885125
H,C26,WMF,2016-09-01,1230.2796967895001
H,C26,WMF,2016-10-01,1045.0464713226902
H,C26,WMF,2016-11-01,1119.7943022987104
H,C26,WMF,2016-12-01,1092.4872039485103
H,C26,WMF,2017-01-01,1153.0988193112998
H,C26,WMF,2017-02-01,1128.72682201959
H,C26,WMF,2017-03-01,1166.10769555178
H,C26,WMF,2017-04-01,1198.86537768485
H,C26,WMF,2017-05-01,1157.6805688302402
H,C26,WMF,2017-06-01,1146.6879741651398
H,C26,WMF,2017-07-01,1206.17368139919
H,C26,WMF,2017-08-01,1218.0705671723902
H,C26,WMF,2017-09-01,1253.9121100198304
H,C26,WMF,2017-10-01,1223.82725616612
H,C26,WMF,2017-11-01,1161.6651584553704
H,C26,WMF,2017-12-01,1113.01837140633
H,C26,WMF,2018-01-01,1257.01880523858
H,C26,WMF,2018-02-01,1219.1575290062
H,C26,WMF,2018-03-01,1218.46406387914
H,C26,WMF,2018-04-01,1296.6525360127603
H,C26,WMF,2018-05-01,1203.5853352016
H,C26,WMF,2018-06-01,1276.1511326494801
H,C26,WMF,2018-07-01,1209.70521763036
H,C26,WMF,2018-08-01,1229.92314826931
H,C26,WMF,2018-09-01,1172.8128339786106
H,C26,WMF,2018-10-01,1208.01522517749
H,C26,WMF,2018-11-01,1290.75500754271
H,C26,WMF,2018-12-01,1283.6827843045803
H,C26,WMF,2019-01-01,1214.87614498064
H,C26,WMF,2019-02-01,1329.15163922527
H,C26,WMF,2019-03-01,1270.4719323212698
H,C26,WMF,2019-04-01,1235.2387244581403
H,C26,WMF,2019-05-01,1385.06377876492
H,C26,WMF,2019-06-01,1316.45850752247
H,C26,WMF,2019-07-01,1327.87181461166
H,C26,WMF,2019-08-01,1335.8965133427203
H,C26,WMF,2019-09-01,1329.43896555321
H,C26,WMF,2019-10-01,1355.3477454244198
H,C26,WMF,2019-11-01,1288.3858359645599
H,C26,WMF,2019-12-01,1419.0304528373597
H,C26,WMF,2020-01-01,1424.6162153139999
H,C26,WMF,2020-02-01,1391.16701341941
H,C26,WMF,2020-03-01,970.6714275774298
H,C26,WMF,2020-04-01,41.506593315220016
H,C26,WMF,2020-05-01,180.98339024245
H,C26,WMF,2020-06-01,532.78069370701
H,C26,WMF,2020-07-01,954.7130837116197
H,C26,WMF,2020-08-01,1284.5404534815698
H,C26,WMF,2020-09-01,1168.6592603688403
H,C26,WMF,2020-10-01,1313.7845786984599
H,C26,WMF,2020-11-01,1263.1099750032001
H,C26,WMF,2020-12-01,1314.5690154531899
H,C26,WMF,2021-01-01,1383.65720213366
H,C26,WMF,2021-02-01,1146.7046724978802
H,C26,WMF,2021-03-01,1310.529066832
H,C26,WMF,2021-04-01,1368.4803202649096
H,C26,WMF,2021-05-01,1379.1553228565901
H,C26,WMF,2021-06-01,1386.2466783544803
H,C26,WMF,2021-07-01,1498.26557687841
H,C26,WMF,2021-08-01,1461.1661872944198
H,C26,WMF,2021-09-01,1508.0217813042102
H,C26,WMF,2021-10-01,1439.3858638477
H,C26,WMF,2021-11-01,1458.7015433445297
H,C26,WMF,2021-12-01,1264.1069665376497
H,C26,WMF,2022-01-01,1416.25583452125
H,C26,WMF,2022-02-01,1520.5009624532404
H,C26,WMF,2022-03-01,1555.7324850043399
H,C26,WMF,2022-04-01,1393.3763597063603
H,C26,WMF,2022-05-01,1417.7565446984297
H,C26,WMF,2022-06-01,1424.3694910008398
H,C26,WMF,2022-07-01,1566.1736802378496
H,C26,WMF,2022-08-01,1430.69502798579
H,C26,WMF,2022-09-01,1582.90627777392
H,C26,WMF,2022-10-01,1554.5832324362195
H,C26,WMF,2022-11-01,1614.9657280931099
H,C26,WMF,2022-12-01,1523.1425218055497
H,C26,WMF,2023-01-01,1597.9939039140602
H,C26,WMF,2023-02-01,1647.2885549529096
H,C26,WMF,2023-03-01,1709.60512093754
H,C26,WMF,2023-04-01,1676.5735104067696
H,C26,WMF,2023-05-01,1703.17523587518
H,C26,WMF,2023-06-01,1757.9537581716204
H,C26,WMF,2023-07-01,1626.1050619320104
H,C26,WMF,2023-08-01,1650.5811100861797
H,C26,WMF,2023-09-01,1796.6379557342498
H,C26,WMF,2023-10-01,1821.3795568758103
H,C26,WMF,2023-11-01,1911.21637178048
H,C26,WMF,2023-12-01,1844.8477587379202
H,C26,WMF,2024-01-01,1710.96120754877
H,C26,WMF,2024-02-01,1742.7034672319596
H,C26,WMF,2024-03-01,1714.5351203954503
H,C26,WMF,2024-04-01,1751.01332946241
H,C26,WMF,2024-05-01,1796.4627166092098
H,C26,WMF,2024-06-01,1779.52450859392
H,C26,WMF,2024-07-01,1653.9166595273498
H,C26,WMF,2024-08-01,2015.26436386947
H,C26,WMF,2024-09-01,1737.5748522967
H,C26,WMF,2024-10-01,1787.46258597468
H,C26,WMF,2024-11-01,1748.6458681621
H,C26,WMF,2024-12-01,1709.8384368380098
H,C26,WMF,2025-01-01,1764.0035793720097
H,C26,WMF,2025-02-01,1658.22444931557
H,C26,WMF,2025-03-01,1835.379614922
H,C26,WMF,2025-04-01,2249.7215970889
H,C26,WMF,2025-05-01,1676.25126243711
H,C26,WMF,2025-06-01,1742.9104095535
H,C26,WMF,2025-07-01,1722.9426132251901
H,C26,WMF,2025-08-01,1733.00924501544
H,C26,WMF,2025-09-01,1702.3324620850503
H,C26,WMF,2025-10-01,1631.15332109741
H,C26,WMF,2025-11-01,1692.76801405587
H,C26,WMF,2025-12-01,1732.76820065058
H,C26,WMF,2026-01-01,1814.03800960806
H,C26,WMF,2026-02-01,1780.1644971662604
H,C26,WMF,2026-03-01,1649.8386025428601
H,C26,WMF,2026-04-01,1699.08670007602
H,C26,WMF,2026-05-01,1659.6726427211597
H,C26,WMF,2026-06-01,1807.96820892948
H,C26,WMF,2026-07-01,1892.9802610463703
H,C2652,WMF,2012-01-01,1381.470466580289
H,C2652,WMF,2012-02-01,1413.88419316575
H,C2652,WMF,2012-03-01,1498.948114391957
H,C2652,WMF,2012-04-01,1547.4412946316938
H,C2652,WMF,2012-05-01,1679.4781837719302
H,C2652,WMF,2012-06-01,1572.009869122494
H,C2652,WMF,2012-07-01,1583.4448125376161
H,C2652,WMF,2012-08-01,1541.5015082176958
H,C2652,WMF,2012-09-01,1524.5007210354408
H,C2652,WMF,2012-10-01,1584.4550715558642
H,C2652,WMF,2012-11-01,1608.740432594913
H,C2652,WMF,2012-12-01,1679.1305903637099
H,C2652,WMF,2013-01-01,1532.474390005218
H,C2652,WMF,2013-02-01,1499.541923774899
H,C2652,WMF,2013-03-01,1609.289904627876
H,C2652,WMF,2013-04-01,1483.6692396781123
H,C2652,WMF,2013-05-01,1568.7799984658761
H,C2652,WMF,2013-06-01,1593.989388443782
H,C2652,WMF,2013-07-01,1594.820412246077
H,C2652,WMF,2013-08-01,1563.773538516769
H,C2652,WMF,2013-09-01,1645.2165809019161
H,C2652,WMF,2013-10-01,1612.569497983601
H,C2652,WMF,2013-11-01,1587.912070071073
H,C2652,WMF,2013-12-01,1596.631857776314
H,C2652,WMF,2014-01-01,1490.909889453181
H,C2652,WMF,2014-02-01,1615.4465188253448
H,C2652,WMF,2014-03-01,1545.5732532433028
H,C2652,WMF,2014-04-01,1608.6543755403559
H,C2652,WMF,2014-05-01,1623.768288644701
H,C2652,WMF,2014-06-01,1552.378631162987
H,C2652,WMF,2014-07-01,1684.178606032293
H,C2652,WMF,2014-08-01,1617.212110610353
H,C2652,WMF,2014-09-01,1622.002348733126
H,C2652,WMF,2014-10-01,1637.3892129294381
H,C2652,WMF,2014-11-01,1574.870849740945
H,C2652,WMF,2014-12-01,1565.636866036657
H,C2652,WMF,2015-01-01,1602.000163439139
H,C2652,WMF,2015-02-01,1555.5623866858261
H,C2652,WMF,2015-03-01,1588.798914539778
H,C2652,WMF,2015-04-01,1634.5591777128311
H,C2652,WMF,2015-05-01,1477.860616270146
H,C2652,WMF,2015-06-01,1565.116276525012
H,C2652,WMF,2015-07-01,1421.6190364695808
H,C2652,WMF,2015-08-01,1513.9503619531472
H,C2652,WMF,2015-09-01,1443.6813751965922
H,C2652,WMF,2015-10-01,1476.045352534728
H,C2652,WMF,2015-11-01,1469.031834273714
H,C2652,WMF,2015-12-01,1445.281308448811
H,C2652,WMF,2016-01-01,1489.497730831376
H,C2652,WMF,2016-02-01,1415.158965641542
H,C2652,WMF,2016-03-01,1355.171807041477
H,C2652,WMF,2016-04-01,1284.2709309492898
H,C2652,WMF,2016-05-01,1297.8104904177492
H,C2652,WMF,2016-06-01,1302.4478987745301
H,C2652,WMF,2016-07-01,1248.5458609254179
H,C2652,WMF,2016-08-01,1298.451308714104
H,C2652,WMF,2016-09-01,1284.334091759879
H,C2652,WMF,2016-10-01,1253.468779683124
H,C2652,WMF,2016-11-01,1277.0566392169048
H,C2652,WMF,2016-12-01,1357.376798886725
H,C2652,WMF,2017-01-01,1320.5153865234581
H,C2652,WMF,2017-02-01,1349.325220538134
H,C2652,WMF,2017-03-01,1297.4233755074251
H,C2652,WMF,2017-04-01,1457.3541138996302
H,C2652,WMF,2017-05-01,1392.947802571647
H,C2652,WMF,2017-06-01,1382.5570671621902
H,C2652,WMF,2017-07-01,1465.5976645150179
H,C2652,WMF,2017-08-01,1461.331944584163
H,C2652,WMF,2017-09-01,1468.055498898987
H,C2652,WMF,2017-10-01,1370.728776431167
H,C2652,WMF,2017-11-01,1410.994735881071
H,C2652,WMF,2017-12-01,1410.372131268542
H,C2652,WMF,2018-01-01,1475.488124744008
H,C2652,WMF,2018-02-01,1476.7670010399172
H,C2652,WMF,2018-03-01,1522.52498029122
H,C2652,WMF,2018-04-01,1512.619423330102
H,C2652,WMF,2018-05-01,1492.8423194940308
H,C2652,WMF,2018-06-01,1544.2318287534151
H,C2652,WMF,2018-07-01,1417.9236409905898
H,C2652,WMF,2018-08-01,1455.302401106523
H,C2652,WMF,2018-09-01,1417.211086449893
H,C2652,WMF,2018-10-01,1442.586515973307
H,C2652,WMF,2018-11-01,1467.186236531188
H,C2652,WMF,2018-12-01,1478.5939331895158
H,C2652,WMF,2019-01-01,1492.131845987463
H,C2652,WMF,2019-02-01,1529.34593768384
H,C2652,WMF,2019-03-01,1518.06395381922
H,C2652,WMF,2019-04-01,1573.1507173076739
H,C2652,WMF,2019-05-01,1693.43087290991
H,C2652,WMF,2019-06-01,1548.8149909248311
H,C2652,WMF,2019-07-01,1516.233324577704
H,C2652,WMF,2019-08-01,1485.7546787692502
H,C2652,WMF,2019-09-01,1515.187427925417
H,C2652,WMF,2019-10-01,1490.883741680817
H,C2652,WMF,2019-11-01,1454.1375972846972
H,C2652,WMF,2019-12-01,1522.341083733311
H,C2652,WMF,2020-01-01,1598.435798216895
H,C2652,WMF,2020-02-01,1369.4695004770049
H,C2652,WMF,2020-03-01,1226.2467721789421
H,C2652,WMF,2020-04-01,366.72757552445
H,C2652,WMF,2020-05-01,568.924873838939
H,C2652,WMF,2020-06-01,953.5993195008439
H,C2652,WMF,2020-07-01,1259.156746999818
H,C2652,WMF,2020-08-01,1545.9995951537471
H,C2652,WMF,2020-09-01,1289.15286510607
H,C2652,WMF,2020-10-01,1427.361001637566
H,C2652,WMF,2020-11-01,1446.4304161739249
H,C2652,WMF,2020-12-01,1510.656347367685
H,C2652,WMF,2021-01-01,1599.1773533556109
H,C2652,WMF,2021-02-01,1411.788962832083
H,C2652,WMF,2021-03-01,1594.533985954588
H,C2652,WMF,2021-04-01,1600.6717063604842
H,C2652,WMF,2021-05-01,1625.772113447134
H,C2652,WMF,2021-06-01,1654.9873587549698
H,C2652,WMF,2021-07-01,1708.613532278
H,C2652,WMF,2021-08-01,1603.120492385993
H,C2652,WMF,2021-09-01,1594.097472384292
H,C2652,WMF,2021-10-01,1613.096263279239
H,C2652,WMF,2021-11-01,1614.875764770593
H,C2652,WMF,2021-12-01,1590.2638647004019
H,C2652,WMF,2022-01-01,1682.1965226690913
H,C2652,WMF,2022-02-01,1757.486408307032
H,C2652,WMF,2022-03-01,1785.1213889795831
H,C2652,WMF,2022-04-01,1793.141864085941
H,C2652,WMF,2022-05-01,1722.2058033783237
H,C2652,WMF,2022-06-01,1808.402220148665
H,C2652,WMF,2022-07-01,1844.9207067800792
H,C2652,WMF,2022-08-01,1811.748213150497
H,C2652,WMF,2022-09-01,1883.612068910092
H,C2652,WMF,2022-10-01,1877.640456137874
H,C2652,WMF,2022-11-01,1821.9629557300611
H,C2652,WMF,2022-12-01,1803.7608385080869
H,C2652,WMF,2023-01-01,1797.906112576628
H,C2652,WMF,2023-02-01,1985.228632148754
H,C2652,WMF,2023-03-01,1992.0663340549143
H,C2652,WMF,2023-04-01,1971.193700472159
H,C2652,WMF,2023-05-01,2021.6764688648832
H,C2652,WMF,2023-06-01,2018.574371694841
H,C2652,WMF,2023-07-01,1917.503649578676
H,C2652,WMF,2023-08-01,1889.785833710987
H,C2652,WMF,2023-09-01,2054.485204419458
H,C2652,WMF,2023-10-01,1952.4713207339028
H,C2652,WMF,2023-11-01,2016.853548293158
H,C2652,WMF,2023-12-01,1997.8707843347051
H,C2652,WMF,2024-01-01,1860.938640376784
H,C2652,WMF,2024-02-01,1851.981671101548
H,C2652,WMF,2024-03-01,1932.949033466728
H,C2652,WMF,2024-04-01,1885.2014073268358
H,C2652,WMF,2024-05-01,1980.661483770055
H,C2652,WMF,2024-06-01,1988.0554092605207
H,C2652,WMF,2024-07-01,1816.71268696259
H,C2652,WMF,2024-08-01,2076.0135072615703
H,C2652,WMF,2024-09-01,1828.390997833431
H,C2652,WMF,2024-10-01,1893.595562776619
H,C2652,WMF,2024-11-01,1910.3907738731161
H,C2652,WMF,2024-12-01,1848.162180087636
H,C2652,WMF,2025-01-01,1910.56643803833
H,C2652,WMF,2025-02-01,1743.6988105981768
H,C2652,WMF,2025-03-01,1943.6514531312491
H,C2652,WMF,2025-04-01,2350.083680630917
H,C2652,WMF,2025-05-01,1840.569824514478
H,C2652,WMF,2025-06-01,1836.33914415845
H,C2652,WMF,2025-07-01,1978.7287363919677
H,C2652,WMF,2025-08-01,1807.8647182300701
H,C2652,WMF,2025-09-01,1746.750761478097
H,C2652,WMF,2025-10-01,1760.317327544087
H,C2652,WMF,2025-11-01,1812.209961034426
H,C2652,WMF,2025-12-01,1914.9225691745978
H,C2652,WMF,2026-01-01,1904.3012308843631
H,C2652,WMF,2026-02-01,1926.2956896148128
H,C2652,WMF,2026-03-01,1843.310919025048
H,C2652,WMF,2026-04-01,1922.97259351868
H,C2652,WMF,2026-05-01,1916.3648702450182
H,C2652,WMF,2026-06-01,1985.741833627156
H,C2652,WMF,2026-07-01,2127.3447114107917
H,C27,WMF,2012-01-01,191.54775947865892
H,C27,WMF,2012-02-01,190.54903566648397
H,C27,WMF,2012-03-01,177.873686884834
H,C27,WMF,2012-04-01,151.0841731444989
H,C27,WMF,2012-05-01,182.136513740581
H,C27,WMF,2012-06-01,179.64901200932206
H,C27,WMF,2012-07-01,184.411433758062
H,C27,WMF,2012-08-01,167.44026874076303
H,C27,WMF,2012-09-01,175.41702541040604
H,C27,WMF,2012-10-01,158.07850725465198
H,C27,WMF,2012-11-01,218.15602791546098
H,C27,WMF,2012-12-01,172.44191447460594
H,C27,WMF,2013-01-01,176.87286585302002
H,C27,WMF,2013-02-01,164.0482630680259
H,C27,WMF,2013-03-01,134.34703750981407
H,C27,WMF,2013-04-01,178.08903410386904
H,C27,WMF,2013-05-01,159.31847475150187
H,C27,WMF,2013-06-01,158.24187702841903
H,C27,WMF,2013-07-01,157.53121417144087
H,C27,WMF,2013-08-01,190.78070461433992
H,C27,WMF,2013-09-01,174.58432027409185
H,C27,WMF,2013-10-01,190.04454781160996
H,C27,WMF,2013-11-01,163.47338387930802
H,C27,WMF,2013-12-01,159.02629985497788
H,C27,WMF,2014-01-01,127.700008073336
H,C27,WMF,2014-02-01,145.3613056611449
H,C27,WMF,2014-03-01,130.15452279725196
H,C27,WMF,2014-04-01,124.09654572433101
H,C27,WMF,2014-05-01,123.41231830451898
H,C27,WMF,2014-06-01,169.12531992921606
H,C27,WMF,2014-07-01,166.06862876613502
H,C27,WMF,2014-08-01,111.8749149648819
H,C27,WMF,2014-09-01,115.97376003433885
H,C27,WMF,2014-10-01,122.46546669418103
H,C27,WMF,2014-11-01,102.87145343147199
H,C27,WMF,2014-12-01,102.04067534346007
H,C27,WMF,2015-01-01,119.13254168895605
H,C27,WMF,2015-02-01,141.15106257999787
H,C27,WMF,2015-03-01,125.08618026691295
H,C27,WMF,2015-04-01,164.67008452225696
H,C27,WMF,2015-05-01,128.82473950936594
H,C27,WMF,2015-06-01,101.42529414303692
H,C27,WMF,2015-07-01,100.26590659404599
H,C27,WMF,2015-08-01,161.87614603065106
H,C27,WMF,2015-09-01,35.87701682270699
H,C27,WMF,2015-10-01,86.68905176390206
H,C27,WMF,2015-11-01,128.06750402160208
H,C27,WMF,2015-12-01,85.22628436631805
H,C27,WMF,2016-01-01,95.36909646752292
H,C27,WMF,2016-02-01,77.53958870750398
H,C27,WMF,2016-03-01,95.24585106198504
H,C27,WMF,2016-04-01,114.13460241168605
H,C27,WMF,2016-05-01,115.98891118943902
H,C27,WMF,2016-06-01,95.14790678973088
H,C27,WMF,2016-07-01,99.62204588566192
H,C27,WMF,2016-08-01,118.7976547740019
H,C27,WMF,2016-09-01,127.071955343367
H,C27,WMF,2016-10-01,105.48895825551881
H,C27,WMF,2016-11-01,107.06896178434397
H,C27,WMF,2016-12-01,77.3122737225699
H,C27,WMF,2017-01-01,114.96921158956593
H,C27,WMF,2017-02-01,78.39537098538199
H,C27,WMF,2017-03-01,107.72753568707185
H,C27,WMF,2017-04-01,53.79485501378406
H,C27,WMF,2017-05-01,45.54456827337708
H,C27,WMF,2017-06-01,90.20915776349398
H,C27,WMF,2017-07-01,120.07117273843801
H,C27,WMF,2017-08-01,84.66914082444703
H,C27,WMF,2017-09-01,91.73815186665809
H,C27,WMF,2017-10-01,58.01062332999402
H,C27,WMF,2017-11-01,61.225679879925906
H,C27,WMF,2017-12-01,65.75067538494488
H,C27,WMF,2018-01-01,76.3808514107451
H,C27,WMF,2018-02-01,52.92707069988296
H,C27,WMF,2018-03-01,73.37117712238398
H,C27,WMF,2018-04-01,79.51845569351497
H,C27,WMF,2018-05-01,65.38178666341798
H,C27,WMF,2018-06-01,69.67397065814498
H,C27,WMF,2018-07-01,54.44125851237504
H,C27,WMF,2018-08-01,55.86724572962498
H,C27,WMF,2018-09-01,143.5578932077251
H,C27,WMF,2018-10-01,46.14225273976194
H,C27,WMF,2018-11-01,69.26609043824499
H,C27,WMF,2018-12-01,47.64804297122305
H,C27,WMF,2019-01-01,48.19747296526998
H,C27,WMF,2019-02-01,55.66094489930606
H,C27,WMF,2019-03-01,50.87548235980603
H,C27,WMF,2019-04-01,47.50114327077199
H,C27,WMF,2019-05-01,94.8595558041219
H,C27,WMF,2019-06-01,94.14941316528802
H,C27,WMF,2019-07-01,79.45167602462107
H,C27,WMF,2019-08-01,49.68655490049707
H,C27,WMF,2019-09-01,55.69878851777207
H,C27,WMF,2019-10-01,77.99706497177294
H,C27,WMF,2019-11-01,57.75399200212394
H,C27,WMF,2019-12-01,75.37772839580202
H,C27,WMF,2020-01-01,-7.36034182346998
H,C27,WMF,2020-02-01,59.07112093961803
H,C27,WMF,2020-03-01,59.76033362061594
H,C27,WMF,2020-04-01,102.40935355509203
H,C27,WMF,2020-05-01,-37.025061908776024
H,C27,WMF,2020-06-01,-37.491345272038984
H,C27,WMF,2020-07-01,-8.05791336829509
H,C27,WMF,2020-08-01,16.716998521919095
H,C27,WMF,2020-09-01,37.475114620554905
H,C27,WMF,2020-10-01,40.15451413800304
H,C27,WMF,2020-11-01,51.59430061718092
H,C27,WMF,2020-12-01,52.48627006148104
H,C27,WMF,2021-01-01,46.04688816436192
H,C27,WMF,2021-02-01,38.629489869569056
H,C27,WMF,2021-03-01,3.0805026775460647
H,C27,WMF,2021-04-01,8.337744425361052
H,C27,WMF,2021-05-01,-23.817439866078075
H,C27,WMF,2021-06-01,25.678998051052986
H,C27,WMF,2021-07-01,-1.010857674190106
H,C27,WMF,2021-08-01,11.566523518177974
H,C27,WMF,2021-09-01,-14.641792628986991
H,C27,WMF,2021-10-01,-25.775118162157014
H,C27,WMF,2021-11-01,-9.245150122116002
H,C27,WMF,2021-12-01,-22.39106505466009
H,C27,WMF,2022-01-01,1.3823008564620523
H,C27,WMF,2022-02-01,-12.181236469401028
H,C27,WMF,2022-03-01,-60.31983936761594
H,C27,WMF,2022-04-01,-4.571232236603009
H,C27,WMF,2022-05-01,-22.68201646036505
H,C27,WMF,2022-06-01,14.264037030450027
H,C27,WMF,2022-07-01,-29.276100912869992
H,C27,WMF,2022-08-01,-30.282975520744003
H,C27,WMF,2022-09-01,-62.56813301414502
H,C27,WMF,2022-10-01,-161.33151434280592
H,C27,WMF,2022-11-01,-78.12473218708192
H,C27,WMF,2022-12-01,-82.68736687092394
H,C27,WMF,2023-01-01,-24.055628781204064
H,C27,WMF,2023-02-01,-34.25477884669897
H,C27,WMF,2023-03-01,-30.18363135505308
H,C27,WMF,2023-04-01,-40.18927743665415
H,C27,WMF,2023-05-01,-35.30253470665912
H,C27,WMF,2023-06-01,-8.687325614551014
H,C27,WMF,2023-07-01,-20.756905065701062
H,C27,WMF,2023-08-01,-21.091254752765963
H,C27,WMF,2023-09-01,-11.801948367997056
H,C27,WMF,2023-10-01,-17.89141026649088
H,C27,WMF,2023-11-01,18.420831311104052
H,C27,WMF,2023-12-01,36.08223997478092
H,C27,WMF,2024-01-01,25.617522469662845
H,C27,WMF,2024-02-01,21.032680656873936
H,C27,WMF,2024-03-01,62.00771795870605
H,C27,WMF,2024-04-01,19.759336249522107
H,C27,WMF,2024-05-01,25.267868190851004
H,C27,WMF,2024-06-01,22.893535822852982
H,C27,WMF,2024-07-01,35.286038717391875
H,C27,WMF,2024-08-01,62.273769190886014
H,C27,WMF,2024-09-01,23.61175776684604
H,C27,WMF,2024-10-01,85.50251064392603
H,C27,WMF,2024-11-01,49.60902634402203
H,C27,WMF,2024-12-01,30.150355859521937
H,C27,WMF,2025-01-01,16.860032678859966
H,C27,WMF,2025-02-01,49.545651989964995
H,C27,WMF,2025-03-01,59.077690140237905
H,C27,WMF,2025-04-01,92.44058144014798
H,C27,WMF,2025-05-01,95.9507635399491
H,C27,WMF,2025-06-01,38.54167202457006
H,C27,WMF,2025-07-01,68.97729469203296
H,C27,WMF,2025-08-01,42.75770029310593
H,C27,WMF,2025-09-01,111.84413950981491
H,C27,WMF,2025-10-01,93.52008860763294
H,C27,WMF,2025-11-01,53.876584599084936
H,C27,WMF,2025-12-01,90.92557235469508
H,C27,WMF,2026-01-01,66.12811939916605
H,C27,WMF,2026-02-01,52.79439482550697
H,C27,WMF,2026-03-01,7.501349464337977
H,C27,WMF,2026-04-01,14.391273064198003
H,C27,WMF,2026-05-01,55.661875613657
H,C27,WMF,2026-06-01,58.19964544246204
H,C27,WMF,2026-07-01,28.536177120696948
H,C28,WMF,2012-01-01,796.3455404901499
H,C28,WMF,2012-02-01,832.4515584166702
H,C28,WMF,2012-03-01,660.0891692060902
H,C28,WMF,2012-04-01,748.2907559136797
H,C28,WMF,2012-05-01,739.6752131241399
H,C28,WMF,2012-06-01,749.95843473122
H,C28,WMF,2012-07-01,645.6673326471598
H,C28,WMF,2012-08-01,741.3661069996201
H,C28,WMF,2012-09-01,721.1967006664902
H,C28,WMF,2012-10-01,719.21872413714
H,C28,WMF,2012-11-01,733.0458695421098
H,C28,WMF,2012-12-01,610.11841591388
H,C28,WMF,2013-01-01,614.73172235522
H,C28,WMF,2013-02-01,646.2458612211199
H,C28,WMF,2013-03-01,581.7014268043899
H,C28,WMF,2013-04-01,659.3583820616104
H,C28,WMF,2013-05-01,702.0313298846099
H,C28,WMF,2013-06-01,663.82186997995
H,C28,WMF,2013-07-01,741.2640632991399
H,C28,WMF,2013-08-01,770.66470661978
H,C28,WMF,2013-09-01,716.03149558277
H,C28,WMF,2013-10-01,713.7038642461398
H,C28,WMF,2013-11-01,632.6068302020101
H,C28,WMF,2013-12-01,768.1212527438502
H,C28,WMF,2014-01-01,778.42966017703
H,C28,WMF,2014-02-01,745.0207255338403
H,C28,WMF,2014-03-01,809.03585001846
H,C28,WMF,2014-04-01,676.7808444961897
H,C28,WMF,2014-05-01,679.6624789160601
H,C28,WMF,2014-06-01,665.3311069763602
H,C28,WMF,2014-07-01,773.27951510717
H,C28,WMF,2014-08-01,698.9189654505801
H,C28,WMF,2014-09-01,697.2924820696703
H,C28,WMF,2014-10-01,730.5952394435601
H,C28,WMF,2014-11-01,724.57456340503
H,C28,WMF,2014-12-01,710.6637365885799
H,C28,WMF,2015-01-01,791.8202843001102
H,C28,WMF,2015-02-01,647.1498114236101
H,C28,WMF,2015-03-01,708.80097121971
H,C28,WMF,2015-04-01,763.7998133387302
H,C28,WMF,2015-05-01,717.22039583531
H,C28,WMF,2015-06-01,724.7643965747902
H,C28,WMF,2015-07-01,675.8426151738302
H,C28,WMF,2015-08-01,701.68011674186
H,C28,WMF,2015-09-01,650.3010445787199
H,C28,WMF,2015-10-01,733.8652656648901
H,C28,WMF,2015-11-01,639.9730453920201
H,C28,WMF,2015-12-01,566.0158810021601
H,C28,WMF,2016-01-01,624.2770158630999
H,C28,WMF,2016-02-01,645.92744473673
H,C28,WMF,2016-03-01,778.45321838885
H,C28,WMF,2016-04-01,660.1712738259303
H,C28,WMF,2016-05-01,607.33945880245
H,C28,WMF,2016-06-01,704.2576371170301
H,C28,WMF,2016-07-01,692.1998928159699
H,C28,WMF,2016-08-01,583.2943193992
H,C28,WMF,2016-09-01,651.4637888167099
H,C28,WMF,2016-10-01,663.50100243251
H,C28,WMF,2016-11-01,719.1179281043801
H,C28,WMF,2016-12-01,704.501761817
H,C28,WMF,2017-01-01,639.7226586237598
H,C28,WMF,2017-02-01,700.5312689881
H,C28,WMF,2017-03-01,660.94696339491
H,C28,WMF,2017-04-01,651.2916233713302
H,C28,WMF,2017-05-01,638.06356162314
H,C28,WMF,2017-06-01,662.5049480995699
H,C28,WMF,2017-07-01,638.4350586886599
H,C28,WMF,2017-08-01,638.3562183698402
H,C28,WMF,2017-09-01,775.1130683377501
H,C28,WMF,2017-10-01,704.67585961342
H,C28,WMF,2017-11-01,671.8858642335401
H,C28,WMF,2017-12-01,728.9687711726699
H,C28,WMF,2018-01-01,719.22048547647
H,C28,WMF,2018-02-01,715.4865551411003
H,C28,WMF,2018-03-01,697.12343937842
H,C28,WMF,2018-04-01,750.5251854058799
H,C28,WMF,2018-05-01,732.58102321207
H,C28,WMF,2018-06-01,748.2669293020497
H,C28,WMF,2018-07-01,642.38434303246
H,C28,WMF,2018-08-01,711.1153006145598
H,C28,WMF,2018-09-01,688.9136270515799
H,C28,WMF,2018-10-01,717.1216440843998
H,C28,WMF,2018-11-01,660.50054602879
H,C28,WMF,2018-12-01,647.2408204468402
H,C28,WMF,2019-01-01,654.44632209936
H,C28,WMF,2019-02-01,598.4968354754401
H,C28,WMF,2019-03-01,623.77983724
H,C28,WMF,2019-04-01,609.2380698719501
H,C28,WMF,2019-05-01,628.91902597995
H,C28,WMF,2019-06-01,516.5787413620401
H,C28,WMF,2019-07-01,613.7886725638498
H,C28,WMF,2019-08-01,539.6094106708401
H,C28,WMF,2019-09-01,508.00037593408
H,C28,WMF,2019-10-01,514.8632382336098
H,C28,WMF,2019-11-01,434.3715474114001
H,C28,WMF,2019-12-01,627.7090648663097
H,C28,WMF,2020-01-01,484.60933327971975
H,C28,WMF,2020-02-01,513.06848168245
H,C28,WMF,2020-03-01,332.05441473606015
H,C28,WMF,2020-04-01,502.8702961162601
H,C28,WMF,2020-05-01,385.85555630347017
H,C28,WMF,2020-06-01,364.4631472488097
H,C28,WMF,2020-07-01,390.40837432638
H,C28,WMF,2020-08-01,458.05531824856007
H,C28,WMF,2020-09-01,391.4536180867799
H,C28,WMF,2020-10-01,456.6569234429801
H,C28,WMF,2020-11-01,554.75518500014
H,C28,WMF,2020-12-01,562.96692119462
H,C28,WMF,2021-01-01,516.99599699445
H,C28,WMF,2021-02-01,440.38106146538985
H,C28,WMF,2021-03-01,502.2533410567901
H,C28,WMF,2021-04-01,512.7754237903498
H,C28,WMF,2021-05-01,486.9397661213702
H,C28,WMF,2021-06-01,507.9776749053801
H,C28,WMF,2021-07-01,494.5337699941399
H,C28,WMF,2021-08-01,612.0659992379199
H,C28,WMF,2021-09-01,522.0929036973002
H,C28,WMF,2021-10-01,541.6959245525
H,C28,WMF,2021-11-01,514.2172796878301
H,C28,WMF,2021-12-01,524.85554647663
H,C28,WMF,2022-01-01,660.07967424249
H,C28,WMF,2022-02-01,520.8424516126197
H,C28,WMF,2022-03-01,495.8154296908599
H,C28,WMF,2022-04-01,533.2577668250001
H,C28,WMF,2022-05-01,526.3872128252599
H,C28,WMF,2022-06-01,505.18502092127983
H,C28,WMF,2022-07-01,500.28495230120984
H,C28,WMF,2022-08-01,533.9909483536399
H,C28,WMF,2022-09-01,579.4733145907999
H,C28,WMF,2022-10-01,501.8150926829601
H,C28,WMF,2022-11-01,513.7126885818202
H,C28,WMF,2022-12-01,485.2877638735599
H,C28,WMF,2023-01-01,511.0525882422303
H,C28,WMF,2023-02-01,563.19200639376
H,C28,WMF,2023-03-01,480.46890083117
H,C28,WMF,2023-04-01,513.1944336035399
H,C28,WMF,2023-05-01,489.17412983037
H,C28,WMF,2023-06-01,501.1515325300702
H,C28,WMF,2023-07-01,497.3053982128599
H,C28,WMF,2023-08-01,515.0741328420802
H,C28,WMF,2023-09-01,505.59581042719014
H,C28,WMF,2023-10-01,575.1188937224399
H,C28,WMF,2023-11-01,503.0569713553998
H,C28,WMF,2023-12-01,513.14874207156
H,C28,WMF,2024-01-01,523.71765349632
H,C28,WMF,2024-02-01,490.27968655315
H,C28,WMF,2024-03-01,561.8083650639701
H,C28,WMF,2024-04-01,501.68895354667006
H,C28,WMF,2024-05-01,549.9071305130899
H,C28,WMF,2024-06-01,568.7973520627202
H,C28,WMF,2024-07-01,553.76976528043
H,C28,WMF,2024-08-01,470.36550164301025
H,C28,WMF,2024-09-01,448.06300862181
H,C28,WMF,2024-10-01,525.3869303074998
H,C28,WMF,2024-11-01,491.5679920530299
H,C28,WMF,2024-12-01,462.21254912055997
H,C28,WMF,2025-01-01,455.88368680962026
H,C28,WMF,2025-02-01,529.0942081727101
H,C28,WMF,2025-03-01,489.5742611196001
H,C28,WMF,2025-04-01,474.21026790144015
H,C28,WMF,2025-05-01,486.70544654268997
H,C28,WMF,2025-06-01,437.46767590639024
H,C28,WMF,2025-07-01,430.3845202179102
H,C28,WMF,2025-08-01,421.9286562265497
H,C28,WMF,2025-09-01,445.50786041826996
H,C28,WMF,2025-10-01,456.40784025225
H,C28,WMF,2025-11-01,499.94139984057006
H,C28,WMF,2025-12-01,493.5979956112401
H,C28,WMF,2026-01-01,519.2145038678202
H,C28,WMF,2026-02-01,411.4718943787798
H,C28,WMF,2026-03-01,318.82199352878
H,C28,WMF,2026-04-01,491.26781852205977
H,C28,WMF,2026-05-01,434.87288831880005
H,C28,WMF,2026-06-01,438.99232190716
H,C28,WMF,2026-07-01,493.98984114612017
H,C29,WMF,2012-01-01,-986.0691703726299
H,C29,WMF,2012-02-01,-983.271592760857
H,C29,WMF,2012-03-01,-1011.106412798701
H,C29,WMF,2012-04-01,-1017.5710332981901
H,C29,WMF,2012-05-01,-1033.956967539985
H,C29,WMF,2012-06-01,-980.0749592785021
H,C29,WMF,2012-07-01,-918.0519516209998
H,C29,WMF,2012-08-01,-821.297626393677
H,C29,WMF,2012-09-01,-973.4489113046619
H,C29,WMF,2012-10-01,-912.294875079326
H,C29,WMF,2012-11-01,-889.0802161290922
H,C29,WMF,2012-12-01,-916.9954983936932
H,C29,WMF,2013-01-01,-928.345179494719
H,C29,WMF,2013-02-01,-890.2409282358701
H,C29,WMF,2013-03-01,-908.4552132068442
H,C29,WMF,2013-04-01,-871.043269542417
H,C29,WMF,2013-05-01,-861.088331209428
H,C29,WMF,2013-06-01,-919.3507153862952
H,C29,WMF,2013-07-01,-879.295980270664
H,C29,WMF,2013-08-01,-887.3105939661599
H,C29,WMF,2013-09-01,-906.125711576418
H,C29,WMF,2013-10-01,-872.8860672817439
H,C29,WMF,2013-11-01,-898.7933015356621
H,C29,WMF,2013-12-01,-894.9454940976109
H,C29,WMF,2014-01-01,-907.3391178266818
H,C29,WMF,2014-02-01,-931.417889054888
H,C29,WMF,2014-03-01,-925.4750692506091
H,C29,WMF,2014-04-01,-924.0672800679131
H,C29,WMF,2014-05-01,-923.6929656152271
H,C29,WMF,2014-06-01,-910.846851747565
H,C29,WMF,2014-07-01,-943.305963015799
H,C29,WMF,2014-08-01,-902.124956765236
H,C29,WMF,2014-09-01,-899.489764465526
H,C29,WMF,2014-10-01,-921.6507011958101
H,C29,WMF,2014-11-01,-936.105493807189
H,C29,WMF,2014-12-01,-844.287753444044
H,C29,WMF,2015-01-01,-911.1374594881049
H,C29,WMF,2015-02-01,-944.411533476217
H,C29,WMF,2015-03-01,-923.9413395302261
H,C29,WMF,2015-04-01,-931.14029530876
H,C29,WMF,2015-05-01,-960.8680252406841
H,C29,WMF,2015-06-01,-977.831905448634
H,C29,WMF,2015-07-01,-1050.6332938118862
H,C29,WMF,2015-08-01,-983.9757413714149
H,C29,WMF,2015-09-01,-935.0796520406202
H,C29,WMF,2015-10-01,-919.5204491225988
H,C29,WMF,2015-11-01,-897.6342285116049
H,C29,WMF,2015-12-01,-770.332008579971
H,C29,WMF,2016-01-01,-941.3567144893691
H,C29,WMF,2016-02-01,-900.0434619231089
H,C29,WMF,2016-03-01,-929.1949754962709
H,C29,WMF,2016-04-01,-925.7687261072031
H,C29,WMF,2016-05-01,-897.2323978950369
H,C29,WMF,2016-06-01,-870.0142053572999
H,C29,WMF,2016-07-01,-894.607233300512
H,C29,WMF,2016-08-01,-961.062903035421
H,C29,WMF,2016-09-01,-907.0404409089309
H,C29,WMF,2016-10-01,-958.5259204360418
H,C29,WMF,2016-11-01,-966.539658783775
H,C29,WMF,2016-12-01,-900.7199530157569
H,C29,WMF,2017-01-01,-911.4605728157738
H,C29,WMF,2017-02-01,-948.0071157424809
H,C29,WMF,2017-03-01,-976.562406871706
H,C29,WMF,2017-04-01,-946.7646051654792
H,C29,WMF,2017-05-01,-973.2488273037349
H,C29,WMF,2017-06-01,-970.3957451184909
H,C29,WMF,2017-07-01,-965.5977993577711
H,C29,WMF,2017-08-01,-973.9709774769761
H,C29,WMF,2017-09-01,-978.422941147214
H,C29,WMF,2017-10-01,-992.1325445150832
H,C29,WMF,2017-11-01,-979.38531041967
H,C29,WMF,2017-12-01,-930.678765645541
H,C29,WMF,2018-01-01,-975.1337315550188
H,C29,WMF,2018-02-01,-953.4347666613099
H,C29,WMF,2018-03-01,-925.7610747677459
H,C29,WMF,2018-04-01,-997.269880466757
H,C29,WMF,2018-05-01,-1030.847565675921
H,C29,WMF,2018-06-01,-1107.849970030997
H,C29,WMF,2018-07-01,-1183.1156545994409
H,C29,WMF,2018-08-01,-922.6926394166869
H,C29,WMF,2018-09-01,-782.700314817987
H,C29,WMF,2018-10-01,-847.3286979517761
H,C29,WMF,2018-11-01,-914.662763078175
H,C29,WMF,2018-12-01,-1020.6004064428308
H,C29,WMF,2019-01-01,-1010.173134665019
H,C29,WMF,2019-02-01,-1048.183443918157
H,C29,WMF,2019-03-01,-1136.570140183821
H,C29,WMF,2019-04-01,-1085.1291534083641
H,C29,WMF,2019-05-01,-1081.010877508575
H,C29,WMF,2019-06-01,-1026.439613096328
H,C29,WMF,2019-07-01,-1037.0115827065451
H,C29,WMF,2019-08-01,-1027.184287666011
H,C29,WMF,2019-09-01,-1027.6324287377959
H,C29,WMF,2019-10-01,-1028.76653000005
H,C29,WMF,2019-11-01,-978.3026805060668
H,C29,WMF,2019-12-01,-1021.8309926890021
H,C29,WMF,2020-01-01,-1024.605658248563
H,C29,WMF,2020-02-01,-1047.6653027088312
H,C29,WMF,2020-03-01,-843.9417665493229
H,C29,WMF,2020-04-01,-274.7901401197202
H,C29,WMF,2020-05-01,-566.5833587543931
H,C29,WMF,2020-06-01,-861.3056899975279
H,C29,WMF,2020-07-01,-932.781919144467
H,C29,WMF,2020-08-01,-963.180518297748
H,C29,WMF,2020-09-01,-1017.2796281593611
H,C29,WMF,2020-10-01,-1096.9866255636848
H,C29,WMF,2020-11-01,-1192.8588675855551
H,C29,WMF,2020-12-01,-995.0229479058928
H,C29,WMF,2021-01-01,-949.5580290688899
H,C29,WMF,2021-02-01,-942.2973053439019
H,C29,WMF,2021-03-01,-933.7229444906931
H,C29,WMF,2021-04-01,-955.0456248813721
H,C29,WMF,2021-05-01,-922.5534835968481
H,C29,WMF,2021-06-01,-924.067569261244
H,C29,WMF,2021-07-01,-884.714850393019
H,C29,WMF,2021-08-01,-813.807516008432
H,C29,WMF,2021-09-01,-764.221864497005
H,C29,WMF,2021-10-01,-839.4741286960609
H,C29,WMF,2021-11-01,-956.0004834503732
H,C29,WMF,2021-12-01,-942.7875214737288
H,C29,WMF,2022-01-01,-927.388027636123
H,C29,WMF,2022-02-01,-892.26438046338
H,C29,WMF,2022-03-01,-891.9962980050869
H,C29,WMF,2022-04-01,-885.7656015841361
H,C29,WMF,2022-05-01,-965.9139089260691
H,C29,WMF,2022-06-01,-978.671547223123
H,C29,WMF,2022-07-01,-1013.131481636432
H,C29,WMF,2022-08-01,-1078.653963312608
H,C29,WMF,2022-09-01,-1077.678395971957
H,C29,WMF,2022-10-01,-1133.088111108397
H,C29,WMF,2022-11-01,-1195.1869256573518
H,C29,WMF,2022-12-01,-1121.288229700173
H,C29,WMF,2023-01-01,-1227.488093929361
H,C29,WMF,2023-02-01,-1217.103903997163
H,C29,WMF,2023-03-01,-1194.0265617570021
H,C29,WMF,2023-04-01,-1194.4275120489951
H,C29,WMF,2023-05-01,-1276.781824497794
H,C29,WMF,2023-06-01,-1242.0316227456449
H,C29,WMF,2023-07-01,-1281.0528574804268
H,C29,WMF,2023-08-01,-1242.8104624731718
H,C29,WMF,2023-09-01,-1243.149852705981
H,C29,WMF,2023-10-01,-1221.343518711894
H,C29,WMF,2023-11-01,-1157.614084363788
H,C29,WMF,2023-12-01,-1261.7125588362342
H,C29,WMF,2024-01-01,-1173.9393170834978
H,C29,WMF,2024-02-01,-1237.154253409692
H,C29,WMF,2024-03-01,-1225.7554673416319
H,C29,WMF,2024-04-01,-1242.7608898107742
H,C29,WMF,2024-05-01,-1094.560372602232
H,C29,WMF,2024-06-01,-1101.771880569899
H,C29,WMF,2024-07-01,-1005.9653529693142
H,C29,WMF,2024-08-01,-1056.286403627124
H,C29,WMF,2024-09-01,-1009.7673169289402
H,C29,WMF,2024-10-01,-1034.975732084671
H,C29,WMF,2024-11-01,-984.879121223139
H,C29,WMF,2024-12-01,-1023.0237378451138
H,C29,WMF,2025-01-01,-1054.5449785016358
H,C29,WMF,2025-02-01,-1008.881008576978
H,C29,WMF,2025-03-01,-1078.995138686488
H,C29,WMF,2025-04-01,-1081.6292869908868
H,C29,WMF,2025-05-01,-1087.4332509131818
H,C29,WMF,2025-06-01,-1112.8632938757519
H,C29,WMF,2025-07-01,-1197.367462724083
H,C29,WMF,2025-08-01,-1162.726277607532
H,C29,WMF,2025-09-01,-1050.024122484773
H,C29,WMF,2025-10-01,-1226.033767589192
H,C29,WMF,2025-11-01,-1193.3582276218342
H,C29,WMF,2025-12-01,-1100.344912954946
H,C29,WMF,2026-01-01,-1090.236958165013
H,C29,WMF,2026-02-01,-1133.447529423305
H,C29,WMF,2026-03-01,-1118.6139925767818
H,C29,WMF,2026-04-01,-1126.527883538279
H,C29,WMF,2026-05-01,-1116.535184352587
H,C29,WMF,2026-06-01,-1100.6095314793129
H,C29,WMF,2026-07-01,-1092.1494849253988
H,C30,WMF,2012-01-01,-149.81421191404797
H,C30,WMF,2012-02-01,2.6044040068719596
H,C30,WMF,2012-03-01,-165.25363761051105
H,C30,WMF,2012-04-01,40.605449485734994
H,C30,WMF,2012-05-01,13.690228803118998
H,C30,WMF,2012-06-01,-71.44796793572797
H,C30,WMF,2012-07-01,28.989665780280006
H,C30,WMF,2012-08-01,-2.28372677725298
H,C30,WMF,2012-09-01,-55.77845159854502
H,C30,WMF,2012-10-01,-83.52736794364503
H,C30,WMF,2012-11-01,-96.92165041103803
H,C30,WMF,2012-12-01,8.972434434340983
H,C30,WMF,2013-01-01,9.052241217385983
H,C30,WMF,2013-02-01,155.442118336222
H,C30,WMF,2013-03-01,32.069411565181014
H,C30,WMF,2013-04-01,-122.67191124212201
H,C30,WMF,2013-05-01,-52.79671694028502
H,C30,WMF,2013-06-01,47.09988854332704
H,C30,WMF,2013-07-01,15.69997328582997
H,C30,WMF,2013-08-01,15.634202286886989
H,C30,WMF,2013-09-01,26.22041383503702
H,C30,WMF,2013-10-01,30.76461588402401
H,C30,WMF,2013-11-01,44.031542779083026
H,C30,WMF,2013-12-01,-81.64788437001195
H,C30,WMF,2014-01-01,35.29622900736396
H,C30,WMF,2014-02-01,-39.054263070550974
H,C30,WMF,2014-03-01,22.19922296278898
H,C30,WMF,2014-04-01,74.439690115606
H,C30,WMF,2014-05-01,62.65048334773701
H,C30,WMF,2014-06-01,46.74260917122996
H,C30,WMF,2014-07-01,37.07097363333003
H,C30,WMF,2014-08-01,-68.95085691304797
H,C30,WMF,2014-09-01,93.55984502193996
H,C30,WMF,2014-10-01,-83.58765328494604
H,C30,WMF,2014-11-01,161.65331856445297
H,C30,WMF,2014-12-01,107.62132614162999
H,C30,WMF,2015-01-01,21.38510911740002
H,C30,WMF,2015-02-01,29.140357770223943
H,C30,WMF,2015-03-01,94.27549045795706
H,C30,WMF,2015-04-01,1.2111405233029586
H,C30,WMF,2015-05-01,110.86907092819797
H,C30,WMF,2015-06-01,45.22534372826999
H,C30,WMF,2015-07-01,-79.14284547323001
H,C30,WMF,2015-08-01,154.81601511830496
H,C30,WMF,2015-09-01,-67.52660203504803
H,C30,WMF,2015-10-01,-29.89632939556202
H,C30,WMF,2015-11-01,-60.01518919178699
H,C30,WMF,2015-12-01,18.62661445673598
H,C30,WMF,2016-01-01,-434.79849754487793
H,C30,WMF,2016-02-01,53.17155709004601
H,C30,WMF,2016-03-01,-242.41464724454198
H,C30,WMF,2016-04-01,-279.65504963742495
H,C30,WMF,2016-05-01,-326.677531460474
H,C30,WMF,2016-06-01,-375.63973220841797
H,C30,WMF,2016-07-01,-457.40419314339204
H,C30,WMF,2016-08-01,-205.82209591705
H,C30,WMF,2016-09-01,-122.65711686632403
H,C30,WMF,2016-10-01,-197.45675465494602
H,C30,WMF,2016-11-01,-177.33320284000396
H,C30,WMF,2016-12-01,-170.889225516291
H,C30,WMF,2017-01-01,-64.54882222985401
H,C30,WMF,2017-02-01,-283.1206463820711
H,C30,WMF,2017-03-01,-133.73405707050503
H,C30,WMF,2017-04-01,-517.910827473405
H,C30,WMF,2017-05-01,-169.87162112299194
H,C30,WMF,2017-06-01,-49.857568132860024
H,C30,WMF,2017-07-01,-11.324835762846021
H,C30,WMF,2017-08-01,-296.531253567266
H,C30,WMF,2017-09-01,-155.29986037491597
H,C30,WMF,2017-10-01,-46.00304320464704
H,C30,WMF,2017-11-01,-277.495414777255
H,C30,WMF,2017-12-01,-117.71653985358603
H,C30,WMF,2018-01-01,-484.10999796556297
H,C30,WMF,2018-02-01,-29.861592476713014
H,C30,WMF,2018-03-01,-415.48529897016795
H,C30,WMF,2018-04-01,-324.384270564418
H,C30,WMF,2018-05-01,-194.7718114854689
H,C30,WMF,2018-06-01,-204.78065270706898
H,C30,WMF,2018-07-01,-223.43077272992
H,C30,WMF,2018-08-01,-290.25662799926397
H,C30,WMF,2018-09-01,-189.26227877316302
H,C30,WMF,2018-10-01,-178.26916165549403
H,C30,WMF,2018-11-01,-91.25256340539502
H,C30,WMF,2018-12-01,-110.59475933066295
H,C30,WMF,2019-01-01,-175.31218922794102
H,C30,WMF,2019-02-01,-208.951192464175
H,C30,WMF,2019-03-01,-15.604839075976031
H,C30,WMF,2019-04-01,99.21880733066399
H,C30,WMF,2019-05-01,-66.87470518881202
H,C30,WMF,2019-06-01,-72.92233401405997
H,C30,WMF,2019-07-01,-100.11249275430401
H,C30,WMF,2019-08-01,13.649205262826968
H,C30,WMF,2019-09-01,-68.840272717017
H,C30,WMF,2019-10-01,-156.34903595691503
H,C30,WMF,2019-11-01,-240.93877156210903
H,C30,WMF,2019-12-01,-353.71162313760703
H,C30,WMF,2020-01-01,16.081957716137026
H,C30,WMF,2020-02-01,-135.94888900979203
H,C30,WMF,2020-03-01,-165.237763267999
H,C30,WMF,2020-04-01,-46.683369271936954
H,C30,WMF,2020-05-01,-92.26502054251301
H,C30,WMF,2020-06-01,-250.568527941786
H,C30,WMF,2020-07-01,-228.344131253832
H,C30,WMF,2020-08-01,-54.02269747092805
H,C30,WMF,2020-09-01,-266.70380555547104
H,C30,WMF,2020-10-01,-81.41047015334999
H,C30,WMF,2020-11-01,-224.36357983245108
H,C30,WMF,2020-12-01,-122.920922799847
H,C30,WMF,2021-01-01,-150.71753008455602
H,C30,WMF,2021-02-01,-110.85940626173402
H,C30,WMF,2021-03-01,-66.95141625383104
H,C30,WMF,2021-04-01,-175.79772751647005
H,C30,WMF,2021-05-01,-149.80385112286996
H,C30,WMF,2021-06-01,-123.68491964820498
H,C30,WMF,2021-07-01,-106.20492619685899
H,C30,WMF,2021-08-01,-280.786749216935
H,C30,WMF,2021-09-01,-149.84684360030803
H,C30,WMF,2021-10-01,-88.22249495653
H,C30,WMF,2021-11-01,62.83844319380697
H,C30,WMF,2021-12-01,-149.880432503926
H,C30,WMF,2022-01-01,-200.093017177996
H,C30,WMF,2022-02-01,-12.15948871345796
H,C30,WMF,2022-03-01,-27.388511946080996
H,C30,WMF,2022-04-01,-10.819655348593983
H,C30,WMF,2022-05-01,-24.161440711270984
H,C30,WMF,2022-06-01,-138.176753188857
H,C30,WMF,2022-07-01,-117.64955121161398
H,C30,WMF,2022-08-01,-292.9329722548719
H,C30,WMF,2022-09-01,-39.23623429239706
H,C30,WMF,2022-10-01,-257.741785804353
H,C30,WMF,2022-11-01,-49.10842298810198
H,C30,WMF,2022-12-01,-62.979324468144966
H,C30,WMF,2023-01-01,-49.212389969811
H,C30,WMF,2023-02-01,-137.92982578066
H,C30,WMF,2023-03-01,-82.76913574016402
H,C30,WMF,2023-04-01,-145.16952535207298
H,C30,WMF,2023-05-01,-149.38874788937204
H,C30,WMF,2023-06-01,-99.06551373785402
H,C30,WMF,2023-07-01,-96.77850371663402
H,C30,WMF,2023-08-01,-99.34303692445496
H,C30,WMF,2023-09-01,-162.211187197983
H,C30,WMF,2023-10-01,-86.16559336717506
H,C30,WMF,2023-11-01,-176.873232191051
H,C30,WMF,2023-12-01,-70.12199553790202
H,C30,WMF,2024-01-01,-20.566185553538958
H,C30,WMF,2024-02-01,-375.15843559221696
H,C30,WMF,2024-03-01,-135.07581400912306
H,C30,WMF,2024-04-01,-172.09286383157902
H,C30,WMF,2024-05-01,-76.12879282411802
H,C30,WMF,2024-06-01,-130.68094399068002
H,C30,WMF,2024-07-01,-177.093741290553
H,C30,WMF,2024-08-01,-79.48380880167696
H,C30,WMF,2024-09-01,-191.36362272481105
H,C30,WMF,2024-10-01,-51.224786245456016
H,C30,WMF,2024-11-01,-175.35943350768497
H,C30,WMF,2024-12-01,-268.466914051084
H,C30,WMF,2025-01-01,-215.237518158125
H,C30,WMF,2025-02-01,-191.74206734860803
H,C30,WMF,2025-03-01,-260.966727183881
H,C30,WMF,2025-04-01,-172.86254665106196
H,C30,WMF,2025-05-01,-174.34259713852197
H,C30,WMF,2025-06-01,-48.74601464927201
H,C30,WMF,2025-07-01,-83.82495005996094
H,C30,WMF,2025-08-01,-103.00693484528995
H,C30,WMF,2025-09-01,84.65885537371304
H,C30,WMF,2025-10-01,-183.27308843062104
H,C30,WMF,2025-11-01,15.84880585446706
H,C30,WMF,2025-12-01,61.600619620997975
H,C30,WMF,2026-01-01,47.00679808353999
H,C30,WMF,2026-02-01,-16.58949261557899
H,C30,WMF,2026-03-01,42.630539150059974
H,C30,WMF,2026-04-01,-38.48552357728897
H,C30,WMF,2026-05-01,-162.771352425339
H,C30,WMF,2026-06-01,-156.040485706776
H,C30,WMF,2026-07-01,-48.603260543274985
H,D35,WMF,2012-01-01,152.45244952080594
H,D35,WMF,2012-02-01,99.29382799439696
H,D35,WMF,2012-03-01,66.03281152736298
H,D35,WMF,2012-04-01,99.30900693728
H,D35,WMF,2012-05-01,0.7442158057759798
H,D35,WMF,2012-06-01,-51.71808012390693
H,D35,WMF,2012-07-01,-46.16423096628705
H,D35,WMF,2012-08-01,-22.74904195595002
H,D35,WMF,2012-09-01,96.20547297789199
H,D35,WMF,2012-10-01,41.91129322073101
H,D35,WMF,2012-11-01,63.15159717354203
H,D35,WMF,2012-12-01,110.95195215504498
H,D35,WMF,2013-01-01,49.86335569597102
H,D35,WMF,2013-02-01,33.983913238979994
H,D35,WMF,2013-03-01,-12.379104237307018
H,D35,WMF,2013-04-01,-16.04040456580799
H,D35,WMF,2013-05-01,15.884765665923993
H,D35,WMF,2013-06-01,18.040240563526027
H,D35,WMF,2013-07-01,29.33612582372001
H,D35,WMF,2013-08-01,51.633510287501
H,D35,WMF,2013-09-01,19.220667174380992
H,D35,WMF,2013-10-01,40.220527577267006
H,D35,WMF,2013-11-01,48.80849454899598
H,D35,WMF,2013-12-01,40.951010127215994
H,D35,WMF,2014-01-01,14.59531800267601
H,D35,WMF,2014-02-01,25.67585721878598
H,D35,WMF,2014-03-01,45.364187769745996
H,D35,WMF,2014-04-01,41.51875133182497
H,D35,WMF,2014-05-01,13.561845565347028
H,D35,WMF,2014-06-01,7.9686899770970285
H,D35,WMF,2014-07-01,18.95153993802498
H,D35,WMF,2014-08-01,29.653031142022996
H,D35,WMF,2014-09-01,52.48427173647701
H,D35,WMF,2014-10-01,52.087895153278
H,D35,WMF,2014-11-01,57.29043589479198
H,D35,WMF,2014-12-01,54.160947566771
H,D35,WMF,2015-01-01,48.33464913540996
H,D35,WMF,2015-02-01,40.032166375337994
H,D35,WMF,2015-03-01,-3.912298594959026
H,D35,WMF,2015-04-01,6.573703132363022
H,D35,WMF,2015-05-01,27.025713063818017
H,D35,WMF,2015-06-01,12.455247211835996
H,D35,WMF,2015-07-01,11.69989782708501
H,D35,WMF,2015-08-01,-19.806046988445985
H,D35,WMF,2015-09-01,0.4627003737299731
H,D35,WMF,2015-10-01,18.954435758573993
H,D35,WMF,2015-11-01,41.45202966115801
H,D35,WMF,2015-12-01,8.956071664359001
H,D35,WMF,2016-01-01,5.9001331888230055
H,D35,WMF,2016-02-01,11.838740199787992
H,D35,WMF,2016-03-01,-2.8372785373349956
H,D35,WMF,2016-04-01,5.021893792118988
H,D35,WMF,2016-05-01,4.092184294028996
H,D35,WMF,2016-06-01,8.305338254797988
H,D35,WMF,2016-07-01,18.86593017036232
H,D35,WMF,2016-08-01,-26.27683467705849
H,D35,WMF,2016-09-01,2.965811824119001
H,D35,WMF,2016-10-01,-38.23291827687801
H,D35,WMF,2016-11-01,-57.341398831344804
H,D35,WMF,2016-12-01,-41.387543183264796
H,D35,WMF,2017-01-01,-36.475556723775014
H,D35,WMF,2017-02-01,-63.78814861929291
H,D35,WMF,2017-03-01,-7.333719533221995
H,D35,WMF,2017-04-01,-1.2166275333069905
H,D35,WMF,2017-05-01,-17.186799612920993
H,D35,WMF,2017-06-01,14.181630091347799
H,D35,WMF,2017-07-01,-1.9595012566099967
H,D35,WMF,2017-08-01,11.403206117719009
H,D35,WMF,2017-09-01,-7.042160919086982
H,D35,WMF,2017-10-01,-16.887617087756
H,D35,WMF,2017-11-01,-11.677166223275975
H,D35,WMF,2017-12-01,-6.093414638373986
H,D35,WMF,2018-01-01,23.498487412502016
H,D35,WMF,2018-02-01,36.351751843871
H,D35,WMF,2018-03-01,-15.772096924240998
H,D35,WMF,2018-04-01,25.74063928641897
H,D35,WMF,2018-05-01,66.17093633178499
H,D35,WMF,2018-06-01,50.871497305905024
H,D35,WMF,2018-07-01,21.514111610262006
H,D35,WMF,2018-08-01,18.202298226135014
H,D35,WMF,2018-09-01,5.352671115744016
H,D35,WMF,2018-10-01,5.380672076441982
H,D35,WMF,2018-11-01,7.07624424885401
H,D35,WMF,2018-12-01,36.06209636811997
H,D35,WMF,2019-01-01,27.82388569546501
H,D35,WMF,2019-02-01,2.532372926416997
H,D35,WMF,2019-03-01,-3.8381966148010065
H,D35,WMF,2019-04-01,24.78522402018197
H,D35,WMF,2019-05-01,-23.515359004069012
H,D35,WMF,2019-06-01,36.367591822804
H,D35,WMF,2019-07-01,59.76081907208301
H,D35,WMF,2019-08-01,61.91219292307812
H,D35,WMF,2019-09-01,45.77776576010801
H,D35,WMF,2019-10-01,49.48309245956732
H,D35,WMF,2019-11-01,45.98944647066979
H,D35,WMF,2019-12-01,32.34329954682768
H,D35,WMF,2020-01-01,28.120265513717996
H,D35,WMF,2020-02-01,34.12212144267481
H,D35,WMF,2020-03-01,31.72225754990599
H,D35,WMF,2020-04-01,36.59388541695071
H,D35,WMF,2020-05-01,27.7438602748134
H,D35,WMF,2020-06-01,7.278821432577999
H,D35,WMF,2020-07-01,-5.777790353503008
H,D35,WMF,2020-08-01,6.487238243625001
H,D35,WMF,2020-09-01,43.78143298226699
H,D35,WMF,2020-10-01,27.945824812696216
H,D35,WMF,2020-11-01,44.44549028445502
H,D35,WMF,2020-12-01,18.586577642172017
H,D35,WMF,2021-01-01,26.098220886781974
H,D35,WMF,2021-02-01,35.584578172826014
H,D35,WMF,2021-03-01,20.630127385570006
H,D35,WMF,2021-04-01,-8.635040215553005
H,D35,WMF,2021-05-01,-7.951162455396997
H,D35,WMF,2021-06-01,16.777418032777007
H,D35,WMF,2021-07-01,25.524842650538005
H,D35,WMF,2021-08-01,0.27981817897500605
H,D35,WMF,2021-09-01,-36.963571624381984
H,D35,WMF,2021-10-01,-102.50743884555601
H,D35,WMF,2021-11-01,-97.20719833726798
H,D35,WMF,2021-12-01,-63.63265947776597
H,D35,WMF,2022-01-01,-17.663294167310994
H,D35,WMF,2022-02-01,-45.44869335885102
H,D35,WMF,2022-03-01,-133.615163906343
H,D35,WMF,2022-04-01,-21.838371286789993
H,D35,WMF,2022-05-01,59.97867148838395
H,D35,WMF,2022-06-01,-239.5299982784751
H,D35,WMF,2022-07-01,-112.01041741889503
H,D35,WMF,2022-08-01,-241.7974941372902
H,D35,WMF,2022-09-01,-60.52235448281408
H,D35,WMF,2022-10-01,34.27882172978195
H,D35,WMF,2022-11-01,-10.144567267441062
H,D35,WMF,2022-12-01,-46.020668855815074
H,D35,WMF,2023-01-01,80.289049173269
H,D35,WMF,2023-02-01,66.25453697710697
H,D35,WMF,2023-03-01,44.72694631364902
H,D35,WMF,2023-04-01,47.50120543976806
H,D35,WMF,2023-05-01,31.519699891567996
H,D35,WMF,2023-06-01,22.025445838408984
H,D35,WMF,2023-07-01,66.74022259330496
H,D35,WMF,2023-08-01,48.06002199363502
H,D35,WMF,2023-09-01,129.69702418056596
H,D35,WMF,2023-10-01,120.516570460416
H,D35,WMF,2023-11-01,139.50274040408704
H,D35,WMF,2023-12-01,98.89864161603504
H,D35,WMF,2024-01-01,118.593037488074
H,D35,WMF,2024-02-01,111.41981385538
H,D35,WMF,2024-03-01,150.52772372547702
H,D35,WMF,2024-04-01,168.757536234788
H,D35,WMF,2024-05-01,160.16260512020105
H,D35,WMF,2024-06-01,141.52473206134403
H,D35,WMF,2024-07-01,189.1855356815949
H,D35,WMF,2024-08-01,180.578342694661
H,D35,WMF,2024-09-01,156.80623002069404
H,D35,WMF,2024-10-01,161.77498913483498
H,D35,WMF,2024-11-01,120.21730266484496
H,D35,WMF,2024-12-01,159.533682668228
H,D35,WMF,2025-01-01,120.94252105104198
H,D35,WMF,2025-02-01,106.67445347391305
H,D35,WMF,2025-03-01,26.32874282557998
H,D35,WMF,2025-04-01,69.22597438603196
H,D35,WMF,2025-05-01,120.19478694175905
H,D35,WMF,2025-06-01,164.33720735040498
H,D35,WMF,2025-07-01,15.24984063329805
H,D35,WMF,2025-08-01,36.04901874778898
H,D35,WMF,2025-09-01,37.10795058583204
H,D35,WMF,2025-10-01,45.92810052271798
H,D35,WMF,2025-11-01,61.375697528963
H,D35,WMF,2025-12-01,33.85488808131001
H,D35,WMF,2026-01-01,-12.670926298315976
H,D35,WMF,2026-02-01,39.61394599059798
H,D35,WMF,2026-03-01,128.95701344349197
H,D35,WMF,2026-04-01,201.489985662753
H,D35,WMF,2026-05-01,171.160244336012
H,D35,WMF,2026-06-01,151.80901042129705
H,D35,WMF,2026-07-01,184.44651390522898
H,GT,WMF,2012-01-01,1448.7796502473648
H,GT,WMF,2012-02-01,2446.3865478429943
H,GT,WMF,2012-03-01,1778.3903877272824
H,GT,WMF,2012-04-01,1675.0239037911706
H,GT,WMF,2012-05-01,2174.3831836087593
H,GT,WMF,2012-06-01,1511.3568694538717
H,GT,WMF,2012-07-01,2108.439194464805
H,GT,WMF,2012-08-01,1832.1280798928383
H,GT,WMF,2012-09-01,2275.338317755455
H,GT,WMF,2012-10-01,2163.621077119118
H,GT,WMF,2012-11-01,2018.0815928293196
H,GT,WMF,2012-12-01,2132.7828707673816
H,GT,WMF,2013-01-01,1970.045858211377
H,GT,WMF,2013-02-01,1851.136107381144
H,GT,WMF,2013-03-01,2470.222184174123
H,GT,WMF,2013-04-01,1538.6527446436521
H,GT,WMF,2013-05-01,1677.6317744978733
H,GT,WMF,2013-06-01,2360.35164926363
H,GT,WMF,2013-07-01,1828.3658724167653
H,GT,WMF,2013-08-01,2375.0008278500372
H,GT,WMF,2013-09-01,2726.218024837075
H,GT,WMF,2013-10-01,1770.9510218232372
H,GT,WMF,2013-11-01,1503.343794376162
H,GT,WMF,2013-12-01,1418.720303467946
H,GT,WMF,2014-01-01,2228.417645558131
H,GT,WMF,2014-02-01,2319.344960569184
H,GT,WMF,2014-03-01,2769.6018087642115
H,GT,WMF,2014-04-01,2724.1882440429144
H,GT,WMF,2014-05-01,2387.147953618429
H,GT,WMF,2014-06-01,1145.7750534346033
H,GT,WMF,2014-07-01,3121.2980288655
H,GT,WMF,2014-08-01,2182.9498484714804
H,GT,WMF,2014-09-01,2711.9733007512077
H,GT,WMF,2014-10-01,2404.4627065306977
H,GT,WMF,2014-11-01,3499.3535852573696
H,GT,WMF,2014-12-01,2625.8924573104414
H,GT,WMF,2015-01-01,3160.2675380501587
H,GT,WMF,2015-02-01,2258.607506517641
H,GT,WMF,2015-03-01,2788.439502835343
H,GT,WMF,2015-04-01,2766.5331293374293
H,GT,WMF,2015-05-01,3367.6169833699787
H,GT,WMF,2015-06-01,3053.7285941404843
H,GT,WMF,2015-07-01,2639.2306690491423
H,GT,WMF,2015-08-01,3745.6442875656176
H,GT,WMF,2015-09-01,3376.467372408795
H,GT,WMF,2015-10-01,3506.285573681964
H,GT,WMF,2015-11-01,2692.8789802764295
H,GT,WMF,2015-12-01,3497.8697564630093
H,GT,WMF,2016-01-01,3287.2497253473284
H,GT,WMF,2016-02-01,3689.0186061554487
H,GT,WMF,2016-03-01,2704.7896844055504
H,GT,WMF,2016-04-01,2202.0456783074096
H,GT,WMF,2016-05-01,3251.4115347495117
H,GT,WMF,2016-06-01,2914.7110171137683
H,GT,WMF,2016-07-01,2369.456523658624
H,GT,WMF,2016-08-01,3567.027241674661
H,GT,WMF,2016-09-01,4356.161837070076
H,GT,WMF,2016-10-01,2673.2520291040364
H,GT,WMF,2016-11-01,2577.5406120220196
H,GT,WMF,2016-12-01,3350.94635157232
H,GT,WMF,2017-01-01,4245.178657561884
H,GT,WMF,2017-02-01,3042.015693187195
H,GT,WMF,2017-03-01,2782.1132743650505
H,GT,WMF,2017-04-01,2616.2015506309363
H,GT,WMF,2017-05-01,2909.0050408185616
H,GT,WMF,2017-06-01,2118.299662426327
H,GT,WMF,2017-07-01,3604.577593009457
H,GT,WMF,2017-08-01,2979.476095891474
H,GT,WMF,2017-09-01,3052.2861478489613
H,GT,WMF,2017-10-01,2177.4468334624507
H,GT,WMF,2017-11-01,1774.4469425967
H,GT,WMF,2017-12-01,3635.2485625391455
H,GT,WMF,2018-01-01,1526.368769730947
H,GT,WMF,2018-02-01,3115.245547337827
H,GT,WMF,2018-03-01,1941.889460707851
H,GT,WMF,2018-04-01,2266.2609935242217
H,GT,WMF,2018-05-01,2514.8121238306776
H,GT,WMF,2018-06-01,1994.742930224882
H,GT,WMF,2018-07-01,2183.7635504874124
H,GT,WMF,2018-08-01,2659.255171888166
H,GT,WMF,2018-09-01,2978.748346783572
H,GT,WMF,2018-10-01,3230.1566949804546
H,GT,WMF,2018-11-01,3543.1177394211136
H,GT,WMF,2018-12-01,3531.256086831294
H,GT,WMF,2019-01-01,2388.3760949594325
H,GT,WMF,2019-02-01,2912.8073258318072
H,GT,WMF,2019-03-01,2984.414391183327
H,GT,WMF,2019-04-01,2631.224458221972
H,GT,WMF,2019-05-01,2312.4941517997504
H,GT,WMF,2019-06-01,4251.676827562642
H,GT,WMF,2019-07-01,3433.21109710816
H,GT,WMF,2019-08-01,2463.6128117181615
H,GT,WMF,2019-09-01,4757.734090368176
H,GT,WMF,2019-10-01,2950.8704579766018
H,GT,WMF,2019-11-01,3119.791286360931
H,GT,WMF,2019-12-01,3363.5283174174
H,GT,WMF,2020-01-01,3715.5170271582792
H,GT,WMF,2020-02-01,3860.076671581164
H,GT,WMF,2020-03-01,3433.089844110229
H,GT,WMF,2020-04-01,4339.818117497714
H,GT,WMF,2020-05-01,2318.5207256135636
H,GT,WMF,2020-06-01,2890.807835003572
H,GT,WMF,2020-07-01,2893.7706838269005
H,GT,WMF,2020-08-01,4641.792809857821
H,GT,WMF,2020-09-01,3356.8840240322716
H,GT,WMF,2020-10-01,3440.914491351801
H,GT,WMF,2020-11-01,4063.5800472185674
H,GT,WMF,2020-12-01,4017.869078892969
H,GT,WMF,2021-01-01,4612.927632248218
H,GT,WMF,2021-02-01,3723.963578308838
H,GT,WMF,2021-03-01,4899.252113690505
H,GT,WMF,2021-04-01,3733.0155642947575
H,GT,WMF,2021-05-01,4702.517852129677
H,GT,WMF,2021-06-01,4807.99522748559
H,GT,WMF,2021-07-01,5215.14983703355
H,GT,WMF,2021-08-01,5889.485775516954
H,GT,WMF,2021-09-01,5267.786476472578
H,GT,WMF,2021-10-01,5010.193037954676
H,GT,WMF,2021-11-01,5288.493968292951
H,GT,WMF,2021-12-01,4556.3557675819575
H,GT,WMF,2022-01-01,3096.0524253488256
H,GT,WMF,2022-02-01,6262.840854803213
H,GT,WMF,2022-03-01,2317.37825854282
H,GT,WMF,2022-04-01,4421.99771211002
H,GT,WMF,2022-05-01,2383.8289387243494
H,GT,WMF,2022-06-01,2868.609704852246
H,GT,WMF,2022-07-01,2951.5788874933314
H,GT,WMF,2022-08-01,3842.5068672495145
H,GT,WMF,2022-09-01,4083.1437576248463
H,GT,WMF,2022-10-01,4098.1983804391675
H,GT,WMF,2022-11-01,1595.7686602789581
H,GT,WMF,2022-12-01,4028.3189374934664
H,GT,WMF,2023-01-01,4262.780761611542
H,GT,WMF,2023-02-01,3606.1227721557043
H,GT,WMF,2023-03-01,3415.978453011372
H,GT,WMF,2023-04-01,3290.4561688162576
H,GT,WMF,2023-05-01,4551.909691033772
H,GT,WMF,2023-06-01,3644.9918809506926
H,GT,WMF,2023-07-01,3395.1897495713456
H,GT,WMF,2023-08-01,4564.034448158036
H,GT,WMF,2023-09-01,6609.447515228247
H,GT,WMF,2023-10-01,4258.560969846716
H,GT,WMF,2023-11-01,2974.4360585299837
H,GT,WMF,2023-12-01,3151.9240179636436
H,GT,WMF,2024-01-01,4066.9146181222495
H,GT,WMF,2024-02-01,3884.192413985973
H,GT,WMF,2024-03-01,4015.4463122665074
H,GT,WMF,2024-04-01,4041.628700814319
H,GT,WMF,2024-05-01,4606.136697716374
H,GT,WMF,2024-06-01,6113.282231848556
H,GT,WMF,2024-07-01,4840.561081170636
H,GT,WMF,2024-08-01,5709.593726383664
H,GT,WMF,2024-09-01,5398.607377051263
H,GT,WMF,2024-10-01,6830.699230344057
H,GT,WMF,2024-11-01,5343.5634471173325
H,GT,WMF,2024-12-01,6186.286307428796
H,GT,WMF,2025-01-01,5184.90223376159
H,GT,WMF,2025-02-01,5086.0797532202305
H,GT,WMF,2025-03-01,6233.114328315751
H,GT,WMF,2025-04-01,6573.958758050532
H,GT,WMF,2025-05-01,2913.2588484368134
H,GT,WMF,2025-06-01,5370.752976618984
H,GT,WMF,2025-07-01,4194.538346098339
H,GT,WMF,2025-08-01,5209.7657458148315
H,GT,WMF,2025-09-01,4039.1567661369772
H,GT,WMF,2025-10-01,2806.1249092242797
H,GT,WMF,2025-11-01,3687.3517510399797
H,GT,WMF,2025-12-01,3103.024668453989
H,GT,WMF,2026-01-01,3404.199648426151
H,GT,WMF,2026-02-01,4359.521764607085
H,GT,WMF,2026-03-01,2866.2530771577367
H,GT,WMF,2026-04-01,3479.100727277091
H,GT,WMF,2026-05-01,5435.069442665408
H,GT,WMF,2026-06-01,3834.3067784898194
H,GT,WMF,2026-07-01,8140.91312299142
