D0,date,value
E,1948-01-01,2213492
E,1948-02-01,2213492
E,1948-03-01,2213492
E,1948-04-01,2213492
E,1948-05-01,2213492
E,1948-06-01,2213492
E,1948-07-01,2213492
E,1948-08-01,2213492
E,1948-09-01,2213492
E,1948-10-01,2213492
E,1948-11-01,2213492
E,1948-12-01,2213492
E,1949-01-01,2213492
E,1949-02-01,2213492
E,1949-03-01,2213492
E,1949-04-01,2213492
E,1949-05-01,2213492
E,1949-06-01,2213492
E,1949-07-01,2213492
E,1949-08-01,2213492
E,1949-09-01,2213492
E,1949-10-01,2213492
E,1949-11-01,2213492
E,1949-12-01,2213492
E,1950-01-01,2213492
E,1950-02-01,2213492
E,1950-03-01,2213492
E,1950-04-01,2213492
E,1950-05-01,2213492
E,1950-06-01,2213492
E,1950-07-01,2213492
E,1950-08-01,2213492
E,1950-09-01,2213492
E,1950-10-01,2213492
E,1950-11-01,2213492
E,1950-12-01,2213492
E,1951-01-01,2346949
E,1951-02-01,2346949
E,1951-03-01,2346949
E,1951-04-01,2346949
E,1951-05-01,2346949
E,1951-06-01,2346949
E,1951-07-01,2346949
E,1951-08-01,2346949
E,1951-09-01,2346949
E,1951-10-01,2346949
E,1951-11-01,2346949
E,1951-12-01,2346949
E,1952-01-01,2346949
E,1952-02-01,2346949
E,1952-03-01,2346949
E,1952-04-01,2346949
E,1952-05-01,2346949
E,1952-06-01,2346949
E,1952-07-01,2346949
E,1952-08-01,2346949
E,1952-09-01,2346949
E,1952-10-01,2346949
E,1952-11-01,2346949
E,1952-12-01,2346949
E,1953-01-01,2346949
E,1953-02-01,2346949
E,1953-03-01,2346949
E,1953-04-01,2346949
E,1953-05-01,2346949
E,1953-06-01,2346949
E,1953-07-01,2346949
E,1953-08-01,2346949
E,1953-09-01,2346949
E,1953-10-01,2346949
E,1953-11-01,2346949
E,1953-12-01,2346949
E,1954-01-01,2346949
E,1954-02-01,2346949
E,1954-03-01,2346949
E,1954-04-01,2346949
E,1954-05-01,2346949
E,1954-06-01,2346949
E,1954-07-01,2346949
E,1954-08-01,2346949
E,1954-09-01,2346949
E,1954-10-01,2346949
E,1954-11-01,2346949
E,1954-12-01,2346949
E,1955-01-01,2346949
E,1955-02-01,2346949
E,1955-03-01,2346949
E,1955-04-01,2346949
E,1955-05-01,2346949
E,1955-06-01,2346949
E,1955-07-01,2346949
E,1955-08-01,2346949
E,1955-09-01,2346949
E,1955-10-01,2346949
E,1955-11-01,2346949
E,1955-12-01,2346949
E,1956-01-01,2346949
E,1956-02-01,2346949
E,1956-03-01,2346949
E,1956-04-01,2346949
E,1956-05-01,2346949
E,1956-06-01,2346949
E,1956-07-01,2346949
E,1956-08-01,2346949
E,1956-09-01,2346949
E,1956-10-01,2346949
E,1956-11-01,2346949
E,1956-12-01,2346949
E,1957-01-01,2346949
E,1957-02-01,2346949
E,1957-03-01,2346949
E,1957-04-01,2346949
E,1957-05-01,2346949
E,1957-06-01,2346949
E,1957-07-01,2346949
E,1957-08-01,2346949
E,1957-09-01,2346949
E,1957-10-01,2346949
E,1957-11-01,2346949
E,1957-12-01,2346949
E,1958-01-01,2346949
E,1958-02-01,2346949
E,1958-03-01,2346949
E,1958-04-01,2346949
E,1958-05-01,2346949
E,1958-06-01,2346949
E,1958-07-01,2346949
E,1958-08-01,2346949
E,1958-09-01,2346949
E,1958-10-01,2346949
E,1958-11-01,2346949
E,1958-12-01,2346949
E,1959-01-01,2346949
E,1959-02-01,2346949
E,1959-03-01,2346949
E,1959-04-01,2346949
E,1959-05-01,2346949
E,1959-06-01,2346949
E,1959-07-01,2346949
E,1959-08-01,2346949
E,1959-09-01,2346949
E,1959-10-01,2346949
E,1959-11-01,2346949
E,1959-12-01,2346949
E,1960-01-01,2346949
E,1960-02-01,2346949
E,1960-03-01,2346949
E,1960-04-01,2346949
E,1960-05-01,2346949
E,1960-06-01,2346949
E,1960-07-01,2346949
E,1960-08-01,2346949
E,1960-09-01,2346949
E,1960-10-01,2346949
E,1960-11-01,2346949
E,1960-12-01,2346949
E,1961-01-01,2674845
E,1961-02-01,2674845
E,1961-03-01,2674845
E,1961-04-01,2674845
E,1961-05-01,2674845
E,1961-06-01,2674845
E,1961-07-01,2674845
E,1961-08-01,2674845
E,1961-09-01,2674845
E,1961-10-01,2674845
E,1961-11-01,2674845
E,1961-12-01,2674845
E,1962-01-01,2674845
E,1962-02-01,2674845
E,1962-03-01,2674845
E,1962-04-01,2674845
E,1962-05-01,2674845
E,1962-06-01,2674845
E,1962-07-01,2674845
E,1962-08-01,2674845
E,1962-09-01,2674845
E,1962-10-01,2674845
E,1962-11-01,2674845
E,1962-12-01,2674845
E,1963-01-01,2674845
E,1963-02-01,2674845
E,1963-03-01,2674845
E,1963-04-01,2674845
E,1963-05-01,2674845
E,1963-06-01,2674845
E,1963-07-01,2674845
E,1963-08-01,2674845
E,1963-09-01,2674845
E,1963-10-01,2674845
E,1963-11-01,2674845
E,1963-12-01,2674845
E,1964-01-01,2674845
E,1964-02-01,2674845
E,1964-03-01,2674845
E,1964-04-01,2674845
E,1964-05-01,2674845
E,1964-06-01,2674845
E,1964-07-01,2674845
E,1964-08-01,2674845
E,1964-09-01,2674845
E,1964-10-01,2674845
E,1964-11-01,2674845
E,1964-12-01,2674845
E,1965-01-01,2674845
E,1965-02-01,2674845
E,1965-03-01,2674845
E,1965-04-01,2674845
E,1965-05-01,2674845
E,1965-06-01,2674845
E,1965-07-01,2674845
E,1965-08-01,2674845
E,1965-09-01,2674845
E,1965-10-01,2674845
E,1965-11-01,2674845
E,1965-12-01,2674845
E,1966-01-01,2674845
E,1966-02-01,2674845
E,1966-03-01,2674845
E,1966-04-01,2674845
E,1966-05-01,2674845
E,1966-06-01,2674845
E,1966-07-01,2674845
E,1966-08-01,2674845
E,1966-09-01,2674845
E,1966-10-01,2674845
E,1966-11-01,2674845
E,1966-12-01,2674845
E,1967-01-01,2674845
E,1967-02-01,2674845
E,1967-03-01,2674845
E,1967-04-01,2674845
E,1967-05-01,2674845
E,1967-06-01,2674845
E,1967-07-01,2674845
E,1967-08-01,2674845
E,1967-09-01,2674845
E,1967-10-01,2674845
E,1967-11-01,2674845
E,1967-12-01,2674845
E,1968-01-01,2674845
E,1968-02-01,2674845
E,1968-03-01,2674845
E,1968-04-01,2674845
E,1968-05-01,2674845
E,1968-06-01,2674845
E,1968-07-01,2674845
E,1968-08-01,2674845
E,1968-09-01,2674845
E,1968-10-01,2674845
E,1968-11-01,2674845
E,1968-12-01,2674845
E,1969-01-01,2674845
E,1969-02-01,2674845
E,1969-03-01,2674845
E,1969-04-01,2674845
E,1969-05-01,2674845
E,1969-06-01,2674845
E,1969-07-01,2674845
E,1969-08-01,2674845
E,1969-09-01,2674845
E,1969-10-01,2674845
E,1969-11-01,2674845
E,1969-12-01,2674845
E,1970-01-01,2674845
E,1970-02-01,2674845
E,1970-03-01,2674845
E,1970-04-01,2674845
E,1970-05-01,2674845
E,1970-06-01,2674845
E,1970-07-01,2674845
E,1970-08-01,2674845
E,1970-09-01,2674845
E,1970-10-01,2674845
E,1970-11-01,2674845
E,1970-12-01,2674845
E,1971-01-01,2995777
E,1971-02-01,2995777
E,1971-03-01,2995777
E,1971-04-01,2995777
E,1971-05-01,2995777
E,1971-06-01,2995777
E,1971-07-01,2995777
E,1971-08-01,2995777
E,1971-09-01,2995777
E,1971-10-01,2995777
E,1971-11-01,2995777
E,1971-12-01,2995777
E,1972-01-01,2995777
E,1972-02-01,2995777
E,1972-03-01,2995777
E,1972-04-01,2995777
E,1972-05-01,2995777
E,1972-06-01,2995777
E,1972-07-01,2995777
E,1972-08-01,2995777
E,1972-09-01,2995777
E,1972-10-01,2995777
E,1972-11-01,2995777
E,1972-12-01,2995777
E,1973-01-01,2995777
E,1973-02-01,2995777
E,1973-03-01,2995777
E,1973-04-01,2995777
E,1973-05-01,2995777
E,1973-06-01,2995777
E,1973-07-01,2995777
E,1973-08-01,2995777
E,1973-09-01,2995777
E,1973-10-01,2995777
E,1973-11-01,2995777
E,1973-12-01,2995777
E,1974-01-01,2995777
E,1974-02-01,2995777
E,1974-03-01,2995777
E,1974-04-01,2995777
E,1974-05-01,2995777
E,1974-06-01,2995777
E,1974-07-01,2995777
E,1974-08-01,2995777
E,1974-09-01,2995777
E,1974-10-01,2995777
E,1974-11-01,2995777
E,1974-12-01,2995777
E,1975-01-01,2995777
E,1975-02-01,2995777
E,1975-03-01,2995777
E,1975-04-01,2995777
E,1975-05-01,2995777
E,1975-06-01,2995777
E,1975-07-01,2995777
E,1975-08-01,2995777
E,1975-09-01,2995777
E,1975-10-01,2995777
E,1975-11-01,2995777
E,1975-12-01,2995777
E,1976-01-01,2995777
E,1976-02-01,2995777
E,1976-03-01,2995777
E,1976-04-01,2995777
E,1976-05-01,2995777
E,1976-06-01,2995777
E,1976-07-01,2995777
E,1976-08-01,2995777
E,1976-09-01,2995777
E,1976-10-01,2995777
E,1976-11-01,2995777
E,1976-12-01,2995777
E,1977-01-01,2995777
E,1977-02-01,2995777
E,1977-03-01,2995777
E,1977-04-01,2995777
E,1977-05-01,2995777
E,1977-06-01,2995777
E,1977-07-01,2995777
E,1977-08-01,2995777
E,1977-09-01,2995777
E,1977-10-01,2995777
E,1977-11-01,2995777
E,1977-12-01,2995777
E,1978-01-01,2995777
E,1978-02-01,2995777
E,1978-03-01,2995777
E,1978-04-01,2995777
E,1978-05-01,2995777
E,1978-06-01,2995777
E,1978-07-01,2995777
E,1978-08-01,2995777
E,1978-09-01,2995777
E,1978-10-01,2995777
E,1978-11-01,2995777
E,1978-12-01,2995777
E,1979-01-01,2995777
E,1979-02-01,2995777
E,1979-03-01,2995777
E,1979-04-01,2995777
E,1979-05-01,2995777
E,1979-06-01,2995777
E,1979-07-01,2995777
E,1979-08-01,2995777
E,1979-09-01,2995777
E,1979-10-01,2995777
E,1979-11-01,2995777
E,1979-12-01,2995777
E,1980-01-01,2995777
E,1980-02-01,2995777
E,1980-03-01,2995777
E,1980-04-01,2995777
E,1980-05-01,2995777
E,1980-06-01,2995777
E,1980-07-01,2995777
E,1980-08-01,2995777
E,1980-09-01,2995777
E,1980-10-01,2995777
E,1980-11-01,2995777
E,1980-12-01,2995777
E,1981-01-01,3091694
E,1981-02-01,3091694
E,1981-03-01,3091694
E,1981-04-01,3091694
E,1981-05-01,3091694
E,1981-06-01,3091694
E,1981-07-01,3091694
E,1981-08-01,3091694
E,1981-09-01,3091694
E,1981-10-01,3091694
E,1981-11-01,3091694
E,1981-12-01,3091694
E,1982-01-01,3091694
E,1982-02-01,3091694
E,1982-03-01,3091694
E,1982-04-01,3091694
E,1982-05-01,3091694
E,1982-06-01,3091694
E,1982-07-01,3091694
E,1982-08-01,3091694
E,1982-09-01,3091694
E,1982-10-01,3091694
E,1982-11-01,3091694
E,1982-12-01,3091694
E,1983-01-01,3091694
E,1983-02-01,3091694
E,1983-03-01,3091694
E,1983-04-01,3091694
E,1983-05-01,3091694
E,1983-06-01,3091694
E,1983-07-01,3091694
E,1983-08-01,3091694
E,1983-09-01,3091694
E,1983-10-01,3091694
E,1983-11-01,3091694
E,1983-12-01,3091694
E,1984-01-01,3091694
E,1984-02-01,3091694
E,1984-03-01,3091694
E,1984-04-01,3091694
E,1984-05-01,3091694
E,1984-06-01,3091694
E,1984-07-01,3091694
E,1984-08-01,3091694
E,1984-09-01,3091694
E,1984-10-01,3091694
E,1984-11-01,3091694
E,1984-12-01,3091694
E,1985-01-01,3091694
E,1985-02-01,3091694
E,1985-03-01,3091694
E,1985-04-01,3091694
E,1985-05-01,3091694
E,1985-06-01,3091694
E,1985-07-01,3091694
E,1985-08-01,3091694
E,1985-09-01,3091694
E,1985-10-01,3091694
E,1985-11-01,3091694
E,1985-12-01,3091694
E,1986-01-01,3091694
E,1986-02-01,3091694
E,1986-03-01,3091694
E,1986-04-01,3091694
E,1986-05-01,3091694
E,1986-06-01,3091694
E,1986-07-01,3091694
E,1986-08-01,3091694
E,1986-09-01,3091694
E,1986-10-01,3091694
E,1986-11-01,3091694
E,1986-12-01,3091694
E,1987-01-01,3091694
E,1987-02-01,3091694
E,1987-03-01,3091694
E,1987-04-01,3091694
E,1987-05-01,3091694
E,1987-06-01,3091694
E,1987-07-01,3091694
E,1987-08-01,3091694
E,1987-09-01,3091694
E,1987-10-01,3091694
E,1987-11-01,3091694
E,1987-12-01,3091694
E,1988-01-01,3091694
E,1988-02-01,3091694
E,1988-03-01,3091694
E,1988-04-01,3091694
E,1988-05-01,3091694
E,1988-06-01,3091694
E,1988-07-01,3091694
E,1988-08-01,3091694
E,1988-09-01,3091694
E,1988-10-01,3091694
E,1988-11-01,3091694
E,1988-12-01,3091694
E,1989-01-01,3091694
E,1989-02-01,3091694
E,1989-03-01,3091694
E,1989-04-01,3091694
E,1989-05-01,3091694
E,1989-06-01,3091694
E,1989-07-01,3091694
E,1989-08-01,3091694
E,1989-09-01,3091694
E,1989-10-01,3091694
E,1989-11-01,3091694
E,1989-12-01,3091694
E,1990-01-01,3621716
E,1990-02-01,3621716
E,1990-03-01,3621716
E,1990-04-01,3621716
E,1990-05-01,3621716
E,1990-06-01,3621716
E,1990-07-01,3621716
E,1990-08-01,3621716
E,1990-09-01,3621716
E,1990-10-01,3621716
E,1990-11-01,3621716
E,1990-12-01,3621716
E,1991-01-01,3621716
E,1991-02-01,3621716
E,1991-03-01,3621716
E,1991-04-01,3621716
E,1991-05-01,3621716
E,1991-06-01,3621716
E,1991-07-01,3621716
E,1991-08-01,3621716
E,1991-09-01,3621716
E,1991-10-01,3621716
E,1991-11-01,3621716
E,1991-12-01,3621716
E,1992-01-01,3621716
E,1992-02-01,3621716
E,1992-03-01,3621716
E,1992-04-01,3621716
E,1992-05-01,3621716
E,1992-06-01,3621716
E,1992-07-01,3621716
E,1992-08-01,3621716
E,1992-09-01,3621716
E,1992-10-01,3621716
E,1992-11-01,3621716
E,1992-12-01,3621716
E,1993-01-01,3621716
E,1993-02-01,3621716
E,1993-03-01,3621716
E,1993-04-01,3621716
E,1993-05-01,3621716
E,1993-06-01,3621716
E,1993-07-01,3621716
E,1993-08-01,3621716
E,1993-09-01,3621716
E,1993-10-01,3621716
E,1993-11-01,3621716
E,1993-12-01,3621716
E,1994-01-01,3621716
E,1994-02-01,3621716
E,1994-03-01,3621716
E,1994-04-01,3621716
E,1994-05-01,3621716
E,1994-06-01,3621716
E,1994-07-01,3621716
E,1994-08-01,3621716
E,1994-09-01,3621716
E,1994-10-01,3621716
E,1994-11-01,3621716
E,1994-12-01,3621716
E,1995-01-01,3621716
E,1995-02-01,3621716
E,1995-03-01,3621716
E,1995-04-01,3621716
E,1995-05-01,3621716
E,1995-06-01,3621716
E,1995-07-01,3621716
E,1995-08-01,3621716
E,1995-09-01,3621716
E,1995-10-01,3621716
E,1995-11-01,3621716
E,1995-12-01,3621716
E,1996-01-01,3621716
E,1996-02-01,3621716
E,1996-03-01,3621716
E,1996-04-01,3621716
E,1996-05-01,3621716
E,1996-06-01,3621716
E,1996-07-01,3621716
E,1996-08-01,3621716
E,1996-09-01,3621716
E,1996-10-01,3621716
E,1996-11-01,3621716
E,1996-12-01,3621716
E,1997-01-01,3621716
E,1997-02-01,3621716
E,1997-03-01,3621716
E,1997-04-01,3621716
E,1997-05-01,3621716
E,1997-06-01,3621716
E,1997-07-01,3621716
E,1997-08-01,3621716
E,1997-09-01,3621716
E,1997-10-01,3621716
E,1997-11-01,3621716
E,1997-12-01,3621716
E,1998-01-01,3621716
E,1998-02-01,3621716
E,1998-03-01,3621716
E,1998-04-01,3621716
E,1998-05-01,3621716
E,1998-06-01,3621716
E,1998-07-01,3621716
E,1998-08-01,3621716
E,1998-09-01,3621716
E,1998-10-01,3621716
E,1998-11-01,3621716
E,1998-12-01,3621716
E,1999-01-01,3621716
E,1999-02-01,3621716
E,1999-03-01,3621716
E,1999-04-01,3621716
E,1999-05-01,3621716
E,1999-06-01,3621716
E,1999-07-01,3621716
E,1999-08-01,3621716
E,1999-09-01,3621716
E,1999-10-01,3621716
E,1999-11-01,3621716
E,1999-12-01,3621716
E,2000-01-01,3946988
E,2000-02-01,3946988
E,2000-03-01,3946988
E,2000-04-01,3946988
E,2000-05-01,3946988
E,2000-06-01,3946988
E,2000-07-01,3946988
E,2000-08-01,3946988
E,2000-09-01,3946988
E,2000-10-01,3946988
E,2000-11-01,3946988
E,2000-12-01,3946988
E,2001-01-01,3946988
E,2001-02-01,3946988
E,2001-03-01,3946988
E,2001-04-01,3946988
E,2001-05-01,3946988
E,2001-06-01,3946988
E,2001-07-01,3946988
E,2001-08-01,3946988
E,2001-09-01,3946988
E,2001-10-01,3946988
E,2001-11-01,3946988
E,2001-12-01,3946988
E,2002-01-01,3946988
E,2002-02-01,3946988
E,2002-03-01,3946988
E,2002-04-01,3946988
E,2002-05-01,3946988
E,2002-06-01,3946988
E,2002-07-01,3946988
E,2002-08-01,3946988
E,2002-09-01,3946988
E,2002-10-01,3946988
E,2002-11-01,3946988
E,2002-12-01,3946988
E,2003-01-01,3946988
E,2003-02-01,3946988
E,2003-03-01,3946988
E,2003-04-01,3946988
E,2003-05-01,3946988
E,2003-06-01,3946988
E,2003-07-01,3946988
E,2003-08-01,3946988
E,2003-09-01,3946988
E,2003-10-01,3946988
E,2003-11-01,3946988
E,2003-12-01,3946988
E,2004-01-01,3946988
E,2004-02-01,3946988
E,2004-03-01,3946988
E,2004-04-01,3946988
E,2004-05-01,3946988
E,2004-06-01,3946988
E,2004-07-01,3946988
E,2004-08-01,3946988
E,2004-09-01,3946988
E,2004-10-01,3946988
E,2004-11-01,3946988
E,2004-12-01,3946988
E,2005-01-01,3946988
E,2005-02-01,3946988
E,2005-03-01,3946988
E,2005-04-01,3946988
E,2005-05-01,3946988
E,2005-06-01,3946988
E,2005-07-01,3946988
E,2005-08-01,3946988
E,2005-09-01,3946988
E,2005-10-01,3946988
E,2005-11-01,3946988
E,2005-12-01,3946988
E,2006-01-01,3946988
E,2006-02-01,3946988
E,2006-03-01,3946988
E,2006-04-01,3946988
E,2006-05-01,3946988
E,2006-06-01,3946988
E,2006-07-01,3946988
E,2006-08-01,3946988
E,2006-09-01,3946988
E,2006-10-01,3946988
E,2006-11-01,3946988
E,2006-12-01,3946988
E,2007-01-01,3946988
E,2007-02-01,3946988
E,2007-03-01,3946988
E,2007-04-01,3946988
E,2007-05-01,3946988
E,2007-06-01,3946988
E,2007-07-01,3946988
E,2007-08-01,3946988
E,2007-09-01,3946988
E,2007-10-01,3946988
E,2007-11-01,3946988
E,2007-12-01,3946988
E,2008-01-01,3946988
E,2008-02-01,3946988
E,2008-03-01,3946988
E,2008-04-01,3946988
E,2008-05-01,3946988
E,2008-06-01,3946988
E,2008-07-01,3946988
E,2008-08-01,3946988
E,2008-09-01,3946988
E,2008-10-01,3946988
E,2008-11-01,3946988
E,2008-12-01,3946988
E,2009-01-01,3946988
E,2009-02-01,3946988
E,2009-03-01,3946988
E,2009-04-01,3946988
E,2009-05-01,3946988
E,2009-06-01,3946988
E,2009-07-01,3946988
E,2009-08-01,3946988
E,2009-09-01,3946988
E,2009-10-01,3946988
E,2009-11-01,3946988
E,2009-12-01,3946988
E,2010-01-01,4322899
E,2010-02-01,4322899
E,2010-03-01,4322899
E,2010-04-01,4322899
E,2010-05-01,4322899
E,2010-06-01,4322899
E,2010-07-01,4322899
E,2010-08-01,4322899
E,2010-09-01,4322899
E,2010-10-01,4322899
E,2010-11-01,4322899
E,2010-12-01,4322899
E,2011-01-01,4322899
E,2011-02-01,4322899
E,2011-03-01,4322899
E,2011-04-01,4322899
E,2011-05-01,4322899
E,2011-06-01,4322899
E,2011-07-01,4322899
E,2011-08-01,4322899
E,2011-09-01,4322899
E,2011-10-01,4322899
E,2011-11-01,4322899
E,2011-12-01,4322899
E,2012-01-01,4322899
E,2012-02-01,4322899
E,2012-03-01,4322899
E,2012-04-01,4322899
E,2012-05-01,4322899
E,2012-06-01,4322899
E,2012-07-01,4322899
E,2012-08-01,4322899
E,2012-09-01,4322899
E,2012-10-01,4322899
E,2012-11-01,4322899
E,2012-12-01,4322899
E,2013-01-01,4322899
E,2013-02-01,4322899
E,2013-03-01,4322899
E,2013-04-01,4322899
E,2013-05-01,4322899
E,2013-06-01,4322899
E,2013-07-01,4322899
E,2013-08-01,4322899
E,2013-09-01,4322899
E,2013-10-01,4322899
E,2013-11-01,4322899
E,2013-12-01,4322899
E,2014-01-01,4493249
E,2014-02-01,4493249
E,2014-03-01,4493249
E,2014-04-01,4493249
E,2014-05-01,4493249
E,2014-06-01,4493249
E,2014-07-01,4493249
E,2014-08-01,4493249
E,2014-09-01,4493249
E,2014-10-01,4493249
E,2014-11-01,4493249
E,2014-12-01,4493249
E,2015-01-01,4493249
E,2015-02-01,4493249
E,2015-03-01,4493249
E,2015-04-01,4493249
E,2015-05-01,4493249
E,2015-06-01,4493249
E,2015-07-01,4493249
E,2015-08-01,4493249
E,2015-09-01,4493249
E,2015-10-01,4493249
E,2015-11-01,4493249
E,2015-12-01,4493249
E,2016-01-01,4493249
E,2016-02-01,4493249
E,2016-03-01,4493249
E,2016-04-01,4493249
E,2016-05-01,4493249
E,2016-06-01,4493249
E,2016-07-01,4493249
E,2016-08-01,4493249
E,2016-09-01,4493249
E,2016-10-01,4493249
E,2016-11-01,4493249
E,2016-12-01,4493249
E,2017-01-01,4636100
E,2017-02-01,4636100
E,2017-03-01,4636100
E,2017-04-01,4636100
E,2017-05-01,4636100
E,2017-06-01,4636100
E,2017-07-01,4636100
E,2017-08-01,4636100
E,2017-09-01,4636100
E,2017-10-01,4636100
E,2017-11-01,4636100
E,2017-12-01,4636100
E,2018-01-01,4636100
E,2018-02-01,4636100
E,2018-03-01,4636100
E,2018-04-01,4636100
E,2018-05-01,4636100
E,2018-06-01,4636100
E,2018-07-01,4636100
E,2018-08-01,4636100
E,2018-09-01,4636100
E,2018-10-01,4636100
E,2018-11-01,4636100
E,2018-12-01,4636100
E,2019-01-01,4636100
E,2019-02-01,4636100
E,2019-03-01,4636100
E,2019-04-01,4636100
E,2019-05-01,4636100
E,2019-06-01,4636100
E,2019-07-01,4636100
E,2019-08-01,4636100
E,2019-09-01,4636100
E,2019-10-01,4636100
E,2019-11-01,4636100
E,2019-12-01,4636100
E,2020-01-01,4597259
E,2020-02-01,4597259
E,2020-03-01,4597259
E,2020-04-01,4597259
E,2020-05-01,4597259
E,2020-06-01,4597259
E,2020-07-01,4597259
E,2020-08-01,4597259
E,2020-09-01,4597259
E,2020-10-01,4597259
E,2020-11-01,4597259
E,2020-12-01,4597259
E,2021-01-01,4597259
E,2021-02-01,4597259
E,2021-03-01,4597259
E,2021-04-01,4597259
E,2021-05-01,4597259
E,2021-06-01,4597259
E,2021-07-01,4597259
E,2021-08-01,4597259
E,2021-09-01,4597259
E,2021-10-01,4597259
E,2021-11-01,4597259
E,2021-12-01,4597259
E,2022-01-01,4597259
E,2022-02-01,4597259
E,2022-03-01,4597259
E,2022-04-01,4597259
E,2022-05-01,4597259
E,2022-06-01,4597259
E,2022-07-01,4597259
E,2022-08-01,4597259
E,2022-09-01,4597259
E,2022-10-01,4597259
E,2022-11-01,4597259
E,2022-12-01,4597259
E,2023-01-01,4717177
E,2023-02-01,4717177
E,2023-03-01,4717177
E,2023-04-01,4717177
E,2023-05-01,4717177
E,2023-06-01,4717177
E,2023-07-01,4717177
E,2023-08-01,4717177
E,2023-09-01,4717177
E,2023-10-01,4717177
E,2023-11-01,4717177
E,2023-12-01,4717177
E,2024-01-01,4717177
E,2024-02-01,4717177
E,2024-03-01,4717177
E,2024-04-01,4717177
E,2024-05-01,4717177
E,2024-06-01,4717177
E,2024-07-01,4717177
E,2024-08-01,4717177
E,2024-09-01,4717177
E,2024-10-01,4717177
E,2024-11-01,4717177
E,2024-12-01,4717177
E,2025-01-01,4717177
E,2025-02-01,4717177
E,2025-03-01,4717177
E,2025-04-01,4717177
E,2025-05-01,4717177
E,2025-06-01,4717177
E,2025-07-01,4717177
E,2025-08-01,4717177
E,2025-09-01,4717177
E,2025-10-01,4717177
E,2025-11-01,4717177
E,2025-12-01,4717177
E,2026-01-01,4717177
E,2026-02-01,4717177
E,2026-03-01,4717177
E,2026-04-01,4717177
E,2026-05-01,4717177
E,2026-06-01,4717177
E,2026-07-01,4717177
E,2026-08-01,4717177
K,1975-10-01,113344
K,1975-11-01,117577
K,1975-12-01,136661
K,1976-01-01,120573
K,1976-02-01,102854
K,1976-03-01,93503
K,1976-04-01,79737
K,1976-05-01,66158
K,1976-06-01,51624
K,1976-07-01,28696
K,1976-08-01,26851
K,1976-09-01,23777
K,1976-10-01,20389
K,1976-11-01,19821
K,1976-12-01,26790
K,1977-01-01,25479
K,1977-02-01,21944
K,1977-03-01,16354
K,1977-04-01,13097
K,1977-05-01,11216
K,1977-06-01,7544
K,1977-07-01,4145
K,1977-08-01,4439
K,1977-09-01,3657
K,1977-10-01,3191
K,1977-11-01,4605
K,1977-12-01,4474
K,1978-01-01,6623
K,1978-02-01,9705
K,1978-03-01,9133
K,1978-04-01,8081
K,1978-05-01,8876
K,1978-06-01,6700
K,1978-07-01,3557
K,1978-08-01,4850
K,1978-09-01,7091
K,1978-10-01,12538
K,1978-11-01,16387
K,1978-12-01,16810
K,1979-01-01,19518
K,1979-02-01,19296
K,1979-03-01,20909
K,1979-04-01,17647
K,1979-05-01,14848
K,1979-06-01,10784
K,1979-07-01,6089
K,1979-08-01,7016
K,1979-09-01,7425
K,1979-10-01,7552
K,1979-11-01,7728
K,1979-12-01,4407
K,1980-01-01,5433
K,1980-02-01,4184
K,1980-03-01,2597
K,1980-04-01,2216
K,1980-05-01,1456
K,1980-06-01,1596
K,1980-07-01,1155
K,1980-08-01,676
K,1980-09-01,950
K,1980-10-01,1655
K,1980-11-01,1637
K,1980-12-01,1981
K,1981-01-01,3550
K,1981-02-01,3605
K,1981-03-01,2685
K,1981-04-01,2217
K,1981-05-01,2456
K,1981-06-01,2480
K,1981-07-01,1338
K,1981-08-01,1551
K,1981-09-01,4460
K,1981-10-01,11610
K,1981-11-01,15312
K,1981-12-01,17187
K,1982-01-01,22277
K,1982-02-01,24151
K,1982-03-01,24822
K,1982-04-01,27767
K,1982-05-01,31876
K,1982-06-01,34349
K,1982-07-01,26567
K,1982-08-01,28509
K,1982-09-01,39982
K,1982-10-01,51479
K,1982-11-01,65565
K,1982-12-01,61983
K,1983-01-01,68545
K,1983-02-01,68807
K,1983-03-01,66156
K,1983-04-01,60462
K,1983-05-01,54736
K,1983-06-01,47560
K,1983-07-01,34167
K,1983-08-01,32749
K,1983-09-01,39259
K,1983-10-01,40327
K,1983-11-01,39420
K,1983-12-01,34975
K,1984-01-01,24758
K,1984-02-01,23482
K,1984-03-01,20942
K,1984-04-01,16252
K,1984-05-01,13944
K,1984-06-01,12006
K,1984-07-01,2370
K,1984-08-01,2198
K,1984-09-01,3591
K,1984-10-01,5396
K,1984-11-01,6166
K,1984-12-01,3665
K,1985-01-01,4437
K,1985-02-01,5230
K,1985-03-01,3928
K,1985-04-01,2340
K,1985-05-01,1372
K,1985-06-01,1338
K,1985-07-01,574
K,1985-08-01,500
K,1985-09-01,1063
K,1985-10-01,1316
K,1985-11-01,2043
K,1985-12-01,1453
K,1986-01-01,1951
K,1986-02-01,2934
K,1986-03-01,1546
K,1986-04-01,1285
K,1986-05-01,1303
K,1986-06-01,1281
K,1986-07-01,698
K,1986-08-01,861
K,1986-09-01,1805
K,1986-10-01,3606
K,1986-11-01,4098
K,1986-12-01,3330
K,1987-01-01,4430
K,1987-02-01,4204
K,1987-03-01,5045
K,1987-04-01,4595
K,1987-05-01,3935
K,1987-06-01,4303
K,1987-07-01,2384
K,1987-08-01,3515
K,1987-09-01,3487
K,1987-10-01,4813
K,1987-11-01,4807
K,1987-12-01,4186
K,1988-01-01,5514
K,1988-02-01,7302
K,1988-03-01,6656
K,1988-04-01,4840
K,1988-05-01,5173
K,1988-06-01,5052
K,1988-07-01,1621
K,1988-08-01,1720
K,1988-09-01,2797
K,1988-10-01,3044
K,1988-11-01,2495
K,1988-12-01,1155
K,1989-01-01,1002
K,1989-02-01,1006
K,1989-03-01,531
K,1989-04-01,775
K,1989-05-01,869
K,1989-06-01,648
K,1989-07-01,325
K,1989-08-01,525
K,1989-09-01,530
K,1989-10-01,287
K,1989-11-01,433
K,1989-12-01,305
K,1990-01-01,281
K,1990-02-01,462
K,1990-03-01,1033
K,1990-04-01,513
K,1990-05-01,471
K,1990-06-01,384
K,1990-07-01,121
K,1990-08-01,112
K,1990-09-01,1007
K,1990-10-01,1136
K,1990-11-01,1671
K,1990-12-01,1611
K,1991-01-01,3491
K,1991-02-01,7486
K,1991-03-01,16433
K,1991-04-01,20206
K,1991-05-01,22468
K,1991-06-01,22991
K,1991-07-01,15096
K,1991-08-01,18929
K,1991-09-01,23641
K,1991-10-01,28047
K,1991-11-01,34109
K,1991-12-01,30330
K,1992-01-01,39085
K,1992-02-01,42555
K,1992-03-01,41684
K,1992-04-01,39813
K,1992-05-01,36158
K,1992-06-01,31499
K,1992-07-01,18018
K,1992-08-01,20738
K,1992-09-01,28848
K,1992-10-01,33083
K,1992-11-01,40761
K,1992-12-01,36003
K,1993-01-01,50607
K,1993-02-01,55175
K,1993-03-01,56506
K,1993-04-01,52634
K,1993-05-01,49274
K,1993-06-01,43653
K,1993-07-01,26494
K,1993-08-01,24991
K,1993-09-01,32844
K,1993-10-01,36283
K,1993-11-01,38993
K,1993-12-01,37092
K,1994-01-01,42859
K,1994-02-01,44360
K,1994-03-01,39084
K,1994-04-01,31614
K,1994-05-01,26792
K,1994-06-01,21629
K,1994-07-01,10020
K,1994-08-01,9793
K,1994-09-01,11094
K,1994-10-01,12210
K,1994-11-01,11998
K,1994-12-01,9752
K,1995-01-01,11853
K,1995-02-01,13775
K,1995-03-01,12339
K,1995-04-01,11747
K,1995-05-01,10266
K,1995-06-01,10028
K,1995-07-01,6232
K,1995-08-01,6305
K,1995-09-01,7189
K,1995-10-01,9321
K,1995-11-01,10787
K,1995-12-01,9159
K,1996-01-01,12616
K,1996-02-01,18522
K,1996-03-01,20028
K,1996-04-01,16637
K,1996-05-01,15193
K,1996-06-01,15136
K,1996-07-01,6174
K,1996-08-01,5302
K,1996-09-01,9350
K,1996-10-01,12332
K,1996-11-01,14692
K,1996-12-01,10732
K,1997-01-01,14948
K,1997-02-01,16252
K,1997-03-01,13227
K,1997-04-01,9410
K,1997-05-01,5548
K,1997-06-01,4260
K,1997-07-01,2599
K,1997-08-01,1707
K,1997-09-01,2393
K,1997-10-01,2876
K,1997-11-01,2977
K,1997-12-01,3134
K,1998-01-01,4580
K,1998-02-01,6440
K,1998-03-01,5835
K,1998-04-01,3956
K,1998-05-01,2696
K,1998-06-01,1753
K,1998-07-01,994
K,1998-08-01,807
K,1998-09-01,1842
K,1998-10-01,2520
K,1998-11-01,3285
K,1998-12-01,2339
K,1999-01-01,3872
K,1999-02-01,6320
K,1999-03-01,5347
K,1999-04-01,4467
K,1999-05-01,3460
K,1999-06-01,2929
K,1999-07-01,1133
K,1999-08-01,824
K,1999-09-01,1183
K,1999-10-01,1620
K,1999-11-01,1797
K,1999-12-01,1471
K,2000-01-01,4722
K,2000-02-01,2832
K,2000-03-01,1864
K,2000-04-01,1392
K,2000-05-01,813
K,2000-06-01,1529
K,2000-07-01,355
K,2000-08-01,207
K,2000-09-01,224
K,2000-10-01,900
K,2000-11-01,344
K,2000-12-01,443
K,2001-01-01,845
K,2001-02-01,1101
K,2001-03-01,1477
K,2001-04-01,996
K,2001-05-01,1536
K,2001-06-01,1429
K,2001-07-01,1183
K,2001-08-01,1667
K,2001-09-01,3618
K,2001-10-01,7166
K,2001-11-01,11415
K,2001-12-01,11025
K,2002-01-01,18485
K,2002-02-01,18855
K,2002-03-01,18403
K,2002-04-01,18065
K,2002-05-01,14278
K,2002-06-01,12743
K,2002-07-01,4940
K,2002-08-01,4895
K,2002-09-01,7851
K,2002-10-01,9542
K,2002-11-01,12410
K,2002-12-01,8889
K,2003-01-01,15202
K,2003-02-01,14602
K,2003-03-01,16145
K,2003-04-01,16427
K,2003-05-01,16909
K,2003-06-01,14836
K,2003-07-01,8416
K,2003-08-01,8893
K,2003-09-01,9951
K,2003-10-01,11928
K,2003-11-01,10457
K,2003-12-01,7037
K,2004-01-01,9464
K,2004-02-01,9981
K,2004-03-01,10196
K,2004-04-01,7020
K,2004-05-01,5273
K,2004-06-01,4423
K,2004-07-01,2037
K,2004-08-01,1776
K,2004-09-01,2786
K,2004-10-01,3272
K,2004-11-01,3812
K,2004-12-01,3366
K,2005-01-01,4831
K,2005-02-01,5296
K,2005-03-01,5691
K,2005-04-01,3955
K,2005-05-01,3165
K,2005-06-01,3101
K,2005-07-01,1813
K,2005-08-01,2075
K,2005-09-01,2050
K,2005-10-01,2452
K,2005-11-01,2852
K,2005-12-01,1917
K,2006-01-01,2778
K,2006-02-01,2712
K,2006-03-01,2330
K,2006-04-01,1626
K,2006-05-01,1136
K,2006-06-01,1107
K,2006-07-01,549
K,2006-08-01,527
K,2006-09-01,792
K,2006-10-01,560
K,2006-11-01,638
K,2006-12-01,395
K,2007-01-01,1148
K,2007-02-01,1564
K,2007-03-01,1545
K,2007-04-01,617
K,2007-05-01,1461
K,2007-06-01,458
K,2007-07-01,220
K,2007-08-01,354
K,2007-09-01,346
K,2007-10-01,528
K,2007-11-01,304
K,2007-12-01,336
K,2008-01-01,465
K,2008-02-01,1003
K,2008-03-01,1127
K,2008-04-01,1490
K,2008-05-01,1468
K,2008-06-01,1413
K,2008-07-01,807
K,2008-08-01,704
K,2008-09-01,1007
K,2008-10-01,1634
K,2008-11-01,4182
K,2008-12-01,9710
K,2009-01-01,25529
K,2009-02-01,45532
K,2009-03-01,64630
K,2009-04-01,80152
K,2009-05-01,92204
K,2009-06-01,91843
K,2009-07-01,63646
K,2009-08-01,67367
K,2009-09-01,79464
K,2009-10-01,75460
K,2009-11-01,67076
K,2009-12-01,55783
K,2010-01-01,54434
K,2010-02-01,45311
K,2010-03-01,39425
K,2010-04-01,37037
K,2010-05-01,23653
K,2010-06-01,20049
K,2010-07-01,12318
K,2010-08-01,10203
K,2010-09-01,10715
K,2010-10-01,9786
K,2010-11-01,8789
K,2010-12-01,7750
K,2011-01-01,7582
K,2011-02-01,7022
K,2011-03-01,6154
K,2011-04-01,5931
K,2011-05-01,5390
K,2011-06-01,4787
K,2011-07-01,3201
K,2011-08-01,2851
K,2011-09-01,5220
K,2011-10-01,6671
K,2011-11-01,8901
K,2011-12-01,7765
K,2012-01-01,12129
K,2012-02-01,12771
K,2012-03-01,13047
K,2012-04-01,11128
K,2012-05-01,10685
K,2012-06-01,10781
K,2012-07-01,6321
K,2012-08-01,6179
K,2012-09-01,8122
K,2012-10-01,10153
K,2012-11-01,13388
K,2012-12-01,9479
K,2013-01-01,13201
K,2013-02-01,11008
K,2013-03-01,11099
K,2013-04-01,11012
K,2013-05-01,8464
K,2013-06-01,7622
K,2013-07-01,3721
K,2013-08-01,4158
K,2013-09-01,4783
K,2013-10-01,5131
K,2013-11-01,6403
K,2013-12-01,4621
K,2014-01-01,3154
K,2014-02-01,3248
K,2014-03-01,3779
K,2014-04-01,2507
K,2014-05-01,2749
K,2014-06-01,2528
K,2014-07-01,1355
K,2014-08-01,1311
K,2014-09-01,2082
K,2014-10-01,2619
K,2014-11-01,3124
K,2014-12-01,2539
K,2015-01-01,3129
K,2015-02-01,5341
K,2015-03-01,8337
K,2015-04-01,8201
K,2015-05-01,7438
K,2015-06-01,7973
K,2015-07-01,4386
K,2015-08-01,4746
K,2015-09-01,6534
K,2015-10-01,8346
K,2015-11-01,8501
K,2015-12-01,6558
K,2016-01-01,8052
K,2016-02-01,8418
K,2016-03-01,8561
K,2016-04-01,9024
K,2016-05-01,8493
K,2016-06-01,7949
K,2016-07-01,5183
K,2016-08-01,5536
K,2016-09-01,7061
K,2016-10-01,7950
K,2016-11-01,8365
K,2016-12-01,6913
K,2017-01-01,8282
K,2017-02-01,7455
K,2017-03-01,7074
K,2017-04-01,5739
K,2017-05-01,4843
K,2017-06-01,4582
K,2017-07-01,2646
K,2017-08-01,1847
K,2017-09-01,1938
K,2017-10-01,1988
K,2017-11-01,1953
K,2017-12-01,1660
K,2018-01-01,3002
K,2018-02-01,2376
K,2018-03-01,2124
K,2018-04-01,2181
K,2018-05-01,1347
K,2018-06-01,1075
K,2018-07-01,533
K,2018-08-01,376
K,2018-09-01,586
K,2018-10-01,1431
K,2018-11-01,1648
K,2018-12-01,1473
K,2019-01-01,1479
K,2019-02-01,1514
K,2019-03-01,1080
K,2019-04-01,1152
K,2019-05-01,1881
K,2019-06-01,2482
K,2019-07-01,1531
K,2019-08-01,1327
K,2019-09-01,2954
K,2019-10-01,2716
K,2019-11-01,5361
K,2019-12-01,3816
K,2020-01-01,5355
K,2020-02-01,5077
K,2020-03-01,980131
K,2020-04-01,1341693
K,2020-05-01,1085143
K,2020-06-01,615140
K,2020-07-01,419394
K,2020-08-01,354958
K,2020-09-01,252084
K,2020-10-01,249849
K,2020-11-01,361136
K,2020-12-01,377470
K,2021-01-01,515894
K,2021-02-01,525374
K,2021-03-01,429924
K,2021-04-01,366340
K,2021-05-01,295472
K,2021-06-01,196014
K,2021-07-01,115607
K,2021-08-01,90146
K,2021-09-01,78706
K,2021-10-01,67012
K,2021-11-01,62586
K,2021-12-01,62079
K,2022-01-01,81618
K,2022-02-01,73189
K,2022-03-01,35043
K,2022-04-01,15530
K,2022-05-01,11104
K,2022-06-01,7018
K,2022-07-01,3849
K,2022-08-01,2956
K,2022-09-01,3064
K,2022-10-01,3882
K,2022-11-01,3469
K,2022-12-01,3884
K,2023-01-01,3377
K,2023-02-01,3835
K,2023-03-01,3393
K,2023-04-01,2812
K,2023-05-01,3163
K,2023-06-01,3626
K,2023-07-01,3534
K,2023-08-01,3761
K,2023-09-01,6270
K,2023-10-01,7724
K,2023-11-01,9518
K,2023-12-01,6709
K,2024-01-01,8703
K,2024-02-01,8713
K,2024-03-01,9561
K,2024-04-01,9114
K,2024-05-01,10314
K,2024-06-01,10215
K,2024-07-01,7846
K,2024-08-01,9035
K,2024-09-01,13048
K,2024-10-01,16198
K,2024-11-01,17620
K,2024-12-01,12929
K,2025-01-01,21058
K,2025-02-01,21043
K,2025-03-01,20512
K,2025-04-01,17015
K,2025-05-01,16902
K,2025-06-01,17986
K,2025-07-01,11655
K,2025-08-01,12273
K,2025-09-01,15547
K,2025-10-01,16330
K,2025-11-01,18172
K,2025-12-01,15436
K,2026-01-01,18394
K,2026-02-01,15732
K,2026-03-01,12917
K,2026-04-01,11196
K,2026-05-01,8331
RS,1988-01-01,29345
RS,1988-02-01,28479
RS,1988-03-01,27239
RS,1988-04-01,26062
RS,1988-05-01,24655
RS,1988-06-01,23478
RS,1988-07-01,22972
RS,1988-08-01,22118
RS,1988-09-01,21336
RS,1988-10-01,21286
RS,1988-11-01,22094
RS,1988-12-01,22940
RS,1989-01-01,23359
RS,1989-02-01,22462
RS,1989-03-01,20797
RS,1989-04-01,19991
RS,1989-05-01,18832
RS,1989-06-01,17813
RS,1989-07-01,17434
RS,1989-08-01,16989
RS,1989-09-01,16564
RS,1989-10-01,16776
RS,1989-11-01,17736
RS,1989-12-01,18545
RS,1990-01-01,19744
RS,1990-02-01,19279
RS,1990-03-01,18397
RS,1990-04-01,17850
RS,1990-05-01,17164
RS,1990-06-01,16827
RS,1990-07-01,17196
RS,1990-08-01,17576
RS,1990-09-01,18117
RS,1990-10-01,19970
RS,1990-11-01,23515
RS,1990-12-01,26702
RS,1991-01-01,30328
RS,1991-02-01,32635
RS,1991-03-01,34223
RS,1991-04-01,35440
RS,1991-05-01,36825
RS,1991-06-01,37096
RS,1991-07-01,39490
RS,1991-08-01,41369
RS,1991-09-01,43502
RS,1991-10-01,47908
RS,1991-11-01,54156
RS,1991-12-01,61013
RS,1992-01-01,69867
RS,1992-02-01,74952
RS,1992-03-01,78420
RS,1992-04-01,81826
RS,1992-05-01,84658
RS,1992-06-01,87398
RS,1992-07-01,92966
RS,1992-08-01,97577
RS,1992-09-01,104867
RS,1992-10-01,112091
RS,1992-11-01,123506
RS,1992-12-01,133342
RS,1993-01-01,144972
RS,1993-02-01,151561
RS,1993-03-01,155780
RS,1993-04-01,160266
RS,1993-05-01,163118
RS,1993-06-01,166862
RS,1993-07-01,172392
RS,1993-08-01,176131
RS,1993-09-01,179850
RS,1993-10-01,181837
RS,1993-11-01,189033
RS,1993-12-01,193918
RS,1994-01-01,198334
RS,1994-02-01,198317
RS,1994-03-01,193607
RS,1994-04-01,189186
RS,1994-05-01,185069
RS,1994-06-01,180965
RS,1994-07-01,179113
RS,1994-08-01,177711
RS,1994-09-01,174936
RS,1994-10-01,173312
RS,1994-11-01,176114
RS,1994-12-01,179048
RS,1995-01-01,182240
RS,1995-02-01,179899
RS,1995-03-01,176174
RS,1995-04-01,172731
RS,1995-05-01,169820
RS,1995-06-01,166300
RS,1995-07-01,168070
RS,1995-08-01,169043
RS,1995-09-01,169689
RS,1995-10-01,174170
RS,1995-11-01,182041
RS,1995-12-01,188416
RS,1996-01-01,196999
RS,1996-02-01,199542
RS,1996-03-01,199551
RS,1996-04-01,199393
RS,1996-05-01,199135
RS,1996-06-01,198161
RS,1996-07-01,201144
RS,1996-08-01,203260
RS,1996-09-01,206938
RS,1996-10-01,215965
RS,1996-11-01,225690
RS,1996-12-01,234998
RS,1997-01-01,247914
RS,1997-02-01,251377
RS,1997-03-01,249483
RS,1997-04-01,247660
RS,1997-05-01,244361
RS,1997-06-01,241470
RS,1997-07-01,241455
RS,1997-08-01,241032
RS,1997-09-01,240072
RS,1997-10-01,239729
RS,1997-11-01,243922
RS,1997-12-01,247862
RS,1998-01-01,249222
RS,1998-02-01,244901
RS,1998-03-01,237986
RS,1998-04-01,230199
RS,1998-05-01,221901
RS,1998-06-01,213117
RS,1998-07-01,208370
RS,1998-08-01,203214
RS,1998-09-01,199869
RS,1998-10-01,198003
RS,1998-11-01,200202
RS,1998-12-01,203228
RS,1999-01-01,202752
RS,1999-02-01,199228
RS,1999-03-01,191859
RS,1999-04-01,183055
RS,1999-05-01,175138
RS,1999-06-01,167516
RS,1999-07-01,162771
RS,1999-08-01,157526
RS,1999-09-01,153279
RS,1999-10-01,151272
RS,1999-11-01,152497
RS,1999-12-01,154154
RS,2000-01-01,152261
RS,2000-02-01,148127
RS,2000-03-01,140225
RS,2000-04-01,132761
RS,2000-05-01,125283
RS,2000-06-01,119828
RS,2000-07-01,116250
RS,2000-08-01,112612
RS,2000-09-01,110089
RS,2000-10-01,109806
RS,2000-11-01,112616
RS,2000-12-01,115732
RS,2001-01-01,116770
RS,2001-02-01,114575
RS,2001-03-01,110115
RS,2001-04-01,105857
RS,2001-05-01,102990
RS,2001-06-01,100812
RS,2001-07-01,100534
RS,2001-08-01,100552
RS,2001-09-01,101302
RS,2001-10-01,108910
RS,2001-11-01,120808
RS,2001-12-01,129849
RS,2002-01-01,138443
RS,2002-02-01,140581
RS,2002-03-01,140468
RS,2002-04-01,140054
RS,2002-05-01,139202
RS,2002-06-01,139715
RS,2002-07-01,142271
RS,2002-08-01,145202
RS,2002-09-01,151503
RS,2002-10-01,161105
RS,2002-11-01,173500
RS,2002-12-01,183262
RS,2003-01-01,192586
RS,2003-02-01,197493
RS,2003-03-01,199702
RS,2003-04-01,200654
RS,2003-05-01,201123
RS,2003-06-01,201919
RS,2003-07-01,203712
RS,2003-08-01,205636
RS,2003-09-01,209495
RS,2003-10-01,215050
RS,2003-11-01,222282
RS,2003-12-01,228245
RS,2004-01-01,232197
RS,2004-02-01,231361
RS,2004-03-01,228212
RS,2004-04-01,222858
RS,2004-05-01,216377
RS,2004-06-01,212588
RS,2004-07-01,210740
RS,2004-08-01,212785
RS,2004-09-01,213733
RS,2004-10-01,215504
RS,2004-11-01,222102
RS,2004-12-01,227634
RS,2005-01-01,229624
RS,2005-02-01,228701
RS,2005-03-01,224525
RS,2005-04-01,219020
RS,2005-05-01,214024
RS,2005-06-01,210257
RS,2005-07-01,208300
RS,2005-08-01,210114
RS,2005-09-01,210888
RS,2005-10-01,212534
RS,2005-11-01,216859
RS,2005-12-01,220999
RS,2006-01-01,221825
RS,2006-02-01,218394
RS,2006-03-01,212486
RS,2006-04-01,204316
RS,2006-05-01,196638
RS,2006-06-01,189892
RS,2006-07-01,186936
RS,2006-08-01,186654
RS,2006-09-01,184880
RS,2006-10-01,186149
RS,2006-11-01,188641
RS,2006-12-01,192156
RS,2007-01-01,193176
RS,2007-02-01,188902
RS,2007-03-01,180298
RS,2007-04-01,173806
RS,2007-05-01,165843
RS,2007-06-01,158677
RS,2007-07-01,157068
RS,2007-08-01,156235
RS,2007-09-01,154395
RS,2007-10-01,157458
RS,2007-11-01,161214
RS,2007-12-01,164838
RS,2008-01-01,166414
RS,2008-02-01,163744
RS,2008-03-01,159031
RS,2008-04-01,154894
RS,2008-05-01,148527
RS,2008-06-01,144546
RS,2008-07-01,143798
RS,2008-08-01,143549
RS,2008-09-01,145937
RS,2008-10-01,151390
RS,2008-11-01,160144
RS,2008-12-01,171279
RS,2009-01-01,180287
RS,2009-02-01,186273
RS,2009-03-01,191992
RS,2009-04-01,194726
RS,2009-05-01,192516
RS,2009-06-01,198990
RS,2009-07-01,204137
RS,2009-08-01,208568
RS,2009-09-01,212902
RS,2009-10-01,217972
RS,2009-11-01,226116
RS,2009-12-01,234359
RS,2010-01-01,236317
RS,2010-02-01,235667
RS,2010-03-01,231497
RS,2010-04-01,223804
RS,2010-05-01,215264
RS,2010-06-01,209270
RS,2010-07-01,205604
RS,2010-08-01,204989
RS,2010-09-01,202774
RS,2010-10-01,202675
RS,2010-11-01,206715
RS,2010-12-01,211709
RS,2011-01-01,210916
RS,2011-02-01,205989
RS,2011-03-01,197837
RS,2011-04-01,181041
RS,2011-05-01,171169
RS,2011-06-01,165742
RS,2011-07-01,162530
RS,2011-08-01,164070
RS,2011-09-01,164448
RS,2011-10-01,169191
RS,2011-11-01,177681
RS,2011-12-01,185706
RS,2012-01-01,187417
RS,2012-02-01,187315
RS,2012-03-01,180912
RS,2012-04-01,176142
RS,2012-05-01,170776
RS,2012-06-01,166437
RS,2012-07-01,167222
RS,2012-08-01,170276
RS,2012-09-01,170867
RS,2012-10-01,178532
RS,2012-11-01,188311
RS,2012-12-01,196898
RS,2013-01-01,201776
RS,2013-02-01,200495
RS,2013-03-01,194224
RS,2013-04-01,190367
RS,2013-05-01,185012
RS,2013-06-01,179806
RS,2013-07-01,181398
RS,2013-08-01,181129
RS,2013-09-01,183741
RS,2013-10-01,188536
RS,2013-11-01,196522
RS,2013-12-01,205802
RS,2014-01-01,208777
RS,2014-02-01,205934
RS,2014-03-01,199911
RS,2014-04-01,192829
RS,2014-05-01,184436
RS,2014-06-01,180689
RS,2014-07-01,180822
RS,2014-08-01,179880
RS,2014-09-01,183113
RS,2014-10-01,187715
RS,2014-11-01,193892
RS,2014-12-01,203926
RS,2015-01-01,206138
RS,2015-02-01,206369
RS,2015-03-01,204266
RS,2015-04-01,199346
RS,2015-05-01,192798
RS,2015-06-01,191090
RS,2015-07-01,190939
RS,2015-08-01,192669
RS,2015-09-01,196042
RS,2015-10-01,200920
RS,2015-11-01,210886
RS,2015-12-01,220209
RS,2016-01-01,222751
RS,2016-02-01,222888
RS,2016-03-01,218187
RS,2016-04-01,210926
RS,2016-05-01,206239
RS,2016-06-01,201131
RS,2016-07-01,199347
RS,2016-08-01,201989
RS,2016-09-01,203568
RS,2016-10-01,207512
RS,2016-11-01,215215
RS,2016-12-01,223413
RS,2017-01-01,226861
RS,2017-02-01,223627
RS,2017-03-01,217248
RS,2017-04-01,208357
RS,2017-05-01,202419
RS,2017-06-01,196896
RS,2017-07-01,195223
RS,2017-08-01,195334
RS,2017-09-01,193624
RS,2017-10-01,198025
RS,2017-11-01,204141
RS,2017-12-01,212018
RS,2018-01-01,213125
RS,2018-02-01,208617
RS,2018-03-01,201119
RS,2018-04-01,194060
RS,2018-05-01,185467
RS,2018-06-01,179777
RS,2018-07-01,179857
RS,2018-08-01,179975
RS,2018-09-01,178499
RS,2018-10-01,183446
RS,2018-11-01,190212
RS,2018-12-01,197950
RS,2019-01-01,200125
RS,2019-02-01,197072
RS,2019-03-01,189467
RS,2019-04-01,183549
RS,2019-05-01,176128
RS,2019-06-01,170800
RS,2019-07-01,171280
RS,2019-08-01,169849
RS,2019-09-01,171423
RS,2019-10-01,176495
RS,2019-11-01,182427
RS,2019-12-01,192955
RS,2020-01-01,194233
RS,2020-02-01,190399
RS,2020-03-01,213897
RS,2020-04-01,231196
RS,2020-05-01,232982
RS,2020-06-01,233454
RS,2020-07-01,235762
RS,2020-08-01,237215
RS,2020-09-01,238145
RS,2020-10-01,241460
RS,2020-11-01,251139
RS,2020-12-01,260318
RS,2021-01-01,261499
RS,2021-02-01,259735
RS,2021-03-01,253939
RS,2021-04-01,246227
RS,2021-05-01,237367
RS,2021-06-01,226637
RS,2021-07-01,219183
RS,2021-08-01,214415
RS,2021-09-01,208282
RS,2021-10-01,203853
RS,2021-11-01,206349
RS,2021-12-01,209676
RS,2022-01-01,206867
RS,2022-02-01,201909
RS,2022-03-01,193595
RS,2022-04-01,183220
RS,2022-05-01,175456
RS,2022-06-01,168944
RS,2022-07-01,163315
RS,2022-08-01,161394
RS,2022-09-01,159399
RS,2022-10-01,160094
RS,2022-11-01,164496
RS,2022-12-01,167904
RS,2023-01-01,169516
RS,2023-02-01,166763
RS,2023-03-01,161864
RS,2023-04-01,156036
RS,2023-05-01,153468
RS,2023-06-01,150618
RS,2023-07-01,150673
RS,2023-08-01,152317
RS,2023-09-01,153535
RS,2023-10-01,160373
RS,2023-11-01,168898
RS,2023-12-01,176979
RS,2024-01-01,182253
RS,2024-02-01,182018
RS,2024-03-01,178392
RS,2024-04-01,177570
RS,2024-05-01,176422
RS,2024-06-01,174964
RS,2024-07-01,179139
RS,2024-08-01,180236
RS,2024-09-01,184373
RS,2024-10-01,191163
RS,2024-11-01,198793
RS,2024-12-01,209024
RS,2025-01-01,212803
RS,2025-02-01,212699
RS,2025-03-01,212390
RS,2025-04-01,209075
RS,2025-05-01,205855
RS,2025-06-01,206868
RS,2025-07-01,209441
RS,2025-08-01,209090
RS,2025-09-01,213750
RS,2025-10-01,219696
RS,2025-11-01,225884
RS,2025-12-01,231624
RS,2026-01-01,236319
RS,2026-02-01,235556
RS,2026-03-01,234815
RS,2026-04-01,230609
RS,2026-05-01,225475
RS,2026-06-01,225791
RS,2026-07-01,227200
RS,2026-08-01,227248
S0,1970-01-01,0
S0,1970-02-01,38.30948338155242
S0,1970-03-01,106.03488697206981
S0,1970-04-01,128.89274671781686
S0,1970-05-01,110.5806827144589
S0,1970-06-01,83.08808429989523
S0,1970-07-01,93.63414883142536
S0,1970-08-01,167.82591523208401
S0,1970-09-01,317.29658243850093
S0,1970-10-01,124.03450981319085
S0,1970-11-01,141.0567318169783
S0,1970-12-01,98.62296204148808
S0,1971-01-01,0
S0,1971-02-01,0
S0,1971-03-01,68.95914065711982
S0,1971-04-01,19.933042682373216
S0,1971-05-01,96.03467455254894
S0,1971-06-01,115.90359408661197
S0,1971-07-01,109.29357660119872
S0,1971-08-01,164.69509688991715
S0,1971-09-01,459.4528826638109
S0,1971-10-01,235.47469454804454
S0,1971-11-01,209.0331248284342
S0,1971-12-01,194.40987015671703
S0,1972-01-01,0
S0,1972-02-01,232.1779589939905
S0,1972-03-01,34.49033154363203
S0,1972-04-01,78.90107871614602
S0,1972-05-01,44.99069834896119
S0,1972-06-01,56.2932106195118
S0,1972-07-01,224.3413336794301
S0,1972-08-01,277.6432270650475
S0,1972-09-01,719.4241718687384
S0,1972-10-01,311.9872692775949
S0,1972-11-01,238.97312978044195
S0,1972-12-01,126.95014632982101
S0,1973-01-01,0
S0,1973-02-01,0
S0,1973-03-01,0
S0,1973-04-01,0
S0,1973-05-01,0
S0,1973-06-01,107.78719359404022
S0,1973-07-01,375.03884246161095
S0,1973-08-01,582.6059344441909
S0,1973-09-01,1147.5854454394803
S0,1973-10-01,614.8083665729016
S0,1973-11-01,287.1236528873511
S0,1973-12-01,48.90693961477999
S0,1974-01-01,0
S0,1974-02-01,0
S0,1974-03-01,0
S0,1974-04-01,0
S0,1974-05-01,0
S0,1974-06-01,281.35445766985436
S0,1974-07-01,824.8455972628448
S0,1974-08-01,1207.4078677469738
S0,1974-09-01,1633.7930114498579
S0,1974-10-01,1293.3008033332726
S0,1974-11-01,982.8214339502456
S0,1974-12-01,571.1141370583974
S0,1975-01-01,188.20078118470573
S0,1975-02-01,1319.6511982615493
S0,1975-03-01,2939.2077048175656
S0,1975-04-01,4367.684630198714
S0,1975-05-01,5860.575493377771
S0,1975-06-01,7818.809094342154
S0,1975-07-01,9683.044033692453
S0,1975-08-01,11806.032861397847
S0,1975-09-01,14237.233662770386
S0,1975-10-01,16988.5169749173
S0,1975-11-01,20343.921398634237
S0,1975-12-01,24842.569360827245
S0,1976-01-01,28296.98417897527
S0,1976-02-01,29616.981708585157
S0,1976-03-01,26082.526931028755
S0,1976-04-01,23932.65605315738
S0,1976-05-01,21923.00850831309
S0,1976-06-01,20095.660420455926
S0,1976-07-01,16971.45286159535
S0,1976-08-01,16202.008161314387
S0,1976-09-01,15138.697870276948
S0,1976-10-01,14603.679450722246
S0,1976-11-01,15298.983194096443
S0,1976-12-01,15802.760738891408
S0,1977-01-01,17254.845562744
S0,1977-02-01,14426.926276269665
S0,1977-03-01,12333.710739704513
S0,1977-04-01,12244.232759283215
S0,1977-05-01,11745.298085833454
S0,1977-06-01,11104.232033374265
S0,1977-07-01,10780.536382356458
S0,1977-08-01,10651.194008247227
S0,1977-09-01,10044.915072905163
S0,1977-10-01,10266.621225475797
S0,1977-11-01,10518.266325942794
S0,1977-12-01,10002.999791965758
S0,1978-01-01,10925.311644241598
S0,1978-02-01,11090.741657940953
S0,1978-03-01,9606.762408965586
S0,1978-04-01,9166.748780382864
S0,1978-05-01,9240.81599859109
S0,1978-06-01,9524.016056821807
S0,1978-07-01,9678.686712091941
S0,1978-08-01,10051.88546485865
S0,1978-09-01,10264.256610617584
S0,1978-10-01,10704.37102303439
S0,1978-11-01,11151.233198341128
S0,1978-12-01,11545.3106472113
S0,1979-01-01,12726.007282199138
S0,1979-02-01,10822.749618735374
S0,1979-03-01,10751.27300802948
S0,1979-04-01,10565.454161765652
S0,1979-05-01,10662.869737326002
S0,1979-06-01,10478.387452127197
S0,1979-07-01,10379.689821353537
S0,1979-08-01,10038.982336524208
S0,1979-09-01,9723.24462259419
S0,1979-10-01,9078.618147633797
S0,1979-11-01,8227.46440532008
S0,1979-12-01,7595.313905549242
S0,1980-01-01,7088.7888009069275
S0,1980-02-01,5559.234164523775
S0,1980-03-01,6309.199855646899
S0,1980-04-01,6165.129443706765
S0,1980-05-01,5974.758293285007
S0,1980-06-01,6207.675256100318
S0,1980-07-01,6497.178221026548
S0,1980-08-01,6600.795905448578
S0,1980-09-01,6648.79173836521
S0,1980-10-01,6135.092251504613
S0,1980-11-01,5591.185353237743
S0,1980-12-01,4896.095797263207
S0,1981-01-01,4583.230807243936
S0,1981-02-01,3282.1062661184683
S0,1981-03-01,4375.022341955494
S0,1981-04-01,4638.852313255927
S0,1981-05-01,4928.5671491000085
S0,1981-06-01,5544.348078315351
S0,1981-07-01,6188.911821474201
S0,1981-08-01,6746.20434025696
S0,1981-09-01,7202.673390396964
S0,1981-10-01,7373.264291145372
S0,1981-11-01,7187.534814649001
S0,1981-12-01,7418.378688422681
S0,1982-01-01,7336.489560731174
S0,1982-02-01,6262.540112911413
S0,1982-03-01,8092.683055402256
S0,1982-04-01,8941.867537498862
S0,1982-05-01,10486.932963484189
S0,1982-06-01,11582.934075764728
S0,1982-07-01,12805.394183436334
S0,1982-08-01,14643.174541459222
S0,1982-09-01,16093.10691919494
S0,1982-10-01,18190.732867360708
S0,1982-11-01,20165.583234934697
S0,1982-12-01,21200.991743066632
S0,1983-01-01,24050.363172286907
S0,1983-02-01,25281.231417301966
S0,1983-03-01,25332.727401398235
S0,1983-04-01,26175.160077716228
S0,1983-05-01,27841.757876717988
S0,1983-06-01,27612.277183490336
S0,1983-07-01,27024.224035492
S0,1983-08-01,28005.734107630164
S0,1983-09-01,28598.863838889276
S0,1983-10-01,29299.91228925023
S0,1983-11-01,30446.680123704104
S0,1983-12-01,29380.364123316038
S0,1984-01-01,31279.761339830784
S0,1984-02-01,32770.917447938
S0,1984-03-01,33704.03195125972
S0,1984-04-01,34798.028397961556
S0,1984-05-01,35140.699106190004
S0,1984-06-01,35481.52120304571
S0,1984-07-01,35389.42198294069
S0,1984-08-01,35267.816945726874
S0,1984-09-01,34644.6791178757
S0,1984-10-01,35090.386571609364
S0,1984-11-01,35200.22487386026
S0,1984-12-01,34739.8690641073
S0,1985-01-01,34207.423527278464
S0,1985-02-01,33022.72614688251
S0,1985-03-01,31963.41903706795
S0,1985-04-01,31056.112754692367
S0,1985-05-01,29970.149547294888
S0,1985-06-01,28870.002349837512
S0,1985-07-01,28764.334792767153
S0,1985-08-01,28381.35393448687
S0,1985-09-01,27799.64172366118
S0,1985-10-01,27584.15462742228
S0,1985-11-01,27305.015651450536
S0,1985-12-01,27153.391300119485
S0,1986-01-01,26412.61943688064
S0,1986-02-01,26227.705724942734
S0,1986-03-01,26029.126980133005
S0,1986-04-01,25615.55629551177
S0,1986-05-01,25354.886372022764
S0,1986-06-01,24823.21307432972
S0,1986-07-01,24728.685665820907
S0,1986-08-01,24721.228121102868
S0,1986-09-01,24549.907500997524
S0,1986-10-01,24535.719457897358
S0,1986-11-01,24390.506188952924
S0,1986-12-01,24287.6191705072
S0,1987-01-01,24683.492782375826
S0,1987-02-01,24563.86021535294
S0,1987-03-01,24418.63968961173
S0,1987-04-01,24317.319617490324
S0,1987-05-01,24521.21162263967
S0,1987-06-01,24625.601312693703
S0,1987-07-01,24380.184531859708
S0,1987-08-01,24065.990561293354
S0,1987-09-01,23926.15962544732
S0,1987-10-01,23669.329606430536
S0,1987-11-01,23293.25803316328
S0,1987-12-01,23083.007830154038
S0,1988-01-01,22684.191716494264
S0,1988-02-01,22875.060284800395
S0,1988-03-01,22936.10071404061
S0,1988-04-01,22890.464505730517
S0,1988-05-01,22662.002281503683
S0,1988-06-01,22449.00601549308
S0,1988-07-01,22224.519305287886
S0,1988-08-01,21778.84865510221
S0,1988-09-01,21204.966070342627
S0,1988-10-01,20712.71691506626
S0,1988-11-01,19987.511922537393
S0,1988-12-01,19288.50841356648
S0,1989-01-01,17481.65334311877
S0,1989-02-01,17457.06863134679
S0,1989-03-01,17083.071926065502
S0,1989-04-01,17354.715665692256
S0,1989-05-01,17178.143510893085
S0,1989-06-01,17201.790070139657
S0,1989-07-01,17256.878378996465
S0,1989-08-01,17367.680371770057
S0,1989-09-01,17399.458213001417
S0,1989-10-01,17199.14157918608
S0,1989-11-01,16629.509098930077
S0,1989-12-01,15985.197816996613
S0,1990-01-01,14461.332769836401
S0,1990-02-01,14832.847529951836
S0,1990-03-01,14762.771768131523
S0,1990-04-01,15133.377242094859
S0,1990-05-01,15643.105693865387
S0,1990-06-01,16789.05512457319
S0,1990-07-01,17519.434378926522
S0,1990-08-01,18429.405723481264
S0,1990-09-01,19672.33797575847
S0,1990-10-01,20802.83659300727
S0,1990-11-01,22233.050772004375
S0,1990-12-01,23628.940379593925
S0,1991-01-01,24047.31279707335
S0,1991-02-01,27019.433333568362
S0,1991-03-01,28931.78184876483
S0,1991-04-01,31241.610619615614
S0,1991-05-01,34045.20232510765
S0,1991-06-01,36318.09989308603
S0,1991-07-01,38926.96656152243
S0,1991-08-01,41275.59853755492
S0,1991-09-01,44298.18873918667
S0,1991-10-01,47671.673749486035
S0,1991-11-01,51662.316964957776
S0,1991-12-01,56266.43199090907
S0,1992-01-01,61232.65469360575
S0,1992-02-01,67680.2321816294
S0,1992-03-01,70952.33295844795
S0,1992-04-01,75509.4583456292
S0,1992-05-01,80113.84346743439
S0,1992-06-01,85027.55122725698
S0,1992-07-01,90819.71792478068
S0,1992-08-01,95771.39832380966
S0,1992-09-01,103941.37347057743
S0,1992-10-01,109950.10240261146
S0,1992-11-01,118545.28333417047
S0,1992-12-01,125720.07255030316
S0,1993-01-01,130050.81124284885
S0,1993-02-01,136040.42911506063
S0,1993-03-01,143057.11900140133
S0,1993-04-01,150096.1740093937
S0,1993-05-01,156151.78055435288
S0,1993-06-01,162033.3138415885
S0,1993-07-01,166638.012592987
S0,1993-08-01,170027.31800707887
S0,1993-09-01,175639.8219875609
S0,1993-10-01,174682.97289800385
S0,1993-11-01,176320.00974841046
S0,1993-12-01,176036.2665025651
S0,1994-01-01,175341.9511637573
S0,1994-02-01,174858.69243777494
S0,1994-03-01,173168.21792582973
S0,1994-04-01,171805.68117415503
S0,1994-05-01,171107.0325931308
S0,1994-06-01,169862.84819299256
S0,1994-07-01,167713.9118696051
S0,1994-08-01,165827.17988728947
S0,1994-09-01,165122.3419482493
S0,1994-10-01,160797.56924580582
S0,1994-11-01,158295.42832852266
S0,1994-12-01,156452.6129465976
S0,1995-01-01,154675.98653370357
S0,1995-02-01,152684.75070832367
S0,1995-03-01,151568.46589673441
S0,1995-04-01,151152.5558886766
S0,1995-05-01,150144.46153159495
S0,1995-06-01,149079.6044081411
S0,1995-07-01,149203.22673569553
S0,1995-08-01,148665.69753752326
S0,1995-09-01,148773.99189250084
S0,1995-10-01,148709.9197787249
S0,1995-11-01,148983.3253877388
S0,1995-12-01,148895.58010365444
S0,1996-01-01,150644.9646780466
S0,1996-02-01,152497.8334586132
S0,1996-03-01,155350.5658431874
S0,1996-04-01,158033.49690773853
S0,1996-05-01,160615.30962198463
S0,1996-06-01,163120.1441734148
S0,1996-07-01,165155.5988385244
S0,1996-08-01,167346.01460227487
S0,1996-09-01,171730.2273803475
S0,1996-10-01,176154.71155262814
S0,1996-11-01,179384.10081461087
S0,1996-12-01,181982.09915033527
S0,1997-01-01,189663.1760718866
S0,1997-02-01,191089.25529667092
S0,1997-03-01,191213.1679016712
S0,1997-04-01,190900.06822182485
S0,1997-05-01,190377.77798352687
S0,1997-06-01,188436.05795017316
S0,1997-07-01,186205.19705827304
S0,1997-08-01,184797.70978486494
S0,1997-09-01,182083.2916546737
S0,1997-10-01,175606.2595354597
S0,1997-11-01,172416.2972688675
S0,1997-12-01,169493.24894938554
S0,1998-01-01,167598.7846922934
S0,1998-02-01,162714.11124439666
S0,1998-03-01,156847.3778837416
S0,1998-04-01,149868.7693632514
S0,1998-05-01,143093.76312250047
S0,1998-06-01,134801.27756874557
S0,1998-07-01,130005.04958188701
S0,1998-08-01,126279.85297397776
S0,1998-09-01,121590.77103743018
S0,1998-10-01,117919.65756908446
S0,1998-11-01,115672.5278162052
S0,1998-12-01,114167.89998635484
S0,1999-01-01,112193.81606560404
S0,1999-02-01,109530.03114046527
S0,1999-03-01,106506.69486863012
S0,1999-04-01,103122.4129203594
S0,1999-05-01,100057.88499502173
S0,1999-06-01,97086.56485241791
S0,1999-07-01,95054.93296997585
S0,1999-08-01,92153.54857989233
S0,1999-09-01,89565.32313531089
S0,1999-10-01,87137.07232718075
S0,1999-11-01,84023.47764772119
S0,1999-12-01,81781.40190633568
S0,2000-01-01,79574.92764911268
S0,2000-02-01,77368.61638729229
S0,2000-03-01,74973.28802142887
S0,2000-04-01,73543.66397901233
S0,2000-05-01,71620.447638782
S0,2000-06-01,71103.2836748789
S0,2000-07-01,70398.39722864756
S0,2000-08-01,68930.8275987422
S0,2000-09-01,67669.05206750012
S0,2000-10-01,65740.61401433097
S0,2000-11-01,63349.94922480562
S0,2000-12-01,61442.902730555754
S0,2001-01-01,59609.43925651016
S0,2001-02-01,58890.16938540321
S0,2001-03-01,59810.21156884717
S0,2001-04-01,60819.23593572919
S0,2001-05-01,62965.73383274784
S0,2001-06-01,64686.05270855215
S0,2001-07-01,65669.0320754305
S0,2001-08-01,66465.1574758444
S0,2001-09-01,67360.6722709171
S0,2001-10-01,70816.90486217703
S0,2001-11-01,74889.91841325077
S0,2001-12-01,77428.1022756511
S0,2002-01-01,80457.8971063065
S0,2002-02-01,82997.15444586206
S0,2002-03-01,85808.17055068842
S0,2002-04-01,89235.48342226766
S0,2002-05-01,92289.03019726356
S0,2002-06-01,95630.95070457413
S0,2002-07-01,98453.54187164432
S0,2002-08-01,101272.68895428754
S0,2002-09-01,105948.2826651454
S0,2002-10-01,111610.93758908789
S0,2002-11-01,117123.12507249224
S0,2002-12-01,120101.30142790965
S0,2003-01-01,124548.397905756
S0,2003-02-01,129305.88283063532
S0,2003-03-01,133750.88460702993
S0,2003-04-01,137729.78126613703
S0,2003-05-01,141560.63285806714
S0,2003-06-01,144684.48365214953
S0,2003-07-01,146790.12241109778
S0,2003-08-01,147402.37266199483
S0,2003-09-01,149906.05874730676
S0,2003-10-01,151476.9491445007
S0,2003-11-01,152063.20554397168
S0,2003-12-01,152172.96384344896
S0,2004-01-01,153204.338972289
S0,2004-02-01,153780.398246743
S0,2004-03-01,155124.544839974
S0,2004-04-01,154043.718560894
S0,2004-05-01,153984.333038163
S0,2004-06-01,154588.238049265
S0,2004-07-01,153106.263193231
S0,2004-08-01,153231.151178105
S0,2004-09-01,153531.865877108
S0,2004-10-01,152326.330498969
S0,2004-11-01,151811.053728426
S0,2004-12-01,148618.486659193
S0,2005-01-01,147609.366782305
S0,2005-02-01,148657.859392777
S0,2005-03-01,150155.57639044
S0,2005-04-01,149687.533395444
S0,2005-05-01,150425.189409775
S0,2005-06-01,150909.230171233
S0,2005-07-01,149658.33249656
S0,2005-08-01,149493.026731596
S0,2005-09-01,149753.332397827
S0,2005-10-01,148369.839518757
S0,2005-11-01,146185.286592374
S0,2005-12-01,142345.752068836
S0,2006-01-01,140439.426518084
S0,2006-02-01,139046.691022791
S0,2006-03-01,138176.875963332
S0,2006-04-01,135468.661826485
S0,2006-05-01,133997.820175398
S0,2006-06-01,131808.968369846
S0,2006-07-01,130219.3658975
S0,2006-08-01,129258.21451204
S0,2006-09-01,127907.517705624
S0,2006-10-01,126455.431983271
S0,2006-11-01,123656.315394038
S0,2006-12-01,120561.929351815
S0,2007-01-01,119312.260777794
S0,2007-02-01,117060.994268692
S0,2007-03-01,113744.140790845
S0,2007-04-01,112080.344453947
S0,2007-05-01,109900.965370816
S0,2007-06-01,107077.97317342
S0,2007-07-01,106742.071042524
S0,2007-08-01,105837.649168987
S0,2007-09-01,104651.470498377
S0,2007-10-01,105143.374180793
S0,2007-11-01,104439.913280107
S0,2007-12-01,102181.681033779
S0,2008-01-01,101816.783527709
S0,2008-02-01,100426.235624545
S0,2008-03-01,100105.547943909
S0,2008-04-01,100195.94039767
S0,2008-05-01,98472.243398549
S0,2008-06-01,98156.4594723844
S0,2008-07-01,98583.6340957506
S0,2008-08-01,98790.154983548
S0,2008-09-01,100799.393526165
S0,2008-10-01,103576.344729607
S0,2008-11-01,107302.512967837
S0,2008-12-01,111294.988000505
S0,2009-01-01,116860.666242695
S0,2009-02-01,122588.191133425
S0,2009-03-01,129965.57263582
S0,2009-04-01,135784.686639265
S0,2009-05-01,139807.772249071
S0,2009-06-01,150459.951052525
S0,2009-07-01,155450.911207546
S0,2009-08-01,158426.920232915
S0,2009-09-01,162175.652681462
S0,2009-10-01,163067.392935246
S0,2009-11-01,163452.449919184
S0,2009-12-01,161810.430026814
S0,2010-01-01,159887.429991101
S0,2010-02-01,160162.044873479
S0,2010-03-01,160232.222642154
S0,2010-04-01,157537.786066362
S0,2010-05-01,156316.96336411
S0,2010-06-01,154977.480711825
S0,2010-07-01,152193.877516038
S0,2010-08-01,150068.903830234
S0,2010-09-01,147115.69604211
S0,2010-10-01,143754.24114176
S0,2010-11-01,141269.377338845
S0,2010-12-01,139159.397609215
S0,2011-01-01,135282.390855476
S0,2011-02-01,132660.926059424
S0,2011-03-01,130229.001737749
S0,2011-04-01,122667.765183569
S0,2011-05-01,118669.172275792
S0,2011-06-01,118400.419039467
S0,2011-07-01,116761.974703887
S0,2011-08-01,117311.274486168
S0,2011-09-01,117003.480025813
S0,2011-10-01,118849.863570379
S0,2011-11-01,120805.570143113
S0,2011-12-01,122279.196063901
S0,2012-01-01,122068.858239459
S0,2012-02-01,123214.151661915
S0,2012-03-01,122031.996539979
S0,2012-04-01,122386.184093032
S0,2012-05-01,122983.872989743
S0,2012-06-01,123205.559544421
S0,2012-07-01,124324.986080573
S0,2012-08-01,125853.192706694
S0,2012-09-01,126489.514959455
S0,2012-10-01,129592.255589685
S0,2012-11-01,131797.543612483
S0,2012-12-01,133151.846519992
S0,2013-01-01,134602.940896615
S0,2013-02-01,135086.377621345
S0,2013-03-01,134219.834491654
S0,2013-04-01,134999.763200872
S0,2013-05-01,135828.049499356
S0,2013-06-01,135650.63080578
S0,2013-07-01,137348.507629502
S0,2013-08-01,136475.914289154
S0,2013-09-01,137772.021805011
S0,2013-10-01,137812.488013653
S0,2013-11-01,138868.572121761
S0,2013-12-01,139815.153538397
S0,2014-01-01,139212.768619971
S0,2014-02-01,138100.894990633
S0,2014-03-01,137962.121045738
S0,2014-04-01,136221.728149116
S0,2014-05-01,134788.379416665
S0,2014-06-01,135752.328091738
S0,2014-07-01,135739.333788048
S0,2014-08-01,134844.227994991
S0,2014-09-01,136614.736571866
S0,2014-10-01,136790.293267363
S0,2014-11-01,136438.540554392
S0,2014-12-01,137893.394031398
S0,2015-01-01,137099.730152949
S0,2015-02-01,138722.73194963
S0,2015-03-01,140175.016164872
S0,2015-04-01,140227.524577074
S0,2015-05-01,140993.483772918
S0,2015-06-01,142801.656555574
S0,2015-07-01,142842.217202808
S0,2015-08-01,143769.596738457
S0,2015-09-01,145305.522074917
S0,2015-10-01,146018.558772933
S0,2015-11-01,148115.501250629
S0,2015-12-01,148452.360316481
S0,2016-01-01,148618.257669765
S0,2016-02-01,149373.069878891
S0,2016-03-01,150082.768865053
S0,2016-04-01,148564.686549228
S0,2016-05-01,149658.911197188
S0,2016-06-01,149039.920357956
S0,2016-07-01,148712.294905299
S0,2016-08-01,149876.79570014
S0,2016-09-01,149992.656597097
S0,2016-10-01,149455.053965523
S0,2016-11-01,149304.927530796
S0,2016-12-01,149179.799155138
S0,2017-01-01,149353.671107383
S0,2017-02-01,147902.375969001
S0,2017-03-01,147187.871388438
S0,2017-04-01,145346.564773519
S0,2017-05-01,144437.31527744
S0,2017-06-01,143063.281242184
S0,2017-07-01,142893.965766613
S0,2017-08-01,142182.054514811
S0,2017-09-01,140009.328194582
S0,2017-10-01,139453.669390811
S0,2017-11-01,137488.545507686
S0,2017-12-01,137314.706281125
S0,2018-01-01,135458.549502364
S0,2018-02-01,133231.610340704
S0,2018-03-01,126091.728313415
S0,2018-04-01,118937.704147243
S0,2018-05-01,112972.967050072
S0,2018-06-01,114060.807460488
S0,2018-07-01,113087.532582564
S0,2018-08-01,113105.624334715
S0,2018-09-01,112072.763327861
S0,2018-10-01,111080.520633581
S0,2018-11-01,110708.63680921
S0,2018-12-01,112107.051338865
S0,2019-01-01,112619.955914358
S0,2019-02-01,110652.660045822
S0,2019-03-01,108660.207579183
S0,2019-04-01,106477.415924433
S0,2019-05-01,104572.455624292
S0,2019-06-01,103950.799392764
S0,2019-07-01,103963.819498817
S0,2019-08-01,104309.275526055
S0,2019-09-01,104199.429805761
S0,2019-10-01,105306.244815411
S0,2019-11-01,106653.054380023
S0,2019-12-01,109969.361157379
S0,2020-01-01,110029.430726692
S0,2020-02-01,109208.314804969
S0,2020-03-01,131251.879925876
S0,2020-04-01,152181.821708186
S0,2020-05-01,160762.784852171
S0,2020-06-01,160549.232890988
S0,2020-07-01,158470.958850356
S0,2020-08-01,158236.093106112
S0,2020-09-01,156167.644825978
S0,2020-10-01,154458.467538845
S0,2020-11-01,153822.938350628
S0,2020-12-01,153453.591539493
S0,2021-01-01,154404.140207377
S0,2021-02-01,155711.672196308
S0,2021-03-01,152921.754887896
S0,2021-04-01,150095.858392802
S0,2021-05-01,147301.436866648
S0,2021-06-01,140776.522106267
S0,2021-07-01,136471.963119029
S0,2021-08-01,132255.999630566
S0,2021-09-01,126416.08667446
S0,2021-10-01,120910.162528557
S0,2021-11-01,116693.907767335
S0,2021-12-01,114260.632783613
S0,2022-01-01,111236.570951678
S0,2022-02-01,109385.112983168
S0,2022-03-01,106030.550680231
S0,2022-04-01,103623.210868759
S0,2022-05-01,100989.356555043
S0,2022-06-01,98782.607696588
S0,2022-07-01,97270.1184088496
S0,2022-08-01,95604.5038514928
S0,2022-09-01,94045.834484914
S0,2022-10-01,92821.5880790575
S0,2022-11-01,91682.3788211765
S0,2022-12-01,91014.2182182221
S0,2023-01-01,91697.4620994711
S0,2023-02-01,91305.3327759299
S0,2023-03-01,89841.1221452229
S0,2023-04-01,89913.8160325736
S0,2023-05-01,90776.0963531153
S0,2023-06-01,90855.3221288469
S0,2023-07-01,93112.8321131582
S0,2023-08-01,94015.2880694477
S0,2023-09-01,95375.7575438483
S0,2023-10-01,96863.1998021446
S0,2023-11-01,98389.3243452935
S0,2023-12-01,100345.880147308
S0,2024-01-01,103003.632306303
S0,2024-02-01,103784.953443283
S0,2024-03-01,105204.224968139
S0,2024-04-01,106267.620653953
S0,2024-05-01,108711.23841202
S0,2024-06-01,111561.9936906
S0,2024-07-01,114449.357204344
S0,2024-08-01,116442.361346351
S0,2024-09-01,118877.655114995
S0,2024-10-01,120526.937795243
S0,2024-11-01,121579.176756196
S0,2024-12-01,122377.507020851
S0,2025-01-01,123610.416370423
S0,2025-02-01,125682.239132533
S0,2025-03-01,128454.368977263
S0,2025-04-01,129299.686720069
S0,2025-05-01,131889.914605454
S0,2025-06-01,135397.121455548
S0,2025-07-01,137187.823852343
S0,2025-08-01,138112.592945527
S0,2025-09-01,139828.118849541
S0,2025-10-01,139928.25403585
S0,2025-11-01,139390.090655305
S0,2025-12-01,139964.888694681
S0,2026-01-01,138666.845902773
S0,2026-02-01,140209.081806073
S0,2026-03-01,141732.565428542
S0,2026-04-01,142045.856448754
S0,2026-05-01,144606.243157623
S0,2026-06-01,146985.653514437
S0,2026-07-01,147921.020210595
S0,2026-08-01,147969.668396452
S1,1970-01-01,0
S1,1970-02-01,0.001432213207926157
S1,1970-03-01,0.003964150706753843
S1,1970-04-01,0.004818699652421612
S1,1970-05-01,0.004134096843535192
S1,1970-06-01,0.003106276599200897
S1,1970-07-01,0.0035005448476986656
S1,1970-08-01,0.006274229543472015
S1,1970-09-01,0.011862241828535893
S1,1970-10-01,0.004637072795365371
S1,1970-11-01,0.005273454417619649
S1,1970-12-01,0.0036870533448288808
S1,1971-01-01,0
S1,1971-02-01,0
S1,1971-03-01,0.0023018782992565807
S1,1971-04-01,6.653713771877284e-4
S1,1971-05-01,0.003205668330872055
S1,1971-06-01,0.0038688992567408047
S1,1971-07-01,0.003648254746638309
S1,1971-08-01,0.00549757531651779
S1,1971-09-01,0.015336685029086307
S1,1971-10-01,0.007860221056108133
S1,1971-11-01,0.006977592952627456
S1,1971-12-01,0.00648946400739164
S1,1972-01-01,0
S1,1972-02-01,0.007750174962755589
S1,1972-03-01,0.0011512983624492755
S1,1972-04-01,0.002633743389983501
S1,1972-05-01,0.0015018039843740433
S1,1972-06-01,0.0018790854799777084
S1,1972-07-01,0.007488585888717021
S1,1972-08-01,0.009267820237122039
S1,1972-09-01,0.02401461029538375
S1,1972-10-01,0.010414235414638503
S1,1972-11-01,0.007976999949610467
S1,1972-12-01,0.004237636724289592
S1,1973-01-01,0
S1,1973-02-01,0
S1,1973-03-01,0
S1,1973-04-01,0
S1,1973-05-01,0
S1,1973-06-01,0.003597971197256679
S1,1973-07-01,0.012518917211181306
S1,1973-08-01,0.019447573515792092
S1,1973-09-01,0.038306771346448026
S1,1973-10-01,0.020522501059755168
S1,1973-11-01,0.009584279900918898
S1,1973-12-01,0.0016325293776799806
S1,1974-01-01,0
S1,1974-02-01,0
S1,1974-03-01,0
S1,1974-04-01,0
S1,1974-05-01,0
S1,1974-06-01,0.009391702308611567
S1,1974-07-01,0.027533611389060162
S1,1974-08-01,0.040303663047916244
S1,1974-09-01,0.05453653631261132
S1,1974-10-01,0.04317079686950239
S1,1974-11-01,0.032806895638435224
S1,1974-12-01,0.019063973622148695
S1,1975-01-01,0.006282202620045008
S1,1975-02-01,0.044050381529117465
S1,1975-03-01,0.09811169872849566
S1,1975-04-01,0.14579471803804872
S1,1975-05-01,0.19562789531322827
S1,1975-06-01,0.26099436287621386
S1,1975-07-01,0.3232231248751978
S1,1975-08-01,0.3940891749084744
S1,1975-09-01,0.475243439774402
S1,1975-10-01,0.5670821618203659
S1,1975-11-01,0.6790866409160039
S1,1975-12-01,0.8292529571068622
S1,1976-01-01,0.9445624350202058
S1,1976-02-01,0.9886243772011455
S1,1976-03-01,0.8706431396939344
S1,1976-04-01,0.7988797581781749
S1,1976-05-01,0.7317970766286372
S1,1976-06-01,0.6707996095989763
S1,1976-07-01,0.5665125562281621
S1,1976-08-01,0.5408282446027988
S1,1976-09-01,0.5053346050215669
S1,1976-10-01,0.48747551806166634
S1,1976-11-01,0.5106849806943722
S1,1976-12-01,0.5275012372046186
S1,1977-01-01,0.5759722957597979
S1,1977-02-01,0.48157544023702914
S1,1977-03-01,0.411703232240067
S1,1977-04-01,0.40871642846858147
S1,1977-05-01,0.3920618285617873
S1,1977-06-01,0.3706628375000631
S1,1977-07-01,0.35985777253635565
S1,1977-08-01,0.35554028247921077
S1,1977-09-01,0.3353024965778549
S1,1977-10-01,0.3427031192734238
S1,1977-11-01,0.3511031136811183
S1,1977-12-01,0.33390335101597207
S1,1978-01-01,0.36469041735221275
S1,1978-02-01,0.3702125244282519
S1,1978-03-01,0.3206768197020534
S1,1978-04-01,0.3059890232277925
S1,1978-05-01,0.308461410798971
S1,1978-06-01,0.317914719848033
S1,1978-07-01,0.3230776760784244
S1,1978-08-01,0.3355351705036339
S1,1978-09-01,0.3426241876687612
S1,1978-10-01,0.35731534833982603
S1,1978-11-01,0.3722317515069088
S1,1978-12-01,0.38538618352471826
S1,1979-01-01,0.42479821703014403
S1,1979-02-01,0.3612668639466614
S1,1979-03-01,0.3588809516873078
S1,1979-04-01,0.35267825882118903
S1,1979-05-01,0.3559300220719367
S1,1979-06-01,0.3497719440441394
S1,1979-07-01,0.34647738537793493
S1,1979-08-01,0.3351044599289002
S1,1979-09-01,0.32456503346524757
S1,1979-10-01,0.303047194355047
S1,1979-11-01,0.2746354086208713
S1,1979-12-01,0.25353402157601324
S1,1980-01-01,0.23662605063417363
S1,1980-02-01,0.18556902481472334
S1,1980-03-01,0.21060312084801033
S1,1980-04-01,0.20579400415006743
S1,1980-05-01,0.1994393539066829
S1,1980-06-01,0.20721419705473132
S1,1980-07-01,0.2168778991569315
S1,1980-08-01,0.2203366907966974
S1,1980-09-01,0.22193880713969064
S1,1980-10-01,0.2047913530114095
S1,1980-11-01,0.1866355657726774
S1,1980-12-01,0.16343325278427623
S1,1981-01-01,0.14824335161383811
S1,1981-02-01,0.10615883286374617
S1,1981-03-01,0.14150890553707754
S1,1981-04-01,0.1500424140699541
S1,1981-05-01,0.15941316149334342
S1,1981-06-01,0.17933042785978662
S1,1981-07-01,0.20017866650044283
S1,1981-08-01,0.21820414116846493
S1,1981-09-01,0.23296850821578602
S1,1981-10-01,0.2384862244175967
S1,1981-11-01,0.23247885510820288
S1,1981-12-01,0.23994543730468415
S1,1982-01-01,0.23729675578279005
S1,1982-02-01,0.20256015352461834
S1,1982-03-01,0.2617556283190463
S1,1982-04-01,0.2892222690052399
S1,1982-05-01,0.3391969892066999
S1,1982-06-01,0.37464684654318076
S1,1982-07-01,0.4141869856278252
S1,1982-08-01,0.4736294905465814
S1,1982-09-01,0.5205271582244213
S1,1982-10-01,0.5883742979531839
S1,1982-11-01,0.6522502949818028
S1,1982-12-01,0.6857403010474721
S1,1983-01-01,0.777902443524065
S1,1983-02-01,0.81771454152002
S1,1983-03-01,0.8193801650939011
S1,1983-04-01,0.8466284204619289
S1,1983-05-01,0.9005340721532593
S1,1983-06-01,0.8931115816600975
S1,1983-07-01,0.8740911628218058
S1,1983-08-01,0.9058378386615934
S1,1983-09-01,0.9250224582021791
S1,1983-10-01,0.9476976793062389
S1,1983-11-01,0.9847895724384141
S1,1983-12-01,0.9502998719574459
S1,1984-01-01,1.0117353573746555
S1,1984-02-01,1.05996639537865
S1,1984-03-01,1.090147729731976
S1,1984-04-01,1.1255327467065486
S1,1984-05-01,1.1366163373927045
S1,1984-06-01,1.1476401352477221
S1,1984-07-01,1.1446612110687762
S1,1984-08-01,1.1407279292752412
S1,1984-09-01,1.120572706027042
S1,1984-10-01,1.1349889921709382
S1,1984-11-01,1.1385416821283174
S1,1984-12-01,1.123651598900386
S1,1985-01-01,1.106429793093316
S1,1985-02-01,1.0681110791327508
S1,1985-03-01,1.0338480793075884
S1,1985-04-01,1.0045015048284975
S1,1985-05-01,0.969376320790314
S1,1985-06-01,0.9337923594585205
S1,1985-07-01,0.9303745711175541
S1,1985-08-01,0.9179871596117491
S1,1985-09-01,0.8991718366585173
S1,1985-10-01,0.8922019652469578
S1,1985-11-01,0.8831732911294111
S1,1985-12-01,0.8782690428004674
S1,1986-01-01,0.8543089787307747
S1,1986-02-01,0.8483279951037436
S1,1986-03-01,0.8419050197119445
S1,1986-04-01,0.8285281886083089
S1,1986-05-01,0.8200968909608378
S1,1986-06-01,0.8029000630181938
S1,1986-07-01,0.7998425997469641
S1,1986-08-01,0.7996013874951036
S1,1986-09-01,0.7940600687195281
S1,1986-10-01,0.793601160331435
S1,1986-11-01,0.788904276715384
S1,1986-12-01,0.7855764241385855
S1,1987-01-01,0.7983808482461662
S1,1987-02-01,0.7945113654634948
S1,1987-03-01,0.7898142471283293
S1,1987-04-01,0.7865370770034268
S1,1987-05-01,0.7931319083531445
S1,1987-06-01,0.7965083644336632
S1,1987-07-01,0.7885704255291665
S1,1987-08-01,0.7784079071633012
S1,1987-09-01,0.7738851136447307
S1,1987-10-01,0.7655780166611099
S1,1987-11-01,0.7534140840963977
S1,1987-12-01,0.7466135985693939
S1,1988-01-01,0.7337140000431563
S1,1988-02-01,0.7398875918768285
S1,1988-03-01,0.7418619279282042
S1,1988-04-01,0.7403858372054453
S1,1988-05-01,0.7329962888146008
S1,1988-06-01,0.7261069826280698
S1,1988-07-01,0.7188460211550006
S1,1988-08-01,0.704430925411836
S1,1988-09-01,0.6858688495802827
S1,1988-10-01,0.6699471847817494
S1,1988-11-01,0.6464906269034838
S1,1988-12-01,0.6238815488714757
S1,1989-01-01,0.5654393139527641
S1,1989-02-01,0.5646441281493831
S1,1989-03-01,0.5525473066243135
S1,1989-04-01,0.5613335493645961
S1,1989-05-01,0.5556223711302958
S1,1989-06-01,0.5563872126458718
S1,1989-07-01,0.5581690289852898
S1,1989-08-01,0.5617528892500376
S1,1989-09-01,0.5627807348657862
S1,1989-10-01,0.5563015479276436
S1,1989-11-01,0.5378769405681829
S1,1989-12-01,0.5170368677170708
S1,1990-01-01,0.399295051567721
S1,1990-02-01,0.4095530276242488
S1,1990-03-01,0.4076181502948194
S1,1990-04-01,0.4178510198506691
S1,1990-05-01,0.43192524465931037
S1,1990-06-01,0.4635663073684737
S1,1990-07-01,0.4837329701977328
S1,1990-08-01,0.5088583898759943
S1,1990-09-01,0.5431772666812767
S1,1990-10-01,0.5743917135691277
S1,1990-11-01,0.61388167299712
S1,1990-12-01,0.652423889106543
S1,1991-01-01,0.6639756622847663
S1,1991-02-01,0.7460395385383162
S1,1991-03-01,0.7988418155582832
S1,1991-04-01,0.8626190076642015
S1,1991-05-01,0.9400295971607838
S1,1991-06-01,1.0027870736713214
S1,1991-07-01,1.0748210671825849
S1,1991-08-01,1.1396696631529066
S1,1991-09-01,1.223127068472146
S1,1991-10-01,1.3162731078164613
S1,1991-11-01,1.4264596386066102
S1,1991-12-01,1.5535848749849264
S1,1992-01-01,1.6907083463641475
S1,1992-02-01,1.8687338317424502
S1,1992-03-01,1.9590805286347122
S1,1992-04-01,2.084908323723594
S1,1992-05-01,2.2120410177781578
S1,1992-06-01,2.347714487476571
S1,1992-07-01,2.507643280830984
S1,1992-08-01,2.6443652214533016
S1,1992-09-01,2.8699482088208303
S1,1992-10-01,3.0358565498402266
S1,1992-11-01,3.273179987999348
S1,1992-12-01,3.471284676940521
S1,1993-01-01,3.5908616590270706
S1,1993-02-01,3.7562423203547883
S1,1993-03-01,3.9499816937993297
S1,1993-04-01,4.144338595555082
S1,1993-05-01,4.311541284693579
S1,1993-06-01,4.473937598684946
S1,1993-07-01,4.601078952435448
S1,1993-08-01,4.694661812441364
S1,1993-09-01,4.849629898853496
S1,1993-10-01,4.823210127409323
S1,1993-11-01,4.868410713275432
S1,1993-12-01,4.860576215875709
S1,1994-01-01,4.8414053217799875
S1,1994-02-01,4.828061958413496
S1,1994-03-01,4.781385893477836
S1,1994-04-01,4.743764590435998
S1,1994-05-01,4.72447405023284
S1,1994-06-01,4.690120600096544
S1,1994-07-01,4.630785844875885
S1,1994-08-01,4.5786908716003545
S1,1994-09-01,4.559229435666664
S1,1994-10-01,4.439817181849869
S1,1994-11-01,4.370730016614297
S1,1994-12-01,4.319847634287106
S1,1995-01-01,4.270792810195597
S1,1995-02-01,4.215812358239124
S1,1995-03-01,4.184990371877155
S1,1995-04-01,4.173506588829069
S1,1995-05-01,4.145671872990454
S1,1995-06-01,4.116269867878683
S1,1995-07-01,4.119683231255447
S1,1995-08-01,4.104841393900661
S1,1995-09-01,4.107831533242829
S1,1995-10-01,4.106062423964908
S1,1995-11-01,4.1136114865919575
S1,1995-12-01,4.111188732182602
S1,1996-01-01,4.159491375857373
S1,1996-02-01,4.210651344793827
S1,1996-03-01,4.289418768428761
S1,1996-04-01,4.363497770331482
S1,1996-05-01,4.434784771141212
S1,1996-06-01,4.503946310903859
S1,1996-07-01,4.560147699005786
S1,1996-08-01,4.620627752211241
S1,1996-09-01,4.741681219078125
S1,1996-10-01,4.863846628300732
S1,1996-11-01,4.953014008127939
S1,1996-12-01,5.024747913705417
S1,1997-01-01,5.236831824248136
S1,1997-02-01,5.276207612542533
S1,1997-03-01,5.279628990833936
S1,1997-04-01,5.270983926454334
S1,1997-05-01,5.2565628553847645
S1,1997-06-01,5.20294959489295
S1,1997-07-01,5.141352802325556
S1,1997-08-01,5.102490360504936
S1,1997-09-01,5.027541962281794
S1,1997-10-01,4.84870319857934
S1,1997-11-01,4.760624446225698
S1,1997-12-01,4.679915513789196
S1,1998-01-01,4.627607042967847
S1,1998-02-01,4.492735246065585
S1,1998-03-01,4.3307475761142395
S1,1998-04-01,4.138059675668976
S1,1998-05-01,3.9509934827164934
S1,1998-06-01,3.7220278334564494
S1,1998-07-01,3.589598123703985
S1,1998-08-01,3.4867408977947956
S1,1998-09-01,3.3572696212908517
S1,1998-10-01,3.255905696887455
S1,1998-11-01,3.193859701208079
S1,1998-12-01,3.152315090038944
S1,1999-01-01,3.0978082231076107
S1,1999-02-01,3.024257869486875
S1,1999-03-01,2.940779864258548
S1,1999-04-01,2.847335708276392
S1,1999-05-01,2.7627203512098055
S1,1999-06-01,2.680678574808679
S1,1999-07-01,2.6245827384028964
S1,1999-08-01,2.5444719735035086
S1,1999-09-01,2.473007909380826
S1,1999-10-01,2.4059609402609357
S1,1999-11-01,2.3199907902143955
S1,1999-12-01,2.2580843419620886
S1,2000-01-01,2.016092464661982
S1,2000-02-01,1.9601938588942327
S1,2000-03-01,1.8995063583023022
S1,2000-04-01,1.8632857251912682
S1,2000-05-01,1.8145595486680477
S1,2000-06-01,1.8014567988268244
S1,2000-07-01,1.7835979544059308
S1,2000-08-01,1.7464159404270343
S1,2000-09-01,1.714447879433637
S1,2000-10-01,1.665589406766146
S1,2000-11-01,1.6050200614951355
S1,2000-12-01,1.5567035605518882
S1,2001-01-01,1.5102513424543007
S1,2001-02-01,1.4920280828166492
S1,2001-03-01,1.5153380645912065
S1,2001-04-01,1.5409024789467105
S1,2001-05-01,1.59528566676027
S1,2001-06-01,1.6388712787713606
S1,2001-07-01,1.6637758228662083
S1,2001-08-01,1.6839462769039177
S1,2001-09-01,1.7066348382847147
S1,2001-10-01,1.7942011696558753
S1,2001-11-01,1.8973941246654604
S1,2001-12-01,1.9617009799789382
S1,2002-01-01,2.0384631801846496
S1,2002-02-01,2.1027972328738285
S1,2002-03-01,2.174016504501367
S1,2002-04-01,2.2608501323608703
S1,2002-05-01,2.3382141064848327
S1,2002-06-01,2.4228842526142502
S1,2002-07-01,2.4943967874147157
S1,2002-08-01,2.565822063666967
S1,2002-09-01,2.68428185404023
S1,2002-10-01,2.827749605245516
S1,2002-11-01,2.967405147228526
S1,2002-12-01,3.0428595533584004
S1,2003-01-01,3.1555301892419236
S1,2003-02-01,3.276064756990275
S1,2003-03-01,3.3886823219890694
S1,2003-04-01,3.4894907525976016
S1,2003-05-01,3.586548346690366
S1,2003-06-01,3.6656935276253573
S1,2003-07-01,3.719041517508991
S1,2003-08-01,3.734553352125591
S1,2003-09-01,3.7979861795198455
S1,2003-10-01,3.8377859052143224
S1,2003-11-01,3.8526391654591214
S1,2003-12-01,3.855419977041961
S1,2004-01-01,3.8815506652741
S1,2004-02-01,3.89614557345356
S1,2004-03-01,3.93020056914219
S1,2004-04-01,3.90281699769277
S1,2004-05-01,3.90131241944903
S1,2004-06-01,3.91661282094764
S1,2004-07-01,3.87906583940035
S1,2004-08-01,3.88222997328862
S1,2004-09-01,3.8898488132497002
S1,2004-10-01,3.85930564012277
S1,2004-11-01,3.84625070378795
S1,2004-12-01,3.76536454276509
S1,2005-01-01,3.73979770858956
S1,2005-02-01,3.76636208148535
S1,2005-03-01,3.80430790239139
S1,2005-04-01,3.79244967036748
S1,2005-05-01,3.81113875719346
S1,2005-06-01,3.82340230502938
S1,2005-07-01,3.79170984296279
S1,2005-08-01,3.78752169329109
S1,2005-09-01,3.79411673908882
S1,2005-10-01,3.75906487475404
S1,2005-11-01,3.70371753327788
S1,2005-12-01,3.60643995038333
S1,2006-01-01,3.5581417151023498
S1,2006-02-01,3.52285568192229
S1,2006-03-01,3.50081824326124
S1,2006-04-01,3.4322035391667
S1,2006-05-01,3.39493862599527
S1,2006-06-01,3.33948236908362
S1,2006-07-01,3.29920855846281
S1,2006-08-01,3.27485704319446
S1,2006-09-01,3.24063609277819
S1,2006-10-01,3.20384637559757
S1,2006-11-01,3.13292858742003
S1,2006-12-01,3.05452991880936
S1,2007-01-01,3.02286859696037
S1,2007-02-01,2.96583101516123
S1,2007-03-01,2.88179596165088
S1,2007-04-01,2.83964239196945
S1,2007-05-01,2.78442613382194
S1,2007-06-01,2.71290343860736
S1,2007-07-01,2.70439309778809
S1,2007-08-01,2.68147886867117
S1,2007-09-01,2.65142611273146
S1,2007-10-01,2.66388887376382
S1,2007-11-01,2.64606614664415
S1,2007-12-01,2.58885208249376
S1,2008-01-01,2.57960712137227
S1,2008-02-01,2.54437651253424
S1,2008-03-01,2.5362516416039
S1,2008-04-01,2.53854180447648
S1,2008-05-01,2.49487060509302
S1,2008-06-01,2.48686997458276
S1,2008-07-01,2.49769277473736
S1,2008-08-01,2.50292514148885
S1,2008-09-01,2.55383075717902
S1,2008-10-01,2.62418696812879
S1,2008-11-01,2.71859232832319
S1,2008-12-01,2.81974477754949
S1,2009-01-01,2.96075554936308
S1,2009-02-01,3.10586683145287
S1,2009-03-01,3.29277850948166
S1,2009-04-01,3.44021027272606
S1,2009-05-01,3.54213826464816
S1,2009-06-01,3.81201947035372
S1,2009-07-01,3.93846931400719
S1,2009-08-01,4.01386880915055
S1,2009-09-01,4.10884585110119
S1,2009-10-01,4.13143878155307
S1,2009-11-01,4.14119449867048
S1,2009-12-01,4.09959265208848
S1,2010-01-01,3.698615905463
S1,2010-02-01,3.70496846846246
S1,2010-03-01,3.70659186444453
S1,2010-04-01,3.64426247447285
S1,2010-05-01,3.61602164112809
S1,2010-06-01,3.58503589169733
S1,2010-07-01,3.52064384377331
S1,2010-08-01,3.4714876250921902
S1,2010-09-01,3.40317217779342
S1,2010-10-01,3.32541290327995
S1,2010-11-01,3.2679314816017
S1,2010-12-01,3.21912211248088
S1,2011-01-01,3.1294367704514
S1,2011-02-01,3.06879540927105
S1,2011-03-01,3.01253861674189
S1,2011-04-01,2.83762736958622
S1,2011-05-01,2.74512942069181
S1,2011-06-01,2.73891245295037
S1,2011-07-01,2.70101093511292
S1,2011-08-01,2.71371768080096
S1,2011-09-01,2.70659758707786
S1,2011-10-01,2.7493092845884
S1,2011-11-01,2.79454991067598
S1,2011-12-01,2.82863874598738
S1,2012-01-01,2.82377308004325
S1,2012-02-01,2.85026672290782
S1,2012-03-01,2.82292037218494
S1,2012-04-01,2.83111365990813
S1,2012-05-01,2.8449397728178
S1,2012-06-01,2.85006796467882
S1,2012-07-01,2.87596323857145
S1,2012-08-01,2.91131466885287
S1,2012-09-01,2.92603447268731
S1,2012-10-01,2.99780900709651
S1,2012-11-01,3.04882310718994
S1,2012-12-01,3.08015168802213
S1,2013-01-01,3.1137193095794
S1,2013-02-01,3.12490246987832
S1,2013-03-01,3.10485705290949
S1,2013-04-01,3.12289885099957
S1,2013-05-01,3.14205928705149
S1,2013-06-01,3.13795512700574
S1,2013-07-01,3.17723147428385
S1,2013-08-01,3.1570461000628
S1,2013-09-01,3.1870284687431
S1,2013-10-01,3.18796455835894
S1,2013-11-01,3.21239455563873
S1,2013-12-01,3.23429146825769
S1,2014-01-01,3.09826516669722
S1,2014-02-01,3.07351974018429
S1,2014-03-01,3.07043124130753
S1,2014-04-01,3.03169773473751
S1,2014-05-01,2.99979768351732
S1,2014-06-01,3.0212509498525
S1,2014-07-01,3.02096175368977
S1,2014-08-01,3.0010406277282
S1,2014-09-01,3.04044437715039
S1,2014-10-01,3.04435149860075
S1,2014-11-01,3.03652302719907
S1,2014-12-01,3.06890167963979
S1,2015-01-01,3.05123820542661
S1,2015-02-01,3.08735910139033
S1,2015-03-01,3.11968057334174
S1,2015-04-01,3.12084918011608
S1,2015-05-01,3.13789606970186
S1,2015-06-01,3.17813805902086
S1,2015-07-01,3.17904076099072
S1,2015-08-01,3.1996801587995
S1,2015-09-01,3.23386311497353
S1,2015-10-01,3.24973218205653
S1,2015-11-01,3.29640091725673
S1,2015-12-01,3.30389792144795
S1,2016-01-01,3.30759006833952
S1,2016-02-01,3.32438887492972
S1,2016-03-01,3.34018365919745
S1,2016-04-01,3.30639781034232
S1,2016-05-01,3.3307504479985
S1,2016-06-01,3.31697442892562
S1,2016-07-01,3.30968292443395
S1,2016-08-01,3.33559960064844
S1,2016-09-01,3.338178155653
S1,2016-10-01,3.32621348083587
S1,2016-11-01,3.32287232536626
S1,2016-12-01,3.32008751696463
S1,2017-01-01,3.2215368759816
S1,2017-02-01,3.1902326517763
S1,2017-03-01,3.17482089231117
S1,2017-04-01,3.13510417750952
S1,2017-05-01,3.1154917986549
S1,2017-06-01,3.08585408516175
S1,2017-07-01,3.08220197507847
S1,2017-08-01,3.06684615333602
S1,2017-09-01,3.01998076388736
S1,2017-10-01,3.00799528463172
S1,2017-11-01,2.96560784943565
S1,2017-12-01,2.9618581627041
S1,2018-01-01,2.92182113203693
S1,2018-02-01,2.8737863795152
S1,2018-03-01,2.71978016680863
S1,2018-04-01,2.56546891023151
S1,2018-05-01,2.43681040206363
S1,2018-06-01,2.46027496086124
S1,2018-07-01,2.43928156386972
S1,2018-08-01,2.43967180032171
S1,2018-09-01,2.41739313923041
S1,2018-10-01,2.39599060920992
S1,2018-11-01,2.38796912942365
S1,2018-12-01,2.41813272662076
S1,2019-01-01,2.42919600341576
S1,2019-02-01,2.38676171881154
S1,2019-03-01,2.34378481005981
S1,2019-04-01,2.29670231281536
S1,2019-05-01,2.25561259731869
S1,2019-06-01,2.2422035631838
S1,2019-07-01,2.24248440497006
S1,2019-08-01,2.24993584103136
S1,2019-09-01,2.24756648488516
S1,2019-10-01,2.27144032301743
S1,2019-11-01,2.30049080865432
S1,2019-12-01,2.37202306156854
S1,2020-01-01,2.39337028274222
S1,2020-02-01,2.37550929379809
S1,2020-03-01,2.8550029468837
S1,2020-04-01,3.3102729628282
S1,2020-05-01,3.49692686124865
S1,2020-06-01,3.49228165937547
S1,2020-07-01,3.44707485156603
S1,2020-08-01,3.44196603032616
S1,2020-09-01,3.39697295336151
S1,2020-10-01,3.35979477203362
S1,2020-11-01,3.34597068276179
S1,2020-12-01,3.33793661700359
S1,2021-01-01,3.35861303892987
S1,2021-02-01,3.38705459484245
S1,2021-03-01,3.32636805731189
S1,2021-04-01,3.26489889720814
S1,2021-05-01,3.20411438351957
S1,2021-06-01,3.06218383837558
S1,2021-07-01,2.96855067593601
S1,2021-08-01,2.87684465092278
S1,2021-09-01,2.74981432793889
S1,2021-10-01,2.6300489602295
S1,2021-11-01,2.53833659942446
S1,2021-12-01,2.48540777849612
S1,2022-01-01,2.41962810778505
S1,2022-02-01,2.37935502400818
S1,2022-03-01,2.30638627669729
S1,2022-04-01,2.25402160001773
S1,2022-05-01,2.19672975908129
S1,2022-06-01,2.14872835523489
S1,2022-07-01,2.1158285493345
S1,2022-08-01,2.07959794850568
S1,2022-09-01,2.04569362928897
S1,2022-10-01,2.01906370902874
S1,2022-11-01,1.99428352462144
S1,2022-12-01,1.97974963381924
S1,2023-01-01,1.94390547777773
S1,2023-02-01,1.93559268129922
S1,2023-03-01,1.90455270483221
S1,2023-04-01,1.90609375125363
S1,2023-05-01,1.92437333500768
S1,2023-06-01,1.92605285171294
S1,2023-07-01,1.97391007615695
S1,2023-08-01,1.99304134802336
S1,2023-09-01,2.02188210329713
S1,2023-10-01,2.05341456981887
S1,2023-11-01,2.08576706672854
S1,2023-12-01,2.12724432742948
S1,2024-01-01,2.1835863336547
S1,2024-02-01,2.20014965398337
S1,2024-03-01,2.23023696096498
S1,2024-04-01,2.25278001342653
S1,2024-05-01,2.30458255884865
S1,2024-06-01,2.36501606131379
S1,2024-07-01,2.42622562613919
S1,2024-08-01,2.46847555956351
S1,2024-09-01,2.52010164373724
S1,2024-10-01,2.55506498474073
S1,2024-11-01,2.57737152445617
S1,2024-12-01,2.59429542331888
S1,2025-01-01,2.62043201623393
S1,2025-02-01,2.66435283502258
S1,2025-03-01,2.72311954750189
S1,2025-04-01,2.74103953953962
S1,2025-05-01,2.79595009060406
S1,2025-06-01,2.8702997885292
S1,2025-07-01,2.90826110303563
S1,2025-08-01,2.92786539376256
S1,2025-09-01,2.96423303279782
S1,2025-10-01,2.96635581060134
S1,2025-11-01,2.95494722066407
S1,2025-12-01,2.96713243312008
S1,2026-01-01,2.93961506856268
S1,2026-02-01,2.97230911212518
S1,2026-03-01,3.00460562384117
S1,2026-04-01,3.01124711768827
S1,2026-05-01,3.06552506207893
S1,2026-06-01,3.11596646711448
S1,2026-07-01,3.13579541769569
S1,2026-08-01,3.13682671641221
S2,1960-01-01,10710.7196762838
S2,1960-02-01,10712.3378590389
S2,1960-03-01,10744.8887837552
S2,1960-04-01,10822.9562522638
S2,1960-05-01,10924.3922639732
S2,1960-06-01,10982.3041792685
S2,1960-07-01,10957.3525386245
S2,1960-08-01,10848.5366649004
S2,1960-09-01,10752.5557544959
S2,1960-10-01,10782.4109636265
S2,1960-11-01,10935.01888274
S2,1960-12-01,11162.8377992389
S2,1961-01-01,11367.1019125371
S2,1961-02-01,11431.1970737293
S2,1961-03-01,11283.8116943672
S2,1961-04-01,10983.6874983092
S2,1961-05-01,10691.884432117
S2,1961-06-01,10504.8434121445
S2,1961-07-01,10404.8114064384
S2,1961-08-01,10385.7518728427
S2,1961-09-01,10374.978418718
S2,1961-10-01,10344.6028089211
S2,1961-11-01,10293.4990907518
S2,1961-12-01,10234.7917305728
S2,1962-01-01,10207.6757686845
S2,1962-02-01,10235.7711785158
S2,1962-03-01,10333.8355379206
S2,1962-04-01,10456.7579652467
S2,1962-05-01,10533.1228256593
S2,1962-06-01,10551.5493944767
S2,1962-07-01,10509.7487671902
S2,1962-08-01,10412.0498168343
S2,1962-09-01,10286.5792506807
S2,1962-10-01,10130.0666245517
S2,1962-11-01,9964.71613779232
S2,1962-12-01,9822.94381700367
S2,1963-01-01,9757.20820605539
S2,1963-02-01,9806.45733089864
S2,1963-03-01,9961.85914446825
S2,1963-04-01,10183.1612611516
S2,1963-05-01,10419.1500758241
S2,1963-06-01,10620.5533555569
S2,1963-07-01,10815.3603784498
S2,1963-08-01,10972.0532611079
S2,1963-09-01,11045.0234114083
S2,1963-10-01,11019.9369960762
S2,1963-11-01,10933.9473024802
S2,1963-12-01,10863.4214999921
S2,1964-01-01,10848.752056917
S2,1964-02-01,10870.6591848107
S2,1964-03-01,10852.8744104152
S2,1964-04-01,10748.4788665363
S2,1964-05-01,10582.5554233639
S2,1964-06-01,10421.8850581418
S2,1964-07-01,10318.8742924542
S2,1964-08-01,10297.7822518086
S2,1964-09-01,10349.4086483191
S2,1964-10-01,10441.7066207967
S2,1964-11-01,10515.8954202973
S2,1964-12-01,10511.317048988
S2,1965-01-01,10396.3698425355
S2,1965-02-01,10171.1203865981
S2,1965-03-01,9903.80892478695
S2,1965-04-01,9707.00648457796
S2,1965-05-01,9593.26217673853
S2,1965-06-01,9519.01765546277
S2,1965-07-01,9421.34111346215
S2,1965-08-01,9276.11162063184
S2,1965-09-01,9106.89755675908
S2,1965-10-01,8972.84436469506
S2,1965-11-01,8909.79128100248
S2,1965-12-01,8872.91214630155
S2,1966-01-01,8839.50363395646
S2,1966-02-01,8836.47157972644
S2,1966-03-01,8864.55878103086
S2,1966-04-01,8883.66435759322
S2,1966-05-01,8877.67555303424
S2,1966-06-01,8841.93762514267
S2,1966-07-01,8788.77052918198
S2,1966-08-01,8749.65924009074
S2,1966-09-01,8735.73596817519
S2,1966-10-01,8734.15977771799
S2,1966-11-01,8727.52299907838
S2,1966-12-01,8701.63426319376
S2,1967-01-01,8635.99402278926
S2,1967-02-01,8520.74791743859
S2,1967-03-01,8390.40228924137
S2,1967-04-01,8263.57394391803
S2,1967-05-01,8179.41413360623
S2,1967-06-01,8162.53286291988
S2,1967-07-01,8167.20985320641
S2,1967-08-01,8174.65586271926
S2,1967-09-01,8160.65815662878
S2,1967-10-01,8102.35468195384
S2,1967-11-01,8038.04093852118
S2,1967-12-01,8045.95347985035
S2,1968-01-01,8131.55872961499
S2,1968-02-01,8217.55144518617
S2,1968-03-01,8230.86356323987
S2,1968-04-01,8184.01330216724
S2,1968-05-01,8112.4458121352
S2,1968-06-01,8055.21138938107
S2,1968-07-01,8025.54041550527
S2,1968-08-01,7985.98675739858
S2,1968-09-01,7946.95952619366
S2,1968-10-01,7937.2935210009
S2,1968-11-01,7959.77778155865
S2,1968-12-01,7979.28014890585
S2,1969-01-01,7956.67687972449
S2,1969-02-01,7931.53213103725
S2,1969-03-01,7977.97124631842
S2,1969-04-01,8117.1070975962
S2,1969-05-01,8322.8659786298
S2,1969-06-01,8525.8234081864
S2,1969-07-01,8686.42670685871
S2,1969-08-01,8788.91227039671
S2,1969-09-01,8828.11073589261
S2,1969-10-01,8808.93550409875
S2,1969-11-01,8734.43805266847
S2,1969-12-01,8672.08640350254
S2,1970-01-01,8711.46783493876
S2,1970-02-01,8861.40434276328
S2,1970-03-01,9052.10424681604
S2,1970-04-01,9192.01121000766
S2,1970-05-01,9211.73153624873
S2,1970-06-01,9138.69218968828
S2,1970-07-01,9067.47886525945
S2,1970-08-01,9050.1646979965
S2,1970-09-01,9065.19760703357
S2,1970-10-01,9059.75659262056
S2,1970-11-01,9005.67096119034
S2,1970-12-01,8870.54978140861
S2,1971-01-01,8668.9269785007
S2,1971-02-01,8443.87254714164
S2,1971-03-01,8217.31719903842
S2,1971-04-01,7998.5439739699405
S2,1971-05-01,7830.61823447972
S2,1971-06-01,7732.33633124806
S2,1971-07-01,7716.76721777574
S2,1971-08-01,7769.01276918903
S2,1971-09-01,7900.58203790703
S2,1971-10-01,8099.9345781847
S2,1971-11-01,8271.69126255233
S2,1971-12-01,8354.76137240804
S2,1972-01-01,8372.15901359683
S2,1972-02-01,8395.91168454865
S2,1972-03-01,8516.75768081574
S2,1972-04-01,8776.59584031854
S2,1972-05-01,9047.04147883296
S2,1972-06-01,9163.66175068026
S2,1972-07-01,9047.68940289781
S2,1972-08-01,8800.07484707002
S2,1972-09-01,8548.82044041304
S2,1972-10-01,8392.70636914517
S2,1972-11-01,8344.57694686012
S2,1972-12-01,8331.71439708784
S2,1973-01-01,8269.54088618615
S2,1973-02-01,8169.80683308159
S2,1973-03-01,8035.37513742702
S2,1973-04-01,7897.31734548802
S2,1973-05-01,7776.69179093968
S2,1973-06-01,7701.58868597464
S2,1973-07-01,7682.23425418864
S2,1973-08-01,7725.75090212275
S2,1973-09-01,7828.43585953454
S2,1973-10-01,7931.68622540663
S2,1973-11-01,7986.94484828246
S2,1973-12-01,7974.77352910159
S2,1974-01-01,7887.1935079248
S2,1974-02-01,7714.15205110585
S2,1974-03-01,7467.64447579855
S2,1974-04-01,7168.52063530005
S2,1974-05-01,6874.39332124799
S2,1974-06-01,6651.40519841402
S2,1974-07-01,6533.56355042001
S2,1974-08-01,6457.01859992079
S2,1974-09-01,6334.76075154104
S2,1974-10-01,6167.60478554145
S2,1974-11-01,6039.21211732961
S2,1974-12-01,6014.00860662083
S2,1975-01-01,6090.45824507147
S2,1975-02-01,6207.18773416163
S2,1975-03-01,6330.96221185745
S2,1975-04-01,6446.93672893211
S2,1975-05-01,6592.48881584662
S2,1975-06-01,6785.47127980201
S2,1975-07-01,6981.72313843364
S2,1975-08-01,7153.23850332029
S2,1975-09-01,7292.67103496665
S2,1975-10-01,7421.91980573172
S2,1975-11-01,7577.87388171206
S2,1975-12-01,7777.12501930778
S2,1976-01-01,8032.2535004005
S2,1976-02-01,8332.68551886889
S2,1976-03-01,8623.9137515875
S2,1976-04-01,8871.13332672197
S2,1976-05-01,9053.90041277466
S2,1976-06-01,9156.23562925263
S2,1976-07-01,9157.72559983153
S2,1976-08-01,9053.0897800278
S2,1976-09-01,8895.05538384768
S2,1976-10-01,8752.43371849719
S2,1976-11-01,8716.79347001552
S2,1976-12-01,8878.78039953893
S2,1977-01-01,9190.64776961168
S2,1977-02-01,9543.56308799472
S2,1977-03-01,9885.4923336127
S2,1977-04-01,10214.7085757786
S2,1977-05-01,10517.1034238195
S2,1977-06-01,10787.6555530025
S2,1977-07-01,11057.3642579481
S2,1977-08-01,11335.1019174976
S2,1977-09-01,11612.5851975274
S2,1977-10-01,11858.3431552875
S2,1977-11-01,12053.1397728099
S2,1977-12-01,12180.2807489773
S2,1978-01-01,12302.2857330534
S2,1978-02-01,12426.8472126039
S2,1978-03-01,12512.8322782027
S2,1978-04-01,12549.3875971266
S2,1978-05-01,12608.8607785097
S2,1978-06-01,12731.7921598015
S2,1978-07-01,12936.4868950687
S2,1978-08-01,13169.0162662151
S2,1978-09-01,13370.8839648412
S2,1978-10-01,13476.7079031927
S2,1978-11-01,13440.4328802901
S2,1978-12-01,13238.146318872
S2,1979-01-01,12922.5836012154
S2,1979-02-01,12678.9006970279
S2,1979-03-01,12605.9450307035
S2,1979-04-01,12663.5458695637
S2,1979-05-01,12770.8447361542
S2,1979-06-01,12937.6738737754
S2,1979-07-01,13198.6171671457
S2,1979-08-01,13578.0150665374
S2,1979-09-01,14035.3782252854
S2,1979-10-01,14506.6926756223
S2,1979-11-01,14905.9426804935
S2,1979-12-01,15261.3882261251
S2,1980-01-01,15543.1930761631
S2,1980-02-01,15760.9126278417
S2,1980-03-01,16038.7450047413
S2,1980-04-01,16469.5498852666
S2,1980-05-01,16955.7831866442
S2,1980-06-01,17302.5523990128
S2,1980-07-01,17450.0058350097
S2,1980-08-01,17516.7803226741
S2,1980-09-01,17675.5430489021
S2,1980-10-01,18073.5630053211
S2,1980-11-01,18537.7316850944
S2,1980-12-01,18763.2575065423
S2,1981-01-01,18700.6773260819
S2,1981-02-01,18459.2750277327
S2,1981-03-01,18202.840724356
S2,1981-04-01,17937.3590884018
S2,1981-05-01,17605.6685788824
S2,1981-06-01,17157.1021049714
S2,1981-07-01,16592.7411806287
S2,1981-08-01,16074.49946649
S2,1981-09-01,15687.0749989525
S2,1981-10-01,15313.2724640605
S2,1981-11-01,14866.0384897974
S2,1981-12-01,14304.7991789334
S2,1982-01-01,13680.6263320303
S2,1982-02-01,13012.1449649711
S2,1982-03-01,12323.509444644
S2,1982-04-01,11652.017142615
S2,1982-05-01,11027.9796442462
S2,1982-06-01,10496.353151029
S2,1982-07-01,10098.2638407605
S2,1982-08-01,9783.46552324962
S2,1982-09-01,9534.06548504998
S2,1982-10-01,9343.53638627174
S2,1982-11-01,9245.21835684448
S2,1982-12-01,9252.83463862859
S2,1983-01-01,9317.84089431438
S2,1983-02-01,9357.36631797152
S2,1983-03-01,9318.61718231569
S2,1983-04-01,9212.95549324934
S2,1983-05-01,9102.62967585552
S2,1983-06-01,9067.33675924177
S2,1983-07-01,9131.85159296671
S2,1983-08-01,9223.60861530137
S2,1983-09-01,9256.02687858371
S2,1983-10-01,9203.31213920825
S2,1983-11-01,9157.65954498211
S2,1983-12-01,9224.56963000392
S2,1984-01-01,9436.50451392123
S2,1984-02-01,9774.67370483481
S2,1984-03-01,10126.570333604
S2,1984-04-01,10398.7432975729
S2,1984-05-01,10585.3995650498
S2,1984-06-01,10710.8798922298
S2,1984-07-01,10803.1354911315
S2,1984-08-01,10878.7784509893
S2,1984-09-01,10944.3247515472
S2,1984-10-01,11021.1798172773
S2,1984-11-01,11090.0073417352
S2,1984-12-01,11171.7371756821
S2,1985-01-01,11259.2115251558
S2,1985-02-01,11333.4486892545
S2,1985-03-01,11424.1467961947
S2,1985-04-01,11580.5785064326
S2,1985-05-01,11819.5636533702
S2,1985-06-01,12118.948810746
S2,1985-07-01,12408.2010969461
S2,1985-08-01,12657.0606036937
S2,1985-09-01,12840.1654370827
S2,1985-10-01,12986.0191360477
S2,1985-11-01,13139.0597298076
S2,1985-12-01,13322.9851317887
S2,1986-01-01,13580.2693394832
S2,1986-02-01,13932.1403070441
S2,1986-03-01,14349.5330759591
S2,1986-04-01,14764.6026801008
S2,1986-05-01,15124.1319695136
S2,1986-06-01,15418.5050175137
S2,1986-07-01,15647.146558741
S2,1986-08-01,15838.8273703352
S2,1986-09-01,15959.5256406152
S2,1986-10-01,15974.6410315305
S2,1986-11-01,15914.2759083705
S2,1986-12-01,15831.9374200946
S2,1987-01-01,15820.6362804491
S2,1987-02-01,15937.8317109241
S2,1987-03-01,16202.2979223713
S2,1987-04-01,16543.6786071091
S2,1987-05-01,16834.576626997
S2,1987-06-01,17064.2031821919
S2,1987-07-01,17218.3512951448
S2,1987-08-01,17292.1892516498
S2,1987-09-01,17357.8413993119
S2,1987-10-01,17465.3133591412
S2,1987-11-01,17622.4110538369
S2,1987-12-01,17785.7235926354
S2,1988-01-01,17873.3929626937
S2,1988-02-01,17812.1183039623
S2,1988-03-01,17611.1137274199
S2,1988-04-01,17442.7036429467
S2,1988-05-01,17441.1747756142
S2,1988-06-01,17564.9018270385
S2,1988-07-01,17748.8428845544
S2,1988-08-01,17949.3804045933
S2,1988-09-01,18198.2746438755
S2,1988-10-01,18594.3592567585
S2,1988-11-01,19124.7840037769
S2,1988-12-01,19688.999930356
S2,1989-01-01,20159.9970737537
S2,1989-02-01,20509.5696811955
S2,1989-03-01,20800.2413607692
S2,1989-04-01,21067.4712021516
S2,1989-05-01,21266.0922757927
S2,1989-06-01,21305.1197528863
S2,1989-07-01,21215.4769817641
S2,1989-08-01,21193.4795336022
S2,1989-09-01,21384.4072180859
S2,1989-10-01,21790.2547805928
S2,1989-11-01,22271.9079427762
S2,1989-12-01,22614.8481528745
S2,1990-01-01,22719.1365736086
S2,1990-02-01,22609.6037969203
S2,1990-03-01,22343.1628739534
S2,1990-04-01,21979.0113377504
S2,1990-05-01,21619.7858308123
S2,1990-06-01,21312.1680097622
S2,1990-07-01,21033.0324970002
S2,1990-08-01,20707.5507861607
S2,1990-09-01,20285.3608404207
S2,1990-10-01,19695.1986813204
S2,1990-11-01,18937.1725986568
S2,1990-12-01,18018.7572699374
S2,1991-01-01,16983.5297892394
S2,1991-02-01,15970.7241735721
S2,1991-03-01,15122.6475942476
S2,1991-04-01,14509.8541135903
S2,1991-05-01,14125.6952777289
S2,1991-06-01,13909.7474943831
S2,1991-07-01,13785.8520006099
S2,1991-08-01,13680.4877442506
S2,1991-09-01,13580.0957171226
S2,1991-10-01,13427.4473589131
S2,1991-11-01,13198.5490678652
S2,1991-12-01,12952.684557625
S2,1992-01-01,12745.4861116295
S2,1992-02-01,12587.9701587509
S2,1992-03-01,12441.6595128423
S2,1992-04-01,12269.5498409548
S2,1992-05-01,12053.7063274351
S2,1992-06-01,11837.0865182903
S2,1992-07-01,11707.5633046878
S2,1992-08-01,11634.2776800363
S2,1992-09-01,11538.0261957242
S2,1992-10-01,11387.7006833967
S2,1992-11-01,11156.0084433467
S2,1992-12-01,10893.7684722766
S2,1993-01-01,10677.3609177836
S2,1993-02-01,10534.7996583766
S2,1993-03-01,10428.7755759255
S2,1993-04-01,10253.057686835
S2,1993-05-01,9958.92426275068
S2,1993-06-01,9552.42452027012
S2,1993-07-01,9122.08565598798
S2,1993-08-01,8780.5506097259
S2,1993-09-01,8558.91691384335
S2,1993-10-01,8483.90080118682
S2,1993-11-01,8542.22979678466
S2,1993-12-01,8710.0723686729
S2,1994-01-01,8895.96769660651
S2,1994-02-01,8985.64389874763
S2,1994-03-01,8926.17635550734
S2,1994-04-01,8779.7365851821
S2,1994-05-01,8661.88765425061
S2,1994-06-01,8677.60608523445
S2,1994-07-01,8817.34392450052
S2,1994-08-01,8991.40506453546
S2,1994-09-01,9117.69013194997
S2,1994-10-01,9168.52400567416
S2,1994-11-01,9147.22498833901
S2,1994-12-01,9076.25909141789
S2,1995-01-01,8988.86730270572
S2,1995-02-01,8942.09422813202
S2,1995-03-01,8988.00171369611
S2,1995-04-01,9103.68697257701
S2,1995-05-01,9200.11070396654
S2,1995-06-01,9228.30103551228
S2,1995-07-01,9196.70231549741
S2,1995-08-01,9149.41336929814
S2,1995-09-01,9111.73008143226
S2,1995-10-01,9084.59311222279
S2,1995-11-01,9068.04768246603
S2,1995-12-01,9053.30005976413
S2,1996-01-01,9078.44191390306
S2,1996-02-01,9121.57304984716
S2,1996-03-01,9142.31561484627
S2,1996-04-01,9143.04671370024
S2,1996-05-01,9166.652611995
S2,1996-06-01,9216.52745533687
S2,1996-07-01,9267.79345581949
S2,1996-08-01,9330.08722776722
S2,1996-09-01,9433.47723912181
S2,1996-10-01,9576.47872638359
S2,1996-11-01,9798.0681943753
S2,1996-12-01,10137.9293993439
S2,1997-01-01,10612.7461976009
S2,1997-02-01,11191.5787805951
S2,1997-03-01,11793.0534682726
S2,1997-04-01,12339.4762635931
S2,1997-05-01,12799.3022221072
S2,1997-06-01,13176.6698227394
S2,1997-07-01,13495.3993111996
S2,1997-08-01,13799.3900952319
S2,1997-09-01,14113.3814342984
S2,1997-10-01,14467.4117377353
S2,1997-11-01,14879.7836815712
S2,1997-12-01,15276.8599251711
S2,1998-01-01,15593.6587343247
S2,1998-02-01,15857.904894144
S2,1998-03-01,16141.2443386561
S2,1998-04-01,16485.8381394461
S2,1998-05-01,16862.7076237221
S2,1998-06-01,17194.0829229484
S2,1998-07-01,17417.0096938841
S2,1998-08-01,17530.4503723946
S2,1998-09-01,17656.2953149311
S2,1998-10-01,17903.3844846
S2,1998-11-01,18231.8974246527
S2,1998-12-01,18469.7604221774
S2,1999-01-01,18513.0181565815
S2,1999-02-01,18393.8129746456
S2,1999-03-01,18239.6246686405
S2,1999-04-01,18175.0552109651
S2,1999-05-01,18225.5394548018
S2,1999-06-01,18323.577755731
S2,1999-07-01,18415.355633317
S2,1999-08-01,18430.5888412497
S2,1999-09-01,18248.6216149501
S2,1999-10-01,17838.0574512128
S2,1999-11-01,17383.0362164025
S2,1999-12-01,17112.0051242334
S2,2000-01-01,17065.9234609773
S2,2000-02-01,17170.8163687738
S2,2000-03-01,17302.6917807958
S2,2000-04-01,17408.549760114
S2,2000-05-01,17447.5328500623
S2,2000-06-01,17446.2594199694
S2,2000-07-01,17379.7478855942
S2,2000-08-01,17278.2570475196
S2,2000-09-01,17231.6889579499
S2,2000-10-01,17287.9832577932
S2,2000-11-01,17351.3830653865
S2,2000-12-01,17343.6178188434
S2,2001-01-01,17239.8082999361
S2,2001-02-01,17056.2648371514
S2,2001-03-01,16822.5944501018
S2,2001-04-01,16553.4393593045
S2,2001-05-01,16213.9747842598
S2,2001-06-01,15823.2336617879
S2,2001-07-01,15475.240626245
S2,2001-08-01,15276.8426195114
S2,2001-09-01,15252.4613717914
S2,2001-10-01,15255.4615954082
S2,2001-11-01,15104.5183519996
S2,2001-12-01,14734.5436286282
S2,2002-01-01,14251.2270741185
S2,2002-02-01,13795.2902094653
S2,2002-03-01,13437.7555533034
S2,2002-04-01,13158.5072630316
S2,2002-05-01,12968.2008131212
S2,2002-06-01,12840.8956053303
S2,2002-07-01,12780.3745129912
S2,2002-08-01,12715.2418365826
S2,2002-09-01,12608.8361446041
S2,2002-10-01,12470.5382806426
S2,2002-11-01,12343.1724554722
S2,2002-12-01,12285.3106652931
S2,2003-01-01,12253.1615854687
S2,2003-02-01,12185.5281058597
S2,2003-03-01,12037.4106505779
S2,2003-04-01,11846.6060919651
S2,2003-05-01,11742.4303193896
S2,2003-06-01,11798.4857414963
S2,2003-07-01,11979.8294644275
S2,2003-08-01,12165.4240297579
S2,2003-09-01,12265.6734217022
S2,2003-10-01,12336.8238264609
S2,2003-11-01,12482.6263613957
S2,2003-12-01,12774.9625224485
S2,2004-01-01,10070.5240673284
S2,2004-02-01,10318.1689754791
S2,2004-03-01,10467.7510922624
S2,2004-04-01,10396.4141065587
S2,2004-05-01,9269.43771256259
S2,2004-06-01,8949.01252527475
S2,2004-07-01,8391.352500538
S2,2004-08-01,7768.36616881183
S2,2004-09-01,7633.14396256836
S2,2004-10-01,7676.39556325755
S2,2004-11-01,7853.00280267381
S2,2004-12-01,7890.04709120129
S2,2005-01-01,8096.54890106133
S2,2005-02-01,8239.5136283902
S2,2005-03-01,8406.92275259903
S2,2005-04-01,8897.41061945525
S2,2005-05-01,8935.38600818056
S2,2005-06-01,8934.59153188468
S2,2005-07-01,9001.76500412411
S2,2005-08-01,8828.04982231596
S2,2005-09-01,8755.51624430086
S2,2005-10-01,9263.29075144977
S2,2005-11-01,9363.07673780227
S2,2005-12-01,9241.79142891416
S2,2006-01-01,9664.16138955458
S2,2006-02-01,10462.795275598
S2,2006-03-01,10756.9943079085
S2,2006-04-01,10502.131898243
S2,2006-05-01,11742.4233480025
S2,2006-06-01,11551.1257976606
S2,2006-07-01,11238.1386313749
S2,2006-08-01,11716.9472101336
S2,2006-09-01,11291.0293082394
S2,2006-10-01,11429.6217357812
S2,2006-11-01,11987.7995387214
S2,2006-12-01,12776.5434403455
S2,2007-01-01,12585.55247481
S2,2007-02-01,12654.8208778277
S2,2007-03-01,12732.4580825569
S2,2007-04-01,12586.1441849649
S2,2007-05-01,12842.6543342262
S2,2007-06-01,12608.3324554381
S2,2007-07-01,12874.972660299
S2,2007-08-01,12924.5668630075
S2,2007-09-01,13733.4420203658
S2,2007-10-01,14578.1710916656
S2,2007-11-01,14719.8552469472
S2,2007-12-01,14315.9600712032
S2,2008-01-01,14378.7874882783
S2,2008-02-01,13899.422541409
S2,2008-03-01,14019.4731247651
S2,2008-04-01,14713.925829642
S2,2008-05-01,15001.6267670529
S2,2008-06-01,13940.6333543229
S2,2008-07-01,14073.385283226
S2,2008-08-01,13885.0940211084
S2,2008-09-01,13640.6318342676
S2,2008-10-01,13913.1422037162
S2,2008-11-01,13216.0921780973
S2,2008-12-01,11980.4326034494
S2,2009-01-01,11958.700557789
S2,2009-02-01,12101.700963347
S2,2009-03-01,11933.6964150735
S2,2009-04-01,11747.7327516214
S2,2009-05-01,11548.3258811508
S2,2009-06-01,13590.6271368769
S2,2009-07-01,13809.9745606815
S2,2009-08-01,13296.7040694142
S2,2009-09-01,13749.0208356209
S2,2009-10-01,13699.7560129409
S2,2009-11-01,13788.0085890808
S2,2009-12-01,13460.600350393801
S2,2010-01-01,13471.2861236825
S2,2010-02-01,14171.9571365332
S2,2010-03-01,15572.1406859644
S2,2010-04-01,16216.1636793698
S2,2010-05-01,16666.27295834
S2,2010-06-01,16533.5690523918
S2,2010-07-01,16991.8027553447
S2,2010-08-01,17500.7620072111
S2,2010-09-01,18083.9067124255
S2,2010-10-01,17920.5614468644
S2,2010-11-01,18679.2788218191
S2,2010-12-01,19140.5602322116
S2,2011-01-01,19033.1566983357
S2,2011-02-01,20089.8218847036
S2,2011-03-01,20484.0716766117
S2,2011-04-01,20486.9217206179
S2,2011-05-01,20863.8562573597
S2,2011-06-01,19777.572312581
S2,2011-07-01,18829.9954159269
S2,2011-08-01,18088.4350118418
S2,2011-09-01,18768.4418203039
S2,2011-10-01,19463.984968765
S2,2011-11-01,18903.9497764883
S2,2011-12-01,18804.5424150394
S2,2012-01-01,18132.5702238387
S2,2012-02-01,17139.5025991432
S2,2012-03-01,16820.9804987098
S2,2012-04-01,17211.3907301293
S2,2012-05-01,16806.2208547386
S2,2012-06-01,16557.9540769138
S2,2012-07-01,16264.2928294418
S2,2012-08-01,16185.8479377607
S2,2012-09-01,15753.9935248231
S2,2012-10-01,16013.1542395531
S2,2012-11-01,16961.3696413805
S2,2012-12-01,17094.8472837632
S2,2013-01-01,15320.6750303082
S2,2013-02-01,15378.1809160447
S2,2013-03-01,15244.9661503079
S2,2013-04-01,15155.377716688
S2,2013-05-01,14386.6812755095
S2,2013-06-01,14004.188070783
S2,2013-07-01,13363.3183133689
S2,2013-08-01,13727.3658404213
S2,2013-09-01,13646.5888630069
S2,2013-10-01,13380.2822136653
S2,2013-11-01,12696.650889663
S2,2013-12-01,11873.7765287049
S2,2014-01-01,12846.1543895598
S2,2014-02-01,13470.8923085302
S2,2014-03-01,13897.9817578209
S2,2014-04-01,13596.3848117893
S2,2014-05-01,13015.603358082
S2,2014-06-01,13072.2161454278
S2,2014-07-01,12742.7790685396
S2,2014-08-01,11051.8370976351
S2,2014-09-01,10518.3028320179
S2,2014-10-01,11343.9949011507
S2,2014-11-01,11690.9888629049
S2,2014-12-01,10724.5039136147
S2,2015-01-01,10239.3104655539
S2,2015-02-01,9877.63775541853
S2,2015-03-01,9428.84289607784
S2,2015-04-01,9855.33079291177
S2,2015-05-01,9942.07542271494
S2,2015-06-01,9615.88324330335
S2,2015-07-01,9895.45018651276
S2,2015-08-01,10684.6812277724
S2,2015-09-01,11023.4195488756
S2,2015-10-01,9841.95414289099
S2,2015-11-01,10104.1486632743
S2,2015-12-01,9905.77130394049
S2,2016-01-01,10006.5963744398
S2,2016-02-01,9694.66084500129
S2,2016-03-01,9776.72057810006
S2,2016-04-01,10251.8262494388
S2,2016-05-01,10715.5341927918
S2,2016-06-01,10538.4615211105
S2,2016-07-01,10410.0127464978
S2,2016-08-01,10354.8876613045
S2,2016-09-01,10512.8103961272
S2,2016-10-01,11302.2921888262
S2,2016-11-01,11788.5931597947
S2,2016-12-01,11975.0654594284
S2,2017-01-01,11413.4625889379
S2,2017-02-01,11557.8863198522
S2,2017-03-01,11369.3374099769
S2,2017-04-01,12063.8147192339
S2,2017-05-01,11722.9226293714
S2,2017-06-01,11475.3485866262
S2,2017-07-01,11785.1214863146
S2,2017-08-01,12034.5646567381
S2,2017-09-01,12153.5236327742
S2,2017-10-01,12483.3648789994
S2,2017-11-01,13039.2796916168
S2,2017-12-01,13398.1957387633
S2,2018-01-01,12704.0940886717
S2,2018-02-01,12590.6814365509
S2,2018-03-01,12598.6151867389
S2,2018-04-01,13878.0106511365
S2,2018-05-01,15141.5463393546
S2,2018-06-01,15988.6806979381
S2,2018-07-01,28312.4715639319
S2,2018-08-01,34916.0976475078
S2,2018-09-01,35663.3562139305
S2,2018-10-01,32614.6240682787
S2,2018-11-01,31822.3208384605
S2,2018-12-01,33274.9547137922
S2,2019-01-01,32841.5828491831
S2,2019-02-01,35229.3326146151
S2,2019-03-01,35925.2002148589
S2,2019-04-01,36482.6117456733
S2,2019-05-01,37114.7792781572
S2,2019-06-01,35610.7370864889
S2,2019-07-01,36143.5174352088
S2,2019-08-01,37414.0798596032
S2,2019-09-01,36011.3741531215
S2,2019-10-01,35953.1029367992
S2,2019-11-01,35593.4904719849
S2,2019-12-01,35933.0912717476
S2,2020-01-01,39729.3808110107
S2,2020-02-01,35997.2077438684
S2,2020-03-01,29231.7502411673
S2,2020-04-01,18092.1678007294
S2,2020-05-01,17020.792142736602
S2,2020-06-01,29274.602091865
S2,2020-07-01,33562.2827657733
S2,2020-08-01,33990.4069538293
S2,2020-09-01,33454.5047209776
S2,2020-10-01,31899.1654077101
S2,2020-11-01,31110.2673034039
S2,2020-12-01,30982.0149325611
S2,2021-01-01,34708.4903769124
S2,2021-02-01,37006.4552463522
S2,2021-03-01,42032.9124096209
S2,2021-04-01,48492.4914741142
S2,2021-05-01,55545.0464292234
S2,2021-06-01,56996.9485008573
S2,2021-07-01,54881.8918474493
S2,2021-08-01,55547.8613306672
S2,2021-09-01,58170.4722976632
S2,2021-10-01,55897.228476339
S2,2021-11-01,54413.3648371689
S2,2021-12-01,58029.7944497018
S2,2022-01-01,60724.3326344327
S2,2022-02-01,64832.9639666432
S2,2022-03-01,66924.108886612
S2,2022-04-01,68940.8739607206
S2,2022-05-01,69785.2741312176
S2,2022-06-01,67101.7835916514
S2,2022-07-01,66354.6501387612
S2,2022-08-01,65172.0184903841
S2,2022-09-01,66322.5528522489
S2,2022-10-01,65402.1101170302
S2,2022-11-01,62304.9489416379
S2,2022-12-01,60009.3878934371
S2,2023-01-01,52566.0210715211
S2,2023-02-01,52523.4147568017
S2,2023-03-01,53019.4075923837
S2,2023-04-01,52203.9738797058
S2,2023-05-01,50989.7252769026
S2,2023-06-01,47842.3802063259
S2,2023-07-01,47548.5934643337
S2,2023-08-01,45873.3755702302
S2,2023-09-01,46085.997508905
S2,2023-10-01,46770.2946777891
S2,2023-11-01,43961.3536351351
S2,2023-12-01,44111.5047780078
S2,2024-01-01,42705.4379565318
S2,2024-02-01,39717.8434384164
S2,2024-03-01,40539.2492411843
S2,2024-04-01,39728.0151831077
S2,2024-05-01,39717.8558254093
S2,2024-06-01,37997.1762370708
S2,2024-07-01,34823.6816188448
S2,2024-08-01,35479.7725998368
S2,2024-09-01,36422.4062334432
S2,2024-10-01,35724.0719639586
S2,2024-11-01,36736.4962877823
S2,2024-12-01,36657.4552387947
S2,2025-01-01,42811.1344932776
S2,2025-02-01,42285.2108233226
S2,2025-03-01,40164.3522589545
S2,2025-04-01,40003.5579152193
S2,2025-05-01,38332.8589981555
S2,2025-06-01,36735.8027354281
S2,2025-07-01,38294.2894767021
S2,2025-08-01,37420.1235278696
S2,2025-09-01,35441.0213040561
S2,2025-10-01,36115.1095624877
S2,2025-11-01,36879.3660904426
S2,2025-12-01,43400.3561073913
S2,2026-01-01,50434.20067229
S2,2026-02-01,45813.1124956687
S2,2026-03-01,45113.2370511273
S2,2026-04-01,47125.0519448375
S2,2026-05-01,45306.0137837586
S2,2026-06-01,43486.2454134618
S2,2026-07-01,43197.3364837992
S2,2026-08-01,42749.3130860382
T0,1948-01-01,4858
T0,1948-02-01,6260
T0,1948-03-01,1107
T0,1948-04-01,967
T0,1948-05-01,887
T0,1948-06-01,1001
T0,1948-07-01,1061
T0,1948-08-01,1229
T0,1948-09-01,1464
T0,1948-10-01,2157
T0,1948-11-01,3807
T0,1948-12-01,10857
T0,1949-01-01,15544
T0,1949-02-01,12046
T0,1949-03-01,7261
T0,1949-04-01,4391
T0,1949-05-01,4706
T0,1949-06-01,3879
T0,1949-07-01,4081
T0,1949-08-01,4734
T0,1949-09-01,5036
T0,1949-10-01,6414
T0,1949-11-01,10786
T0,1949-12-01,17830
T0,1950-01-01,30177
T0,1950-02-01,20440
T0,1950-03-01,10840
T0,1950-04-01,9222
T0,1950-05-01,5880
T0,1950-06-01,4393
T0,1950-07-01,3522
T0,1950-08-01,3091
T0,1950-09-01,2797
T0,1950-10-01,3232
T0,1950-11-01,6219
T0,1950-12-01,15376
T0,1951-01-01,12473
T0,1951-02-01,7812
T0,1951-03-01,4397
T0,1951-04-01,1800
T0,1951-05-01,1501
T0,1951-06-01,1191
T0,1951-07-01,1159
T0,1951-08-01,1237
T0,1951-09-01,1384
T0,1951-10-01,1841
T0,1951-11-01,3301
T0,1951-12-01,7488
T0,1952-01-01,15643
T0,1952-02-01,12536
T0,1952-03-01,3828
T0,1952-04-01,2271
T0,1952-05-01,1711
T0,1952-06-01,1417
T0,1952-07-01,1451
T0,1952-08-01,1750
T0,1952-09-01,1918
T0,1952-10-01,3218
T0,1952-11-01,6295
T0,1952-12-01,11726
T0,1953-01-01,19335
T0,1953-02-01,11597
T0,1953-03-01,4154
T0,1953-04-01,2512
T0,1953-05-01,1937
T0,1953-06-01,2076
T0,1953-07-01,1579
T0,1953-08-01,1725
T0,1953-09-01,1911
T0,1953-10-01,2411
T0,1953-11-01,3591
T0,1953-12-01,7113
T0,1954-01-01,15890
T0,1954-02-01,10639
T0,1954-03-01,3499
T0,1954-04-01,2504
T0,1954-05-01,2195
T0,1954-06-01,1751
T0,1954-07-01,1342
T0,1954-08-01,1787
T0,1954-09-01,1630
T0,1954-10-01,1884
T0,1954-11-01,2703
T0,1954-12-01,6118
T0,1955-01-01,9576
T0,1955-02-01,8388
T0,1955-03-01,2866
T0,1955-04-01,1281
T0,1955-05-01,934
T0,1955-06-01,810
T0,1955-07-01,709
T0,1955-08-01,701
T0,1955-09-01,863
T0,1955-10-01,1081
T0,1955-11-01,2004
T0,1955-12-01,3337
T0,1956-01-01,5233
T0,1956-02-01,18572
T0,1956-03-01,1900
T0,1956-04-01,1024
T0,1956-05-01,681
T0,1956-06-01,603
T0,1956-07-01,502
T0,1956-08-01,648
T0,1956-09-01,673
T0,1956-10-01,1072
T0,1956-11-01,1628
T0,1956-12-01,3923
T0,1957-01-01,9041
T0,1957-02-01,3345
T0,1957-03-01,1023
T0,1957-04-01,761
T0,1957-05-01,615
T0,1957-06-01,530
T0,1957-07-01,554
T0,1957-08-01,575
T0,1957-09-01,723
T0,1957-10-01,1086
T0,1957-11-01,1644
T0,1957-12-01,4667
T0,1958-01-01,9091
T0,1958-02-01,6026
T0,1958-03-01,3505
T0,1958-04-01,2208
T0,1958-05-01,1716
T0,1958-06-01,1588
T0,1958-07-01,1140
T0,1958-08-01,1723
T0,1958-09-01,1910
T0,1958-10-01,2412
T0,1958-11-01,3032
T0,1958-12-01,6124
T0,1959-01-01,9623
T0,1959-02-01,5119
T0,1959-03-01,2675
T0,1959-04-01,1905
T0,1959-05-01,1450
T0,1959-06-01,1120
T0,1959-07-01,760
T0,1959-08-01,812
T0,1959-09-01,810
T0,1959-10-01,1018
T0,1959-11-01,1101
T0,1959-12-01,2722
T0,1960-01-01,5556
T0,1960-02-01,2931
T0,1960-03-01,849
T0,1960-04-01,662
T0,1960-05-01,448
T0,1960-06-01,400
T0,1960-07-01,297
T0,1960-08-01,309
T0,1960-09-01,439
T0,1960-10-01,530
T0,1960-11-01,568
T0,1960-12-01,1697
T0,1961-01-01,3312
T0,1961-02-01,974
T0,1961-03-01,397
T0,1961-04-01,322
T0,1961-05-01,272
T0,1961-06-01,212
T0,1961-07-01,176
T0,1961-08-01,189
T0,1961-09-01,217
T0,1961-10-01,356
T0,1961-11-01,365
T0,1961-12-01,969
T0,1962-01-01,2022
T0,1962-02-01,882
T0,1962-03-01,377
T0,1962-04-01,249
T0,1962-05-01,238
T0,1962-06-01,170
T0,1962-07-01,177
T0,1962-08-01,185
T0,1962-09-01,199
T0,1962-10-01,324
T0,1962-11-01,484
T0,1962-12-01,1886
T0,1963-01-01,4896
T0,1963-02-01,2174
T0,1963-03-01,454
T0,1963-04-01,261
T0,1963-05-01,230
T0,1963-06-01,185
T0,1963-07-01,148
T0,1963-08-01,142
T0,1963-09-01,171
T0,1963-10-01,194
T0,1963-11-01,263
T0,1963-12-01,778
T0,1964-01-01,1049
T0,1964-02-01,303
T0,1964-03-01,242
T0,1964-04-01,174
T0,1964-05-01,129
T0,1964-06-01,139
T0,1964-07-01,111
T0,1964-08-01,130
T0,1964-09-01,119
T0,1964-10-01,196
T0,1964-11-01,237
T0,1964-12-01,631
T0,1965-01-01,818
T0,1965-02-01,667
T0,1965-03-01,264
T0,1965-04-01,155
T0,1965-05-01,138
T0,1965-06-01,140
T0,1965-07-01,88
T0,1965-08-01,117
T0,1965-09-01,117
T0,1965-10-01,166
T0,1965-11-01,333
T0,1965-12-01,583
T0,1966-01-01,1543
T0,1966-02-01,277
T0,1966-03-01,190
T0,1966-04-01,168
T0,1966-05-01,116
T0,1966-06-01,101
T0,1966-07-01,132
T0,1966-08-01,110
T0,1966-09-01,116
T0,1966-10-01,169
T0,1966-11-01,216
T0,1966-12-01,415
T0,1967-01-01,712
T0,1967-02-01,298
T0,1967-03-01,211
T0,1967-04-01,163
T0,1967-05-01,168
T0,1967-06-01,137
T0,1967-07-01,120
T0,1967-08-01,110
T0,1967-09-01,137
T0,1967-10-01,203
T0,1967-11-01,229
T0,1967-12-01,583
T0,1968-01-01,1268
T0,1968-02-01,493
T0,1968-03-01,276
T0,1968-04-01,211
T0,1968-05-01,156
T0,1968-06-01,138
T0,1968-07-01,122
T0,1968-08-01,120
T0,1968-09-01,128
T0,1968-10-01,151
T0,1968-11-01,217
T0,1968-12-01,352
T0,1969-01-01,545
T0,1969-02-01,422
T0,1969-03-01,178
T0,1969-04-01,134
T0,1969-05-01,95
T0,1969-06-01,92
T0,1969-07-01,60
T0,1969-08-01,62
T0,1969-09-01,86
T0,1969-10-01,101
T0,1969-11-01,121
T0,1969-12-01,198
T0,1970-01-01,313
T0,1970-02-01,247
T0,1970-03-01,130
T0,1970-04-01,83
T0,1970-05-01,59
T0,1970-06-01,36
T0,1970-07-01,26
T0,1970-08-01,34
T0,1970-09-01,45
T0,1970-10-01,59
T0,1970-11-01,74
T0,1970-12-01,143
T0,1971-01-01,199
T0,1971-02-01,139
T0,1971-03-01,84
T0,1971-04-01,59
T0,1971-05-01,46
T0,1971-06-01,44
T0,1971-07-01,53
T0,1971-08-01,51
T0,1971-09-01,67
T0,1971-10-01,101
T0,1971-11-01,135
T0,1971-12-01,221
T0,1972-01-01,251
T0,1972-02-01,175
T0,1972-03-01,131
T0,1972-04-01,109
T0,1972-05-01,76
T0,1972-06-01,65
T0,1972-07-01,63
T0,1972-08-01,79
T0,1972-09-01,65
T0,1972-10-01,86
T0,1972-11-01,82
T0,1972-12-01,90
T0,1973-01-01,159
T0,1973-02-01,114
T0,1973-03-01,96
T0,1973-04-01,88
T0,1973-05-01,52
T0,1973-06-01,55
T0,1973-07-01,51
T0,1973-08-01,56
T0,1973-09-01,46
T0,1973-10-01,50
T0,1973-11-01,80
T0,1973-12-01,125
T0,1974-01-01,134
T0,1974-02-01,111
T0,1974-03-01,81
T0,1974-04-01,64
T0,1974-05-01,64
T0,1974-06-01,62
T0,1974-07-01,69
T0,1974-08-01,74
T0,1974-09-01,92
T0,1974-10-01,249
T0,1974-11-01,618
T0,1974-12-01,1030
T0,1975-01-01,2129
T0,1975-02-01,2761
T0,1975-03-01,4008
T0,1975-04-01,5661
T0,1975-05-01,6527
T0,1975-06-01,7531
T0,1975-07-01,8527
T0,1975-08-01,10114
T0,1975-09-01,12449
T0,1975-10-01,15756
T0,1975-11-01,20316
T0,1975-12-01,26258
T0,1976-01-01,31579
T0,1976-02-01,32216
T0,1976-03-01,27974
T0,1976-04-01,25936
T0,1976-05-01,22860
T0,1976-06-01,19682
T0,1976-07-01,15422
T0,1976-08-01,14091
T0,1976-09-01,12991
T0,1976-10-01,12986
T0,1976-11-01,15292
T0,1976-12-01,17401
T0,1977-01-01,20977
T0,1977-02-01,17538
T0,1977-03-01,14068
T0,1977-04-01,13780
T0,1977-05-01,12282
T0,1977-06-01,10182
T0,1977-07-01,8746
T0,1977-08-01,8261
T0,1977-09-01,7752
T0,1977-10-01,8542
T0,1977-11-01,10551
T0,1977-12-01,11566
T0,1978-01-01,15097
T0,1978-02-01,14442
T0,1978-03-01,11179
T0,1978-04-01,10117
T0,1978-05-01,9370
T0,1978-06-01,8438
T0,1978-07-01,7627
T0,1978-08-01,7840
T0,1978-09-01,8090
T0,1978-10-01,9265
T0,1978-11-01,11336
T0,1978-12-01,12997
T0,1979-01-01,17153
T0,1979-02-01,14239
T0,1979-03-01,12060
T0,1979-04-01,11144
T0,1979-05-01,10557
T0,1979-06-01,9326
T0,1979-07-01,8557
T0,1979-08-01,8115
T0,1979-09-01,7704
T0,1979-10-01,7801
T0,1979-11-01,8434
T0,1979-12-01,8903
T0,1980-01-01,11371
T0,1980-02-01,8644
T0,1980-03-01,7211
T0,1980-04-01,6443
T0,1980-05-01,5705
T0,1980-06-01,5031
T0,1980-07-01,4714
T0,1980-08-01,4683
T0,1980-09-01,4635
T0,1980-10-01,4800
T0,1980-11-01,5542
T0,1980-12-01,6285
T0,1981-01-01,8815
T0,1981-02-01,6525
T0,1981-03-01,5315
T0,1981-04-01,5017
T0,1981-05-01,4687
T0,1981-06-01,4470
T0,1981-07-01,4326
T0,1981-08-01,4644
T0,1981-09-01,4921
T0,1981-10-01,5712
T0,1981-11-01,7092
T0,1981-12-01,9149
T0,1982-01-01,11725
T0,1982-02-01,9692
T0,1982-03-01,9445
T0,1982-04-01,9775
T0,1982-05-01,10501
T0,1982-06-01,10593
T0,1982-07-01,10819
T0,1982-08-01,12337
T0,1982-09-01,13638
T0,1982-10-01,16185
T0,1982-11-01,20349
T0,1982-12-01,23579
T0,1983-01-01,27864
T0,1983-02-01,27828
T0,1983-03-01,25868
T0,1983-04-01,25922
T0,1983-05-01,26355
T0,1983-06-01,25109
T0,1983-07-01,23436
T0,1983-08-01,23858
T0,1983-09-01,24478
T0,1983-10-01,25389
T0,1983-11-01,28967
T0,1983-12-01,30380
T0,1984-01-01,36805
T0,1984-02-01,36980
T0,1984-03-01,36336
T0,1984-04-01,36599
T0,1984-05-01,35565
T0,1984-06-01,34499
T0,1984-07-01,33454
T0,1984-08-01,32886
T0,1984-09-01,32234
T0,1984-10-01,33055
T0,1984-11-01,35979
T0,1984-12-01,37824
T0,1985-01-01,39873
T0,1985-02-01,37546
T0,1985-03-01,34537
T0,1985-04-01,32691
T0,1985-05-01,30082
T0,1985-06-01,27434
T0,1985-07-01,26782
T0,1985-08-01,26038
T0,1985-09-01,25460
T0,1985-10-01,25705
T0,1985-11-01,27946
T0,1985-12-01,30044
T0,1986-01-01,31690
T0,1986-02-01,30445
T0,1986-03-01,28323
T0,1986-04-01,26839
T0,1986-05-01,25254
T0,1986-06-01,23305
T0,1986-07-01,22939
T0,1986-08-01,22606
T0,1986-09-01,22464
T0,1986-10-01,23005
T0,1986-11-01,24895
T0,1986-12-01,26805
T0,1987-01-01,29581
T0,1987-02-01,28439
T0,1987-03-01,26533
T0,1987-04-01,25322
T0,1987-05-01,24333
T0,1987-06-01,23329
T0,1987-07-01,22954
T0,1987-08-01,22270
T0,1987-09-01,22032
T0,1987-10-01,22403
T0,1987-11-01,23677
T0,1987-12-01,25203
T0,1988-01-01,27123
T0,1988-02-01,26179
T0,1988-03-01,24957
T0,1988-04-01,23873
T0,1988-05-01,22572
T0,1988-06-01,21351
T0,1988-07-01,20963
T0,1988-08-01,20159
T0,1988-09-01,19391
T0,1988-10-01,19316
T0,1988-11-01,20100
T0,1988-12-01,21004
T0,1989-01-01,21651
T0,1989-02-01,20728
T0,1989-03-01,19121
T0,1989-04-01,18397
T0,1989-05-01,17225
T0,1989-06-01,16209
T0,1989-07-01,15957
T0,1989-08-01,15627
T0,1989-09-01,15222
T0,1989-10-01,15466
T0,1989-11-01,16429
T0,1989-12-01,17392
T0,1990-01-01,18661
T0,1990-02-01,18129
T0,1990-03-01,17203
T0,1990-04-01,16634
T0,1990-05-01,15979
T0,1990-06-01,15660
T0,1990-07-01,16073
T0,1990-08-01,16483
T0,1990-09-01,16992
T0,1990-10-01,18670
T0,1990-11-01,21965
T0,1990-12-01,25141
T0,1991-01-01,28836
T0,1991-02-01,30896
T0,1991-03-01,32270
T0,1991-04-01,33660
T0,1991-05-01,35047
T0,1991-06-01,35253
T0,1991-07-01,37540
T0,1991-08-01,39489
T0,1991-09-01,41606
T0,1991-10-01,45692
T0,1991-11-01,51800
T0,1991-12-01,58580
T0,1992-01-01,67398
T0,1992-02-01,72462
T0,1992-03-01,75803
T0,1992-04-01,79317
T0,1992-05-01,82121
T0,1992-06-01,84704
T0,1992-07-01,90157
T0,1992-08-01,94851
T0,1992-09-01,102081
T0,1992-10-01,109073
T0,1992-11-01,120080
T0,1992-12-01,129643
T0,1993-01-01,141514
T0,1993-02-01,147469
T0,1993-03-01,151018
T0,1993-04-01,155182
T0,1993-05-01,157425
T0,1993-06-01,160435
T0,1993-07-01,165290
T0,1993-08-01,169009
T0,1993-09-01,172069
T0,1993-10-01,173528
T0,1993-11-01,180293
T0,1993-12-01,184388
T0,1994-01-01,188167
T0,1994-02-01,187382
T0,1994-03-01,182135
T0,1994-04-01,177500
T0,1994-05-01,173017
T0,1994-06-01,168225
T0,1994-07-01,165793
T0,1994-08-01,164187
T0,1994-09-01,160908
T0,1994-10-01,159043
T0,1994-11-01,161715
T0,1994-12-01,164378
T0,1995-01-01,167815
T0,1995-02-01,165351
T0,1995-03-01,160774
T0,1995-04-01,156684
T0,1995-05-01,151959
T0,1995-06-01,146342
T0,1995-07-01,146104
T0,1995-08-01,145726
T0,1995-09-01,143458
T0,1995-10-01,146364
T0,1995-11-01,152102
T0,1995-12-01,157115
T0,1996-01-01,164656
T0,1996-02-01,166102
T0,1996-03-01,165305
T0,1996-04-01,164151
T0,1996-05-01,162377
T0,1996-06-01,159964
T0,1996-07-01,161586
T0,1996-08-01,163705
T0,1996-09-01,166409
T0,1996-10-01,174107
T0,1996-11-01,183026
T0,1996-12-01,192171
T0,1997-01-01,205501
T0,1997-02-01,206291
T0,1997-03-01,202207
T0,1997-04-01,197732
T0,1997-05-01,192091
T0,1997-06-01,185320
T0,1997-07-01,182477
T0,1997-08-01,180843
T0,1997-09-01,177229
T0,1997-10-01,173484
T0,1997-11-01,175927
T0,1997-12-01,180549
T0,1998-01-01,182492
T0,1998-02-01,176548
T0,1998-03-01,165683
T0,1998-04-01,153897
T0,1998-05-01,142360
T0,1998-06-01,130779
T0,1998-07-01,125994
T0,1998-08-01,122225
T0,1998-09-01,117544
T0,1998-10-01,115513
T0,1998-11-01,118576
T0,1998-12-01,124309
T0,1999-01-01,125883
T0,1999-02-01,122026
T0,1999-03-01,114073
T0,1999-04-01,105912
T0,1999-05-01,98598
T0,1999-06-01,92399
T0,1999-07-01,90122
T0,1999-08-01,87487
T0,1999-09-01,85096
T0,1999-10-01,84263
T0,1999-11-01,86328
T0,1999-12-01,91041
T0,2000-01-01,92631
T0,2000-02-01,88702
T0,2000-03-01,81548
T0,2000-04-01,75642
T0,2000-05-01,69788
T0,2000-06-01,65962
T0,2000-07-01,65140
T0,2000-08-01,63708
T0,2000-09-01,62329
T0,2000-10-01,62953
T0,2000-11-01,65721
T0,2000-12-01,69724
T0,2001-01-01,72295
T0,2001-02-01,69766
T0,2001-03-01,65625
T0,2001-04-01,63032
T0,2001-05-01,61097
T0,2001-06-01,59176
T0,2001-07-01,60166
T0,2001-08-01,61079
T0,2001-09-01,62170
T0,2001-10-01,68298
T0,2001-11-01,77633
T0,2001-12-01,86027
T0,2002-01-01,93714
T0,2002-02-01,94472
T0,2002-03-01,92371
T0,2002-04-01,92025
T0,2002-05-01,90930
T0,2002-06-01,90705
T0,2002-07-01,92948
T0,2002-08-01,96362
T0,2002-09-01,101889
T0,2002-10-01,110197
T0,2002-11-01,120627
T0,2002-12-01,129809
T0,2003-01-01,138944
T0,2003-02-01,142023
T0,2003-03-01,141808
T0,2003-04-01,141624
T0,2003-05-01,140609
T0,2003-06-01,140485
T0,2003-07-01,141699
T0,2003-08-01,143672
T0,2003-09-01,146688
T0,2003-10-01,151259
T0,2003-11-01,156598
T0,2003-12-01,162835
T0,2004-01-01,168163
T0,2004-02-01,165979
T0,2004-03-01,160849
T0,2004-04-01,155061
T0,2004-05-01,148816
T0,2004-06-01,144103
T0,2004-07-01,143125
T0,2004-08-01,145923
T0,2004-09-01,146341
T0,2004-10-01,147911
T0,2004-11-01,152409
T0,2004-12-01,158416
T0,2005-01-01,162032
T0,2005-02-01,160451
T0,2005-03-01,155681
T0,2005-04-01,150671
T0,2005-05-01,145370
T0,2005-06-01,140661
T0,2005-07-01,139902
T0,2005-08-01,142359
T0,2005-09-01,142728
T0,2005-10-01,144066
T0,2005-11-01,146762
T0,2005-12-01,151764
T0,2006-01-01,154204
T0,2006-02-01,150099
T0,2006-03-01,143249
T0,2006-04-01,136360
T0,2006-05-01,129486
T0,2006-06-01,122837
T0,2006-07-01,121725
T0,2006-08-01,123074
T0,2006-09-01,121876
T0,2006-10-01,122765
T0,2006-11-01,124133
T0,2006-12-01,128580
T0,2007-01-01,131057
T0,2007-02-01,126395
T0,2007-03-01,117915
T0,2007-04-01,112829
T0,2007-05-01,106200
T0,2007-06-01,99781
T0,2007-07-01,99779
T0,2007-08-01,100757
T0,2007-09-01,99681
T0,2007-10-01,102039
T0,2007-11-01,104820
T0,2007-12-01,109012
T0,2008-01-01,111877
T0,2008-02-01,108457
T0,2008-03-01,103777
T0,2008-04-01,100880
T0,2008-05-01,95166
T0,2008-06-01,91477
T0,2008-07-01,92163
T0,2008-08-01,94039
T0,2008-09-01,95980
T0,2008-10-01,100471
T0,2008-11-01,107652
T0,2008-12-01,118762
T0,2009-01-01,128430
T0,2009-02-01,132402
T0,2009-03-01,134713
T0,2009-04-01,136709
T0,2009-05-01,135128
T0,2009-06-01,140253
T0,2009-07-01,145364
T0,2009-08-01,150831
T0,2009-09-01,154409
T0,2009-10-01,158138
T0,2009-11-01,163950
T0,2009-12-01,172740
T0,2010-01-01,175765
T0,2010-02-01,172999
T0,2010-03-01,166032
T0,2010-04-01,158570
T0,2010-05-01,151074
T0,2010-06-01,144473
T0,2010-07-01,142330
T0,2010-08-01,142879
T0,2010-09-01,140040
T0,2010-10-01,139365
T0,2010-11-01,141668
T0,2010-12-01,148636
T0,2011-01-01,148784
T0,2011-02-01,143325
T0,2011-03-01,134905
T0,2011-04-01,123448
T0,2011-05-01,114684
T0,2011-06-01,110378
T0,2011-07-01,109200
T0,2011-08-01,111687
T0,2011-09-01,111344
T0,2011-10-01,115178
T0,2011-11-01,121109
T0,2011-12-01,130662
T0,2012-01-01,134317
T0,2012-02-01,133154
T0,2012-03-01,126392
T0,2012-04-01,123158
T0,2012-05-01,118860
T0,2012-06-01,114868
T0,2012-07-01,116294
T0,2012-08-01,119823
T0,2012-09-01,120347
T0,2012-10-01,125536
T0,2012-11-01,132067
T0,2012-12-01,142309
T0,2013-01-01,148158
T0,2013-02-01,146001
T0,2013-03-01,138993
T0,2013-04-01,135851
T0,2013-05-01,131290
T0,2013-06-01,126498
T0,2013-07-01,128516
T0,2013-08-01,129956
T0,2013-09-01,131072
T0,2013-10-01,133443
T0,2013-11-01,139073
T0,2013-12-01,149437
T0,2014-01-01,153260
T0,2014-02-01,149259
T0,2014-03-01,142846
T0,2014-04-01,137087
T0,2014-05-01,130310
T0,2014-06-01,126632
T0,2014-07-01,127054
T0,2014-08-01,128434
T0,2014-09-01,129965
T0,2014-10-01,132397
T0,2014-11-01,136552
T0,2014-12-01,147369
T0,2015-01-01,150946
T0,2015-02-01,149921
T0,2015-03-01,145108
T0,2015-04-01,141131
T0,2015-05-01,136349
T0,2015-06-01,133256
T0,2015-07-01,133754
T0,2015-08-01,136983
T0,2015-09-01,138226
T0,2015-10-01,141269
T0,2015-11-01,148143
T0,2015-12-01,158629
T0,2016-01-01,163644
T0,2016-02-01,161417
T0,2016-03-01,155324
T0,2016-04-01,149540
T0,2016-05-01,144778
T0,2016-06-01,139127
T0,2016-07-01,139310
T0,2016-08-01,142858
T0,2016-09-01,142675
T0,2016-10-01,144531
T0,2016-11-01,149228
T0,2016-12-01,159372
T0,2017-01-01,164466
T0,2017-02-01,159809
T0,2017-03-01,152280
T0,2017-04-01,146327
T0,2017-05-01,139778
T0,2017-06-01,133603
T0,2017-07-01,133926
T0,2017-08-01,135578
T0,2017-09-01,133169
T0,2017-10-01,134800
T0,2017-11-01,137317
T0,2017-12-01,146654
T0,2018-01-01,149161
T0,2018-02-01,143930
T0,2018-03-01,130413
T0,2018-04-01,119781
T0,2018-05-01,109392
T0,2018-06-01,106579
T0,2018-07-01,106052
T0,2018-08-01,107893
T0,2018-09-01,106586
T0,2018-10-01,107315
T0,2018-11-01,110474
T0,2018-12-01,119661
T0,2019-01-01,123962
T0,2019-02-01,119473
T0,2019-03-01,112341
T0,2019-04-01,107298
T0,2019-05-01,101370
T0,2019-06-01,97222
T0,2019-07-01,97578
T0,2019-08-01,99552
T0,2019-09-01,99098
T0,2019-10-01,101684
T0,2019-11-01,106330
T0,2019-12-01,117277
T0,2020-01-01,121018
T0,2020-02-01,117822
T0,2020-03-01,135624
T0,2020-04-01,153413
T0,2020-05-01,155998
T0,2020-06-01,150289
T0,2020-07-01,148870
T0,2020-08-01,151111
T0,2020-09-01,148560
T0,2020-10-01,149118
T0,2020-11-01,153270
T0,2020-12-01,163545
T0,2021-01-01,169753
T0,2021-02-01,167953
T0,2021-03-01,157968
T0,2021-04-01,151279
T0,2021-05-01,142966
T0,2021-06-01,131821
T0,2021-07-01,128279
T0,2021-08-01,126355
T0,2021-09-01,120294
T0,2021-10-01,116733
T0,2021-11-01,116244
T0,2021-12-01,121728
T0,2022-01-01,122268
T0,2022-02-01,117970
T0,2022-03-01,109500
T0,2022-04-01,104391
T0,2022-05-01,98004
T0,2022-06-01,92511
T0,2022-07-01,91474
T0,2022-08-01,91372
T0,2022-09-01,89526
T0,2022-10-01,89636
T0,2022-11-01,91327
T0,2022-12-01,96941
T0,2023-01-01,100776
T0,2023-02-01,98452
T0,2023-03-01,92755
T0,2023-04-01,90534
T0,2023-05-01,88076
T0,2023-06-01,85099
T0,2023-07-01,87601
T0,2023-08-01,89881
T0,2023-09-01,90826
T0,2023-10-01,93563
T0,2023-11-01,98011
T0,2023-12-01,106859
T0,2024-01-01,113175
T0,2024-02-01,111879
T0,2024-03-01,108593
T0,2024-04-01,106957
T0,2024-05-01,105465
T0,2024-06-01,104518
T0,2024-07-01,107716
T0,2024-08-01,111354
T0,2024-09-01,113245
T0,2024-10-01,116447
T0,2024-11-01,121114
T0,2024-12-01,130293
T0,2025-01-01,135773
T0,2025-02-01,135446
T0,2025-03-01,132569
T0,2025-04-01,130101
T0,2025-05-01,127944
T0,2025-06-01,126877
T0,2025-07-01,129154
T0,2025-08-01,132105
T0,2025-09-01,133233
T0,2025-10-01,135212
T0,2025-11-01,138860
T0,2025-12-01,147275
T0,2026-01-01,152280
T0,2026-02-01,151076
T0,2026-03-01,146255
T0,2026-04-01,142902
T0,2026-05-01,140275
T0,2026-06-01,137751
T0,2026-07-01,139276
T0,2026-08-01,141544
T1,1984-01-01,1.1904476963114718
T1,1984-02-01,1.1961080236271764
T1,1984-03-01,1.1752780191053838
T1,1984-04-01,1.1837846824426996
T1,1984-05-01,1.1503402341887652
T1,1984-06-01,1.1158607546542445
T1,1984-07-01,1.0820605143976085
T1,1984-08-01,1.0636887091672074
T1,1984-09-01,1.042599946825268
T1,1984-10-01,1.069154968117802
T1,1984-11-01,1.1637309513813463
T1,1984-12-01,1.2234069736526318
T1,1985-01-01,1.2896813203376531
T1,1985-02-01,1.214415139402541
T1,1985-03-01,1.1170898542999403
T1,1985-04-01,1.0573814873011365
T1,1985-05-01,0.9729940932058607
T1,1985-06-01,0.8873452547373706
T1,1985-07-01,0.8662564923954311
T1,1985-08-01,0.8421920151218071
T1,1985-09-01,0.8234967626162227
T1,1985-10-01,0.831421220858209
T1,1985-11-01,0.9039057552267462
T1,1985-12-01,0.9717649935601649
T1,1986-01-01,1.0250044150553064
T1,1986-02-01,0.9847352292950079
T1,1986-03-01,0.9160997175011499
T1,1986-04-01,0.8681001418639749
T1,1986-05-01,0.8168337487474505
T1,1986-06-01,0.7537938748142604
T1,1986-07-01,0.7419557045425582
T1,1986-08-01,0.7311849102789604
T1,1986-09-01,0.72659195897136
T1,1986-10-01,0.7440904565587668
T1,1986-11-01,0.8052219915683765
T1,1986-12-01,0.8670004211283522
T1,1987-01-01,0.9567893847191863
T1,1987-02-01,0.919851705893274
T1,1987-03-01,0.8582026552433715
T1,1987-04-01,0.8190331902186956
T1,1987-05-01,0.7870442547030851
T1,1987-06-01,0.7545701482746999
T1,1987-07-01,0.7424408754553329
T1,1987-08-01,0.7203170818328075
T1,1987-09-01,0.7126190366834493
T1,1987-10-01,0.7246189305927431
T1,1987-11-01,0.7658261134510724
T1,1987-12-01,0.8151841676440166
T1,1988-01-01,0.8772860444791755
T1,1988-02-01,0.846752621701889
T1,1988-03-01,0.8072273646745117
T1,1988-04-01,0.7721656800446616
T1,1988-05-01,0.7300851895433378
T1,1988-06-01,0.6905922772434788
T1,1988-07-01,0.6780425229663737
T1,1988-08-01,0.652037362041651
T1,1988-09-01,0.6271966113075874
T1,1988-10-01,0.624770756743714
T1,1988-11-01,0.6501290231180705
T1,1988-12-01,0.6793686567946245
T1,1989-01-01,0.7002956954989724
T1,1989-02-01,0.6704415119995705
T1,1989-03-01,0.6184635348776432
T1,1989-04-01,0.5950459521543853
T1,1989-05-01,0.5571379315029237
T1,1989-06-01,0.5242756883443187
T1,1989-07-01,0.5161248170097041
T1,1989-08-01,0.5054510569286611
T1,1989-09-01,0.4923514422837448
T1,1989-10-01,0.5002435557982129
T1,1989-11-01,0.5313915283983472
T1,1989-12-01,0.5625395009984818
T1,1990-01-01,0.5152529905713203
T1,1990-02-01,0.5005638211278852
T1,1990-03-01,0.4749958307056655
T1,1990-04-01,0.459285046094172
T1,1990-05-01,0.44119969649746144
T1,1990-06-01,0.432391717075552
T1,1990-07-01,0.4437951512487451
T1,1990-08-01,0.45511575175966307
T1,1990-09-01,0.46916986312565645
T1,1990-10-01,0.5155014915581454
T1,1990-11-01,0.6064804639568646
T1,1990-12-01,0.6941737010853419
T1,1991-01-01,0.7961971617873959
T1,1991-02-01,0.8530762765495694
T1,1991-03-01,0.891014093871524
T1,1991-04-01,0.9293936907256118
T1,1991-05-01,0.9676904539174247
T1,1991-06-01,0.9733783653936422
T1,1991-07-01,1.0365252272679581
T1,1991-08-01,1.090339496525956
T1,1991-09-01,1.148792450871355
T1,1991-10-01,1.2616118988899185
T1,1991-11-01,1.430261235281839
T1,1991-12-01,1.617465312023361
T1,1992-01-01,1.860941056670374
T1,1992-02-01,2.000764278590591
T1,1992-03-01,2.0930133671441937
T1,1992-04-01,2.1900391968889887
T1,1992-05-01,2.2674610598953646
T1,1992-06-01,2.338780843114148
T1,1992-07-01,2.4893448299093577
T1,1992-08-01,2.61895190014899
T1,1992-09-01,2.8185810262317643
T1,1992-10-01,3.011638681774054
T1,1992-11-01,3.315555388661066
T1,1992-12-01,3.5796014927730395
T1,1993-01-01,3.9073742943952534
T1,1993-02-01,4.071799114011148
T1,1993-03-01,4.1697913364824855
T1,1993-04-01,4.284764459720199
T1,1993-05-01,4.346696427881148
T1,1993-06-01,4.429806202363741
T1,1993-07-01,4.563858679145466
T1,1993-08-01,4.66654480914572
T1,1993-09-01,4.75103514466623
T1,1993-10-01,4.791319915752643
T1,1993-11-01,4.97810982418279
T1,1993-12-01,5.091177773188179
T1,1994-01-01,5.195520576433934
T1,1994-02-01,5.173845768138639
T1,1994-03-01,5.028969692819647
T1,1994-04-01,4.900991684604756
T1,1994-05-01,4.777210581945133
T1,1994-06-01,4.644897612071184
T1,1994-07-01,4.577747123186909
T1,1994-08-01,4.533403502649021
T1,1994-09-01,4.442866309782435
T1,1994-10-01,4.391371383068137
T1,1994-11-01,4.465148564934412
T1,1994-12-01,4.538677245813863
T1,1995-01-01,4.6335770115602655
T1,1995-02-01,4.565542963611724
T1,1995-03-01,4.439166406200817
T1,1995-04-01,4.326236513299221
T1,1995-05-01,4.19577349521608
T1,1995-06-01,4.0406812682165025
T1,1995-07-01,4.0341097976760185
T1,1995-08-01,4.0236727562293675
T1,1995-09-01,3.96105050754946
T1,1995-10-01,4.041288715073186
T1,1995-11-01,4.199721899784522
T1,1995-12-01,4.3381369494460635
T1,1996-01-01,4.546353165184681
T1,1996-02-01,4.586278990401235
T1,1996-03-01,4.564272847456841
T1,1996-04-01,4.53240949870172
T1,1996-05-01,4.483427193076431
T1,1996-06-01,4.416801317386565
T1,1996-07-01,4.461586717456587
T1,1996-08-01,4.520094894243503
T1,1996-09-01,4.594755635174044
T1,1996-10-01,4.807306812571721
T1,1996-11-01,5.0535712905153245
T1,1996-12-01,5.306075904350314
T1,1997-01-01,5.674133477058941
T1,1997-02-01,5.6959463414580265
T1,1997-03-01,5.58318211588098
T1,1997-04-01,5.459621902987424
T1,1997-05-01,5.3038670066896465
T1,1997-06-01,5.116911430934949
T1,1997-07-01,5.038412730318998
T1,1997-08-01,4.993295995599876
T1,1997-09-01,4.893509043779247
T1,1997-10-01,4.790105022039277
T1,1997-11-01,4.857559234351893
T1,1997-12-01,4.985178296696925
T1,1998-01-01,5.038826898630373
T1,1998-02-01,4.87470580244282
T1,1998-03-01,4.5747098889034925
T1,1998-04-01,4.249284041045737
T1,1998-05-01,3.930733387156806
T1,1998-06-01,3.6109678395545095
T1,1998-07-01,3.4788481482258686
T1,1998-08-01,3.374781457187698
T1,1998-09-01,3.2455333328179234
T1,1998-10-01,3.1894549434577426
T1,1998-11-01,3.274028112640527
T1,1998-12-01,3.432323241248071
T1,1999-01-01,3.4757833027216933
T1,1999-02-01,3.369286824256789
T1,1999-03-01,3.1496947855657376
T1,1999-04-01,2.924359612956952
T1,1999-05-01,2.7224111443304775
T1,1999-06-01,2.5512491868495486
T1,1999-07-01,2.488378437182816
T1,1999-08-01,2.415622870484599
T1,1999-09-01,2.349604441651416
T1,1999-10-01,2.3266042947597216
T1,1999-11-01,2.383621465625687
T1,1999-12-01,2.5137531490597276
T1,2000-01-01,2.346878176472794
T1,2000-02-01,2.2473339163939694
T1,2000-03-01,2.0660817818549235
T1,2000-04-01,1.9164486945488561
T1,2000-05-01,1.7681330675441629
T1,2000-06-01,1.67119839229306
T1,2000-07-01,1.6503723852213386
T1,2000-08-01,1.6140915553834976
T1,2000-09-01,1.5791535216220571
T1,2000-10-01,1.5949630452385466
T1,2000-11-01,1.6650924705116914
T1,2000-12-01,1.7665115779424714
T1,2001-01-01,1.8316498555354106
T1,2001-02-01,1.7675756804935814
T1,2001-03-01,1.6626602361091547
T1,2001-04-01,1.5969645714656342
T1,2001-05-01,1.5479398467895014
T1,2001-06-01,1.4992698229637385
T1,2001-07-01,1.5243522402398992
T1,2001-08-01,1.5474838028390256
T1,2001-09-01,1.5751251333928555
T1,2001-10-01,1.7303827627547892
T1,2001-11-01,1.9668922226264687
T1,2001-12-01,2.179560718198282
T1,2002-01-01,2.3743168208264125
T1,2002-02-01,2.3935213382964426
T1,2002-03-01,2.3402908749659233
T1,2002-04-01,2.33152469680678
T1,2002-05-01,2.3037820231528445
T1,2002-06-01,2.298081473771899
T1,2002-07-01,2.3549096171561708
T1,2002-08-01,2.4414059530963863
T1,2002-09-01,2.5814367816674384
T1,2002-10-01,2.7919264005869793
T1,2002-11-01,3.056178534112594
T1,2002-12-01,3.2888116204052307
T1,2003-01-01,3.520253925271625
T1,2003-02-01,3.598262776577988
T1,2003-03-01,3.5928155849473065
T1,2003-04-01,3.5881538023424446
T1,2003-05-01,3.562437990690623
T1,2003-06-01,3.5592963545873464
T1,2003-07-01,3.5900539854694262
T1,2003-08-01,3.640041469596563
T1,2003-09-01,3.7164541670762614
T1,2003-10-01,3.8322639947220516
T1,2003-11-01,3.967531697588136
T1,2003-12-01,4.12555092642795
T1,2004-01-01,4.260539935768743
T1,2004-02-01,4.205206603111031
T1,2004-03-01,4.075234077225469
T1,2004-04-01,3.92859061137252
T1,2004-05-01,3.7703686963324947
T1,2004-06-01,3.650961188632953
T1,2004-07-01,3.6261828006571086
T1,2004-08-01,3.6970722991810465
T1,2004-09-01,3.7076626531420924
T1,2004-10-01,3.7474398199335797
T1,2004-11-01,3.86140013600244
T1,2004-12-01,4.013592136586177
T1,2005-01-01,4.10520629908173
T1,2005-02-01,4.065150438764952
T1,2005-03-01,3.944298791888903
T1,2005-04-01,3.817366559006513
T1,2005-05-01,3.6830616155914333
T1,2005-06-01,3.563755450991997
T1,2005-07-01,3.54452559774694
T1,2005-08-01,3.6067755969868673
T1,2005-09-01,3.616124497971618
T1,2005-10-01,3.650023764956975
T1,2005-11-01,3.718329014428217
T1,2005-12-01,3.8450585611103962
T1,2006-01-01,3.9068778521748735
T1,2006-02-01,3.8028744956913982
T1,2006-03-01,3.629324436760385
T1,2006-04-01,3.454786282603342
T1,2006-05-01,3.280628165071695
T1,2006-06-01,3.1121705969209943
T1,2006-07-01,3.083997215091609
T1,2006-08-01,3.1181751756022567
T1,2006-09-01,3.0878229171205995
T1,2006-10-01,3.1103464211190914
T1,2006-11-01,3.1450057613552405
T1,2006-12-01,3.257673952897754
T1,2007-01-01,3.320430667638209
T1,2007-02-01,3.2023152844650147
T1,2007-03-01,2.9874679122409287
T1,2007-04-01,2.8586101604565304
T1,2007-05-01,2.6906593078063574
T1,2007-06-01,2.5280289679117343
T1,2007-07-01,2.527978296361681
T1,2007-08-01,2.5527566843375253
T1,2007-09-01,2.5254953904090915
T1,2007-10-01,2.5852371479214025
T1,2007-11-01,2.655695938269891
T1,2007-12-01,2.7619035071806652
T1,2008-01-01,2.8344905026313736
T1,2008-02-01,2.7478421520409992
T1,2008-03-01,2.6292707249173297
T1,2008-04-01,2.5558729846657755
T1,2008-05-01,2.411104366164782
T1,2008-06-01,2.317640692092299
T1,2008-07-01,2.335021033760427
T1,2008-08-01,2.382550947710001
T1,2008-09-01,2.431727687036292
T1,2008-10-01,2.5455106526799676
T1,2008-11-01,2.727446853144727
T1,2008-12-01,3.0089273136883112
T1,2009-01-01,3.25387358664379
T1,2009-02-01,3.3545072850487507
T1,2009-03-01,3.41305826113482
T1,2009-04-01,3.463628468087564
T1,2009-05-01,3.423572607770786
T1,2009-06-01,3.553418454781215
T1,2009-07-01,3.6829096009412745
T1,2009-08-01,3.8214202830107418
T1,2009-09-01,3.912071686055291
T1,2009-10-01,4.0065487911288304
T1,2009-11-01,4.153800315582414
T1,2009-12-01,4.376501778064691
T1,2010-01-01,4.065905772954677
T1,2010-02-01,4.001920933151572
T1,2010-03-01,3.840755937161613
T1,2010-04-01,3.6681402919661084
T1,2010-05-01,3.494738137532244
T1,2010-06-01,3.34203968216699
T1,2010-07-01,3.292466467525612
T1,2010-08-01,3.3051662784626705
T1,2010-09-01,3.2394927570595566
T1,2010-10-01,3.2238782354156323
T1,2010-11-01,3.277152670002237
T1,2010-12-01,3.438340798616854
T1,2011-01-01,3.4417644270661887
T1,2011-02-01,3.3154834290599897
T1,2011-03-01,3.1207067294424413
T1,2011-04-01,2.855676248739561
T1,2011-05-01,2.6529419262397758
T1,2011-06-01,2.5533328444638657
T1,2011-07-01,2.526082612617135
T1,2011-08-01,2.5836134501407506
T1,2011-09-01,2.575678959883171
T1,2011-10-01,2.6643694428206626
T1,2011-11-01,2.80156903966528
T1,2011-12-01,3.0225550030199644
T1,2012-01-01,3.1071047461437336
T1,2012-02-01,3.080201503666868
T1,2012-03-01,2.92377869573173
T1,2012-04-01,2.848967787588838
T1,2012-05-01,2.749543766810189
T1,2012-06-01,2.6571983291767864
T1,2012-07-01,2.690185451938618
T1,2012-08-01,2.7718204843555214
T1,2012-09-01,2.783941979676139
T1,2012-10-01,2.9039771690247678
T1,2012-11-01,3.055056340663985
T1,2012-12-01,3.291980682407801
T1,2013-01-01,3.42728340403049
T1,2013-02-01,3.3773863326439035
T1,2013-03-01,3.2152728990429797
T1,2013-04-01,3.1425901923685933
T1,2013-05-01,3.037082291304978
T1,2013-06-01,2.926230753945443
T1,2013-07-01,2.9729123905046126
T1,2013-08-01,3.006223370011652
T1,2013-09-01,3.032039379129607
T1,2013-10-01,3.0868868321929335
T1,2013-11-01,3.2171235090155936
T1,2013-12-01,3.4568700309676443
T1,2014-01-01,3.410894878071525
T1,2014-02-01,3.321850180125784
T1,2014-03-01,3.1791249494519445
T1,2014-04-01,3.050954888099903
T1,2014-05-01,2.9001286151735637
T1,2014-06-01,2.8182724794463874
T1,2014-07-01,2.8276643471127465
T1,2014-08-01,2.8583770897183753
T1,2014-09-01,2.8924504295221567
T1,2014-10-01,2.946576074461932
T1,2014-11-01,3.0390481364375757
T1,2014-12-01,3.279787076122423
T1,2015-01-01,3.359395395180637
T1,2015-02-01,3.3365833943322527
T1,2015-03-01,3.2294671405924755
T1,2015-04-01,3.1409565773007464
T1,2015-05-01,3.0345302474890663
T1,2015-06-01,2.9656936439534065
T1,2015-07-01,2.9767769380241336
T1,2015-08-01,3.0486403045991888
T1,2015-09-01,3.0763040285548384
T1,2015-10-01,3.144027851561309
T1,2015-11-01,3.2970129187142754
T1,2015-12-01,3.530385251295889
T1,2016-01-01,3.641997138373591
T1,2016-02-01,3.592433893603493
T1,2016-03-01,3.4568304583164657
T1,2016-04-01,3.328104006699829
T1,2016-05-01,3.222122789099825
T1,2016-06-01,3.096356333690833
T1,2016-07-01,3.1004291104276662
T1,2016-08-01,3.1793920167789502
T1,2016-09-01,3.175319240042117
T1,2016-10-01,3.216625653285629
T1,2016-11-01,3.321160256197687
T1,2016-12-01,3.546921169959644
T1,2017-01-01,3.5475076033735253
T1,2017-02-01,3.4470567934255083
T1,2017-03-01,3.2846573628696536
T1,2017-04-01,3.1562520221738097
T1,2017-05-01,3.0149910485106015
T1,2017-06-01,2.8817972002329544
T1,2017-07-01,2.888764263065939
T1,2017-08-01,2.9243976618278293
T1,2017-09-01,2.872435883609068
T1,2017-10-01,2.9076163154375445
T1,2017-11-01,2.9619076378852913
T1,2017-12-01,3.1633053644226825
T1,2018-01-01,3.217380988330709
T1,2018-02-01,3.1045490822027135
T1,2018-03-01,2.812989366061992
T1,2018-04-01,2.583658678630746
T1,2018-05-01,2.359569465714717
T1,2018-06-01,2.298893466491232
T1,2018-07-01,2.287526153447941
T1,2018-08-01,2.3272362546105563
T1,2018-09-01,2.2990444554690366
T1,2018-10-01,2.3147688790146894
T1,2018-11-01,2.3829080477125166
T1,2018-12-01,2.581070296154095
T1,2019-01-01,2.673842238088048
T1,2019-02-01,2.5770151636073426
T1,2019-03-01,2.4231789650784066
T1,2019-04-01,2.3144021914971633
T1,2019-05-01,2.1865360971506225
T1,2019-06-01,2.0970643428743987
T1,2019-07-01,2.1047432108884623
T1,2019-08-01,2.1473221026293654
T1,2019-09-01,2.137529388926037
T1,2019-10-01,2.1933090312978583
T1,2019-11-01,2.293522572852182
T1,2019-12-01,2.529647764284636
T1,2020-01-01,2.632394650812582
T1,2020-02-01,2.5628749652782234
T1,2020-03-01,2.9501057042903174
T1,2020-04-01,3.337053666108435
T1,2020-05-01,3.3932828235259316
T1,2020-06-01,3.269100131186866
T1,2020-07-01,3.238233912859815
T1,2020-08-01,3.286980350682874
T1,2020-09-01,3.2314907643880844
T1,2020-10-01,3.2436284316371995
T1,2020-11-01,3.3339431169747016
T1,2020-12-01,3.5574458606748065
T1,2021-01-01,3.6924828468441735
T1,2021-02-01,3.653329081524447
T1,2021-03-01,3.4361344444591873
T1,2021-04-01,3.290634702112715
T1,2021-05-01,3.109809562611112
T1,2021-06-01,2.867382499006473
T1,2021-07-01,2.790336589693989
T1,2021-08-01,2.748485564985571
T1,2021-09-01,2.616646136317314
T1,2021-10-01,2.5391869372597893
T1,2021-11-01,2.52855016434793
T1,2021-12-01,2.64783863602203
T1,2022-01-01,2.6595847656179474
T1,2022-02-01,2.566094274871179
T1,2022-03-01,2.3818540569500217
T1,2022-04-01,2.2707226197175316
T1,2022-05-01,2.131792009108036
T1,2022-06-01,2.0123077686073376
T1,2022-07-01,1.9897508493648062
T1,2022-08-01,1.9875321359966884
T1,2022-09-01,1.9473777744521248
T1,2022-10-01,1.9497705045549967
T1,2022-11-01,1.9865532918636952
T1,2022-12-01,2.108669535477553
T1,2023-01-01,2.1363624896839783
T1,2023-02-01,2.0870957354366815
T1,2023-03-01,1.9663243503476762
T1,2023-04-01,1.919241105432338
T1,2023-05-01,1.8671336691415228
T1,2023-06-01,1.8040238897120036
T1,2023-07-01,1.8570640872708402
T1,2023-08-01,1.9053980802501158
T1,2023-09-01,1.9254312483928417
T1,2023-10-01,1.9834532390877002
T1,2023-11-01,2.077746923636743
T1,2023-12-01,2.2653167349878967
T1,2024-01-01,2.3992103751883804
T1,2024-02-01,2.3717363160212135
T1,2024-03-01,2.302076008595819
T1,2024-04-01,2.2673942487212164
T1,2024-05-01,2.2357651620874095
T1,2024-06-01,2.215689595705228
T1,2024-07-01,2.28348438059458
T1,2024-08-01,2.3606067781641435
T1,2024-09-01,2.4006943135693235
T1,2024-10-01,2.4685738949375864
T1,2024-11-01,2.567510186707007
T1,2024-12-01,2.7620969066880465
T1,2025-01-01,2.87826808279613
T1,2025-02-01,2.871335970645155
T1,2025-03-01,2.810346103188411
T1,2025-04-01,2.758026675700318
T1,2025-05-01,2.7123001744475563
T1,2025-06-01,2.6896807136980443
T1,2025-07-01,2.7379511093181366
T1,2025-08-01,2.800509711634734
T1,2025-09-01,2.8244223186876387
T1,2025-10-01,2.866375376628861
T1,2025-11-01,2.9437097653957016
T1,2025-12-01,3.1221003579047384
T1,2026-01-01,3.2282019521421392
T1,2026-02-01,3.2026782119899253
T1,2026-03-01,3.100477255782431
T1,2026-04-01,3.029396607335277
T1,2026-05-01,2.9737065198104715
T1,2026-06-01,2.920199941617624
T1,2026-07-01,2.952528599202447
T1,2026-08-01,3.0006082027449894
T2,1948-01-01,4899
T2,1948-02-01,6043
T2,1948-03-01,6791
T2,1948-04-01,6355
T2,1948-05-01,6182
T2,1948-06-01,4962
T2,1948-07-01,4229
T2,1948-08-01,4591
T2,1948-09-01,4531
T2,1948-10-01,3415
T2,1948-11-01,3031
T2,1948-12-01,2408
T2,1949-01-01,2849
T2,1949-02-01,3594
T2,1949-03-01,4800
T2,1949-04-01,4848
T2,1949-05-01,4867
T2,1949-06-01,4068
T2,1949-07-01,3144
T2,1949-08-01,3272
T2,1949-09-01,2875
T2,1949-10-01,2681
T2,1949-11-01,2064
T2,1949-12-01,1682
T2,1950-01-01,2087
T2,1950-02-01,3450
T2,1950-03-01,4713
T2,1950-04-01,4497
T2,1950-05-01,4385
T2,1950-06-01,4483
T2,1950-07-01,3996
T2,1950-08-01,4520
T2,1950-09-01,5053
T2,1950-10-01,4462
T2,1950-11-01,3692
T2,1950-12-01,2561
T2,1951-01-01,4101
T2,1951-02-01,6042
T2,1951-03-01,6549
T2,1951-04-01,7266
T2,1951-05-01,6838
T2,1951-06-01,6348
T2,1951-07-01,5886
T2,1951-08-01,5358
T2,1951-09-01,5140
T2,1951-10-01,4690
T2,1951-11-01,3618
T2,1951-12-01,2988
T2,1952-01-01,3814
T2,1952-02-01,3852
T2,1952-03-01,6484
T2,1952-04-01,6243
T2,1952-05-01,5614
T2,1952-06-01,5186
T2,1952-07-01,4092
T2,1952-08-01,4020
T2,1952-09-01,3822
T2,1952-10-01,3445
T2,1952-11-01,2680
T2,1952-12-01,2286
T2,1953-01-01,3013
T2,1953-02-01,4064
T2,1953-03-01,5652
T2,1953-04-01,5328
T2,1953-05-01,4739
T2,1953-06-01,4936
T2,1953-07-01,4734
T2,1953-08-01,4452
T2,1953-09-01,4341
T2,1953-10-01,3652
T2,1953-11-01,2992
T2,1953-12-01,2694
T2,1954-01-01,3277
T2,1954-02-01,5002
T2,1954-03-01,6806
T2,1954-04-01,5554
T2,1954-05-01,5885
T2,1954-06-01,5684
T2,1954-07-01,5021
T2,1954-08-01,4949
T2,1954-09-01,5194
T2,1954-10-01,4519
T2,1954-11-01,3831
T2,1954-12-01,3541
T2,1955-01-01,4523
T2,1955-02-01,5430
T2,1955-03-01,7556
T2,1955-04-01,7649
T2,1955-05-01,7245
T2,1955-06-01,6307
T2,1955-07-01,5749
T2,1955-08-01,6005
T2,1955-09-01,6115
T2,1955-10-01,5453
T2,1955-11-01,4687
T2,1955-12-01,4700
T2,1956-01-01,5940
T2,1956-02-01,5654
T2,1956-03-01,7532
T2,1956-04-01,7161
T2,1956-05-01,6970
T2,1956-06-01,6740
T2,1956-07-01,6238
T2,1956-08-01,6380
T2,1956-09-01,6185
T2,1956-10-01,5515
T2,1956-11-01,5014
T2,1956-12-01,4946
T2,1957-01-01,5742
T2,1957-02-01,6335
T2,1957-03-01,7789
T2,1957-04-01,7252
T2,1957-05-01,6050
T2,1957-06-01,5485
T2,1957-07-01,5130
T2,1957-08-01,5133
T2,1957-09-01,5062
T2,1957-10-01,4455
T2,1957-11-01,3904
T2,1957-12-01,3658
T2,1958-01-01,4148
T2,1958-02-01,4689
T2,1958-03-01,4821
T2,1958-04-01,4770
T2,1958-05-01,5094
T2,1958-06-01,5095
T2,1958-07-01,4043
T2,1958-08-01,5085
T2,1958-09-01,4711
T2,1958-10-01,3965
T2,1958-11-01,3109
T2,1958-12-01,3305
T2,1959-01-01,4004
T2,1959-02-01,5330
T2,1959-03-01,5621
T2,1959-04-01,5808
T2,1959-05-01,5137
T2,1959-06-01,5200
T2,1959-07-01,5038
T2,1959-08-01,5761
T2,1959-09-01,5992
T2,1959-10-01,5626
T2,1959-11-01,5168
T2,1959-12-01,5034
T2,1960-01-01,5961
T2,1960-02-01,6979
T2,1960-03-01,6893
T2,1960-04-01,6660
T2,1960-05-01,6914
T2,1960-06-01,6900
T2,1960-07-01,6559
T2,1960-08-01,6228
T2,1960-09-01,6541
T2,1960-10-01,5690
T2,1960-11-01,5792
T2,1960-12-01,5599
T2,1961-01-01,6690
T2,1961-02-01,7354
T2,1961-03-01,7592
T2,1961-04-01,6982
T2,1961-05-01,6553
T2,1961-06-01,6157
T2,1961-07-01,6161
T2,1961-08-01,6370
T2,1961-09-01,6084
T2,1961-10-01,5869
T2,1961-11-01,5603
T2,1961-12-01,4775
T2,1962-01-01,5563
T2,1962-02-01,6161
T2,1962-03-01,6474
T2,1962-04-01,6699
T2,1962-05-01,6313
T2,1962-06-01,6342
T2,1962-07-01,6259
T2,1962-08-01,6262
T2,1962-09-01,6085
T2,1962-10-01,5847
T2,1962-11-01,5053
T2,1962-12-01,4741
T2,1963-01-01,5044
T2,1963-02-01,5571
T2,1963-03-01,6210
T2,1963-04-01,6288
T2,1963-05-01,6269
T2,1963-06-01,6374
T2,1963-07-01,6545
T2,1963-08-01,6701
T2,1963-09-01,6902
T2,1963-10-01,6739
T2,1963-11-01,5912
T2,1963-12-01,4954
T2,1964-01-01,6039
T2,1964-02-01,7134
T2,1964-03-01,6996
T2,1964-04-01,6760
T2,1964-05-01,6411
T2,1964-06-01,6207
T2,1964-07-01,6018
T2,1964-08-01,6133
T2,1964-09-01,6283
T2,1964-10-01,5954
T2,1964-11-01,5813
T2,1964-12-01,5685
T2,1965-01-01,6499
T2,1965-02-01,5359
T2,1965-03-01,5937
T2,1965-04-01,5686
T2,1965-05-01,5421
T2,1965-06-01,5477
T2,1965-07-01,5346
T2,1965-08-01,5161
T2,1965-09-01,5027
T2,1965-10-01,4773
T2,1965-11-01,4373
T2,1965-12-01,3935
T2,1966-01-01,4420
T2,1966-02-01,4794
T2,1966-03-01,4792
T2,1966-04-01,4977
T2,1966-05-01,4975
T2,1966-06-01,4750
T2,1966-07-01,4579
T2,1966-08-01,4845
T2,1966-09-01,4703
T2,1966-10-01,4542
T2,1966-11-01,4220
T2,1966-12-01,3824
T2,1967-01-01,4270
T2,1967-02-01,4429
T2,1967-03-01,4395
T2,1967-04-01,4302
T2,1967-05-01,4301
T2,1967-06-01,4171
T2,1967-07-01,4026
T2,1967-08-01,4345
T2,1967-09-01,4255
T2,1967-10-01,3841
T2,1967-11-01,3754
T2,1967-12-01,3198
T2,1968-01-01,3457
T2,1968-02-01,4234
T2,1968-03-01,4375
T2,1968-04-01,4146
T2,1968-05-01,4186
T2,1968-06-01,4058
T2,1968-07-01,4166
T2,1968-08-01,4052
T2,1968-09-01,3712
T2,1968-10-01,3892
T2,1968-11-01,3553
T2,1968-12-01,3387
T2,1969-01-01,3504
T2,1969-02-01,3826
T2,1969-03-01,3926
T2,1969-04-01,4147
T2,1969-05-01,4460
T2,1969-06-01,4686
T2,1969-07-01,4650
T2,1969-08-01,4706
T2,1969-09-01,4804
T2,1969-10-01,4649
T2,1969-11-01,4283
T2,1969-12-01,3787
T2,1970-01-01,4180
T2,1970-02-01,4451
T2,1970-03-01,5132
T2,1970-04-01,5226
T2,1970-05-01,5259
T2,1970-06-01,5269
T2,1970-07-01,5036
T2,1970-08-01,4808
T2,1970-09-01,5024
T2,1970-10-01,4885
T2,1970-11-01,3842
T2,1970-12-01,4216
T2,1971-01-01,4102
T2,1971-02-01,4322
T2,1971-03-01,4115
T2,1971-04-01,4096
T2,1971-05-01,4061
T2,1971-06-01,3925
T2,1971-07-01,3690
T2,1971-08-01,3843
T2,1971-09-01,3875
T2,1971-10-01,3787
T2,1971-11-01,3825
T2,1971-12-01,3924
T2,1972-01-01,4095
T2,1972-02-01,3907
T2,1972-03-01,3849
T2,1972-04-01,3682
T2,1972-05-01,6573
T2,1972-06-01,6109
T2,1972-07-01,5236
T2,1972-08-01,4579
T2,1972-09-01,4125
T2,1972-10-01,3959
T2,1972-11-01,3911
T2,1972-12-01,3673
T2,1973-01-01,3862
T2,1973-02-01,4100
T2,1973-03-01,4081
T2,1973-04-01,4029
T2,1973-05-01,4019
T2,1973-06-01,3775
T2,1973-07-01,3786
T2,1973-08-01,3839
T2,1973-09-01,3718
T2,1973-10-01,3585
T2,1973-11-01,3577
T2,1973-12-01,3280
T2,1974-01-01,3461
T2,1974-02-01,3791
T2,1974-03-01,3634
T2,1974-04-01,3430
T2,1974-05-01,2990
T2,1974-06-01,2857
T2,1974-07-01,2673
T2,1974-08-01,2741
T2,1974-09-01,2396
T2,1974-10-01,2186
T2,1974-11-01,1654
T2,1974-12-01,1473
T2,1975-01-01,2081
T2,1975-02-01,2410
T2,1975-03-01,2602
T2,1975-04-01,2629
T2,1975-05-01,2805
T2,1975-06-01,3071
T2,1975-07-01,3053
T2,1975-08-01,3476
T2,1975-09-01,3355
T2,1975-10-01,2855
T2,1975-11-01,2765
T2,1975-12-01,2654
T2,1976-01-01,3612
T2,1976-02-01,4412
T2,1976-03-01,4708
T2,1976-04-01,4973
T2,1976-05-01,5178
T2,1976-06-01,5113
T2,1976-07-01,5269
T2,1976-08-01,5107
T2,1976-09-01,4768
T2,1976-10-01,4429
T2,1976-11-01,3976
T2,1976-12-01,3960
T2,1977-01-01,4560
T2,1977-02-01,5527
T2,1977-03-01,6118
T2,1977-04-01,5979
T2,1977-05-01,6375
T2,1977-06-01,6924
T2,1977-07-01,6719
T2,1977-08-01,6863
T2,1977-09-01,7253
T2,1977-10-01,7512
T2,1977-11-01,7146
T2,1977-12-01,6755
T2,1978-01-01,7209
T2,1978-02-01,8291
T2,1978-03-01,8341
T2,1978-04-01,8312
T2,1978-05-01,8180
T2,1978-06-01,8565
T2,1978-07-01,8305
T2,1978-08-01,8650
T2,1978-09-01,7994
T2,1978-10-01,9062
T2,1978-11-01,8731
T2,1978-12-01,7840
T2,1979-01-01,8027
T2,1979-02-01,8149
T2,1979-03-01,8363
T2,1979-04-01,8175
T2,1979-05-01,8832
T2,1979-06-01,8342
T2,1979-07-01,8360
T2,1979-08-01,8765
T2,1979-09-01,9738
T2,1979-10-01,10661
T2,1979-11-01,9904
T2,1979-12-01,9731
T2,1980-01-01,10436
T2,1980-02-01,11113
T2,1980-03-01,11533
T2,1980-04-01,11393
T2,1980-05-01,12264
T2,1980-06-01,13243
T2,1980-07-01,11980
T2,1980-08-01,12205
T2,1980-09-01,12710
T2,1980-10-01,12312
T2,1980-11-01,14644
T2,1980-12-01,13912
T2,1981-01-01,14064
T2,1981-02-01,13335
T2,1981-03-01,13281
T2,1981-04-01,13135
T2,1981-05-01,12983
T2,1981-06-01,12636
T2,1981-07-01,11115
T2,1981-08-01,11204
T2,1981-09-01,11148
T2,1981-10-01,10562
T2,1981-11-01,10129
T2,1981-12-01,8917
T2,1982-01-01,8392
T2,1982-02-01,8795
T2,1982-03-01,8008
T2,1982-04-01,7344
T2,1982-05-01,6716
T2,1982-06-01,6299
T2,1982-07-01,5726
T2,1982-08-01,5643
T2,1982-09-01,5403
T2,1982-10-01,5228
T2,1982-11-01,4327
T2,1982-12-01,4343
T2,1983-01-01,5209
T2,1983-02-01,5677
T2,1983-03-01,5614
T2,1983-04-01,5069
T2,1983-05-01,4918
T2,1983-06-01,5033
T2,1983-07-01,4991
T2,1983-08-01,5062
T2,1983-09-01,5380
T2,1983-10-01,5175
T2,1983-11-01,4638
T2,1983-12-01,4246
T2,1984-01-01,5152
T2,1984-02-01,6253
T2,1984-03-01,6651
T2,1984-04-01,6761
T2,1984-05-01,7192
T2,1984-06-01,7282
T2,1984-07-01,7217
T2,1984-08-01,7475
T2,1984-09-01,7640
T2,1984-10-01,7039
T2,1984-11-01,7207
T2,1984-12-01,6297
T2,1985-01-01,7116
T2,1985-02-01,7439
T2,1985-03-01,8084
T2,1985-04-01,7933
T2,1985-05-01,8256
T2,1985-06-01,8956
T2,1985-07-01,9078
T2,1985-08-01,9258
T2,1985-09-01,9563
T2,1985-10-01,9432
T2,1985-11-01,9110
T2,1985-12-01,8314
T2,1986-01-01,9099
T2,1986-02-01,10049
T2,1986-03-01,10621
T2,1986-04-01,11302
T2,1986-05-01,11756
T2,1986-06-01,12397
T2,1986-07-01,12407
T2,1986-08-01,12462
T2,1986-09-01,12806
T2,1986-10-01,12332
T2,1986-11-01,12007
T2,1986-12-01,10345
T2,1987-01-01,10694
T2,1987-02-01,11968
T2,1987-03-01,12731
T2,1987-04-01,13086
T2,1987-05-01,14233
T2,1987-06-01,14327
T2,1987-07-01,13937
T2,1987-08-01,13257
T2,1987-09-01,14304
T2,1987-10-01,13759
T2,1987-11-01,13249
T2,1987-12-01,12806
T2,1988-01-01,13322
T2,1988-02-01,13806
T2,1988-03-01,14427
T2,1988-04-01,13727
T2,1988-05-01,14084
T2,1988-06-01,14591
T2,1988-07-01,14811
T2,1988-08-01,14499
T2,1988-09-01,14665
T2,1988-10-01,14946
T2,1988-11-01,15021
T2,1988-12-01,14517
T2,1989-01-01,15551
T2,1989-02-01,17182
T2,1989-03-01,17641
T2,1989-04-01,17582
T2,1989-05-01,18031
T2,1989-06-01,18634
T2,1989-07-01,17313
T2,1989-08-01,17268
T2,1989-09-01,17667
T2,1989-10-01,18352
T2,1989-11-01,18248
T2,1989-12-01,17153
T2,1990-01-01,17798
T2,1990-02-01,18584
T2,1990-03-01,19369
T2,1990-04-01,18701
T2,1990-05-01,18376
T2,1990-06-01,18303
T2,1990-07-01,18050
T2,1990-08-01,17327
T2,1990-09-01,16660
T2,1990-10-01,16237
T2,1990-11-01,14671
T2,1990-12-01,13056
T2,1991-01-01,12144
T2,1991-02-01,12006
T2,1991-03-01,11957
T2,1991-04-01,11129
T2,1991-05-01,10937
T2,1991-06-01,10696
T2,1991-07-01,10590
T2,1991-08-01,10074
T2,1991-09-01,10153
T2,1991-10-01,9652
T2,1991-11-01,9083
T2,1991-12-01,8170
T2,1992-01-01,7952
T2,1992-02-01,8581
T2,1992-03-01,9590
T2,1992-04-01,9015
T2,1992-05-01,8766
T2,1992-06-01,8787
T2,1992-07-01,8292
T2,1992-08-01,8108
T2,1992-09-01,7972
T2,1992-10-01,7732
T2,1992-11-01,6788
T2,1992-12-01,6414
T2,1993-01-01,5700
T2,1993-02-01,6388
T2,1993-03-01,7545
T2,1993-04-01,7637
T2,1993-05-01,7149
T2,1993-06-01,5949
T2,1993-07-01,5645
T2,1993-08-01,5236
T2,1993-09-01,4923
T2,1993-10-01,4583
T2,1993-11-01,4274
T2,1993-12-01,3888
T2,1994-01-01,4456
T2,1994-02-01,5263
T2,1994-03-01,5883
T2,1994-04-01,5503
T2,1994-05-01,5566
T2,1994-06-01,5551
T2,1994-07-01,5580
T2,1994-08-01,5411
T2,1994-09-01,5504
T2,1994-10-01,5107
T2,1994-11-01,4753
T2,1994-12-01,4115
T2,1995-01-01,4505
T2,1995-02-01,5103
T2,1995-03-01,5706
T2,1995-04-01,6781
T2,1995-05-01,6354
T2,1995-06-01,6535
T2,1995-07-01,5665
T2,1995-08-01,5534
T2,1995-09-01,5410
T2,1995-10-01,4982
T2,1995-11-01,4535
T2,1995-12-01,3702
T2,1996-01-01,4646
T2,1996-02-01,5369
T2,1996-03-01,5868
T2,1996-04-01,6353
T2,1996-05-01,6272
T2,1996-06-01,6388
T2,1996-07-01,6246
T2,1996-08-01,5850
T2,1996-09-01,5224
T2,1996-10-01,5344
T2,1996-11-01,5218
T2,1996-12-01,4488
T2,1997-01-01,5794
T2,1997-02-01,7508
T2,1997-03-01,8842
T2,1997-04-01,9861
T2,1997-05-01,10870
T2,1997-06-01,10746
T2,1997-07-01,10988
T2,1997-08-01,10186
T2,1997-09-01,9885
T2,1997-10-01,9799
T2,1997-11-01,9823
T2,1997-12-01,8950
T2,1998-01-01,10667
T2,1998-02-01,12374
T2,1998-03-01,13185
T2,1998-04-01,14366
T2,1998-05-01,14892
T2,1998-06-01,15874
T2,1998-07-01,15046
T2,1998-08-01,13798
T2,1998-09-01,13229
T2,1998-10-01,12098
T2,1998-11-01,12465
T2,1998-12-01,11930
T2,1999-01-01,13592
T2,1999-02-01,14855
T2,1999-03-01,15630
T2,1999-04-01,16168
T2,1999-05-01,16412
T2,1999-06-01,16466
T2,1999-07-01,15884
T2,1999-08-01,14422
T2,1999-09-01,14423
T2,1999-10-01,13062
T2,1999-11-01,11812
T2,1999-12-01,10440
T2,2000-01-01,12076
T2,2000-02-01,14394
T2,2000-03-01,15008
T2,2000-04-01,14505
T2,2000-05-01,15724
T2,2000-06-01,15620
T2,2000-07-01,13463
T2,2000-08-01,13071
T2,2000-09-01,13059
T2,2000-10-01,12296
T2,2000-11-01,12159
T2,2000-12-01,10817
T2,2001-01-01,12465
T2,2001-02-01,14155
T2,2001-03-01,14559
T2,2001-04-01,14037
T2,2001-05-01,14195
T2,2001-06-01,13611
T2,2001-07-01,12064
T2,2001-08-01,11259
T2,2001-09-01,10760
T2,2001-10-01,10836
T2,2001-11-01,11578
T2,2001-12-01,9488
T2,2002-01-01,9531
T2,2002-02-01,10859
T2,2002-03-01,10964
T2,2002-04-01,10521
T2,2002-05-01,10457
T2,2002-06-01,9912
T2,2002-07-01,9594
T2,2002-08-01,8880
T2,2002-09-01,8267
T2,2002-10-01,8162
T2,2002-11-01,7441
T2,2002-12-01,6671
T2,2003-01-01,7936
T2,2003-02-01,9115
T2,2003-03-01,9684
T2,2003-04-01,9014
T2,2003-05-01,8682
T2,2003-06-01,8737
T2,2003-07-01,8730
T2,2003-08-01,8307
T2,2003-09-01,8175
T2,2003-10-01,7844
T2,2003-11-01,7652
T2,2003-12-01,6043
T2,2004-01-01,9451
T2,2004-02-01,11189
T2,2004-03-01,11513
T2,2004-04-01,11211
T2,2004-05-01,9592
T2,2004-06-01,9568
T2,2004-07-01,8577
T2,2004-08-01,7909
T2,2004-09-01,7696
T2,2004-10-01,7264
T2,2004-11-01,7376
T2,2004-12-01,6359
T2,2005-01-01,7616
T2,2005-02-01,8648
T2,2005-03-01,9121
T2,2005-04-01,9334
T2,2005-05-01,9447
T2,2005-06-01,9597
T2,2005-07-01,9128
T2,2005-08-01,8975
T2,2005-09-01,8951
T2,2005-10-01,8874
T2,2005-11-01,8593
T2,2005-12-01,7341
T2,2006-01-01,9287
T2,2006-02-01,10971
T2,2006-03-01,11721
T2,2006-04-01,10888
T2,2006-05-01,12370
T2,2006-06-01,12559
T2,2006-07-01,11529
T2,2006-08-01,11782
T2,2006-09-01,11266
T2,2006-10-01,11203
T2,2006-11-01,11062
T2,2006-12-01,10072
T2,2007-01-01,12062
T2,2007-02-01,13253
T2,2007-03-01,13643
T2,2007-04-01,13537
T2,2007-05-01,13339
T2,2007-06-01,13343
T2,2007-07-01,13503
T2,2007-08-01,13091
T2,2007-09-01,13601
T2,2007-10-01,14273
T2,2007-11-01,13766
T2,2007-12-01,11420
T2,2008-01-01,13608
T2,2008-02-01,15155
T2,2008-03-01,15035
T2,2008-04-01,15488
T2,2008-05-01,15414
T2,2008-06-01,15181
T2,2008-07-01,14549
T2,2008-08-01,13763
T2,2008-09-01,14132
T2,2008-10-01,13546
T2,2008-11-01,11927
T2,2008-12-01,9744
T2,2009-01-01,11213
T2,2009-02-01,12644
T2,2009-03-01,13057
T2,2009-04-01,12397
T2,2009-05-01,11739
T2,2009-06-01,14855
T2,2009-07-01,14370
T2,2009-08-01,13353
T2,2009-09-01,13940
T2,2009-10-01,13147
T2,2009-11-01,12936
T2,2009-12-01,10824
T2,2010-01-01,12528
T2,2010-02-01,14795
T2,2010-03-01,16965
T2,2010-04-01,17294
T2,2010-05-01,17097
T2,2010-06-01,17642
T2,2010-07-01,17426
T2,2010-08-01,17994
T2,2010-09-01,18457
T2,2010-10-01,17059
T2,2010-11-01,17598
T2,2010-12-01,15507
T2,2011-01-01,17921
T2,2011-02-01,20964
T2,2011-03-01,21999
T2,2011-04-01,21231
T2,2011-05-01,21816
T2,2011-06-01,21193
T2,2011-07-01,19155
T2,2011-08-01,18584
T2,2011-09-01,19435
T2,2011-10-01,18750
T2,2011-11-01,17395
T2,2011-12-01,15034
T2,2012-01-01,17471
T2,2012-02-01,18403
T2,2012-03-01,17862
T2,2012-04-01,18306
T2,2012-05-01,17252
T2,2012-06-01,17493
T2,2012-07-01,17112
T2,2012-08-01,16562
T2,2012-09-01,15770
T2,2012-10-01,15726
T2,2012-11-01,15876
T2,2012-12-01,13722
T2,2013-01-01,14559
T2,2013-02-01,16035
T2,2013-03-01,16022
T2,2013-04-01,16135
T2,2013-05-01,14808
T2,2013-06-01,14647
T2,2013-07-01,14037
T2,2013-08-01,13878
T2,2013-09-01,14235
T2,2013-10-01,12982
T2,2013-11-01,11568
T2,2013-12-01,9745
T2,2014-01-01,12296
T2,2014-02-01,14042
T2,2014-03-01,14741
T2,2014-04-01,14088
T2,2014-05-01,13157
T2,2014-06-01,14211
T2,2014-07-01,13240
T2,2014-08-01,11113
T2,2014-09-01,11045
T2,2014-10-01,11076
T2,2014-11-01,10545
T2,2014-12-01,8791
T2,2015-01-01,9672
T2,2015-02-01,10289
T2,2015-03-01,10191
T2,2015-04-01,10216
T2,2015-05-01,9929
T2,2015-06-01,10487
T2,2015-07-01,10352
T2,2015-08-01,10905
T2,2015-09-01,11342
T2,2015-10-01,9471
T2,2015-11-01,9465
T2,2015-12-01,8033
T2,2016-01-01,9391
T2,2016-02-01,10645
T2,2016-03-01,10386
T2,2016-04-01,10441
T2,2016-05-01,11020
T2,2016-06-01,11269
T2,2016-07-01,10648
T2,2016-08-01,10802
T2,2016-09-01,11031
T2,2016-10-01,10910
T2,2016-11-01,10814
T2,2016-12-01,9639
T2,2017-01-01,11094
T2,2017-02-01,12041
T2,2017-03-01,12131
T2,2017-04-01,12119
T2,2017-05-01,11977
T2,2017-06-01,12420
T2,2017-07-01,12206
T2,2017-08-01,12439
T2,2017-09-01,12456
T2,2017-10-01,12316
T2,2017-11-01,11994
T2,2017-12-01,10704
T2,2018-01-01,12341
T2,2018-02-01,13122
T2,2018-03-01,13228
T2,2018-04-01,14431
T2,2018-05-01,15218
T2,2018-06-01,16854
T2,2018-07-01,30004
T2,2018-08-01,36410
T2,2018-09-01,36288
T2,2018-10-01,32090
T2,2018-11-01,29576
T2,2018-12-01,26904
T2,2019-01-01,31592
T2,2019-02-01,36766
T2,2019-03-01,37409
T2,2019-04-01,37958
T2,2019-05-01,37390
T2,2019-06-01,37186
T2,2019-07-01,38236
T2,2019-08-01,38478
T2,2019-09-01,38125
T2,2019-10-01,34927
T2,2019-11-01,32168
T2,2019-12-01,29720
T2,2020-01-01,38552
T2,2020-02-01,38151
T2,2020-03-01,31472
T2,2020-04-01,18415
T2,2020-05-01,16701
T2,2020-06-01,31919
T2,2020-07-01,35295
T2,2020-08-01,35052
T2,2020-09-01,34725
T2,2020-10-01,30671
T2,2020-11-01,28861
T2,2020-12-01,25226
T2,2021-01-01,32941
T2,2021-02-01,38678
T2,2021-03-01,45182
T2,2021-04-01,50101
T2,2021-05-01,55255
T2,2021-06-01,60717
T2,2021-07-01,56812
T2,2021-08-01,58450
T2,2021-09-01,60588
T2,2021-10-01,53206
T2,2021-11-01,50552
T2,2021-12-01,47531
T2,2022-01-01,58412
T2,2022-02-01,67826
T2,2022-03-01,71138
T2,2022-04-01,69535
T2,2022-05-01,71048
T2,2022-06-01,71742
T2,2022-07-01,68004
T2,2022-08-01,68262
T2,2022-09-01,69842
T2,2022-10-01,62889
T2,2022-11-01,56446
T2,2022-12-01,48473
T2,2023-01-01,51810
T2,2023-02-01,55001
T2,2023-03-01,56742
T2,2023-04-01,52223
T2,2023-05-01,51807
T2,2023-06-01,51731
T2,2023-07-01,49204
T2,2023-08-01,47366
T2,2023-09-01,47191
T2,2023-10-01,45899
T2,2023-11-01,39968
T2,2023-12-01,35380
T2,2024-01-01,42106
T2,2024-02-01,43356
T2,2024-03-01,42413
T2,2024-04-01,41531
T2,2024-05-01,40105
T2,2024-06-01,39592
T2,2024-07-01,36674
T2,2024-08-01,36246
T2,2024-09-01,38320
T2,2024-10-01,34471
T2,2024-11-01,32908
T2,2024-12-01,30422
T2,2025-01-01,42052
T2,2025-02-01,44398
T2,2025-03-01,42530
T2,2025-04-01,40887
T2,2025-05-01,38142
T2,2025-06-01,39757
T2,2025-07-01,39805
T2,2025-08-01,37865
T2,2025-09-01,37372
T2,2025-10-01,34995
T2,2025-11-01,32670
T2,2025-12-01,35940
T2,2026-01-01,48904
T2,2026-02-01,48145
T2,2026-03-01,48843
T2,2026-04-01,48435
T2,2026-05-01,44717
T2,2026-06-01,47244
T2,2026-07-01,45156
T2,2026-08-01,43733
