D0,D1,date,value
K,E,2000-11-30,100.4503
K,E,2000-12-01,100.0994
K,E,2000-12-04,99.8457
K,E,2000-12-05,100.2282
K,E,2000-12-06,100.1071
K,E,2000-12-07,99.8599
K,E,2000-12-08,100.1669
K,E,2000-12-11,100.2504
K,E,2000-12-12,100.7376
K,E,2000-12-13,100.699
K,E,2000-12-14,100.6926
K,E,2000-12-15,100.5642
K,E,2000-12-18,100.5792
K,E,2000-12-19,100.6036
K,E,2000-12-20,100.1704
K,E,2000-12-21,99.4511
K,E,2000-12-22,99.2972
K,E,2000-12-25,99.3334
K,E,2000-12-26,99.3876
K,E,2000-12-27,99.4131
K,E,2000-12-28,99.1765
K,E,2000-12-29,99.3946
K,E,2001-01-01,99.4576
K,E,2001-01-02,99.5208
K,E,2001-01-03,99.583
K,E,2001-01-04,99.609
K,E,2001-01-05,99.0113
K,E,2001-01-08,99.0125
K,E,2001-01-09,99.3821
K,E,2001-01-10,99.3348
K,E,2001-01-11,98.8726
K,E,2001-01-12,98.3079
K,E,2001-01-15,97.7552
K,E,2001-01-16,98.1933
K,E,2001-01-17,98.1919
K,E,2001-01-18,98.495
K,E,2001-01-19,98.7914
K,E,2001-01-22,98.5769
K,E,2001-01-23,98.381
K,E,2001-01-24,98.6117
K,E,2001-01-25,98.6967
K,E,2001-01-26,98.8378
K,E,2001-01-29,98.8735
K,E,2001-01-30,99.2417
K,E,2001-01-31,98.6759
K,E,2001-02-01,98.2265
K,E,2001-02-02,98.2696
K,E,2001-02-05,97.8851
K,E,2001-02-06,98.0201
K,E,2001-02-07,97.9241
K,E,2001-02-08,98.2611
K,E,2001-02-09,98.283
K,E,2001-02-12,98.03
K,E,2001-02-13,97.9871
K,E,2001-02-14,98.153
K,E,2001-02-15,98.2967
K,E,2001-02-16,98.1966
K,E,2001-02-19,98.1727
K,E,2001-02-20,98.0872
K,E,2001-02-21,98.0586
K,E,2001-02-22,98.5591
K,E,2001-02-23,98.4535
K,E,2001-02-26,98.1794
K,E,2001-02-27,98.1123
K,E,2001-02-28,97.9002
K,E,2001-03-01,97.7856
K,E,2001-03-02,97.9594
K,E,2001-03-05,98.0169
K,E,2001-03-06,98.0856
K,E,2001-03-07,97.928
K,E,2001-03-08,97.8099
K,E,2001-03-09,97.5073
K,E,2001-03-12,97.633
K,E,2001-03-13,97.8451
K,E,2001-03-14,97.7525
K,E,2001-03-15,97.6709
K,E,2001-03-16,97.8017
K,E,2001-03-19,97.8868
K,E,2001-03-20,98.031
K,E,2001-03-21,97.9348
K,E,2001-03-22,98.2502
K,E,2001-03-23,97.9091
K,E,2001-03-26,97.8209
K,E,2001-03-27,97.7142
K,E,2001-03-28,97.9288
K,E,2001-03-29,98.0418
K,E,2001-03-30,98.2036
K,E,2001-04-02,98.2388
K,E,2001-04-03,98.119
K,E,2001-04-04,98.2214
K,E,2001-04-05,97.9682
K,E,2001-04-06,98.0686
K,E,2001-04-09,97.9742
K,E,2001-04-10,98.0939
K,E,2001-04-11,98.2352
K,E,2001-04-12,98.7164
K,E,2001-04-13,98.6479
K,E,2001-04-16,98.5913
K,E,2001-04-17,98.5246
K,E,2001-04-18,98.2637
K,E,2001-04-19,97.9716
K,E,2001-04-20,97.9878
K,E,2001-04-23,98.0888
K,E,2001-04-24,98.3226
K,E,2001-04-25,98.0426
K,E,2001-04-26,97.9272
K,E,2001-04-27,97.6451
K,E,2001-04-30,97.6813
K,E,2001-05-01,97.5485
K,E,2001-05-02,97.4107
K,E,2001-05-03,97.4118
K,E,2001-05-04,97.4059
K,E,2001-05-07,97.3007
K,E,2001-05-08,97.3877
K,E,2001-05-09,97.5397
K,E,2001-05-10,97.5135
K,E,2001-05-11,97.7408
K,E,2001-05-14,97.89
K,E,2001-05-15,98.0134
K,E,2001-05-16,97.9201
K,E,2001-05-17,97.9344
K,E,2001-05-18,97.8646
K,E,2001-05-21,97.9605
K,E,2001-05-22,97.899
K,E,2001-05-23,98.2367
K,E,2001-05-24,98.303
K,E,2001-05-25,98.3715
K,E,2001-05-28,98.2593
K,E,2001-05-29,98.3281
K,E,2001-05-30,98.392
K,E,2001-05-31,98.6897
K,E,2001-06-01,98.7429
K,E,2001-06-04,98.9186
K,E,2001-06-05,99.107
K,E,2001-06-06,99.0238
K,E,2001-06-07,98.62
K,E,2001-06-08,98.6434
K,E,2001-06-11,98.6832
K,E,2001-06-12,98.7169
K,E,2001-06-13,98.5049
K,E,2001-06-14,98.52
K,E,2001-06-15,98.5445
K,E,2001-06-18,98.33
K,E,2001-06-19,98.4464
K,E,2001-06-20,98.5125
K,E,2001-06-21,98.6145
K,E,2001-06-22,99.105
K,E,2001-06-25,99.0965
K,E,2001-06-26,98.908
K,E,2001-06-27,98.7826
K,E,2001-06-28,99.0983
K,E,2001-06-29,98.932
K,E,2001-07-02,99.0373
K,E,2001-07-03,98.9195
K,E,2001-07-04,98.9721
K,E,2001-07-05,99.0278
K,E,2001-07-06,98.8951
K,E,2001-07-09,98.959
K,E,2001-07-10,98.6951
K,E,2001-07-11,99.0121
K,E,2001-07-12,99.1252
K,E,2001-07-13,99.383
K,E,2001-07-16,99.3132
K,E,2001-07-17,99.3296
K,E,2001-07-18,99.6836
K,E,2001-07-19,99.6655
K,E,2001-07-20,99.6002
K,E,2001-07-23,99.756
K,E,2001-07-24,99.5633
K,E,2001-07-25,99.528
K,E,2001-07-26,99.2212
K,E,2001-07-27,99.3278
K,E,2001-07-30,99.1757
K,E,2001-07-31,99.1415
K,E,2001-08-01,99.1258
K,E,2001-08-02,99.1075
K,E,2001-08-03,99.2298
K,E,2001-08-06,99.3179
K,E,2001-08-07,99.355
K,E,2001-08-08,99.4608
K,E,2001-08-09,99.4287
K,E,2001-08-10,99.1842
K,E,2001-08-13,98.7397
K,E,2001-08-14,98.7003
K,E,2001-08-15,98.6285
K,E,2001-08-16,98.3786
K,E,2001-08-17,98.4975
K,E,2001-08-20,98.4219
K,E,2001-08-21,98.5876
K,E,2001-08-22,98.3509
K,E,2001-08-23,98.3732
K,E,2001-08-24,98.4278
K,E,2001-08-27,98.3687
K,E,2001-08-28,98.5131
K,E,2001-08-29,98.5094
K,E,2001-08-30,98.5679
K,E,2001-08-31,98.5758
K,E,2001-09-03,98.5534
K,E,2001-09-04,98.5772
K,E,2001-09-05,98.9142
K,E,2001-09-06,98.8935
K,E,2001-09-07,98.7753
K,E,2001-09-10,98.4593
K,E,2001-09-11,98.4645
K,E,2001-09-12,99.0471
K,E,2001-09-13,99.1352
K,E,2001-09-14,99.3151
K,E,2001-09-17,100.1098
K,E,2001-09-18,100.4174
K,E,2001-09-19,100.4451
K,E,2001-09-20,100.811
K,E,2001-09-21,102.5359
K,E,2001-09-24,102.3884
K,E,2001-09-25,102.12
K,E,2001-09-26,101.2271
K,E,2001-09-27,100.5286
K,E,2001-09-28,100.7919
K,E,2001-10-01,100.6864
K,E,2001-10-02,100.4804
K,E,2001-10-03,100.1045
K,E,2001-10-04,100.1984
K,E,2001-10-05,100.116
K,E,2001-10-08,100.6813
K,E,2001-10-09,100.5468
K,E,2001-10-10,100.3003
K,E,2001-10-11,100.1624
K,E,2001-10-12,100.4082
K,E,2001-10-15,100.5562
K,E,2001-10-16,100.5726
K,E,2001-10-17,100.3626
K,E,2001-10-18,100.749
K,E,2001-10-19,100.7849
K,E,2001-10-22,100.8697
K,E,2001-10-23,100.481
K,E,2001-10-24,100.6362
K,E,2001-10-25,100.557
K,E,2001-10-26,101.0312
K,E,2001-10-29,100.9429
K,E,2001-10-30,101.1133
K,E,2001-10-31,101.3463
K,E,2001-11-01,101.2063
K,E,2001-11-02,101.1045
K,E,2001-11-05,101.1788
K,E,2001-11-06,101.105
K,E,2001-11-07,101.1917
K,E,2001-11-08,101.318
K,E,2001-11-09,101.4072
K,E,2001-11-12,101.6975
K,E,2001-11-13,101.4489
K,E,2001-11-14,101.2122
K,E,2001-11-15,101.1136
K,E,2001-11-16,101.4346
K,E,2001-11-19,101.5598
K,E,2001-11-20,102.0604
K,E,2001-11-21,102.0565
K,E,2001-11-22,102.0632
K,E,2001-11-23,101.8232
K,E,2001-11-26,101.5586
K,E,2001-11-27,101.5655
K,E,2001-11-28,102.0615
K,E,2001-11-29,101.7822
K,E,2001-11-30,101.0738
K,E,2001-12-03,100.8202
K,E,2001-12-04,100.9342
K,E,2001-12-05,100.9059
K,E,2001-12-06,100.9608
K,E,2001-12-07,100.7353
K,E,2001-12-10,100.6129
K,E,2001-12-11,100.4238
K,E,2001-12-12,100.7652
K,E,2001-12-13,100.8315
K,E,2001-12-14,100.7734
K,E,2001-12-17,100.8932
K,E,2001-12-18,100.8361
K,E,2001-12-19,100.7432
K,E,2001-12-20,101.3383
K,E,2001-12-21,101.5239
K,E,2001-12-24,101.3032
K,E,2001-12-25,100.9573
K,E,2001-12-26,100.6174
K,E,2001-12-27,100.2727
K,E,2001-12-28,100.297
K,E,2001-12-31,100.2372
K,E,2002-01-01,100.1692
K,E,2002-01-02,100.1014
K,E,2002-01-03,100.034
K,E,2002-01-04,100.4308
K,E,2002-01-07,100.5429
K,E,2002-01-08,101.0418
K,E,2002-01-09,100.4324
K,E,2002-01-10,100.2157
K,E,2002-01-11,100.2536
K,E,2002-01-14,100.4608
K,E,2002-01-15,100.4041
K,E,2002-01-16,101.0329
K,E,2002-01-17,101.3006
K,E,2002-01-18,101.0323
K,E,2002-01-21,101.0256
K,E,2002-01-22,100.9944
K,E,2002-01-23,100.8096
K,E,2002-01-24,101.1549
K,E,2002-01-25,101.0682
K,E,2002-01-28,100.7329
K,E,2002-01-29,100.7826
K,E,2002-01-30,100.9808
K,E,2002-01-31,100.5955
K,E,2002-02-01,100.498
K,E,2002-02-04,100.2795
K,E,2002-02-05,100.4881
K,E,2002-02-06,100.7367
K,E,2002-02-07,100.7568
K,E,2002-02-08,100.7059
K,E,2002-02-11,100.4035
K,E,2002-02-12,100.3757
K,E,2002-02-13,100.1916
K,E,2002-02-14,99.9633
K,E,2002-02-15,99.8675
K,E,2002-02-18,99.944
K,E,2002-02-19,100.102
K,E,2002-02-20,100.124
K,E,2002-02-21,100.0496
K,E,2002-02-22,100.0838
K,E,2002-02-25,100.1956
K,E,2002-02-26,100.2773
K,E,2002-02-27,100.2522
K,E,2002-02-28,100.2166
K,E,2002-03-01,100.3112
K,E,2002-03-04,100.0899
K,E,2002-03-05,100.2498
K,E,2002-03-06,100.2225
K,E,2002-03-07,100.4533
K,E,2002-03-08,100.6706
K,E,2002-03-11,100.6223
K,E,2002-03-12,100.7433
K,E,2002-03-13,100.7708
K,E,2002-03-14,100.9835
K,E,2002-03-15,101.1889
K,E,2002-03-18,101.2597
K,E,2002-03-19,101.0011
K,E,2002-03-20,101.2067
K,E,2002-03-21,101.1654
K,E,2002-03-22,101.3574
K,E,2002-03-25,101.4776
K,E,2002-03-26,101.5606
K,E,2002-03-27,101.1312
K,E,2002-03-28,101.1381
K,E,2002-03-29,101.1975
K,E,2002-04-01,101.2644
K,E,2002-04-02,101.3095
K,E,2002-04-03,101.4575
K,E,2002-04-04,101.45
K,E,2002-04-05,101.2263
K,E,2002-04-08,101.2965
K,E,2002-04-09,101.1569
K,E,2002-04-10,101.1252
K,E,2002-04-11,101.0213
K,E,2002-04-12,101.2286
K,E,2002-04-15,101.1383
K,E,2002-04-16,100.9243
K,E,2002-04-17,100.8685
K,E,2002-04-18,100.941
K,E,2002-04-19,101.02
K,E,2002-04-22,101.0738
K,E,2002-04-23,100.9878
K,E,2002-04-24,101.1232
K,E,2002-04-25,101.1466
K,E,2002-04-26,101.1371
K,E,2002-04-29,101.2759
K,E,2002-04-30,101.2903
K,E,2002-05-01,101.6254
K,E,2002-05-02,101.9508
K,E,2002-05-03,101.832
K,E,2002-05-06,101.7323
K,E,2002-05-07,101.7703
K,E,2002-05-08,101.7724
K,E,2002-05-09,101.8154
K,E,2002-05-10,101.8524
K,E,2002-05-13,101.855
K,E,2002-05-14,101.8216
K,E,2002-05-15,101.8215
K,E,2002-05-16,101.6632
K,E,2002-05-17,101.6799
K,E,2002-05-20,101.8082
K,E,2002-05-21,101.9404
K,E,2002-05-22,102.0252
K,E,2002-05-23,101.8102
K,E,2002-05-24,101.6009
K,E,2002-05-27,101.52
K,E,2002-05-28,101.3108
K,E,2002-05-29,101.1772
K,E,2002-05-30,100.819
K,E,2002-05-31,101.0809
K,E,2002-06-03,100.9445
K,E,2002-06-04,100.8214
K,E,2002-06-05,100.6039
K,E,2002-06-06,100.5813
K,E,2002-06-07,100.5394
K,E,2002-06-10,100.5437
K,E,2002-06-11,100.4251
K,E,2002-06-12,100.1583
K,E,2002-06-13,100.1731
K,E,2002-06-14,100.2468
K,E,2002-06-17,100.2265
K,E,2002-06-18,100.2455
K,E,2002-06-19,100.2434
K,E,2002-06-20,100.6555
K,E,2002-06-21,100.7195
K,E,2002-06-24,100.7689
K,E,2002-06-25,100.6908
K,E,2002-06-26,100.7147
K,E,2002-06-27,100.6926
K,E,2002-06-28,100.4738
K,E,2002-07-01,100.6065
K,E,2002-07-02,100.7892
K,E,2002-07-03,101.1575
K,E,2002-07-04,101.0052
K,E,2002-07-05,100.8264
K,E,2002-07-08,100.7977
K,E,2002-07-09,100.5194
K,E,2002-07-10,100.3206
K,E,2002-07-11,100.7478
K,E,2002-07-12,100.804
K,E,2002-07-15,100.6313
K,E,2002-07-16,100.7036
K,E,2002-07-17,100.7871
K,E,2002-07-18,100.9541
K,E,2002-07-19,100.9681
K,E,2002-07-22,101.4137
K,E,2002-07-23,101.4871
K,E,2002-07-24,101.7378
K,E,2002-07-25,101.9029
K,E,2002-07-26,102.0568
K,E,2002-07-29,101.7047
K,E,2002-07-30,101.4464
K,E,2002-07-31,101.5398
K,E,2002-08-01,101.7316
K,E,2002-08-02,101.9236
K,E,2002-08-05,101.525
K,E,2002-08-06,101.52
K,E,2002-08-07,101.281
K,E,2002-08-08,100.9843
K,E,2002-08-09,101.0331
K,E,2002-08-12,101.2069
K,E,2002-08-13,100.7814
K,E,2002-08-14,100.9261
K,E,2002-08-15,100.85
K,E,2002-08-16,100.7751
K,E,2002-08-19,100.501
K,E,2002-08-20,100.5471
K,E,2002-08-21,100.3174
K,E,2002-08-22,100.4526
K,E,2002-08-23,100.1275
K,E,2002-08-26,100.1956
K,E,2002-08-27,100.2271
K,E,2002-08-28,100.4218
K,E,2002-08-29,100.1818
K,E,2002-08-30,100.3366
K,E,2002-09-02,100.2208
K,E,2002-09-03,100.1983
K,E,2002-09-04,100.6171
K,E,2002-09-05,100.8706
K,E,2002-09-06,101.129
K,E,2002-09-09,101.0197
K,E,2002-09-10,101.0151
K,E,2002-09-11,100.9523
K,E,2002-09-12,100.5829
K,E,2002-09-13,100.4537
K,E,2002-09-16,100.4665
K,E,2002-09-17,100.2684
K,E,2002-09-18,100.482
K,E,2002-09-19,100.5158
K,E,2002-09-20,100.7482
K,E,2002-09-23,100.7939
K,E,2002-09-24,100.7246
K,E,2002-09-25,100.786
K,E,2002-09-26,100.8406
K,E,2002-09-27,100.5796
K,E,2002-09-30,100.8403
K,E,2002-10-01,101.2593
K,E,2002-10-02,100.9935
K,E,2002-10-03,101.1755
K,E,2002-10-04,100.9789
K,E,2002-10-07,100.9689
K,E,2002-10-08,100.7752
K,E,2002-10-09,100.6505
K,E,2002-10-10,100.807
K,E,2002-10-11,100.8212
K,E,2002-10-14,100.8952
K,E,2002-10-15,100.6444
K,E,2002-10-16,100.3597
K,E,2002-10-17,100.5099
K,E,2002-10-18,100.3653
K,E,2002-10-21,100.2799
K,E,2002-10-22,100.1828
K,E,2002-10-23,100.4322
K,E,2002-10-24,100.3828
K,E,2002-10-25,100.4122
K,E,2002-10-28,100.3766
K,E,2002-10-29,100.4954
K,E,2002-10-30,100.5837
K,E,2002-10-31,100.675
K,E,2002-11-01,100.6869
K,E,2002-11-04,100.6107
K,E,2002-11-05,100.7062
K,E,2002-11-06,100.5273
K,E,2002-11-07,100.4727
K,E,2002-11-08,100.5295
K,E,2002-11-11,100.5125
K,E,2002-11-12,100.5363
K,E,2002-11-13,100.5601
K,E,2002-11-14,100.3494
K,E,2002-11-15,100.2793
K,E,2002-11-18,100.235
K,E,2002-11-19,100.1772
K,E,2002-11-20,100.1822
K,E,2002-11-21,100.1173
K,E,2002-11-22,99.9491
K,E,2002-11-25,99.8353
K,E,2002-11-26,99.7438
K,E,2002-11-27,99.7062
K,E,2002-11-28,99.6097
K,E,2002-11-29,99.6091
K,E,2002-12-02,99.4939
K,E,2002-12-03,99.8054
K,E,2002-12-04,99.8725
K,E,2002-12-05,99.7578
K,E,2002-12-06,99.8992
K,E,2002-12-09,99.7286
K,E,2002-12-10,99.7624
K,E,2002-12-11,99.7403
K,E,2002-12-12,99.6521
K,E,2002-12-13,99.523
K,E,2002-12-16,99.5529
K,E,2002-12-17,99.7451
K,E,2002-12-18,100.1631
K,E,2002-12-19,100.4229
K,E,2002-12-20,100.5796
K,E,2002-12-23,100.6271
K,E,2002-12-24,101.1062
K,E,2002-12-25,101.1048
K,E,2002-12-26,101.1025
K,E,2002-12-27,101.0962
K,E,2002-12-30,101.1001
K,E,2002-12-31,101.2042
K,E,2003-01-01,101.1527
K,E,2003-01-02,101.0943
K,E,2003-01-03,101.0398
K,E,2003-01-06,100.9394
K,E,2003-01-07,100.7551
K,E,2003-01-08,100.7505
K,E,2003-01-09,100.6995
K,E,2003-01-10,100.5507
K,E,2003-01-13,100.5549
K,E,2003-01-14,100.3758
K,E,2003-01-15,100.2777
K,E,2003-01-16,100.3217
K,E,2003-01-17,100.5441
K,E,2003-01-20,100.4649
K,E,2003-01-21,100.3815
K,E,2003-01-22,100.3354
K,E,2003-01-23,100.2083
K,E,2003-01-24,100.1567
K,E,2003-01-27,99.9723
K,E,2003-01-28,99.8048
K,E,2003-01-29,99.8551
K,E,2003-01-30,99.788
K,E,2003-01-31,99.9354
K,E,2003-02-03,99.8259
K,E,2003-02-04,99.9345
K,E,2003-02-05,100.0214
K,E,2003-02-06,99.9681
K,E,2003-02-07,99.971
K,E,2003-02-10,100.0308
K,E,2003-02-11,99.9968
K,E,2003-02-12,100.0205
K,E,2003-02-13,99.9878
K,E,2003-02-14,99.9329
K,E,2003-02-17,99.6826
K,E,2003-02-18,99.8923
K,E,2003-02-19,99.7845
K,E,2003-02-20,99.964
K,E,2003-02-21,100.1373
K,E,2003-02-24,100.0964
K,E,2003-02-25,100.2855
K,E,2003-02-26,100.6195
K,E,2003-02-27,100.5101
K,E,2003-02-28,100.4604
K,E,2003-03-03,100.546
K,E,2003-03-04,100.6817
K,E,2003-03-05,100.7687
K,E,2003-03-06,100.6895
K,E,2003-03-07,100.3428
K,E,2003-03-10,100.0114
K,E,2003-03-11,100.2286
K,E,2003-03-12,100.0597
K,E,2003-03-13,100.0501
K,E,2003-03-14,100.0601
K,E,2003-03-17,100.1458
K,E,2003-03-18,99.8739
K,E,2003-03-19,99.7459
K,E,2003-03-20,99.7719
K,E,2003-03-21,99.5152
K,E,2003-03-24,99.5209
K,E,2003-03-25,99.6172
K,E,2003-03-26,99.4364
K,E,2003-03-27,99.091
K,E,2003-03-28,99.2553
K,E,2003-03-31,99.2711
K,E,2003-04-01,99.2963
K,E,2003-04-02,98.9201
K,E,2003-04-03,98.7796
K,E,2003-04-04,98.6643
K,E,2003-04-07,98.5107
K,E,2003-04-08,98.6135
K,E,2003-04-09,98.52
K,E,2003-04-10,98.3378
K,E,2003-04-11,97.7479
K,E,2003-04-14,97.9224
K,E,2003-04-15,97.7202
K,E,2003-04-16,97.4945
K,E,2003-04-17,97.7684
K,E,2003-04-18,97.6244
K,E,2003-04-21,97.4781
K,E,2003-04-22,97.342
K,E,2003-04-23,97.3231
K,E,2003-04-24,97.3453
K,E,2003-04-25,97.4956
K,E,2003-04-28,97.46
K,E,2003-04-29,97.2992
K,E,2003-04-30,96.91
K,E,2003-05-01,96.9468
K,E,2003-05-02,96.9753
K,E,2003-05-05,96.8671
K,E,2003-05-06,96.6122
K,E,2003-05-07,96.6374
K,E,2003-05-08,97.3914
K,E,2003-05-09,97.0638
K,E,2003-05-12,96.8149
K,E,2003-05-13,96.8028
K,E,2003-05-14,96.6608
K,E,2003-05-15,96.829
K,E,2003-05-16,97.1112
K,E,2003-05-19,96.6554
K,E,2003-05-20,96.7876
K,E,2003-05-21,96.9484
K,E,2003-05-22,96.7164
K,E,2003-05-23,96.1347
K,E,2003-05-26,95.9445
K,E,2003-05-27,95.7006
K,E,2003-05-28,96.1471
K,E,2003-05-29,95.8644
K,E,2003-05-30,95.5689
K,E,2003-06-02,95.7009
K,E,2003-06-03,95.3016
K,E,2003-06-04,95.0499
K,E,2003-06-05,94.742
K,E,2003-06-06,94.6333
K,E,2003-06-09,94.6426
K,E,2003-06-10,94.6539
K,E,2003-06-11,94.9207
K,E,2003-06-12,94.9763
K,E,2003-06-13,94.42
K,E,2003-06-16,94.5972
K,E,2003-06-17,94.654
K,E,2003-06-18,94.6283
K,E,2003-06-19,94.2344
K,E,2003-06-20,94.3943
K,E,2003-06-23,94.9944
K,E,2003-06-24,95.2325
K,E,2003-06-25,95.3265
K,E,2003-06-26,94.8587
K,E,2003-06-27,94.4084
K,E,2003-06-30,93.9777
K,E,2003-07-01,93.7648
K,E,2003-07-02,93.9979
K,E,2003-07-03,94.0511
K,E,2003-07-04,94.1221
K,E,2003-07-07,93.986
K,E,2003-07-08,93.8909
K,E,2003-07-09,94.5697
K,E,2003-07-10,94.3478
K,E,2003-07-11,94.1844
K,E,2003-07-14,93.8855
K,E,2003-07-15,94.0072
K,E,2003-07-16,94.1759
K,E,2003-07-17,94.8585
K,E,2003-07-18,94.951
K,E,2003-07-21,94.9061
K,E,2003-07-22,94.5595
K,E,2003-07-23,94.4994
K,E,2003-07-24,94.2412
K,E,2003-07-25,94.2728
K,E,2003-07-28,94.2633
K,E,2003-07-29,94.2917
K,E,2003-07-30,94.1654
K,E,2003-07-31,94.2428
K,E,2003-08-01,94.6173
K,E,2003-08-04,94.9942
K,E,2003-08-05,95.0933
K,E,2003-08-06,95.089
K,E,2003-08-07,94.9367
K,E,2003-08-08,94.8311
K,E,2003-08-11,94.8684
K,E,2003-08-12,94.574
K,E,2003-08-13,94.3656
K,E,2003-08-14,94.2035
K,E,2003-08-15,94.4303
K,E,2003-08-18,94.28
K,E,2003-08-19,94.145
K,E,2003-08-20,94.2272
K,E,2003-08-21,94.5417
K,E,2003-08-22,94.4757
K,E,2003-08-25,94.4987
K,E,2003-08-26,94.6088
K,E,2003-08-27,94.8888
K,E,2003-08-28,94.5698
K,E,2003-08-29,94.7305
K,E,2003-09-01,94.641
K,E,2003-09-02,94.846
K,E,2003-09-03,95.1006
K,E,2003-09-04,94.7155
K,E,2003-09-05,94.65
K,E,2003-09-08,94.6839
K,E,2003-09-09,94.3487
K,E,2003-09-10,94.0039
K,E,2003-09-11,93.8743
K,E,2003-09-12,93.7643
K,E,2003-09-15,93.5535
K,E,2003-09-16,93.5254
K,E,2003-09-17,93.7678
K,E,2003-09-18,93.6442
K,E,2003-09-19,93.4087
K,E,2003-09-22,93.6475
K,E,2003-09-23,93.8294
K,E,2003-09-24,93.7569
K,E,2003-09-25,93.9071
K,E,2003-09-26,94.3647
K,E,2003-09-29,94.4871
K,E,2003-09-30,94.6775
K,E,2003-10-01,94.4068
K,E,2003-10-02,94.3779
K,E,2003-10-03,94.3717
K,E,2003-10-06,94.1225
K,E,2003-10-07,94.0986
K,E,2003-10-08,94.0867
K,E,2003-10-09,93.9456
K,E,2003-10-10,94.0449
K,E,2003-10-13,93.9822
K,E,2003-10-14,93.9436
K,E,2003-10-15,94.149
K,E,2003-10-16,93.9104
K,E,2003-10-17,93.8896
K,E,2003-10-20,93.745
K,E,2003-10-21,93.6096
K,E,2003-10-22,93.6367
K,E,2003-10-23,94.0672
K,E,2003-10-24,93.9256
K,E,2003-10-27,93.9612
K,E,2003-10-28,93.8265
K,E,2003-10-29,93.5424
K,E,2003-10-30,93.578
K,E,2003-10-31,93.7777
K,E,2003-11-03,93.5491
K,E,2003-11-04,93.1726
K,E,2003-11-05,92.7474
K,E,2003-11-06,92.753
K,E,2003-11-07,92.5743
K,E,2003-11-10,92.3867
K,E,2003-11-11,92.6104
K,E,2003-11-12,92.6886
K,E,2003-11-13,92.4973
K,E,2003-11-14,92.5893
K,E,2003-11-17,93.0493
K,E,2003-11-18,93.347
K,E,2003-11-19,93.7491
K,E,2003-11-20,93.7476
K,E,2003-11-21,93.994
K,E,2003-11-24,93.7607
K,E,2003-11-25,93.5251
K,E,2003-11-26,93.6996
K,E,2003-11-27,93.9022
K,E,2003-11-28,93.8271
K,E,2003-12-01,93.6691
K,E,2003-12-02,93.4646
K,E,2003-12-03,93.2532
K,E,2003-12-04,93.2761
K,E,2003-12-05,93.2409
K,E,2003-12-08,93.7322
K,E,2003-12-09,93.9298
K,E,2003-12-10,93.8708
K,E,2003-12-11,93.5885
K,E,2003-12-12,93.6314
K,E,2003-12-15,93.4587
K,E,2003-12-16,93.4118
K,E,2003-12-17,93.451
K,E,2003-12-18,93.2781
K,E,2003-12-19,93.3581
K,E,2003-12-22,93.2584
K,E,2003-12-23,92.9989
K,E,2003-12-24,92.998
K,E,2003-12-25,92.9884
K,E,2003-12-26,92.9756
K,E,2003-12-29,92.966
K,E,2003-12-30,92.92
K,E,2003-12-31,93.0212
K,E,2004-01-01,92.9751
K,E,2004-01-02,92.9203
K,E,2004-01-05,92.8659
K,E,2004-01-06,92.6495
K,E,2004-01-07,92.362
K,E,2004-01-08,92.3822
K,E,2004-01-09,92.4772
K,E,2004-01-12,92.4747
K,E,2004-01-13,92.6193
K,E,2004-01-14,92.7173
K,E,2004-01-15,92.6913
K,E,2004-01-16,92.4441
K,E,2004-01-19,92.2754
K,E,2004-01-20,92.0793
K,E,2004-01-21,92.2927
K,E,2004-01-22,92.3192
K,E,2004-01-23,92.3151
K,E,2004-01-26,92.5174
K,E,2004-01-27,92.3215
K,E,2004-01-28,92.3162
K,E,2004-01-29,92.4875
K,E,2004-01-30,92.702
K,E,2004-02-02,92.2794
K,E,2004-02-03,92.3743
K,E,2004-02-04,92.2394
K,E,2004-02-05,92.1736
K,E,2004-02-06,92.2618
K,E,2004-02-09,92.2231
K,E,2004-02-10,92.2217
K,E,2004-02-11,92.075
K,E,2004-02-12,91.721
K,E,2004-02-13,91.6148
K,E,2004-02-16,91.7832
K,E,2004-02-17,91.9475
K,E,2004-02-18,91.9248
K,E,2004-02-19,91.8901
K,E,2004-02-20,91.8121
K,E,2004-02-23,91.7183
K,E,2004-02-24,91.8396
K,E,2004-02-25,91.9315
K,E,2004-02-26,92.0036
K,E,2004-02-27,91.8354
K,E,2004-03-01,91.7749
K,E,2004-03-02,91.4742
K,E,2004-03-03,91.5058
K,E,2004-03-04,91.6914
K,E,2004-03-05,91.6817
K,E,2004-03-08,91.4872
K,E,2004-03-09,91.3818
K,E,2004-03-10,91.7269
K,E,2004-03-11,92.1581
K,E,2004-03-12,92.4645
K,E,2004-03-15,92.4199
K,E,2004-03-16,92.3407
K,E,2004-03-17,92.247
K,E,2004-03-18,92.5938
K,E,2004-03-19,92.8783
K,E,2004-03-22,92.9048
K,E,2004-03-23,93.3255
K,E,2004-03-24,93.1258
K,E,2004-03-25,93.4099
K,E,2004-03-26,92.9353
K,E,2004-03-29,92.7746
K,E,2004-03-30,92.6362
K,E,2004-03-31,92.7304
K,E,2004-04-01,92.7324
K,E,2004-04-02,92.487
K,E,2004-04-05,92.3385
K,E,2004-04-06,92.2524
K,E,2004-04-07,92.7329
K,E,2004-04-08,92.9405
K,E,2004-04-09,93.0468
K,E,2004-04-12,93.1542
K,E,2004-04-13,93.2588
K,E,2004-04-14,93.112
K,E,2004-04-15,93.3918
K,E,2004-04-16,93.0408
K,E,2004-04-19,93.2152
K,E,2004-04-20,93.0198
K,E,2004-04-21,92.8046
K,E,2004-04-22,93.014
K,E,2004-04-23,92.5689
K,E,2004-04-26,92.7801
K,E,2004-04-27,93.2546
K,E,2004-04-28,93.3393
K,E,2004-04-29,93.3816
K,E,2004-04-30,93.0831
K,E,2004-05-03,93.0343
K,E,2004-05-04,93.0622
K,E,2004-05-05,93.4268
K,E,2004-05-06,93.1921
K,E,2004-05-07,93.1784
K,E,2004-05-10,93.8037
K,E,2004-05-11,93.7461
K,E,2004-05-12,93.8297
K,E,2004-05-13,94.1131
K,E,2004-05-14,93.9435
K,E,2004-05-17,94.2786
K,E,2004-05-18,94.2125
K,E,2004-05-19,93.9944
K,E,2004-05-20,94.1136
K,E,2004-05-21,94.2347
K,E,2004-05-24,94.218
K,E,2004-05-25,94.1049
K,E,2004-05-26,93.9301
K,E,2004-05-27,94.0591
K,E,2004-05-28,94.5134
K,E,2004-05-31,94.5665
K,E,2004-06-01,94.6209
K,E,2004-06-02,94.7391
K,E,2004-06-03,94.6609
K,E,2004-06-04,94.5266
K,E,2004-06-07,94.8299
K,E,2004-06-08,94.9661
K,E,2004-06-09,95.1562
K,E,2004-06-10,95.3671
K,E,2004-06-11,95.7401
K,E,2004-06-14,95.4236
K,E,2004-06-15,95.1161
K,E,2004-06-16,94.7282
K,E,2004-06-17,95.2677
K,E,2004-06-18,95.4034
K,E,2004-06-21,95.5717
K,E,2004-06-22,95.3616
K,E,2004-06-23,95.0967
K,E,2004-06-24,95.4697
K,E,2004-06-25,95.1519
K,E,2004-06-28,94.6772
K,E,2004-06-29,94.2886
K,E,2004-06-30,94.2662
K,E,2004-07-01,94.517
K,E,2004-07-02,94.8226
K,E,2004-07-05,94.8714
K,E,2004-07-06,94.7378
K,E,2004-07-07,94.8554
K,E,2004-07-08,94.8629
K,E,2004-07-09,94.7394
K,E,2004-07-12,94.8873
K,E,2004-07-13,94.637
K,E,2004-07-14,94.4538
K,E,2004-07-15,94.4343
K,E,2004-07-16,94.4007
K,E,2004-07-19,94.3808
K,E,2004-07-20,94.3462
K,E,2004-07-21,93.9997
K,E,2004-07-22,93.9835
K,E,2004-07-23,94.258
K,E,2004-07-26,94.1097
K,E,2004-07-27,93.9157
K,E,2004-07-28,93.8933
K,E,2004-07-29,93.8099
K,E,2004-07-30,93.6659
K,E,2004-08-02,94.0164
K,E,2004-08-03,93.7966
K,E,2004-08-04,93.5793
K,E,2004-08-05,93.7729
K,E,2004-08-06,93.7283
K,E,2004-08-09,93.7324
K,E,2004-08-10,93.7108
K,E,2004-08-11,93.5444
K,E,2004-08-12,93.6923
K,E,2004-08-13,93.9205
K,E,2004-08-16,94.0042
K,E,2004-08-17,93.9955
K,E,2004-08-18,93.9036
K,E,2004-08-19,93.8273
K,E,2004-08-20,93.8664
K,E,2004-08-23,93.5615
K,E,2004-08-24,93.5075
K,E,2004-08-25,93.698
K,E,2004-08-26,93.6052
K,E,2004-08-27,93.4856
K,E,2004-08-30,93.5432
K,E,2004-08-31,93.3722
K,E,2004-09-01,93.5735
K,E,2004-09-02,93.8939
K,E,2004-09-03,93.8628
K,E,2004-09-06,93.9615
K,E,2004-09-07,93.9347
K,E,2004-09-08,93.8137
K,E,2004-09-09,93.6188
K,E,2004-09-10,93.4117
K,E,2004-09-13,93.4924
K,E,2004-09-14,93.4068
K,E,2004-09-15,93.5015
K,E,2004-09-16,93.4111
K,E,2004-09-17,93.2011
K,E,2004-09-20,93.2805
K,E,2004-09-21,93.1328
K,E,2004-09-22,93.2229
K,E,2004-09-23,93.2666
K,E,2004-09-24,93.2849
K,E,2004-09-27,93.1276
K,E,2004-09-28,92.989
K,E,2004-09-29,92.9429
K,E,2004-09-30,92.9223
K,E,2004-10-01,93.198
K,E,2004-10-04,93.0702
K,E,2004-10-05,92.9794
K,E,2004-10-06,92.9186
K,E,2004-10-07,92.9994
K,E,2004-10-08,93.0979
K,E,2004-10-11,93.1431
K,E,2004-10-12,93.2663
K,E,2004-10-13,93.4202
K,E,2004-10-14,93.5201
K,E,2004-10-15,93.7176
K,E,2004-10-18,93.8161
K,E,2004-10-19,93.7672
K,E,2004-10-20,93.961
K,E,2004-10-21,93.9917
K,E,2004-10-22,93.9367
K,E,2004-10-25,94.2982
K,E,2004-10-26,94.2161
K,E,2004-10-27,94.2907
K,E,2004-10-28,94.2744
K,E,2004-10-29,94.5501
K,E,2004-11-01,94.3871
K,E,2004-11-02,94.2859
K,E,2004-11-03,94.1665
K,E,2004-11-04,94.3471
K,E,2004-11-05,94.3341
K,E,2004-11-08,94.4827
K,E,2004-11-09,94.4626
K,E,2004-11-10,94.5685
K,E,2004-11-11,94.7963
K,E,2004-11-12,94.7767
K,E,2004-11-15,94.7198
K,E,2004-11-16,94.6304
K,E,2004-11-17,94.6901
K,E,2004-11-18,94.986
K,E,2004-11-19,95.1238
K,E,2004-11-22,95.1282
K,E,2004-11-23,94.9498
K,E,2004-11-24,95.0497
K,E,2004-11-25,95.3728
K,E,2004-11-26,95.0413
K,E,2004-11-29,94.9649
K,E,2004-11-30,95.1087
K,E,2004-12-01,94.9301
K,E,2004-12-02,94.6065
K,E,2004-12-03,94.3361
K,E,2004-12-06,94.2853
K,E,2004-12-07,94.1561
K,E,2004-12-08,93.92
K,E,2004-12-09,93.9019
K,E,2004-12-10,93.8988
K,E,2004-12-13,93.7842
K,E,2004-12-14,93.7099
K,E,2004-12-15,94.0064
K,E,2004-12-16,93.9508
K,E,2004-12-17,93.8296
K,E,2004-12-20,93.7363
K,E,2004-12-21,93.5063
K,E,2004-12-22,93.4782
K,E,2004-12-23,93.37
K,E,2004-12-24,93.253
K,E,2004-12-27,93.2008
K,E,2004-12-28,93.2687
K,E,2004-12-29,93.3102
K,E,2004-12-30,93.3374
K,E,2004-12-31,93.4209
K,E,2005-01-03,93.3481
K,E,2005-01-04,93.2053
K,E,2005-01-05,92.9221
K,E,2005-01-06,92.9674
K,E,2005-01-07,93.1653
K,E,2005-01-10,93.1988
K,E,2005-01-11,93.2064
K,E,2005-01-12,93.0357
K,E,2005-01-13,93.1122
K,E,2005-01-14,92.9552
K,E,2005-01-17,93.2745
K,E,2005-01-18,93.2299
K,E,2005-01-19,93.3375
K,E,2005-01-20,93.4533
K,E,2005-01-21,93.1724
K,E,2005-01-24,93.1847
K,E,2005-01-25,93.2737
K,E,2005-01-26,92.9466
K,E,2005-01-27,93.0732
K,E,2005-01-28,93.1574
K,E,2005-01-31,92.912
K,E,2005-02-01,92.7231
K,E,2005-02-02,92.6906
K,E,2005-02-03,92.4654
K,E,2005-02-04,92.3155
K,E,2005-02-07,92.343
K,E,2005-02-08,92.2739
K,E,2005-02-09,92.4133
K,E,2005-02-10,92.414
K,E,2005-02-11,92.4875
K,E,2005-02-14,92.6138
K,E,2005-02-15,92.7262
K,E,2005-02-16,93.0008
K,E,2005-02-17,92.9418
K,E,2005-02-18,93.0018
K,E,2005-02-21,93.0741
K,E,2005-02-22,93.3279
K,E,2005-02-23,93.4942
K,E,2005-02-24,93.4961
K,E,2005-02-25,93.2486
K,E,2005-02-28,93.4514
K,E,2005-03-01,93.6507
K,E,2005-03-02,93.4925
K,E,2005-03-03,93.157
K,E,2005-03-04,92.8897
K,E,2005-03-07,92.9746
K,E,2005-03-08,92.6924
K,E,2005-03-09,92.7813
K,E,2005-03-10,92.869
K,E,2005-03-11,92.896
K,E,2005-03-14,92.829
K,E,2005-03-15,92.8752
K,E,2005-03-16,92.9541
K,E,2005-03-17,93.1638
K,E,2005-03-18,92.9614
K,E,2005-03-21,92.8255
K,E,2005-03-22,92.7235
K,E,2005-03-23,92.6073
K,E,2005-03-24,92.7083
K,E,2005-03-25,92.7276
K,E,2005-03-28,92.7475
K,E,2005-03-29,92.7697
K,E,2005-03-30,92.7902
K,E,2005-03-31,92.8791
K,E,2005-04-01,92.8045
K,E,2005-04-04,92.7208
K,E,2005-04-05,92.6175
K,E,2005-04-06,92.8431
K,E,2005-04-07,92.8296
K,E,2005-04-08,92.8295
K,E,2005-04-11,92.9493
K,E,2005-04-12,92.9171
K,E,2005-04-13,92.9751
K,E,2005-04-14,92.7161
K,E,2005-04-15,92.6214
K,E,2005-04-18,93.015
K,E,2005-04-19,93.0652
K,E,2005-04-20,93.1145
K,E,2005-04-21,93.1854
K,E,2005-04-22,93.1117
K,E,2005-04-25,93.1273
K,E,2005-04-26,93.1009
K,E,2005-04-27,93.1134
K,E,2005-04-28,93.2302
K,E,2005-04-29,93.4232
K,E,2005-05-02,93.2766
K,E,2005-05-03,93.0524
K,E,2005-05-04,93.0491
K,E,2005-05-05,92.8669
K,E,2005-05-06,92.6898
K,E,2005-05-09,92.6341
K,E,2005-05-10,92.7059
K,E,2005-05-11,92.7968
K,E,2005-05-12,92.7561
K,E,2005-05-13,92.8244
K,E,2005-05-16,92.7862
K,E,2005-05-17,92.7473
K,E,2005-05-18,92.9125
K,E,2005-05-19,92.7935
K,E,2005-05-20,92.6507
K,E,2005-05-23,92.5142
K,E,2005-05-24,92.5503
K,E,2005-05-25,92.6108
K,E,2005-05-26,92.6107
K,E,2005-05-27,92.4981
K,E,2005-05-30,92.5817
K,E,2005-05-31,92.729
K,E,2005-06-01,93.3093
K,E,2005-06-02,93.2632
K,E,2005-06-03,93.1877
K,E,2005-06-06,93.3883
K,E,2005-06-07,93.441
K,E,2005-06-08,93.2753
K,E,2005-06-09,93.3514
K,E,2005-06-10,93.2535
K,E,2005-06-13,92.9807
K,E,2005-06-14,92.8973
K,E,2005-06-15,92.9108
K,E,2005-06-16,92.9671
K,E,2005-06-17,92.7566
K,E,2005-06-20,92.5825
K,E,2005-06-21,92.7424
K,E,2005-06-22,92.8828
K,E,2005-06-23,92.7902
K,E,2005-06-24,92.8425
K,E,2005-06-27,92.7551
K,E,2005-06-28,92.5833
K,E,2005-06-29,92.5374
K,E,2005-06-30,92.3171
K,E,2005-07-01,92.0959
K,E,2005-07-04,92.3173
K,E,2005-07-05,92.1632
K,E,2005-07-06,92.0544
K,E,2005-07-07,92.0608
K,E,2005-07-08,92.1219
K,E,2005-07-11,91.9409
K,E,2005-07-12,91.9156
K,E,2005-07-13,91.7959
K,E,2005-07-14,91.7955
K,E,2005-07-15,91.6512
K,E,2005-07-18,91.6394
K,E,2005-07-19,91.4623
K,E,2005-07-20,91.4797
K,E,2005-07-21,91.498
K,E,2005-07-22,91.4554
K,E,2005-07-25,91.4424
K,E,2005-07-26,91.5812
K,E,2005-07-27,91.4686
K,E,2005-07-28,91.3341
K,E,2005-07-29,91.5763
K,E,2005-08-01,91.6871
K,E,2005-08-02,91.8012
K,E,2005-08-03,91.8123
K,E,2005-08-04,91.7565
K,E,2005-08-05,91.6715
K,E,2005-08-08,91.5592
K,E,2005-08-09,91.8093
K,E,2005-08-10,91.7863
K,E,2005-08-11,91.9386
K,E,2005-08-12,92.0312
K,E,2005-08-15,92.1125
K,E,2005-08-16,92.0526
K,E,2005-08-17,92.1636
K,E,2005-08-18,92.4243
K,E,2005-08-19,92.3548
K,E,2005-08-22,92.1106
K,E,2005-08-23,91.9386
K,E,2005-08-24,91.9091
K,E,2005-08-25,92.2488
K,E,2005-08-26,92.4178
K,E,2005-08-29,92.4803
K,E,2005-08-30,92.197
K,E,2005-08-31,92.2446
K,E,2005-09-01,92.4044
K,E,2005-09-02,92.7339
K,E,2005-09-05,92.738
K,E,2005-09-06,92.6397
K,E,2005-09-07,92.6466
K,E,2005-09-08,92.7025
K,E,2005-09-09,92.7769
K,E,2005-09-12,92.6785
K,E,2005-09-13,92.4936
K,E,2005-09-14,92.4926
K,E,2005-09-15,92.6173
K,E,2005-09-16,92.2918
K,E,2005-09-19,92.3114
K,E,2005-09-20,92.2116
K,E,2005-09-21,92.2855
K,E,2005-09-22,92.1853
K,E,2005-09-23,92.0612
K,E,2005-09-26,92.0135
K,E,2005-09-27,91.9749
K,E,2005-09-28,92.0671
K,E,2005-09-29,91.9077
K,E,2005-09-30,92.0845
K,E,2005-10-03,92.1645
K,E,2005-10-04,92.3616
K,E,2005-10-05,92.3288
K,E,2005-10-06,92.6462
K,E,2005-10-07,92.4621
K,E,2005-10-10,92.44
K,E,2005-10-11,92.4931
K,E,2005-10-12,92.4803
K,E,2005-10-13,92.3049
K,E,2005-10-14,92.4169
K,E,2005-10-17,92.2666
K,E,2005-10-18,92.1273
K,E,2005-10-19,92.227
K,E,2005-10-20,92.1809
K,E,2005-10-21,92.4884
K,E,2005-10-24,92.5843
K,E,2005-10-25,92.6438
K,E,2005-10-26,92.4725
K,E,2005-10-27,92.4528
K,E,2005-10-28,92.521
K,E,2005-10-31,92.5351
K,E,2005-11-01,92.4385
K,E,2005-11-02,92.5216
K,E,2005-11-03,92.5957
K,E,2005-11-04,92.5633
K,E,2005-11-07,92.6048
K,E,2005-11-08,92.5888
K,E,2005-11-09,92.6063
K,E,2005-11-10,92.7019
K,E,2005-11-11,92.8909
K,E,2005-11-14,92.7713
K,E,2005-11-15,92.6598
K,E,2005-11-16,92.3803
K,E,2005-11-17,92.325
K,E,2005-11-18,92.2683
K,E,2005-11-21,92.163
K,E,2005-11-22,92.2525
K,E,2005-11-23,92.1417
K,E,2005-11-24,92.0164
K,E,2005-11-25,92.0457
K,E,2005-11-28,92.2843
K,E,2005-11-29,92.2496
K,E,2005-11-30,92.1865
K,E,2005-12-01,92.27
K,E,2005-12-02,92.4628
K,E,2005-12-05,92.4173
K,E,2005-12-06,92.6582
K,E,2005-12-07,92.7153
K,E,2005-12-08,92.8084
K,E,2005-12-09,92.8021
K,E,2005-12-12,92.7749
K,E,2005-12-13,92.6331
K,E,2005-12-14,92.5354
K,E,2005-12-15,92.5959
K,E,2005-12-16,92.5177
K,E,2005-12-19,92.1603
K,E,2005-12-20,92.0391
K,E,2005-12-21,92.0318
K,E,2005-12-22,91.9494
K,E,2005-12-23,91.8148
K,E,2005-12-26,91.8232
K,E,2005-12-27,91.83
K,E,2005-12-28,91.7677
K,E,2005-12-29,91.7476
K,E,2005-12-30,91.9072
K,E,2006-01-02,92.0056
K,E,2006-01-03,92.1046
K,E,2006-01-04,92.1806
K,E,2006-01-05,92.3592
K,E,2006-01-06,92.5715
K,E,2006-01-09,92.7669
K,E,2006-01-10,92.7411
K,E,2006-01-11,92.4917
K,E,2006-01-12,92.4385
K,E,2006-01-13,92.4473
K,E,2006-01-16,92.3357
K,E,2006-01-17,92.3331
K,E,2006-01-18,92.4336
K,E,2006-01-19,92.1362
K,E,2006-01-20,92.1971
K,E,2006-01-23,92.3457
K,E,2006-01-24,92.3415
K,E,2006-01-25,92.2526
K,E,2006-01-26,92.3638
K,E,2006-01-27,92.1946
K,E,2006-01-30,91.9744
K,E,2006-01-31,92.0417
K,E,2006-02-01,92.0538
K,E,2006-02-02,91.9532
K,E,2006-02-03,91.8934
K,E,2006-02-06,91.9399
K,E,2006-02-07,91.8549
K,E,2006-02-08,92.0852
K,E,2006-02-09,91.972
K,E,2006-02-10,91.9557
K,E,2006-02-13,91.9382
K,E,2006-02-14,91.8642
K,E,2006-02-15,91.7451
K,E,2006-02-16,91.7974
K,E,2006-02-17,91.6014
K,E,2006-02-20,91.5102
K,E,2006-02-21,91.5908
K,E,2006-02-22,91.7666
K,E,2006-02-23,91.5886
K,E,2006-02-24,91.5717
K,E,2006-02-27,91.3433
K,E,2006-02-28,91.2579
K,E,2006-03-01,91.444
K,E,2006-03-02,91.2852
K,E,2006-03-03,91.4061
K,E,2006-03-06,91.5318
K,E,2006-03-07,91.6144
K,E,2006-03-08,91.4689
K,E,2006-03-09,91.3854
K,E,2006-03-10,91.1612
K,E,2006-03-13,90.8859
K,E,2006-03-14,91.0866
K,E,2006-03-15,91.1175
K,E,2006-03-16,91.2235
K,E,2006-03-17,90.7716
K,E,2006-03-20,90.7049
K,E,2006-03-21,90.7876
K,E,2006-03-22,90.611
K,E,2006-03-23,90.458
K,E,2006-03-24,90.3732
K,E,2006-03-27,90.5766
K,E,2006-03-28,90.611
K,E,2006-03-29,90.6374
K,E,2006-03-30,90.4159
K,E,2006-03-31,90.2045
K,E,2006-04-03,90.1753
K,E,2006-04-04,90.0599
K,E,2006-04-05,90.2702
K,E,2006-04-06,90.2501
K,E,2006-04-07,90.3498
K,E,2006-04-10,90.4754
K,E,2006-04-11,90.2933
K,E,2006-04-12,90.4706
K,E,2006-04-13,90.6427
K,E,2006-04-14,90.729
K,E,2006-04-17,90.8176
K,E,2006-04-18,90.9099
K,E,2006-04-19,90.8561
K,E,2006-04-20,90.7468
K,E,2006-04-21,90.5152
K,E,2006-04-24,90.5856
K,E,2006-04-25,90.5294
K,E,2006-04-26,90.3326
K,E,2006-04-27,90.1233
K,E,2006-04-28,90.406
K,E,2006-05-01,90.7568
K,E,2006-05-02,91.1057
K,E,2006-05-03,91.1819
K,E,2006-05-04,91.2283
K,E,2006-05-05,91.2228
K,E,2006-05-08,91.3434
K,E,2006-05-09,91.332
K,E,2006-05-10,91.4696
K,E,2006-05-11,91.1924
K,E,2006-05-12,91.6992
K,E,2006-05-15,91.8102
K,E,2006-05-16,91.6635
K,E,2006-05-17,91.7861
K,E,2006-05-18,91.8798
K,E,2006-05-19,91.4652
K,E,2006-05-22,91.7739
K,E,2006-05-23,91.7731
K,E,2006-05-24,91.7475
K,E,2006-05-25,91.5433
K,E,2006-05-26,91.3386
K,E,2006-05-29,91.1471
K,E,2006-05-30,91.2087
K,E,2006-05-31,91.2715
K,E,2006-06-01,91.0826
K,E,2006-06-02,90.8829
K,E,2006-06-05,91.0918
K,E,2006-06-06,91.3004
K,E,2006-06-07,91.0917
K,E,2006-06-08,91.0468
K,E,2006-06-09,91.1746
K,E,2006-06-12,91.4302
K,E,2006-06-13,91.5367
K,E,2006-06-14,91.5165
K,E,2006-06-15,91.4531
K,E,2006-06-16,91.3284
K,E,2006-06-19,91.2062
K,E,2006-06-20,91.0408
K,E,2006-06-21,91.0367
K,E,2006-06-22,90.8502
K,E,2006-06-23,90.7975
K,E,2006-06-26,90.8761
K,E,2006-06-27,90.6551
K,E,2006-06-28,90.768
K,E,2006-06-29,90.7607
K,E,2006-06-30,90.6088
K,E,2006-07-03,90.6626
K,E,2006-07-04,90.5445
K,E,2006-07-05,90.617
K,E,2006-07-06,90.5463
K,E,2006-07-07,90.4772
K,E,2006-07-10,90.685
K,E,2006-07-11,90.7558
K,E,2006-07-12,90.7087
K,E,2006-07-13,90.8406
K,E,2006-07-14,90.9962
K,E,2006-07-17,91.0016
K,E,2006-07-18,90.827
K,E,2006-07-19,90.7208
K,E,2006-07-20,90.4711
K,E,2006-07-21,90.515
K,E,2006-07-24,90.2974
K,E,2006-07-25,90.2998
K,E,2006-07-26,90.2442
K,E,2006-07-27,90.2411
K,E,2006-07-28,90.4033
K,E,2006-07-31,90.4144
K,E,2006-08-01,90.4293
K,E,2006-08-02,90.4418
K,E,2006-08-03,90.2974
K,E,2006-08-04,90.1611
K,E,2006-08-07,90.3841
K,E,2006-08-08,90.3631
K,E,2006-08-09,90.3068
K,E,2006-08-10,90.2088
K,E,2006-08-11,89.9838
K,E,2006-08-14,89.9009
K,E,2006-08-15,89.8923
K,E,2006-08-16,89.9045
K,E,2006-08-17,90.0605
K,E,2006-08-18,89.9118
K,E,2006-08-21,89.9932
K,E,2006-08-22,90.01
K,E,2006-08-23,89.8662
K,E,2006-08-24,89.8165
K,E,2006-08-25,89.8056
K,E,2006-08-28,89.7957
K,E,2006-08-29,89.9177
K,E,2006-08-30,90.076
K,E,2006-08-31,90.0302
K,E,2006-09-01,89.9533
K,E,2006-09-04,89.781
K,E,2006-09-05,89.684
K,E,2006-09-06,89.6807
K,E,2006-09-07,89.6839
K,E,2006-09-08,89.6604
K,E,2006-09-11,89.7288
K,E,2006-09-12,89.762
K,E,2006-09-13,89.2881
K,E,2006-09-14,89.4242
K,E,2006-09-15,88.851
K,E,2006-09-18,89.2749
K,E,2006-09-19,89.0948
K,E,2006-09-20,89.2581
K,E,2006-09-21,89.3251
K,E,2006-09-22,89.344
K,E,2006-09-25,89.7618
K,E,2006-09-26,89.7442
K,E,2006-09-27,89.7565
K,E,2006-09-28,89.4664
K,E,2006-09-29,89.2548
K,E,2006-10-02,89.3507
K,E,2006-10-03,89.3253
K,E,2006-10-04,89.2766
K,E,2006-10-05,89.0811
K,E,2006-10-06,89.054
K,E,2006-10-09,89.1477
K,E,2006-10-10,88.978
K,E,2006-10-11,88.8004
K,E,2006-10-12,88.8491
K,E,2006-10-13,88.7903
K,E,2006-10-16,88.8791
K,E,2006-10-17,88.9248
K,E,2006-10-18,88.9311
K,E,2006-10-19,88.9265
K,E,2006-10-20,89.0221
K,E,2006-10-23,88.9308
K,E,2006-10-24,88.8006
K,E,2006-10-25,88.8568
K,E,2006-10-26,88.7812
K,E,2006-10-27,88.8069
K,E,2006-10-30,88.8826
K,E,2006-10-31,88.9579
K,E,2006-11-01,88.9729
K,E,2006-11-02,88.8484
K,E,2006-11-03,88.7847
K,E,2006-11-06,88.5329
K,E,2006-11-07,88.4395
K,E,2006-11-08,88.527
K,E,2006-11-09,88.4996
K,E,2006-11-10,88.6587
K,E,2006-11-13,88.6778
K,E,2006-11-14,88.6083
K,E,2006-11-15,88.3524
K,E,2006-11-16,88.3539
K,E,2006-11-17,88.3599
K,E,2006-11-20,88.5443
K,E,2006-11-21,88.6227
K,E,2006-11-22,88.7319
K,E,2006-11-23,89.0256
K,E,2006-11-24,89.1945
K,E,2006-11-27,89.1476
K,E,2006-11-28,89.1013
K,E,2006-11-29,88.8705
K,E,2006-11-30,88.7134
K,E,2006-12-01,88.9517
K,E,2006-12-04,88.6847
K,E,2006-12-05,88.7028
K,E,2006-12-06,88.8564
K,E,2006-12-07,88.8335
K,E,2006-12-08,88.7839
K,E,2006-12-11,88.7371
K,E,2006-12-12,88.6162
K,E,2006-12-13,88.4616
K,E,2006-12-14,88.2406
K,E,2006-12-15,88.2149
K,E,2006-12-18,88.1226
K,E,2006-12-19,87.8904
K,E,2006-12-20,87.7454
K,E,2006-12-21,87.8086
K,E,2006-12-22,87.8241
K,E,2006-12-25,87.7887
K,E,2006-12-26,87.753
K,E,2006-12-27,87.7166
K,E,2006-12-28,87.4356
K,E,2006-12-29,87.5646
K,E,2007-01-01,87.3966
K,E,2007-01-02,87.2347
K,E,2007-01-03,87.0695
K,E,2007-01-04,87.1177
K,E,2007-01-05,87.3637
K,E,2007-01-08,87.3924
K,E,2007-01-09,87.1336
K,E,2007-01-10,87.0375
K,E,2007-01-11,86.92
K,E,2007-01-12,87.0759
K,E,2007-01-15,87.1047
K,E,2007-01-16,87.0548
K,E,2007-01-17,87.0548
K,E,2007-01-18,86.7542
K,E,2007-01-19,86.8398
K,E,2007-01-22,86.7773
K,E,2007-01-23,86.784
K,E,2007-01-24,86.848
K,E,2007-01-25,86.8626
K,E,2007-01-26,86.8853
K,E,2007-01-29,86.6497
K,E,2007-01-30,86.4996
K,E,2007-01-31,86.4734
K,E,2007-02-01,86.7486
K,E,2007-02-02,86.7907
K,E,2007-02-05,86.8303
K,E,2007-02-06,87.0608
K,E,2007-02-07,87.1696
K,E,2007-02-08,86.596
K,E,2007-02-09,86.4713
K,E,2007-02-12,86.492
K,E,2007-02-13,86.4526
K,E,2007-02-14,86.3073
K,E,2007-02-15,86.368
K,E,2007-02-16,86.5826
K,E,2007-02-19,86.6188
K,E,2007-02-20,86.3883
K,E,2007-02-21,86.362
K,E,2007-02-22,86.3333
K,E,2007-02-23,86.4124
K,E,2007-02-26,86.6284
K,E,2007-02-27,86.7925
K,E,2007-02-28,87.078
K,E,2007-03-01,87.0627
K,E,2007-03-02,87.0957
K,E,2007-03-05,87.895
K,E,2007-03-06,87.6769
K,E,2007-03-07,87.4897
K,E,2007-03-08,87.3972
K,E,2007-03-09,87.0692
K,E,2007-03-12,86.8286
K,E,2007-03-13,87.053
K,E,2007-03-14,87.3802
K,E,2007-03-15,87.1155
K,E,2007-03-16,87.3778
K,E,2007-03-19,87.1544
K,E,2007-03-20,87.0644
K,E,2007-03-21,86.9292
K,E,2007-03-22,86.7317
K,E,2007-03-23,86.7952
K,E,2007-03-26,86.6941
K,E,2007-03-27,86.6166
K,E,2007-03-28,86.8139
K,E,2007-03-29,86.5681
K,E,2007-03-30,86.3674
K,E,2007-04-02,86.4979
K,E,2007-04-03,86.2474
K,E,2007-04-04,86.1708
K,E,2007-04-05,86.0196
K,E,2007-04-06,85.93
K,E,2007-04-09,85.8417
K,E,2007-04-10,85.7533
K,E,2007-04-11,85.7515
K,E,2007-04-12,85.4729
K,E,2007-04-13,85.6907
K,E,2007-04-16,85.3329
K,E,2007-04-17,85.4863
K,E,2007-04-18,85.6452
K,E,2007-04-19,85.8915
K,E,2007-04-20,85.3815
K,E,2007-04-23,85.561
K,E,2007-04-24,85.6527
K,E,2007-04-25,85.4563
K,E,2007-04-26,85.3673
K,E,2007-04-27,85.4654
K,E,2007-04-30,85.3865
K,E,2007-05-01,85.1739
K,E,2007-05-02,84.9604
K,E,2007-05-03,85.1964
K,E,2007-05-04,85.1925
K,E,2007-05-07,85.2807
K,E,2007-05-08,85.0693
K,E,2007-05-09,85.1114
K,E,2007-05-10,85.1066
K,E,2007-05-11,85.3987
K,E,2007-05-14,84.9931
K,E,2007-05-15,85.108
K,E,2007-05-16,84.9667
K,E,2007-05-17,84.882
K,E,2007-05-18,84.798
K,E,2007-05-21,84.699700000000007
K,E,2007-05-22,84.7928
K,E,2007-05-23,85.009
K,E,2007-05-24,85.0389
K,E,2007-05-25,85.1422
K,E,2007-05-28,85.1149
K,E,2007-05-29,85.0906
K,E,2007-05-30,85.3069
K,E,2007-05-31,85.2428
K,E,2007-06-01,85.0398
K,E,2007-06-04,85.011
K,E,2007-06-05,85.1249
K,E,2007-06-06,85.3189
K,E,2007-06-07,85.286
K,E,2007-06-08,85.3239
K,E,2007-06-11,84.991
K,E,2007-06-12,84.797
K,E,2007-06-13,84.9073
K,E,2007-06-14,84.6852
K,E,2007-06-15,84.6968
K,E,2007-06-18,84.4516
K,E,2007-06-19,84.3976
K,E,2007-06-20,84.4095
K,E,2007-06-21,84.4869
K,E,2007-06-22,84.5891
K,E,2007-06-25,84.882
K,E,2007-06-26,84.8404
K,E,2007-06-27,84.9628
K,E,2007-06-28,84.8056
K,E,2007-06-29,84.6593
K,E,2007-07-02,85.0482
K,E,2007-07-03,84.8167
K,E,2007-07-04,84.6864
K,E,2007-07-05,84.7914
K,E,2007-07-06,84.6325
K,E,2007-07-09,84.5917
K,E,2007-07-10,84.6076
K,E,2007-07-11,84.7731
K,E,2007-07-12,84.603
K,E,2007-07-13,84.5594
K,E,2007-07-16,84.6554
K,E,2007-07-17,84.8033
K,E,2007-07-18,84.6737
K,E,2007-07-19,84.5678
K,E,2007-07-20,84.3611
K,E,2007-07-23,84.4398
K,E,2007-07-24,84.1579
K,E,2007-07-25,84.1541
K,E,2007-07-26,84.2494
K,E,2007-07-27,84.6788
K,E,2007-07-30,85.0699
K,E,2007-07-31,84.9067
K,E,2007-08-01,85.057
K,E,2007-08-02,85.1939
K,E,2007-08-03,84.8177
K,E,2007-08-06,85.416
K,E,2007-08-07,85.1796
K,E,2007-08-08,85.0718
K,E,2007-08-09,85.1373
K,E,2007-08-10,85.6157
K,E,2007-08-13,85.4772
K,E,2007-08-14,85.3502
K,E,2007-08-15,85.396
K,E,2007-08-16,85.6117
K,E,2007-08-17,86.2291
K,E,2007-08-20,85.8532
K,E,2007-08-21,86.227
K,E,2007-08-22,85.9057
K,E,2007-08-23,85.477
K,E,2007-08-24,85.5648
K,E,2007-08-27,85.0668
K,E,2007-08-28,85.3048
K,E,2007-08-29,85.5048
K,E,2007-08-30,85.1396
K,E,2007-08-31,84.8728
K,E,2007-09-03,84.7969
K,E,2007-09-04,84.9687
K,E,2007-09-05,84.7747
K,E,2007-09-06,84.9387
K,E,2007-09-07,85.0212
K,E,2007-09-10,85.4425
K,E,2007-09-11,85.2434
K,E,2007-09-12,85.1169
K,E,2007-09-13,84.9141
K,E,2007-09-14,84.9131
K,E,2007-09-17,84.8504
K,E,2007-09-18,84.9505
K,E,2007-09-19,84.6991
K,E,2007-09-20,84.771
K,E,2007-09-21,84.7202
K,E,2007-09-24,84.6082
K,E,2007-09-25,84.7485
K,E,2007-09-26,84.6426
K,E,2007-09-27,84.3917
K,E,2007-09-28,84.252
K,E,2007-10-01,83.9548
K,E,2007-10-02,84.0409
K,E,2007-10-03,83.9709
K,E,2007-10-04,84.0796
K,E,2007-10-05,84.132
K,E,2007-10-08,83.9011
K,E,2007-10-09,83.8582
K,E,2007-10-10,83.6675
K,E,2007-10-11,83.4858
K,E,2007-10-12,83.2482
K,E,2007-10-15,83.2547
K,E,2007-10-16,83.2957
K,E,2007-10-17,83.3502
K,E,2007-10-18,83.493
K,E,2007-10-19,83.4561
K,E,2007-10-22,83.7625
K,E,2007-10-23,83.7018
K,E,2007-10-24,83.5213
K,E,2007-10-25,83.5377
K,E,2007-10-26,83.4005
K,E,2007-10-29,83.2611
K,E,2007-10-30,83.1688
K,E,2007-10-31,83.3655
K,E,2007-11-01,83.1709
K,E,2007-11-02,83.5426
K,E,2007-11-05,83.4921
K,E,2007-11-06,83.7318
K,E,2007-11-07,83.8833
K,E,2007-11-08,84.0686
K,E,2007-11-09,84.4406
K,E,2007-11-12,84.8769
K,E,2007-11-13,84.9105
K,E,2007-11-14,84.7774
K,E,2007-11-15,84.8945
K,E,2007-11-16,85.0971
K,E,2007-11-19,85.2487
K,E,2007-11-20,85.2816
K,E,2007-11-21,85.3503
K,E,2007-11-22,85.4331
K,E,2007-11-23,85.4635
K,E,2007-11-26,85.3486
K,E,2007-11-27,85.5559
K,E,2007-11-28,85.0395
K,E,2007-11-29,84.7774
K,E,2007-11-30,84.5644
K,E,2007-12-03,84.5965
K,E,2007-12-04,84.5802
K,E,2007-12-05,84.8297
K,E,2007-12-06,84.8451
K,E,2007-12-07,84.5419
K,E,2007-12-10,84.5112
K,E,2007-12-11,84.1152
K,E,2007-12-12,84.0941
K,E,2007-12-13,83.8305
K,E,2007-12-14,83.7792
K,E,2007-12-17,84.2314
K,E,2007-12-18,84.3361
K,E,2007-12-19,84.2459
K,E,2007-12-20,84.2589
K,E,2007-12-21,84.0987
K,E,2007-12-24,84.0177
K,E,2007-12-25,83.9327
K,E,2007-12-26,83.8483
K,E,2007-12-27,83.7624
K,E,2007-12-28,84.0072
K,E,2007-12-31,84.3105
K,E,2008-01-01,84.539
K,E,2008-01-02,84.7691
K,E,2008-01-03,85.0049
K,E,2008-01-04,85.3216
K,E,2008-01-07,85.1891
K,E,2008-01-08,85.0142
K,E,2008-01-09,85.3212
K,E,2008-01-10,85.367
K,E,2008-01-11,85.7189
K,E,2008-01-14,85.9302
K,E,2008-01-15,85.9811
K,E,2008-01-16,86.5299
K,E,2008-01-17,86.2972
K,E,2008-01-18,86.4345
K,E,2008-01-21,87.2361
K,E,2008-01-22,87.111
K,E,2008-01-23,87.2549
K,E,2008-01-24,87.508
K,E,2008-01-25,86.5785
K,E,2008-01-28,86.8436
K,E,2008-01-29,86.4448
K,E,2008-01-30,86.4546
K,E,2008-01-31,86.7855
K,E,2008-02-01,86.8217
K,E,2008-02-04,86.3522
K,E,2008-02-05,86.0613
K,E,2008-02-06,86.8679
K,E,2008-02-07,86.8557
K,E,2008-02-08,87.0331
K,E,2008-02-11,87.3733
K,E,2008-02-12,87.1621
K,E,2008-02-13,86.7705
K,E,2008-02-14,86.3158
K,E,2008-02-15,86.6522
K,E,2008-02-18,86.5611
K,E,2008-02-19,86.4052
K,E,2008-02-20,86.4373
K,E,2008-02-21,86.1881
K,E,2008-02-22,86.3956
K,E,2008-02-25,86.4021
K,E,2008-02-26,86.3315
K,E,2008-02-27,86.6148
K,E,2008-02-28,86.861
K,E,2008-02-29,87.3897
K,E,2008-03-03,88.487
K,E,2008-03-04,88.2586
K,E,2008-03-05,88.3158
K,E,2008-03-06,88.1343
K,E,2008-03-07,88.7645
K,E,2008-03-10,88.7468
K,E,2008-03-11,88.8518
K,E,2008-03-12,88.0015
K,E,2008-03-13,88.674
K,E,2008-03-14,88.5708
K,E,2008-03-17,89.9785
K,E,2008-03-18,89.4101
K,E,2008-03-19,89.2207
K,E,2008-03-20,88.9988
K,E,2008-03-21,88.8155
K,E,2008-03-24,88.6323
K,E,2008-03-25,88.4471
K,E,2008-03-26,88.6462
K,E,2008-03-27,88.7172
K,E,2008-03-28,88.6174
K,E,2008-03-31,88.7707
K,E,2008-04-01,88.6648
K,E,2008-04-02,88.1778
K,E,2008-04-03,87.9501
K,E,2008-04-04,88.0058
K,E,2008-04-07,87.5774
K,E,2008-04-08,87.6949
K,E,2008-04-09,87.5791
K,E,2008-04-10,88.5449
K,E,2008-04-11,87.7796
K,E,2008-04-14,88.3173
K,E,2008-04-15,88.1329
K,E,2008-04-16,87.6958
K,E,2008-04-17,87.4927
K,E,2008-04-18,86.9711
K,E,2008-04-21,86.8424
K,E,2008-04-22,86.7801
K,E,2008-04-23,86.8029
K,E,2008-04-24,86.4566
K,E,2008-04-25,86.0394
K,E,2008-04-28,86.3318
K,E,2008-04-29,86.2679
K,E,2008-04-30,86.387
K,E,2008-05-01,86.1787
K,E,2008-05-02,85.9696
K,E,2008-05-05,85.5173
K,E,2008-05-06,85.5539
K,E,2008-05-07,85.4405
K,E,2008-05-08,86.1603
K,E,2008-05-09,86.3794
K,E,2008-05-12,86.1991
K,E,2008-05-13,86.0201
K,E,2008-05-14,85.5005
K,E,2008-05-15,85.3776
K,E,2008-05-16,85.5069
K,E,2008-05-19,85.6027
K,E,2008-05-20,85.5218
K,E,2008-05-21,85.711
K,E,2008-05-22,86.0197
K,E,2008-05-23,86.1418
K,E,2008-05-26,86.1376
K,E,2008-05-27,86.1367
K,E,2008-05-28,85.9723
K,E,2008-05-29,85.6
K,E,2008-05-30,85.5589
K,E,2008-06-02,86.0931
K,E,2008-06-03,86.6115
K,E,2008-06-04,86.6376
K,E,2008-06-05,86.1975
K,E,2008-06-06,85.8328
K,E,2008-06-09,86.4762
K,E,2008-06-10,86.5871
K,E,2008-06-11,86.2819
K,E,2008-06-12,86.6696
K,E,2008-06-13,86.3844
K,E,2008-06-16,86.303
K,E,2008-06-17,86.2639
K,E,2008-06-18,86.065
K,E,2008-06-19,86.1658
K,E,2008-06-20,85.9203
K,E,2008-06-23,85.9114
K,E,2008-06-24,85.8121
K,E,2008-06-25,85.7654
K,E,2008-06-26,85.8515
K,E,2008-06-27,86.5274
K,E,2008-06-30,86.6389
K,E,2008-07-01,86.4863
K,E,2008-07-02,86.3455
K,E,2008-07-03,86.3745
K,E,2008-07-04,86.3809
K,E,2008-07-07,86.2402
K,E,2008-07-08,86.4904
K,E,2008-07-09,85.8429
K,E,2008-07-10,85.8326
K,E,2008-07-11,85.6955
K,E,2008-07-14,85.6896
K,E,2008-07-15,86.5169
K,E,2008-07-16,86.7489
K,E,2008-07-17,86.3063
K,E,2008-07-18,86.0195
K,E,2008-07-21,85.8126
K,E,2008-07-22,85.9357
K,E,2008-07-23,85.4373
K,E,2008-07-24,85.5133
K,E,2008-07-25,85.6013
K,E,2008-07-28,85.4406
K,E,2008-07-29,85.543
K,E,2008-07-30,85.3154
K,E,2008-07-31,85.0941
K,E,2008-08-01,85.1394
K,E,2008-08-04,85.183
K,E,2008-08-05,85.26
K,E,2008-08-06,85.377
K,E,2008-08-07,85.1736
K,E,2008-08-08,85.4175
K,E,2008-08-11,85.7792
K,E,2008-08-12,85.8188
K,E,2008-08-13,85.6764
K,E,2008-08-14,85.8362
K,E,2008-08-15,85.8941
K,E,2008-08-18,86.0891
K,E,2008-08-19,86.2373
K,E,2008-08-20,85.982
K,E,2008-08-21,85.8886
K,E,2008-08-22,85.7382
K,E,2008-08-25,85.7441
K,E,2008-08-26,85.9764
K,E,2008-08-27,86.2572
K,E,2008-08-28,86.1482
K,E,2008-08-29,86.1388
K,E,2008-09-01,86.4468
K,E,2008-09-02,86.2562
K,E,2008-09-03,86.4935
K,E,2008-09-04,86.7344
K,E,2008-09-05,87.527
K,E,2008-09-08,86.7003
K,E,2008-09-09,87.0893
K,E,2008-09-10,87.2027
K,E,2008-09-11,87.7239
K,E,2008-09-12,86.951
K,E,2008-09-15,87.4532
K,E,2008-09-16,88.2825
K,E,2008-09-17,87.3827
K,E,2008-09-18,87.7567
K,E,2008-09-19,87.2411
K,E,2008-09-22,87.1284
K,E,2008-09-23,87.3316
K,E,2008-09-24,87.2773
K,E,2008-09-25,87.285
K,E,2008-09-26,87.6085
K,E,2008-09-29,87.8677
K,E,2008-09-30,88.2485
K,E,2008-10-01,88.1843
K,E,2008-10-02,88.5645
K,E,2008-10-03,88.7569
K,E,2008-10-06,89.7631
K,E,2008-10-07,90.0021
K,E,2008-10-08,90.0683
K,E,2008-10-09,89.8806
K,E,2008-10-10,91.4473
K,E,2008-10-13,90.3708
K,E,2008-10-14,89.9185
K,E,2008-10-15,89.8048
K,E,2008-10-16,90.8734
K,E,2008-10-17,91.0237
K,E,2008-10-20,90.7853
K,E,2008-10-21,91.0671
K,E,2008-10-22,92.4523
K,E,2008-10-23,92.9332
K,E,2008-10-24,94.1278
K,E,2008-10-27,96.4907
K,E,2008-10-28,95.46
K,E,2008-10-29,94.6869
K,E,2008-10-30,93.5318
K,E,2008-10-31,94.8451
K,E,2008-11-03,93.2959
K,E,2008-11-04,93.2628
K,E,2008-11-05,92.4491
K,E,2008-11-06,92.1998
K,E,2008-11-07,92.3709
K,E,2008-11-10,91.9108
K,E,2008-11-11,92.4049
K,E,2008-11-12,93.2041
K,E,2008-11-13,93.2384
K,E,2008-11-14,91.8722
K,E,2008-11-17,91.7101
K,E,2008-11-18,91.69
K,E,2008-11-19,91.0706
K,E,2008-11-20,91.2913
K,E,2008-11-21,90.1754
K,E,2008-11-24,90.0365
K,E,2008-11-25,89.7121
K,E,2008-11-26,89.5058
K,E,2008-11-27,89.5579
K,E,2008-11-28,89.5415
K,E,2008-12-01,90.4752
K,E,2008-12-02,90.9613
K,E,2008-12-03,90.5392
K,E,2008-12-04,90.2579
K,E,2008-12-05,90.2311
K,E,2008-12-08,88.7891
K,E,2008-12-09,88.8677
K,E,2008-12-10,88.7464
K,E,2008-12-11,88.5571
K,E,2008-12-12,88.0476
K,E,2008-12-15,87.6979
K,E,2008-12-16,87.5904
K,E,2008-12-17,87.9287
K,E,2008-12-18,90.2394
K,E,2008-12-19,89.6526
K,E,2008-12-22,89.824700000000007
K,E,2008-12-23,90.7458
K,E,2008-12-24,91.4618
K,E,2008-12-25,91.6705
K,E,2008-12-26,91.8823
K,E,2008-12-29,92.099
K,E,2008-12-30,92.56
K,E,2008-12-31,92.9101
K,E,2009-01-01,92.5311
K,E,2009-01-02,92.1574
K,E,2009-01-05,91.7813
K,E,2009-01-06,91.8847
K,E,2009-01-07,92.1031
K,E,2009-01-08,92.1567
K,E,2009-01-09,92.3855
K,E,2009-01-12,92.087
K,E,2009-01-13,93.1444
K,E,2009-01-14,93.3512
K,E,2009-01-15,93.7666
K,E,2009-01-16,93.1355
K,E,2009-01-19,92.7631
K,E,2009-01-20,92.9065
K,E,2009-01-21,93.4822
K,E,2009-01-22,91.4175
K,E,2009-01-23,92.3502
K,E,2009-01-26,91.8792
K,E,2009-01-27,91.4816
K,E,2009-01-28,91.5051
K,E,2009-01-29,91.4279
K,E,2009-01-30,92.7993
K,E,2009-02-02,92.904
K,E,2009-02-03,92.4307
K,E,2009-02-04,92.4358
K,E,2009-02-05,92.5446
K,E,2009-02-06,92.016
K,E,2009-02-09,91.6773
K,E,2009-02-10,91.6549
K,E,2009-02-11,92.3647
K,E,2009-02-12,92.3146
K,E,2009-02-13,92.1166
K,E,2009-02-16,92.4992
K,E,2009-02-17,93.3168
K,E,2009-02-18,93.5176
K,E,2009-02-19,92.7077
K,E,2009-02-20,92.1928
K,E,2009-02-23,92.6441
K,E,2009-02-24,93.2625
K,E,2009-02-25,92.6449
K,E,2009-02-26,92.8499
K,E,2009-02-27,92.8747
K,E,2009-03-02,93.2361
K,E,2009-03-03,93.0005
K,E,2009-03-04,93.2948
K,E,2009-03-05,93.3737
K,E,2009-03-06,94.1235
K,E,2009-03-09,94.2364
K,E,2009-03-10,94.0802
K,E,2009-03-11,93.5403
K,E,2009-03-12,93.3798
K,E,2009-03-13,89.9919
K,E,2009-03-16,89.7802
K,E,2009-03-17,89.7156
K,E,2009-03-18,89.913
K,E,2009-03-19,89.6879
K,E,2009-03-20,90.054
K,E,2009-03-23,89.7631
K,E,2009-03-24,90.3048
K,E,2009-03-25,90.6743
K,E,2009-03-26,90.589
K,E,2009-03-27,90.3672
K,E,2009-03-30,91.028
K,E,2009-03-31,91.0386
K,E,2009-04-01,91.339
K,E,2009-04-02,90.7973
K,E,2009-04-03,90.4195
K,E,2009-04-06,90.4187
K,E,2009-04-07,90.8758
K,E,2009-04-08,91.1362
K,E,2009-04-09,90.5922
K,E,2009-04-10,90.711
K,E,2009-04-13,90.8307
K,E,2009-04-14,90.9504
K,E,2009-04-15,91.2564
K,E,2009-04-16,91.2632
K,E,2009-04-17,90.8286
K,E,2009-04-20,90.9869
K,E,2009-04-21,91.1183
K,E,2009-04-22,91.3224
K,E,2009-04-23,90.812
K,E,2009-04-24,91.3531
K,E,2009-04-27,91.4841
K,E,2009-04-28,91.6896
K,E,2009-04-29,91.7032
K,E,2009-04-30,91.3637
K,E,2009-05-01,91.3821
K,E,2009-05-04,91.4002
K,E,2009-05-05,91.2228
K,E,2009-05-06,91.4986
K,E,2009-05-07,91.2323
K,E,2009-05-08,91.1462
K,E,2009-05-11,91.5241
K,E,2009-05-12,91.4645
K,E,2009-05-13,91.4976
K,E,2009-05-14,91.6135
K,E,2009-05-15,91.7477
K,E,2009-05-18,91.1842
K,E,2009-05-19,91.1864
K,E,2009-05-20,91.1991
K,E,2009-05-21,91.0086
K,E,2009-05-22,90.8195
K,E,2009-05-25,90.967
K,E,2009-05-26,91.0603
K,E,2009-05-27,91.1453
K,E,2009-05-28,91.3147
K,E,2009-05-29,91.2258
K,E,2009-06-01,91.2203
K,E,2009-06-02,91.2156
K,E,2009-06-03,90.902
K,E,2009-06-04,91.1276
K,E,2009-06-05,90.985
K,E,2009-06-08,90.9086
K,E,2009-06-09,91.1008
K,E,2009-06-10,91.1071
K,E,2009-06-11,91.2821
K,E,2009-06-12,91.4666
K,E,2009-06-15,91.401
K,E,2009-06-16,91.715
K,E,2009-06-17,91.5942
K,E,2009-06-18,91.9422
K,E,2009-06-19,91.417
K,E,2009-06-22,91.8015
K,E,2009-06-23,91.9926
K,E,2009-06-24,91.978
K,E,2009-06-25,90.5279
K,E,2009-06-26,90.3055
K,E,2009-06-29,90.6203
K,E,2009-06-30,90.7244
K,E,2009-07-01,90.7119
K,E,2009-07-02,90.7539
K,E,2009-07-03,90.9484
K,E,2009-07-06,91.0027
K,E,2009-07-07,91.1136
K,E,2009-07-08,91.281
K,E,2009-07-09,91.3434
K,E,2009-07-10,91.3347
K,E,2009-07-13,91.3397
K,E,2009-07-14,91.2297
K,E,2009-07-15,91.0161
K,E,2009-07-16,91.2033
K,E,2009-07-17,91.0314
K,E,2009-07-20,90.9188
K,E,2009-07-21,90.9992
K,E,2009-07-22,91.1782
K,E,2009-07-23,91.019
K,E,2009-07-24,90.6956
K,E,2009-07-27,90.7276
K,E,2009-07-28,90.7095
K,E,2009-07-29,90.807
K,E,2009-07-30,90.3971
K,E,2009-07-31,90.0971
K,E,2009-08-03,90.5917
K,E,2009-08-04,90.4676
K,E,2009-08-05,90.4416
K,E,2009-08-06,90.336
K,E,2009-08-07,90.3579
K,E,2009-08-10,89.9716
K,E,2009-08-11,90.0258
K,E,2009-08-12,90.415
K,E,2009-08-13,90.1714
K,E,2009-08-14,90.328
K,E,2009-08-17,90.7409
K,E,2009-08-18,90.7893
K,E,2009-08-19,90.9466
K,E,2009-08-20,91.0664
K,E,2009-08-21,91.2043
K,E,2009-08-24,90.9927
K,E,2009-08-25,91.0471
K,E,2009-08-26,90.9815
K,E,2009-08-27,90.6784
K,E,2009-08-28,90.8614
K,E,2009-08-31,91.0969
K,E,2009-09-01,91.0869
K,E,2009-09-02,91.0689
K,E,2009-09-03,91.1986
K,E,2009-09-04,91.1466
K,E,2009-09-07,91.0996
K,E,2009-09-08,91.0274
K,E,2009-09-09,91.1052
K,E,2009-09-10,91.2169
K,E,2009-09-11,91.2695
K,E,2009-09-14,91.3836
K,E,2009-09-15,91.1882
K,E,2009-09-16,91.0387
K,E,2009-09-17,90.9949
K,E,2009-09-18,91.208
K,E,2009-09-21,91.2083
K,E,2009-09-22,91.2867
K,E,2009-09-23,91.4347
K,E,2009-09-24,91.4742
K,E,2009-09-25,91.5106
K,E,2009-09-28,91.6007
K,E,2009-09-29,91.5801
K,E,2009-09-30,91.6696
K,E,2009-10-01,91.1465
K,E,2009-10-02,91.4861
K,E,2009-10-05,91.6062
K,E,2009-10-06,91.614
K,E,2009-10-07,91.5295
K,E,2009-10-08,91.3322
K,E,2009-10-09,91.2185
K,E,2009-10-12,91.109
K,E,2009-10-13,91.2674
K,E,2009-10-14,91.296
K,E,2009-10-15,91.5349
K,E,2009-10-16,91.3158
K,E,2009-10-19,91.4556
K,E,2009-10-20,91.5517
K,E,2009-10-21,91.6858
K,E,2009-10-22,91.4985
K,E,2009-10-23,91.5753
K,E,2009-10-26,91.4982
K,E,2009-10-27,91.3606
K,E,2009-10-28,91.5748
K,E,2009-10-29,91.6472
K,E,2009-10-30,91.6613
K,E,2009-11-02,91.7162
K,E,2009-11-03,91.5351
K,E,2009-11-04,91.6016
K,E,2009-11-05,91.6475
K,E,2009-11-06,91.485
K,E,2009-11-09,91.555
K,E,2009-11-10,91.4888
K,E,2009-11-11,91.5438
K,E,2009-11-12,91.4962
K,E,2009-11-13,91.4803
K,E,2009-11-16,91.5379
K,E,2009-11-17,91.4764
K,E,2009-11-18,91.3825
K,E,2009-11-19,91.2476
K,E,2009-11-20,91.293
K,E,2009-11-23,91.3763
K,E,2009-11-24,91.3586
K,E,2009-11-25,91.49
K,E,2009-11-26,91.5056
K,E,2009-11-27,91.5316
K,E,2009-11-30,91.5727
K,E,2009-12-01,91.551
K,E,2009-12-02,91.5306
K,E,2009-12-03,91.5282
K,E,2009-12-04,91.592
K,E,2009-12-07,91.3352
K,E,2009-12-08,91.3712
K,E,2009-12-09,91.4142
K,E,2009-12-10,91.3601
K,E,2009-12-11,91.334
K,E,2009-12-14,91.3348
K,E,2009-12-15,91.3484
K,E,2009-12-16,91.3066
K,E,2009-12-17,91.7516
K,E,2009-12-18,92.2371
K,E,2009-12-21,92.418
K,E,2009-12-22,92.2991
K,E,2009-12-23,92.5402
K,E,2009-12-24,92.8707
K,E,2009-12-25,92.8809
K,E,2009-12-28,92.8913
K,E,2009-12-29,93.1364
K,E,2009-12-30,92.9755
K,E,2009-12-31,93.2281
K,E,2010-01-01,93.1412
K,E,2010-01-04,93.0527
K,E,2010-01-05,93.2329
K,E,2010-01-06,93.252
K,E,2010-01-07,93.3627
K,E,2010-01-08,93.4522
K,E,2010-01-11,93.6882
K,E,2010-01-12,93.7723
K,E,2010-01-13,93.5977
K,E,2010-01-14,93.5038
K,E,2010-01-15,93.6982
K,E,2010-01-18,93.8029
K,E,2010-01-19,93.746
K,E,2010-01-20,93.7676
K,E,2010-01-21,93.9389
K,E,2010-01-22,94.0157
K,E,2010-01-25,93.854
K,E,2010-01-26,93.9918
K,E,2010-01-27,93.9481
K,E,2010-01-28,93.8515
K,E,2010-01-29,94.1506
K,E,2010-02-01,93.8732
K,E,2010-02-02,93.7965
K,E,2010-02-03,93.8316
K,E,2010-02-04,93.9738
K,E,2010-02-05,94.0349
K,E,2010-02-08,94.0798
K,E,2010-02-09,94.1155
K,E,2010-02-10,94.1097
K,E,2010-02-11,94.1303
K,E,2010-02-12,94.1348
K,E,2010-02-15,94.2317
K,E,2010-02-16,94.1867
K,E,2010-02-17,93.9965
K,E,2010-02-18,94.2135
K,E,2010-02-19,94.2422
K,E,2010-02-22,94.2804
K,E,2010-02-23,94.1555
K,E,2010-02-24,94.3032
K,E,2010-02-25,94.344
K,E,2010-02-26,94.3438
K,E,2010-03-01,94.3331
K,E,2010-03-02,94.3592
K,E,2010-03-03,94.366
K,E,2010-03-04,94.3425
K,E,2010-03-05,94.3963
K,E,2010-03-08,94.3616
K,E,2010-03-09,94.3994
K,E,2010-03-10,94.4396
K,E,2010-03-11,94.4962
K,E,2010-03-12,94.5894
K,E,2010-03-15,94.8537
K,E,2010-03-16,95.154
K,E,2010-03-17,95.1607
K,E,2010-03-18,95.4277
K,E,2010-03-19,96.1419
K,E,2010-03-22,96.3588
K,E,2010-03-23,96.2049
K,E,2010-03-24,96.6453
K,E,2010-03-25,96.6987
K,E,2010-03-26,96.563
K,E,2010-03-29,96.4602
K,E,2010-03-30,96.4375
K,E,2010-03-31,96.4696
K,E,2010-04-01,97.1227
K,E,2010-04-02,96.8629
K,E,2010-04-05,96.6058
K,E,2010-04-06,96.3491
K,E,2010-04-07,96.3301
K,E,2010-04-08,96.2954
K,E,2010-04-09,96.185
K,E,2010-04-12,95.5231
K,E,2010-04-13,95.8586
K,E,2010-04-14,96.0079
K,E,2010-04-15,96.166
K,E,2010-04-16,96.1849
K,E,2010-04-19,96.1072
K,E,2010-04-20,96.1295
K,E,2010-04-21,96.1167
K,E,2010-04-22,96.1609
K,E,2010-04-23,96.1167
K,E,2010-04-26,96.0042
K,E,2010-04-27,95.8607
K,E,2010-04-28,96.1039
K,E,2010-04-29,95.9629
K,E,2010-04-30,95.9219
K,E,2010-05-03,96.0466
K,E,2010-05-04,96.0365
K,E,2010-05-05,96.019
K,E,2010-05-06,96.005
K,E,2010-05-07,97.1594
K,E,2010-05-10,96.0994
K,E,2010-05-11,97.4012
K,E,2010-05-12,97.4579
K,E,2010-05-13,97.7415
K,E,2010-05-14,98.0256
K,E,2010-05-17,98.0765
K,E,2010-05-18,97.9125
K,E,2010-05-19,98.039
K,E,2010-05-20,96.362
K,E,2010-05-21,95.5503
K,E,2010-05-24,95.9679
K,E,2010-05-25,96.3921
K,E,2010-05-26,96.3045
K,E,2010-05-27,96.8019
K,E,2010-05-28,96.1316
K,E,2010-05-31,96.3461
K,E,2010-06-01,96.5713
K,E,2010-06-02,97.055
K,E,2010-06-03,96.7025
K,E,2010-06-04,97.3428
K,E,2010-06-07,98.5422
K,E,2010-06-08,98.8612
K,E,2010-06-09,99.5012
K,E,2010-06-10,99.3195
K,E,2010-06-11,99.0635
K,E,2010-06-14,98.635
K,E,2010-06-15,97.9704
K,E,2010-06-16,98.4747
K,E,2010-06-17,99.3885
K,E,2010-06-18,99.3967
K,E,2010-06-21,99.6897
K,E,2010-06-22,100.3852
K,E,2010-06-23,100.6307
K,E,2010-06-24,100.7756
K,E,2010-06-25,100.8358
K,E,2010-06-28,101.9319
K,E,2010-06-29,103.0984
K,E,2010-06-30,103.4387
K,E,2010-07-01,103.7114
K,E,2010-07-02,102.4954
K,E,2010-07-05,102.6216
K,E,2010-07-06,102.4359
K,E,2010-07-07,102.3719
K,E,2010-07-08,102.5285
K,E,2010-07-09,102.2674
K,E,2010-07-12,102.0614
K,E,2010-07-13,102.6199
K,E,2010-07-14,101.5552
K,E,2010-07-15,102.0726
K,E,2010-07-16,101.5054
K,E,2010-07-19,100.7951
K,E,2010-07-20,100.1643
K,E,2010-07-21,101.0903
K,E,2010-07-22,102.367
K,E,2010-07-23,101.4874
K,E,2010-07-26,100.59
K,E,2010-07-27,99.7327
K,E,2010-07-28,99.1178
K,E,2010-07-29,99.4619
K,E,2010-07-30,101.0617
K,E,2010-08-02,99.9973
K,E,2010-08-03,99.6926
K,E,2010-08-04,99.4618
K,E,2010-08-05,98.9741
K,E,2010-08-06,99.0921
K,E,2010-08-09,98.9484
K,E,2010-08-10,98.5078
K,E,2010-08-11,99.2677
K,E,2010-08-12,100.2099
K,E,2010-08-13,101.1522
K,E,2010-08-16,102.6532
K,E,2010-08-17,102.0271
K,E,2010-08-18,101.8717
K,E,2010-08-19,102.5792
K,E,2010-08-20,103.1983
K,E,2010-08-23,103.8921
K,E,2010-08-24,103.8034
K,E,2010-08-25,104.5185
K,E,2010-08-26,104.2626
K,E,2010-08-27,104.6992
K,E,2010-08-30,104.1831
K,E,2010-08-31,105.4198
K,E,2010-09-01,105.4016
K,E,2010-09-02,105.1415
K,E,2010-09-03,104.7557
K,E,2010-09-06,104.1006
K,E,2010-09-07,105.6081
K,E,2010-09-08,106.7067
K,E,2010-09-09,105.6759
K,E,2010-09-10,104.9515
K,E,2010-09-13,104.828
K,E,2010-09-14,105.679
K,E,2010-09-15,104.8252
K,E,2010-09-16,104.5109
K,E,2010-09-17,102.0249
K,E,2010-09-20,103.5734
K,E,2010-09-21,103.6927
K,E,2010-09-22,103.3291
K,E,2010-09-23,103.1956
K,E,2010-09-24,103.7519
K,E,2010-09-27,102.7949
K,E,2010-09-28,103.2668
K,E,2010-09-29,102.7421
K,E,2010-09-30,102.5703
K,E,2010-10-01,101.6418
K,E,2010-10-04,102.1104
K,E,2010-10-05,102.4069
K,E,2010-10-06,101.9362
K,E,2010-10-07,101.8964
K,E,2010-10-08,101.4461
K,E,2010-10-11,101.807
K,E,2010-10-12,101.8529
K,E,2010-10-13,102.051
K,E,2010-10-14,102.1621
K,E,2010-10-15,101.2785
K,E,2010-10-18,102.2591
K,E,2010-10-19,102.1462
K,E,2010-10-20,102.1977
K,E,2010-10-21,100.9816
K,E,2010-10-22,100.627
K,E,2010-10-25,100.2367
K,E,2010-10-26,100.5808
K,E,2010-10-27,100.0124
K,E,2010-10-28,100.1835
K,E,2010-10-29,99.7252
K,E,2010-11-01,99.0079
K,E,2010-11-02,99.1268
K,E,2010-11-03,99.3131
K,E,2010-11-04,99.2366
K,E,2010-11-05,100.6158
K,E,2010-11-08,101.3748
K,E,2010-11-09,102.2178
K,E,2010-11-10,101.9171
K,E,2010-11-11,102.5452
K,E,2010-11-12,102.6424
K,E,2010-11-15,102.0527
K,E,2010-11-16,101.9459
K,E,2010-11-17,101.4437
K,E,2010-11-18,101.4143
K,E,2010-11-19,100.6432
K,E,2010-11-22,100.3841
K,E,2010-11-23,101.4611
K,E,2010-11-24,102.7364
K,E,2010-11-25,102.5366
K,E,2010-11-26,102.923
K,E,2010-11-29,102.7006
K,E,2010-11-30,104.9283
K,E,2010-12-01,103.8737
K,E,2010-12-02,103.4344
K,E,2010-12-03,103.9317
K,E,2010-12-06,104.6197
K,E,2010-12-07,104.3071
K,E,2010-12-08,104.4715
K,E,2010-12-09,104.2848
K,E,2010-12-10,104.8878
K,E,2010-12-13,104.997
K,E,2010-12-14,105.1309
K,E,2010-12-15,106.531
K,E,2010-12-16,106.2248
K,E,2010-12-17,106.677
K,E,2010-12-20,106.9794
K,E,2010-12-21,107.5934
K,E,2010-12-22,108.7585
K,E,2010-12-23,109.082
K,E,2010-12-24,107.8478
K,E,2010-12-27,107.5887
K,E,2010-12-28,108.2777
K,E,2010-12-29,108.7824
K,E,2010-12-30,109.3861
K,E,2010-12-31,108.7128
K,E,2011-01-03,109.1608
K,E,2011-01-04,107.9834
K,E,2011-01-05,107.731
K,E,2011-01-06,107.2186
K,E,2011-01-07,108.6215
K,E,2011-01-10,109.1629
K,E,2011-01-11,108.2121
K,E,2011-01-12,107.2437
K,E,2011-01-13,105.985
K,E,2011-01-14,105.2992
K,E,2011-01-17,105.9507
K,E,2011-01-18,105.7606
K,E,2011-01-19,105.3605
K,E,2011-01-20,105.5689
K,E,2011-01-21,104.0485
K,E,2011-01-24,104.175
K,E,2011-01-25,104.8027
K,E,2011-01-26,104.804
K,E,2011-01-27,105.0266
K,E,2011-01-28,104.7187
K,E,2011-01-31,105.6593
K,E,2011-02-01,105.0406
K,E,2011-02-02,105.1105
K,E,2011-02-03,104.5069
K,E,2011-02-04,105.2536
K,E,2011-02-07,104.4919
K,E,2011-02-08,104.6361
K,E,2011-02-09,103.3821
K,E,2011-02-10,103.7116
K,E,2011-02-11,103.4922
K,E,2011-02-14,103.8962
K,E,2011-02-15,103.7299
K,E,2011-02-16,104.3588
K,E,2011-02-17,104.8967
K,E,2011-02-18,105.2581
K,E,2011-02-21,104.965
K,E,2011-02-22,106.1448
K,E,2011-02-23,105.8735
K,E,2011-02-24,106.7858
K,E,2011-02-25,106.2185
K,E,2011-02-28,106.3112
K,E,2011-03-01,105.7387
K,E,2011-03-02,106.3545
K,E,2011-03-03,106.1184
K,E,2011-03-04,104.7583
K,E,2011-03-07,104.8524
K,E,2011-03-08,104.5521
K,E,2011-03-09,104.986
K,E,2011-03-10,105.225
K,E,2011-03-11,105.3279
K,E,2011-03-14,104.8386
K,E,2011-03-15,106.1061
K,E,2011-03-16,105.8706
K,E,2011-03-17,107.2607
K,E,2011-03-18,106.9643
K,E,2011-03-21,105.6871
K,E,2011-03-22,105.3203
K,E,2011-03-23,106.2869
K,E,2011-03-24,105.3696
K,E,2011-03-25,104.6882
K,E,2011-03-28,104.6941
K,E,2011-03-29,104.48
K,E,2011-03-30,103.9984
K,E,2011-03-31,104.1246
K,E,2011-04-01,103.5862
K,E,2011-04-04,103.009
K,E,2011-04-05,103.3582
K,E,2011-04-06,102.9656
K,E,2011-04-07,102.9793
K,E,2011-04-08,102.4685
K,E,2011-04-11,102.819
K,E,2011-04-12,103.7003
K,E,2011-04-13,103.7983
K,E,2011-04-14,104.2474
K,E,2011-04-15,104.5311
K,E,2011-04-18,105.1712
K,E,2011-04-19,105.6095
K,E,2011-04-20,104.4845
K,E,2011-04-21,104.5206
K,E,2011-04-22,104.7628
K,E,2011-04-25,105.0043
K,E,2011-04-26,105.2508
K,E,2011-04-27,105.1164
K,E,2011-04-28,104.227
K,E,2011-04-29,104.5786
K,E,2011-05-02,104.7824
K,E,2011-05-03,105.4676
K,E,2011-05-04,105.364
K,E,2011-05-05,105.7314
K,E,2011-05-06,106.3752
K,E,2011-05-09,106.8203
K,E,2011-05-10,107.0873
K,E,2011-05-11,106.4812
K,E,2011-05-12,107.0481
K,E,2011-05-13,106.8741
K,E,2011-05-16,107.3655
K,E,2011-05-17,107.3538
K,E,2011-05-18,107.3793
K,E,2011-05-19,107.2759
K,E,2011-05-20,106.993
K,E,2011-05-23,108.8912
K,E,2011-05-24,108.4138
K,E,2011-05-25,109.1345
K,E,2011-05-26,109.1817
K,E,2011-05-27,110.2374
K,E,2011-05-30,110.7008
K,E,2011-05-31,109.8142
K,E,2011-06-01,110.023
K,E,2011-06-02,110.1672
K,E,2011-06-03,110.3097
K,E,2011-06-06,110.2394
K,E,2011-06-07,110.2208
K,E,2011-06-08,109.7733
K,E,2011-06-09,109.9648
K,E,2011-06-10,110.5358
K,E,2011-06-13,111.4043
K,E,2011-06-14,110.9373
K,E,2011-06-15,110.1671
K,E,2011-06-16,111.6468
K,E,2011-06-17,111.8938
K,E,2011-06-20,111.6857
K,E,2011-06-21,110.8852
K,E,2011-06-22,110.7412
K,E,2011-06-23,111.9927
K,E,2011-06-24,112.4881
K,E,2011-06-27,113.2797
K,E,2011-06-28,112.6608
K,E,2011-06-29,112.0556
K,E,2011-06-30,111.0479
K,E,2011-07-01,109.2415
K,E,2011-07-04,108.7563
K,E,2011-07-05,109.6796
K,E,2011-07-06,110.8996
K,E,2011-07-07,111.7166
K,E,2011-07-08,110.5368
K,E,2011-07-11,113.1303
K,E,2011-07-12,115.4846
K,E,2011-07-13,114.7841
K,E,2011-07-14,115.4618
K,E,2011-07-15,115.9766
K,E,2011-07-18,117.0471
K,E,2011-07-19,115.1453
K,E,2011-07-20,114.6775
K,E,2011-07-21,114.3901
K,E,2011-07-22,112.776
K,E,2011-07-25,115.672
K,E,2011-07-26,114.9931
K,E,2011-07-27,115.4821
K,E,2011-07-28,116.0811
K,E,2011-07-29,116.7108
K,E,2011-08-01,117.3735
K,E,2011-08-02,120.9272
K,E,2011-08-03,120.5941
K,E,2011-08-04,120.4923
K,E,2011-08-05,123.1809
K,E,2011-08-08,122.5057
K,E,2011-08-09,124.7277
K,E,2011-08-10,128.8068
K,E,2011-08-11,127.2539
K,E,2011-08-12,121.6568
K,E,2011-08-15,117.4434
K,E,2011-08-16,118.8495
K,E,2011-08-17,118.2248
K,E,2011-08-18,116.4391
K,E,2011-08-19,117.7948
K,E,2011-08-22,117.7239
K,E,2011-08-23,117.2569
K,E,2011-08-24,116.8703
K,E,2011-08-25,116.6801
K,E,2011-08-26,116.7736
K,E,2011-08-29,113.1681
K,E,2011-08-30,113.3906
K,E,2011-08-31,113.797
K,E,2011-09-01,116.7419
K,E,2011-09-02,119.7325
K,E,2011-09-05,119.9215
K,E,2011-09-06,110.8105
K,E,2011-09-07,110.4364
K,E,2011-09-08,109.6996
K,E,2011-09-09,109.6932
K,E,2011-09-12,110.415
K,E,2011-09-13,110.6158
K,E,2011-09-14,110.5796
K,E,2011-09-15,110.2824
K,E,2011-09-16,110.268
K,E,2011-09-19,110.3021
K,E,2011-09-20,110.2851
K,E,2011-09-21,108.8689
K,E,2011-09-22,108.1289
K,E,2011-09-23,108.9108
K,E,2011-09-26,108.7016
K,E,2011-09-27,108.8466
K,E,2011-09-28,108.7276
K,E,2011-09-29,108.7845
K,E,2011-09-30,108.8581
K,E,2011-10-03,109.2548
K,E,2011-10-04,109.2575
K,E,2011-10-05,108.1782
K,E,2011-10-06,107.2962
K,E,2011-10-07,107.2094
K,E,2011-10-10,106.9736
K,E,2011-10-11,107.5596
K,E,2011-10-12,106.9109
K,E,2011-10-13,107.2806
K,E,2011-10-14,107.0427
K,E,2011-10-17,106.988
K,E,2011-10-18,107.2937
K,E,2011-10-19,106.341
K,E,2011-10-20,106.751
K,E,2011-10-21,108.0953
K,E,2011-10-24,107.8512
K,E,2011-10-25,108.1039
K,E,2011-10-26,108.5524
K,E,2011-10-27,107.8734
K,E,2011-10-28,108.1008
K,E,2011-10-31,108.3916
K,E,2011-11-01,108.5356
K,E,2011-11-02,108.678
K,E,2011-11-03,108.8897
K,E,2011-11-04,108.155
K,E,2011-11-07,106.9096
K,E,2011-11-08,106.4746
K,E,2011-11-09,107.0759
K,E,2011-11-10,107.1585
K,E,2011-11-11,106.9671
K,E,2011-11-14,106.7845
K,E,2011-11-15,106.5943
K,E,2011-11-16,106.6499
K,E,2011-11-17,106.6127
K,E,2011-11-18,106.9273
K,E,2011-11-21,106.7623
K,E,2011-11-22,106.9806
K,E,2011-11-23,107.2038
K,E,2011-11-24,107.37
K,E,2011-11-25,107.5166
K,E,2011-11-28,107.4004
K,E,2011-11-29,107.4274
K,E,2011-11-30,107.7612
K,E,2011-12-01,107.6277
K,E,2011-12-02,106.9033
K,E,2011-12-05,106.6191
K,E,2011-12-06,106.573
K,E,2011-12-07,106.3772
K,E,2011-12-08,106.6459
K,E,2011-12-09,107.0314
K,E,2011-12-12,107.024
K,E,2011-12-13,106.8262
K,E,2011-12-14,107.0091
K,E,2011-12-15,107.5948
K,E,2011-12-16,107.7461
K,E,2011-12-19,108.1282
K,E,2011-12-20,108.2548
K,E,2011-12-21,107.9838
K,E,2011-12-22,107.8217
K,E,2011-12-23,107.7171
K,E,2011-12-26,107.674
K,E,2011-12-27,107.7742
K,E,2011-12-28,107.8827
K,E,2011-12-29,108.0132
K,E,2011-12-30,108.2522
K,E,2012-01-02,108.0843
K,E,2012-01-03,108.0477
K,E,2012-01-04,107.942
K,E,2012-01-05,107.9438
K,E,2012-01-06,107.9455
K,E,2012-01-09,108.1362
K,E,2012-01-10,108.4205
K,E,2012-01-11,108.3823
K,E,2012-01-12,108.4489
K,E,2012-01-13,108.5329
K,E,2012-01-16,108.6826
K,E,2012-01-17,108.6553
K,E,2012-01-18,108.6448
K,E,2012-01-19,108.7051
K,E,2012-01-20,108.7296
K,E,2012-01-23,108.732
K,E,2012-01-24,108.8358
K,E,2012-01-25,108.6228
K,E,2012-01-26,108.7814
K,E,2012-01-27,108.7283
K,E,2012-01-30,108.9547
K,E,2012-01-31,108.8871
K,E,2012-02-01,109.0315
K,E,2012-02-02,109.0115
K,E,2012-02-03,108.9636
K,E,2012-02-06,108.8618
K,E,2012-02-07,108.7617
K,E,2012-02-08,108.3899
K,E,2012-02-09,108.5408
K,E,2012-02-10,108.5857
K,E,2012-02-13,108.6816
K,E,2012-02-14,108.75
K,E,2012-02-15,108.8195
K,E,2012-02-16,108.8927
K,E,2012-02-17,108.8506
K,E,2012-02-20,108.7811
K,E,2012-02-21,108.8241
K,E,2012-02-22,108.8627
K,E,2012-02-23,109.0442
K,E,2012-02-24,109.0351
K,E,2012-02-27,109.1236
K,E,2012-02-28,109.0489
K,E,2012-02-29,109.0543
K,E,2012-03-01,109.0941
K,E,2012-03-02,109.014
K,E,2012-03-05,108.9763
K,E,2012-03-06,108.9733
K,E,2012-03-07,108.9798
K,E,2012-03-08,108.9603
K,E,2012-03-09,108.9255
K,E,2012-03-12,108.9022
K,E,2012-03-13,108.8536
K,E,2012-03-14,108.4526
K,E,2012-03-15,108.3922
K,E,2012-03-16,108.643
K,E,2012-03-19,108.7129
K,E,2012-03-20,108.6947
K,E,2012-03-21,108.7119
K,E,2012-03-22,108.6986
K,E,2012-03-23,108.6713
K,E,2012-03-26,108.6544
K,E,2012-03-27,108.5548
K,E,2012-03-28,108.5536
K,E,2012-03-29,108.5783
K,E,2012-03-30,108.6281
K,E,2012-04-02,108.6299
K,E,2012-04-03,108.6757
K,E,2012-04-04,108.6006
K,E,2012-04-05,108.6536
K,E,2012-04-06,108.7897
K,E,2012-04-09,108.7909
K,E,2012-04-10,108.7553
K,E,2012-04-11,108.7774
K,E,2012-04-12,108.7449
K,E,2012-04-13,108.7483
K,E,2012-04-16,108.6511
K,E,2012-04-17,108.7248
K,E,2012-04-18,108.7079
K,E,2012-04-19,108.7157
K,E,2012-04-20,108.7099
K,E,2012-04-23,108.7176
K,E,2012-04-24,108.7136
K,E,2012-04-25,108.7084
K,E,2012-04-26,108.7161
K,E,2012-04-27,108.7407
K,E,2012-04-30,108.7571
K,E,2012-05-01,108.754
K,E,2012-05-02,108.6875
K,E,2012-05-03,108.7402
K,E,2012-05-04,108.7397
K,E,2012-05-07,108.7328
K,E,2012-05-08,108.7284
K,E,2012-05-09,108.7325
K,E,2012-05-10,108.7274
K,E,2012-05-11,108.7094
K,E,2012-05-14,108.7229
K,E,2012-05-15,108.7074
K,E,2012-05-16,108.7032
K,E,2012-05-17,108.6962
K,E,2012-05-18,108.6895
K,E,2012-05-21,108.6811
K,E,2012-05-22,108.6761
K,E,2012-05-23,108.6705
K,E,2012-05-24,108.6722
K,E,2012-05-25,108.5719
K,E,2012-05-28,108.5203
K,E,2012-05-29,108.5601
K,E,2012-05-30,108.638
K,E,2012-05-31,108.635
K,E,2012-06-01,108.6383
K,E,2012-06-04,108.6362
K,E,2012-06-05,108.6204
K,E,2012-06-06,108.6241
K,E,2012-06-07,108.6081
K,E,2012-06-08,108.6057
K,E,2012-06-11,108.5992
K,E,2012-06-12,108.5997
K,E,2012-06-13,108.5939
K,E,2012-06-14,108.6015
K,E,2012-06-15,108.5878
K,E,2012-06-18,108.5823
K,E,2012-06-19,108.5781
K,E,2012-06-20,108.583
K,E,2012-06-21,108.5655
K,E,2012-06-22,108.5613
K,E,2012-06-25,108.5645
K,E,2012-06-26,108.5466
K,E,2012-06-27,108.5394
K,E,2012-06-28,108.5311
K,E,2012-06-29,108.5079
K,E,2012-07-02,108.4994
K,E,2012-07-03,108.4767
K,E,2012-07-04,108.498
K,E,2012-07-05,108.4598
K,E,2012-07-06,108.4617
K,E,2012-07-09,108.4495
K,E,2012-07-10,108.4443
K,E,2012-07-11,108.4216
K,E,2012-07-12,108.4183
K,E,2012-07-13,108.4033
K,E,2012-07-16,108.3758
K,E,2012-07-17,108.3696
K,E,2012-07-18,108.3424
K,E,2012-07-19,108.3297
K,E,2012-07-20,108.3134
K,E,2012-07-23,108.3052
K,E,2012-07-24,108.2892
K,E,2012-07-25,108.2645
K,E,2012-07-26,108.2601
K,E,2012-07-27,108.2543
K,E,2012-07-30,108.2188
K,E,2012-07-31,108.2057
K,E,2012-08-01,108.1804
K,E,2012-08-02,108.0616
K,E,2012-08-03,108.1653
K,E,2012-08-06,108.1416
K,E,2012-08-07,108.0681
K,E,2012-08-08,108.1206
K,E,2012-08-09,108.1175
K,E,2012-08-10,108.1192
K,E,2012-08-13,108.1003
K,E,2012-08-14,108.0912
K,E,2012-08-15,108.0812
K,E,2012-08-16,108.0727
K,E,2012-08-17,108.0619
K,E,2012-08-20,108.0537
K,E,2012-08-21,108.0558
K,E,2012-08-22,108.0379
K,E,2012-08-23,108.0329
K,E,2012-08-24,108.0332
K,E,2012-08-27,108.0184
K,E,2012-08-28,108.0094
K,E,2012-08-29,108.0043
K,E,2012-08-30,108.0071
K,E,2012-08-31,108.0019
K,E,2012-09-03,107.9935
K,E,2012-09-04,107.9769
K,E,2012-09-05,107.9544
K,E,2012-09-06,107.5983
K,E,2012-09-07,107.0086
K,E,2012-09-10,107.083
K,E,2012-09-11,107.3286
K,E,2012-09-12,107.1596
K,E,2012-09-13,106.9785
K,E,2012-09-14,106.6109
K,E,2012-09-17,106.592
K,E,2012-09-18,106.9278
K,E,2012-09-19,107.1047
K,E,2012-09-20,107.1884
K,E,2012-09-21,106.9933
K,E,2012-09-24,107.1477
K,E,2012-09-25,107.1352
K,E,2012-09-26,107.1218
K,E,2012-09-27,107.1207
K,E,2012-09-28,107.0153
K,E,2012-10-01,107.093
K,E,2012-10-02,106.986
K,E,2012-10-03,106.9404
K,E,2012-10-04,106.7564
K,E,2012-10-05,106.7959
K,E,2012-10-08,106.8861
K,E,2012-10-09,106.7692
K,E,2012-10-10,106.8156
K,E,2012-10-11,107.0604
K,E,2012-10-12,106.8956
K,E,2012-10-15,106.9027
K,E,2012-10-16,106.8757
K,E,2012-10-17,106.8281
K,E,2012-10-18,106.8322
K,E,2012-10-19,106.8772
K,E,2012-10-22,106.7469
K,E,2012-10-23,106.7752
K,E,2012-10-24,106.771
K,E,2012-10-25,106.7151
K,E,2012-10-26,106.7206
K,E,2012-10-29,106.7798
K,E,2012-10-30,106.7855
K,E,2012-10-31,106.8626
K,E,2012-11-01,106.871
K,E,2012-11-02,106.9204
K,E,2012-11-05,106.9516
K,E,2012-11-06,106.8359
K,E,2012-11-07,106.8256
K,E,2012-11-08,106.9748
K,E,2012-11-09,106.9091
K,E,2012-11-12,106.9687
K,E,2012-11-13,107.0537
K,E,2012-11-14,107.0929
K,E,2012-11-15,107.0627
K,E,2012-11-16,107.0775
K,E,2012-11-19,106.9789
K,E,2012-11-20,106.9961
K,E,2012-11-21,107.0259
K,E,2012-11-22,107.0087
K,E,2012-11-23,106.9564
K,E,2012-11-26,107.0082
K,E,2012-11-27,107.0029
K,E,2012-11-28,107.055
K,E,2012-11-29,107.0185
K,E,2012-11-30,106.9912
K,E,2012-12-03,106.826
K,E,2012-12-04,106.179
K,E,2012-12-05,106.0671
K,E,2012-12-06,106.3451
K,E,2012-12-07,106.4952
K,E,2012-12-10,106.8045
K,E,2012-12-11,106.3419
K,E,2012-12-12,106.285
K,E,2012-12-13,106.4879
K,E,2012-12-14,106.5916
K,E,2012-12-17,106.6579
K,E,2012-12-18,106.6579
K,E,2012-12-19,106.589
K,E,2012-12-20,106.6754
K,E,2012-12-21,106.6666
K,E,2012-12-24,106.7354
K,E,2012-12-25,106.6727
K,E,2012-12-26,106.6638
K,E,2012-12-27,106.604
K,E,2012-12-28,106.6157
K,E,2012-12-31,106.7316
K,E,2013-01-01,106.6261
K,E,2013-01-02,106.6113
K,E,2013-01-03,106.5478
K,E,2013-01-04,106.5199
K,E,2013-01-07,106.5759
K,E,2013-01-08,106.55
K,E,2013-01-09,106.5713
K,E,2013-01-10,106.5503
K,E,2013-01-11,105.8629
K,E,2013-01-14,105.2037
K,E,2013-01-15,104.3083
K,E,2013-01-16,104.3108
K,E,2013-01-17,103.6154
K,E,2013-01-18,103.1506
K,E,2013-01-21,103.7117
K,E,2013-01-22,104.0804
K,E,2013-01-23,103.9859
K,E,2013-01-24,103.8873
K,E,2013-01-25,103.4861
K,E,2013-01-28,103.3217
K,E,2013-01-29,103.5825
K,E,2013-01-30,103.4295
K,E,2013-01-31,104.2194
K,E,2013-02-01,104.0367
K,E,2013-02-04,104.0962
K,E,2013-02-05,104.9951
K,E,2013-02-06,104.1877
K,E,2013-02-07,104.5749
K,E,2013-02-08,104.6716
K,E,2013-02-11,104.8623
K,E,2013-02-12,104.6773
K,E,2013-02-13,104.0542
K,E,2013-02-14,104.3782
K,E,2013-02-15,104.7014
K,E,2013-02-18,104.3679
K,E,2013-02-19,104.32
K,E,2013-02-20,104.2913
K,E,2013-02-21,104.6174
K,E,2013-02-22,104.5914
K,E,2013-02-25,104.7668
K,E,2013-02-26,105.59
K,E,2013-02-27,105.5856
K,E,2013-02-28,105.4252
K,E,2013-03-01,105.114
K,E,2013-03-04,104.9385
K,E,2013-03-05,104.7681
K,E,2013-03-06,104.4428
K,E,2013-03-07,104.2873
K,E,2013-03-08,104.058
K,E,2013-03-11,104.0362
K,E,2013-03-12,104.2631
K,E,2013-03-13,104.3347
K,E,2013-03-14,104.0664
K,E,2013-03-15,104.4159
K,E,2013-03-18,105.2686
K,E,2013-03-19,105.0223
K,E,2013-03-20,105.2428
K,E,2013-03-21,105.314
K,E,2013-03-22,105.2256
K,E,2013-03-25,105.2176
K,E,2013-03-26,105.338
K,E,2013-03-27,105.5805
K,E,2013-03-28,105.5068
K,E,2013-03-29,105.608
K,E,2013-04-01,105.6607
K,E,2013-04-02,105.8175
K,E,2013-04-03,105.5581
K,E,2013-04-04,105.6718
K,E,2013-04-05,105.6502
K,E,2013-04-08,105.6809
K,E,2013-04-09,105.3385
K,E,2013-04-10,105.3054
K,E,2013-04-11,105.3717
K,E,2013-04-12,105.4423
K,E,2013-04-15,105.6935
K,E,2013-04-16,105.5957
K,E,2013-04-17,105.6172
K,E,2013-04-18,105.5571
K,E,2013-04-19,105.3854
K,E,2013-04-22,105.288
K,E,2013-04-23,105.1385
K,E,2013-04-24,104.3555
K,E,2013-04-25,103.9939
K,E,2013-04-26,104.371
K,E,2013-04-29,104.3053
K,E,2013-04-30,104.6519
K,E,2013-05-01,104.6381
K,E,2013-05-02,104.935
K,E,2013-05-03,104.7817
K,E,2013-05-06,104.327
K,E,2013-05-07,104.239
K,E,2013-05-08,104.1063
K,E,2013-05-09,104.2576
K,E,2013-05-10,102.974
K,E,2013-05-13,103.1361
K,E,2013-05-14,103.3619
K,E,2013-05-15,102.4658
K,E,2013-05-16,102.9433
K,E,2013-05-17,103.1152
K,E,2013-05-20,102.884
K,E,2013-05-21,102.9805
K,E,2013-05-22,102.2365
K,E,2013-05-23,102.9587
K,E,2013-05-24,102.484
K,E,2013-05-27,103.0532
K,E,2013-05-28,102.551
K,E,2013-05-29,102.5686
K,E,2013-05-30,103.1533
K,E,2013-05-31,103.3371
K,E,2013-06-03,102.9871
K,E,2013-06-04,103.3662
K,E,2013-06-05,103.5386
K,E,2013-06-06,103.8685
K,E,2013-06-07,104.2932
K,E,2013-06-10,103.5702
K,E,2013-06-11,103.7315
K,E,2013-06-12,104.1793
K,E,2013-06-13,104.4467
K,E,2013-06-14,104.111
K,E,2013-06-17,104.169
K,E,2013-06-18,104.1674
K,E,2013-06-19,104.0423
K,E,2013-06-20,103.9748
K,E,2013-06-21,104.5895
K,E,2013-06-24,104.6805
K,E,2013-06-25,104.663
K,E,2013-06-26,104.6063
K,E,2013-06-27,104.234
K,E,2013-06-28,103.8309
K,E,2013-07-01,103.9987
K,E,2013-07-02,103.7684
K,E,2013-07-03,104.2242
K,E,2013-07-04,103.9549
K,E,2013-07-05,103.8201
K,E,2013-07-08,103.4989
K,E,2013-07-09,103.0749
K,E,2013-07-10,103.2349
K,E,2013-07-11,103.3067
K,E,2013-07-12,103.3918
K,E,2013-07-15,103.4177
K,E,2013-07-16,103.3838
K,E,2013-07-17,103.6976
K,E,2013-07-18,103.6143
K,E,2013-07-19,103.5881
K,E,2013-07-22,103.6186
K,E,2013-07-23,103.6582
K,E,2013-07-24,103.3848
K,E,2013-07-25,103.5247
K,E,2013-07-26,103.9228
K,E,2013-07-29,103.8905
K,E,2013-07-30,103.8254
K,E,2013-07-31,104.0645
K,E,2013-08-01,103.9966
K,E,2013-08-02,103.4364
K,E,2013-08-05,103.851
K,E,2013-08-06,104.0462
K,E,2013-08-07,103.9609
K,E,2013-08-08,104.176
K,E,2013-08-09,104.0445
K,E,2013-08-12,104.0039
K,E,2013-08-13,103.8578
K,E,2013-08-14,103.1158
K,E,2013-08-15,103.2558
K,E,2013-08-16,103.651
K,E,2013-08-19,103.6938
K,E,2013-08-20,104.0556
K,E,2013-08-21,104.0714
K,E,2013-08-22,103.7568
K,E,2013-08-23,103.7538
K,E,2013-08-26,103.7417
K,E,2013-08-27,104.1186
K,E,2013-08-28,104.2031
K,E,2013-08-29,104.1465
K,E,2013-08-30,104.0026
K,E,2013-09-02,103.9554
K,E,2013-09-03,103.9846
K,E,2013-09-04,103.8282
K,E,2013-09-05,103.3685
K,E,2013-09-06,103.3343
K,E,2013-09-09,103.6134
K,E,2013-09-10,103.5232
K,E,2013-09-11,103.2731
K,E,2013-09-12,103.4714
K,E,2013-09-13,103.4684
K,E,2013-09-16,103.5474
K,E,2013-09-17,103.4935
K,E,2013-09-18,103.5137
K,E,2013-09-19,103.8234
K,E,2013-09-20,103.9739
K,E,2013-09-23,103.8511
K,E,2013-09-24,104.0806
K,E,2013-09-25,104.1095
K,E,2013-09-26,104.1301
K,E,2013-09-27,104.417
K,E,2013-09-30,104.74
K,E,2013-10-01,104.6264
K,E,2013-10-02,104.5525
K,E,2013-10-03,104.3156
K,E,2013-10-04,104.4255
K,E,2013-10-07,104.4499
K,E,2013-10-08,104.2293
K,E,2013-10-09,104.1197
K,E,2013-10-10,103.9742
K,E,2013-10-11,103.9113
K,E,2013-10-14,103.6066
K,E,2013-10-15,103.6837
K,E,2013-10-16,103.6796
K,E,2013-10-17,103.8452
K,E,2013-10-18,103.6622
K,E,2013-10-21,103.6376
K,E,2013-10-22,103.6381
K,E,2013-10-23,103.9618
K,E,2013-10-24,104.1373
K,E,2013-10-25,103.9044
K,E,2013-10-28,103.7354
K,E,2013-10-29,103.5884
K,E,2013-10-30,103.6133
K,E,2013-10-31,103.7841
K,E,2013-11-01,103.9814
K,E,2013-11-04,103.8871
K,E,2013-11-05,104.019
K,E,2013-11-06,103.8646
K,E,2013-11-07,103.7165
K,E,2013-11-08,103.9877
K,E,2013-11-11,103.742
K,E,2013-11-12,103.7651
K,E,2013-11-13,103.7923
K,E,2013-11-14,103.6851
K,E,2013-11-15,103.5053
K,E,2013-11-18,103.6332
K,E,2013-11-19,103.5944
K,E,2013-11-20,103.6425
K,E,2013-11-21,103.657
K,E,2013-11-22,103.7263
K,E,2013-11-25,103.7561
K,E,2013-11-26,103.6916
K,E,2013-11-27,103.7193
K,E,2013-11-28,103.6686
K,E,2013-11-29,103.5909
K,E,2013-12-02,103.6588
K,E,2013-12-03,103.7782
K,E,2013-12-04,103.8465
K,E,2013-12-05,104.0167
K,E,2013-12-06,104.2098
K,E,2013-12-09,104.2398
K,E,2013-12-10,104.2928
K,E,2013-12-11,104.4574
K,E,2013-12-12,104.3828
K,E,2013-12-13,104.3818
K,E,2013-12-16,104.4394
K,E,2013-12-17,104.4724
K,E,2013-12-18,104.4585
K,E,2013-12-19,104.2212
K,E,2013-12-20,104.0964
K,E,2013-12-23,104.0986
K,E,2013-12-24,104.2515
K,E,2013-12-25,104.2781
K,E,2013-12-26,104.0062
K,E,2013-12-27,104.1817
K,E,2013-12-30,104.1029
K,E,2013-12-31,104.0548
K,E,2014-01-01,103.9618
K,E,2014-01-02,103.7451
K,E,2014-01-03,103.813
K,E,2014-01-06,103.6215
K,E,2014-01-07,103.2115
K,E,2014-01-08,103.0381
K,E,2014-01-09,103.1359
K,E,2014-01-10,103.3242
K,E,2014-01-13,103.347
K,E,2014-01-14,103.4671
K,E,2014-01-15,103.1993
K,E,2014-01-16,103.1929
K,E,2014-01-17,103.3969
K,E,2014-01-20,103.3345
K,E,2014-01-21,103.1389
K,E,2014-01-22,103.2157
K,E,2014-01-23,103.4806
K,E,2014-01-24,103.7927
K,E,2014-01-27,103.976
K,E,2014-01-28,103.7689
K,E,2014-01-29,103.7879
K,E,2014-01-30,104.216
K,E,2014-01-31,104.1256
K,E,2014-02-03,104.266
K,E,2014-02-04,104.2792
K,E,2014-02-05,104.1515
K,E,2014-02-06,104.2017
K,E,2014-02-07,104.1198
K,E,2014-02-10,104.1677
K,E,2014-02-11,104.1025
K,E,2014-02-12,104.035
K,E,2014-02-13,104.2997
K,E,2014-02-14,104.2695
K,E,2014-02-17,104.3016
K,E,2014-02-18,104.3121
K,E,2014-02-19,104.3597
K,E,2014-02-20,104.5153
K,E,2014-02-21,104.4827
K,E,2014-02-24,104.5338
K,E,2014-02-25,104.5761
K,E,2014-02-26,104.5491
K,E,2014-02-27,104.8785
K,E,2014-02-28,104.9027
K,E,2014-03-03,105.1778
K,E,2014-03-04,104.9032
K,E,2014-03-05,104.6685
K,E,2014-03-06,104.5953
K,E,2014-03-07,104.6106
K,E,2014-03-10,104.7031
K,E,2014-03-11,104.7079
K,E,2014-03-12,104.8675
K,E,2014-03-13,104.9043
K,E,2014-03-14,105.0162
K,E,2014-03-17,104.894
K,E,2014-03-18,104.83
K,E,2014-03-19,104.6312
K,E,2014-03-20,104.5054
K,E,2014-03-21,104.6665
K,E,2014-03-24,104.5343
K,E,2014-03-25,104.4955
K,E,2014-03-26,104.2142
K,E,2014-03-27,104.4871
K,E,2014-03-28,104.5514
K,E,2014-03-31,104.4383
K,E,2014-04-01,104.5982
K,E,2014-04-02,104.487
K,E,2014-04-03,104.3255
K,E,2014-04-04,104.169
K,E,2014-04-07,104.2999
K,E,2014-04-08,104.4785
K,E,2014-04-09,104.5425
K,E,2014-04-10,104.6985
K,E,2014-04-11,104.7944
K,E,2014-04-14,104.8957
K,E,2014-04-15,104.8771
K,E,2014-04-16,104.8565
K,E,2014-04-17,104.7668
K,E,2014-04-18,104.613
K,E,2014-04-21,104.5958
K,E,2014-04-22,104.4856
K,E,2014-04-23,104.5624
K,E,2014-04-24,104.6049
K,E,2014-04-25,104.6706
K,E,2014-04-28,104.8171
K,E,2014-04-29,104.6515
K,E,2014-04-30,104.6901
K,E,2014-05-01,104.6521
K,E,2014-05-02,104.7176
K,E,2014-05-05,104.8834
K,E,2014-05-06,104.8704
K,E,2014-05-07,104.8528
K,E,2014-05-08,104.7499
K,E,2014-05-09,104.7532
K,E,2014-05-12,104.5775
K,E,2014-05-13,104.5012
K,E,2014-05-14,104.61
K,E,2014-05-15,104.4646
K,E,2014-05-16,104.4565
K,E,2014-05-19,104.3766
K,E,2014-05-20,104.342
K,E,2014-05-21,104.4198
K,E,2014-05-22,104.375
K,E,2014-05-23,104.4033
K,E,2014-05-26,104.4505
K,E,2014-05-27,104.3392
K,E,2014-05-28,104.264
K,E,2014-05-29,104.3922
K,E,2014-05-30,104.3748
K,E,2014-06-02,104.3235
K,E,2014-06-03,104.2525
K,E,2014-06-04,104.3338
K,E,2014-06-05,104.4996
K,E,2014-06-06,104.6553
K,E,2014-06-09,104.4975
K,E,2014-06-10,104.4871
K,E,2014-06-11,104.5677
K,E,2014-06-12,104.6123
K,E,2014-06-13,104.7375
K,E,2014-06-16,104.6482
K,E,2014-06-17,104.6002
K,E,2014-06-18,104.5807
K,E,2014-06-19,104.7081
K,E,2014-06-20,104.7578
K,E,2014-06-23,104.6967
K,E,2014-06-24,104.816
K,E,2014-06-25,104.7893
K,E,2014-06-26,104.8038
K,E,2014-06-27,104.8099
K,E,2014-06-30,104.9145
K,E,2014-07-01,105.0078
K,E,2014-07-02,105.0237
K,E,2014-07-03,105.0062
K,E,2014-07-04,104.8627
K,E,2014-07-07,104.8976
K,E,2014-07-08,104.9151
K,E,2014-07-09,104.8923
K,E,2014-07-10,104.9892
K,E,2014-07-11,105.0232
K,E,2014-07-14,105.0684
K,E,2014-07-15,105.0327
K,E,2014-07-16,104.9203
K,E,2014-07-17,105.005
K,E,2014-07-18,105.0372
K,E,2014-07-21,104.9509
K,E,2014-07-22,104.9425
K,E,2014-07-23,104.9411
K,E,2014-07-24,104.9853
K,E,2014-07-25,104.9163
K,E,2014-07-28,104.9433
K,E,2014-07-29,104.9783
K,E,2014-07-30,104.8498
K,E,2014-07-31,104.8173
K,E,2014-08-01,104.8429
K,E,2014-08-04,104.8068
K,E,2014-08-05,104.712
K,E,2014-08-06,104.8751
K,E,2014-08-07,104.9039
K,E,2014-08-08,105.0438
K,E,2014-08-11,105.0474
K,E,2014-08-12,104.9886
K,E,2014-08-13,105.0029
K,E,2014-08-14,105.1245
K,E,2014-08-15,105.1724
K,E,2014-08-18,105.2573
K,E,2014-08-19,105.2411
K,E,2014-08-20,105.2644
K,E,2014-08-21,105.2133
K,E,2014-08-22,105.2647
K,E,2014-08-25,105.3861
K,E,2014-08-26,105.4361
K,E,2014-08-27,105.4865
K,E,2014-08-28,105.5856
K,E,2014-08-29,105.5932
K,E,2014-09-01,105.577
K,E,2014-09-02,105.4549
K,E,2014-09-03,105.4438
K,E,2014-09-04,105.5092
K,E,2014-09-05,105.5972
K,E,2014-09-08,105.5726
K,E,2014-09-09,105.604
K,E,2014-09-10,105.4189
K,E,2014-09-11,105.2615
K,E,2014-09-12,105.2724
K,E,2014-09-15,105.2279
K,E,2014-09-16,105.3392
K,E,2014-09-17,105.1683
K,E,2014-09-18,105.3957
K,E,2014-09-19,105.5152
K,E,2014-09-22,105.455
K,E,2014-09-23,105.4564
K,E,2014-09-24,105.4328
K,E,2014-09-25,105.4477
K,E,2014-09-26,105.5091
K,E,2014-09-29,105.5345
K,E,2014-09-30,105.5602
K,E,2014-10-01,105.6171
K,E,2014-10-02,105.453
K,E,2014-10-03,105.3652
K,E,2014-10-06,105.1142
K,E,2014-10-07,105.1341
K,E,2014-10-08,105.068
K,E,2014-10-09,105.1289
K,E,2014-10-10,105.2469
K,E,2014-10-13,105.3841
K,E,2014-10-14,105.4881
K,E,2014-10-15,105.4921
K,E,2014-10-16,105.6072
K,E,2014-10-17,105.5038
K,E,2014-10-20,105.6184
K,E,2014-10-21,105.5962
K,E,2014-10-22,105.6063
K,E,2014-10-23,105.617
K,E,2014-10-24,105.6284
K,E,2014-10-27,105.6513
K,E,2014-10-28,105.6019
K,E,2014-10-29,105.6311
K,E,2014-10-30,105.6344
K,E,2014-10-31,105.6193
K,E,2014-11-03,105.6356
K,E,2014-11-04,105.6342
K,E,2014-11-05,105.7704
K,E,2014-11-06,105.724
K,E,2014-11-07,105.7112
K,E,2014-11-10,105.8351
K,E,2014-11-11,105.8536
K,E,2014-11-12,105.8399
K,E,2014-11-13,105.8267
K,E,2014-11-14,105.8571
K,E,2014-11-17,105.9058
K,E,2014-11-18,105.8727
K,E,2014-11-19,105.8904
K,E,2014-11-20,105.8713
K,E,2014-11-21,105.7589
K,E,2014-11-24,105.751
K,E,2014-11-25,105.7381
K,E,2014-11-26,105.738
K,E,2014-11-27,105.7713
K,E,2014-11-28,105.7861
K,E,2014-12-01,105.7136
K,E,2014-12-02,105.5942
K,E,2014-12-03,105.7205
K,E,2014-12-04,105.6633
K,E,2014-12-05,105.7957
K,E,2014-12-08,105.8075
K,E,2014-12-09,105.8363
K,E,2014-12-10,105.8756
K,E,2014-12-11,105.9285
K,E,2014-12-12,106.0183
K,E,2014-12-15,106.0246
K,E,2014-12-16,106.0516
K,E,2014-12-17,106.0677
K,E,2014-12-18,105.7948
K,E,2014-12-19,105.8525
K,E,2014-12-22,105.912
K,E,2014-12-23,105.9457
K,E,2014-12-24,105.9881
K,E,2014-12-25,106.1307
K,E,2014-12-26,106.0022
K,E,2014-12-29,105.957
K,E,2014-12-30,105.9598
K,E,2014-12-31,105.9726
K,E,2015-01-01,105.9255
K,E,2015-01-02,105.9573
K,E,2015-01-05,105.987
K,E,2015-01-06,105.9866
K,E,2015-01-07,105.9975
K,E,2015-01-08,105.9628
K,E,2015-01-09,105.918
K,E,2015-01-12,105.8857
K,E,2015-01-13,105.8435
K,E,2015-01-14,105.8005
K,E,2015-01-15,125.6063
K,E,2015-01-16,124.9872
K,E,2015-01-19,125.9295
K,E,2015-01-20,124.9244
K,E,2015-01-21,126.4285
K,E,2015-01-22,126.9392
K,E,2015-01-23,129.2548
K,E,2015-01-26,127.011
K,E,2015-01-27,123.8355
K,E,2015-01-28,123.6241
K,E,2015-01-29,122.5057
K,E,2015-01-30,121.1125
K,E,2015-02-02,120.0046
K,E,2015-02-03,120.4558
K,E,2015-02-04,119.3093
K,E,2015-02-05,119.8082
K,E,2015-02-06,119.8
K,E,2015-02-09,120.5496
K,E,2015-02-10,120.8835
K,E,2015-02-11,120.5845
K,E,2015-02-12,119.8639
K,E,2015-02-13,119.1428
K,E,2015-02-16,118.9784
K,E,2015-02-17,118.7734
K,E,2015-02-18,118.1232
K,E,2015-02-19,117.4115
K,E,2015-02-20,117.1869
K,E,2015-02-23,117.4867
K,E,2015-02-24,117.5964
K,E,2015-02-25,117.1628
K,E,2015-02-26,117.5261
K,E,2015-02-27,118.4184
K,E,2015-03-02,117.7437
K,E,2015-03-03,117.668
K,E,2015-03-04,117.7876
K,E,2015-03-05,118.0658
K,E,2015-03-06,117.7356
K,E,2015-03-09,117.9059
K,E,2015-03-10,117.8702
K,E,2015-03-11,118.3604
K,E,2015-03-12,118.5819
K,E,2015-03-13,118.1573
K,E,2015-03-16,119.1193
K,E,2015-03-17,118.4696
K,E,2015-03-18,118.3465
K,E,2015-03-19,118.9599
K,E,2015-03-20,119.2409
K,E,2015-03-23,118.9419
K,E,2015-03-24,119.4263
K,E,2015-03-25,119.8052
K,E,2015-03-26,119.798
K,E,2015-03-27,120.0803
K,E,2015-03-30,119.9212
K,E,2015-03-31,120.0868
K,E,2015-04-01,120.2119
K,E,2015-04-02,120.5142
K,E,2015-04-03,120.2037
K,E,2015-04-06,120.0342
K,E,2015-04-07,120.0067
K,E,2015-04-08,120.0177
K,E,2015-04-09,120.2141
K,E,2015-04-10,120.7496
K,E,2015-04-13,120.7988
K,E,2015-04-14,121.5088
K,E,2015-04-15,121.4335
K,E,2015-04-16,121.4441
K,E,2015-04-17,121.4241
K,E,2015-04-20,122.1688
K,E,2015-04-21,122.2439
K,E,2015-04-22,122.2407
K,E,2015-04-23,120.8706
K,E,2015-04-24,120.9924
K,E,2015-04-27,121.0547
K,E,2015-04-28,120.4207
K,E,2015-04-29,119.4189
K,E,2015-04-30,119.496
K,E,2015-05-01,119.6336
K,E,2015-05-04,120.119
K,E,2015-05-05,120.4731
K,E,2015-05-06,120.7943
K,E,2015-05-07,121.0909
K,E,2015-05-08,121.1665
K,E,2015-05-11,120.6897
K,E,2015-05-12,120.5611
K,E,2015-05-13,120.4715
K,E,2015-05-14,120.3883
K,E,2015-05-15,120.3784
K,E,2015-05-18,119.8075
K,E,2015-05-19,120.2753
K,E,2015-05-20,120.4611
K,E,2015-05-21,120.6002
K,E,2015-05-22,120.4942
K,E,2015-05-25,121.1893
K,E,2015-05-26,121.1918
K,E,2015-05-27,121.2829
K,E,2015-05-28,121.2071
K,E,2015-05-29,121.3125
K,E,2015-06-01,121.5691
K,E,2015-06-02,121.3345
K,E,2015-06-03,120.583
K,E,2015-06-04,118.8703
K,E,2015-06-05,119.5086
K,E,2015-06-08,119.9778
K,E,2015-06-09,119.8988
K,E,2015-06-10,119.5578
K,E,2015-06-11,118.8853
K,E,2015-06-12,119.7274
K,E,2015-06-15,119.848
K,E,2015-06-16,119.6138
K,E,2015-06-17,120.2756
K,E,2015-06-18,119.9797
K,E,2015-06-19,120.1037
K,E,2015-06-22,120.0785
K,E,2015-06-23,119.9983
K,E,2015-06-24,120.0733
K,E,2015-06-25,119.5422
K,E,2015-06-26,119.8157
K,E,2015-06-29,120.2551
K,E,2015-06-30,120.7135
K,E,2015-07-01,119.8165
K,E,2015-07-02,119.3627
K,E,2015-07-03,119.7374
K,E,2015-07-06,119.9259
K,E,2015-07-07,120.5025
K,E,2015-07-08,120.2519
K,E,2015-07-09,119.4074
K,E,2015-07-10,119.7841
K,E,2015-07-13,119.3387
K,E,2015-07-14,120.2543
K,E,2015-07-15,120.0223
K,E,2015-07-16,120.1823
K,E,2015-07-17,120.017
K,E,2015-07-20,119.8562
K,E,2015-07-21,119.9573
K,E,2015-07-22,119.4023
K,E,2015-07-23,119.3085
K,E,2015-07-24,118.9825
K,E,2015-07-27,118.0851
K,E,2015-07-28,117.2772
K,E,2015-07-29,117.491
K,E,2015-07-30,117.6607
K,E,2015-07-31,118.7785
K,E,2015-08-03,117.9367
K,E,2015-08-04,117.9024
K,E,2015-08-05,117.647
K,E,2015-08-06,116.7933
K,E,2015-08-07,116.5326
K,E,2015-08-10,116.1786
K,E,2015-08-11,115.4151
K,E,2015-08-12,114.6713
K,E,2015-08-13,115.2091
K,E,2015-08-14,115.1443
K,E,2015-08-17,115.4906
K,E,2015-08-18,115.8448
K,E,2015-08-19,116.228
K,E,2015-08-20,116.8294
K,E,2015-08-21,116.2224
K,E,2015-08-24,115.4467
K,E,2015-08-25,115.0995
K,E,2015-08-26,115.7051
K,E,2015-08-27,116.2623
K,E,2015-08-28,115.2627
K,E,2015-08-31,115.9775
K,E,2015-09-01,115.4699
K,E,2015-09-02,115.1672
K,E,2015-09-03,114.9433
K,E,2015-09-04,115.3389
K,E,2015-09-07,115.2587
K,E,2015-09-08,114.7165
K,E,2015-09-09,114.8241
K,E,2015-09-10,114.5002
K,E,2015-09-11,113.8267
K,E,2015-09-14,113.7303
K,E,2015-09-15,114.1185
K,E,2015-09-16,114.2746
K,E,2015-09-17,114.1046
K,E,2015-09-18,114.0913
K,E,2015-09-21,114.5099
K,E,2015-09-22,114.932
K,E,2015-09-23,115.107
K,E,2015-09-24,114.3666
K,E,2015-09-25,114.2611
K,E,2015-09-28,114.2042
K,E,2015-09-29,114.6757
K,E,2015-09-30,114.4863
K,E,2015-10-01,114.6841
K,E,2015-10-02,114.6183
K,E,2015-10-05,114.4771
K,E,2015-10-06,114.5727
K,E,2015-10-07,115.0472
K,E,2015-10-08,114.4303
K,E,2015-10-09,114.6613
K,E,2015-10-12,114.4154
K,E,2015-10-13,114.471
K,E,2015-10-14,114.7076
K,E,2015-10-15,115.2043
K,E,2015-10-16,115.4273
K,E,2015-10-19,115.649
K,E,2015-10-20,115.9522
K,E,2015-10-21,115.4821
K,E,2015-10-22,115.3285
K,E,2015-10-23,115.7549
K,E,2015-10-26,116.018
K,E,2015-10-27,115.3339
K,E,2015-10-28,115.2472
K,E,2015-10-29,115.4582
K,E,2015-10-30,115.3559
K,E,2015-11-02,115.1815
K,E,2015-11-03,115.4182
K,E,2015-11-04,115.8324
K,E,2015-11-05,115.7472
K,E,2015-11-06,115.8532
K,E,2015-11-09,116.0291
K,E,2015-11-10,116.2956
K,E,2015-11-11,116.0595
K,E,2015-11-12,116.4719
K,E,2015-11-13,116.1268
K,E,2015-11-16,116.0558
K,E,2015-11-17,116.1308
K,E,2015-11-18,115.7029
K,E,2015-11-19,115.0828
K,E,2015-11-20,115.5245
K,E,2015-11-23,115.6579
K,E,2015-11-24,115.5162
K,E,2015-11-25,115.6443
K,E,2015-11-26,115.3887
K,E,2015-11-27,114.8911
K,E,2015-11-30,114.7917
K,E,2015-12-01,114.8597
K,E,2015-12-02,114.8561
K,E,2015-12-03,115.7896
K,E,2015-12-04,114.9982
K,E,2015-12-07,115.4917
K,E,2015-12-08,115.5887
K,E,2015-12-09,115.472
K,E,2015-12-10,115.4866
K,E,2015-12-11,115.7007
K,E,2015-12-14,115.8955
K,E,2015-12-15,115.425
K,E,2015-12-16,115.7035
K,E,2015-12-17,115.7891
K,E,2015-12-18,116.0891
K,E,2015-12-21,115.7985
K,E,2015-12-22,115.5787
K,E,2015-12-23,115.8048
K,E,2015-12-24,115.8383
K,E,2015-12-25,115.8857
K,E,2015-12-28,115.3938
K,E,2015-12-29,115.4851
K,E,2015-12-30,115.5897
K,E,2015-12-31,115.7477
K,E,2016-01-01,115.7681
K,E,2016-01-04,115.2902
K,E,2016-01-05,115.4661
K,E,2016-01-06,115.5669
K,E,2016-01-07,115.1772
K,E,2016-01-08,115.1144
K,E,2016-01-11,115.2746
K,E,2016-01-12,115.3522
K,E,2016-01-13,114.9793
K,E,2016-01-14,114.3596
K,E,2016-01-15,114.5654
K,E,2016-01-18,114.4229
K,E,2016-01-19,114.3869
K,E,2016-01-20,114.5649
K,E,2016-01-21,114.4697
K,E,2016-01-22,114.5337
K,E,2016-01-25,114.2603
K,E,2016-01-26,113.8893
K,E,2016-01-27,113.5106
K,E,2016-01-28,113.1419
K,E,2016-01-29,112.7345
K,E,2016-02-01,112.9354
K,E,2016-02-02,112.5144
K,E,2016-02-03,112.761
K,E,2016-02-04,111.9458
K,E,2016-02-05,112.8058
K,E,2016-02-08,112.9744
K,E,2016-02-09,113.824
K,E,2016-02-10,114.0998
K,E,2016-02-11,114.2115
K,E,2016-02-12,113.6551
K,E,2016-02-15,113.6332
K,E,2016-02-16,113.4137
K,E,2016-02-17,113.3268
K,E,2016-02-18,113.134
K,E,2016-02-19,113.2769
K,E,2016-02-22,113.5855
K,E,2016-02-23,114.0174
K,E,2016-02-24,114.5829
K,E,2016-02-25,114.4464
K,E,2016-02-26,114.4007
K,E,2016-02-29,114.4511
K,E,2016-03-01,114.9646
K,E,2016-03-02,115.1599
K,E,2016-03-03,115.2214
K,E,2016-03-04,114.8
K,E,2016-03-07,114.0758
K,E,2016-03-08,114.4243
K,E,2016-03-09,114.1237
K,E,2016-03-10,114.3874
K,E,2016-03-11,113.901
K,E,2016-03-14,113.8756
K,E,2016-03-15,114.166
K,E,2016-03-16,114.0762
K,E,2016-03-17,113.9289
K,E,2016-03-18,114.3956
K,E,2016-03-21,114.5228
K,E,2016-03-22,114.9354
K,E,2016-03-23,114.6236
K,E,2016-03-24,114.8677
K,E,2016-03-25,114.8131
K,E,2016-03-28,114.8227
K,E,2016-03-29,114.8432
K,E,2016-03-30,114.6678
K,E,2016-03-31,114.5055
K,E,2016-04-01,114.3941
K,E,2016-04-04,114.6488
K,E,2016-04-05,114.7379
K,E,2016-04-06,114.7951
K,E,2016-04-07,114.9834
K,E,2016-04-08,114.9559
K,E,2016-04-11,114.9733
K,E,2016-04-12,115.0029
K,E,2016-04-13,114.9111
K,E,2016-04-14,114.8857
K,E,2016-04-15,114.6958
K,E,2016-04-18,114.5826
K,E,2016-04-19,114.4337
K,E,2016-04-20,114.3638
K,E,2016-04-21,113.8569
K,E,2016-04-22,113.3754
K,E,2016-04-25,113.7025
K,E,2016-04-26,113.4777
K,E,2016-04-27,113.3438
K,E,2016-04-28,113.6337
K,E,2016-04-29,113.8278
K,E,2016-05-02,113.3447
K,E,2016-05-03,113.652
K,E,2016-05-04,113.5912
K,E,2016-05-05,113.3653
K,E,2016-05-06,112.8595
K,E,2016-05-09,112.925
K,E,2016-05-10,112.615
K,E,2016-05-11,112.4443
K,E,2016-05-12,112.7361
K,E,2016-05-13,113.1513
K,E,2016-05-16,112.8605
K,E,2016-05-17,112.5859
K,E,2016-05-18,112.6032
K,E,2016-05-19,112.5952
K,E,2016-05-20,112.2046
K,E,2016-05-23,112.2259
K,E,2016-05-24,112.4565
K,E,2016-05-25,112.7394
K,E,2016-05-26,112.5833
K,E,2016-05-27,112.6445
K,E,2016-05-30,112.858
K,E,2016-05-31,113.0347
K,E,2016-06-01,112.7016
K,E,2016-06-02,112.7978
K,E,2016-06-03,112.8646
K,E,2016-06-06,112.7006
K,E,2016-06-07,113.503
K,E,2016-06-08,113.7983
K,E,2016-06-09,114.2829
K,E,2016-06-10,114.4287
K,E,2016-06-13,114.6698
K,E,2016-06-14,115.0067
K,E,2016-06-15,115.0816
K,E,2016-06-16,115.2675
K,E,2016-06-17,115.163
K,E,2016-06-20,114.5489
K,E,2016-06-21,114.6237
K,E,2016-06-22,115.2511
K,E,2016-06-23,114.9494
K,E,2016-06-24,114.7127
K,E,2016-06-27,115.8979
K,E,2016-06-28,114.9435
K,E,2016-06-29,114.9346
K,E,2016-06-30,114.5047
K,E,2016-07-01,115.0758
K,E,2016-07-04,115.0421
K,E,2016-07-05,115.2676
K,E,2016-07-06,115.0303
K,E,2016-07-07,115.053
K,E,2016-07-08,114.9141
K,E,2016-07-11,114.6741
K,E,2016-07-12,114.3243
K,E,2016-07-13,114.2015
K,E,2016-07-14,114.3248
K,E,2016-07-15,114.1892
K,E,2016-07-18,114.5381
K,E,2016-07-19,114.5079
K,E,2016-07-20,114.6192
K,E,2016-07-21,114.4818
K,E,2016-07-22,114.6029
K,E,2016-07-25,115.0274
K,E,2016-07-26,114.8693
K,E,2016-07-27,113.9141
K,E,2016-07-28,114.0347
K,E,2016-07-29,114.8554
K,E,2016-08-01,115.2092
K,E,2016-08-02,115.1191
K,E,2016-08-03,114.8818
K,E,2016-08-04,114.8662
K,E,2016-08-05,114.7107
K,E,2016-08-08,114.4274
K,E,2016-08-09,114.1919
K,E,2016-08-10,114.1043
K,E,2016-08-11,114.4837
K,E,2016-08-12,114.4888
K,E,2016-08-15,114.385
K,E,2016-08-16,114.6134
K,E,2016-08-17,114.8406
K,E,2016-08-18,114.7513
K,E,2016-08-19,114.9373
K,E,2016-08-22,114.3599
K,E,2016-08-23,114.3129
K,E,2016-08-24,114.4015
K,E,2016-08-25,114.286
K,E,2016-08-26,114.1358
K,E,2016-08-29,113.773
K,E,2016-08-30,113.6821
K,E,2016-08-31,113.5235
K,E,2016-09-01,113.1241
K,E,2016-09-02,113.4118
K,E,2016-09-05,113.8018
K,E,2016-09-06,113.6476
K,E,2016-09-07,114.0947
K,E,2016-09-08,113.876
K,E,2016-09-09,113.3517
K,E,2016-09-12,113.5319
K,E,2016-09-13,113.7358
K,E,2016-09-14,113.19970000000001
K,E,2016-09-15,113.3764
K,E,2016-09-16,113.6101
K,E,2016-09-19,113.5202
K,E,2016-09-20,113.604
K,E,2016-09-21,114.0264
K,E,2016-09-22,113.982
K,E,2016-09-23,114.1914
K,E,2016-09-26,114.1522
K,E,2016-09-27,113.9155
K,E,2016-09-28,114.032
K,E,2016-09-29,113.9483
K,E,2016-09-30,114.6539
K,E,2016-10-03,113.715
K,E,2016-10-04,113.5228
K,E,2016-10-05,113.2015
K,E,2016-10-06,113.6337
K,E,2016-10-07,113.6572
K,E,2016-10-10,113.4521
K,E,2016-10-11,113.3329
K,E,2016-10-12,113.807
K,E,2016-10-13,114.1074
K,E,2016-10-14,114.069
K,E,2016-10-17,114.2922
K,E,2016-10-18,114.0174
K,E,2016-10-19,114.1552
K,E,2016-10-20,114.3625
K,E,2016-10-21,114.7049
K,E,2016-10-24,114.6802
K,E,2016-10-25,114.744
K,E,2016-10-26,114.6324
K,E,2016-10-27,114.5615
K,E,2016-10-28,114.4764
K,E,2016-10-31,114.6481
K,E,2016-11-01,114.4642
K,E,2016-11-02,115.2401
K,E,2016-11-03,115.0112
K,E,2016-11-04,114.8107
K,E,2016-11-07,114.7041
K,E,2016-11-08,115.1199
K,E,2016-11-09,114.7847
K,E,2016-11-10,115.2426
K,E,2016-11-11,115.6314
K,E,2016-11-14,115.8567
K,E,2016-11-15,115.4478
K,E,2016-11-16,115.3285
K,E,2016-11-17,115.5176
K,E,2016-11-18,115.8276
K,E,2016-11-21,115.4494
K,E,2016-11-22,115.4293
K,E,2016-11-23,115.4174
K,E,2016-11-24,115.3429
K,E,2016-11-25,115.3398
K,E,2016-11-28,115.1874
K,E,2016-11-29,115.2077
K,E,2016-11-30,114.8321
K,E,2016-12-01,114.9686
K,E,2016-12-02,115.0157
K,E,2016-12-05,114.7683
K,E,2016-12-06,114.2266
K,E,2016-12-07,114.3157
K,E,2016-12-08,114.0744
K,E,2016-12-09,114.7133
K,E,2016-12-12,114.9728
K,E,2016-12-13,114.996
K,E,2016-12-14,115.1587
K,E,2016-12-15,115.0854
K,E,2016-12-16,115.0833
K,E,2016-12-19,115.4153
K,E,2016-12-20,115.7956
K,E,2016-12-21,115.81
K,E,2016-12-22,115.4286
K,E,2016-12-23,115.4164
K,E,2016-12-26,115.4079
K,E,2016-12-27,115.1564
K,E,2016-12-28,115.2277
K,E,2016-12-29,115.4722
K,E,2016-12-30,115.2306
K,E,2017-01-02,115.513
K,E,2017-01-03,115.7024
K,E,2017-01-04,115.5913
K,E,2017-01-05,115.5787
K,E,2017-01-06,115.5263
K,E,2017-01-09,115.5063
K,E,2017-01-10,115.295
K,E,2017-01-11,115.339
K,E,2017-01-12,115.5377
K,E,2017-01-13,115.3636
K,E,2017-01-16,115.4241
K,E,2017-01-17,115.5535
K,E,2017-01-18,115.5562
K,E,2017-01-19,115.4618
K,E,2017-01-20,115.4658
K,E,2017-01-23,115.4799
K,E,2017-01-24,115.3588
K,E,2017-01-25,115.3597
K,E,2017-01-26,115.6481
K,E,2017-01-27,115.8303
K,E,2017-01-30,115.9224
K,E,2017-01-31,116.2328
K,E,2017-02-01,115.9273
K,E,2017-02-02,115.8308
K,E,2017-02-03,115.7986
K,E,2017-02-06,115.8293
K,E,2017-02-07,116.117
K,E,2017-02-08,116.3718
K,E,2017-02-09,116.3002
K,E,2017-02-10,116.0764
K,E,2017-02-13,116.0595
K,E,2017-02-14,116.1019
K,E,2017-02-15,116.3554
K,E,2017-02-16,116.2575
K,E,2017-02-17,116.3993
K,E,2017-02-20,116.2217
K,E,2017-02-21,116.445
K,E,2017-02-22,116.3167
K,E,2017-02-23,116.2105
K,E,2017-02-24,116.2744
K,E,2017-02-27,116.1748
K,E,2017-02-28,116.2653
K,E,2017-03-01,116.362
K,E,2017-03-02,116.2693
K,E,2017-03-03,116.1358
K,E,2017-03-06,115.7406
K,E,2017-03-07,115.4867
K,E,2017-03-08,115.7288
K,E,2017-03-09,115.4263
K,E,2017-03-10,115.1976
K,E,2017-03-13,115.0915
K,E,2017-03-14,115.3653
K,E,2017-03-15,115.4106
K,E,2017-03-16,115.5581
K,E,2017-03-17,115.3599
K,E,2017-03-20,115.2513
K,E,2017-03-21,115.0665
K,E,2017-03-22,115.5086
K,E,2017-03-23,115.5081
K,E,2017-03-24,115.5137
K,E,2017-03-27,115.5693
K,E,2017-03-28,115.5561
K,E,2017-03-29,115.4554
K,E,2017-03-30,115.6166
K,E,2017-03-31,115.6301
K,E,2017-04-03,115.739
K,E,2017-04-04,115.7453
K,E,2017-04-05,115.5947
K,E,2017-04-06,115.4361
K,E,2017-04-07,115.6526
K,E,2017-04-10,115.8029
K,E,2017-04-11,115.8391
K,E,2017-04-12,115.7801
K,E,2017-04-13,115.8475
K,E,2017-04-14,115.9573
K,E,2017-04-17,115.9827
K,E,2017-04-18,115.8366
K,E,2017-04-19,115.7871
K,E,2017-04-20,115.557
K,E,2017-04-21,115.7438
K,E,2017-04-24,114.6327
K,E,2017-04-25,114.2666
K,E,2017-04-26,114.206
K,E,2017-04-27,114.3406
K,E,2017-04-28,114.394
K,E,2017-05-01,114.1478
K,E,2017-05-02,114.0165
K,E,2017-05-03,114.5505
K,E,2017-05-04,114.1864
K,E,2017-05-05,114.2982
K,E,2017-05-08,113.9995
K,E,2017-05-09,113.3796
K,E,2017-05-10,113.0468
K,E,2017-05-11,112.8582
K,E,2017-05-12,112.9517
K,E,2017-05-15,113.0765
K,E,2017-05-16,112.9916
K,E,2017-05-17,113.2891
K,E,2017-05-18,113.3004
K,E,2017-05-19,113.437
K,E,2017-05-22,113.5717
K,E,2017-05-23,113.0819
K,E,2017-05-24,113.3278
K,E,2017-05-25,113.2315
K,E,2017-05-26,113.4763
K,E,2017-05-29,113.4636
K,E,2017-05-30,113.5157
K,E,2017-05-31,113.4685
K,E,2017-06-01,113.3253
K,E,2017-06-02,113.3538
K,E,2017-06-05,113.7124
K,E,2017-06-06,113.8291
K,E,2017-06-07,113.8504
K,E,2017-06-08,113.5458
K,E,2017-06-09,113.6983
K,E,2017-06-12,113.7193
K,E,2017-06-13,113.9072
K,E,2017-06-14,113.6871
K,E,2017-06-15,113.4421
K,E,2017-06-16,113.4837
K,E,2017-06-19,113.5084
K,E,2017-06-20,113.6194
K,E,2017-06-21,113.7956
K,E,2017-06-22,113.6184
K,E,2017-06-23,113.8941
K,E,2017-06-26,113.6729
K,E,2017-06-27,113.4831
K,E,2017-06-28,113.1325
K,E,2017-06-29,112.9292
K,E,2017-06-30,112.9899
K,E,2017-07-03,113.0035
K,E,2017-07-04,112.7883
K,E,2017-07-05,112.6599
K,E,2017-07-06,112.6981
K,E,2017-07-07,112.3744
K,E,2017-07-10,112.286
K,E,2017-07-11,111.8321
K,E,2017-07-12,111.8245
K,E,2017-07-13,112.2587
K,E,2017-07-14,111.6183
K,E,2017-07-17,111.8197
K,E,2017-07-18,111.8517
K,E,2017-07-19,112.2444
K,E,2017-07-20,112.1589
K,E,2017-07-21,111.4273
K,E,2017-07-24,111.9489
K,E,2017-07-25,111.7688
K,E,2017-07-26,111.2249
K,E,2017-07-27,110.2213
K,E,2017-07-28,108.5751
K,E,2017-07-31,108.4214
K,E,2017-08-01,108.0956
K,E,2017-08-02,107.5993
K,E,2017-08-03,107.5571
K,E,2017-08-04,107.2786
K,E,2017-08-07,107.4936
K,E,2017-08-08,107.385
K,E,2017-08-09,109.103
K,E,2017-08-10,108.8413
K,E,2017-08-11,109.2527
K,E,2017-08-14,108.142
K,E,2017-08-15,107.9825
K,E,2017-08-16,107.9096
K,E,2017-08-17,108.9515
K,E,2017-08-18,109.2795
K,E,2017-08-21,108.6421
K,E,2017-08-22,108.5064
K,E,2017-08-23,108.0155
K,E,2017-08-24,108.3619
K,E,2017-08-25,108.499
K,E,2017-08-28,108.4888
K,E,2017-08-29,108.2269
K,E,2017-08-30,108.0992
K,E,2017-08-31,107.6325
K,E,2017-09-01,107.9638
K,E,2017-09-04,108.2802
K,E,2017-09-05,108.1671
K,E,2017-09-06,108.3201
K,E,2017-09-07,108.2591
K,E,2017-09-08,107.9358
K,E,2017-09-11,108.2055
K,E,2017-09-12,107.8274
K,E,2017-09-13,107.2954
K,E,2017-09-14,107.2364
K,E,2017-09-15,107.6514
K,E,2017-09-18,107.6542
K,E,2017-09-19,107.1475
K,E,2017-09-20,107.0019
K,E,2017-09-21,106.7021
K,E,2017-09-22,106.2858
K,E,2017-09-25,106.587
K,E,2017-09-26,107.6813
K,E,2017-09-27,107.8273
K,E,2017-09-28,107.7881
K,E,2017-09-29,107.743
K,E,2017-10-02,108.1867
K,E,2017-10-03,107.691
K,E,2017-10-04,107.8159
K,E,2017-10-05,107.4624
K,E,2017-10-06,107.6888
K,E,2017-10-09,107.4431
K,E,2017-10-10,107.1744
K,E,2017-10-11,106.9582
K,E,2017-10-12,106.8099
K,E,2017-10-13,106.9531
K,E,2017-10-16,107.3105
K,E,2017-10-17,107.3219
K,E,2017-10-18,107.16
K,E,2017-10-19,106.8904
K,E,2017-10-20,106.4106
K,E,2017-10-23,106.5047
K,E,2017-10-24,106.4159
K,E,2017-10-25,105.6669
K,E,2017-10-26,105.5082
K,E,2017-10-27,106.1566
K,E,2017-10-30,106.2519
K,E,2017-10-31,106.3055
K,E,2017-11-01,105.9742
K,E,2017-11-02,105.9923
K,E,2017-11-03,105.9666
K,E,2017-11-06,106.1339
K,E,2017-11-07,106.5462
K,E,2017-11-08,106.4971
K,E,2017-11-09,106.2088
K,E,2017-11-10,106.5441
K,E,2017-11-13,106.2159
K,E,2017-11-14,105.8222
K,E,2017-11-15,105.6272
K,E,2017-11-16,105.6279
K,E,2017-11-17,105.4495
K,E,2017-11-20,105.7378
K,E,2017-11-21,105.8661
K,E,2017-11-22,106.0032
K,E,2017-11-23,106.1458
K,E,2017-11-24,105.903
K,E,2017-11-27,105.412
K,E,2017-11-28,105.4993
K,E,2017-11-29,105.6454
K,E,2017-11-30,105.5704
K,E,2017-12-01,105.3508
K,E,2017-12-04,105.7924
K,E,2017-12-05,105.4985
K,E,2017-12-06,105.4348
K,E,2017-12-07,105.411
K,E,2017-12-08,105.3434
K,E,2017-12-11,105.4064
K,E,2017-12-12,105.6809
K,E,2017-12-13,105.7314
K,E,2017-12-14,105.5448
K,E,2017-12-15,105.682
K,E,2017-12-18,105.6141
K,E,2017-12-19,105.9264
K,E,2017-12-20,105.4185
K,E,2017-12-21,105.0741
K,E,2017-12-22,105.0207
K,E,2017-12-25,104.9914
K,E,2017-12-26,104.8902
K,E,2017-12-27,104.7457
K,E,2017-12-28,105.0995
K,E,2017-12-29,105.3158
K,E,2018-01-01,105.1903
K,E,2018-01-02,105.0657
K,E,2018-01-03,105.1516
K,E,2018-01-04,104.7488
K,E,2018-01-05,104.6404
K,E,2018-01-08,105.0106
K,E,2018-01-09,105.0155
K,E,2018-01-10,104.9819
K,E,2018-01-11,105.2337
K,E,2018-01-12,104.5475
K,E,2018-01-15,104.3935
K,E,2018-01-16,104.3783
K,E,2018-01-17,104.5502
K,E,2018-01-18,104.8869
K,E,2018-01-19,105.0357
K,E,2018-01-22,104.8708
K,E,2018-01-23,104.576
K,E,2018-01-24,104.9659
K,E,2018-01-25,105.4163
K,E,2018-01-26,105.92
K,E,2018-01-29,106.0771
K,E,2018-01-30,106.4654
K,E,2018-01-31,106.3107
K,E,2018-02-01,106.3729
K,E,2018-02-02,106.3391
K,E,2018-02-05,106.3926
K,E,2018-02-06,106.4355
K,E,2018-02-07,106.4552
K,E,2018-02-08,106.4976
K,E,2018-02-09,107.1653
K,E,2018-02-12,107.1579
K,E,2018-02-13,107.0466
K,E,2018-02-14,106.7242
K,E,2018-02-15,106.6624
K,E,2018-02-16,106.9202
K,E,2018-02-19,106.9805
K,E,2018-02-20,106.83
K,E,2018-02-21,106.6348
K,E,2018-02-22,106.8796
K,E,2018-02-23,107.1151
K,E,2018-02-26,106.9141
K,E,2018-02-27,106.6482
K,E,2018-02-28,106.9207
K,E,2018-03-01,106.9189
K,E,2018-03-02,106.9684
K,E,2018-03-05,106.7659
K,E,2018-03-06,106.1929
K,E,2018-03-07,105.7338
K,E,2018-03-08,105.2803
K,E,2018-03-09,105.3358
K,E,2018-03-12,105.3417
K,E,2018-03-13,105.3947
K,E,2018-03-14,105.3469
K,E,2018-03-15,105.411
K,E,2018-03-16,105.3025
K,E,2018-03-19,105.2256
K,E,2018-03-20,105.0802
K,E,2018-03-21,105.2157
K,E,2018-03-22,105.4014
K,E,2018-03-23,105.5685
K,E,2018-03-26,105.106
K,E,2018-03-27,104.7792
K,E,2018-03-28,104.6637
K,E,2018-03-29,104.6395
K,E,2018-03-30,104.8821
K,E,2018-04-02,104.8755
K,E,2018-04-03,104.905
K,E,2018-04-04,104.7074
K,E,2018-04-05,104.5001
K,E,2018-04-06,104.5636
K,E,2018-04-09,104.541
K,E,2018-04-10,104.6156
K,E,2018-04-11,103.8633
K,E,2018-04-12,103.7786
K,E,2018-04-13,103.8262
K,E,2018-04-16,103.638
K,E,2018-04-17,103.3628
K,E,2018-04-18,102.7149
K,E,2018-04-19,102.6627
K,E,2018-04-20,102.6422
K,E,2018-04-23,102.7704
K,E,2018-04-24,102.9622
K,E,2018-04-25,102.6039
K,E,2018-04-26,102.6018
K,E,2018-04-27,102.6726
K,E,2018-04-30,102.567
K,E,2018-05-01,102.7003
K,E,2018-05-02,102.8472
K,E,2018-05-03,102.7552
K,E,2018-05-04,102.7603
K,E,2018-05-07,102.5956
K,E,2018-05-08,102.8463
K,E,2018-05-09,103.2907
K,E,2018-05-10,102.9959
K,E,2018-05-11,102.7792
K,E,2018-05-14,102.5623
K,E,2018-05-15,102.9432
K,E,2018-05-16,103.8176
K,E,2018-05-17,103.7607
K,E,2018-05-18,104.054
K,E,2018-05-21,104.633
K,E,2018-05-22,104.3241
K,E,2018-05-23,105.6755
K,E,2018-05-24,105.4344
K,E,2018-05-25,105.4936
K,E,2018-05-28,105.9229
K,E,2018-05-29,107.1256
K,E,2018-05-30,106.8594
K,E,2018-05-31,106.1749
K,E,2018-06-01,106.5302
K,E,2018-06-04,106.4113
K,E,2018-06-05,106.35
K,E,2018-06-06,106.0467
K,E,2018-06-07,105.722
K,E,2018-06-08,106.2563
K,E,2018-06-11,105.5667
K,E,2018-06-12,105.811
K,E,2018-06-13,105.7225
K,E,2018-06-14,105.6225
K,E,2018-06-15,106.2484
K,E,2018-06-18,106.2482
K,E,2018-06-19,106.6966
K,E,2018-06-20,106.4854
K,E,2018-06-21,106.7573
K,E,2018-06-22,106.3076
K,E,2018-06-25,106.6349
K,E,2018-06-26,106.3286
K,E,2018-06-27,106.4502
K,E,2018-06-28,106.3491
K,E,2018-06-29,105.9715
K,E,2018-07-02,106.2715
K,E,2018-07-03,105.9175
K,E,2018-07-04,106.0684
K,E,2018-07-05,105.6282
K,E,2018-07-06,105.5048
K,E,2018-07-09,105.5454
K,E,2018-07-10,105.3099
K,E,2018-07-11,105.4458
K,E,2018-07-12,105.2127
K,E,2018-07-13,105.0972
K,E,2018-07-16,104.7813
K,E,2018-07-17,105.0917
K,E,2018-07-18,105.19970000000001
K,E,2018-07-19,105.3937
K,E,2018-07-20,105.2899
K,E,2018-07-23,105.5007
K,E,2018-07-24,105.4363
K,E,2018-07-25,105.5571
K,E,2018-07-26,105.3663
K,E,2018-07-27,105.7136
K,E,2018-07-30,105.5983
K,E,2018-07-31,105.7103
K,E,2018-08-01,105.6055
K,E,2018-08-02,105.9433
K,E,2018-08-03,106.2664
K,E,2018-08-06,106.4023
K,E,2018-08-07,106.1171
K,E,2018-08-08,106.0025
K,E,2018-08-09,106.1993
K,E,2018-08-10,107.4205
K,E,2018-08-13,108.0996
K,E,2018-08-14,108.1584
K,E,2018-08-15,108.3117
K,E,2018-08-16,108.2617
K,E,2018-08-17,107.7479
K,E,2018-08-20,107.6392
K,E,2018-08-21,107.4217
K,E,2018-08-22,107.4341
K,E,2018-08-23,107.5557
K,E,2018-08-24,107.4016
K,E,2018-08-27,107.0537
K,E,2018-08-28,107.0341
K,E,2018-08-29,107.2465
K,E,2018-08-30,107.8854
K,E,2018-08-31,108.2764
K,E,2018-09-03,108.4856
K,E,2018-09-04,108.6698
K,E,2018-09-05,108.4619
K,E,2018-09-06,108.3221
K,E,2018-09-07,108.7679
K,E,2018-09-10,108.8138
K,E,2018-09-11,108.0221
K,E,2018-09-12,108.2477
K,E,2018-09-13,108.4114
K,E,2018-09-14,108.2675
K,E,2018-09-17,108.6283
K,E,2018-09-18,108.8317
K,E,2018-09-19,108.2153
K,E,2018-09-20,108.2108
K,E,2018-09-21,108.4375
K,E,2018-09-24,108.2849
K,E,2018-09-25,107.5741
K,E,2018-09-26,107.552
K,E,2018-09-27,107.5604
K,E,2018-09-28,107.636
K,E,2018-10-01,107.0081
K,E,2018-10-02,107.9034
K,E,2018-10-03,107.1161
K,E,2018-10-04,107.2512
K,E,2018-10-05,106.9675
K,E,2018-10-08,107.3071
K,E,2018-10-09,107.1215
K,E,2018-10-10,107.136
K,E,2018-10-11,106.9748
K,E,2018-10-12,106.4729
K,E,2018-10-15,106.7277
K,E,2018-10-16,106.74
K,E,2018-10-17,106.6189
K,E,2018-10-18,106.7394
K,E,2018-10-19,107.1184
K,E,2018-10-22,106.4409
K,E,2018-10-23,107.0704
K,E,2018-10-24,107.3496
K,E,2018-10-25,107.3032
K,E,2018-10-26,107.4002
K,E,2018-10-29,107.357
K,E,2018-10-30,107.2715
K,E,2018-10-31,107.1733
K,E,2018-11-01,106.9953
K,E,2018-11-02,106.8889
K,E,2018-11-05,106.8292
K,E,2018-11-06,106.6257
K,E,2018-11-07,106.7246
K,E,2018-11-08,106.7281
K,E,2018-11-09,106.9418
K,E,2018-11-12,107.5846
K,E,2018-11-13,107.5989
K,E,2018-11-14,107.4089
K,E,2018-11-15,107.5714
K,E,2018-11-16,106.9987
K,E,2018-11-19,107.2949
K,E,2018-11-20,107.7638
K,E,2018-11-21,107.9325
K,E,2018-11-22,107.8858
K,E,2018-11-23,107.9621
K,E,2018-11-26,107.8796
K,E,2018-11-27,108.0834
K,E,2018-11-28,108.4483
K,E,2018-11-29,108.1842
K,E,2018-11-30,107.923
K,E,2018-12-03,107.8368
K,E,2018-12-04,107.8353
K,E,2018-12-05,107.9968
K,E,2018-12-06,108.144
K,E,2018-12-07,108.1833
K,E,2018-12-10,108.3005
K,E,2018-12-11,108.8532
K,E,2018-12-12,108.6257
K,E,2018-12-13,108.3289
K,E,2018-12-14,108.603
K,E,2018-12-17,108.3378
K,E,2018-12-18,108.4085
K,E,2018-12-19,108.0786
K,E,2018-12-20,107.8029
K,E,2018-12-21,108.0268
K,E,2018-12-24,107.7743
K,E,2018-12-25,108.6438
K,E,2018-12-26,108.5265
K,E,2018-12-27,108.1504
K,E,2018-12-28,108.4142
K,E,2018-12-31,108.4825
K,E,2019-01-01,108.8699
K,E,2019-01-02,108.6983
K,E,2019-01-03,108.8854
K,E,2019-01-04,108.5963
K,E,2019-01-07,108.7007
K,E,2019-01-08,108.8495
K,E,2019-01-09,108.8369
K,E,2019-01-10,108.6402
K,E,2019-01-11,107.9525
K,E,2019-01-14,108.5078
K,E,2019-01-15,108.5803
K,E,2019-01-16,108.4019
K,E,2019-01-17,108.1257
K,E,2019-01-18,107.8589
K,E,2019-01-21,107.7613
K,E,2019-01-22,107.9167
K,E,2019-01-23,107.8596
K,E,2019-01-24,108.3653
K,E,2019-01-25,108.3223
K,E,2019-01-28,108.0637
K,E,2019-01-29,107.7682
K,E,2019-01-30,107.3923
K,E,2019-01-31,107.2052
K,E,2019-02-01,107.4079
K,E,2019-02-04,107.1313
K,E,2019-02-05,107.0878
K,E,2019-02-06,107.3295
K,E,2019-02-07,107.5575
K,E,2019-02-08,107.7968
K,E,2019-02-11,107.9038
K,E,2019-02-12,107.7005
K,E,2019-02-13,107.4459
K,E,2019-02-14,107.7013
K,E,2019-02-15,107.7812
K,E,2019-02-18,107.808
K,E,2019-02-19,107.7849
K,E,2019-02-20,107.7507
K,E,2019-02-21,107.854
K,E,2019-02-22,107.8642
K,E,2019-02-25,107.8869
K,E,2019-02-26,107.7487
K,E,2019-02-27,107.7071
K,E,2019-02-28,107.8549
K,E,2019-03-01,107.6943
K,E,2019-03-04,107.7748
K,E,2019-03-05,107.8789
K,E,2019-03-06,107.7045
K,E,2019-03-07,107.6577
K,E,2019-03-08,107.9811
K,E,2019-03-11,107.8287
K,E,2019-03-12,107.5635
K,E,2019-03-13,107.6122
K,E,2019-03-14,107.5727
K,E,2019-03-15,107.5198
K,E,2019-03-18,107.5677
K,E,2019-03-19,107.6617
K,E,2019-03-20,107.6953
K,E,2019-03-21,107.8753
K,E,2019-03-22,108.4249
K,E,2019-03-25,108.5346
K,E,2019-03-26,108.6861
K,E,2019-03-27,108.9643
K,E,2019-03-28,108.9254
K,E,2019-03-29,109.2835
K,E,2019-04-01,109.1831
K,E,2019-04-02,108.9971
K,E,2019-04-03,108.914
K,E,2019-04-04,108.7961
K,E,2019-04-05,108.6623
K,E,2019-04-08,108.6316
K,E,2019-04-09,108.3416
K,E,2019-04-10,108.1416
K,E,2019-04-11,108.0369
K,E,2019-04-12,107.8223
K,E,2019-04-15,107.5507
K,E,2019-04-16,107.4168
K,E,2019-04-17,107.0128
K,E,2019-04-18,107.1989
K,E,2019-04-19,107.0487
K,E,2019-04-22,106.918
K,E,2019-04-23,106.4253
K,E,2019-04-24,106.8691
K,E,2019-04-25,107.2903
K,E,2019-04-26,107.2928
K,E,2019-04-29,107.1929
K,E,2019-04-30,106.9607
K,E,2019-05-01,106.8742
K,E,2019-05-02,106.8478
K,E,2019-05-03,107.157
K,E,2019-05-06,107.2137
K,E,2019-05-07,106.9923
K,E,2019-05-08,107.0253
K,E,2019-05-09,107.1335
K,E,2019-05-10,107.1789
K,E,2019-05-13,107.5467
K,E,2019-05-14,107.6912
K,E,2019-05-15,108.1218
K,E,2019-05-16,107.8162
K,E,2019-05-17,108.1837
K,E,2019-05-20,108.3005
K,E,2019-05-21,108.2915
K,E,2019-05-22,108.1456
K,E,2019-05-23,108.4395
K,E,2019-05-24,108.6405
K,E,2019-05-27,108.314
K,E,2019-05-28,108.4931
K,E,2019-05-29,108.6349
K,E,2019-05-30,108.4574
K,E,2019-05-31,108.7065
K,E,2019-06-03,109.3136
K,E,2019-06-04,109.0272
K,E,2019-06-05,108.828
K,E,2019-06-06,108.9882
K,E,2019-06-07,108.7398
K,E,2019-06-10,108.7842
K,E,2019-06-11,108.5566
K,E,2019-06-12,108.26220000000001
K,E,2019-06-13,108.516
K,E,2019-06-14,108.3395
K,E,2019-06-17,108.5067
K,E,2019-06-18,108.6967
K,E,2019-06-19,108.6739
K,E,2019-06-20,108.9702
K,E,2019-06-21,109.348
K,E,2019-06-24,109.3107
K,E,2019-06-25,109.3574
K,E,2019-06-26,109.5727
K,E,2019-06-27,109.0501
K,E,2019-06-28,109.4429
K,E,2019-07-01,108.8779
K,E,2019-07-02,108.7785
K,E,2019-07-03,109.0708
K,E,2019-07-04,109.0601
K,E,2019-07-05,109.1151
K,E,2019-07-08,109.004
K,E,2019-07-09,108.9334
K,E,2019-07-10,109.014
K,E,2019-07-11,109.1595
K,E,2019-07-12,109.1441
K,E,2019-07-15,109.3822
K,E,2019-07-16,109.5562
K,E,2019-07-17,109.3173
K,E,2019-07-18,109.5107
K,E,2019-07-19,109.5227
K,E,2019-07-22,110.0893
K,E,2019-07-23,110.1102
K,E,2019-07-24,110.4235
K,E,2019-07-25,110.4716
K,E,2019-07-26,109.795
K,E,2019-07-29,109.9092
K,E,2019-07-30,109.8184
K,E,2019-07-31,109.7955
K,E,2019-08-01,110.301
K,E,2019-08-02,110.7761
K,E,2019-08-05,111.5459
K,E,2019-08-06,111.0736
K,E,2019-08-07,110.8124
K,E,2019-08-08,110.8752
K,E,2019-08-09,111.1668
K,E,2019-08-12,111.3811
K,E,2019-08-13,111.5531
K,E,2019-08-14,111.3684
K,E,2019-08-15,111.5487
K,E,2019-08-16,111.6637
K,E,2019-08-19,111.6607
K,E,2019-08-20,111.6607
K,E,2019-08-21,111.5323
K,E,2019-08-22,111.1699
K,E,2019-08-23,110.9385
K,E,2019-08-26,111.4229
K,E,2019-08-27,111.2931
K,E,2019-08-28,111.3234
K,E,2019-08-29,111.274
K,E,2019-08-30,110.9957
K,E,2019-09-02,111.4725
K,E,2019-09-03,111.6369
K,E,2019-09-04,111.6288
K,E,2019-09-05,111.6911
K,E,2019-09-06,110.9543
K,E,2019-09-09,110.7904
K,E,2019-09-10,110.6095
K,E,2019-09-11,110.4479
K,E,2019-09-12,110.7967
K,E,2019-09-13,110.3849
K,E,2019-09-16,110.4044
K,E,2019-09-17,110.4762
K,E,2019-09-18,109.955
K,E,2019-09-19,110.243
K,E,2019-09-20,110.315
K,E,2019-09-23,111.2509
K,E,2019-09-24,110.984
K,E,2019-09-25,111.436
K,E,2019-09-26,111.1555
K,E,2019-09-27,111.3613
K,E,2019-09-30,111.2296
K,E,2019-10-01,110.7859
K,E,2019-10-02,110.7818
K,E,2019-10-03,110.2515
K,E,2019-10-04,110.37
K,E,2019-10-07,110.816
K,E,2019-10-08,110.7957
K,E,2019-10-09,110.7177
K,E,2019-10-10,110.5369
K,E,2019-10-11,109.8766
K,E,2019-10-14,109.9072
K,E,2019-10-15,109.7321
K,E,2019-10-16,109.8187
K,E,2019-10-17,109.7329
K,E,2019-10-18,109.9
K,E,2019-10-21,109.8203
K,E,2019-10-22,109.7128
K,E,2019-10-23,109.8724
K,E,2019-10-24,109.6236
K,E,2019-10-25,109.636
K,E,2019-10-28,109.4488
K,E,2019-10-29,109.6078
K,E,2019-10-30,109.6679
K,E,2019-10-31,109.7245
K,E,2019-11-01,109.8947
K,E,2019-11-04,109.6266
K,E,2019-11-05,109.6809
K,E,2019-11-06,109.7973
K,E,2019-11-07,109.9004
K,E,2019-11-08,110.0153
K,E,2019-11-11,110.1217
K,E,2019-11-12,110.2053
K,E,2019-11-13,110.8895
K,E,2019-11-14,111.2584
K,E,2019-11-15,110.7322
K,E,2019-11-18,110.3276
K,E,2019-11-19,110.1173
K,E,2019-11-20,110.2144
K,E,2019-11-21,110.0631
K,E,2019-11-22,109.9634
K,E,2019-11-25,109.9955
K,E,2019-11-26,109.913
K,E,2019-11-27,110.0054
K,E,2019-11-28,109.843
K,E,2019-11-29,109.8225
K,E,2019-12-02,109.6948
K,E,2019-12-03,110.1499
K,E,2019-12-04,110.3888
K,E,2019-12-05,110.069
K,E,2019-12-06,110.1842
K,E,2019-12-09,110.2039
K,E,2019-12-10,110.5297
K,E,2019-12-11,110.6266
K,E,2019-12-12,110.438
K,E,2019-12-13,109.9628
K,E,2019-12-16,110.3109
K,E,2019-12-17,110.1121
K,E,2019-12-18,110.6058
K,E,2019-12-19,110.5337
K,E,2019-12-20,110.7812
K,E,2019-12-23,111.0853
K,E,2019-12-24,110.9191
K,E,2019-12-25,111.1959
K,E,2019-12-26,110.9304
K,E,2019-12-27,110.9743
K,E,2019-12-30,110.7861
K,E,2019-12-31,111.1324
K,E,2020-01-01,111.3133
K,E,2020-01-02,111.1633
K,E,2020-01-03,111.3158
K,E,2020-01-06,111.2835
K,E,2020-01-07,111.1511
K,E,2020-01-08,111.5114
K,E,2020-01-09,111.5473
K,E,2020-01-10,111.5664
K,E,2020-01-13,111.5525
K,E,2020-01-14,111.7485
K,E,2020-01-15,112.232
K,E,2020-01-16,112.3128
K,E,2020-01-17,112.2815
K,E,2020-01-20,112.3878
K,E,2020-01-21,112.3279
K,E,2020-01-22,111.9357
K,E,2020-01-23,112.3001
K,E,2020-01-24,112.5839
K,E,2020-01-27,112.8157
K,E,2020-01-28,113.0334
K,E,2020-01-29,112.4842
K,E,2020-01-30,112.7025
K,E,2020-01-31,112.7294
K,E,2020-02-03,113.0304
K,E,2020-02-04,112.6347
K,E,2020-02-05,112.5383
K,E,2020-02-06,112.5814
K,E,2020-02-07,112.8296
K,E,2020-02-10,112.7032
K,E,2020-02-11,113.0909
K,E,2020-02-12,113.4007
K,E,2020-02-13,113.4998
K,E,2020-02-14,113.4039
K,E,2020-02-17,113.3028
K,E,2020-02-18,113.5783
K,E,2020-02-19,113.5401
K,E,2020-02-20,113.652
K,E,2020-02-21,113.6803
K,E,2020-02-24,113.7281
K,E,2020-02-25,113.7105
K,E,2020-02-26,113.6813
K,E,2020-02-27,113.4935
K,E,2020-02-28,113.3467
K,E,2020-03-02,113.1739
K,E,2020-03-03,113.195
K,E,2020-03-04,113.2538
K,E,2020-03-05,113.2841
K,E,2020-03-06,113.7158
K,E,2020-03-09,113.8825
K,E,2020-03-10,113.8384
K,E,2020-03-11,113.7567
K,E,2020-03-12,114.2214
K,E,2020-03-13,114.1212
K,E,2020-03-16,114.2102
K,E,2020-03-17,113.9537
K,E,2020-03-18,114.1873
K,E,2020-03-19,114.1617
K,E,2020-03-20,114.2529
K,E,2020-03-23,114.1887
K,E,2020-03-24,113.9202
K,E,2020-03-25,113.4154
K,E,2020-03-26,113.0712
K,E,2020-03-27,113.4976
K,E,2020-03-30,113.6384
K,E,2020-03-31,113.5919
K,E,2020-04-01,113.8413
K,E,2020-04-02,113.8677
K,E,2020-04-03,113.9751
K,E,2020-04-06,113.9324
K,E,2020-04-07,113.7818
K,E,2020-04-08,113.959
K,E,2020-04-09,113.9492
K,E,2020-04-10,113.8006
K,E,2020-04-13,113.8085
K,E,2020-04-14,114.0546
K,E,2020-04-15,114.0745
K,E,2020-04-16,114.2778
K,E,2020-04-17,114.3121
K,E,2020-04-20,114.2899
K,E,2020-04-21,114.3145
K,E,2020-04-22,114.1756
K,E,2020-04-23,114.2977
K,E,2020-04-24,114.2791
K,E,2020-04-27,113.9406
K,E,2020-04-28,113.3997
K,E,2020-04-29,113.7716
K,E,2020-04-30,113.6519
K,E,2020-05-01,113.6581
K,E,2020-05-04,113.8548
K,E,2020-05-05,114.0888
K,E,2020-05-06,114.0508
K,E,2020-05-07,113.9975
K,E,2020-05-08,114.0233
K,E,2020-05-11,114.0873
K,E,2020-05-12,114.1463
K,E,2020-05-13,114.0949
K,E,2020-05-14,114.1241
K,E,2020-05-15,114.0875
K,E,2020-05-18,114.163
K,E,2020-05-19,112.7893
K,E,2020-05-20,113.2153
K,E,2020-05-21,113.1475
K,E,2020-05-22,113.2693
K,E,2020-05-25,113.2944
K,E,2020-05-26,113.046
K,E,2020-05-27,112.7881
K,E,2020-05-28,112.4703
K,E,2020-05-29,112.2106
K,E,2020-06-01,112.4232
K,E,2020-06-02,112.1192
K,E,2020-06-03,111.1853
K,E,2020-06-04,111.4193
K,E,2020-06-05,110.5804
K,E,2020-06-08,110.3842
K,E,2020-06-09,111.6028
K,E,2020-06-10,111.632
K,E,2020-06-11,112.1674
K,E,2020-06-12,112.1439
K,E,2020-06-15,112.1648
K,E,2020-06-16,111.736
K,E,2020-06-17,112.3078
K,E,2020-06-18,112.5409
K,E,2020-06-19,112.8229
K,E,2020-06-22,112.8311
K,E,2020-06-23,112.7519
K,E,2020-06-24,112.6622
K,E,2020-06-25,112.903
K,E,2020-06-26,113.1233
K,E,2020-06-29,112.9599
K,E,2020-06-30,112.6972
K,E,2020-07-01,113.1702
K,E,2020-07-02,112.9845
K,E,2020-07-03,113.2443
K,E,2020-07-06,113.2236
K,E,2020-07-07,113.1487
K,E,2020-07-08,113.3506
K,E,2020-07-09,113.3004
K,E,2020-07-10,113.3329
K,E,2020-07-13,113.0714
K,E,2020-07-14,112.9104
K,E,2020-07-15,112.2378
K,E,2020-07-16,111.9005
K,E,2020-07-17,111.9147
K,E,2020-07-20,111.8743
K,E,2020-07-21,112.1217
K,E,2020-07-22,111.874
K,E,2020-07-23,112.0202
K,E,2020-07-24,112.1601
K,E,2020-07-27,111.9576
K,E,2020-07-28,111.6676
K,E,2020-07-29,112.0185
K,E,2020-07-30,112.1467
K,E,2020-07-31,111.8744
K,E,2020-08-03,111.5327
K,E,2020-08-04,111.5931
K,E,2020-08-05,111.7666
K,E,2020-08-06,111.9068
K,E,2020-08-07,111.4924
K,E,2020-08-10,111.8442
K,E,2020-08-11,111.9056
K,E,2020-08-12,111.9572
K,E,2020-08-13,111.9371
K,E,2020-08-14,112.0763
K,E,2020-08-17,112.0843
K,E,2020-08-18,111.7849
K,E,2020-08-19,111.8049
K,E,2020-08-20,111.4886
K,E,2020-08-21,112.0678
K,E,2020-08-24,112.0501
K,E,2020-08-25,112.0759
K,E,2020-08-26,112.0538
K,E,2020-08-27,112.206
K,E,2020-08-28,112.0636
K,E,2020-08-31,112.0641
K,E,2020-09-01,111.5465
K,E,2020-09-02,111.3751
K,E,2020-09-03,111.7691
K,E,2020-09-04,111.6993
K,E,2020-09-07,111.5617
K,E,2020-09-08,111.1969
K,E,2020-09-09,111.6018
K,E,2020-09-10,112.0885
K,E,2020-09-11,111.8562
K,E,2020-09-14,111.9578
K,E,2020-09-15,111.928
K,E,2020-09-16,111.9853
K,E,2020-09-17,112.0811
K,E,2020-09-18,111.8688
K,E,2020-09-21,111.8383
K,E,2020-09-22,112.0213
K,E,2020-09-23,111.9046
K,E,2020-09-24,111.7358
K,E,2020-09-25,111.4866
K,E,2020-09-28,111.6357
K,E,2020-09-29,111.6689
K,E,2020-09-30,111.4531
K,E,2020-10-01,111.6469
K,E,2020-10-02,111.5943
K,E,2020-10-05,111.7754
K,E,2020-10-06,111.7584
K,E,2020-10-07,111.5582
K,E,2020-10-08,111.5309
K,E,2020-10-09,111.7353
K,E,2020-10-12,111.8028
K,E,2020-10-13,112.0776
K,E,2020-10-14,112.0118
K,E,2020-10-15,112.2673
K,E,2020-10-16,112.2551
K,E,2020-10-19,112.1649
K,E,2020-10-20,112.247
K,E,2020-10-21,112.1507
K,E,2020-10-22,111.8854
K,E,2020-10-23,112.2004
K,E,2020-10-26,112.2076
K,E,2020-10-27,111.9777
K,E,2020-10-28,112.1555
K,E,2020-10-29,112.3887
K,E,2020-10-30,112.3494
K,E,2020-11-02,112.5472
K,E,2020-11-03,112.1875
K,E,2020-11-04,112.3621
K,E,2020-11-05,112.188
K,E,2020-11-06,112.4596
K,E,2020-11-09,112.4208
K,E,2020-11-10,111.1352
K,E,2020-11-11,111.0536
K,E,2020-11-12,111.3642
K,E,2020-11-13,111.179
K,E,2020-11-16,111.3493
K,E,2020-11-17,111.1778
K,E,2020-11-18,111.0839
K,E,2020-11-19,111.1968
K,E,2020-11-20,111.2248
K,E,2020-11-23,111.0551
K,E,2020-11-24,110.9875
K,E,2020-11-25,110.5647
K,E,2020-11-26,111.016
K,E,2020-11-27,111.0908
K,E,2020-11-30,110.9383
K,E,2020-12-01,110.5517
K,E,2020-12-02,110.5415
K,E,2020-12-03,110.807
K,E,2020-12-04,110.5799
K,E,2020-12-07,111.0013
K,E,2020-12-08,111.1493
K,E,2020-12-09,111.2373
K,E,2020-12-10,111.3078
K,E,2020-12-11,111.3778
K,E,2020-12-14,111.1858
K,E,2020-12-15,111.1214
K,E,2020-12-16,110.9263
K,E,2020-12-17,110.8065
K,E,2020-12-18,110.2481
K,E,2020-12-21,110.4013
K,E,2020-12-22,110.3088
K,E,2020-12-23,110.1105
K,E,2020-12-24,110.1331
K,E,2020-12-25,110.0828
K,E,2020-12-28,109.5464
K,E,2020-12-29,109.9568
K,E,2020-12-30,109.8726
K,E,2020-12-31,110.1086
K,E,2021-01-01,110.2793
K,E,2021-01-04,110.1194
K,E,2021-01-05,110.2335
K,E,2021-01-06,110.0497
K,E,2021-01-07,109.8298
K,E,2021-01-08,109.778
K,E,2021-01-11,109.9622
K,E,2021-01-12,109.9204
K,E,2021-01-13,109.9863
K,E,2021-01-14,110.2829
K,E,2021-01-15,110.3812
K,E,2021-01-18,110.6147
K,E,2021-01-19,110.4674
K,E,2021-01-20,110.4069
K,E,2021-01-21,110.426
K,E,2021-01-22,110.4249
K,E,2021-01-25,110.3621
K,E,2021-01-26,110.303
K,E,2021-01-27,110.4325
K,E,2021-01-28,110.4193
K,E,2021-01-29,110.3454
K,E,2021-02-01,109.8903
K,E,2021-02-02,109.9915
K,E,2021-02-03,110.0263
K,E,2021-02-04,109.9653
K,E,2021-02-05,109.9736
K,E,2021-02-08,109.7054
K,E,2021-02-09,109.8516
K,E,2021-02-10,109.9998
K,E,2021-02-11,110.0709
K,E,2021-02-12,109.9737
K,E,2021-02-15,109.9404
K,E,2021-02-16,110.0348
K,E,2021-02-17,109.9739
K,E,2021-02-18,109.735
K,E,2021-02-19,109.4892
K,E,2021-02-22,109.0737
K,E,2021-02-23,108.5571
K,E,2021-02-24,107.6633
K,E,2021-02-25,107.2384
K,E,2021-02-26,108.3685
K,E,2021-03-01,108.1872
K,E,2021-03-02,107.6149
K,E,2021-03-03,107.1654
K,E,2021-03-04,106.9743
K,E,2021-03-05,107.0899
K,E,2021-03-08,107.1439
K,E,2021-03-09,106.8577
K,E,2021-03-10,107.3617
K,E,2021-03-11,107.277
K,E,2021-03-12,106.9821
K,E,2021-03-15,107.1454
K,E,2021-03-16,107.3007
K,E,2021-03-17,107.6475
K,E,2021-03-18,107.4601
K,E,2021-03-19,107.4395
K,E,2021-03-22,107.6565
K,E,2021-03-23,107.4918
K,E,2021-03-24,107.3786
K,E,2021-03-25,107.4217
K,E,2021-03-26,107.204
K,E,2021-03-29,107.5869
K,E,2021-03-30,107.3185
K,E,2021-03-31,107.314
K,E,2021-04-01,107.0557
K,E,2021-04-02,107.0803
K,E,2021-04-05,107.2184
K,E,2021-04-06,107.1584
K,E,2021-04-07,107.4651
K,E,2021-04-08,107.7229
K,E,2021-04-09,107.8894
K,E,2021-04-12,107.9396
K,E,2021-04-13,107.8785
K,E,2021-04-14,107.8634
K,E,2021-04-15,107.3267
K,E,2021-04-16,107.6898
K,E,2021-04-19,107.8192
K,E,2021-04-20,107.4478
K,E,2021-04-21,107.5997
K,E,2021-04-22,107.6057
K,E,2021-04-23,107.3748
K,E,2021-04-26,107.1454
K,E,2021-04-27,107.2049
K,E,2021-04-28,107.1398
K,E,2021-04-29,107.4171
K,E,2021-04-30,107.702
K,E,2021-05-03,107.7394
K,E,2021-05-04,107.8525
K,E,2021-05-05,107.8446
K,E,2021-05-06,108.0443
K,E,2021-05-07,107.9845
K,E,2021-05-10,108.0818
K,E,2021-05-11,107.9186
K,E,2021-05-12,107.8855
K,E,2021-05-13,108.0233
K,E,2021-05-14,108.1831
K,E,2021-05-17,108.0514
K,E,2021-05-18,107.9924
K,E,2021-05-19,107.6293
K,E,2021-05-20,107.6859
K,E,2021-05-21,107.953
K,E,2021-05-24,107.9613
K,E,2021-05-25,108.0301
K,E,2021-05-26,108.0117
K,E,2021-05-27,108.1091
K,E,2021-05-28,108.0151
K,E,2021-05-31,107.7827
K,E,2021-06-01,107.6096
K,E,2021-06-02,107.8272
K,E,2021-06-03,107.7869
K,E,2021-06-04,107.9659
K,E,2021-06-07,108.0985
K,E,2021-06-08,108.2788
K,E,2021-06-09,108.2403
K,E,2021-06-10,108.4234
K,E,2021-06-11,108.4776
K,E,2021-06-14,108.5901
K,E,2021-06-15,108.5243
K,E,2021-06-16,108.4623
K,E,2021-06-17,108.2291
K,E,2021-06-18,107.9552
K,E,2021-06-21,107.8323
K,E,2021-06-22,107.9196
K,E,2021-06-23,107.731
K,E,2021-06-24,107.6662
K,E,2021-06-25,107.8455
K,E,2021-06-28,107.7087
K,E,2021-06-29,107.6998
K,E,2021-06-30,107.5868
K,E,2021-07-01,107.5277
K,E,2021-07-02,107.7395
K,E,2021-07-05,107.8733
K,E,2021-07-06,107.8947
K,E,2021-07-07,108.0941
K,E,2021-07-08,108.7784
K,E,2021-07-09,108.9235
K,E,2021-07-12,108.6941
K,E,2021-07-13,108.758
K,E,2021-07-14,108.9517
K,E,2021-07-15,109.159
K,E,2021-07-16,108.6083
K,E,2021-07-19,108.8005
K,E,2021-07-20,108.9859
K,E,2021-07-21,108.7509
K,E,2021-07-22,108.9783
K,E,2021-07-23,108.8486
K,E,2021-07-26,109.019
K,E,2021-07-27,109.199
K,E,2021-07-28,109.1963
K,E,2021-07-29,109.3899
K,E,2021-07-30,109.5074
K,E,2021-08-02,109.5996
K,E,2021-08-03,109.7528
K,E,2021-08-04,109.9113
K,E,2021-08-05,109.93
K,E,2021-08-06,109.9616
K,E,2021-08-09,109.4523
K,E,2021-08-10,109.1421
K,E,2021-08-11,108.985
K,E,2021-08-12,108.9259
K,E,2021-08-13,108.8297
K,E,2021-08-16,109.5691
K,E,2021-08-17,109.8949
K,E,2021-08-18,110.1124
K,E,2021-08-19,110.078
K,E,2021-08-20,109.9754
K,E,2021-08-23,109.8937
K,E,2021-08-24,110.0196
K,E,2021-08-25,109.8189
K,E,2021-08-26,109.223
K,E,2021-08-27,109.161
K,E,2021-08-30,109.0206
K,E,2021-08-31,108.9604
K,E,2021-09-01,108.6291
K,E,2021-09-02,108.5701
K,E,2021-09-03,108.4403
K,E,2021-09-06,108.3533
K,E,2021-09-07,108.4301
K,E,2021-09-08,108.2161
K,E,2021-09-09,108.201
K,E,2021-09-10,108.5166
K,E,2021-09-13,108.3211
K,E,2021-09-14,107.9537
K,E,2021-09-15,108.3471
K,E,2021-09-16,108.1388
K,E,2021-09-17,107.6759
K,E,2021-09-20,107.8149
K,E,2021-09-21,108.2383
K,E,2021-09-22,108.6175
K,E,2021-09-23,108.5459
K,E,2021-09-24,108.3629
K,E,2021-09-27,108.288
K,E,2021-09-28,108.3927
K,E,2021-09-29,108.338
K,E,2021-09-30,108.2982
K,E,2021-10-01,108.8514
K,E,2021-10-04,108.804
K,E,2021-10-05,109.2299
K,E,2021-10-06,109.2156
K,E,2021-10-07,109.4309
K,E,2021-10-08,109.1277
K,E,2021-10-11,109.3658
K,E,2021-10-12,109.2818
K,E,2021-10-13,109.2318
K,E,2021-10-14,109.5915
K,E,2021-10-15,109.3755
K,E,2021-10-18,109.172
K,E,2021-10-19,109.2443
K,E,2021-10-20,108.8732
K,E,2021-10-21,109.2903
K,E,2021-10-22,109.6144
K,E,2021-10-25,109.4399
K,E,2021-10-26,109.349
K,E,2021-10-27,109.8115
K,E,2021-10-28,109.7729
K,E,2021-10-29,109.9878
K,E,2021-11-01,110.3697
K,E,2021-11-02,110.4704
K,E,2021-11-03,110.6064
K,E,2021-11-04,110.7933
K,E,2021-11-05,110.5794
K,E,2021-11-08,110.3776
K,E,2021-11-09,110.3015
K,E,2021-11-10,110.5326
K,E,2021-11-11,110.5752
K,E,2021-11-12,110.6173
K,E,2021-11-15,110.7518
K,E,2021-11-16,110.7564
K,E,2021-11-17,110.6994
K,E,2021-11-18,111.0245
K,E,2021-11-19,111.5002
K,E,2021-11-22,111.3694
K,E,2021-11-23,111.1078
K,E,2021-11-24,111.1456
K,E,2021-11-25,111.243
K,E,2021-11-26,111.6655
K,E,2021-11-29,111.6427
K,E,2021-11-30,111.6223
K,E,2021-12-01,111.8304
K,E,2021-12-02,111.675
K,E,2021-12-03,111.9212
K,E,2021-12-06,111.6448
K,E,2021-12-07,111.7071
K,E,2021-12-08,111.4805
K,E,2021-12-09,111.4074
K,E,2021-12-10,111.5072
K,E,2021-12-13,111.484
K,E,2021-12-14,111.6438
K,E,2021-12-15,111.4524
K,E,2021-12-16,111.0427
K,E,2021-12-17,111.5345
K,E,2021-12-20,111.4833
K,E,2021-12-21,111.5215
K,E,2021-12-22,111.1265
K,E,2021-12-23,111.2359
K,E,2021-12-24,111.3868
K,E,2021-12-27,111.3968
K,E,2021-12-28,111.5284
K,E,2021-12-29,111.6735
K,E,2021-12-30,111.5899
K,E,2021-12-31,111.9418
K,E,2022-01-03,111.7713
K,E,2022-01-04,111.515
K,E,2022-01-05,111.7297
K,E,2022-01-06,111.4016
K,E,2022-01-07,110.9863
K,E,2022-01-10,110.8714
K,E,2022-01-11,110.1951
K,E,2022-01-12,110.2157
K,E,2022-01-13,110.4807
K,E,2022-01-14,110.8181
K,E,2022-01-17,110.8196
K,E,2022-01-18,110.9794
K,E,2022-01-19,111.3638
K,E,2022-01-20,111.3464
K,E,2022-01-21,111.7864
K,E,2022-01-24,111.9872
K,E,2022-01-25,111.4099
K,E,2022-01-26,111.3151
K,E,2022-01-27,111.308
K,E,2022-01-28,111.4768
K,E,2022-01-31,110.9146
K,E,2022-02-01,111.0951
K,E,2022-02-02,111.0661
K,E,2022-02-03,110.8463
K,E,2022-02-04,109.2
K,E,2022-02-07,109.0672
K,E,2022-02-08,109.3188
K,E,2022-02-09,109.0613
K,E,2022-02-10,108.8296
K,E,2022-02-11,108.837
K,E,2022-02-14,109.8657
K,E,2022-02-15,109.3531
K,E,2022-02-16,109.0775
K,E,2022-02-17,109.4948
K,E,2022-02-18,109.4232
K,E,2022-02-21,109.7655
K,E,2022-02-22,110.043
K,E,2022-02-23,109.4322
K,E,2022-02-24,110.6636
K,E,2022-02-25,110.3182
K,E,2022-02-28,110.7235
K,E,2022-03-01,111.2616
K,E,2022-03-02,112.3006
K,E,2022-03-03,111.9805
K,E,2022-03-04,112.7275
K,E,2022-03-07,113.6799
K,E,2022-03-08,112.8677
K,E,2022-03-09,112.0557
K,E,2022-03-10,111.4919
K,E,2022-03-11,111.6249
K,E,2022-03-14,111.3329
K,E,2022-03-15,110.4565
K,E,2022-03-16,110.4682
K,E,2022-03-17,109.8762
K,E,2022-03-18,110.4435
K,E,2022-03-21,110.9416
K,E,2022-03-22,110.9142
K,E,2022-03-23,110.9797
K,E,2022-03-24,111.3172
K,E,2022-03-25,111.9265
K,E,2022-03-28,110.9716
K,E,2022-03-29,110.9619
K,E,2022-03-30,110.604
K,E,2022-03-31,110.8957
K,E,2022-04-01,111.7664
K,E,2022-04-04,111.7382
K,E,2022-04-05,112.3711
K,E,2022-04-06,112.07
K,E,2022-04-07,112.4697
K,E,2022-04-08,112.2941
K,E,2022-04-11,111.9507
K,E,2022-04-12,112.5654
K,E,2022-04-13,112.9695
K,E,2022-04-14,111.7777
K,E,2022-04-15,111.8576
K,E,2022-04-18,111.8002
K,E,2022-04-19,111.4285
K,E,2022-04-20,110.83
K,E,2022-04-21,109.922
K,E,2022-04-22,110.3115
K,E,2022-04-25,110.4907
K,E,2022-04-26,110.9936
K,E,2022-04-27,111.2352
K,E,2022-04-28,111.3531
K,E,2022-04-29,111.0679
K,E,2022-05-02,111.1135
K,E,2022-05-03,110.5699
K,E,2022-05-04,110.1642
K,E,2022-05-05,109.5604
K,E,2022-05-06,109.3241
K,E,2022-05-09,108.8361
K,E,2022-05-10,108.181
K,E,2022-05-11,108.772
K,E,2022-05-12,109.1482
K,E,2022-05-13,109.1068
K,E,2022-05-16,108.3763
K,E,2022-05-17,108.6606
K,E,2022-05-18,108.3894
K,E,2022-05-19,110.8226
K,E,2022-05-20,110.3752
K,E,2022-05-23,110.097
K,E,2022-05-24,110.1852
K,E,2022-05-25,110.5288
K,E,2022-05-26,110.7775
K,E,2022-05-27,110.3936
K,E,2022-05-30,110.2612
K,E,2022-05-31,110.0735
K,E,2022-06-01,110.1601
K,E,2022-06-02,110.569
K,E,2022-06-03,110.1316
K,E,2022-06-06,109.8876
K,E,2022-06-07,108.8775
K,E,2022-06-08,108.5054
K,E,2022-06-09,108.1332
K,E,2022-06-10,109.1021
K,E,2022-06-13,109.1823
K,E,2022-06-14,109.5554
K,E,2022-06-15,108.2746
K,E,2022-06-16,111.0882
K,E,2022-06-17,111.5668
K,E,2022-06-20,111.4668
K,E,2022-06-21,110.986
K,E,2022-06-22,111.3623
K,E,2022-06-23,111.4847
K,E,2022-06-24,111.8242
K,E,2022-06-27,111.5838
K,E,2022-06-28,111.9396
K,E,2022-06-29,112.6448
K,E,2022-06-30,113.365
K,E,2022-07-01,112.8938
K,E,2022-07-04,112.8833
K,E,2022-07-05,113.6905
K,E,2022-07-06,113.8679
K,E,2022-07-07,114.1631
K,E,2022-07-08,114.4062
K,E,2022-07-11,114.0423
K,E,2022-07-12,114.6538
K,E,2022-07-13,115.0725
K,E,2022-07-14,114.5128
K,E,2022-07-15,114.9155
K,E,2022-07-18,114.4432
K,E,2022-07-19,113.7376
K,E,2022-07-20,113.8889
K,E,2022-07-21,113.973
K,E,2022-07-22,114.9083
K,E,2022-07-25,114.627
K,E,2022-07-26,114.7491
K,E,2022-07-27,115.8156
K,E,2022-07-28,115.3754
K,E,2022-07-29,115.8765
K,E,2022-08-01,115.8278
K,E,2022-08-02,115.7356
K,E,2022-08-03,115.3629
K,E,2022-08-04,115.0895
K,E,2022-08-05,115.312
K,E,2022-08-08,115.3335
K,E,2022-08-09,115.5045
K,E,2022-08-10,115.7003
K,E,2022-08-11,115.814
K,E,2022-08-12,115.9863
K,E,2022-08-15,116.4458
K,E,2022-08-16,116.8021
K,E,2022-08-17,116.0364
K,E,2022-08-18,115.7447
K,E,2022-08-19,116.1348
K,E,2022-08-22,116.6916
K,E,2022-08-23,116.7053
K,E,2022-08-24,116.9942
K,E,2022-08-25,116.2324
K,E,2022-08-26,116.0429
K,E,2022-08-29,116.0685
K,E,2022-08-30,114.9138
K,E,2022-08-31,114.5053
K,E,2022-09-01,113.9421
K,E,2022-09-02,114.1049
K,E,2022-09-05,114.3779
K,E,2022-09-06,114.1376
K,E,2022-09-07,114.3434
K,E,2022-09-08,114.1101
K,E,2022-09-09,115.0038
K,E,2022-09-12,114.2749
K,E,2022-09-13,115.0197
K,E,2022-09-14,115.6607
K,E,2022-09-15,115.5728
K,E,2022-09-16,115.5399
K,E,2022-09-19,114.9542
K,E,2022-09-20,114.612
K,E,2022-09-21,115.9463
K,E,2022-09-22,115.0976
K,E,2022-09-23,115.6246
K,E,2022-09-26,115.9455
K,E,2022-09-27,116.3549
K,E,2022-09-28,116.4841
K,E,2022-09-29,116.3213
K,E,2022-09-30,115.0409
K,E,2022-10-03,113.932
K,E,2022-10-04,113.1989
K,E,2022-10-05,113.1012
K,E,2022-10-06,113.6117
K,E,2022-10-07,113.6868
K,E,2022-10-10,114.1884
K,E,2022-10-11,113.6743
K,E,2022-10-12,114.1938
K,E,2022-10-13,113.7282
K,E,2022-10-14,113.0416
K,E,2022-10-17,113.0012
K,E,2022-10-18,112.6264
K,E,2022-10-19,112.3711
K,E,2022-10-20,112.0726
K,E,2022-10-21,111.9864
K,E,2022-10-24,112.0636
K,E,2022-10-25,111.6073
K,E,2022-10-26,111.4289
K,E,2022-10-27,111.0123
K,E,2022-10-28,111.4926
K,E,2022-10-31,111.0011
K,E,2022-11-01,111.7948
K,E,2022-11-02,111.7616
K,E,2022-11-03,111.7267
K,E,2022-11-04,111.7637
K,E,2022-11-07,111.3652
K,E,2022-11-08,111.5232
K,E,2022-11-09,111.3358
K,E,2022-11-10,112.1096
K,E,2022-11-11,111.9688
K,E,2022-11-14,113.0822
K,E,2022-11-15,112.8627
K,E,2022-11-16,112.5004
K,E,2022-11-17,112.3429
K,E,2022-11-18,111.7335
K,E,2022-11-21,112.3995
K,E,2022-11-22,112.3794
K,E,2022-11-23,112.2952
K,E,2022-11-24,112.2503
K,E,2022-11-25,112.2524
K,E,2022-11-28,111.9659
K,E,2022-11-29,111.7889
K,E,2022-11-30,112.0198
K,E,2022-12-01,111.8851
K,E,2022-12-02,111.9623
K,E,2022-12-05,111.7821
K,E,2022-12-06,111.3986
K,E,2022-12-07,111.7963
K,E,2022-12-08,111.4793
K,E,2022-12-09,111.8015
K,E,2022-12-12,111.9387
K,E,2022-12-13,111.7151
K,E,2022-12-14,111.5885
K,E,2022-12-15,111.8112
K,E,2022-12-16,111.7668
K,E,2022-12-19,111.6444
K,E,2022-12-20,111.9756
K,E,2022-12-21,112.1633
K,E,2022-12-22,112.2123
K,E,2022-12-23,111.6503
K,E,2022-12-26,111.4722
K,E,2022-12-27,111.4509
K,E,2022-12-28,111.5056
K,E,2022-12-29,112.0999
K,E,2022-12-30,112.1181
K,E,2023-01-02,111.7296
K,E,2023-01-03,111.6382
K,E,2023-01-04,112.1196
K,E,2023-01-05,112.0774
K,E,2023-01-06,111.6674
K,E,2023-01-09,111.7855
K,E,2023-01-10,111.5922
K,E,2023-01-11,111.2473
K,E,2023-01-12,110.0192
K,E,2023-01-13,109.5408
K,E,2023-01-16,110.1676
K,E,2023-01-17,110.4208
K,E,2023-01-18,111.1386
K,E,2023-01-19,111.178
K,E,2023-01-20,110.6166
K,E,2023-01-23,110.1159
K,E,2023-01-24,110.114
K,E,2023-01-25,109.7521
K,E,2023-01-26,110.0451
K,E,2023-01-27,109.9443
K,E,2023-01-30,109.9563
K,E,2023-01-31,109.8045
K,E,2023-02-01,110.5155
K,E,2023-02-02,110.34
K,E,2023-02-03,110.434
K,E,2023-02-06,110.7725
K,E,2023-02-07,111.0525
K,E,2023-02-08,111.5501
K,E,2023-02-09,111.4209
K,E,2023-02-10,111.4532
K,E,2023-02-13,111.6871
K,E,2023-02-14,111.662
K,E,2023-02-15,111.2633
K,E,2023-02-16,111.4846
K,E,2023-02-17,110.9759
K,E,2023-02-20,111.5514
K,E,2023-02-21,111.6214
K,E,2023-02-22,111.4775
K,E,2023-02-23,111.3145
K,E,2023-02-24,111.1369
K,E,2023-02-27,110.7076
K,E,2023-02-28,110.5182
K,E,2023-03-01,110.1707
K,E,2023-03-02,109.8915
K,E,2023-03-03,110.422
K,E,2023-03-06,110.6384
K,E,2023-03-07,110.522
K,E,2023-03-08,110.5857
K,E,2023-03-09,110.9712
K,E,2023-03-10,111.5606
K,E,2023-03-13,112.6327
K,E,2023-03-14,112.4048
K,E,2023-03-15,111.9103
K,E,2023-03-16,111.4649
K,E,2023-03-17,111.2803
K,E,2023-03-20,110.5853
K,E,2023-03-21,110.1259
K,E,2023-03-22,110.2806
K,E,2023-03-23,110.002
K,E,2023-03-24,111.2895
K,E,2023-03-27,111.0752
K,E,2023-03-28,110.4924
K,E,2023-03-29,109.9526
K,E,2023-03-30,109.9851
K,E,2023-03-31,109.7936
K,E,2023-04-03,110.0727
K,E,2023-04-04,110.0024
K,E,2023-04-05,110.5178
K,E,2023-04-06,111.0666
K,E,2023-04-07,110.933
K,E,2023-04-10,110.7895
K,E,2023-04-11,110.9978
K,E,2023-04-12,110.9685
K,E,2023-04-13,111.4648
K,E,2023-04-14,111.4131
K,E,2023-04-17,111.4766
K,E,2023-04-18,111.1874
K,E,2023-04-19,111.1647
K,E,2023-04-20,111.2912
K,E,2023-04-21,111.6714
K,E,2023-04-24,111.6694
K,E,2023-04-25,111.773
K,E,2023-04-26,111.3085
K,E,2023-04-27,110.8729
K,E,2023-04-28,111.087
K,E,2023-05-01,111.2077
K,E,2023-05-02,110.9243
K,E,2023-05-03,111.5499
K,E,2023-05-04,111.5285
K,E,2023-05-05,111.1426
K,E,2023-05-08,111.4856
K,E,2023-05-09,111.5727
K,E,2023-05-10,112.0311
K,E,2023-05-11,111.7485
K,E,2023-05-12,112.2566
K,E,2023-05-15,112.0899
K,E,2023-05-16,112.3585
K,E,2023-05-17,112.068
K,E,2023-05-18,112.1577
K,E,2023-05-19,112.121
K,E,2023-05-22,112.8082
K,E,2023-05-23,112.4028
K,E,2023-05-24,112.3423
K,E,2023-05-25,112.4103
K,E,2023-05-26,112.5666
K,E,2023-05-29,112.72
K,E,2023-05-30,112.7261
K,E,2023-05-31,112.366
K,E,2023-06-01,112.2289
K,E,2023-06-02,112.0257
K,E,2023-06-05,112.0311
K,E,2023-06-06,112.5408
K,E,2023-06-07,112.5596
K,E,2023-06-08,111.9524
K,E,2023-06-09,112.5853
K,E,2023-06-12,112.1972
K,E,2023-06-13,111.5799
K,E,2023-06-14,111.6887
K,E,2023-06-15,111.4916
K,E,2023-06-16,111.8139
K,E,2023-06-19,111.5561
K,E,2023-06-20,111.1736
K,E,2023-06-21,111.2906
K,E,2023-06-22,110.9682
K,E,2023-06-23,111.5866
K,E,2023-06-26,111.8302
K,E,2023-06-27,111.3863
K,E,2023-06-28,111.2252
K,E,2023-06-29,111.35
K,E,2023-06-30,111.6004
K,E,2023-07-03,111.3825
K,E,2023-07-04,111.6554
K,E,2023-07-05,111.4361
K,E,2023-07-06,111.7365
K,E,2023-07-07,111.7974
K,E,2023-07-10,111.7043
K,E,2023-07-11,112.2613
K,E,2023-07-12,112.5211
K,E,2023-07-13,113.0443
K,E,2023-07-14,113.07
K,E,2023-07-17,112.7709
K,E,2023-07-18,112.7496
K,E,2023-07-19,112.8344
K,E,2023-07-20,113.1693
K,E,2023-07-21,112.8692
K,E,2023-07-24,113.2646
K,E,2023-07-25,113.259
K,E,2023-07-26,113.8663
K,E,2023-07-27,114.08
K,E,2023-07-28,113.8967
K,E,2023-07-31,113.1953
K,E,2023-08-01,113.021
K,E,2023-08-02,112.8485
K,E,2023-08-03,113.437
K,E,2023-08-04,113.2135
K,E,2023-08-07,113.0714
K,E,2023-08-08,113.2161
K,E,2023-08-09,113.0816
K,E,2023-08-10,112.9206
K,E,2023-08-11,112.666
K,E,2023-08-14,113.1705
K,E,2023-08-15,113.4744
K,E,2023-08-16,113.2066
K,E,2023-08-17,113.591
K,E,2023-08-18,113.5115
K,E,2023-08-21,113.3149
K,E,2023-08-22,113.4069
K,E,2023-08-23,113.9787
K,E,2023-08-24,113.6682
K,E,2023-08-25,113.6508
K,E,2023-08-28,113.6829
K,E,2023-08-29,113.4977
K,E,2023-08-30,113.6013
K,E,2023-08-31,113.2983
K,E,2023-09-01,113.3709
K,E,2023-09-04,113.7104
K,E,2023-09-05,113.7694
K,E,2023-09-06,113.6801
K,E,2023-09-07,113.6557
K,E,2023-09-08,113.7912
K,E,2023-09-11,113.548
K,E,2023-09-12,113.6744
K,E,2023-09-13,113.2948
K,E,2023-09-14,113.2639
K,E,2023-09-15,113.7296
K,E,2023-09-18,113.6614
K,E,2023-09-19,113.4393
K,E,2023-09-20,113.2132
K,E,2023-09-21,112.4084
K,E,2023-09-22,112.6752
K,E,2023-09-25,112.4229
K,E,2023-09-26,112.423
K,E,2023-09-27,112.3071
K,E,2023-09-28,112.535
K,E,2023-09-29,112.6408
K,E,2023-10-02,112.9195
K,E,2023-10-03,112.7232
K,E,2023-10-04,112.8718
K,E,2023-10-05,112.8011
K,E,2023-10-06,112.9314
K,E,2023-10-09,113.3096
K,E,2023-10-10,113.4402
K,E,2023-10-11,113.5643
K,E,2023-10-12,113.7389
K,E,2023-10-13,113.6814
K,E,2023-10-16,114.3277
K,E,2023-10-17,114.3781
K,E,2023-10-18,114.3407
K,E,2023-10-19,114.801
K,E,2023-10-20,115.2531
K,E,2023-10-23,114.9474
K,E,2023-10-24,114.5801
K,E,2023-10-25,114.834
K,E,2023-10-26,114.6697
K,E,2023-10-27,114.3774
K,E,2023-10-30,113.8268
K,E,2023-10-31,113.1213
K,E,2023-11-01,113.3746
K,E,2023-11-02,113.3963
K,E,2023-11-03,112.9945
K,E,2023-11-06,112.9557
K,E,2023-11-07,113.1089
K,E,2023-11-08,113.0902
K,E,2023-11-09,112.9067
K,E,2023-11-10,112.9149
K,E,2023-11-13,112.8015
K,E,2023-11-14,112.6072
K,E,2023-11-15,112.7344
K,E,2023-11-16,112.7178
K,E,2023-11-17,112.8935
K,E,2023-11-20,112.657
K,E,2023-11-21,112.396
K,E,2023-11-22,112.7967
K,E,2023-11-23,112.8018
K,E,2023-11-24,112.7995
K,E,2023-11-27,112.6877
K,E,2023-11-28,112.825
K,E,2023-11-29,113.0335
K,E,2023-11-30,113.7731
K,E,2023-12-01,114.1932
K,E,2023-12-04,114.6069
K,E,2023-12-05,114.9012
K,E,2023-12-06,115.2342
K,E,2023-12-07,115.4851
K,E,2023-12-08,115.2632
K,E,2023-12-11,114.8873
K,E,2023-12-12,114.7086
K,E,2023-12-13,115.0171
K,E,2023-12-14,114.4215
K,E,2023-12-15,114.4442
K,E,2023-12-18,114.5875
K,E,2023-12-19,114.6766
K,E,2023-12-20,115.0608
K,E,2023-12-21,115.2041
K,E,2023-12-22,115.4308
K,E,2023-12-25,115.4227
K,E,2023-12-26,115.4184
K,E,2023-12-27,115.4143
K,E,2023-12-28,116.9262
K,E,2023-12-29,117.0862
K,E,2024-01-01,116.9524
K,E,2024-01-02,116.8229
K,E,2024-01-03,116.6939
K,E,2024-01-04,116.6449
K,E,2024-01-05,116.7297
K,E,2024-01-08,116.7725
K,E,2024-01-09,116.8663
K,E,2024-01-10,116.4901
K,E,2024-01-11,116.4787
K,E,2024-01-12,116.0995
K,E,2024-01-15,116.2607
K,E,2024-01-16,115.9854
K,E,2024-01-17,115.9097
K,E,2024-01-18,115.4982
K,E,2024-01-19,114.9658
K,E,2024-01-22,114.9091
K,E,2024-01-23,114.9616
K,E,2024-01-24,115.1853
K,E,2024-01-25,115.4786
K,E,2024-01-26,115.8185
K,E,2024-01-29,116.4431
K,E,2024-01-30,116.2528
K,E,2024-01-31,116.3191
K,E,2024-02-01,116.5804
K,E,2024-02-02,116.4613
K,E,2024-02-05,116.0402
K,E,2024-02-06,116.0273
K,E,2024-02-07,115.7249
K,E,2024-02-08,115.3596
K,E,2024-02-09,115.126
K,E,2024-02-12,115.1377
K,E,2024-02-13,114.5769
K,E,2024-02-14,114.3031
K,E,2024-02-15,114.467
K,E,2024-02-16,114.3597
K,E,2024-02-19,114.2751
K,E,2024-02-20,113.942
K,E,2024-02-21,114.0398
K,E,2024-02-22,113.9194
K,E,2024-02-23,113.692
K,E,2024-02-26,113.6789
K,E,2024-02-27,113.5836
K,E,2024-02-28,113.8967
K,E,2024-02-29,113.799
K,E,2024-03-01,113.2373
K,E,2024-03-04,113.2275
K,E,2024-03-05,112.7992
K,E,2024-03-06,112.6972
K,E,2024-03-07,112.9177
K,E,2024-03-08,113.1261
K,E,2024-03-11,113.1281
K,E,2024-03-12,113.255
K,E,2024-03-13,112.986
K,E,2024-03-14,112.6924
K,E,2024-03-15,112.7281
K,E,2024-03-18,112.589
K,E,2024-03-19,112.7504
K,E,2024-03-20,112.3423
K,E,2024-03-21,111.1917
K,E,2024-03-22,111.4174
K,E,2024-03-25,111.7226
K,E,2024-03-26,110.979
K,E,2024-03-27,110.7312
K,E,2024-03-28,111.1522
K,E,2024-03-29,111.2093
K,E,2024-04-01,111.268
K,E,2024-04-02,111.3219
K,E,2024-04-03,110.9133
K,E,2024-04-04,110.3143
K,E,2024-04-05,110.845
K,E,2024-04-08,110.7085
K,E,2024-04-09,110.4915
K,E,2024-04-10,110.5533
K,E,2024-04-11,110.5402
K,E,2024-04-12,111.3662
K,E,2024-04-15,111.5299
K,E,2024-04-16,111.837
K,E,2024-04-17,112.0092
K,E,2024-04-18,111.766
K,E,2024-04-19,112.1058
K,E,2024-04-22,111.6911
K,E,2024-04-23,111.4064
K,E,2024-04-24,110.9645
K,E,2024-04-25,110.6993
K,E,2024-04-26,110.6856
K,E,2024-04-29,111.0044
K,E,2024-04-30,110.862
K,E,2024-05-01,110.8541
K,E,2024-05-02,110.8476
K,E,2024-05-03,111.068
K,E,2024-05-06,111.1743
K,E,2024-05-07,110.8199
K,E,2024-05-08,110.9475
K,E,2024-05-09,110.883
K,E,2024-05-10,110.8159
K,E,2024-05-13,110.7444
K,E,2024-05-14,110.6095
K,E,2024-05-15,110.4412
K,E,2024-05-16,110.3631
K,E,2024-05-17,109.8134
K,E,2024-05-20,109.6386
K,E,2024-05-21,109.4644
K,E,2024-05-22,109.2817
K,E,2024-05-23,109.1711
K,E,2024-05-24,109.2747
K,E,2024-05-27,109.0741
K,E,2024-05-28,109.1562
K,E,2024-05-29,109.398
K,E,2024-05-30,110.2771
K,E,2024-05-31,110.2168
K,E,2024-06-03,110.5608
K,E,2024-06-04,111.0806
K,E,2024-06-05,111.4467
K,E,2024-06-06,111.4553
K,E,2024-06-07,111.6795
K,E,2024-06-10,112.0801
K,E,2024-06-11,112.1721
K,E,2024-06-12,112.197
K,E,2024-06-13,111.7198
K,E,2024-06-14,113.307
K,E,2024-06-17,113.1993
K,E,2024-06-18,113.4093
K,E,2024-06-19,113.7693
K,E,2024-06-20,113.3211
K,E,2024-06-21,113.2844
K,E,2024-06-24,112.7828
K,E,2024-06-25,112.6101
K,E,2024-06-26,112.5753
K,E,2024-06-27,112.5368
K,E,2024-06-28,112.1847
K,E,2024-07-01,111.3707
K,E,2024-07-02,111.3574
K,E,2024-07-03,111.0172
K,E,2024-07-04,110.8586
K,E,2024-07-05,110.9381
K,E,2024-07-08,111.1787
K,E,2024-07-09,110.9516
K,E,2024-07-10,111.1871
K,E,2024-07-11,110.7209
K,E,2024-07-12,110.6212
K,E,2024-07-15,110.6154
K,E,2024-07-16,110.5562
K,E,2024-07-17,111.1101
K,E,2024-07-18,111.5771
K,E,2024-07-19,111.6058
K,E,2024-07-22,111.579
K,E,2024-07-23,111.3888
K,E,2024-07-24,111.9433
K,E,2024-07-25,112.8953
K,E,2024-07-26,112.4975
K,E,2024-07-29,112.4703
K,E,2024-07-30,112.4484
K,E,2024-07-31,113.0661
K,E,2024-08-01,113.731
K,E,2024-08-02,114.404
K,E,2024-08-05,115.8418
K,E,2024-08-06,115.4837
K,E,2024-08-07,115.0472
K,E,2024-08-08,114.8583
K,E,2024-08-09,114.1604
K,E,2024-08-12,113.7155
K,E,2024-08-13,113.8329
K,E,2024-08-14,113.4784
K,E,2024-08-15,113.1421
K,E,2024-08-16,113.0739
K,E,2024-08-19,113.0096
K,E,2024-08-20,113.1903
K,E,2024-08-21,113.4413
K,E,2024-08-22,113.7105
K,E,2024-08-23,113.8127
K,E,2024-08-26,114.0427
K,E,2024-08-27,113.9198
K,E,2024-08-28,114.7904
K,E,2024-08-29,115.1888
K,E,2024-08-30,114.7056
K,E,2024-09-02,114.645
K,E,2024-09-03,114.4344
K,E,2024-09-04,114.9488
K,E,2024-09-05,114.7974
K,E,2024-09-06,115.2911
K,E,2024-09-09,114.9838
K,E,2024-09-10,115.1102
K,E,2024-09-11,115.3815
K,E,2024-09-12,114.4855
K,E,2024-09-13,114.4803
K,E,2024-09-16,114.6683
K,E,2024-09-17,114.5858
K,E,2024-09-18,114.6617
K,E,2024-09-19,114.0161
K,E,2024-09-20,113.7749
K,E,2024-09-23,114.0149
K,E,2024-09-24,113.9224
K,E,2024-09-25,113.669
K,E,2024-09-26,113.6701
K,E,2024-09-27,114.2512
K,E,2024-09-30,113.8571
K,E,2024-10-01,114.3479
K,E,2024-10-02,114.7748
K,E,2024-10-03,114.5165
K,E,2024-10-04,114.5262
K,E,2024-10-07,114.2177
K,E,2024-10-08,114.4749
K,E,2024-10-09,114.4482
K,E,2024-10-10,114.2713
K,E,2024-10-11,114.697
K,E,2024-10-14,114.4164
K,E,2024-10-15,114.3508
K,E,2024-10-16,114.5446
K,E,2024-10-17,114.4912
K,E,2024-10-18,114.4854
K,E,2024-10-21,114.4638
K,E,2024-10-22,114.6637
K,E,2024-10-23,114.9396
K,E,2024-10-24,114.918
K,E,2024-10-25,114.5456
K,E,2024-10-28,114.5716
K,E,2024-10-29,114.6709
K,E,2024-10-30,114.3206
K,E,2024-10-31,114.2474
K,E,2024-11-01,113.9596
K,E,2024-11-04,114.1343
K,E,2024-11-05,114.371
K,E,2024-11-06,114.1909
K,E,2024-11-07,114.0061
K,E,2024-11-08,114.2541
K,E,2024-11-11,114.4032
K,E,2024-11-12,114.4209
K,E,2024-11-13,114.3744
K,E,2024-11-14,114.6385
K,E,2024-11-15,114.3155
K,E,2024-11-18,114.5592
K,E,2024-11-19,115.0145
K,E,2024-11-20,114.6677
K,E,2024-11-21,115.3013
K,E,2024-11-22,115.8008
K,E,2024-11-25,114.866
K,E,2024-11-26,115.0664
K,E,2024-11-27,115.3436
K,E,2024-11-28,114.9002
K,E,2024-11-29,115.0583
K,E,2024-12-02,114.8778
K,E,2024-12-03,114.9014
K,E,2024-12-04,114.8173
K,E,2024-12-05,114.7996
K,E,2024-12-06,115.0268
K,E,2024-12-09,115.0384
K,E,2024-12-10,115.305
K,E,2024-12-11,115.0884
K,E,2024-12-12,114.6466
K,E,2024-12-13,113.9417
K,E,2024-12-16,114.1933
K,E,2024-12-17,113.5168
K,E,2024-12-18,113.8518
K,E,2024-12-19,114.4088
K,E,2024-12-20,114.8321
K,E,2024-12-23,114.5088
K,E,2024-12-24,114.0041
K,E,2024-12-25,113.9412
K,E,2024-12-26,113.8796
K,E,2024-12-27,113.8188
K,E,2024-12-30,113.3396
K,E,2024-12-31,113.2543
K,E,2025-01-01,113.4933
K,E,2025-01-02,113.7383
K,E,2025-01-03,113.9851
K,E,2025-01-06,113.661
K,E,2025-01-07,113.094
K,E,2025-01-08,113.334
K,E,2025-01-09,113.5089
K,E,2025-01-10,113.3291
K,E,2025-01-13,114.0826
K,E,2025-01-14,113.4783
K,E,2025-01-15,113.4206
K,E,2025-01-16,113.776
K,E,2025-01-17,113.643
K,E,2025-01-20,113.2218
K,E,2025-01-21,113.0993
K,E,2025-01-22,112.8972
K,E,2025-01-23,112.8769
K,E,2025-01-24,112.3776
K,E,2025-01-27,112.7825
K,E,2025-01-28,112.8242
K,E,2025-01-29,113.1062
K,E,2025-01-30,112.8938
K,E,2025-01-31,112.7694
K,E,2025-02-03,113.626
K,E,2025-02-04,113.3865
K,E,2025-02-05,113.572
K,E,2025-02-06,113.7126
K,E,2025-02-07,113.2727
K,E,2025-02-10,113.4553
K,E,2025-02-11,113.3357
K,E,2025-02-12,112.917
K,E,2025-02-13,112.6777
K,E,2025-02-14,112.8058
K,E,2025-02-17,113.0497
K,E,2025-02-18,113.1692
K,E,2025-02-19,112.9922
K,E,2025-02-20,113.2284
K,E,2025-02-21,113.2709
K,E,2025-02-24,113.2045
K,E,2025-02-25,113.5499
K,E,2025-02-26,113.4772
K,E,2025-02-27,113.2432
K,E,2025-02-28,113.6486
K,E,2025-03-03,113.4202
K,E,2025-03-04,113.691
K,E,2025-03-05,112.2409
K,E,2025-03-06,111.3242
K,E,2025-03-07,111.5878
K,E,2025-03-10,111.8943
K,E,2025-03-11,110.7375
K,E,2025-03-12,110.387
K,E,2025-03-13,110.9469
K,E,2025-03-14,110.897
K,E,2025-03-17,110.6567
K,E,2025-03-18,110.5136
K,E,2025-03-19,111.1412
K,E,2025-03-20,111.1836
K,E,2025-03-21,111.2764
K,E,2025-03-24,111.2949
K,E,2025-03-25,111.4751
K,E,2025-03-26,111.491
K,E,2025-03-27,111.6864
K,E,2025-03-28,111.8514
K,E,2025-03-31,111.5331
K,E,2025-04-01,111.4073
K,E,2025-04-02,111.3392
K,E,2025-04-03,111.523
K,E,2025-04-04,112.9832
K,E,2025-04-07,113.5648
K,E,2025-04-08,113.1024
K,E,2025-04-09,114.3381
K,E,2025-04-10,113.7576
K,E,2025-04-11,114.3848
K,E,2025-04-14,114.2697
K,E,2025-04-15,114.9742
K,E,2025-04-16,114.3799
K,E,2025-04-17,114.355
K,E,2025-04-18,114.2298
K,E,2025-04-21,114.1052
K,E,2025-04-22,113.981
K,E,2025-04-23,113.3401
K,E,2025-04-24,112.911
K,E,2025-04-25,112.6772
K,E,2025-04-28,112.7194
K,E,2025-04-29,113.0818
K,E,2025-04-30,113.1487
K,E,2025-05-01,113.292
K,E,2025-05-02,113.4359
K,E,2025-05-05,113.6603
K,E,2025-05-06,113.7969
K,E,2025-05-07,113.2376
K,E,2025-05-08,113.7993
K,E,2025-05-09,113.6327
K,E,2025-05-12,113.2663
K,E,2025-05-13,113.7579
K,E,2025-05-14,113.0479
K,E,2025-05-15,113.2151
K,E,2025-05-16,113.4929
K,E,2025-05-19,113.1913
K,E,2025-05-20,113.382
K,E,2025-05-21,113.5996
K,E,2025-05-22,113.6829
K,E,2025-05-23,113.2644
K,E,2025-05-26,113.4993
K,E,2025-05-27,113.3945
K,E,2025-05-28,113.357
K,E,2025-05-29,113.553
K,E,2025-05-30,113.7464
K,E,2025-06-02,113.6633
K,E,2025-06-03,113.5947
K,E,2025-06-04,113.248
K,E,2025-06-05,113.3608
K,E,2025-06-06,113.1228
K,E,2025-06-09,113.214
K,E,2025-06-10,113.3051
K,E,2025-06-11,112.9344
K,E,2025-06-12,112.8403
K,E,2025-06-13,113.2734
K,E,2025-06-16,112.8519
K,E,2025-06-17,113.0187
K,E,2025-06-18,112.8917
K,E,2025-06-19,113.2628
K,E,2025-06-20,112.826
K,E,2025-06-23,112.9367
K,E,2025-06-24,112.7705
K,E,2025-06-25,113.4317
K,E,2025-06-26,113.0995
K,E,2025-06-27,113.4181
K,E,2025-06-30,113.3535
K,E,2025-07-01,113.7407
K,E,2025-07-02,113.6089
K,E,2025-07-03,113.4493
K,E,2025-07-04,113.4534
K,E,2025-07-07,113.3825
K,E,2025-07-08,113.2316
K,E,2025-07-09,113.5982
K,E,2025-07-10,113.6103
K,E,2025-07-11,113.7258
K,E,2025-07-14,113.7512
K,E,2025-07-15,113.854
K,E,2025-07-16,113.6828
K,E,2025-07-17,113.5984
K,E,2025-07-18,113.411
K,E,2025-07-21,113.603
K,E,2025-07-22,113.4983
K,E,2025-07-23,113.7884
K,E,2025-07-24,113.3475
K,E,2025-07-25,113.179
K,E,2025-07-28,113.3501
K,E,2025-07-29,113.5529
K,E,2025-07-30,113.7752
K,E,2025-07-31,113.6447
K,E,2025-08-01,113.365
K,E,2025-08-04,113.0835
K,E,2025-08-05,112.9998
K,E,2025-08-06,112.9119
K,E,2025-08-07,112.2543
K,E,2025-08-08,112.3265
K,E,2025-08-11,112.1796
K,E,2025-08-12,112.3365
K,E,2025-08-13,112.2872
K,E,2025-08-14,112.2537
K,E,2025-08-15,112.3475
K,E,2025-08-18,112.0503
K,E,2025-08-19,112.2843
K,E,2025-08-20,112.376
K,E,2025-08-21,112.5715
K,E,2025-08-22,112.5419
K,E,2025-08-25,112.5565
K,E,2025-08-26,112.7205
K,E,2025-08-27,113.0412
K,E,2025-08-28,113.2362
K,E,2025-08-29,112.9771
K,E,2025-09-01,112.6715
K,E,2025-09-02,112.737
K,E,2025-09-03,112.6466
K,E,2025-09-04,112.5964
K,E,2025-09-05,112.48
K,E,2025-09-08,113.069
K,E,2025-09-09,113.1559
K,E,2025-09-10,113.0843
K,E,2025-09-11,112.8991
K,E,2025-09-12,112.9243
K,E,2025-09-15,112.8915
K,E,2025-09-16,112.8877
K,E,2025-09-17,113.1377
K,E,2025-09-18,112.9837
K,E,2025-09-19,112.7256
K,E,2025-09-22,112.848
K,E,2025-09-23,112.7876
K,E,2025-09-24,112.7757
K,E,2025-09-25,112.7564
K,E,2025-09-26,112.8639
K,E,2025-09-29,112.8975
K,E,2025-09-30,112.5617
K,E,2025-10-01,112.6752
K,E,2025-10-02,112.53
K,E,2025-10-03,112.6656
K,E,2025-10-06,113.0117
K,E,2025-10-07,113.1474
K,E,2025-10-08,113.1412
K,E,2025-10-09,113.0357
K,E,2025-10-10,112.9066
K,E,2025-10-13,112.993
K,E,2025-10-14,113.3572
K,E,2025-10-15,113.1206
K,E,2025-10-16,113.3128
K,E,2025-10-17,113.9807
K,E,2025-10-20,113.8286
K,E,2025-10-21,114.0752
K,E,2025-10-22,113.9491
K,E,2025-10-23,113.7764
K,E,2025-10-24,113.8451
K,E,2025-10-27,113.5584
K,E,2025-10-28,113.7155
K,E,2025-10-29,113.4688
K,E,2025-10-30,113.33
K,E,2025-10-31,113.3439
K,E,2025-11-03,113.1519
K,E,2025-11-04,113.0521
K,E,2025-11-05,112.9442
K,E,2025-11-06,112.8702
K,E,2025-11-07,112.7356
K,E,2025-11-10,112.753
K,E,2025-11-11,113.1539
K,E,2025-11-12,113.6633
K,E,2025-11-13,113.7332
K,E,2025-11-14,114.1533
K,E,2025-11-17,114.0417
K,E,2025-11-18,113.8801
K,E,2025-11-19,113.3196
K,E,2025-11-20,113.1524
K,E,2025-11-21,113.1691
K,E,2025-11-24,112.8858
K,E,2025-11-25,112.5287
K,E,2025-11-26,112.5617
K,E,2025-11-27,112.619
K,E,2025-11-28,112.5777
K,E,2025-12-01,112.57
K,E,2025-12-02,112.4798
K,E,2025-12-03,112.4843
K,E,2025-12-04,112.4398
K,E,2025-12-05,112.2333
K,E,2025-12-08,112.0779
K,E,2025-12-09,111.8539
K,E,2025-12-10,112.0539
K,E,2025-12-11,112.4023
K,E,2025-12-12,112.5792
K,E,2025-12-15,112.2941
K,E,2025-12-16,112.1815
K,E,2025-12-17,112.2831
K,E,2025-12-18,112.4015
K,E,2025-12-19,112.712
K,E,2025-12-22,112.775
K,E,2025-12-23,112.8812
K,E,2025-12-24,113.1071
K,E,2025-12-25,113.0785
K,E,2025-12-26,113.0502
K,E,2025-12-29,113.0221
K,E,2025-12-30,113.0378
K,E,2025-12-31,112.6883
K,E,2026-01-01,112.7198
K,E,2026-01-02,112.7486
K,E,2026-01-05,112.7807
K,E,2026-01-06,112.9971
K,E,2026-01-07,112.813
K,E,2026-01-08,112.6619
K,E,2026-01-09,112.6064
K,E,2026-01-12,112.6658
K,E,2026-01-13,112.6716
K,E,2026-01-14,112.2657
K,E,2026-01-15,112.6119
K,E,2026-01-16,112.5998
K,E,2026-01-19,112.9536
K,E,2026-01-20,113.1493
K,E,2026-01-21,113.0138
K,E,2026-01-22,113.0403
K,E,2026-01-23,112.9553
K,E,2026-01-26,113.8971
K,E,2026-01-27,113.6764
K,E,2026-01-28,114.0089
K,E,2026-01-29,114.1829
K,E,2026-01-30,114.3659
K,E,2026-02-02,114.0268
K,E,2026-02-03,114.0706
K,E,2026-02-04,114.2164
K,E,2026-02-05,114.2047
K,E,2026-02-06,114.0945
K,E,2026-02-09,114.2529
K,E,2026-02-10,114.7723
K,E,2026-02-11,114.6953
K,E,2026-02-12,114.587
K,E,2026-02-13,114.577
K,E,2026-02-16,114.5578
K,E,2026-02-17,114.745
K,E,2026-02-18,114.476
K,E,2026-02-19,114.5861
K,E,2026-02-20,114.5094
K,E,2026-02-23,114.3135
K,E,2026-02-24,114.4648
K,E,2026-02-25,114.4245
K,E,2026-02-26,114.3172
K,E,2026-02-27,114.459
K,E,2026-03-02,115.1748
K,E,2026-03-03,114.3712
K,E,2026-03-04,114.6823
K,E,2026-03-05,115.1638
K,E,2026-03-06,115.1767
K,E,2026-03-09,115.727
K,E,2026-03-10,115.3342
K,E,2026-03-11,115.4471
K,E,2026-03-12,115.463
K,E,2026-03-13,115.351
K,E,2026-03-16,115.2419
K,E,2026-03-17,114.924
K,E,2026-03-18,114.7714
K,E,2026-03-19,114.1413
K,E,2026-03-20,114.3217
K,E,2026-03-23,114.1571
K,E,2026-03-24,114.071
K,E,2026-03-25,113.5403
K,E,2026-03-26,113.6078
K,E,2026-03-27,113.2286
K,E,2026-03-30,113.0593
K,E,2026-03-31,113.3208
K,E,2026-04-01,112.9479
K,E,2026-04-02,112.7973
K,E,2026-04-03,112.6949
K,E,2026-04-06,112.5925
K,E,2026-04-07,112.4941
K,E,2026-04-08,112.7669
K,E,2026-04-09,112.5155
K,E,2026-04-10,112.4846
K,E,2026-04-13,112.428
K,E,2026-04-14,112.9051
K,E,2026-04-15,112.7812
K,E,2026-04-16,112.5886
K,E,2026-04-17,112.5114
K,E,2026-04-20,112.8595
K,E,2026-04-21,113.0549
K,E,2026-04-22,113.204
K,E,2026-04-23,113.0924
K,E,2026-04-24,112.9078
K,E,2026-04-27,112.7217
K,E,2026-04-28,112.3866
K,E,2026-04-29,112.33
K,E,2026-04-30,112.51
K,E,2026-05-01,112.8289
K,E,2026-05-04,113.1544
K,E,2026-05-05,113.3215
K,E,2026-05-06,113.2799
K,E,2026-05-07,113.3681
K,E,2026-05-08,113.3864
K,E,2026-05-11,113.2832
K,E,2026-05-12,113.2139
K,E,2026-05-13,113.4038
K,E,2026-05-14,113.4992
K,E,2026-05-15,113.5914
K,E,2026-05-18,113.6386
K,E,2026-05-19,113.5283
K,E,2026-05-20,113.3839
K,E,2026-05-21,113.55
K,E,2026-05-22,113.8287
K,E,2026-05-25,113.7885
K,E,2026-05-26,113.7465
K,E,2026-05-27,113.4733
K,E,2026-05-28,113.3392
K,E,2026-05-29,113.8739
K,E,2026-06-01,113.7646
K,E,2026-06-02,113.4748
K,E,2026-06-03,113.2921
K,E,2026-06-04,113.0675
K,E,2026-06-05,113.1923
K,E,2026-06-08,113.0089
K,E,2026-06-09,112.8101
K,E,2026-06-10,112.4257
K,E,2026-06-11,112.4382
K,E,2026-06-12,112.5989
K,E,2026-06-15,112.6766
K,E,2026-06-16,112.4247
K,E,2026-06-17,112.8249
K,E,2026-06-18,112.4547
K,E,2026-06-19,112.1649
K,E,2026-06-22,111.9707
K,E,2026-06-23,112.1151
K,E,2026-06-24,112.3903
K,E,2026-06-25,112.3316
K,E,2026-06-26,112.3067
K,E,2026-06-29,112.2662
K,E,2026-06-30,112.2252
K,E,2026-07-01,112.1324
K,E,2026-07-02,112.6216
K,E,2026-07-03,112.5809
K,E,2026-07-06,112.474
K,E,2026-07-07,112.2536
K,E,2026-07-08,112.209
K,E,2026-07-09,112.1732
K,E,2026-07-10,112.2155
K,E,2026-07-13,111.8978
K,E,2026-07-14,111.6541
K,E,2026-07-15,111.7569
K,E,2026-07-16,111.7949
K,E,2026-07-17,112.0957
K,E,2026-07-20,112.0423
K,E,2026-07-21,111.7692
K,E,2026-07-22,111.6615
K,E,2026-07-23,111.2505
K,E,2026-07-24,111.2888
K,E,2026-07-27,111.3241
K,E,2026-07-28,111.0176
K,E,2026-07-29,110.8231
K,E,2026-07-30,110.7083
K,E,2026-07-31,111.335
K,E,2026-08-03,110.97
K,E,2026-08-04,110.9525
K,E,2026-08-05,110.7297
K,E,2026-08-06,110.8125
K,E,2026-08-07,110.6645
K,E,2026-08-10,110.6995
K,E,2026-08-11,110.5414
K,E,2026-08-12,110.2983
K,E,2026-08-13,110.402
K,E,2026-08-14,110.0034
K,E,2026-08-17,110.1917
K,E,2026-08-18,110.068
K,E,2026-08-19,109.9424
K,E,2026-08-20,110.7722
K,E,2026-08-21,110.4568
K,E,2026-08-24,110.4674
K,E,2026-08-25,110.3615
K,E,2026-08-26,110.1983
K,E,2026-08-27,110.1272
K,E,2026-08-28,110.3634
K,E,2026-08-31,110.1902
K,E,2026-09-01,110.0137
K,E,2026-09-02,109.5438
K,E,2026-09-03,110.0212
K,E,2026-09-04,109.8904
K,E,2026-09-07,109.8034
K,E,2026-09-08,109.5907
K,E,2026-09-09,109.6724
K,E,2026-09-10,109.5346
K,E,2026-09-11,109.3502
K,E,2026-09-14,109.2873
K,E,2026-09-15,109.502
K,E,2026-09-16,109.2827
K,E,2026-09-17,109.045
K,E,2026-09-18,109.057
K,E,2026-09-21,109.229
K,E,2026-09-22,109.769
K,E,2026-09-23,109.9411
K,E,2026-09-24,109.5529
K,E,2026-09-25,109.3214
K,E,2026-09-28,109.1448
K,E,2026-09-29,109.0393
K,E,2026-09-30,109.1004
K,G,2000-11-30,99.4257
K,G,2000-12-01,99.2809
K,G,2000-12-04,99.3096
K,G,2000-12-05,99.6537
K,G,2000-12-06,99.5599
K,G,2000-12-07,99.6278
K,G,2000-12-08,99.6232
K,G,2000-12-11,99.6116
K,G,2000-12-12,99.8857
K,G,2000-12-13,99.7737
K,G,2000-12-14,99.9688
K,G,2000-12-15,100.4334
K,G,2000-12-18,100.3839
K,G,2000-12-19,100.1921
K,G,2000-12-20,100.0414
K,G,2000-12-21,100.0563
K,G,2000-12-22,100.0021
K,G,2000-12-25,100.2289
K,G,2000-12-26,100.5009
K,G,2000-12-27,100.7181
K,G,2000-12-28,100.4167
K,G,2000-12-29,100.7691
K,G,2001-01-01,101.1715
K,G,2001-01-02,101.5119
K,G,2001-01-03,101.8484
K,G,2001-01-04,101.5874
K,G,2001-01-05,101.356
K,G,2001-01-08,101.2726
K,G,2001-01-09,101.2369
K,G,2001-01-10,101.2319
K,G,2001-01-11,100.9438
K,G,2001-01-12,100.721
K,G,2001-01-15,99.9615
K,G,2001-01-16,100.292
K,G,2001-01-17,100.0885
K,G,2001-01-18,100.5024
K,G,2001-01-19,100.9986
K,G,2001-01-22,100.2326
K,G,2001-01-23,100.4868
K,G,2001-01-24,100.3102
K,G,2001-01-25,99.9783
K,G,2001-01-26,100.3027
K,G,2001-01-29,100.1536
K,G,2001-01-30,100.3184
K,G,2001-01-31,100.2435
K,G,2001-02-01,100.32470000000001
K,G,2001-02-02,100.0907
K,G,2001-02-05,99.8313
K,G,2001-02-06,99.7584
K,G,2001-02-07,99.4671
K,G,2001-02-08,99.7587
K,G,2001-02-09,99.5853
K,G,2001-02-12,99.6738
K,G,2001-02-13,99.5514
K,G,2001-02-14,99.4167
K,G,2001-02-15,99.1589
K,G,2001-02-16,98.9283
K,G,2001-02-19,99.3057
K,G,2001-02-20,99.0397
K,G,2001-02-21,99.1236
K,G,2001-02-22,99.436
K,G,2001-02-23,99.6331
K,G,2001-02-26,99.3706
K,G,2001-02-27,99.4692
K,G,2001-02-28,99.6095
K,G,2001-03-01,99.6867
K,G,2001-03-02,100.1399
K,G,2001-03-05,99.9646
K,G,2001-03-06,99.8902
K,G,2001-03-07,100.0687
K,G,2001-03-08,99.8498
K,G,2001-03-09,99.6558
K,G,2001-03-12,99.7363
K,G,2001-03-13,99.6036
K,G,2001-03-14,99.1571
K,G,2001-03-15,99.0941
K,G,2001-03-16,98.6264
K,G,2001-03-19,98.9873
K,G,2001-03-20,99.3019
K,G,2001-03-21,98.9803
K,G,2001-03-22,98.9458
K,G,2001-03-23,98.8106
K,G,2001-03-26,98.6684
K,G,2001-03-27,98.564
K,G,2001-03-28,98.5835
K,G,2001-03-29,98.5654
K,G,2001-03-30,98.7928
K,G,2001-04-02,98.6631
K,G,2001-04-03,99.0077
K,G,2001-04-04,99.5692
K,G,2001-04-05,99.4467
K,G,2001-04-06,99.5297
K,G,2001-04-09,99.4993
K,G,2001-04-10,99.22
K,G,2001-04-11,99.1078
K,G,2001-04-12,99.4173
K,G,2001-04-13,99.2599
K,G,2001-04-16,99.1304
K,G,2001-04-17,98.9442
K,G,2001-04-18,98.7526
K,G,2001-04-19,98.4689
K,G,2001-04-20,99.1416
K,G,2001-04-23,99.4247
K,G,2001-04-24,99.4663
K,G,2001-04-25,98.9936
K,G,2001-04-26,99.0718
K,G,2001-04-27,98.9285
K,G,2001-04-30,98.451
K,G,2001-05-01,98.2883
K,G,2001-05-02,98.0956
K,G,2001-05-03,98.2149
K,G,2001-05-04,98.1339
K,G,2001-05-07,98.0016
K,G,2001-05-08,97.9141
K,G,2001-05-09,97.9505
K,G,2001-05-10,98.079
K,G,2001-05-11,97.9877
K,G,2001-05-14,97.9853
K,G,2001-05-15,98.1744
K,G,2001-05-16,98.426
K,G,2001-05-17,98.344
K,G,2001-05-18,98.0574
K,G,2001-05-21,97.9188
K,G,2001-05-22,97.8022
K,G,2001-05-23,97.5683
K,G,2001-05-24,97.5502
K,G,2001-05-25,97.5367
K,G,2001-05-28,97.5293
K,G,2001-05-29,97.3815
K,G,2001-05-30,97.4488
K,G,2001-05-31,97.3569
K,G,2001-06-01,97.3864
K,G,2001-06-04,97.5542
K,G,2001-06-05,97.7562
K,G,2001-06-06,98.0653
K,G,2001-06-07,97.5299
K,G,2001-06-08,97.6752
K,G,2001-06-11,97.6596
K,G,2001-06-12,97.6982
K,G,2001-06-13,97.8747
K,G,2001-06-14,97.8084
K,G,2001-06-15,98.1353
K,G,2001-06-18,97.9429
K,G,2001-06-19,97.8369
K,G,2001-06-20,97.8138
K,G,2001-06-21,98.0925
K,G,2001-06-22,98.2851
K,G,2001-06-25,98.5499
K,G,2001-06-26,98.5889
K,G,2001-06-27,98.4584
K,G,2001-06-28,98.3472
K,G,2001-06-29,97.8663
K,G,2001-07-02,97.8652
K,G,2001-07-03,97.8258
K,G,2001-07-04,97.8186
K,G,2001-07-05,97.7261
K,G,2001-07-06,97.654
K,G,2001-07-09,98.1202
K,G,2001-07-10,98.175
K,G,2001-07-11,98.8147
K,G,2001-07-12,98.5665
K,G,2001-07-13,98.8854
K,G,2001-07-16,99.0569
K,G,2001-07-17,98.8973
K,G,2001-07-18,99.5367
K,G,2001-07-19,100.0707
K,G,2001-07-20,99.8254
K,G,2001-07-23,99.7627
K,G,2001-07-24,99.7131
K,G,2001-07-25,99.8636
K,G,2001-07-26,99.7051
K,G,2001-07-27,99.6726
K,G,2001-07-30,99.4359
K,G,2001-07-31,99.4478
K,G,2001-08-01,99.5654
K,G,2001-08-02,99.6556
K,G,2001-08-03,99.7646
K,G,2001-08-06,99.8409
K,G,2001-08-07,99.7489
K,G,2001-08-08,99.773
K,G,2001-08-09,100.2273
K,G,2001-08-10,100.2331
K,G,2001-08-13,99.9109
K,G,2001-08-14,99.9386
K,G,2001-08-15,100.3174
K,G,2001-08-16,100.3344
K,G,2001-08-17,100.3076
K,G,2001-08-20,100.4459
K,G,2001-08-21,100.4181
K,G,2001-08-22,100.4879
K,G,2001-08-23,100.2206
K,G,2001-08-24,100.2392
K,G,2001-08-27,100.1029
K,G,2001-08-28,100.0271
K,G,2001-08-29,100.164
K,G,2001-08-30,100.1163
K,G,2001-08-31,100.418
K,G,2001-09-03,100.0907
K,G,2001-09-04,99.6059
K,G,2001-09-05,99.6355
K,G,2001-09-06,99.5187
K,G,2001-09-07,99.8369
K,G,2001-09-10,99.8519
K,G,2001-09-11,99.954
K,G,2001-09-12,100.5659
K,G,2001-09-13,100.7965
K,G,2001-09-14,101.2672
K,G,2001-09-17,102.8453
K,G,2001-09-18,102.7745
K,G,2001-09-19,103.0893
K,G,2001-09-20,103.4208
K,G,2001-09-21,105.0633
K,G,2001-09-24,104.4778
K,G,2001-09-25,104.4067
K,G,2001-09-26,103.6965
K,G,2001-09-27,102.956
K,G,2001-09-28,102.9558
K,G,2001-10-01,102.6531
K,G,2001-10-02,102.7377
K,G,2001-10-03,102.6485
K,G,2001-10-04,102.4393
K,G,2001-10-05,102.5402
K,G,2001-10-08,103.2554
K,G,2001-10-09,103.0425
K,G,2001-10-10,102.5468
K,G,2001-10-11,102.2327
K,G,2001-10-12,102.2479
K,G,2001-10-15,102.6051
K,G,2001-10-16,102.4451
K,G,2001-10-17,102.2103
K,G,2001-10-18,102.4811
K,G,2001-10-19,102.4363
K,G,2001-10-22,102.437
K,G,2001-10-23,101.8351
K,G,2001-10-24,102.0233
K,G,2001-10-25,102.0003
K,G,2001-10-26,102.4643
K,G,2001-10-29,102.5657
K,G,2001-10-30,102.958
K,G,2001-10-31,103.1713
K,G,2001-11-01,102.9931
K,G,2001-11-02,102.8337
K,G,2001-11-05,102.6235
K,G,2001-11-06,102.4557
K,G,2001-11-07,102.753
K,G,2001-11-08,102.5727
K,G,2001-11-09,102.4588
K,G,2001-11-12,102.8065
K,G,2001-11-13,102.3066
K,G,2001-11-14,101.8358
K,G,2001-11-15,101.8405
K,G,2001-11-16,102.2965
K,G,2001-11-19,102.3206
K,G,2001-11-20,102.8954
K,G,2001-11-21,102.8285
K,G,2001-11-22,102.7821
K,G,2001-11-23,102.6746
K,G,2001-11-26,102.4443
K,G,2001-11-27,102.3869
K,G,2001-11-28,103.0587
K,G,2001-11-29,102.8384
K,G,2001-11-30,102.2118
K,G,2001-12-03,102.2358
K,G,2001-12-04,102.1956
K,G,2001-12-05,102.237
K,G,2001-12-06,102.2047
K,G,2001-12-07,102.0659
K,G,2001-12-10,101.8818
K,G,2001-12-11,101.7169
K,G,2001-12-12,102.1537
K,G,2001-12-13,102.3264
K,G,2001-12-14,102.6436
K,G,2001-12-17,102.8153
K,G,2001-12-18,102.6722
K,G,2001-12-19,102.5401
K,G,2001-12-20,103.1267
K,G,2001-12-21,103.1679
K,G,2001-12-24,102.566
K,G,2001-12-25,102.1799
K,G,2001-12-26,101.7792
K,G,2001-12-27,101.4274
K,G,2001-12-28,101.4679
K,G,2001-12-31,101.6536
K,G,2002-01-01,101.7675
K,G,2002-01-02,101.9593
K,G,2002-01-03,102.0559
K,G,2002-01-04,102.2324
K,G,2002-01-07,102.3078
K,G,2002-01-08,102.5453
K,G,2002-01-09,102.0339
K,G,2002-01-10,101.7908
K,G,2002-01-11,101.8607
K,G,2002-01-14,102.077
K,G,2002-01-15,101.9349
K,G,2002-01-16,102.203
K,G,2002-01-17,102.4824
K,G,2002-01-18,102.2629
K,G,2002-01-21,102.3765
K,G,2002-01-22,102.3558
K,G,2002-01-23,102.3029
K,G,2002-01-24,102.3025
K,G,2002-01-25,102.024
K,G,2002-01-28,101.353
K,G,2002-01-29,101.295
K,G,2002-01-30,101.5309
K,G,2002-01-31,101.06
K,G,2002-02-01,100.8181
K,G,2002-02-04,100.769
K,G,2002-02-05,101.2606
K,G,2002-02-06,101.4326
K,G,2002-02-07,101.5724
K,G,2002-02-08,101.7248
K,G,2002-02-11,101.4854
K,G,2002-02-12,101.5762
K,G,2002-02-13,101.2009
K,G,2002-02-14,100.7506
K,G,2002-02-15,100.6563
K,G,2002-02-18,100.7586
K,G,2002-02-19,100.819
K,G,2002-02-20,101.1195
K,G,2002-02-21,100.8291
K,G,2002-02-22,100.9406
K,G,2002-02-25,101.1877
K,G,2002-02-26,101.0616
K,G,2002-02-27,100.8449
K,G,2002-02-28,100.8704
K,G,2002-03-01,101.0229
K,G,2002-03-04,100.629
K,G,2002-03-05,100.8632
K,G,2002-03-06,100.975
K,G,2002-03-07,101.4066
K,G,2002-03-08,101.6252
K,G,2002-03-11,101.4266
K,G,2002-03-12,101.5203
K,G,2002-03-13,101.6905
K,G,2002-03-14,102.1725
K,G,2002-03-15,102.4103
K,G,2002-03-18,102.3535
K,G,2002-03-19,102.1683
K,G,2002-03-20,102.3026
K,G,2002-03-21,102.3718
K,G,2002-03-22,102.4265
K,G,2002-03-25,102.4714
K,G,2002-03-26,102.5232
K,G,2002-03-27,102.0218
K,G,2002-03-28,101.8507
K,G,2002-03-29,101.9713
K,G,2002-04-01,102.173
K,G,2002-04-02,102.2694
K,G,2002-04-03,102.4366
K,G,2002-04-04,102.4831
K,G,2002-04-05,102.147
K,G,2002-04-08,102.0875
K,G,2002-04-09,101.9407
K,G,2002-04-10,102.0486
K,G,2002-04-11,101.9593
K,G,2002-04-12,102.1759
K,G,2002-04-15,102.1188
K,G,2002-04-16,101.8902
K,G,2002-04-17,102.0558
K,G,2002-04-18,102.2123
K,G,2002-04-19,102.2847
K,G,2002-04-22,102.2976
K,G,2002-04-23,102.1134
K,G,2002-04-24,102.3884
K,G,2002-04-25,102.6493
K,G,2002-04-26,102.7068
K,G,2002-04-29,102.9439
K,G,2002-04-30,103.0477
K,G,2002-05-01,103.4468
K,G,2002-05-02,103.7466
K,G,2002-05-03,103.769
K,G,2002-05-06,103.9653
K,G,2002-05-07,104.0393
K,G,2002-05-08,103.8266
K,G,2002-05-09,103.9834
K,G,2002-05-10,104.121
K,G,2002-05-13,104.1387
K,G,2002-05-14,103.8022
K,G,2002-05-15,103.6796
K,G,2002-05-16,103.8234
K,G,2002-05-17,103.9431
K,G,2002-05-20,104.1603
K,G,2002-05-21,104.3761
K,G,2002-05-22,104.5911
K,G,2002-05-23,104.4437
K,G,2002-05-24,103.9733
K,G,2002-05-27,103.9145
K,G,2002-05-28,103.8715
K,G,2002-05-29,103.8746
K,G,2002-05-30,103.853
K,G,2002-05-31,104.043
K,G,2002-06-03,103.7999
K,G,2002-06-04,104.0527
K,G,2002-06-05,103.7081
K,G,2002-06-06,103.6808
K,G,2002-06-07,103.999
K,G,2002-06-10,103.951
K,G,2002-06-11,103.8972
K,G,2002-06-12,103.7814
K,G,2002-06-13,103.5268
K,G,2002-06-14,103.6447
K,G,2002-06-17,103.6645
K,G,2002-06-18,103.7961
K,G,2002-06-19,104.0514
K,G,2002-06-20,104.5577
K,G,2002-06-21,104.9559
K,G,2002-06-24,105.3493
K,G,2002-06-25,105.0506
K,G,2002-06-26,105.6476
K,G,2002-06-27,105.5253
K,G,2002-06-28,105.4235
K,G,2002-07-01,105.6262
K,G,2002-07-02,105.4541
K,G,2002-07-03,105.7497
K,G,2002-07-04,105.4299
K,G,2002-07-05,105.2144
K,G,2002-07-08,105.5306
K,G,2002-07-09,105.3587
K,G,2002-07-10,105.2224
K,G,2002-07-11,105.4214
K,G,2002-07-12,105.5017
K,G,2002-07-15,105.5552
K,G,2002-07-16,105.9838
K,G,2002-07-17,106.2318
K,G,2002-07-18,106.2864
K,G,2002-07-19,106.5059
K,G,2002-07-22,106.8889
K,G,2002-07-23,106.3256
K,G,2002-07-24,106.5659
K,G,2002-07-25,107.0858
K,G,2002-07-26,107.2711
K,G,2002-07-29,106.493
K,G,2002-07-30,106.0896
K,G,2002-07-31,106.0667
K,G,2002-08-01,106.4402
K,G,2002-08-02,106.7808
K,G,2002-08-05,106.183
K,G,2002-08-06,105.7901
K,G,2002-08-07,105.5189
K,G,2002-08-08,105.1907
K,G,2002-08-09,105.2763
K,G,2002-08-12,105.5957
K,G,2002-08-13,105.3494
K,G,2002-08-14,105.7791
K,G,2002-08-15,105.3024
K,G,2002-08-16,105.3414
K,G,2002-08-19,105.1152
K,G,2002-08-20,105.0996
K,G,2002-08-21,104.8685
K,G,2002-08-22,104.8584
K,G,2002-08-23,104.3715
K,G,2002-08-26,104.4429
K,G,2002-08-27,104.6443
K,G,2002-08-28,104.9583
K,G,2002-08-29,104.8617
K,G,2002-08-30,104.9124
K,G,2002-09-02,104.735
K,G,2002-09-03,104.9996
K,G,2002-09-04,105.5978
K,G,2002-09-05,105.9713
K,G,2002-09-06,106.0611
K,G,2002-09-09,105.5071
K,G,2002-09-10,105.3476
K,G,2002-09-11,105.2878
K,G,2002-09-12,104.9676
K,G,2002-09-13,104.9663
K,G,2002-09-16,104.6804
K,G,2002-09-17,104.4082
K,G,2002-09-18,104.9504
K,G,2002-09-19,105.1649
K,G,2002-09-20,105.7032
K,G,2002-09-23,105.7117
K,G,2002-09-24,105.5155
K,G,2002-09-25,105.7145
K,G,2002-09-26,105.605
K,G,2002-09-27,105.3252
K,G,2002-09-30,105.8362
K,G,2002-10-01,106.3515
K,G,2002-10-02,105.8638
K,G,2002-10-03,106.2751
K,G,2002-10-04,105.954
K,G,2002-10-07,105.7619
K,G,2002-10-08,105.5925
K,G,2002-10-09,105.5253
K,G,2002-10-10,106.0447
K,G,2002-10-11,106.004
K,G,2002-10-14,106.0662
K,G,2002-10-15,105.69970000000001
K,G,2002-10-16,105.2811
K,G,2002-10-17,105.1777
K,G,2002-10-18,104.8849
K,G,2002-10-21,104.851
K,G,2002-10-22,104.8424
K,G,2002-10-23,105.1631
K,G,2002-10-24,104.9231
K,G,2002-10-25,105.0158
K,G,2002-10-28,104.9339
K,G,2002-10-29,105.3023
K,G,2002-10-30,105.3796
K,G,2002-10-31,105.5659
K,G,2002-11-01,105.7127
K,G,2002-11-04,105.7583
K,G,2002-11-05,106.0857
K,G,2002-11-06,105.7031
K,G,2002-11-07,105.8859
K,G,2002-11-08,106.1086
K,G,2002-11-11,106.0366
K,G,2002-11-12,106.0397
K,G,2002-11-13,106.0007
K,G,2002-11-14,105.7178
K,G,2002-11-15,105.5867
K,G,2002-11-18,105.7097
K,G,2002-11-19,105.6598
K,G,2002-11-20,105.3933
K,G,2002-11-21,105.2953
K,G,2002-11-22,105.0848
K,G,2002-11-25,104.7051
K,G,2002-11-26,104.4519
K,G,2002-11-27,104.5138
K,G,2002-11-28,104.4632
K,G,2002-11-29,104.4843
K,G,2002-12-02,104.3975
K,G,2002-12-03,104.882
K,G,2002-12-04,105.1055
K,G,2002-12-05,105.0112
K,G,2002-12-06,105.2315
K,G,2002-12-09,105.2697
K,G,2002-12-10,105.383
K,G,2002-12-11,105.2047
K,G,2002-12-12,105.3021
K,G,2002-12-13,105.4196
K,G,2002-12-16,105.3541
K,G,2002-12-17,105.8055
K,G,2002-12-18,106.1494
K,G,2002-12-19,106.378
K,G,2002-12-20,106.5373
K,G,2002-12-23,106.7204
K,G,2002-12-24,107.2065
K,G,2002-12-25,107.3263
K,G,2002-12-26,107.4641
K,G,2002-12-27,107.6147
K,G,2002-12-30,107.714
K,G,2002-12-31,107.9829
K,G,2003-01-01,107.8236
K,G,2003-01-02,107.5948
K,G,2003-01-03,107.4649
K,G,2003-01-06,107.5866
K,G,2003-01-07,107.2195
K,G,2003-01-08,107.2966
K,G,2003-01-09,107.5057
K,G,2003-01-10,107.391
K,G,2003-01-13,107.4941
K,G,2003-01-14,107.4096
K,G,2003-01-15,107.1213
K,G,2003-01-16,107.3125
K,G,2003-01-17,107.83
K,G,2003-01-20,107.84
K,G,2003-01-21,107.7741
K,G,2003-01-22,107.9318
K,G,2003-01-23,107.8711
K,G,2003-01-24,107.9249
K,G,2003-01-27,108.0176
K,G,2003-01-28,107.6336
K,G,2003-01-29,107.9274
K,G,2003-01-30,107.4222
K,G,2003-01-31,107.7001
K,G,2003-02-03,107.3947
K,G,2003-02-04,107.8327
K,G,2003-02-05,108.176
K,G,2003-02-06,107.8219
K,G,2003-02-07,107.7853
K,G,2003-02-10,107.9363
K,G,2003-02-11,107.6667
K,G,2003-02-12,107.8186
K,G,2003-02-13,107.8975
K,G,2003-02-14,107.9114
K,G,2003-02-17,107.2898
K,G,2003-02-18,107.4893
K,G,2003-02-19,107.4089
K,G,2003-02-20,107.7384
K,G,2003-02-21,108.0858
K,G,2003-02-24,107.834
K,G,2003-02-25,108.15
K,G,2003-02-26,108.3432
K,G,2003-02-27,108.2944
K,G,2003-02-28,108.17
K,G,2003-03-03,108.5347
K,G,2003-03-04,108.9859
K,G,2003-03-05,109.2225
K,G,2003-03-06,109.0464
K,G,2003-03-07,108.8711
K,G,2003-03-10,108.627
K,G,2003-03-11,108.8257
K,G,2003-03-12,108.6114
K,G,2003-03-13,108.2448
K,G,2003-03-14,107.7757
K,G,2003-03-17,107.986
K,G,2003-03-18,107.1345
K,G,2003-03-19,107.1285
K,G,2003-03-20,107.0726
K,G,2003-03-21,106.7344
K,G,2003-03-24,106.9302
K,G,2003-03-25,107.1872
K,G,2003-03-26,106.7914
K,G,2003-03-27,106.6815
K,G,2003-03-28,106.965
K,G,2003-03-31,107.3746
K,G,2003-04-01,107.4613
K,G,2003-04-02,106.8034
K,G,2003-04-03,106.4351
K,G,2003-04-04,106.1775
K,G,2003-04-07,105.6048
K,G,2003-04-08,105.9422
K,G,2003-04-09,106.1198
K,G,2003-04-10,105.8529
K,G,2003-04-11,105.1954
K,G,2003-04-14,105.2876
K,G,2003-04-15,105.0685
K,G,2003-04-16,105.1187
K,G,2003-04-17,105.5727
K,G,2003-04-18,105.4345
K,G,2003-04-21,105.2758
K,G,2003-04-22,105.2189
K,G,2003-04-23,105.2733
K,G,2003-04-24,105.3944
K,G,2003-04-25,105.5346
K,G,2003-04-28,105.4945
K,G,2003-04-29,105.1646
K,G,2003-04-30,105.156
K,G,2003-05-01,105.3371
K,G,2003-05-02,105.4429
K,G,2003-05-05,105.3573
K,G,2003-05-06,105.4091
K,G,2003-05-07,105.5971
K,G,2003-05-08,106.2751
K,G,2003-05-09,106.4184
K,G,2003-05-12,106.402
K,G,2003-05-13,106.1264
K,G,2003-05-14,105.9672
K,G,2003-05-15,105.9286
K,G,2003-05-16,106.1755
K,G,2003-05-19,106.4896
K,G,2003-05-20,106.4898
K,G,2003-05-21,106.8354
K,G,2003-05-22,106.4784
K,G,2003-05-23,106.1894
K,G,2003-05-26,106.0931
K,G,2003-05-27,106.089
K,G,2003-05-28,106.233
K,G,2003-05-29,106.0465
K,G,2003-05-30,105.7417
K,G,2003-06-02,105.556
K,G,2003-06-03,105.2713
K,G,2003-06-04,104.9275
K,G,2003-06-05,104.5541
K,G,2003-06-06,104.5721
K,G,2003-06-09,104.4662
K,G,2003-06-10,104.3381
K,G,2003-06-11,104.5823
K,G,2003-06-12,104.7727
K,G,2003-06-13,104.2212
K,G,2003-06-16,104.6716
K,G,2003-06-17,104.5032
K,G,2003-06-18,104.2247
K,G,2003-06-19,103.5366
K,G,2003-06-20,103.7521
K,G,2003-06-23,104.1124
K,G,2003-06-24,104.3096
K,G,2003-06-25,104.3491
K,G,2003-06-26,103.7012
K,G,2003-06-27,103.0604
K,G,2003-06-30,102.6771
K,G,2003-07-01,102.7333
K,G,2003-07-02,102.9001
K,G,2003-07-03,102.6411
K,G,2003-07-04,102.78
K,G,2003-07-07,102.4054
K,G,2003-07-08,102.0582
K,G,2003-07-09,102.9384
K,G,2003-07-10,102.7309
K,G,2003-07-11,102.5054
K,G,2003-07-14,102.0019
K,G,2003-07-15,102.2282
K,G,2003-07-16,102.1687
K,G,2003-07-17,103.1204
K,G,2003-07-18,103.2327
K,G,2003-07-21,103.4129
K,G,2003-07-22,103.2536
K,G,2003-07-23,103.3166
K,G,2003-07-24,103.2859
K,G,2003-07-25,103.3005
K,G,2003-07-28,103.2366
K,G,2003-07-29,103.2951
K,G,2003-07-30,102.9612
K,G,2003-07-31,102.7786
K,G,2003-08-01,103.1627
K,G,2003-08-04,103.6027
K,G,2003-08-05,103.8859
K,G,2003-08-06,103.9906
K,G,2003-08-07,103.6653
K,G,2003-08-08,103.3781
K,G,2003-08-11,103.3121
K,G,2003-08-12,103.1772
K,G,2003-08-13,102.6617
K,G,2003-08-14,102.66
K,G,2003-08-15,102.7198
K,G,2003-08-18,102.4335
K,G,2003-08-19,101.9596
K,G,2003-08-20,102.0879
K,G,2003-08-21,102.0241
K,G,2003-08-22,101.6876
K,G,2003-08-25,101.6423
K,G,2003-08-26,101.6458
K,G,2003-08-27,102.019
K,G,2003-08-28,101.631
K,G,2003-08-29,101.8983
K,G,2003-09-01,102.022
K,G,2003-09-02,101.8845
K,G,2003-09-03,101.9309
K,G,2003-09-04,101.5961
K,G,2003-09-05,101.9172
K,G,2003-09-08,102.3027
K,G,2003-09-09,102.0828
K,G,2003-09-10,101.9687
K,G,2003-09-11,101.9621
K,G,2003-09-12,101.7153
K,G,2003-09-15,101.7268
K,G,2003-09-16,101.5372
K,G,2003-09-17,101.658
K,G,2003-09-18,101.6784
K,G,2003-09-19,101.4143
K,G,2003-09-22,101.986
K,G,2003-09-23,102.2099
K,G,2003-09-24,102.0404
K,G,2003-09-25,102.2195
K,G,2003-09-26,102.7309
K,G,2003-09-29,102.7713
K,G,2003-09-30,103.5753
K,G,2003-10-01,103.38720000000001
K,G,2003-10-02,103.4867
K,G,2003-10-03,103.2759
K,G,2003-10-06,102.7876
K,G,2003-10-07,103.2104
K,G,2003-10-08,103.3206
K,G,2003-10-09,103.1671
K,G,2003-10-10,103.0186
K,G,2003-10-13,102.8786
K,G,2003-10-14,102.7832
K,G,2003-10-15,103.04
K,G,2003-10-16,102.5566
K,G,2003-10-17,102.5107
K,G,2003-10-20,102.585
K,G,2003-10-21,102.3869
K,G,2003-10-22,102.6097
K,G,2003-10-23,103.297
K,G,2003-10-24,103.0982
K,G,2003-10-27,103.0086
K,G,2003-10-28,102.7678
K,G,2003-10-29,102.3055
K,G,2003-10-30,102.2369
K,G,2003-10-31,102.4034
K,G,2003-11-03,101.9845
K,G,2003-11-04,101.274
K,G,2003-11-05,100.7503
K,G,2003-11-06,100.7935
K,G,2003-11-07,100.5875
K,G,2003-11-10,100.4602
K,G,2003-11-11,100.7394
K,G,2003-11-12,101.1048
K,G,2003-11-13,101.1384
K,G,2003-11-14,101.4918
K,G,2003-11-17,102.1403
K,G,2003-11-18,102.4092
K,G,2003-11-19,103.1713
K,G,2003-11-20,103.195
K,G,2003-11-21,103.3674
K,G,2003-11-24,102.9585
K,G,2003-11-25,102.5682
K,G,2003-11-26,102.9412
K,G,2003-11-27,103.3022
K,G,2003-11-28,103.3745
K,G,2003-12-01,103.2204
K,G,2003-12-02,102.9971
K,G,2003-12-03,103.0204
K,G,2003-12-04,102.9861
K,G,2003-12-05,103.0026
K,G,2003-12-08,103.7664
K,G,2003-12-09,104.1039
K,G,2003-12-10,103.91
K,G,2003-12-11,103.4769
K,G,2003-12-12,103.7542
K,G,2003-12-15,103.5691
K,G,2003-12-16,103.7764
K,G,2003-12-17,103.838
K,G,2003-12-18,103.8835
K,G,2003-12-19,103.935
K,G,2003-12-22,103.911
K,G,2003-12-23,103.5554
K,G,2003-12-24,103.5653
K,G,2003-12-25,103.585
K,G,2003-12-26,103.5798
K,G,2003-12-29,103.6289
K,G,2003-12-30,103.61
K,G,2003-12-31,103.9815
K,G,2004-01-01,103.9217
K,G,2004-01-02,103.8665
K,G,2004-01-05,103.8116
K,G,2004-01-06,103.6771
K,G,2004-01-07,103.2268
K,G,2004-01-08,103.0525
K,G,2004-01-09,103.5383
K,G,2004-01-12,103.7613
K,G,2004-01-13,103.6885
K,G,2004-01-14,103.6157
K,G,2004-01-15,103.4817
K,G,2004-01-16,102.791
K,G,2004-01-19,102.3471
K,G,2004-01-20,102.5344
K,G,2004-01-21,103.077
K,G,2004-01-22,103.1286
K,G,2004-01-23,103.2666
K,G,2004-01-26,103.0622
K,G,2004-01-27,102.6735
K,G,2004-01-28,102.8692
K,G,2004-01-29,102.809
K,G,2004-01-30,102.7926
K,G,2004-02-02,102.5213
K,G,2004-02-03,102.8106
K,G,2004-02-04,102.6795
K,G,2004-02-05,102.6804
K,G,2004-02-06,102.8659
K,G,2004-02-09,103.1267
K,G,2004-02-10,103.1735
K,G,2004-02-11,102.7579
K,G,2004-02-12,102.6399
K,G,2004-02-13,102.412
K,G,2004-02-16,102.5148
K,G,2004-02-17,102.8782
K,G,2004-02-18,102.9347
K,G,2004-02-19,102.5234
K,G,2004-02-20,102.306
K,G,2004-02-23,102.1445
K,G,2004-02-24,102.2805
K,G,2004-02-25,102.4787
K,G,2004-02-26,102.0714
K,G,2004-02-27,101.8937
K,G,2004-03-01,101.9228
K,G,2004-03-02,101.2923
K,G,2004-03-03,100.9021
K,G,2004-03-04,101.1779
K,G,2004-03-05,101.304
K,G,2004-03-08,101.4146
K,G,2004-03-09,101.4287
K,G,2004-03-10,101.471
K,G,2004-03-11,101.8399
K,G,2004-03-12,102.2997
K,G,2004-03-15,102.2768
K,G,2004-03-16,102.2407
K,G,2004-03-17,101.8938
K,G,2004-03-18,102.336
K,G,2004-03-19,102.727
K,G,2004-03-22,102.6252
K,G,2004-03-23,103.1048
K,G,2004-03-24,102.6976
K,G,2004-03-25,102.7071
K,G,2004-03-26,102.1091
K,G,2004-03-29,101.8323
K,G,2004-03-30,101.9412
K,G,2004-03-31,101.9989
K,G,2004-04-01,102.1498
K,G,2004-04-02,101.82470000000001
K,G,2004-04-05,101.1073
K,G,2004-04-06,101.0394
K,G,2004-04-07,101.6012
K,G,2004-04-08,102.0188
K,G,2004-04-09,102.0144
K,G,2004-04-12,102.0035
K,G,2004-04-13,101.9177
K,G,2004-04-14,101.7413
K,G,2004-04-15,102.2608
K,G,2004-04-16,101.9416
K,G,2004-04-19,102.2819
K,G,2004-04-20,101.7496
K,G,2004-04-21,101.3739
K,G,2004-04-22,101.6784
K,G,2004-04-23,101.2968
K,G,2004-04-26,101.3215
K,G,2004-04-27,101.9785
K,G,2004-04-28,102.1635
K,G,2004-04-29,102.2741
K,G,2004-04-30,102.291
K,G,2004-05-03,102.2091
K,G,2004-05-04,102.3972
K,G,2004-05-05,103.0475
K,G,2004-05-06,102.8167
K,G,2004-05-07,102.566
K,G,2004-05-10,103.006
K,G,2004-05-11,103.0415
K,G,2004-05-12,103.1394
K,G,2004-05-13,103.4548
K,G,2004-05-14,103.2146
K,G,2004-05-17,104.1473
K,G,2004-05-18,104.0334
K,G,2004-05-19,103.6642
K,G,2004-05-20,103.7223
K,G,2004-05-21,103.8745
K,G,2004-05-24,103.7261
K,G,2004-05-25,103.8824
K,G,2004-05-26,103.6801
K,G,2004-05-27,103.9263
K,G,2004-05-28,104.6186
K,G,2004-05-31,104.5983
K,G,2004-06-01,104.6187
K,G,2004-06-02,104.847
K,G,2004-06-03,104.6384
K,G,2004-06-04,104.507
K,G,2004-06-07,105.0567
K,G,2004-06-08,105.1614
K,G,2004-06-09,104.9629
K,G,2004-06-10,104.952
K,G,2004-06-11,105.1044
K,G,2004-06-14,104.8511
K,G,2004-06-15,104.7778
K,G,2004-06-16,104.3433
K,G,2004-06-17,104.7154
K,G,2004-06-18,104.8907
K,G,2004-06-21,105.1953
K,G,2004-06-22,104.9523
K,G,2004-06-23,104.8721
K,G,2004-06-24,105.159
K,G,2004-06-25,104.7668
K,G,2004-06-28,104.3801
K,G,2004-06-29,103.9015
K,G,2004-06-30,103.9084
K,G,2004-07-01,104.1439
K,G,2004-07-02,104.5663
K,G,2004-07-05,104.9016
K,G,2004-07-06,104.7827
K,G,2004-07-07,105.0106
K,G,2004-07-08,105.0271
K,G,2004-07-09,104.9276
K,G,2004-07-12,105.1255
K,G,2004-07-13,104.7202
K,G,2004-07-14,104.5882
K,G,2004-07-15,104.4887
K,G,2004-07-16,104.5768
K,G,2004-07-19,104.5491
K,G,2004-07-20,104.5403
K,G,2004-07-21,103.9139
K,G,2004-07-22,103.8477
K,G,2004-07-23,104.0029
K,G,2004-07-26,103.6748
K,G,2004-07-27,103.4822
K,G,2004-07-28,103.2925
K,G,2004-07-29,103.1541
K,G,2004-07-30,103.0169
K,G,2004-08-02,103.3379
K,G,2004-08-03,103.0702
K,G,2004-08-04,102.8217
K,G,2004-08-05,103.1
K,G,2004-08-06,103.1968
K,G,2004-08-09,103.5535
K,G,2004-08-10,103.577
K,G,2004-08-11,103.338
K,G,2004-08-12,103.5446
K,G,2004-08-13,103.8761
K,G,2004-08-16,104.1594
K,G,2004-08-17,104.155
K,G,2004-08-18,103.9778
K,G,2004-08-19,103.9737
K,G,2004-08-20,103.9948
K,G,2004-08-23,103.4667
K,G,2004-08-24,103.1064
K,G,2004-08-25,103.1909
K,G,2004-08-26,103.0148
K,G,2004-08-27,102.8608
K,G,2004-08-30,102.8472
K,G,2004-08-31,102.8419
K,G,2004-09-01,103.2451
K,G,2004-09-02,103.6151
K,G,2004-09-03,103.5252
K,G,2004-09-06,103.3981
K,G,2004-09-07,103.3933
K,G,2004-09-08,103.3097
K,G,2004-09-09,103.326
K,G,2004-09-10,103.2374
K,G,2004-09-13,103.3523
K,G,2004-09-14,103.2455
K,G,2004-09-15,103.207
K,G,2004-09-16,102.9678
K,G,2004-09-17,102.823
K,G,2004-09-20,102.7504
K,G,2004-09-21,102.7939
K,G,2004-09-22,103.0626
K,G,2004-09-23,103.1208
K,G,2004-09-24,103.0405
K,G,2004-09-27,102.8502
K,G,2004-09-28,102.8192
K,G,2004-09-29,102.8003
K,G,2004-09-30,102.8751
K,G,2004-10-01,103.2714
K,G,2004-10-04,103.0172
K,G,2004-10-05,102.7148
K,G,2004-10-06,102.6712
K,G,2004-10-07,102.7615
K,G,2004-10-08,103.01
K,G,2004-10-11,103.1166
K,G,2004-10-12,103.022
K,G,2004-10-13,103.2109
K,G,2004-10-14,103.4102
K,G,2004-10-15,103.7795
K,G,2004-10-18,104.0642
K,G,2004-10-19,104.0449
K,G,2004-10-20,104.444
K,G,2004-10-21,104.5493
K,G,2004-10-22,104.4129
K,G,2004-10-25,105.1505
K,G,2004-10-26,105.124
K,G,2004-10-27,105.0671
K,G,2004-10-28,104.9771
K,G,2004-10-29,105.328
K,G,2004-11-01,105.0962
K,G,2004-11-02,104.9139
K,G,2004-11-03,104.7415
K,G,2004-11-04,105.2135
K,G,2004-11-05,105.3424
K,G,2004-11-08,105.6359
K,G,2004-11-09,105.5589
K,G,2004-11-10,105.6577
K,G,2004-11-11,105.9458
K,G,2004-11-12,105.937
K,G,2004-11-15,105.8229
K,G,2004-11-16,105.8161
K,G,2004-11-17,105.8955
K,G,2004-11-18,106.2613
K,G,2004-11-19,106.332
K,G,2004-11-22,106.3616
K,G,2004-11-23,106.1219
K,G,2004-11-24,106.5089
K,G,2004-11-25,106.9388
K,G,2004-11-26,106.6562
K,G,2004-11-29,106.6141
K,G,2004-11-30,106.7706
K,G,2004-12-01,106.5067
K,G,2004-12-02,106.1314
K,G,2004-12-03,105.8547
K,G,2004-12-06,106.01220000000001
K,G,2004-12-07,105.8741
K,G,2004-12-08,105.4769
K,G,2004-12-09,105.4947
K,G,2004-12-10,105.4514
K,G,2004-12-13,105.3618
K,G,2004-12-14,105.2577
K,G,2004-12-15,105.6266
K,G,2004-12-16,105.5979
K,G,2004-12-17,105.226
K,G,2004-12-20,105.2592
K,G,2004-12-21,104.9732
K,G,2004-12-22,104.9946
K,G,2004-12-23,105.0781
K,G,2004-12-24,105.1299
K,G,2004-12-27,105.0947
K,G,2004-12-28,105.2847
K,G,2004-12-29,105.3413
K,G,2004-12-30,105.3966
K,G,2004-12-31,105.328
K,G,2005-01-03,105.1122
K,G,2005-01-04,104.5632
K,G,2005-01-05,104.1761
K,G,2005-01-06,104.1143
K,G,2005-01-07,104.2084
K,G,2005-01-10,103.9995
K,G,2005-01-11,104.0498
K,G,2005-01-12,103.8489
K,G,2005-01-13,104.0256
K,G,2005-01-14,103.6333
K,G,2005-01-17,103.8983
K,G,2005-01-18,103.7496
K,G,2005-01-19,103.9097
K,G,2005-01-20,103.8506
K,G,2005-01-21,103.6092
K,G,2005-01-24,103.7099
K,G,2005-01-25,103.7026
K,G,2005-01-26,103.379
K,G,2005-01-27,103.602
K,G,2005-01-28,103.5529
K,G,2005-01-31,103.242
K,G,2005-02-01,103.0908
K,G,2005-02-02,103.1031
K,G,2005-02-03,102.6791
K,G,2005-02-04,102.3681
K,G,2005-02-07,102.0868
K,G,2005-02-08,101.9968
K,G,2005-02-09,102.1838
K,G,2005-02-10,102.3196
K,G,2005-02-11,102.4719
K,G,2005-02-14,102.7871
K,G,2005-02-15,102.969
K,G,2005-02-16,103.3358
K,G,2005-02-17,103.3991
K,G,2005-02-18,103.4339
K,G,2005-02-21,103.495
K,G,2005-02-22,103.9998
K,G,2005-02-23,104.3013
K,G,2005-02-24,104.3972
K,G,2005-02-25,103.9939
K,G,2005-02-28,104.2326
K,G,2005-03-01,104.2957
K,G,2005-03-02,103.9669
K,G,2005-03-03,103.7003
K,G,2005-03-04,103.346
K,G,2005-03-07,103.5924
K,G,2005-03-08,103.342
K,G,2005-03-09,103.6619
K,G,2005-03-10,104.007
K,G,2005-03-11,103.9856
K,G,2005-03-14,103.9364
K,G,2005-03-15,103.9413
K,G,2005-03-16,104.0533
K,G,2005-03-17,104.3713
K,G,2005-03-18,103.9204
K,G,2005-03-21,103.5591
K,G,2005-03-22,103.3546
K,G,2005-03-23,102.9651
K,G,2005-03-24,103.0641
K,G,2005-03-25,103.0211
K,G,2005-03-28,102.99
K,G,2005-03-29,102.9989
K,G,2005-03-30,103.0473
K,G,2005-03-31,103.0577
K,G,2005-04-01,102.9834
K,G,2005-04-04,102.7443
K,G,2005-04-05,102.4648
K,G,2005-04-06,102.7928
K,G,2005-04-07,102.848
K,G,2005-04-08,102.7045
K,G,2005-04-11,103.1144
K,G,2005-04-12,103.1334
K,G,2005-04-13,102.9959
K,G,2005-04-14,102.5877
K,G,2005-04-15,102.5343
K,G,2005-04-18,103.2822
K,G,2005-04-19,103.393
K,G,2005-04-20,103.4454
K,G,2005-04-21,103.625
K,G,2005-04-22,103.4651
K,G,2005-04-25,103.287
K,G,2005-04-26,103.2116
K,G,2005-04-27,103.1285
K,G,2005-04-28,103.2527
K,G,2005-04-29,103.5406
K,G,2005-05-02,103.1191
K,G,2005-05-03,102.857
K,G,2005-05-04,103.0421
K,G,2005-05-05,102.8295
K,G,2005-05-06,102.6008
K,G,2005-05-09,102.2467
K,G,2005-05-10,102.4159
K,G,2005-05-11,102.6424
K,G,2005-05-12,102.3588
K,G,2005-05-13,102.2398
K,G,2005-05-16,102.2113
K,G,2005-05-17,102.2281
K,G,2005-05-18,102.389
K,G,2005-05-19,102.2821
K,G,2005-05-20,102.074
K,G,2005-05-23,101.7791
K,G,2005-05-24,101.8819
K,G,2005-05-25,101.9582
K,G,2005-05-26,101.8971
K,G,2005-05-27,101.7199
K,G,2005-05-30,101.739
K,G,2005-05-31,101.5371
K,G,2005-06-01,101.8896
K,G,2005-06-02,101.8068
K,G,2005-06-03,101.6839
K,G,2005-06-06,101.8204
K,G,2005-06-07,101.8758
K,G,2005-06-08,101.7519
K,G,2005-06-09,101.6483
K,G,2005-06-10,101.5217
K,G,2005-06-13,100.889
K,G,2005-06-14,101.0208
K,G,2005-06-15,100.7895
K,G,2005-06-16,100.8837
K,G,2005-06-17,100.7282
K,G,2005-06-20,100.7395
K,G,2005-06-21,100.6329
K,G,2005-06-22,100.9621
K,G,2005-06-23,100.6199
K,G,2005-06-24,100.6345
K,G,2005-06-27,100.764
K,G,2005-06-28,100.5355
K,G,2005-06-29,100.3065
K,G,2005-06-30,100.1759
K,G,2005-07-01,100.0087
K,G,2005-07-04,99.9521
K,G,2005-07-05,99.7779
K,G,2005-07-06,99.75
K,G,2005-07-07,99.8353
K,G,2005-07-08,99.875
K,G,2005-07-11,99.9028
K,G,2005-07-12,100.2157
K,G,2005-07-13,100.0848
K,G,2005-07-14,99.8392
K,G,2005-07-15,99.8051
K,G,2005-07-18,99.7089
K,G,2005-07-19,99.3046
K,G,2005-07-20,99.621
K,G,2005-07-21,99.8177
K,G,2005-07-22,99.6061
K,G,2005-07-25,99.3467
K,G,2005-07-26,99.4748
K,G,2005-07-27,99.2943
K,G,2005-07-28,99.2701
K,G,2005-07-29,99.5448
K,G,2005-08-01,99.8149
K,G,2005-08-02,100.0499
K,G,2005-08-03,100.0496
K,G,2005-08-04,100.1778
K,G,2005-08-05,100.2726
K,G,2005-08-08,100.1361
K,G,2005-08-09,100.4058
K,G,2005-08-10,100.3232
K,G,2005-08-11,100.4831
K,G,2005-08-12,100.7348
K,G,2005-08-15,100.6351
K,G,2005-08-16,100.4082
K,G,2005-08-17,100.4218
K,G,2005-08-18,100.6376
K,G,2005-08-19,100.3257
K,G,2005-08-22,100.1062
K,G,2005-08-23,100.0457
K,G,2005-08-24,99.935
K,G,2005-08-25,100.6008
K,G,2005-08-26,100.7928
K,G,2005-08-29,100.88720000000001
K,G,2005-08-30,100.394
K,G,2005-08-31,100.4597
K,G,2005-09-01,100.9198
K,G,2005-09-02,101.6391
K,G,2005-09-05,101.5045
K,G,2005-09-06,101.1909
K,G,2005-09-07,101.2765
K,G,2005-09-08,101.1876
K,G,2005-09-09,101.2333
K,G,2005-09-12,100.8665
K,G,2005-09-13,100.6103
K,G,2005-09-14,100.5839
K,G,2005-09-15,100.5441
K,G,2005-09-16,100.345
K,G,2005-09-19,100.0505
K,G,2005-09-20,99.9592
K,G,2005-09-21,100.2239
K,G,2005-09-22,100.1051
K,G,2005-09-23,99.8344
K,G,2005-09-26,99.6475
K,G,2005-09-27,99.5541
K,G,2005-09-28,99.6395
K,G,2005-09-29,99.5316
K,G,2005-09-30,99.6678
K,G,2005-10-03,99.562
K,G,2005-10-04,99.7233
K,G,2005-10-05,99.7571
K,G,2005-10-06,100.4257
K,G,2005-10-07,100.5567
K,G,2005-10-10,100.4861
K,G,2005-10-11,100.2852
K,G,2005-10-12,100.1728
K,G,2005-10-13,100.0003
K,G,2005-10-14,100.2121
K,G,2005-10-17,100.1653
K,G,2005-10-18,99.8267
K,G,2005-10-19,99.7402
K,G,2005-10-20,99.8215
K,G,2005-10-21,100.3104
K,G,2005-10-24,100.1803
K,G,2005-10-25,100.4136
K,G,2005-10-26,100.3764
K,G,2005-10-27,100.5281
K,G,2005-10-28,100.6528
K,G,2005-10-31,100.4607
K,G,2005-11-01,100.217
K,G,2005-11-02,100.3836
K,G,2005-11-03,100.5645
K,G,2005-11-04,100.2113
K,G,2005-11-07,100.0225
K,G,2005-11-08,99.7861
K,G,2005-11-09,99.8409
K,G,2005-11-10,99.9559
K,G,2005-11-11,99.9446
K,G,2005-11-14,99.9682
K,G,2005-11-15,99.7812
K,G,2005-11-16,99.5528
K,G,2005-11-17,99.4319
K,G,2005-11-18,99.3755
K,G,2005-11-21,99.6716
K,G,2005-11-22,99.4519
K,G,2005-11-23,99.5159
K,G,2005-11-24,99.3241
K,G,2005-11-25,99.2879
K,G,2005-11-28,99.4369
K,G,2005-11-29,99.6336
K,G,2005-11-30,99.4826
K,G,2005-12-01,99.5393
K,G,2005-12-02,99.5626
K,G,2005-12-05,99.4695
K,G,2005-12-06,99.8578
K,G,2005-12-07,99.8412
K,G,2005-12-08,99.9998
K,G,2005-12-09,100.0039
K,G,2005-12-12,100.2174
K,G,2005-12-13,100.1089
K,G,2005-12-14,100.213
K,G,2005-12-15,100.2063
K,G,2005-12-16,100.13720000000001
K,G,2005-12-19,99.7619
K,G,2005-12-20,99.5416
K,G,2005-12-21,99.292
K,G,2005-12-22,99.0513
K,G,2005-12-23,99.0594
K,G,2005-12-26,99.0482
K,G,2005-12-27,99.0397
K,G,2005-12-28,99.101
K,G,2005-12-29,98.9743
K,G,2005-12-30,99.0331
K,G,2006-01-02,99.1802
K,G,2006-01-03,99.3463
K,G,2006-01-04,99.8417
K,G,2006-01-05,100.0922
K,G,2006-01-06,100.3041
K,G,2006-01-09,100.2908
K,G,2006-01-10,100.2649
K,G,2006-01-11,99.9874
K,G,2006-01-12,100.0711
K,G,2006-01-13,99.9115
K,G,2006-01-16,99.9755
K,G,2006-01-17,99.9378
K,G,2006-01-18,100.097
K,G,2006-01-19,99.7265
K,G,2006-01-20,99.7075
K,G,2006-01-23,100.2514
K,G,2006-01-24,100.3239
K,G,2006-01-25,100.2778
K,G,2006-01-26,100.2428
K,G,2006-01-27,99.9782
K,G,2006-01-30,99.4466
K,G,2006-01-31,99.5138
K,G,2006-02-01,99.5597
K,G,2006-02-02,99.3677
K,G,2006-02-03,99.3086
K,G,2006-02-06,99.1682
K,G,2006-02-07,99.0918
K,G,2006-02-08,99.3406
K,G,2006-02-09,99.202
K,G,2006-02-10,99.0911
K,G,2006-02-13,98.8713
K,G,2006-02-14,98.8143
K,G,2006-02-15,98.7156
K,G,2006-02-16,98.6371
K,G,2006-02-17,98.4691
K,G,2006-02-20,98.493
K,G,2006-02-21,98.5143
K,G,2006-02-22,98.7132
K,G,2006-02-23,98.528
K,G,2006-02-24,98.3731
K,G,2006-02-27,97.9416
K,G,2006-02-28,97.9311
K,G,2006-03-01,98.2537
K,G,2006-03-02,98.0902
K,G,2006-03-03,98.4632
K,G,2006-03-06,98.7118
K,G,2006-03-07,98.5816
K,G,2006-03-08,98.424
K,G,2006-03-09,98.4142
K,G,2006-03-10,98.1626
K,G,2006-03-13,97.9507
K,G,2006-03-14,98.2872
K,G,2006-03-15,98.3295
K,G,2006-03-16,98.5539
K,G,2006-03-17,98.295
K,G,2006-03-20,98.2823
K,G,2006-03-21,98.3048
K,G,2006-03-22,98.01
K,G,2006-03-23,97.7788
K,G,2006-03-24,97.516
K,G,2006-03-27,97.8132
K,G,2006-03-28,97.9694
K,G,2006-03-29,97.9172
K,G,2006-03-30,97.8138
K,G,2006-03-31,97.7072
K,G,2006-04-03,97.5213
K,G,2006-04-04,97.5931
K,G,2006-04-05,98.0494
K,G,2006-04-06,98.1494
K,G,2006-04-07,97.9232
K,G,2006-04-10,97.8768
K,G,2006-04-11,97.7124
K,G,2006-04-12,97.9535
K,G,2006-04-13,98.0565
K,G,2006-04-14,98.1871
K,G,2006-04-17,98.3826
K,G,2006-04-18,98.5983
K,G,2006-04-19,98.7482
K,G,2006-04-20,98.5625
K,G,2006-04-21,98.2681
K,G,2006-04-24,98.3816
K,G,2006-04-25,98.3754
K,G,2006-04-26,98.2574
K,G,2006-04-27,98.085
K,G,2006-04-28,98.6246
K,G,2006-05-01,99.0161
K,G,2006-05-02,99.3626
K,G,2006-05-03,99.4259
K,G,2006-05-04,99.42
K,G,2006-05-05,99.6035
K,G,2006-05-08,99.8128
K,G,2006-05-09,99.6528
K,G,2006-05-10,100.0109
K,G,2006-05-11,99.5856
K,G,2006-05-12,100.5677
K,G,2006-05-15,100.7548
K,G,2006-05-16,100.5797
K,G,2006-05-17,100.6705
K,G,2006-05-18,100.7499
K,G,2006-05-19,100.3389
K,G,2006-05-22,100.7709
K,G,2006-05-23,100.9104
K,G,2006-05-24,101.0472
K,G,2006-05-25,100.6859
K,G,2006-05-26,100.3912
K,G,2006-05-29,100.0485
K,G,2006-05-30,100.3687
K,G,2006-05-31,100.5418
K,G,2006-06-01,100.1951
K,G,2006-06-02,99.9728
K,G,2006-06-05,100.3805
K,G,2006-06-06,100.6828
K,G,2006-06-07,100.2742
K,G,2006-06-08,100.1312
K,G,2006-06-09,99.9495
K,G,2006-06-12,100.1269
K,G,2006-06-13,100.2666
K,G,2006-06-14,100.2945
K,G,2006-06-15,100.2522
K,G,2006-06-16,100.2011
K,G,2006-06-19,99.9656
K,G,2006-06-20,99.7299
K,G,2006-06-21,99.8701
K,G,2006-06-22,99.7577
K,G,2006-06-23,99.676
K,G,2006-06-26,99.8207
K,G,2006-06-27,99.5844
K,G,2006-06-28,99.6413
K,G,2006-06-29,99.5219
K,G,2006-06-30,99.6567
K,G,2006-07-03,99.8165
K,G,2006-07-04,99.7375
K,G,2006-07-05,99.7193
K,G,2006-07-06,99.689
K,G,2006-07-07,99.6198
K,G,2006-07-10,99.8188
K,G,2006-07-11,99.7629
K,G,2006-07-12,99.7549
K,G,2006-07-13,99.9269
K,G,2006-07-14,99.9714
K,G,2006-07-17,99.7673
K,G,2006-07-18,99.4813
K,G,2006-07-19,99.2595
K,G,2006-07-20,99.1214
K,G,2006-07-21,99.2967
K,G,2006-07-24,99.006
K,G,2006-07-25,98.9878
K,G,2006-07-26,98.7898
K,G,2006-07-27,99.0528
K,G,2006-07-28,99.0925
K,G,2006-07-31,99.1888
K,G,2006-08-01,99.2827
K,G,2006-08-02,99.3944
K,G,2006-08-03,99.1078
K,G,2006-08-04,98.9565
K,G,2006-08-07,99.2975
K,G,2006-08-08,99.2098
K,G,2006-08-09,99.1731
K,G,2006-08-10,99.0316
K,G,2006-08-11,98.6238
K,G,2006-08-14,98.4462
K,G,2006-08-15,98.4544
K,G,2006-08-16,98.5981
K,G,2006-08-17,98.9019
K,G,2006-08-18,98.7399
K,G,2006-08-21,99.0152
K,G,2006-08-22,98.9619
K,G,2006-08-23,98.6476
K,G,2006-08-24,98.635
K,G,2006-08-25,98.549
K,G,2006-08-28,98.5979
K,G,2006-08-29,98.7322
K,G,2006-08-30,98.9279
K,G,2006-08-31,98.8792
K,G,2006-09-01,98.7465
K,G,2006-09-04,98.5744
K,G,2006-09-05,98.3797
K,G,2006-09-06,98.4095
K,G,2006-09-07,98.4467
K,G,2006-09-08,98.2073
K,G,2006-09-11,98.3565
K,G,2006-09-12,98.396
K,G,2006-09-13,97.7524
K,G,2006-09-14,97.8961
K,G,2006-09-15,97.2765
K,G,2006-09-18,97.6094
K,G,2006-09-19,97.4453
K,G,2006-09-20,97.6154
K,G,2006-09-21,97.7773
K,G,2006-09-22,98.1568
K,G,2006-09-25,98.4439
K,G,2006-09-26,98.2916
K,G,2006-09-27,98.1844
K,G,2006-09-28,98.003
K,G,2006-09-29,97.7178
K,G,2006-10-02,97.858
K,G,2006-10-03,97.9104
K,G,2006-10-04,97.8186
K,G,2006-10-05,97.5514
K,G,2006-10-06,97.4548
K,G,2006-10-09,97.4169
K,G,2006-10-10,97.1656
K,G,2006-10-11,96.9232
K,G,2006-10-12,96.9482
K,G,2006-10-13,96.8303
K,G,2006-10-16,96.8029
K,G,2006-10-17,96.8846
K,G,2006-10-18,96.895
K,G,2006-10-19,96.8903
K,G,2006-10-20,97.1408
K,G,2006-10-23,96.9486
K,G,2006-10-24,96.7442
K,G,2006-10-25,96.8398
K,G,2006-10-26,96.9374
K,G,2006-10-27,96.9627
K,G,2006-10-30,97.0746
K,G,2006-10-31,97.1046
K,G,2006-11-01,97.1644
K,G,2006-11-02,97.0806
K,G,2006-11-03,97.038
K,G,2006-11-06,96.6046
K,G,2006-11-07,96.6195
K,G,2006-11-08,96.8003
K,G,2006-11-09,96.7074
K,G,2006-11-10,97.1125
K,G,2006-11-13,97.0763
K,G,2006-11-14,96.9991
K,G,2006-11-15,96.7376
K,G,2006-11-16,96.6925
K,G,2006-11-17,96.638
K,G,2006-11-20,96.9636
K,G,2006-11-21,96.9644
K,G,2006-11-22,97.1781
K,G,2006-11-23,97.7002
K,G,2006-11-24,98.1034
K,G,2006-11-27,98.1388
K,G,2006-11-28,98.1868
K,G,2006-11-29,97.907
K,G,2006-11-30,97.7728
K,G,2006-12-01,98.0871
K,G,2006-12-04,97.9293
K,G,2006-12-05,97.9238
K,G,2006-12-06,98.0215
K,G,2006-12-07,98.0297
K,G,2006-12-08,97.9994
K,G,2006-12-11,97.7725
K,G,2006-12-12,97.7159
K,G,2006-12-13,97.5677
K,G,2006-12-14,97.2349
K,G,2006-12-15,96.934
K,G,2006-12-18,96.8106
K,G,2006-12-19,96.7777
K,G,2006-12-20,96.7175
K,G,2006-12-21,96.699
K,G,2006-12-22,96.7711
K,G,2006-12-25,96.6541
K,G,2006-12-26,96.6132
K,G,2006-12-27,96.5429
K,G,2006-12-28,96.2218
K,G,2006-12-29,96.3839
K,G,2007-01-01,96.2517
K,G,2007-01-02,96.1957
K,G,2007-01-03,96.0574
K,G,2007-01-04,95.8328
K,G,2007-01-05,96.0695
K,G,2007-01-08,95.9473
K,G,2007-01-09,95.691
K,G,2007-01-10,95.5368
K,G,2007-01-11,95.3603
K,G,2007-01-12,95.3172
K,G,2007-01-15,95.3463
K,G,2007-01-16,95.341
K,G,2007-01-17,95.2457
K,G,2007-01-18,94.9477
K,G,2007-01-19,95.0924
K,G,2007-01-22,94.981
K,G,2007-01-23,95.0177
K,G,2007-01-24,95.1444
K,G,2007-01-25,95.1032
K,G,2007-01-26,95.0787
K,G,2007-01-29,94.82
K,G,2007-01-30,94.7584
K,G,2007-01-31,94.6519
K,G,2007-02-01,95.0812
K,G,2007-02-02,95.1411
K,G,2007-02-05,94.9597
K,G,2007-02-06,95.1657
K,G,2007-02-07,95.3718
K,G,2007-02-08,94.7782
K,G,2007-02-09,94.7128
K,G,2007-02-12,94.7311
K,G,2007-02-13,94.7298
K,G,2007-02-14,94.7732
K,G,2007-02-15,94.8756
K,G,2007-02-16,95.0622
K,G,2007-02-19,95.1525
K,G,2007-02-20,94.9347
K,G,2007-02-21,94.8998
K,G,2007-02-22,94.7192
K,G,2007-02-23,94.8646
K,G,2007-02-26,95.2274
K,G,2007-02-27,95.5173
K,G,2007-02-28,95.8382
K,G,2007-03-01,95.8821
K,G,2007-03-02,95.7631
K,G,2007-03-05,96.655
K,G,2007-03-06,96.3564
K,G,2007-03-07,96.1794
K,G,2007-03-08,96.1255
K,G,2007-03-09,95.7494
K,G,2007-03-12,95.4322
K,G,2007-03-13,95.7162
K,G,2007-03-14,96.2354
K,G,2007-03-15,95.9387
K,G,2007-03-16,96.4792
K,G,2007-03-19,96.139
K,G,2007-03-20,96.012200000000007
K,G,2007-03-21,95.7994
K,G,2007-03-22,95.6419
K,G,2007-03-23,95.5631
K,G,2007-03-26,95.4149
K,G,2007-03-27,95.5099
K,G,2007-03-28,95.7043
K,G,2007-03-29,95.4662
K,G,2007-03-30,95.1929
K,G,2007-04-02,95.374
K,G,2007-04-03,95.1004
K,G,2007-04-04,94.9423
K,G,2007-04-05,94.8034
K,G,2007-04-06,94.7341
K,G,2007-04-09,94.6644
K,G,2007-04-10,94.6152
K,G,2007-04-11,94.6133
K,G,2007-04-12,94.4186
K,G,2007-04-13,94.6869
K,G,2007-04-16,94.3067
K,G,2007-04-17,94.4387
K,G,2007-04-18,94.6751
K,G,2007-04-19,94.9555
K,G,2007-04-20,94.3723
K,G,2007-04-23,94.4505
K,G,2007-04-24,94.5606
K,G,2007-04-25,94.4756
K,G,2007-04-26,94.3519
K,G,2007-04-27,94.3891
K,G,2007-04-30,94.331
K,G,2007-05-01,94.1025
K,G,2007-05-02,93.8328
K,G,2007-05-03,94.1204
K,G,2007-05-04,94.0025
K,G,2007-05-07,94.0753
K,G,2007-05-08,93.7679
K,G,2007-05-09,93.7707
K,G,2007-05-10,93.7653
K,G,2007-05-11,94.0359
K,G,2007-05-14,93.6617
K,G,2007-05-15,93.7868
K,G,2007-05-16,93.7279
K,G,2007-05-17,93.5155
K,G,2007-05-18,93.3364
K,G,2007-05-21,93.2008
K,G,2007-05-22,93.174
K,G,2007-05-23,93.324700000000007
K,G,2007-05-24,93.3643
K,G,2007-05-25,93.4969
K,G,2007-05-28,93.4774
K,G,2007-05-29,93.4903
K,G,2007-05-30,93.7096
K,G,2007-05-31,93.6066
K,G,2007-06-01,93.3401
K,G,2007-06-04,93.3044
K,G,2007-06-05,93.5584
K,G,2007-06-06,93.8299
K,G,2007-06-07,93.7708
K,G,2007-06-08,93.7022
K,G,2007-06-11,93.2277
K,G,2007-06-12,92.9025
K,G,2007-06-13,92.9285
K,G,2007-06-14,92.7729
K,G,2007-06-15,92.7441
K,G,2007-06-18,92.6354
K,G,2007-06-19,92.597
K,G,2007-06-20,92.6366
K,G,2007-06-21,92.6176
K,G,2007-06-22,92.8075
K,G,2007-06-25,93.2324
K,G,2007-06-26,93.187
K,G,2007-06-27,93.2985
K,G,2007-06-28,93.1008
K,G,2007-06-29,92.9053
K,G,2007-07-02,93.5698
K,G,2007-07-03,93.3175
K,G,2007-07-04,93.1785
K,G,2007-07-05,93.3765
K,G,2007-07-06,93.1255
K,G,2007-07-09,93.0876
K,G,2007-07-10,93.1033
K,G,2007-07-11,93.5101
K,G,2007-07-12,93.4152
K,G,2007-07-13,93.3213
K,G,2007-07-16,93.3769
K,G,2007-07-17,93.5453
K,G,2007-07-18,93.3662
K,G,2007-07-19,93.2595
K,G,2007-07-20,93.0055
K,G,2007-07-23,93.083
K,G,2007-07-24,92.6866
K,G,2007-07-25,92.6074
K,G,2007-07-26,92.6696
K,G,2007-07-27,93.2285
K,G,2007-07-30,93.524
K,G,2007-07-31,93.4736
K,G,2007-08-01,93.5867
K,G,2007-08-02,93.6163
K,G,2007-08-03,93.3328
K,G,2007-08-06,94.2958
K,G,2007-08-07,94.0083
K,G,2007-08-08,93.7668
K,G,2007-08-09,93.7872
K,G,2007-08-10,94.2724
K,G,2007-08-13,94.0062
K,G,2007-08-14,93.7775
K,G,2007-08-15,93.7159
K,G,2007-08-16,93.9699
K,G,2007-08-17,94.6811
K,G,2007-08-20,94.2589
K,G,2007-08-21,94.7224
K,G,2007-08-22,94.3317
K,G,2007-08-23,93.9604
K,G,2007-08-24,94.1404
K,G,2007-08-27,93.6325
K,G,2007-08-28,93.9441
K,G,2007-08-29,94.0707
K,G,2007-08-30,93.6752
K,G,2007-08-31,93.4138
K,G,2007-09-03,93.2776
K,G,2007-09-04,93.374
K,G,2007-09-05,93.1593
K,G,2007-09-06,93.4246
K,G,2007-09-07,93.5761
K,G,2007-09-10,94.2167
K,G,2007-09-11,94.0232
K,G,2007-09-12,93.9289
K,G,2007-09-13,93.8487
K,G,2007-09-14,93.7815
K,G,2007-09-17,93.7308
K,G,2007-09-18,93.862
K,G,2007-09-19,93.6877
K,G,2007-09-20,93.8998
K,G,2007-09-21,93.7648
K,G,2007-09-24,93.731
K,G,2007-09-25,93.8597
K,G,2007-09-26,93.8052
K,G,2007-09-27,93.5516
K,G,2007-09-28,93.4164
K,G,2007-10-01,93.1384
K,G,2007-10-02,93.1656
K,G,2007-10-03,93.0655
K,G,2007-10-04,92.9726
K,G,2007-10-05,92.9945
K,G,2007-10-08,92.7109
K,G,2007-10-09,92.5763
K,G,2007-10-10,92.4881
K,G,2007-10-11,92.4511
K,G,2007-10-12,92.1973
K,G,2007-10-15,92.2652
K,G,2007-10-16,92.2684
K,G,2007-10-17,92.3368
K,G,2007-10-18,92.5921
K,G,2007-10-19,92.615
K,G,2007-10-22,93.0309
K,G,2007-10-23,92.6561
K,G,2007-10-24,92.4424
K,G,2007-10-25,92.5586
K,G,2007-10-26,92.5321
K,G,2007-10-29,92.4725
K,G,2007-10-30,92.309
K,G,2007-10-31,92.5725
K,G,2007-11-01,92.2814
K,G,2007-11-02,92.8563
K,G,2007-11-05,92.7645
K,G,2007-11-06,93.1239
K,G,2007-11-07,93.566
K,G,2007-11-08,93.7515
K,G,2007-11-09,94.1762
K,G,2007-11-12,94.5885
K,G,2007-11-13,94.7133
K,G,2007-11-14,94.629
K,G,2007-11-15,94.7781
K,G,2007-11-16,94.9926
K,G,2007-11-19,95.1994
K,G,2007-11-20,95.5469
K,G,2007-11-21,95.7109
K,G,2007-11-22,95.8921
K,G,2007-11-23,95.8806
K,G,2007-11-26,95.8158
K,G,2007-11-27,96.0885
K,G,2007-11-28,95.2943
K,G,2007-11-29,94.9206
K,G,2007-11-30,94.6451
K,G,2007-12-03,94.4594
K,G,2007-12-04,94.4523
K,G,2007-12-05,94.8953
K,G,2007-12-06,94.657
K,G,2007-12-07,94.385
K,G,2007-12-10,94.3348
K,G,2007-12-11,94.0471
K,G,2007-12-12,93.9636
K,G,2007-12-13,93.7291
K,G,2007-12-14,93.4502
K,G,2007-12-17,93.6274
K,G,2007-12-18,93.7749
K,G,2007-12-19,93.6641
K,G,2007-12-20,93.6442
K,G,2007-12-21,93.4899
K,G,2007-12-24,93.3792
K,G,2007-12-25,93.3367
K,G,2007-12-26,93.3478
K,G,2007-12-27,93.3582
K,G,2007-12-28,93.9881
K,G,2007-12-31,94.3659
K,G,2008-01-01,94.5523
K,G,2008-01-02,94.809
K,G,2008-01-03,95.1104
K,G,2008-01-04,95.4145
K,G,2008-01-07,95.2388
K,G,2008-01-08,95.0399
K,G,2008-01-09,95.3066
K,G,2008-01-10,95.429
K,G,2008-01-11,95.9856
K,G,2008-01-14,96.4249
K,G,2008-01-15,96.3186
K,G,2008-01-16,96.927
K,G,2008-01-17,96.1834
K,G,2008-01-18,96.4234
K,G,2008-01-21,97.0536
K,G,2008-01-22,96.9445
K,G,2008-01-23,97.3199
K,G,2008-01-24,97.5748
K,G,2008-01-25,96.7038
K,G,2008-01-28,96.889
K,G,2008-01-29,96.5713
K,G,2008-01-30,96.5984
K,G,2008-01-31,97.1135
K,G,2008-02-01,97.1719
K,G,2008-02-04,96.5301
K,G,2008-02-05,96.0205
K,G,2008-02-06,96.7601
K,G,2008-02-07,96.701
K,G,2008-02-08,96.64
K,G,2008-02-11,97.2075
K,G,2008-02-12,96.8093
K,G,2008-02-13,96.4971
K,G,2008-02-14,96.0725
K,G,2008-02-15,96.5186
K,G,2008-02-18,96.4005
K,G,2008-02-19,96.4462
K,G,2008-02-20,96.545
K,G,2008-02-21,96.2474
K,G,2008-02-22,96.6682
K,G,2008-02-25,96.6227
K,G,2008-02-26,96.5862
K,G,2008-02-27,97.1968
K,G,2008-02-28,97.6041
K,G,2008-02-29,98.4485
K,G,2008-03-03,99.6702
K,G,2008-03-04,99.3977
K,G,2008-03-05,99.4588
K,G,2008-03-06,99.5387
K,G,2008-03-07,100.4739
K,G,2008-03-10,100.3767
K,G,2008-03-11,100.5391
K,G,2008-03-12,99.4398
K,G,2008-03-13,100.6151
K,G,2008-03-14,100.4928
K,G,2008-03-17,102.7353
K,G,2008-03-18,101.9839
K,G,2008-03-19,101.6817
K,G,2008-03-20,101.0219
K,G,2008-03-21,100.7886
K,G,2008-03-24,100.5473
K,G,2008-03-25,100.3251
K,G,2008-03-26,100.8777
K,G,2008-03-27,101.1144
K,G,2008-03-28,101.0221
K,G,2008-03-31,101.4149
K,G,2008-04-01,101.0025
K,G,2008-04-02,100.2451
K,G,2008-04-03,99.975
K,G,2008-04-04,100.1942
K,G,2008-04-07,99.6536
K,G,2008-04-08,100.003
K,G,2008-04-09,99.779
K,G,2008-04-10,101.1343
K,G,2008-04-11,100.1864
K,G,2008-04-14,100.7368
K,G,2008-04-15,100.6492
K,G,2008-04-16,100.15
K,G,2008-04-17,100.1938
K,G,2008-04-18,99.4713
K,G,2008-04-21,99.1962
K,G,2008-04-22,99.3283
K,G,2008-04-23,99.349
K,G,2008-04-24,98.5503
K,G,2008-04-25,97.7223
K,G,2008-04-28,98.1417
K,G,2008-04-29,97.9343
K,G,2008-04-30,98.1285
K,G,2008-05-01,97.7249
K,G,2008-05-02,97.3285
K,G,2008-05-05,96.8739
K,G,2008-05-06,96.8678
K,G,2008-05-07,96.8583
K,G,2008-05-08,97.3898
K,G,2008-05-09,97.9262
K,G,2008-05-12,97.7761
K,G,2008-05-13,97.6229
K,G,2008-05-14,96.9952
K,G,2008-05-15,97.058
K,G,2008-05-16,97.0977
K,G,2008-05-19,97.324700000000007
K,G,2008-05-20,97.2704
K,G,2008-05-21,97.6693
K,G,2008-05-22,98.1282
K,G,2008-05-23,98.1857
K,G,2008-05-26,98.2101
K,G,2008-05-27,98.2365
K,G,2008-05-28,97.9628
K,G,2008-05-29,97.117
K,G,2008-05-30,96.8286
K,G,2008-06-02,97.5497
K,G,2008-06-03,98.29
K,G,2008-06-04,98.1232
K,G,2008-06-05,97.5588
K,G,2008-06-06,97.5927
K,G,2008-06-09,98.8098
K,G,2008-06-10,98.3869
K,G,2008-06-11,97.9242
K,G,2008-06-12,98.2611
K,G,2008-06-13,97.8931
K,G,2008-06-16,97.7993
K,G,2008-06-17,97.8418
K,G,2008-06-18,97.6499
K,G,2008-06-19,97.7569
K,G,2008-06-20,97.5336
K,G,2008-06-23,97.431
K,G,2008-06-24,97.4151
K,G,2008-06-25,97.3288
K,G,2008-06-26,97.6381
K,G,2008-06-27,98.5532
K,G,2008-06-30,98.7509
K,G,2008-07-01,98.5543
K,G,2008-07-02,98.5098
K,G,2008-07-03,98.6954
K,G,2008-07-04,98.2767
K,G,2008-07-07,97.934
K,G,2008-07-08,98.4264
K,G,2008-07-09,97.5384
K,G,2008-07-10,97.5406
K,G,2008-07-11,97.5371
K,G,2008-07-14,97.6538
K,G,2008-07-15,98.7652
K,G,2008-07-16,98.8584
K,G,2008-07-17,98.1905
K,G,2008-07-18,97.8724
K,G,2008-07-21,97.728
K,G,2008-07-22,97.911
K,G,2008-07-23,97.0007
K,G,2008-07-24,96.8552
K,G,2008-07-25,97.0295
K,G,2008-07-28,96.9637
K,G,2008-07-29,97.1123
K,G,2008-07-30,96.519
K,G,2008-07-31,96.2573
K,G,2008-08-01,96.2909
K,G,2008-08-04,96.3182
K,G,2008-08-05,96.3047
K,G,2008-08-06,96.3979
K,G,2008-08-07,96.1659
K,G,2008-08-08,95.9309
K,G,2008-08-11,96.1382
K,G,2008-08-12,95.8796
K,G,2008-08-13,95.7733
K,G,2008-08-14,96.0942
K,G,2008-08-15,95.7938
K,G,2008-08-18,95.9766
K,G,2008-08-19,96.0525
K,G,2008-08-20,95.9831
K,G,2008-08-21,95.8912
K,G,2008-08-22,95.7855
K,G,2008-08-25,95.7098
K,G,2008-08-26,95.7508
K,G,2008-08-27,96.2648
K,G,2008-08-28,96.2975
K,G,2008-08-29,96.2794
K,G,2008-09-01,96.5033
K,G,2008-09-02,96.1202
K,G,2008-09-03,96.2542
K,G,2008-09-04,96.7634
K,G,2008-09-05,97.0593
K,G,2008-09-08,96.1141
K,G,2008-09-09,96.2836
K,G,2008-09-10,96.5192
K,G,2008-09-11,96.6423
K,G,2008-09-12,96.1684
K,G,2008-09-15,97.0015
K,G,2008-09-16,98.067
K,G,2008-09-17,96.935
K,G,2008-09-18,97.8438
K,G,2008-09-19,96.6866
K,G,2008-09-22,97.2278
K,G,2008-09-23,97.7246
K,G,2008-09-24,97.6645
K,G,2008-09-25,97.8149
K,G,2008-09-26,97.9652
K,G,2008-09-29,97.8459
K,G,2008-09-30,98.3712
K,G,2008-10-01,97.7381
K,G,2008-10-02,97.6859
K,G,2008-10-03,97.9334
K,G,2008-10-06,98.5328
K,G,2008-10-07,98.9214
K,G,2008-10-08,99.4694
K,G,2008-10-09,99.5678
K,G,2008-10-10,101.1016
K,G,2008-10-13,99.871
K,G,2008-10-14,99.0363
K,G,2008-10-15,98.9541
K,G,2008-10-16,100.238
K,G,2008-10-17,100.3086
K,G,2008-10-20,99.9698
K,G,2008-10-21,99.8519
K,G,2008-10-22,100.9417
K,G,2008-10-23,101.4888
K,G,2008-10-24,102.262
K,G,2008-10-27,104.2795
K,G,2008-10-28,103.2146
K,G,2008-10-29,102.8399
K,G,2008-10-30,102.0857
K,G,2008-10-31,102.6871
K,G,2008-11-03,101.2228
K,G,2008-11-04,100.9077
K,G,2008-11-05,100.3662
K,G,2008-11-06,100.3358
K,G,2008-11-07,100.4495
K,G,2008-11-10,100.0222
K,G,2008-11-11,100.5683
K,G,2008-11-12,101.0319
K,G,2008-11-13,101.2031
K,G,2008-11-14,100.288
K,G,2008-11-17,100.0444
K,G,2008-11-18,99.9671
K,G,2008-11-19,99.3786
K,G,2008-11-20,99.6084
K,G,2008-11-21,98.3987
K,G,2008-11-24,98.4988
K,G,2008-11-25,98.6111
K,G,2008-11-26,98.5428
K,G,2008-11-27,98.2035
K,G,2008-11-28,98.1998
K,G,2008-12-01,98.7688
K,G,2008-12-02,99.3898
K,G,2008-12-03,98.9848
K,G,2008-12-04,98.7132
K,G,2008-12-05,99.1631
K,G,2008-12-08,97.7192
K,G,2008-12-09,97.8035
K,G,2008-12-10,97.9115
K,G,2008-12-11,97.9726
K,G,2008-12-12,97.9643
K,G,2008-12-15,97.9979
K,G,2008-12-16,98.3288
K,G,2008-12-17,99.6534
K,G,2008-12-18,103.2345
K,G,2008-12-19,101.6563
K,G,2008-12-22,102.0787
K,G,2008-12-23,102.9883
K,G,2008-12-24,103.92
K,G,2008-12-25,104.423
K,G,2008-12-26,104.943
K,G,2008-12-29,105.4796
K,G,2008-12-30,105.7473
K,G,2008-12-31,105.8811
K,G,2009-01-01,105.0498
K,G,2009-01-02,104.2226
K,G,2009-01-05,103.3896
K,G,2009-01-06,102.598
K,G,2009-01-07,103.0809
K,G,2009-01-08,103.1894
K,G,2009-01-09,103.7071
K,G,2009-01-12,102.6574
K,G,2009-01-13,103.7872
K,G,2009-01-14,103.9197
K,G,2009-01-15,104.473
K,G,2009-01-16,103.5713
K,G,2009-01-19,103.5909
K,G,2009-01-20,103.2948
K,G,2009-01-21,103.834
K,G,2009-01-22,101.7329
K,G,2009-01-23,102.4207
K,G,2009-01-26,102.0013
K,G,2009-01-27,102.4141
K,G,2009-01-28,102.3015
K,G,2009-01-29,101.8276
K,G,2009-01-30,102.6761
K,G,2009-02-02,102.5544
K,G,2009-02-03,102.3009
K,G,2009-02-04,102.5681
K,G,2009-02-05,102.3357
K,G,2009-02-06,101.4262
K,G,2009-02-09,101.2758
K,G,2009-02-10,101.2284
K,G,2009-02-11,102.4213
K,G,2009-02-12,102.1525
K,G,2009-02-13,101.9442
K,G,2009-02-16,102.1484
K,G,2009-02-17,102.7801
K,G,2009-02-18,103.0776
K,G,2009-02-19,102.207
K,G,2009-02-20,101.735
K,G,2009-02-23,102.7633
K,G,2009-02-24,103.2892
K,G,2009-02-25,102.8714
K,G,2009-02-26,103.0238
K,G,2009-02-27,102.8126
K,G,2009-03-02,103.2266
K,G,2009-03-03,103.2614
K,G,2009-03-04,103.1979
K,G,2009-03-05,103.304
K,G,2009-03-06,104.5376
K,G,2009-03-09,104.5925
K,G,2009-03-10,104.722
K,G,2009-03-11,103.8171
K,G,2009-03-12,103.9308
K,G,2009-03-13,100.3722
K,G,2009-03-16,100.1599
K,G,2009-03-17,100.1234
K,G,2009-03-18,100.5373
K,G,2009-03-19,101.292
K,G,2009-03-20,102.1013
K,G,2009-03-23,101.6832
K,G,2009-03-24,102.0604
K,G,2009-03-25,102.2044
K,G,2009-03-26,102.3741
K,G,2009-03-27,101.9812
K,G,2009-03-30,102.1479
K,G,2009-03-31,102.3825
K,G,2009-04-01,102.3451
K,G,2009-04-02,101.638
K,G,2009-04-03,101.5751
K,G,2009-04-06,101.7001
K,G,2009-04-07,101.7921
K,G,2009-04-08,101.655
K,G,2009-04-09,101.234
K,G,2009-04-10,101.2751
K,G,2009-04-13,101.3394
K,G,2009-04-14,101.3754
K,G,2009-04-15,101.5181
K,G,2009-04-16,101.2859
K,G,2009-04-17,100.5442
K,G,2009-04-20,100.6687
K,G,2009-04-21,100.8703
K,G,2009-04-22,100.9382
K,G,2009-04-23,100.6754
K,G,2009-04-24,101.8214
K,G,2009-04-27,101.7147
K,G,2009-04-28,101.5708
K,G,2009-04-29,101.8945
K,G,2009-04-30,101.7382
K,G,2009-05-01,101.6418
K,G,2009-05-04,101.5488
K,G,2009-05-05,101.3605
K,G,2009-05-06,101.5637
K,G,2009-05-07,101.0251
K,G,2009-05-08,101.4238
K,G,2009-05-11,102.2559
K,G,2009-05-12,102.31
K,G,2009-05-13,102.3799
K,G,2009-05-14,102.4768
K,G,2009-05-15,102.441
K,G,2009-05-18,101.3395
K,G,2009-05-19,101.5383
K,G,2009-05-20,101.5565
K,G,2009-05-21,101.6384
K,G,2009-05-22,101.7244
K,G,2009-05-25,102.0299
K,G,2009-05-26,102.0138
K,G,2009-05-27,102.1634
K,G,2009-05-28,102.1877
K,G,2009-05-29,102.3042
K,G,2009-06-01,102.3314
K,G,2009-06-02,102.3764
K,G,2009-06-03,102.2329
K,G,2009-06-04,102.5671
K,G,2009-06-05,102.5037
K,G,2009-06-08,101.7544
K,G,2009-06-09,101.9667
K,G,2009-06-10,102.2094
K,G,2009-06-11,102.1451
K,G,2009-06-12,102.4083
K,G,2009-06-15,101.959
K,G,2009-06-16,102.2007
K,G,2009-06-17,102.109
K,G,2009-06-18,102.7072
K,G,2009-06-19,102.0491
K,G,2009-06-22,102.3044
K,G,2009-06-23,102.8113
K,G,2009-06-24,103.1267
K,G,2009-06-25,101.2175
K,G,2009-06-26,101.0212
K,G,2009-06-29,101.2382
K,G,2009-06-30,101.4419
K,G,2009-07-01,101.5053
K,G,2009-07-02,101.5892
K,G,2009-07-03,101.5531
K,G,2009-07-06,101.5635
K,G,2009-07-07,101.7085
K,G,2009-07-08,101.8979
K,G,2009-07-09,102.1241
K,G,2009-07-10,101.8892
K,G,2009-07-13,102.2795
K,G,2009-07-14,102.0623
K,G,2009-07-15,101.8365
K,G,2009-07-16,102.0552
K,G,2009-07-17,101.9621
K,G,2009-07-20,102.01
K,G,2009-07-21,102.0232
K,G,2009-07-22,102.1645
K,G,2009-07-23,102.0043
K,G,2009-07-24,101.5565
K,G,2009-07-27,101.6442
K,G,2009-07-28,101.6165
K,G,2009-07-29,101.5629
K,G,2009-07-30,100.7672
K,G,2009-07-31,100.4667
K,G,2009-08-03,101.1896
K,G,2009-08-04,101.4232
K,G,2009-08-05,101.414
K,G,2009-08-06,101.2848
K,G,2009-08-07,101.409
K,G,2009-08-10,100.5401
K,G,2009-08-11,100.6519
K,G,2009-08-12,101.1227
K,G,2009-08-13,100.9815
K,G,2009-08-14,101.1628
K,G,2009-08-17,101.4572
K,G,2009-08-18,101.4481
K,G,2009-08-19,101.5312
K,G,2009-08-20,101.8561
K,G,2009-08-21,102.2109
K,G,2009-08-24,101.9115
K,G,2009-08-25,101.9817
K,G,2009-08-26,102.0585
K,G,2009-08-27,101.6124
K,G,2009-08-28,102.0081
K,G,2009-08-31,102.1502
K,G,2009-09-01,102.2716
K,G,2009-09-02,102.0956
K,G,2009-09-03,102.2653
K,G,2009-09-04,102.0762
K,G,2009-09-07,102.1122
K,G,2009-09-08,102.1648
K,G,2009-09-09,102.4437
K,G,2009-09-10,102.7278
K,G,2009-09-11,102.744
K,G,2009-09-14,102.8811
K,G,2009-09-15,102.7286
K,G,2009-09-16,102.7072
K,G,2009-09-17,102.6943
K,G,2009-09-18,102.9403
K,G,2009-09-21,103.0128
K,G,2009-09-22,103.3313
K,G,2009-09-23,103.4231
K,G,2009-09-24,103.4133
K,G,2009-09-25,103.3904
K,G,2009-09-28,103.3432
K,G,2009-09-29,103.1736
K,G,2009-09-30,103.2099
K,G,2009-10-01,102.6081
K,G,2009-10-02,102.9434
K,G,2009-10-05,103.2221
K,G,2009-10-06,103.332
K,G,2009-10-07,103.1619
K,G,2009-10-08,102.9455
K,G,2009-10-09,102.7517
K,G,2009-10-12,102.7631
K,G,2009-10-13,103.1106
K,G,2009-10-14,103.1838
K,G,2009-10-15,103.4246
K,G,2009-10-16,103.1745
K,G,2009-10-19,103.4179
K,G,2009-10-20,103.4855
K,G,2009-10-21,103.6611
K,G,2009-10-22,103.5282
K,G,2009-10-23,103.7047
K,G,2009-10-26,103.7881
K,G,2009-10-27,103.2762
K,G,2009-10-28,103.381
K,G,2009-10-29,103.3194
K,G,2009-10-30,103.396
K,G,2009-11-02,103.4043
K,G,2009-11-03,103.1575
K,G,2009-11-04,103.1744
K,G,2009-11-05,103.4083
K,G,2009-11-06,103.2383
K,G,2009-11-09,103.3568
K,G,2009-11-10,103.3535
K,G,2009-11-11,103.4097
K,G,2009-11-12,103.2215
K,G,2009-11-13,102.9948
K,G,2009-11-16,103.2235
K,G,2009-11-17,102.9168
K,G,2009-11-18,102.8118
K,G,2009-11-19,102.6729
K,G,2009-11-20,102.868
K,G,2009-11-23,103.1524
K,G,2009-11-24,103.0491
K,G,2009-11-25,103.2561
K,G,2009-11-26,103.5915
K,G,2009-11-27,103.3726
K,G,2009-11-30,103.5653
K,G,2009-12-01,103.611
K,G,2009-12-02,103.5321
K,G,2009-12-03,103.5554
K,G,2009-12-04,103.5088
K,G,2009-12-07,102.737
K,G,2009-12-08,102.8481
K,G,2009-12-09,102.7579
K,G,2009-12-10,102.6048
K,G,2009-12-11,102.5964
K,G,2009-12-14,102.3878
K,G,2009-12-15,102.0672
K,G,2009-12-16,102.0741
K,G,2009-12-17,102.2137
K,G,2009-12-18,102.7497
K,G,2009-12-21,102.7848
K,G,2009-12-22,102.7163
K,G,2009-12-23,102.9049
K,G,2009-12-24,103.4176
K,G,2009-12-25,103.4461
K,G,2009-12-28,103.4731
K,G,2009-12-29,103.7891
K,G,2009-12-30,103.513
K,G,2009-12-31,103.8394
K,G,2010-01-01,103.5746
K,G,2010-01-04,103.3129
K,G,2010-01-05,103.627
K,G,2010-01-06,103.4411
K,G,2010-01-07,103.6186
K,G,2010-01-08,103.559
K,G,2010-01-11,104.1817
K,G,2010-01-12,104.1854
K,G,2010-01-13,104.0225
K,G,2010-01-14,103.8967
K,G,2010-01-15,103.7343
K,G,2010-01-18,103.7179
K,G,2010-01-19,103.6472
K,G,2010-01-20,103.2358
K,G,2010-01-21,103.1559
K,G,2010-01-22,103.4935
K,G,2010-01-25,103.3753
K,G,2010-01-26,103.4008
K,G,2010-01-27,103.2867
K,G,2010-01-28,103.0325
K,G,2010-01-29,103.2588
K,G,2010-02-01,102.84
K,G,2010-02-02,102.8095
K,G,2010-02-03,102.9422
K,G,2010-02-04,102.7422
K,G,2010-02-05,102.5038
K,G,2010-02-08,102.6649
K,G,2010-02-09,102.7863
K,G,2010-02-10,102.8103
K,G,2010-02-11,102.7926
K,G,2010-02-12,102.2202
K,G,2010-02-15,102.3105
K,G,2010-02-16,102.3985
K,G,2010-02-17,102.4128
K,G,2010-02-18,102.1239
K,G,2010-02-19,102.1226
K,G,2010-02-22,102.4261
K,G,2010-02-23,102.3437
K,G,2010-02-24,102.2152
K,G,2010-02-25,102.1434
K,G,2010-02-26,102.4417
K,G,2010-03-01,102.5902
K,G,2010-03-02,102.1663
K,G,2010-03-03,102.6221
K,G,2010-03-04,102.5779
K,G,2010-03-05,102.4144
K,G,2010-03-08,102.5235
K,G,2010-03-09,102.4309
K,G,2010-03-10,102.4521
K,G,2010-03-11,102.7251
K,G,2010-03-12,102.9618
K,G,2010-03-15,103.2837
K,G,2010-03-16,103.4595
K,G,2010-03-17,103.6458
K,G,2010-03-18,103.5543
K,G,2010-03-19,104.1426
K,G,2010-03-22,104.323
K,G,2010-03-23,104.1226
K,G,2010-03-24,104.0855
K,G,2010-03-25,104.0822
K,G,2010-03-26,104.1706
K,G,2010-03-29,104.3143
K,G,2010-03-30,104.1797
K,G,2010-03-31,104.0802
K,G,2010-04-01,104.8457
K,G,2010-04-02,104.4448
K,G,2010-04-05,104.0556
K,G,2010-04-06,103.6535
K,G,2010-04-07,103.475
K,G,2010-04-08,103.2014
K,G,2010-04-09,103.2968
K,G,2010-04-12,103.2435
K,G,2010-04-13,103.5805
K,G,2010-04-14,103.804
K,G,2010-04-15,103.7077
K,G,2010-04-16,103.6271
K,G,2010-04-19,103.4416
K,G,2010-04-20,103.44
K,G,2010-04-21,103.1937
K,G,2010-04-22,103.1404
K,G,2010-04-23,102.7148
K,G,2010-04-26,102.6787
K,G,2010-04-27,102.6425
K,G,2010-04-28,102.5641
K,G,2010-04-29,102.4743
K,G,2010-04-30,102.522
K,G,2010-05-03,102.6201
K,G,2010-05-04,102.3445
K,G,2010-05-05,101.8525
K,G,2010-05-06,101.5009
K,G,2010-05-07,102.8554
K,G,2010-05-10,102.4213
K,G,2010-05-11,102.6107
K,G,2010-05-12,102.5298
K,G,2010-05-13,102.55
K,G,2010-05-14,102.5652
K,G,2010-05-17,102.1216
K,G,2010-05-18,102.3006
K,G,2010-05-19,101.8056
K,G,2010-05-20,100.9712
K,G,2010-05-21,100.6371
K,G,2010-05-24,100.6993
K,G,2010-05-25,100.7696
K,G,2010-05-26,100.7819
K,G,2010-05-27,100.9492
K,G,2010-05-28,100.4983
K,G,2010-05-31,100.5114
K,G,2010-06-01,100.4251
K,G,2010-06-02,101.0196
K,G,2010-06-03,100.7706
K,G,2010-06-04,101.126
K,G,2010-06-07,101.8119
K,G,2010-06-08,102.0732
K,G,2010-06-09,102.7156
K,G,2010-06-10,102.713
K,G,2010-06-11,102.5448
K,G,2010-06-14,102.4241
K,G,2010-06-15,101.696
K,G,2010-06-16,102.4313
K,G,2010-06-17,103.5174
K,G,2010-06-18,103.6266
K,G,2010-06-21,103.86
K,G,2010-06-22,104.3075
K,G,2010-06-23,104.5245
K,G,2010-06-24,104.5944
K,G,2010-06-25,104.9114
K,G,2010-06-28,106.0333
K,G,2010-06-29,106.7044
K,G,2010-06-30,107.2218
K,G,2010-07-01,107.8213
K,G,2010-07-02,107.1996
K,G,2010-07-05,107.4494
K,G,2010-07-06,107.4383
K,G,2010-07-07,107.431
K,G,2010-07-08,107.6904
K,G,2010-07-09,107.5297
K,G,2010-07-12,107.0031
K,G,2010-07-13,107.3981
K,G,2010-07-14,106.7837
K,G,2010-07-15,107.4475
K,G,2010-07-16,107.3549
K,G,2010-07-19,106.9411
K,G,2010-07-20,106.3451
K,G,2010-07-21,106.8001
K,G,2010-07-22,107.961
K,G,2010-07-23,107.3551
K,G,2010-07-26,106.2048
K,G,2010-07-27,105.5514
K,G,2010-07-28,104.9185
K,G,2010-07-29,105.4347
K,G,2010-07-30,106.9256
K,G,2010-08-02,105.7179
K,G,2010-08-03,105.819
K,G,2010-08-04,105.4721
K,G,2010-08-05,104.8287
K,G,2010-08-06,105.0148
K,G,2010-08-09,105.1564
K,G,2010-08-10,104.4187
K,G,2010-08-11,104.8834
K,G,2010-08-12,105.5046
K,G,2010-08-13,106.1896
K,G,2010-08-16,107.6864
K,G,2010-08-17,107.2066
K,G,2010-08-18,106.9759
K,G,2010-08-19,107.4142
K,G,2010-08-20,108.2043
K,G,2010-08-23,108.5327
K,G,2010-08-24,108.3064
K,G,2010-08-25,109.3409
K,G,2010-08-26,108.9877
K,G,2010-08-27,109.5065
K,G,2010-08-30,108.9114
K,G,2010-08-31,110.1628
K,G,2010-09-01,110.3154
K,G,2010-09-02,110.245
K,G,2010-09-03,109.8003
K,G,2010-09-06,109.307
K,G,2010-09-07,110.4723
K,G,2010-09-08,111.2068
K,G,2010-09-09,110.1243
K,G,2010-09-10,109.4339
K,G,2010-09-13,109.5601
K,G,2010-09-14,110.7239
K,G,2010-09-15,110.202
K,G,2010-09-16,109.9717
K,G,2010-09-17,107.7124
K,G,2010-09-20,109.1946
K,G,2010-09-21,109.3813
K,G,2010-09-22,109.4443
K,G,2010-09-23,109.6249
K,G,2010-09-24,110.2433
K,G,2010-09-27,109.2918
K,G,2010-09-28,109.693
K,G,2010-09-29,109.6352
K,G,2010-09-30,109.3915
K,G,2010-10-01,108.7878
K,G,2010-10-04,109.2388
K,G,2010-10-05,109.7832
K,G,2010-10-06,109.3443
K,G,2010-10-07,109.6399
K,G,2010-10-08,109.0845
K,G,2010-10-11,109.371
K,G,2010-10-12,109.2333
K,G,2010-10-13,109.8333
K,G,2010-10-14,110.0012
K,G,2010-10-15,109.1812
K,G,2010-10-18,109.6784
K,G,2010-10-19,109.65
K,G,2010-10-20,109.6016
K,G,2010-10-21,108.8683
K,G,2010-10-22,108.1439
K,G,2010-10-25,108.0444
K,G,2010-10-26,108.1148
K,G,2010-10-27,107.2193
K,G,2010-10-28,107.4385
K,G,2010-10-29,106.9379
K,G,2010-11-01,106.3705
K,G,2010-11-02,106.5497
K,G,2010-11-03,106.8531
K,G,2010-11-04,107.3747
K,G,2010-11-05,108.4985
K,G,2010-11-08,108.5864
K,G,2010-11-09,109.2899
K,G,2010-11-10,108.7834
K,G,2010-11-11,109.1077
K,G,2010-11-12,109.1234
K,G,2010-11-15,108.6478
K,G,2010-11-16,108.3776
K,G,2010-11-17,107.7569
K,G,2010-11-18,107.9466
K,G,2010-11-19,107.2679
K,G,2010-11-22,107.1904
K,G,2010-11-23,107.9731
K,G,2010-11-24,108.5378
K,G,2010-11-25,108.2148
K,G,2010-11-26,108.5035
K,G,2010-11-29,108.4227
K,G,2010-11-30,109.93
K,G,2010-12-01,108.8697
K,G,2010-12-02,108.7129
K,G,2010-12-03,109.401
K,G,2010-12-06,110.1493
K,G,2010-12-07,109.918
K,G,2010-12-08,109.7678
K,G,2010-12-09,109.7323
K,G,2010-12-10,110.1881
K,G,2010-12-13,110.424
K,G,2010-12-14,111.0612
K,G,2010-12-15,112.2017
K,G,2010-12-16,111.7833
K,G,2010-12-17,112.3753
K,G,2010-12-20,112.3062
K,G,2010-12-21,112.837
K,G,2010-12-22,113.9727
K,G,2010-12-23,114.0442
K,G,2010-12-24,112.8767
K,G,2010-12-27,112.6563
K,G,2010-12-28,113.6046
K,G,2010-12-29,113.8324
K,G,2010-12-30,114.7223
K,G,2010-12-31,114.388
K,G,2011-01-03,114.603
K,G,2011-01-04,113.5691
K,G,2011-01-05,112.9346
K,G,2011-01-06,111.9919
K,G,2011-01-07,112.9486
K,G,2011-01-10,113.1791
K,G,2011-01-11,112.2
K,G,2011-01-12,111.4705
K,G,2011-01-13,110.6704
K,G,2011-01-14,110.8357
K,G,2011-01-17,111.0596
K,G,2011-01-18,111.1916
K,G,2011-01-19,111.0367
K,G,2011-01-20,111.3104
K,G,2011-01-21,110.2975
K,G,2011-01-24,110.5456
K,G,2011-01-25,111.3464
K,G,2011-01-26,111.6865
K,G,2011-01-27,111.7561
K,G,2011-01-28,111.7054
K,G,2011-01-31,112.4766
K,G,2011-02-01,111.9291
K,G,2011-02-02,112.1209
K,G,2011-02-03,111.3916
K,G,2011-02-04,111.5754
K,G,2011-02-07,110.6357
K,G,2011-02-08,110.7834
K,G,2011-02-09,109.7617
K,G,2011-02-10,110.077
K,G,2011-02-11,109.5688
K,G,2011-02-14,109.7147
K,G,2011-02-15,109.7684
K,G,2011-02-16,110.4126
K,G,2011-02-17,111.0245
K,G,2011-02-18,111.4095
K,G,2011-02-21,111.4286
K,G,2011-02-22,112.3622
K,G,2011-02-23,112.5514
K,G,2011-02-24,113.783
K,G,2011-02-25,113.2806
K,G,2011-02-28,113.2968
K,G,2011-03-01,112.6127
K,G,2011-03-02,113.2216
K,G,2011-03-03,112.969
K,G,2011-03-04,112.1132
K,G,2011-03-07,112.3209
K,G,2011-03-08,111.7588
K,G,2011-03-09,112.0528
K,G,2011-03-10,112.1769
K,G,2011-03-11,112.362
K,G,2011-03-14,112.2155
K,G,2011-03-15,113.4853
K,G,2011-03-16,113.469
K,G,2011-03-17,115.0038
K,G,2011-03-18,114.9798
K,G,2011-03-21,113.8199
K,G,2011-03-22,113.6048
K,G,2011-03-23,114.311
K,G,2011-03-24,113.1826
K,G,2011-03-25,112.5992
K,G,2011-03-28,112.4587
K,G,2011-03-29,112.3783
K,G,2011-03-30,111.8267
K,G,2011-03-31,112.0917
K,G,2011-04-01,111.4065
K,G,2011-04-04,110.9315
K,G,2011-04-05,111.1376
K,G,2011-04-06,111.0601
K,G,2011-04-07,111.0043
K,G,2011-04-08,110.7717
K,G,2011-04-11,111.3691
K,G,2011-04-12,112.2955
K,G,2011-04-13,112.68
K,G,2011-04-14,112.9884
K,G,2011-04-15,113.1515
K,G,2011-04-18,113.3956
K,G,2011-04-19,113.558
K,G,2011-04-20,112.9408
K,G,2011-04-21,113.4159
K,G,2011-04-22,113.6138
K,G,2011-04-25,113.8783
K,G,2011-04-26,114.1401
K,G,2011-04-27,114.2107
K,G,2011-04-28,113.6506
K,G,2011-04-29,114.1009
K,G,2011-05-02,114.1733
K,G,2011-05-03,114.9622
K,G,2011-05-04,115.1438
K,G,2011-05-05,115.5422
K,G,2011-05-06,115.1424
K,G,2011-05-09,115.1772
K,G,2011-05-10,115.1528
K,G,2011-05-11,114.5863
K,G,2011-05-12,114.7959
K,G,2011-05-13,114.865
K,G,2011-05-16,115.0298
K,G,2011-05-17,115.0875
K,G,2011-05-18,115.4411
K,G,2011-05-19,115.2903
K,G,2011-05-20,115.2046
K,G,2011-05-23,116.2558
K,G,2011-05-24,116.1092
K,G,2011-05-25,116.7756
K,G,2011-05-26,117.1281
K,G,2011-05-27,118.3363
K,G,2011-05-30,118.8879
K,G,2011-05-31,118.3921
K,G,2011-06-01,118.6985
K,G,2011-06-02,118.948
K,G,2011-06-03,119.2802
K,G,2011-06-06,119.5628
K,G,2011-06-07,119.6289
K,G,2011-06-08,119.2366
K,G,2011-06-09,119.2329
K,G,2011-06-10,119.3767
K,G,2011-06-13,119.9301
K,G,2011-06-14,119.6096
K,G,2011-06-15,118.5204
K,G,2011-06-16,119.5433
K,G,2011-06-17,119.84
K,G,2011-06-20,119.8165
K,G,2011-06-21,119.4191
K,G,2011-06-22,119.4237
K,G,2011-06-23,120.3959
K,G,2011-06-24,120.914
K,G,2011-06-27,121.4893
K,G,2011-06-28,121.3688
K,G,2011-06-29,121.008
K,G,2011-06-30,120.0031
K,G,2011-07-01,118.1701
K,G,2011-07-04,117.5666
K,G,2011-07-05,118.465
K,G,2011-07-06,119.3616
K,G,2011-07-07,119.9143
K,G,2011-07-08,118.7324
K,G,2011-07-11,120.8202
K,G,2011-07-12,122.5263
K,G,2011-07-13,122.3918
K,G,2011-07-14,123.4879
K,G,2011-07-15,123.6575
K,G,2011-07-18,124.4824
K,G,2011-07-19,122.9611
K,G,2011-07-20,122.4729
K,G,2011-07-21,122.3049
K,G,2011-07-22,121.0933
K,G,2011-07-25,124.0354
K,G,2011-07-26,123.6787
K,G,2011-07-27,123.9134
K,G,2011-07-28,124.2206
K,G,2011-07-29,124.8138
K,G,2011-08-01,125.9041
K,G,2011-08-02,128.9737
K,G,2011-08-03,128.8999
K,G,2011-08-04,128.94
K,G,2011-08-05,131.4235
K,G,2011-08-08,131.6331
K,G,2011-08-09,134.1081
K,G,2011-08-10,138.5496
K,G,2011-08-11,136.2709
K,G,2011-08-12,130.4078
K,G,2011-08-15,126.2279
K,G,2011-08-16,127.7376
K,G,2011-08-17,127.225
K,G,2011-08-18,125.4201
K,G,2011-08-19,126.6254
K,G,2011-08-22,126.8387
K,G,2011-08-23,126.4312
K,G,2011-08-24,125.9811
K,G,2011-08-25,125.9474
K,G,2011-08-26,125.8849
K,G,2011-08-29,122.2517
K,G,2011-08-30,122.2342
K,G,2011-08-31,122.7481
K,G,2011-09-01,125.3703
K,G,2011-09-02,128.3055
K,G,2011-09-05,128.2685
K,G,2011-09-06,118.6162
K,G,2011-09-07,117.9762
K,G,2011-09-08,117.1318
K,G,2011-09-09,116.3979
K,G,2011-09-12,116.5184
K,G,2011-09-13,116.9989
K,G,2011-09-14,117.2654
K,G,2011-09-15,117.4391
K,G,2011-09-16,117.3358
K,G,2011-09-19,117.0716
K,G,2011-09-20,117.1926
K,G,2011-09-21,115.8726
K,G,2011-09-22,115.0854
K,G,2011-09-23,115.9469
K,G,2011-09-26,115.5431
K,G,2011-09-27,115.6617
K,G,2011-09-28,115.8165
K,G,2011-09-29,116.0788
K,G,2011-09-30,115.8223
K,G,2011-10-03,115.6354
K,G,2011-10-04,115.102
K,G,2011-10-05,114.4082
K,G,2011-10-06,113.6016
K,G,2011-10-07,113.5986
K,G,2011-10-10,113.8237
K,G,2011-10-11,114.5016
K,G,2011-10-12,114.4402
K,G,2011-10-13,114.6703
K,G,2011-10-14,114.5467
K,G,2011-10-17,114.5987
K,G,2011-10-18,114.4744
K,G,2011-10-19,113.872
K,G,2011-10-20,114.2012
K,G,2011-10-21,115.7802
K,G,2011-10-24,115.651
K,G,2011-10-25,115.9373
K,G,2011-10-26,116.341
K,G,2011-10-27,116.0063
K,G,2011-10-28,116.4761
K,G,2011-10-31,116.2744
K,G,2011-11-01,115.6819
K,G,2011-11-02,115.9664
K,G,2011-11-03,116.3268
K,G,2011-11-04,115.5698
K,G,2011-11-07,113.9572
K,G,2011-11-08,113.5986
K,G,2011-11-09,114.0389
K,G,2011-11-10,113.9869
K,G,2011-11-11,113.9001
K,G,2011-11-14,113.8193
K,G,2011-11-15,113.2556
K,G,2011-11-16,113.3102
K,G,2011-11-17,113.0663
K,G,2011-11-18,113.6863
K,G,2011-11-21,113.517
K,G,2011-11-22,114.1886
K,G,2011-11-23,114.1545
K,G,2011-11-24,114.1949
K,G,2011-11-25,114.0353
K,G,2011-11-28,114.0971
K,G,2011-11-29,113.9806
K,G,2011-11-30,114.2315
K,G,2011-12-01,114.2967
K,G,2011-12-02,113.4264
K,G,2011-12-05,113.0766
K,G,2011-12-06,112.7562
K,G,2011-12-07,112.6984
K,G,2011-12-08,112.8383
K,G,2011-12-09,113.3621
K,G,2011-12-12,113.0754
K,G,2011-12-13,112.7158
K,G,2011-12-14,112.4592
K,G,2011-12-15,112.9682
K,G,2011-12-16,113.076
K,G,2011-12-19,113.5191
K,G,2011-12-20,113.7549
K,G,2011-12-21,113.4254
K,G,2011-12-22,113.153
K,G,2011-12-23,112.9613
K,G,2011-12-26,112.9545
K,G,2011-12-27,113.095
K,G,2011-12-28,113.1925
K,G,2011-12-29,112.9911
K,G,2011-12-30,113.2401
K,G,2012-01-02,113.0266
K,G,2012-01-03,113.1433
K,G,2012-01-04,112.9718
K,G,2012-01-05,112.3305
K,G,2012-01-06,112.1127
K,G,2012-01-09,112.2554
K,G,2012-01-10,112.4447
K,G,2012-01-11,112.2243
K,G,2012-01-12,112.3449
K,G,2012-01-13,112.5743
K,G,2012-01-16,112.1614
K,G,2012-01-17,112.3592
K,G,2012-01-18,112.4619
K,G,2012-01-19,112.7831
K,G,2012-01-20,112.8782
K,G,2012-01-23,112.8731
K,G,2012-01-24,113.2518
K,G,2012-01-25,113.0042
K,G,2012-01-26,113.4734
K,G,2012-01-27,113.2965
K,G,2012-01-30,113.6029
K,G,2012-01-31,113.5358
K,G,2012-02-01,113.4979
K,G,2012-02-02,113.3344
K,G,2012-02-03,113.265
K,G,2012-02-06,112.8558
K,G,2012-02-07,113.11
K,G,2012-02-08,113.0968
K,G,2012-02-09,113.351
K,G,2012-02-10,113.4738
K,G,2012-02-13,113.4762
K,G,2012-02-14,113.3444
K,G,2012-02-15,113.3245
K,G,2012-02-16,113.0423
K,G,2012-02-17,113.2875
K,G,2012-02-20,113.4584
K,G,2012-02-21,113.6503
K,G,2012-02-22,113.757
K,G,2012-02-23,114.2491
K,G,2012-02-24,114.5197
K,G,2012-02-27,114.735
K,G,2012-02-28,114.6215
K,G,2012-02-29,114.5061
K,G,2012-03-01,114.15
K,G,2012-03-02,113.76
K,G,2012-03-05,113.6726
K,G,2012-03-06,113.6898
K,G,2012-03-07,113.6672
K,G,2012-03-08,113.8044
K,G,2012-03-09,113.7027
K,G,2012-03-12,113.4848
K,G,2012-03-13,113.4708
K,G,2012-03-14,112.7336
K,G,2012-03-15,112.8568
K,G,2012-03-16,113.0819
K,G,2012-03-19,113.3977
K,G,2012-03-20,113.5968
K,G,2012-03-21,113.8746
K,G,2012-03-22,113.5956
K,G,2012-03-23,113.895
K,G,2012-03-26,113.7964
K,G,2012-03-27,113.9123
K,G,2012-03-28,113.9984
K,G,2012-03-29,113.9801
K,G,2012-03-30,114.0656
K,G,2012-04-02,114.0259
K,G,2012-04-03,113.9354
K,G,2012-04-04,113.3811
K,G,2012-04-05,113.2327
K,G,2012-04-06,113.2258
K,G,2012-04-09,113.2684
K,G,2012-04-10,113.2555
K,G,2012-04-11,113.443
K,G,2012-04-12,113.3567
K,G,2012-04-13,113.3688
K,G,2012-04-16,112.9081
K,G,2012-04-17,113.3742
K,G,2012-04-18,113.1068
K,G,2012-04-19,113.3163
K,G,2012-04-20,113.5038
K,G,2012-04-23,113.4584
K,G,2012-04-24,113.5509
K,G,2012-04-25,113.689
K,G,2012-04-26,113.6551
K,G,2012-04-27,113.5715
K,G,2012-04-30,113.5502
K,G,2012-05-01,113.7069
K,G,2012-05-02,113.2887
K,G,2012-05-03,113.3112
K,G,2012-05-04,113.3436
K,G,2012-05-07,112.8859
K,G,2012-05-08,112.8604
K,G,2012-05-09,112.8476
K,G,2012-05-10,112.7771
K,G,2012-05-11,112.7575
K,G,2012-05-14,112.6387
K,G,2012-05-15,112.5135
K,G,2012-05-16,112.2982
K,G,2012-05-17,112.2933
K,G,2012-05-18,112.3121
K,G,2012-05-21,112.5917
K,G,2012-05-22,112.6054
K,G,2012-05-23,112.3507
K,G,2012-05-24,112.0087
K,G,2012-05-25,111.9209
K,G,2012-05-28,111.7638
K,G,2012-05-29,111.7326
K,G,2012-05-30,111.5577
K,G,2012-05-31,111.509
K,G,2012-06-01,111.4663
K,G,2012-06-04,111.7062
K,G,2012-06-05,111.6882
K,G,2012-06-06,111.8754
K,G,2012-06-07,111.9205
K,G,2012-06-08,111.7132
K,G,2012-06-11,111.9703
K,G,2012-06-12,111.8677
K,G,2012-06-13,111.8531
K,G,2012-06-14,112.0566
K,G,2012-06-15,112.2193
K,G,2012-06-18,112.0716
K,G,2012-06-19,112.0437
K,G,2012-06-20,112.2984
K,G,2012-06-21,112.2406
K,G,2012-06-22,112.0949
K,G,2012-06-25,111.8766
K,G,2012-06-26,111.7949
K,G,2012-06-27,111.7699
K,G,2012-06-28,111.5015
K,G,2012-06-29,111.9639
K,G,2012-07-02,111.9336
K,G,2012-07-03,111.5892
K,G,2012-07-04,111.4758
K,G,2012-07-05,111.2111
K,G,2012-07-06,110.77
K,G,2012-07-09,110.541
K,G,2012-07-10,110.4543
K,G,2012-07-11,110.2842
K,G,2012-07-12,110.1002
K,G,2012-07-13,110.0072
K,G,2012-07-16,109.8813
K,G,2012-07-17,110.069
K,G,2012-07-18,109.9995
K,G,2012-07-19,109.8759
K,G,2012-07-20,109.6643
K,G,2012-07-23,109.3368
K,G,2012-07-24,109.3725
K,G,2012-07-25,109.5209
K,G,2012-07-26,109.5165
K,G,2012-07-27,109.7548
K,G,2012-07-30,109.645
K,G,2012-07-31,109.6055
K,G,2012-08-01,109.7722
K,G,2012-08-02,109.5731
K,G,2012-08-03,109.5619
K,G,2012-08-06,109.9625
K,G,2012-08-07,110.0019
K,G,2012-08-08,109.921
K,G,2012-08-09,109.6333
K,G,2012-08-10,109.4915
K,G,2012-08-13,109.5143
K,G,2012-08-14,109.8171
K,G,2012-08-15,109.7185
K,G,2012-08-16,109.5402
K,G,2012-08-17,109.8425
K,G,2012-08-20,109.794
K,G,2012-08-21,109.9892
K,G,2012-08-22,110.2024
K,G,2012-08-23,110.3928
K,G,2012-08-24,110.4722
K,G,2012-08-27,110.3966
K,G,2012-08-28,110.5047
K,G,2012-08-29,110.6354
K,G,2012-08-30,110.6301
K,G,2012-08-31,110.6057
K,G,2012-09-03,110.6283
K,G,2012-09-04,110.7126
K,G,2012-09-05,110.4782
K,G,2012-09-06,110.44
K,G,2012-09-07,110.0191
K,G,2012-09-10,110.3867
K,G,2012-09-11,110.7228
K,G,2012-09-12,110.7225
K,G,2012-09-13,110.7495
K,G,2012-09-14,110.6034
K,G,2012-09-17,110.7733
K,G,2012-09-18,111.1236
K,G,2012-09-19,111.1108
K,G,2012-09-20,110.9684
K,G,2012-09-21,110.7748
K,G,2012-09-24,110.5299
K,G,2012-09-25,110.4562
K,G,2012-09-26,110.3335
K,G,2012-09-27,110.3312
K,G,2012-09-28,110.2973
K,G,2012-10-01,110.2779
K,G,2012-10-02,110.2828
K,G,2012-10-03,110.2818
K,G,2012-10-04,110.1663
K,G,2012-10-05,110.416
K,G,2012-10-08,110.4894
K,G,2012-10-09,110.2382
K,G,2012-10-10,110.1028
K,G,2012-10-11,110.3724
K,G,2012-10-12,110.4896
K,G,2012-10-15,110.4986
K,G,2012-10-16,110.6529
K,G,2012-10-17,110.9138
K,G,2012-10-18,110.9214
K,G,2012-10-19,110.9372
K,G,2012-10-22,110.7745
K,G,2012-10-23,110.7803
K,G,2012-10-24,110.5251
K,G,2012-10-25,110.5647
K,G,2012-10-26,110.3785
K,G,2012-10-29,110.3214
K,G,2012-10-30,110.4755
K,G,2012-10-31,110.7349
K,G,2012-11-01,110.4579
K,G,2012-11-02,110.2479
K,G,2012-11-05,110.1464
K,G,2012-11-06,109.9672
K,G,2012-11-07,109.9968
K,G,2012-11-08,109.8693
K,G,2012-11-09,109.7776
K,G,2012-11-12,109.8325
K,G,2012-11-13,109.8391
K,G,2012-11-14,110.134
K,G,2012-11-15,110.2888
K,G,2012-11-16,110.1921
K,G,2012-11-19,110.2244
K,G,2012-11-20,110.2798
K,G,2012-11-21,110.309
K,G,2012-11-22,110.5525
K,G,2012-11-23,110.7866
K,G,2012-11-26,111.0033
K,G,2012-11-27,110.884
K,G,2012-11-28,110.8328
K,G,2012-11-29,110.9205
K,G,2012-11-30,110.9656
K,G,2012-12-03,110.9366
K,G,2012-12-04,110.3746
K,G,2012-12-05,110.3312
K,G,2012-12-06,110.4065
K,G,2012-12-07,110.1063
K,G,2012-12-10,110.2245
K,G,2012-12-11,109.9758
K,G,2012-12-12,110.1033
K,G,2012-12-13,110.5504
K,G,2012-12-14,110.8254
K,G,2012-12-17,111.1408
K,G,2012-12-18,111.2528
K,G,2012-12-19,111.446
K,G,2012-12-20,111.424
K,G,2012-12-21,111.3066
K,G,2012-12-24,111.4658
K,G,2012-12-25,111.3968
K,G,2012-12-26,111.4716
K,G,2012-12-27,111.5843
K,G,2012-12-28,111.3341
K,G,2012-12-31,111.3612
K,G,2013-01-01,111.2808
K,G,2013-01-02,111.283
K,G,2013-01-03,110.8023
K,G,2013-01-04,110.4877
K,G,2013-01-07,110.6566
K,G,2013-01-08,110.8232
K,G,2013-01-09,110.6661
K,G,2013-01-10,110.8151
K,G,2013-01-11,110.8185
K,G,2013-01-14,110.4921
K,G,2013-01-15,109.5202
K,G,2013-01-16,109.1852
K,G,2013-01-17,108.701
K,G,2013-01-18,108.3414
K,G,2013-01-21,108.8337
K,G,2013-01-22,109.1127
K,G,2013-01-23,109.0882
K,G,2013-01-24,109.0502
K,G,2013-01-25,109.1676
K,G,2013-01-28,109.2075
K,G,2013-01-29,109.4242
K,G,2013-01-30,109.6406
K,G,2013-01-31,110.4742
K,G,2013-02-01,110.7585
K,G,2013-02-04,110.4938
K,G,2013-02-05,110.9375
K,G,2013-02-06,110.5189
K,G,2013-02-07,110.9146
K,G,2013-02-08,110.3791
K,G,2013-02-11,110.5609
K,G,2013-02-12,110.5266
K,G,2013-02-13,110.107
K,G,2013-02-14,110.0875
K,G,2013-02-15,110.2424
K,G,2013-02-18,110.1089
K,G,2013-02-19,110.0447
K,G,2013-02-20,110.311
K,G,2013-02-21,109.926
K,G,2013-02-22,109.9439
K,G,2013-02-25,110.2779
K,G,2013-02-26,110.5051
K,G,2013-02-27,110.4368
K,G,2013-02-28,110.37
K,G,2013-03-01,109.8926
K,G,2013-03-04,109.6079
K,G,2013-03-05,109.4853
K,G,2013-03-06,109.088
K,G,2013-03-07,109.0785
K,G,2013-03-08,108.9592
K,G,2013-03-11,108.7268
K,G,2013-03-12,109.0184
K,G,2013-03-13,108.9747
K,G,2013-03-14,108.5634
K,G,2013-03-15,109.1594
K,G,2013-03-18,109.5542
K,G,2013-03-19,109.2236
K,G,2013-03-20,109.3431
K,G,2013-03-21,109.3541
K,G,2013-03-22,109.3598
K,G,2013-03-25,109.5131
K,G,2013-03-26,109.07470000000001
K,G,2013-03-27,109.0524
K,G,2013-03-28,108.866
K,G,2013-03-29,109.0996
K,G,2013-04-01,109.1322
K,G,2013-04-02,109.3124
K,G,2013-04-03,109.115
K,G,2013-04-04,109.3244
K,G,2013-04-05,109.8116
K,G,2013-04-08,110.1083
K,G,2013-04-09,109.8313
K,G,2013-04-10,109.9962
K,G,2013-04-11,109.9862
K,G,2013-04-12,109.9895
K,G,2013-04-15,110.2433
K,G,2013-04-16,110.2442
K,G,2013-04-17,110.6393
K,G,2013-04-18,110.1713
K,G,2013-04-19,110.0762
K,G,2013-04-22,109.9652
K,G,2013-04-23,109.5455
K,G,2013-04-24,108.8276
K,G,2013-04-25,108.4736
K,G,2013-04-26,108.7211
K,G,2013-04-29,108.8124
K,G,2013-04-30,109.1089
K,G,2013-05-01,109.5248
K,G,2013-05-02,109.6724
K,G,2013-05-03,109.3847
K,G,2013-05-06,108.8644
K,G,2013-05-07,108.6563
K,G,2013-05-08,108.7339
K,G,2013-05-09,108.858
K,G,2013-05-10,107.2176
K,G,2013-05-13,107.3387
K,G,2013-05-14,107.6442
K,G,2013-05-15,106.5496
K,G,2013-05-16,106.9422
K,G,2013-05-17,107.0465
K,G,2013-05-20,106.9308
K,G,2013-05-21,107.0124
K,G,2013-05-22,106.5109
K,G,2013-05-23,107.2789
K,G,2013-05-24,107.1293
K,G,2013-05-27,107.4431
K,G,2013-05-28,106.882
K,G,2013-05-29,107.054
K,G,2013-05-30,107.8688
K,G,2013-05-31,108.2718
K,G,2013-06-03,108.0734
K,G,2013-06-04,108.4987
K,G,2013-06-05,108.6508
K,G,2013-06-06,109.3288
K,G,2013-06-07,109.9006
K,G,2013-06-10,109.386
K,G,2013-06-11,109.9501
K,G,2013-06-12,110.2164
K,G,2013-06-13,110.6142
K,G,2013-06-14,110.0648
K,G,2013-06-17,110.0882
K,G,2013-06-18,110.5306
K,G,2013-06-19,110.5426
K,G,2013-06-20,110.2724
K,G,2013-06-21,110.8459
K,G,2013-06-24,110.7234
K,G,2013-06-25,110.4863
K,G,2013-06-26,110.2012
K,G,2013-06-27,109.8105
K,G,2013-06-28,109.4393
K,G,2013-07-01,109.5804
K,G,2013-07-02,109.3197
K,G,2013-07-03,109.6244
K,G,2013-07-04,109.4278
K,G,2013-07-05,108.9678
K,G,2013-07-08,108.7433
K,G,2013-07-09,108.1701
K,G,2013-07-10,108.0947
K,G,2013-07-11,108.9525
K,G,2013-07-12,109.0484
K,G,2013-07-15,109.0346
K,G,2013-07-16,109.1025
K,G,2013-07-17,109.6325
K,G,2013-07-18,109.3758
K,G,2013-07-19,109.3989
K,G,2013-07-22,109.5145
K,G,2013-07-23,109.5539
K,G,2013-07-24,109.4406
K,G,2013-07-25,109.53
K,G,2013-07-26,110.2034
K,G,2013-07-29,110.1832
K,G,2013-07-30,110.2556
K,G,2013-07-31,110.7629
K,G,2013-08-01,110.4615
K,G,2013-08-02,110.0448
K,G,2013-08-05,110.4228
K,G,2013-08-06,110.6167
K,G,2013-08-07,110.6272
K,G,2013-08-08,110.864
K,G,2013-08-09,110.717
K,G,2013-08-12,110.4259
K,G,2013-08-13,110.2441
K,G,2013-08-14,109.5289
K,G,2013-08-15,109.6274
K,G,2013-08-16,110.2623
K,G,2013-08-19,110.4317
K,G,2013-08-20,111.1472
K,G,2013-08-21,111.2949
K,G,2013-08-22,111.0346
K,G,2013-08-23,110.9627
K,G,2013-08-26,110.928
K,G,2013-08-27,111.4672
K,G,2013-08-28,111.8236
K,G,2013-08-29,111.2218
K,G,2013-08-30,110.9091
K,G,2013-09-02,110.6214
K,G,2013-09-03,110.6373
K,G,2013-09-04,110.4037
K,G,2013-09-05,109.9023
K,G,2013-09-06,109.6082
K,G,2013-09-09,109.9114
K,G,2013-09-10,109.8826
K,G,2013-09-11,109.5694
K,G,2013-09-12,109.825
K,G,2013-09-13,109.8107
K,G,2013-09-16,109.8126
K,G,2013-09-17,109.8813
K,G,2013-09-18,109.834
K,G,2013-09-19,110.5166
K,G,2013-09-20,110.743
K,G,2013-09-23,110.6835
K,G,2013-09-24,110.8394
K,G,2013-09-25,110.9226
K,G,2013-09-26,110.9165
K,G,2013-09-27,111.2993
K,G,2013-09-30,111.5596
K,G,2013-10-01,111.448
K,G,2013-10-02,111.3697
K,G,2013-10-03,111.3232
K,G,2013-10-04,111.4002
K,G,2013-10-07,111.439
K,G,2013-10-08,111.1165
K,G,2013-10-09,110.8779
K,G,2013-10-10,110.7562
K,G,2013-10-11,110.7111
K,G,2013-10-14,110.3975
K,G,2013-10-15,110.3644
K,G,2013-10-16,110.3255
K,G,2013-10-17,110.8041
K,G,2013-10-18,110.7428
K,G,2013-10-21,110.6913
K,G,2013-10-22,110.8404
K,G,2013-10-23,111.4296
K,G,2013-10-24,111.6915
K,G,2013-10-25,111.5455
K,G,2013-10-28,111.32
K,G,2013-10-29,111.0886
K,G,2013-10-30,111.1579
K,G,2013-10-31,111.061
K,G,2013-11-01,110.6777
K,G,2013-11-04,110.6015
K,G,2013-11-05,110.5788
K,G,2013-11-06,110.5485
K,G,2013-11-07,110.4198
K,G,2013-11-08,110.366
K,G,2013-11-11,110.1984
K,G,2013-11-12,110.4142
K,G,2013-11-13,110.5514
K,G,2013-11-14,110.4713
K,G,2013-11-15,110.2054
K,G,2013-11-18,110.4218
K,G,2013-11-19,110.3697
K,G,2013-11-20,110.4661
K,G,2013-11-21,110.3077
K,G,2013-11-22,110.7328
K,G,2013-11-25,110.684
K,G,2013-11-26,110.7915
K,G,2013-11-27,111.01220000000001
K,G,2013-11-28,111.0071
K,G,2013-11-29,110.9743
K,G,2013-12-02,110.7346
K,G,2013-12-03,111.021
K,G,2013-12-04,111.2197
K,G,2013-12-05,111.4505
K,G,2013-12-06,111.8635
K,G,2013-12-09,111.9619
K,G,2013-12-10,112.1315
K,G,2013-12-11,112.3588
K,G,2013-12-12,112.3643
K,G,2013-12-13,112.517
K,G,2013-12-16,112.5249
K,G,2013-12-17,112.5694
K,G,2013-12-18,112.4548
K,G,2013-12-19,111.9596
K,G,2013-12-20,111.8231
K,G,2013-12-23,111.8874
K,G,2013-12-24,111.9993
K,G,2013-12-25,112.075
K,G,2013-12-26,111.8306
K,G,2013-12-27,112.4272
K,G,2013-12-30,112.2276
K,G,2013-12-31,112.1118
K,G,2014-01-01,112.0069
K,G,2014-01-02,111.6104
K,G,2014-01-03,111.398
K,G,2014-01-06,111.227
K,G,2014-01-07,110.7879
K,G,2014-01-08,110.4982
K,G,2014-01-09,110.6513
K,G,2014-01-10,110.8367
K,G,2014-01-13,110.9544
K,G,2014-01-14,111.1486
K,G,2014-01-15,110.6773
K,G,2014-01-16,110.8305
K,G,2014-01-17,110.7918
K,G,2014-01-20,110.6512
K,G,2014-01-21,110.4632
K,G,2014-01-22,110.4856
K,G,2014-01-23,111.2534
K,G,2014-01-24,111.8614
K,G,2014-01-27,112.3139
K,G,2014-01-28,111.6854
K,G,2014-01-29,111.8325
K,G,2014-01-30,112.0974
K,G,2014-01-31,111.7335
K,G,2014-02-03,111.7701
K,G,2014-02-04,111.742
K,G,2014-02-05,111.604
K,G,2014-02-06,111.6661
K,G,2014-02-07,111.7525
K,G,2014-02-10,112.0131
K,G,2014-02-11,112.0076
K,G,2014-02-12,111.7005
K,G,2014-02-13,112.1134
K,G,2014-02-14,112.0048
K,G,2014-02-17,112.0304
K,G,2014-02-18,112.2448
K,G,2014-02-19,112.4227
K,G,2014-02-20,112.4925
K,G,2014-02-21,112.4885
K,G,2014-02-24,112.6156
K,G,2014-02-25,112.6089
K,G,2014-02-26,112.5061
K,G,2014-02-27,112.6646
K,G,2014-02-28,112.894
K,G,2014-03-03,113.3401
K,G,2014-03-04,112.9517
K,G,2014-03-05,112.5936
K,G,2014-03-06,112.4834
K,G,2014-03-07,113.0085
K,G,2014-03-10,113.2423
K,G,2014-03-11,113.1692
K,G,2014-03-12,113.5017
K,G,2014-03-13,113.7376
K,G,2014-03-14,113.6697
K,G,2014-03-17,113.531
K,G,2014-03-18,113.5128
K,G,2014-03-19,113.2281
K,G,2014-03-20,112.771
K,G,2014-03-21,112.918
K,G,2014-03-24,112.7309
K,G,2014-03-25,112.6829
K,G,2014-03-26,112.2159
K,G,2014-03-27,112.2258
K,G,2014-03-28,112.0695
K,G,2014-03-31,112.0853
K,G,2014-04-01,112.316
K,G,2014-04-02,112.156
K,G,2014-04-03,111.9397
K,G,2014-04-04,111.5605
K,G,2014-04-07,111.692
K,G,2014-04-08,111.9251
K,G,2014-04-09,112.0296
K,G,2014-04-10,112.428
K,G,2014-04-11,112.6817
K,G,2014-04-14,112.6085
K,G,2014-04-15,112.4716
K,G,2014-04-16,112.5863
K,G,2014-04-17,112.4381
K,G,2014-04-18,112.2115
K,G,2014-04-21,112.1867
K,G,2014-04-22,112.0487
K,G,2014-04-23,112.3254
K,G,2014-04-24,112.3101
K,G,2014-04-25,112.3787
K,G,2014-04-28,112.5947
K,G,2014-04-29,112.375
K,G,2014-04-30,112.1617
K,G,2014-05-01,112.3301
K,G,2014-05-02,112.3673
K,G,2014-05-05,112.5514
K,G,2014-05-06,112.7234
K,G,2014-05-07,112.5652
K,G,2014-05-08,112.3915
K,G,2014-05-09,111.9085
K,G,2014-05-12,111.5539
K,G,2014-05-13,111.4826
K,G,2014-05-14,111.3682
K,G,2014-05-15,111.0598
K,G,2014-05-16,111.2131
K,G,2014-05-19,110.9876
K,G,2014-05-20,110.914
K,G,2014-05-21,111.0112
K,G,2014-05-22,110.8294
K,G,2014-05-23,110.6299
K,G,2014-05-26,110.7824
K,G,2014-05-27,110.6765
K,G,2014-05-28,110.5893
K,G,2014-05-29,110.6816
K,G,2014-05-30,110.6917
K,G,2014-06-02,110.6127
K,G,2014-06-03,110.5925
K,G,2014-06-04,110.8528
K,G,2014-06-05,110.9309
K,G,2014-06-06,111.0228
K,G,2014-06-09,110.7417
K,G,2014-06-10,110.4443
K,G,2014-06-11,110.4135
K,G,2014-06-12,110.4457
K,G,2014-06-13,110.6244
K,G,2014-06-16,110.4826
K,G,2014-06-17,110.6243
K,G,2014-06-18,110.6111
K,G,2014-06-19,110.8938
K,G,2014-06-20,110.8418
K,G,2014-06-23,110.7052
K,G,2014-06-24,110.922
K,G,2014-06-25,110.918
K,G,2014-06-26,110.8537
K,G,2014-06-27,110.873
K,G,2014-06-30,111.1597
K,G,2014-07-01,111.3125
K,G,2014-07-02,111.1239
K,G,2014-07-03,111.1177
K,G,2014-07-04,110.7359
K,G,2014-07-07,110.8562
K,G,2014-07-08,110.854
K,G,2014-07-09,110.8292
K,G,2014-07-10,110.9489
K,G,2014-07-11,110.9412
K,G,2014-07-14,111.0793
K,G,2014-07-15,110.9158
K,G,2014-07-16,110.5848
K,G,2014-07-17,110.6601
K,G,2014-07-18,110.7392
K,G,2014-07-21,110.6099
K,G,2014-07-22,110.4028
K,G,2014-07-23,110.2474
K,G,2014-07-24,110.3925
K,G,2014-07-25,110.2423
K,G,2014-07-28,110.2677
K,G,2014-07-29,110.2882
K,G,2014-07-30,110.085
K,G,2014-07-31,110.1705
K,G,2014-08-01,110.3571
K,G,2014-08-04,110.4043
K,G,2014-08-05,110.0723
K,G,2014-08-06,110.3149
K,G,2014-08-07,110.3618
K,G,2014-08-08,110.6402
K,G,2014-08-11,110.5519
K,G,2014-08-12,110.3487
K,G,2014-08-13,110.3343
K,G,2014-08-14,110.5106
K,G,2014-08-15,110.6159
K,G,2014-08-18,110.6554
K,G,2014-08-19,110.537
K,G,2014-08-20,110.36
K,G,2014-08-21,110.3048
K,G,2014-08-22,110.3235
K,G,2014-08-25,110.128
K,G,2014-08-26,110.1483
K,G,2014-08-27,110.1054
K,G,2014-08-28,110.2749
K,G,2014-08-29,110.1908
K,G,2014-09-01,110.0313
K,G,2014-09-02,109.9254
K,G,2014-09-03,109.9936
K,G,2014-09-04,109.9282
K,G,2014-09-05,109.3873
K,G,2014-09-08,109.4083
K,G,2014-09-09,109.3072
K,G,2014-09-10,109.4078
K,G,2014-09-11,109.1687
K,G,2014-09-12,109.2247
K,G,2014-09-15,109.2441
K,G,2014-09-16,109.5191
K,G,2014-09-17,109.2247
K,G,2014-09-18,109.2739
K,G,2014-09-19,109.2092
K,G,2014-09-22,109.1406
K,G,2014-09-23,109.2489
K,G,2014-09-24,109.0157
K,G,2014-09-25,108.6412
K,G,2014-09-26,108.8122
K,G,2014-09-29,108.7778
K,G,2014-09-30,108.63720000000001
K,G,2014-10-01,108.5281
K,G,2014-10-02,108.5055
K,G,2014-10-03,108.3361
K,G,2014-10-06,107.9749
K,G,2014-10-07,108.1788
K,G,2014-10-08,108.2817
K,G,2014-10-09,108.5524
K,G,2014-10-10,108.4768
K,G,2014-10-13,108.612
K,G,2014-10-14,108.88
K,G,2014-10-15,108.9679
K,G,2014-10-16,109.5817
K,G,2014-10-17,109.4686
K,G,2014-10-20,109.3279
K,G,2014-10-21,109.4044
K,G,2014-10-22,108.9976
K,G,2014-10-23,108.9465
K,G,2014-10-24,108.9687
K,G,2014-10-27,109.136
K,G,2014-10-28,109.1802
K,G,2014-10-29,109.2553
K,G,2014-10-30,108.8213
K,G,2014-10-31,108.6124
K,G,2014-11-03,108.5422
K,G,2014-11-04,108.6992
K,G,2014-11-05,108.8743
K,G,2014-11-06,108.8374
K,G,2014-11-07,108.6804
K,G,2014-11-10,108.8623
K,G,2014-11-11,108.7704
K,G,2014-11-12,108.7832
K,G,2014-11-13,108.9738
K,G,2014-11-14,109.1939
K,G,2014-11-17,109.3044
K,G,2014-11-18,109.4114
K,G,2014-11-19,109.565
K,G,2014-11-20,109.4893
K,G,2014-11-21,108.8888
K,G,2014-11-24,108.6663
K,G,2014-11-25,108.8301
K,G,2014-11-26,108.972
K,G,2014-11-27,108.9519
K,G,2014-11-28,109.0333
K,G,2014-12-01,109.3063
K,G,2014-12-02,108.919
K,G,2014-12-03,108.6975
K,G,2014-12-04,108.6687
K,G,2014-12-05,108.9577
K,G,2014-12-08,108.709
K,G,2014-12-09,109.0667
K,G,2014-12-10,109.256
K,G,2014-12-11,109.4869
K,G,2014-12-12,109.7422
K,G,2014-12-15,109.827
K,G,2014-12-16,110.555
K,G,2014-12-17,110.4532
K,G,2014-12-18,109.2136
K,G,2014-12-19,109.0488
K,G,2014-12-22,108.9323
K,G,2014-12-23,108.8212
K,G,2014-12-24,108.805
K,G,2014-12-25,109.0088
K,G,2014-12-26,108.6873
K,G,2014-12-29,108.7837
K,G,2014-12-30,108.7087
K,G,2014-12-31,108.4781
K,G,2015-01-01,108.276
K,G,2015-01-02,108.2615
K,G,2015-01-05,107.9029
K,G,2015-01-06,107.8978
K,G,2015-01-07,107.6715
K,G,2015-01-08,107.2409
K,G,2015-01-09,107.2647
K,G,2015-01-12,107.2087
K,G,2015-01-13,107.1525
K,G,2015-01-14,106.8269
K,G,2015-01-15,124.0735
K,G,2015-01-16,125.7266
K,G,2015-01-19,126.2169
K,G,2015-01-20,125.3146
K,G,2015-01-21,126.7496
K,G,2015-01-22,127.3358
K,G,2015-01-23,127.4948
K,G,2015-01-26,125.3887
K,G,2015-01-27,122.7248
K,G,2015-01-28,122.5718
K,G,2015-01-29,121.2866
K,G,2015-01-30,120.2218
K,G,2015-02-02,119.3367
K,G,2015-02-03,119.681
K,G,2015-02-04,118.9675
K,G,2015-02-05,119.1323
K,G,2015-02-06,119.3039
K,G,2015-02-09,119.7059
K,G,2015-02-10,119.6898
K,G,2015-02-11,119.607
K,G,2015-02-12,119.0566
K,G,2015-02-13,118.6225
K,G,2015-02-16,118.2409
K,G,2015-02-17,117.9457
K,G,2015-02-18,117.2813
K,G,2015-02-19,116.5861
K,G,2015-02-20,116.1993
K,G,2015-02-23,116.3923
K,G,2015-02-24,116.4695
K,G,2015-02-25,116.125
K,G,2015-02-26,116.2475
K,G,2015-02-27,116.658
K,G,2015-03-02,115.9654
K,G,2015-03-03,115.7424
K,G,2015-03-04,115.6853
K,G,2015-03-05,115.4963
K,G,2015-03-06,114.8255
K,G,2015-03-09,114.7512
K,G,2015-03-10,114.1577
K,G,2015-03-11,113.8062
K,G,2015-03-12,113.8941
K,G,2015-03-13,113.8105
K,G,2015-03-16,114.4075
K,G,2015-03-17,114.1484
K,G,2015-03-18,114.2238
K,G,2015-03-19,114.8096
K,G,2015-03-20,115.4398
K,G,2015-03-23,115.641
K,G,2015-03-24,116.6216
K,G,2015-03-25,116.8712
K,G,2015-03-26,117.187
K,G,2015-03-27,116.6335
K,G,2015-03-30,116.7039
K,G,2015-03-31,116.2555
K,G,2015-04-01,116.3978
K,G,2015-04-02,116.9863
K,G,2015-04-03,117.0211
K,G,2015-04-06,117.1851
K,G,2015-04-07,116.541
K,G,2015-04-08,116.4314
K,G,2015-04-09,115.9485
K,G,2015-04-10,115.8577
K,G,2015-04-13,115.8494
K,G,2015-04-14,116.4333
K,G,2015-04-15,116.3671
K,G,2015-04-16,116.5608
K,G,2015-04-17,117.3317
K,G,2015-04-20,117.7652
K,G,2015-04-21,117.6704
K,G,2015-04-22,117.8561
K,G,2015-04-23,116.5877
K,G,2015-04-24,117.176
K,G,2015-04-27,117.0596
K,G,2015-04-28,116.6011
K,G,2015-04-29,116.2445
K,G,2015-04-30,117.2632
K,G,2015-05-01,117.7877
K,G,2015-05-04,117.9313
K,G,2015-05-05,118.1532
K,G,2015-05-06,119.0073
K,G,2015-05-07,119.8779
K,G,2015-05-08,119.0837
K,G,2015-05-11,118.3624
K,G,2015-05-12,118.6137
K,G,2015-05-13,118.3097
K,G,2015-05-14,118.983
K,G,2015-05-15,118.6925
K,G,2015-05-18,118.227
K,G,2015-05-19,117.7367
K,G,2015-05-20,117.6759
K,G,2015-05-21,117.8639
K,G,2015-05-22,117.7454
K,G,2015-05-25,117.6642
K,G,2015-05-26,117.3752
K,G,2015-05-27,117.6388
K,G,2015-05-28,117.8924
K,G,2015-05-29,118.1528
K,G,2015-06-01,118.1337
K,G,2015-06-02,118.4921
K,G,2015-06-03,118.4326
K,G,2015-06-04,117.9978
K,G,2015-06-05,118.136
K,G,2015-06-08,118.2293
K,G,2015-06-09,118.7539
K,G,2015-06-10,118.3169
K,G,2015-06-11,117.4498
K,G,2015-06-12,117.8566
K,G,2015-06-15,118.1846
K,G,2015-06-16,118.0452
K,G,2015-06-17,118.5807
K,G,2015-06-18,118.638
K,G,2015-06-19,118.499
K,G,2015-06-22,118.5217
K,G,2015-06-23,117.9393
K,G,2015-06-24,117.8793
K,G,2015-06-25,117.3751
K,G,2015-06-26,117.6982
K,G,2015-06-29,117.8717
K,G,2015-06-30,118.2425
K,G,2015-07-01,117.2643
K,G,2015-07-02,116.8109
K,G,2015-07-03,117.2249
K,G,2015-07-06,117.2984
K,G,2015-07-07,117.3829
K,G,2015-07-08,117.6276
K,G,2015-07-09,116.8373
K,G,2015-07-10,117.4975
K,G,2015-07-13,116.7994
K,G,2015-07-14,117.5054
K,G,2015-07-15,117.036
K,G,2015-07-16,116.6261
K,G,2015-07-17,116.3793
K,G,2015-07-20,116.1276
K,G,2015-07-21,116.3351
K,G,2015-07-22,116.1385
K,G,2015-07-23,116.4492
K,G,2015-07-24,116.0168
K,G,2015-07-27,115.9777
K,G,2015-07-28,115.117
K,G,2015-07-29,115.2608
K,G,2015-07-30,114.8887
K,G,2015-07-31,115.9446
K,G,2015-08-03,115.3324
K,G,2015-08-04,115.2416
K,G,2015-08-05,114.4852
K,G,2015-08-06,113.959
K,G,2015-08-07,113.9131
K,G,2015-08-10,113.8109
K,G,2015-08-11,113.5087
K,G,2015-08-12,113.7615
K,G,2015-08-13,114.0957
K,G,2015-08-14,114.2548
K,G,2015-08-17,114.429
K,G,2015-08-18,114.6199
K,G,2015-08-19,114.9337
K,G,2015-08-20,116.0911
K,G,2015-08-21,116.2352
K,G,2015-08-24,116.8737
K,G,2015-08-25,116.638
K,G,2015-08-26,116.9431
K,G,2015-08-27,116.4154
K,G,2015-08-28,115.6133
K,G,2015-08-31,115.8401
K,G,2015-09-01,115.6391
K,G,2015-09-02,115.4748
K,G,2015-09-03,115.0546
K,G,2015-09-04,115.0213
K,G,2015-09-07,115.1693
K,G,2015-09-08,114.6491
K,G,2015-09-09,114.74
K,G,2015-09-10,114.5419
K,G,2015-09-11,114.2987
K,G,2015-09-14,114.4493
K,G,2015-09-15,114.4991
K,G,2015-09-16,114.4386
K,G,2015-09-17,114.4717
K,G,2015-09-18,114.8955
K,G,2015-09-21,114.7572
K,G,2015-09-22,114.7408
K,G,2015-09-23,114.6422
K,G,2015-09-24,114.6126
K,G,2015-09-25,114.1418
K,G,2015-09-28,114.3406
K,G,2015-09-29,115.0784
K,G,2015-09-30,114.7001
K,G,2015-10-01,114.519
K,G,2015-10-02,114.6225
K,G,2015-10-05,114.661
K,G,2015-10-06,114.5638
K,G,2015-10-07,114.7873
K,G,2015-10-08,114.5088
K,G,2015-10-09,114.6702
K,G,2015-10-12,114.6875
K,G,2015-10-13,114.9205
K,G,2015-10-14,115.2967
K,G,2015-10-15,115.6198
K,G,2015-10-16,115.5044
K,G,2015-10-19,115.6616
K,G,2015-10-20,116.0355
K,G,2015-10-21,115.6848
K,G,2015-10-22,115.1714
K,G,2015-10-23,114.6072
K,G,2015-10-26,114.4107
K,G,2015-10-27,113.8846
K,G,2015-10-28,113.9249
K,G,2015-10-29,113.7106
K,G,2015-10-30,113.7613
K,G,2015-11-02,113.4413
K,G,2015-11-03,113.5426
K,G,2015-11-04,113.4918
K,G,2015-11-05,113.3225
K,G,2015-11-06,113.4788
K,G,2015-11-09,113.4882
K,G,2015-11-10,113.5147
K,G,2015-11-11,113.252
K,G,2015-11-12,113.4701
K,G,2015-11-13,113.2925
K,G,2015-11-16,113.1629
K,G,2015-11-17,112.8455
K,G,2015-11-18,112.4504
K,G,2015-11-19,111.8799
K,G,2015-11-20,112.1459
K,G,2015-11-23,112.17
K,G,2015-11-24,112.1148
K,G,2015-11-25,112.0298
K,G,2015-11-26,111.8007
K,G,2015-11-27,111.2894
K,G,2015-11-30,111.2338
K,G,2015-12-01,111.2532
K,G,2015-12-02,111.4549
K,G,2015-12-03,112.3195
K,G,2015-12-04,113
K,G,2015-12-07,113.1916
K,G,2015-12-08,113.7022
K,G,2015-12-09,114.0335
K,G,2015-12-10,114.0678
K,G,2015-12-11,114.3749
K,G,2015-12-14,114.6258
K,G,2015-12-15,114.4384
K,G,2015-12-16,114.3523
K,G,2015-12-17,114.0428
K,G,2015-12-18,114.3215
K,G,2015-12-21,114.2054
K,G,2015-12-22,114.4158
K,G,2015-12-23,114.4775
K,G,2015-12-24,114.6649
K,G,2015-12-25,114.5599
K,G,2015-12-28,114.3765
K,G,2015-12-29,114.4435
K,G,2015-12-30,114.4114
K,G,2015-12-31,114.4546
K,G,2016-01-01,115.0627
K,G,2016-01-04,114.1086
K,G,2016-01-05,113.6331
K,G,2016-01-06,113.6349
K,G,2016-01-07,114.1018
K,G,2016-01-08,114.1228
K,G,2016-01-11,114.3895
K,G,2016-01-12,114.4204
K,G,2016-01-13,113.7904
K,G,2016-01-14,113.8289
K,G,2016-01-15,114.1467
K,G,2016-01-18,114.0347
K,G,2016-01-19,113.8503
K,G,2016-01-20,114.4396
K,G,2016-01-21,114.1613
K,G,2016-01-22,113.6549
K,G,2016-01-25,113.2741
K,G,2016-01-26,113.1205
K,G,2016-01-27,112.7926
K,G,2016-01-28,112.6072
K,G,2016-01-29,112.0611
K,G,2016-02-01,112.0517
K,G,2016-02-02,112.0296
K,G,2016-02-03,112.3534
K,G,2016-02-04,112.3633
K,G,2016-02-05,113.3469
K,G,2016-02-08,113.5936
K,G,2016-02-09,114.7112
K,G,2016-02-10,115.1381
K,G,2016-02-11,115.5884
K,G,2016-02-12,114.8698
K,G,2016-02-15,114.3441
K,G,2016-02-16,114.0569
K,G,2016-02-17,113.9308
K,G,2016-02-18,113.5609
K,G,2016-02-19,113.5849
K,G,2016-02-22,113.7713
K,G,2016-02-23,113.8772
K,G,2016-02-24,114.5306
K,G,2016-02-25,114.5424
K,G,2016-02-26,114.2885
K,G,2016-02-29,114.0749
K,G,2016-03-01,114.0628
K,G,2016-03-02,114.2899
K,G,2016-03-03,114.1714
K,G,2016-03-04,114.0438
K,G,2016-03-07,113.3135
K,G,2016-03-08,113.7757
K,G,2016-03-09,113.2708
K,G,2016-03-10,113.4869
K,G,2016-03-11,113.6694
K,G,2016-03-14,113.508
K,G,2016-03-15,113.8549
K,G,2016-03-16,113.8877
K,G,2016-03-17,114.3988
K,G,2016-03-18,114.5072
K,G,2016-03-21,114.5928
K,G,2016-03-22,114.7587
K,G,2016-03-23,114.5114
K,G,2016-03-24,114.867
K,G,2016-03-25,114.6882
K,G,2016-03-28,114.7215
K,G,2016-03-29,114.7394
K,G,2016-03-30,114.968
K,G,2016-03-31,114.8986
K,G,2016-04-01,115.0476
K,G,2016-04-04,115.2654
K,G,2016-04-05,115.4404
K,G,2016-04-06,115.5854
K,G,2016-04-07,115.8525
K,G,2016-04-08,115.8913
K,G,2016-04-11,115.6278
K,G,2016-04-12,115.6755
K,G,2016-04-13,115.0915
K,G,2016-04-14,114.9024
K,G,2016-04-15,114.6826
K,G,2016-04-18,114.7592
K,G,2016-04-19,114.5963
K,G,2016-04-20,114.47
K,G,2016-04-21,113.7338
K,G,2016-04-22,113.28
K,G,2016-04-25,113.6081
K,G,2016-04-26,113.4457
K,G,2016-04-27,113.3978
K,G,2016-04-28,113.8268
K,G,2016-04-29,113.9821
K,G,2016-05-02,114.0128
K,G,2016-05-03,114.7697
K,G,2016-05-04,114.714
K,G,2016-05-05,114.1668
K,G,2016-05-06,113.7071
K,G,2016-05-09,113.6228
K,G,2016-05-10,113.4103
K,G,2016-05-11,113.2767
K,G,2016-05-12,113.5058
K,G,2016-05-13,113.6958
K,G,2016-05-16,113.3563
K,G,2016-05-17,113.0269
K,G,2016-05-18,112.8111
K,G,2016-05-19,112.5615
K,G,2016-05-20,112.2307
K,G,2016-05-23,112.215
K,G,2016-05-24,112.3359
K,G,2016-05-25,112.3149
K,G,2016-05-26,112.1916
K,G,2016-05-27,112.2614
K,G,2016-05-30,112.4172
K,G,2016-05-31,112.5296
K,G,2016-06-01,112.4807
K,G,2016-06-02,112.724
K,G,2016-06-03,112.6819
K,G,2016-06-06,113.2351
K,G,2016-06-07,113.8678
K,G,2016-06-08,114.1709
K,G,2016-06-09,114.543
K,G,2016-06-10,114.535
K,G,2016-06-13,114.8749
K,G,2016-06-14,115.1587
K,G,2016-06-15,115.1035
K,G,2016-06-16,115.3564
K,G,2016-06-17,115.2233
K,G,2016-06-20,114.6635
K,G,2016-06-21,114.5921
K,G,2016-06-22,115.0335
K,G,2016-06-23,114.8556
K,G,2016-06-24,114.4245
K,G,2016-06-27,115.4838
K,G,2016-06-28,114.722
K,G,2016-06-29,114.483
K,G,2016-06-30,114.2619
K,G,2016-07-01,114.8065
K,G,2016-07-04,114.8771
K,G,2016-07-05,115.3555
K,G,2016-07-06,114.9825
K,G,2016-07-07,114.9885
K,G,2016-07-08,114.8623
K,G,2016-07-11,114.4214
K,G,2016-07-12,114.2569
K,G,2016-07-13,113.8485
K,G,2016-07-14,114.1831
K,G,2016-07-15,114.0178
K,G,2016-07-18,114.1419
K,G,2016-07-19,114.2521
K,G,2016-07-20,114.1176
K,G,2016-07-21,114.0557
K,G,2016-07-22,114.163
K,G,2016-07-25,114.4575
K,G,2016-07-26,114.3723
K,G,2016-07-27,113.4389
K,G,2016-07-28,114.0072
K,G,2016-07-29,114.8434
K,G,2016-08-01,115.253
K,G,2016-08-02,115.4194
K,G,2016-08-03,114.9724
K,G,2016-08-04,114.7021
K,G,2016-08-05,114.5551
K,G,2016-08-08,114.0882
K,G,2016-08-09,113.9072
K,G,2016-08-10,113.9821
K,G,2016-08-11,114.4007
K,G,2016-08-12,114.4844
K,G,2016-08-15,114.4042
K,G,2016-08-16,115.0279
K,G,2016-08-17,115.2145
K,G,2016-08-18,115.3749
K,G,2016-08-19,115.5844
K,G,2016-08-22,115.0895
K,G,2016-08-23,115.1045
K,G,2016-08-24,114.9727
K,G,2016-08-25,114.808
K,G,2016-08-26,114.6171
K,G,2016-08-29,114.0425
K,G,2016-08-30,113.8487
K,G,2016-08-31,113.601
K,G,2016-09-01,113.237
K,G,2016-09-02,113.6255
K,G,2016-09-05,113.7301
K,G,2016-09-06,113.6461
K,G,2016-09-07,114.1885
K,G,2016-09-08,114.1064
K,G,2016-09-09,113.7651
K,G,2016-09-12,114.0842
K,G,2016-09-13,114.0908
K,G,2016-09-14,113.7685
K,G,2016-09-15,114.0196
K,G,2016-09-16,114.0842
K,G,2016-09-19,113.7659
K,G,2016-09-20,113.9727
K,G,2016-09-21,114.2108
K,G,2016-09-22,114.4059
K,G,2016-09-23,114.5087
K,G,2016-09-26,114.7786
K,G,2016-09-27,114.4218
K,G,2016-09-28,114.3759
K,G,2016-09-29,114.4264
K,G,2016-09-30,114.9163
K,G,2016-10-03,114.2727
K,G,2016-10-04,113.8582
K,G,2016-10-05,113.9603
K,G,2016-10-06,114.1742
K,G,2016-10-07,114.1856
K,G,2016-10-10,114.1778
K,G,2016-10-11,113.9144
K,G,2016-10-12,113.9661
K,G,2016-10-13,114.2862
K,G,2016-10-14,114.2089
K,G,2016-10-17,114.3647
K,G,2016-10-18,114.0743
K,G,2016-10-19,114.0038
K,G,2016-10-20,114.1246
K,G,2016-10-21,114.0339
K,G,2016-10-24,114.0576
K,G,2016-10-25,114.098
K,G,2016-10-26,114.1806
K,G,2016-10-27,114.1727
K,G,2016-10-28,114.1608
K,G,2016-10-31,114.5241
K,G,2016-11-01,114.6221
K,G,2016-11-02,115.7299
K,G,2016-11-03,115.5836
K,G,2016-11-04,115.4024
K,G,2016-11-07,115.2617
K,G,2016-11-08,115.53
K,G,2016-11-09,115.2277
K,G,2016-11-10,114.9595
K,G,2016-11-11,115.3794
K,G,2016-11-14,115.1337
K,G,2016-11-15,115.0177
K,G,2016-11-16,114.5784
K,G,2016-11-17,114.734
K,G,2016-11-18,114.6301
K,G,2016-11-21,114.4702
K,G,2016-11-22,114.2878
K,G,2016-11-23,114.24
K,G,2016-11-24,114.0641
K,G,2016-11-25,114.2033
K,G,2016-11-28,114.2364
K,G,2016-11-29,114.0402
K,G,2016-11-30,113.8572
K,G,2016-12-01,113.9564
K,G,2016-12-02,114.123
K,G,2016-12-05,113.7484
K,G,2016-12-06,113.7005
K,G,2016-12-07,113.6754
K,G,2016-12-08,113.5153
K,G,2016-12-09,113.3835
K,G,2016-12-12,113.6023
K,G,2016-12-13,113.5646
K,G,2016-12-14,113.7959
K,G,2016-12-15,113.2793
K,G,2016-12-16,113.2475
K,G,2016-12-19,113.4988
K,G,2016-12-20,113.5911
K,G,2016-12-21,113.6884
K,G,2016-12-22,113.5679
K,G,2016-12-23,113.6179
K,G,2016-12-26,113.5307
K,G,2016-12-27,113.343
K,G,2016-12-28,113.3668
K,G,2016-12-29,113.7305
K,G,2016-12-30,114.0568
K,G,2017-01-02,113.8246
K,G,2017-01-03,113.6617
K,G,2017-01-04,113.7218
K,G,2017-01-05,114.0235
K,G,2017-01-06,114.1675
K,G,2017-01-09,114.2235
K,G,2017-01-10,114.3135
K,G,2017-01-11,114.1333
K,G,2017-01-12,114.5593
K,G,2017-01-13,114.4936
K,G,2017-01-16,114.3787
K,G,2017-01-17,114.8472
K,G,2017-01-18,114.765
K,G,2017-01-19,114.601
K,G,2017-01-20,114.6175
K,G,2017-01-23,114.8211
K,G,2017-01-24,114.7038
K,G,2017-01-25,114.7198
K,G,2017-01-26,114.8365
K,G,2017-01-27,114.9925
K,G,2017-01-30,115.0984
K,G,2017-01-31,115.4627
K,G,2017-02-01,115.3735
K,G,2017-02-02,115.2293
K,G,2017-02-03,115.041
K,G,2017-02-06,114.9586
K,G,2017-02-07,114.9788
K,G,2017-02-08,115.0567
K,G,2017-02-09,115.0398
K,G,2017-02-10,114.606
K,G,2017-02-13,114.5262
K,G,2017-02-14,114.3734
K,G,2017-02-15,114.295
K,G,2017-02-16,114.6
K,G,2017-02-17,114.7974
K,G,2017-02-20,114.4938
K,G,2017-02-21,114.3105
K,G,2017-02-22,113.9275
K,G,2017-02-23,113.9131
K,G,2017-02-24,114.0889
K,G,2017-02-27,114.0928
K,G,2017-02-28,114.1894
K,G,2017-03-01,114.1618
K,G,2017-03-02,114.1196
K,G,2017-03-03,114.0547
K,G,2017-03-06,113.9621
K,G,2017-03-07,113.6548
K,G,2017-03-08,113.8702
K,G,2017-03-09,113.8231
K,G,2017-03-10,113.8792
K,G,2017-03-13,113.9332
K,G,2017-03-14,114.1502
K,G,2017-03-15,113.9638
K,G,2017-03-16,114.3415
K,G,2017-03-17,114.3389
K,G,2017-03-20,114.0344
K,G,2017-03-21,114.04
K,G,2017-03-22,114.4465
K,G,2017-03-23,114.3113
K,G,2017-03-24,114.4645
K,G,2017-03-27,114.6819
K,G,2017-03-28,114.6971
K,G,2017-03-29,114.2907
K,G,2017-03-30,114.1512
K,G,2017-03-31,113.9777
K,G,2017-04-03,113.8814
K,G,2017-04-04,113.9143
K,G,2017-04-05,113.7713
K,G,2017-04-06,113.5891
K,G,2017-04-07,113.6397
K,G,2017-04-10,113.634
K,G,2017-04-11,113.6752
K,G,2017-04-12,113.5807
K,G,2017-04-13,113.5803
K,G,2017-04-14,113.676
K,G,2017-04-17,113.6417
K,G,2017-04-18,113.7
K,G,2017-04-19,113.7629
K,G,2017-04-20,113.8464
K,G,2017-04-21,113.7967
K,G,2017-04-24,113.3755
K,G,2017-04-25,113.2844
K,G,2017-04-26,113.294
K,G,2017-04-27,113.4386
K,G,2017-04-28,113.3943
K,G,2017-05-01,113.1906
K,G,2017-05-02,113.1661
K,G,2017-05-03,113.6333
K,G,2017-05-04,113.4803
K,G,2017-05-05,113.7884
K,G,2017-05-08,113.3362
K,G,2017-05-09,112.6193
K,G,2017-05-10,112.1579
K,G,2017-05-11,111.9338
K,G,2017-05-12,112.0271
K,G,2017-05-15,112.39
K,G,2017-05-16,112.8227
K,G,2017-05-17,113.3125
K,G,2017-05-18,113.5919
K,G,2017-05-19,113.8952
K,G,2017-05-22,114.0285
K,G,2017-05-23,113.9582
K,G,2017-05-24,113.8691
K,G,2017-05-25,114.0236
K,G,2017-05-26,114.2072
K,G,2017-05-29,114.0074
K,G,2017-05-30,113.8581
K,G,2017-05-31,114.0867
K,G,2017-06-01,114.0039
K,G,2017-06-02,114.129
K,G,2017-06-05,114.5216
K,G,2017-06-06,114.5478
K,G,2017-06-07,114.5649
K,G,2017-06-08,114.2171
K,G,2017-06-09,114.171
K,G,2017-06-12,114.4239
K,G,2017-06-13,114.5252
K,G,2017-06-14,114.2546
K,G,2017-06-15,113.8226
K,G,2017-06-16,113.908
K,G,2017-06-19,113.9815
K,G,2017-06-20,114.0499
K,G,2017-06-21,114.3246
K,G,2017-06-22,114.2542
K,G,2017-06-23,114.4606
K,G,2017-06-26,114.2884
K,G,2017-06-27,114.4726
K,G,2017-06-28,114.6814
K,G,2017-06-29,114.6316
K,G,2017-06-30,114.5088
K,G,2017-07-03,114.4323
K,G,2017-07-04,114.1762
K,G,2017-07-05,114.1027
K,G,2017-07-06,114.1807
K,G,2017-07-07,114.2043
K,G,2017-07-10,114.0222
K,G,2017-07-11,113.5875
K,G,2017-07-12,113.8328
K,G,2017-07-13,113.7224
K,G,2017-07-14,113.1688
K,G,2017-07-17,113.3294
K,G,2017-07-18,113.7766
K,G,2017-07-19,114.1063
K,G,2017-07-20,113.9985
K,G,2017-07-21,113.9399
K,G,2017-07-24,114.4082
K,G,2017-07-25,114.2432
K,G,2017-07-26,113.573
K,G,2017-07-27,112.7748
K,G,2017-07-28,111.209
K,G,2017-07-31,111.1277
K,G,2017-08-01,111.0859
K,G,2017-08-02,110.8189
K,G,2017-08-03,110.6616
K,G,2017-08-04,110.6012
K,G,2017-08-07,110.5906
K,G,2017-08-08,110.4539
K,G,2017-08-09,111.8464
K,G,2017-08-10,111.6353
K,G,2017-08-11,112.166
K,G,2017-08-14,111.1789
K,G,2017-08-15,110.9103
K,G,2017-08-16,110.7167
K,G,2017-08-17,111.7127
K,G,2017-08-18,112.0569
K,G,2017-08-21,111.4428
K,G,2017-08-22,111.3828
K,G,2017-08-23,111.0803
K,G,2017-08-24,111.3628
K,G,2017-08-25,111.5665
K,G,2017-08-28,111.9937
K,G,2017-08-29,112.2805
K,G,2017-08-30,111.5966
K,G,2017-08-31,110.9716
K,G,2017-09-01,111.171
K,G,2017-09-04,111.5683
K,G,2017-09-05,111.2865
K,G,2017-09-06,111.5392
K,G,2017-09-07,111.4961
K,G,2017-09-08,111.5283
K,G,2017-09-11,111.5
K,G,2017-09-12,110.9208
K,G,2017-09-13,110.4681
K,G,2017-09-14,110.1684
K,G,2017-09-15,110.522
K,G,2017-09-18,110.5166
K,G,2017-09-19,110.3428
K,G,2017-09-20,110.2912
K,G,2017-09-21,109.659
K,G,2017-09-22,109.528
K,G,2017-09-25,109.5295
K,G,2017-09-26,110.2586
K,G,2017-09-27,110.2801
K,G,2017-09-28,110.3934
K,G,2017-09-29,110.4697
K,G,2017-10-02,110.7016
K,G,2017-10-03,110.2523
K,G,2017-10-04,110.3256
K,G,2017-10-05,110.0485
K,G,2017-10-06,110.1216
K,G,2017-10-09,110.0652
K,G,2017-10-10,109.9183
K,G,2017-10-11,109.8631
K,G,2017-10-12,109.7188
K,G,2017-10-13,109.6871
K,G,2017-10-16,109.7768
K,G,2017-10-17,109.6975
K,G,2017-10-18,109.5624
K,G,2017-10-19,109.6131
K,G,2017-10-20,109.1416
K,G,2017-10-23,109.0038
K,G,2017-10-24,108.9676
K,G,2017-10-25,108.4052
K,G,2017-10-26,108.3089
K,G,2017-10-27,108.3351
K,G,2017-10-30,108.3532
K,G,2017-10-31,108.3491
K,G,2017-11-01,107.919
K,G,2017-11-02,107.9788
K,G,2017-11-03,108.0832
K,G,2017-11-06,108.1271
K,G,2017-11-07,108.3164
K,G,2017-11-08,108.384
K,G,2017-11-09,108.2052
K,G,2017-11-10,108.7259
K,G,2017-11-13,108.4532
K,G,2017-11-14,108.4708
K,G,2017-11-15,108.7416
K,G,2017-11-16,108.3819
K,G,2017-11-17,108.26220000000001
K,G,2017-11-20,108.4389
K,G,2017-11-21,108.3416
K,G,2017-11-22,108.6039
K,G,2017-11-23,108.8927
K,G,2017-11-24,108.7772
K,G,2017-11-27,108.5179
K,G,2017-11-28,108.4853
K,G,2017-11-29,108.41
K,G,2017-11-30,108.2629
K,G,2017-12-01,108.3982
K,G,2017-12-04,108.5366
K,G,2017-12-05,108.2187
K,G,2017-12-06,108.0855
K,G,2017-12-07,107.9373
K,G,2017-12-08,107.6326
K,G,2017-12-11,108.0196
K,G,2017-12-12,108.1806
K,G,2017-12-13,108.1674
K,G,2017-12-14,108.078
K,G,2017-12-15,108.1265
K,G,2017-12-18,108.1585
K,G,2017-12-19,108.4256
K,G,2017-12-20,108.0952
K,G,2017-12-21,107.8877
K,G,2017-12-22,107.6606
K,G,2017-12-25,108.2053
K,G,2017-12-26,107.5763
K,G,2017-12-27,107.5004
K,G,2017-12-28,108.0185
K,G,2017-12-29,108.3542
K,G,2018-01-01,108.3785
K,G,2018-01-02,108.2752
K,G,2018-01-03,108.1702
K,G,2018-01-04,107.8013
K,G,2018-01-05,107.7029
K,G,2018-01-08,107.8057
K,G,2018-01-09,107.6033
K,G,2018-01-10,107.6397
K,G,2018-01-11,107.8919
K,G,2018-01-12,107.7985
K,G,2018-01-15,108.0357
K,G,2018-01-16,107.968
K,G,2018-01-17,108.132
K,G,2018-01-18,108.3468
K,G,2018-01-19,108.5796
K,G,2018-01-22,108.3164
K,G,2018-01-23,108.0172
K,G,2018-01-24,108.6838
K,G,2018-01-25,109.321
K,G,2018-01-26,109.8225
K,G,2018-01-29,109.9124
K,G,2018-01-30,110.2678
K,G,2018-01-31,110.3076
K,G,2018-02-01,110.3451
K,G,2018-02-02,110.4906
K,G,2018-02-05,110.5346
K,G,2018-02-06,110.44970000000001
K,G,2018-02-07,110.2014
K,G,2018-02-08,110.037
K,G,2018-02-09,110.783
K,G,2018-02-12,110.7913
K,G,2018-02-13,110.8907
K,G,2018-02-14,110.7603
K,G,2018-02-15,111.0061
K,G,2018-02-16,111.3705
K,G,2018-02-19,111.064
K,G,2018-02-20,110.6964
K,G,2018-02-21,110.4946
K,G,2018-02-22,110.7171
K,G,2018-02-23,110.8802
K,G,2018-02-26,110.6683
K,G,2018-02-27,110.4259
K,G,2018-02-28,110.3289
K,G,2018-03-01,110.3082
K,G,2018-03-02,110.7163
K,G,2018-03-05,110.7067
K,G,2018-03-06,110.1965
K,G,2018-03-07,110.003
K,G,2018-03-08,109.3564
K,G,2018-03-09,109.172
K,G,2018-03-12,109.1579
K,G,2018-03-13,109.2634
K,G,2018-03-14,109.2742
K,G,2018-03-15,109.2644
K,G,2018-03-16,109.0742
K,G,2018-03-19,108.8777
K,G,2018-03-20,108.8346
K,G,2018-03-21,108.8251
K,G,2018-03-22,109.0321
K,G,2018-03-23,109.2543
K,G,2018-03-26,109.0226
K,G,2018-03-27,108.7898
K,G,2018-03-28,108.517
K,G,2018-03-29,108.2615
K,G,2018-03-30,108.5057
K,G,2018-04-02,108.4427
K,G,2018-04-03,108.4023
K,G,2018-04-04,108.1793
K,G,2018-04-05,107.8817
K,G,2018-04-06,107.9204
K,G,2018-04-09,108.1053
K,G,2018-04-10,108.3753
K,G,2018-04-11,107.8659
K,G,2018-04-12,107.6893
K,G,2018-04-13,107.5371
K,G,2018-04-16,107.5497
K,G,2018-04-17,107.3361
K,G,2018-04-18,106.6214
K,G,2018-04-19,106.5634
K,G,2018-04-20,106.5067
K,G,2018-04-23,106.4794
K,G,2018-04-24,106.5737
K,G,2018-04-25,106.3042
K,G,2018-04-26,106.2761
K,G,2018-04-27,105.9272
K,G,2018-04-30,105.9684
K,G,2018-05-01,105.628
K,G,2018-05-02,105.9943
K,G,2018-05-03,105.8979
K,G,2018-05-04,105.8816
K,G,2018-05-07,105.568
K,G,2018-05-08,105.7005
K,G,2018-05-09,106.038
K,G,2018-05-10,105.7216
K,G,2018-05-11,105.6087
K,G,2018-05-14,105.6627
K,G,2018-05-15,105.96
K,G,2018-05-16,106.5889
K,G,2018-05-17,106.3386
K,G,2018-05-18,106.7269
K,G,2018-05-21,107.1235
K,G,2018-05-22,106.9697
K,G,2018-05-23,108.0675
K,G,2018-05-24,107.8132
K,G,2018-05-25,107.7993
K,G,2018-05-28,108.0344
K,G,2018-05-29,108.7303
K,G,2018-05-30,108.6652
K,G,2018-05-31,108.4178
K,G,2018-06-01,108.6866
K,G,2018-06-04,108.6364
K,G,2018-06-05,108.5454
K,G,2018-06-06,108.4323
K,G,2018-06-07,108.413
K,G,2018-06-08,108.8742
K,G,2018-06-11,108.2411
K,G,2018-06-12,108.4974
K,G,2018-06-13,108.3281
K,G,2018-06-14,108.4444
K,G,2018-06-15,108.3357
K,G,2018-06-18,108.4127
K,G,2018-06-19,108.8347
K,G,2018-06-20,108.6757
K,G,2018-06-21,108.9001
K,G,2018-06-22,108.8667
K,G,2018-06-25,109.2588
K,G,2018-06-26,109.082
K,G,2018-06-27,109.1394
K,G,2018-06-28,108.8525
K,G,2018-06-29,108.8144
K,G,2018-07-02,109.2105
K,G,2018-07-03,108.9045
K,G,2018-07-04,108.8949
K,G,2018-07-05,108.6898
K,G,2018-07-06,108.6222
K,G,2018-07-09,108.7277
K,G,2018-07-10,108.434
K,G,2018-07-11,108.5441
K,G,2018-07-12,108.2931
K,G,2018-07-13,107.9649
K,G,2018-07-16,107.8436
K,G,2018-07-17,108.3294
K,G,2018-07-18,108.1516
K,G,2018-07-19,108.4353
K,G,2018-07-20,108.4959
K,G,2018-07-23,108.8726
K,G,2018-07-24,108.725
K,G,2018-07-25,108.7374
K,G,2018-07-26,108.5288
K,G,2018-07-27,108.649
K,G,2018-07-30,108.7082
K,G,2018-07-31,109.0434
K,G,2018-08-01,108.8139
K,G,2018-08-02,108.9149
K,G,2018-08-03,109.1718
K,G,2018-08-06,109.1475
K,G,2018-08-07,108.9931
K,G,2018-08-08,108.9397
K,G,2018-08-09,109.2318
K,G,2018-08-10,110.1789
K,G,2018-08-13,110.8425
K,G,2018-08-14,110.885
K,G,2018-08-15,110.754
K,G,2018-08-16,110.8969
K,G,2018-08-17,110.4141
K,G,2018-08-20,110.2685
K,G,2018-08-21,110.589
K,G,2018-08-22,110.7867
K,G,2018-08-23,111.0047
K,G,2018-08-24,110.9013
K,G,2018-08-27,110.6784
K,G,2018-08-28,110.9642
K,G,2018-08-29,111.2723
K,G,2018-08-30,112.0206
K,G,2018-08-31,112.4042
K,G,2018-09-03,112.3475
K,G,2018-09-04,112.5079
K,G,2018-09-05,112.3928
K,G,2018-09-06,112.4567
K,G,2018-09-07,112.9105
K,G,2018-09-10,112.6677
K,G,2018-09-11,112.0435
K,G,2018-09-12,112.0941
K,G,2018-09-13,112.3009
K,G,2018-09-14,112.5235
K,G,2018-09-17,112.7413
K,G,2018-09-18,113.06
K,G,2018-09-19,112.3799
K,G,2018-09-20,112.2538
K,G,2018-09-21,112.9568
K,G,2018-09-24,112.7433
K,G,2018-09-25,111.9783
K,G,2018-09-26,111.9833
K,G,2018-09-27,111.7276
K,G,2018-09-28,111.3444
K,G,2018-10-01,110.6428
K,G,2018-10-02,111.2672
K,G,2018-10-03,110.6387
K,G,2018-10-04,110.5283
K,G,2018-10-05,110.271
K,G,2018-10-08,110.6186
K,G,2018-10-09,110.3703
K,G,2018-10-10,110.3669
K,G,2018-10-11,110.4844
K,G,2018-10-12,110.0443
K,G,2018-10-15,110.2084
K,G,2018-10-16,110.2308
K,G,2018-10-17,109.9729
K,G,2018-10-18,109.9082
K,G,2018-10-19,110.0362
K,G,2018-10-22,109.6768
K,G,2018-10-23,110.1765
K,G,2018-10-24,110.2155
K,G,2018-10-25,110.2082
K,G,2018-10-26,110.1885
K,G,2018-10-29,110.1545
K,G,2018-10-30,110.1038
K,G,2018-10-31,109.887
K,G,2018-11-01,109.7217
K,G,2018-11-02,109.5828
K,G,2018-11-05,109.3738
K,G,2018-11-06,109.2155
K,G,2018-11-07,109.5653
K,G,2018-11-08,109.3091
K,G,2018-11-09,109.3256
K,G,2018-11-12,109.7403
K,G,2018-11-13,109.6239
K,G,2018-11-14,109.548
K,G,2018-11-15,109.7654
K,G,2018-11-16,109.4345
K,G,2018-11-19,109.9943
K,G,2018-11-20,110.5169
K,G,2018-11-21,110.5296
K,G,2018-11-22,110.5255
K,G,2018-11-23,110.4032
K,G,2018-11-26,110.3037
K,G,2018-11-27,110.368
K,G,2018-11-28,110.5703
K,G,2018-11-29,110.5895
K,G,2018-11-30,110.3072
K,G,2018-12-03,110.0706
K,G,2018-12-04,110.1797
K,G,2018-12-05,110.1666
K,G,2018-12-06,110.3856
K,G,2018-12-07,110.5438
K,G,2018-12-10,110.9516
K,G,2018-12-11,111.5375
K,G,2018-12-12,111.07470000000001
K,G,2018-12-13,110.8408
K,G,2018-12-14,110.8358
K,G,2018-12-17,110.7298
K,G,2018-12-18,110.9117
K,G,2018-12-19,110.6296
K,G,2018-12-20,110.7149
K,G,2018-12-21,110.7864
K,G,2018-12-24,110.3704
K,G,2018-12-25,111.1962
K,G,2018-12-26,111.0272
K,G,2018-12-27,110.7513
K,G,2018-12-28,111.1536
K,G,2018-12-31,111.1186
K,G,2019-01-01,111.5167
K,G,2019-01-02,111.3069
K,G,2019-01-03,111.2888
K,G,2019-01-04,110.9594
K,G,2019-01-07,111.0756
K,G,2019-01-08,111.3007
K,G,2019-01-09,111.3092
K,G,2019-01-10,111.3114
K,G,2019-01-11,110.4979
K,G,2019-01-14,110.7888
K,G,2019-01-15,110.6546
K,G,2019-01-16,110.3621
K,G,2019-01-17,110.0343
K,G,2019-01-18,109.7474
K,G,2019-01-21,109.6484
K,G,2019-01-22,109.7386
K,G,2019-01-23,109.5476
K,G,2019-01-24,109.9947
K,G,2019-01-25,109.7648
K,G,2019-01-28,109.7167
K,G,2019-01-29,109.6219
K,G,2019-01-30,109.14
K,G,2019-01-31,109.0887
K,G,2019-02-01,109.2751
K,G,2019-02-04,108.973
K,G,2019-02-05,108.8006
K,G,2019-02-06,108.9508
K,G,2019-02-07,109.0422
K,G,2019-02-08,109.1702
K,G,2019-02-11,109.2878
K,G,2019-02-12,108.9553
K,G,2019-02-13,108.8426
K,G,2019-02-14,108.9673
K,G,2019-02-15,109.1046
K,G,2019-02-18,109.2041
K,G,2019-02-19,109.1305
K,G,2019-02-20,109.1246
K,G,2019-02-21,109.1122
K,G,2019-02-22,109.2314
K,G,2019-02-25,109.1431
K,G,2019-02-26,109.047
K,G,2019-02-27,109.0525
K,G,2019-02-28,109.2058
K,G,2019-03-01,109.0018
K,G,2019-03-04,109.0412
K,G,2019-03-05,109.0895
K,G,2019-03-06,108.8129
K,G,2019-03-07,108.8461
K,G,2019-03-08,108.8091
K,G,2019-03-11,108.8707
K,G,2019-03-12,108.5094
K,G,2019-03-13,108.6641
K,G,2019-03-14,108.6729
K,G,2019-03-15,108.6258
K,G,2019-03-18,108.718
K,G,2019-03-19,108.7861
K,G,2019-03-20,108.8423
K,G,2019-03-21,109.2012
K,G,2019-03-22,109.443
K,G,2019-03-25,109.6211
K,G,2019-03-26,109.7309
K,G,2019-03-27,109.895
K,G,2019-03-28,109.8782
K,G,2019-03-29,110.0643
K,G,2019-04-01,110.0425
K,G,2019-04-02,109.6328
K,G,2019-04-03,109.636
K,G,2019-04-04,109.505
K,G,2019-04-05,109.4283
K,G,2019-04-08,109.46
K,G,2019-04-09,109.2855
K,G,2019-04-10,109.0385
K,G,2019-04-11,108.9528
K,G,2019-04-12,108.8779
K,G,2019-04-15,108.6476
K,G,2019-04-16,108.5095
K,G,2019-04-17,108.1141
K,G,2019-04-18,108.0964
K,G,2019-04-19,107.8734
K,G,2019-04-22,107.7526
K,G,2019-04-23,107.3655
K,G,2019-04-24,107.6932
K,G,2019-04-25,107.9734
K,G,2019-04-26,107.873
K,G,2019-04-29,107.8515
K,G,2019-04-30,107.7701
K,G,2019-05-01,107.6898
K,G,2019-05-02,107.6486
K,G,2019-05-03,107.7954
K,G,2019-05-06,107.8974
K,G,2019-05-07,107.768
K,G,2019-05-08,107.8827
K,G,2019-05-09,108.0397
K,G,2019-05-10,108.2721
K,G,2019-05-13,108.79
K,G,2019-05-14,109.0357
K,G,2019-05-15,109.3139
K,G,2019-05-16,109.0284
K,G,2019-05-17,109.3512
K,G,2019-05-20,109.4261
K,G,2019-05-21,109.4221
K,G,2019-05-22,109.3174
K,G,2019-05-23,109.5712
K,G,2019-05-24,109.9236
K,G,2019-05-27,109.57
K,G,2019-05-28,109.8207
K,G,2019-05-29,109.8368
K,G,2019-05-30,109.5574
K,G,2019-05-31,109.843
K,G,2019-06-03,110.4825
K,G,2019-06-04,110.4609
K,G,2019-06-05,110.3522
K,G,2019-06-06,110.3477
K,G,2019-06-07,110.2697
K,G,2019-06-10,110.451
K,G,2019-06-11,110.2381
K,G,2019-06-12,110.0477
K,G,2019-06-13,110.1489
K,G,2019-06-14,109.9153
K,G,2019-06-17,109.8695
K,G,2019-06-18,109.9655
K,G,2019-06-19,109.8942
K,G,2019-06-20,110.2987
K,G,2019-06-21,110.8481
K,G,2019-06-24,111.0837
K,G,2019-06-25,111.0851
K,G,2019-06-26,111.2402
K,G,2019-06-27,110.7494
K,G,2019-06-28,111.1907
K,G,2019-07-01,110.3211
K,G,2019-07-02,110.1111
K,G,2019-07-03,110.3497
K,G,2019-07-04,110.2277
K,G,2019-07-05,110.2384
K,G,2019-07-08,110.0803
K,G,2019-07-09,109.9294
K,G,2019-07-10,110.13
K,G,2019-07-11,110.3372
K,G,2019-07-12,110.2948
K,G,2019-07-15,110.5858
K,G,2019-07-16,110.6595
K,G,2019-07-17,110.3123
K,G,2019-07-18,110.5891
K,G,2019-07-19,110.6046
K,G,2019-07-22,111.0576
K,G,2019-07-23,110.9545
K,G,2019-07-24,111.0368
K,G,2019-07-25,111.0211
K,G,2019-07-26,110.4522
K,G,2019-07-29,110.6075
K,G,2019-07-30,110.7156
K,G,2019-07-31,110.6965
K,G,2019-08-01,110.9261
K,G,2019-08-02,111.6531
K,G,2019-08-05,112.8979
K,G,2019-08-06,112.6902
K,G,2019-08-07,112.4406
K,G,2019-08-08,112.6022
K,G,2019-08-09,112.8227
K,G,2019-08-12,113.0418
K,G,2019-08-13,113.3913
K,G,2019-08-14,113.0658
K,G,2019-08-15,113.2184
K,G,2019-08-16,112.8494
K,G,2019-08-19,113.0207
K,G,2019-08-20,113.0126
K,G,2019-08-21,112.8375
K,G,2019-08-22,112.5419
K,G,2019-08-23,112.0926
K,G,2019-08-26,112.9478
K,G,2019-08-27,112.7921
K,G,2019-08-28,112.7819
K,G,2019-08-29,112.6899
K,G,2019-08-30,112.2338
K,G,2019-09-02,112.4262
K,G,2019-09-03,112.5695
K,G,2019-09-04,112.555
K,G,2019-09-05,112.621
K,G,2019-09-06,111.8149
K,G,2019-09-09,111.583
K,G,2019-09-10,111.4457
K,G,2019-09-11,111.1922
K,G,2019-09-12,111.4732
K,G,2019-09-13,111.2488
K,G,2019-09-16,111.1166
K,G,2019-09-17,111.0691
K,G,2019-09-18,110.6382
K,G,2019-09-19,110.9774
K,G,2019-09-20,110.9809
K,G,2019-09-23,111.6145
K,G,2019-09-24,111.3755
K,G,2019-09-25,111.9168
K,G,2019-09-26,111.3963
K,G,2019-09-27,111.5593
K,G,2019-09-30,111.4786
K,G,2019-10-01,110.8984
K,G,2019-10-02,111.0259
K,G,2019-10-03,110.6518
K,G,2019-10-04,110.7594
K,G,2019-10-07,111.1622
K,G,2019-10-08,111.2737
K,G,2019-10-09,111.202
K,G,2019-10-10,111.1722
K,G,2019-10-11,110.1906
K,G,2019-10-14,110.256
K,G,2019-10-15,110.0278
K,G,2019-10-16,110.1769
K,G,2019-10-17,110.2047
K,G,2019-10-18,110.4781
K,G,2019-10-21,110.5161
K,G,2019-10-22,110.2753
K,G,2019-10-23,110.3313
K,G,2019-10-24,110.0911
K,G,2019-10-25,110.0832
K,G,2019-10-28,109.6996
K,G,2019-10-29,109.8242
K,G,2019-10-30,109.9883
K,G,2019-10-31,110.2919
K,G,2019-11-01,110.3107
K,G,2019-11-04,110.0463
K,G,2019-11-05,109.9115
K,G,2019-11-06,109.9103
K,G,2019-11-07,109.9146
K,G,2019-11-08,109.9579
K,G,2019-11-11,110.0892
K,G,2019-11-12,110.1559
K,G,2019-11-13,110.8333
K,G,2019-11-14,111.1156
K,G,2019-11-15,110.6083
K,G,2019-11-18,110.3622
K,G,2019-11-19,110.2069
K,G,2019-11-20,110.3288
K,G,2019-11-21,110.2768
K,G,2019-11-22,110.1081
K,G,2019-11-25,109.8961
K,G,2019-11-26,109.8444
K,G,2019-11-27,109.8752
K,G,2019-11-28,109.777
K,G,2019-11-29,109.6896
K,G,2019-12-02,109.6194
K,G,2019-12-03,110.355
K,G,2019-12-04,110.4597
K,G,2019-12-05,110.1812
K,G,2019-12-06,110.2524
K,G,2019-12-09,110.1035
K,G,2019-12-10,110.4556
K,G,2019-12-11,110.6069
K,G,2019-12-12,110.5368
K,G,2019-12-13,110.0162
K,G,2019-12-16,110.2101
K,G,2019-12-17,110.1734
K,G,2019-12-18,110.6582
K,G,2019-12-19,110.6132
K,G,2019-12-20,110.7672
K,G,2019-12-23,110.9062
K,G,2019-12-24,110.7483
K,G,2019-12-25,110.9743
K,G,2019-12-26,110.7789
K,G,2019-12-27,110.9439
K,G,2019-12-30,110.9744
K,G,2019-12-31,111.3029
K,G,2020-01-01,111.6913
K,G,2020-01-02,111.1954
K,G,2020-01-03,111.1713
K,G,2020-01-06,111.3764
K,G,2020-01-07,111.1237
K,G,2020-01-08,111.3183
K,G,2020-01-09,111.19
K,G,2020-01-10,111.1175
K,G,2020-01-13,111.2156
K,G,2020-01-14,111.5077
K,G,2020-01-15,111.9302
K,G,2020-01-16,112.0916
K,G,2020-01-17,111.9085
K,G,2020-01-20,111.8927
K,G,2020-01-21,111.8639
K,G,2020-01-22,111.4794
K,G,2020-01-23,111.764
K,G,2020-01-24,111.8
K,G,2020-01-27,112.0067
K,G,2020-01-28,112.3006
K,G,2020-01-29,111.6463
K,G,2020-01-30,112.0512
K,G,2020-01-31,112.0841
K,G,2020-02-03,112.7577
K,G,2020-02-04,112.236
K,G,2020-02-05,111.9015
K,G,2020-02-06,111.8918
K,G,2020-02-07,112.0418
K,G,2020-02-10,111.8912
K,G,2020-02-11,112.048
K,G,2020-02-12,112.2946
K,G,2020-02-13,112.2634
K,G,2020-02-14,111.8964
K,G,2020-02-17,111.7753
K,G,2020-02-18,112.0936
K,G,2020-02-19,111.8545
K,G,2020-02-20,112.2211
K,G,2020-02-21,112.4191
K,G,2020-02-24,112.5343
K,G,2020-02-25,112.5954
K,G,2020-02-26,112.8295
K,G,2020-02-27,112.9209
K,G,2020-02-28,113.4851
K,G,2020-03-02,113.4518
K,G,2020-03-03,113.7566
K,G,2020-03-04,113.8386
K,G,2020-03-05,113.8804
K,G,2020-03-06,115.0094
K,G,2020-03-09,115.884
K,G,2020-03-10,115.6814
K,G,2020-03-11,115.4471
K,G,2020-03-12,116.0383
K,G,2020-03-13,115.6987
K,G,2020-03-16,116.4669
K,G,2020-03-17,116.0243
K,G,2020-03-18,116.0214
K,G,2020-03-19,115.8935
K,G,2020-03-20,114.9753
K,G,2020-03-23,115.2032
K,G,2020-03-24,115.596
K,G,2020-03-25,114.74
K,G,2020-03-26,114.9745
K,G,2020-03-27,115.3546
K,G,2020-03-30,115.8455
K,G,2020-03-31,115.3594
K,G,2020-04-01,115.5381
K,G,2020-04-02,115.3021
K,G,2020-04-03,114.881
K,G,2020-04-06,114.8685
K,G,2020-04-07,114.8649
K,G,2020-04-08,115.0792
K,G,2020-04-09,114.9514
K,G,2020-04-10,115.0099
K,G,2020-04-13,114.9716
K,G,2020-04-14,115.1108
K,G,2020-04-15,115.2993
K,G,2020-04-16,115.3921
K,G,2020-04-17,115.1225
K,G,2020-04-20,115.34
K,G,2020-04-21,115.352
K,G,2020-04-22,115.3427
K,G,2020-04-23,115.1085
K,G,2020-04-24,114.8638
K,G,2020-04-27,114.8806
K,G,2020-04-28,114.3276
K,G,2020-04-29,114.6548
K,G,2020-04-30,114.4275
K,G,2020-05-01,115.1077
K,G,2020-05-04,115.2943
K,G,2020-05-05,114.9635
K,G,2020-05-06,114.6868
K,G,2020-05-07,114.6287
K,G,2020-05-08,114.7646
K,G,2020-05-11,114.7462
K,G,2020-05-12,114.9083
K,G,2020-05-13,115.0274
K,G,2020-05-14,114.9632
K,G,2020-05-15,114.8595
K,G,2020-05-18,115.0701
K,G,2020-05-19,114.2184
K,G,2020-05-20,114.6088
K,G,2020-05-21,114.5692
K,G,2020-05-22,114.418
K,G,2020-05-25,114.3498
K,G,2020-05-26,114.2561
K,G,2020-05-27,113.975
K,G,2020-05-28,113.9222
K,G,2020-05-29,114.1842
K,G,2020-06-01,114.26220000000001
K,G,2020-06-02,113.9369
K,G,2020-06-03,113.0877
K,G,2020-06-04,113.4112
K,G,2020-06-05,113.0274
K,G,2020-06-08,112.5462
K,G,2020-06-09,113.6
K,G,2020-06-10,114.0219
K,G,2020-06-11,114.7352
K,G,2020-06-12,114.5256
K,G,2020-06-15,114.414
K,G,2020-06-16,114.2036
K,G,2020-06-17,114.4282
K,G,2020-06-18,114.6079
K,G,2020-06-19,114.8259
K,G,2020-06-22,114.8386
K,G,2020-06-23,114.9888
K,G,2020-06-24,114.9191
K,G,2020-06-25,114.9309
K,G,2020-06-26,115.1319
K,G,2020-06-29,115.2126
K,G,2020-06-30,114.8287
K,G,2020-07-01,115.1941
K,G,2020-07-02,115.1688
K,G,2020-07-03,115.1072
K,G,2020-07-06,115.3085
K,G,2020-07-07,115.2183
K,G,2020-07-08,115.4116
K,G,2020-07-09,115.4114
K,G,2020-07-10,115.2827
K,G,2020-07-13,115.0828
K,G,2020-07-14,115.3
K,G,2020-07-15,114.8152
K,G,2020-07-16,114.3312
K,G,2020-07-17,114.4334
K,G,2020-07-20,114.6069
K,G,2020-07-21,114.5979
K,G,2020-07-22,114.7365
K,G,2020-07-23,115.0985
K,G,2020-07-24,115.3661
K,G,2020-07-27,115.4793
K,G,2020-07-28,115.253
K,G,2020-07-29,115.6642
K,G,2020-07-30,115.8546
K,G,2020-07-31,115.9917
K,G,2020-08-03,115.295
K,G,2020-08-04,115.4402
K,G,2020-08-05,115.7679
K,G,2020-08-06,115.9651
K,G,2020-08-07,115.5334
K,G,2020-08-10,115.636
K,G,2020-08-11,115.6443
K,G,2020-08-12,115.6399
K,G,2020-08-13,116.016
K,G,2020-08-14,116.0697
K,G,2020-08-17,116.1551
K,G,2020-08-18,116.1118
K,G,2020-08-19,116.1678
K,G,2020-08-20,115.488
K,G,2020-08-21,115.8428
K,G,2020-08-24,115.9764
K,G,2020-08-25,116.0159
K,G,2020-08-26,115.8753
K,G,2020-08-27,116.0585
K,G,2020-08-28,116.1631
K,G,2020-08-31,116.0251
K,G,2020-09-01,115.6769
K,G,2020-09-02,115.0291
K,G,2020-09-03,115.4088
K,G,2020-09-04,115.4788
K,G,2020-09-07,115.3016
K,G,2020-09-08,114.902
K,G,2020-09-09,115.243
K,G,2020-09-10,115.9663
K,G,2020-09-11,115.9628
K,G,2020-09-14,116.0634
K,G,2020-09-15,115.9934
K,G,2020-09-16,115.8956
K,G,2020-09-17,115.6595
K,G,2020-09-18,115.6221
K,G,2020-09-21,115.5235
K,G,2020-09-22,115.5784
K,G,2020-09-23,115.3766
K,G,2020-09-24,115.1854
K,G,2020-09-25,114.8391
K,G,2020-09-28,114.9527
K,G,2020-09-29,115.231
K,G,2020-09-30,115.0914
K,G,2020-10-01,115.2165
K,G,2020-10-02,115.0479
K,G,2020-10-05,115.3784
K,G,2020-10-06,115.4514
K,G,2020-10-07,115.2363
K,G,2020-10-08,115.1587
K,G,2020-10-09,115.4315
K,G,2020-10-12,115.5404
K,G,2020-10-13,115.6933
K,G,2020-10-14,115.5166
K,G,2020-10-15,115.6476
K,G,2020-10-16,115.5776
K,G,2020-10-19,115.6136
K,G,2020-10-20,115.9426
K,G,2020-10-21,116.0682
K,G,2020-10-22,115.7176
K,G,2020-10-23,115.9738
K,G,2020-10-26,115.9745
K,G,2020-10-27,115.7779
K,G,2020-10-28,115.7982
K,G,2020-10-29,115.9574
K,G,2020-10-30,115.6839
K,G,2020-11-02,115.7667
K,G,2020-11-03,115.5092
K,G,2020-11-04,115.7064
K,G,2020-11-05,115.7581
K,G,2020-11-06,116.1101
K,G,2020-11-09,115.9939
K,G,2020-11-10,114.293
K,G,2020-11-11,114.1084
K,G,2020-11-12,114.5622
K,G,2020-11-13,114.4545
K,G,2020-11-16,114.6053
K,G,2020-11-17,114.4601
K,G,2020-11-18,114.3198
K,G,2020-11-19,114.2948
K,G,2020-11-20,114.315
K,G,2020-11-23,114.1915
K,G,2020-11-24,114.1896
K,G,2020-11-25,113.847
K,G,2020-11-26,114.2693
K,G,2020-11-27,114.4055
K,G,2020-11-30,114.5674
K,G,2020-12-01,114.1503
K,G,2020-12-02,114.5123
K,G,2020-12-03,114.9986
K,G,2020-12-04,114.869
K,G,2020-12-07,115.1417
K,G,2020-12-08,115.294
K,G,2020-12-09,115.3118
K,G,2020-12-10,115.459
K,G,2020-12-11,115.6759
K,G,2020-12-14,115.5143
K,G,2020-12-15,115.5574
K,G,2020-12-16,115.3627
K,G,2020-12-17,115.2645
K,G,2020-12-18,114.9218
K,G,2020-12-21,115.1502
K,G,2020-12-22,115.0213
K,G,2020-12-23,114.7158
K,G,2020-12-24,114.5917
K,G,2020-12-25,114.6099
K,G,2020-12-28,114.2285
K,G,2020-12-29,114.7082
K,G,2020-12-30,114.6087
K,G,2020-12-31,114.9528
K,G,2021-01-01,114.9548
K,G,2021-01-04,114.7969
K,G,2021-01-05,114.9744
K,G,2021-01-06,114.9511
K,G,2021-01-07,114.5177
K,G,2021-01-08,114.3365
K,G,2021-01-11,114.356
K,G,2021-01-12,114.209
K,G,2021-01-13,114.2599
K,G,2021-01-14,114.3957
K,G,2021-01-15,114.4193
K,G,2021-01-18,114.4742
K,G,2021-01-19,114.493
K,G,2021-01-20,114.2921
K,G,2021-01-21,114.287
K,G,2021-01-22,114.6008
K,G,2021-01-25,114.4564
K,G,2021-01-26,114.3152
K,G,2021-01-27,114.3124
K,G,2021-01-28,114.3964
K,G,2021-01-29,114.2987
K,G,2021-02-01,113.6708
K,G,2021-02-02,113.5926
K,G,2021-02-03,113.4806
K,G,2021-02-04,113.2181
K,G,2021-02-05,113.1183
K,G,2021-02-08,113.0712
K,G,2021-02-09,113.4326
K,G,2021-02-10,113.6287
K,G,2021-02-11,113.7447
K,G,2021-02-12,113.5605
K,G,2021-02-15,113.5245
K,G,2021-02-16,113.688
K,G,2021-02-17,113.3293
K,G,2021-02-18,113.0415
K,G,2021-02-19,112.9967
K,G,2021-02-22,112.5233
K,G,2021-02-23,112.1674
K,G,2021-02-24,111.213
K,G,2021-02-25,111.0381
K,G,2021-02-26,112.1364
K,G,2021-03-01,111.571
K,G,2021-03-02,110.9146
K,G,2021-03-03,110.7321
K,G,2021-03-04,110.2714
K,G,2021-03-05,110.1485
K,G,2021-03-08,110.0744
K,G,2021-03-09,109.8325
K,G,2021-03-10,110.258
K,G,2021-03-11,110.2847
K,G,2021-03-12,109.8705
K,G,2021-03-15,109.9881
K,G,2021-03-16,110.2498
K,G,2021-03-17,110.4237
K,G,2021-03-18,110.3126
K,G,2021-03-19,110.109
K,G,2021-03-22,110.4691
K,G,2021-03-23,110.3764
K,G,2021-03-24,110.014
K,G,2021-03-25,110.0487
K,G,2021-03-26,109.6318
K,G,2021-03-29,109.9867
K,G,2021-03-30,109.7004
K,G,2021-03-31,109.6718
K,G,2021-04-01,109.2989
K,G,2021-04-02,109.4553
K,G,2021-04-05,109.471
K,G,2021-04-06,109.679
K,G,2021-04-07,110.3966
K,G,2021-04-08,110.6644
K,G,2021-04-09,110.8565
K,G,2021-04-12,110.9329
K,G,2021-04-13,110.9426
K,G,2021-04-14,111.0991
K,G,2021-04-15,110.5901
K,G,2021-04-16,110.8496
K,G,2021-04-19,111.1434
K,G,2021-04-20,110.8812
K,G,2021-04-21,110.8392
K,G,2021-04-22,110.9341
K,G,2021-04-23,110.838
K,G,2021-04-26,110.7274
K,G,2021-04-27,110.5958
K,G,2021-04-28,110.6068
K,G,2021-04-29,110.9234
K,G,2021-04-30,111.1879
K,G,2021-05-03,111.0888
K,G,2021-05-04,110.9478
K,G,2021-05-05,110.908
K,G,2021-05-06,111.2996
K,G,2021-05-07,111.3283
K,G,2021-05-10,111.5672
K,G,2021-05-11,111.3505
K,G,2021-05-12,111.2287
K,G,2021-05-13,111.2574
K,G,2021-05-14,111.5575
K,G,2021-05-17,111.5058
K,G,2021-05-18,111.6206
K,G,2021-05-19,111.2943
K,G,2021-05-20,111.2677
K,G,2021-05-21,111.6006
K,G,2021-05-24,111.5482
K,G,2021-05-25,111.7715
K,G,2021-05-26,111.6768
K,G,2021-05-27,111.5028
K,G,2021-05-28,111.4196
K,G,2021-05-31,111.1571
K,G,2021-06-01,111.1457
K,G,2021-06-02,111.2209
K,G,2021-06-03,111.1639
K,G,2021-06-04,111.0826
K,G,2021-06-07,111.2894
K,G,2021-06-08,111.5873
K,G,2021-06-09,111.533
K,G,2021-06-10,111.6946
K,G,2021-06-11,111.6482
K,G,2021-06-14,111.6513
K,G,2021-06-15,111.7359
K,G,2021-06-16,111.658
K,G,2021-06-17,110.841
K,G,2021-06-18,110.4769
K,G,2021-06-21,110.413
K,G,2021-06-22,110.4733
K,G,2021-06-23,110.3492
K,G,2021-06-24,110.2382
K,G,2021-06-25,110.4342
K,G,2021-06-28,110.3296
K,G,2021-06-29,110.2228
K,G,2021-06-30,110.0483
K,G,2021-07-01,109.8621
K,G,2021-07-02,110.089
K,G,2021-07-05,110.2527
K,G,2021-07-06,110.1819
K,G,2021-07-07,110.3961
K,G,2021-07-08,111.1863
K,G,2021-07-09,111.3855
K,G,2021-07-12,111.2493
K,G,2021-07-13,111.1671
K,G,2021-07-14,111.1346
K,G,2021-07-15,111.5859
K,G,2021-07-16,110.8821
K,G,2021-07-19,111.0391
K,G,2021-07-20,111.3767
K,G,2021-07-21,111.1227
K,G,2021-07-22,111.273
K,G,2021-07-23,111.0378
K,G,2021-07-26,111.2835
K,G,2021-07-27,111.4541
K,G,2021-07-28,111.5732
K,G,2021-07-29,111.8521
K,G,2021-07-30,112.0105
K,G,2021-08-02,112.1141
K,G,2021-08-03,112.2195
K,G,2021-08-04,112.2325
K,G,2021-08-05,112.2348
K,G,2021-08-06,112.1897
K,G,2021-08-09,111.5035
K,G,2021-08-10,111.0853
K,G,2021-08-11,110.9053
K,G,2021-08-12,110.8845
K,G,2021-08-13,110.8501
K,G,2021-08-16,111.7042
K,G,2021-08-17,112.099
K,G,2021-08-18,112.1045
K,G,2021-08-19,112.0744
K,G,2021-08-20,112.0116
K,G,2021-08-23,112.1022
K,G,2021-08-24,112.123
K,G,2021-08-25,111.9323
K,G,2021-08-26,111.3819
K,G,2021-08-27,111.3177
K,G,2021-08-30,111.2464
K,G,2021-08-31,111.1888
K,G,2021-09-01,110.8553
K,G,2021-09-02,110.8953
K,G,2021-09-03,110.8495
K,G,2021-09-06,110.684
K,G,2021-09-07,110.8402
K,G,2021-09-08,110.5055
K,G,2021-09-09,110.53
K,G,2021-09-10,110.7421
K,G,2021-09-13,110.3862
K,G,2021-09-14,110.0935
K,G,2021-09-15,110.5325
K,G,2021-09-16,110.0518
K,G,2021-09-17,109.7001
K,G,2021-09-20,109.697
K,G,2021-09-21,110.1797
K,G,2021-09-22,110.619
K,G,2021-09-23,110.3898
K,G,2021-09-24,110.3488
K,G,2021-09-27,110.0205
K,G,2021-09-28,110.223
K,G,2021-09-29,110.2454
K,G,2021-09-30,109.9319
K,G,2021-10-01,110.2422
K,G,2021-10-04,110.3032
K,G,2021-10-05,110.6801
K,G,2021-10-06,110.553
K,G,2021-10-07,110.7204
K,G,2021-10-08,110.4234
K,G,2021-10-11,110.7326
K,G,2021-10-12,110.6647
K,G,2021-10-13,110.4978
K,G,2021-10-14,111.0851
K,G,2021-10-15,110.791
K,G,2021-10-18,110.5012
K,G,2021-10-19,110.8064
K,G,2021-10-20,110.3064
K,G,2021-10-21,110.7875
K,G,2021-10-22,111.1406
K,G,2021-10-25,111.009
K,G,2021-10-26,110.64
K,G,2021-10-27,111.1587
K,G,2021-10-28,111.0621
K,G,2021-10-29,111.6248
K,G,2021-11-01,111.6452
K,G,2021-11-02,111.8737
K,G,2021-11-03,112.0469
K,G,2021-11-04,111.9864
K,G,2021-11-05,111.8708
K,G,2021-11-08,111.6579
K,G,2021-11-09,111.5637
K,G,2021-11-10,111.7858
K,G,2021-11-11,111.4811
K,G,2021-11-12,111.3746
K,G,2021-11-15,111.51220000000001
K,G,2021-11-16,111.0759
K,G,2021-11-17,110.8213
K,G,2021-11-18,111.2264
K,G,2021-11-19,111.691
K,G,2021-11-22,111.5468
K,G,2021-11-23,111.371
K,G,2021-11-24,111.1953
K,G,2021-11-25,111.3144
K,G,2021-11-26,112.0676
K,G,2021-11-29,112.1556
K,G,2021-11-30,112.5175
K,G,2021-12-01,112.5256
K,G,2021-12-02,112.3534
K,G,2021-12-03,112.5541
K,G,2021-12-06,112.336
K,G,2021-12-07,112.2235
K,G,2021-12-08,111.9846
K,G,2021-12-09,112.1141
K,G,2021-12-10,112.0879
K,G,2021-12-13,111.9841
K,G,2021-12-14,112.4057
K,G,2021-12-15,112.1246
K,G,2021-12-16,111.9527
K,G,2021-12-17,112.6154
K,G,2021-12-20,112.3377
K,G,2021-12-21,112.176
K,G,2021-12-22,111.7017
K,G,2021-12-23,111.7084
K,G,2021-12-24,111.9931
K,G,2021-12-27,111.8259
K,G,2021-12-28,112.0292
K,G,2021-12-29,111.9995
K,G,2021-12-30,112.0828
K,G,2021-12-31,112.4951
K,G,2022-01-03,112.4612
K,G,2022-01-04,112.0226
K,G,2022-01-05,112.2449
K,G,2022-01-06,112.0448
K,G,2022-01-07,111.5845
K,G,2022-01-10,111.4526
K,G,2022-01-11,110.7728
K,G,2022-01-12,110.8617
K,G,2022-01-13,111.5139
K,G,2022-01-14,111.7727
K,G,2022-01-17,111.6714
K,G,2022-01-18,111.7263
K,G,2022-01-19,111.7982
K,G,2022-01-20,111.7806
K,G,2022-01-21,112.1947
K,G,2022-01-24,112.3632
K,G,2022-01-25,111.7319
K,G,2022-01-26,111.5575
K,G,2022-01-27,111.2701
K,G,2022-01-28,111.1486
K,G,2022-01-31,110.7379
K,G,2022-02-01,111.2696
K,G,2022-02-02,111.3211
K,G,2022-02-03,111.1312
K,G,2022-02-04,110.3587
K,G,2022-02-07,110.0977
K,G,2022-02-08,110.2463
K,G,2022-02-09,110.0528
K,G,2022-02-10,109.9028
K,G,2022-02-11,109.7239
K,G,2022-02-14,110.4722
K,G,2022-02-15,109.9931
K,G,2022-02-16,109.8286
K,G,2022-02-17,110.1819
K,G,2022-02-18,110.0894
K,G,2022-02-21,110.4574
K,G,2022-02-22,110.6354
K,G,2022-02-23,110.1256
K,G,2022-02-24,111.024
K,G,2022-02-25,110.547
K,G,2022-02-28,111.2438
K,G,2022-03-01,111.8173
K,G,2022-03-02,112.5827
K,G,2022-03-03,112.0608
K,G,2022-03-04,112.6101
K,G,2022-03-07,113.1669
K,G,2022-03-08,112.6343
K,G,2022-03-09,112.16
K,G,2022-03-10,111.7744
K,G,2022-03-11,111.7346
K,G,2022-03-14,111.4258
K,G,2022-03-15,110.6492
K,G,2022-03-16,110.1985
K,G,2022-03-17,109.8008
K,G,2022-03-18,110.4043
K,G,2022-03-21,110.9206
K,G,2022-03-22,110.5521
K,G,2022-03-23,110.5876
K,G,2022-03-24,110.8338
K,G,2022-03-25,111.4547
K,G,2022-03-28,110.4486
K,G,2022-03-29,110.3069
K,G,2022-03-30,110.5767
K,G,2022-03-31,110.668
K,G,2022-04-01,111.2021
K,G,2022-04-04,110.9862
K,G,2022-04-05,111.2691
K,G,2022-04-06,110.7932
K,G,2022-04-07,110.9573
K,G,2022-04-08,110.7723
K,G,2022-04-11,110.7478
K,G,2022-04-12,111.2173
K,G,2022-04-13,111.3914
K,G,2022-04-14,110.532
K,G,2022-04-15,110.2558
K,G,2022-04-18,110.0899
K,G,2022-04-19,109.7932
K,G,2022-04-20,109.4561
K,G,2022-04-21,109.0338
K,G,2022-04-22,108.9977
K,G,2022-04-25,109.1378
K,G,2022-04-26,109.2884
K,G,2022-04-27,109.2864
K,G,2022-04-28,109.1067
K,G,2022-04-29,108.9375
K,G,2022-05-02,108.8877
K,G,2022-05-03,108.2684
K,G,2022-05-04,107.8147
K,G,2022-05-05,107.5513
K,G,2022-05-06,107.463
K,G,2022-05-09,107.0635
K,G,2022-05-10,106.6522
K,G,2022-05-11,107.2079
K,G,2022-05-12,107.1049
K,G,2022-05-13,106.7208
K,G,2022-05-16,106.1712
K,G,2022-05-17,106.497
K,G,2022-05-18,106.3622
K,G,2022-05-19,108.6742
K,G,2022-05-20,108.2896
K,G,2022-05-23,108.2044
K,G,2022-05-24,108.7217
K,G,2022-05-25,108.847
K,G,2022-05-26,109.2472
K,G,2022-05-27,109.1886
K,G,2022-05-30,109.0092
K,G,2022-05-31,108.685
K,G,2022-06-01,108.8352
K,G,2022-06-02,109.1063
K,G,2022-06-03,108.9432
K,G,2022-06-06,108.5751
K,G,2022-06-07,107.5133
K,G,2022-06-08,107.1892
K,G,2022-06-09,106.9126
K,G,2022-06-10,107.4906
K,G,2022-06-13,107.1813
K,G,2022-06-14,107.6214
K,G,2022-06-15,106.5212
K,G,2022-06-16,108.7133
K,G,2022-06-17,109.7103
K,G,2022-06-20,109.7745
K,G,2022-06-21,109.44970000000001
K,G,2022-06-22,109.5844
K,G,2022-06-23,109.6968
K,G,2022-06-24,110.2588
K,G,2022-06-27,110.0781
K,G,2022-06-28,110.4911
K,G,2022-06-29,110.8523
K,G,2022-06-30,111.2646
K,G,2022-07-01,110.9937
K,G,2022-07-04,110.9159
K,G,2022-07-05,111.2088
K,G,2022-07-06,111.3094
K,G,2022-07-07,111.2814
K,G,2022-07-08,110.9693
K,G,2022-07-11,110.6906
K,G,2022-07-12,110.827
K,G,2022-07-13,111.2485
K,G,2022-07-14,110.8219
K,G,2022-07-15,111.2678
K,G,2022-07-18,111.2037
K,G,2022-07-19,111.0148
K,G,2022-07-20,111.0975
K,G,2022-07-21,111.0832
K,G,2022-07-22,111.7888
K,G,2022-07-25,111.8055
K,G,2022-07-26,111.7829
K,G,2022-07-27,112.5594
K,G,2022-07-28,112.3828
K,G,2022-07-29,112.7999
K,G,2022-08-01,112.8806
K,G,2022-08-02,112.7321
K,G,2022-08-03,112.1781
K,G,2022-08-04,111.9474
K,G,2022-08-05,112.2893
K,G,2022-08-08,112.2795
K,G,2022-08-09,112.6173
K,G,2022-08-10,112.7813
K,G,2022-08-11,113.2679
K,G,2022-08-12,113.3433
K,G,2022-08-15,113.4248
K,G,2022-08-16,113.4832
K,G,2022-08-17,112.9346
K,G,2022-08-18,112.7618
K,G,2022-08-19,112.8777
K,G,2022-08-22,113.1794
K,G,2022-08-23,112.7648
K,G,2022-08-24,113.0541
K,G,2022-08-25,112.6503
K,G,2022-08-26,112.4591
K,G,2022-08-29,112.501
K,G,2022-08-30,111.7343
K,G,2022-08-31,111.2388
K,G,2022-09-01,111.1255
K,G,2022-09-02,111.0676
K,G,2022-09-05,111.1172
K,G,2022-09-06,111.1217
K,G,2022-09-07,111.2335
K,G,2022-09-08,111.5076
K,G,2022-09-09,112.7588
K,G,2022-09-12,112.5541
K,G,2022-09-13,113.0195
K,G,2022-09-14,113.0429
K,G,2022-09-15,113.0311
K,G,2022-09-16,113.0611
K,G,2022-09-19,112.5982
K,G,2022-09-20,112.4042
K,G,2022-09-21,113.2912
K,G,2022-09-22,112.5025
K,G,2022-09-23,112.3936
K,G,2022-09-26,112.7344
K,G,2022-09-27,112.71
K,G,2022-09-28,112.8642
K,G,2022-09-29,113.2608
K,G,2022-09-30,112.5953
K,G,2022-10-03,111.4766
K,G,2022-10-04,110.8927
K,G,2022-10-05,111.1488
K,G,2022-10-06,111.5061
K,G,2022-10-07,111.2168
K,G,2022-10-10,111.2553
K,G,2022-10-11,111.0039
K,G,2022-10-12,111.4948
K,G,2022-10-13,111.0457
K,G,2022-10-14,110.5127
K,G,2022-10-17,110.4016
K,G,2022-10-18,110.5514
K,G,2022-10-19,110.2782
K,G,2022-10-20,109.8588
K,G,2022-10-21,109.6808
K,G,2022-10-24,110.0405
K,G,2022-10-25,109.8408
K,G,2022-10-26,110.1219
K,G,2022-10-27,109.9881
K,G,2022-10-28,109.9226
K,G,2022-10-31,109.5371
K,G,2022-11-01,110.1301
K,G,2022-11-02,109.9138
K,G,2022-11-03,109.3122
K,G,2022-11-04,109.3091
K,G,2022-11-07,109.7958
K,G,2022-11-08,110.0414
K,G,2022-11-09,110.0848
K,G,2022-11-10,110.4726
K,G,2022-11-11,111.2448
K,G,2022-11-14,112.5417
K,G,2022-11-15,112.6585
K,G,2022-11-16,112.4544
K,G,2022-11-17,112.1707
K,G,2022-11-18,111.6073
K,G,2022-11-21,111.6892
K,G,2022-11-22,111.722
K,G,2022-11-23,111.9189
K,G,2022-11-24,112.1374
K,G,2022-11-25,112.0266
K,G,2022-11-28,112.1133
K,G,2022-11-29,111.459
K,G,2022-11-30,111.4862
K,G,2022-12-01,111.5996
K,G,2022-12-02,111.9535
K,G,2022-12-05,111.866
K,G,2022-12-06,111.4208
K,G,2022-12-07,111.7801
K,G,2022-12-08,111.4984
K,G,2022-12-09,112.0297
K,G,2022-12-12,112.2038
K,G,2022-12-13,111.9574
K,G,2022-12-14,112.2176
K,G,2022-12-15,112.4121
K,G,2022-12-16,112.5897
K,G,2022-12-19,112.3929
K,G,2022-12-20,112.7524
K,G,2022-12-21,112.8799
K,G,2022-12-22,113.1277
K,G,2022-12-23,112.3524
K,G,2022-12-26,112.2493
K,G,2022-12-27,112.4054
K,G,2022-12-28,112.4897
K,G,2022-12-29,113.1351
K,G,2022-12-30,113.1033
K,G,2023-01-02,112.7434
K,G,2023-01-03,112.0254
K,G,2023-01-04,112.7532
K,G,2023-01-05,112.7612
K,G,2023-01-06,111.8754
K,G,2023-01-09,112.4227
K,G,2023-01-10,112.5672
K,G,2023-01-11,112.2381
K,G,2023-01-12,111.0408
K,G,2023-01-13,110.7272
K,G,2023-01-16,111.3256
K,G,2023-01-17,111.6643
K,G,2023-01-18,112.4813
K,G,2023-01-19,112.4661
K,G,2023-01-20,111.9018
K,G,2023-01-23,111.7794
K,G,2023-01-24,111.5753
K,G,2023-01-25,111.3067
K,G,2023-01-26,111.6491
K,G,2023-01-27,111.4684
K,G,2023-01-30,111.5331
K,G,2023-01-31,111.166
K,G,2023-02-01,112.0604
K,G,2023-02-02,112.3844
K,G,2023-02-03,112.2193
K,G,2023-02-06,112.1614
K,G,2023-02-07,112.1565
K,G,2023-02-08,112.7985
K,G,2023-02-09,112.6801
K,G,2023-02-10,112.4937
K,G,2023-02-13,112.7211
K,G,2023-02-14,113.0091
K,G,2023-02-15,112.5883
K,G,2023-02-16,112.7383
K,G,2023-02-17,112.1005
K,G,2023-02-20,112.691
K,G,2023-02-21,112.7389
K,G,2023-02-22,112.531
K,G,2023-02-23,112.1001
K,G,2023-02-24,111.9586
K,G,2023-02-27,111.4798
K,G,2023-02-28,111.5564
K,G,2023-03-01,111.2006
K,G,2023-03-02,110.8506
K,G,2023-03-03,111.3168
K,G,2023-03-06,111.6827
K,G,2023-03-07,111.7215
K,G,2023-03-08,111.3921
K,G,2023-03-09,111.8118
K,G,2023-03-10,112.5549
K,G,2023-03-13,113.9493
K,G,2023-03-14,113.8991
K,G,2023-03-15,113.2688
K,G,2023-03-16,112.533
K,G,2023-03-17,112.3635
K,G,2023-03-20,111.8049
K,G,2023-03-21,111.6643
K,G,2023-03-22,112.0158
K,G,2023-03-23,112.0485
K,G,2023-03-24,112.627
K,G,2023-03-27,112.6778
K,G,2023-03-28,112.2849
K,G,2023-03-29,111.8412
K,G,2023-03-30,112.0107
K,G,2023-03-31,111.913
K,G,2023-04-03,112.0232
K,G,2023-04-04,112.2362
K,G,2023-04-05,112.9286
K,G,2023-04-06,113.2683
K,G,2023-04-07,113.2816
K,G,2023-04-10,113.1344
K,G,2023-04-11,113.3384
K,G,2023-04-12,113.4389
K,G,2023-04-13,114.2804
K,G,2023-04-14,114.3999
K,G,2023-04-17,114.1393
K,G,2023-04-18,113.8826
K,G,2023-04-19,113.8342
K,G,2023-04-20,114.0647
K,G,2023-04-21,114.3876
K,G,2023-04-24,114.6112
K,G,2023-04-25,114.9397
K,G,2023-04-26,114.4787
K,G,2023-04-27,114.1082
K,G,2023-04-28,113.9867
K,G,2023-05-01,114.0947
K,G,2023-05-02,113.7667
K,G,2023-05-03,114.6852
K,G,2023-05-04,114.5867
K,G,2023-05-05,113.9572
K,G,2023-05-08,114.3456
K,G,2023-05-09,114.1634
K,G,2023-05-10,114.4717
K,G,2023-05-11,114.0438
K,G,2023-05-12,114.6648
K,G,2023-05-15,114.2653
K,G,2023-05-16,114.6895
K,G,2023-05-17,114.2538
K,G,2023-05-18,114.2678
K,G,2023-05-19,114.1631
K,G,2023-05-22,114.961
K,G,2023-05-23,114.5968
K,G,2023-05-24,114.3956
K,G,2023-05-25,114.2827
K,G,2023-05-26,114.5286
K,G,2023-05-29,114.5996
K,G,2023-05-30,114.5629
K,G,2023-05-31,114.0755
K,G,2023-06-01,114.0263
K,G,2023-06-02,114.0382
K,G,2023-06-05,113.8328
K,G,2023-06-06,114.3283
K,G,2023-06-07,114.4252
K,G,2023-06-08,114.0276
K,G,2023-06-09,114.7863
K,G,2023-06-12,114.4089
K,G,2023-06-13,114.0037
K,G,2023-06-14,114.0472
K,G,2023-06-15,114.0123
K,G,2023-06-16,114.7799
K,G,2023-06-19,114.4749
K,G,2023-06-20,114.1716
K,G,2023-06-21,114.3185
K,G,2023-06-22,114.268
K,G,2023-06-23,114.3962
K,G,2023-06-26,114.9956
K,G,2023-06-27,114.7661
K,G,2023-06-28,114.8281
K,G,2023-06-29,114.8088
K,G,2023-06-30,114.7097
K,G,2023-07-03,114.6482
K,G,2023-07-04,114.8743
K,G,2023-07-05,114.6768
K,G,2023-07-06,114.88720000000001
K,G,2023-07-07,115.0671
K,G,2023-07-10,115.32
K,G,2023-07-11,115.9246
K,G,2023-07-12,116.1568
K,G,2023-07-13,117.1784
K,G,2023-07-14,117.4527
K,G,2023-07-17,117.2759
K,G,2023-07-18,117.2816
K,G,2023-07-19,117.5331
K,G,2023-07-20,117.6536
K,G,2023-07-21,117.0586
K,G,2023-07-24,117.1717
K,G,2023-07-25,116.9494
K,G,2023-07-26,117.6125
K,G,2023-07-27,118.0484
K,G,2023-07-28,117.0893
K,G,2023-07-31,116.75
K,G,2023-08-01,116.5501
K,G,2023-08-02,116.3525
K,G,2023-08-03,116.8057
K,G,2023-08-04,116.699
K,G,2023-08-07,116.7222
K,G,2023-08-08,117.0109
K,G,2023-08-09,116.8742
K,G,2023-08-10,116.9328
K,G,2023-08-11,116.6747
K,G,2023-08-14,117.0145
K,G,2023-08-15,117.374
K,G,2023-08-16,117.0473
K,G,2023-08-17,117.2066
K,G,2023-08-18,117.0377
K,G,2023-08-21,116.9514
K,G,2023-08-22,117.088
K,G,2023-08-23,117.2145
K,G,2023-08-24,117.0313
K,G,2023-08-25,116.6406
K,G,2023-08-28,116.8047
K,G,2023-08-29,116.6401
K,G,2023-08-30,117.0469
K,G,2023-08-31,116.7527
K,G,2023-09-01,116.6429
K,G,2023-09-04,116.7769
K,G,2023-09-05,116.7679
K,G,2023-09-06,116.6412
K,G,2023-09-07,116.6229
K,G,2023-09-08,116.7247
K,G,2023-09-11,116.4218
K,G,2023-09-12,116.4844
K,G,2023-09-13,116.2161
K,G,2023-09-14,116.1242
K,G,2023-09-15,116.2272
K,G,2023-09-18,116.2138
K,G,2023-09-19,116.1041
K,G,2023-09-20,115.9461
K,G,2023-09-21,114.9499
K,G,2023-09-22,115.1655
K,G,2023-09-25,114.8373
K,G,2023-09-26,114.7369
K,G,2023-09-27,114.4479
K,G,2023-09-28,114.4682
K,G,2023-09-29,114.9696
K,G,2023-10-02,115.0791
K,G,2023-10-03,114.5712
K,G,2023-10-04,114.7689
K,G,2023-10-05,114.774
K,G,2023-10-06,115.1049
K,G,2023-10-09,115.4576
K,G,2023-10-10,115.8443
K,G,2023-10-11,115.9077
K,G,2023-10-12,116.1217
K,G,2023-10-13,115.788
K,G,2023-10-16,116.3848
K,G,2023-10-17,116.394
K,G,2023-10-18,116.5937
K,G,2023-10-19,116.9307
K,G,2023-10-20,117.6526
K,G,2023-10-23,117.3758
K,G,2023-10-24,117.1256
K,G,2023-10-25,117.1247
K,G,2023-10-26,116.7983
K,G,2023-10-27,116.5086
K,G,2023-10-30,116.0187
K,G,2023-10-31,115.7199
K,G,2023-11-01,115.4054
K,G,2023-11-02,115.7004
K,G,2023-11-03,115.3291
K,G,2023-11-06,115.5409
K,G,2023-11-07,115.4859
K,G,2023-11-08,115.378
K,G,2023-11-09,115.3688
K,G,2023-11-10,115.3602
K,G,2023-11-13,115.3051
K,G,2023-11-14,115.1836
K,G,2023-11-15,115.7056
K,G,2023-11-16,115.7251
K,G,2023-11-17,115.8502
K,G,2023-11-20,115.849
K,G,2023-11-21,115.5267
K,G,2023-11-22,115.8045
K,G,2023-11-23,115.8582
K,G,2023-11-24,115.8301
K,G,2023-11-27,115.8768
K,G,2023-11-28,115.9786
K,G,2023-11-29,116.1718
K,G,2023-11-30,116.7425
K,G,2023-12-01,117.039
K,G,2023-12-04,117.2674
K,G,2023-12-05,117.4494
K,G,2023-12-06,117.614
K,G,2023-12-07,117.742
K,G,2023-12-08,117.5019
K,G,2023-12-11,117.1598
K,G,2023-12-12,117.1013
K,G,2023-12-13,117.4458
K,G,2023-12-14,117.3456
K,G,2023-12-15,117.5256
K,G,2023-12-18,117.6037
K,G,2023-12-19,117.8529
K,G,2023-12-20,118.3237
K,G,2023-12-21,118.4192
K,G,2023-12-22,118.8625
K,G,2023-12-25,118.9491
K,G,2023-12-26,119.0335
K,G,2023-12-27,119.1217
K,G,2023-12-28,120.9464
K,G,2023-12-29,120.7382
K,G,2024-01-01,120.4589
K,G,2024-01-02,120.171
K,G,2024-01-03,119.8942
K,G,2024-01-04,119.9808
K,G,2024-01-05,119.8559
K,G,2024-01-08,120.0161
K,G,2024-01-09,120.0724
K,G,2024-01-10,119.7735
K,G,2024-01-11,119.8285
K,G,2024-01-12,119.3931
K,G,2024-01-15,119.51220000000001
K,G,2024-01-16,119.0703
K,G,2024-01-17,119.0177
K,G,2024-01-18,118.6188
K,G,2024-01-19,118.0193
K,G,2024-01-22,118.025
K,G,2024-01-23,117.9778
K,G,2024-01-24,118.229
K,G,2024-01-25,118.527
K,G,2024-01-26,118.5657
K,G,2024-01-29,119.0852
K,G,2024-01-30,118.8797
K,G,2024-01-31,118.9136
K,G,2024-02-01,119.0416
K,G,2024-02-02,119.3109
K,G,2024-02-05,118.3756
K,G,2024-02-06,118.2276
K,G,2024-02-07,118.0575
K,G,2024-02-08,117.7942
K,G,2024-02-09,117.5078
K,G,2024-02-12,117.4864
K,G,2024-02-13,116.8605
K,G,2024-02-14,116.3577
K,G,2024-02-15,116.6836
K,G,2024-02-16,116.7194
K,G,2024-02-19,116.6571
K,G,2024-02-20,116.4526
K,G,2024-02-21,116.5278
K,G,2024-02-22,116.6416
K,G,2024-02-23,116.3256
K,G,2024-02-26,116.3843
K,G,2024-02-27,116.3166
K,G,2024-02-28,116.4224
K,G,2024-02-29,116.5315
K,G,2024-03-01,115.8096
K,G,2024-03-04,115.9264
K,G,2024-03-05,115.5303
K,G,2024-03-06,115.6247
K,G,2024-03-07,115.9146
K,G,2024-03-08,116.191
K,G,2024-03-11,116.1599
K,G,2024-03-12,116.3033
K,G,2024-03-13,116.0685
K,G,2024-03-14,115.791
K,G,2024-03-15,115.724
K,G,2024-03-18,115.6312
K,G,2024-03-19,115.5889
K,G,2024-03-20,115.2047
K,G,2024-03-21,114.2609
K,G,2024-03-22,114.2008
K,G,2024-03-25,114.4911
K,G,2024-03-26,113.8891
K,G,2024-03-27,113.548
K,G,2024-03-28,113.7425
K,G,2024-03-29,113.7243
K,G,2024-04-01,113.7037
K,G,2024-04-02,113.6791
K,G,2024-04-03,113.4807
K,G,2024-04-04,113.2415
K,G,2024-04-05,113.6846
K,G,2024-04-08,113.4856
K,G,2024-04-09,113.3834
K,G,2024-04-10,113.4324
K,G,2024-04-11,112.9864
K,G,2024-04-12,113.4868
K,G,2024-04-15,113.649
K,G,2024-04-16,113.8817
K,G,2024-04-17,114.1914
K,G,2024-04-18,114.1308
K,G,2024-04-19,114.3694
K,G,2024-04-22,114.0018
K,G,2024-04-23,113.7812
K,G,2024-04-24,113.3
K,G,2024-04-25,113.2389
K,G,2024-04-26,113.3407
K,G,2024-04-29,113.4242
K,G,2024-04-30,113.3157
K,G,2024-05-01,113.2775
K,G,2024-05-02,113.2475
K,G,2024-05-03,113.5335
K,G,2024-05-06,113.7098
K,G,2024-05-07,113.3458
K,G,2024-05-08,113.4883
K,G,2024-05-09,113.482
K,G,2024-05-10,113.4754
K,G,2024-05-13,113.4325
K,G,2024-05-14,113.2999
K,G,2024-05-15,113.2409
K,G,2024-05-16,113.2816
K,G,2024-05-17,112.6264
K,G,2024-05-20,112.4826
K,G,2024-05-21,112.3448
K,G,2024-05-22,112.0626
K,G,2024-05-23,111.9431
K,G,2024-05-24,111.9968
K,G,2024-05-27,111.8451
K,G,2024-05-28,112.0177
K,G,2024-05-29,112.1224
K,G,2024-05-30,113.0182
K,G,2024-05-31,113.0677
K,G,2024-06-03,113.4263
K,G,2024-06-04,114.1553
K,G,2024-06-05,114.5344
K,G,2024-06-06,114.4921
K,G,2024-06-07,114.7713
K,G,2024-06-10,114.6569
K,G,2024-06-11,114.7015
K,G,2024-06-12,114.6852
K,G,2024-06-13,114.4736
K,G,2024-06-14,115.5513
K,G,2024-06-17,115.5569
K,G,2024-06-18,115.8132
K,G,2024-06-19,116.1752
K,G,2024-06-20,115.6473
K,G,2024-06-21,115.5472
K,G,2024-06-24,115.1585
K,G,2024-06-25,115.0074
K,G,2024-06-26,114.8294
K,G,2024-06-27,114.7824
K,G,2024-06-28,114.475
K,G,2024-07-01,114.011
K,G,2024-07-02,113.8637
K,G,2024-07-03,113.6461
K,G,2024-07-04,113.5857
K,G,2024-07-05,113.7707
K,G,2024-07-08,114.0391
K,G,2024-07-09,113.7253
K,G,2024-07-10,113.9088
K,G,2024-07-11,113.5317
K,G,2024-07-12,113.5226
K,G,2024-07-15,113.6093
K,G,2024-07-16,113.5687
K,G,2024-07-17,114.2418
K,G,2024-07-18,114.7172
K,G,2024-07-19,114.5774
K,G,2024-07-22,114.6058
K,G,2024-07-23,114.3274
K,G,2024-07-24,114.668
K,G,2024-07-25,115.6433
K,G,2024-07-26,115.297
K,G,2024-07-29,115.2185
K,G,2024-07-30,115.1353
K,G,2024-07-31,115.6602
K,G,2024-08-01,116.2924
K,G,2024-08-02,116.9321
K,G,2024-08-05,119.0003
K,G,2024-08-06,118.577
K,G,2024-08-07,118.1302
K,G,2024-08-08,117.9812
K,G,2024-08-09,117.0557
K,G,2024-08-12,116.6509
K,G,2024-08-13,116.7712
K,G,2024-08-14,116.7978
K,G,2024-08-15,116.3679
K,G,2024-08-16,116.1608
K,G,2024-08-19,116.1955
K,G,2024-08-20,116.5615
K,G,2024-08-21,117.0599
K,G,2024-08-22,117.439
K,G,2024-08-23,117.4476
K,G,2024-08-26,117.8049
K,G,2024-08-27,117.6605
K,G,2024-08-28,118.3626
K,G,2024-08-29,118.4457
K,G,2024-08-30,117.9038
K,G,2024-09-02,117.8686
K,G,2024-09-03,117.5601
K,G,2024-09-04,118.1423
K,G,2024-09-05,118.1118
K,G,2024-09-06,118.6582
K,G,2024-09-09,118.1682
K,G,2024-09-10,118.2356
K,G,2024-09-11,118.499
K,G,2024-09-12,117.4676
K,G,2024-09-13,117.6633
K,G,2024-09-16,117.9313
K,G,2024-09-17,117.9358
K,G,2024-09-18,117.9496
K,G,2024-09-19,117.398
K,G,2024-09-20,117.1529
K,G,2024-09-23,117.0517
K,G,2024-09-24,117.1023
K,G,2024-09-25,116.981
K,G,2024-09-26,116.7841
K,G,2024-09-27,117.3026
K,G,2024-09-30,117.19970000000001
K,G,2024-10-01,117.2762
K,G,2024-10-02,117.5989
K,G,2024-10-03,117.3403
K,G,2024-10-04,117.2779
K,G,2024-10-07,116.7731
K,G,2024-10-08,117.2356
K,G,2024-10-09,117.0732
K,G,2024-10-10,116.8195
K,G,2024-10-11,117.2899
K,G,2024-10-14,116.9079
K,G,2024-10-15,116.8193
K,G,2024-10-16,116.9512
K,G,2024-10-17,116.7936
K,G,2024-10-18,116.5998
K,G,2024-10-21,116.7434
K,G,2024-10-22,116.8545
K,G,2024-10-23,116.9852
K,G,2024-10-24,117.01220000000001
K,G,2024-10-25,116.7908
K,G,2024-10-28,116.8233
K,G,2024-10-29,116.9696
K,G,2024-10-30,116.6996
K,G,2024-10-31,116.7991
K,G,2024-11-01,116.5434
K,G,2024-11-04,116.851
K,G,2024-11-05,117.0507
K,G,2024-11-06,116.344
K,G,2024-11-07,116.036
K,G,2024-11-08,116.3364
K,G,2024-11-11,116.162
K,G,2024-11-12,116.0598
K,G,2024-11-13,116.0225
K,G,2024-11-14,115.8889
K,G,2024-11-15,115.7242
K,G,2024-11-18,116.043
K,G,2024-11-19,116.3551
K,G,2024-11-20,116.0718
K,G,2024-11-21,116.4998
K,G,2024-11-22,116.4965
K,G,2024-11-25,115.9636
K,G,2024-11-26,116.3013
K,G,2024-11-27,116.5916
K,G,2024-11-28,116.2354
K,G,2024-11-29,116.4604
K,G,2024-12-02,116.1045
K,G,2024-12-03,116.1728
K,G,2024-12-04,115.9885
K,G,2024-12-05,116.0244
K,G,2024-12-06,116.4874
K,G,2024-12-09,116.4233
K,G,2024-12-10,116.5372
K,G,2024-12-11,116.2404
K,G,2024-12-12,115.7793
K,G,2024-12-13,115.1007
K,G,2024-12-16,115.4784
K,G,2024-12-17,114.6887
K,G,2024-12-18,115.0923
K,G,2024-12-19,115.3801
K,G,2024-12-20,115.6999
K,G,2024-12-23,115.4413
K,G,2024-12-24,114.8978
K,G,2024-12-25,114.9074
K,G,2024-12-26,114.9175
K,G,2024-12-27,114.9275
K,G,2024-12-30,114.5851
K,G,2024-12-31,114.4167
K,G,2025-01-01,114.458
K,G,2025-01-02,114.5021
K,G,2025-01-03,114.5474
K,G,2025-01-06,114.5503
K,G,2025-01-07,114.2679
K,G,2025-01-08,113.9985
K,G,2025-01-09,114.2045
K,G,2025-01-10,113.9767
K,G,2025-01-13,114.2959
K,G,2025-01-14,114.0087
K,G,2025-01-15,114.1575
K,G,2025-01-16,114.3539
K,G,2025-01-17,114.323
K,G,2025-01-20,113.9349
K,G,2025-01-21,113.9253
K,G,2025-01-22,114.0584
K,G,2025-01-23,113.9373
K,G,2025-01-24,113.6653
K,G,2025-01-27,114.0602
K,G,2025-01-28,113.8557
K,G,2025-01-29,113.9642
K,G,2025-01-30,113.7136
K,G,2025-01-31,113.5123
K,G,2025-02-03,113.7083
K,G,2025-02-04,113.9081
K,G,2025-02-05,114.3168
K,G,2025-02-06,114.3087
K,G,2025-02-07,113.9449
K,G,2025-02-10,113.8383
K,G,2025-02-11,113.6656
K,G,2025-02-12,113.5282
K,G,2025-02-13,113.4883
K,G,2025-02-14,113.7404
K,G,2025-02-17,113.9221
K,G,2025-02-18,113.998
K,G,2025-02-19,113.6175
K,G,2025-02-20,113.8004
K,G,2025-02-21,113.9727
K,G,2025-02-24,113.9037
K,G,2025-02-25,114.3135
K,G,2025-02-26,114.337
K,G,2025-02-27,114.0776
K,G,2025-02-28,114.1589
K,G,2025-03-03,114.1317
K,G,2025-03-04,114.7819
K,G,2025-03-05,114.3069
K,G,2025-03-06,113.745
K,G,2025-03-07,114.2532
K,G,2025-03-10,114.6154
K,G,2025-03-11,113.7346
K,G,2025-03-12,113.4346
K,G,2025-03-13,113.744
K,G,2025-03-14,113.5674
K,G,2025-03-17,113.4613
K,G,2025-03-18,113.5181
K,G,2025-03-19,114.0833
K,G,2025-03-20,113.8371
K,G,2025-03-21,113.8104
K,G,2025-03-24,113.8892
K,G,2025-03-25,113.8818
K,G,2025-03-26,113.8473
K,G,2025-03-27,113.9417
K,G,2025-03-28,114.1097
K,G,2025-03-31,114.0824
K,G,2025-04-01,113.9333
K,G,2025-04-02,113.7358
K,G,2025-04-03,114.91
K,G,2025-04-04,116.4585
K,G,2025-04-07,117.4749
K,G,2025-04-08,116.772
K,G,2025-04-09,118.5803
K,G,2025-04-10,117.8383
K,G,2025-04-11,120.3798
K,G,2025-04-14,119.8092
K,G,2025-04-15,120.3207
K,G,2025-04-16,119.7758
K,G,2025-04-17,119.7555
K,G,2025-04-18,119.771
K,G,2025-04-21,119.7947
K,G,2025-04-22,119.8123
K,G,2025-04-23,118.6806
K,G,2025-04-24,118.1073
K,G,2025-04-25,117.6941
K,G,2025-04-28,117.7045
K,G,2025-04-29,118.131
K,G,2025-04-30,118.1064
K,G,2025-05-01,118.1808
K,G,2025-05-02,118.2442
K,G,2025-05-05,118.3465
K,G,2025-05-06,118.3975
K,G,2025-05-07,118.0242
K,G,2025-05-08,118.352
K,G,2025-05-09,117.9983
K,G,2025-05-12,117.0228
K,G,2025-05-13,117.3809
K,G,2025-05-14,117.1549
K,G,2025-05-15,117.2298
K,G,2025-05-16,117.4487
K,G,2025-05-19,117.3934
K,G,2025-05-20,117.5708
K,G,2025-05-21,118.0878
K,G,2025-05-22,118.0644
K,G,2025-05-23,117.714
K,G,2025-05-26,118.0801
K,G,2025-05-27,117.8765
K,G,2025-05-28,117.7348
K,G,2025-05-29,117.9684
K,G,2025-05-30,118.2012
K,G,2025-06-02,118.5405
K,G,2025-06-03,118.4291
K,G,2025-06-04,118.0043
K,G,2025-06-05,118.1254
K,G,2025-06-06,117.9209
K,G,2025-06-09,118.0058
K,G,2025-06-10,118.09
K,G,2025-06-11,117.8411
K,G,2025-06-12,118.2788
K,G,2025-06-13,118.6881
K,G,2025-06-16,118.481
K,G,2025-06-17,118.5405
K,G,2025-06-18,118.247
K,G,2025-06-19,118.5606
K,G,2025-06-20,118.3063
K,G,2025-06-23,118.3829
K,G,2025-06-24,118.4826
K,G,2025-06-25,119.2355
K,G,2025-06-26,119.388
K,G,2025-06-27,119.6282
K,G,2025-06-30,119.6514
K,G,2025-07-01,120.3726
K,G,2025-07-02,120.1807
K,G,2025-07-03,120.1199
K,G,2025-07-04,119.9934
K,G,2025-07-07,119.8166
K,G,2025-07-08,119.7719
K,G,2025-07-09,119.9933
K,G,2025-07-10,120.0607
K,G,2025-07-11,119.9931
K,G,2025-07-14,120.0892
K,G,2025-07-15,120.2511
K,G,2025-07-16,119.8198
K,G,2025-07-17,119.5953
K,G,2025-07-18,119.5589
K,G,2025-07-21,119.7654
K,G,2025-07-22,119.9106
K,G,2025-07-23,120.2811
K,G,2025-07-24,119.9013
K,G,2025-07-25,119.7937
K,G,2025-07-28,119.7076
K,G,2025-07-29,119.4416
K,G,2025-07-30,119.6071
K,G,2025-07-31,119.0321
K,G,2025-08-01,118.9918
K,G,2025-08-04,118.9567
K,G,2025-08-05,118.7676
K,G,2025-08-06,118.861
K,G,2025-08-07,118.5954
K,G,2025-08-08,118.4089
K,G,2025-08-11,118.3175
K,G,2025-08-12,118.3179
K,G,2025-08-13,118.6201
K,G,2025-08-14,118.3586
K,G,2025-08-15,118.5558
K,G,2025-08-18,118.2453
K,G,2025-08-19,118.4677
K,G,2025-08-20,118.4193
K,G,2025-08-21,118.7509
K,G,2025-08-22,118.4705
K,G,2025-08-25,118.8837
K,G,2025-08-26,118.6604
K,G,2025-08-27,118.8524
K,G,2025-08-28,119.2157
K,G,2025-08-29,119.1478
K,G,2025-09-01,119.0959
K,G,2025-09-02,118.8518
K,G,2025-09-03,118.8028
K,G,2025-09-04,118.7003
K,G,2025-09-05,118.6875
K,G,2025-09-08,119.4757
K,G,2025-09-09,119.6656
K,G,2025-09-10,119.3438
K,G,2025-09-11,119.1322
K,G,2025-09-12,119.2341
K,G,2025-09-15,119.2288
K,G,2025-09-16,119.4533
K,G,2025-09-17,119.9263
K,G,2025-09-18,119.7215
K,G,2025-09-19,119.2306
K,G,2025-09-22,119.3823
K,G,2025-09-23,119.5149
K,G,2025-09-24,119.3874
K,G,2025-09-25,119.2503
K,G,2025-09-26,119.1737
K,G,2025-09-29,119.2885
K,G,2025-09-30,119.0962
K,G,2025-10-01,119.1415
K,G,2025-10-02,118.9853
K,G,2025-10-03,119.129
K,G,2025-10-06,119.1776
K,G,2025-10-07,119.3014
K,G,2025-10-08,119.0993
K,G,2025-10-09,118.9672
K,G,2025-10-10,118.7099
K,G,2025-10-13,118.8768
K,G,2025-10-14,119.1592
K,G,2025-10-15,119.1691
K,G,2025-10-16,119.4302
K,G,2025-10-17,120.3905
K,G,2025-10-20,120.0279
K,G,2025-10-21,120.0975
K,G,2025-10-22,119.9055
K,G,2025-10-23,119.6817
K,G,2025-10-24,119.8532
K,G,2025-10-27,119.6209
K,G,2025-10-28,119.8605
K,G,2025-10-29,119.5485
K,G,2025-10-30,119.3708
K,G,2025-10-31,119.2094
K,G,2025-11-03,118.7157
K,G,2025-11-04,118.6188
K,G,2025-11-05,118.4529
K,G,2025-11-06,118.4674
K,G,2025-11-07,118.4684
K,G,2025-11-10,118.5287
K,G,2025-11-11,118.9589
K,G,2025-11-12,119.4959
K,G,2025-11-13,119.7476
K,G,2025-11-14,120.2578
K,G,2025-11-17,120.022
K,G,2025-11-18,119.8435
K,G,2025-11-19,119.1862
K,G,2025-11-20,118.824
K,G,2025-11-21,118.9128
K,G,2025-11-24,118.5953
K,G,2025-11-25,118.1469
K,G,2025-11-26,118.33
K,G,2025-11-27,118.3631
K,G,2025-11-28,118.2816
K,G,2025-12-01,118.4905
K,G,2025-12-02,118.3675
K,G,2025-12-03,118.4807
K,G,2025-12-04,118.5552
K,G,2025-12-05,118.1671
K,G,2025-12-08,118.0322
K,G,2025-12-09,117.7914
K,G,2025-12-10,117.9553
K,G,2025-12-11,118.6272
K,G,2025-12-12,118.9476
K,G,2025-12-15,118.6619
K,G,2025-12-16,118.6306
K,G,2025-12-17,118.5903
K,G,2025-12-18,118.7405
K,G,2025-12-19,118.9751
K,G,2025-12-22,119.079
K,G,2025-12-23,119.4188
K,G,2025-12-24,119.5958
K,G,2025-12-25,119.5377
K,G,2025-12-26,119.4717
K,G,2025-12-29,119.4118
K,G,2025-12-30,119.3657
K,G,2025-12-31,118.8782
K,G,2026-01-01,118.8074
K,G,2026-01-02,118.7409
K,G,2026-01-05,118.6706
K,G,2026-01-06,118.9753
K,G,2026-01-07,118.6425
K,G,2026-01-08,118.4977
K,G,2026-01-09,118.3015
K,G,2026-01-12,118.5216
K,G,2026-01-13,118.4695
K,G,2026-01-14,117.9354
K,G,2026-01-15,118.2032
K,G,2026-01-16,118.0773
K,G,2026-01-19,118.5093
K,G,2026-01-20,119.2046
K,G,2026-01-21,118.9913
K,G,2026-01-22,118.8822
K,G,2026-01-23,118.9368
K,G,2026-01-26,120.3559
K,G,2026-01-27,120.2186
K,G,2026-01-28,120.9388
K,G,2026-01-29,120.9421
K,G,2026-01-30,121.0038
K,G,2026-02-02,120.4704
K,G,2026-02-03,120.1099
K,G,2026-02-04,120.3798
K,G,2026-02-05,120.3145
K,G,2026-02-06,120.264
K,G,2026-02-09,120.6973
K,G,2026-02-10,121.379
K,G,2026-02-11,121.2184
K,G,2026-02-12,120.9193
K,G,2026-02-13,120.8668
K,G,2026-02-16,120.834
K,G,2026-02-17,120.9707
K,G,2026-02-18,120.6563
K,G,2026-02-19,120.6947
K,G,2026-02-20,120.4727
K,G,2026-02-23,120.3725
K,G,2026-02-24,120.461
K,G,2026-02-25,120.3726
K,G,2026-02-26,120.2547
K,G,2026-02-27,120.4862
K,G,2026-03-02,121.0899
K,G,2026-03-03,119.7597
K,G,2026-03-04,120.1202
K,G,2026-03-05,120.6463
K,G,2026-03-06,120.5785
K,G,2026-03-09,121.1129
K,G,2026-03-10,120.9159
K,G,2026-03-11,120.775
K,G,2026-03-12,120.6678
K,G,2026-03-13,120.2522
K,G,2026-03-16,120.1587
K,G,2026-03-17,120.0412
K,G,2026-03-18,119.9679
K,G,2026-03-19,119.2051
K,G,2026-03-20,119.7184
K,G,2026-03-23,119.4888
K,G,2026-03-24,119.7128
K,G,2026-03-25,119.2017
K,G,2026-03-26,119.1528
K,G,2026-03-27,118.6564
K,G,2026-03-30,118.4484
K,G,2026-03-31,118.6087
K,G,2026-04-01,118.6712
K,G,2026-04-02,118.1886
K,G,2026-04-03,118.1003
K,G,2026-04-06,118.0104
K,G,2026-04-07,117.9212
K,G,2026-04-08,118.4911
K,G,2026-04-09,118.1994
K,G,2026-04-10,118.1834
K,G,2026-04-13,118.1165
K,G,2026-04-14,118.9394
K,G,2026-04-15,118.8048
K,G,2026-04-16,118.5879
K,G,2026-04-17,118.5355
K,G,2026-04-20,118.7347
K,G,2026-04-21,118.9299
K,G,2026-04-22,119.0567
K,G,2026-04-23,118.7413
K,G,2026-04-24,118.5366
K,G,2026-04-27,118.511
K,G,2026-04-28,118.0011
K,G,2026-04-29,117.9643
K,G,2026-04-30,118.0783
K,G,2026-05-01,118.4399
K,G,2026-05-04,118.8019
K,G,2026-05-05,118.873
K,G,2026-05-06,118.9746
K,G,2026-05-07,119.025
K,G,2026-05-08,119.0376
K,G,2026-05-11,119.0199
K,G,2026-05-12,118.9146
K,G,2026-05-13,118.867
K,G,2026-05-14,118.8868
K,G,2026-05-15,118.9076
K,G,2026-05-18,118.9992
K,G,2026-05-19,118.784
K,G,2026-05-20,118.5004
K,G,2026-05-21,118.7442
K,G,2026-05-22,118.944
K,G,2026-05-25,118.9508
K,G,2026-05-26,118.9593
K,G,2026-05-27,118.7104
K,G,2026-05-28,118.4674
K,G,2026-05-29,119.0091
K,G,2026-06-01,119.0104
K,G,2026-06-02,118.6959
K,G,2026-06-03,118.4181
K,G,2026-06-04,118.2868
K,G,2026-06-05,118.4979
K,G,2026-06-08,117.8586
K,G,2026-06-09,117.7715
K,G,2026-06-10,117.4235
K,G,2026-06-11,117.394
K,G,2026-06-12,117.6281
K,G,2026-06-15,117.7831
K,G,2026-06-16,117.5482
K,G,2026-06-17,117.9777
K,G,2026-06-18,117.1836
K,G,2026-06-19,116.8376
K,G,2026-06-22,116.6538
K,G,2026-06-23,116.6532
K,G,2026-06-24,116.7454
K,G,2026-06-25,116.7425
K,G,2026-06-26,116.9087
K,G,2026-06-29,116.8397
K,G,2026-06-30,116.7968
K,G,2026-07-01,116.7681
K,G,2026-07-02,117.297
K,G,2026-07-03,117.3805
K,G,2026-07-06,117.1634
K,G,2026-07-07,116.9062
K,G,2026-07-08,116.8794
K,G,2026-07-09,116.8616
K,G,2026-07-10,116.877
K,G,2026-07-13,116.5875
K,G,2026-07-14,116.1936
K,G,2026-07-15,116.3597
K,G,2026-07-16,116.5262
K,G,2026-07-17,116.8271
K,G,2026-07-20,116.7292
K,G,2026-07-21,116.3384
K,G,2026-07-22,116.2482
K,G,2026-07-23,115.8206
K,G,2026-07-24,115.7523
K,G,2026-07-27,115.8155
K,G,2026-07-28,115.3806
K,G,2026-07-29,115.2909
K,G,2026-07-30,115.403
K,G,2026-07-31,116.2001
K,G,2026-08-03,115.8082
K,G,2026-08-04,115.7481
K,G,2026-08-05,115.6064
K,G,2026-08-06,115.7128
K,G,2026-08-07,115.4825
K,G,2026-08-10,115.6532
K,G,2026-08-11,115.3923
K,G,2026-08-12,115.1441
K,G,2026-08-13,115.2242
K,G,2026-08-14,114.9071
K,G,2026-08-17,115.302
K,G,2026-08-18,115.1188
K,G,2026-08-19,115.0821
K,G,2026-08-20,116.334
K,G,2026-08-21,115.987
K,G,2026-08-24,115.8212
K,G,2026-08-25,115.7316
K,G,2026-08-26,115.5521
K,G,2026-08-27,115.4418
K,G,2026-08-28,115.6566
K,G,2026-08-31,115.2748
K,G,2026-09-01,115.1068
K,G,2026-09-02,114.5521
K,G,2026-09-03,115.0799
K,G,2026-09-04,114.9584
K,G,2026-09-07,114.8103
K,G,2026-09-08,114.5679
K,G,2026-09-09,114.7123
K,G,2026-09-10,114.5987
K,G,2026-09-11,114.3058
K,G,2026-09-14,113.9896
K,G,2026-09-15,114.271
K,G,2026-09-16,114.0658
K,G,2026-09-17,113.557
K,G,2026-09-18,113.6315
K,G,2026-09-21,113.7747
K,G,2026-09-22,114.2086
K,G,2026-09-23,114.2581
K,G,2026-09-24,113.8166
K,G,2026-09-25,113.6023
K,G,2026-09-28,113.345
K,G,2026-09-29,113.1195
K,G,2026-09-30,113.1907
N,E,1999-01-01,94.092
N,E,1999-01-04,93.9037
N,E,1999-01-05,93.8354
N,E,1999-01-06,93.9493
N,E,1999-01-07,93.5633
N,E,1999-01-08,93.8127
N,E,1999-01-11,93.8809
N,E,1999-01-12,94.2924
N,E,1999-01-13,94.8584
N,E,1999-01-14,95.3959
N,E,1999-01-15,95.3959
N,E,1999-01-18,94.5572
N,E,1999-01-19,94.7076
N,E,1999-01-20,94.6381
N,E,1999-01-21,94.4419
N,E,1999-01-22,94.6266
N,E,1999-01-25,94.9398
N,E,1999-01-26,94.3499
N,E,1999-01-27,94.1549
N,E,1999-01-28,94.0177
N,E,1999-01-29,93.8923
N,E,1999-02-01,94.2351
N,E,1999-02-02,94.4995
N,E,1999-02-03,94.8932
N,E,1999-02-04,94.4304
N,E,1999-02-05,94.8119
N,E,1999-02-08,94.5342
N,E,1999-02-09,94.5572
N,E,1999-02-10,94.7655
N,E,1999-02-11,94.8351
N,E,1999-02-12,94.7076
N,E,1999-02-15,94.9049
N,E,1999-02-16,94.696
N,E,1999-02-17,94.8584
N,E,1999-02-18,94.7076
N,E,1999-02-19,94.6381
N,E,1999-02-22,94.7423
N,E,1999-02-23,94.7887
N,E,1999-02-24,95.1731
N,E,1999-02-25,95.2785
N,E,1999-02-26,95.3489
N,E,1999-03-01,95.068
N,E,1999-03-02,95.1497
N,E,1999-03-03,95.1731
N,E,1999-03-04,95.3372
N,E,1999-03-05,95.2317
N,E,1999-03-08,95.1497
N,E,1999-03-09,95.1147
N,E,1999-03-10,94.7076
N,E,1999-03-11,94.87
N,E,1999-03-12,94.7192
N,E,1999-03-15,94.6613
N,E,1999-03-16,94.7887
N,E,1999-03-17,94.8119
N,E,1999-03-18,94.8351
N,E,1999-03-19,94.8235
N,E,1999-03-22,94.87
N,E,1999-03-23,94.9631
N,E,1999-03-24,95.2551
N,E,1999-03-25,95.0563
N,E,1999-03-26,94.9398
N,E,1999-03-29,95.0213
N,E,1999-03-30,95.0213
N,E,1999-03-31,94.8584
N,E,1999-04-01,94.9514
N,E,1999-04-02,94.9631
N,E,1999-04-05,94.9747
N,E,1999-04-06,94.9864
N,E,1999-04-07,94.9631
N,E,1999-04-08,94.9049
N,E,1999-04-09,94.87
N,E,1999-04-12,94.5572
N,E,1999-04-13,94.3729
N,E,1999-04-14,94.3959
N,E,1999-04-15,94.4765
N,E,1999-04-16,94.488
N,E,1999-04-19,94.5572
N,E,1999-04-20,94.488
N,E,1999-04-21,94.5803
N,E,1999-04-22,94.5688
N,E,1999-04-23,94.5688
N,E,1999-04-26,94.5457
N,E,1999-04-27,94.4189
N,E,1999-04-28,94.1892
N,E,1999-04-29,94.2007
N,E,1999-04-30,93.9151
N,E,1999-05-03,93.9949
N,E,1999-05-04,94.052
N,E,1999-05-05,94.3269
N,E,1999-05-06,94.2465
N,E,1999-05-07,94.2924
N,E,1999-05-10,94.258
N,E,1999-05-11,94.1549
N,E,1999-05-12,94.2121
N,E,1999-05-13,94.3959
N,E,1999-05-14,94.5803
N,E,1999-05-17,94.4074
N,E,1999-05-18,94.5226
N,E,1999-05-19,94.5457
N,E,1999-05-20,94.5457
N,E,1999-05-21,94.5111
N,E,1999-05-24,94.6266
N,E,1999-05-25,94.7423
N,E,1999-05-26,94.9864
N,E,1999-05-27,95.033
N,E,1999-05-28,95.1147
N,E,1999-05-31,95.0563
N,E,1999-06-01,95.103
N,E,1999-06-02,95.1965
N,E,1999-06-03,95.0797
N,E,1999-06-04,95.3489
N,E,1999-06-07,95.4782
N,E,1999-06-08,95.2551
N,E,1999-06-09,95.1381
N,E,1999-06-10,94.9514
N,E,1999-06-11,94.8119
N,E,1999-06-14,94.9398
N,E,1999-06-15,95.103
N,E,1999-06-16,94.9165
N,E,1999-06-17,94.87
N,E,1999-06-18,94.9864
N,E,1999-06-21,94.7539
N,E,1999-06-22,94.9398
N,E,1999-06-23,94.87
N,E,1999-06-24,94.7655
N,E,1999-06-25,94.7539
N,E,1999-06-28,94.8235
N,E,1999-06-29,94.7655
N,E,1999-06-30,94.5688
N,E,1999-07-01,94.4304
N,E,1999-07-02,94.3844
N,E,1999-07-05,94.3384
N,E,1999-07-06,94.4419
N,E,1999-07-07,94.4419
N,E,1999-07-08,94.4189
N,E,1999-07-09,94.2924
N,E,1999-07-12,94.2007
N,E,1999-07-13,94.3729
N,E,1999-07-14,94.3729
N,E,1999-07-15,94.3844
N,E,1999-07-16,94.3269
N,E,1999-07-19,94.2924
N,E,1999-07-20,94.4074
N,E,1999-07-21,94.2924
N,E,1999-07-22,94.2924
N,E,1999-07-23,94.3039
N,E,1999-07-26,94.3499
N,E,1999-07-27,94.4765
N,E,1999-07-28,94.8235
N,E,1999-07-29,94.7192
N,E,1999-07-30,94.8932
N,E,1999-08-02,94.8119
N,E,1999-08-03,94.7771
N,E,1999-08-04,94.6728
N,E,1999-08-05,94.7192
N,E,1999-08-06,94.5919
N,E,1999-08-09,94.7307
N,E,1999-08-10,94.5688
N,E,1999-08-11,94.5111
N,E,1999-08-12,94.5688
N,E,1999-08-13,94.5803
N,E,1999-08-16,94.5688
N,E,1999-08-17,94.6034
N,E,1999-08-18,94.6034
N,E,1999-08-19,94.6844
N,E,1999-08-20,94.8119
N,E,1999-08-23,94.87
N,E,1999-08-24,94.5919
N,E,1999-08-25,94.615
N,E,1999-08-26,94.5688
N,E,1999-08-27,94.5919
N,E,1999-08-30,94.5803
N,E,1999-08-31,94.6497
N,E,1999-09-01,94.6613
N,E,1999-09-02,94.5803
N,E,1999-09-03,94.8584
N,E,1999-09-06,94.7539
N,E,1999-09-07,94.7655
N,E,1999-09-08,94.7423
N,E,1999-09-09,94.6497
N,E,1999-09-10,94.5688
N,E,1999-09-13,94.3039
N,E,1999-09-14,94.3959
N,E,1999-09-15,94.5111
N,E,1999-09-16,94.5457
N,E,1999-09-17,94.5572
N,E,1999-09-20,94.4189
N,E,1999-09-21,94.3154
N,E,1999-09-22,94.5111
N,E,1999-09-23,94.4304
N,E,1999-09-24,94.6266
N,E,1999-09-27,94.5688
N,E,1999-09-28,94.4995
N,E,1999-09-29,94.5803
N,E,1999-09-30,94.8003
N,E,1999-10-01,94.7655
N,E,1999-10-04,95.1497
N,E,1999-10-05,95.0563
N,E,1999-10-06,95.2785
N,E,1999-10-07,95.068
N,E,1999-10-08,95.0563
N,E,1999-10-11,94.9747
N,E,1999-10-12,94.998
N,E,1999-10-13,95.2317
N,E,1999-10-14,95.2199
N,E,1999-10-15,95.4076
N,E,1999-10-18,95.4429
N,E,1999-10-19,95.3372
N,E,1999-10-20,95.2434
N,E,1999-10-21,95.103
N,E,1999-10-22,94.9631
N,E,1999-10-25,94.6266
N,E,1999-10-26,94.8119
N,E,1999-10-27,94.6844
N,E,1999-10-28,94.5803
N,E,1999-10-29,94.4189
N,E,1999-11-01,94.3959
N,E,1999-11-02,94.465
N,E,1999-11-03,94.2121
N,E,1999-11-04,94.2007
N,E,1999-11-05,93.8468
N,E,1999-11-08,94.0063
N,E,1999-11-09,94.132
N,E,1999-11-10,94.2351
N,E,1999-11-11,94.281
N,E,1999-11-12,94.1778
N,E,1999-11-15,94.281
N,E,1999-11-16,94.4534
N,E,1999-11-17,94.5111
N,E,1999-11-18,94.5226
N,E,1999-11-19,94.5226
N,E,1999-11-22,94.4995
N,E,1999-11-23,94.6266
N,E,1999-11-24,94.6497
N,E,1999-11-25,94.6844
N,E,1999-11-26,94.5688
N,E,1999-11-29,94.5226
N,E,1999-11-30,94.5226
N,E,1999-12-01,94.615
N,E,1999-12-02,94.6381
N,E,1999-12-03,94.7423
N,E,1999-12-06,94.9281
N,E,1999-12-07,94.7076
N,E,1999-12-08,94.6497
N,E,1999-12-09,94.7539
N,E,1999-12-10,94.8003
N,E,1999-12-13,94.5688
N,E,1999-12-14,94.6034
N,E,1999-12-15,94.6728
N,E,1999-12-16,94.615
N,E,1999-12-17,94.4995
N,E,1999-12-20,94.5919
N,E,1999-12-21,94.6613
N,E,1999-12-22,94.6613
N,E,1999-12-23,94.5457
N,E,1999-12-24,94.4304
N,E,1999-12-27,94.3959
N,E,1999-12-28,94.3384
N,E,1999-12-29,94.4189
N,E,1999-12-30,94.3154
N,E,1999-12-31,94.3614
N,E,2000-01-03,94.4074
N,E,2000-01-04,94.488
N,E,2000-01-05,94.4765
N,E,2000-01-06,94.4074
N,E,2000-01-07,94.2924
N,E,2000-01-10,94.132
N,E,2000-01-11,94.0862
N,E,2000-01-12,94.0977
N,E,2000-01-13,94.0405
N,E,2000-01-14,93.9835
N,E,2000-01-17,93.8809
N,E,2000-01-18,93.8923
N,E,2000-01-19,93.9037
N,E,2000-01-20,93.8013
N,E,2000-01-21,94.0977
N,E,2000-01-24,93.9379
N,E,2000-01-25,94.0177
N,E,2000-01-26,93.9949
N,E,2000-01-27,94.0177
N,E,2000-01-28,93.9493
N,E,2000-01-31,94.1205
N,E,2000-02-01,94.3039
N,E,2000-02-02,94.132
N,E,2000-02-03,93.9949
N,E,2000-02-04,94.1778
N,E,2000-02-07,94.258
N,E,2000-02-08,94.3269
N,E,2000-02-09,94.1205
N,E,2000-02-10,94.3154
N,E,2000-02-11,94.3499
N,E,2000-02-14,94.3844
N,E,2000-02-15,94.2695
N,E,2000-02-16,94.3614
N,E,2000-02-17,94.3269
N,E,2000-02-18,94.3959
N,E,2000-02-21,94.4534
N,E,2000-02-22,94.3039
N,E,2000-02-23,94.1205
N,E,2000-02-24,94.052
N,E,2000-02-25,94.1549
N,E,2000-02-28,94.3384
N,E,2000-02-29,94.281
N,E,2000-03-01,94.2695
N,E,2000-03-02,94.2121
N,E,2000-03-03,94.2695
N,E,2000-03-06,94.2465
N,E,2000-03-07,94.1663
N,E,2000-03-08,94.281
N,E,2000-03-09,94.3269
N,E,2000-03-10,94.281
N,E,2000-03-13,94.0634
N,E,2000-03-14,94.0063
N,E,2000-03-15,93.9835
N,E,2000-03-16,93.9493
N,E,2000-03-17,94.0177
N,E,2000-03-20,93.9379
N,E,2000-03-21,93.9949
N,E,2000-03-22,94.0291
N,E,2000-03-23,94.2121
N,E,2000-03-24,94.7655
N,E,2000-03-27,95.3372
N,E,2000-03-28,95.302
N,E,2000-03-29,95.3254
N,E,2000-03-30,95.0097
N,E,2000-03-31,95.1497
N,E,2000-04-03,95.3959
N,E,2000-04-04,95.809
N,E,2000-04-05,96.1539
N,E,2000-04-06,96.1898
N,E,2000-04-07,96.5255
N,E,2000-04-10,96.3214
N,E,2000-04-11,96.3214
N,E,2000-04-12,96.1659
N,E,2000-04-13,96.2017
N,E,2000-04-14,96.2854
N,E,2000-04-17,96.5375
N,E,2000-04-18,96.4053
N,E,2000-04-19,96.2376
N,E,2000-04-20,96.3933
N,E,2000-04-21,96.4093
N,E,2000-04-24,96.4254
N,E,2000-04-25,96.4413
N,E,2000-04-26,96.2495
N,E,2000-04-27,96.3573
N,E,2000-04-28,96.3453
N,E,2000-05-01,96.6701
N,E,2000-05-02,96.997
N,E,2000-05-03,97.4976
N,E,2000-05-04,98.1277
N,E,2000-05-05,97.6821
N,E,2000-05-08,97.5959
N,E,2000-05-09,97.9663
N,E,2000-05-10,97.3139
N,E,2000-05-11,97.3873
N,E,2000-05-12,97.4241
N,E,2000-05-15,97.2406
N,E,2000-05-16,97.5222
N,E,2000-05-17,97.8178
N,E,2000-05-18,97.5714
N,E,2000-05-19,97.6329
N,E,2000-05-22,97.5468
N,E,2000-05-23,97.1064
N,E,2000-05-24,96.9605
N,E,2000-05-25,97.1674
N,E,2000-05-26,96.7788
N,E,2000-05-29,96.6339
N,E,2000-05-30,96.4413
N,E,2000-05-31,96.4653
N,E,2000-06-01,96.3753
N,E,2000-06-02,96.2854
N,E,2000-06-05,96.2376
N,E,2000-06-06,96.2256
N,E,2000-06-07,96.5014
N,E,2000-06-08,96.803
N,E,2000-06-09,96.7183
N,E,2000-06-12,96.8332
N,E,2000-06-13,96.9484
N,E,2000-06-14,96.9241
N,E,2000-06-15,96.8756
N,E,2000-06-16,97.1552
N,E,2000-06-19,96.997
N,E,2000-06-20,97.1186
N,E,2000-06-21,97.5468
N,E,2000-06-22,97.8178
N,E,2000-06-23,97.8426
N,E,2000-06-26,97.8426
N,E,2000-06-27,97.7808
N,E,2000-06-28,97.892
N,E,2000-06-29,97.4241
N,E,2000-06-30,97.2039
N,E,2000-07-03,97.3995
N,E,2000-07-04,97.5345
N,E,2000-07-05,97.5222
N,E,2000-07-06,97.7561
N,E,2000-07-07,97.9292
N,E,2000-07-10,98.0035
N,E,2000-07-11,97.5591
N,E,2000-07-12,97.5591
N,E,2000-07-13,97.3873
N,E,2000-07-14,97.7684
N,E,2000-07-17,97.8178
N,E,2000-07-18,97.7808
N,E,2000-07-19,97.892
N,E,2000-07-20,97.8426
N,E,2000-07-21,97.6821
N,E,2000-07-24,97.4363
N,E,2000-07-25,97.4608
N,E,2000-07-26,97.5714
N,E,2000-07-27,97.4608
N,E,2000-07-28,97.8178
N,E,2000-07-31,97.8302
N,E,2000-08-01,97.9601
N,E,2000-08-02,98.0904
N,E,2000-08-03,98.1401
N,E,2000-08-04,98.0283
N,E,2000-08-07,97.892
N,E,2000-08-08,98.0035
N,E,2000-08-09,97.9911
N,E,2000-08-10,98.0159
N,E,2000-08-11,97.6329
N,E,2000-08-14,97.5099
N,E,2000-08-15,97.2528
N,E,2000-08-16,96.997
N,E,2000-08-17,96.9363
N,E,2000-08-18,96.8151
N,E,2000-08-21,97.1186
N,E,2000-08-22,97.0334
N,E,2000-08-23,97.3261
N,E,2000-08-24,97.6082
N,E,2000-08-25,97.9539
N,E,2000-08-28,98.1028
N,E,2000-08-29,98.0283
N,E,2000-08-30,97.8673
N,E,2000-08-31,97.8673
N,E,2000-09-01,97.7931
N,E,2000-09-04,97.5099
N,E,2000-09-05,97.6575
N,E,2000-09-06,97.6821
N,E,2000-09-07,97.8797
N,E,2000-09-08,97.8302
N,E,2000-09-11,98.5147
N,E,2000-09-12,99.7969
N,E,2000-09-13,99.1072
N,E,2000-09-14,99.4509
N,E,2000-09-15,98.8921
N,E,2000-09-18,99.3998
N,E,2000-09-19,99.8484
N,E,2000-09-20,100.4832
N,E,2000-09-21,100.34
N,E,2000-09-22,99.7198
N,E,2000-09-25,99.4636
N,E,2000-09-26,99.7712
N,E,2000-09-27,99.3233
N,E,2000-09-28,99.2724
N,E,2000-09-29,99.3488
N,E,2000-10-02,99.3106
N,E,2000-10-03,99.4636
N,E,2000-10-04,99.9514
N,E,2000-10-05,99.6941
N,E,2000-10-06,99.4253
N,E,2000-10-09,99.6172
N,E,2000-10-10,99.5531
N,E,2000-10-11,99.8741
N,E,2000-10-12,100.275
N,E,2000-10-13,100.4962
N,E,2000-10-16,100.1324
N,E,2000-10-17,100.288
N,E,2000-10-18,100.2361
N,E,2000-10-19,100.666
N,E,2000-10-20,100.5615
N,E,2000-10-23,100.7839
N,E,2000-10-24,100.8364
N,E,2000-10-25,100.7446
N,E,2000-10-26,100.5876
N,E,2000-10-27,100.1453
N,E,2000-10-30,99.63
N,E,2000-10-31,99.6813
N,E,2000-11-01,99.4126
N,E,2000-11-02,99.2851
N,E,2000-11-03,99.2342
N,E,2000-11-06,99.2215
N,E,2000-11-07,99.5148
N,E,2000-11-08,99.7455
N,E,2000-11-09,99.6428
N,E,2000-11-10,99.3488
N,E,2000-11-13,99.3998
N,E,2000-11-14,99.7198
N,E,2000-11-15,99.5148
N,E,2000-11-16,99.2215
N,E,2000-11-17,99.2469
N,E,2000-11-20,99.158
N,E,2000-11-21,99.2851
N,E,2000-11-22,99.5659
N,E,2000-11-23,99.5915
N,E,2000-11-24,99.5659
N,E,2000-11-27,99.9257
N,E,2000-11-28,99.9902
N,E,2000-11-29,100.327
N,E,2000-11-30,100.5354
N,E,2000-12-01,100.1842
N,E,2000-12-04,99.9128
N,E,2000-12-05,100.288
N,E,2000-12-06,100.1583
N,E,2000-12-07,99.8999
N,E,2000-12-08,100.2101
N,E,2000-12-11,100.275
N,E,2000-12-12,100.7577
N,E,2000-12-13,100.7184
N,E,2000-12-14,100.6922
N,E,2000-12-15,100.5484
N,E,2000-12-18,100.5615
N,E,2000-12-19,100.5876
N,E,2000-12-20,100.1324
N,E,2000-12-21,99.4126
N,E,2000-12-22,99.2469
N,E,2000-12-25,99.2893
N,E,2000-12-26,99.3318
N,E,2000-12-27,99.3743
N,E,2000-12-28,99.1326
N,E,2000-12-29,99.3488
N,E,2001-01-01,99.4338
N,E,2001-01-02,99.519
N,E,2001-01-03,99.6043
N,E,2001-01-04,99.6556
N,E,2001-01-05,99.0819
N,E,2001-01-08,99.0945
N,E,2001-01-09,99.502
N,E,2001-01-10,99.4764
N,E,2001-01-11,99.0438
N,E,2001-01-12,98.5021
N,E,2001-01-15,97.9663
N,E,2001-01-16,98.452
N,E,2001-01-17,98.4646
N,E,2001-01-18,98.8038
N,E,2001-01-19,99.1199
N,E,2001-01-22,98.9553
N,E,2001-01-23,98.7659
N,E,2001-01-24,99.0312
N,E,2001-01-25,99.1199
N,E,2001-01-26,99.2978
N,E,2001-01-29,99.336
N,E,2001-01-30,99.7198
N,E,2001-01-31,99.1834
N,E,2001-02-01,98.7282
N,E,2001-02-02,98.7911
N,E,2001-02-05,98.402
N,E,2001-02-06,98.5523
N,E,2001-02-07,98.452
N,E,2001-02-08,98.7911
N,E,2001-02-09,98.8038
N,E,2001-02-12,98.5397
N,E,2001-02-13,98.4896
N,E,2001-02-14,98.6527
N,E,2001-02-15,98.7911
N,E,2001-02-16,98.6779
N,E,2001-02-19,98.6401
N,E,2001-02-20,98.5523
N,E,2001-02-21,98.5147
N,E,2001-02-22,99.0185
N,E,2001-02-23,98.9047
N,E,2001-02-26,98.6276
N,E,2001-02-27,98.5774
N,E,2001-02-28,98.352
N,E,2001-03-01,98.2397
N,E,2001-03-02,98.452
N,E,2001-03-05,98.5147
N,E,2001-03-06,98.6025
N,E,2001-03-07,98.4646
N,E,2001-03-08,98.377
N,E,2001-03-09,98.0904
N,E,2001-03-12,98.2522
N,E,2001-03-13,98.5147
N,E,2001-03-14,98.452
N,E,2001-03-15,98.402
N,E,2001-03-16,98.5648
N,E,2001-03-19,98.6779
N,E,2001-03-20,98.8416
N,E,2001-03-21,98.7911
N,E,2001-03-22,99.1326
N,E,2001-03-23,98.829
N,E,2001-03-26,98.7534
N,E,2001-03-27,98.6904
N,E,2001-03-28,98.9173
N,E,2001-03-29,99.0565
N,E,2001-03-30,99.2215
N,E,2001-04-02,99.2851
N,E,2001-04-03,99.1707
N,E,2001-04-04,99.2724
N,E,2001-04-05,99.0185
N,E,2001-04-06,99.1072
N,E,2001-04-09,99.0185
N,E,2001-04-10,99.1326
N,E,2001-04-11,99.2597
N,E,2001-04-12,99.7455
N,E,2001-04-13,99.6684
N,E,2001-04-16,99.5915
N,E,2001-04-17,99.5148
N,E,2001-04-18,99.2215
N,E,2001-04-19,98.9173
N,E,2001-04-20,98.9173
N,E,2001-04-23,99.0059
N,E,2001-04-24,99.2215
N,E,2001-04-25,98.9426
N,E,2001-04-26,98.8164
N,E,2001-04-27,98.5147
N,E,2001-04-30,98.5397
N,E,2001-05-01,98.3895
N,E,2001-05-02,98.2397
N,E,2001-05-03,98.2522
N,E,2001-05-04,98.2397
N,E,2001-05-07,98.1401
N,E,2001-05-08,98.2273
N,E,2001-05-09,98.3895
N,E,2001-05-10,98.3645
N,E,2001-05-11,98.5899
N,E,2001-05-14,98.7534
N,E,2001-05-15,98.8921
N,E,2001-05-16,98.8038
N,E,2001-05-17,98.829
N,E,2001-05-18,98.7534
N,E,2001-05-21,98.8542
N,E,2001-05-22,98.8164
N,E,2001-05-23,99.158
N,E,2001-05-24,99.2279
N,E,2001-05-25,99.2978
N,E,2001-05-28,99.1961
N,E,2001-05-29,99.2469
N,E,2001-05-30,99.3233
N,E,2001-05-31,99.6043
N,E,2001-06-01,99.6556
N,E,2001-06-04,99.8226
N,E,2001-06-05,99.9902
N,E,2001-06-06,99.8999
N,E,2001-06-07,99.4636
N,E,2001-06-08,99.4764
N,E,2001-06-11,99.502
N,E,2001-06-12,99.5148
N,E,2001-06-13,99.2851
N,E,2001-06-14,99.2724
N,E,2001-06-15,99.2851
N,E,2001-06-18,99.0438
N,E,2001-06-19,99.1453
N,E,2001-06-20,99.1961
N,E,2001-06-21,99.2724
N,E,2001-06-22,99.7583
N,E,2001-06-25,99.7198
N,E,2001-06-26,99.5403
N,E,2001-06-27,99.3998
N,E,2001-06-28,99.7198
N,E,2001-06-29,99.5531
N,E,2001-07-02,99.6684
N,E,2001-07-03,99.5531
N,E,2001-07-04,99.6043
N,E,2001-07-05,99.6941
N,E,2001-07-06,99.5659
N,E,2001-07-09,99.6428
N,E,2001-07-10,99.3998
N,E,2001-07-11,99.7326
N,E,2001-07-12,99.8741
N,E,2001-07-13,100.1712
N,E,2001-07-16,100.1194
N,E,2001-07-17,100.1712
N,E,2001-07-18,100.5484
N,E,2001-07-19,100.5745
N,E,2001-07-20,100.5354
N,E,2001-07-23,100.7315
N,E,2001-07-24,100.5615
N,E,2001-07-25,100.5484
N,E,2001-07-26,100.262
N,E,2001-07-27,100.405
N,E,2001-07-30,100.275
N,E,2001-07-31,100.262
N,E,2001-08-01,100.262
N,E,2001-08-02,100.262
N,E,2001-08-03,100.418
N,E,2001-08-06,100.5093
N,E,2001-08-07,100.5745
N,E,2001-08-08,100.6922
N,E,2001-08-09,100.666
N,E,2001-08-10,100.431
N,E,2001-08-13,99.9773
N,E,2001-08-14,99.9514
N,E,2001-08-15,99.8741
N,E,2001-08-16,99.63
N,E,2001-08-17,99.7583
N,E,2001-08-20,99.6941
N,E,2001-08-21,99.8484
N,E,2001-08-22,99.63
N,E,2001-08-23,99.6556
N,E,2001-08-24,99.7069
N,E,2001-08-27,99.6684
N,E,2001-08-28,99.8226
N,E,2001-08-29,99.8355
N,E,2001-08-30,99.887
N,E,2001-08-31,99.9128
N,E,2001-09-03,99.8999
N,E,2001-09-04,99.9514
N,E,2001-09-05,100.314
N,E,2001-09-06,100.301
N,E,2001-09-07,100.2101
N,E,2001-09-10,99.9128
N,E,2001-09-11,99.9385
N,E,2001-09-12,100.5484
N,E,2001-09-13,100.653
N,E,2001-09-14,100.8627
N,E,2001-09-17,101.6838
N,E,2001-09-18,102.0321
N,E,2001-09-19,102.059
N,E,2001-09-20,102.4641
N,E,2001-09-21,104.2433
N,E,2001-09-24,104.1312
N,E,2001-09-25,103.8659
N,E,2001-09-26,102.9956
N,E,2001-09-27,102.2882
N,E,2001-09-28,102.5727
N,E,2001-10-01,102.4641
N,E,2001-10-02,102.2747
N,E,2001-10-03,101.8979
N,E,2001-10-04,101.9918
N,E,2001-10-05,101.9247
N,E,2001-10-08,102.4777
N,E,2001-10-09,102.3423
N,E,2001-10-10,102.0994
N,E,2001-10-11,101.9515
N,E,2001-10-12,102.1937
N,E,2001-10-15,102.3287
N,E,2001-10-16,102.3558
N,E,2001-10-17,102.1533
N,E,2001-10-18,102.5319
N,E,2001-10-19,102.5591
N,E,2001-10-22,102.6407
N,E,2001-10-23,102.2342
N,E,2001-10-24,102.3828
N,E,2001-10-25,102.3017
N,E,2001-10-26,102.7769
N,E,2001-10-29,102.6815
N,E,2001-10-30,102.8588
N,E,2001-10-31,103.0916
N,E,2001-11-01,102.9408
N,E,2001-11-02,102.8451
N,E,2001-11-05,102.9135
N,E,2001-11-06,102.8451
N,E,2001-11-07,102.9271
N,E,2001-11-08,103.0641
N,E,2001-11-09,103.1465
N,E,2001-11-12,103.4496
N,E,2001-11-13,103.2152
N,E,2001-11-14,102.9819
N,E,2001-11-15,102.8725
N,E,2001-11-16,103.2152
N,E,2001-11-19,103.3392
N,E,2001-11-20,103.8519
N,E,2001-11-21,103.8519
N,E,2001-11-22,103.8798
N,E,2001-11-23,103.6573
N,E,2001-11-26,103.3944
N,E,2001-11-27,103.4082
N,E,2001-11-28,103.9077
N,E,2001-11-29,103.6434
N,E,2001-11-30,102.9135
N,E,2001-12-03,102.6679
N,E,2001-12-04,102.7905
N,E,2001-12-05,102.7769
N,E,2001-12-06,102.8451
N,E,2001-12-07,102.5999
N,E,2001-12-10,102.4912
N,E,2001-12-11,102.3152
N,E,2001-12-12,102.6543
N,E,2001-12-13,102.736
N,E,2001-12-14,102.6815
N,E,2001-12-17,102.8178
N,E,2001-12-18,102.7496
N,E,2001-12-19,102.6679
N,E,2001-12-20,103.2703
N,E,2001-12-21,103.4773
N,E,2001-12-24,103.2703
N,E,2001-12-25,102.918
N,E,2001-12-26,102.5682
N,E,2001-12-27,102.2207
N,E,2001-12-28,102.2477
N,E,2001-12-31,102.187
N,E,2002-01-01,102.1263
N,E,2002-01-02,102.0657
N,E,2002-01-03,102.0052
N,E,2002-01-04,102.4235
N,E,2002-01-07,102.5319
N,E,2002-01-08,103.0504
N,E,2002-01-09,102.437
N,E,2002-01-10,102.2072
N,E,2002-01-11,102.2477
N,E,2002-01-14,102.4641
N,E,2002-01-15,102.4235
N,E,2002-01-16,103.0641
N,E,2002-01-17,103.353
N,E,2002-01-18,103.0778
N,E,2002-01-21,103.0778
N,E,2002-01-22,103.0504
N,E,2002-01-23,102.8588
N,E,2002-01-24,103.2427
N,E,2002-01-25,103.1602
N,E,2002-01-28,102.8315
N,E,2002-01-29,102.8725
N,E,2002-01-30,103.1053
N,E,2002-01-31,102.7224
N,E,2002-02-01,102.6135
N,E,2002-02-04,102.4099
N,E,2002-02-05,102.6271
N,E,2002-02-06,102.8998
N,E,2002-02-07,102.9408
N,E,2002-02-08,102.8998
N,E,2002-02-11,102.5999
N,E,2002-02-12,102.5863
N,E,2002-02-13,102.437
N,E,2002-02-14,102.1937
N,E,2002-02-15,102.1263
N,E,2002-02-18,102.2072
N,E,2002-02-19,102.3828
N,E,2002-02-20,102.437
N,E,2002-02-21,102.3558
N,E,2002-02-22,102.4099
N,E,2002-02-25,102.5319
N,E,2002-02-26,102.6271
N,E,2002-02-27,102.5999
N,E,2002-02-28,102.5727
N,E,2002-03-01,102.6679
N,E,2002-03-04,102.4506
N,E,2002-03-05,102.5863
N,E,2002-03-06,102.5727
N,E,2002-03-07,102.7905
N,E,2002-03-08,103.0093
N,E,2002-03-11,102.9682
N,E,2002-03-12,103.0778
N,E,2002-03-13,103.1053
N,E,2002-03-14,103.2841
N,E,2002-03-15,103.5049
N,E,2002-03-18,103.5464
N,E,2002-03-19,103.2703
N,E,2002-03-20,103.4773
N,E,2002-03-21,103.422
N,E,2002-03-22,103.6157
N,E,2002-03-25,103.7128
N,E,2002-03-26,103.8102
N,E,2002-03-27,103.353
N,E,2002-03-28,103.353
N,E,2002-03-29,103.399
N,E,2002-04-01,103.445
N,E,2002-04-02,103.4911
N,E,2002-04-03,103.6434
N,E,2002-04-04,103.6296
N,E,2002-04-05,103.4082
N,E,2002-04-08,103.4634
N,E,2002-04-09,103.3116
N,E,2002-04-10,103.2703
N,E,2002-04-11,103.1602
N,E,2002-04-12,103.3944
N,E,2002-04-15,103.2841
N,E,2002-04-16,103.0778
N,E,2002-04-17,103.0093
N,E,2002-04-18,103.1053
N,E,2002-04-19,103.174
N,E,2002-04-22,103.2427
N,E,2002-04-23,103.1465
N,E,2002-04-24,103.2841
N,E,2002-04-25,103.3116
N,E,2002-04-26,103.3116
N,E,2002-04-29,103.4634
N,E,2002-04-30,103.4911
N,E,2002-05-01,103.838
N,E,2002-05-02,104.1872
N,E,2002-05-03,104.0752
N,E,2002-05-06,103.9635
N,E,2002-05-07,104.0333
N,E,2002-05-08,104.0473
N,E,2002-05-09,104.0892
N,E,2002-05-10,104.1312
N,E,2002-05-13,104.1592
N,E,2002-05-14,104.1312
N,E,2002-05-15,104.1312
N,E,2002-05-16,103.9774
N,E,2002-05-17,104.0053
N,E,2002-05-20,104.1522
N,E,2002-05-21,104.2995
N,E,2002-05-22,104.3839
N,E,2002-05-23,104.1872
N,E,2002-05-24,103.9774
N,E,2002-05-27,103.9077
N,E,2002-05-28,103.6851
N,E,2002-05-29,103.5603
N,E,2002-05-30,103.2015
N,E,2002-05-31,103.4911
N,E,2002-06-03,103.353
N,E,2002-06-04,103.229
N,E,2002-06-05,102.9956
N,E,2002-06-06,102.9956
N,E,2002-06-07,102.9408
N,E,2002-06-10,102.9545
N,E,2002-06-11,102.8315
N,E,2002-06-12,102.5591
N,E,2002-06-13,102.5863
N,E,2002-06-14,102.6407
N,E,2002-06-17,102.6135
N,E,2002-06-18,102.6407
N,E,2002-06-19,102.6271
N,E,2002-06-20,103.0641
N,E,2002-06-21,103.1327
N,E,2002-06-24,103.1602
N,E,2002-06-25,103.1053
N,E,2002-06-26,103.119
N,E,2002-06-27,103.1053
N,E,2002-06-28,102.8588
N,E,2002-07-01,103.0093
N,E,2002-07-02,103.2015
N,E,2002-07-03,103.5741
N,E,2002-07-04,103.422
N,E,2002-07-05,103.2565
N,E,2002-07-08,103.229
N,E,2002-07-09,102.9408
N,E,2002-07-10,102.736
N,E,2002-07-11,103.1877
N,E,2002-07-12,103.2565
N,E,2002-07-15,103.0641
N,E,2002-07-16,103.1465
N,E,2002-07-17,103.2565
N,E,2002-07-18,103.422
N,E,2002-07-19,103.4358
N,E,2002-07-22,103.9216
N,E,2002-07-23,104.0053
N,E,2002-07-24,104.2574
N,E,2002-07-25,104.4543
N,E,2002-07-26,104.6377
N,E,2002-07-29,104.2714
N,E,2002-07-30,104.0193
N,E,2002-07-31,104.1172
N,E,2002-08-01,104.3206
N,E,2002-08-02,104.5247
N,E,2002-08-05,104.1452
N,E,2002-08-06,104.1732
N,E,2002-08-07,103.9356
N,E,2002-08-08,103.6434
N,E,2002-08-09,103.6851
N,E,2002-08-12,103.8937
N,E,2002-08-13,103.4496
N,E,2002-08-14,103.6157
N,E,2002-08-15,103.5464
N,E,2002-08-16,103.4911
N,E,2002-08-19,103.229
N,E,2002-08-20,103.2703
N,E,2002-08-21,103.0504
N,E,2002-08-22,103.2015
N,E,2002-08-23,102.8588
N,E,2002-08-26,102.9545
N,E,2002-08-27,102.9819
N,E,2002-08-28,103.1877
N,E,2002-08-29,102.9408
N,E,2002-08-30,103.119
N,E,2002-09-02,102.9956
N,E,2002-09-03,102.9545
N,E,2002-09-04,103.3944
N,E,2002-09-05,103.6434
N,E,2002-09-06,103.9077
N,E,2002-09-09,103.7962
N,E,2002-09-10,103.7823
N,E,2002-09-11,103.699
N,E,2002-09-12,103.2978
N,E,2002-09-13,103.1602
N,E,2002-09-16,103.1602
N,E,2002-09-17,102.9545
N,E,2002-09-18,103.1465
N,E,2002-09-19,103.174
N,E,2002-09-20,103.4082
N,E,2002-09-23,103.4634
N,E,2002-09-24,103.3944
N,E,2002-09-25,103.4358
N,E,2002-09-26,103.5049
N,E,2002-09-27,103.229
N,E,2002-09-30,103.4773
N,E,2002-10-01,103.9356
N,E,2002-10-02,103.6573
N,E,2002-10-03,103.8241
N,E,2002-10-04,103.6573
N,E,2002-10-07,103.6434
N,E,2002-10-08,103.4358
N,E,2002-10-09,103.3116
N,E,2002-10-10,103.4911
N,E,2002-10-11,103.5188
N,E,2002-10-14,103.6018
N,E,2002-10-15,103.3668
N,E,2002-10-16,103.0778
N,E,2002-10-17,103.2565
N,E,2002-10-18,103.119
N,E,2002-10-21,103.0367
N,E,2002-10-22,102.9545
N,E,2002-10-23,103.229
N,E,2002-10-24,103.1877
N,E,2002-10-25,103.2427
N,E,2002-10-28,103.2015
N,E,2002-10-29,103.3392
N,E,2002-10-30,103.4496
N,E,2002-10-31,103.5464
N,E,2002-11-01,103.5741
N,E,2002-11-04,103.5188
N,E,2002-11-05,103.6434
N,E,2002-11-06,103.4634
N,E,2002-11-07,103.4082
N,E,2002-11-08,103.4911
N,E,2002-11-11,103.4911
N,E,2002-11-12,103.5326
N,E,2002-11-13,103.5464
N,E,2002-11-14,103.353
N,E,2002-11-15,103.2703
N,E,2002-11-18,103.2565
N,E,2002-11-19,103.2015
N,E,2002-11-20,103.2152
N,E,2002-11-21,103.1465
N,E,2002-11-22,102.9956
N,E,2002-11-25,102.8588
N,E,2002-11-26,102.7769
N,E,2002-11-27,102.736
N,E,2002-11-28,102.6407
N,E,2002-11-29,102.6407
N,E,2002-12-02,102.5184
N,E,2002-12-03,102.8588
N,E,2002-12-04,102.9135
N,E,2002-12-05,102.7905
N,E,2002-12-06,102.9408
N,E,2002-12-09,102.7496
N,E,2002-12-10,102.7905
N,E,2002-12-11,102.7632
N,E,2002-12-12,102.6815
N,E,2002-12-13,102.5455
N,E,2002-12-16,102.5727
N,E,2002-12-17,102.7496
N,E,2002-12-18,103.1877
N,E,2002-12-19,103.4496
N,E,2002-12-20,103.6157
N,E,2002-12-23,103.6712
N,E,2002-12-24,104.1592
N,E,2002-12-25,104.1592
N,E,2002-12-26,104.1592
N,E,2002-12-27,104.1592
N,E,2002-12-30,104.1732
N,E,2002-12-31,104.2714
N,E,2003-01-01,104.2293
N,E,2003-01-02,104.1872
N,E,2003-01-03,104.1452
N,E,2003-01-06,104.0612
N,E,2003-01-07,103.8798
N,E,2003-01-08,103.8798
N,E,2003-01-09,103.838
N,E,2003-01-10,103.699
N,E,2003-01-13,103.7128
N,E,2003-01-14,103.5464
N,E,2003-01-15,103.4773
N,E,2003-01-16,103.5326
N,E,2003-01-17,103.7823
N,E,2003-01-20,103.699
N,E,2003-01-21,103.6296
N,E,2003-01-22,103.588
N,E,2003-01-23,103.4773
N,E,2003-01-24,103.422
N,E,2003-01-27,103.2565
N,E,2003-01-28,103.0916
N,E,2003-01-29,103.1327
N,E,2003-01-30,103.0778
N,E,2003-01-31,103.2427
N,E,2003-02-03,103.119
N,E,2003-02-04,103.229
N,E,2003-02-05,103.3116
N,E,2003-02-06,103.2427
N,E,2003-02-07,103.2427
N,E,2003-02-10,103.2703
N,E,2003-02-11,103.2427
N,E,2003-02-12,103.2427
N,E,2003-02-13,103.1877
N,E,2003-02-14,103.1327
N,E,2003-02-17,102.8451
N,E,2003-02-18,103.0367
N,E,2003-02-19,102.9135
N,E,2003-02-20,103.0778
N,E,2003-02-21,103.2427
N,E,2003-02-24,103.174
N,E,2003-02-25,103.3668
N,E,2003-02-26,103.699
N,E,2003-02-27,103.5741
N,E,2003-02-28,103.5326
N,E,2003-03-03,103.6018
N,E,2003-03-04,103.7545
N,E,2003-03-05,103.838
N,E,2003-03-06,103.7823
N,E,2003-03-07,103.422
N,E,2003-03-10,103.0916
N,E,2003-03-11,103.3254
N,E,2003-03-12,103.1602
N,E,2003-03-13,103.174
N,E,2003-03-14,103.2152
N,E,2003-03-17,103.3116
N,E,2003-03-18,103.0504
N,E,2003-03-19,102.9408
N,E,2003-03-20,102.9956
N,E,2003-03-21,102.736
N,E,2003-03-24,102.7496
N,E,2003-03-25,102.8725
N,E,2003-03-26,102.7224
N,E,2003-03-27,102.3693
N,E,2003-03-28,102.5591
N,E,2003-03-31,102.5863
N,E,2003-04-01,102.5999
N,E,2003-04-02,102.2477
N,E,2003-04-03,102.0994
N,E,2003-04-04,102.0052
N,E,2003-04-07,101.8443
N,E,2003-04-08,101.9515
N,E,2003-04-09,101.8577
N,E,2003-04-10,101.6704
N,E,2003-04-11,101.0733
N,E,2003-04-14,101.2583
N,E,2003-04-15,101.0338
N,E,2003-04-16,100.7971
N,E,2003-04-17,101.0997
N,E,2003-04-18,100.946
N,E,2003-04-21,100.7927
N,E,2003-04-22,100.6399
N,E,2003-04-23,100.6137
N,E,2003-04-24,100.6399
N,E,2003-04-25,100.7971
N,E,2003-04-28,100.7577
N,E,2003-04-29,100.6007
N,E,2003-04-30,100.1972
N,E,2003-05-01,100.2296
N,E,2003-05-02,100.262
N,E,2003-05-05,100.1583
N,E,2003-05-06,99.8999
N,E,2003-05-07,99.9385
N,E,2003-05-08,100.7315
N,E,2003-05-09,100.392
N,E,2003-05-12,100.1453
N,E,2003-05-13,100.1453
N,E,2003-05-14,100.0031
N,E,2003-05-15,100.1972
N,E,2003-05-16,100.4962
N,E,2003-05-19,100.0418
N,E,2003-05-20,100.1972
N,E,2003-05-21,100.366
N,E,2003-05-22,100.1453
N,E,2003-05-23,99.5531
N,E,2003-05-26,99.3615
N,E,2003-05-27,99.1199
N,E,2003-05-28,99.6043
N,E,2003-05-29,99.3233
N,E,2003-05-30,99.0438
N,E,2003-06-02,99.2088
N,E,2003-06-03,98.8038
N,E,2003-06-04,98.5523
N,E,2003-06-05,98.2273
N,E,2003-06-06,98.1401
N,E,2003-06-09,98.165
N,E,2003-06-10,98.1899
N,E,2003-06-11,98.4646
N,E,2003-06-12,98.5523
N,E,2003-06-13,97.9663
N,E,2003-06-16,98.1899
N,E,2003-06-17,98.2397
N,E,2003-06-18,98.2273
N,E,2003-06-19,97.8302
N,E,2003-06-20,98.0035
N,E,2003-06-23,98.6276
N,E,2003-06-24,98.8921
N,E,2003-06-25,98.9932
N,E,2003-06-26,98.5272
N,E,2003-06-27,98.0656
N,E,2003-06-30,97.6082
N,E,2003-07-01,97.3873
N,E,2003-07-02,97.6329
N,E,2003-07-03,97.6944
N,E,2003-07-04,97.7684
N,E,2003-07-07,97.6205
N,E,2003-07-08,97.5222
N,E,2003-07-09,98.2273
N,E,2003-07-10,97.9911
N,E,2003-07-11,97.8426
N,E,2003-07-14,97.5099
N,E,2003-07-15,97.6329
N,E,2003-07-16,97.8178
N,E,2003-07-17,98.5147
N,E,2003-07-18,98.6025
N,E,2003-07-21,98.5648
N,E,2003-07-22,98.2024
N,E,2003-07-23,98.1277
N,E,2003-07-24,97.8549
N,E,2003-07-25,97.892
N,E,2003-07-28,97.8797
N,E,2003-07-29,97.9168
N,E,2003-07-30,97.7808
N,E,2003-07-31,97.8549
N,E,2003-08-01,98.2522
N,E,2003-08-04,98.6527
N,E,2003-08-05,98.7534
N,E,2003-08-06,98.7534
N,E,2003-08-07,98.6025
N,E,2003-08-08,98.5021
N,E,2003-08-11,98.5648
N,E,2003-08-12,98.2522
N,E,2003-08-13,98.0532
N,E,2003-08-14,97.8797
N,E,2003-08-15,98.1277
N,E,2003-08-18,97.9787
N,E,2003-08-19,97.8426
N,E,2003-08-20,97.9539
N,E,2003-08-21,98.2896
N,E,2003-08-22,98.2148
N,E,2003-08-25,98.2522
N,E,2003-08-26,98.3645
N,E,2003-08-27,98.6904
N,E,2003-08-28,98.3395
N,E,2003-08-29,98.5272
N,E,2003-09-01,98.4395
N,E,2003-09-02,98.6527
N,E,2003-09-03,98.9173
N,E,2003-09-04,98.5147
N,E,2003-09-05,98.452
N,E,2003-09-08,98.4771
N,E,2003-09-09,98.1277
N,E,2003-09-10,97.7808
N,E,2003-09-11,97.6329
N,E,2003-09-12,97.5222
N,E,2003-09-15,97.3016
N,E,2003-09-16,97.265
N,E,2003-09-17,97.5222
N,E,2003-09-18,97.3873
N,E,2003-09-19,97.1308
N,E,2003-09-22,97.3873
N,E,2003-09-23,97.5959
N,E,2003-09-24,97.4976
N,E,2003-09-25,97.6575
N,E,2003-09-26,98.1401
N,E,2003-09-29,98.2771
N,E,2003-09-30,98.4646
N,E,2003-10-01,98.2024
N,E,2003-10-02,98.1775
N,E,2003-10-03,98.1899
N,E,2003-10-06,97.9292
N,E,2003-10-07,97.9044
N,E,2003-10-08,97.9044
N,E,2003-10-09,97.7684
N,E,2003-10-10,97.8797
N,E,2003-10-13,97.8426
N,E,2003-10-14,97.8055
N,E,2003-10-15,98.0283
N,E,2003-10-16,97.7931
N,E,2003-10-17,97.7808
N,E,2003-10-20,97.6452
N,E,2003-10-21,97.5099
N,E,2003-10-22,97.5591
N,E,2003-10-23,98.0159
N,E,2003-10-24,97.8673
N,E,2003-10-27,97.9292
N,E,2003-10-28,97.8055
N,E,2003-10-29,97.4976
N,E,2003-10-30,97.5591
N,E,2003-10-31,97.7684
N,E,2003-11-03,97.5345
N,E,2003-11-04,97.143
N,E,2003-11-05,96.7183
N,E,2003-11-06,96.7183
N,E,2003-11-07,96.5134
N,E,2003-11-10,96.3334
N,E,2003-11-11,96.5616
N,E,2003-11-12,96.6339
N,E,2003-11-13,96.4413
N,E,2003-11-14,96.5255
N,E,2003-11-17,96.997
N,E,2003-11-18,97.3261
N,E,2003-11-19,97.7314
N,E,2003-11-20,97.7191
N,E,2003-11-21,97.9787
N,E,2003-11-24,97.7438
N,E,2003-11-25,97.4854
N,E,2003-11-26,97.6698
N,E,2003-11-27,97.8797
N,E,2003-11-28,97.8178
N,E,2003-12-01,97.6452
N,E,2003-12-02,97.4363
N,E,2003-12-03,97.2284
N,E,2003-12-04,97.2406
N,E,2003-12-05,97.2161
N,E,2003-12-08,97.7191
N,E,2003-12-09,97.9539
N,E,2003-12-10,97.892
N,E,2003-12-11,97.5959
N,E,2003-12-12,97.6575
N,E,2003-12-15,97.4854
N,E,2003-12-16,97.4608
N,E,2003-12-17,97.4976
N,E,2003-12-18,97.3383
N,E,2003-12-19,97.4363
N,E,2003-12-22,97.3506
N,E,2003-12-23,97.0821
N,E,2003-12-24,97.0943
N,E,2003-12-25,97.0983
N,E,2003-12-26,97.1024
N,E,2003-12-29,97.1064
N,E,2003-12-30,97.0578
N,E,2003-12-31,97.1795
N,E,2004-01-01,97.1348
N,E,2004-01-02,97.0902
N,E,2004-01-05,97.0456
N,E,2004-01-06,96.8393
N,E,2004-01-07,96.5375
N,E,2004-01-08,96.5736
N,E,2004-01-09,96.6821
N,E,2004-01-12,96.6942
N,E,2004-01-13,96.8635
N,E,2004-01-14,96.9727
N,E,2004-01-15,96.9605
N,E,2004-01-16,96.7063
N,E,2004-01-19,96.5134
N,E,2004-01-20,96.3214
N,E,2004-01-21,96.5495
N,E,2004-01-22,96.5977
N,E,2004-01-23,96.5977
N,E,2004-01-26,96.8151
N,E,2004-01-27,96.6218
N,E,2004-01-28,96.6218
N,E,2004-01-29,96.7909
N,E,2004-01-30,97.0213
N,E,2004-02-02,96.5857
N,E,2004-02-03,96.6821
N,E,2004-02-04,96.5375
N,E,2004-02-05,96.4774
N,E,2004-02-06,96.5616
N,E,2004-02-09,96.5134
N,E,2004-02-10,96.5134
N,E,2004-02-11,96.3933
N,E,2004-02-12,95.999
N,E,2004-02-13,95.892
N,E,2004-02-16,96.0585
N,E,2004-02-17,96.2376
N,E,2004-02-18,96.2137
N,E,2004-02-19,96.1659
N,E,2004-02-20,96.0943
N,E,2004-02-23,95.9871
N,E,2004-02-24,96.1181
N,E,2004-02-25,96.2137
N,E,2004-02-26,96.2854
N,E,2004-02-27,96.1181
N,E,2004-03-01,96.0466
N,E,2004-03-02,95.7497
N,E,2004-03-03,95.7853
N,E,2004-03-04,95.9752
N,E,2004-03-05,95.9633
N,E,2004-03-08,95.7734
N,E,2004-03-09,95.6669
N,E,2004-03-10,96.0347
N,E,2004-03-11,96.4894
N,E,2004-03-12,96.8151
N,E,2004-03-15,96.7546
N,E,2004-03-16,96.6942
N,E,2004-03-17,96.5977
N,E,2004-03-18,96.9727
N,E,2004-03-19,97.2772
N,E,2004-03-22,97.3139
N,E,2004-03-23,97.7561
N,E,2004-03-24,97.5591
N,E,2004-03-25,97.8549
N,E,2004-03-26,97.3628
N,E,2004-03-29,97.2161
N,E,2004-03-30,97.0699
N,E,2004-03-31,97.1674
N,E,2004-04-01,97.1795
N,E,2004-04-02,96.9241
N,E,2004-04-05,96.7667
N,E,2004-04-06,96.6821
N,E,2004-04-07,97.2039
N,E,2004-04-08,97.4118
N,E,2004-04-09,97.5304
N,E,2004-04-12,97.6493
N,E,2004-04-13,97.7684
N,E,2004-04-14,97.6082
N,E,2004-04-15,97.9168
N,E,2004-04-16,97.5468
N,E,2004-04-19,97.7191
N,E,2004-04-20,97.5345
N,E,2004-04-21,97.3016
N,E,2004-04-22,97.5222
N,E,2004-04-23,97.0456
N,E,2004-04-26,97.265
N,E,2004-04-27,97.7684
N,E,2004-04-28,97.8426
N,E,2004-04-29,97.892
N,E,2004-04-30,97.5836
N,E,2004-05-03,97.5222
N,E,2004-05-04,97.5468
N,E,2004-05-05,97.9292
N,E,2004-05-06,97.6698
N,E,2004-05-07,97.6452
N,E,2004-05-10,98.3021
N,E,2004-05-11,98.2148
N,E,2004-05-12,98.3146
N,E,2004-05-13,98.5899
N,E,2004-05-14,98.4145
N,E,2004-05-17,98.7534
N,E,2004-05-18,98.6904
N,E,2004-05-19,98.452
N,E,2004-05-20,98.5774
N,E,2004-05-21,98.703
N,E,2004-05-24,98.6779
N,E,2004-05-25,98.5648
N,E,2004-05-26,98.3645
N,E,2004-05-27,98.5021
N,E,2004-05-28,98.9932
N,E,2004-05-31,99.0565
N,E,2004-06-01,99.1199
N,E,2004-06-02,99.2597
N,E,2004-06-03,99.2088
N,E,2004-06-04,99.0692
N,E,2004-06-07,99.3998
N,E,2004-06-08,99.5659
N,E,2004-06-09,99.784
N,E,2004-06-10,100.016
N,E,2004-06-11,100.4441
N,E,2004-06-14,100.1194
N,E,2004-06-15,99.8355
N,E,2004-06-16,99.4509
N,E,2004-06-17,100.0289
N,E,2004-06-18,100.1972
N,E,2004-06-21,100.379
N,E,2004-06-22,100.1972
N,E,2004-06-23,99.9385
N,E,2004-06-24,100.353
N,E,2004-06-25,100.0289
N,E,2004-06-28,99.5403
N,E,2004-06-29,99.1326
N,E,2004-06-30,99.1199
N,E,2004-07-01,99.387
N,E,2004-07-02,99.7069
N,E,2004-07-05,99.7712
N,E,2004-07-06,99.63
N,E,2004-07-07,99.7583
N,E,2004-07-08,99.7583
N,E,2004-07-09,99.6172
N,E,2004-07-12,99.7712
N,E,2004-07-13,99.502
N,E,2004-07-14,99.2978
N,E,2004-07-15,99.2724
N,E,2004-07-16,99.2088
N,E,2004-07-19,99.2088
N,E,2004-07-20,99.158
N,E,2004-07-21,98.7785
N,E,2004-07-22,98.7408
N,E,2004-07-23,99.0312
N,E,2004-07-26,98.8542
N,E,2004-07-27,98.6527
N,E,2004-07-28,98.615
N,E,2004-07-29,98.5272
N,E,2004-07-30,98.3645
N,E,2004-08-02,98.7282
N,E,2004-08-03,98.4896
N,E,2004-08-04,98.2647
N,E,2004-08-05,98.4646
N,E,2004-08-06,98.4395
N,E,2004-08-09,98.452
N,E,2004-08-10,98.4395
N,E,2004-08-11,98.2522
N,E,2004-08-12,98.427
N,E,2004-08-13,98.6653
N,E,2004-08-16,98.7659
N,E,2004-08-17,98.7659
N,E,2004-08-18,98.6904
N,E,2004-08-19,98.6025
N,E,2004-08-20,98.6653
N,E,2004-08-23,98.3395
N,E,2004-08-24,98.3021
N,E,2004-08-25,98.5021
N,E,2004-08-26,98.4145
N,E,2004-08-27,98.3021
N,E,2004-08-30,98.352
N,E,2004-08-31,98.1899
N,E,2004-09-01,98.3895
N,E,2004-09-02,98.7282
N,E,2004-09-03,98.703
N,E,2004-09-06,98.8038
N,E,2004-09-07,98.7659
N,E,2004-09-08,98.6276
N,E,2004-09-09,98.427
N,E,2004-09-10,98.2024
N,E,2004-09-13,98.2771
N,E,2004-09-14,98.1775
N,E,2004-09-15,98.2647
N,E,2004-09-16,98.1526
N,E,2004-09-17,97.9292
N,E,2004-09-20,97.9911
N,E,2004-09-21,97.8302
N,E,2004-09-22,97.9044
N,E,2004-09-23,97.9415
N,E,2004-09-24,97.9539
N,E,2004-09-27,97.7684
N,E,2004-09-28,97.5959
N,E,2004-09-29,97.5468
N,E,2004-09-30,97.4976
N,E,2004-10-01,97.7931
N,E,2004-10-04,97.6452
N,E,2004-10-05,97.5345
N,E,2004-10-06,97.4731
N,E,2004-10-07,97.5345
N,E,2004-10-08,97.6205
N,E,2004-10-11,97.6698
N,E,2004-10-12,97.7931
N,E,2004-10-13,97.9539
N,E,2004-10-14,98.0532
N,E,2004-10-15,98.2397
N,E,2004-10-18,98.3395
N,E,2004-10-19,98.3021
N,E,2004-10-20,98.4896
N,E,2004-10-21,98.5272
N,E,2004-10-22,98.4646
N,E,2004-10-25,98.8416
N,E,2004-10-26,98.7785
N,E,2004-10-27,98.8542
N,E,2004-10-28,98.829
N,E,2004-10-29,99.1453
N,E,2004-11-01,98.9805
N,E,2004-11-02,98.8921
N,E,2004-11-03,98.7785
N,E,2004-11-04,98.9679
N,E,2004-11-05,98.9679
N,E,2004-11-08,99.158
N,E,2004-11-09,99.1453
N,E,2004-11-10,99.2724
N,E,2004-11-11,99.5275
N,E,2004-11-12,99.5275
N,E,2004-11-15,99.4764
N,E,2004-11-16,99.4126
N,E,2004-11-17,99.4764
N,E,2004-11-18,99.8226
N,E,2004-11-19,99.9643
N,E,2004-11-22,99.9902
N,E,2004-11-23,99.8355
N,E,2004-11-24,99.9385
N,E,2004-11-25,100.288
N,E,2004-11-26,99.9643
N,E,2004-11-29,99.8741
N,E,2004-11-30,100.0418
N,E,2004-12-01,99.8484
N,E,2004-12-02,99.5275
N,E,2004-12-03,99.2342
N,E,2004-12-06,99.1961
N,E,2004-12-07,99.0565
N,E,2004-12-08,98.8038
N,E,2004-12-09,98.7785
N,E,2004-12-10,98.7659
N,E,2004-12-13,98.6401
N,E,2004-12-14,98.5648
N,E,2004-12-15,98.8542
N,E,2004-12-16,98.8038
N,E,2004-12-17,98.6653
N,E,2004-12-20,98.5648
N,E,2004-12-21,98.3146
N,E,2004-12-22,98.2647
N,E,2004-12-23,98.1401
N,E,2004-12-24,98.0035
N,E,2004-12-27,97.9539
N,E,2004-12-28,98.0035
N,E,2004-12-29,98.0532
N,E,2004-12-30,98.078
N,E,2004-12-31,98.1526
N,E,2005-01-03,98.0904
N,E,2005-01-04,97.9415
N,E,2005-01-05,97.6205
N,E,2005-01-06,97.6821
N,E,2005-01-07,97.892
N,E,2005-01-10,97.9415
N,E,2005-01-11,97.9539
N,E,2005-01-12,97.7684
N,E,2005-01-13,97.8549
N,E,2005-01-14,97.7068
N,E,2005-01-17,98.0532
N,E,2005-01-18,98.0035
N,E,2005-01-19,98.1277
N,E,2005-01-20,98.2647
N,E,2005-01-21,97.9663
N,E,2005-01-24,97.9911
N,E,2005-01-25,98.1028
N,E,2005-01-26,97.7684
N,E,2005-01-27,97.9168
N,E,2005-01-28,98.0159
N,E,2005-01-31,97.7684
N,E,2005-02-01,97.5836
N,E,2005-02-02,97.5591
N,E,2005-02-03,97.3261
N,E,2005-02-04,97.1674
N,E,2005-02-07,97.2161
N,E,2005-02-08,97.1308
N,E,2005-02-09,97.2894
N,E,2005-02-10,97.2894
N,E,2005-02-11,97.3628
N,E,2005-02-14,97.5099
N,E,2005-02-15,97.6205
N,E,2005-02-16,97.9292
N,E,2005-02-17,97.8549
N,E,2005-02-18,97.9292
N,E,2005-02-21,97.9911
N,E,2005-02-22,98.2647
N,E,2005-02-23,98.452
N,E,2005-02-24,98.452
N,E,2005-02-25,98.1899
N,E,2005-02-28,98.3895
N,E,2005-03-01,98.5899
N,E,2005-03-02,98.4395
N,E,2005-03-03,98.078
N,E,2005-03-04,97.7808
N,E,2005-03-07,97.8673
N,E,2005-03-08,97.5714
N,E,2005-03-09,97.6575
N,E,2005-03-10,97.7438
N,E,2005-03-11,97.7684
N,E,2005-03-14,97.6944
N,E,2005-03-15,97.7314
N,E,2005-03-16,97.8178
N,E,2005-03-17,98.0283
N,E,2005-03-18,97.8178
N,E,2005-03-21,97.6575
N,E,2005-03-22,97.5468
N,E,2005-03-23,97.4118
N,E,2005-03-24,97.5222
N,E,2005-03-25,97.5468
N,E,2005-03-28,97.5714
N,E,2005-03-29,97.5959
N,E,2005-03-30,97.5959
N,E,2005-03-31,97.7191
N,E,2005-04-01,97.6205
N,E,2005-04-04,97.5468
N,E,2005-04-05,97.4486
N,E,2005-04-06,97.6944
N,E,2005-04-07,97.6821
N,E,2005-04-08,97.6944
N,E,2005-04-11,97.8302
N,E,2005-04-12,97.8055
N,E,2005-04-13,97.8673
N,E,2005-04-14,97.6082
N,E,2005-04-15,97.5222
N,E,2005-04-18,97.9539
N,E,2005-04-19,98.0035
N,E,2005-04-20,98.0904
N,E,2005-04-21,98.1775
N,E,2005-04-22,98.1028
N,E,2005-04-25,98.1401
N,E,2005-04-26,98.1277
N,E,2005-04-27,98.165
N,E,2005-04-28,98.3146
N,E,2005-04-29,98.5272
N,E,2005-05-02,98.402
N,E,2005-05-03,98.1899
N,E,2005-05-04,98.2024
N,E,2005-05-05,98.0283
N,E,2005-05-06,97.8549
N,E,2005-05-09,97.8302
N,E,2005-05-10,97.9168
N,E,2005-05-11,98.0283
N,E,2005-05-12,98.0035
N,E,2005-05-13,98.0904
N,E,2005-05-16,98.078
N,E,2005-05-17,98.0656
N,E,2005-05-18,98.2397
N,E,2005-05-19,98.1401
N,E,2005-05-20,98.0035
N,E,2005-05-23,97.8673
N,E,2005-05-24,97.9415
N,E,2005-05-25,98.0035
N,E,2005-05-26,98.0283
N,E,2005-05-27,97.9168
N,E,2005-05-30,98.0159
N,E,2005-05-31,98.1899
N,E,2005-06-01,98.8164
N,E,2005-06-02,98.7659
N,E,2005-06-03,98.703
N,E,2005-06-06,98.9173
N,E,2005-06-07,98.9679
N,E,2005-06-08,98.8164
N,E,2005-06-09,98.8921
N,E,2005-06-10,98.7911
N,E,2005-06-13,98.4896
N,E,2005-06-14,98.4145
N,E,2005-06-15,98.4395
N,E,2005-06-16,98.4896
N,E,2005-06-17,98.2647
N,E,2005-06-20,98.0904
N,E,2005-06-21,98.2397
N,E,2005-06-22,98.402
N,E,2005-06-23,98.3021
N,E,2005-06-24,98.3395
N,E,2005-06-27,98.2522
N,E,2005-06-28,98.078
N,E,2005-06-29,98.0283
N,E,2005-06-30,97.7931
N,E,2005-07-01,97.5591
N,E,2005-07-04,97.7931
N,E,2005-07-05,97.6205
N,E,2005-07-06,97.5099
N,E,2005-07-07,97.5099
N,E,2005-07-08,97.5959
N,E,2005-07-11,97.3873
N,E,2005-07-12,97.3628
N,E,2005-07-13,97.2406
N,E,2005-07-14,97.2406
N,E,2005-07-15,97.1064
N,E,2005-07-18,97.0943
N,E,2005-07-19,96.8999
N,E,2005-07-20,96.9241
N,E,2005-07-21,96.9605
N,E,2005-07-22,96.912
N,E,2005-07-25,96.8878
N,E,2005-07-26,97.0456
N,E,2005-07-27,96.9363
N,E,2005-07-28,96.7909
N,E,2005-07-29,97.0578
N,E,2005-08-01,97.1795
N,E,2005-08-02,97.3016
N,E,2005-08-03,97.3261
N,E,2005-08-04,97.2528
N,E,2005-08-05,97.1674
N,E,2005-08-08,97.0578
N,E,2005-08-09,97.3261
N,E,2005-08-10,97.3016
N,E,2005-08-11,97.4731
N,E,2005-08-12,97.5714
N,E,2005-08-15,97.6452
N,E,2005-08-16,97.5959
N,E,2005-08-17,97.7068
N,E,2005-08-18,97.9663
N,E,2005-08-19,97.9044
N,E,2005-08-22,97.6329
N,E,2005-08-23,97.4608
N,E,2005-08-24,97.4118
N,E,2005-08-25,97.7684
N,E,2005-08-26,97.9539
N,E,2005-08-29,98.0035
N,E,2005-08-30,97.7068
N,E,2005-08-31,97.7438
N,E,2005-09-01,97.9044
N,E,2005-09-02,98.2397
N,E,2005-09-05,98.2397
N,E,2005-09-06,98.1277
N,E,2005-09-07,98.1277
N,E,2005-09-08,98.1899
N,E,2005-09-09,98.2397
N,E,2005-09-12,98.1277
N,E,2005-09-13,97.9292
N,E,2005-09-14,97.9044
N,E,2005-09-15,98.0283
N,E,2005-09-16,97.6821
N,E,2005-09-19,97.6944
N,E,2005-09-20,97.5714
N,E,2005-09-21,97.6329
N,E,2005-09-22,97.5222
N,E,2005-09-23,97.3751
N,E,2005-09-26,97.3261
N,E,2005-09-27,97.2772
N,E,2005-09-28,97.3628
N,E,2005-09-29,97.2039
N,E,2005-09-30,97.3628
N,E,2005-10-03,97.4731
N,E,2005-10-04,97.6698
N,E,2005-10-05,97.6329
N,E,2005-10-06,97.9663
N,E,2005-10-07,97.7808
N,E,2005-10-10,97.7684
N,E,2005-10-11,97.8426
N,E,2005-10-12,97.8302
N,E,2005-10-13,97.6452
N,E,2005-10-14,97.7808
N,E,2005-10-17,97.6205
N,E,2005-10-18,97.4854
N,E,2005-10-19,97.5959
N,E,2005-10-20,97.5714
N,E,2005-10-21,97.9044
N,E,2005-10-24,98.0283
N,E,2005-10-25,98.0904
N,E,2005-10-26,97.9415
N,E,2005-10-27,97.9292
N,E,2005-10-28,98.0035
N,E,2005-10-31,98.0407
N,E,2005-11-01,97.9539
N,E,2005-11-02,98.0532
N,E,2005-11-03,98.1401
N,E,2005-11-04,98.1153
N,E,2005-11-07,98.1775
N,E,2005-11-08,98.165
N,E,2005-11-09,98.2024
N,E,2005-11-10,98.3146
N,E,2005-11-11,98.5147
N,E,2005-11-14,98.402
N,E,2005-11-15,98.2896
N,E,2005-11-16,97.9911
N,E,2005-11-17,97.9539
N,E,2005-11-18,97.892
N,E,2005-11-21,97.7808
N,E,2005-11-22,97.8797
N,E,2005-11-23,97.7684
N,E,2005-11-24,97.6329
N,E,2005-11-25,97.6698
N,E,2005-11-28,97.9415
N,E,2005-11-29,97.892
N,E,2005-11-30,97.8302
N,E,2005-12-01,97.9044
N,E,2005-12-02,98.1028
N,E,2005-12-05,98.0656
N,E,2005-12-06,98.3146
N,E,2005-12-07,98.352
N,E,2005-12-08,98.452
N,E,2005-12-09,98.4395
N,E,2005-12-12,98.3895
N,E,2005-12-13,98.2273
N,E,2005-12-14,98.1153
N,E,2005-12-15,98.1775
N,E,2005-12-16,98.0904
N,E,2005-12-19,97.6944
N,E,2005-12-20,97.5468
N,E,2005-12-21,97.5345
N,E,2005-12-22,97.4363
N,E,2005-12-23,97.2772
N,E,2005-12-26,97.2772
N,E,2005-12-27,97.2772
N,E,2005-12-28,97.2039
N,E,2005-12-29,97.1674
N,E,2005-12-30,97.3383
N,E,2006-01-02,97.4363
N,E,2006-01-03,97.5345
N,E,2006-01-04,97.5959
N,E,2006-01-05,97.7931
N,E,2006-01-06,98.0159
N,E,2006-01-09,98.2148
N,E,2006-01-10,98.2024
N,E,2006-01-11,97.9415
N,E,2006-01-12,97.8673
N,E,2006-01-13,97.8797
N,E,2006-01-16,97.7684
N,E,2006-01-17,97.7684
N,E,2006-01-18,97.8673
N,E,2006-01-19,97.5714
N,E,2006-01-20,97.6205
N,E,2006-01-23,97.7931
N,E,2006-01-24,97.7931
N,E,2006-01-25,97.7068
N,E,2006-01-26,97.8302
N,E,2006-01-27,97.6452
N,E,2006-01-30,97.4118
N,E,2006-01-31,97.4854
N,E,2006-02-01,97.4976
N,E,2006-02-02,97.3995
N,E,2006-02-03,97.3506
N,E,2006-02-06,97.3873
N,E,2006-02-07,97.3016
N,E,2006-02-08,97.5468
N,E,2006-02-09,97.4363
N,E,2006-02-10,97.4118
N,E,2006-02-13,97.3995
N,E,2006-02-14,97.3261
N,E,2006-02-15,97.2039
N,E,2006-02-16,97.2528
N,E,2006-02-17,97.0578
N,E,2006-02-20,96.9727
N,E,2006-02-21,97.0578
N,E,2006-02-22,97.2406
N,E,2006-02-23,97.0699
N,E,2006-02-24,97.0578
N,E,2006-02-27,96.8272
N,E,2006-02-28,96.7546
N,E,2006-03-01,96.9605
N,E,2006-03-02,96.7909
N,E,2006-03-03,96.9241
N,E,2006-03-06,97.0821
N,E,2006-03-07,97.1674
N,E,2006-03-08,97.0213
N,E,2006-03-09,96.9605
N,E,2006-03-10,96.7304
N,E,2006-03-13,96.4413
N,E,2006-03-14,96.6701
N,E,2006-03-15,96.7183
N,E,2006-03-16,96.8514
N,E,2006-03-17,96.3933
N,E,2006-03-20,96.3094
N,E,2006-03-21,96.4173
N,E,2006-03-22,96.2495
N,E,2006-03-23,96.0943
N,E,2006-03-24,96.0228
N,E,2006-03-27,96.2495
N,E,2006-03-28,96.2735
N,E,2006-03-29,96.3214
N,E,2006-03-30,96.1062
N,E,2006-03-31,95.892
N,E,2006-04-03,95.8683
N,E,2006-04-04,95.7497
N,E,2006-04-05,95.9752
N,E,2006-04-06,95.9514
N,E,2006-04-07,96.0704
N,E,2006-04-10,96.2017
N,E,2006-04-11,96.0228
N,E,2006-04-12,96.2017
N,E,2006-04-13,96.3933
N,E,2006-04-14,96.4854
N,E,2006-04-17,96.5776
N,E,2006-04-18,96.6701
N,E,2006-04-19,96.6218
N,E,2006-04-20,96.5134
N,E,2006-04-21,96.2615
N,E,2006-04-24,96.3214
N,E,2006-04-25,96.2735
N,E,2006-04-26,96.0466
N,E,2006-04-27,95.8327
N,E,2006-04-28,96.142
N,E,2006-05-01,96.5074
N,E,2006-05-02,96.8756
N,E,2006-05-03,96.9727
N,E,2006-05-04,97.0091
N,E,2006-05-05,97.0091
N,E,2006-05-08,97.143
N,E,2006-05-09,97.1308
N,E,2006-05-10,97.2894
N,E,2006-05-11,96.997
N,E,2006-05-12,97.5468
N,E,2006-05-15,97.6698
N,E,2006-05-16,97.5222
N,E,2006-05-17,97.6575
N,E,2006-05-18,97.7684
N,E,2006-05-19,97.3383
N,E,2006-05-22,97.6698
N,E,2006-05-23,97.6821
N,E,2006-05-24,97.6575
N,E,2006-05-25,97.4486
N,E,2006-05-26,97.2406
N,E,2006-05-29,97.0456
N,E,2006-05-30,97.1186
N,E,2006-05-31,97.2039
N,E,2006-06-01,96.997
N,E,2006-06-02,96.803
N,E,2006-06-05,97.0395
N,E,2006-06-06,97.2772
N,E,2006-06-07,97.0699
N,E,2006-06-08,97.0213
N,E,2006-06-09,97.1674
N,E,2006-06-12,97.4608
N,E,2006-06-13,97.5836
N,E,2006-06-14,97.5714
N,E,2006-06-15,97.4976
N,E,2006-06-16,97.3751
N,E,2006-06-19,97.2528
N,E,2006-06-20,97.0943
N,E,2006-06-21,97.0943
N,E,2006-06-22,96.8878
N,E,2006-06-23,96.8514
N,E,2006-06-26,96.9363
N,E,2006-06-27,96.7063
N,E,2006-06-28,96.8272
N,E,2006-06-29,96.8151
N,E,2006-06-30,96.6459
N,E,2006-07-03,96.7183
N,E,2006-07-04,96.5857
N,E,2006-07-05,96.6459
N,E,2006-07-06,96.5736
N,E,2006-07-07,96.5014
N,E,2006-07-10,96.7183
N,E,2006-07-11,96.7667
N,E,2006-07-12,96.7183
N,E,2006-07-13,96.8514
N,E,2006-07-14,96.997
N,E,2006-07-17,96.997
N,E,2006-07-18,96.803
N,E,2006-07-19,96.6821
N,E,2006-07-20,96.4053
N,E,2006-07-21,96.4533
N,E,2006-07-24,96.2137
N,E,2006-07-25,96.2137
N,E,2006-07-26,96.1539
N,E,2006-07-27,96.1539
N,E,2006-07-28,96.3094
N,E,2006-07-31,96.3094
N,E,2006-08-01,96.3274
N,E,2006-08-02,96.3453
N,E,2006-08-03,96.1898
N,E,2006-08-04,96.0466
N,E,2006-08-07,96.2974
N,E,2006-08-08,96.2735
N,E,2006-08-09,96.2376
N,E,2006-08-10,96.1539
N,E,2006-08-11,95.9158
N,E,2006-08-14,95.8208
N,E,2006-08-15,95.8208
N,E,2006-08-16,95.8445
N,E,2006-08-17,96.0347
N,E,2006-08-18,95.8801
N,E,2006-08-21,95.9752
N,E,2006-08-22,96.0109
N,E,2006-08-23,95.8683
N,E,2006-08-24,95.809
N,E,2006-08-25,95.809
N,E,2006-08-28,95.809
N,E,2006-08-29,95.9514
N,E,2006-08-30,96.1539
N,E,2006-08-31,96.1062
N,E,2006-09-01,96.0347
N,E,2006-09-04,95.8564
N,E,2006-09-05,95.7616
N,E,2006-09-06,95.7734
N,E,2006-09-07,95.7853
N,E,2006-09-08,95.7616
N,E,2006-09-11,95.8327
N,E,2006-09-12,95.892
N,E,2006-09-13,95.3841
N,E,2006-09-14,95.5489
N,E,2006-09-15,94.9281
N,E,2006-09-18,95.3959
N,E,2006-09-19,95.2082
N,E,2006-09-20,95.3841
N,E,2006-09-21,95.4547
N,E,2006-09-22,95.4782
N,E,2006-09-25,95.9395
N,E,2006-09-26,95.9276
N,E,2006-09-27,95.9514
N,E,2006-09-28,95.6669
N,E,2006-09-29,95.4547
N,E,2006-10-02,95.5607
N,E,2006-10-03,95.5489
N,E,2006-10-04,95.5018
N,E,2006-10-05,95.3137
N,E,2006-10-06,95.2902
N,E,2006-10-09,95.3959
N,E,2006-10-10,95.2199
N,E,2006-10-11,95.0563
N,E,2006-10-12,95.1147
N,E,2006-10-13,95.0797
N,E,2006-10-16,95.1848
N,E,2006-10-17,95.2317
N,E,2006-10-18,95.2551
N,E,2006-10-19,95.2668
N,E,2006-10-20,95.3841
N,E,2006-10-23,95.302
N,E,2006-10-24,95.1614
N,E,2006-10-25,95.2317
N,E,2006-10-26,95.1614
N,E,2006-10-27,95.2082
N,E,2006-10-30,95.2902
N,E,2006-10-31,95.3724
N,E,2006-11-01,95.3959
N,E,2006-11-02,95.2668
N,E,2006-11-03,95.2082
N,E,2006-11-06,94.9398
N,E,2006-11-07,94.8468
N,E,2006-11-08,94.9281
N,E,2006-11-09,94.8932
N,E,2006-11-10,95.0797
N,E,2006-11-13,95.103
N,E,2006-11-14,95.0097
N,E,2006-11-15,94.7539
N,E,2006-11-16,94.7539
N,E,2006-11-17,94.7655
N,E,2006-11-20,94.9514
N,E,2006-11-21,95.033
N,E,2006-11-22,95.1497
N,E,2006-11-23,95.4547
N,E,2006-11-24,95.6551
N,E,2006-11-27,95.5961
N,E,2006-11-28,95.5725
N,E,2006-11-29,95.3254
N,E,2006-11-30,95.1614
N,E,2006-12-01,95.4312
N,E,2006-12-04,95.1497
N,E,2006-12-05,95.1848
N,E,2006-12-06,95.3606
N,E,2006-12-07,95.3489
N,E,2006-12-08,95.3254
N,E,2006-12-11,95.2902
N,E,2006-12-12,95.1848
N,E,2006-12-13,95.0447
N,E,2006-12-14,94.8235
N,E,2006-12-15,94.8119
N,E,2006-12-18,94.7423
N,E,2006-12-19,94.5111
N,E,2006-12-20,94.3844
N,E,2006-12-21,94.465
N,E,2006-12-22,94.5111
N,E,2006-12-25,94.4919
N,E,2006-12-26,94.4727
N,E,2006-12-27,94.4534
N,E,2006-12-28,94.1778
N,E,2006-12-29,94.3154
N,E,2007-01-01,94.1587
N,E,2007-01-02,94.0025
N,E,2007-01-03,93.8468
N,E,2007-01-04,93.8923
N,E,2007-01-05,94.1778
N,E,2007-01-08,94.2007
N,E,2007-01-09,93.9493
N,E,2007-01-10,93.8468
N,E,2007-01-11,93.7332
N,E,2007-01-12,93.8809
N,E,2007-01-15,93.9265
N,E,2007-01-16,93.8696
N,E,2007-01-17,93.8696
N,E,2007-01-18,93.552
N,E,2007-01-19,93.6539
N,E,2007-01-22,93.5973
N,E,2007-01-23,93.5973
N,E,2007-01-24,93.6539
N,E,2007-01-25,93.6765
N,E,2007-01-26,93.6992
N,E,2007-01-29,93.4392
N,E,2007-01-30,93.2928
N,E,2007-01-31,93.2591
N,E,2007-02-01,93.552
N,E,2007-02-02,93.6086
N,E,2007-02-05,93.6312
N,E,2007-02-06,93.8809
N,E,2007-02-07,94.0063
N,E,2007-02-08,93.3941
N,E,2007-02-09,93.2591
N,E,2007-02-12,93.2816
N,E,2007-02-13,93.2367
N,E,2007-02-14,93.0686
N,E,2007-02-15,93.147
N,E,2007-02-16,93.3828
N,E,2007-02-19,93.4054
N,E,2007-02-20,93.1694
N,E,2007-02-21,93.1358
N,E,2007-02-22,93.1022
N,E,2007-02-23,93.1806
N,E,2007-02-26,93.4166
N,E,2007-02-27,93.6086
N,E,2007-02-28,93.9151
N,E,2007-03-01,93.8923
N,E,2007-03-02,93.9379
N,E,2007-03-05,94.8003
N,E,2007-03-06,94.5688
N,E,2007-03-07,94.3729
N,E,2007-03-08,94.281
N,E,2007-03-09,93.9265
N,E,2007-03-12,93.6652
N,E,2007-03-13,93.9151
N,E,2007-03-14,94.2695
N,E,2007-03-15,93.9835
N,E,2007-03-16,94.281
N,E,2007-03-19,94.0634
N,E,2007-03-20,93.9607
N,E,2007-03-21,93.8127
N,E,2007-03-22,93.6086
N,E,2007-03-23,93.6652
N,E,2007-03-26,93.5633
N,E,2007-03-27,93.4843
N,E,2007-03-28,93.6992
N,E,2007-03-29,93.4279
N,E,2007-03-30,93.2254
N,E,2007-04-02,93.3716
N,E,2007-04-03,93.091
N,E,2007-04-04,93.0127
N,E,2007-04-05,92.8454
N,E,2007-04-06,92.7528
N,E,2007-04-09,92.6603
N,E,2007-04-10,92.568
N,E,2007-04-11,92.568
N,E,2007-04-12,92.2702
N,E,2007-04-13,92.5127
N,E,2007-04-16,92.1165
N,E,2007-04-17,92.2922
N,E,2007-04-18,92.4575
N,E,2007-04-19,92.7232
N,E,2007-04-20,92.1714
N,E,2007-04-23,92.3582
N,E,2007-04-24,92.4575
N,E,2007-04-25,92.2372
N,E,2007-04-26,92.1494
N,E,2007-04-27,92.2482
N,E,2007-04-30,92.1604
N,E,2007-05-01,91.9252
N,E,2007-05-02,91.6912
N,E,2007-05-03,91.9525
N,E,2007-05-04,91.9416
N,E,2007-05-07,92.0399
N,E,2007-05-08,91.7999
N,E,2007-05-09,91.8543
N,E,2007-05-10,91.8434
N,E,2007-05-11,92.1494
N,E,2007-05-14,91.7129
N,E,2007-05-15,91.8325
N,E,2007-05-16,91.6695
N,E,2007-05-17,91.5773
N,E,2007-05-18,91.4854
N,E,2007-05-21,91.3774
N,E,2007-05-22,91.4746
N,E,2007-05-23,91.7129
N,E,2007-05-24,91.7455
N,E,2007-05-25,91.8543
N,E,2007-05-28,91.8217
N,E,2007-05-29,91.789
N,E,2007-05-30,92.018
N,E,2007-05-31,91.9634
N,E,2007-06-01,91.7455
N,E,2007-06-04,91.7129
N,E,2007-06-05,91.8325
N,E,2007-06-06,92.0509
N,E,2007-06-07,92.0071
N,E,2007-06-08,92.0509
N,E,2007-06-11,91.6912
N,E,2007-06-12,91.4962
N,E,2007-06-13,91.6153
N,E,2007-06-14,91.3774
N,E,2007-06-15,91.399
N,E,2007-06-18,91.1409
N,E,2007-06-19,91.098
N,E,2007-06-20,91.1194
N,E,2007-06-21,91.2053
N,E,2007-06-22,91.3236
N,E,2007-06-25,91.6478
N,E,2007-06-26,91.5936
N,E,2007-06-27,91.7346
N,E,2007-06-28,91.5611
N,E,2007-06-29,91.4206
N,E,2007-07-02,91.8434
N,E,2007-07-03,91.5936
N,E,2007-07-04,91.453
N,E,2007-07-05,91.5719
N,E,2007-07-06,91.4098
N,E,2007-07-09,91.3559
N,E,2007-07-10,91.3882
N,E,2007-07-11,91.5611
N,E,2007-07-12,91.3882
N,E,2007-07-13,91.3343
N,E,2007-07-16,91.4422
N,E,2007-07-17,91.6153
N,E,2007-07-18,91.4746
N,E,2007-07-19,91.3667
N,E,2007-07-20,91.1409
N,E,2007-07-23,91.2375
N,E,2007-07-24,90.9375
N,E,2007-07-25,90.9375
N,E,2007-07-26,91.0444
N,E,2007-07-27,91.5286
N,E,2007-07-30,91.9525
N,E,2007-07-31,91.7781
N,E,2007-08-01,91.9416
N,E,2007-08-02,92.1056
N,E,2007-08-03,91.7238
N,E,2007-08-06,92.3803
N,E,2007-08-07,92.1275
N,E,2007-08-08,92.029
N,E,2007-08-09,92.1056
N,E,2007-08-10,92.6344
N,E,2007-08-13,92.5127
N,E,2007-08-14,92.3803
N,E,2007-08-15,92.4354
N,E,2007-08-16,92.6788
N,E,2007-08-17,93.3716
N,E,2007-08-20,92.968
N,E,2007-08-21,93.3941
N,E,2007-08-22,93.0574
N,E,2007-08-23,92.6012
N,E,2007-08-24,92.7121
N,E,2007-08-27,92.1823
N,E,2007-08-28,92.4354
N,E,2007-08-29,92.6566
N,E,2007-08-30,92.2812
N,E,2007-08-31,91.9852
N,E,2007-09-03,91.9088
N,E,2007-09-04,92.0946
N,E,2007-09-05,91.887
N,E,2007-09-06,92.0837
N,E,2007-09-07,92.1604
N,E,2007-09-10,92.6233
N,E,2007-09-11,92.4023
N,E,2007-09-12,92.2592
N,E,2007-09-13,92.029
N,E,2007-09-14,92.018
N,E,2007-09-17,91.9525
N,E,2007-09-18,92.0509
N,E,2007-09-19,91.7672
N,E,2007-09-20,91.8543
N,E,2007-09-21,91.789
N,E,2007-09-24,91.6478
N,E,2007-09-25,91.8108
N,E,2007-09-26,91.6912
N,E,2007-09-27,91.4314
N,E,2007-09-28,91.2805
N,E,2007-10-01,90.9589
N,E,2007-10-02,91.0551
N,E,2007-10-03,90.9909
N,E,2007-10-04,91.1087
N,E,2007-10-05,91.173
N,E,2007-10-08,90.9268
N,E,2007-10-09,90.9055
N,E,2007-10-10,90.6926
N,E,2007-10-11,90.5124
N,E,2007-10-12,90.2802
N,E,2007-10-15,90.2802
N,E,2007-10-16,90.3434
N,E,2007-10-17,90.4067
N,E,2007-10-18,90.5865
N,E,2007-10-19,90.5547
N,E,2007-10-22,90.8948
N,E,2007-10-23,90.8308
N,E,2007-10-24,90.6501
N,E,2007-10-25,90.6819
N,E,2007-10-26,90.5335
N,E,2007-10-29,90.3856
N,E,2007-10-30,90.2908
N,E,2007-10-31,90.5124
N,E,2007-11-01,90.3013
N,E,2007-11-02,90.7032
N,E,2007-11-05,90.6607
N,E,2007-11-06,90.9055
N,E,2007-11-07,91.0765
N,E,2007-11-08,91.2805
N,E,2007-11-09,91.6695
N,E,2007-11-12,92.1494
N,E,2007-11-13,92.1823
N,E,2007-11-14,92.018
N,E,2007-11-15,92.1385
N,E,2007-11-16,92.3472
N,E,2007-11-19,92.5127
N,E,2007-11-20,92.5238
N,E,2007-11-21,92.6012
N,E,2007-11-22,92.6677
N,E,2007-11-23,92.6899
N,E,2007-11-26,92.5569
N,E,2007-11-27,92.7676
N,E,2007-11-28,92.1933
N,E,2007-11-29,91.9088
N,E,2007-11-30,91.6695
N,E,2007-12-03,91.702
N,E,2007-12-04,91.6695
N,E,2007-12-05,91.9416
N,E,2007-12-06,91.9634
N,E,2007-12-07,91.6261
N,E,2007-12-10,91.5828
N,E,2007-12-11,91.1516
N,E,2007-12-12,91.1194
N,E,2007-12-13,90.8415
N,E,2007-12-14,90.7883
N,E,2007-12-17,91.2697
N,E,2007-12-18,91.3882
N,E,2007-12-19,91.2913
N,E,2007-12-20,91.3128
N,E,2007-12-21,91.1301
N,E,2007-12-24,91.0551
N,E,2007-12-25,90.9696
N,E,2007-12-26,90.8841
N,E,2007-12-27,90.7989
N,E,2007-12-28,91.0658
N,E,2007-12-31,91.399
N,E,2008-01-01,91.6586
N,E,2008-01-02,91.9197
N,E,2008-01-03,92.1823
N,E,2008-01-04,92.5238
N,E,2008-01-07,92.4023
N,E,2008-01-08,92.2043
N,E,2008-01-09,92.5569
N,E,2008-01-10,92.6233
N,E,2008-01-11,93.0127
N,E,2008-01-14,93.2479
N,E,2008-01-15,93.3041
N,E,2008-01-16,93.9151
N,E,2008-01-17,93.6652
N,E,2008-01-18,93.8241
N,E,2008-01-21,94.696
N,E,2008-01-22,94.5688
N,E,2008-01-23,94.7423
N,E,2008-01-24,95.0097
N,E,2008-01-25,94.0291
N,E,2008-01-28,94.3154
N,E,2008-01-29,93.8923
N,E,2008-01-30,93.9151
N,E,2008-01-31,94.281
N,E,2008-02-01,94.3154
N,E,2008-02-04,93.8241
N,E,2008-02-05,93.5182
N,E,2008-02-06,94.3844
N,E,2008-02-07,94.3729
N,E,2008-02-08,94.5572
N,E,2008-02-11,94.9281
N,E,2008-02-12,94.7076
N,E,2008-02-13,94.2924
N,E,2008-02-14,93.79
N,E,2008-02-15,94.1549
N,E,2008-02-18,94.0634
N,E,2008-02-19,93.8809
N,E,2008-02-20,93.9151
N,E,2008-02-21,93.6312
N,E,2008-02-22,93.8582
N,E,2008-02-25,93.8696
N,E,2008-02-26,93.8013
N,E,2008-02-27,94.0977
N,E,2008-02-28,94.3729
N,E,2008-02-29,94.9514
N,E,2008-03-03,96.1539
N,E,2008-03-04,95.9039
N,E,2008-03-05,95.9514
N,E,2008-03-06,95.7616
N,E,2008-03-07,96.4413
N,E,2008-03-10,96.4293
N,E,2008-03-11,96.5495
N,E,2008-03-12,95.6315
N,E,2008-03-13,96.3693
N,E,2008-03-14,96.2615
N,E,2008-03-17,97.7808
N,E,2008-03-18,97.1674
N,E,2008-03-19,96.9727
N,E,2008-03-20,96.7304
N,E,2008-03-21,96.5335
N,E,2008-03-24,96.3373
N,E,2008-03-25,96.142
N,E,2008-03-26,96.3453
N,E,2008-03-27,96.4293
N,E,2008-03-28,96.3094
N,E,2008-03-31,96.4894
N,E,2008-04-01,96.3813
N,E,2008-04-02,95.8327
N,E,2008-04-03,95.5843
N,E,2008-04-04,95.6551
N,E,2008-04-07,95.1848
N,E,2008-04-08,95.3137
N,E,2008-04-09,95.1731
N,E,2008-04-10,96.2256
N,E,2008-04-11,95.3841
N,E,2008-04-14,95.9633
N,E,2008-04-15,95.7616
N,E,2008-04-16,95.2785
N,E,2008-04-17,95.0563
N,E,2008-04-18,94.488
N,E,2008-04-21,94.3384
N,E,2008-04-22,94.2695
N,E,2008-04-23,94.3039
N,E,2008-04-24,93.9151
N,E,2008-04-25,93.4504
N,E,2008-04-28,93.7673
N,E,2008-04-29,93.6992
N,E,2008-04-30,93.8354
N,E,2008-05-01,93.6086
N,E,2008-05-02,93.3828
N,E,2008-05-05,92.8788
N,E,2008-05-06,92.9346
N,E,2008-05-07,92.8121
N,E,2008-05-08,93.5973
N,E,2008-05-09,93.8468
N,E,2008-05-12,93.6539
N,E,2008-05-13,93.4617
N,E,2008-05-14,92.9011
N,E,2008-05-15,92.7676
N,E,2008-05-16,92.9234
N,E,2008-05-19,93.0351
N,E,2008-05-20,92.9569
N,E,2008-05-21,93.1694
N,E,2008-05-22,93.5182
N,E,2008-05-23,93.6425
N,E,2008-05-26,93.6425
N,E,2008-05-27,93.6539
N,E,2008-05-28,93.4956
N,E,2008-05-29,93.091
N,E,2008-05-30,93.0686
N,E,2008-06-02,93.6425
N,E,2008-06-03,94.2121
N,E,2008-06-04,94.258
N,E,2008-06-05,93.7786
N,E,2008-06-06,93.3941
N,E,2008-06-09,94.0862
N,E,2008-06-10,94.2236
N,E,2008-06-11,93.8923
N,E,2008-06-12,94.3154
N,E,2008-06-13,94.0177
N,E,2008-06-16,93.9379
N,E,2008-06-17,93.8923
N,E,2008-06-18,93.6879
N,E,2008-06-19,93.8013
N,E,2008-06-20,93.5294
N,E,2008-06-23,93.5182
N,E,2008-06-24,93.4166
N,E,2008-06-25,93.3828
N,E,2008-06-26,93.473
N,E,2008-06-27,94.2007
N,E,2008-06-30,94.3269
N,E,2008-07-01,94.1778
N,E,2008-07-02,94.0177
N,E,2008-07-03,94.052
N,E,2008-07-04,94.0634
N,E,2008-07-07,93.9037
N,E,2008-07-08,94.1892
N,E,2008-07-09,93.473
N,E,2008-07-10,93.4617
N,E,2008-07-11,93.3041
N,E,2008-07-14,93.2928
N,E,2008-07-15,94.1892
N,E,2008-07-16,94.4534
N,E,2008-07-17,93.9607
N,E,2008-07-18,93.6539
N,E,2008-07-21,93.4279
N,E,2008-07-22,93.574700000000007
N,E,2008-07-23,93.0351
N,E,2008-07-24,93.1134
N,E,2008-07-25,93.203
N,E,2008-07-28,93.0462
N,E,2008-07-29,93.1582
N,E,2008-07-30,92.9011
N,E,2008-07-31,92.6677
N,E,2008-08-01,92.7176
N,E,2008-08-04,92.7676
N,E,2008-08-05,92.8566
N,E,2008-08-06,92.9904
N,E,2008-08-07,92.7787
N,E,2008-08-08,93.0574
N,E,2008-08-11,93.4504
N,E,2008-08-12,93.5069
N,E,2008-08-13,93.3491
N,E,2008-08-14,93.5294
N,E,2008-08-15,93.6086
N,E,2008-08-18,93.8241
N,E,2008-08-19,93.9835
N,E,2008-08-20,93.7219
N,E,2008-08-21,93.6199
N,E,2008-08-22,93.4504
N,E,2008-08-25,93.4617
N,E,2008-08-26,93.7219
N,E,2008-08-27,94.0177
N,E,2008-08-28,93.8923
N,E,2008-08-29,93.8809
N,E,2008-09-01,94.2007
N,E,2008-09-02,93.9949
N,E,2008-09-03,94.2465
N,E,2008-09-04,94.4995
N,E,2008-09-05,95.3489
N,E,2008-09-08,94.4304
N,E,2008-09-09,94.8584
N,E,2008-09-10,94.9631
N,E,2008-09-11,95.5135
N,E,2008-09-12,94.6497
N,E,2008-09-15,95.1965
N,E,2008-09-16,96.0824
N,E,2008-09-17,95.103
N,E,2008-09-18,95.4782
N,E,2008-09-19,94.9165
N,E,2008-09-22,94.7771
N,E,2008-09-23,94.9864
N,E,2008-09-24,94.9281
N,E,2008-09-25,94.9281
N,E,2008-09-26,95.2785
N,E,2008-09-29,95.5725
N,E,2008-09-30,95.9752
N,E,2008-10-01,95.9158
N,E,2008-10-02,96.3214
N,E,2008-10-03,96.5375
N,E,2008-10-06,97.6452
N,E,2008-10-07,97.9168
N,E,2008-10-08,97.9911
N,E,2008-10-09,97.8178
N,E,2008-10-10,99.5275
N,E,2008-10-13,98.3645
N,E,2008-10-14,97.9044
N,E,2008-10-15,97.7931
N,E,2008-10-16,98.9679
N,E,2008-10-17,99.1707
N,E,2008-10-20,98.93
N,E,2008-10-21,99.2469
N,E,2008-10-22,100.7708
N,E,2008-10-23,101.3246
N,E,2008-10-24,102.6407
N,E,2008-10-27,105.2349
N,E,2008-10-28,104.1312
N,E,2008-10-29,103.3116
N,E,2008-10-30,102.059
N,E,2008-10-31,103.5326
N,E,2008-11-03,101.8443
N,E,2008-11-04,101.8309
N,E,2008-11-05,100.9547
N,E,2008-11-06,100.6922
N,E,2008-11-07,100.8758
N,E,2008-11-10,100.379
N,E,2008-11-11,100.9416
N,E,2008-11-12,101.8041
N,E,2008-11-13,101.8577
N,E,2008-11-14,100.366
N,E,2008-11-17,100.1972
N,E,2008-11-18,100.1842
N,E,2008-11-19,99.502
N,E,2008-11-20,99.7455
N,E,2008-11-21,98.5272
N,E,2008-11-24,98.377
N,E,2008-11-25,98.0283
N,E,2008-11-26,97.8178
N,E,2008-11-27,97.8673
N,E,2008-11-28,97.8549
N,E,2008-12-01,98.8921
N,E,2008-12-02,99.4381
N,E,2008-12-03,98.9679
N,E,2008-12-04,98.6904
N,E,2008-12-05,98.6653
N,E,2008-12-08,97.1064
N,E,2008-12-09,97.2039
N,E,2008-12-10,97.0821
N,E,2008-12-11,96.8756
N,E,2008-12-12,96.3334
N,E,2008-12-15,95.9633
N,E,2008-12-16,95.8683
N,E,2008-12-17,96.2495
N,E,2008-12-18,98.7911
N,E,2008-12-19,98.165
N,E,2008-12-22,98.3645
N,E,2008-12-23,99.387
N,E,2008-12-24,100.1972
N,E,2008-12-25,100.4397
N,E,2008-12-26,100.6835
N,E,2008-12-29,100.9284
N,E,2008-12-30,101.444
N,E,2008-12-31,101.8443
N,E,2009-01-01,101.444
N,E,2009-01-02,101.0469
N,E,2009-01-05,100.653
N,E,2009-01-06,100.7839
N,E,2009-01-07,101.0338
N,E,2009-01-08,101.1129
N,E,2009-01-09,101.3644
N,E,2009-01-12,101.0469
N,E,2009-01-13,102.2207
N,E,2009-01-14,102.437
N,E,2009-01-15,102.8861
N,E,2009-01-16,102.1937
N,E,2009-01-19,101.7907
N,E,2009-01-20,101.965
N,E,2009-01-21,102.5999
N,E,2009-01-22,100.353
N,E,2009-01-23,101.3776
N,E,2009-01-26,100.8627
N,E,2009-01-27,100.418
N,E,2009-01-28,100.4571
N,E,2009-01-29,100.366
N,E,2009-01-30,101.8845
N,E,2009-02-02,102.0052
N,E,2009-02-03,101.4839
N,E,2009-02-04,101.4972
N,E,2009-02-05,101.6171
N,E,2009-02-06,101.0338
N,E,2009-02-09,100.666
N,E,2009-02-10,100.6399
N,E,2009-02-11,101.4175
N,E,2009-02-12,101.3776
N,E,2009-02-13,101.1393
N,E,2009-02-16,101.5638
N,E,2009-02-17,102.4641
N,E,2009-02-18,102.6951
N,E,2009-02-19,101.7907
N,E,2009-02-20,101.2451
N,E,2009-02-23,101.7372
N,E,2009-02-24,102.4235
N,E,2009-02-25,101.7372
N,E,2009-02-26,101.9515
N,E,2009-02-27,101.9784
N,E,2009-03-02,102.3693
N,E,2009-03-03,102.1128
N,E,2009-03-04,102.4506
N,E,2009-03-05,102.5184
N,E,2009-03-06,103.3392
N,E,2009-03-09,103.4634
N,E,2009-03-10,103.2841
N,E,2009-03-11,102.6951
N,E,2009-03-12,102.5184
N,E,2009-03-13,98.7911
N,E,2009-03-16,98.5648
N,E,2009-03-17,98.4771
N,E,2009-03-18,98.703
N,E,2009-03-19,98.452
N,E,2009-03-20,98.829
N,E,2009-03-23,98.5272
N,E,2009-03-24,99.1072
N,E,2009-03-25,99.5148
N,E,2009-03-26,99.4253
N,E,2009-03-27,99.1834
N,E,2009-03-30,99.8999
N,E,2009-03-31,99.9128
N,E,2009-04-01,100.2361
N,E,2009-04-02,99.6428
N,E,2009-04-03,99.2215
N,E,2009-04-06,99.2215
N,E,2009-04-07,99.7198
N,E,2009-04-08,100.0289
N,E,2009-04-09,99.4253
N,E,2009-04-10,99.5617
N,E,2009-04-13,99.6984
N,E,2009-04-14,99.8355
N,E,2009-04-15,100.1583
N,E,2009-04-16,100.1712
N,E,2009-04-17,99.7069
N,E,2009-04-20,99.8612
N,E,2009-04-21,100.016
N,E,2009-04-22,100.2361
N,E,2009-04-23,99.6813
N,E,2009-04-24,100.275
N,E,2009-04-27,100.418
N,E,2009-04-28,100.6399
N,E,2009-04-29,100.666
N,E,2009-04-30,100.288
N,E,2009-05-01,100.314
N,E,2009-05-04,100.34
N,E,2009-05-05,100.1324
N,E,2009-05-06,100.4441
N,E,2009-05-07,100.1453
N,E,2009-05-08,100.0548
N,E,2009-05-11,100.4701
N,E,2009-05-12,100.392
N,E,2009-05-13,100.431
N,E,2009-05-14,100.5484
N,E,2009-05-15,100.7053
N,E,2009-05-18,100.0806
N,E,2009-05-19,100.0806
N,E,2009-05-20,100.0936
N,E,2009-05-21,99.8741
N,E,2009-05-22,99.6556
N,E,2009-05-25,99.8226
N,E,2009-05-26,99.9128
N,E,2009-05-27,99.9902
N,E,2009-05-28,100.1842
N,E,2009-05-29,100.0806
N,E,2009-06-01,100.0677
N,E,2009-06-02,100.0548
N,E,2009-06-03,99.7069
N,E,2009-06-04,99.9385
N,E,2009-06-05,99.7712
N,E,2009-06-08,99.6813
N,E,2009-06-09,99.887
N,E,2009-06-10,99.887
N,E,2009-06-11,100.0806
N,E,2009-06-12,100.262
N,E,2009-06-15,100.1972
N,E,2009-06-16,100.5223
N,E,2009-06-17,100.379
N,E,2009-06-18,100.7577
N,E,2009-06-19,100.1842
N,E,2009-06-22,100.6007
N,E,2009-06-23,100.7971
N,E,2009-06-24,100.7708
N,E,2009-06-25,99.1834
N,E,2009-06-26,98.9426
N,E,2009-06-29,99.2724
N,E,2009-06-30,99.3743
N,E,2009-07-01,99.3615
N,E,2009-07-02,99.4126
N,E,2009-07-03,99.6172
N,E,2009-07-06,99.6813
N,E,2009-07-07,99.8097
N,E,2009-07-08,99.9773
N,E,2009-07-09,100.0548
N,E,2009-07-10,100.0418
N,E,2009-07-13,100.0548
N,E,2009-07-14,99.9385
N,E,2009-07-15,99.7069
N,E,2009-07-16,99.8999
N,E,2009-07-17,99.7069
N,E,2009-07-20,99.5915
N,E,2009-07-21,99.6941
N,E,2009-07-22,99.887
N,E,2009-07-23,99.7069
N,E,2009-07-24,99.3615
N,E,2009-07-27,99.4126
N,E,2009-07-28,99.387
N,E,2009-07-29,99.502
N,E,2009-07-30,99.0692
N,E,2009-07-31,98.7282
N,E,2009-08-03,99.2851
N,E,2009-08-04,99.158
N,E,2009-08-05,99.1199
N,E,2009-08-06,99.0185
N,E,2009-08-07,99.0565
N,E,2009-08-10,98.6276
N,E,2009-08-11,98.703
N,E,2009-08-12,99.1199
N,E,2009-08-13,98.8668
N,E,2009-08-14,99.0438
N,E,2009-08-17,99.502
N,E,2009-08-18,99.5659
N,E,2009-08-19,99.7198
N,E,2009-08-20,99.8612
N,E,2009-08-21,100.0289
N,E,2009-08-24,99.7969
N,E,2009-08-25,99.8484
N,E,2009-08-26,99.784
N,E,2009-08-27,99.4636
N,E,2009-08-28,99.6428
N,E,2009-08-31,99.8999
N,E,2009-09-01,99.887
N,E,2009-09-02,99.8484
N,E,2009-09-03,99.9902
N,E,2009-09-04,99.9385
N,E,2009-09-07,99.8741
N,E,2009-09-08,99.7969
N,E,2009-09-09,99.8612
N,E,2009-09-10,99.9773
N,E,2009-09-11,100.0289
N,E,2009-09-14,100.1453
N,E,2009-09-15,99.9257
N,E,2009-09-16,99.7455
N,E,2009-09-17,99.6941
N,E,2009-09-18,99.9128
N,E,2009-09-21,99.8999
N,E,2009-09-22,99.9643
N,E,2009-09-23,100.1194
N,E,2009-09-24,100.1583
N,E,2009-09-25,100.1972
N,E,2009-09-28,100.275
N,E,2009-09-29,100.2361
N,E,2009-09-30,100.34
N,E,2009-10-01,99.7455
N,E,2009-10-02,100.1065
N,E,2009-10-05,100.2231
N,E,2009-10-06,100.2231
N,E,2009-10-07,100.1324
N,E,2009-10-08,99.9128
N,E,2009-10-09,99.784
N,E,2009-10-12,99.6556
N,E,2009-10-13,99.8355
N,E,2009-10-14,99.8484
N,E,2009-10-15,100.1065
N,E,2009-10-16,99.8612
N,E,2009-10-19,100.0289
N,E,2009-10-20,100.1194
N,E,2009-10-21,100.275
N,E,2009-10-22,100.0806
N,E,2009-10-23,100.1583
N,E,2009-10-26,100.0936
N,E,2009-10-27,99.9385
N,E,2009-10-28,100.1842
N,E,2009-10-29,100.262
N,E,2009-10-30,100.288
N,E,2009-11-02,100.353
N,E,2009-11-03,100.1842
N,E,2009-11-04,100.262
N,E,2009-11-05,100.34
N,E,2009-11-06,100.1712
N,E,2009-11-09,100.262
N,E,2009-11-10,100.2231
N,E,2009-11-11,100.288
N,E,2009-11-12,100.249
N,E,2009-11-13,100.249
N,E,2009-11-16,100.353
N,E,2009-11-17,100.288
N,E,2009-11-18,100.2101
N,E,2009-11-19,100.0806
N,E,2009-11-20,100.1324
N,E,2009-11-23,100.2361
N,E,2009-11-24,100.2231
N,E,2009-11-25,100.379
N,E,2009-11-26,100.418
N,E,2009-11-27,100.4571
N,E,2009-11-30,100.4832
N,E,2009-12-01,100.4832
N,E,2009-12-02,100.4571
N,E,2009-12-03,100.4441
N,E,2009-12-04,100.4962
N,E,2009-12-07,100.2231
N,E,2009-12-08,100.2361
N,E,2009-12-09,100.275
N,E,2009-12-10,100.2101
N,E,2009-12-11,100.1583
N,E,2009-12-14,100.1453
N,E,2009-12-15,100.1453
N,E,2009-12-16,100.0936
N,E,2009-12-17,100.5484
N,E,2009-12-18,101.0733
N,E,2009-12-21,101.2583
N,E,2009-12-22,101.1129
N,E,2009-12-23,101.3511
N,E,2009-12-24,101.6972
N,E,2009-12-25,101.6905
N,E,2009-12-28,101.6838
N,E,2009-12-29,101.9381
N,E,2009-12-30,101.764
N,E,2009-12-31,102.0321
N,E,2010-01-01,101.9247
N,E,2010-01-04,101.8175
N,E,2010-01-05,102.0187
N,E,2010-01-06,102.0456
N,E,2010-01-07,102.1667
N,E,2010-01-08,102.2612
N,E,2010-01-11,102.5184
N,E,2010-01-12,102.6135
N,E,2010-01-13,102.4506
N,E,2010-01-14,102.3287
N,E,2010-01-15,102.5727
N,E,2010-01-18,102.6951
N,E,2010-01-19,102.6407
N,E,2010-01-20,102.6815
N,E,2010-01-21,102.8725
N,E,2010-01-22,102.9819
N,E,2010-01-25,102.8178
N,E,2010-01-26,102.9819
N,E,2010-01-27,102.9408
N,E,2010-01-28,102.8588
N,E,2010-01-29,103.1877
N,E,2010-02-01,102.8861
N,E,2010-02-02,102.8315
N,E,2010-02-03,102.8588
N,E,2010-02-04,103.023
N,E,2010-02-05,103.119
N,E,2010-02-08,103.1602
N,E,2010-02-09,103.2152
N,E,2010-02-10,103.2152
N,E,2010-02-11,103.2427
N,E,2010-02-12,103.2565
N,E,2010-02-15,103.3668
N,E,2010-02-16,103.3116
N,E,2010-02-17,103.119
N,E,2010-02-18,103.353
N,E,2010-02-19,103.3944
N,E,2010-02-22,103.422
N,E,2010-02-23,103.2841
N,E,2010-02-24,103.4496
N,E,2010-02-25,103.5049
N,E,2010-02-26,103.5049
N,E,2010-03-01,103.4911
N,E,2010-03-02,103.5188
N,E,2010-03-03,103.5326
N,E,2010-03-04,103.5049
N,E,2010-03-05,103.5464
N,E,2010-03-08,103.5188
N,E,2010-03-09,103.5464
N,E,2010-03-10,103.6018
N,E,2010-03-11,103.6712
N,E,2010-03-12,103.7684
N,E,2010-03-15,104.0612
N,E,2010-03-16,104.3698
N,E,2010-03-17,104.3839
N,E,2010-03-18,104.6802
N,E,2010-03-19,105.4786
N,E,2010-03-22,105.709
N,E,2010-03-23,105.5361
N,E,2010-03-24,106.0419
N,E,2010-03-25,106.0855
N,E,2010-03-26,105.9403
N,E,2010-03-29,105.839
N,E,2010-03-30,105.8101
N,E,2010-03-31,105.8534
N,E,2010-04-01,106.5819
N,E,2010-04-02,106.3087
N,E,2010-04-05,106.037
N,E,2010-04-06,105.7667
N,E,2010-04-07,105.7523
N,E,2010-04-08,105.7234
N,E,2010-04-09,105.6225
N,E,2010-04-12,104.907
N,E,2010-04-13,105.2778
N,E,2010-04-14,105.4642
N,E,2010-04-15,105.6369
N,E,2010-04-16,105.6801
N,E,2010-04-19,105.6225
N,E,2010-04-20,105.6513
N,E,2010-04-21,105.6513
N,E,2010-04-22,105.7234
N,E,2010-04-23,105.6945
N,E,2010-04-26,105.5936
N,E,2010-04-27,105.4499
N,E,2010-04-28,105.7378
N,E,2010-04-29,105.608
N,E,2010-04-30,105.5649
N,E,2010-05-03,105.7234
N,E,2010-05-04,105.7378
N,E,2010-05-05,105.7378
N,E,2010-05-06,105.7378
N,E,2010-05-07,107.0237
N,E,2010-05-10,105.8824
N,E,2010-05-11,107.3352
N,E,2010-05-12,107.4097
N,E,2010-05-13,107.7459
N,E,2010-05-14,108.0843
N,E,2010-05-17,108.1446
N,E,2010-05-18,107.9788
N,E,2010-05-19,108.1446
N,E,2010-05-20,106.3331
N,E,2010-05-21,105.4499
N,E,2010-05-24,105.9258
N,E,2010-05-25,106.4061
N,E,2010-05-26,106.3331
N,E,2010-05-27,106.9056
N,E,2010-05-28,106.1873
N,E,2010-05-31,106.4354
N,E,2010-06-01,106.6846
N,E,2010-06-02,107.2312
N,E,2010-06-03,106.876
N,E,2010-06-04,107.5887
N,E,2010-06-07,108.9357
N,E,2010-06-08,109.3047
N,E,2010-06-09,110.0346
N,E,2010-06-10,109.8318
N,E,2010-06-11,109.5676
N,E,2010-06-14,109.1045
N,E,2010-06-15,108.3868
N,E,2010-06-16,108.951
N,E,2010-06-17,109.9721
N,E,2010-06-18,109.9878
N,E,2010-06-21,110.3325
N,E,2010-06-22,111.1082
N,E,2010-06-23,111.3798
N,E,2010-06-24,111.5563
N,E,2010-06-25,111.6367
N,E,2010-06-28,112.8404
N,E,2010-06-29,114.1376
N,E,2010-06-30,114.5259
N,E,2010-07-01,114.8315
N,E,2010-07-02,113.4853
N,E,2010-07-05,113.6185
N,E,2010-07-06,113.4354
N,E,2010-07-07,113.3524
N,E,2010-07-08,113.5352
N,E,2010-07-09,113.253
N,E,2010-07-12,113.0051
N,E,2010-07-13,113.6185
N,E,2010-07-14,112.4635
N,E,2010-07-15,113.0216
N,E,2010-07-16,112.3982
N,E,2010-07-19,111.6206
N,E,2010-07-20,110.9013
N,E,2010-07-21,111.9433
N,E,2010-07-22,113.3524
N,E,2010-07-23,112.3819
N,E,2010-07-26,111.3798
N,E,2010-07-27,110.4426
N,E,2010-07-28,109.7695
N,E,2010-07-29,110.1442
N,E,2010-07-30,111.9433
N,E,2010-08-02,110.7586
N,E,2010-08-03,110.4269
N,E,2010-08-04,110.1912
N,E,2010-08-05,109.6607
N,E,2010-08-06,109.8006
N,E,2010-08-09,109.6607
N,E,2010-08-10,109.1814
N,E,2010-08-11,110.0503
N,E,2010-08-12,111.1082
N,E,2010-08-13,112.1703
N,E,2010-08-16,113.8524
N,E,2010-08-17,113.1702
N,E,2010-08-18,113.0216
N,E,2010-08-19,113.8189
N,E,2010-08-20,114.5259
N,E,2010-08-23,115.3103
N,E,2010-08-24,115.2416
N,E,2010-08-25,116.0359
N,E,2010-08-26,115.7757
N,E,2010-08-27,116.2799
N,E,2010-08-30,115.7065
N,E,2010-08-31,117.0886
N,E,2010-09-01,117.0709
N,E,2010-09-02,116.806
N,E,2010-09-03,116.3672
N,E,2010-09-06,115.6374
N,E,2010-09-07,117.3369
N,E,2010-09-08,118.5585
N,E,2010-09-09,117.3903
N,E,2010-09-10,116.595
N,E,2010-09-13,116.4722
N,E,2010-09-14,117.3903
N,E,2010-09-15,116.4547
N,E,2010-09-16,116.1055
N,E,2010-09-17,113.3193
N,E,2010-09-20,115.0362
N,E,2010-09-21,115.156
N,E,2010-09-22,114.7635
N,E,2010-09-23,114.6106
N,E,2010-09-24,115.2074
N,E,2010-09-27,114.1208
N,E,2010-09-28,114.6445
N,E,2010-09-29,114.0704
N,E,2010-09-30,113.8691
N,E,2010-10-01,112.824
N,E,2010-10-04,113.3358
N,E,2010-10-05,113.6685
N,E,2010-10-06,113.1206
N,E,2010-10-07,113.1041
N,E,2010-10-08,112.5943
N,E,2010-10-11,112.9721
N,E,2010-10-12,113.0216
N,E,2010-10-13,113.253
N,E,2010-10-14,113.369
N,E,2010-10-15,112.3819
N,E,2010-10-18,113.4521
N,E,2010-10-19,113.3358
N,E,2010-10-20,113.4022
N,E,2010-10-21,112.0405
N,E,2010-10-22,111.6689
N,E,2010-10-25,111.2039
N,E,2010-10-26,111.6045
N,E,2010-10-27,110.9808
N,E,2010-10-28,111.172
N,E,2010-10-29,110.6636
N,E,2010-11-01,109.8629
N,E,2010-11-02,109.9878
N,E,2010-11-03,110.2069
N,E,2010-11-04,110.1129
N,E,2010-11-05,111.6689
N,E,2010-11-08,112.4962
N,E,2010-11-09,113.4521
N,E,2010-11-10,113.1206
N,E,2010-11-11,113.8022
N,E,2010-11-12,113.9361
N,E,2010-11-15,113.2861
N,E,2010-11-16,113.1537
N,E,2010-11-17,112.6107
N,E,2010-11-18,112.5943
N,E,2010-11-19,111.7333
N,E,2010-11-22,111.46
N,E,2010-11-23,112.6435
N,E,2010-11-24,114.0872
N,E,2010-11-25,113.8691
N,E,2010-11-26,114.2892
N,E,2010-11-29,114.0704
N,E,2010-11-30,116.5423
N,E,2010-12-01,115.3962
N,E,2010-12-02,114.9167
N,E,2010-12-03,115.465
N,E,2010-12-06,116.2624
N,E,2010-12-07,115.9317
N,E,2010-12-08,116.1229
N,E,2010-12-09,115.9317
N,E,2010-12-10,116.6125
N,E,2010-12-13,116.7356
N,E,2010-12-14,116.8942
N,E,2010-12-15,118.4678
N,E,2010-12-16,118.1425
N,E,2010-12-17,118.6675
N,E,2010-12-20,119.014
N,E,2010-12-21,119.7131
N,E,2010-12-22,121.0226
N,E,2010-12-23,121.4021
N,E,2010-12-24,120.0657
N,E,2010-12-27,119.7871
N,E,2010-12-28,120.5704
N,E,2010-12-29,121.1552
N,E,2010-12-30,121.8222
N,E,2010-12-31,121.0983
N,E,2011-01-03,121.6118
N,E,2011-01-04,120.3082
N,E,2011-01-05,120.0657
N,E,2011-01-06,119.5098
N,E,2011-01-07,121.0794
N,E,2011-01-10,121.7073
N,E,2011-01-11,120.6456
N,E,2011-01-12,119.5837
N,E,2011-01-13,118.1966
N,E,2011-01-14,117.4259
N,E,2011-01-17,118.1785
N,E,2011-01-18,117.9625
N,E,2011-01-19,117.5328
N,E,2011-01-20,117.7652
N,E,2011-01-21,116.0707
N,E,2011-01-24,116.2101
N,E,2011-01-25,116.9118
N,E,2011-01-26,116.9118
N,E,2011-01-27,117.1772
N,E,2011-01-28,116.8236
N,E,2011-01-31,117.8548
N,E,2011-02-01,117.1594
N,E,2011-02-02,117.1949
N,E,2011-02-03,116.5073
N,E,2011-02-04,117.3547
N,E,2011-02-07,116.4722
N,E,2011-02-08,116.6125
N,E,2011-02-09,115.1902
N,E,2011-02-10,115.5339
N,E,2011-02-11,115.2759
N,E,2011-02-14,115.6892
N,E,2011-02-15,115.4822
N,E,2011-02-16,116.1578
N,E,2011-02-17,116.7532
N,E,2011-02-18,117.1417
N,E,2011-02-21,116.806
N,E,2011-02-22,118.0884
N,E,2011-02-23,117.7831
N,E,2011-02-24,118.7949
N,E,2011-02-25,118.1785
N,E,2011-02-28,118.2688
N,E,2011-03-01,117.6578
N,E,2011-03-02,118.3554
N,E,2011-03-03,118.1064
N,E,2011-03-04,116.6301
N,E,2011-03-07,116.7532
N,E,2011-03-08,116.4547
N,E,2011-03-09,116.9648
N,E,2011-03-10,117.2595
N,E,2011-03-11,117.4081
N,E,2011-03-14,116.8942
N,E,2011-03-15,118.3591
N,E,2011-03-16,118.1244
N,E,2011-03-17,119.7131
N,E,2011-03-18,119.4361
N,E,2011-03-21,118.0704
N,E,2011-03-22,117.6936
N,E,2011-03-23,118.7949
N,E,2011-03-24,117.8369
N,E,2011-03-25,117.1063
N,E,2011-03-28,117.1594
N,E,2011-03-29,116.9471
N,E,2011-03-30,116.4547
N,E,2011-03-31,116.6301
N,E,2011-04-01,116.0533
N,E,2011-04-04,115.4478
N,E,2011-04-05,115.845
N,E,2011-04-06,115.4478
N,E,2011-04-07,115.465
N,E,2011-04-08,114.9338
N,E,2011-04-11,115.3274
N,E,2011-04-12,116.3323
N,E,2011-04-13,116.4722
N,E,2011-04-14,117.0001
N,E,2011-04-15,117.3192
N,E,2011-04-18,118.0524
N,E,2011-04-19,118.5585
N,E,2011-04-20,117.3014
N,E,2011-04-21,117.3547
N,E,2011-04-22,117.628
N,E,2011-04-25,117.9026
N,E,2011-04-26,118.1785
N,E,2011-04-27,118.0344
N,E,2011-04-28,117.0178
N,E,2011-04-29,117.4259
N,E,2011-05-02,117.6757
N,E,2011-05-03,118.4315
N,E,2011-05-04,118.323
N,E,2011-05-05,118.7584
N,E,2011-05-06,119.4914
N,E,2011-05-09,119.9913
N,E,2011-05-10,120.2895
N,E,2011-05-11,119.6391
N,E,2011-05-12,120.2708
N,E,2011-05-13,120.0843
N,E,2011-05-16,120.6456
N,E,2011-05-17,120.6456
N,E,2011-05-18,120.6832
N,E,2011-05-19,120.608
N,E,2011-05-20,120.2708
N,E,2011-05-23,122.4385
N,E,2011-05-24,121.9181
N,E,2011-05-25,122.7296
N,E,2011-05-26,122.788
N,E,2011-05-27,124.007
N,E,2011-05-30,124.5255
N,E,2011-05-31,123.552
N,E,2011-06-01,123.8088
N,E,2011-06-02,123.9872
N,E,2011-06-03,124.1661
N,E,2011-06-06,124.0865
N,E,2011-06-07,124.0865
N,E,2011-06-08,123.6111
N,E,2011-06-09,123.8484
N,E,2011-06-10,124.5054
N,E,2011-06-13,125.5144
N,E,2011-06-14,125.0079
N,E,2011-06-15,124.1462
N,E,2011-06-16,125.8612
N,E,2011-06-17,126.1482
N,E,2011-06-20,125.9226
N,E,2011-06-21,125.0482
N,E,2011-06-22,124.8869
N,E,2011-06-23,126.3334
N,E,2011-06-24,126.9131
N,E,2011-06-27,127.8349
N,E,2011-06-28,127.1423
N,E,2011-06-29,126.4778
N,E,2011-06-30,125.3925
N,E,2011-07-01,123.3552
N,E,2011-07-04,122.8464
N,E,2011-07-05,123.888
N,E,2011-07-06,125.291
N,E,2011-07-07,126.2716
N,E,2011-07-08,124.9272
N,E,2011-07-11,127.8982
N,E,2011-07-12,130.5722
N,E,2011-07-13,129.828
N,E,2011-07-14,130.5942
N,E,2011-07-15,131.1916
N,E,2011-07-18,132.4481
N,E,2011-07-19,130.2866
N,E,2011-07-20,129.8062
N,E,2011-07-21,129.4807
N,E,2011-07-22,127.6874
N,E,2011-07-25,130.9697
N,E,2011-07-26,130.2428
N,E,2011-07-27,130.7927
N,E,2011-07-28,131.5034
N,E,2011-07-29,132.2445
N,E,2011-08-01,132.9483
N,E,2011-08-02,137.0419
N,E,2011-08-03,136.655
N,E,2011-08-04,136.5827
N,E,2011-08-05,139.6365
N,E,2011-08-08,138.8603
N,E,2011-08-09,141.3956
N,E,2011-08-10,146.0626
N,E,2011-08-11,144.2936
N,E,2011-08-12,137.9697
N,E,2011-08-15,133.1998
N,E,2011-08-16,134.7996
N,E,2011-08-17,134.0994
N,E,2011-08-18,132.0866
N,E,2011-08-19,133.6366
N,E,2011-08-22,133.5904
N,E,2011-08-23,133.0625
N,E,2011-08-24,132.6522
N,E,2011-08-25,132.4481
N,E,2011-08-26,132.5614
N,E,2011-08-29,128.4924
N,E,2011-08-30,128.7702
N,E,2011-08-31,129.2214
N,E,2011-09-01,132.5841
N,E,2011-09-02,136.007
N,E,2011-09-05,136.2463
N,E,2011-09-06,125.9021
N,E,2011-09-07,125.5144
N,E,2011-09-08,124.7059
N,E,2011-09-09,124.7059
N,E,2011-09-12,125.5755
N,E,2011-09-13,125.8407
N,E,2011-09-14,125.8203
N,E,2011-09-15,125.4941
N,E,2011-09-16,125.5144
N,E,2011-09-19,125.5958
N,E,2011-09-20,125.5958
N,E,2011-09-21,124.0269
N,E,2011-09-22,123.1982
N,E,2011-09-23,124.1064
N,E,2011-09-26,123.9078
N,E,2011-09-27,124.1064
N,E,2011-09-28,124.007
N,E,2011-09-29,124.0865
N,E,2011-09-30,124.2258
N,E,2011-10-03,124.6858
N,E,2011-10-04,124.726
N,E,2011-10-05,123.5126
N,E,2011-10-06,122.5354
N,E,2011-10-07,122.4966
N,E,2011-10-10,122.2453
N,E,2011-10-11,122.9244
N,E,2011-10-12,122.226
N,E,2011-10-13,122.6907
N,E,2011-10-14,122.4385
N,E,2011-10-17,122.3998
N,E,2011-10-18,122.7685
N,E,2011-10-19,121.7073
N,E,2011-10-20,122.1874
N,E,2011-10-21,123.7494
N,E,2011-10-24,123.4732
N,E,2011-10-25,123.8088
N,E,2011-10-26,124.3255
N,E,2011-10-27,123.5717
N,E,2011-10-28,123.8484
N,E,2011-10-31,124.186
N,E,2011-11-01,124.3655
N,E,2011-11-02,124.5255
N,E,2011-11-03,124.7863
N,E,2011-11-04,123.9475
N,E,2011-11-07,122.516
N,E,2011-11-08,122.0334
N,E,2011-11-09,122.7102
N,E,2011-11-10,122.8269
N,E,2011-11-11,122.5936
N,E,2011-11-14,122.3998
N,E,2011-11-15,122.1681
N,E,2011-11-16,122.2453
N,E,2011-11-17,122.2067
N,E,2011-11-18,122.5548
N,E,2011-11-21,122.3612
N,E,2011-11-22,122.6324
N,E,2011-11-23,122.9049
N,E,2011-11-24,123.1003
N,E,2011-11-25,123.257
N,E,2011-11-28,123.1198
N,E,2011-11-29,123.159
N,E,2011-11-30,123.552
N,E,2011-12-01,123.4142
N,E,2011-12-02,122.5936
N,E,2011-12-05,122.2839
N,E,2011-12-06,122.2453
N,E,2011-12-07,122.0334
N,E,2011-12-08,122.3418
N,E,2011-12-09,122.8269
N,E,2011-12-12,122.8464
N,E,2011-12-13,122.6324
N,E,2011-12-14,122.8659
N,E,2011-12-15,123.552
N,E,2011-12-16,123.7494
N,E,2011-12-19,124.2258
N,E,2011-12-20,124.3854
N,E,2011-12-21,124.0865
N,E,2011-12-22,123.9276
N,E,2011-12-23,123.8484
N,E,2011-12-26,123.8286
N,E,2011-12-27,123.9673
N,E,2011-12-28,124.1064
N,E,2011-12-29,124.2657
N,E,2011-12-30,124.5856
N,E,2012-01-02,124.4254
N,E,2012-01-03,124.4054
N,E,2012-01-04,124.2856
N,E,2012-01-05,124.3056
N,E,2012-01-06,124.3455
N,E,2012-01-09,124.5856
N,E,2012-01-10,124.9272
N,E,2012-01-11,124.9071
N,E,2012-01-12,125.0079
N,E,2012-01-13,125.1089
N,E,2012-01-16,125.291
N,E,2012-01-17,125.2708
N,E,2012-01-18,125.2708
N,E,2012-01-19,125.3722
N,E,2012-01-20,125.4128
N,E,2012-01-23,125.4331
N,E,2012-01-24,125.5347
N,E,2012-01-25,125.291
N,E,2012-01-26,125.4737
N,E,2012-01-27,125.4534
N,E,2012-01-30,125.6773
N,E,2012-01-31,125.6162
N,E,2012-02-01,125.7794
N,E,2012-02-02,125.7386
N,E,2012-02-03,125.657
N,E,2012-02-06,125.5551
N,E,2012-02-07,125.4534
N,E,2012-02-08,124.9877
N,E,2012-02-09,125.1493
N,E,2012-02-10,125.1898
N,E,2012-02-13,125.2708
N,E,2012-02-14,125.3519
N,E,2012-02-15,125.4331
N,E,2012-02-16,125.4737
N,E,2012-02-17,125.4534
N,E,2012-02-20,125.3316
N,E,2012-02-21,125.3925
N,E,2012-02-22,125.4331
N,E,2012-02-23,125.6366
N,E,2012-02-24,125.6162
N,E,2012-02-27,125.6977
N,E,2012-02-28,125.6366
N,E,2012-02-29,125.657
N,E,2012-03-01,125.6773
N,E,2012-03-02,125.6162
N,E,2012-03-05,125.5958
N,E,2012-03-06,125.5958
N,E,2012-03-07,125.6366
N,E,2012-03-08,125.6366
N,E,2012-03-09,125.6162
N,E,2012-03-12,125.6162
N,E,2012-03-13,125.5958
N,E,2012-03-14,125.1493
N,E,2012-03-15,125.1089
N,E,2012-03-16,125.4534
N,E,2012-03-19,125.5347
N,E,2012-03-20,125.5551
N,E,2012-03-21,125.6162
N,E,2012-03-22,125.6366
N,E,2012-03-23,125.6366
N,E,2012-03-26,125.657
N,E,2012-03-27,125.5551
N,E,2012-03-28,125.5958
N,E,2012-03-29,125.657
N,E,2012-03-30,125.7182
N,E,2012-04-02,125.7386
N,E,2012-04-03,125.8407
N,E,2012-04-04,125.759
N,E,2012-04-05,125.8612
N,E,2012-04-06,126.025
N,E,2012-04-09,126.0455
N,E,2012-04-10,126.0045
N,E,2012-04-11,126.0661
N,E,2012-04-12,126.025
N,E,2012-04-13,126.0455
N,E,2012-04-16,125.9226
N,E,2012-04-17,126.025
N,E,2012-04-18,126.0045
N,E,2012-04-19,126.025
N,E,2012-04-20,126.025
N,E,2012-04-23,126.0455
N,E,2012-04-24,126.0455
N,E,2012-04-25,126.0455
N,E,2012-04-26,126.0661
N,E,2012-04-27,126.0661
N,E,2012-04-30,126.0866
N,E,2012-05-01,126.0866
N,E,2012-05-02,126.0455
N,E,2012-05-03,126.0866
N,E,2012-05-04,126.0866
N,E,2012-05-07,126.0866
N,E,2012-05-08,126.0866
N,E,2012-05-09,126.1071
N,E,2012-05-10,126.1071
N,E,2012-05-11,126.0866
N,E,2012-05-14,126.1277
N,E,2012-05-15,126.1071
N,E,2012-05-16,126.1071
N,E,2012-05-17,126.1071
N,E,2012-05-18,126.1071
N,E,2012-05-21,126.1071
N,E,2012-05-22,126.1071
N,E,2012-05-23,126.1071
N,E,2012-05-24,126.1277
N,E,2012-05-25,126.025
N,E,2012-05-28,125.9635
N,E,2012-05-29,126.025
N,E,2012-05-30,126.1071
N,E,2012-05-31,126.1071
N,E,2012-06-01,126.1277
N,E,2012-06-04,126.1277
N,E,2012-06-05,126.1071
N,E,2012-06-06,126.1277
N,E,2012-06-07,126.1071
N,E,2012-06-08,126.1071
N,E,2012-06-11,126.1071
N,E,2012-06-12,126.1071
N,E,2012-06-13,126.1071
N,E,2012-06-14,126.1277
N,E,2012-06-15,126.1071
N,E,2012-06-18,126.1071
N,E,2012-06-19,126.1071
N,E,2012-06-20,126.1277
N,E,2012-06-21,126.1071
N,E,2012-06-22,126.1071
N,E,2012-06-25,126.1277
N,E,2012-06-26,126.1071
N,E,2012-06-27,126.1071
N,E,2012-06-28,126.1071
N,E,2012-06-29,126.0866
N,E,2012-07-02,126.0866
N,E,2012-07-03,126.0661
N,E,2012-07-04,126.1277
N,E,2012-07-05,126.0866
N,E,2012-07-06,126.1071
N,E,2012-07-09,126.1071
N,E,2012-07-10,126.1277
N,E,2012-07-11,126.1071
N,E,2012-07-12,126.1277
N,E,2012-07-13,126.1277
N,E,2012-07-16,126.1071
N,E,2012-07-17,126.1277
N,E,2012-07-18,126.1071
N,E,2012-07-19,126.1071
N,E,2012-07-20,126.1071
N,E,2012-07-23,126.1277
N,E,2012-07-24,126.1277
N,E,2012-07-25,126.1071
N,E,2012-07-26,126.1277
N,E,2012-07-27,126.1482
N,E,2012-07-30,126.1071
N,E,2012-07-31,126.1071
N,E,2012-08-01,126.0866
N,E,2012-08-02,125.984
N,E,2012-08-03,126.1071
N,E,2012-08-06,126.0866
N,E,2012-08-07,126.0455
N,E,2012-08-08,126.0866
N,E,2012-08-09,126.1071
N,E,2012-08-10,126.1277
N,E,2012-08-13,126.1071
N,E,2012-08-14,126.1071
N,E,2012-08-15,126.1071
N,E,2012-08-16,126.1071
N,E,2012-08-17,126.1071
N,E,2012-08-20,126.1071
N,E,2012-08-21,126.1277
N,E,2012-08-22,126.1071
N,E,2012-08-23,126.1071
N,E,2012-08-24,126.1277
N,E,2012-08-27,126.1071
N,E,2012-08-28,126.1071
N,E,2012-08-29,126.1071
N,E,2012-08-30,126.1277
N,E,2012-08-31,126.1277
N,E,2012-09-03,126.1277
N,E,2012-09-04,126.1071
N,E,2012-09-05,126.0866
N,E,2012-09-06,125.6773
N,E,2012-09-07,125.0281
N,E,2012-09-10,125.1089
N,E,2012-09-11,125.4128
N,E,2012-09-12,125.2302
N,E,2012-09-13,125.0281
N,E,2012-09-14,124.6056
N,E,2012-09-17,124.5856
N,E,2012-09-18,124.9877
N,E,2012-09-19,125.21
N,E,2012-09-20,125.3113
N,E,2012-09-21,125.0886
N,E,2012-09-24,125.2708
N,E,2012-09-25,125.2708
N,E,2012-09-26,125.2708
N,E,2012-09-27,125.291
N,E,2012-09-28,125.1898
N,E,2012-10-01,125.291
N,E,2012-10-02,125.1898
N,E,2012-10-03,125.1493
N,E,2012-10-04,124.9474
N,E,2012-10-05,125.0281
N,E,2012-10-08,125.1291
N,E,2012-10-09,125.0281
N,E,2012-10-10,125.0684
N,E,2012-10-11,125.3925
N,E,2012-10-12,125.2302
N,E,2012-10-15,125.2505
N,E,2012-10-16,125.2505
N,E,2012-10-17,125.1898
N,E,2012-10-18,125.2302
N,E,2012-10-19,125.2708
N,E,2012-10-22,125.1493
N,E,2012-10-23,125.21
N,E,2012-10-24,125.2302
N,E,2012-10-25,125.1695
N,E,2012-10-26,125.1898
N,E,2012-10-29,125.2505
N,E,2012-10-30,125.291
N,E,2012-10-31,125.4128
N,E,2012-11-01,125.4534
N,E,2012-11-02,125.4941
N,E,2012-11-05,125.5551
N,E,2012-11-06,125.4534
N,E,2012-11-07,125.4534
N,E,2012-11-08,125.6366
N,E,2012-11-09,125.5551
N,E,2012-11-12,125.657
N,E,2012-11-13,125.7386
N,E,2012-11-14,125.7998
N,E,2012-11-15,125.7794
N,E,2012-11-16,125.7998
N,E,2012-11-19,125.6773
N,E,2012-11-20,125.7182
N,E,2012-11-21,125.759
N,E,2012-11-22,125.7386
N,E,2012-11-23,125.6773
N,E,2012-11-26,125.759
N,E,2012-11-27,125.759
N,E,2012-11-28,125.8407
N,E,2012-11-29,125.7998
N,E,2012-11-30,125.759
N,E,2012-12-03,125.5755
N,E,2012-12-04,124.8265
N,E,2012-12-05,124.6658
N,E,2012-12-06,125.0281
N,E,2012-12-07,125.1898
N,E,2012-12-10,125.5551
N,E,2012-12-11,125.0281
N,E,2012-12-12,124.9474
N,E,2012-12-13,125.1898
N,E,2012-12-14,125.3113
N,E,2012-12-17,125.3925
N,E,2012-12-18,125.3925
N,E,2012-12-19,125.3113
N,E,2012-12-20,125.4331
N,E,2012-12-21,125.4128
N,E,2012-12-24,125.4737
N,E,2012-12-25,125.4331
N,E,2012-12-26,125.4128
N,E,2012-12-27,125.3316
N,E,2012-12-28,125.3519
N,E,2012-12-31,125.4737
N,E,2013-01-01,125.3722
N,E,2013-01-02,125.3519
N,E,2013-01-03,125.2505
N,E,2013-01-04,125.2505
N,E,2013-01-07,125.3113
N,E,2013-01-08,125.2708
N,E,2013-01-09,125.3113
N,E,2013-01-10,125.2708
N,E,2013-01-11,124.4654
N,E,2013-01-14,123.7099
N,E,2013-01-15,122.6713
N,E,2013-01-16,122.6713
N,E,2013-01-17,121.8606
N,E,2013-01-18,121.307
N,E,2013-01-21,121.9565
N,E,2013-01-22,122.3998
N,E,2013-01-23,122.3225
N,E,2013-01-24,122.1874
N,E,2013-01-25,121.7456
N,E,2013-01-28,121.5545
N,E,2013-01-29,121.8414
N,E,2013-01-30,121.6691
N,E,2013-01-31,122.5936
N,E,2013-02-01,122.3998
N,E,2013-02-04,122.4773
N,E,2013-02-05,123.5323
N,E,2013-02-06,122.5936
N,E,2013-02-07,123.0611
N,E,2013-02-08,123.1786
N,E,2013-02-11,123.4142
N,E,2013-02-12,123.1982
N,E,2013-02-13,122.4773
N,E,2013-02-14,122.8659
N,E,2013-02-15,123.257
N,E,2013-02-18,122.8659
N,E,2013-02-19,122.8075
N,E,2013-02-20,122.788
N,E,2013-02-21,123.1786
N,E,2013-02-22,123.1394
N,E,2013-02-25,123.3552
N,E,2013-02-26,124.3255
N,E,2013-02-27,124.3255
N,E,2013-02-28,124.1462
N,E,2013-03-01,123.789
N,E,2013-03-04,123.5717
N,E,2013-03-05,123.3748
N,E,2013-03-06,123.0025
N,E,2013-03-07,122.8269
N,E,2013-03-08,122.5354
N,E,2013-03-11,122.516
N,E,2013-03-12,122.788
N,E,2013-03-13,122.9049
N,E,2013-03-14,122.5548
N,E,2013-03-15,122.983
N,E,2013-03-18,123.9872
N,E,2013-03-19,123.6901
N,E,2013-03-20,123.9673
N,E,2013-03-21,124.0666
N,E,2013-03-22,123.9475
N,E,2013-03-25,123.9475
N,E,2013-03-26,124.0865
N,E,2013-03-27,124.3854
N,E,2013-03-28,124.3056
N,E,2013-03-29,124.4454
N,E,2013-04-01,124.5054
N,E,2013-04-02,124.7059
N,E,2013-04-03,124.4254
N,E,2013-04-04,124.5655
N,E,2013-04-05,124.5455
N,E,2013-04-08,124.6056
N,E,2013-04-09,124.2258
N,E,2013-04-10,124.186
N,E,2013-04-11,124.2657
N,E,2013-04-12,124.3854
N,E,2013-04-15,124.6858
N,E,2013-04-16,124.6056
N,E,2013-04-17,124.6457
N,E,2013-04-18,124.5856
N,E,2013-04-19,124.4054
N,E,2013-04-22,124.2856
N,E,2013-04-23,124.1263
N,E,2013-04-24,123.2374
N,E,2013-04-25,122.8075
N,E,2013-04-26,123.2766
N,E,2013-04-29,123.1982
N,E,2013-04-30,123.6309
N,E,2013-05-01,123.6111
N,E,2013-05-02,123.9673
N,E,2013-05-03,123.789
N,E,2013-05-06,123.257
N,E,2013-05-07,123.1394
N,E,2013-05-08,122.983
N,E,2013-05-09,123.1786
N,E,2013-05-10,121.65
N,E,2013-05-13,121.8414
N,E,2013-05-14,122.1296
N,E,2013-05-15,121.0415
N,E,2013-05-16,121.5927
N,E,2013-05-17,121.8031
N,E,2013-05-20,121.5354
N,E,2013-05-21,121.6309
N,E,2013-05-22,120.7584
N,E,2013-05-23,121.5927
N,E,2013-05-24,121.0226
N,E,2013-05-27,121.7073
N,E,2013-05-28,121.1173
N,E,2013-05-29,121.1173
N,E,2013-05-30,121.8031
N,E,2013-05-31,122.0141
N,E,2013-06-03,121.5927
N,E,2013-06-04,122.0526
N,E,2013-06-05,122.2646
N,E,2013-06-06,122.6519
N,E,2013-06-07,123.1394
N,E,2013-06-10,122.3032
N,E,2013-06-11,122.4966
N,E,2013-06-12,123.0221
N,E,2013-06-13,123.3159
N,E,2013-06-14,122.9244
N,E,2013-06-17,123.0221
N,E,2013-06-18,123.0221
N,E,2013-06-19,122.8854
N,E,2013-06-20,122.788
N,E,2013-06-21,123.5126
N,E,2013-06-24,123.6506
N,E,2013-06-25,123.6506
N,E,2013-06-26,123.5717
N,E,2013-06-27,123.1198
N,E,2013-06-28,122.6713
N,E,2013-07-01,122.8854
N,E,2013-07-02,122.5936
N,E,2013-07-03,123.1394
N,E,2013-07-04,122.8464
N,E,2013-07-05,122.6907
N,E,2013-07-08,122.3225
N,E,2013-07-09,121.8031
N,E,2013-07-10,121.9949
N,E,2013-07-11,122.0911
N,E,2013-07-12,122.1874
N,E,2013-07-15,122.226
N,E,2013-07-16,122.1874
N,E,2013-07-17,122.5548
N,E,2013-07-18,122.4773
N,E,2013-07-19,122.4579
N,E,2013-07-22,122.4966
N,E,2013-07-23,122.5354
N,E,2013-07-24,122.2067
N,E,2013-07-25,122.3805
N,E,2013-07-26,122.8659
N,E,2013-07-29,122.8269
N,E,2013-07-30,122.7296
N,E,2013-07-31,123.0416
N,E,2013-08-01,122.9439
N,E,2013-08-02,122.3032
N,E,2013-08-05,122.788
N,E,2013-08-06,123.0221
N,E,2013-08-07,122.9049
N,E,2013-08-08,123.1786
N,E,2013-08-09,123.0221
N,E,2013-08-12,122.9635
N,E,2013-08-13,122.788
N,E,2013-08-14,121.9373
N,E,2013-08-15,122.0911
N,E,2013-08-16,122.5354
N,E,2013-08-19,122.5936
N,E,2013-08-20,123.0416
N,E,2013-08-21,123.0611
N,E,2013-08-22,122.6907
N,E,2013-08-23,122.6907
N,E,2013-08-26,122.6713
N,E,2013-08-27,123.1003
N,E,2013-08-28,123.2178
N,E,2013-08-29,123.1394
N,E,2013-08-30,122.983
N,E,2013-09-02,122.9244
N,E,2013-09-03,122.9635
N,E,2013-09-04,122.788
N,E,2013-09-05,122.2453
N,E,2013-09-06,122.2067
N,E,2013-09-09,122.5354
N,E,2013-09-10,122.4385
N,E,2013-09-11,122.1296
N,E,2013-09-12,122.3805
N,E,2013-09-13,122.3805
N,E,2013-09-16,122.4966
N,E,2013-09-17,122.4192
N,E,2013-09-18,122.4579
N,E,2013-09-19,122.8269
N,E,2013-09-20,123.0025
N,E,2013-09-23,122.8659
N,E,2013-09-24,123.1198
N,E,2013-09-25,123.1786
N,E,2013-09-26,123.1982
N,E,2013-09-27,123.5323
N,E,2013-09-30,123.9078
N,E,2013-10-01,123.789
N,E,2013-10-02,123.6901
N,E,2013-10-03,123.4338
N,E,2013-10-04,123.552
N,E,2013-10-07,123.5717
N,E,2013-10-08,123.3159
N,E,2013-10-09,123.1786
N,E,2013-10-10,123.0221
N,E,2013-10-11,122.9244
N,E,2013-10-14,122.5742
N,E,2013-10-15,122.6713
N,E,2013-10-16,122.6713
N,E,2013-10-17,122.8659
N,E,2013-10-18,122.6519
N,E,2013-10-21,122.613
N,E,2013-10-22,122.613
N,E,2013-10-23,123.0025
N,E,2013-10-24,123.2178
N,E,2013-10-25,122.9244
N,E,2013-10-28,122.7296
N,E,2013-10-29,122.5742
N,E,2013-10-30,122.613
N,E,2013-10-31,122.8269
N,E,2013-11-01,123.0807
N,E,2013-11-04,122.9635
N,E,2013-11-05,123.1198
N,E,2013-11-06,122.9635
N,E,2013-11-07,122.8075
N,E,2013-11-08,123.1394
N,E,2013-11-11,122.8854
N,E,2013-11-12,122.9049
N,E,2013-11-13,122.9635
N,E,2013-11-14,122.8659
N,E,2013-11-15,122.6713
N,E,2013-11-18,122.8464
N,E,2013-11-19,122.8075
N,E,2013-11-20,122.9049
N,E,2013-11-21,122.9049
N,E,2013-11-22,123.0221
N,E,2013-11-25,123.0807
N,E,2013-11-26,123.0025
N,E,2013-11-27,123.0611
N,E,2013-11-28,123.0025
N,E,2013-11-29,122.9244
N,E,2013-12-02,123.0221
N,E,2013-12-03,123.159
N,E,2013-12-04,123.257
N,E,2013-12-05,123.4732
N,E,2013-12-06,123.6704
N,E,2013-12-09,123.7099
N,E,2013-12-10,123.789
N,E,2013-12-11,123.9872
N,E,2013-12-12,123.888
N,E,2013-12-13,123.888
N,E,2013-12-16,123.9673
N,E,2013-12-17,124.007
N,E,2013-12-18,123.9872
N,E,2013-12-19,123.6901
N,E,2013-12-20,123.552
N,E,2013-12-23,123.552
N,E,2013-12-24,123.7296
N,E,2013-12-25,123.7692
N,E,2013-12-26,123.4535
N,E,2013-12-27,123.6704
N,E,2013-12-30,123.5717
N,E,2013-12-31,123.5126
N,E,2014-01-01,123.4142
N,E,2014-01-02,123.159
N,E,2014-01-03,123.257
N,E,2014-01-06,123.0416
N,E,2014-01-07,122.5354
N,E,2014-01-08,122.3418
N,E,2014-01-09,122.4966
N,E,2014-01-10,122.7102
N,E,2014-01-13,122.7491
N,E,2014-01-14,122.9049
N,E,2014-01-15,122.613
N,E,2014-01-16,122.613
N,E,2014-01-17,122.8854
N,E,2014-01-20,122.8075
N,E,2014-01-21,122.5936
N,E,2014-01-22,122.7102
N,E,2014-01-23,123.0221
N,E,2014-01-24,123.3945
N,E,2014-01-27,123.6309
N,E,2014-01-28,123.3748
N,E,2014-01-29,123.4142
N,E,2014-01-30,123.9078
N,E,2014-01-31,123.8286
N,E,2014-02-03,123.9872
N,E,2014-02-04,124.007
N,E,2014-02-05,123.8484
N,E,2014-02-06,123.888
N,E,2014-02-07,123.789
N,E,2014-02-10,123.8484
N,E,2014-02-11,123.7494
N,E,2014-02-12,123.6704
N,E,2014-02-13,123.9673
N,E,2014-02-14,123.9078
N,E,2014-02-17,123.9276
N,E,2014-02-18,123.9276
N,E,2014-02-19,123.9673
N,E,2014-02-20,124.1462
N,E,2014-02-21,124.0865
N,E,2014-02-24,124.1462
N,E,2014-02-25,124.186
N,E,2014-02-26,124.1462
N,E,2014-02-27,124.5255
N,E,2014-02-28,124.5655
N,E,2014-03-03,124.8668
N,E,2014-03-04,124.5655
N,E,2014-03-05,124.2657
N,E,2014-03-06,124.2059
N,E,2014-03-07,124.2458
N,E,2014-03-10,124.3455
N,E,2014-03-11,124.3655
N,E,2014-03-12,124.5655
N,E,2014-03-13,124.6257
N,E,2014-03-14,124.7662
N,E,2014-03-17,124.6457
N,E,2014-03-18,124.5655
N,E,2014-03-19,124.3255
N,E,2014-03-20,124.2059
N,E,2014-03-21,124.4054
N,E,2014-03-24,124.2657
N,E,2014-03-25,124.2258
N,E,2014-03-26,123.8682
N,E,2014-03-27,124.2258
N,E,2014-03-28,124.2856
N,E,2014-03-31,124.1661
N,E,2014-04-01,124.3455
N,E,2014-04-02,124.2258
N,E,2014-04-03,124.0269
N,E,2014-04-04,123.8286
N,E,2014-04-07,123.9673
N,E,2014-04-08,124.1661
N,E,2014-04-09,124.2458
N,E,2014-04-10,124.4054
N,E,2014-04-11,124.4854
N,E,2014-04-14,124.6056
N,E,2014-04-15,124.5655
N,E,2014-04-16,124.5054
N,E,2014-04-17,124.4054
N,E,2014-04-18,124.2059
N,E,2014-04-21,124.1661
N,E,2014-04-22,124.0269
N,E,2014-04-23,124.0865
N,E,2014-04-24,124.1263
N,E,2014-04-25,124.2059
N,E,2014-04-28,124.3655
N,E,2014-04-29,124.1661
N,E,2014-04-30,124.2059
N,E,2014-05-01,124.1462
N,E,2014-05-02,124.2458
N,E,2014-05-05,124.4454
N,E,2014-05-06,124.4254
N,E,2014-05-07,124.4054
N,E,2014-05-08,124.2657
N,E,2014-05-09,124.2856
N,E,2014-05-12,124.0865
N,E,2014-05-13,124.0269
N,E,2014-05-14,124.1661
N,E,2014-05-15,124.007
N,E,2014-05-16,124.007
N,E,2014-05-19,123.9078
N,E,2014-05-20,123.888
N,E,2014-05-21,124.007
N,E,2014-05-22,123.9673
N,E,2014-05-23,124.0269
N,E,2014-05-26,124.0666
N,E,2014-05-27,123.9673
N,E,2014-05-28,123.8682
N,E,2014-05-29,124.0666
N,E,2014-05-30,124.0467
N,E,2014-06-02,123.9872
N,E,2014-06-03,123.9078
N,E,2014-06-04,124.0269
N,E,2014-06-05,124.2258
N,E,2014-06-06,124.4054
N,E,2014-06-09,124.2258
N,E,2014-06-10,124.2059
N,E,2014-06-11,124.2856
N,E,2014-06-12,124.3455
N,E,2014-06-13,124.4854
N,E,2014-06-16,124.3854
N,E,2014-06-17,124.3056
N,E,2014-06-18,124.2856
N,E,2014-06-19,124.4454
N,E,2014-06-20,124.4854
N,E,2014-06-23,124.4254
N,E,2014-06-24,124.5455
N,E,2014-06-25,124.5054
N,E,2014-06-26,124.5054
N,E,2014-06-27,124.5054
N,E,2014-06-30,124.6457
N,E,2014-07-01,124.7461
N,E,2014-07-02,124.7662
N,E,2014-07-03,124.726
N,E,2014-07-04,124.5655
N,E,2014-07-07,124.6056
N,E,2014-07-08,124.6257
N,E,2014-07-09,124.5856
N,E,2014-07-10,124.6858
N,E,2014-07-11,124.726
N,E,2014-07-14,124.7863
N,E,2014-07-15,124.7461
N,E,2014-07-16,124.6257
N,E,2014-07-17,124.7059
N,E,2014-07-18,124.7461
N,E,2014-07-21,124.6658
N,E,2014-07-22,124.6457
N,E,2014-07-23,124.6457
N,E,2014-07-24,124.6858
N,E,2014-07-25,124.6257
N,E,2014-07-28,124.6658
N,E,2014-07-29,124.6858
N,E,2014-07-30,124.5455
N,E,2014-07-31,124.5054
N,E,2014-08-01,124.5455
N,E,2014-08-04,124.5054
N,E,2014-08-05,124.4054
N,E,2014-08-06,124.6056
N,E,2014-08-07,124.6457
N,E,2014-08-08,124.8265
N,E,2014-08-11,124.8467
N,E,2014-08-12,124.7662
N,E,2014-08-13,124.7863
N,E,2014-08-14,124.9272
N,E,2014-08-15,125.0079
N,E,2014-08-18,125.1089
N,E,2014-08-19,125.0886
N,E,2014-08-20,125.1291
N,E,2014-08-21,125.0684
N,E,2014-08-22,125.1493
N,E,2014-08-25,125.291
N,E,2014-08-26,125.3722
N,E,2014-08-27,125.4534
N,E,2014-08-28,125.5551
N,E,2014-08-29,125.5755
N,E,2014-09-01,125.5551
N,E,2014-09-02,125.4331
N,E,2014-09-03,125.4128
N,E,2014-09-04,125.4737
N,E,2014-09-05,125.5958
N,E,2014-09-08,125.5755
N,E,2014-09-09,125.6162
N,E,2014-09-10,125.3925
N,E,2014-09-11,125.21
N,E,2014-09-12,125.2302
N,E,2014-09-15,125.1695
N,E,2014-09-16,125.291
N,E,2014-09-17,125.0886
N,E,2014-09-18,125.3722
N,E,2014-09-19,125.4941
N,E,2014-09-22,125.4534
N,E,2014-09-23,125.4534
N,E,2014-09-24,125.4128
N,E,2014-09-25,125.4331
N,E,2014-09-26,125.4737
N,E,2014-09-29,125.5144
N,E,2014-09-30,125.5347
N,E,2014-10-01,125.6162
N,E,2014-10-02,125.4128
N,E,2014-10-03,125.291
N,E,2014-10-06,125.0079
N,E,2014-10-07,125.0281
N,E,2014-10-08,124.9272
N,E,2014-10-09,125.0079
N,E,2014-10-10,125.1291
N,E,2014-10-13,125.291
N,E,2014-10-14,125.4331
N,E,2014-10-15,125.4331
N,E,2014-10-16,125.5551
N,E,2014-10-17,125.4534
N,E,2014-10-20,125.5755
N,E,2014-10-21,125.5347
N,E,2014-10-22,125.5551
N,E,2014-10-23,125.5755
N,E,2014-10-24,125.5958
N,E,2014-10-27,125.6162
N,E,2014-10-28,125.5551
N,E,2014-10-29,125.5958
N,E,2014-10-30,125.6162
N,E,2014-10-31,125.5958
N,E,2014-11-03,125.6366
N,E,2014-11-04,125.657
N,E,2014-11-05,125.8203
N,E,2014-11-06,125.7794
N,E,2014-11-07,125.7794
N,E,2014-11-10,125.943
N,E,2014-11-11,125.984
N,E,2014-11-12,125.984
N,E,2014-11-13,125.984
N,E,2014-11-14,126.0455
N,E,2014-11-17,126.0866
N,E,2014-11-18,126.0661
N,E,2014-11-19,126.1071
N,E,2014-11-20,126.0866
N,E,2014-11-21,125.984
N,E,2014-11-24,125.984
N,E,2014-11-25,125.9635
N,E,2014-11-26,125.9635
N,E,2014-11-27,126.0045
N,E,2014-11-28,126.025
N,E,2014-12-01,125.9226
N,E,2014-12-02,125.7794
N,E,2014-12-03,125.9021
N,E,2014-12-04,125.8407
N,E,2014-12-05,125.9635
N,E,2014-12-08,125.9635
N,E,2014-12-09,125.984
N,E,2014-12-10,126.0045
N,E,2014-12-11,126.0661
N,E,2014-12-12,126.1277
N,E,2014-12-15,126.1071
N,E,2014-12-16,126.1277
N,E,2014-12-17,126.1277
N,E,2014-12-18,125.7998
N,E,2014-12-19,125.8612
N,E,2014-12-22,125.8816
N,E,2014-12-23,125.9226
N,E,2014-12-24,125.9635
N,E,2014-12-25,126.1277
N,E,2014-12-26,125.984
N,E,2014-12-29,125.9226
N,E,2014-12-30,125.943
N,E,2014-12-31,125.9635
N,E,2015-01-01,125.9226
N,E,2015-01-02,125.984
N,E,2015-01-05,126.0661
N,E,2015-01-06,126.0661
N,E,2015-01-07,126.1277
N,E,2015-01-08,126.1277
N,E,2015-01-09,126.1071
N,E,2015-01-12,126.1277
N,E,2015-01-13,126.1277
N,E,2015-01-14,126.1277
N,E,2015-01-15,149.9659
N,E,2015-01-16,149.1284
N,E,2015-01-19,150.286
N,E,2015-01-20,149.1571
N,E,2015-01-21,151.0481
N,E,2015-01-22,151.7288
N,E,2015-01-23,154.5448
N,E,2015-01-26,151.9372
N,E,2015-01-27,148.1867
N,E,2015-01-28,147.9885
N,E,2015-01-29,146.6712
N,E,2015-01-30,145.0503
N,E,2015-02-02,143.7579
N,E,2015-02-03,144.3474
N,E,2015-02-04,142.9881
N,E,2015-02-05,143.6246
N,E,2015-02-06,143.6246
N,E,2015-02-09,144.509
N,E,2015-02-10,144.9418
N,E,2015-02-11,144.563
N,E,2015-02-12,143.7045
N,E,2015-02-13,142.8563
N,E,2015-02-16,142.6195
N,E,2015-02-17,142.3835
N,E,2015-02-18,141.6025
N,E,2015-02-19,140.7531
N,E,2015-02-20,140.4978
N,E,2015-02-23,140.8299
N,E,2015-02-24,140.9838
N,E,2015-02-25,140.4723
N,E,2015-02-26,140.9068
N,E,2015-02-27,141.9919
N,E,2015-03-02,141.1894
N,E,2015-03-03,141.1122
N,E,2015-03-04,141.3182
N,E,2015-03-05,141.6543
N,E,2015-03-06,141.3182
N,E,2015-03-09,141.5507
N,E,2015-03-10,141.5507
N,E,2015-03-11,142.1483
N,E,2015-03-12,142.4883
N,E,2015-03-13,142.0179
N,E,2015-03-16,143.1997
N,E,2015-03-17,142.4883
N,E,2015-03-18,142.3573
N,E,2015-03-19,143.1467
N,E,2015-03-20,143.5447
N,E,2015-03-23,143.2262
N,E,2015-03-24,143.8915
N,E,2015-03-25,144.3743
N,E,2015-03-26,144.4282
N,E,2015-03-27,144.7792
N,E,2015-03-30,144.644
N,E,2015-03-31,144.8875
N,E,2015-04-01,145.0503
N,E,2015-04-02,145.459
N,E,2015-04-03,145.1047
N,E,2015-04-06,144.9418
N,E,2015-04-07,144.9146
N,E,2015-04-08,144.9689
N,E,2015-04-09,145.2135
N,E,2015-04-10,145.8425
N,E,2015-04-13,145.925
N,E,2015-04-14,146.8102
N,E,2015-04-15,146.699
N,E,2015-04-16,146.7268
N,E,2015-04-17,146.699
N,E,2015-04-20,147.5936
N,E,2015-04-21,147.7062
N,E,2015-04-22,147.7062
N,E,2015-04-23,146.035
N,E,2015-04-24,146.1729
N,E,2015-04-27,146.2557
N,E,2015-04-28,145.4863
N,E,2015-04-29,144.2399
N,E,2015-04-30,144.3474
N,E,2015-05-01,144.4821
N,E,2015-05-04,145.0775
N,E,2015-05-05,145.5137
N,E,2015-05-06,145.87
N,E,2015-05-07,146.2281
N,E,2015-05-08,146.3386
N,E,2015-05-11,145.7327
N,E,2015-05-12,145.541
N,E,2015-05-13,145.459
N,E,2015-05-14,145.3498
N,E,2015-05-15,145.3225
N,E,2015-05-18,144.644
N,E,2015-05-19,145.2135
N,E,2015-05-20,145.4317
N,E,2015-05-21,145.5684
N,E,2015-05-22,145.459
N,E,2015-05-25,146.3109
N,E,2015-05-26,146.3109
N,E,2015-05-27,146.3939
N,E,2015-05-28,146.3386
N,E,2015-05-29,146.4493
N,E,2015-06-01,146.7546
N,E,2015-06-02,146.477
N,E,2015-06-03,145.5684
N,E,2015-06-04,143.5181
N,E,2015-06-05,144.2936
N,E,2015-06-08,144.8875
N,E,2015-06-09,144.7792
N,E,2015-06-10,144.4012
N,E,2015-06-11,143.598
N,E,2015-06-12,144.617
N,E,2015-06-15,144.7521
N,E,2015-06-16,144.4821
N,E,2015-06-17,145.2953
N,E,2015-06-18,144.996
N,E,2015-06-19,145.1319
N,E,2015-06-22,145.1047
N,E,2015-06-23,144.996
N,E,2015-06-24,145.1319
N,E,2015-06-25,144.4821
N,E,2015-06-26,144.8333
N,E,2015-06-29,145.3771
N,E,2015-06-30,145.9525
N,E,2015-07-01,144.8875
N,E,2015-07-02,144.3474
N,E,2015-07-03,144.8062
N,E,2015-07-06,145.0232
N,E,2015-07-07,145.7602
N,E,2015-07-08,145.459
N,E,2015-07-09,144.4551
N,E,2015-07-10,144.9146
N,E,2015-07-13,144.3743
N,E,2015-07-14,145.5137
N,E,2015-07-15,145.2408
N,E,2015-07-16,145.4317
N,E,2015-07-17,145.2408
N,E,2015-07-20,145.0232
N,E,2015-07-21,145.1863
N,E,2015-07-22,144.4821
N,E,2015-07-23,144.4012
N,E,2015-07-24,143.9985
N,E,2015-07-27,142.909
N,E,2015-07-28,141.9398
N,E,2015-07-29,142.2005
N,E,2015-07-30,142.4097
N,E,2015-07-31,143.7579
N,E,2015-08-03,142.7509
N,E,2015-08-04,142.6983
N,E,2015-08-05,142.3835
N,E,2015-08-06,141.344
N,E,2015-08-07,141.0608
N,E,2015-08-10,140.5998
N,E,2015-08-11,139.6868
N,E,2015-08-12,138.8105
N,E,2015-08-13,139.4353
N,E,2015-08-14,139.335
N,E,2015-08-17,139.7877
N,E,2015-08-18,140.1926
N,E,2015-08-19,140.6509
N,E,2015-08-20,141.3698
N,E,2015-08-21,140.6509
N,E,2015-08-24,139.712
N,E,2015-08-25,139.3099
N,E,2015-08-26,140.0405
N,E,2015-08-27,140.702
N,E,2015-08-28,139.4856
N,E,2015-08-31,140.345
N,E,2015-09-01,139.7625
N,E,2015-09-02,139.3851
N,E,2015-09-03,139.1097
N,E,2015-09-04,139.5861
N,E,2015-09-07,139.5358
N,E,2015-09-08,138.8603
N,E,2015-09-09,139.0098
N,E,2015-09-10,138.6117
N,E,2015-09-11,137.8224
N,E,2015-09-14,137.6998
N,E,2015-09-15,138.1666
N,E,2015-09-16,138.3641
N,E,2015-09-17,138.1666
N,E,2015-09-18,138.142
N,E,2015-09-21,138.6614
N,E,2015-09-22,139.1847
N,E,2015-09-23,139.3851
N,E,2015-09-24,138.5126
N,E,2015-09-25,138.3641
N,E,2015-09-28,138.3147
N,E,2015-09-29,138.8603
N,E,2015-09-30,138.6366
N,E,2015-10-01,138.8603
N,E,2015-10-02,138.8105
N,E,2015-10-05,138.58690000000001
N,E,2015-10-06,138.7111
N,E,2015-10-07,139.2849
N,E,2015-10-08,138.5126
N,E,2015-10-09,138.7856
N,E,2015-10-12,138.463
N,E,2015-10-13,138.5126
N,E,2015-10-14,138.7856
N,E,2015-10-15,139.335
N,E,2015-10-16,139.5861
N,E,2015-10-19,139.8382
N,E,2015-10-20,140.218
N,E,2015-10-21,139.6113
N,E,2015-10-22,139.4102
N,E,2015-10-23,139.914
N,E,2015-10-26,140.2434
N,E,2015-10-27,139.3851
N,E,2015-10-28,139.2849
N,E,2015-10-29,139.5358
N,E,2015-10-30,139.3851
N,E,2015-11-02,139.1597
N,E,2015-11-03,139.4604
N,E,2015-11-04,139.9645
N,E,2015-11-05,139.8382
N,E,2015-11-06,139.9898
N,E,2015-11-09,140.218
N,E,2015-11-10,140.5488
N,E,2015-11-11,140.2688
N,E,2015-11-12,140.7787
N,E,2015-11-13,140.345
N,E,2015-11-16,140.3196
N,E,2015-11-17,140.3959
N,E,2015-11-18,139.8887
N,E,2015-11-19,139.1347
N,E,2015-11-20,139.712
N,E,2015-11-23,139.8634
N,E,2015-11-24,139.7372
N,E,2015-11-25,139.8887
N,E,2015-11-26,139.561
N,E,2015-11-27,139.0098
N,E,2015-11-30,138.8852
N,E,2015-12-01,138.9849
N,E,2015-12-02,138.9849
N,E,2015-12-03,140.1165
N,E,2015-12-04,139.1597
N,E,2015-12-07,139.7877
N,E,2015-12-08,139.8887
N,E,2015-12-09,139.7625
N,E,2015-12-10,139.7877
N,E,2015-12-11,140.0405
N,E,2015-12-14,140.2688
N,E,2015-12-15,139.6868
N,E,2015-12-16,140.0405
N,E,2015-12-17,140.1165
N,E,2015-12-18,140.4978
N,E,2015-12-21,140.1165
N,E,2015-12-22,139.8382
N,E,2015-12-23,140.1165
N,E,2015-12-24,140.1672
N,E,2015-12-25,140.218
N,E,2015-12-28,139.5861
N,E,2015-12-29,139.712
N,E,2015-12-30,139.8129
N,E,2015-12-31,140.0152
N,E,2016-01-01,139.9898
N,E,2016-01-04,139.4353
N,E,2016-01-05,139.6365
N,E,2016-01-06,139.7625
N,E,2016-01-07,139.2849
N,E,2016-01-08,139.1847
N,E,2016-01-11,139.3601
N,E,2016-01-12,139.4604
N,E,2016-01-13,139.0098
N,E,2016-01-14,138.2406
N,E,2016-01-15,138.4878
N,E,2016-01-18,138.3147
N,E,2016-01-19,138.2653
N,E,2016-01-20,138.463
N,E,2016-01-21,138.3394
N,E,2016-01-22,138.4383
N,E,2016-01-25,138.0927
N,E,2016-01-26,137.6509
N,E,2016-01-27,137.21190000000001
N,E,2016-01-28,136.7757
N,E,2016-01-29,136.2942
N,E,2016-02-01,136.5586
N,E,2016-02-02,136.0548
N,E,2016-02-03,136.3902
N,E,2016-02-04,135.4125
N,E,2016-02-05,136.4623
N,E,2016-02-08,136.6791
N,E,2016-02-09,137.7488
N,E,2016-02-10,138.0927
N,E,2016-02-11,138.29
N,E,2016-02-12,137.602
N,E,2016-02-15,137.602
N,E,2016-02-16,137.3579
N,E,2016-02-17,137.3092
N,E,2016-02-18,137.0904
N,E,2016-02-19,137.2848
N,E,2016-02-22,137.6509
N,E,2016-02-23,138.2159
N,E,2016-02-24,138.8852
N,E,2016-02-25,138.7608
N,E,2016-02-26,138.7111
N,E,2016-02-29,138.7856
N,E,2016-03-01,139.3851
N,E,2016-03-02,139.6113
N,E,2016-03-03,139.6868
N,E,2016-03-04,139.1597
N,E,2016-03-07,138.29
N,E,2016-03-08,138.6862
N,E,2016-03-09,138.3147
N,E,2016-03-10,138.58690000000001
N,E,2016-03-11,137.9943
N,E,2016-03-14,137.9451
N,E,2016-03-15,138.29
N,E,2016-03-16,138.142
N,E,2016-03-17,137.9451
N,E,2016-03-18,138.4878
N,E,2016-03-21,138.6117
N,E,2016-03-22,139.0847
N,E,2016-03-23,138.7111
N,E,2016-03-24,138.9849
N,E,2016-03-25,138.8852
N,E,2016-03-28,138.8852
N,E,2016-03-29,138.9101
N,E,2016-03-30,138.7111
N,E,2016-03-31,138.5126
N,E,2016-04-01,138.3641
N,E,2016-04-04,138.6862
N,E,2016-04-05,138.8105
N,E,2016-04-06,138.8852
N,E,2016-04-07,139.1347
N,E,2016-04-08,139.1097
N,E,2016-04-11,139.1597
N,E,2016-04-12,139.2348
N,E,2016-04-13,139.1347
N,E,2016-04-14,139.1347
N,E,2016-04-15,138.96
N,E,2016-04-18,138.8354
N,E,2016-04-19,138.7111
N,E,2016-04-20,138.6366
N,E,2016-04-21,138.0927
N,E,2016-04-22,137.5286
N,E,2016-04-25,137.9451
N,E,2016-04-26,137.6998
N,E,2016-04-27,137.5775
N,E,2016-04-28,137.9451
N,E,2016-04-29,138.2159
N,E,2016-05-02,137.6264
N,E,2016-05-03,138.0435
N,E,2016-05-04,137.9697
N,E,2016-05-05,137.6998
N,E,2016-05-06,137.1147
N,E,2016-05-09,137.1633
N,E,2016-05-10,136.824
N,E,2016-05-11,136.6068
N,E,2016-05-12,136.945
N,E,2016-05-13,137.4554
N,E,2016-05-16,137.1147
N,E,2016-05-17,136.7515
N,E,2016-05-18,136.7757
N,E,2016-05-19,136.7515
N,E,2016-05-20,136.2702
N,E,2016-05-23,136.2942
N,E,2016-05-24,136.5827
N,E,2016-05-25,136.8966
N,E,2016-05-26,136.7032
N,E,2016-05-27,136.7757
N,E,2016-05-30,137.0419
N,E,2016-05-31,137.2362
N,E,2016-06-01,136.8482
N,E,2016-06-02,136.945
N,E,2016-06-03,137.0419
N,E,2016-06-06,136.8482
N,E,2016-06-07,137.8224
N,E,2016-06-08,138.1666
N,E,2016-06-09,138.7856
N,E,2016-06-10,138.96
N,E,2016-06-13,139.2598
N,E,2016-06-14,139.6616
N,E,2016-06-15,139.7877
N,E,2016-06-16,140.0152
N,E,2016-06-17,139.8887
N,E,2016-06-20,139.1347
N,E,2016-06-21,139.2598
N,E,2016-06-22,140.0405
N,E,2016-06-23,139.6616
N,E,2016-06-24,139.3851
N,E,2016-06-27,140.8299
N,E,2016-06-28,139.6868
N,E,2016-06-29,139.6868
N,E,2016-06-30,139.1597
N,E,2016-07-01,139.8634
N,E,2016-07-04,139.8129
N,E,2016-07-05,140.1165
N,E,2016-07-06,139.8129
N,E,2016-07-07,139.8634
N,E,2016-07-08,139.712
N,E,2016-07-11,139.4102
N,E,2016-07-12,139.0098
N,E,2016-07-13,138.8354
N,E,2016-07-14,139.0098
N,E,2016-07-15,138.8105
N,E,2016-07-18,139.2849
N,E,2016-07-19,139.2348
N,E,2016-07-20,139.3601
N,E,2016-07-21,139.2097
N,E,2016-07-22,139.335
N,E,2016-07-25,139.8634
N,E,2016-07-26,139.6868
N,E,2016-07-27,138.5374
N,E,2016-07-28,138.6614
N,E,2016-07-29,139.6616
N,E,2016-08-01,140.0911
N,E,2016-08-02,140.0152
N,E,2016-08-03,139.7372
N,E,2016-08-04,139.712
N,E,2016-08-05,139.5358
N,E,2016-08-08,139.1847
N,E,2016-08-09,138.8852
N,E,2016-08-10,138.8105
N,E,2016-08-11,139.2849
N,E,2016-08-12,139.3099
N,E,2016-08-15,139.1597
N,E,2016-08-16,139.4604
N,E,2016-08-17,139.7372
N,E,2016-08-18,139.6365
N,E,2016-08-19,139.8634
N,E,2016-08-22,139.1847
N,E,2016-08-23,139.1347
N,E,2016-08-24,139.2598
N,E,2016-08-25,139.1097
N,E,2016-08-26,138.96
N,E,2016-08-29,138.5374
N,E,2016-08-30,138.4135
N,E,2016-08-31,138.2406
N,E,2016-09-01,137.7733
N,E,2016-09-02,138.1173
N,E,2016-09-05,138.6117
N,E,2016-09-06,138.4383
N,E,2016-09-07,139.0098
N,E,2016-09-08,138.7608
N,E,2016-09-09,138.1173
N,E,2016-09-12,138.3394
N,E,2016-09-13,138.6117
N,E,2016-09-14,137.9697
N,E,2016-09-15,138.2159
N,E,2016-09-16,138.5126
N,E,2016-09-19,138.3888
N,E,2016-09-20,138.5374
N,E,2016-09-21,139.0598
N,E,2016-09-22,139.0098
N,E,2016-09-23,139.2849
N,E,2016-09-26,139.2348
N,E,2016-09-27,138.96
N,E,2016-09-28,139.0847
N,E,2016-09-29,139.0098
N,E,2016-09-30,139.8634
N,E,2016-10-03,138.7359
N,E,2016-10-04,138.5126
N,E,2016-10-05,138.0927
N,E,2016-10-06,138.6366
N,E,2016-10-07,138.6614
N,E,2016-10-10,138.4135
N,E,2016-10-11,138.29
N,E,2016-10-12,138.8354
N,E,2016-10-13,139.2348
N,E,2016-10-14,139.1597
N,E,2016-10-17,139.4353
N,E,2016-10-18,139.0847
N,E,2016-10-19,139.2849
N,E,2016-10-20,139.5358
N,E,2016-10-21,139.9393
N,E,2016-10-24,139.8887
N,E,2016-10-25,139.9898
N,E,2016-10-26,139.8382
N,E,2016-10-27,139.7877
N,E,2016-10-28,139.6616
N,E,2016-10-31,139.8887
N,E,2016-11-01,139.6616
N,E,2016-11-02,140.6254
N,E,2016-11-03,140.345
N,E,2016-11-04,140.1165
N,E,2016-11-07,140.0152
N,E,2016-11-08,140.5488
N,E,2016-11-09,140.1418
N,E,2016-11-10,140.7276
N,E,2016-11-11,141.2151
N,E,2016-11-14,141.5248
N,E,2016-11-15,141.0351
N,E,2016-11-16,140.8812
N,E,2016-11-17,141.1379
N,E,2016-11-18,141.5507
N,E,2016-11-21,141.0865
N,E,2016-11-22,141.0865
N,E,2016-11-23,141.0865
N,E,2016-11-24,141.0351
N,E,2016-11-25,141.0608
N,E,2016-11-28,140.8555
N,E,2016-11-29,140.9068
N,E,2016-11-30,140.4723
N,E,2016-12-01,140.6509
N,E,2016-12-02,140.7276
N,E,2016-12-05,140.4214
N,E,2016-12-06,139.7877
N,E,2016-12-07,139.8887
N,E,2016-12-08,139.5861
N,E,2016-12-09,140.3959
N,E,2016-12-12,140.7276
N,E,2016-12-13,140.7531
N,E,2016-12-14,140.9581
N,E,2016-12-15,140.8555
N,E,2016-12-16,140.8555
N,E,2016-12-19,141.2924
N,E,2016-12-20,141.758
N,E,2016-12-21,141.7839
N,E,2016-12-22,141.3182
N,E,2016-12-23,141.2924
N,E,2016-12-26,141.2667
N,E,2016-12-27,140.9581
N,E,2016-12-28,141.0608
N,E,2016-12-29,141.3182
N,E,2016-12-30,141.0608
N,E,2017-01-02,141.3698
N,E,2017-01-03,141.6025
N,E,2017-01-04,141.4731
N,E,2017-01-05,141.4473
N,E,2017-01-06,141.3698
N,E,2017-01-09,141.344
N,E,2017-01-10,141.0865
N,E,2017-01-11,141.1379
N,E,2017-01-12,141.3698
N,E,2017-01-13,141.1637
N,E,2017-01-16,141.2409
N,E,2017-01-17,141.3698
N,E,2017-01-18,141.3698
N,E,2017-01-19,141.2667
N,E,2017-01-20,141.2667
N,E,2017-01-23,141.2924
N,E,2017-01-24,141.1122
N,E,2017-01-25,141.1122
N,E,2017-01-26,141.4731
N,E,2017-01-27,141.7061
N,E,2017-01-30,141.8099
N,E,2017-01-31,142.1744
N,E,2017-02-01,141.8099
N,E,2017-02-02,141.6802
N,E,2017-02-03,141.6283
N,E,2017-02-06,141.6802
N,E,2017-02-07,142.044
N,E,2017-02-08,142.3573
N,E,2017-02-09,142.2527
N,E,2017-02-10,141.9659
N,E,2017-02-13,141.9659
N,E,2017-02-14,142.0179
N,E,2017-02-15,142.3312
N,E,2017-02-16,142.2005
N,E,2017-02-17,142.3573
N,E,2017-02-20,142.1483
N,E,2017-02-21,142.4359
N,E,2017-02-22,142.305
N,E,2017-02-23,142.1483
N,E,2017-02-24,142.2527
N,E,2017-02-27,142.1222
N,E,2017-02-28,142.2527
N,E,2017-03-01,142.3573
N,E,2017-03-02,142.2789
N,E,2017-03-03,142.0961
N,E,2017-03-06,141.6283
N,E,2017-03-07,141.3182
N,E,2017-03-08,141.6283
N,E,2017-03-09,141.2924
N,E,2017-03-10,141.0094
N,E,2017-03-13,140.8812
N,E,2017-03-14,141.2409
N,E,2017-03-15,141.3182
N,E,2017-03-16,141.499
N,E,2017-03-17,141.2667
N,E,2017-03-20,141.1122
N,E,2017-03-21,140.9068
N,E,2017-03-22,141.4473
N,E,2017-03-23,141.4473
N,E,2017-03-24,141.4731
N,E,2017-03-27,141.5507
N,E,2017-03-28,141.5248
N,E,2017-03-29,141.3956
N,E,2017-03-30,141.5766
N,E,2017-03-31,141.6025
N,E,2017-04-03,141.758
N,E,2017-04-04,141.758
N,E,2017-04-05,141.5766
N,E,2017-04-06,141.344
N,E,2017-04-07,141.6025
N,E,2017-04-10,141.7839
N,E,2017-04-11,141.8359
N,E,2017-04-12,141.732
N,E,2017-04-13,141.8099
N,E,2017-04-14,141.9138
N,E,2017-04-17,141.9398
N,E,2017-04-18,141.758
N,E,2017-04-19,141.6802
N,E,2017-04-20,141.3698
N,E,2017-04-21,141.6025
N,E,2017-04-24,140.2434
N,E,2017-04-25,139.8129
N,E,2017-04-26,139.712
N,E,2017-04-27,139.8634
N,E,2017-04-28,139.9393
N,E,2017-05-01,139.6365
N,E,2017-05-02,139.4856
N,E,2017-05-03,140.1418
N,E,2017-05-04,139.712
N,E,2017-05-05,139.8382
N,E,2017-05-08,139.5107
N,E,2017-05-09,138.7608
N,E,2017-05-10,138.3394
N,E,2017-05-11,138.142
N,E,2017-05-12,138.29
N,E,2017-05-15,138.4383
N,E,2017-05-16,138.3394
N,E,2017-05-17,138.7359
N,E,2017-05-18,138.7856
N,E,2017-05-19,138.96
N,E,2017-05-22,139.1347
N,E,2017-05-23,138.5621
N,E,2017-05-24,138.8603
N,E,2017-05-25,138.7856
N,E,2017-05-26,139.0598
N,E,2017-05-29,139.0598
N,E,2017-05-30,139.1597
N,E,2017-05-31,139.1097
N,E,2017-06-01,138.96
N,E,2017-06-02,139.0098
N,E,2017-06-05,139.4604
N,E,2017-06-06,139.5861
N,E,2017-06-07,139.6365
N,E,2017-06-08,139.2849
N,E,2017-06-09,139.4604
N,E,2017-06-12,139.4856
N,E,2017-06-13,139.7372
N,E,2017-06-14,139.4604
N,E,2017-06-15,139.1347
N,E,2017-06-16,139.2097
N,E,2017-06-19,139.2348
N,E,2017-06-20,139.3601
N,E,2017-06-21,139.561
N,E,2017-06-22,139.3601
N,E,2017-06-23,139.712
N,E,2017-06-26,139.4353
N,E,2017-06-27,139.2097
N,E,2017-06-28,138.7856
N,E,2017-06-29,138.5374
N,E,2017-06-30,138.58690000000001
N,E,2017-07-03,138.6117
N,E,2017-07-04,138.3394
N,E,2017-07-05,138.2159
N,E,2017-07-06,138.2653
N,E,2017-07-07,137.8469
N,E,2017-07-10,137.7733
N,E,2017-07-11,137.21190000000001
N,E,2017-07-12,137.21190000000001
N,E,2017-07-13,137.7488
N,E,2017-07-14,136.9692
N,E,2017-07-17,137.2362
N,E,2017-07-18,137.2848
N,E,2017-07-19,137.7733
N,E,2017-07-20,137.6509
N,E,2017-07-21,136.7757
N,E,2017-07-24,137.4066
N,E,2017-07-25,137.21190000000001
N,E,2017-07-26,136.5586
N,E,2017-07-27,135.3178
N,E,2017-07-28,133.3145
N,E,2017-07-31,133.1311
N,E,2017-08-01,132.7204
N,E,2017-08-02,132.1317
N,E,2017-08-03,132.0641
N,E,2017-08-04,131.7495
N,E,2017-08-07,132.0191
N,E,2017-08-08,131.8617
N,E,2017-08-09,133.9834
N,E,2017-08-10,133.6596
N,E,2017-08-11,134.1691
N,E,2017-08-14,132.8115
N,E,2017-08-15,132.6068
N,E,2017-08-16,132.5161
N,E,2017-08-17,133.8213
N,E,2017-08-18,134.2156
N,E,2017-08-21,133.4063
N,E,2017-08-22,133.2457
N,E,2017-08-23,132.6522
N,E,2017-08-24,133.0625
N,E,2017-08-25,133.2227
N,E,2017-08-28,133.1998
N,E,2017-08-29,132.9027
N,E,2017-08-30,132.7204
N,E,2017-08-31,132.1542
N,E,2017-09-01,132.5614
N,E,2017-09-04,132.9255
N,E,2017-09-05,132.8115
N,E,2017-09-06,132.9711
N,E,2017-09-07,132.9255
N,E,2017-09-08,132.4934
N,E,2017-09-11,132.8343
N,E,2017-09-12,132.3575
N,E,2017-09-13,131.7047
N,E,2017-09-14,131.6152
N,E,2017-09-15,132.1317
N,E,2017-09-18,132.1317
N,E,2017-09-19,131.5258
N,E,2017-09-20,131.3473
N,E,2017-09-21,130.9475
N,E,2017-09-22,130.4622
N,E,2017-09-25,130.8148
N,E,2017-09-26,132.1542
N,E,2017-09-27,132.3349
N,E,2017-09-28,132.2897
N,E,2017-09-29,132.2445
N,E,2017-10-02,132.766
N,E,2017-10-03,132.1768
N,E,2017-10-04,132.3123
N,E,2017-10-05,131.8842
N,E,2017-10-06,132.1768
N,E,2017-10-09,131.8617
N,E,2017-10-10,131.5481
N,E,2017-10-11,131.2805
N,E,2017-10-12,131.1027
N,E,2017-10-13,131.2805
N,E,2017-10-16,131.7271
N,E,2017-10-17,131.7495
N,E,2017-10-18,131.5481
N,E,2017-10-19,131.2138
N,E,2017-10-20,130.6383
N,E,2017-10-23,130.7265
N,E,2017-10-24,130.6383
N,E,2017-10-25,129.7192
N,E,2017-10-26,129.5456
N,E,2017-10-27,130.3305
N,E,2017-10-30,130.4622
N,E,2017-10-31,130.5062
N,E,2017-11-01,130.1115
N,E,2017-11-02,130.1334
N,E,2017-11-03,130.1115
N,E,2017-11-06,130.3086
N,E,2017-11-07,130.83690000000001
N,E,2017-11-08,130.7707
N,E,2017-11-09,130.4183
N,E,2017-11-10,130.83690000000001
N,E,2017-11-13,130.4403
N,E,2017-11-14,129.9587
N,E,2017-11-15,129.7192
N,E,2017-11-16,129.7192
N,E,2017-11-17,129.5023
N,E,2017-11-20,129.8497
N,E,2017-11-21,130.046
N,E,2017-11-22,130.199
N,E,2017-11-23,130.3744
N,E,2017-11-24,130.0678
N,E,2017-11-27,129.4807
N,E,2017-11-28,129.6107
N,E,2017-11-29,129.8062
N,E,2017-11-30,129.6975
N,E,2017-12-01,129.4374
N,E,2017-12-04,130.0023
N,E,2017-12-05,129.6324
N,E,2017-12-06,129.589
N,E,2017-12-07,129.5673
N,E,2017-12-08,129.4807
N,E,2017-12-11,129.589
N,E,2017-12-12,129.9151
N,E,2017-12-13,130.0023
N,E,2017-12-14,129.7844
N,E,2017-12-15,129.9587
N,E,2017-12-18,129.8715
N,E,2017-12-19,130.2647
N,E,2017-12-20,129.6541
N,E,2017-12-21,129.243
N,E,2017-12-22,129.1998
N,E,2017-12-25,129.1137
N,E,2017-12-26,129.0276
N,E,2017-12-27,128.8559
N,E,2017-12-28,129.2861
N,E,2017-12-29,129.5673
N,E,2018-01-01,129.4049
N,E,2018-01-02,129.243
N,E,2018-01-03,129.3509
N,E,2018-01-04,128.8344
N,E,2018-01-05,128.706
N,E,2018-01-08,129.1567
N,E,2018-01-09,129.1567
N,E,2018-01-10,129.0922
N,E,2018-01-11,129.3941
N,E,2018-01-12,128.5351
N,E,2018-01-15,128.3434
N,E,2018-01-16,128.3221
N,E,2018-01-17,128.5137
N,E,2018-01-18,128.8988
N,E,2018-01-19,129.0706
N,E,2018-01-22,128.8559
N,E,2018-01-23,128.4924
N,E,2018-01-24,128.9632
N,E,2018-01-25,129.5023
N,E,2018-01-26,130.1115
N,E,2018-01-29,130.2866
N,E,2018-01-30,130.7707
N,E,2018-01-31,130.5722
N,E,2018-02-01,130.6603
N,E,2018-02-02,130.6163
N,E,2018-02-05,130.7044
N,E,2018-02-06,130.7265
N,E,2018-02-07,130.7707
N,E,2018-02-08,130.83690000000001
N,E,2018-02-09,131.6599
N,E,2018-02-12,131.6599
N,E,2018-02-13,131.5481
N,E,2018-02-14,131.1471
N,E,2018-02-15,131.1027
N,E,2018-02-16,131.4142
N,E,2018-02-19,131.5258
N,E,2018-02-20,131.3473
N,E,2018-02-21,131.1249
N,E,2018-02-22,131.4142
N,E,2018-02-23,131.7271
N,E,2018-02-26,131.4811
N,E,2018-02-27,131.1471
N,E,2018-02-28,131.5034
N,E,2018-03-01,131.5034
N,E,2018-03-02,131.5705
N,E,2018-03-05,131.3028
N,E,2018-03-06,130.5942
N,E,2018-03-07,130.046
N,E,2018-03-08,129.459
N,E,2018-03-09,129.524
N,E,2018-03-12,129.524
N,E,2018-03-13,129.589
N,E,2018-03-14,129.5023
N,E,2018-03-15,129.589
N,E,2018-03-16,129.4157
N,E,2018-03-19,129.3293
N,E,2018-03-20,129.1567
N,E,2018-03-21,129.3077
N,E,2018-03-22,129.524
N,E,2018-03-23,129.7192
N,E,2018-03-26,129.1567
N,E,2018-03-27,128.7488
N,E,2018-03-28,128.5991
N,E,2018-03-29,128.5564
N,E,2018-03-30,128.8773
N,E,2018-04-02,128.8773
N,E,2018-04-03,128.9202
N,E,2018-04-04,128.6846
N,E,2018-04-05,128.4498
N,E,2018-04-06,128.5564
N,E,2018-04-09,128.5351
N,E,2018-04-10,128.6418
N,E,2018-04-11,127.7295
N,E,2018-04-12,127.6663
N,E,2018-04-13,127.7295
N,E,2018-04-16,127.5192
N,E,2018-04-17,127.2259
N,E,2018-04-18,126.4572
N,E,2018-04-19,126.4159
N,E,2018-04-20,126.4159
N,E,2018-04-23,126.5812
N,E,2018-04-24,126.8507
N,E,2018-04-25,126.4365
N,E,2018-04-26,126.4572
N,E,2018-04-27,126.5605
N,E,2018-04-30,126.4572
N,E,2018-05-01,126.6226
N,E,2018-05-02,126.83
N,E,2018-05-03,126.7055
N,E,2018-05-04,126.7262
N,E,2018-05-07,126.5398
N,E,2018-05-08,126.8715
N,E,2018-05-09,127.4142
N,E,2018-05-10,127.0589
N,E,2018-05-11,126.7884
N,E,2018-05-14,126.5192
N,E,2018-05-15,126.9964
N,E,2018-05-16,128.0886
N,E,2018-05-17,128.0039
N,E,2018-05-18,128.3646
N,E,2018-05-21,129.0922
N,E,2018-05-22,128.706
N,E,2018-05-23,130.3744
N,E,2018-05-24,130.046
N,E,2018-05-25,130.1334
N,E,2018-05-28,130.6824
N,E,2018-05-29,132.1542
N,E,2018-05-30,131.8168
N,E,2018-05-31,130.9697
N,E,2018-06-01,131.4142
N,E,2018-06-04,131.2805
N,E,2018-06-05,131.1916
N,E,2018-06-06,130.83690000000001
N,E,2018-06-07,130.4403
N,E,2018-06-08,131.1027
N,E,2018-06-11,130.2647
N,E,2018-06-12,130.5502
N,E,2018-06-13,130.4622
N,E,2018-06-14,130.3305
N,E,2018-06-15,131.1249
N,E,2018-06-18,131.1249
N,E,2018-06-19,131.6823
N,E,2018-06-20,131.4142
N,E,2018-06-21,131.772
N,E,2018-06-22,131.2138
N,E,2018-06-25,131.6152
N,E,2018-06-26,131.2583
N,E,2018-06-27,131.4142
N,E,2018-06-28,131.3028
N,E,2018-06-29,130.859
N,E,2018-07-02,131.236
N,E,2018-07-03,130.7927
N,E,2018-07-04,130.9918
N,E,2018-07-05,130.4842
N,E,2018-07-06,130.3086
N,E,2018-07-09,130.3744
N,E,2018-07-10,130.0897
N,E,2018-07-11,130.2647
N,E,2018-07-12,130.0023
N,E,2018-07-13,129.8497
N,E,2018-07-16,129.4807
N,E,2018-07-17,129.8715
N,E,2018-07-18,130.046
N,E,2018-07-19,130.2647
N,E,2018-07-20,130.1553
N,E,2018-07-23,130.4403
N,E,2018-07-24,130.3524
N,E,2018-07-25,130.5062
N,E,2018-07-26,130.2866
N,E,2018-07-27,130.7265
N,E,2018-07-30,130.6163
N,E,2018-07-31,130.7486
N,E,2018-08-01,130.6383
N,E,2018-08-02,131.0805
N,E,2018-08-03,131.4811
N,E,2018-08-06,131.6599
N,E,2018-08-07,131.325
N,E,2018-08-08,131.1693
N,E,2018-08-09,131.4365
N,E,2018-08-10,132.9483
N,E,2018-08-13,133.8213
N,E,2018-08-14,133.8907
N,E,2018-08-15,134.0761
N,E,2018-08-16,134.0529
N,E,2018-08-17,133.4063
N,E,2018-08-20,133.2915
N,E,2018-08-21,133.0397
N,E,2018-08-22,133.0625
N,E,2018-08-23,133.1998
N,E,2018-08-24,133.0397
N,E,2018-08-27,132.6068
N,E,2018-08-28,132.5841
N,E,2018-08-29,132.8799
N,E,2018-08-30,133.6596
N,E,2018-08-31,134.1458
N,E,2018-09-03,134.4252
N,E,2018-09-04,134.659
N,E,2018-09-05,134.4019
N,E,2018-09-06,134.2388
N,E,2018-09-07,134.7762
N,E,2018-09-10,134.8466
N,E,2018-09-11,133.8676
N,E,2018-09-12,134.1458
N,E,2018-09-13,134.3553
N,E,2018-09-14,134.1923
N,E,2018-09-17,134.6356
N,E,2018-09-18,134.8935
N,E,2018-09-19,134.1226
N,E,2018-09-20,134.1226
N,E,2018-09-21,134.4019
N,E,2018-09-24,134.2156
N,E,2018-09-25,133.3604
N,E,2018-09-26,133.3145
N,E,2018-09-27,133.3374
N,E,2018-09-28,133.4063
N,E,2018-10-01,132.6522
N,E,2018-10-02,133.752
N,E,2018-10-03,132.766
N,E,2018-10-04,132.9255
N,E,2018-10-05,132.5841
N,E,2018-10-08,133.0168
N,E,2018-10-09,132.7887
N,E,2018-10-10,132.8115
N,E,2018-10-11,132.6068
N,E,2018-10-12,131.9966
N,E,2018-10-15,132.2897
N,E,2018-10-16,132.3123
N,E,2018-10-17,132.1768
N,E,2018-10-18,132.3123
N,E,2018-10-19,132.7887
N,E,2018-10-22,131.9516
N,E,2018-10-23,132.7204
N,E,2018-10-24,133.0854
N,E,2018-10-25,133.0168
N,E,2018-10-26,133.154
N,E,2018-10-29,133.0854
N,E,2018-10-30,132.9711
N,E,2018-10-31,132.8571
N,E,2018-11-01,132.6295
N,E,2018-11-02,132.4707
N,E,2018-11-05,132.4254
N,E,2018-11-06,132.1542
N,E,2018-11-07,132.2671
N,E,2018-11-08,132.2671
N,E,2018-11-09,132.5161
N,E,2018-11-12,133.3374
N,E,2018-11-13,133.3604
N,E,2018-11-14,133.1083
N,E,2018-11-15,133.2915
N,E,2018-11-16,132.5841
N,E,2018-11-19,132.9255
N,E,2018-11-20,133.5213
N,E,2018-11-21,133.7289
N,E,2018-11-22,133.6596
N,E,2018-11-23,133.752
N,E,2018-11-26,133.6366
N,E,2018-11-27,133.8907
N,E,2018-11-28,134.332
N,E,2018-11-29,134.0297
N,E,2018-11-30,133.6827
N,E,2018-12-03,133.5904
N,E,2018-12-04,133.5904
N,E,2018-12-05,133.7982
N,E,2018-12-06,133.9834
N,E,2018-12-07,134.0297
N,E,2018-12-10,134.1691
N,E,2018-12-11,134.8466
N,E,2018-12-12,134.5654
N,E,2018-12-13,134.2156
N,E,2018-12-14,134.542
N,E,2018-12-17,134.2388
N,E,2018-12-18,134.3087
N,E,2018-12-19,133.9139
N,E,2018-12-20,133.5904
N,E,2018-12-21,133.8444
N,E,2018-12-24,133.5674
N,E,2018-12-25,134.6356
N,E,2018-12-26,134.5186
N,E,2018-12-27,134.0529
N,E,2018-12-28,134.3553
N,E,2018-12-31,134.4486
N,E,2019-01-01,134.9405
N,E,2019-01-02,134.7293
N,E,2019-01-03,134.9641
N,E,2019-01-04,134.5888
N,E,2019-01-07,134.7293
N,E,2019-01-08,134.917
N,E,2019-01-09,134.8935
N,E,2019-01-10,134.6356
N,E,2019-01-11,133.7982
N,E,2019-01-14,134.4719
N,E,2019-01-15,134.542
N,E,2019-01-16,134.3087
N,E,2019-01-17,133.9834
N,E,2019-01-18,133.6366
N,E,2019-01-21,133.5213
N,E,2019-01-22,133.7058
N,E,2019-01-23,133.6135
N,E,2019-01-24,134.2621
N,E,2019-01-25,134.1923
N,E,2019-01-28,133.8444
N,E,2019-01-29,133.4983
N,E,2019-01-30,133.0168
N,E,2019-01-31,132.766
N,E,2019-02-01,133.0168
N,E,2019-02-04,132.675
N,E,2019-02-05,132.6068
N,E,2019-02-06,132.9027
N,E,2019-02-07,133.154
N,E,2019-02-08,133.4523
N,E,2019-02-11,133.5904
N,E,2019-02-12,133.3374
N,E,2019-02-13,132.994
N,E,2019-02-14,133.3145
N,E,2019-02-15,133.3834
N,E,2019-02-18,133.4293
N,E,2019-02-19,133.3834
N,E,2019-02-20,133.3604
N,E,2019-02-21,133.4753
N,E,2019-02-22,133.4983
N,E,2019-02-25,133.5213
N,E,2019-02-26,133.3604
N,E,2019-02-27,133.3145
N,E,2019-02-28,133.4983
N,E,2019-03-01,133.3145
N,E,2019-03-04,133.4063
N,E,2019-03-05,133.5674
N,E,2019-03-06,133.3604
N,E,2019-03-07,133.3145
N,E,2019-03-08,133.7289
N,E,2019-03-11,133.5674
N,E,2019-03-12,133.2457
N,E,2019-03-13,133.3374
N,E,2019-03-14,133.2915
N,E,2019-03-15,133.2457
N,E,2019-03-18,133.3374
N,E,2019-03-19,133.4523
N,E,2019-03-20,133.5213
N,E,2019-03-21,133.7751
N,E,2019-03-22,134.4719
N,E,2019-03-25,134.6122
N,E,2019-03-26,134.8231
N,E,2019-03-27,135.1997
N,E,2019-03-28,135.1525
N,E,2019-03-29,135.6259
N,E,2019-04-01,135.4835
N,E,2019-04-02,135.2705
N,E,2019-04-03,135.1997
N,E,2019-04-04,135.0347
N,E,2019-04-05,134.8935
N,E,2019-04-08,134.8466
N,E,2019-04-09,134.5186
N,E,2019-04-10,134.2621
N,E,2019-04-11,134.1226
N,E,2019-04-12,133.8444
N,E,2019-04-15,133.5213
N,E,2019-04-16,133.3604
N,E,2019-04-17,132.8571
N,E,2019-04-18,133.0854
N,E,2019-04-19,132.9027
N,E,2019-04-22,132.7204
N,E,2019-04-23,132.1091
N,E,2019-04-24,132.675
N,E,2019-04-25,133.1769
N,E,2019-04-26,133.1769
N,E,2019-04-29,133.0625
N,E,2019-04-30,132.766
N,E,2019-05-01,132.675
N,E,2019-05-02,132.6522
N,E,2019-05-03,133.0168
N,E,2019-05-06,133.1083
N,E,2019-05-07,132.8115
N,E,2019-05-08,132.8799
N,E,2019-05-09,132.994
N,E,2019-05-10,133.0625
N,E,2019-05-13,133.5213
N,E,2019-05-14,133.7058
N,E,2019-05-15,134.2621
N,E,2019-05-16,133.8676
N,E,2019-05-17,134.332
N,E,2019-05-20,134.5186
N,E,2019-05-21,134.5186
N,E,2019-05-22,134.3087
N,E,2019-05-23,134.7058
N,E,2019-05-24,134.9876
N,E,2019-05-27,134.5654
N,E,2019-05-28,134.7996
N,E,2019-05-29,134.9876
N,E,2019-05-30,134.7762
N,E,2019-05-31,135.1289
N,E,2019-06-03,135.9115
N,E,2019-06-04,135.5547
N,E,2019-06-05,135.3415
N,E,2019-06-06,135.5547
N,E,2019-06-07,135.2705
N,E,2019-06-10,135.3651
N,E,2019-06-11,135.1053
N,E,2019-06-12,134.7527
N,E,2019-06-13,135.1053
N,E,2019-06-14,134.917
N,E,2019-06-17,135.1525
N,E,2019-06-18,135.4361
N,E,2019-06-19,135.4361
N,E,2019-06-20,135.8162
N,E,2019-06-21,136.3182
N,E,2019-06-24,136.2942
N,E,2019-06-25,136.3902
N,E,2019-06-26,136.655
N,E,2019-06-27,136.0309
N,E,2019-06-28,136.5586
N,E,2019-07-01,135.8638
N,E,2019-07-02,135.7448
N,E,2019-07-03,136.1505
N,E,2019-07-04,136.1505
N,E,2019-07-05,136.1983
N,E,2019-07-08,136.1026
N,E,2019-07-09,136.007
N,E,2019-07-10,136.1265
N,E,2019-07-11,136.3182
N,E,2019-07-12,136.2942
N,E,2019-07-15,136.6068
N,E,2019-07-16,136.824
N,E,2019-07-17,136.5345
N,E,2019-07-18,136.7757
N,E,2019-07-19,136.7998
N,E,2019-07-22,137.5042
N,E,2019-07-23,137.5531
N,E,2019-07-24,137.9205
N,E,2019-07-25,137.9943
N,E,2019-07-26,137.139
N,E,2019-07-29,137.3092
N,E,2019-07-30,137.1633
N,E,2019-07-31,137.139
N,E,2019-08-01,137.7978
N,E,2019-08-02,138.3641
N,E,2019-08-05,139.3099
N,E,2019-08-06,138.7608
N,E,2019-08-07,138.4135
N,E,2019-08-08,138.5126
N,E,2019-08-09,138.8603
N,E,2019-08-12,139.1347
N,E,2019-08-13,139.335
N,E,2019-08-14,139.1097
N,E,2019-08-15,139.335
N,E,2019-08-16,139.5107
N,E,2019-08-19,139.5107
N,E,2019-08-20,139.5107
N,E,2019-08-21,139.335
N,E,2019-08-22,138.8852
N,E,2019-08-23,138.6117
N,E,2019-08-26,139.2348
N,E,2019-08-27,139.0598
N,E,2019-08-28,139.1347
N,E,2019-08-29,139.0598
N,E,2019-08-30,138.7608
N,E,2019-09-02,139.3601
N,E,2019-09-03,139.561
N,E,2019-09-04,139.5861
N,E,2019-09-05,139.712
N,E,2019-09-06,138.8105
N,E,2019-09-09,138.6117
N,E,2019-09-10,138.4135
N,E,2019-09-11,138.2406
N,E,2019-09-12,138.7111
N,E,2019-09-13,138.2159
N,E,2019-09-16,138.2653
N,E,2019-09-17,138.3641
N,E,2019-09-18,137.7488
N,E,2019-09-19,138.1173
N,E,2019-09-20,138.2406
N,E,2019-09-23,139.4353
N,E,2019-09-24,139.1097
N,E,2019-09-25,139.712
N,E,2019-09-26,139.3601
N,E,2019-09-27,139.6365
N,E,2019-09-30,139.4856
N,E,2019-10-01,138.935
N,E,2019-10-02,138.935
N,E,2019-10-03,138.29
N,E,2019-10-04,138.4135
N,E,2019-10-07,138.9849
N,E,2019-10-08,138.96
N,E,2019-10-09,138.8354
N,E,2019-10-10,138.6117
N,E,2019-10-11,137.7978
N,E,2019-10-14,137.8224
N,E,2019-10-15,137.602
N,E,2019-10-16,137.6753
N,E,2019-10-17,137.5775
N,E,2019-10-18,137.7733
N,E,2019-10-21,137.6509
N,E,2019-10-22,137.5042
N,E,2019-10-23,137.6998
N,E,2019-10-24,137.3579
N,E,2019-10-25,137.3579
N,E,2019-10-28,137.1147
N,E,2019-10-29,137.3335
N,E,2019-10-30,137.3823
N,E,2019-10-31,137.4554
N,E,2019-11-01,137.6509
N,E,2019-11-04,137.3335
N,E,2019-11-05,137.3823
N,E,2019-11-06,137.5531
N,E,2019-11-07,137.6509
N,E,2019-11-08,137.8224
N,E,2019-11-11,137.9451
N,E,2019-11-12,138.0681
N,E,2019-11-13,138.9101
N,E,2019-11-14,139.3851
N,E,2019-11-15,138.7359
N,E,2019-11-18,138.2406
N,E,2019-11-19,137.9697
N,E,2019-11-20,138.0927
N,E,2019-11-21,137.9205
N,E,2019-11-22,137.8224
N,E,2019-11-25,137.8469
N,E,2019-11-26,137.7733
N,E,2019-11-27,137.896
N,E,2019-11-28,137.6998
N,E,2019-11-29,137.6753
N,E,2019-12-02,137.5531
N,E,2019-12-03,138.0927
N,E,2019-12-04,138.4135
N,E,2019-12-05,138.0435
N,E,2019-12-06,138.1666
N,E,2019-12-09,138.2159
N,E,2019-12-10,138.6117
N,E,2019-12-11,138.7608
N,E,2019-12-12,138.5374
N,E,2019-12-13,137.9205
N,E,2019-12-16,138.3641
N,E,2019-12-17,138.1173
N,E,2019-12-18,138.7608
N,E,2019-12-19,138.6614
N,E,2019-12-20,138.9849
N,E,2019-12-23,139.3601
N,E,2019-12-24,139.1597
N,E,2019-12-25,139.5358
N,E,2019-12-26,139.1847
N,E,2019-12-27,139.2598
N,E,2019-12-30,139.0348
N,E,2019-12-31,139.4604
N,E,2020-01-01,139.6616
N,E,2020-01-02,139.5107
N,E,2020-01-03,139.712
N,E,2020-01-06,139.6616
N,E,2020-01-07,139.5107
N,E,2020-01-08,139.9645
N,E,2020-01-09,140.0152
N,E,2020-01-10,140.0658
N,E,2020-01-13,140.0405
N,E,2020-01-14,140.2942
N,E,2020-01-15,140.8812
N,E,2020-01-16,141.0094
N,E,2020-01-17,140.9581
N,E,2020-01-20,141.0865
N,E,2020-01-21,141.0351
N,E,2020-01-22,140.5488
N,E,2020-01-23,141.0094
N,E,2020-01-24,141.344
N,E,2020-01-27,141.6283
N,E,2020-01-28,141.9138
N,E,2020-01-29,141.2409
N,E,2020-01-30,141.5248
N,E,2020-01-31,141.5507
N,E,2020-02-03,141.9138
N,E,2020-02-04,141.4214
N,E,2020-02-05,141.3182
N,E,2020-02-06,141.344
N,E,2020-02-07,141.6543
N,E,2020-02-10,141.5248
N,E,2020-02-11,141.9919
N,E,2020-02-12,142.3573
N,E,2020-02-13,142.4883
N,E,2020-02-14,142.3573
N,E,2020-02-17,142.2527
N,E,2020-02-18,142.6195
N,E,2020-02-19,142.567
N,E,2020-02-20,142.672
N,E,2020-02-21,142.7246
N,E,2020-02-24,142.8036
N,E,2020-02-25,142.7773
N,E,2020-02-26,142.7509
N,E,2020-02-27,142.5145
N,E,2020-02-28,142.3573
N,E,2020-03-02,142.1222
N,E,2020-03-03,142.1483
N,E,2020-03-04,142.2527
N,E,2020-03-05,142.305
N,E,2020-03-06,142.8826
N,E,2020-03-09,143.0938
N,E,2020-03-10,143.041
N,E,2020-03-11,142.9354
N,E,2020-03-12,143.5447
N,E,2020-03-13,143.4384
N,E,2020-03-16,143.5713
N,E,2020-03-17,143.2792
N,E,2020-03-18,143.598
N,E,2020-03-19,143.5713
N,E,2020-03-20,143.6779
N,E,2020-03-23,143.6512
N,E,2020-03-24,143.3322
N,E,2020-03-25,142.6983
N,E,2020-03-26,142.305
N,E,2020-03-27,142.8563
N,E,2020-03-30,143.041
N,E,2020-03-31,142.9881
N,E,2020-04-01,143.3322
N,E,2020-04-02,143.3853
N,E,2020-04-03,143.5181
N,E,2020-04-06,143.465
N,E,2020-04-07,143.3057
N,E,2020-04-08,143.5447
N,E,2020-04-09,143.5447
N,E,2020-04-10,143.3853
N,E,2020-04-13,143.3853
N,E,2020-04-14,143.6779
N,E,2020-04-15,143.7312
N,E,2020-04-16,143.9985
N,E,2020-04-17,144.052
N,E,2020-04-20,144.0253
N,E,2020-04-21,144.0788
N,E,2020-04-22,143.9182
N,E,2020-04-23,144.0788
N,E,2020-04-24,144.052
N,E,2020-04-27,143.6512
N,E,2020-04-28,142.9618
N,E,2020-04-29,143.4384
N,E,2020-04-30,143.3057
N,E,2020-05-01,143.3322
N,E,2020-05-04,143.598
N,E,2020-05-05,143.9182
N,E,2020-05-06,143.8647
N,E,2020-05-07,143.8113
N,E,2020-05-08,143.8647
N,E,2020-05-11,143.9182
N,E,2020-05-12,144.0253
N,E,2020-05-13,143.9717
N,E,2020-05-14,144.0253
N,E,2020-05-15,143.9985
N,E,2020-05-18,144.1057
N,E,2020-05-19,142.3573
N,E,2020-05-20,142.909
N,E,2020-05-21,142.8563
N,E,2020-05-22,143.0146
N,E,2020-05-25,143.041
N,E,2020-05-26,142.7246
N,E,2020-05-27,142.3835
N,E,2020-05-28,141.9919
N,E,2020-05-29,141.6543
N,E,2020-06-01,141.9138
N,E,2020-06-02,141.5248
N,E,2020-06-03,140.3196
N,E,2020-06-04,140.5998
N,E,2020-06-05,139.561
N,E,2020-06-08,139.2849
N,E,2020-06-09,140.8043
N,E,2020-06-10,140.8299
N,E,2020-06-11,141.4473
N,E,2020-06-12,141.3956
N,E,2020-06-15,141.3956
N,E,2020-06-16,140.8299
N,E,2020-06-17,141.5507
N,E,2020-06-18,141.8099
N,E,2020-06-19,142.1222
N,E,2020-06-22,142.0961
N,E,2020-06-23,141.9919
N,E,2020-06-24,141.8359
N,E,2020-06-25,142.1222
N,E,2020-06-26,142.3835
N,E,2020-06-29,142.1483
N,E,2020-06-30,141.8359
N,E,2020-07-01,142.3835
N,E,2020-07-02,142.1483
N,E,2020-07-03,142.4621
N,E,2020-07-06,142.4097
N,E,2020-07-07,142.3312
N,E,2020-07-08,142.567
N,E,2020-07-09,142.4883
N,E,2020-07-10,142.5407
N,E,2020-07-13,142.2005
N,E,2020-07-14,141.9919
N,E,2020-07-15,141.1379
N,E,2020-07-16,140.7276
N,E,2020-07-17,140.7531
N,E,2020-07-20,140.6764
N,E,2020-07-21,141.0094
N,E,2020-07-22,140.6764
N,E,2020-07-23,140.8555
N,E,2020-07-24,141.0608
N,E,2020-07-27,140.8043
N,E,2020-07-28,140.4214
N,E,2020-07-29,140.8555
N,E,2020-07-30,141.0351
N,E,2020-07-31,140.6764
N,E,2020-08-03,140.2688
N,E,2020-08-04,140.3196
N,E,2020-08-05,140.5743
N,E,2020-08-06,140.7276
N,E,2020-08-07,140.1926
N,E,2020-08-10,140.6254
N,E,2020-08-11,140.702
N,E,2020-08-12,140.7787
N,E,2020-08-13,140.7531
N,E,2020-08-14,140.9068
N,E,2020-08-17,140.9068
N,E,2020-08-18,140.5488
N,E,2020-08-19,140.5743
N,E,2020-08-20,140.1418
N,E,2020-08-21,140.8555
N,E,2020-08-24,140.8299
N,E,2020-08-25,140.8555
N,E,2020-08-26,140.8299
N,E,2020-08-27,141.0351
N,E,2020-08-28,140.8299
N,E,2020-08-31,140.8299
N,E,2020-09-01,140.1926
N,E,2020-09-02,139.9898
N,E,2020-09-03,140.4723
N,E,2020-09-04,140.3705
N,E,2020-09-07,140.218
N,E,2020-09-08,139.7625
N,E,2020-09-09,140.2688
N,E,2020-09-10,140.8555
N,E,2020-09-11,140.5743
N,E,2020-09-14,140.7276
N,E,2020-09-15,140.6764
N,E,2020-09-16,140.7787
N,E,2020-09-17,140.8812
N,E,2020-09-18,140.6254
N,E,2020-09-21,140.5743
N,E,2020-09-22,140.8299
N,E,2020-09-23,140.702
N,E,2020-09-24,140.4978
N,E,2020-09-25,140.1926
N,E,2020-09-28,140.3959
N,E,2020-09-29,140.4468
N,E,2020-09-30,140.1926
N,E,2020-10-01,140.4468
N,E,2020-10-02,140.3959
N,E,2020-10-05,140.6254
N,E,2020-10-06,140.6254
N,E,2020-10-07,140.3959
N,E,2020-10-08,140.3705
N,E,2020-10-09,140.6509
N,E,2020-10-12,140.7531
N,E,2020-10-13,141.0865
N,E,2020-10-14,141.0608
N,E,2020-10-15,141.3698
N,E,2020-10-16,141.3698
N,E,2020-10-19,141.2924
N,E,2020-10-20,141.3956
N,E,2020-10-21,141.3182
N,E,2020-10-22,140.9838
N,E,2020-10-23,141.3698
N,E,2020-10-26,141.3956
N,E,2020-10-27,141.1122
N,E,2020-10-28,141.344
N,E,2020-10-29,141.6543
N,E,2020-10-30,141.6025
N,E,2020-11-02,141.8618
N,E,2020-11-03,141.4214
N,E,2020-11-04,141.6283
N,E,2020-11-05,141.4214
N,E,2020-11-06,141.7839
N,E,2020-11-09,141.7061
N,E,2020-11-10,140.0658
N,E,2020-11-11,139.9898
N,E,2020-11-12,140.3705
N,E,2020-11-13,140.1418
N,E,2020-11-16,140.345
N,E,2020-11-17,140.1418
N,E,2020-11-18,140.0405
N,E,2020-11-19,140.1672
N,E,2020-11-20,140.218
N,E,2020-11-23,140.0152
N,E,2020-11-24,139.9393
N,E,2020-11-25,139.4102
N,E,2020-11-26,140.0152
N,E,2020-11-27,140.1165
N,E,2020-11-30,139.9645
N,E,2020-12-01,139.5107
N,E,2020-12-02,139.5358
N,E,2020-12-03,139.8887
N,E,2020-12-04,139.6365
N,E,2020-12-07,140.218
N,E,2020-12-08,140.4468
N,E,2020-12-09,140.5743
N,E,2020-12-10,140.7531
N,E,2020-12-11,140.8555
N,E,2020-12-14,140.6764
N,E,2020-12-15,140.6509
N,E,2020-12-16,140.4723
N,E,2020-12-17,140.345
N,E,2020-12-18,139.712
N,E,2020-12-21,139.9645
N,E,2020-12-22,139.8887
N,E,2020-12-23,139.6868
N,E,2020-12-24,139.7877
N,E,2020-12-25,139.7625
N,E,2020-12-28,139.1097
N,E,2020-12-29,139.6868
N,E,2020-12-30,139.6113
N,E,2020-12-31,139.9645
N,E,2021-01-01,140.1926
N,E,2021-01-04,140.0658
N,E,2021-01-05,140.218
N,E,2021-01-06,140.0152
N,E,2021-01-07,139.7625
N,E,2021-01-08,139.712
N,E,2021-01-11,139.9645
N,E,2021-01-12,139.914
N,E,2021-01-13,140.0152
N,E,2021-01-14,140.3959
N,E,2021-01-15,140.5488
N,E,2021-01-18,140.8299
N,E,2021-01-19,140.6509
N,E,2021-01-20,140.5743
N,E,2021-01-21,140.5998
N,E,2021-01-22,140.5998
N,E,2021-01-25,140.5488
N,E,2021-01-26,140.4723
N,E,2021-01-27,140.6254
N,E,2021-01-28,140.5998
N,E,2021-01-29,140.5488
N,E,2021-02-01,139.9645
N,E,2021-02-02,140.0658
N,E,2021-02-03,140.1418
N,E,2021-02-04,140.0658
N,E,2021-02-05,140.0911
N,E,2021-02-08,139.7877
N,E,2021-02-09,139.9898
N,E,2021-02-10,140.1672
N,E,2021-02-11,140.2942
N,E,2021-02-12,140.1672
N,E,2021-02-15,140.1418
N,E,2021-02-16,140.2942
N,E,2021-02-17,140.218
N,E,2021-02-18,139.914
N,E,2021-02-19,139.6113
N,E,2021-02-22,139.0847
N,E,2021-02-23,138.463
N,E,2021-02-24,137.3335
N,E,2021-02-25,136.7998
N,E,2021-02-26,138.2406
N,E,2021-03-01,138.0189
N,E,2021-03-02,137.2848
N,E,2021-03-03,136.7032
N,E,2021-03-04,136.4623
N,E,2021-03-05,136.6309
N,E,2021-03-08,136.6791
N,E,2021-03-09,136.3182
N,E,2021-03-10,136.945
N,E,2021-03-11,136.8482
N,E,2021-03-12,136.4383
N,E,2021-03-15,136.655
N,E,2021-03-16,136.8724
N,E,2021-03-17,137.3092
N,E,2021-03-18,137.0662
N,E,2021-03-19,137.0177
N,E,2021-03-22,137.3092
N,E,2021-03-23,137.0904
N,E,2021-03-24,136.9208
N,E,2021-03-25,136.9934
N,E,2021-03-26,136.7032
N,E,2021-03-29,137.1876
N,E,2021-03-30,136.8724
N,E,2021-03-31,136.8724
N,E,2021-04-01,136.5345
N,E,2021-04-02,136.5827
N,E,2021-04-05,136.7515
N,E,2021-04-06,136.6791
N,E,2021-04-07,137.1147
N,E,2021-04-08,137.431
N,E,2021-04-09,137.6509
N,E,2021-04-12,137.7488
N,E,2021-04-13,137.6753
N,E,2021-04-14,137.6753
N,E,2021-04-15,137.0177
N,E,2021-04-16,137.5042
N,E,2021-04-19,137.6753
N,E,2021-04-20,137.2362
N,E,2021-04-21,137.431
N,E,2021-04-22,137.4798
N,E,2021-04-23,137.1876
N,E,2021-04-26,136.9208
N,E,2021-04-27,137.0177
N,E,2021-04-28,136.945
N,E,2021-04-29,137.3335
N,E,2021-04-30,137.6998
N,E,2021-05-03,137.7733
N,E,2021-05-04,137.9205
N,E,2021-05-05,137.9205
N,E,2021-05-06,138.1913
N,E,2021-05-07,138.1173
N,E,2021-05-10,138.2653
N,E,2021-05-11,138.0681
N,E,2021-05-12,138.0435
N,E,2021-05-13,138.2159
N,E,2021-05-14,138.4135
N,E,2021-05-17,138.2653
N,E,2021-05-18,138.1913
N,E,2021-05-19,137.7243
N,E,2021-05-20,137.8224
N,E,2021-05-21,138.142
N,E,2021-05-24,138.1666
N,E,2021-05-25,138.29
N,E,2021-05-26,138.2653
N,E,2021-05-27,138.3888
N,E,2021-05-28,138.29
N,E,2021-05-31,137.9943
N,E,2021-06-01,137.7978
N,E,2021-06-02,138.0927
N,E,2021-06-03,138.0435
N,E,2021-06-04,138.29
N,E,2021-06-07,138.463
N,E,2021-06-08,138.7111
N,E,2021-06-09,138.6614
N,E,2021-06-10,138.9101
N,E,2021-06-11,139.0098
N,E,2021-06-14,139.1597
N,E,2021-06-15,139.0847
N,E,2021-06-16,139.0598
N,E,2021-06-17,138.7608
N,E,2021-06-18,138.4135
N,E,2021-06-21,138.29
N,E,2021-06-22,138.3888
N,E,2021-06-23,138.1666
N,E,2021-06-24,138.0927
N,E,2021-06-25,138.3394
N,E,2021-06-28,138.1913
N,E,2021-06-29,138.1913
N,E,2021-06-30,138.0681
N,E,2021-07-01,137.9943
N,E,2021-07-02,138.29
N,E,2021-07-05,138.463
N,E,2021-07-06,138.4878
N,E,2021-07-07,138.7608
N,E,2021-07-08,139.6365
N,E,2021-07-09,139.8129
N,E,2021-07-12,139.561
N,E,2021-07-13,139.6113
N,E,2021-07-14,139.8634
N,E,2021-07-15,140.1418
N,E,2021-07-16,139.4353
N,E,2021-07-19,139.6868
N,E,2021-07-20,139.914
N,E,2021-07-21,139.6113
N,E,2021-07-22,139.914
N,E,2021-07-23,139.7625
N,E,2021-07-26,139.9898
N,E,2021-07-27,140.218
N,E,2021-07-28,140.218
N,E,2021-07-29,140.4723
N,E,2021-07-30,140.5998
N,E,2021-08-02,140.7531
N,E,2021-08-03,140.9324
N,E,2021-08-04,141.1379
N,E,2021-08-05,141.1894
N,E,2021-08-06,141.2409
N,E,2021-08-09,140.5743
N,E,2021-08-10,140.1926
N,E,2021-08-11,140.0152
N,E,2021-08-12,139.9393
N,E,2021-08-13,139.8129
N,E,2021-08-16,140.8043
N,E,2021-08-17,141.2151
N,E,2021-08-18,141.5248
N,E,2021-08-19,141.4731
N,E,2021-08-20,141.344
N,E,2021-08-23,141.2667
N,E,2021-08-24,141.4473
N,E,2021-08-25,141.1894
N,E,2021-08-26,140.4468
N,E,2021-08-27,140.3705
N,E,2021-08-30,140.218
N,E,2021-08-31,140.1418
N,E,2021-09-01,139.7372
N,E,2021-09-02,139.6616
N,E,2021-09-03,139.5358
N,E,2021-09-06,139.4102
N,E,2021-09-07,139.561
N,E,2021-09-08,139.2849
N,E,2021-09-09,139.2849
N,E,2021-09-10,139.6868
N,E,2021-09-13,139.4604
N,E,2021-09-14,139.0098
N,E,2021-09-15,139.5358
N,E,2021-09-16,139.2849
N,E,2021-09-17,138.6862
N,E,2021-09-20,138.8852
N,E,2021-09-21,139.4604
N,E,2021-09-22,139.9645
N,E,2021-09-23,139.8887
N,E,2021-09-24,139.6616
N,E,2021-09-27,139.5861
N,E,2021-09-28,139.7625
N,E,2021-09-29,139.712
N,E,2021-09-30,139.6868
N,E,2021-10-01,140.4214
N,E,2021-10-04,140.3959
N,E,2021-10-05,140.9838
N,E,2021-10-06,141.0094
N,E,2021-10-07,141.3182
N,E,2021-10-08,140.9324
N,E,2021-10-11,141.2924
N,E,2021-10-12,141.2151
N,E,2021-10-13,141.1894
N,E,2021-10-14,141.6802
N,E,2021-10-15,141.4473
N,E,2021-10-18,141.2151
N,E,2021-10-19,141.3182
N,E,2021-10-20,140.8812
N,E,2021-10-21,141.4731
N,E,2021-10-22,141.9138
N,E,2021-10-25,141.732
N,E,2021-10-26,141.6283
N,E,2021-10-27,142.2789
N,E,2021-10-28,142.2527
N,E,2021-10-29,142.567
N,E,2021-11-01,143.0938
N,E,2021-11-02,143.2262
N,E,2021-11-03,143.4118
N,E,2021-11-04,143.6779
N,E,2021-11-05,143.4118
N,E,2021-11-08,143.1732
N,E,2021-11-09,143.1203
N,E,2021-11-10,143.4118
N,E,2021-11-11,143.4915
N,E,2021-11-12,143.5713
N,E,2021-11-15,143.7579
N,E,2021-11-16,143.7846
N,E,2021-11-17,143.7312
N,E,2021-11-18,144.1861
N,E,2021-11-19,144.8062
N,E,2021-11-22,144.671
N,E,2021-11-23,144.3474
N,E,2021-11-24,144.4282
N,E,2021-11-25,144.563
N,E,2021-11-26,145.1591
N,E,2021-11-29,145.1591
N,E,2021-11-30,145.1591
N,E,2021-12-01,145.459
N,E,2021-12-02,145.268
N,E,2021-12-03,145.6505
N,E,2021-12-06,145.3225
N,E,2021-12-07,145.459
N,E,2021-12-08,145.2135
N,E,2021-12-09,145.1591
N,E,2021-12-10,145.3225
N,E,2021-12-13,145.3498
N,E,2021-12-14,145.5958
N,E,2021-12-15,145.4044
N,E,2021-12-16,144.9146
N,E,2021-12-17,145.5958
N,E,2021-12-20,145.5684
N,E,2021-12-21,145.6779
N,E,2021-12-22,145.2135
N,E,2021-12-23,145.3771
N,E,2021-12-24,145.6231
N,E,2021-12-27,145.6779
N,E,2021-12-28,145.87
N,E,2021-12-29,146.0901
N,E,2021-12-30,146.035
N,E,2021-12-31,146.5047
N,E,2022-01-03,146.3109
N,E,2022-01-04,146.0075
N,E,2022-01-05,146.2833
N,E,2022-01-06,145.8425
N,E,2022-01-07,145.3225
N,E,2022-01-10,145.1863
N,E,2022-01-11,144.2936
N,E,2022-01-12,144.3474
N,E,2022-01-13,144.698
N,E,2022-01-14,145.1319
N,E,2022-01-17,145.1319
N,E,2022-01-18,145.3498
N,E,2022-01-19,145.8425
N,E,2022-01-20,145.8151
N,E,2022-01-21,146.4216
N,E,2022-01-24,146.699
N,E,2022-01-25,145.98
N,E,2022-01-26,145.87
N,E,2022-01-27,145.8975
N,E,2022-01-28,146.1453
N,E,2022-01-31,145.459
N,E,2022-02-01,145.7602
N,E,2022-02-02,145.7876
N,E,2022-02-03,145.541
N,E,2022-02-04,143.465
N,E,2022-02-07,143.3853
N,E,2022-02-08,143.7846
N,E,2022-02-09,143.5447
N,E,2022-02-10,143.3322
N,E,2022-02-11,143.4118
N,E,2022-02-14,144.8875
N,E,2022-02-15,144.2936
N,E,2022-02-16,144.0253
N,E,2022-02-17,144.698
N,E,2022-02-18,144.698
N,E,2022-02-21,145.2408
N,E,2022-02-22,145.6779
N,E,2022-02-23,144.9689
N,E,2022-02-24,146.6434
N,E,2022-02-25,146.2833
N,E,2022-02-28,146.8659
N,E,2022-03-01,147.6218
N,E,2022-03-02,149.0423
N,E,2022-03-03,148.6418
N,E,2022-03-04,149.676
N,E,2022-03-07,150.9304
N,E,2022-03-08,149.8788
N,E,2022-03-09,148.8132
N,E,2022-03-10,148.0451
N,E,2022-03-11,148.2435
N,E,2022-03-14,147.819
N,E,2022-03-15,146.6434
N,E,2022-03-16,146.6434
N,E,2022-03-17,145.8425
N,E,2022-03-18,146.6156
N,E,2022-03-21,147.2289
N,E,2022-03-22,147.1729
N,E,2022-03-23,147.2569
N,E,2022-03-24,147.7062
N,E,2022-03-25,148.4993
N,E,2022-03-28,147.2009
N,E,2022-03-29,147.1729
N,E,2022-03-30,146.699
N,E,2022-03-31,147.117
N,E,2022-04-01,148.2718
N,E,2022-04-04,148.2435
N,E,2022-04-05,149.0997
N,E,2022-04-06,148.6989
N,E,2022-04-07,149.2434
N,E,2022-04-08,149.0423
N,E,2022-04-11,148.6133
N,E,2022-04-12,149.445
N,E,2022-04-13,150.024
N,E,2022-04-14,148.4993
N,E,2022-04-15,148.6418
N,E,2022-04-18,148.5848
N,E,2022-04-19,148.1584
N,E,2022-04-20,147.397
N,E,2022-04-21,146.2281
N,E,2022-04-22,146.7824
N,E,2022-04-25,147.0611
N,E,2022-04-26,147.7626
N,E,2022-04-27,148.13
N,E,2022-04-28,148.3002
N,E,2022-04-29,147.9885
N,E,2022-05-02,148.0451
N,E,2022-05-03,147.3689
N,E,2022-05-04,146.838
N,E,2022-05-05,146.0626
N,E,2022-05-06,145.7602
N,E,2022-05-09,145.1047
N,E,2022-05-10,144.2399
N,E,2022-05-11,145.0232
N,E,2022-05-12,145.541
N,E,2022-05-13,145.5137
N,E,2022-05-16,144.536
N,E,2022-05-17,144.9146
N,E,2022-05-18,144.536
N,E,2022-05-19,147.7908
N,E,2022-05-20,147.2009
N,E,2022-05-23,146.8659
N,E,2022-05-24,146.9495
N,E,2022-05-25,147.4531
N,E,2022-05-26,147.7626
N,E,2022-05-27,147.2569
N,E,2022-05-30,147.117
N,E,2022-05-31,146.8659
N,E,2022-06-01,146.9774
N,E,2022-06-02,147.5374
N,E,2022-06-03,146.9774
N,E,2022-06-06,146.6712
N,E,2022-06-07,145.3498
N,E,2022-06-08,144.8875
N,E,2022-06-09,144.4282
N,E,2022-06-10,145.7327
N,E,2022-06-13,145.8425
N,E,2022-06-14,146.3662
N,E,2022-06-15,144.7251
N,E,2022-06-16,148.5278
N,E,2022-06-17,149.1571
N,E,2022-06-20,149.071
N,E,2022-06-21,148.4424
N,E,2022-06-22,148.985
N,E,2022-06-23,149.1571
N,E,2022-06-24,149.676
N,E,2022-06-27,149.3873
N,E,2022-06-28,149.8788
N,E,2022-06-29,150.8716
N,E,2022-06-30,151.818
N,E,2022-07-01,151.1956
N,E,2022-07-04,151.1956
N,E,2022-07-05,152.3257
N,E,2022-07-06,152.5658
N,E,2022-07-07,152.9575
N,E,2022-07-08,153.2905
N,E,2022-07-11,152.8367
N,E,2022-07-12,153.6555
N,E,2022-07-13,154.2063
N,E,2022-07-14,153.5032
N,E,2022-07-15,154.0529
N,E,2022-07-18,153.412
N,E,2022-07-19,152.4756
N,E,2022-07-20,152.6861
N,E,2022-07-21,152.8367
N,E,2022-07-22,154.1142
N,E,2022-07-25,153.747
N,E,2022-07-26,153.9304
N,E,2022-07-27,155.382
N,E,2022-07-28,154.8228
N,E,2022-07-29,155.538
N,E,2022-08-01,155.538
N,E,2022-08-02,155.4444
N,E,2022-08-03,155.0088
N,E,2022-08-04,154.6991
N,E,2022-08-05,155.0398
N,E,2022-08-08,155.1019
N,E,2022-08-09,155.382
N,E,2022-08-10,155.7257
N,E,2022-08-11,155.9766
N,E,2022-08-12,156.2914
N,E,2022-08-15,156.9248
N,E,2022-08-16,157.5313
N,E,2022-08-17,156.5758
N,E,2022-08-18,156.2598
N,E,2022-08-19,156.8612
N,E,2022-08-22,157.6596
N,E,2022-08-23,157.7881
N,E,2022-08-24,158.2394
N,E,2022-08-25,157.3073
N,E,2022-08-26,157.1477
N,E,2022-08-29,157.2434
N,E,2022-08-30,155.7883
N,E,2022-08-31,155.3508
N,E,2022-09-01,154.6682
N,E,2022-09-02,154.9777
N,E,2022-09-05,155.4132
N,E,2022-09-06,155.1952
N,E,2022-09-07,155.5693
N,E,2022-09-08,155.3508
N,E,2022-09-09,156.6074
N,E,2022-09-12,155.7257
N,E,2022-09-13,156.8294
N,E,2022-09-14,157.7881
N,E,2022-09-15,157.7559
N,E,2022-09-16,157.7881
N,E,2022-09-19,157.0521
N,E,2022-09-20,156.6391
N,E,2022-09-21,158.531
N,E,2022-09-22,157.4672
N,E,2022-09-23,158.2394
N,E,2022-09-26,158.7585
N,E,2022-09-27,159.4121
N,E,2022-09-28,159.6092
N,E,2022-09-29,159.4449
N,E,2022-09-30,157.7238
N,E,2022-10-03,156.2598
N,E,2022-10-04,155.2885
N,E,2022-10-05,155.1641
N,E,2022-10-06,155.9138
N,E,2022-10-07,156.008
N,E,2022-10-10,156.7342
N,E,2022-10-11,156.0395
N,E,2022-10-12,156.7977
N,E,2022-10-13,156.1653
N,E,2022-10-14,155.2263
N,E,2022-10-17,155.1641
N,E,2022-10-18,154.6682
N,E,2022-10-19,154.2984
N,E,2022-10-20,153.8998
N,E,2022-10-21,153.7776
N,E,2022-10-24,153.8692
N,E,2022-10-25,153.2299
N,E,2022-10-26,152.9877
N,E,2022-10-27,152.4156
N,E,2022-10-28,153.0784
N,E,2022-10-31,152.3856
N,E,2022-11-01,153.5032
N,E,2022-11-02,153.4728
N,E,2022-11-03,153.412
N,E,2022-11-04,153.4728
N,E,2022-11-07,152.9273
N,E,2022-11-08,153.139
N,E,2022-11-09,152.8669
N,E,2022-11-10,153.9304
N,E,2022-11-11,153.7776
N,E,2022-11-14,155.2885
N,E,2022-11-15,155.0088
N,E,2022-11-16,154.4831
N,E,2022-11-17,154.2984
N,E,2022-11-18,153.4728
N,E,2022-11-21,154.3907
N,E,2022-11-22,154.3599
N,E,2022-11-23,154.237
N,E,2022-11-24,154.1756
N,E,2022-11-25,154.1756
N,E,2022-11-28,153.8081
N,E,2022-11-29,153.5337
N,E,2022-11-30,153.8692
N,E,2022-12-01,153.686
N,E,2022-12-02,153.8081
N,E,2022-12-05,153.5337
N,E,2022-12-06,153.0179
N,E,2022-12-07,153.5641
N,E,2022-12-08,153.139
N,E,2022-12-09,153.5641
N,E,2022-12-12,153.7776
N,E,2022-12-13,153.4728
N,E,2022-12-14,153.2602
N,E,2022-12-15,153.5641
N,E,2022-12-16,153.5337
N,E,2022-12-19,153.3209
N,E,2022-12-20,153.8081
N,E,2022-12-21,154.0529
N,E,2022-12-22,154.1142
N,E,2022-12-23,153.3209
N,E,2022-12-26,153.0784
N,E,2022-12-27,153.0482
N,E,2022-12-28,153.139
N,E,2022-12-29,153.9304
N,E,2022-12-30,153.961
N,E,2023-01-02,153.4424
N,E,2023-01-03,153.2905
N,E,2023-01-04,153.961
N,E,2023-01-05,153.8998
N,E,2023-01-06,153.3512
N,E,2023-01-09,153.5337
N,E,2023-01-10,153.2299
N,E,2023-01-11,152.7764
N,E,2023-01-12,151.1071
N,E,2023-01-13,150.4612
N,E,2023-01-16,151.3138
N,E,2023-01-17,151.6694
N,E,2023-01-18,152.656
N,E,2023-01-19,152.7162
N,E,2023-01-20,151.967
N,E,2023-01-23,151.2842
N,E,2023-01-24,151.2842
N,E,2023-01-25,150.8128
N,E,2023-01-26,151.1956
N,E,2023-01-27,151.1071
N,E,2023-01-30,151.1366
N,E,2023-01-31,150.901
N,E,2023-02-01,151.9074
N,E,2023-02-02,151.6991
N,E,2023-02-03,151.818
N,E,2023-02-06,152.3257
N,E,2023-02-07,152.6861
N,E,2023-02-08,153.412
N,E,2023-02-09,153.2299
N,E,2023-02-10,153.2905
N,E,2023-02-13,153.6555
N,E,2023-02-14,153.625
N,E,2023-02-15,153.1087
N,E,2023-02-16,153.4424
N,E,2023-02-17,152.7463
N,E,2023-02-20,153.5641
N,E,2023-02-21,153.686
N,E,2023-02-22,153.5337
N,E,2023-02-23,153.2905
N,E,2023-02-24,153.0784
N,E,2023-02-27,152.5357
N,E,2023-02-28,152.2957
N,E,2023-03-01,151.818
N,E,2023-03-02,151.4617
N,E,2023-03-03,152.2359
N,E,2023-03-06,152.5658
N,E,2023-03-07,152.3856
N,E,2023-03-08,152.5357
N,E,2023-03-09,153.0784
N,E,2023-03-10,153.8998
N,E,2023-03-13,155.382
N,E,2023-03-14,155.133
N,E,2023-03-15,154.4523
N,E,2023-03-16,153.8692
N,E,2023-03-17,153.6555
N,E,2023-03-20,152.7162
N,E,2023-03-21,152.0864
N,E,2023-03-22,152.3257
N,E,2023-03-23,151.9968
N,E,2023-03-24,153.8081
N,E,2023-03-27,153.5337
N,E,2023-03-28,152.7162
N,E,2023-03-29,152.0267
N,E,2023-03-30,152.0565
N,E,2023-03-31,151.818
N,E,2023-04-03,152.2359
N,E,2023-04-04,152.1461
N,E,2023-04-05,152.8971
N,E,2023-04-06,153.6555
N,E,2023-04-07,153.5032
N,E,2023-04-10,153.2905
N,E,2023-04-11,153.5946
N,E,2023-04-12,153.5641
N,E,2023-04-13,154.2984
N,E,2023-04-14,154.2063
N,E,2023-04-17,154.3292
N,E,2023-04-18,153.9304
N,E,2023-04-19,153.8998
N,E,2023-04-20,154.1142
N,E,2023-04-21,154.6373
N,E,2023-04-24,154.6682
N,E,2023-04-25,154.7919
N,E,2023-04-26,154.1449
N,E,2023-04-27,153.5641
N,E,2023-04-28,153.8692
N,E,2023-05-01,154.0835
N,E,2023-05-02,153.686
N,E,2023-05-03,154.5448
N,E,2023-05-04,154.5139
N,E,2023-05-05,154.0222
N,E,2023-05-08,154.4831
N,E,2023-05-09,154.6373
N,E,2023-05-10,155.2885
N,E,2023-05-11,154.9157
N,E,2023-05-12,155.6318
N,E,2023-05-15,155.382
N,E,2023-05-16,155.757
N,E,2023-05-17,155.3508
N,E,2023-05-18,155.538
N,E,2023-05-19,155.4756
N,E,2023-05-22,156.4493
N,E,2023-05-23,155.9138
N,E,2023-05-24,155.8197
N,E,2023-05-25,155.9452
N,E,2023-05-26,156.1653
N,E,2023-05-29,156.3861
N,E,2023-05-30,156.3861
N,E,2023-05-31,155.9452
N,E,2023-06-01,155.7328
N,E,2023-06-02,155.4626
N,E,2023-06-05,155.4786
N,E,2023-06-06,156.1969
N,E,2023-06-07,156.234
N,E,2023-06-08,155.402
N,E,2023-06-09,156.2888
N,E,2023-06-12,155.76
N,E,2023-06-13,154.9157
N,E,2023-06-14,155.0727
N,E,2023-06-15,154.8111
N,E,2023-06-16,155.2682
N,E,2023-06-19,154.9188
N,E,2023-06-20,154.3977
N,E,2023-06-21,154.5742
N,E,2023-06-22,154.1353
N,E,2023-06-23,155.0076
N,E,2023-06-26,155.3542
N,E,2023-06-27,154.7511
N,E,2023-06-28,154.5395
N,E,2023-06-29,154.7258
N,E,2023-06-30,155.0854
N,E,2023-07-03,154.7937
N,E,2023-07-04,155.1918
N,E,2023-07-05,154.8998
N,E,2023-07-06,155.3335
N,E,2023-07-07,155.4355
N,E,2023-07-10,155.3192
N,E,2023-07-11,156.1132
N,E,2023-07-12,156.4922
N,E,2023-07-13,157.2363
N,E,2023-07-14,157.2885
N,E,2023-07-17,156.8926
N,E,2023-07-18,156.8796
N,E,2023-07-19,157.0178
N,E,2023-07-20,157.5044
N,E,2023-07-21,157.1025
N,E,2023-07-24,157.6717
N,E,2023-07-25,157.6848
N,E,2023-07-26,158.5497
N,E,2023-07-27,158.8657
N,E,2023-07-28,158.6278
N,E,2023-07-31,157.67
N,E,2023-08-01,157.4455
N,E,2023-08-02,157.2216
N,E,2023-08-03,158.06
N,E,2023-08-04,157.7636
N,E,2023-08-07,157.5831
N,E,2023-08-08,157.7998
N,E,2023-08-09,157.6307
N,E,2023-08-10,157.4177
N,E,2023-08-11,157.0781
N,E,2023-08-14,157.7932
N,E,2023-08-15,158.2334
N,E,2023-08-16,157.8705
N,E,2023-08-17,158.4187
N,E,2023-08-18,158.3177
N,E,2023-08-21,158.0517
N,E,2023-08-22,158.1904
N,E,2023-08-23,158.9958
N,E,2023-08-24,158.568
N,E,2023-08-25,158.5514
N,E,2023-08-28,158.5979
N,E,2023-08-29,158.3425
N,E,2023-08-30,158.4917
N,E,2023-08-31,158.0682
N,E,2023-09-01,158.1689
N,E,2023-09-04,158.6377
N,E,2023-09-05,158.7175
N,E,2023-09-06,158.5862
N,E,2023-09-07,158.5431
N,E,2023-09-08,158.7209
N,E,2023-09-11,158.3723
N,E,2023-09-12,158.5381
N,E,2023-09-13,157.9973
N,E,2023-09-14,157.9429
N,E,2023-09-15,158.5779
N,E,2023-09-18,158.4668
N,E,2023-09-19,158.1425
N,E,2023-09-20,157.8162
N,E,2023-09-21,156.68
N,E,2023-09-22,157.0341
N,E,2023-09-25,156.6703
N,E,2023-09-26,156.6541
N,E,2023-09-27,156.4809
N,E,2023-09-28,156.7838
N,E,2023-09-29,156.9202
N,E,2023-10-02,157.2967
N,E,2023-10-03,157.013
N,E,2023-10-04,157.2118
N,E,2023-10-05,157.1025
N,E,2023-10-06,157.2787
N,E,2023-10-09,157.7948
N,E,2023-10-10,157.9726
N,E,2023-10-11,158.1409
N,E,2023-10-12,158.3756
N,E,2023-10-13,158.2929
N,E,2023-10-16,159.1879
N,E,2023-10-17,159.2549
N,E,2023-10-18,159.2013
N,E,2023-10-19,159.838
N,E,2023-10-20,160.4663
N,E,2023-10-23,160.039
N,E,2023-10-24,159.5283
N,E,2023-10-25,159.8802
N,E,2023-10-26,159.651
N,E,2023-10-27,159.2415
N,E,2023-10-30,158.4767
N,E,2023-10-31,157.4962
N,E,2023-11-01,157.8508
N,E,2023-11-02,157.882
N,E,2023-11-03,157.3212
N,E,2023-11-06,157.2706
N,E,2023-11-07,157.4848
N,E,2023-11-08,157.4618
N,E,2023-11-09,157.2085
N,E,2023-11-10,157.2199
N,E,2023-11-13,157.0651
N,E,2023-11-14,156.8
N,E,2023-11-15,156.9788
N,E,2023-11-16,156.9609
N,E,2023-11-17,157.2085
N,E,2023-11-20,156.8812
N,E,2023-11-21,156.5246
N,E,2023-11-22,157.0863
N,E,2023-11-23,157.0944
N,E,2023-11-24,157.096
N,E,2023-11-27,156.9463
N,E,2023-11-28,157.1433
N,E,2023-11-29,157.4406
N,E,2023-11-30,158.4734
N,E,2023-12-01,159.0659
N,E,2023-12-04,159.6477
N,E,2023-12-05,160.0627
N,E,2023-12-06,160.5343
N,E,2023-12-07,160.889
N,E,2023-12-08,160.5854
N,E,2023-12-11,160.0695
N,E,2023-12-12,159.8246
N,E,2023-12-13,160.2625
N,E,2023-12-14,159.4376
N,E,2023-12-15,159.4762
N,E,2023-12-18,159.683
N,E,2023-12-19,159.8127
N,E,2023-12-20,160.3508
N,E,2023-12-21,160.5565
N,E,2023-12-22,160.8753
N,E,2023-12-25,160.8725
N,E,2023-12-26,160.8697
N,E,2023-12-27,160.8668
N,E,2023-12-28,162.9768
N,E,2023-12-29,163.1998
N,E,2024-01-01,163.0178
N,E,2024-01-02,162.836
N,E,2024-01-03,162.6548
N,E,2024-01-04,162.5867
N,E,2024-01-05,162.7072
N,E,2024-01-08,162.7649
N,E,2024-01-09,162.8944
N,E,2024-01-10,162.3723
N,E,2024-01-11,162.3532
N,E,2024-01-12,161.8258
N,E,2024-01-15,162.0492
N,E,2024-01-16,161.6687
N,E,2024-01-17,161.5635
N,E,2024-01-18,160.9899
N,E,2024-01-19,160.2473
N,E,2024-01-22,160.1744
N,E,2024-01-23,160.2473
N,E,2024-01-24,160.5667
N,E,2024-01-25,160.9779
N,E,2024-01-26,161.4601
N,E,2024-01-29,162.3393
N,E,2024-01-30,162.0787
N,E,2024-01-31,162.1811
N,E,2024-02-01,162.557
N,E,2024-02-02,162.4071
N,E,2024-02-05,161.8345
N,E,2024-02-06,161.8328
N,E,2024-02-07,161.4274
N,E,2024-02-08,160.9369
N,E,2024-02-09,160.628
N,E,2024-02-12,160.6637
N,E,2024-02-13,159.8988
N,E,2024-02-14,159.535
N,E,2024-02-15,159.7858
N,E,2024-02-16,159.6544
N,E,2024-02-19,159.5535
N,E,2024-02-20,159.106
N,E,2024-02-21,159.2565
N,E,2024-02-22,159.1043
N,E,2024-02-23,158.7974
N,E,2024-02-26,158.7891
N,E,2024-02-27,158.666
N,E,2024-02-28,159.1093
N,E,2024-02-29,158.9774
N,E,2024-03-01,158.1986
N,E,2024-03-04,158.1821
N,E,2024-03-05,157.5815
N,E,2024-03-06,157.4357
N,E,2024-03-07,157.7341
N,E,2024-03-08,158.0155
N,E,2024-03-11,158.0122
N,E,2024-03-12,158.1739
N,E,2024-03-13,157.7899
N,E,2024-03-14,157.3653
N,E,2024-03-15,157.403
N,E,2024-03-18,157.1922
N,E,2024-03-19,157.4079
N,E,2024-03-20,156.8228
N,E,2024-03-21,155.2046
N,E,2024-03-22,155.5073
N,E,2024-03-25,155.9252
N,E,2024-03-26,154.8792
N,E,2024-03-27,154.5237
N,E,2024-03-28,155.106
N,E,2024-03-29,155.1855
N,E,2024-04-01,155.265
N,E,2024-04-02,155.3446
N,E,2024-04-03,154.7764
N,E,2024-04-04,153.9457
N,E,2024-04-05,154.6973
N,E,2024-04-08,154.5174
N,E,2024-04-09,154.2232
N,E,2024-04-10,154.3238
N,E,2024-04-11,154.319
N,E,2024-04-12,155.4882
N,E,2024-04-15,155.7328
N,E,2024-04-16,156.1808
N,E,2024-04-17,156.4357
N,E,2024-04-18,156.118
N,E,2024-04-19,156.6104
N,E,2024-04-22,156.0505
N,E,2024-04-23,155.6703
N,E,2024-04-24,155.0695
N,E,2024-04-25,154.7194
N,E,2024-04-26,154.7179
N,E,2024-04-29,155.1807
N,E,2024-04-30,154.9981
N,E,2024-05-01,155.0028
N,E,2024-05-02,155.0076
N,E,2024-05-03,155.3255
N,E,2024-05-06,155.4866
N,E,2024-05-07,155.0028
N,E,2024-05-08,155.1918
N,E,2024-05-09,155.1076
N,E,2024-05-10,155.0235
N,E,2024-05-13,154.9315
N,E,2024-05-14,154.7511
N,E,2024-05-15,154.5206
N,E,2024-05-16,154.4213
N,E,2024-05-17,153.6584
N,E,2024-05-20,153.421
N,E,2024-05-21,153.1844
N,E,2024-05-22,152.9338
N,E,2024-05-23,152.7857
N,E,2024-05-24,152.9385
N,E,2024-05-27,152.6641
N,E,2024-05-28,152.7873
N,E,2024-05-29,153.1317
N,E,2024-05-30,154.3709
N,E,2024-05-31,154.2986
N,E,2024-06-03,154.7906
N,E,2024-06-04,155.5313
N,E,2024-06-05,156.0569
N,E,2024-06-06,156.0826
N,E,2024-06-07,156.4098
N,E,2024-06-10,156.9886
N,E,2024-06-11,157.1319
N,E,2024-06-12,157.1873
N,E,2024-06-13,156.5326
N,E,2024-06-14,158.7774
N,E,2024-06-17,158.6444
N,E,2024-06-18,158.9557
N,E,2024-06-19,159.4796
N,E,2024-06-20,158.8707
N,E,2024-06-21,158.8374
N,E,2024-06-24,158.1507
N,E,2024-06-25,157.9265
N,E,2024-06-26,157.8952
N,E,2024-06-27,157.8573
N,E,2024-06-28,157.3801
N,E,2024-07-01,156.2549
N,E,2024-07-02,156.2485
N,E,2024-07-03,155.784
N,E,2024-07-04,155.5744
N,E,2024-07-05,155.6975
N,E,2024-07-08,156.0473
N,E,2024-07-09,155.7392
N,E,2024-07-10,156.0794
N,E,2024-07-11,155.4355
N,E,2024-07-12,155.3032
N,E,2024-07-15,155.3032
N,E,2024-07-16,155.2252
N,E,2024-07-17,156.0119
N,E,2024-07-18,156.6752
N,E,2024-07-19,156.7189
N,E,2024-07-22,156.6865
N,E,2024-07-23,156.4276
N,E,2024-07-24,157.2102
N,E,2024-07-25,158.5514
N,E,2024-07-26,157.994
N,E,2024-07-29,157.9578
N,E,2024-07-30,157.9298
N,E,2024-07-31,158.7991
N,E,2024-08-01,159.7327
N,E,2024-08-02,160.6774
N,E,2024-08-05,162.6985
N,E,2024-08-06,162.195
N,E,2024-08-07,161.579
N,E,2024-08-08,161.3122
N,E,2024-08-09,160.3321
N,E,2024-08-12,159.7049
N,E,2024-08-13,159.8684
N,E,2024-08-14,159.3672
N,E,2024-08-15,158.8957
N,E,2024-08-16,158.7991
N,E,2024-08-19,158.7092
N,E,2024-08-20,158.9624
N,E,2024-08-21,159.3152
N,E,2024-08-22,159.6931
N,E,2024-08-23,159.8414
N,E,2024-08-26,160.1676
N,E,2024-08-27,159.9984
N,E,2024-08-28,161.2281
N,E,2024-08-29,161.7947
N,E,2024-08-30,161.1235
N,E,2024-09-02,161.0464
N,E,2024-09-03,160.7644
N,E,2024-09-04,161.5014
N,E,2024-09-05,161.3036
N,E,2024-09-06,162.0093
N,E,2024-09-09,161.5979
N,E,2024-09-10,161.793
N,E,2024-09-11,162.1932
N,E,2024-09-12,160.9523
N,E,2024-09-13,160.9677
N,E,2024-09-16,161.2504
N,E,2024-09-17,161.1561
N,E,2024-09-18,161.2831
N,E,2024-09-19,160.3966
N,E,2024-09-20,160.0796
N,E,2024-09-23,160.4374
N,E,2024-09-24,160.3253
N,E,2024-09-25,159.9866
N,E,2024-09-26,160.0103
N,E,2024-09-27,160.8429
N,E,2024-09-30,160.3083
N,E,2024-10-01,161.0121
N,E,2024-10-02,161.629
N,E,2024-10-03,161.2745
N,E,2024-10-04,161.3036
N,E,2024-10-07,160.8753
N,E,2024-10-08,161.2487
N,E,2024-10-09,161.2212
N,E,2024-10-10,160.9796
N,E,2024-10-11,161.5893
N,E,2024-10-14,161.2041
N,E,2024-10-15,161.1166
N,E,2024-10-16,161.3999
N,E,2024-10-17,161.3328
N,E,2024-10-18,161.3328
N,E,2024-10-21,161.3071
N,E,2024-10-22,161.6014
N,E,2024-10-23,161.9989
N,E,2024-10-24,161.9747
N,E,2024-10-25,161.4636
N,E,2024-10-28,161.5083
N,E,2024-10-29,161.6635
N,E,2024-10-30,161.1801
N,E,2024-10-31,161.0926
N,E,2024-11-01,160.7029
N,E,2024-11-04,160.9677
N,E,2024-11-05,161.3191
N,E,2024-11-06,161.0858
N,E,2024-11-07,160.8463
N,E,2024-11-08,161.2212
N,E,2024-11-11,161.4567
N,E,2024-11-12,161.5049
N,E,2024-11-13,161.4705
N,E,2024-11-14,161.8708
N,E,2024-11-15,161.4395
N,E,2024-11-18,161.8137
N,E,2024-11-19,162.4873
N,E,2024-11-20,162.0301
N,E,2024-11-21,162.954
N,E,2024-11-22,163.6954
N,E,2024-11-25,162.4071
N,E,2024-11-26,162.7194
N,E,2024-11-27,163.1471
N,E,2024-11-28,162.55
N,E,2024-11-29,162.8104
N,E,2024-12-02,162.5849
N,E,2024-12-03,162.6496
N,E,2024-12-04,162.564
N,E,2024-12-05,162.571
N,E,2024-12-06,162.9207
N,E,2024-12-09,162.9698
N,E,2024-12-10,163.3776
N,E,2024-12-11,163.0997
N,E,2024-12-12,162.5047
N,E,2024-12-13,161.5342
N,E,2024-12-16,161.9158
N,E,2024-12-17,160.9831
N,E,2024-12-18,161.4842
N,E,2024-12-19,162.301
N,E,2024-12-20,162.9225
N,E,2024-12-23,162.4873
N,E,2024-12-24,161.7947
N,E,2024-12-25,161.7256
N,E,2024-12-26,161.6566
N,E,2024-12-27,161.5876
N,E,2024-12-30,160.9232
N,E,2024-12-31,160.8155
N,E,2025-01-01,161.1709
N,E,2025-01-02,161.5279
N,E,2025-01-03,161.8864
N,E,2025-01-06,161.436
N,E,2025-01-07,160.6365
N,E,2025-01-08,160.9796
N,E,2025-01-09,161.235
N,E,2025-01-10,160.9796
N,E,2025-01-13,162.0526
N,E,2025-01-14,161.1972
N,E,2025-01-15,161.1132
N,E,2025-01-16,161.6186
N,E,2025-01-17,161.4309
N,E,2025-01-20,160.8309
N,E,2025-01-21,160.6535
N,E,2025-01-22,160.366
N,E,2025-01-23,160.3355
N,E,2025-01-24,159.6258
N,E,2025-01-27,160.1964
N,E,2025-01-28,160.2524
N,E,2025-01-29,160.6518
N,E,2025-01-30,160.3474
N,E,2025-01-31,160.1727
N,E,2025-02-03,161.3879
N,E,2025-02-04,161.0464
N,E,2025-02-05,161.3105
N,E,2025-02-06,161.5118
N,E,2025-02-07,160.8907
N,E,2025-02-10,161.1526
N,E,2025-02-11,160.9865
N,E,2025-02-12,160.3966
N,E,2025-02-13,160.061
N,E,2025-02-14,160.2473
N,E,2025-02-17,160.6041
N,E,2025-02-18,160.778
N,E,2025-02-19,160.5377
N,E,2025-02-20,160.8788
N,E,2025-02-21,160.9488
N,E,2025-02-24,160.8668
N,E,2025-02-25,161.369
N,E,2025-02-26,161.2727
N,E,2025-02-27,160.954
N,E,2025-02-28,161.5411
N,E,2025-03-03,161.2333
N,E,2025-03-04,161.6307
N,E,2025-03-05,159.5821
N,E,2025-03-06,158.2929
N,E,2025-03-07,158.6826
N,E,2025-03-10,159.1327
N,E,2025-03-11,157.5028
N,E,2025-03-12,157.0178
N,E,2025-03-13,157.8277
N,E,2025-03-14,157.7735
N,E,2025-03-17,157.4455
N,E,2025-03-18,157.2575
N,E,2025-03-19,158.1689
N,E,2025-03-20,158.2416
N,E,2025-03-21,158.3922
N,E,2025-03-24,158.4303
N,E,2025-03-25,158.7042
N,E,2025-03-26,158.7425
N,E,2025-03-27,159.0358
N,E,2025-03-28,159.2833
N,E,2025-03-31,158.8457
N,E,2025-04-01,158.6793
N,E,2025-04-02,158.5912
N,E,2025-04-03,158.8673
N,E,2025-04-04,160.9591
N,E,2025-04-07,161.7999
N,E,2025-04-08,161.1492
N,E,2025-04-09,162.919
N,E,2025-04-10,162.1064
N,E,2025-04-11,163.0084
N,E,2025-04-14,162.8506
N,E,2025-04-15,163.8672
N,E,2025-04-16,163.0259
N,E,2025-04-17,162.9996
N,E,2025-04-18,162.8291
N,E,2025-04-21,162.6588
N,E,2025-04-22,162.489
N,E,2025-04-23,161.5824
N,E,2025-04-24,160.9762
N,E,2025-04-25,160.6501
N,E,2025-04-28,160.7166
N,E,2025-04-29,161.2384
N,E,2025-04-30,161.3397
N,E,2025-05-01,161.5514
N,E,2025-05-02,161.7636
N,E,2025-05-05,162.0873
N,E,2025-05-06,162.2871
N,E,2025-05-07,161.4963
N,E,2025-05-08,162.3027
N,E,2025-05-09,162.07
N,E,2025-05-12,161.5497
N,E,2025-05-13,162.2557
N,E,2025-05-14,161.247
N,E,2025-05-15,161.4911
N,E,2025-05-16,161.8916
N,E,2025-05-19,161.467
N,E,2025-05-20,161.7394
N,E,2025-05-21,162.0561
N,E,2025-05-22,162.1776
N,E,2025-05-23,161.5859
N,E,2025-05-26,161.9262
N,E,2025-05-27,161.7792
N,E,2025-05-28,161.7325
N,E,2025-05-29,162.0137
N,E,2025-05-30,162.2957
N,E,2025-06-02,162.1793
N,E,2025-06-03,162.0873
N,E,2025-06-04,161.5996
N,E,2025-06-05,161.7654
N,E,2025-06-06,161.4309
N,E,2025-06-09,161.5669
N,E,2025-06-10,161.7032
N,E,2025-06-11,161.1766
N,E,2025-06-12,161.0498
N,E,2025-06-13,161.6738
N,E,2025-06-16,161.0806
N,E,2025-06-17,161.3294
N,E,2025-06-18,161.1561
N,E,2025-06-19,161.6963
N,E,2025-06-20,161.0806
N,E,2025-06-23,161.2504
N,E,2025-06-24,161.0258
N,E,2025-06-25,161.9816
N,E,2025-06-26,161.5221
N,E,2025-06-27,161.992
N,E,2025-06-30,161.9141
N,E,2025-07-01,162.4838
N,E,2025-07-02,162.3114
N,E,2025-07-03,162.1047
N,E,2025-07-04,162.1272
N,E,2025-07-07,162.0423
N,E,2025-07-08,161.8466
N,E,2025-07-09,162.3914
N,E,2025-07-10,162.4298
N,E,2025-07-11,162.6129
N,E,2025-07-14,162.674
N,E,2025-07-15,162.8419
N,E,2025-07-16,162.6146
N,E,2025-07-17,162.5152
N,E,2025-07-18,162.2714
N,E,2025-07-21,162.5657
N,E,2025-07-22,162.4367
N,E,2025-07-23,162.8717
N,E,2025-07-24,162.2593
N,E,2025-07-25,162.0388
N,E,2025-07-28,162.301
N,E,2025-07-29,162.6094
N,E,2025-07-30,162.9435
N,E,2025-07-31,162.7719
N,E,2025-08-01,162.3836
N,E,2025-08-04,161.9972
N,E,2025-08-05,161.8898
N,E,2025-08-06,161.774
N,E,2025-08-07,160.8429
N,E,2025-08-08,160.9591
N,E,2025-08-11,160.7575
N,E,2025-08-12,160.9916
N,E,2025-08-13,160.93
N,E,2025-08-14,160.889
N,E,2025-08-15,161.0327
N,E,2025-08-18,160.6109
N,E,2025-08-19,160.9557
N,E,2025-08-20,161.0961
N,E,2025-08-21,161.3827
N,E,2025-08-22,161.3483
N,E,2025-08-25,161.3776
N,E,2025-08-26,161.6238
N,E,2025-08-27,162.0943
N,E,2025-08-28,162.3828
N,E,2025-08-29,162.0249
N,E,2025-09-01,161.6014
N,E,2025-09-02,161.7049
N,E,2025-09-03,161.5928
N,E,2025-09-04,161.5376
N,E,2025-09-05,161.3844
N,E,2025-09-08,162.2453
N,E,2025-09-09,162.3897
N,E,2025-09-10,162.3079
N,E,2025-09-11,162.0596
N,E,2025-09-12,162.1134
N,E,2025-09-15,162.0873
N,E,2025-09-16,162.1047
N,E,2025-09-17,162.4803
N,E,2025-09-18,162.2801
N,E,2025-09-19,161.9331
N,E,2025-09-22,162.129
N,E,2025-09-23,162.0631
N,E,2025-09-24,162.0665
N,E,2025-09-25,162.0579
N,E,2025-09-26,162.2332
N,E,2025-09-29,162.301
N,E,2025-09-30,161.8379
N,E,2025-10-01,162.0163
N,E,2025-10-02,161.8258
N,E,2025-10-03,162.0388
N,E,2025-10-06,162.5483
N,E,2025-10-07,162.7597
N,E,2025-10-08,162.7666
N,E,2025-10-09,162.6286
N,E,2025-10-10,162.4559
N,E,2025-10-13,162.5937
N,E,2025-10-14,163.1295
N,E,2025-10-15,162.8034
N,E,2025-10-16,163.0891
N,E,2025-10-17,164.0643
N,E,2025-10-20,163.8566
N,E,2025-10-21,164.2208
N,E,2025-10-22,164.05
N,E,2025-10-23,163.8123
N,E,2025-10-24,163.9222
N,E,2025-10-27,163.5205
N,E,2025-10-28,163.7556
N,E,2025-10-29,163.4094
N,E,2025-10-30,163.2209
N,E,2025-10-31,163.2491
N,E,2025-11-03,162.9821
N,E,2025-11-04,162.8489
N,E,2025-11-05,162.7019
N,E,2025-11-06,162.6059
N,E,2025-11-07,162.4193
N,E,2025-11-10,162.4542
N,E,2025-11-11,163.0435
N,E,2025-11-12,163.7857
N,E,2025-11-13,163.8974
N,E,2025-11-14,164.5116
N,E,2025-11-17,164.358
N,E,2025-11-18,164.1372
N,E,2025-11-19,163.3371
N,E,2025-11-20,163.1067
N,E,2025-11-21,163.1401
N,E,2025-11-24,162.7421
N,E,2025-11-25,162.2366
N,E,2025-11-26,162.2923
N,E,2025-11-27,162.3828
N,E,2025-11-28,162.3357
N,E,2025-12-01,162.334
N,E,2025-12-02,162.2088
N,E,2025-12-03,162.2262
N,E,2025-12-04,162.1724
N,E,2025-12-05,161.8794
N,E,2025-12-08,161.6669
N,E,2025-12-09,161.3501
N,E,2025-12-10,161.6462
N,E,2025-12-11,162.1585
N,E,2025-12-12,162.4211
N,E,2025-12-15,162.018
N,E,2025-12-16,161.8656
N,E,2025-12-17,162.018
N,E,2025-12-18,162.1984
N,E,2025-12-19,162.6513
N,E,2025-12-22,162.7492
N,E,2025-12-23,162.9137
N,E,2025-12-24,163.2456
N,E,2025-12-25,163.211
N,E,2025-12-26,163.1764
N,E,2025-12-29,163.1418
N,E,2025-12-30,163.1699
N,E,2025-12-31,162.6722
N,E,2026-01-01,162.7206
N,E,2026-01-02,162.769
N,E,2026-01-05,162.8174
N,E,2026-01-06,163.1366
N,E,2026-01-07,162.8769
N,E,2026-01-08,162.6618
N,E,2026-01-09,162.5849
N,E,2026-01-12,162.6792
N,E,2026-01-13,162.6897
N,E,2026-01-14,162.1081
N,E,2026-01-15,162.6146
N,E,2026-01-16,162.6076
N,E,2026-01-19,163.1225
N,E,2026-01-20,163.4164
N,E,2026-01-21,163.228
N,E,2026-01-22,163.279
N,E,2026-01-23,163.1664
N,E,2026-01-26,164.5401
N,E,2026-01-27,164.2368
N,E,2026-01-28,164.7352
N,E,2026-01-29,165.0026
N,E,2026-01-30,165.2871
N,E,2026-02-02,164.8159
N,E,2026-02-03,164.9074
N,E,2026-02-04,165.1447
N,E,2026-02-05,165.1537
N,E,2026-02-06,165.0278
N,E,2026-02-09,165.2925
N,E,2026-02-10,166.0755
N,E,2026-02-11,165.999
N,E,2026-02-12,165.8826
N,E,2026-02-13,165.9045
N,E,2026-02-16,165.9172
N,E,2026-02-17,166.2267
N,E,2026-02-18,165.8772
N,E,2026-02-19,166.0755
N,E,2026-02-20,166.0045
N,E,2026-02-23,165.761
N,E,2026-02-24,166.0227
N,E,2026-02-25,166.0008
N,E,2026-02-26,165.8881
N,E,2026-02-27,166.1319
N,E,2026-03-02,167.2048
N,E,2026-03-03,166.0718
N,E,2026-03-04,166.5594
N,E,2026-03-05,167.2879
N,E,2026-03-06,167.3397
N,E,2026-03-09,168.1702
N,E,2026-03-10,167.6286
N,E,2026-03-11,167.818
N,E,2026-03-12,167.8719
N,E,2026-03-13,167.7381
N,E,2026-03-16,167.6026
N,E,2026-03-17,167.1661
N,E,2026-03-18,166.9725
N,E,2026-03-19,166.0809
N,E,2026-03-20,166.3692
N,E,2026-03-23,166.1538
N,E,2026-03-24,166.0536
N,E,2026-03-25,165.3033
N,E,2026-03-26,165.4279
N,E,2026-03-27,164.8984
N,E,2026-03-30,164.6725
N,E,2026-03-31,165.0799
N,E,2026-04-01,164.5598
N,E,2026-04-02,164.3598
N,E,2026-04-03,164.2351
N,E,2026-04-06,164.1105
N,E,2026-04-07,163.9861
N,E,2026-04-08,164.4062
N,E,2026-04-09,164.0607
N,E,2026-04-10,164.0376
N,E,2026-04-13,163.9755
N,E,2026-04-14,164.6886
N,E,2026-04-15,164.5276
N,E,2026-04-16,164.26
N,E,2026-04-17,164.1639
N,E,2026-04-20,164.6868
N,E,2026-04-21,164.9828
N,E,2026-04-22,165.215
N,E,2026-04-23,165.0601
N,E,2026-04-24,164.8015
N,E,2026-04-27,164.533
N,E,2026-04-28,164.0483
N,E,2026-04-29,163.9719
N,E,2026-04-30,164.2333
N,E,2026-05-01,164.6994
N,E,2026-05-04,165.1681
N,E,2026-05-05,165.4044
N,E,2026-05-06,165.3358
N,E,2026-05-07,165.4568
N,E,2026-05-08,165.4695
N,E,2026-05-11,165.3087
N,E,2026-05-12,165.1934
N,E,2026-05-13,165.4604
N,E,2026-05-14,165.5843
N,E,2026-05-15,165.7084
N,E,2026-05-18,165.7628
N,E,2026-05-19,165.5907
N,E,2026-05-20,165.3683
N,E,2026-05-21,165.6051
N,E,2026-05-22,166.0008
N,E,2026-05-25,165.9381
N,E,2026-05-26,165.8754
N,E,2026-05-27,165.4749
N,E,2026-05-28,165.2853
N,E,2026-05-29,166.0682
N,E,2026-06-01,165.9226
N,E,2026-06-02,165.5092
N,E,2026-06-03,165.2583
N,E,2026-06-04,164.9505
N,E,2026-06-05,165.1537
N,E,2026-06-08,164.911
N,E,2026-06-09,164.6493
N,E,2026-06-10,164.114
N,E,2026-06-11,164.1639
N,E,2026-06-12,164.4276
N,E,2026-06-15,164.5741
N,E,2026-06-16,164.2404
N,E,2026-06-17,164.8571
N,E,2026-06-18,164.3509
N,E,2026-06-19,163.9577
N,E,2026-06-22,163.7043
N,E,2026-06-23,163.9471
N,E,2026-06-24,164.383
N,E,2026-06-25,164.3224
N,E,2026-06-26,164.317
N,E,2026-06-29,164.2831
N,E,2026-06-30,164.2458
N,E,2026-07-01,164.1283
N,E,2026-07-02,164.8625
N,E,2026-07-03,164.8159
N,E,2026-07-06,164.6707
N,E,2026-07-07,164.358
N,E,2026-07-08,164.3028
N,E,2026-07-09,164.2546
N,E,2026-07-10,164.3206
N,E,2026-07-13,163.8619
N,E,2026-07-14,163.5046
N,E,2026-07-15,163.6583
N,E,2026-07-16,163.7114
N,E,2026-07-17,164.1496
N,E,2026-07-20,164.0732
N,E,2026-07-21,163.6671
N,E,2026-07-22,163.5081
N,E,2026-07-23,162.9049
N,E,2026-07-24,162.9558
N,E,2026-07-27,163.0066
N,E,2026-07-28,162.5536
N,E,2026-07-29,162.2697
N,E,2026-07-30,162.0995
N,E,2026-07-31,163.0172
N,E,2026-08-03,162.4786
N,E,2026-08-04,162.4559
N,E,2026-08-05,162.1342
N,E,2026-08-06,162.2575
N,E,2026-08-07,162.044
N,E,2026-08-10,162.1047
N,E,2026-08-11,161.876
N,E,2026-08-12,161.5307
N,E,2026-08-13,161.6894
N,E,2026-08-14,161.1132
N,E,2026-08-17,161.4016
N,E,2026-08-18,161.2298
N,E,2026-08-19,161.055
N,E,2026-08-20,162.2801
N,E,2026-08-21,161.8328
N,E,2026-08-24,161.8587
N,E,2026-08-25,161.7135
N,E,2026-08-26,161.4877
N,E,2026-08-27,161.3965
N,E,2026-08-28,161.7533
N,E,2026-08-31,161.5101
N,E,2026-09-01,161.2659
N,E,2026-09-02,160.5854
N,E,2026-09-03,161.2985
N,E,2026-09-04,161.1149
N,E,2026-09-07,161.0002
N,E,2026-09-08,160.6978
N,E,2026-09-09,160.8275
N,E,2026-09-10,160.6365
N,E,2026-09-11,160.3762
N,E,2026-09-14,160.2914
N,E,2026-09-15,160.616
N,E,2026-09-16,160.3067
N,E,2026-09-17,159.9663
N,E,2026-09-18,159.9934
N,E,2026-09-21,160.2558
N,E,2026-09-22,161.0601
N,E,2026-09-23,161.3226
N,E,2026-09-24,160.7644
N,E,2026-09-25,160.4357
N,E,2026-09-28,160.1846
N,E,2026-09-29,160.0441
N,E,2026-09-30,160.1456
N,G,2000-11-30,99.4046
N,G,2000-12-01,99.263
N,G,2000-12-04,99.2942
N,G,2000-12-05,99.64
N,G,2000-12-06,99.5473
N,G,2000-12-07,99.6157
N,G,2000-12-08,99.6114
N,G,2000-12-11,99.5999
N,G,2000-12-12,99.8741
N,G,2000-12-13,99.762200000000007
N,G,2000-12-14,99.9577
N,G,2000-12-15,100.4231
N,G,2000-12-18,100.375
N,G,2000-12-19,100.1854
N,G,2000-12-20,100.0376
N,G,2000-12-21,100.0566
N,G,2000-12-22,100.0075
N,G,2000-12-25,100.2408
N,G,2000-12-26,100.5207
N,G,2000-12-27,100.7475
N,G,2000-12-28,100.4574
N,G,2000-12-29,100.8232
N,G,2001-01-01,101.2466
N,G,2001-01-02,101.6037
N,G,2001-01-03,101.9587
N,G,2001-01-04,101.7169
N,G,2001-01-05,101.5061
N,G,2001-01-08,101.4444
N,G,2001-01-09,101.4314
N,G,2001-01-10,101.4499
N,G,2001-01-11,101.1852
N,G,2001-01-12,100.9861
N,G,2001-01-15,100.2489
N,G,2001-01-16,100.6046
N,G,2001-01-17,100.4245
N,G,2001-01-18,100.8636
N,G,2001-01-19,101.3848
N,G,2001-01-22,100.6383
N,G,2001-01-23,100.915
N,G,2001-01-24,100.7579
N,G,2001-01-25,100.4434
N,G,2001-01-26,100.7868
N,G,2001-01-29,100.6526
N,G,2001-01-30,100.8321
N,G,2001-01-31,100.7686
N,G,2001-02-01,100.8597
N,G,2001-02-02,100.6324
N,G,2001-02-05,100.3767
N,G,2001-02-06,100.3059
N,G,2001-02-07,100.0135
N,G,2001-02-08,100.3054
N,G,2001-02-09,100.1283
N,G,2001-02-12,100.2135
N,G,2001-02-13,100.086
N,G,2001-02-14,99.9458
N,G,2001-02-15,99.682
N,G,2001-02-16,99.4459
N,G,2001-02-19,99.8219
N,G,2001-02-20,99.5522
N,G,2001-02-21,99.6357
N,G,2001-02-22,99.9508
N,G,2001-02-23,100.1524
N,G,2001-02-26,99.8944
N,G,2001-02-27,100.0025
N,G,2001-02-28,100.1559
N,G,2001-03-01,100.2496
N,G,2001-03-02,100.7234
N,G,2001-03-05,100.5682
N,G,2001-03-06,100.5173
N,G,2001-03-07,100.7233
N,G,2001-03-08,100.5314
N,G,2001-03-09,100.3662
N,G,2001-03-12,100.4789
N,G,2001-03-13,100.3779
N,G,2001-03-14,99.9614
N,G,2001-03-15,99.9317
N,G,2001-03-16,99.4939
N,G,2001-03-19,99.8919
N,G,2001-03-20,100.2429
N,G,2001-03-21,99.9507
N,G,2001-03-22,99.9474
N,G,2001-03-23,99.8407
N,G,2001-03-26,99.7251
N,G,2001-03-27,99.6455
N,G,2001-03-28,99.6888
N,G,2001-03-29,99.6912
N,G,2001-03-30,99.9389
N,G,2001-04-02,99.822
N,G,2001-04-03,100.1817
N,G,2001-04-04,100.7571
N,G,2001-04-05,100.6369
N,G,2001-04-06,100.7215
N,G,2001-04-09,100.6884
N,G,2001-04-10,100.401
N,G,2001-04-11,100.2803
N,G,2001-04-12,100.5844
N,G,2001-04-13,100.4146
N,G,2001-04-16,100.2718
N,G,2001-04-17,100.0707
N,G,2001-04-18,99.8635
N,G,2001-04-19,99.563
N,G,2001-04-20,100.2295
N,G,2001-04-23,100.5023
N,G,2001-04-24,100.5316
N,G,2001-04-25,100.0422
N,G,2001-04-26,100.1108
N,G,2001-04-27,99.9573
N,G,2001-04-30,99.4679
N,G,2001-05-01,99.299
N,G,2001-05-02,99.1023
N,G,2001-05-03,99.2227
N,G,2001-05-04,99.1425
N,G,2001-05-07,99.0119
N,G,2001-05-08,98.928
N,G,2001-05-09,98.9703
N,G,2001-05-10,99.1065
N,G,2001-05-11,99.0215
N,G,2001-05-14,99.0267
N,G,2001-05-15,99.2258
N,G,2001-05-16,99.4882
N,G,2001-05-17,99.4134
N,G,2001-05-18,99.1315
N,G,2001-05-21,98.9984
N,G,2001-05-22,98.8871
N,G,2001-05-23,98.6561
N,G,2001-05-24,98.6423
N,G,2001-05-25,98.6318
N,G,2001-05-28,98.626
N,G,2001-05-29,98.4765
N,G,2001-05-30,98.5426
N,G,2001-05-31,98.4456
N,G,2001-06-01,98.469
N,G,2001-06-04,98.6289
N,G,2001-06-05,98.8207
N,G,2001-06-06,99.1184
N,G,2001-06-07,98.5606
N,G,2001-06-08,98.6892
N,G,2001-06-11,98.6539
N,G,2001-06-12,98.6725
N,G,2001-06-13,98.8298
N,G,2001-06-14,98.7418
N,G,2001-06-15,99.0509
N,G,2001-06-18,98.8362
N,G,2001-06-19,98.7097
N,G,2001-06-20,98.6682
N,G,2001-06-21,98.9326
N,G,2001-06-22,99.1121
N,G,2001-06-25,99.3666
N,G,2001-06-26,99.3961
N,G,2001-06-27,99.2577
N,G,2001-06-28,99.1421
N,G,2001-06-29,98.6576
N,G,2001-07-02,98.6609
N,G,2001-07-03,98.6293
N,G,2001-07-04,98.6339
N,G,2001-07-05,98.556
N,G,2001-07-06,98.5017
N,G,2001-07-09,98.9934
N,G,2001-07-10,99.0727
N,G,2001-07-11,99.7447
N,G,2001-07-12,99.5227
N,G,2001-07-13,99.8749
N,G,2001-07-16,100.0799
N,G,2001-07-17,99.9516
N,G,2001-07-18,100.6318
N,G,2001-07-19,101.2064
N,G,2001-07-20,100.9932
N,G,2001-07-23,100.9646
N,G,2001-07-24,100.9491
N,G,2001-07-25,101.1354
N,G,2001-07-26,101.008
N,G,2001-07-27,101.0069
N,G,2001-07-30,100.7973
N,G,2001-07-31,100.8377
N,G,2001-08-01,100.9833
N,G,2001-08-02,101.0978
N,G,2001-08-03,101.2295
N,G,2001-08-06,101.326
N,G,2001-08-07,101.2499
N,G,2001-08-08,101.2901
N,G,2001-08-09,101.7657
N,G,2001-08-10,101.7845
N,G,2001-08-13,101.4691
N,G,2001-08-14,101.508
N,G,2001-08-15,101.9027
N,G,2001-08-16,101.9293
N,G,2001-08-17,101.9107
N,G,2001-08-20,102.0595
N,G,2001-08-21,102.0393
N,G,2001-08-22,102.1181
N,G,2001-08-23,101.8544
N,G,2001-08-24,101.8816
N,G,2001-08-27,101.7515
N,G,2001-08-28,101.6835
N,G,2001-08-29,101.8323
N,G,2001-08-30,101.7943
N,G,2001-08-31,102.1125
N,G,2001-09-03,101.7923
N,G,2001-09-04,101.3151
N,G,2001-09-05,101.3626
N,G,2001-09-06,101.2625
N,G,2001-09-07,101.6061
N,G,2001-09-10,101.642
N,G,2001-09-11,101.7675
N,G,2001-09-12,102.4128
N,G,2001-09-13,102.6702
N,G,2001-09-14,103.1725
N,G,2001-09-17,104.8037
N,G,2001-09-18,104.7545
N,G,2001-09-19,105.0981
N,G,2001-09-20,105.4582
N,G,2001-09-21,107.1549
N,G,2001-09-24,106.5783
N,G,2001-09-25,106.5252
N,G,2001-09-26,105.8184
N,G,2001-09-27,105.0789
N,G,2001-09-28,105.093
N,G,2001-10-01,104.7964
N,G,2001-10-02,104.8918
N,G,2001-10-03,104.8082
N,G,2001-10-04,104.6006
N,G,2001-10-05,104.7084
N,G,2001-10-08,105.4423
N,G,2001-10-09,105.2271
N,G,2001-10-10,104.7222
N,G,2001-10-11,104.4018
N,G,2001-10-12,104.417
N,G,2001-10-15,104.7806
N,G,2001-10-16,104.6154
N,G,2001-10-17,104.3734
N,G,2001-10-18,104.6472
N,G,2001-10-19,104.5985
N,G,2001-10-22,104.5959
N,G,2001-10-23,103.978
N,G,2001-10-24,104.1668
N,G,2001-10-25,104.14
N,G,2001-10-26,104.6107
N,G,2001-10-29,104.7114
N,G,2001-10-30,105.1096
N,G,2001-10-31,105.3254
N,G,2001-11-01,105.1421
N,G,2001-11-02,104.9789
N,G,2001-11-05,104.7643
N,G,2001-11-06,104.5938
N,G,2001-11-07,104.8987
N,G,2001-11-08,104.7166
N,G,2001-11-09,104.6029
N,G,2001-11-12,104.9609
N,G,2001-11-13,104.454
N,G,2001-11-14,103.9772
N,G,2001-11-15,103.9862
N,G,2001-11-16,104.4564
N,G,2001-11-19,104.4858
N,G,2001-11-20,105.078
N,G,2001-11-21,105.0149
N,G,2001-11-22,104.973
N,G,2001-11-23,104.8686
N,G,2001-11-26,104.639
N,G,2001-11-27,104.5859
N,G,2001-11-28,105.2778
N,G,2001-11-29,105.0581
N,G,2001-11-30,104.4232
N,G,2001-12-03,104.453
N,G,2001-12-04,104.4169
N,G,2001-12-05,104.4642
N,G,2001-12-06,104.4359
N,G,2001-12-07,104.2986
N,G,2001-12-10,104.1149
N,G,2001-12-11,103.9507
N,G,2001-12-12,104.4014
N,G,2001-12-13,104.5821
N,G,2001-12-14,104.9104
N,G,2001-12-17,105.0901
N,G,2001-12-18,104.948
N,G,2001-12-19,104.8172
N,G,2001-12-20,105.4211
N,G,2001-12-21,105.4677
N,G,2001-12-24,104.8568
N,G,2001-12-25,104.4668
N,G,2001-12-26,104.0619
N,G,2001-12-27,103.7073
N,G,2001-12-28,103.7539
N,G,2001-12-31,103.9492
N,G,2002-01-01,104.0719
N,G,2002-01-02,104.274
N,G,2002-01-03,104.3788
N,G,2002-01-04,104.5657
N,G,2002-01-07,104.6494
N,G,2002-01-08,104.8993
N,G,2002-01-09,104.3832
N,G,2002-01-10,104.1419
N,G,2002-01-11,104.2211
N,G,2002-01-14,104.4503
N,G,2002-01-15,104.3132
N,G,2002-01-16,104.5961
N,G,2002-01-17,104.8909
N,G,2002-01-18,104.6755
N,G,2002-01-21,104.8014
N,G,2002-01-22,104.7901
N,G,2002-01-23,104.7462
N,G,2002-01-24,104.7565
N,G,2002-01-25,104.4822
N,G,2002-01-28,103.8064
N,G,2002-01-29,103.7587
N,G,2002-01-30,104.0124
N,G,2002-01-31,103.5424
N,G,2002-02-01,103.3075
N,G,2002-02-04,103.2725
N,G,2002-02-05,103.792
N,G,2002-02-06,103.9846
N,G,2002-02-07,104.1443
N,G,2002-02-08,104.3172
N,G,2002-02-11,104.0882
N,G,2002-02-12,104.1978
N,G,2002-02-13,103.829
N,G,2002-02-14,103.3827
N,G,2002-02-15,103.3013
N,G,2002-02-18,103.421
N,G,2002-02-19,103.4971
N,G,2002-02-20,103.8189
N,G,2002-02-21,103.5331
N,G,2002-02-22,103.6589
N,G,2002-02-25,103.9228
N,G,2002-02-26,103.8023
N,G,2002-02-27,103.5872
N,G,2002-02-28,103.6195
N,G,2002-03-01,103.7806
N,G,2002-03-04,103.3787
N,G,2002-03-05,103.6205
N,G,2002-03-06,103.7354
N,G,2002-03-07,104.1774
N,G,2002-03-08,104.3995
N,G,2002-03-11,104.1922
N,G,2002-03-12,104.2841
N,G,2002-03-13,104.4538
N,G,2002-03-14,104.943
N,G,2002-03-15,105.1809
N,G,2002-03-18,105.1157
N,G,2002-03-19,104.9183
N,G,2002-03-20,105.0488
N,G,2002-03-21,105.1123
N,G,2002-03-22,105.161
N,G,2002-03-25,105.1996
N,G,2002-03-26,105.2455
N,G,2002-03-27,104.7239
N,G,2002-03-28,104.5418
N,G,2002-03-29,104.6597
N,G,2002-04-01,104.8614
N,G,2002-04-02,104.9559
N,G,2002-04-03,105.1239
N,G,2002-04-04,105.1687
N,G,2002-04-05,104.8215
N,G,2002-04-08,104.7588
N,G,2002-04-09,104.6075
N,G,2002-04-10,104.718
N,G,2002-04-11,104.6269
N,G,2002-04-12,104.8504
N,G,2002-04-15,104.7938
N,G,2002-04-16,104.5619
N,G,2002-04-17,104.7353
N,G,2002-04-18,104.8999
N,G,2002-04-19,104.9791
N,G,2002-04-22,104.9978
N,G,2002-04-23,104.815
N,G,2002-04-24,105.1043
N,G,2002-04-25,105.3798
N,G,2002-04-26,105.4472
N,G,2002-04-29,105.6999
N,G,2002-04-30,105.8164
N,G,2002-05-01,106.2369
N,G,2002-05-02,106.5558
N,G,2002-05-03,106.5903
N,G,2002-05-06,106.804
N,G,2002-05-07,106.8927
N,G,2002-05-08,106.6871
N,G,2002-05-09,106.8616
N,G,2002-05-10,107.0165
N,G,2002-05-13,107.0486
N,G,2002-05-14,106.7166
N,G,2002-05-15,106.6045
N,G,2002-05-16,106.7663
N,G,2002-05-17,106.9033
N,G,2002-05-20,107.1405
N,G,2002-05-21,107.3762
N,G,2002-05-22,107.6107
N,G,2002-05-23,107.4721
N,G,2002-05-24,107.0006
N,G,2002-05-27,106.9522
N,G,2002-05-28,106.9194
N,G,2002-05-29,106.9334
N,G,2002-05-30,106.9214
N,G,2002-05-31,107.1264
N,G,2002-06-03,106.8847
N,G,2002-06-04,107.1539
N,G,2002-06-05,106.8067
N,G,2002-06-06,106.7853
N,G,2002-06-07,107.1189
N,G,2002-06-10,107.0746
N,G,2002-06-11,107.0236
N,G,2002-06-12,106.9081
N,G,2002-06-13,106.6491
N,G,2002-06-14,106.7735
N,G,2002-06-17,106.7966
N,G,2002-06-18,106.9347
N,G,2002-06-19,107.2001
N,G,2002-06-20,107.7243
N,G,2002-06-21,108.1371
N,G,2002-06-24,108.5453
N,G,2002-06-25,108.2407
N,G,2002-06-26,108.8594
N,G,2002-06-27,108.7375
N,G,2002-06-28,108.6374
N,G,2002-07-01,108.8518
N,G,2002-07-02,108.6799
N,G,2002-07-03,108.9906
N,G,2002-07-04,108.6677
N,G,2002-07-05,108.4528
N,G,2002-07-08,108.7865
N,G,2002-07-09,108.6176
N,G,2002-07-10,108.4859
N,G,2002-07-11,108.7004
N,G,2002-07-12,108.7929
N,G,2002-07-15,108.8583
N,G,2002-07-16,109.3111
N,G,2002-07-17,109.578
N,G,2002-07-18,109.6459
N,G,2002-07-19,109.8842
N,G,2002-07-22,110.2917
N,G,2002-07-23,109.7231
N,G,2002-07-24,109.9839
N,G,2002-07-25,110.5337
N,G,2002-07-26,110.7385
N,G,2002-07-29,109.9489
N,G,2002-07-30,109.5463
N,G,2002-07-31,109.5366
N,G,2002-08-01,109.9366
N,G,2002-08-02,110.3035
N,G,2002-08-05,109.7011
N,G,2002-08-06,109.3101
N,G,2002-08-07,109.0449
N,G,2002-08-08,108.7205
N,G,2002-08-09,108.8234
N,G,2002-08-12,109.1678
N,G,2002-08-13,108.927
N,G,2002-08-14,109.3846
N,G,2002-08-15,108.9044
N,G,2002-08-16,108.9569
N,G,2002-08-19,108.7343
N,G,2002-08-20,108.7287
N,G,2002-08-21,108.4992
N,G,2002-08-22,108.4975
N,G,2002-08-23,108.0012
N,G,2002-08-26,108.0816
N,G,2002-08-27,108.2953
N,G,2002-08-28,108.6242
N,G,2002-08-29,108.5269
N,G,2002-08-30,108.5805
N,G,2002-09-02,108.3966
N,G,2002-09-03,108.6683
N,G,2002-09-04,109.2838
N,G,2002-09-05,109.6653
N,G,2002-09-06,109.752
N,G,2002-09-09,109.1715
N,G,2002-09-10,108.9985
N,G,2002-09-11,108.9282
N,G,2002-09-12,108.588
N,G,2002-09-13,108.5776
N,G,2002-09-16,108.2729
N,G,2002-09-17,107.9827
N,G,2002-09-18,108.5351
N,G,2002-09-19,108.7492
N,G,2002-09-20,109.2989
N,G,2002-09-23,109.3018
N,G,2002-09-24,109.0943
N,G,2002-09-25,109.2968
N,G,2002-09-26,109.1821
N,G,2002-09-27,108.8931
N,G,2002-09-30,109.4236
N,G,2002-10-01,109.961
N,G,2002-10-02,109.463
N,G,2002-10-03,109.8965
N,G,2002-10-04,109.5745
N,G,2002-10-07,109.3874
N,G,2002-10-08,109.2253
N,G,2002-10-09,109.1703
N,G,2002-10-10,109.7235
N,G,2002-10-11,109.6983
N,G,2002-10-14,109.7808
N,G,2002-10-15,109.4202
N,G,2002-10-16,109.0063
N,G,2002-10-17,108.9195
N,G,2002-10-18,108.6368
N,G,2002-10-21,108.6225
N,G,2002-10-22,108.6348
N,G,2002-10-23,108.9884
N,G,2002-10-24,108.7608
N,G,2002-10-25,108.878
N,G,2002-10-28,108.8139
N,G,2002-10-29,109.2163
N,G,2002-10-30,109.3164
N,G,2002-10-31,109.5289
N,G,2002-11-01,109.69970000000001
N,G,2002-11-04,109.7662
N,G,2002-11-05,110.124
N,G,2002-11-06,109.7439
N,G,2002-11-07,109.9496
N,G,2002-11-08,110.1957
N,G,2002-11-11,110.1347
N,G,2002-11-12,110.1509
N,G,2002-11-13,110.1221
N,G,2002-11-14,109.839
N,G,2002-11-15,109.7127
N,G,2002-11-18,109.8496
N,G,2002-11-19,109.8058
N,G,2002-11-20,109.5361
N,G,2002-11-21,109.4406
N,G,2002-11-22,109.2273
N,G,2002-11-25,108.8373
N,G,2002-11-26,108.578
N,G,2002-11-27,108.6456
N,G,2002-11-28,108.5954
N,G,2002-11-29,108.6191
N,G,2002-12-02,108.5299
N,G,2002-12-03,109.034
N,G,2002-12-04,109.2663
N,G,2002-12-05,109.1677
N,G,2002-12-06,109.3959
N,G,2002-12-09,109.4346
N,G,2002-12-10,109.5513
N,G,2002-12-11,109.3648
N,G,2002-12-12,109.4649
N,G,2002-12-13,109.5862
N,G,2002-12-16,109.5176
N,G,2002-12-17,109.9865
N,G,2002-12-18,110.3443
N,G,2002-12-19,110.5827
N,G,2002-12-20,110.7498
N,G,2002-12-23,110.9425
N,G,2002-12-24,111.4509
N,G,2002-12-25,111.5796
N,G,2002-12-26,111.7281
N,G,2002-12-27,111.8911
N,G,2002-12-30,112.0021
N,G,2002-12-31,112.2908
N,G,2003-01-01,112.136
N,G,2003-01-02,111.9098
N,G,2003-01-03,111.7877
N,G,2003-01-06,111.9285
N,G,2003-01-07,111.5617
N,G,2003-01-08,111.6577
N,G,2003-01-09,111.8918
N,G,2003-01-10,111.7894
N,G,2003-01-13,111.914
N,G,2003-01-14,111.8435
N,G,2003-01-15,111.5606
N,G,2003-01-16,111.7768
N,G,2003-01-17,112.3326
N,G,2003-01-20,112.3594
N,G,2003-01-21,112.3064
N,G,2003-01-22,112.4854
N,G,2003-01-23,112.4359
N,G,2003-01-24,112.5046
N,G,2003-01-27,112.6123
N,G,2003-01-28,112.2216
N,G,2003-01-29,112.5358
N,G,2003-01-30,112.0151
N,G,2003-01-31,112.3089
N,G,2003-02-03,111.9922
N,G,2003-02-04,112.4482
N,G,2003-02-05,112.8027
N,G,2003-02-06,112.4273
N,G,2003-02-07,112.3811
N,G,2003-02-10,112.5285
N,G,2003-02-11,112.2359
N,G,2003-02-12,112.3817
N,G,2003-02-13,112.4505
N,G,2003-02-14,112.4511
N,G,2003-02-17,111.7894
N,G,2003-02-18,111.9833
N,G,2003-02-19,111.8862
N,G,2003-02-20,112.2169
N,G,2003-02-21,112.5673
N,G,2003-02-24,112.2952
N,G,2003-02-25,112.6161
N,G,2003-02-26,112.8113
N,G,2003-02-27,112.757
N,G,2003-02-28,112.6268
N,G,2003-03-03,113.0089
N,G,2003-03-04,113.4842
N,G,2003-03-05,113.739
N,G,2003-03-06,113.5667
N,G,2003-03-07,113.3976
N,G,2003-03-10,113.1589
N,G,2003-03-11,113.3835
N,G,2003-03-12,113.1795
N,G,2003-03-13,112.8181
N,G,2003-03-14,112.3508
N,G,2003-03-17,112.5926
N,G,2003-03-18,111.728
N,G,2003-03-19,111.7453
N,G,2003-03-20,111.7106
N,G,2003-03-21,111.3814
N,G,2003-03-24,111.6091
N,G,2003-03-25,111.9002
N,G,2003-03-26,111.5089
N,G,2003-03-27,111.4151
N,G,2003-03-28,111.7308
N,G,2003-03-31,112.1768
N,G,2003-04-01,112.2838
N,G,2003-04-02,111.61
N,G,2003-04-03,111.2371
N,G,2003-04-04,110.9781
N,G,2003-04-07,110.3882
N,G,2003-04-08,110.7483
N,G,2003-04-09,110.9401
N,G,2003-04-10,110.6659
N,G,2003-04-11,109.9825
N,G,2003-04-14,110.0818
N,G,2003-04-15,109.8548
N,G,2003-04-16,109.9088
N,G,2003-04-17,110.3843
N,G,2003-04-18,110.2402
N,G,2003-04-21,110.0744
N,G,2003-04-22,110.0147
N,G,2003-04-23,110.0713
N,G,2003-04-24,110.1976
N,G,2003-04-25,110.344
N,G,2003-04-28,110.3021
N,G,2003-04-29,109.9574
N,G,2003-04-30,109.9492
N,G,2003-05-01,110.1399
N,G,2003-05-02,110.2526
N,G,2003-05-05,110.1657
N,G,2003-05-06,110.2232
N,G,2003-05-07,110.4238
N,G,2003-05-08,111.1374
N,G,2003-05-09,111.2925
N,G,2003-05-12,111.2812
N,G,2003-05-13,110.9993
N,G,2003-05-14,110.8398
N,G,2003-05-15,110.8069
N,G,2003-05-16,111.0733
N,G,2003-05-19,111.4104
N,G,2003-05-20,111.4198
N,G,2003-05-21,111.791
N,G,2003-05-22,111.4276
N,G,2003-05-23,111.1357
N,G,2003-05-26,111.046
N,G,2003-05-27,111.0531
N,G,2003-05-28,111.2157
N,G,2003-05-29,111.0327
N,G,2003-05-30,110.7262
N,G,2003-06-02,110.5448
N,G,2003-06-03,110.2606
N,G,2003-06-04,109.9147
N,G,2003-06-05,109.538
N,G,2003-06-06,109.5714
N,G,2003-06-09,109.4751
N,G,2003-06-10,109.3554
N,G,2003-06-11,109.6258
N,G,2003-06-12,109.8398
N,G,2003-06-13,109.2757
N,G,2003-06-16,109.7617
N,G,2003-06-17,109.5984
N,G,2003-06-18,109.319
N,G,2003-06-19,108.6093
N,G,2003-06-20,108.8468
N,G,2003-06-23,109.2354
N,G,2003-06-24,109.4521
N,G,2003-06-25,109.5024
N,G,2003-06-26,108.8304
N,G,2003-06-27,108.1645
N,G,2003-06-30,107.7678
N,G,2003-07-01,107.8309
N,G,2003-07-02,108.0087
N,G,2003-07-03,107.7386
N,G,2003-07-04,107.8852
N,G,2003-07-07,107.4919
N,G,2003-07-08,107.1267
N,G,2003-07-09,108.0492
N,G,2003-07-10,107.8296
N,G,2003-07-11,107.5905
N,G,2003-07-14,107.0594
N,G,2003-07-15,107.2939
N,G,2003-07-16,107.2286
N,G,2003-07-17,108.2243
N,G,2003-07-18,108.3391
N,G,2003-07-21,108.5253
N,G,2003-07-22,108.3556
N,G,2003-07-23,108.4194
N,G,2003-07-24,108.3854
N,G,2003-07-25,108.3995
N,G,2003-07-28,108.3318
N,G,2003-07-29,108.3934
N,G,2003-07-30,108.044
N,G,2003-07-31,107.8545
N,G,2003-08-01,108.2605
N,G,2003-08-04,108.7268
N,G,2003-08-05,109.0299
N,G,2003-08-06,109.1468
N,G,2003-08-07,108.8135
N,G,2003-08-08,108.5208
N,G,2003-08-11,108.4611
N,G,2003-08-12,108.3296
N,G,2003-08-13,107.7991
N,G,2003-08-14,107.8082
N,G,2003-08-15,107.8823
N,G,2003-08-18,107.593
N,G,2003-08-19,107.1064
N,G,2003-08-20,107.2523
N,G,2003-08-21,107.1962
N,G,2003-08-22,106.8531
N,G,2003-08-25,106.8154
N,G,2003-08-26,106.8283
N,G,2003-08-27,107.229
N,G,2003-08-28,106.8288
N,G,2003-08-29,107.1164
N,G,2003-09-01,107.2519
N,G,2003-09-02,107.1115
N,G,2003-09-03,107.1633
N,G,2003-09-04,106.8133
N,G,2003-09-05,107.1522
N,G,2003-09-08,107.5581
N,G,2003-09-09,107.327
N,G,2003-09-10,107.2065
N,G,2003-09-11,107.1987
N,G,2003-09-12,106.9382
N,G,2003-09-15,106.9491
N,G,2003-09-16,106.7485
N,G,2003-09-17,106.8744
N,G,2003-09-18,106.8949
N,G,2003-09-19,106.6167
N,G,2003-09-22,107.2176
N,G,2003-09-23,107.4534
N,G,2003-09-24,107.2763
N,G,2003-09-25,107.4665
N,G,2003-09-26,108.007
N,G,2003-09-29,108.0534
N,G,2003-09-30,108.9036
N,G,2003-10-01,108.7122
N,G,2003-10-02,108.8241
N,G,2003-10-03,108.6109
N,G,2003-10-06,108.1068
N,G,2003-10-07,108.5619
N,G,2003-10-08,108.689
N,G,2003-10-09,108.5395
N,G,2003-10-10,108.3959
N,G,2003-10-13,108.2617
N,G,2003-10-14,108.1748
N,G,2003-10-15,108.4589
N,G,2003-10-16,107.9641
N,G,2003-10-17,107.9298
N,G,2003-10-20,108.0221
N,G,2003-10-21,107.8274
N,G,2003-10-22,108.0758
N,G,2003-10-23,108.8132
N,G,2003-10-24,108.6168
N,G,2003-10-27,108.5348
N,G,2003-10-28,108.2929
N,G,2003-10-29,107.8167
N,G,2003-10-30,107.7545
N,G,2003-10-31,107.9392
N,G,2003-11-03,107.5057
N,G,2003-11-04,106.7646
N,G,2003-11-05,106.2188
N,G,2003-11-06,106.2694
N,G,2003-11-07,106.0562
N,G,2003-11-10,105.9251
N,G,2003-11-11,106.2217
N,G,2003-11-12,106.6086
N,G,2003-11-13,106.6452
N,G,2003-11-14,107.0185
N,G,2003-11-17,107.7028
N,G,2003-11-18,107.9869
N,G,2003-11-19,108.791
N,G,2003-11-20,108.8168
N,G,2003-11-21,108.9998
N,G,2003-11-24,108.5703
N,G,2003-11-25,108.1611
N,G,2003-11-26,108.5577
N,G,2003-11-27,108.9426
N,G,2003-11-28,109.0243
N,G,2003-12-01,108.8685
N,G,2003-12-02,108.6399
N,G,2003-12-03,108.6725
N,G,2003-12-04,108.6452
N,G,2003-12-05,108.6725
N,G,2003-12-08,109.4891
N,G,2003-12-09,109.8568
N,G,2003-12-10,109.6645
N,G,2003-12-11,109.2202
N,G,2003-12-12,109.5264
N,G,2003-12-15,109.345
N,G,2003-12-16,109.5783
N,G,2003-12-17,109.6582
N,G,2003-12-18,109.7215
N,G,2003-12-19,109.7914
N,G,2003-12-22,109.7818
N,G,2003-12-23,109.4218
N,G,2003-12-24,109.4481
N,G,2003-12-25,109.4848
N,G,2003-12-26,109.495
N,G,2003-12-29,109.5626
N,G,2003-12-30,109.5581
N,G,2003-12-31,109.9661
N,G,2004-01-01,109.9178
N,G,2004-01-02,109.8745
N,G,2004-01-05,109.8311
N,G,2004-01-06,109.703
N,G,2004-01-07,109.2401
N,G,2004-01-08,109.0689
N,G,2004-01-09,109.5957
N,G,2004-01-12,109.8439
N,G,2004-01-13,109.7787
N,G,2004-01-14,109.7128
N,G,2004-01-15,109.5817
N,G,2004-01-16,108.8604
N,G,2004-01-19,108.3999
N,G,2004-01-20,108.6073
N,G,2004-01-21,109.1907
N,G,2004-01-22,109.2534
N,G,2004-01-23,109.4072
N,G,2004-01-26,109.1977
N,G,2004-01-27,108.7924
N,G,2004-01-28,109.0057
N,G,2004-01-29,108.9473
N,G,2004-01-30,108.9348
N,G,2004-02-02,108.6515
N,G,2004-02-03,108.9622
N,G,2004-02-04,108.8267
N,G,2004-02-05,108.8306
N,G,2004-02-06,109.0296
N,G,2004-02-09,109.3079
N,G,2004-02-10,109.3591
N,G,2004-02-11,108.9198
N,G,2004-02-12,108.7956
N,G,2004-02-13,108.5547
N,G,2004-02-16,108.6642
N,G,2004-02-17,109.0497
N,G,2004-02-18,109.1099
N,G,2004-02-19,108.6742
N,G,2004-02-20,108.4441
N,G,2004-02-23,108.2733
N,G,2004-02-24,108.418
N,G,2004-02-25,108.6289
N,G,2004-02-26,108.1982
N,G,2004-02-27,108.0112
N,G,2004-03-01,108.0437
N,G,2004-03-02,107.3772
N,G,2004-03-03,106.9657
N,G,2004-03-04,107.2605
N,G,2004-03-05,107.3969
N,G,2004-03-08,107.5171
N,G,2004-03-09,107.5353
N,G,2004-03-10,107.5837
N,G,2004-03-11,107.9784
N,G,2004-03-12,108.47
N,G,2004-03-15,108.4499
N,G,2004-03-16,108.4159
N,G,2004-03-17,108.0526
N,G,2004-03-18,108.5262
N,G,2004-03-19,108.9458
N,G,2004-03-22,108.8429
N,G,2004-03-23,109.3567
N,G,2004-03-24,108.9302
N,G,2004-03-25,108.9456
N,G,2004-03-26,108.3168
N,G,2004-03-29,108.0287
N,G,2004-03-30,108.1498
N,G,2004-03-31,108.2167
N,G,2004-04-01,108.3826
N,G,2004-04-02,108.0436
N,G,2004-04-05,107.2884
N,G,2004-04-06,107.2223
N,G,2004-04-07,107.8242
N,G,2004-04-08,108.2732
N,G,2004-04-09,108.2742
N,G,2004-04-12,108.268
N,G,2004-04-13,108.1821
N,G,2004-04-14,107.9996
N,G,2004-04-15,108.5557
N,G,2004-04-16,108.2211
N,G,2004-04-19,108.586
N,G,2004-04-20,108.0243
N,G,2004-04-21,107.6283
N,G,2004-04-22,107.9539
N,G,2004-04-23,107.5506
N,G,2004-04-26,107.5781
N,G,2004-04-27,108.2761
N,G,2004-04-28,108.4724
N,G,2004-04-29,108.5891
N,G,2004-04-30,108.6054
N,G,2004-05-03,108.516
N,G,2004-05-04,108.7124
N,G,2004-05-05,109.3986
N,G,2004-05-06,109.1489
N,G,2004-05-07,108.8776
N,G,2004-05-10,109.3393
N,G,2004-05-11,109.3715
N,G,2004-05-12,109.47
N,G,2004-05-13,109.7996
N,G,2004-05-14,109.54
N,G,2004-05-17,110.5257
N,G,2004-05-18,110.4016
N,G,2004-05-19,110.0074
N,G,2004-05-20,110.0677
N,G,2004-05-21,110.2293
N,G,2004-05-24,110.0734
N,G,2004-05-25,110.2423
N,G,2004-05-26,110.0325
N,G,2004-05-27,110.3007
N,G,2004-05-28,111.0446
N,G,2004-05-31,111.0346
N,G,2004-06-01,111.0702
N,G,2004-06-02,111.3283
N,G,2004-06-03,111.1249
N,G,2004-06-04,111.0051
N,G,2004-06-07,111.6107
N,G,2004-06-08,111.7452
N,G,2004-06-09,111.5585
N,G,2004-06-10,111.5723
N,G,2004-06-11,111.7604
N,G,2004-06-14,111.5175
N,G,2004-06-15,111.466
N,G,2004-06-16,111.0302
N,G,2004-06-17,111.4524
N,G,2004-06-18,111.6647
N,G,2004-06-21,112.0139
N,G,2004-06-22,111.779
N,G,2004-06-23,111.716
N,G,2004-06-24,112.0425
N,G,2004-06-25,111.6436
N,G,2004-06-28,111.2485
N,G,2004-06-29,110.7528
N,G,2004-06-30,110.7721
N,G,2004-07-01,111.0322
N,G,2004-07-02,111.4886
N,G,2004-07-05,111.8493
N,G,2004-07-06,111.7231
N,G,2004-07-07,111.9642
N,G,2004-07-08,111.9779
N,G,2004-07-09,111.8661
N,G,2004-07-12,112.0696
N,G,2004-07-13,111.6288
N,G,2004-07-14,111.4782
N,G,2004-07-15,111.3614
N,G,2004-07-16,111.4438
N,G,2004-07-19,111.4025
N,G,2004-07-20,111.3812
N,G,2004-07-21,110.7021
N,G,2004-07-22,110.6202
N,G,2004-07-23,110.7748
N,G,2004-07-26,110.4155
N,G,2004-07-27,110.2016
N,G,2004-07-28,109.9921
N,G,2004-07-29,109.8389
N,G,2004-07-30,109.6888
N,G,2004-08-02,110.0286
N,G,2004-08-03,109.7439
N,G,2004-08-04,109.4817
N,G,2004-08-05,109.7824
N,G,2004-08-06,109.8915
N,G,2004-08-09,110.2791
N,G,2004-08-10,110.3131
N,G,2004-08-11,110.0688
N,G,2004-08-12,110.3
N,G,2004-08-13,110.6653
N,G,2004-08-16,110.9797
N,G,2004-08-17,110.9882
N,G,2004-08-18,110.8128
N,G,2004-08-19,110.8219
N,G,2004-08-20,110.8577
N,G,2004-08-23,110.3076
N,G,2004-08-24,109.9358
N,G,2004-08-25,110.0375
N,G,2004-08-26,109.8604
N,G,2004-08-27,109.7059
N,G,2004-08-30,109.69970000000001
N,G,2004-08-31,109.701
N,G,2004-09-01,110.1363
N,G,2004-09-02,110.5344
N,G,2004-09-03,110.4403
N,G,2004-09-06,110.3049
N,G,2004-09-07,110.2984
N,G,2004-09-08,110.2065
N,G,2004-09-09,110.2198
N,G,2004-09-10,110.1202
N,G,2004-09-13,110.2365
N,G,2004-09-14,110.1155
N,G,2004-09-15,110.0664
N,G,2004-09-16,109.8027
N,G,2004-09-17,109.6392
N,G,2004-09-20,109.5521
N,G,2004-09-21,109.5885
N,G,2004-09-22,109.8646
N,G,2004-09-23,109.9163
N,G,2004-09-24,109.8203
N,G,2004-09-27,109.6073
N,G,2004-09-28,109.5642
N,G,2004-09-29,109.5343
N,G,2004-09-30,109.6047
N,G,2004-10-01,110.0182
N,G,2004-10-04,109.739
N,G,2004-10-05,109.4091
N,G,2004-10-06,109.3558
N,G,2004-10-07,109.4458
N,G,2004-10-08,109.7051
N,G,2004-10-11,109.8141
N,G,2004-10-12,109.7096
N,G,2004-10-13,109.9079
N,G,2004-10-14,110.1181
N,G,2004-10-15,110.5101
N,G,2004-10-18,110.813
N,G,2004-10-19,110.7931
N,G,2004-10-20,111.2196
N,G,2004-10-21,111.3342
N,G,2004-10-22,111.1924
N,G,2004-10-25,111.9822
N,G,2004-10-26,111.9595
N,G,2004-10-27,111.9052
N,G,2004-10-28,111.8168
N,G,2004-10-29,112.199
N,G,2004-11-01,111.9616
N,G,2004-11-02,111.7773
N,G,2004-11-03,111.6045
N,G,2004-11-04,112.1192
N,G,2004-11-05,112.2689
N,G,2004-11-08,112.5948
N,G,2004-11-09,112.5261
N,G,2004-11-10,112.6453
N,G,2004-11-11,112.9666
N,G,2004-11-12,112.9716
N,G,2004-11-15,112.8644
N,G,2004-11-16,112.8716
N,G,2004-11-17,112.9707
N,G,2004-11-18,113.375
N,G,2004-11-19,113.4644
N,G,2004-11-22,113.5095
N,G,2004-11-23,113.2667
N,G,2004-11-24,113.692
N,G,2004-11-25,114.1628
N,G,2004-11-26,113.8719
N,G,2004-11-29,113.837
N,G,2004-11-30,114.013
N,G,2004-12-01,113.7391
N,G,2004-12-02,113.3447
N,G,2004-12-03,113.0545
N,G,2004-12-06,113.2271
N,G,2004-12-07,113.0832
N,G,2004-12-08,112.6617
N,G,2004-12-09,112.6829
N,G,2004-12-10,112.6382
N,G,2004-12-13,112.5436
N,G,2004-12-14,112.4329
N,G,2004-12-15,112.8273
N,G,2004-12-16,112.7967
N,G,2004-12-17,112.3994
N,G,2004-12-20,112.4346
N,G,2004-12-21,112.129
N,G,2004-12-22,112.1518
N,G,2004-12-23,112.241
N,G,2004-12-24,112.2967
N,G,2004-12-27,112.2598
N,G,2004-12-28,112.4638
N,G,2004-12-29,112.526
N,G,2004-12-30,112.5872
N,G,2004-12-31,112.5169
N,G,2005-01-03,112.2906
N,G,2005-01-04,111.7096
N,G,2005-01-05,111.3023
N,G,2005-01-06,111.2434
N,G,2005-01-07,111.3516
N,G,2005-01-10,111.1366
N,G,2005-01-11,111.1991
N,G,2005-01-12,110.9935
N,G,2005-01-13,111.1919
N,G,2005-01-14,110.7823
N,G,2005-01-17,111.0754
N,G,2005-01-18,110.9265
N,G,2005-01-19,111.1076
N,G,2005-01-20,111.0544
N,G,2005-01-21,110.806
N,G,2005-01-24,110.9234
N,G,2005-01-25,110.9248
N,G,2005-01-26,110.5876
N,G,2005-01-27,110.8345
N,G,2005-01-28,110.7899
N,G,2005-01-31,110.4645
N,G,2005-02-01,110.3092
N,G,2005-02-02,110.3284
N,G,2005-02-03,109.8799
N,G,2005-02-04,109.5516
N,G,2005-02-07,109.2543
N,G,2005-02-08,109.1612
N,G,2005-02-09,109.3638
N,G,2005-02-10,109.5113
N,G,2005-02-11,109.6759
N,G,2005-02-14,110.0144
N,G,2005-02-15,110.21
N,G,2005-02-16,110.6032
N,G,2005-02-17,110.6713
N,G,2005-02-18,110.7087
N,G,2005-02-21,110.7742
N,G,2005-02-22,111.3145
N,G,2005-02-23,111.63720000000001
N,G,2005-02-24,111.74
N,G,2005-02-25,111.3084
N,G,2005-02-28,111.5643
N,G,2005-03-01,111.6324
N,G,2005-03-02,111.2813
N,G,2005-03-03,110.9969
N,G,2005-03-04,110.6189
N,G,2005-03-07,110.884
N,G,2005-03-08,110.6177
N,G,2005-03-09,110.962
N,G,2005-03-10,111.3336
N,G,2005-03-11,111.3131
N,G,2005-03-14,111.2631
N,G,2005-03-15,111.2713
N,G,2005-03-16,111.3946
N,G,2005-03-17,111.7386
N,G,2005-03-18,111.2596
N,G,2005-03-21,110.8769
N,G,2005-03-22,110.6623
N,G,2005-03-23,110.2499
N,G,2005-03-24,110.361
N,G,2005-03-25,110.3202
N,G,2005-03-28,110.2926
N,G,2005-03-29,110.308
N,G,2005-03-30,110.3661
N,G,2005-03-31,110.3839
N,G,2005-04-01,110.3112
N,G,2005-04-04,110.063
N,G,2005-04-05,109.7721
N,G,2005-04-06,110.1322
N,G,2005-04-07,110.2007
N,G,2005-04-08,110.0566
N,G,2005-04-11,110.5061
N,G,2005-04-12,110.5371
N,G,2005-04-13,110.4008
N,G,2005-04-14,109.9748
N,G,2005-04-15,109.9296
N,G,2005-04-18,110.744
N,G,2005-04-19,110.876
N,G,2005-04-20,110.9459
N,G,2005-04-21,111.1527
N,G,2005-04-22,110.996
N,G,2005-04-25,110.8202
N,G,2005-04-26,110.7551
N,G,2005-04-27,110.6822
N,G,2005-04-28,110.8324
N,G,2005-04-29,111.1591
N,G,2005-05-02,110.7246
N,G,2005-05-03,110.4609
N,G,2005-05-04,110.678
N,G,2005-05-05,110.4683
N,G,2005-05-06,110.2414
N,G,2005-05-09,109.8801
N,G,2005-05-10,110.0812
N,G,2005-05-11,110.3441
N,G,2005-05-12,110.0586
N,G,2005-05-13,109.95
N,G,2005-05-16,109.9386
N,G,2005-05-17,109.9757
N,G,2005-05-18,110.1677
N,G,2005-05-19,110.0712
N,G,2005-05-20,109.8653
N,G,2005-05-23,109.5653
N,G,2005-05-24,109.6931
N,G,2005-05-25,109.7916
N,G,2005-05-26,109.7414
N,G,2005-05-27,109.5656
N,G,2005-05-30,109.6002
N,G,2005-05-31,109.3958
N,G,2005-06-01,109.7878
N,G,2005-06-02,109.7098
N,G,2005-06-03,109.5875
N,G,2005-06-06,109.7439
N,G,2005-06-07,109.8119
N,G,2005-06-08,109.6859
N,G,2005-06-09,109.581
N,G,2005-06-10,109.4506
N,G,2005-06-13,108.7739
N,G,2005-06-14,108.9207
N,G,2005-06-15,108.6757
N,G,2005-06-16,108.781
N,G,2005-06-17,108.6169
N,G,2005-06-20,108.6321
N,G,2005-06-21,108.52
N,G,2005-06-22,108.8776
N,G,2005-06-23,108.511
N,G,2005-06-24,108.5291
N,G,2005-06-27,108.671
N,G,2005-06-28,108.4268
N,G,2005-06-29,108.1823
N,G,2005-06-30,108.0439
N,G,2005-07-01,107.8663
N,G,2005-07-04,107.8082
N,G,2005-07-05,107.6236
N,G,2005-07-06,107.5971
N,G,2005-07-07,107.6928
N,G,2005-07-08,107.7398
N,G,2005-07-11,107.774
N,G,2005-07-12,108.1159
N,G,2005-07-13,107.9794
N,G,2005-07-14,107.7193
N,G,2005-07-15,107.6874
N,G,2005-07-18,107.5888
N,G,2005-07-19,107.1577
N,G,2005-07-20,107.5046
N,G,2005-07-21,107.7224
N,G,2005-07-22,107.4997
N,G,2005-07-25,107.2255
N,G,2005-07-26,107.3696
N,G,2005-07-27,107.1806
N,G,2005-07-28,107.1605
N,G,2005-07-29,107.4631
N,G,2005-08-01,107.7608
N,G,2005-08-02,108.0202
N,G,2005-08-03,108.0255
N,G,2005-08-04,108.1694
N,G,2005-08-05,108.2773
N,G,2005-08-08,108.1352
N,G,2005-08-09,108.4316
N,G,2005-08-10,108.3473
N,G,2005-08-11,108.5246
N,G,2005-08-12,108.8008
N,G,2005-08-15,108.6971
N,G,2005-08-16,108.4556
N,G,2005-08-17,108.4733
N,G,2005-08-18,108.709
N,G,2005-08-19,108.3742
N,G,2005-08-22,108.1385
N,G,2005-08-23,108.074
N,G,2005-08-24,107.9546
N,G,2005-08-25,108.6733
N,G,2005-08-26,108.8793
N,G,2005-08-29,108.9792
N,G,2005-08-30,108.4434
N,G,2005-08-31,108.5105
N,G,2005-09-01,109.0027
N,G,2005-09-02,109.7735
N,G,2005-09-05,109.621
N,G,2005-09-06,109.2745
N,G,2005-09-07,109.3584
N,G,2005-09-08,109.2533
N,G,2005-09-09,109.293
N,G,2005-09-12,108.8871
N,G,2005-09-13,108.6005
N,G,2005-09-14,108.5619
N,G,2005-09-15,108.5088
N,G,2005-09-16,108.2841
N,G,2005-09-19,107.9568
N,G,2005-09-20,107.8492
N,G,2005-09-21,108.1262
N,G,2005-09-22,107.9902
N,G,2005-09-23,107.6912
N,G,2005-09-26,107.4835
N,G,2005-09-27,107.3778
N,G,2005-09-28,107.4659
N,G,2005-09-29,107.347
N,G,2005-09-30,107.4927
N,G,2005-10-03,107.3791
N,G,2005-10-04,107.5551
N,G,2005-10-05,107.5955
N,G,2005-10-06,108.3221
N,G,2005-10-07,108.4705
N,G,2005-10-10,108.4027
N,G,2005-10-11,108.1957
N,G,2005-10-12,108.0852
N,G,2005-10-13,107.9109
N,G,2005-10-14,108.1523
N,G,2005-10-17,108.1153
N,G,2005-10-18,107.7642
N,G,2005-10-19,107.6856
N,G,2005-10-20,107.7886
N,G,2005-10-21,108.3323
N,G,2005-10-24,108.2078
N,G,2005-10-25,108.4758
N,G,2005-10-26,108.4519
N,G,2005-10-27,108.6318
N,G,2005-10-28,108.7823
N,G,2005-10-31,108.5902
N,G,2005-11-01,108.3418
N,G,2005-11-02,108.5357
N,G,2005-11-03,108.7445
N,G,2005-11-04,108.3753
N,G,2005-11-07,108.1833
N,G,2005-11-08,107.9391
N,G,2005-11-09,108.0094
N,G,2005-11-10,108.1443
N,G,2005-11-11,108.1418
N,G,2005-11-14,108.1766
N,G,2005-11-15,107.9829
N,G,2005-11-16,107.7436
N,G,2005-11-17,107.6201
N,G,2005-11-18,107.5658
N,G,2005-11-21,107.8924
N,G,2005-11-22,107.6599
N,G,2005-11-23,107.7339
N,G,2005-11-24,107.5303
N,G,2005-11-25,107.4945
N,G,2005-11-28,107.6584
N,G,2005-11-29,107.8733
N,G,2005-11-30,107.711
N,G,2005-12-01,107.7729
N,G,2005-12-02,107.798
N,G,2005-12-05,107.6962
N,G,2005-12-06,108.1151
N,G,2005-12-07,108.095
N,G,2005-12-08,108.264
N,G,2005-12-09,108.2653
N,G,2005-12-12,108.4928
N,G,2005-12-13,108.3713
N,G,2005-12-14,108.4797
N,G,2005-12-15,108.4678
N,G,2005-12-16,108.3882
N,G,2005-12-19,107.977
N,G,2005-12-20,107.7334
N,G,2005-12-21,107.4581
N,G,2005-12-22,107.1924
N,G,2005-12-23,107.196
N,G,2005-12-26,107.1787
N,G,2005-12-27,107.1646
N,G,2005-12-28,107.2261
N,G,2005-12-29,107.0844
N,G,2005-12-30,107.1438
N,G,2006-01-02,107.2993
N,G,2006-01-03,107.4756
N,G,2006-01-04,108.0085
N,G,2006-01-05,108.2768
N,G,2006-01-06,108.5037
N,G,2006-01-09,108.4873
N,G,2006-01-10,108.4576
N,G,2006-01-11,108.1561
N,G,2006-01-12,108.2456
N,G,2006-01-13,108.0724
N,G,2006-01-16,108.1411
N,G,2006-01-17,108.1004
N,G,2006-01-18,108.2729
N,G,2006-01-19,107.8727
N,G,2006-01-20,107.8531
N,G,2006-01-23,108.4427
N,G,2006-01-24,108.5227
N,G,2006-01-25,108.4747
N,G,2006-01-26,108.439
N,G,2006-01-27,108.1553
N,G,2006-01-30,107.583
N,G,2006-01-31,107.6588
N,G,2006-02-01,107.7119
N,G,2006-02-02,107.5082
N,G,2006-02-03,107.4487
N,G,2006-02-06,107.3017
N,G,2006-02-07,107.2244
N,G,2006-02-08,107.4993
N,G,2006-02-09,107.3556
N,G,2006-02-10,107.2424
N,G,2006-02-13,107.0119
N,G,2006-02-14,106.9581
N,G,2006-02-15,106.8596
N,G,2006-02-16,106.7838
N,G,2006-02-17,106.6116
N,G,2006-02-20,106.6478
N,G,2006-02-21,106.6819
N,G,2006-02-22,106.9092
N,G,2006-02-23,106.7212
N,G,2006-02-24,106.5667
N,G,2006-02-27,106.1134
N,G,2006-02-28,106.1169
N,G,2006-03-01,106.4822
N,G,2006-03-02,106.3194
N,G,2006-03-03,106.7388
N,G,2006-03-06,107.0239
N,G,2006-03-07,106.8987
N,G,2006-03-08,106.7442
N,G,2006-03-09,106.7504
N,G,2006-03-10,106.4943
N,G,2006-03-13,106.2814
N,G,2006-03-14,106.6637
N,G,2006-03-15,106.7268
N,G,2006-03-16,106.9875
N,G,2006-03-17,106.7234
N,G,2006-03-20,106.7265
N,G,2006-03-21,106.7674
N,G,2006-03-22,106.4634
N,G,2006-03-23,106.2279
N,G,2006-03-24,105.9576
N,G,2006-03-27,106.2951
N,G,2006-03-28,106.4789
N,G,2006-03-29,106.4354
N,G,2006-03-30,106.3356
N,G,2006-03-31,106.2313
N,G,2006-04-03,106.0398
N,G,2006-04-04,106.129
N,G,2006-04-05,106.6351
N,G,2006-04-06,106.7528
N,G,2006-04-07,106.5145
N,G,2006-04-10,106.471
N,G,2006-04-11,106.2982
N,G,2006-04-12,106.5659
N,G,2006-04-13,106.6828
N,G,2006-04-14,106.8292
N,G,2006-04-17,107.046
N,G,2006-04-18,107.2844
N,G,2006-04-19,107.4511
N,G,2006-04-20,107.2526
N,G,2006-04-21,106.936
N,G,2006-04-24,107.0632
N,G,2006-04-25,107.0605
N,G,2006-04-26,106.9365
N,G,2006-04-27,106.7539
N,G,2006-04-28,107.3467
N,G,2006-05-01,107.7791
N,G,2006-05-02,108.1625
N,G,2006-05-03,108.2381
N,G,2006-05-04,108.2389
N,G,2006-05-05,108.4466
N,G,2006-05-08,108.6829
N,G,2006-05-09,108.5175
N,G,2006-05-10,108.9168
N,G,2006-05-11,108.4634
N,G,2006-05-12,109.5432
N,G,2006-05-15,109.7576
N,G,2006-05-16,109.5779
N,G,2006-05-17,109.6881
N,G,2006-05-18,109.7862
N,G,2006-05-19,109.3501
N,G,2006-05-22,109.8331
N,G,2006-05-23,109.9974
N,G,2006-05-24,110.159
N,G,2006-05-25,109.7778
N,G,2006-05-26,109.4692
N,G,2006-05-29,109.1082
N,G,2006-05-30,109.4703
N,G,2006-05-31,109.6719
N,G,2006-06-01,109.3067
N,G,2006-06-02,109.0775
N,G,2006-06-05,109.5356
N,G,2006-06-06,109.8788
N,G,2006-06-07,109.4459
N,G,2006-06-08,109.3025
N,G,2006-06-09,109.1167
N,G,2006-06-12,109.3224
N,G,2006-06-13,109.4866
N,G,2006-06-14,109.5284
N,G,2006-06-15,109.4929
N,G,2006-06-16,109.4474
N,G,2006-06-19,109.1996
N,G,2006-06-20,108.951
N,G,2006-06-21,109.1122
N,G,2006-06-22,108.9967
N,G,2006-06-23,108.9139
N,G,2006-06-26,109.0777
N,G,2006-06-27,108.824
N,G,2006-06-28,108.8898
N,G,2006-06-29,108.7619
N,G,2006-06-30,108.9107
N,G,2006-07-03,109.0857
N,G,2006-07-04,108.9983
N,G,2006-07-05,108.9763
N,G,2006-07-06,108.9401
N,G,2006-07-07,108.8603
N,G,2006-07-10,109.0731
N,G,2006-07-11,109.0066
N,G,2006-07-12,108.9921
N,G,2006-07-13,109.1739
N,G,2006-07-14,109.2164
N,G,2006-07-17,108.9873
N,G,2006-07-18,108.6689
N,G,2006-07-19,108.421
N,G,2006-07-20,108.2652
N,G,2006-07-21,108.4521
N,G,2006-07-24,108.131
N,G,2006-07-25,108.1083
N,G,2006-07-26,107.8905
N,G,2006-07-27,108.1774
N,G,2006-07-28,108.2217
N,G,2006-07-31,108.3294
N,G,2006-08-01,108.4362
N,G,2006-08-02,108.5636
N,G,2006-08-03,108.2575
N,G,2006-08-04,108.1004
N,G,2006-08-07,108.4824
N,G,2006-08-08,108.3972
N,G,2006-08-09,108.3688
N,G,2006-08-10,108.2266
N,G,2006-08-11,107.7942
N,G,2006-08-14,107.6142
N,G,2006-08-15,107.6378
N,G,2006-08-16,107.8101
N,G,2006-08-17,108.1579
N,G,2006-08-18,107.9967
N,G,2006-08-21,108.3141
N,G,2006-08-22,108.2721
N,G,2006-08-23,107.9445
N,G,2006-08-24,107.9469
N,G,2006-08-25,107.8688
N,G,2006-08-28,107.938
N,G,2006-08-29,108.1004
N,G,2006-08-30,108.3295
N,G,2006-08-31,108.2905
N,G,2006-09-01,108.1587
N,G,2006-09-04,107.9841
N,G,2006-09-05,107.7838
N,G,2006-09-06,107.8287
N,G,2006-09-07,107.8809
N,G,2006-09-08,107.6294
N,G,2006-09-11,107.8031
N,G,2006-09-12,107.8561
N,G,2006-09-13,107.1599
N,G,2006-09-14,107.3263
N,G,2006-09-15,106.6557
N,G,2006-09-18,107.0291
N,G,2006-09-19,106.8575
N,G,2006-09-20,107.0524
N,G,2006-09-21,107.2383
N,G,2006-09-22,107.6632
N,G,2006-09-25,107.9868
N,G,2006-09-26,107.8289
N,G,2006-09-27,107.7207
N,G,2006-09-28,107.5314
N,G,2006-09-29,107.2289
N,G,2006-10-02,107.3937
N,G,2006-10-03,107.4622
N,G,2006-10-04,107.3731
N,G,2006-10-05,107.092
N,G,2006-10-06,106.9984
N,G,2006-10-09,106.9696
N,G,2006-10-10,106.7069
N,G,2006-10-11,106.454
N,G,2006-10-12,106.495
N,G,2006-10-13,106.3791
N,G,2006-10-16,106.3627
N,G,2006-10-17,106.466
N,G,2006-10-18,106.4911
N,G,2006-10-19,106.4994
N,G,2006-10-20,106.7881
N,G,2006-10-23,106.5898
N,G,2006-10-24,106.3777
N,G,2006-10-25,106.495
N,G,2006-10-26,106.6142
N,G,2006-10-27,106.6534
N,G,2006-10-30,106.7872
N,G,2006-10-31,106.8303
N,G,2006-11-01,106.9055
N,G,2006-11-02,106.822
N,G,2006-11-03,106.7831
N,G,2006-11-06,106.3135
N,G,2006-11-07,106.3368
N,G,2006-11-08,106.5423
N,G,2006-11-09,106.4461
N,G,2006-11-10,106.8979
N,G,2006-11-13,106.8639
N,G,2006-11-14,106.7846
N,G,2006-11-15,106.5023
N,G,2006-11-16,106.4585
N,G,2006-11-17,106.4044
N,G,2006-11-20,106.7692
N,G,2006-11-21,106.7767
N,G,2006-11-22,107.0192
N,G,2006-11-23,107.6019
N,G,2006-11-24,108.0543
N,G,2006-11-27,108.1024
N,G,2006-11-28,108.1652
N,G,2006-11-29,107.8678
N,G,2006-11-30,107.7317
N,G,2006-12-01,108.0909
N,G,2006-12-04,107.9317
N,G,2006-12-05,107.9415
N,G,2006-12-06,108.0662
N,G,2006-12-07,108.0931
N,G,2006-12-08,108.0784
N,G,2006-12-11,107.8476
N,G,2006-12-12,107.8052
N,G,2006-12-13,107.6621
N,G,2006-12-14,107.3157
N,G,2006-12-15,107.0046
N,G,2006-12-18,106.8895
N,G,2006-12-19,106.8743
N,G,2006-12-20,106.8289
N,G,2006-12-21,106.8293
N,G,2006-12-22,106.9295
N,G,2006-12-25,106.8204
N,G,2006-12-26,106.7948
N,G,2006-12-27,106.7361
N,G,2006-12-28,106.3993
N,G,2006-12-29,106.5958
N,G,2007-01-01,106.4661
N,G,2007-01-02,106.4183
N,G,2007-01-03,106.2786
N,G,2007-01-04,106.0426
N,G,2007-01-05,106.3162
N,G,2007-01-08,106.192
N,G,2007-01-09,105.9186
N,G,2007-01-10,105.7575
N,G,2007-01-11,105.5712
N,G,2007-01-12,105.5319
N,G,2007-01-15,105.5721
N,G,2007-01-16,105.5737
N,G,2007-01-17,105.4752
N,G,2007-01-18,105.1518
N,G,2007-01-19,105.3183
N,G,2007-01-22,105.2009
N,G,2007-01-23,105.2472
N,G,2007-01-24,105.393
N,G,2007-01-25,105.3525
N,G,2007-01-26,105.3304
N,G,2007-01-29,105.0488
N,G,2007-01-30,104.9854
N,G,2007-01-31,104.8722
N,G,2007-02-01,105.3527
N,G,2007-02-02,105.4246
N,G,2007-02-05,105.2292
N,G,2007-02-06,105.4631
N,G,2007-02-07,105.6971
N,G,2007-02-08,105.0448
N,G,2007-02-09,104.9779
N,G,2007-02-12,105.0038
N,G,2007-02-13,105.0077
N,G,2007-02-14,105.0611
N,G,2007-02-15,105.18
N,G,2007-02-16,105.3921
N,G,2007-02-19,105.4972
N,G,2007-02-20,105.2607
N,G,2007-02-21,105.2267
N,G,2007-02-22,105.0311
N,G,2007-02-23,105.1967
N,G,2007-02-26,105.6033
N,G,2007-02-27,105.9288
N,G,2007-02-28,106.2884
N,G,2007-03-01,106.3406
N,G,2007-03-02,106.2116
N,G,2007-03-05,107.2036
N,G,2007-03-06,106.8751
N,G,2007-03-07,106.6812
N,G,2007-03-08,106.6237
N,G,2007-03-09,106.2086
N,G,2007-03-12,105.8589
N,G,2007-03-13,106.1759
N,G,2007-03-14,106.7538
N,G,2007-03-15,106.4266
N,G,2007-03-16,107.028
N,G,2007-03-19,106.6527
N,G,2007-03-20,106.5139
N,G,2007-03-21,106.2799
N,G,2007-03-22,106.1073
N,G,2007-03-23,106.0221
N,G,2007-03-26,105.8601
N,G,2007-03-27,105.968
N,G,2007-03-28,106.1863
N,G,2007-03-29,105.925
N,G,2007-03-30,105.6249
N,G,2007-04-02,105.8291
N,G,2007-04-03,105.5292
N,G,2007-04-04,105.3578
N,G,2007-04-05,105.2078
N,G,2007-04-06,105.1353
N,G,2007-04-09,105.0625
N,G,2007-04-10,105.0125
N,G,2007-04-11,105.0152
N,G,2007-04-12,104.8039
N,G,2007-04-13,105.1067
N,G,2007-04-16,104.6895
N,G,2007-04-17,104.841
N,G,2007-04-18,105.1083
N,G,2007-04-19,105.4244
N,G,2007-04-20,104.7816
N,G,2007-04-23,104.8729
N,G,2007-04-24,104.9997
N,G,2007-04-25,104.9095
N,G,2007-04-26,104.7762
N,G,2007-04-27,104.8212
N,G,2007-04-30,104.7602
N,G,2007-05-01,104.5096
N,G,2007-05-02,104.2127
N,G,2007-05-03,104.5346
N,G,2007-05-04,104.4058
N,G,2007-05-07,104.4887
N,G,2007-05-08,104.1489
N,G,2007-05-09,104.1537
N,G,2007-05-10,104.1493
N,G,2007-05-11,104.4513
N,G,2007-05-14,104.037
N,G,2007-05-15,104.1773
N,G,2007-05-16,104.1131
N,G,2007-05-17,103.8785
N,G,2007-05-18,103.6809
N,G,2007-05-21,103.5316
N,G,2007-05-22,103.5034
N,G,2007-05-23,103.6723
N,G,2007-05-24,103.718
N,G,2007-05-25,103.8671
N,G,2007-05-28,103.8475
N,G,2007-05-29,103.8641
N,G,2007-05-30,104.1102
N,G,2007-05-31,103.9985
N,G,2007-06-01,103.7054
N,G,2007-06-04,103.6694
N,G,2007-06-05,103.9556
N,G,2007-06-06,104.2617
N,G,2007-06-07,104.2006
N,G,2007-06-08,104.1294
N,G,2007-06-11,103.6074
N,G,2007-06-12,103.2515
N,G,2007-06-13,103.2861
N,G,2007-06-14,103.1192
N,G,2007-06-15,103.0933
N,G,2007-06-18,102.9789
N,G,2007-06-19,102.9428
N,G,2007-06-20,102.9936
N,G,2007-06-21,102.9793
N,G,2007-06-22,103.1976
N,G,2007-06-25,103.6773
N,G,2007-06-26,103.6341
N,G,2007-06-27,103.7656
N,G,2007-06-28,103.5532
N,G,2007-06-29,103.3434
N,G,2007-07-02,104.0901
N,G,2007-07-03,103.8168
N,G,2007-07-04,103.6695
N,G,2007-07-05,103.8973
N,G,2007-07-06,103.6256
N,G,2007-07-09,103.591
N,G,2007-07-10,103.6163
N,G,2007-07-11,104.0771
N,G,2007-07-12,103.9797
N,G,2007-07-13,103.8835
N,G,2007-07-16,103.9541
N,G,2007-07-17,104.1505
N,G,2007-07-18,103.9603
N,G,2007-07-19,103.851
N,G,2007-07-20,103.578
N,G,2007-07-23,103.6744
N,G,2007-07-24,103.2435
N,G,2007-07-25,103.1662
N,G,2007-07-26,103.2469
N,G,2007-07-27,103.8814
N,G,2007-07-30,104.2231
N,G,2007-07-31,104.1798
N,G,2007-08-01,104.3192
N,G,2007-08-02,104.3656
N,G,2007-08-03,104.0633
N,G,2007-08-06,105.1513
N,G,2007-08-07,104.8452
N,G,2007-08-08,104.5905
N,G,2007-08-09,104.6281
N,G,2007-08-10,105.1844
N,G,2007-08-13,104.9022
N,G,2007-08-14,104.6619
N,G,2007-08-15,104.6078
N,G,2007-08-16,104.9058
N,G,2007-08-17,105.7141
N,G,2007-08-20,105.2565
N,G,2007-08-21,105.7876
N,G,2007-08-22,105.3641
N,G,2007-08-23,104.9617
N,G,2007-08-24,105.1744
N,G,2007-08-27,104.6178
N,G,2007-08-28,104.976
N,G,2007-08-29,105.1268
N,G,2007-08-30,104.6929
N,G,2007-08-31,104.4079
N,G,2007-09-03,104.2618
N,G,2007-09-04,104.3751
N,G,2007-09-05,104.1392
N,G,2007-09-06,104.4388
N,G,2007-09-07,104.6101
N,G,2007-09-10,105.3272
N,G,2007-09-11,105.111
N,G,2007-09-12,105.0052
N,G,2007-09-13,104.9147
N,G,2007-09-14,104.8383
N,G,2007-09-17,104.7804
N,G,2007-09-18,104.9258
N,G,2007-09-19,104.7299
N,G,2007-09-20,104.9662
N,G,2007-09-21,104.815
N,G,2007-09-24,104.7777
N,G,2007-09-25,104.9227
N,G,2007-09-26,104.864
N,G,2007-09-27,104.5837
N,G,2007-09-28,104.4371
N,G,2007-10-01,104.1324
N,G,2007-10-02,104.1691
N,G,2007-10-03,104.0648
N,G,2007-10-04,103.9693
N,G,2007-10-05,104.0033
N,G,2007-10-08,103.6962
N,G,2007-10-09,103.5564
N,G,2007-10-10,103.4691
N,G,2007-10-11,103.4395
N,G,2007-10-12,103.1676
N,G,2007-10-15,103.256
N,G,2007-10-16,103.272
N,G,2007-10-17,103.3611
N,G,2007-10-18,103.6594
N,G,2007-10-19,103.6973
N,G,2007-10-22,104.1751
N,G,2007-10-23,103.767
N,G,2007-10-24,103.5388
N,G,2007-10-25,103.6795
N,G,2007-10-26,103.6595
N,G,2007-10-29,103.6018
N,G,2007-10-30,103.4266
N,G,2007-10-31,103.7289
N,G,2007-11-01,103.4086
N,G,2007-11-02,104.0577
N,G,2007-11-05,103.9583
N,G,2007-11-06,104.3635
N,G,2007-11-07,104.8603
N,G,2007-11-08,105.0683
N,G,2007-11-09,105.5437
N,G,2007-11-12,106.0041
N,G,2007-11-13,106.1416
N,G,2007-11-14,106.044
N,G,2007-11-15,106.2074
N,G,2007-11-16,106.4435
N,G,2007-11-19,106.6706
N,G,2007-11-20,107.0549
N,G,2007-11-21,107.2332
N,G,2007-11-22,107.4306
N,G,2007-11-23,107.4122
N,G,2007-11-26,107.3339
N,G,2007-11-27,107.6337
N,G,2007-11-28,106.7387
N,G,2007-11-29,106.315
N,G,2007-11-30,106.0017
N,G,2007-12-03,105.7893
N,G,2007-12-04,105.7774
N,G,2007-12-05,106.2701
N,G,2007-12-06,106.0003
N,G,2007-12-07,105.6937
N,G,2007-12-10,105.636
N,G,2007-12-11,105.3133
N,G,2007-12-12,105.2199
N,G,2007-12-13,104.9583
N,G,2007-12-14,104.6479
N,G,2007-12-17,104.8491
N,G,2007-12-18,105.018
N,G,2007-12-19,104.8986
N,G,2007-12-20,104.8822
N,G,2007-12-21,104.7162
N,G,2007-12-24,104.6001
N,G,2007-12-25,104.5616
N,G,2007-12-26,104.5844
N,G,2007-12-27,104.6075
N,G,2007-12-28,105.3263
N,G,2007-12-31,105.7639
N,G,2008-01-01,105.9887
N,G,2008-01-02,106.2921
N,G,2008-01-03,106.6471
N,G,2008-01-04,107.006
N,G,2008-01-07,106.8279
N,G,2008-01-08,106.6243
N,G,2008-01-09,106.9438
N,G,2008-01-10,107.1019
N,G,2008-01-11,107.7479
N,G,2008-01-14,108.2626
N,G,2008-01-15,108.1648
N,G,2008-01-16,108.8699
N,G,2008-01-17,108.056
N,G,2008-01-18,108.3468
N,G,2008-01-21,109.0758
N,G,2008-01-22,108.9735
N,G,2008-01-23,109.4151
N,G,2008-01-24,109.7205
N,G,2008-01-25,108.7589
N,G,2008-01-28,108.9837
N,G,2008-01-29,108.6418
N,G,2008-01-30,108.6862
N,G,2008-01-31,109.2783
N,G,2008-02-01,109.3549
N,G,2008-02-04,108.6424
N,G,2008-02-05,108.0767
N,G,2008-02-06,108.9153
N,G,2008-02-07,108.8534
N,G,2008-02-08,108.7879
N,G,2008-02-11,109.4287
N,G,2008-02-12,108.9815
N,G,2008-02-13,108.6303
N,G,2008-02-14,108.1519
N,G,2008-02-15,108.6534
N,G,2008-02-18,108.5194
N,G,2008-02-19,108.5697
N,G,2008-02-20,108.6801
N,G,2008-02-21,108.3446
N,G,2008-02-22,108.8184
N,G,2008-02-25,108.7678
N,G,2008-02-26,108.7285
N,G,2008-02-27,109.4188
N,G,2008-02-28,109.8814
N,G,2008-02-29,110.8378
N,G,2008-03-03,112.2209
N,G,2008-03-04,111.9235
N,G,2008-03-05,112.0035
N,G,2008-03-06,112.1063
N,G,2008-03-07,113.1738
N,G,2008-03-10,113.0798
N,G,2008-03-11,113.2792
N,G,2008-03-12,112.0576
N,G,2008-03-13,113.3999
N,G,2008-03-14,113.2801
N,G,2008-03-17,115.8267
N,G,2008-03-18,114.9981
N,G,2008-03-19,114.6757
N,G,2008-03-20,113.9492
N,G,2008-03-21,113.7031
N,G,2008-03-24,113.447
N,G,2008-03-25,113.2114
N,G,2008-03-26,113.8489
N,G,2008-03-27,114.1284
N,G,2008-03-28,114.035
N,G,2008-03-31,114.4874
N,G,2008-04-01,114.0287
N,G,2008-04-02,113.178
N,G,2008-04-03,112.8757
N,G,2008-04-04,113.124
N,G,2008-04-07,112.5129
N,G,2008-04-08,112.9053
N,G,2008-04-09,112.6492
N,G,2008-04-10,114.175
N,G,2008-04-11,113.0997
N,G,2008-04-14,113.7153
N,G,2008-04-15,113.6101
N,G,2008-04-16,113.0401
N,G,2008-04-17,113.0829
N,G,2008-04-18,112.2608
N,G,2008-04-21,111.944
N,G,2008-04-22,112.087
N,G,2008-04-23,112.105
N,G,2008-04-24,111.199
N,G,2008-04-25,110.261
N,G,2008-04-28,110.7315
N,G,2008-04-29,110.4961
N,G,2008-04-30,110.7151
N,G,2008-05-01,110.2612
N,G,2008-05-02,109.8172
N,G,2008-05-05,109.309
N,G,2008-05-06,109.3085
N,G,2008-05-07,109.3054
N,G,2008-05-08,109.9143
N,G,2008-05-09,110.5299
N,G,2008-05-12,110.3719
N,G,2008-05-13,110.2113
N,G,2008-05-14,109.5158
N,G,2008-05-15,109.6007
N,G,2008-05-16,109.6601
N,G,2008-05-19,109.9316
N,G,2008-05-20,109.8859
N,G,2008-05-21,110.3526
N,G,2008-05-22,110.8873
N,G,2008-05-23,110.9688
N,G,2008-05-26,111.0129
N,G,2008-05-27,111.0591
N,G,2008-05-28,110.7659
N,G,2008-05-29,109.8252
N,G,2008-05-30,109.5144
N,G,2008-06-02,110.3447
N,G,2008-06-03,111.197
N,G,2008-06-04,111.0227
N,G,2008-06-05,110.3976
N,G,2008-06-06,110.4489
N,G,2008-06-09,111.8389
N,G,2008-06-10,111.3721
N,G,2008-06-11,110.8596
N,G,2008-06-12,111.2519
N,G,2008-06-13,110.8455
N,G,2008-06-16,110.7491
N,G,2008-06-17,110.8067
N,G,2008-06-18,110.5983
N,G,2008-06-19,110.7282
N,G,2008-06-20,110.4836
N,G,2008-06-23,110.3753
N,G,2008-06-24,110.365
N,G,2008-06-25,110.2747
N,G,2008-06-26,110.6324
N,G,2008-06-27,111.6764
N,G,2008-06-30,111.9074
N,G,2008-07-01,111.6915
N,G,2008-07-02,111.6472
N,G,2008-07-03,111.8636
N,G,2008-07-04,111.395
N,G,2008-07-07,111.0126
N,G,2008-07-08,111.5767
N,G,2008-07-09,110.576
N,G,2008-07-10,110.5846
N,G,2008-07-11,110.5867
N,G,2008-07-14,110.7251
N,G,2008-07-15,111.9916
N,G,2008-07-16,112.1038
N,G,2008-07-17,111.353
N,G,2008-07-18,110.999
N,G,2008-07-21,110.8422
N,G,2008-07-22,111.057
N,G,2008-07-23,110.0318
N,G,2008-07-24,109.8744
N,G,2008-07-25,110.08
N,G,2008-07-28,110.0135
N,G,2008-07-29,110.1906
N,G,2008-07-30,109.5263
N,G,2008-07-31,109.2384
N,G,2008-08-01,109.2861
N,G,2008-08-04,109.3279
N,G,2008-08-05,109.3239
N,G,2008-08-06,109.4412
N,G,2008-08-07,109.1894
N,G,2008-08-08,108.9342
N,G,2008-08-11,109.181
N,G,2008-08-12,108.8984
N,G,2008-08-13,108.7884
N,G,2008-08-14,109.1633
N,G,2008-08-15,108.8316
N,G,2008-08-18,109.0482
N,G,2008-08-19,109.1425
N,G,2008-08-20,109.0706
N,G,2008-08-21,108.9721
N,G,2008-08-22,108.8566
N,G,2008-08-25,108.7739
N,G,2008-08-26,108.8223
N,G,2008-08-27,109.4067
N,G,2008-08-28,109.4423
N,G,2008-08-29,109.4183
N,G,2008-09-01,109.6673
N,G,2008-09-02,109.2249
N,G,2008-09-03,109.3685
N,G,2008-09-04,109.9368
N,G,2008-09-05,110.2614
N,G,2008-09-08,109.1751
N,G,2008-09-09,109.3543
N,G,2008-09-10,109.6079
N,G,2008-09-11,109.7334
N,G,2008-09-12,109.1808
N,G,2008-09-15,110.1122
N,G,2008-09-16,111.3074
N,G,2008-09-17,110.0089
N,G,2008-09-18,111.0272
N,G,2008-09-19,109.7022
N,G,2008-09-22,110.3055
N,G,2008-09-23,110.8597
N,G,2008-09-24,110.7837
N,G,2008-09-25,110.9485
N,G,2008-09-26,111.1151
N,G,2008-09-29,110.9783
N,G,2008-09-30,111.575
N,G,2008-10-01,110.8607
N,G,2008-10-02,110.8079
N,G,2008-10-03,111.0974
N,G,2008-10-06,111.7887
N,G,2008-10-07,112.243
N,G,2008-10-08,112.8802
N,G,2008-10-09,113.009
N,G,2008-10-10,114.7688
N,G,2008-10-13,113.3919
N,G,2008-10-14,112.4651
N,G,2008-10-15,112.3935
N,G,2008-10-16,113.8745
N,G,2008-10-17,113.9779
N,G,2008-10-20,113.6163
N,G,2008-10-21,113.5056
N,G,2008-10-22,114.7678
N,G,2008-10-23,115.4128
N,G,2008-10-24,116.3148
N,G,2008-10-27,118.6316
N,G,2008-10-28,117.441
N,G,2008-10-29,117.034
N,G,2008-10-30,116.1936
N,G,2008-10-31,116.8941
N,G,2008-11-03,115.2411
N,G,2008-11-04,114.8956
N,G,2008-11-05,114.2896
N,G,2008-11-06,114.2633
N,G,2008-11-07,114.3991
N,G,2008-11-10,113.917
N,G,2008-11-11,114.5419
N,G,2008-11-12,115.0718
N,G,2008-11-13,115.2679
N,G,2008-11-14,114.226
N,G,2008-11-17,113.9486
N,G,2008-11-18,113.8605
N,G,2008-11-19,113.1906
N,G,2008-11-20,113.453
N,G,2008-11-21,112.0768
N,G,2008-11-24,112.1934
N,G,2008-11-25,112.3253
N,G,2008-11-26,112.2532
N,G,2008-11-27,111.8742
N,G,2008-11-28,111.8797
N,G,2008-12-01,112.5401
N,G,2008-12-02,113.2607
N,G,2008-12-03,112.8139
N,G,2008-12-04,112.5209
N,G,2008-12-05,113.0519
N,G,2008-12-08,111.4252
N,G,2008-12-09,111.542
N,G,2008-12-10,111.687
N,G,2008-12-11,111.7795
N,G,2008-12-12,111.7935
N,G,2008-12-15,111.8561
N,G,2008-12-16,112.2585
N,G,2008-12-17,113.7963
N,G,2008-12-18,117.9121
N,G,2008-12-19,116.1357
N,G,2008-12-22,116.6443
N,G,2008-12-23,117.7097
N,G,2008-12-24,118.8003
N,G,2008-12-25,119.4003
N,G,2008-12-26,120.0193
N,G,2008-12-29,120.6564
N,G,2008-12-30,120.9849
N,G,2008-12-31,121.1589
N,G,2009-01-01,120.2265
N,G,2009-01-02,119.2976
N,G,2009-01-05,118.3599
N,G,2009-01-06,117.4679
N,G,2009-01-07,118.0336
N,G,2009-01-08,118.1693
N,G,2009-01-09,118.7724
N,G,2009-01-12,117.5793
N,G,2009-01-13,118.8817
N,G,2009-01-14,119.0409
N,G,2009-01-15,119.6816
N,G,2009-01-16,118.6548
N,G,2009-01-19,118.6832
N,G,2009-01-20,118.3495
N,G,2009-01-21,118.9727
N,G,2009-01-22,116.5706
N,G,2009-01-23,117.3642
N,G,2009-01-26,116.8894
N,G,2009-01-27,117.3685
N,G,2009-01-28,117.2461
N,G,2009-01-29,116.7102
N,G,2009-01-30,117.6909
N,G,2009-02-02,117.5604
N,G,2009-02-03,117.2809
N,G,2009-02-04,117.5994
N,G,2009-02-05,117.3461
N,G,2009-02-06,116.3171
N,G,2009-02-09,116.1592
N,G,2009-02-10,116.12
N,G,2009-02-11,117.504
N,G,2009-02-12,117.2115
N,G,2009-02-13,116.9885
N,G,2009-02-16,117.2388
N,G,2009-02-17,117.9798
N,G,2009-02-18,118.3369
N,G,2009-02-19,117.3525
N,G,2009-02-20,116.825
N,G,2009-02-23,118.0196
N,G,2009-02-24,118.6365
N,G,2009-02-25,118.1686
N,G,2009-02-26,118.3543
N,G,2009-02-27,118.1209
N,G,2009-03-02,118.6045
N,G,2009-03-03,118.6503
N,G,2009-03-04,118.5818
N,G,2009-03-05,118.7071
N,G,2009-03-06,120.127
N,G,2009-03-09,120.1915
N,G,2009-03-10,120.3408
N,G,2009-03-11,119.3007
N,G,2009-03-12,119.4306
N,G,2009-03-13,115.3399
N,G,2009-03-16,115.0943
N,G,2009-03-17,115.0504
N,G,2009-03-18,115.5237
N,G,2009-03-19,116.3886
N,G,2009-03-20,117.3162
N,G,2009-03-23,116.8334
N,G,2009-03-24,117.2648
N,G,2009-03-25,117.4285
N,G,2009-03-26,117.6222
N,G,2009-03-27,117.1699
N,G,2009-03-30,117.3613
N,G,2009-03-31,117.6314
N,G,2009-04-01,117.5898
N,G,2009-04-02,116.7796
N,G,2009-04-03,116.7104
N,G,2009-04-06,116.8578
N,G,2009-04-07,116.9682
N,G,2009-04-08,116.8158
N,G,2009-04-09,116.3377
N,G,2009-04-10,116.3912
N,G,2009-04-13,116.4716
N,G,2009-04-14,116.5199
N,G,2009-04-15,116.691
N,G,2009-04-16,116.4315
N,G,2009-04-17,115.5862
N,G,2009-04-20,115.7367
N,G,2009-04-21,115.9758
N,G,2009-04-22,116.0611
N,G,2009-04-23,115.7659
N,G,2009-04-24,117.0905
N,G,2009-04-27,116.9742
N,G,2009-04-28,116.8147
N,G,2009-04-29,117.1923
N,G,2009-04-30,117.0174
N,G,2009-05-01,116.9108
N,G,2009-05-04,116.8074
N,G,2009-05-05,116.5937
N,G,2009-05-06,116.8297
N,G,2009-05-07,116.2117
N,G,2009-05-08,116.6714
N,G,2009-05-11,117.6293
N,G,2009-05-12,117.6918
N,G,2009-05-13,117.7722
N,G,2009-05-14,117.8835
N,G,2009-05-15,117.8419
N,G,2009-05-18,116.5743
N,G,2009-05-19,116.8025
N,G,2009-05-20,116.8231
N,G,2009-05-21,116.9171
N,G,2009-05-22,117.0161
N,G,2009-05-25,117.3678
N,G,2009-05-26,117.3498
N,G,2009-05-27,117.5231
N,G,2009-05-28,117.5526
N,G,2009-05-29,117.6889
N,G,2009-06-01,117.7231
N,G,2009-06-02,117.7782
N,G,2009-06-03,117.6171
N,G,2009-06-04,118.0064
N,G,2009-06-05,117.9385
N,G,2009-06-08,117.082
N,G,2009-06-09,117.3322
N,G,2009-06-10,117.6178
N,G,2009-06-11,117.5503
N,G,2009-06-12,117.86
N,G,2009-06-15,117.3499
N,G,2009-06-16,117.6352
N,G,2009-06-17,117.5368
N,G,2009-06-18,118.2325
N,G,2009-06-19,117.4821
N,G,2009-06-22,117.7829
N,G,2009-06-23,118.3733
N,G,2009-06-24,118.7429
N,G,2009-06-25,116.5508
N,G,2009-06-26,116.3305
N,G,2009-06-29,116.5857
N,G,2009-06-30,116.8252
N,G,2009-07-01,116.9025
N,G,2009-07-02,117.0026
N,G,2009-07-03,116.9641
N,G,2009-07-06,116.9787
N,G,2009-07-07,117.148
N,G,2009-07-08,117.368
N,G,2009-07-09,117.6304
N,G,2009-07-10,117.3613
N,G,2009-07-13,117.8123
N,G,2009-07-14,117.5635
N,G,2009-07-15,117.3047
N,G,2009-07-16,117.5582
N,G,2009-07-17,117.4526
N,G,2009-07-20,117.5096
N,G,2009-07-21,117.527
N,G,2009-07-22,117.6922
N,G,2009-07-23,117.5106
N,G,2009-07-24,116.9981
N,G,2009-07-27,117.1031
N,G,2009-07-28,117.0757
N,G,2009-07-29,117.0191
N,G,2009-07-30,116.1083
N,G,2009-07-31,115.7686
N,G,2009-08-03,116.6092
N,G,2009-08-04,116.8878
N,G,2009-08-05,116.8876
N,G,2009-08-06,116.7498
N,G,2009-08-07,116.9049
N,G,2009-08-10,115.9157
N,G,2009-08-11,116.0573
N,G,2009-08-12,116.6133
N,G,2009-08-13,116.4637
N,G,2009-08-14,116.6862
N,G,2009-08-17,117.039
N,G,2009-08-18,117.0414
N,G,2009-08-19,117.1497
N,G,2009-08-20,117.5367
N,G,2009-08-21,117.9574
N,G,2009-08-24,117.6223
N,G,2009-08-25,117.7129
N,G,2009-08-26,117.8098
N,G,2009-08-27,117.302
N,G,2009-08-28,117.7644
N,G,2009-08-31,117.9326
N,G,2009-09-01,118.0751
N,G,2009-09-02,117.8726
N,G,2009-09-03,118.0675
N,G,2009-09-04,117.8469
N,G,2009-09-07,117.8848
N,G,2009-09-08,117.9407
N,G,2009-09-09,118.2568
N,G,2009-09-10,118.5779
N,G,2009-09-11,118.589
N,G,2009-09-14,118.739
N,G,2009-09-15,118.5541
N,G,2009-09-16,118.5201
N,G,2009-09-17,118.4958
N,G,2009-09-18,118.7699
N,G,2009-09-21,118.8438
N,G,2009-09-22,119.2015
N,G,2009-09-23,119.298
N,G,2009-09-24,119.2775
N,G,2009-09-25,119.2425
N,G,2009-09-28,119.18
N,G,2009-09-29,118.9772
N,G,2009-09-30,119.0126
N,G,2009-10-01,118.3132
N,G,2009-10-02,118.6956
N,G,2009-10-05,119.0136
N,G,2009-10-06,119.1382
N,G,2009-10-07,118.9411
N,G,2009-10-08,118.6917
N,G,2009-10-09,118.4694
N,G,2009-10-12,118.4849
N,G,2009-10-13,118.8891
N,G,2009-10-14,118.978
N,G,2009-10-15,119.2613
N,G,2009-10-16,118.9797
N,G,2009-10-19,119.2683
N,G,2009-10-20,119.3552
N,G,2009-10-21,119.5679
N,G,2009-10-22,119.4257
N,G,2009-10-23,119.6417
N,G,2009-10-26,119.7514
N,G,2009-10-27,119.1753
N,G,2009-10-28,119.3118
N,G,2009-10-29,119.2573
N,G,2009-10-30,119.3636
N,G,2009-11-02,119.3921
N,G,2009-11-03,119.128
N,G,2009-11-04,119.1695
N,G,2009-11-05,119.4625
N,G,2009-11-06,119.2895
N,G,2009-11-09,119.4504
N,G,2009-11-10,119.471
N,G,2009-11-11,119.5603
N,G,2009-11-12,119.367
N,G,2009-11-13,119.129
N,G,2009-11-16,119.4172
N,G,2009-11-17,119.0855
N,G,2009-11-18,118.9863
N,G,2009-11-19,118.8467
N,G,2009-11-20,119.0928
N,G,2009-11-23,119.441
N,G,2009-11-24,119.3389
N,G,2009-11-25,119.5944
N,G,2009-11-26,119.9969
N,G,2009-11-27,119.7553
N,G,2009-11-30,119.9884
N,G,2009-12-01,120.0486
N,G,2009-12-02,119.9617
N,G,2009-12-03,119.9912
N,G,2009-12-04,119.938
N,G,2009-12-07,119.0426
N,G,2009-12-08,119.169
N,G,2009-12-09,119.0607
N,G,2009-12-10,118.8785
N,G,2009-12-11,118.8629
N,G,2009-12-14,118.6145
N,G,2009-12-15,118.2358
N,G,2009-12-16,118.236
N,G,2009-12-17,118.3896
N,G,2009-12-18,119.002
N,G,2009-12-21,119.0343
N,G,2009-12-22,118.9468
N,G,2009-12-23,119.1573
N,G,2009-12-24,119.7436
N,G,2009-12-25,119.7698
N,G,2009-12-28,119.7951
N,G,2009-12-29,120.156
N,G,2009-12-30,119.8325
N,G,2009-12-31,120.2077
N,G,2010-01-01,119.9006
N,G,2010-01-04,119.5987
N,G,2010-01-05,119.9652
N,G,2010-01-06,119.7542
N,G,2010-01-07,119.9653
N,G,2010-01-08,119.9031
N,G,2010-01-11,120.6323
N,G,2010-01-12,120.6458
N,G,2010-01-13,120.4672
N,G,2010-01-14,120.3325
N,G,2010-01-15,120.156
N,G,2010-01-18,120.1491
N,G,2010-01-19,120.0798
N,G,2010-01-20,119.6161
N,G,2010-01-21,119.5366
N,G,2010-01-22,119.941
N,G,2010-01-25,119.8172
N,G,2010-01-26,119.8597
N,G,2010-01-27,119.7402
N,G,2010-01-28,119.4578
N,G,2010-01-29,119.7321
N,G,2010-02-01,119.2575
N,G,2010-02-02,119.2332
N,G,2010-02-03,119.3972
N,G,2010-02-04,119.1744
N,G,2010-02-05,118.9064
N,G,2010-02-08,119.1009
N,G,2010-02-09,119.2488
N,G,2010-02-10,119.2828
N,G,2010-02-11,119.2678
N,G,2010-02-12,118.6083
N,G,2010-02-15,118.7171
N,G,2010-02-16,118.8226
N,G,2010-02-17,118.8418
N,G,2010-02-18,118.5086
N,G,2010-02-19,118.5085
N,G,2010-02-22,118.8613
N,G,2010-02-23,118.7658
N,G,2010-02-24,118.6162
N,G,2010-02-25,118.5318
N,G,2010-02-26,118.8762
N,G,2010-03-01,119.0463
N,G,2010-03-02,118.552
N,G,2010-03-03,119.0781
N,G,2010-03-04,119.0239
N,G,2010-03-05,118.831
N,G,2010-03-08,118.9543
N,G,2010-03-09,118.8436
N,G,2010-03-10,118.8649
N,G,2010-03-11,119.1786
N,G,2010-03-12,119.4504
N,G,2010-03-15,119.8213
N,G,2010-03-16,120.0232
N,G,2010-03-17,120.2377
N,G,2010-03-18,120.1304
N,G,2010-03-19,120.8124
N,G,2010-03-22,121.022
N,G,2010-03-23,120.7906
N,G,2010-03-24,120.7497
N,G,2010-03-25,120.7489
N,G,2010-03-26,120.8555
N,G,2010-03-29,121.0275
N,G,2010-03-30,120.8778
N,G,2010-03-31,120.7702
N,G,2010-04-01,121.6677
N,G,2010-04-02,121.2137
N,G,2010-04-05,120.7747
N,G,2010-04-06,120.3221
N,G,2010-04-07,120.1303
N,G,2010-04-08,119.8293
N,G,2010-04-09,119.958
N,G,2010-04-12,119.915
N,G,2010-04-13,120.3266
N,G,2010-04-14,120.6073
N,G,2010-04-15,120.5173
N,G,2010-04-16,120.4463
N,G,2010-04-19,120.2541
N,G,2010-04-20,120.2762
N,G,2010-04-21,120.0141
N,G,2010-04-22,119.977
N,G,2010-04-23,119.507
N,G,2010-04-26,119.4903
N,G,2010-04-27,119.4737
N,G,2010-04-28,119.4081
N,G,2010-04-29,119.3291
N,G,2010-04-30,119.4101
N,G,2010-05-03,119.5498
N,G,2010-05-04,119.2549
N,G,2010-05-05,118.7075
N,G,2010-05-06,118.3233
N,G,2010-05-07,119.9278
N,G,2010-05-10,119.4469
N,G,2010-05-11,119.6927
N,G,2010-05-12,119.6231
N,G,2010-05-13,119.671
N,G,2010-05-14,119.7128
N,G,2010-05-17,119.2189
N,G,2010-05-18,119.4513
N,G,2010-05-19,118.8964
N,G,2010-05-20,117.9446
N,G,2010-05-21,117.5768
N,G,2010-05-24,117.6714
N,G,2010-05-25,117.7753
N,G,2010-05-26,117.8113
N,G,2010-05-27,118.0281
N,G,2010-05-28,117.5218
N,G,2010-05-31,117.5577
N,G,2010-06-01,117.4771
N,G,2010-06-02,118.1918
N,G,2010-06-03,117.9194
N,G,2010-06-04,118.354
N,G,2010-06-07,119.1751
N,G,2010-06-08,119.4991
N,G,2010-06-09,120.2691
N,G,2010-06-10,120.2833
N,G,2010-06-11,120.1033
N,G,2010-06-14,119.9783
N,G,2010-06-15,119.1412
N,G,2010-06-16,120.0178
N,G,2010-06-17,121.3053
N,G,2010-06-18,121.4475
N,G,2010-06-21,121.7346
N,G,2010-06-22,122.272
N,G,2010-06-23,122.5386
N,G,2010-06-24,122.632
N,G,2010-06-25,123.0144
N,G,2010-06-28,124.3398
N,G,2010-06-29,125.1359
N,G,2010-06-30,125.7509
N,G,2010-07-01,126.4614
N,G,2010-07-02,125.7385
N,G,2010-07-05,126.037
N,G,2010-07-06,126.0286
N,G,2010-07-07,126.0243
N,G,2010-07-08,126.3322
N,G,2010-07-09,126.147
N,G,2010-07-12,125.5322
N,G,2010-07-13,125.9986
N,G,2010-07-14,125.2806
N,G,2010-07-15,126.0625
N,G,2010-07-16,125.9573
N,G,2010-07-19,125.4755
N,G,2010-07-20,124.7806
N,G,2010-07-21,125.3194
N,G,2010-07-22,126.6873
N,G,2010-07-23,125.9831
N,G,2010-07-26,124.6408
N,G,2010-07-27,123.8827
N,G,2010-07-28,123.1499
N,G,2010-07-29,123.7671
N,G,2010-07-30,125.5304
N,G,2010-08-02,124.1272
N,G,2010-08-03,124.26220000000001
N,G,2010-08-04,123.8728
N,G,2010-08-05,123.1363
N,G,2010-08-06,123.3755
N,G,2010-08-09,123.5636
N,G,2010-08-10,122.7192
N,G,2010-08-11,123.2888
N,G,2010-08-12,124.0431
N,G,2010-08-13,124.8733
N,G,2010-08-16,126.6588
N,G,2010-08-17,126.12
N,G,2010-08-18,125.874
N,G,2010-08-19,126.415
N,G,2010-08-20,127.37
N,G,2010-08-23,127.7812
N,G,2010-08-24,127.5387
N,G,2010-08-25,128.7801
N,G,2010-08-26,128.3862
N,G,2010-08-27,129.0183
N,G,2010-08-30,128.3367
N,G,2010-08-31,129.8294
N,G,2010-09-01,130.0257
N,G,2010-09-02,129.9571
N,G,2010-09-03,129.4456
N,G,2010-09-06,128.8749
N,G,2010-09-07,130.2581
N,G,2010-09-08,131.1321
N,G,2010-09-09,129.862
N,G,2010-09-10,129.0531
N,G,2010-09-13,129.2059
N,G,2010-09-14,130.5814
N,G,2010-09-15,129.9678
N,G,2010-09-16,129.6975
N,G,2010-09-17,127.0333
N,G,2010-09-20,128.7812
N,G,2010-09-21,129.0008
N,G,2010-09-22,129.074
N,G,2010-09-23,129.2858
N,G,2010-09-24,130.0136
N,G,2010-09-27,128.89
N,G,2010-09-28,129.3616
N,G,2010-09-29,129.2922
N,G,2010-09-30,129.0038
N,G,2010-10-01,128.2911
N,G,2010-10-04,128.8229
N,G,2010-10-05,129.4652
N,G,2010-10-06,128.9486
N,G,2010-10-07,129.2986
N,G,2010-10-08,128.6456
N,G,2010-10-11,128.986
N,G,2010-10-12,128.8267
N,G,2010-10-13,129.5378
N,G,2010-10-14,129.7399
N,G,2010-10-15,128.7774
N,G,2010-10-18,129.3689
N,G,2010-10-19,129.3411
N,G,2010-10-20,129.2901
N,G,2010-10-21,128.4316
N,G,2010-10-22,127.5841
N,G,2010-10-25,127.4741
N,G,2010-10-26,127.5652
N,G,2010-10-27,126.517
N,G,2010-10-28,126.7846
N,G,2010-10-29,126.2031
N,G,2010-11-01,125.5432
N,G,2010-11-02,125.7644
N,G,2010-11-03,126.1327
N,G,2010-11-04,126.7591
N,G,2010-11-05,128.0971
N,G,2010-11-08,128.2126
N,G,2010-11-09,129.0557
N,G,2010-11-10,128.4705
N,G,2010-11-11,128.8669
N,G,2010-11-12,128.8995
N,G,2010-11-15,128.3523
N,G,2010-11-16,128.0483
N,G,2010-11-17,127.3305
N,G,2010-11-18,127.5711
N,G,2010-11-19,126.786
N,G,2010-11-22,126.712
N,G,2010-11-23,127.6555
N,G,2010-11-24,128.3424
N,G,2010-11-25,127.9804
N,G,2010-11-26,128.3426
N,G,2010-11-29,128.2685
N,G,2010-11-30,130.0742
N,G,2010-12-01,128.8428
N,G,2010-12-02,128.6802
N,G,2010-12-03,129.5185
N,G,2010-12-06,130.4288
N,G,2010-12-07,130.1799
N,G,2010-12-08,130.0275
N,G,2010-12-09,130.0112
N,G,2010-12-10,130.5775
N,G,2010-12-13,130.8835
N,G,2010-12-14,131.6655
N,G,2010-12-15,133.0448
N,G,2010-12-16,132.5756
N,G,2010-12-17,133.3048
N,G,2010-12-20,133.2496
N,G,2010-12-21,133.9061
N,G,2010-12-22,135.2804
N,G,2010-12-23,135.3914
N,G,2010-12-24,134.0308
N,G,2010-12-27,133.7938
N,G,2010-12-28,134.9443
N,G,2010-12-29,135.2383
N,G,2010-12-30,136.3183
N,G,2010-12-31,135.9429
N,G,2011-01-03,136.2198
N,G,2011-01-04,135.0126
N,G,2011-01-05,134.2781
N,G,2011-01-06,133.1751
N,G,2011-01-07,134.3291
N,G,2011-01-10,134.6178
N,G,2011-01-11,133.4659
N,G,2011-01-12,132.6091
N,G,2011-01-13,131.6662
N,G,2011-01-14,131.8701
N,G,2011-01-17,132.1419
N,G,2011-01-18,132.3027
N,G,2011-01-19,132.1202
N,G,2011-01-20,132.4458
N,G,2011-01-21,131.2387
N,G,2011-01-24,131.5301
N,G,2011-01-25,132.4771
N,G,2011-01-26,132.8741
N,G,2011-01-27,132.9472
N,G,2011-01-28,132.8755
N,G,2011-01-31,133.7791
N,G,2011-02-01,133.1124
N,G,2011-02-02,133.322
N,G,2011-02-03,132.4347
N,G,2011-02-04,132.6317
N,G,2011-02-07,131.4922
N,G,2011-02-08,131.6449
N,G,2011-02-09,130.408
N,G,2011-02-10,130.76
N,G,2011-02-11,130.1344
N,G,2011-02-14,130.287
N,G,2011-02-15,130.3314
N,G,2011-02-16,131.0788
N,G,2011-02-17,131.7898
N,G,2011-02-18,132.2343
N,G,2011-02-21,132.2474
N,G,2011-02-22,133.3495
N,G,2011-02-23,133.5722
N,G,2011-02-24,135.0363
N,G,2011-02-25,134.4474
N,G,2011-02-28,134.4793
N,G,2011-03-01,133.6856
N,G,2011-03-02,134.4293
N,G,2011-03-03,134.1545
N,G,2011-03-04,133.1671
N,G,2011-03-07,133.4465
N,G,2011-03-08,132.8146
N,G,2011-03-09,133.2029
N,G,2011-03-10,133.3923
N,G,2011-03-11,133.6568
N,G,2011-03-14,133.529
N,G,2011-03-15,135.0888
N,G,2011-03-16,135.1199
N,G,2011-03-17,136.9999
N,G,2011-03-18,137.0246
N,G,2011-03-21,135.6957
N,G,2011-03-22,135.4929
N,G,2011-03-23,136.389
N,G,2011-03-24,135.0958
N,G,2011-03-25,134.4515
N,G,2011-03-28,134.3349
N,G,2011-03-29,134.2887
N,G,2011-03-30,133.6774
N,G,2011-03-31,134.0404
N,G,2011-04-01,133.2648
N,G,2011-04-04,132.7415
N,G,2011-04-05,133.0301
N,G,2011-04-06,132.9767
N,G,2011-04-07,132.9465
N,G,2011-04-08,132.7021
N,G,2011-04-11,133.4497
N,G,2011-04-12,134.5899
N,G,2011-04-13,135.0788
N,G,2011-04-14,135.4748
N,G,2011-04-15,135.6947
N,G,2011-04-18,136.0103
N,G,2011-04-19,136.2266
N,G,2011-04-20,135.5061
N,G,2011-04-21,136.095
N,G,2011-04-22,136.3502
N,G,2011-04-25,136.6845
N,G,2011-04-26,137.0149
N,G,2011-04-27,137.1151
N,G,2011-04-28,136.4577
N,G,2011-04-29,137.013
N,G,2011-05-02,137.1144
N,G,2011-05-03,138.0758
N,G,2011-05-04,138.3078
N,G,2011-05-05,138.8003
N,G,2011-05-06,138.3341
N,G,2011-05-09,138.3901
N,G,2011-05-10,138.3752
N,G,2011-05-11,137.709
N,G,2011-05-12,137.9757
N,G,2011-05-13,138.074
N,G,2011-05-16,138.2877
N,G,2011-05-17,138.373
N,G,2011-05-18,138.8146
N,G,2011-05-19,138.6503
N,G,2011-05-20,138.5646
N,G,2011-05-23,139.8473
N,G,2011-05-24,139.6899
N,G,2011-05-25,140.5113
N,G,2011-05-26,140.9559
N,G,2011-05-27,142.4314
N,G,2011-05-30,143.1178
N,G,2011-05-31,142.5442
N,G,2011-06-01,142.9374
N,G,2011-06-02,143.263
N,G,2011-06-03,143.6894
N,G,2011-06-06,144.0571
N,G,2011-06-07,144.1648
N,G,2011-06-08,143.7207
N,G,2011-06-09,143.7457
N,G,2011-06-10,143.949
N,G,2011-06-13,144.6471
N,G,2011-06-14,144.2918
N,G,2011-06-15,143.0091
N,G,2011-06-16,144.2755
N,G,2011-06-17,144.6659
N,G,2011-06-20,144.6701
N,G,2011-06-21,144.2231
N,G,2011-06-22,144.2615
N,G,2011-06-23,145.4691
N,G,2011-06-24,146.1284
N,G,2011-06-27,146.8572
N,G,2011-06-28,146.7449
N,G,2011-06-29,146.3417
N,G,2011-06-30,145.1589
N,G,2011-07-01,142.9734
N,G,2011-07-04,142.2759
N,G,2011-07-05,143.3957
N,G,2011-07-06,144.5134
N,G,2011-07-07,145.2145
N,G,2011-07-08,143.8145
N,G,2011-07-11,146.3747
N,G,2011-07-12,148.4728
N,G,2011-07-13,148.3404
N,G,2011-07-14,149.6993
N,G,2011-07-15,149.9347
N,G,2011-07-18,150.9643
N,G,2011-07-19,149.1478
N,G,2011-07-20,148.5834
N,G,2011-07-21,148.4066
N,G,2011-07-22,146.9625
N,G,2011-07-25,150.5592
N,G,2011-07-26,150.1514
N,G,2011-07-27,150.461
N,G,2011-07-28,150.8578
N,G,2011-07-29,151.6014
N,G,2011-08-01,152.9485
N,G,2011-08-02,156.6978
N,G,2011-08-03,156.628
N,G,2011-08-04,156.696
N,G,2011-08-05,159.7333
N,G,2011-08-08,160.0069
N,G,2011-08-09,163.0343
N,G,2011-08-10,168.453
N,G,2011-08-11,165.7013
N,G,2011-08-12,158.5898
N,G,2011-08-15,153.5239
N,G,2011-08-16,155.3777
N,G,2011-08-17,154.7719
N,G,2011-08-18,152.5938
N,G,2011-08-19,154.0784
N,G,2011-08-22,154.3564
N,G,2011-08-23,153.8795
N,G,2011-08-24,153.351
N,G,2011-08-25,153.3299
N,G,2011-08-26,153.2745
N,G,2011-08-29,148.8717
N,G,2011-08-30,148.872
N,G,2011-08-31,149.5204
N,G,2011-09-01,152.7386
N,G,2011-09-02,156.3414
N,G,2011-09-05,156.3242
N,G,2011-09-06,144.5875
N,G,2011-09-07,143.835
N,G,2011-09-08,142.8337
N,G,2011-09-09,141.9676
N,G,2011-09-12,142.1443
N,G,2011-09-13,142.7609
N,G,2011-09-14,143.1174
N,G,2011-09-15,143.3613
N,G,2011-09-16,143.2676
N,G,2011-09-19,142.9779
N,G,2011-09-20,143.159
N,G,2011-09-21,141.5799
N,G,2011-09-22,140.6515
N,G,2011-09-23,141.7384
N,G,2011-09-26,141.2789
N,G,2011-09-27,141.4583
N,G,2011-09-28,141.6821
N,G,2011-09-29,142.0377
N,G,2011-09-30,141.7585
N,G,2011-10-03,141.5643
N,G,2011-10-04,140.9472
N,G,2011-10-05,140.1332
N,G,2011-10-06,139.1803
N,G,2011-10-07,139.2114
N,G,2011-10-10,139.5215
N,G,2011-10-11,140.3865
N,G,2011-10-12,140.3446
N,G,2011-10-13,140.6594
N,G,2011-10-14,140.5398
N,G,2011-10-17,140.6346
N,G,2011-10-18,140.5121
N,G,2011-10-19,139.8014
N,G,2011-10-20,140.2333
N,G,2011-10-21,142.1991
N,G,2011-10-24,142.0659
N,G,2011-10-25,142.4417
N,G,2011-10-26,142.9602
N,G,2011-10-27,142.5699
N,G,2011-10-28,143.1665
N,G,2011-10-31,142.936
N,G,2011-11-01,142.2231
N,G,2011-11-02,142.5857
N,G,2011-11-03,143.0403
N,G,2011-11-04,142.1192
N,G,2011-11-07,140.1445
N,G,2011-11-08,139.7109
N,G,2011-11-09,140.2588
N,G,2011-11-10,140.2005
N,G,2011-11-11,140.099
N,G,2011-11-14,140.0043
N,G,2011-11-15,139.3156
N,G,2011-11-16,139.3873
N,G,2011-11-17,139.0919
N,G,2011-11-18,139.8598
N,G,2011-11-21,139.657
N,G,2011-11-22,140.4896
N,G,2011-11-23,140.4549
N,G,2011-11-24,140.5129
N,G,2011-11-25,140.3261
N,G,2011-11-28,140.413
N,G,2011-11-29,140.2823
N,G,2011-11-30,140.6054
N,G,2011-12-01,140.702
N,G,2011-12-02,139.6489
N,G,2011-12-05,139.2383
N,G,2011-12-06,138.8657
N,G,2011-12-07,138.8182
N,G,2011-12-08,139.0156
N,G,2011-12-09,139.6875
N,G,2011-12-12,139.3618
N,G,2011-12-13,138.9473
N,G,2011-12-14,138.6604
N,G,2011-12-15,139.3183
N,G,2011-12-16,139.4822
N,G,2011-12-19,140.0602
N,G,2011-12-20,140.3829
N,G,2011-12-21,140.0081
N,G,2011-12-22,139.7034
N,G,2011-12-23,139.4982
N,G,2011-12-26,139.5207
N,G,2011-12-27,139.7248
N,G,2011-12-28,139.875
N,G,2011-12-29,139.6552
N,G,2011-12-30,139.9908
N,G,2012-01-02,139.7531
N,G,2012-01-03,139.9224
N,G,2012-01-04,139.7338
N,G,2012-01-05,138.9626
N,G,2012-01-06,138.7139
N,G,2012-01-09,138.9097
N,G,2012-01-10,139.162
N,G,2012-01-11,138.9058
N,G,2012-01-12,139.0704
N,G,2012-01-13,139.3684
N,G,2012-01-16,138.8698
N,G,2012-01-17,139.1258
N,G,2012-01-18,139.2629
N,G,2012-01-19,139.6691
N,G,2012-01-20,139.794
N,G,2012-01-23,139.7934
N,G,2012-01-24,140.2668
N,G,2012-01-25,139.963
N,G,2012-01-26,140.5458
N,G,2012-01-27,140.3268
N,G,2012-01-30,140.7051
N,G,2012-01-31,140.6193
N,G,2012-02-01,140.5682
N,G,2012-02-02,140.3599
N,G,2012-02-03,140.267
N,G,2012-02-06,139.7521
N,G,2012-02-07,140.0581
N,G,2012-02-08,140.0324
N,G,2012-02-09,140.3376
N,G,2012-02-10,140.48
N,G,2012-02-13,140.4737
N,G,2012-02-14,140.3019
N,G,2012-02-15,140.2695
N,G,2012-02-16,139.9134
N,G,2012-02-17,140.2114
N,G,2012-02-20,140.4192
N,G,2012-02-21,140.6547
N,G,2012-02-22,140.787
N,G,2012-02-23,141.3987
N,G,2012-02-24,141.7391
N,G,2012-02-27,142.0139
N,G,2012-02-28,141.885
N,G,2012-02-29,141.7572
N,G,2012-03-01,141.3353
N,G,2012-03-02,140.8739
N,G,2012-03-05,140.7906
N,G,2012-03-06,140.8399
N,G,2012-03-07,140.8429
N,G,2012-03-08,141.0462
N,G,2012-03-09,140.9558
N,G,2012-03-12,140.7233
N,G,2012-03-13,140.745
N,G,2012-03-14,139.8709
N,G,2012-03-15,140.0652
N,G,2012-03-16,140.387
N,G,2012-03-19,140.8221
N,G,2012-03-20,141.1126
N,G,2012-03-21,141.5011
N,G,2012-03-22,141.1973
N,G,2012-03-23,141.6118
N,G,2012-03-26,141.5307
N,G,2012-03-27,141.7152
N,G,2012-03-28,141.8611
N,G,2012-03-29,141.8754
N,G,2012-03-30,142.0169
N,G,2012-04-02,142
N,G,2012-04-03,141.9186
N,G,2012-04-04,141.2566
N,G,2012-04-05,141.0975
N,G,2012-04-06,141.1123
N,G,2012-04-09,141.1867
N,G,2012-04-10,141.1899
N,G,2012-04-11,141.441
N,G,2012-04-12,141.3492
N,G,2012-04-13,141.3785
N,G,2012-04-16,140.8169
N,G,2012-04-17,141.4102
N,G,2012-04-18,141.0877
N,G,2012-04-19,141.3591
N,G,2012-04-20,141.6028
N,G,2012-04-23,141.5555
N,G,2012-04-24,141.6799
N,G,2012-04-25,141.8614
N,G,2012-04-26,141.8284
N,G,2012-04-27,141.7338
N,G,2012-04-30,141.7174
N,G,2012-05-01,141.9239
N,G,2012-05-02,141.4127
N,G,2012-05-03,141.4522
N,G,2012-05-04,141.5046
N,G,2012-05-07,140.9458
N,G,2012-05-08,140.9268
N,G,2012-05-09,140.924
N,G,2012-05-10,140.8495
N,G,2012-05-11,140.8387
N,G,2012-05-14,140.7041
N,G,2012-05-15,140.5615
N,G,2012-05-16,140.3061
N,G,2012-05-17,140.3135
N,G,2012-05-18,140.3503
N,G,2012-05-21,140.7125
N,G,2012-05-22,140.7423
N,G,2012-05-23,140.436
N,G,2012-05-24,140.0199
N,G,2012-05-25,139.9209
N,G,2012-05-28,139.7345
N,G,2012-05-29,139.7046
N,G,2012-05-30,139.4942
N,G,2012-05-31,139.4406
N,G,2012-06-01,139.3933
N,G,2012-06-04,139.6989
N,G,2012-06-05,139.6807
N,G,2012-06-06,139.918
N,G,2012-06-07,139.9769
N,G,2012-06-08,139.7193
N,G,2012-06-11,140.0422
N,G,2012-06-12,139.9146
N,G,2012-06-13,139.8971
N,G,2012-06-14,140.1524
N,G,2012-06-15,140.3568
N,G,2012-06-18,140.1734
N,G,2012-06-19,140.1403
N,G,2012-06-20,140.4615
N,G,2012-06-21,140.3927
N,G,2012-06-22,140.215
N,G,2012-06-25,139.9477
N,G,2012-06-26,139.8526
N,G,2012-06-27,139.8302
N,G,2012-06-28,139.5048
N,G,2012-06-29,140.0958
N,G,2012-07-02,140.0724
N,G,2012-07-03,139.6575
N,G,2012-07-04,139.5334
N,G,2012-07-05,139.2217
N,G,2012-07-06,138.6906
N,G,2012-07-09,138.4264
N,G,2012-07-10,138.3417
N,G,2012-07-11,138.1536
N,G,2012-07-12,137.9491
N,G,2012-07-13,137.8594
N,G,2012-07-16,137.7292
N,G,2012-07-17,137.9926
N,G,2012-07-18,137.934
N,G,2012-07-19,137.8079
N,G,2012-07-20,137.5715
N,G,2012-07-23,137.1894
N,G,2012-07-24,137.2629
N,G,2012-07-25,137.4776
N,G,2012-07-26,137.5
N,G,2012-07-27,137.8266
N,G,2012-07-30,137.7153
N,G,2012-07-31,137.6914
N,G,2012-08-01,137.9255
N,G,2012-08-02,137.6977
N,G,2012-08-03,137.7051
N,G,2012-08-06,138.2291
N,G,2012-08-07,138.2981
N,G,2012-08-08,138.215
N,G,2012-08-09,137.8709
N,G,2012-08-10,137.7095
N,G,2012-08-13,137.7542
N,G,2012-08-14,138.1506
N,G,2012-08-15,138.0414
N,G,2012-08-16,137.8313
N,G,2012-08-17,138.2254
N,G,2012-08-20,138.1775
N,G,2012-08-21,138.436
N,G,2012-08-22,138.7168
N,G,2012-08-23,138.9687
N,G,2012-08-24,139.0805
N,G,2012-08-27,138.9969
N,G,2012-08-28,139.1445
N,G,2012-08-29,139.3205
N,G,2012-08-30,139.3252
N,G,2012-08-31,139.3059
N,G,2012-09-03,139.3457
N,G,2012-09-04,139.4651
N,G,2012-09-05,139.1831
N,G,2012-09-06,139.1486
N,G,2012-09-07,138.6319
N,G,2012-09-10,139.1092
N,G,2012-09-11,139.5471
N,G,2012-09-12,139.5615
N,G,2012-09-13,139.6105
N,G,2012-09-14,139.4419
N,G,2012-09-17,139.6719
N,G,2012-09-18,140.13
N,G,2012-09-19,140.1307
N,G,2012-09-20,139.9686
N,G,2012-09-21,139.7422
N,G,2012-09-24,139.4518
N,G,2012-09-25,139.3779
N,G,2012-09-26,139.2428
N,G,2012-09-27,139.2602
N,G,2012-09-28,139.2385
N,G,2012-10-01,139.2359
N,G,2012-10-02,139.2617
N,G,2012-10-03,139.2806
N,G,2012-10-04,139.1554
N,G,2012-10-05,139.492
N,G,2012-10-08,139.6064
N,G,2012-10-09,139.311
N,G,2012-10-10,139.1621
N,G,2012-10-11,139.5256
N,G,2012-10-12,139.6967
N,G,2012-10-15,139.7312
N,G,2012-10-16,139.9497
N,G,2012-10-17,140.3033
N,G,2012-10-18,140.3367
N,G,2012-10-19,140.3804
N,G,2012-10-22,140.1983
N,G,2012-10-23,140.2295
N,G,2012-10-24,139.9299
N,G,2012-10-25,140.0037
N,G,2012-10-26,139.7912
N,G,2012-10-29,139.7421
N,G,2012-10-30,139.9603
N,G,2012-10-31,140.3116
N,G,2012-11-01,139.983
N,G,2012-11-02,139.7398
N,G,2012-11-05,139.6338
N,G,2012-11-06,139.4288
N,G,2012-11-07,139.4879
N,G,2012-11-08,139.3475
N,G,2012-11-09,139.2519
N,G,2012-11-12,139.3418
N,G,2012-11-13,139.3699
N,G,2012-11-14,139.7635
N,G,2012-11-15,139.9787
N,G,2012-11-16,139.8743
N,G,2012-11-19,139.933
N,G,2012-11-20,140.0203
N,G,2012-11-21,140.0739
N,G,2012-11-22,140.3991
N,G,2012-11-23,140.7117
N,G,2012-11-26,141.0017
N,G,2012-11-27,140.8641
N,G,2012-11-28,140.8124
N,G,2012-11-29,140.9364
N,G,2012-11-30,141.0057
N,G,2012-12-03,140.9799
N,G,2012-12-04,140.2765
N,G,2012-12-05,140.2315
N,G,2012-12-06,140.3366
N,G,2012-12-07,139.964
N,G,2012-12-10,140.1226
N,G,2012-12-11,139.8144
N,G,2012-12-12,139.9841
N,G,2012-12-13,140.5601
N,G,2012-12-14,140.9171
N,G,2012-12-17,141.3253
N,G,2012-12-18,141.4752
N,G,2012-12-19,141.7283
N,G,2012-12-20,141.708
N,G,2012-12-21,141.5666
N,G,2012-12-24,141.7774
N,G,2012-12-25,141.6985
N,G,2012-12-26,141.8029
N,G,2012-12-27,141.9564
N,G,2012-12-28,141.6487
N,G,2012-12-31,141.6947
N,G,2013-01-01,141.6054
N,G,2013-01-02,141.6208
N,G,2013-01-03,141.0225
N,G,2013-01-04,140.6363
N,G,2013-01-07,140.8659
N,G,2013-01-08,141.0935
N,G,2013-01-09,140.9093
N,G,2013-01-10,141.1151
N,G,2013-01-11,141.136
N,G,2013-01-14,140.7368
N,G,2013-01-15,139.5155
N,G,2013-01-16,139.1053
N,G,2013-01-17,138.5048
N,G,2013-01-18,138.0627
N,G,2013-01-21,138.7061
N,G,2013-01-22,139.0774
N,G,2013-01-23,139.0615
N,G,2013-01-24,139.0278
N,G,2013-01-25,139.1916
N,G,2013-01-28,139.2559
N,G,2013-01-29,139.5451
N,G,2013-01-30,139.8329
N,G,2013-01-31,140.907
N,G,2013-02-01,141.2796
N,G,2013-02-04,140.9521
N,G,2013-02-05,141.5268
N,G,2013-02-06,141.0002
N,G,2013-02-07,141.5114
N,G,2013-02-08,140.8336
N,G,2013-02-11,141.0702
N,G,2013-02-12,141.0303
N,G,2013-02-13,140.4983
N,G,2013-02-14,140.4765
N,G,2013-02-15,140.6769
N,G,2013-02-18,140.5094
N,G,2013-02-19,140.4302
N,G,2013-02-20,140.7731
N,G,2013-02-21,140.2851
N,G,2013-02-22,140.3119
N,G,2013-02-25,140.7426
N,G,2013-02-26,141.0377
N,G,2013-02-27,140.9568
N,G,2013-02-28,140.8789
N,G,2013-03-01,140.278
N,G,2013-03-04,139.9238
N,G,2013-03-05,139.7776
N,G,2013-03-06,139.2818
N,G,2013-03-07,139.2822
N,G,2013-03-08,139.1431
N,G,2013-03-11,138.8606
N,G,2013-03-12,139.2479
N,G,2013-03-13,139.2078
N,G,2013-03-14,138.6987
N,G,2013-03-15,139.4771
N,G,2013-03-18,139.9989
N,G,2013-03-19,139.5943
N,G,2013-03-20,139.7652
N,G,2013-03-21,139.7978
N,G,2013-03-22,139.8237
N,G,2013-03-25,140.0386
N,G,2013-03-26,139.4966
N,G,2013-03-27,139.487
N,G,2013-03-28,139.2671
N,G,2013-03-29,139.5844
N,G,2013-04-01,139.6444
N,G,2013-04-02,139.8921
N,G,2013-04-03,139.6562
N,G,2013-04-04,139.9406
N,G,2013-04-05,140.5805
N,G,2013-04-08,140.9763
N,G,2013-04-09,140.6372
N,G,2013-04-10,140.8637
N,G,2013-04-11,140.8657
N,G,2013-04-12,140.8844
N,G,2013-04-15,141.2237
N,G,2013-04-16,141.2387
N,G,2013-04-17,141.7582
N,G,2013-04-18,141.1717
N,G,2013-04-19,141.0624
N,G,2013-04-22,140.9323
N,G,2013-04-23,140.4062
N,G,2013-04-24,139.4973
N,G,2013-04-25,139.0543
N,G,2013-04-26,139.3819
N,G,2013-04-29,139.5088
N,G,2013-04-30,139.8985
N,G,2013-05-01,140.4409
N,G,2013-05-02,140.6384
N,G,2013-05-03,140.2773
N,G,2013-05-06,139.6175
N,G,2013-05-07,139.3578
N,G,2013-05-08,139.464
N,G,2013-05-09,139.6296
N,G,2013-05-10,137.5316
N,G,2013-05-13,137.6928
N,G,2013-05-14,138.0903
N,G,2013-05-15,136.6914
N,G,2013-05-16,137.2002
N,G,2013-05-17,137.3391
N,G,2013-05-20,137.1955
N,G,2013-05-21,137.3049
N,G,2013-05-22,136.6661
N,G,2013-05-23,137.6561
N,G,2013-05-24,137.4686
N,G,2013-05-27,137.8759
N,G,2013-05-28,137.1602
N,G,2013-05-29,137.3854
N,G,2013-05-30,138.4356
N,G,2013-05-31,138.9573
N,G,2013-06-03,138.7074
N,G,2013-06-04,139.2587
N,G,2013-06-05,139.4596
N,G,2013-06-06,140.3356
N,G,2013-06-07,141.0756
N,G,2013-06-10,140.4213
N,G,2013-06-11,141.1519
N,G,2013-06-12,141.5005
N,G,2013-06-13,142.0182
N,G,2013-06-14,141.3201
N,G,2013-06-17,141.3576
N,G,2013-06-18,141.9335
N,G,2013-06-19,141.9572
N,G,2013-06-20,141.6188
N,G,2013-06-21,142.3644
N,G,2013-06-24,142.2163
N,G,2013-06-25,141.9217
N,G,2013-06-26,141.5656
N,G,2013-06-27,141.0744
N,G,2013-06-28,140.6085
N,G,2013-07-01,140.8014
N,G,2013-07-02,140.4769
N,G,2013-07-03,140.8793
N,G,2013-07-04,140.6378
N,G,2013-07-05,140.0579
N,G,2013-07-08,139.781
N,G,2013-07-09,139.0559
N,G,2013-07-10,138.9708
N,G,2013-07-11,140.0858
N,G,2013-07-12,140.2212
N,G,2013-07-15,140.2157
N,G,2013-07-16,140.3153
N,G,2013-07-17,141.0093
N,G,2013-07-18,140.6913
N,G,2013-07-19,140.7331
N,G,2013-07-22,140.8938
N,G,2013-07-23,140.9563
N,G,2013-07-24,140.8221
N,G,2013-07-25,140.9484
N,G,2013-07-26,141.8261
N,G,2013-07-29,141.8109
N,G,2013-07-30,141.9144
N,G,2013-07-31,142.5774
N,G,2013-08-01,142.199
N,G,2013-08-02,141.672
N,G,2013-08-05,142.1677
N,G,2013-08-06,142.426
N,G,2013-08-07,142.4478
N,G,2013-08-08,142.7607
N,G,2013-08-09,142.5792
N,G,2013-08-12,142.21190000000001
N,G,2013-08-13,141.9853
N,G,2013-08-14,141.0717
N,G,2013-08-15,141.2061
N,G,2013-08-16,142.0316
N,G,2013-08-19,142.2576
N,G,2013-08-20,143.1874
N,G,2013-08-21,143.3863
N,G,2013-08-22,143.0597
N,G,2013-08-23,142.9763
N,G,2013-08-26,142.9415
N,G,2013-08-27,143.6466
N,G,2013-08-28,144.1171
N,G,2013-08-29,143.3532
N,G,2013-08-30,142.9626
N,G,2013-09-02,142.605
N,G,2013-09-03,142.6404
N,G,2013-09-04,142.3549
N,G,2013-09-05,141.7247
N,G,2013-09-06,141.3625
N,G,2013-09-09,141.7712
N,G,2013-09-10,141.7522
N,G,2013-09-11,141.3665
N,G,2013-09-12,141.7149
N,G,2013-09-13,141.7153
N,G,2013-09-16,141.7365
N,G,2013-09-17,141.844
N,G,2013-09-18,141.8016
N,G,2013-09-19,142.7013
N,G,2013-09-20,143.0117
N,G,2013-09-23,142.9525
N,G,2013-09-24,143.171
N,G,2013-09-25,143.2947
N,G,2013-09-26,143.3023
N,G,2013-09-27,143.8116
N,G,2013-09-30,144.1615
N,G,2013-10-01,144.0298
N,G,2013-10-02,143.9389
N,G,2013-10-03,143.8883
N,G,2013-10-04,143.9963
N,G,2013-10-07,144.0543
N,G,2013-10-08,143.6445
N,G,2013-10-09,143.3425
N,G,2013-10-10,143.1913
N,G,2013-10-11,143.1387
N,G,2013-10-14,142.7386
N,G,2013-10-15,142.7012
N,G,2013-10-16,142.656
N,G,2013-10-17,143.28
N,G,2013-10-18,143.2061
N,G,2013-10-21,143.145
N,G,2013-10-22,143.3436
N,G,2013-10-23,144.1118
N,G,2013-10-24,144.4573
N,G,2013-10-25,144.2758
N,G,2013-10-28,143.9922
N,G,2013-10-29,143.7015
N,G,2013-10-30,143.8009
N,G,2013-10-31,143.686
N,G,2013-11-01,143.2018
N,G,2013-11-04,143.1171
N,G,2013-11-05,143.1029
N,G,2013-11-06,143.0801
N,G,2013-11-07,142.9308
N,G,2013-11-08,142.8793
N,G,2013-11-11,142.6811
N,G,2013-11-12,142.9799
N,G,2013-11-13,143.1774
N,G,2013-11-14,143.0937
N,G,2013-11-15,142.7695
N,G,2013-11-18,143.0701
N,G,2013-11-19,143.0226
N,G,2013-11-20,143.1673
N,G,2013-11-21,142.9815
N,G,2013-11-22,143.5515
N,G,2013-11-25,143.5063
N,G,2013-11-26,143.6632
N,G,2013-11-27,143.9658
N,G,2013-11-28,143.9746
N,G,2013-11-29,143.9461
N,G,2013-12-02,143.648
N,G,2013-12-03,144.0302
N,G,2013-12-04,144.2975
N,G,2013-12-05,144.6052
N,G,2013-12-06,145.1485
N,G,2013-12-09,145.2826
N,G,2013-12-10,145.5084
N,G,2013-12-11,145.8085
N,G,2013-12-12,145.8202
N,G,2013-12-13,146.0227
N,G,2013-12-16,146.037
N,G,2013-12-17,146.0986
N,G,2013-12-18,145.9537
N,G,2013-12-19,145.315
N,G,2013-12-20,145.1421
N,G,2013-12-23,145.2303
N,G,2013-12-24,145.3808
N,G,2013-12-25,145.4849
N,G,2013-12-26,145.1744
N,G,2013-12-27,145.9564
N,G,2013-12-30,145.706
N,G,2013-12-31,145.5655
N,G,2014-01-01,145.4406
N,G,2014-01-02,144.9375
N,G,2014-01-03,144.6746
N,G,2014-01-06,144.4666
N,G,2014-01-07,143.911
N,G,2014-01-08,143.5501
N,G,2014-01-09,143.7652
N,G,2014-01-10,144.0227
N,G,2014-01-13,144.1928
N,G,2014-01-14,144.4625
N,G,2014-01-15,143.8673
N,G,2014-01-16,144.0839
N,G,2014-01-17,144.051
N,G,2014-01-20,143.8851
N,G,2014-01-21,143.6574
N,G,2014-01-22,143.7025
N,G,2014-01-23,144.7168
N,G,2014-01-24,145.5228
N,G,2014-01-27,146.1255
N,G,2014-01-28,145.3209
N,G,2014-01-29,145.5243
N,G,2014-01-30,145.8797
N,G,2014-01-31,145.4154
N,G,2014-02-03,145.4709
N,G,2014-02-04,145.4414
N,G,2014-02-05,145.2668
N,G,2014-02-06,145.351
N,G,2014-02-07,145.4655
N,G,2014-02-10,145.8055
N,G,2014-02-11,145.7983
N,G,2014-02-12,145.3978
N,G,2014-02-13,145.9342
N,G,2014-02-14,145.7916
N,G,2014-02-17,145.8237
N,G,2014-02-18,146.1019
N,G,2014-02-19,146.3333
N,G,2014-02-20,146.4247
N,G,2014-02-21,146.4213
N,G,2014-02-24,146.5899
N,G,2014-02-25,146.5859
N,G,2014-02-26,146.4586
N,G,2014-02-27,146.6738
N,G,2014-02-28,146.9836
N,G,2014-03-03,147.5782
N,G,2014-03-04,147.0883
N,G,2014-03-05,146.64
N,G,2014-03-06,146.5167
N,G,2014-03-07,147.2227
N,G,2014-03-10,147.551
N,G,2014-03-11,147.4808
N,G,2014-03-12,147.9403
N,G,2014-03-13,148.2747
N,G,2014-03-14,148.2137
N,G,2014-03-17,148.0604
N,G,2014-03-18,148.0644
N,G,2014-03-19,147.7203
N,G,2014-03-20,147.1505
N,G,2014-03-21,147.3681
N,G,2014-03-24,147.1487
N,G,2014-03-25,147.1094
N,G,2014-03-26,146.5213
N,G,2014-03-27,146.5538
N,G,2014-03-28,146.3671
N,G,2014-03-31,146.4029
N,G,2014-04-01,146.7165
N,G,2014-04-02,146.5165
N,G,2014-04-03,146.2406
N,G,2014-04-04,145.7495
N,G,2014-04-07,145.9236
N,G,2014-04-08,146.2286
N,G,2014-04-09,146.364
N,G,2014-04-10,146.882
N,G,2014-04-11,147.2098
N,G,2014-04-14,147.1097
N,G,2014-04-15,146.9257
N,G,2014-04-16,147.0699
N,G,2014-04-17,146.8704
N,G,2014-04-18,146.5685
N,G,2014-04-21,146.5305
N,G,2014-04-22,146.3451
N,G,2014-04-23,146.7019
N,G,2014-04-24,146.6783
N,G,2014-04-25,146.7654
N,G,2014-04-28,147.0464
N,G,2014-04-29,146.76
N,G,2014-04-30,146.4836
N,G,2014-05-01,146.7079
N,G,2014-05-02,146.7629
N,G,2014-05-05,147.012
N,G,2014-05-06,147.2473
N,G,2014-05-07,147.0528
N,G,2014-05-08,146.8399
N,G,2014-05-09,146.2242
N,G,2014-05-12,145.7773
N,G,2014-05-13,145.7018
N,G,2014-05-14,145.5707
N,G,2014-05-15,145.1869
N,G,2014-05-16,145.4072
N,G,2014-05-19,145.1327
N,G,2014-05-20,145.057
N,G,2014-05-21,145.2049
N,G,2014-05-22,144.9878
N,G,2014-05-23,144.7473
N,G,2014-05-26,144.9669
N,G,2014-05-27,144.8479
N,G,2014-05-28,144.7527
N,G,2014-05-29,144.8915
N,G,2014-05-30,144.9218
N,G,2014-06-02,144.8342
N,G,2014-06-03,144.8229
N,G,2014-06-04,145.1778
N,G,2014-06-05,145.2925
N,G,2014-06-06,145.4242
N,G,2014-06-09,145.0659
N,G,2014-06-10,144.6852
N,G,2014-06-11,144.6525
N,G,2014-06-12,144.7015
N,G,2014-06-13,144.9413
N,G,2014-06-16,144.7604
N,G,2014-06-17,144.9501
N,G,2014-06-18,144.936
N,G,2014-06-19,145.309
N,G,2014-06-20,145.2429
N,G,2014-06-23,145.0651
N,G,2014-06-24,145.3499
N,G,2014-06-25,145.3451
N,G,2014-06-26,145.2608
N,G,2014-06-27,145.2857
N,G,2014-06-30,145.6607
N,G,2014-07-01,145.8599
N,G,2014-07-02,145.6118
N,G,2014-07-03,145.6027
N,G,2014-07-04,145.1014
N,G,2014-07-07,145.258
N,G,2014-07-08,145.2541
N,G,2014-07-09,145.2207
N,G,2014-07-10,145.3767
N,G,2014-07-11,145.3661
N,G,2014-07-14,145.5468
N,G,2014-07-15,145.3325
N,G,2014-07-16,144.8991
N,G,2014-07-17,144.9985
N,G,2014-07-18,145.1032
N,G,2014-07-21,144.9353
N,G,2014-07-22,144.666
N,G,2014-07-23,144.4649
N,G,2014-07-24,144.6582
N,G,2014-07-25,144.4653
N,G,2014-07-28,144.5031
N,G,2014-07-29,144.5352
N,G,2014-07-30,144.2749
N,G,2014-07-31,144.3938
N,G,2014-08-01,144.6459
N,G,2014-08-04,144.7173
N,G,2014-08-05,144.2925
N,G,2014-08-06,144.6219
N,G,2014-08-07,144.6956
N,G,2014-08-08,145.0737
N,G,2014-08-11,144.9715
N,G,2014-08-12,144.7195
N,G,2014-08-13,144.7154
N,G,2014-08-14,144.962
N,G,2014-08-15,145.1158
N,G,2014-08-18,145.1838
N,G,2014-08-19,145.0447
N,G,2014-08-20,144.8288
N,G,2014-08-21,144.7728
N,G,2014-08-22,144.8138
N,G,2014-08-25,144.5735
N,G,2014-08-26,144.6163
N,G,2014-08-27,144.5759
N,G,2014-08-28,144.814
N,G,2014-08-29,144.7186
N,G,2014-09-01,144.5238
N,G,2014-09-02,144.3981
N,G,2014-09-03,144.5005
N,G,2014-09-04,144.4268
N,G,2014-09-05,143.7277
N,G,2014-09-08,143.7662
N,G,2014-09-09,143.6436
N,G,2014-09-10,143.7854
N,G,2014-09-11,143.4799
N,G,2014-09-12,143.5616
N,G,2014-09-15,143.5943
N,G,2014-09-16,143.9621
N,G,2014-09-17,143.5808
N,G,2014-09-18,143.6501
N,G,2014-09-19,143.5689
N,G,2014-09-22,143.4816
N,G,2014-09-23,143.6259
N,G,2014-09-24,143.3203
N,G,2014-09-25,142.8279
N,G,2014-09-26,143.0515
N,G,2014-09-29,143.0041
N,G,2014-09-30,142.816
N,G,2014-10-01,142.6682
N,G,2014-10-02,142.6333
N,G,2014-10-03,142.4045
N,G,2014-10-06,141.9228
N,G,2014-10-07,142.1835
N,G,2014-10-08,142.3108
N,G,2014-10-09,142.6585
N,G,2014-10-10,142.5509
N,G,2014-10-13,142.7202
N,G,2014-10-14,143.0643
N,G,2014-10-15,143.172
N,G,2014-10-16,143.9711
N,G,2014-10-17,143.816
N,G,2014-10-20,143.6252
N,G,2014-10-21,143.7208
N,G,2014-10-22,143.1827
N,G,2014-10-23,143.1131
N,G,2014-10-24,143.1413
N,G,2014-10-27,143.3615
N,G,2014-10-28,143.4218
N,G,2014-10-29,143.5246
N,G,2014-10-30,142.9607
N,G,2014-10-31,142.6946
N,G,2014-11-03,142.613
N,G,2014-11-04,142.8346
N,G,2014-11-05,143.0829
N,G,2014-11-06,143.0552
N,G,2014-11-07,142.8718
N,G,2014-11-10,143.1356
N,G,2014-11-11,143.0408
N,G,2014-11-12,143.0846
N,G,2014-11-13,143.363
N,G,2014-11-14,143.6805
N,G,2014-11-17,143.8537
N,G,2014-11-18,144.0217
N,G,2014-11-19,144.2502
N,G,2014-11-20,144.1754
N,G,2014-11-21,143.4077
N,G,2014-11-24,143.1356
N,G,2014-11-25,143.3696
N,G,2014-11-26,143.572
N,G,2014-11-27,143.5576
N,G,2014-11-28,143.6733
N,G,2014-12-01,144.0373
N,G,2014-12-02,143.5271
N,G,2014-12-03,143.2324
N,G,2014-12-04,143.189
N,G,2014-12-05,143.5622
N,G,2014-12-08,143.2248
N,G,2014-12-09,143.685
N,G,2014-12-10,143.9222
N,G,2014-12-11,144.2133
N,G,2014-12-12,144.5361
N,G,2014-12-15,144.6344
N,G,2014-12-16,145.5799
N,G,2014-12-17,145.4336
N,G,2014-12-18,143.7905
N,G,2014-12-19,143.5641
N,G,2014-12-22,143.4031
N,G,2014-12-23,143.2515
N,G,2014-12-24,143.2277
N,G,2014-12-25,143.4963
N,G,2014-12-26,143.077
N,G,2014-12-29,143.2115
N,G,2014-12-30,143.1245
N,G,2014-12-31,142.8373
N,G,2015-01-01,142.5914
N,G,2015-01-02,142.5991
N,G,2015-01-05,142.1589
N,G,2015-01-06,142.1891
N,G,2015-01-07,141.9322
N,G,2015-01-08,141.4095
N,G,2015-01-09,141.4893
N,G,2015-01-12,141.4669
N,G,2015-01-13,141.4465
N,G,2015-01-14,141.0724
N,G,2015-01-15,163.9141
N,G,2015-01-16,166.1665
N,G,2015-01-19,166.884
N,G,2015-01-20,165.7599
N,G,2015-01-21,167.7275
N,G,2015-01-22,168.5718
N,G,2015-01-23,168.8493
N,G,2015-01-26,166.1238
N,G,2015-01-27,162.6542
N,G,2015-01-28,162.5077
N,G,2015-01-29,160.8559
N,G,2015-01-30,159.4909
N,G,2015-02-02,158.3586
N,G,2015-02-03,158.8558
N,G,2015-02-04,157.943
N,G,2015-02-05,158.1906
N,G,2015-02-06,158.4425
N,G,2015-02-09,158.9962
N,G,2015-02-10,158.9908
N,G,2015-02-11,158.8935
N,G,2015-02-12,158.1725
N,G,2015-02-13,157.6039
N,G,2015-02-16,157.1033
N,G,2015-02-17,156.7165
N,G,2015-02-18,155.8389
N,G,2015-02-19,154.9203
N,G,2015-02-20,154.4123
N,G,2015-02-23,154.6759
N,G,2015-02-24,154.7875
N,G,2015-02-25,154.3408
N,G,2015-02-26,154.5177
N,G,2015-02-27,155.0811
N,G,2015-03-02,154.1818
N,G,2015-03-03,153.9085
N,G,2015-03-04,153.8593
N,G,2015-03-05,153.6376
N,G,2015-03-06,152.7777
N,G,2015-03-09,152.7138
N,G,2015-03-10,151.9609
N,G,2015-03-11,151.5317
N,G,2015-03-12,151.6893
N,G,2015-03-13,151.6197
N,G,2015-03-16,152.4582
N,G,2015-03-17,152.1568
N,G,2015-03-18,152.3016
N,G,2015-03-19,153.1276
N,G,2015-03-20,154.0131
N,G,2015-03-23,154.3264
N,G,2015-03-24,155.6794
N,G,2015-03-25,156.0563
N,G,2015-03-26,156.5203
N,G,2015-03-27,155.8217
N,G,2015-03-30,155.9546
N,G,2015-03-31,155.392
N,G,2015-04-01,155.6162
N,G,2015-04-02,156.4347
N,G,2015-04-03,156.5102
N,G,2015-04-06,156.756
N,G,2015-04-07,155.9183
N,G,2015-04-08,155.7931
N,G,2015-04-09,155.1663
N,G,2015-04-10,155.0621
N,G,2015-04-13,155.0664
N,G,2015-04-14,155.8617
N,G,2015-04-15,155.785
N,G,2015-04-16,156.0548
N,G,2015-04-17,157.096
N,G,2015-04-20,157.6841
N,G,2015-04-21,157.5637
N,G,2015-04-22,157.8179
N,G,2015-04-23,156.124
N,G,2015-04-24,156.9155
N,G,2015-04-27,156.7626
N,G,2015-04-28,156.151
N,G,2015-04-29,155.6753
N,G,2015-04-30,157.0413
N,G,2015-05-01,157.7451
N,G,2015-05-04,157.9388
N,G,2015-05-05,158.2374
N,G,2015-05-06,159.3827
N,G,2015-05-07,160.5501
N,G,2015-05-08,159.4883
N,G,2015-05-11,158.5242
N,G,2015-05-12,158.863
N,G,2015-05-13,158.4586
N,G,2015-05-14,159.3637
N,G,2015-05-15,158.9782
N,G,2015-05-18,158.3591
N,G,2015-05-19,157.7074
N,G,2015-05-20,157.6317
N,G,2015-05-21,157.8901
N,G,2015-05-22,157.7388
N,G,2015-05-25,157.6384
N,G,2015-05-26,157.2605
N,G,2015-05-27,157.6242
N,G,2015-05-28,157.9756
N,G,2015-05-29,158.3375
N,G,2015-06-01,158.3261
N,G,2015-06-02,158.8214
N,G,2015-06-03,158.7576
N,G,2015-06-04,158.1918
N,G,2015-06-05,158.3952
N,G,2015-06-08,158.5393
N,G,2015-06-09,159.2626
N,G,2015-06-10,158.697
N,G,2015-06-11,157.5549
N,G,2015-06-12,158.1222
N,G,2015-06-15,158.5844
N,G,2015-06-16,158.4196
N,G,2015-06-17,159.1609
N,G,2015-06-18,159.2607
N,G,2015-06-19,159.0971
N,G,2015-06-22,159.1505
N,G,2015-06-23,158.3912
N,G,2015-06-24,158.3331
N,G,2015-06-25,157.6779
N,G,2015-06-26,158.1337
N,G,2015-06-29,158.3881
N,G,2015-06-30,158.9071
N,G,2015-07-01,157.6124
N,G,2015-07-02,157.0214
N,G,2015-07-03,157.5955
N,G,2015-07-06,157.7114
N,G,2015-07-07,157.8413
N,G,2015-07-08,158.1861
N,G,2015-07-09,157.1383
N,G,2015-07-10,158.0407
N,G,2015-07-13,157.1155
N,G,2015-07-14,158.0783
N,G,2015-07-15,157.4593
N,G,2015-07-16,156.9196
N,G,2015-07-17,156.5989
N,G,2015-07-20,156.2708
N,G,2015-07-21,156.5601
N,G,2015-07-22,156.3051
N,G,2015-07-23,156.7322
N,G,2015-07-24,156.1586
N,G,2015-07-27,156.1138
N,G,2015-07-28,154.9626
N,G,2015-07-29,155.1629
N,G,2015-07-30,154.6682
N,G,2015-07-31,156.0955
N,G,2015-08-03,155.2766
N,G,2015-08-04,155.1597
N,G,2015-08-05,154.1459
N,G,2015-08-06,153.4416
N,G,2015-08-07,153.3837
N,G,2015-08-10,153.2496
N,G,2015-08-11,152.8459
N,G,2015-08-12,153.1893
N,G,2015-08-13,153.6422
N,G,2015-08-14,153.8593
N,G,2015-08-17,154.0967
N,G,2015-08-18,154.3566
N,G,2015-08-19,154.7821
N,G,2015-08-20,156.3439
N,G,2015-08-21,156.5414
N,G,2015-08-24,157.4048
N,G,2015-08-25,157.0914
N,G,2015-08-26,157.5068
N,G,2015-08-27,156.8009
N,G,2015-08-28,155.7259
N,G,2015-08-31,156.0373
N,G,2015-09-01,155.7732
N,G,2015-09-02,155.5588
N,G,2015-09-03,155.0001
N,G,2015-09-04,154.9632
N,G,2015-09-07,155.1708
N,G,2015-09-08,154.4784
N,G,2015-09-09,154.6096
N,G,2015-09-10,154.3515
N,G,2015-09-11,154.0325
N,G,2015-09-14,154.2443
N,G,2015-09-15,154.32
N,G,2015-09-16,154.2466
N,G,2015-09-17,154.2992
N,G,2015-09-18,154.878
N,G,2015-09-21,154.6985
N,G,2015-09-22,154.6829
N,G,2015-09-23,154.5555
N,G,2015-09-24,154.5205
N,G,2015-09-25,153.8896
N,G,2015-09-28,154.1606
N,G,2015-09-29,155.1573
N,G,2015-09-30,154.6481
N,G,2015-10-01,154.4034
N,G,2015-10-02,154.5412
N,G,2015-10-05,154.5901
N,G,2015-10-06,154.455
N,G,2015-10-07,154.7515
N,G,2015-10-08,154.3706
N,G,2015-10-09,154.5822
N,G,2015-10-12,154.599
N,G,2015-10-13,154.9064
N,G,2015-10-14,155.4068
N,G,2015-10-15,155.8357
N,G,2015-10-16,155.6738
N,G,2015-10-19,155.8797
N,G,2015-10-20,156.3784
N,G,2015-10-21,155.9012
N,G,2015-10-22,155.2057
N,G,2015-10-23,154.4429
N,G,2015-10-26,154.1768
N,G,2015-10-27,153.4679
N,G,2015-10-28,153.5239
N,G,2015-10-29,153.2385
N,G,2015-10-30,153.312
N,G,2015-11-02,152.8879
N,G,2015-11-03,153.0344
N,G,2015-11-04,152.978
N,G,2015-11-05,152.7639
N,G,2015-11-06,152.9906
N,G,2015-11-09,153.021
N,G,2015-11-10,153.0759
N,G,2015-11-11,152.7422
N,G,2015-11-12,153.058
N,G,2015-11-13,152.8411
N,G,2015-11-16,152.6896
N,G,2015-11-17,152.2854
N,G,2015-11-18,151.7766
N,G,2015-11-19,151.031
N,G,2015-11-20,151.4148
N,G,2015-11-23,151.472
N,G,2015-11-24,151.4219
N,G,2015-11-25,151.3309
N,G,2015-11-26,151.0448
N,G,2015-11-27,150.3764
N,G,2015-11-30,150.3227
N,G,2015-12-01,150.3692
N,G,2015-12-02,150.6593
N,G,2015-12-03,151.8446
N,G,2015-12-04,152.7802
N,G,2015-12-07,153.054
N,G,2015-12-08,153.7582
N,G,2015-12-09,154.2192
N,G,2015-12-10,154.2777
N,G,2015-12-11,154.7044
N,G,2015-12-14,155.0542
N,G,2015-12-15,154.8105
N,G,2015-12-16,154.703
N,G,2015-12-17,154.2926
N,G,2015-12-18,154.6774
N,G,2015-12-21,154.5273
N,G,2015-12-22,154.8185
N,G,2015-12-23,154.908
N,G,2015-12-24,155.1671
N,G,2015-12-25,155.0299
N,G,2015-12-28,154.7864
N,G,2015-12-29,154.8813
N,G,2015-12-30,154.8417
N,G,2015-12-31,154.9038
N,G,2016-01-01,155.7298
N,G,2016-01-04,154.4416
N,G,2016-01-05,153.8011
N,G,2016-01-06,153.8065
N,G,2016-01-07,154.4414
N,G,2016-01-08,154.4728
N,G,2016-01-11,154.8371
N,G,2016-01-12,154.8825
N,G,2016-01-13,154.0336
N,G,2016-01-14,154.09
N,G,2016-01-15,154.5251
N,G,2016-01-18,154.3791
N,G,2016-01-19,154.1357
N,G,2016-01-20,154.9405
N,G,2016-01-21,154.5715
N,G,2016-01-22,153.8947
N,G,2016-01-25,153.3887
N,G,2016-01-26,153.1915
N,G,2016-01-27,152.7595
N,G,2016-01-28,152.5217
N,G,2016-01-29,151.7964
N,G,2016-02-01,151.7996
N,G,2016-02-02,151.7869
N,G,2016-02-03,152.2444
N,G,2016-02-04,152.2776
N,G,2016-02-05,153.6314
N,G,2016-02-08,153.9874
N,G,2016-02-09,155.5248
N,G,2016-02-10,156.1261
N,G,2016-02-11,156.7596
N,G,2016-02-12,155.8077
N,G,2016-02-15,155.1169
N,G,2016-02-16,154.7489
N,G,2016-02-17,154.5986
N,G,2016-02-18,154.1165
N,G,2016-02-19,154.1679
N,G,2016-02-22,154.4381
N,G,2016-02-23,154.5978
N,G,2016-02-24,155.499
N,G,2016-02-25,155.5271
N,G,2016-02-26,155.1923
N,G,2016-02-29,154.9099
N,G,2016-03-01,154.8985
N,G,2016-03-02,155.209
N,G,2016-03-03,155.0482
N,G,2016-03-04,154.873
N,G,2016-03-07,153.8777
N,G,2016-03-08,154.5003
N,G,2016-03-09,153.8085
N,G,2016-03-10,154.0947
N,G,2016-03-11,154.3343
N,G,2016-03-14,154.1065
N,G,2016-03-15,154.5685
N,G,2016-03-16,154.6038
N,G,2016-03-17,155.2883
N,G,2016-03-18,155.4264
N,G,2016-03-21,155.5341
N,G,2016-03-22,155.7514
N,G,2016-03-23,155.4089
N,G,2016-03-24,155.8857
N,G,2016-03-25,155.6387
N,G,2016-03-28,155.681
N,G,2016-03-29,155.7042
N,G,2016-03-30,156.0153
N,G,2016-03-31,155.9243
N,G,2016-04-01,156.1321
N,G,2016-04-04,156.4367
N,G,2016-04-05,156.6864
N,G,2016-04-06,156.898
N,G,2016-04-07,157.2779
N,G,2016-04-08,157.35
N,G,2016-04-11,157.0136
N,G,2016-04-12,157.1015
N,G,2016-04-13,156.3328
N,G,2016-04-14,156.1016
N,G,2016-04-15,155.8295
N,G,2016-04-18,155.9608
N,G,2016-04-19,155.767
N,G,2016-04-20,155.6232
N,G,2016-04-21,154.6498
N,G,2016-04-22,154.0599
N,G,2016-04-25,154.5328
N,G,2016-04-26,154.3377
N,G,2016-04-27,154.2972
N,G,2016-04-28,154.9045
N,G,2016-04-29,155.1378
N,G,2016-05-02,155.1997
N,G,2016-05-03,156.2477
N,G,2016-05-04,156.1876
N,G,2016-05-05,155.4564
N,G,2016-05-06,154.843
N,G,2016-05-09,154.7392
N,G,2016-05-10,154.4594
N,G,2016-05-11,154.286
N,G,2016-05-12,154.6055
N,G,2016-05-13,154.8708
N,G,2016-05-16,154.4141
N,G,2016-05-17,153.9704
N,G,2016-05-18,153.6808
N,G,2016-05-19,153.3448
N,G,2016-05-20,152.8978
N,G,2016-05-23,152.8798
N,G,2016-05-24,153.0478
N,G,2016-05-25,153.0225
N,G,2016-05-26,152.8579
N,G,2016-05-27,152.9568
N,G,2016-05-30,153.1731
N,G,2016-05-31,153.3309
N,G,2016-06-01,153.2694
N,G,2016-06-02,153.6068
N,G,2016-06-03,153.5561
N,G,2016-06-06,154.3172
N,G,2016-06-07,155.1872
N,G,2016-06-08,155.6087
N,G,2016-06-09,156.1248
N,G,2016-06-10,156.1231
N,G,2016-06-13,156.5961
N,G,2016-06-14,156.9931
N,G,2016-06-15,156.9281
N,G,2016-06-16,157.2834
N,G,2016-06-17,157.1126
N,G,2016-06-20,156.36
N,G,2016-06-21,156.2734
N,G,2016-06-22,156.8862
N,G,2016-06-23,156.6543
N,G,2016-06-24,156.0769
N,G,2016-06-27,157.5323
N,G,2016-06-28,156.5033
N,G,2016-06-29,156.1873
N,G,2016-06-30,155.8952
N,G,2016-07-01,156.6475
N,G,2016-07-04,156.7531
N,G,2016-07-05,157.4148
N,G,2016-07-06,156.9143
N,G,2016-07-07,156.9307
N,G,2016-07-08,156.7662
N,G,2016-07-11,156.1721
N,G,2016-07-12,155.955
N,G,2016-07-13,155.4049
N,G,2016-07-14,155.8689
N,G,2016-07-15,155.6505
N,G,2016-07-18,155.8272
N,G,2016-07-19,155.985
N,G,2016-07-20,155.8089
N,G,2016-07-21,155.732
N,G,2016-07-22,155.8865
N,G,2016-07-25,156.2968
N,G,2016-07-26,156.1891
N,G,2016-07-27,154.9231
N,G,2016-07-28,155.7087
N,G,2016-07-29,156.8606
N,G,2016-08-01,157.4305
N,G,2016-08-02,157.668
N,G,2016-08-03,157.0678
N,G,2016-08-04,156.7095
N,G,2016-08-05,156.52
N,G,2016-08-08,155.8937
N,G,2016-08-09,155.6585
N,G,2016-08-10,155.7732
N,G,2016-08-11,156.358
N,G,2016-08-12,156.4855
N,G,2016-08-15,156.3891
N,G,2016-08-16,157.2554
N,G,2016-08-17,157.52440000000001
N,G,2016-08-18,157.7577
N,G,2016-08-19,158.0585
N,G,2016-08-22,157.3962
N,G,2016-08-23,157.4312
N,G,2016-08-24,157.2655
N,G,2016-08-25,157.0548
N,G,2016-08-26,156.8084
N,G,2016-08-29,156.037
N,G,2016-08-30,155.7864
N,G,2016-08-31,155.46190000000001
N,G,2016-09-01,154.9783
N,G,2016-09-02,155.525
N,G,2016-09-05,155.6833
N,G,2016-09-06,155.5832
N,G,2016-09-07,156.3407
N,G,2016-09-08,156.243
N,G,2016-09-09,155.7901
N,G,2016-09-12,156.2416
N,G,2016-09-13,156.265
N,G,2016-09-14,155.8376
N,G,2016-09-15,156.1955
N,G,2016-09-16,156.2978
N,G,2016-09-19,155.8752
N,G,2016-09-20,156.1719
N,G,2016-09-21,156.5114
N,G,2016-09-22,156.7916
N,G,2016-09-23,156.9453
N,G,2016-09-26,157.3277
N,G,2016-09-27,156.8509
N,G,2016-09-28,156.7999
N,G,2016-09-29,156.8808
N,G,2016-09-30,157.5639
N,G,2016-10-03,156.6924
N,G,2016-10-04,156.1352
N,G,2016-10-05,156.2862
N,G,2016-10-06,156.5901
N,G,2016-10-07,156.6161
N,G,2016-10-10,156.6156
N,G,2016-10-11,156.2643
N,G,2016-10-12,156.3452
N,G,2016-10-13,156.7941
N,G,2016-10-14,156.6979
N,G,2016-10-17,156.9215
N,G,2016-10-18,156.5328
N,G,2016-10-19,156.446
N,G,2016-10-20,156.6217
N,G,2016-10-21,156.5074
N,G,2016-10-24,156.5502
N,G,2016-10-25,156.6163
N,G,2016-10-26,156.7403
N,G,2016-10-27,156.7407
N,G,2016-10-28,156.7357
N,G,2016-10-31,157.2464
N,G,2016-11-01,157.3931
N,G,2016-11-02,158.9265
N,G,2016-11-03,158.7382
N,G,2016-11-04,158.5021
N,G,2016-11-07,158.3222
N,G,2016-11-08,158.7045
N,G,2016-11-09,158.3032
N,G,2016-11-10,157.949
N,G,2016-11-11,158.5405
N,G,2016-11-14,158.2179
N,G,2016-11-15,158.0737
N,G,2016-11-16,157.4855
N,G,2016-11-17,157.715
N,G,2016-11-18,157.5883
N,G,2016-11-21,157.3846
N,G,2016-11-22,157.1503
N,G,2016-11-23,157.1012
N,G,2016-11-24,156.8761
N,G,2016-11-25,157.0847
N,G,2016-11-28,157.1474
N,G,2016-11-29,156.8949
N,G,2016-11-30,156.6608
N,G,2016-12-01,156.815
N,G,2016-12-02,157.0621
N,G,2016-12-05,156.5643
N,G,2016-12-06,156.5161
N,G,2016-12-07,156.4991
N,G,2016-12-08,156.2959
N,G,2016-12-09,156.1313
N,G,2016-12-12,156.449
N,G,2016-12-13,156.4127
N,G,2016-12-14,156.7463
N,G,2016-12-15,156.0489
N,G,2016-12-16,156.0182
N,G,2016-12-19,156.3765
N,G,2016-12-20,156.5147
N,G,2016-12-21,156.6585
N,G,2016-12-22,156.5007
N,G,2016-12-23,156.5764
N,G,2016-12-26,156.4614
N,G,2016-12-27,156.2062
N,G,2016-12-28,156.2407
N,G,2016-12-29,156.7416
N,G,2016-12-30,157.189
N,G,2017-01-02,156.8646
N,G,2017-01-03,156.6333
N,G,2017-01-04,156.7075
N,G,2017-01-05,157.1128
N,G,2017-01-06,157.2991
N,G,2017-01-09,157.3628
N,G,2017-01-10,157.4722
N,G,2017-01-11,157.2083
N,G,2017-01-12,157.7788
N,G,2017-01-13,157.6715
N,G,2017-01-16,157.4963
N,G,2017-01-17,158.1241
N,G,2017-01-18,157.994
N,G,2017-01-19,157.7517
N,G,2017-01-20,157.7583
N,G,2017-01-23,158.0233
N,G,2017-01-24,157.8477
N,G,2017-01-25,157.8566
N,G,2017-01-26,158.0058
N,G,2017-01-27,158.2105
N,G,2017-01-30,158.3482
N,G,2017-01-31,158.8435
N,G,2017-02-01,158.7172
N,G,2017-02-02,158.5177
N,G,2017-02-03,158.2605
N,G,2017-02-06,158.1516
N,G,2017-02-07,158.1863
N,G,2017-02-08,158.3027
N,G,2017-02-09,158.2907
N,G,2017-02-10,157.7069
N,G,2017-02-13,157.612
N,G,2017-02-14,157.418
N,G,2017-02-15,157.3278
N,G,2017-02-16,157.7663
N,G,2017-02-17,158.0578
N,G,2017-02-20,157.6603
N,G,2017-02-21,157.4288
N,G,2017-02-22,156.9226
N,G,2017-02-23,156.924
N,G,2017-02-24,157.1875
N,G,2017-02-27,157.214
N,G,2017-02-28,157.3677
N,G,2017-03-01,157.3497
N,G,2017-03-02,157.3083
N,G,2017-03-03,157.235
N,G,2017-03-06,157.1227
N,G,2017-03-07,156.7139
N,G,2017-03-08,157.0251
N,G,2017-03-09,156.9736
N,G,2017-03-10,157.0638
N,G,2017-03-13,157.1507
N,G,2017-03-14,157.4616
N,G,2017-03-15,157.2155
N,G,2017-03-16,157.7468
N,G,2017-03-17,157.7529
N,G,2017-03-20,157.3419
N,G,2017-03-21,157.358
N,G,2017-03-22,157.9266
N,G,2017-03-23,157.7472
N,G,2017-03-24,157.965
N,G,2017-03-27,158.2709
N,G,2017-03-28,158.297
N,G,2017-03-29,157.7405
N,G,2017-03-30,157.5519
N,G,2017-03-31,157.3154
N,G,2017-04-03,157.1849
N,G,2017-04-04,157.2325
N,G,2017-04-05,157.0363
N,G,2017-04-06,156.7855
N,G,2017-04-07,156.8556
N,G,2017-04-10,156.8475
N,G,2017-04-11,156.904
N,G,2017-04-12,156.7732
N,G,2017-04-13,156.7723
N,G,2017-04-14,156.9042
N,G,2017-04-17,156.8571
N,G,2017-04-18,156.9383
N,G,2017-04-19,157.0265
N,G,2017-04-20,157.1438
N,G,2017-04-21,157.0781
N,G,2017-04-24,156.5006
N,G,2017-04-25,156.38
N,G,2017-04-26,156.3996
N,G,2017-04-27,156.607
N,G,2017-04-28,156.5552
N,G,2017-05-01,156.285
N,G,2017-05-02,156.2622
N,G,2017-05-03,156.9197
N,G,2017-05-04,156.7219
N,G,2017-05-05,157.1619
N,G,2017-05-08,156.5527
N,G,2017-05-09,155.5784
N,G,2017-05-10,154.9577
N,G,2017-05-11,154.6652
N,G,2017-05-12,154.8118
N,G,2017-05-15,155.3311
N,G,2017-05-16,155.9474
N,G,2017-05-17,156.6427
N,G,2017-05-18,157.0473
N,G,2017-05-19,157.4846
N,G,2017-05-22,157.6868
N,G,2017-05-23,157.607
N,G,2017-05-24,157.5007
N,G,2017-05-25,157.7307
N,G,2017-05-26,158.0001
N,G,2017-05-29,157.7381
N,G,2017-05-30,157.5451
N,G,2017-05-31,157.8737
N,G,2017-06-01,157.7703
N,G,2017-06-02,157.9534
N,G,2017-06-05,158.5055
N,G,2017-06-06,158.5491
N,G,2017-06-07,158.5791
N,G,2017-06-08,158.1029
N,G,2017-06-09,158.0433
N,G,2017-06-12,158.397
N,G,2017-06-13,158.5401
N,G,2017-06-14,158.1679
N,G,2017-06-15,157.5716
N,G,2017-06-16,157.6915
N,G,2017-06-19,157.7949
N,G,2017-06-20,157.8909
N,G,2017-06-21,158.2728
N,G,2017-06-22,158.1771
N,G,2017-06-23,158.465
N,G,2017-06-26,158.2293
N,G,2017-06-27,158.4876
N,G,2017-06-28,158.7807
N,G,2017-06-29,158.7165
N,G,2017-06-30,158.5523
N,G,2017-07-03,158.4533
N,G,2017-07-04,158.1072
N,G,2017-07-05,158.0152
N,G,2017-07-06,158.1341
N,G,2017-07-07,158.1787
N,G,2017-07-10,157.9393
N,G,2017-07-11,157.3507
N,G,2017-07-12,157.7046
N,G,2017-07-13,157.5664
N,G,2017-07-14,156.8144
N,G,2017-07-17,157.0524
N,G,2017-07-18,157.6877
N,G,2017-07-19,158.1605
N,G,2017-07-20,158.0268
N,G,2017-07-21,157.961
N,G,2017-07-24,158.6255
N,G,2017-07-25,158.4118
N,G,2017-07-26,157.4967
N,G,2017-07-27,156.4033
N,G,2017-07-28,154.2445
N,G,2017-07-31,154.1435
N,G,2017-08-01,154.0964
N,G,2017-08-02,153.735
N,G,2017-08-03,153.5248
N,G,2017-08-04,153.4483
N,G,2017-08-07,153.4402
N,G,2017-08-08,153.2564
N,G,2017-08-09,155.1937
N,G,2017-08-10,154.9055
N,G,2017-08-11,155.6458
N,G,2017-08-14,154.2795
N,G,2017-08-15,153.9099
N,G,2017-08-16,153.6437
N,G,2017-08-17,155.028
N,G,2017-08-18,155.5076
N,G,2017-08-21,154.6569
N,G,2017-08-22,154.5749
N,G,2017-08-23,154.1561
N,G,2017-08-24,154.5491
N,G,2017-08-25,154.8325
N,G,2017-08-28,155.4261
N,G,2017-08-29,155.8248
N,G,2017-08-30,154.8764
N,G,2017-08-31,154.0097
N,G,2017-09-01,154.2873
N,G,2017-09-04,154.8399
N,G,2017-09-05,154.45
N,G,2017-09-06,154.8023
N,G,2017-09-07,154.7442
N,G,2017-09-08,154.7909
N,G,2017-09-11,154.7538
N,G,2017-09-12,153.9524
N,G,2017-09-13,153.3269
N,G,2017-09-14,152.914
N,G,2017-09-15,153.4081
N,G,2017-09-18,153.4044
N,G,2017-09-19,153.1671
N,G,2017-09-20,153.0999
N,G,2017-09-21,152.227
N,G,2017-09-22,152.0503
N,G,2017-09-25,152.0578
N,G,2017-09-26,153.0759
N,G,2017-09-27,153.1121
N,G,2017-09-28,153.2763
N,G,2017-09-29,153.3893
N,G,2017-10-02,153.7191
N,G,2017-10-03,153.103
N,G,2017-10-04,153.213
N,G,2017-10-05,152.8366
N,G,2017-10-06,152.947
N,G,2017-10-09,152.8777
N,G,2017-10-10,152.6831
N,G,2017-10-11,152.616
N,G,2017-10-12,152.4253
N,G,2017-10-13,152.3911
N,G,2017-10-16,152.5256
N,G,2017-10-17,152.4256
N,G,2017-10-18,152.2478
N,G,2017-10-19,152.3283
N,G,2017-10-20,151.683
N,G,2017-10-23,151.5013
N,G,2017-10-24,151.4607
N,G,2017-10-25,150.6885
N,G,2017-10-26,150.5639
N,G,2017-10-27,150.6093
N,G,2017-10-30,150.6434
N,G,2017-10-31,150.646
N,G,2017-11-01,150.0563
N,G,2017-11-02,150.1471
N,G,2017-11-03,150.2997
N,G,2017-11-06,150.3678
N,G,2017-11-07,150.6381
N,G,2017-11-08,150.7388
N,G,2017-11-09,150.4966
N,G,2017-11-10,151.2274
N,G,2017-11-13,150.8546
N,G,2017-11-14,150.8856
N,G,2017-11-15,151.2688
N,G,2017-11-16,150.7751
N,G,2017-11-17,150.6154
N,G,2017-11-20,150.8682
N,G,2017-11-21,150.7401
N,G,2017-11-22,151.1127
N,G,2017-11-23,151.5226
N,G,2017-11-24,151.3702
N,G,2017-11-27,151.0182
N,G,2017-11-28,150.9821
N,G,2017-11-29,150.8871
N,G,2017-11-30,150.6929
N,G,2017-12-01,150.8924
N,G,2017-12-04,151.0974
N,G,2017-12-05,150.6678
N,G,2017-12-06,150.496
N,G,2017-12-07,150.3037
N,G,2017-12-08,149.8938
N,G,2017-12-11,150.4474
N,G,2017-12-12,150.6864
N,G,2017-12-13,150.683
N,G,2017-12-14,150.5733
N,G,2017-12-15,150.6556
N,G,2017-12-18,150.7147
N,G,2017-12-19,151.1011
N,G,2017-12-20,150.6543
N,G,2017-12-21,150.3782
N,G,2017-12-22,150.0742
N,G,2017-12-25,150.8452
N,G,2017-12-26,149.9792
N,G,2017-12-27,149.8832
N,G,2017-12-28,150.6145
N,G,2017-12-29,151.0903
N,G,2018-01-01,151.1305
N,G,2018-01-02,150.991
N,G,2018-01-03,150.8481
N,G,2018-01-04,150.3362
N,G,2018-01-05,150.2006
N,G,2018-01-08,150.3447
N,G,2018-01-09,150.0624
N,G,2018-01-10,150.1126
N,G,2018-01-11,150.4631
N,G,2018-01-12,150.3311
N,G,2018-01-15,150.6599
N,G,2018-01-16,150.5629
N,G,2018-01-17,150.7889
N,G,2018-01-18,151.0857
N,G,2018-01-19,151.4073
N,G,2018-01-22,151.0373
N,G,2018-01-23,150.6173
N,G,2018-01-24,151.5441
N,G,2018-01-25,152.4302
N,G,2018-01-26,153.1272
N,G,2018-01-29,153.2509
N,G,2018-01-30,153.7452
N,G,2018-01-31,153.8
N,G,2018-02-01,153.8523
N,G,2018-02-02,154.0561
N,G,2018-02-05,154.1193
N,G,2018-02-06,154.0036
N,G,2018-02-07,153.6608
N,G,2018-02-08,153.4356
N,G,2018-02-09,154.4805
N,G,2018-02-12,154.4972
N,G,2018-02-13,154.6413
N,G,2018-02-14,154.4653
N,G,2018-02-15,154.8142
N,G,2018-02-16,155.3286
N,G,2018-02-19,154.9074
N,G,2018-02-20,154.4007
N,G,2018-02-21,154.1254
N,G,2018-02-22,154.4415
N,G,2018-02-23,154.6746
N,G,2018-02-26,154.3842
N,G,2018-02-27,154.0507
N,G,2018-02-28,153.9195
N,G,2018-03-01,153.894
N,G,2018-03-02,154.4659
N,G,2018-03-05,154.4546
N,G,2018-03-06,153.7443
N,G,2018-03-07,153.4755
N,G,2018-03-08,152.5742
N,G,2018-03-09,152.3176
N,G,2018-03-12,152.2984
N,G,2018-03-13,152.4461
N,G,2018-03-14,152.4615
N,G,2018-03-15,152.4484
N,G,2018-03-16,152.1837
N,G,2018-03-19,151.9106
N,G,2018-03-20,151.8518
N,G,2018-03-21,151.8401
N,G,2018-03-22,152.1311
N,G,2018-03-23,152.4439
N,G,2018-03-26,152.1238
N,G,2018-03-27,151.8031
N,G,2018-03-28,151.4272
N,G,2018-03-29,151.0762
N,G,2018-03-30,151.4235
N,G,2018-04-02,151.3432
N,G,2018-04-03,151.2957
N,G,2018-04-04,150.9946
N,G,2018-04-05,150.5904
N,G,2018-04-06,150.6565
N,G,2018-04-09,150.9276
N,G,2018-04-10,151.3182
N,G,2018-04-11,150.6215
N,G,2018-04-12,150.39
N,G,2018-04-13,150.193
N,G,2018-04-16,150.2267
N,G,2018-04-17,149.9449
N,G,2018-04-18,148.9633
N,G,2018-04-19,148.8993
N,G,2018-04-20,148.8372
N,G,2018-04-23,148.8164
N,G,2018-04-24,148.9656
N,G,2018-04-25,148.6062
N,G,2018-04-26,148.5841
N,G,2018-04-27,148.1133
N,G,2018-04-30,148.1876
N,G,2018-05-01,147.7278
N,G,2018-05-02,148.2548
N,G,2018-05-03,148.1342
N,G,2018-05-04,148.1253
N,G,2018-05-07,147.7002
N,G,2018-05-08,147.8987
N,G,2018-05-09,148.3838
N,G,2018-05-10,147.9535
N,G,2018-05-11,147.8076
N,G,2018-05-14,147.895
N,G,2018-05-15,148.3224
N,G,2018-05-16,149.2139
N,G,2018-05-17,148.8741
N,G,2018-05-18,149.4279
N,G,2018-05-21,149.9931
N,G,2018-05-22,149.7873
N,G,2018-05-23,151.3337
N,G,2018-05-24,150.9863
N,G,2018-05-25,150.9751
N,G,2018-05-28,151.3122
N,G,2018-05-29,152.2944
N,G,2018-05-30,152.2102
N,G,2018-05-31,151.8701
N,G,2018-06-01,152.2526
N,G,2018-06-04,152.1885
N,G,2018-06-05,152.0666
N,G,2018-06-06,151.9134
N,G,2018-06-07,151.8911
N,G,2018-06-08,152.542
N,G,2018-06-11,151.6592
N,G,2018-06-12,152.0227
N,G,2018-06-13,151.7898
N,G,2018-06-14,151.9571
N,G,2018-06-15,151.8093
N,G,2018-06-18,151.9219
N,G,2018-06-19,152.5183
N,G,2018-06-20,152.3009
N,G,2018-06-21,152.6213
N,G,2018-06-22,152.5809
N,G,2018-06-25,153.1375
N,G,2018-06-26,152.8975
N,G,2018-06-27,152.9866
N,G,2018-06-28,152.5937
N,G,2018-06-29,152.5508
N,G,2018-07-02,153.1175
N,G,2018-07-03,152.7003
N,G,2018-07-04,152.6997
N,G,2018-07-05,152.4258
N,G,2018-07-06,152.3454
N,G,2018-07-09,152.5087
N,G,2018-07-10,152.1128
N,G,2018-07-11,152.284
N,G,2018-07-12,151.9491
N,G,2018-07-13,151.5062
N,G,2018-07-16,151.3543
N,G,2018-07-17,152.0548
N,G,2018-07-18,151.8243
N,G,2018-07-19,152.2419
N,G,2018-07-20,152.3468
N,G,2018-07-23,152.8957
N,G,2018-07-24,152.7085
N,G,2018-07-25,152.7462
N,G,2018-07-26,152.4734
N,G,2018-07-27,152.6624
N,G,2018-07-30,152.7658
N,G,2018-07-31,153.257
N,G,2018-08-01,152.9543
N,G,2018-08-02,153.115
N,G,2018-08-03,153.4948
N,G,2018-08-06,153.4789
N,G,2018-08-07,153.2798
N,G,2018-08-08,153.2225
N,G,2018-08-09,153.6509
N,G,2018-08-10,155.0004
N,G,2018-08-13,155.9511
N,G,2018-08-14,156.0276
N,G,2018-08-15,155.8596
N,G,2018-08-16,156.0767
N,G,2018-08-17,155.4127
N,G,2018-08-20,155.2229
N,G,2018-08-21,155.6887
N,G,2018-08-22,155.9815
N,G,2018-08-23,156.3022
N,G,2018-08-24,156.1699
N,G,2018-08-27,155.8689
N,G,2018-08-28,156.2836
N,G,2018-08-29,156.7294
N,G,2018-08-30,157.7946
N,G,2018-08-31,158.3457
N,G,2018-09-03,158.2759
N,G,2018-09-04,158.5128
N,G,2018-09-05,158.3607
N,G,2018-09-06,158.4601
N,G,2018-09-07,159.1081
N,G,2018-09-10,158.7738
N,G,2018-09-11,157.9013
N,G,2018-09-12,157.979
N,G,2018-09-13,158.2765
N,G,2018-09-14,158.5955
N,G,2018-09-17,158.9072
N,G,2018-09-18,159.3607
N,G,2018-09-19,158.4058
N,G,2018-09-20,158.2313
N,G,2018-09-21,159.2251
N,G,2018-09-24,158.9266
N,G,2018-09-25,157.8504
N,G,2018-09-26,157.8592
N,G,2018-09-27,157.5002
N,G,2018-09-28,156.9611
N,G,2018-10-01,155.9731
N,G,2018-10-02,156.854
N,G,2018-10-03,155.9686
N,G,2018-10-04,155.8134
N,G,2018-10-05,155.4511
N,G,2018-10-08,155.9414
N,G,2018-10-09,155.5916
N,G,2018-10-10,155.58690000000001
N,G,2018-10-11,155.7527
N,G,2018-10-12,155.1325
N,G,2018-10-15,155.3639
N,G,2018-10-16,155.3957
N,G,2018-10-17,155.0324
N,G,2018-10-18,154.9414
N,G,2018-10-19,155.1224
N,G,2018-10-22,154.6161
N,G,2018-10-23,155.3212
N,G,2018-10-24,155.3768
N,G,2018-10-25,155.3674
N,G,2018-10-26,155.3407
N,G,2018-10-29,155.2939
N,G,2018-10-30,155.2239
N,G,2018-10-31,154.9199
N,G,2018-11-01,154.6887
N,G,2018-11-02,154.4951
N,G,2018-11-05,154.2029
N,G,2018-11-06,153.9825
N,G,2018-11-07,154.4786
N,G,2018-11-08,154.1206
N,G,2018-11-09,154.1473
N,G,2018-11-12,154.736
N,G,2018-11-13,154.5758
N,G,2018-11-14,154.4732
N,G,2018-11-15,154.7842
N,G,2018-11-16,154.3224
N,G,2018-11-19,155.117
N,G,2018-11-20,155.8593
N,G,2018-11-21,155.8828
N,G,2018-11-22,155.8828
N,G,2018-11-23,155.7163
N,G,2018-11-26,155.5823
N,G,2018-11-27,155.6797
N,G,2018-11-28,155.9718
N,G,2018-11-29,156.0059
N,G,2018-11-30,155.6149
N,G,2018-12-03,155.2886
N,G,2018-12-04,155.4506
N,G,2018-12-05,155.4404
N,G,2018-12-06,155.758
N,G,2018-12-07,155.9899
N,G,2018-12-10,156.5741
N,G,2018-12-11,157.41
N,G,2018-12-12,156.7659
N,G,2018-12-13,156.4448
N,G,2018-12-14,156.4468
N,G,2018-12-17,156.3063
N,G,2018-12-18,156.572
N,G,2018-12-19,156.1827
N,G,2018-12-20,156.3119
N,G,2018-12-21,156.4215
N,G,2018-12-24,155.8425
N,G,2018-12-25,157.0169
N,G,2018-12-26,156.7864
N,G,2018-12-27,156.4045
N,G,2018-12-28,156.9803
N,G,2018-12-31,156.938
N,G,2019-01-01,157.507
N,G,2019-01-02,157.2167
N,G,2019-01-03,157.1966
N,G,2019-01-04,156.7366
N,G,2019-01-07,156.9058
N,G,2019-01-08,157.2283
N,G,2019-01-09,157.2448
N,G,2019-01-10,157.2519
N,G,2019-01-11,156.1064
N,G,2019-01-14,156.5209
N,G,2019-01-15,156.3345
N,G,2019-01-16,155.924
N,G,2019-01-17,155.4635
N,G,2019-01-18,155.0605
N,G,2019-01-21,154.9226
N,G,2019-01-22,155.0519
N,G,2019-01-23,154.7836
N,G,2019-01-24,155.4166
N,G,2019-01-25,155.0926
N,G,2019-01-28,155.0255
N,G,2019-01-29,154.8921
N,G,2019-01-30,154.2114
N,G,2019-01-31,154.1388
N,G,2019-02-01,154.4021
N,G,2019-02-04,153.9746
N,G,2019-02-05,153.7302
N,G,2019-02-06,153.9417
N,G,2019-02-07,154.07
N,G,2019-02-08,154.2501
N,G,2019-02-11,154.4157
N,G,2019-02-12,153.9457
N,G,2019-02-13,153.7868
N,G,2019-02-14,153.9639
N,G,2019-02-15,154.1593
N,G,2019-02-18,154.3021
N,G,2019-02-19,154.2013
N,G,2019-02-20,154.197
N,G,2019-02-21,154.1847
N,G,2019-02-22,154.3595
N,G,2019-02-25,154.2424
N,G,2019-02-26,154.1158
N,G,2019-02-27,154.1341
N,G,2019-02-28,154.363
N,G,2019-03-01,154.0887
N,G,2019-03-04,154.1594
N,G,2019-03-05,154.2443
N,G,2019-03-06,153.8711
N,G,2019-03-07,153.9371
N,G,2019-03-08,153.905
N,G,2019-03-11,154.0133
N,G,2019-03-12,153.5241
N,G,2019-03-13,153.7656
N,G,2019-03-14,153.8012
N,G,2019-03-15,153.7581
N,G,2019-03-18,153.9123
N,G,2019-03-19,154.0327
N,G,2019-03-20,154.136
N,G,2019-03-21,154.6681
N,G,2019-03-22,155.0339
N,G,2019-03-25,155.3092
N,G,2019-03-26,155.4871
N,G,2019-03-27,155.7413
N,G,2019-03-28,155.7382
N,G,2019-03-29,156.0215
N,G,2019-04-01,156.0089
N,G,2019-04-02,155.4444
N,G,2019-04-03,155.4641
N,G,2019-04-04,155.2922
N,G,2019-04-05,155.1961
N,G,2019-04-08,155.2528
N,G,2019-04-09,155.0161
N,G,2019-04-10,154.6754
N,G,2019-04-11,154.5628
N,G,2019-04-12,154.4645
N,G,2019-04-15,154.1451
N,G,2019-04-16,153.9556
N,G,2019-04-17,153.4005
N,G,2019-04-18,153.3806
N,G,2019-04-19,153.0687
N,G,2019-04-22,152.9015
N,G,2019-04-23,152.3558
N,G,2019-04-24,152.8241
N,G,2019-04-25,153.2246
N,G,2019-04-26,153.0847
N,G,2019-04-29,153.0565
N,G,2019-04-30,152.9431
N,G,2019-05-01,152.831
N,G,2019-05-02,152.7743
N,G,2019-05-03,152.9843
N,G,2019-05-06,153.1309
N,G,2019-05-07,152.9492
N,G,2019-05-08,153.1142
N,G,2019-05-09,153.3394
N,G,2019-05-10,153.6722
N,G,2019-05-13,154.4106
N,G,2019-05-14,154.7631
N,G,2019-05-15,155.1624
N,G,2019-05-16,154.7624
N,G,2019-05-17,155.2265
N,G,2019-05-20,155.3396
N,G,2019-05-21,155.3417
N,G,2019-05-22,155.2018
N,G,2019-05-23,155.572
N,G,2019-05-24,156.0833
N,G,2019-05-27,155.5935
N,G,2019-05-28,155.9633
N,G,2019-05-29,156.0011
N,G,2019-05-30,155.6208
N,G,2019-05-31,156.0445
N,G,2019-06-03,156.973
N,G,2019-06-04,156.9671
N,G,2019-06-05,156.8398
N,G,2019-06-06,156.8623
N,G,2019-06-07,156.782
N,G,2019-06-10,157.0718
N,G,2019-06-11,156.8023
N,G,2019-06-12,156.5657
N,G,2019-06-13,156.7447
N,G,2019-06-14,156.4479
N,G,2019-06-17,156.4186
N,G,2019-06-18,156.5915
N,G,2019-06-19,156.5261
N,G,2019-06-20,157.1383
N,G,2019-06-21,157.9566
N,G,2019-06-24,158.3275
N,G,2019-06-25,158.3636
N,G,2019-06-26,158.6177
N,G,2019-06-27,157.9496
N,G,2019-06-28,158.6091
N,G,2019-07-01,157.3968
N,G,2019-07-02,157.1201
N,G,2019-07-03,157.482
N,G,2019-07-04,157.328
N,G,2019-07-05,157.362
N,G,2019-07-08,157.1539
N,G,2019-07-09,156.9547
N,G,2019-07-10,157.2564
N,G,2019-07-11,157.5665
N,G,2019-07-12,157.5191
N,G,2019-07-15,157.9472
N,G,2019-07-16,158.064
N,G,2019-07-17,157.5787
N,G,2019-07-18,157.9842
N,G,2019-07-19,158.0158
N,G,2019-07-22,158.6719
N,G,2019-07-23,158.5329
N,G,2019-07-24,158.6584
N,G,2019-07-25,158.6436
N,G,2019-07-26,157.8379
N,G,2019-07-29,158.0668
N,G,2019-07-30,158.2281
N,G,2019-07-31,158.2076
N,G,2019-08-01,158.5424
N,G,2019-08-02,159.5885
N,G,2019-08-05,161.3751
N,G,2019-08-06,161.0857
N,G,2019-08-07,160.7367
N,G,2019-08-08,160.9758
N,G,2019-08-09,161.2997
N,G,2019-08-12,161.6221
N,G,2019-08-13,162.1316
N,G,2019-08-14,161.6768
N,G,2019-08-15,161.9062
N,G,2019-08-16,161.3907
N,G,2019-08-19,161.6488
N,G,2019-08-20,161.6513
N,G,2019-08-21,161.4162
N,G,2019-08-22,161.0098
N,G,2019-08-23,160.3845
N,G,2019-08-26,161.6274
N,G,2019-08-27,161.4251
N,G,2019-08-28,161.4326
N,G,2019-08-29,161.3246
N,G,2019-08-30,160.697
N,G,2019-09-02,160.9996
N,G,2019-09-03,161.2352
N,G,2019-09-04,161.2467
N,G,2019-09-05,161.3752
N,G,2019-09-06,160.2551
N,G,2019-09-09,159.9588
N,G,2019-09-10,159.7989
N,G,2019-09-11,159.4729
N,G,2019-09-12,159.9141
N,G,2019-09-13,159.6304
N,G,2019-09-16,159.479
N,G,2019-09-17,159.4487
N,G,2019-09-18,158.8675
N,G,2019-09-19,159.3915
N,G,2019-09-20,159.4325
N,G,2019-09-23,160.3777
N,G,2019-09-24,160.0679
N,G,2019-09-25,160.8781
N,G,2019-09-26,160.1601
N,G,2019-09-27,160.4227
N,G,2019-09-30,160.3325
N,G,2019-10-01,159.5214
N,G,2019-10-02,159.7237
N,G,2019-10-03,159.2024
N,G,2019-10-04,159.3719
N,G,2019-10-07,159.9644
N,G,2019-10-08,160.1359
N,G,2019-10-09,160.0423
N,G,2019-10-10,160.0074
N,G,2019-10-11,158.6011
N,G,2019-10-14,158.7005
N,G,2019-10-15,158.3761
N,G,2019-10-16,158.5939
N,G,2019-10-17,158.6362
N,G,2019-10-18,159.0311
N,G,2019-10-21,159.0867
N,G,2019-10-22,158.7404
N,G,2019-10-23,158.821
N,G,2019-10-24,158.475
N,G,2019-10-25,158.4632
N,G,2019-10-28,157.9106
N,G,2019-10-29,158.0896
N,G,2019-10-30,158.3257
N,G,2019-10-31,158.7631
N,G,2019-11-01,158.7909
N,G,2019-11-04,158.412
N,G,2019-11-05,158.2201
N,G,2019-11-06,158.2214
N,G,2019-11-07,158.2313
N,G,2019-11-08,158.2983
N,G,2019-11-11,158.4924
N,G,2019-11-12,158.5945
N,G,2019-11-13,159.5764
N,G,2019-11-14,159.9903
N,G,2019-11-15,159.2679
N,G,2019-11-18,158.9224
N,G,2019-11-19,158.7082
N,G,2019-11-20,158.8939
N,G,2019-11-21,158.8298
N,G,2019-11-22,158.5984
N,G,2019-11-25,158.3051
N,G,2019-11-26,158.2434
N,G,2019-11-27,158.3013
N,G,2019-11-28,158.1739
N,G,2019-11-29,158.0628
N,G,2019-12-02,157.977
N,G,2019-12-03,159.0525
N,G,2019-12-04,159.2194
N,G,2019-12-05,158.8343
N,G,2019-12-06,158.9537
N,G,2019-12-09,158.7564
N,G,2019-12-10,159.2819
N,G,2019-12-11,159.5182
N,G,2019-12-12,159.4355
N,G,2019-12-13,158.7034
N,G,2019-12-16,159.0021
N,G,2019-12-17,158.9683
N,G,2019-12-18,159.6872
N,G,2019-12-19,159.642
N,G,2019-12-20,159.8839
N,G,2019-12-23,160.1043
N,G,2019-12-24,159.8962
N,G,2019-12-25,160.2423
N,G,2019-12-26,159.9799
N,G,2019-12-27,160.238
N,G,2019-12-30,160.3016
N,G,2019-12-31,160.7955
N,G,2020-01-01,161.3758
N,G,2020-01-02,160.6774
N,G,2020-01-03,160.6605
N,G,2020-01-06,160.9745
N,G,2020-01-07,160.6267
N,G,2020-01-08,160.9251
N,G,2020-01-09,160.7562
N,G,2020-01-10,160.6678
N,G,2020-01-13,160.8256
N,G,2020-01-14,161.2636
N,G,2020-01-15,161.8896
N,G,2020-01-16,162.1376
N,G,2020-01-17,161.8868
N,G,2020-01-20,161.8772
N,G,2020-01-21,161.8482
N,G,2020-01-22,161.304
N,G,2020-01-23,161.7271
N,G,2020-01-24,161.7898
N,G,2020-01-27,162.0988
N,G,2020-01-28,162.5331
N,G,2020-01-29,161.5942
N,G,2020-01-30,162.1875
N,G,2020-01-31,162.2414
N,G,2020-02-03,163.2218
N,G,2020-02-04,162.4714
N,G,2020-02-05,161.9908
N,G,2020-02-06,161.9793
N,G,2020-02-07,162.198
N,G,2020-02-10,161.9808
N,G,2020-02-11,162.2078
N,G,2020-02-12,162.5642
N,G,2020-02-13,162.5182
N,G,2020-02-14,161.9855
N,G,2020-02-17,161.8087
N,G,2020-02-18,162.2679
N,G,2020-02-19,161.9203
N,G,2020-02-20,162.4495
N,G,2020-02-21,162.7352
N,G,2020-02-24,162.9013
N,G,2020-02-25,162.9896
N,G,2020-02-26,163.3292
N,G,2020-02-27,163.463
N,G,2020-02-28,164.2821
N,G,2020-03-02,164.2375
N,G,2020-03-03,164.6831
N,G,2020-03-04,164.807
N,G,2020-03-05,164.8736
N,G,2020-03-06,166.5151
N,G,2020-03-09,167.7891
N,G,2020-03-10,167.5042
N,G,2020-03-11,167.174
N,G,2020-03-12,168.0396
N,G,2020-03-13,167.5579
N,G,2020-03-16,168.681
N,G,2020-03-17,168.0508
N,G,2020-03-18,168.0577
N,G,2020-03-19,167.8836
N,G,2020-03-20,166.5648
N,G,2020-03-23,166.9063
N,G,2020-03-24,167.4867
N,G,2020-03-25,166.2576
N,G,2020-03-26,166.6084
N,G,2020-03-27,167.1699
N,G,2020-03-30,167.8917
N,G,2020-03-31,167.1973
N,G,2020-04-01,167.4658
N,G,2020-04-02,167.1328
N,G,2020-04-03,166.5309
N,G,2020-04-06,166.5209
N,G,2020-04-07,166.5234
N,G,2020-04-08,166.8418
N,G,2020-04-09,166.6641
N,G,2020-04-10,166.7563
N,G,2020-04-13,166.7083
N,G,2020-04-14,166.9177
N,G,2020-04-15,167.1989
N,G,2020-04-16,167.3417
N,G,2020-04-17,166.9592
N,G,2020-04-20,167.2836
N,G,2020-04-21,167.3106
N,G,2020-04-22,167.3074
N,G,2020-04-23,166.9785
N,G,2020-04-24,166.6353
N,G,2020-04-27,166.6721
N,G,2020-04-28,165.8834
N,G,2020-04-29,166.3727
N,G,2020-04-30,166.0586
N,G,2020-05-01,167.0627
N,G,2020-05-04,167.3527
N,G,2020-05-05,166.893
N,G,2020-05-06,166.5128
N,G,2020-05-07,166.4506
N,G,2020-05-08,166.6708
N,G,2020-05-11,166.6674
N,G,2020-05-12,166.9266
N,G,2020-05-13,167.1231
N,G,2020-05-14,167.0535
N,G,2020-05-15,166.9259
N,G,2020-05-18,167.2545
N,G,2020-05-19,166.0382
N,G,2020-05-20,166.6264
N,G,2020-05-21,166.5885
N,G,2020-05-22,166.3869
N,G,2020-05-25,166.3042
N,G,2020-05-26,166.1828
N,G,2020-05-27,165.7868
N,G,2020-05-28,165.7206
N,G,2020-05-29,166.1101
N,G,2020-06-01,166.2293
N,G,2020-06-02,165.759
N,G,2020-06-03,164.5243
N,G,2020-06-04,164.9935
N,G,2020-06-05,164.432
N,G,2020-06-08,163.7273
N,G,2020-06-09,165.2543
N,G,2020-06-10,165.8608
N,G,2020-06-11,166.8903
N,G,2020-06-12,166.5765
N,G,2020-06-15,166.405
N,G,2020-06-16,166.0896
N,G,2020-06-17,166.4068
N,G,2020-06-18,166.659
N,G,2020-06-19,166.9674
N,G,2020-06-22,166.9778
N,G,2020-06-23,167.1892
N,G,2020-06-24,167.0818
N,G,2020-06-25,167.0945
N,G,2020-06-26,167.3836
N,G,2020-06-29,167.4998
N,G,2020-06-30,166.9427
N,G,2020-07-01,167.477
N,G,2020-07-02,167.4455
N,G,2020-07-03,167.3633
N,G,2020-07-06,167.6654
N,G,2020-07-07,167.5452
N,G,2020-07-08,167.839
N,G,2020-07-09,167.853
N,G,2020-07-10,167.6811
N,G,2020-07-13,167.4068
N,G,2020-07-14,167.74
N,G,2020-07-15,167.0528
N,G,2020-07-16,166.3671
N,G,2020-07-17,166.5347
N,G,2020-07-20,166.8065
N,G,2020-07-21,166.8127
N,G,2020-07-22,167.0336
N,G,2020-07-23,167.5794
N,G,2020-07-24,167.9875
N,G,2020-07-27,168.1702
N,G,2020-07-28,167.8576
N,G,2020-07-29,168.4726
N,G,2020-07-30,168.7646
N,G,2020-07-31,168.9778
N,G,2020-08-03,167.9748
N,G,2020-08-04,168.1975
N,G,2020-08-05,168.6841
N,G,2020-08-06,168.9789
N,G,2020-08-07,168.3557
N,G,2020-08-10,168.5096
N,G,2020-08-11,168.5247
N,G,2020-08-12,168.5202
N,G,2020-08-13,169.0694
N,G,2020-08-14,169.1478
N,G,2020-08-17,169.2717
N,G,2020-08-18,169.2076
N,G,2020-08-19,169.2878
N,G,2020-08-20,168.2957
N,G,2020-08-21,168.8111
N,G,2020-08-24,169.0043
N,G,2020-08-25,169.0607
N,G,2020-08-26,168.855
N,G,2020-08-27,169.1218
N,G,2020-08-28,169.2748
N,G,2020-08-31,169.075
N,G,2020-09-01,168.5701
N,G,2020-09-02,167.6295
N,G,2020-09-03,168.1872
N,G,2020-09-04,168.2946
N,G,2020-09-07,168.0427
N,G,2020-09-08,167.4675
N,G,2020-09-09,167.9726
N,G,2020-09-10,169.0356
N,G,2020-09-11,169.0401
N,G,2020-09-14,169.1971
N,G,2020-09-15,169.1059
N,G,2020-09-16,168.9749
N,G,2020-09-17,168.6426
N,G,2020-09-18,168.6004
N,G,2020-09-21,168.4696
N,G,2020-09-22,168.5628
N,G,2020-09-23,168.2821
N,G,2020-09-24,168.017
N,G,2020-09-25,167.5257
N,G,2020-09-28,167.7057
N,G,2020-09-29,168.126
N,G,2020-09-30,167.9366
N,G,2020-10-01,168.1335
N,G,2020-10-02,167.9018
N,G,2020-10-05,168.3984
N,G,2020-10-06,168.5192
N,G,2020-10-07,168.2192
N,G,2020-10-08,168.1201
N,G,2020-10-09,168.5325
N,G,2020-10-12,168.7055
N,G,2020-10-13,168.9427
N,G,2020-10-14,168.6985
N,G,2020-10-15,168.9036
N,G,2020-10-16,168.8152
N,G,2020-10-19,168.8813
N,G,2020-10-20,169.3756
N,G,2020-10-21,169.5727
N,G,2020-10-22,169.0739
N,G,2020-10-23,169.4616
N,G,2020-10-26,169.4758
N,G,2020-10-27,169.2017
N,G,2020-10-28,169.2445
N,G,2020-10-29,169.49
N,G,2020-10-30,169.1032
N,G,2020-11-02,169.2369
N,G,2020-11-03,168.8736
N,G,2020-11-04,169.1752
N,G,2020-11-05,169.264
N,G,2020-11-06,169.7922
N,G,2020-11-09,169.6361
N,G,2020-11-10,167.1624
N,G,2020-11-11,166.9068
N,G,2020-11-12,167.5855
N,G,2020-11-13,167.4434
N,G,2020-11-16,167.6805
N,G,2020-11-17,167.4851
N,G,2020-11-18,167.2979
N,G,2020-11-19,167.2802
N,G,2020-11-20,167.33
N,G,2020-11-23,167.1705
N,G,2020-11-24,167.1904
N,G,2020-11-25,166.7128
N,G,2020-11-26,167.3567
N,G,2020-11-27,167.5834
N,G,2020-11-30,167.8495
N,G,2020-12-01,167.269
N,G,2020-12-02,167.8291
N,G,2020-12-03,168.573
N,G,2020-12-04,168.4156
N,G,2020-12-07,168.8491
N,G,2020-12-08,169.1074
N,G,2020-12-09,169.1694
N,G,2020-12-10,169.422
N,G,2020-12-11,169.7777
N,G,2020-12-14,169.5786
N,G,2020-12-15,169.6803
N,G,2020-12-16,169.433
N,G,2020-12-17,169.3275
N,G,2020-12-18,168.8628
N,G,2020-12-21,169.2371
N,G,2020-12-22,169.0861
N,G,2020-12-23,168.6749
N,G,2020-12-24,168.5299
N,G,2020-12-25,168.5934
N,G,2020-12-28,168.0684
N,G,2020-12-29,168.8093
N,G,2020-12-30,168.697
N,G,2020-12-31,169.2366
N,G,2021-01-01,169.271
N,G,2021-01-04,169.0714
N,G,2021-01-05,169.3642
N,G,2021-01-06,169.3598
N,G,2021-01-07,168.7497
N,G,2021-01-08,168.5099
N,G,2021-01-11,168.5646
N,G,2021-01-12,168.373
N,G,2021-01-13,168.472
N,G,2021-01-14,168.6954
N,G,2021-01-15,168.7525
N,G,2021-01-18,168.8551
N,G,2021-01-19,168.9039
N,G,2021-01-20,168.6281
N,G,2021-01-21,168.6405
N,G,2021-01-22,169.1234
N,G,2021-01-25,168.9299
N,G,2021-01-26,168.7407
N,G,2021-01-27,168.7558
N,G,2021-01-28,168.8992
N,G,2021-01-29,168.7743
N,G,2021-02-01,167.8665
N,G,2021-02-02,167.7718
N,G,2021-02-03,167.6273
N,G,2021-02-04,167.2606
N,G,2021-02-05,167.1343
N,G,2021-02-08,167.0857
N,G,2021-02-09,167.6408
N,G,2021-02-10,167.9517
N,G,2021-02-11,168.1439
N,G,2021-02-12,167.8919
N,G,2021-02-15,167.8587
N,G,2021-02-16,168.12
N,G,2021-02-17,167.6084
N,G,2021-02-18,167.201
N,G,2021-02-19,167.1523
N,G,2021-02-22,166.4687
N,G,2021-02-23,165.9579
N,G,2021-02-24,164.5605
N,G,2021-02-25,164.3153
N,G,2021-02-26,165.9534
N,G,2021-03-01,165.1281
N,G,2021-03-02,164.1654
N,G,2021-03-03,163.9034
N,G,2021-03-04,163.2288
N,G,2021-03-05,163.0537
N,G,2021-03-08,162.9503
N,G,2021-03-09,162.5981
N,G,2021-03-10,163.2338
N,G,2021-03-11,163.2787
N,G,2021-03-12,162.6712
N,G,2021-03-15,162.8509
N,G,2021-03-16,163.2442
N,G,2021-03-17,163.508
N,G,2021-03-18,163.3503
N,G,2021-03-19,163.056
N,G,2021-03-22,163.5973
N,G,2021-03-23,163.4688
N,G,2021-03-24,162.9417
N,G,2021-03-25,163.0038
N,G,2021-03-26,162.3981
N,G,2021-03-29,162.937
N,G,2021-03-30,162.5273
N,G,2021-03-31,162.5008
N,G,2021-04-01,161.9658
N,G,2021-04-02,162.2176
N,G,2021-04-05,162.2628
N,G,2021-04-06,162.5947
N,G,2021-04-07,163.6835
N,G,2021-04-08,164.1071
N,G,2021-04-09,164.4198
N,G,2021-04-12,164.5621
N,G,2021-04-13,164.6063
N,G,2021-04-14,164.8693
N,G,2021-04-15,164.1451
N,G,2021-04-16,164.5622
N,G,2021-04-19,165.0307
N,G,2021-04-20,164.6737
N,G,2021-04-21,164.644
N,G,2021-04-22,164.8176
N,G,2021-04-23,164.7072
N,G,2021-04-26,164.5749
N,G,2021-04-27,164.411
N,G,2021-04-28,164.4583
N,G,2021-04-29,164.9594
N,G,2021-04-30,165.3823
N,G,2021-05-03,165.2634
N,G,2021-05-04,165.0824
N,G,2021-05-05,165.0506
N,G,2021-05-06,165.6598
N,G,2021-05-07,165.7279
N,G,2021-05-10,166.1079
N,G,2021-05-11,165.8089
N,G,2021-05-12,165.65
N,G,2021-05-13,165.7145
N,G,2021-05-14,166.1827
N,G,2021-05-17,166.1262
N,G,2021-05-18,166.3171
N,G,2021-05-19,165.8504
N,G,2021-05-20,165.8295
N,G,2021-05-21,166.3443
N,G,2021-05-24,166.2845
N,G,2021-05-25,166.6354
N,G,2021-05-26,166.5122
N,G,2021-05-27,166.2705
N,G,2021-05-28,166.1641
N,G,2021-05-31,165.7904
N,G,2021-06-01,165.7913
N,G,2021-06-02,165.9207
N,G,2021-06-03,165.8529
N,G,2021-06-04,165.749
N,G,2021-06-07,166.0751
N,G,2021-06-08,166.5372
N,G,2021-06-09,166.4738
N,G,2021-06-10,166.7325
N,G,2021-06-11,166.6809
N,G,2021-06-14,166.703
N,G,2021-06-15,166.8466
N,G,2021-06-16,166.7475
N,G,2021-06-17,165.5442
N,G,2021-06-18,165.0169
N,G,2021-06-21,164.9379
N,G,2021-06-22,165.044
N,G,2021-06-23,164.8743
N,G,2021-06-24,164.7239
N,G,2021-06-25,165.0318
N,G,2021-06-28,164.8902
N,G,2021-06-29,164.7447
N,G,2021-06-30,164.4977
N,G,2021-07-01,164.2325
N,G,2021-07-02,164.5844
N,G,2021-07-05,164.8413
N,G,2021-07-06,164.7471
N,G,2021-07-07,165.0786
N,G,2021-07-08,166.2712
N,G,2021-07-09,166.5795
N,G,2021-07-12,166.3857
N,G,2021-07-13,166.2723
N,G,2021-07-14,166.2328
N,G,2021-07-15,166.9166
N,G,2021-07-16,165.8722
N,G,2021-07-19,166.1151
N,G,2021-07-20,166.6277
N,G,2021-07-21,166.2551
N,G,2021-07-22,166.4869
N,G,2021-07-23,166.1417
N,G,2021-07-26,166.5158
N,G,2021-07-27,166.7773
N,G,2021-07-28,166.9614
N,G,2021-07-29,167.3844
N,G,2021-07-30,167.6269
N,G,2021-08-02,167.7872
N,G,2021-08-03,167.9501
N,G,2021-08-04,167.9746
N,G,2021-08-05,167.983
N,G,2021-08-06,167.9205
N,G,2021-08-09,166.8986
N,G,2021-08-10,166.2779
N,G,2021-08-11,166.014
N,G,2021-08-12,165.9889
N,G,2021-08-13,165.9438
N,G,2021-08-16,167.2294
N,G,2021-08-17,167.828
N,G,2021-08-18,167.8446
N,G,2021-08-19,167.8086
N,G,2021-08-20,167.7243
N,G,2021-08-23,167.8708
N,G,2021-08-24,167.9138
N,G,2021-08-25,167.641
N,G,2021-08-26,166.8306
N,G,2021-08-27,166.7496
N,G,2021-08-30,166.6592
N,G,2021-08-31,166.5907
N,G,2021-09-01,166.1101
N,G,2021-09-02,166.1906
N,G,2021-09-03,166.1442
N,G,2021-09-06,165.9195
N,G,2021-09-07,166.1785
N,G,2021-09-08,165.7025
N,G,2021-09-09,165.7663
N,G,2021-09-10,166.1126
N,G,2021-09-13,165.6081
N,G,2021-09-14,165.1989
N,G,2021-09-15,165.8887
N,G,2021-09-16,165.1989
N,G,2021-09-17,164.7033
N,G,2021-09-20,164.7317
N,G,2021-09-21,165.4904
N,G,2021-09-22,166.1845
N,G,2021-09-23,165.875
N,G,2021-09-24,165.8485
N,G,2021-09-27,165.3905
N,G,2021-09-28,165.7305
N,G,2021-09-29,165.8
N,G,2021-09-30,165.3644
N,G,2021-10-01,165.8671
N,G,2021-10-04,165.9965
N,G,2021-10-05,166.6014
N,G,2021-10-06,166.4476
N,G,2021-10-07,166.7371
N,G,2021-10-08,166.3272
N,G,2021-10-11,166.8304
N,G,2021-10-12,166.7654
N,G,2021-10-13,166.551
N,G,2021-10-14,167.4736
N,G,2021-10-15,167.0674
N,G,2021-10-18,166.6672
N,G,2021-10-19,167.1645
N,G,2021-10-20,166.4469
N,G,2021-10-21,167.2098
N,G,2021-10-22,167.7796
N,G,2021-10-25,167.6177
N,G,2021-10-26,167.097
N,G,2021-10-27,167.917
N,G,2021-10-28,167.8076
N,G,2021-10-29,168.6946
N,G,2021-11-01,168.762
N,G,2021-11-02,169.1424
N,G,2021-11-03,169.4393
N,G,2021-11-04,169.3829
N,G,2021-11-05,169.2432
N,G,2021-11-08,168.9564
N,G,2021-11-09,168.8493
N,G,2021-11-10,169.2213
N,G,2021-11-11,168.796
N,G,2021-11-12,168.6712
N,G,2021-11-15,168.9163
N,G,2021-11-16,168.2925
N,G,2021-11-17,167.9443
N,G,2021-11-18,168.5964
N,G,2021-11-19,169.3397
N,G,2021-11-22,169.1606
N,G,2021-11-23,168.9341
N,G,2021-11-24,168.7084
N,G,2021-11-25,168.9307
N,G,2021-11-26,170.1166
N,G,2021-11-29,170.2936
N,G,2021-11-30,170.8879
N,G,2021-12-01,170.9456
N,G,2021-12-02,170.7284
N,G,2021-12-03,171.0785
N,G,2021-12-06,170.7926
N,G,2021-12-07,170.6674
N,G,2021-12-08,170.3501
N,G,2021-12-09,170.5934
N,G,2021-12-10,170.5995
N,G,2021-12-13,170.4874
N,G,2021-12-14,171.1749
N,G,2021-12-15,170.7918
N,G,2021-12-16,170.5741
N,G,2021-12-17,171.6274
N,G,2021-12-20,171.2467
N,G,2021-12-21,171.0414
N,G,2021-12-22,170.3578
N,G,2021-12-23,170.4062
N,G,2021-12-24,170.8771
N,G,2021-12-27,170.6568
N,G,2021-12-28,170.9999
N,G,2021-12-29,170.9852
N,G,2021-12-30,171.1408
N,G,2021-12-31,171.7965
N,G,2022-01-03,171.7687
N,G,2022-01-04,171.1221
N,G,2022-01-05,171.4821
N,G,2022-01-06,171.1945
N,G,2022-01-07,170.5074
N,G,2022-01-10,170.3204
N,G,2022-01-11,169.295
N,G,2022-01-12,169.4437
N,G,2022-01-13,170.4534
N,G,2022-01-14,170.8623
N,G,2022-01-17,170.7214
N,G,2022-01-18,170.8205
N,G,2022-01-19,170.9471
N,G,2022-01-20,170.9391
N,G,2022-01-21,171.5938
N,G,2022-01-24,171.876
N,G,2022-01-25,170.938
N,G,2022-01-26,170.7028
N,G,2022-01-27,170.2988
N,G,2022-01-28,170.1533
N,G,2022-01-31,169.57
N,G,2022-02-01,170.4356
N,G,2022-02-02,170.5749
N,G,2022-02-03,170.3502
N,G,2022-02-04,169.2374
N,G,2022-02-07,168.9131
N,G,2022-02-08,169.2212
N,G,2022-02-09,169.0079
N,G,2022-02-10,168.8641
N,G,2022-02-11,168.6778
N,G,2022-02-14,169.919
N,G,2022-02-15,169.2735
N,G,2022-02-16,169.1121
N,G,2022-02-17,169.7479
N,G,2022-02-18,169.696
N,G,2022-02-21,170.3528
N,G,2022-02-22,170.7145
N,G,2022-02-23,170.0118
N,G,2022-02-24,171.4796
N,G,2022-02-25,170.8192
N,G,2022-02-28,171.9676
N,G,2022-03-01,172.9206
N,G,2022-03-02,174.1571
N,G,2022-03-03,173.3981
N,G,2022-03-04,174.2921
N,G,2022-03-07,175.1941
N,G,2022-03-08,174.4059
N,G,2022-03-09,173.7042
N,G,2022-03-10,173.1365
N,G,2022-03-11,173.1014
N,G,2022-03-14,172.647
N,G,2022-03-15,171.4654
N,G,2022-03-16,170.7865
N,G,2022-03-17,170.188
N,G,2022-03-18,171.1399
N,G,2022-03-21,171.9559
N,G,2022-03-22,171.39940000000001
N,G,2022-03-23,171.4687
N,G,2022-03-24,171.8644
N,G,2022-03-25,172.8413
N,G,2022-03-28,171.2956
N,G,2022-03-29,171.0907
N,G,2022-03-30,171.5252
N,G,2022-03-31,171.684
N,G,2022-04-01,172.5312
N,G,2022-04-04,172.2187
N,G,2022-04-05,172.6823
N,G,2022-04-06,171.9698
N,G,2022-04-07,172.2525
N,G,2022-04-08,171.9944
N,G,2022-04-11,171.987
N,G,2022-04-12,172.748
N,G,2022-04-13,173.0514
N,G,2022-04-14,171.7497
N,G,2022-04-15,171.3545
N,G,2022-04-18,171.1311
N,G,2022-04-19,170.7047
N,G,2022-04-20,170.2152
N,G,2022-04-21,169.5932
N,G,2022-04-22,169.5715
N,G,2022-04-25,169.8237
N,G,2022-04-26,170.0919
N,G,2022-04-27,170.1218
N,G,2022-04-28,169.8743
N,G,2022-04-29,169.6422
N,G,2022-05-02,169.5947
N,G,2022-05-03,168.6575
N,G,2022-05-04,167.9769
N,G,2022-05-05,167.5917
N,G,2022-05-06,167.4783
N,G,2022-05-09,166.8791
N,G,2022-05-10,166.2604
N,G,2022-05-11,167.1485
N,G,2022-05-12,167.0092
N,G,2022-05-13,166.431
N,G,2022-05-16,165.5939
N,G,2022-05-17,166.1219
N,G,2022-05-18,165.9309
N,G,2022-05-19,169.5575
N,G,2022-05-20,168.9769
N,G,2022-05-23,168.8635
N,G,2022-05-24,169.6902
N,G,2022-05-25,169.9054
N,G,2022-05-26,170.5499
N,G,2022-05-27,170.4785
N,G,2022-05-30,170.2189
N,G,2022-05-31,169.7334
N,G,2022-06-01,169.9891
N,G,2022-06-02,170.4345
N,G,2022-06-03,170.2019
N,G,2022-06-06,169.64940000000001
N,G,2022-06-07,168.0129
N,G,2022-06-08,167.5291
N,G,2022-06-09,167.1196
N,G,2022-06-10,168.046
N,G,2022-06-13,167.5852
N,G,2022-06-14,168.2959
N,G,2022-06-15,166.5977
N,G,2022-06-16,170.0484
N,G,2022-06-17,171.6299
N,G,2022-06-20,171.7517
N,G,2022-06-21,171.2643
N,G,2022-06-22,171.4952
N,G,2022-06-23,171.6903
N,G,2022-06-24,172.5884
N,G,2022-06-27,172.3229
N,G,2022-06-28,172.9858
N,G,2022-06-29,173.5665
N,G,2022-06-30,174.2259
N,G,2022-07-01,173.8141
N,G,2022-07-04,173.7038
N,G,2022-07-05,174.1726
N,G,2022-07-06,174.3391
N,G,2022-07-07,174.3033
N,G,2022-07-08,173.8218
N,G,2022-07-11,173.3923
N,G,2022-07-12,173.6128
N,G,2022-07-13,174.28
N,G,2022-07-14,173.6191
N,G,2022-07-15,174.3256
N,G,2022-07-18,174.2341
N,G,2022-07-19,173.9481
N,G,2022-07-20,174.089
N,G,2022-07-21,174.0796
N,G,2022-07-22,175.2003
N,G,2022-07-25,175.2435
N,G,2022-07-26,175.2276
N,G,2022-07-27,176.4673
N,G,2022-07-28,176.2157
N,G,2022-07-29,176.8983
N,G,2022-08-01,177.0569
N,G,2022-08-02,176.8564
N,G,2022-08-03,176.0226
N,G,2022-08-04,175.6986
N,G,2022-08-05,176.2761
N,G,2022-08-08,176.3042
N,G,2022-08-09,176.8808
N,G,2022-08-10,177.1869
N,G,2022-08-11,178.0024
N,G,2022-08-12,178.1739
N,G,2022-08-15,178.3573
N,G,2022-08-16,178.506
N,G,2022-08-17,177.7016
N,G,2022-08-18,177.4895
N,G,2022-08-19,177.7334
N,G,2022-08-22,178.2713
N,G,2022-08-23,177.6821
N,G,2022-08-24,178.203
N,G,2022-08-25,177.6322
N,G,2022-08-26,177.397
N,G,2022-08-29,177.5301
N,G,2022-08-30,176.3871
N,G,2022-08-31,175.672
N,G,2022-09-01,175.5601
N,G,2022-09-02,175.539
N,G,2022-09-05,175.6876
N,G,2022-09-06,175.7646
N,G,2022-09-07,176.0111
N,G,2022-09-08,176.5141
N,G,2022-09-09,178.5639
N,G,2022-09-12,178.3079
N,G,2022-09-13,179.1127
N,G,2022-09-14,179.216
N,G,2022-09-15,179.262
N,G,2022-09-16,179.3728
N,G,2022-09-19,178.6996
N,G,2022-09-20,178.4509
N,G,2022-09-21,179.9167
N,G,2022-09-22,178.7191
N,G,2022-09-23,178.5985
N,G,2022-09-26,179.1901
N,G,2022-09-27,179.1984
N,G,2022-09-28,179.4878
N,G,2022-09-29,180.1597
N,G,2022-09-30,179.1388
N,G,2022-10-03,177.3928
N,G,2022-10-04,176.4952
N,G,2022-10-05,176.9306
N,G,2022-10-06,177.5238
N,G,2022-10-07,177.0846
N,G,2022-10-10,177.1643
N,G,2022-10-11,176.7798
N,G,2022-10-12,177.5752
N,G,2022-10-13,176.8714
N,G,2022-10-14,176.0322
N,G,2022-10-17,175.8636
N,G,2022-10-18,176.1095
N,G,2022-10-19,175.6805
N,G,2022-10-20,175.0181
N,G,2022-10-21,174.74
N,G,2022-10-24,175.3184
N,G,2022-10-25,175.0058
N,G,2022-10-26,175.4598
N,G,2022-10-27,175.2535
N,G,2022-10-28,175.1572
N,G,2022-10-31,174.5523
N,G,2022-11-01,175.5083
N,G,2022-11-02,175.1759
N,G,2022-11-03,174.2308
N,G,2022-11-04,174.241
N,G,2022-11-07,175.0333
N,G,2022-11-08,175.4425
N,G,2022-11-09,175.5305
N,G,2022-11-10,176.1684
N,G,2022-11-11,177.4203
N,G,2022-11-14,179.5098
N,G,2022-11-15,179.7179
N,G,2022-11-16,179.4141
N,G,2022-11-17,178.9833
N,G,2022-11-18,178.1058
N,G,2022-11-21,178.2579
N,G,2022-11-22,178.3313
N,G,2022-11-23,178.666
N,G,2022-11-24,179.0346
N,G,2022-11-25,178.8767
N,G,2022-11-28,179.0328
N,G,2022-11-29,178.0046
N,G,2022-11-30,178.0632
N,G,2022-12-01,178.2581
N,G,2022-12-02,178.8356
N,G,2022-12-05,178.7064
N,G,2022-12-06,178.0041
N,G,2022-12-07,178.5857
N,G,2022-12-08,178.1418
N,G,2022-12-09,178.9957
N,G,2022-12-12,179.2775
N,G,2022-12-13,178.8865
N,G,2022-12-14,179.3037
N,G,2022-12-15,179.6149
N,G,2022-12-16,179.8983
N,G,2022-12-19,179.5826
N,G,2022-12-20,180.1551
N,G,2022-12-21,180.356
N,G,2022-12-22,180.7486
N,G,2022-12-23,179.5059
N,G,2022-12-26,179.3368
N,G,2022-12-27,179.5814
N,G,2022-12-28,179.7109
N,G,2022-12-29,180.7366
N,G,2022-12-30,180.6801
N,G,2023-01-02,180.1008
N,G,2023-01-03,178.9495
N,G,2023-01-04,180.1075
N,G,2023-01-05,180.1156
N,G,2023-01-06,178.6961
N,G,2023-01-09,179.566
N,G,2023-01-10,179.7927
N,G,2023-01-11,179.2633
N,G,2023-01-12,177.3477
N,G,2023-01-13,176.844
N,G,2023-01-16,177.7976
N,G,2023-01-17,178.3371
N,G,2023-01-18,179.6413
N,G,2023-01-19,179.6174
N,G,2023-01-20,178.7174
N,G,2023-01-23,178.5243
N,G,2023-01-24,178.2019
N,G,2023-01-25,177.7778
N,G,2023-01-26,178.3308
N,G,2023-01-27,178.0497
N,G,2023-01-30,178.1623
N,G,2023-01-31,177.5866
N,G,2023-02-01,179.0279
N,G,2023-02-02,179.5613
N,G,2023-02-03,179.3155
N,G,2023-02-06,179.243
N,G,2023-02-07,179.2571
N,G,2023-02-08,180.307
N,G,2023-02-09,180.1434
N,G,2023-02-10,179.8725
N,G,2023-02-13,180.265
N,G,2023-02-14,180.7558
N,G,2023-02-15,180.1143
N,G,2023-02-16,180.3872
N,G,2023-02-17,179.4006
N,G,2023-02-20,180.3808
N,G,2023-02-21,180.4936
N,G,2023-02-22,180.1977
N,G,2023-02-23,179.5454
N,G,2023-02-24,179.3572
N,G,2023-02-27,178.6288
N,G,2023-02-28,178.7909
N,G,2023-03-01,178.2602
N,G,2023-03-02,177.7338
N,G,2023-03-03,178.5162
N,G,2023-03-06,179.1381
N,G,2023-03-07,179.2357
N,G,2023-03-08,178.7423
N,G,2023-03-09,179.4508
N,G,2023-03-10,180.6787
N,G,2023-03-13,182.9525
N,G,2023-03-14,182.9069
N,G,2023-03-15,181.9293
N,G,2023-03-16,180.7813
N,G,2023-03-17,180.5423
N,G,2023-03-20,179.6774
N,G,2023-03-21,179.4833
N,G,2023-03-22,180.0796
N,G,2023-03-23,180.1627
N,G,2023-03-24,181.1228
N,G,2023-03-27,181.2334
N,G,2023-03-28,180.6293
N,G,2023-03-29,179.9423
N,G,2023-03-30,180.2405
N,G,2023-03-31,180.1077
N,G,2023-04-03,180.3082
N,G,2023-04-04,180.6762
N,G,2023-04-05,181.8142
N,G,2023-04-06,182.3834
N,G,2023-04-07,182.4255
N,G,2023-04-10,182.2081
N,G,2023-04-11,182.555
N,G,2023-04-12,182.7344
N,G,2023-04-13,184.1068
N,G,2023-04-14,184.3157
N,G,2023-04-17,183.9114
N,G,2023-04-18,183.5131
N,G,2023-04-19,183.45
N,G,2023-04-20,183.8363
N,G,2023-04-21,184.3718
N,G,2023-04-24,184.7475
N,G,2023-04-25,185.2926
N,G,2023-04-26,184.5654
N,G,2023-04-27,183.9846
N,G,2023-04-28,183.8059
N,G,2023-05-01,183.9981
N,G,2023-05-02,183.4858
N,G,2023-05-03,184.9846
N,G,2023-05-04,184.844
N,G,2023-05-05,183.8473
N,G,2023-05-08,184.4934
N,G,2023-05-09,184.2195
N,G,2023-05-10,184.7377
N,G,2023-05-11,184.0684
N,G,2023-05-12,185.0927
N,G,2023-05-15,184.4702
N,G,2023-05-16,185.1779
N,G,2023-05-17,184.4978
N,G,2023-05-18,184.5442
N,G,2023-05-19,184.39940000000001
N,G,2023-05-22,185.7128
N,G,2023-05-23,185.1496
N,G,2023-05-24,184.8498
N,G,2023-05-25,184.6929
N,G,2023-05-26,185.1163
N,G,2023-05-29,185.2572
N,G,2023-05-30,185.2243
N,G,2023-05-31,184.4629
N,G,2023-06-01,184.4099
N,G,2023-06-02,184.4573
N,G,2023-06-05,184.1532
N,G,2023-06-06,184.9834
N,G,2023-06-07,185.169
N,G,2023-06-08,184.5546
N,G,2023-06-09,185.8121
N,G,2023-06-12,185.2308
N,G,2023-06-13,184.6046
N,G,2023-06-14,184.7054
N,G,2023-06-15,184.6795
N,G,2023-06-16,185.9543
N,G,2023-06-19,185.4918
N,G,2023-06-20,185.0322
N,G,2023-06-21,185.3028
N,G,2023-06-22,185.2539
N,G,2023-06-23,185.4954
N,G,2023-06-26,186.5015
N,G,2023-06-27,186.1641
N,G,2023-06-28,186.2999
N,G,2023-06-29,186.3045
N,G,2023-06-30,186.1803
N,G,2023-07-03,186.1176
N,G,2023-07-04,186.5242
N,G,2023-07-05,186.2437
N,G,2023-07-06,186.6261
N,G,2023-07-07,186.9596
N,G,2023-07-10,187.4122
N,G,2023-07-11,188.437
N,G,2023-07-12,188.8568
N,G,2023-07-13,190.5608
N,G,2023-07-14,191.0497
N,G,2023-07-17,190.8049
N,G,2023-07-18,190.8567
N,G,2023-07-19,191.3083
N,G,2023-07-20,191.5464
N,G,2023-07-21,190.619
N,G,2023-07-24,190.8438
N,G,2023-07-25,190.5216
N,G,2023-07-26,191.6412
N,G,2023-07-27,192.39
N,G,2023-07-28,190.8642
N,G,2023-07-31,190.3472
N,G,2023-08-01,190.056
N,G,2023-08-02,189.7643
N,G,2023-08-03,190.533
N,G,2023-08-04,190.3874
N,G,2023-08-07,190.4527
N,G,2023-08-08,190.9501
N,G,2023-08-09,190.7521
N,G,2023-08-10,190.8719
N,G,2023-08-11,190.4733
N,G,2023-08-14,191.0498
N,G,2023-08-15,191.6575
N,G,2023-08-16,191.1434
N,G,2023-08-17,191.4219
N,G,2023-08-18,191.1631
N,G,2023-08-21,191.0381
N,G,2023-08-22,191.276
N,G,2023-08-23,191.4963
N,G,2023-08-24,191.2093
N,G,2023-08-25,190.5821
N,G,2023-08-28,190.8602
N,G,2023-08-29,190.6001
N,G,2023-08-30,191.2724
N,G,2023-08-31,190.7979
N,G,2023-09-01,190.6235
N,G,2023-09-04,190.8467
N,G,2023-09-05,190.835
N,G,2023-09-06,190.6296
N,G,2023-09-07,190.6004
N,G,2023-09-08,190.7665
N,G,2023-09-11,190.2704
N,G,2023-09-12,190.371
N,G,2023-09-13,189.9304
N,G,2023-09-14,189.7777
N,G,2023-09-15,189.9433
N,G,2023-09-18,189.9186
N,G,2023-09-19,189.7367
N,G,2023-09-20,189.4759
N,G,2023-09-21,187.8459
N,G,2023-09-22,188.1965
N,G,2023-09-25,187.659
N,G,2023-09-26,187.4946
N,G,2023-09-27,187.0229
N,G,2023-09-28,187.0578
N,G,2023-09-29,187.8797
N,G,2023-10-02,188.0628
N,G,2023-10-03,187.2379
N,G,2023-10-04,187.5674
N,G,2023-10-05,187.5833
N,G,2023-10-06,188.1328
N,G,2023-10-09,188.7192
N,G,2023-10-10,189.362
N,G,2023-10-11,189.4775
N,G,2023-10-12,189.84
N,G,2023-10-13,189.3081
N,G,2023-10-16,190.2981
N,G,2023-10-17,190.3282
N,G,2023-10-18,190.6705
N,G,2023-10-19,191.238
N,G,2023-10-20,192.4355
N,G,2023-10-23,192.0002
N,G,2023-10-24,191.6087
N,G,2023-10-25,191.6251
N,G,2023-10-26,191.1095
N,G,2023-10-27,190.6539
N,G,2023-10-30,189.8707
N,G,2023-10-31,189.4002
N,G,2023-11-01,188.9039
N,G,2023-11-02,189.4053
N,G,2023-11-03,188.8158
N,G,2023-11-06,189.1809
N,G,2023-11-07,189.1091
N,G,2023-11-08,188.9505
N,G,2023-11-09,188.9534
N,G,2023-11-10,188.957
N,G,2023-11-13,188.8843
N,G,2023-11-14,188.7025
N,G,2023-11-15,189.5749
N,G,2023-11-16,189.6238
N,G,2023-11-17,189.8453
N,G,2023-11-20,189.8596
N,G,2023-11-21,189.3473
N,G,2023-11-22,189.8183
N,G,2023-11-23,189.9216
N,G,2023-11-24,189.8902
N,G,2023-11-27,189.9812
N,G,2023-11-28,190.1619
N,G,2023-11-29,190.492
N,G,2023-11-30,191.4408
N,G,2023-12-01,191.9395
N,G,2023-12-04,192.3265
N,G,2023-12-05,192.6367
N,G,2023-12-06,192.918
N,G,2023-12-07,193.1388
N,G,2023-12-08,192.7555
N,G,2023-12-11,192.2044
N,G,2023-12-12,192.1184
N,G,2023-12-13,192.6934
N,G,2023-12-14,192.5388
N,G,2023-12-15,192.8438
N,G,2023-12-18,192.9819
N,G,2023-12-19,193.4006
N,G,2023-12-20,194.1835
N,G,2023-12-21,194.3507
N,G,2023-12-22,195.0892
N,G,2023-12-25,195.2428
N,G,2023-12-26,195.3931
N,G,2023-12-27,195.5504
N,G,2023-12-28,198.5592
N,G,2023-12-29,198.2315
N,G,2024-01-01,197.7874
N,G,2024-01-02,197.3288
N,G,2024-01-03,196.8892
N,G,2024-01-04,197.047
N,G,2024-01-05,196.8584
N,G,2024-01-08,197.1387
N,G,2024-01-09,197.2494
N,G,2024-01-10,196.7773
N,G,2024-01-11,196.8875
N,G,2024-01-12,196.1927
N,G,2024-01-15,196.41
N,G,2024-01-16,195.7059
N,G,2024-01-17,195.6426
N,G,2024-01-18,195.0108
N,G,2024-01-19,194.05
N,G,2024-01-22,194.0849
N,G,2024-01-23,194.0338
N,G,2024-01-24,194.4745
N,G,2024-01-25,194.9931
N,G,2024-01-26,195.0862
N,G,2024-01-29,195.9714
N,G,2024-01-30,195.6645
N,G,2024-01-31,195.7526
N,G,2024-02-01,195.9965
N,G,2024-02-02,196.4774
N,G,2024-02-05,194.9754
N,G,2024-02-06,194.7703
N,G,2024-02-07,194.5292
N,G,2024-02-08,194.1346
N,G,2024-02-09,193.7018
N,G,2024-02-12,193.7056
N,G,2024-02-13,192.712
N,G,2024-02-14,191.9203
N,G,2024-02-15,192.4945
N,G,2024-02-16,192.5891
N,G,2024-02-19,192.5206
N,G,2024-02-20,192.2158
N,G,2024-02-21,192.3707
N,G,2024-02-22,192.5875
N,G,2024-02-23,192.0923
N,G,2024-02-26,192.2134
N,G,2024-02-27,192.1231
N,G,2024-02-28,192.3164
N,G,2024-02-29,192.512
N,G,2024-03-01,191.3315
N,G,2024-03-04,191.5331
N,G,2024-03-05,190.884
N,G,2024-03-06,191.0424
N,G,2024-03-07,191.5213
N,G,2024-03-08,191.9754
N,G,2024-03-11,191.9197
N,G,2024-03-12,192.1506
N,G,2024-03-13,191.7551
N,G,2024-03-14,191.2882
N,G,2024-03-15,191.1685
N,G,2024-03-18,191.0056
N,G,2024-03-19,190.9262
N,G,2024-03-20,190.2824
N,G,2024-03-21,188.7149
N,G,2024-03-22,188.6078
N,G,2024-03-25,189.0807
N,G,2024-03-26,188.0815
N,G,2024-03-27,187.5149
N,G,2024-03-28,187.835
N,G,2024-03-29,187.8063
N,G,2024-04-01,187.7762
N,G,2024-04-02,187.7423
N,G,2024-04-03,187.4238
N,G,2024-04-04,187.0403
N,G,2024-04-05,187.7859
N,G,2024-04-08,187.4731
N,G,2024-04-09,187.322
N,G,2024-04-10,187.4223
N,G,2024-04-11,186.7061
N,G,2024-04-12,187.5552
N,G,2024-04-15,187.8467
N,G,2024-04-16,188.2555
N,G,2024-04-17,188.7926
N,G,2024-04-18,188.7181
N,G,2024-04-19,189.1385
N,G,2024-04-22,188.557
N,G,2024-04-23,188.2182
N,G,2024-04-24,187.4479
N,G,2024-04-25,187.3722
N,G,2024-04-26,187.5656
N,G,2024-04-29,187.7279
N,G,2024-04-30,187.5716
N,G,2024-05-01,187.5303
N,G,2024-05-02,187.5006
N,G,2024-05-03,187.9929
N,G,2024-05-06,188.3028
N,G,2024-05-07,187.7168
N,G,2024-05-08,187.9689
N,G,2024-05-09,187.9738
N,G,2024-05-10,187.9777
N,G,2024-05-13,187.9209
N,G,2024-05-14,187.7152
N,G,2024-05-15,187.631
N,G,2024-05-16,187.7118
N,G,2024-05-17,186.6393
N,G,2024-05-20,186.4142
N,G,2024-05-21,186.1992
N,G,2024-05-22,185.745
N,G,2024-05-23,185.5607
N,G,2024-05-24,185.6639
N,G,2024-05-27,185.4271
N,G,2024-05-28,185.7285
N,G,2024-05-29,185.9183
N,G,2024-05-30,187.4206
N,G,2024-05-31,187.5207
N,G,2024-06-03,188.1346
N,G,2024-06-04,189.3672
N,G,2024-06-05,190.021
N,G,2024-06-06,189.977
N,G,2024-06-07,190.4679
N,G,2024-06-10,190.3068
N,G,2024-06-11,190.4105
N,G,2024-06-12,190.4142
N,G,2024-06-13,190.0943
N,G,2024-06-14,191.9164
N,G,2024-06-17,191.9589
N,G,2024-06-18,192.4184
N,G,2024-06-19,193.0543
N,G,2024-06-20,192.2116
N,G,2024-06-21,192.0799
N,G,2024-06-24,191.4686
N,G,2024-06-25,191.2522
N,G,2024-06-26,190.9908
N,G,2024-06-27,190.9472
N,G,2024-06-28,190.4699
N,G,2024-07-01,189.7316
N,G,2024-07-02,189.5153
N,G,2024-07-03,189.1817
N,G,2024-07-04,189.1092
N,G,2024-07-05,189.445
N,G,2024-07-08,189.9193
N,G,2024-07-09,189.4234
N,G,2024-07-10,189.7555
N,G,2024-07-11,189.1532
N,G,2024-07-12,189.1633
N,G,2024-07-15,189.3327
N,G,2024-07-16,189.2893
N,G,2024-07-17,190.435
N,G,2024-07-18,191.2509
N,G,2024-07-19,191.0406
N,G,2024-07-22,191.1099
N,G,2024-07-23,190.6671
N,G,2024-07-24,191.256
N,G,2024-07-25,192.9031
N,G,2024-07-26,192.3449
N,G,2024-07-29,192.2329
N,G,2024-07-30,192.1119
N,G,2024-07-31,193.0052
N,G,2024-08-01,194.0767
N,G,2024-08-02,195.161
N,G,2024-08-05,198.629
N,G,2024-08-06,197.9378
N,G,2024-08-07,197.2065
N,G,2024-08-08,196.9721
N,G,2024-08-09,195.4406
N,G,2024-08-12,194.778
N,G,2024-08-13,194.992
N,G,2024-08-14,195.0494
N,G,2024-08-15,194.3445
N,G,2024-08-16,194.0116
N,G,2024-08-19,194.0828
N,G,2024-08-20,194.7077
N,G,2024-08-21,195.5543
N,G,2024-08-22,196.2023
N,G,2024-08-23,196.2319
N,G,2024-08-26,196.8449
N,G,2024-08-27,196.6203
N,G,2024-08-28,197.8114
N,G,2024-08-29,197.9691
N,G,2024-08-30,197.0832
N,G,2024-09-02,197.0454
N,G,2024-09-03,196.5531
N,G,2024-09-04,197.5513
N,G,2024-09-05,197.5263
N,G,2024-09-06,198.4673
N,G,2024-09-09,197.6756
N,G,2024-09-10,197.8172
N,G,2024-09-11,198.2873
N,G,2024-09-12,196.5911
N,G,2024-09-13,196.9487
N,G,2024-09-16,197.4278
N,G,2024-09-17,197.4659
N,G,2024-09-18,197.5194
N,G,2024-09-19,196.6259
N,G,2024-09-20,196.2452
N,G,2024-09-23,196.105
N,G,2024-09-24,196.2186
N,G,2024-09-25,196.0434
N,G,2024-09-26,195.7406
N,G,2024-09-27,196.6359
N,G,2024-09-30,196.4886
N,G,2024-10-01,196.6407
N,G,2024-10-02,197.2024
N,G,2024-10-03,196.7884
N,G,2024-10-04,196.7023
N,G,2024-10-07,195.8732
N,G,2024-10-08,196.6658
N,G,2024-10-09,196.4095
N,G,2024-10-10,195.9993
N,G,2024-10-11,196.8036
N,G,2024-10-14,196.1771
N,G,2024-10-15,196.0426
N,G,2024-10-16,196.2778
N,G,2024-10-17,196.0269
N,G,2024-10-18,195.7152
N,G,2024-10-21,195.9697
N,G,2024-10-22,196.1699
N,G,2024-10-23,196.4032
N,G,2024-10-24,196.4626
N,G,2024-10-25,196.1053
N,G,2024-10-28,196.1748
N,G,2024-10-29,196.4359
N,G,2024-10-30,195.9984
N,G,2024-10-31,196.1823
N,G,2024-11-01,195.7702
N,G,2024-11-04,196.3071
N,G,2024-11-05,196.6639
N,G,2024-11-06,195.4988
N,G,2024-11-07,195.0043
N,G,2024-11-08,195.5332
N,G,2024-11-11,195.2652
N,G,2024-11-12,195.1194
N,G,2024-11-13,195.0837
N,G,2024-11-14,194.8868
N,G,2024-11-15,194.6384
N,G,2024-11-18,195.2043
N,G,2024-11-19,195.7598
N,G,2024-11-20,195.3145
N,G,2024-11-21,196.067
N,G,2024-11-22,196.0943
N,G,2024-11-25,195.2311
N,G,2024-11-26,195.8341
N,G,2024-11-27,196.3582
N,G,2024-11-28,195.7944
N,G,2024-11-29,196.2102
N,G,2024-12-02,195.6479
N,G,2024-12-03,195.7992
N,G,2024-12-04,195.5253
N,G,2024-12-05,195.6229
N,G,2024-12-06,196.4409
N,G,2024-12-09,196.3703
N,G,2024-12-10,196.5998
N,G,2024-12-11,196.1363
N,G,2024-12-12,195.395
N,G,2024-12-13,194.2858
N,G,2024-12-16,194.959
N,G,2024-12-17,193.6604
N,G,2024-12-18,194.376
N,G,2024-12-19,194.8951
N,G,2024-12-20,195.4673
N,G,2024-12-23,195.0611
N,G,2024-12-24,194.172
N,G,2024-12-25,194.2159
N,G,2024-12-26,194.259
N,G,2024-12-27,194.3002
N,G,2024-12-30,193.7438
N,G,2024-12-31,193.4792
N,G,2025-01-01,193.5665
N,G,2025-01-02,193.6557
N,G,2025-01-03,193.7449
N,G,2025-01-06,193.7607
N,G,2025-01-07,193.2922
N,G,2025-01-08,192.8441
N,G,2025-01-09,193.1988
N,G,2025-01-10,192.8186
N,G,2025-01-13,193.3625
N,G,2025-01-14,192.8796
N,G,2025-01-15,193.1336
N,G,2025-01-16,193.4675
N,G,2025-01-17,193.4164
N,G,2025-01-20,192.7606
N,G,2025-01-21,192.7448
N,G,2025-01-22,192.9705
N,G,2025-01-23,192.7662
N,G,2025-01-24,192.3068
N,G,2025-01-27,192.9761
N,G,2025-01-28,192.6318
N,G,2025-01-29,192.8178
N,G,2025-01-30,192.3968
N,G,2025-01-31,192.0604
N,G,2025-02-03,192.3973
N,G,2025-02-04,192.7428
N,G,2025-02-05,193.4433
N,G,2025-02-06,193.4402
N,G,2025-02-07,192.8364
N,G,2025-02-10,192.6693
N,G,2025-02-11,192.3914
N,G,2025-02-12,192.1744
N,G,2025-02-13,192.1235
N,G,2025-02-14,192.5679
N,G,2025-02-17,192.8943
N,G,2025-02-18,193.0422
N,G,2025-02-19,192.418
N,G,2025-02-20,192.7487
N,G,2025-02-21,193.062
N,G,2025-02-24,192.967
N,G,2025-02-25,193.6837
N,G,2025-02-26,193.7465
N,G,2025-02-27,193.33
N,G,2025-02-28,193.4909
N,G,2025-03-03,193.4681
N,G,2025-03-04,194.5927
N,G,2025-03-05,193.8098
N,G,2025-03-06,192.8793
N,G,2025-03-07,193.7632
N,G,2025-03-10,194.3999
N,G,2025-03-11,192.9282
N,G,2025-03-12,192.4414
N,G,2025-03-13,192.9885
N,G,2025-03-14,192.711
N,G,2025-03-17,192.5532
N,G,2025-03-18,192.6719
N,G,2025-03-19,193.6534
N,G,2025-03-20,193.2577
N,G,2025-03-21,193.2348
N,G,2025-03-24,193.3907
N,G,2025-03-25,193.4005
N,G,2025-03-26,193.3642
N,G,2025-03-27,193.5468
N,G,2025-03-28,193.8544
N,G,2025-03-31,193.8304
N,G,2025-04-01,193.5994
N,G,2025-04-02,193.2849
N,G,2025-04-03,195.3019
N,G,2025-04-04,197.9553
N,G,2025-04-07,199.7046
N,G,2025-04-08,198.5312
N,G,2025-04-09,201.6272
N,G,2025-04-10,200.387
N,G,2025-04-11,204.7303
N,G,2025-04-14,203.7811
N,G,2025-04-15,204.6722
N,G,2025-04-16,203.7659
N,G,2025-04-17,203.7517
N,G,2025-04-18,203.7981
N,G,2025-04-21,203.8579
N,G,2025-04-22,203.907
N,G,2025-04-23,201.9993
N,G,2025-04-24,201.0414
N,G,2025-04-25,200.3554
N,G,2025-04-28,200.3899
N,G,2025-04-29,201.1322
N,G,2025-04-30,201.1059
N,G,2025-05-01,201.2476
N,G,2025-05-02,201.3698
N,G,2025-05-05,201.5578
N,G,2025-05-06,201.6578
N,G,2025-05-07,201.0345
N,G,2025-05-08,201.6047
N,G,2025-05-09,201.0135
N,G,2025-05-12,199.3625
N,G,2025-05-13,199.9829
N,G,2025-05-14,199.6077
N,G,2025-05-15,199.7448
N,G,2025-05-16,200.1268
N,G,2025-05-19,200.0413
N,G,2025-05-20,200.352
N,G,2025-05-21,201.241
N,G,2025-05-22,201.209
N,G,2025-05-23,200.6192
N,G,2025-05-26,201.2505
N,G,2025-05-27,200.9107
N,G,2025-05-28,200.676
N,G,2025-05-29,201.0808
N,G,2025-05-30,201.4843
N,G,2025-06-02,202.0692
N,G,2025-06-03,201.8861
N,G,2025-06-04,201.1688
N,G,2025-06-05,201.3821
N,G,2025-06-06,201.0407
N,G,2025-06-09,201.193
N,G,2025-06-10,201.3443
N,G,2025-06-11,200.9283
N,G,2025-06-12,201.6838
N,G,2025-06-13,202.3915
N,G,2025-06-16,202.0491
N,G,2025-06-17,202.1622
N,G,2025-06-18,201.6743
N,G,2025-06-19,202.223
N,G,2025-06-20,201.8042
N,G,2025-06-23,201.9512
N,G,2025-06-24,202.1391
N,G,2025-06-25,203.4432
N,G,2025-06-26,203.7245
N,G,2025-06-27,204.1572
N,G,2025-06-30,204.2218
N,G,2025-07-01,205.4797
N,G,2025-07-02,205.1785
N,G,2025-07-03,205.1027
N,G,2025-07-04,204.916
N,G,2025-07-07,204.6447
N,G,2025-07-08,204.6001
N,G,2025-07-09,205.011
N,G,2025-07-10,205.1597
N,G,2025-07-11,205.0785
N,G,2025-07-14,205.2776
N,G,2025-07-15,205.5897
N,G,2025-07-16,204.8876
N,G,2025-07-17,204.5392
N,G,2025-07-18,204.5122
N,G,2025-07-21,204.9007
N,G,2025-07-22,205.1839
N,G,2025-07-23,205.8521
N,G,2025-07-24,205.2358
N,G,2025-07-25,205.0844
N,G,2025-07-28,204.9687
N,G,2025-07-29,204.5438
N,G,2025-07-30,204.8565
N,G,2025-07-31,203.89940000000001
N,G,2025-08-01,203.8565
N,G,2025-08-04,203.8231
N,G,2025-08-05,203.5237
N,G,2025-08-06,203.7068
N,G,2025-08-07,203.273
N,G,2025-08-08,202.9732
N,G,2025-08-11,202.8354
N,G,2025-08-12,202.8539
N,G,2025-08-13,203.3889
N,G,2025-08-14,202.9567
N,G,2025-08-15,203.3107
N,G,2025-08-18,202.7936
N,G,2025-08-19,203.1904
N,G,2025-08-20,203.1227
N,G,2025-08-21,203.7071
N,G,2025-08-22,203.242
N,G,2025-08-25,203.9675
N,G,2025-08-26,203.6018
N,G,2025-08-27,203.9494
N,G,2025-08-28,204.5924
N,G,2025-08-29,204.4965
N,G,2025-09-01,204.4297
N,G,2025-09-02,204.0333
N,G,2025-09-03,203.9731
N,G,2025-09-04,203.8224
N,G,2025-09-05,203.8267
N,G,2025-09-08,205.208
N,G,2025-09-09,205.5627
N,G,2025-09-10,205.0392
N,G,2025-09-11,204.7057
N,G,2025-09-12,204.9113
N,G,2025-09-15,204.9333
N,G,2025-09-16,205.3507
N,G,2025-09-17,206.1955
N,G,2025-09-18,205.8754
N,G,2025-09-19,205.0629
N,G,2025-09-22,205.3555
N,G,2025-09-23,205.6151
N,G,2025-09-24,205.4268
N,G,2025-09-25,205.2217
N,G,2025-09-26,205.1197
N,G,2025-09-29,205.3467
N,G,2025-09-30,205.0443
N,G,2025-10-01,205.1498
N,G,2025-10-02,204.9063
N,G,2025-10-03,205.1783
N,G,2025-10-06,205.2856
N,G,2025-10-07,205.5218
N,G,2025-10-08,205.1956
N,G,2025-10-09,204.9893
N,G,2025-10-10,204.5666
N,G,2025-10-13,204.8742
N,G,2025-10-14,205.3802
N,G,2025-10-15,205.4161
N,G,2025-10-16,205.8848
N,G,2025-10-17,207.5583
N,G,2025-10-20,206.9507
N,G,2025-10-21,207.0881
N,G,2025-10-22,206.7738
N,G,2025-10-23,206.4046
N,G,2025-10-24,206.7168
N,G,2025-10-27,206.3323
N,G,2025-10-28,206.7618
N,G,2025-10-29,206.2397
N,G,2025-10-30,205.9491
N,G,2025-10-31,205.6866
N,G,2025-11-03,204.8506
N,G,2025-11-04,204.7019
N,G,2025-11-05,204.4342
N,G,2025-11-06,204.4778
N,G,2025-11-07,204.4984
N,G,2025-11-10,204.6212
N,G,2025-11-11,205.3829
N,G,2025-11-12,206.3291
N,G,2025-11-13,206.7828
N,G,2025-11-14,207.683
N,G,2025-11-17,207.295
N,G,2025-11-18,207.0058
N,G,2025-11-19,205.8894
N,G,2025-11-20,205.2825
N,G,2025-11-21,205.4547
N,G,2025-11-24,204.9248
N,G,2025-11-25,204.1684
N,G,2025-11-26,204.5031
N,G,2025-11-27,204.5785
N,G,2025-11-28,204.4557
N,G,2025-12-01,204.8345
N,G,2025-12-02,204.6373
N,G,2025-12-03,204.848
N,G,2025-12-04,204.9919
N,G,2025-12-05,204.3358
N,G,2025-12-08,204.117
N,G,2025-12-09,203.7152
N,G,2025-12-10,204.0129
N,G,2025-12-11,205.1892
N,G,2025-12-12,205.7575
N,G,2025-12-15,205.277
N,G,2025-12-16,205.2366
N,G,2025-12-17,205.1802
N,G,2025-12-18,205.4534
N,G,2025-12-19,205.8722
N,G,2025-12-22,206.0649
N,G,2025-12-23,206.6656
N,G,2025-12-24,206.9843
N,G,2025-12-25,206.8961
N,G,2025-12-26,206.7937
N,G,2025-12-29,206.7019
N,G,2025-12-30,206.6336
N,G,2025-12-31,205.8009
N,G,2026-01-01,205.6892
N,G,2026-01-02,205.5852
N,G,2026-01-05,205.4744
N,G,2026-01-06,206.0129
N,G,2026-01-07,205.4475
N,G,2026-01-08,205.2077
N,G,2026-01-09,204.8792
N,G,2026-01-12,205.272
N,G,2026-01-13,205.1938
N,G,2026-01-14,204.2811
N,G,2026-01-15,204.7582
N,G,2026-01-16,204.5538
N,G,2026-01-19,205.317
N,G,2026-01-20,206.5374
N,G,2026-01-21,206.1847
N,G,2026-01-22,206.0135
N,G,2026-01-23,206.1274
N,G,2026-01-26,208.6075
N,G,2026-01-27,208.3919
N,G,2026-01-28,209.6642
N,G,2026-01-29,209.6956
N,G,2026-01-30,209.83
N,G,2026-02-02,208.9345
N,G,2026-02-03,208.3435
N,G,2026-02-04,208.8483
N,G,2026-02-05,208.7737
N,G,2026-02-06,208.7263
N,G,2026-02-09,209.5204
N,G,2026-02-10,210.7476
N,G,2026-02-11,210.5135
N,G,2026-02-12,210.0397
N,G,2026-02-13,209.9948
N,G,2026-02-16,209.9846
N,G,2026-02-17,210.2693
N,G,2026-02-18,209.7699
N,G,2026-02-19,209.8837
N,G,2026-02-20,209.5442
N,G,2026-02-23,209.4159
N,G,2026-02-24,209.615
N,G,2026-02-25,209.5053
N,G,2026-02-26,209.3431
N,G,2026-02-27,209.7877
N,G,2026-03-02,210.879
N,G,2026-03-03,208.5969
N,G,2026-03-04,209.2581
N,G,2026-03-05,210.2066
N,G,2026-03-06,210.1194
N,G,2026-03-09,211.0808
N,G,2026-03-10,210.7666
N,G,2026-03-11,210.5495
N,G,2026-03-12,210.3903
N,G,2026-03-13,209.6931
N,G,2026-03-16,209.5569
N,G,2026-03-17,209.3787
N,G,2026-03-18,209.2776
N,G,2026-03-19,207.9736
N,G,2026-03-20,208.8961
N,G,2026-03-23,208.5228
N,G,2026-03-24,208.9417
N,G,2026-03-25,208.0779
N,G,2026-03-26,208.0217
N,G,2026-03-27,207.1852
N,G,2026-03-30,206.853
N,G,2026-03-31,207.165
N,G,2026-04-01,207.3078
N,G,2026-04-02,206.4994
N,G,2026-04-03,206.381
N,G,2026-04-06,206.2608
N,G,2026-04-07,206.1427
N,G,2026-04-08,207.1772
N,G,2026-04-09,206.7058
N,G,2026-04-10,206.7168
N,G,2026-04-13,206.6383
N,G,2026-04-14,208.1166
N,G,2026-04-15,207.9191
N,G,2026-04-16,207.5766
N,G,2026-04-17,207.521
N,G,2026-04-20,207.9048
N,G,2026-04-21,208.2802
N,G,2026-04-22,208.5343
N,G,2026-04-23,208.0117
N,G,2026-04-24,207.6811
N,G,2026-04-27,207.6617
N,G,2026-04-28,206.7911
N,G,2026-04-29,206.7466
N,G,2026-04-30,206.9637
N,G,2026-05-01,207.6113
N,G,2026-05-04,208.257
N,G,2026-05-05,208.3891
N,G,2026-05-06,208.5717
N,G,2026-05-07,208.6617
N,G,2026-05-08,208.6829
N,G,2026-05-11,208.6488
N,G,2026-05-12,208.4592
N,G,2026-05-13,208.3695
N,G,2026-05-14,208.3964
N,G,2026-05-15,208.4243
N,G,2026-05-18,208.5759
N,G,2026-05-19,208.1893
N,G,2026-05-20,207.6831
N,G,2026-05-21,208.1017
N,G,2026-05-22,208.4438
N,G,2026-05-25,208.4487
N,G,2026-05-26,208.458
N,G,2026-05-27,208.0181
N,G,2026-05-28,207.5904
N,G,2026-05-29,208.5403
N,G,2026-06-01,208.5459
N,G,2026-06-02,208.0005
N,G,2026-06-03,207.522
N,G,2026-06-04,207.3027
N,G,2026-06-05,207.6855
N,G,2026-06-08,206.5797
N,G,2026-06-09,206.4436
N,G,2026-06-10,205.8513
N,G,2026-06-11,205.8189
N,G,2026-06-12,206.2499
N,G,2026-06-15,206.5431
N,G,2026-06-16,206.1532
N,G,2026-06-17,206.9293
N,G,2026-06-18,205.5593
N,G,2026-06-19,204.9755
N,G,2026-06-22,204.676
N,G,2026-06-23,204.6976
N,G,2026-06-24,204.8817
N,G,2026-06-25,204.8981
N,G,2026-06-26,205.2105
N,G,2026-06-29,205.1092
N,G,2026-06-30,205.0523
N,G,2026-07-01,205.0189
N,G,2026-07-02,205.9624
N,G,2026-07-03,206.1225
N,G,2026-07-06,205.7532
N,G,2026-07-07,205.3122
N,G,2026-07-08,205.2749
N,G,2026-07-09,205.2523
N,G,2026-07-10,205.287
N,G,2026-07-13,204.7852
N,G,2026-07-14,204.0994
N,G,2026-07-15,204.3965
N,G,2026-07-16,204.6937
N,G,2026-07-17,205.2266
N,G,2026-07-20,205.0586
N,G,2026-07-21,204.3758
N,G,2026-07-22,204.2207
N,G,2026-07-23,203.4729
N,G,2026-07-24,203.3561
N,G,2026-07-27,203.4706
N,G,2026-07-28,202.7101
N,G,2026-07-29,202.5564
N,G,2026-07-30,202.7576
N,G,2026-07-31,204.1627
N,G,2026-08-03,203.4795
N,G,2026-08-04,203.3803
N,G,2026-08-05,203.1385
N,G,2026-08-06,203.3332
N,G,2026-08-07,202.937
N,G,2026-08-10,203.2461
N,G,2026-08-11,202.7972
N,G,2026-08-12,202.3713
N,G,2026-08-13,202.5229
N,G,2026-08-14,201.9766
N,G,2026-08-17,202.6825
N,G,2026-08-18,202.3725
N,G,2026-08-19,202.3205
N,G,2026-08-20,204.5342
N,G,2026-08-21,203.9375
N,G,2026-08-24,203.6594
N,G,2026-08-25,203.5157
N,G,2026-08-26,203.2139
N,G,2026-08-27,203.0341
N,G,2026-08-28,203.4262
N,G,2026-08-31,202.769
N,G,2026-09-01,202.4878
N,G,2026-09-02,201.5258
N,G,2026-09-03,202.4683
N,G,2026-09-04,202.2684
N,G,2026-09-07,202.0218
N,G,2026-09-08,201.6094
N,G,2026-09-09,201.8776
N,G,2026-09-10,201.692
N,G,2026-09-11,201.1909
N,G,2026-09-14,200.6487
N,G,2026-09-15,201.1587
N,G,2026-09-16,200.8124
N,G,2026-09-17,199.9316
N,G,2026-09-18,200.0777
N,G,2026-09-21,200.3452
N,G,2026-09-22,201.1249
N,G,2026-09-23,201.2278
N,G,2026-09-24,200.4663
N,G,2026-09-25,200.105
N,G,2026-09-28,199.6683
N,G,2026-09-29,199.2876
N,G,2026-09-30,199.43
P,E,2000-11-30,100.3638
P,E,2000-12-01,100.0277
P,E,2000-12-04,99.7878
P,E,2000-12-05,100.1822
P,E,2000-12-06,100.0719
P,E,2000-12-07,99.8342
P,E,2000-12-08,100.1494
P,E,2000-12-11,100.2401
P,E,2000-12-12,100.7335
P,E,2000-12-13,100.7002
P,E,2000-12-14,100.6984
P,E,2000-12-15,100.5739
P,E,2000-12-18,100.5924
P,E,2000-12-19,100.6198
P,E,2000-12-20,100.1892
P,E,2000-12-21,99.4722
P,E,2000-12-22,99.3206
P,E,2000-12-25,99.3592
P,E,2000-12-26,99.416
P,E,2000-12-27,99.4442
P,E,2000-12-28,99.2105
P,E,2000-12-29,99.4323
P,E,2001-01-01,99.2864
P,E,2001-01-02,99.3414
P,E,2001-01-03,99.3974
P,E,2001-01-04,99.4194
P,E,2001-01-05,98.8207
P,E,2001-01-08,98.8215
P,E,2001-01-09,99.1918
P,E,2001-01-10,99.1475
P,E,2001-01-11,98.6907
P,E,2001-01-12,98.1329
P,E,2001-01-15,97.5883
P,E,2001-01-16,98.034
P,E,2001-01-17,98.0419
P,E,2001-01-18,98.3551
P,E,2001-01-19,98.6625
P,E,2001-01-22,98.4605
P,E,2001-01-23,98.2777
P,E,2001-01-24,98.5218
P,E,2001-01-25,98.6208
P,E,2001-01-26,98.7764
P,E,2001-01-29,98.827
P,E,2001-01-30,99.2102
P,E,2001-01-31,98.6598
P,E,2001-02-01,98.2257
P,E,2001-02-02,98.2862
P,E,2001-02-05,97.9188
P,E,2001-02-06,98.0709
P,E,2001-02-07,97.9916
P,E,2001-02-08,98.3454
P,E,2001-02-09,98.3836
P,E,2001-02-12,98.1461
P,E,2001-02-13,98.1186
P,E,2001-02-14,98.2997
P,E,2001-02-15,98.4581
P,E,2001-02-16,98.3717
P,E,2001-02-19,98.3611
P,E,2001-02-20,98.288
P,E,2001-02-21,98.2713
P,E,2001-02-22,98.7842
P,E,2001-02-23,98.6888
P,E,2001-02-26,98.4238
P,E,2001-02-27,98.3653
P,E,2001-02-28,98.1604
P,E,2001-03-01,98.0525
P,E,2001-03-02,98.2322
P,E,2001-03-05,98.2944
P,E,2001-03-06,98.3672
P,E,2001-03-07,98.2121
P,E,2001-03-08,98.0958
P,E,2001-03-09,97.7938
P,E,2001-03-12,97.9204
P,E,2001-03-13,98.1328
P,E,2001-03-14,98.0389
P,E,2001-03-15,97.9552
P,E,2001-03-16,98.0837
P,E,2001-03-19,98.1655
P,E,2001-03-20,98.3058
P,E,2001-03-21,98.2042
P,E,2001-03-22,98.5145
P,E,2001-03-23,98.1658
P,E,2001-03-26,98.0698
P,E,2001-03-27,97.9545
P,E,2001-03-28,98.1604
P,E,2001-03-29,98.2637
P,E,2001-03-30,98.415
P,E,2001-04-02,98.4386
P,E,2001-04-03,98.3056
P,E,2001-04-04,98.3942
P,E,2001-04-05,98.1262
P,E,2001-04-06,98.2115
P,E,2001-04-09,98.1014
P,E,2001-04-10,98.2052
P,E,2001-04-11,98.3303
P,E,2001-04-12,98.7952
P,E,2001-04-13,98.7098
P,E,2001-04-16,98.6363
P,E,2001-04-17,98.5528
P,E,2001-04-18,98.2752
P,E,2001-04-19,97.9667
P,E,2001-04-20,97.9668
P,E,2001-04-23,98.0522
P,E,2001-04-24,98.2708
P,E,2001-04-25,97.9764
P,E,2001-04-26,97.8472
P,E,2001-04-27,97.5524
P,E,2001-04-30,97.5765
P,E,2001-05-01,97.4326
P,E,2001-05-02,97.2856
P,E,2001-05-03,97.2783
P,E,2001-05-04,97.2645
P,E,2001-05-07,97.1524
P,E,2001-05-08,97.2327
P,E,2001-05-09,97.3784
P,E,2001-05-10,97.3465
P,E,2001-05-11,97.5682
P,E,2001-05-14,97.7121
P,E,2001-05-15,97.8304
P,E,2001-05-16,97.7326
P,E,2001-05-17,97.7422
P,E,2001-05-18,97.668
P,E,2001-05-21,97.759
P,E,2001-05-22,97.6927
P,E,2001-05-23,98.0246
P,E,2001-05-24,98.0852
P,E,2001-05-25,98.1478
P,E,2001-05-28,98.0295
P,E,2001-05-29,98.0914
P,E,2001-05-30,98.1477
P,E,2001-05-31,98.4365
P,E,2001-06-01,98.4807
P,E,2001-06-04,98.6453
P,E,2001-06-05,98.8218
P,E,2001-06-06,98.727
P,E,2001-06-07,98.3125
P,E,2001-06-08,98.3241
P,E,2001-06-11,98.3523
P,E,2001-06-12,98.3751
P,E,2001-06-13,98.154
P,E,2001-06-14,98.1605
P,E,2001-06-15,98.1778
P,E,2001-06-18,97.9587
P,E,2001-06-19,98.0714
P,E,2001-06-20,98.1362
P,E,2001-06-21,98.2394
P,E,2001-06-22,98.7325
P,E,2001-06-25,98.7317
P,E,2001-06-26,98.5548
P,E,2001-06-27,98.4445
P,E,2001-06-28,98.7778
P,E,2001-06-29,98.6349
P,E,2001-07-02,98.7674
P,E,2001-07-03,98.6805
P,E,2001-07-04,98.7674
P,E,2001-07-05,98.8611
P,E,2001-07-06,98.7697
P,E,2001-07-09,98.8773
P,E,2001-07-10,98.6593
P,E,2001-07-11,99.024
P,E,2001-07-12,99.1862
P,E,2001-07-13,99.4942
P,E,2001-07-16,99.475
P,E,2001-07-17,99.542
P,E,2001-07-18,99.9471
P,E,2001-07-19,99.9785
P,E,2001-07-20,99.961
P,E,2001-07-23,100.1639
P,E,2001-07-24,100.0145
P,E,2001-07-25,100.0205
P,E,2001-07-26,99.7504
P,E,2001-07-27,99.8923
P,E,2001-07-30,99.77
P,E,2001-07-31,99.7619
P,E,2001-08-01,99.7674
P,E,2001-08-02,99.7646
P,E,2001-08-03,99.8989
P,E,2001-08-06,99.9947
P,E,2001-08-07,100.0358
P,E,2001-08-08,100.1429
P,E,2001-08-09,100.1086
P,E,2001-08-10,99.8583
P,E,2001-08-13,99.4051
P,E,2001-08-14,99.3585
P,E,2001-08-15,99.2785
P,E,2001-08-16,99.0191
P,E,2001-08-17,99.131
P,E,2001-08-20,99.0478
P,E,2001-08-21,99.2086
P,E,2001-08-22,98.966
P,E,2001-08-23,98.986
P,E,2001-08-24,99.0411
P,E,2001-08-27,98.9846
P,E,2001-08-28,99.1363
P,E,2001-08-29,99.143
P,E,2001-08-30,99.2165
P,E,2001-08-31,99.2439
P,E,2001-09-03,99.2461
P,E,2001-09-04,99.3054
P,E,2001-09-05,99.6872
P,E,2001-09-06,99.7149
P,E,2001-09-07,99.6497
P,E,2001-09-10,99.3897
P,E,2001-09-11,99.458
P,E,2001-09-12,100.1134
P,E,2001-09-13,100.2723
P,E,2001-09-14,100.5265
P,E,2001-09-17,101.4052
P,E,2001-09-18,101.7923
P,E,2001-09-19,101.8961
P,E,2001-09-20,102.3428
P,E,2001-09-21,104.1695
P,E,2001-09-24,104.0932
P,E,2001-09-25,103.8911
P,E,2001-09-26,103.0497
P,E,2001-09-27,102.4013
P,E,2001-09-28,102.7276
P,E,2001-10-01,102.6728
P,E,2001-10-02,102.5039
P,E,2001-10-03,102.157
P,E,2001-10-04,102.2856
P,E,2001-10-05,102.2303
P,E,2001-10-08,102.8331
P,E,2001-10-09,102.7178
P,E,2001-10-10,102.4849
P,E,2001-10-11,102.3602
P,E,2001-10-12,102.6249
P,E,2001-10-15,102.7874
P,E,2001-10-16,102.8133
P,E,2001-10-17,102.6057
P,E,2001-10-18,103.0063
P,E,2001-10-19,103.0471
P,E,2001-10-22,103.1367
P,E,2001-10-23,102.7414
P,E,2001-10-24,102.9014
P,E,2001-10-25,102.8212
P,E,2001-10-26,103.3067
P,E,2001-10-29,103.2171
P,E,2001-10-30,103.3922
P,E,2001-10-31,103.6319
P,E,2001-11-01,103.4909
P,E,2001-11-02,103.39
P,E,2001-11-05,103.4702
P,E,2001-11-06,103.3998
P,E,2001-11-07,103.4942
P,E,2001-11-08,103.6299
P,E,2001-11-09,103.728
P,E,2001-11-12,104.0324
P,E,2001-11-13,103.7857
P,E,2001-11-14,103.5513
P,E,2001-11-15,103.4583
P,E,2001-11-16,103.7947
P,E,2001-11-19,103.9305
P,E,2001-11-20,104.4503
P,E,2001-11-21,104.4533
P,E,2001-11-22,104.4668
P,E,2001-11-23,104.2272
P,E,2001-11-26,103.9617
P,E,2001-11-27,103.9732
P,E,2001-11-28,104.4845
P,E,2001-11-29,104.201
P,E,2001-11-30,103.4771
P,E,2001-12-03,103.2176
P,E,2001-12-04,103.3329
P,E,2001-12-05,103.3012
P,E,2001-12-06,103.3534
P,E,2001-12-07,103.1175
P,E,2001-12-10,102.9862
P,E,2001-12-11,102.7859
P,E,2001-12-12,103.1278
P,E,2001-12-13,103.1876
P,E,2001-12-14,103.1197
P,E,2001-12-17,103.2335
P,E,2001-12-18,103.1663
P,E,2001-12-19,103.0624
P,E,2001-12-20,103.6624
P,E,2001-12-21,103.8437
P,E,2001-12-24,103.6099
P,E,2001-12-25,103.2486
P,E,2001-12-26,102.8942
P,E,2001-12-27,102.5358
P,E,2001-12-28,102.5556
P,E,2001-12-31,102.4906
P,E,2002-01-01,102.4182
P,E,2002-01-02,102.3473
P,E,2002-01-03,102.278
P,E,2002-01-04,102.6842
P,E,2002-01-07,102.8002
P,E,2002-01-08,103.3124
P,E,2002-01-09,102.692
P,E,2002-01-10,102.4737
P,E,2002-01-11,102.516
P,E,2002-01-14,102.7318
P,E,2002-01-15,102.6779
P,E,2002-01-16,103.3251
P,E,2002-01-17,103.6031
P,E,2002-01-18,103.3327
P,E,2002-01-21,103.3296
P,E,2002-01-22,103.3011
P,E,2002-01-23,103.115
P,E,2002-01-24,103.4706
P,E,2002-01-25,103.3836
P,E,2002-01-28,103.0415
P,E,2002-01-29,103.0922
P,E,2002-01-30,103.2939
P,E,2002-01-31,102.8976
P,E,2002-02-01,102.7945
P,E,2002-02-04,102.5655
P,E,2002-02-05,102.7716
P,E,2002-02-06,103.0173
P,E,2002-02-07,103.0279
P,E,2002-02-08,102.9648
P,E,2002-02-11,102.6437
P,E,2002-02-12,102.6025
P,E,2002-02-13,102.4009
P,E,2002-02-14,102.1538
P,E,2002-02-15,102.0419
P,E,2002-02-18,102.1057
P,E,2002-02-19,102.253
P,E,2002-02-20,102.2615
P,E,2002-02-21,102.1719
P,E,2002-02-22,102.1937
P,E,2002-02-25,102.2955
P,E,2002-02-26,102.3675
P,E,2002-02-27,102.3314
P,E,2002-02-28,102.2858
P,E,2002-03-01,102.3745
P,E,2002-03-04,102.1426
P,E,2002-03-05,102.301
P,E,2002-03-06,102.2695
P,E,2002-03-07,102.5025
P,E,2002-03-08,102.7226
P,E,2002-03-11,102.6726
P,E,2002-03-12,102.7963
P,E,2002-03-13,102.8251
P,E,2002-03-14,103.0434
P,E,2002-03-15,103.2548
P,E,2002-03-18,103.3292
P,E,2002-03-19,103.0677
P,E,2002-03-20,103.2801
P,E,2002-03-21,103.2405
P,E,2002-03-22,103.439
P,E,2002-03-25,103.5641
P,E,2002-03-26,103.6508
P,E,2002-03-27,103.2144
P,E,2002-03-28,103.2227
P,E,2002-03-29,103.2841
P,E,2002-04-01,103.3524
P,E,2002-04-02,103.3979
P,E,2002-04-03,103.5478
P,E,2002-04-04,103.5386
P,E,2002-04-05,103.3084
P,E,2002-04-08,103.378
P,E,2002-04-09,103.2335
P,E,2002-04-10,103.1992
P,E,2002-04-11,103.0913
P,E,2002-04-12,103.3015
P,E,2002-04-15,103.2084
P,E,2002-04-16,102.9896
P,E,2002-04-17,102.9331
P,E,2002-04-18,103.0084
P,E,2002-04-19,103.0912
P,E,2002-04-22,103.1495
P,E,2002-04-23,103.0662
P,E,2002-04-24,103.2104
P,E,2002-04-25,103.2418
P,E,2002-04-26,103.2412
P,E,2002-04-29,103.3937
P,E,2002-04-30,103.4212
P,E,2002-05-01,103.7783
P,E,2002-05-02,104.1268
P,E,2002-05-03,104.0234
P,E,2002-05-06,103.9412
P,E,2002-05-07,104.0009
P,E,2002-05-08,104.0252
P,E,2002-05-09,104.0922
P,E,2002-05-10,104.1539
P,E,2002-05-13,104.181
P,E,2002-05-14,104.1717
P,E,2002-05-15,104.1966
P,E,2002-05-16,104.0595
P,E,2002-05-17,104.1013
P,E,2002-05-20,104.2569
P,E,2002-05-21,104.416
P,E,2002-05-22,104.5257
P,E,2002-05-23,104.3272
P,E,2002-05-24,104.1333
P,E,2002-05-27,104.0694
P,E,2002-05-28,103.8723
P,E,2002-05-29,103.7509
P,E,2002-05-30,103.3969
P,E,2002-05-31,103.6767
P,E,2002-06-03,103.5457
P,E,2002-06-04,103.4262
P,E,2002-06-05,103.2069
P,E,2002-06-06,103.1845
P,E,2002-06-07,103.1399
P,E,2002-06-10,103.1404
P,E,2002-06-11,103.0128
P,E,2002-06-12,102.7317
P,E,2002-06-13,102.7381
P,E,2002-06-14,102.8039
P,E,2002-06-17,102.7727
P,E,2002-06-18,102.7813
P,E,2002-06-19,102.7683
P,E,2002-06-20,103.18
P,E,2002-06-21,103.2355
P,E,2002-06-24,103.2768
P,E,2002-06-25,103.1886
P,E,2002-06-26,103.2064
P,E,2002-06-27,103.1789
P,E,2002-06-28,102.9519
P,E,2002-07-01,103.0874
P,E,2002-07-02,103.2765
P,E,2002-07-03,103.6576
P,E,2002-07-04,103.507
P,E,2002-07-05,103.3308
P,E,2002-07-08,103.31
P,E,2002-07-09,103.0346
P,E,2002-07-10,102.8418
P,E,2002-07-11,103.2917
P,E,2002-07-12,103.3623
P,E,2002-07-15,103.1988
P,E,2002-07-16,103.2872
P,E,2002-07-17,103.3874
P,E,2002-07-18,103.5737
P,E,2002-07-19,103.6031
P,E,2002-07-22,104.0754
P,E,2002-07-23,104.1657
P,E,2002-07-24,104.4377
P,E,2002-07-25,104.6214
P,E,2002-07-26,104.793
P,E,2002-07-29,104.4443
P,E,2002-07-30,104.1908
P,E,2002-07-31,104.2975
P,E,2002-08-01,104.5041
P,E,2002-08-02,104.7099
P,E,2002-08-05,104.3075
P,E,2002-08-06,104.3079
P,E,2002-08-07,104.0664
P,E,2002-08-08,103.7641
P,E,2002-08-09,103.8153
P,E,2002-08-12,103.9934
P,E,2002-08-13,103.5543
P,E,2002-08-14,103.6994
P,E,2002-08-15,103.6163
P,E,2002-08-16,103.5329
P,E,2002-08-19,103.2435
P,E,2002-08-20,103.2814
P,E,2002-08-21,103.0346
P,E,2002-08-22,103.1611
P,E,2002-08-23,102.8134
P,E,2002-08-26,102.868
P,E,2002-08-27,102.8835
P,E,2002-08-28,103.0651
P,E,2002-08-29,102.799
P,E,2002-08-30,102.9366
P,E,2002-09-02,102.795
P,E,2002-09-03,102.7466
P,E,2002-09-04,103.1491
P,E,2002-09-05,103.3809
P,E,2002-09-06,103.6168
P,E,2002-09-09,103.4754
P,E,2002-09-10,103.4409
P,E,2002-09-11,103.3467
P,E,2002-09-12,102.9391
P,E,2002-09-13,102.778
P,E,2002-09-16,102.7629
P,E,2002-09-17,102.5332
P,E,2002-09-18,102.7258
P,E,2002-09-19,102.7361
P,E,2002-09-20,102.9511
P,E,2002-09-23,102.9773
P,E,2002-09-24,102.8884
P,E,2002-09-25,102.9357
P,E,2002-09-26,102.9788
P,E,2002-09-27,102.7029
P,E,2002-09-30,102.9631
P,E,2002-10-01,103.3886
P,E,2002-10-02,103.1184
P,E,2002-10-03,103.3084
P,E,2002-10-04,103.1148
P,E,2002-10-07,103.1142
P,E,2002-10-08,102.9282
P,E,2002-10-09,102.8148
P,E,2002-10-10,102.9903
P,E,2002-10-11,103.022
P,E,2002-10-14,103.1162
P,E,2002-10-15,102.8794
P,E,2002-10-16,102.6086
P,E,2002-10-17,102.783
P,E,2002-10-18,102.6563
P,E,2002-10-21,102.5901
P,E,2002-10-22,102.5116
P,E,2002-10-23,102.7874
P,E,2002-10-24,102.7566
P,E,2002-10-25,102.8055
P,E,2002-10-28,102.7867
P,E,2002-10-29,102.9246
P,E,2002-10-30,103.0295
P,E,2002-10-31,103.1357
P,E,2002-11-01,103.1583
P,E,2002-11-04,103.0888
P,E,2002-11-05,103.1925
P,E,2002-11-06,103.0121
P,E,2002-11-07,102.9564
P,E,2002-11-08,103.0121
P,E,2002-11-11,102.9895
P,E,2002-11-12,103.0062
P,E,2002-11-13,103.0205
P,E,2002-11-14,102.792
P,E,2002-11-15,102.7053
P,E,2002-11-18,102.6427
P,E,2002-11-19,102.5641
P,E,2002-11-20,102.5477
P,E,2002-11-21,102.4576
P,E,2002-11-22,102.2598
P,E,2002-11-25,102.1159
P,E,2002-11-26,101.9929
P,E,2002-11-27,101.9233
P,E,2002-11-28,101.7919
P,E,2002-11-29,101.7567
P,E,2002-12-02,101.603
P,E,2002-12-03,101.8851
P,E,2002-12-04,101.9164
P,E,2002-12-05,101.7611
P,E,2002-12-06,101.8664
P,E,2002-12-09,101.6527
P,E,2002-12-10,101.6472
P,E,2002-12-11,101.5843
P,E,2002-12-12,101.4542
P,E,2002-12-13,101.2827
P,E,2002-12-16,101.2734
P,E,2002-12-17,101.4298
P,E,2002-12-18,101.8161
P,E,2002-12-19,102.0424
P,E,2002-12-20,102.165
P,E,2002-12-23,102.1779
P,E,2002-12-24,102.6305
P,E,2002-12-25,102.5969
P,E,2002-12-26,102.5645
P,E,2002-12-27,102.5303
P,E,2002-12-30,102.5088
P,E,2002-12-31,102.5915
P,E,2003-01-01,102.5193
P,E,2003-01-02,102.4437
P,E,2003-01-03,102.3748
P,E,2003-01-06,102.2616
P,E,2003-01-07,102.0657
P,E,2003-01-08,102.0537
P,E,2003-01-09,101.9964
P,E,2003-01-10,101.8416
P,E,2003-01-13,101.8429
P,E,2003-01-14,101.6596
P,E,2003-01-15,101.5591
P,E,2003-01-16,101.6031
P,E,2003-01-17,101.8281
P,E,2003-01-20,101.7477
P,E,2003-01-21,101.6631
P,E,2003-01-22,101.6158
P,E,2003-01-23,101.4859
P,E,2003-01-24,101.4318
P,E,2003-01-27,101.2421
P,E,2003-01-28,101.0683
P,E,2003-01-29,101.1136
P,E,2003-01-30,101.0383
P,E,2003-01-31,101.1785
P,E,2003-02-03,101.0562
P,E,2003-02-04,101.1504
P,E,2003-02-05,101.2199
P,E,2003-02-06,101.1453
P,E,2003-02-07,101.1259
P,E,2003-02-10,101.1628
P,E,2003-02-11,101.1041
P,E,2003-02-12,101.1033
P,E,2003-02-13,101.0456
P,E,2003-02-14,100.9661
P,E,2003-02-17,100.6902
P,E,2003-02-18,100.8806
P,E,2003-02-19,100.7522
P,E,2003-02-20,100.9163
P,E,2003-02-21,101.077
P,E,2003-02-24,101.0248
P,E,2003-02-25,101.2084
P,E,2003-02-26,101.5425
P,E,2003-02-27,101.434
P,E,2003-02-28,101.3908
P,E,2003-03-03,101.4898
P,E,2003-03-04,101.6444
P,E,2003-03-05,101.7549
P,E,2003-03-06,101.7026
P,E,2003-03-07,101.3843
P,E,2003-03-10,101.0854
P,E,2003-03-11,101.3446
P,E,2003-03-12,101.2167
P,E,2003-03-13,101.2528
P,E,2003-03-14,101.3114
P,E,2003-03-17,101.4489
P,E,2003-03-18,101.2259
P,E,2003-03-19,101.15
P,E,2003-03-20,101.2315
P,E,2003-03-21,101.0266
P,E,2003-03-24,101.0885
P,E,2003-03-25,101.2423
P,E,2003-03-26,101.1142
P,E,2003-03-27,100.8177
P,E,2003-03-28,101.0387
P,E,2003-03-31,101.1071
P,E,2003-04-01,101.1832
P,E,2003-04-02,100.8459
P,E,2003-04-03,100.7468
P,E,2003-04-04,100.6713
P,E,2003-04-07,100.5547
P,E,2003-04-08,100.6982
P,E,2003-04-09,100.6394
P,E,2003-04-10,100.4883
P,E,2003-04-11,99.9186
P,E,2003-04-14,100.1287
P,E,2003-04-15,99.9521
P,E,2003-04-16,99.7498
P,E,2003-04-17,100.0574
P,E,2003-04-18,99.936
P,E,2003-04-21,99.8108
P,E,2003-04-22,99.6948
P,E,2003-04-23,99.6977
P,E,2003-04-24,99.7415
P,E,2003-04-25,99.9156
P,E,2003-04-28,99.8982
P,E,2003-04-29,99.7514
P,E,2003-04-30,99.3696
P,E,2003-05-01,99.4236
P,E,2003-05-02,99.4684
P,E,2003-05-05,99.3722
P,E,2003-05-06,99.1248
P,E,2003-05-07,99.164
P,E,2003-05-08,99.9506
P,E,2003-05-09,99.6266
P,E,2003-05-12,99.3827
P,E,2003-05-13,99.3814
P,E,2003-05-14,99.2461
P,E,2003-05-15,99.429
P,E,2003-05-16,99.7285
P,E,2003-05-19,99.2696
P,E,2003-05-20,99.4143
P,E,2003-05-21,99.588
P,E,2003-05-22,99.3579
P,E,2003-05-23,98.7683
P,E,2003-05-26,98.5806
P,E,2003-05-27,98.3374
P,E,2003-05-28,98.8037
P,E,2003-05-29,98.5203
P,E,2003-05-30,98.2237
P,E,2003-06-02,98.3663
P,E,2003-06-03,97.9632
P,E,2003-06-04,97.7116
P,E,2003-06-05,97.402
P,E,2003-06-06,97.2969
P,E,2003-06-09,97.3128
P,E,2003-06-10,97.3303
P,E,2003-06-11,97.6102
P,E,2003-06-12,97.6723
P,E,2003-06-13,97.1045
P,E,2003-06-16,97.2903
P,E,2003-06-17,97.3516
P,E,2003-06-18,97.3273
P,E,2003-06-19,96.9233
P,E,2003-06-20,97.0878
P,E,2003-06-23,97.7041
P,E,2003-06-24,97.947
P,E,2003-06-25,98.0405
P,E,2003-06-26,97.5549
P,E,2003-06-27,97.086
P,E,2003-06-30,96.636
P,E,2003-07-01,96.4085
P,E,2003-07-02,96.6391
P,E,2003-07-03,96.6835
P,E,2003-07-04,96.7452
P,E,2003-07-07,96.5932
P,E,2003-07-08,96.4826
P,E,2003-07-09,97.1666
P,E,2003-07-10,96.9246
P,E,2003-07-11,96.7425
P,E,2003-07-14,96.421
P,E,2003-07-15,96.5314
P,E,2003-07-16,96.6903
P,E,2003-07-17,97.3767
P,E,2003-07-18,97.4577
P,E,2003-07-21,97.3981
P,E,2003-07-22,97.0295
P,E,2003-07-23,96.9558
P,E,2003-07-24,96.6797
P,E,2003-07-25,96.702
P,E,2003-07-28,96.6832
P,E,2003-07-29,96.7046
P,E,2003-07-30,96.5689
P,E,2003-07-31,96.6435
P,E,2003-08-01,97.0246
P,E,2003-08-04,97.4098
P,E,2003-08-05,97.512200000000007
P,E,2003-08-06,97.5105
P,E,2003-08-07,97.3588
P,E,2003-08-08,97.2565
P,E,2003-08-11,97.3022
P,E,2003-08-12,97.009
P,E,2003-08-13,96.8049
P,E,2003-08-14,96.6494
P,E,2003-08-15,96.8936
P,E,2003-08-18,96.7515
P,E,2003-08-19,96.6256
P,E,2003-08-20,96.7229
P,E,2003-08-21,97.0589
P,E,2003-08-22,97.0043
P,E,2003-08-25,97.0409
P,E,2003-08-26,97.1667
P,E,2003-08-27,97.4667
P,E,2003-08-28,97.1506
P,E,2003-08-29,97.3266
P,E,2003-09-01,97.2446
P,E,2003-09-02,97.4638
P,E,2003-09-03,97.733
P,E,2003-09-04,97.3439
P,E,2003-09-05,97.2825
P,E,2003-09-08,97.3225
P,E,2003-09-09,96.9824
P,E,2003-09-10,96.6318
P,E,2003-09-11,96.5019
P,E,2003-09-12,96.3916
P,E,2003-09-15,96.1771
P,E,2003-09-16,96.1501
P,E,2003-09-17,96.401
P,E,2003-09-18,96.2753
P,E,2003-09-19,96.0343
P,E,2003-09-22,96.2809
P,E,2003-09-23,96.4688
P,E,2003-09-24,96.3952
P,E,2003-09-25,96.5506
P,E,2003-09-26,97.0222
P,E,2003-09-29,97.1494
P,E,2003-09-30,97.3467
P,E,2003-10-01,97.0702
P,E,2003-10-02,97.0426
P,E,2003-10-03,97.0385
P,E,2003-10-06,96.7848
P,E,2003-10-07,96.7629
P,E,2003-10-08,96.7537
P,E,2003-10-09,96.6115
P,E,2003-10-10,96.7166
P,E,2003-10-13,96.6551
P,E,2003-10-14,96.6183
P,E,2003-10-15,96.8323
P,E,2003-10-16,96.5895
P,E,2003-10-17,96.5705
P,E,2003-10-20,96.4239
P,E,2003-10-21,96.2864
P,E,2003-10-22,96.3157
P,E,2003-10-23,96.7596
P,E,2003-10-24,96.6145
P,E,2003-10-27,96.6511
P,E,2003-10-28,96.512
P,E,2003-10-29,96.2186
P,E,2003-10-30,96.2535
P,E,2003-10-31,96.4563
P,E,2003-11-03,96.2179
P,E,2003-11-04,95.826
P,E,2003-11-05,95.3832
P,E,2003-11-06,95.3828
P,E,2003-11-07,95.1926
P,E,2003-11-10,94.9932
P,E,2003-11-11,95.2168
P,E,2003-11-12,95.2911
P,E,2003-11-13,95.0889
P,E,2003-11-14,95.1788
P,E,2003-11-17,95.6481
P,E,2003-11-18,95.9518
P,E,2003-11-19,96.3643
P,E,2003-11-20,96.3638
P,E,2003-11-21,96.6201
P,E,2003-11-24,96.3856
P,E,2003-11-25,96.1512
P,E,2003-11-26,96.3412
P,E,2003-11-27,96.563
P,E,2003-11-28,96.5026
P,E,2003-12-01,96.3603
P,E,2003-12-02,96.1704
P,E,2003-12-03,95.9758
P,E,2003-12-04,96.0247
P,E,2003-12-05,96.0156
P,E,2003-12-08,96.5508
P,E,2003-12-09,96.7851
P,E,2003-12-10,96.7564
P,E,2003-12-11,96.4984
P,E,2003-12-12,96.5765
P,E,2003-12-15,96.4327
P,E,2003-12-16,96.4189
P,E,2003-12-17,96.494
P,E,2003-12-18,96.3498
P,E,2003-12-19,96.4664
P,E,2003-12-22,96.3966
P,E,2003-12-23,96.1605
P,E,2003-12-24,96.1904
P,E,2003-12-25,96.21
P,E,2003-12-26,96.2245
P,E,2003-12-29,96.2403
P,E,2003-12-30,96.2164
P,E,2003-12-31,96.3423
P,E,2004-01-01,96.3131
P,E,2004-01-02,96.2727
P,E,2004-01-05,96.2296
P,E,2004-01-06,96.0157
P,E,2004-01-07,95.7253
P,E,2004-01-08,95.7513
P,E,2004-01-09,95.8525
P,E,2004-01-12,95.8503
P,E,2004-01-13,95.9987
P,E,2004-01-14,96.0968
P,E,2004-01-15,96.0648
P,E,2004-01-16,95.802
P,E,2004-01-19,95.6192
P,E,2004-01-20,95.4069
P,E,2004-01-21,95.6179
P,E,2004-01-22,95.6345
P,E,2004-01-23,95.6187
P,E,2004-01-26,95.8161
P,E,2004-01-27,95.6008
P,E,2004-01-28,95.5828
P,E,2004-01-29,95.7477
P,E,2004-01-30,95.9574
P,E,2004-02-02,95.508
P,E,2004-02-03,95.5938
P,E,2004-02-04,95.4424
P,E,2004-02-05,95.3631
P,E,2004-02-06,95.4438
P,E,2004-02-09,95.3939
P,E,2004-02-10,95.3832
P,E,2004-02-11,95.2228
P,E,2004-02-12,94.8487
P,E,2004-02-13,94.7313
P,E,2004-02-16,94.8986
P,E,2004-02-17,95.0621
P,E,2004-02-18,95.0328
P,E,2004-02-19,94.9917
P,E,2004-02-20,94.9064
P,E,2004-02-23,94.8052
P,E,2004-02-24,94.927
P,E,2004-02-25,95.0188
P,E,2004-02-26,95.0906
P,E,2004-02-27,94.9146
P,E,2004-03-01,94.8503
P,E,2004-03-02,94.5385
P,E,2004-03-03,94.5703
P,E,2004-03-04,94.7614
P,E,2004-03-05,94.7509
P,E,2004-03-08,94.5492
P,E,2004-03-09,94.4395
P,E,2004-03-10,94.7954
P,E,2004-03-11,95.2397
P,E,2004-03-12,95.5548
P,E,2004-03-15,95.5067
P,E,2004-03-16,95.4223
P,E,2004-03-17,95.3223
P,E,2004-03-18,95.6767
P,E,2004-03-19,95.9659
P,E,2004-03-22,95.9876
P,E,2004-03-23,96.4154
P,E,2004-03-24,96.2012
P,E,2004-03-25,96.4856
P,E,2004-03-26,95.985
P,E,2004-03-29,95.8074
P,E,2004-03-30,95.6512
P,E,2004-03-31,95.7337
P,E,2004-04-01,95.7194
P,E,2004-04-02,95.4472
P,E,2004-04-05,95.2733
P,E,2004-04-06,95.1623
P,E,2004-04-07,95.6341
P,E,2004-04-08,95.8231
P,E,2004-04-09,95.9065
P,E,2004-04-12,95.9901
P,E,2004-04-13,96.0698
P,E,2004-04-14,95.89
P,E,2004-04-15,96.1491
P,E,2004-04-16,95.7584
P,E,2004-04-19,95.9084
P,E,2004-04-20,95.678
P,E,2004-04-21,95.4275
P,E,2004-04-22,95.6139
P,E,2004-04-23,95.1282
P,E,2004-04-26,95.3178
P,E,2004-04-27,95.7784
P,E,2004-04-28,95.8395
P,E,2004-04-29,95.8582
P,E,2004-04-30,95.5286
P,E,2004-05-03,95.4567
P,E,2004-05-04,95.4643
P,E,2004-05-05,95.8189
P,E,2004-05-06,95.5607
P,E,2004-05-07,95.5309
P,E,2004-05-10,96.1577
P,E,2004-05-11,96.086
P,E,2004-05-12,96.1607
P,E,2004-05-13,96.4416
P,E,2004-05-14,96.2599
P,E,2004-05-17,96.5966
P,E,2004-05-18,96.5238
P,E,2004-05-19,96.2966
P,E,2004-05-20,96.4163
P,E,2004-05-21,96.5393
P,E,2004-05-24,96.5223
P,E,2004-05-25,96.4078
P,E,2004-05-26,96.2313
P,E,2004-05-27,96.3672
P,E,2004-05-28,96.8374
P,E,2004-05-31,96.8976
P,E,2004-06-01,96.9603
P,E,2004-06-02,97.0889
P,E,2004-06-03,97.0169
P,E,2004-06-04,96.888
P,E,2004-06-07,97.2079
P,E,2004-06-08,97.3569
P,E,2004-06-09,97.5611
P,E,2004-06-10,97.7866
P,E,2004-06-11,98.178
P,E,2004-06-14,97.8619
P,E,2004-06-15,97.5543
P,E,2004-06-16,97.1635
P,E,2004-06-17,97.7228
P,E,2004-06-18,97.8668
P,E,2004-06-21,98.0428
P,E,2004-06-22,97.8292
P,E,2004-06-23,97.5576
P,E,2004-06-24,97.9385
P,E,2004-06-25,97.6088
P,E,2004-06-28,97.1158
P,E,2004-06-29,96.7089
P,E,2004-06-30,96.6751
P,E,2004-07-01,96.9188
P,E,2004-07-02,97.2157
P,E,2004-07-05,97.2466
P,E,2004-07-06,97.0884
P,E,2004-07-07,97.1854
P,E,2004-07-08,97.168
P,E,2004-07-09,97.0149
P,E,2004-07-12,97.1386
P,E,2004-07-13,96.8539
P,E,2004-07-14,96.6374
P,E,2004-07-15,96.5881
P,E,2004-07-16,96.5245
P,E,2004-07-19,96.4752
P,E,2004-07-20,96.4115
P,E,2004-07-21,96.0301
P,E,2004-07-22,95.9874
P,E,2004-07-23,96.243
P,E,2004-07-26,96.0686
P,E,2004-07-27,95.8496
P,E,2004-07-28,95.8083
P,E,2004-07-29,95.7073
P,E,2004-07-30,95.5474
P,E,2004-08-02,95.895
P,E,2004-08-03,95.6644
P,E,2004-08-04,95.4394
P,E,2004-08-05,95.6362
P,E,2004-08-06,95.5925
P,E,2004-08-09,95.6005
P,E,2004-08-10,95.584
P,E,2004-08-11,95.4211
P,E,2004-08-12,95.5797
P,E,2004-08-13,95.8209
P,E,2004-08-16,95.915
P,E,2004-08-17,95.9145
P,E,2004-08-18,95.8288
P,E,2004-08-19,95.7581
P,E,2004-08-20,95.804
P,E,2004-08-23,95.4971
P,E,2004-08-24,95.4445
P,E,2004-08-25,95.6392
P,E,2004-08-26,95.542
P,E,2004-08-27,95.4145
P,E,2004-08-30,95.4644
P,E,2004-08-31,95.2774
P,E,2004-09-01,95.4663
P,E,2004-09-02,95.7722
P,E,2004-09-03,95.7155
P,E,2004-09-06,95.7875
P,E,2004-09-07,95.7284
P,E,2004-09-08,95.5704
P,E,2004-09-09,95.335
P,E,2004-09-10,95.0853
P,E,2004-09-13,95.1272
P,E,2004-09-14,94.9985
P,E,2004-09-15,95.0527
P,E,2004-09-16,94.9183
P,E,2004-09-17,94.6627
P,E,2004-09-20,94.7014
P,E,2004-09-21,94.5107
P,E,2004-09-22,94.5627
P,E,2004-09-23,94.5692
P,E,2004-09-24,94.5521
P,E,2004-09-27,94.3598
P,E,2004-09-28,94.1894
P,E,2004-09-29,94.1161
P,E,2004-09-30,94.0724
P,E,2004-10-01,94.3329
P,E,2004-10-04,94.1889
P,E,2004-10-05,94.0871
P,E,2004-10-06,94.0203
P,E,2004-10-07,94.1011
P,E,2004-10-08,94.2038
P,E,2004-10-11,94.2563
P,E,2004-10-12,94.3914
P,E,2004-10-13,94.5608
P,E,2004-10-14,94.6787
P,E,2004-10-15,94.8982
P,E,2004-10-18,95.02
P,E,2004-10-19,94.9949
P,E,2004-10-20,95.2178
P,E,2004-10-21,95.2771
P,E,2004-10-22,95.2511
P,E,2004-10-25,95.6488
P,E,2004-10-26,95.5977
P,E,2004-10-27,95.7063
P,E,2004-10-28,95.7232
P,E,2004-10-29,96.037
P,E,2004-11-01,95.9051
P,E,2004-11-02,95.8343
P,E,2004-11-03,95.7445
P,E,2004-11-04,95.959
P,E,2004-11-05,95.9761
P,E,2004-11-08,96.1565
P,E,2004-11-09,96.1642
P,E,2004-11-10,96.2988
P,E,2004-11-11,96.5562
P,E,2004-11-12,96.5599
P,E,2004-11-15,96.5238
P,E,2004-11-16,96.4524
P,E,2004-11-17,96.5307
P,E,2004-11-18,96.8473
P,E,2004-11-19,97.0003
P,E,2004-11-22,97.0143
P,E,2004-11-23,96.8389
P,E,2004-11-24,96.9442
P,E,2004-11-25,97.2736
P,E,2004-11-26,96.9318
P,E,2004-11-29,96.8464
P,E,2004-11-30,96.9816
P,E,2004-12-01,96.784
P,E,2004-12-02,96.4353
P,E,2004-12-03,96.1373
P,E,2004-12-06,96.06
P,E,2004-12-07,95.9
P,E,2004-12-08,95.6286
P,E,2004-12-09,95.5771
P,E,2004-12-10,95.539
P,E,2004-12-13,95.3859
P,E,2004-12-14,95.2728
P,E,2004-12-15,95.5358
P,E,2004-12-16,95.4403
P,E,2004-12-17,95.2783
P,E,2004-12-20,95.1448
P,E,2004-12-21,94.8731
P,E,2004-12-22,94.8075
P,E,2004-12-23,94.6618
P,E,2004-12-24,94.5089
P,E,2004-12-27,94.4237
P,E,2004-12-28,94.4623
P,E,2004-12-29,94.4768
P,E,2004-12-30,94.4798
P,E,2004-12-31,94.5429
P,E,2005-01-03,94.4517
P,E,2005-01-04,94.2925
P,E,2005-01-05,93.9956
P,E,2005-01-06,94.0349
P,E,2005-01-07,94.2322
P,E,2005-01-10,94.2664
P,E,2005-01-11,94.2772
P,E,2005-01-12,94.1101
P,E,2005-01-13,94.1951
P,E,2005-01-14,94.0456
P,E,2005-01-17,94.3792
P,E,2005-01-18,94.3457
P,E,2005-01-19,94.4667
P,E,2005-01-20,94.5963
P,E,2005-01-21,94.3241
P,E,2005-01-24,94.348
P,E,2005-01-25,94.4488
P,E,2005-01-26,94.1268
P,E,2005-01-27,94.2625
P,E,2005-01-28,94.3533
P,E,2005-01-31,94.1078
P,E,2005-02-01,93.9166
P,E,2005-02-02,93.8805
P,E,2005-02-03,93.6459
P,E,2005-02-04,93.4846
P,E,2005-02-07,93.5002
P,E,2005-02-08,93.4152
P,E,2005-02-09,93.5391
P,E,2005-02-10,93.5205
P,E,2005-02-11,93.5736
P,E,2005-02-14,93.6785
P,E,2005-02-15,93.7677
P,E,2005-02-16,94.0198
P,E,2005-02-17,93.9336
P,E,2005-02-18,93.9671
P,E,2005-02-21,94.0124
P,E,2005-02-22,94.2407
P,E,2005-02-23,94.3805
P,E,2005-02-24,94.3547
P,E,2005-02-25,94.0777
P,E,2005-02-28,94.2558
P,E,2005-03-01,94.4313
P,E,2005-03-02,94.2505
P,E,2005-03-03,93.892
P,E,2005-03-04,93.6035
P,E,2005-03-07,93.6708
P,E,2005-03-08,93.3694
P,E,2005-03-09,93.4428
P,E,2005-03-10,93.5161
P,E,2005-03-11,93.5293
P,E,2005-03-14,93.449
P,E,2005-03-15,93.4838
P,E,2005-03-16,93.5526
P,E,2005-03-17,93.7544
P,E,2005-03-18,93.5426
P,E,2005-03-21,93.3989
P,E,2005-03-22,93.2906
P,E,2005-03-23,93.1694
P,E,2005-03-24,93.2679
P,E,2005-03-25,93.2857
P,E,2005-03-28,93.3054
P,E,2005-03-29,93.3288
P,E,2005-03-30,93.3519
P,E,2005-03-31,93.4452
P,E,2005-04-01,93.3756
P,E,2005-04-04,93.2988
P,E,2005-04-05,93.204
P,E,2005-04-06,93.4414
P,E,2005-04-07,93.4395
P,E,2005-04-08,93.4521
P,E,2005-04-11,93.586
P,E,2005-04-12,93.5676
P,E,2005-04-13,93.6403
P,E,2005-04-14,93.3939
P,E,2005-04-15,93.3127
P,E,2005-04-18,93.7234
P,E,2005-04-19,93.7877
P,E,2005-04-20,93.8504
P,E,2005-04-21,93.934
P,E,2005-04-22,93.8707
P,E,2005-04-25,93.8962
P,E,2005-04-26,93.8778
P,E,2005-04-27,93.897
P,E,2005-04-28,94.0194
P,E,2005-04-29,94.2166
P,E,2005-05-02,94.0689
P,E,2005-05-03,93.8407
P,E,2005-05-04,93.8331
P,E,2005-05-05,93.6433
P,E,2005-05-06,93.4569
P,E,2005-05-09,93.3914
P,E,2005-05-10,93.453
P,E,2005-05-11,93.5328
P,E,2005-05-12,93.4791
P,E,2005-05-13,93.5344
P,E,2005-05-16,93.4819
P,E,2005-05-17,93.4282
P,E,2005-05-18,93.5801
P,E,2005-05-19,93.4457
P,E,2005-05-20,93.2876
P,E,2005-05-23,93.1364
P,E,2005-05-24,93.1596
P,E,2005-05-25,93.2082
P,E,2005-05-26,93.1968
P,E,2005-05-27,93.0734
P,E,2005-05-30,93.1489
P,E,2005-05-31,93.2901
P,E,2005-06-01,93.8687
P,E,2005-06-02,93.8191
P,E,2005-06-03,93.7417
P,E,2005-06-06,93.944
P,E,2005-06-07,93.9989
P,E,2005-06-08,93.8355
P,E,2005-06-09,93.9165
P,E,2005-06-10,93.8234
P,E,2005-06-13,93.5553
P,E,2005-06-14,93.4784
P,E,2005-06-15,93.4996
P,E,2005-06-16,93.5641
P,E,2005-06-17,93.3603
P,E,2005-06-20,93.1931
P,E,2005-06-21,93.362
P,E,2005-06-22,93.5109
P,E,2005-06-23,93.4248
P,E,2005-06-24,93.4839
P,E,2005-06-27,93.4014
P,E,2005-06-28,93.233
P,E,2005-06-29,93.1902
P,E,2005-06-30,92.9705
P,E,2005-07-01,92.7483
P,E,2005-07-04,92.97
P,E,2005-07-05,92.8121
P,E,2005-07-06,92.6983
P,E,2005-07-07,92.699
P,E,2005-07-08,92.7537
P,E,2005-07-11,92.5636
P,E,2005-07-12,92.5294
P,E,2005-07-13,92.3995
P,E,2005-07-14,92.3891
P,E,2005-07-15,92.2336
P,E,2005-07-18,92.2112
P,E,2005-07-19,92.0223
P,E,2005-07-20,92.0294
P,E,2005-07-21,92.0375
P,E,2005-07-22,91.9849
P,E,2005-07-25,91.9625
P,E,2005-07-26,92.0936
P,E,2005-07-27,91.9727
P,E,2005-07-28,91.8309
P,E,2005-07-29,92.0691
P,E,2005-08-01,92.1765
P,E,2005-08-02,92.2889
P,E,2005-08-03,92.2989
P,E,2005-08-04,92.2426
P,E,2005-08-05,92.1579
P,E,2005-08-08,92.0463
P,E,2005-08-09,92.2997
P,E,2005-08-10,92.2789
P,E,2005-08-11,92.4347
P,E,2005-08-12,92.5305
P,E,2005-08-15,92.615
P,E,2005-08-16,92.5573
P,E,2005-08-17,92.6711
P,E,2005-08-18,92.9351
P,E,2005-08-19,92.8664
P,E,2005-08-22,92.6212
P,E,2005-08-23,92.4478
P,E,2005-08-24,92.4166
P,E,2005-08-25,92.7554
P,E,2005-08-26,92.9212
P,E,2005-08-29,92.9784
P,E,2005-08-30,92.6865
P,E,2005-08-31,92.7253
P,E,2005-09-01,92.875
P,E,2005-09-02,93.1925
P,E,2005-09-05,93.1809
P,E,2005-09-06,93.0647
P,E,2005-09-07,93.0524
P,E,2005-09-08,93.0881
P,E,2005-09-09,93.1412
P,E,2005-09-12,93.0198
P,E,2005-09-13,92.8109
P,E,2005-09-14,92.7862
P,E,2005-09-15,92.887200000000007
P,E,2005-09-16,92.5367
P,E,2005-09-19,92.5325
P,E,2005-09-20,92.4092
P,E,2005-09-21,92.4604
P,E,2005-09-22,92.338
P,E,2005-09-23,92.1928
P,E,2005-09-26,92.1254
P,E,2005-09-27,92.0687
P,E,2005-09-28,92.1445
P,E,2005-09-29,91.9705
P,E,2005-09-30,92.1352
P,E,2005-10-03,92.2053
P,E,2005-10-04,92.3946
P,E,2005-10-05,92.3568
P,E,2005-10-06,92.6716
P,E,2005-10-07,92.4872
P,E,2005-10-10,92.4669
P,E,2005-10-11,92.5237
P,E,2005-10-12,92.5163
P,E,2005-10-13,92.3479
P,E,2005-10-14,92.4684
P,E,2005-10-17,92.3276
P,E,2005-10-18,92.1988
P,E,2005-10-19,92.31
P,E,2005-10-20,92.276
P,E,2005-10-21,92.5964
P,E,2005-10-24,92.7054
P,E,2005-10-25,92.778
P,E,2005-10-26,92.6195
P,E,2005-10-27,92.6125
P,E,2005-10-28,92.693
P,E,2005-10-31,92.7189
P,E,2005-11-01,92.633
P,E,2005-11-02,92.7258
P,E,2005-11-03,92.8086
P,E,2005-11-04,92.7838
P,E,2005-11-07,92.8319
P,E,2005-11-08,92.8212
P,E,2005-11-09,92.843
P,E,2005-11-10,92.9418
P,E,2005-11-11,93.1329
P,E,2005-11-14,93.0132
P,E,2005-11-15,92.9001
P,E,2005-11-16,92.6171
P,E,2005-11-17,92.5575
P,E,2005-11-18,92.4947
P,E,2005-11-21,92.3815
P,E,2005-11-22,92.4619
P,E,2005-11-23,92.3396
P,E,2005-11-24,92.2011
P,E,2005-11-25,92.2154
P,E,2005-11-28,92.4375
P,E,2005-11-29,92.3837
P,E,2005-11-30,92.2993
P,E,2005-12-01,92.3595
P,E,2005-12-02,92.527
P,E,2005-12-05,92.4538
P,E,2005-12-06,92.6653
P,E,2005-12-07,92.6913
P,E,2005-12-08,92.7519
P,E,2005-12-09,92.7119
P,E,2005-12-12,92.6502
P,E,2005-12-13,92.4732
P,E,2005-12-14,92.3401
P,E,2005-12-15,92.3645
P,E,2005-12-16,92.2504
P,E,2005-12-19,91.8584
P,E,2005-12-20,91.7024
P,E,2005-12-21,91.6604
P,E,2005-12-22,91.5446
P,E,2005-12-23,91.3778
P,E,2005-12-26,91.3548
P,E,2005-12-27,91.3316
P,E,2005-12-28,91.2414
P,E,2005-12-29,91.1951
P,E,2005-12-30,91.3294
P,E,2006-01-02,91.4052
P,E,2006-01-03,91.484
P,E,2006-01-04,91.5425
P,E,2006-01-05,91.7049
P,E,2006-01-06,91.9029
P,E,2006-01-09,92.086
P,E,2006-01-10,92.0512
P,E,2006-01-11,91.7962
P,E,2006-01-12,91.7373
P,E,2006-01-13,91.7413
P,E,2006-01-16,91.6269
P,E,2006-01-17,91.6215
P,E,2006-01-18,91.7192
P,E,2006-01-19,91.4227
P,E,2006-01-20,91.4822
P,E,2006-01-23,91.629
P,E,2006-01-24,91.6242
P,E,2006-01-25,91.5353
P,E,2006-01-26,91.6447
P,E,2006-01-27,91.4755
P,E,2006-01-30,91.2552
P,E,2006-01-31,91.3194
P,E,2006-02-01,91.328
P,E,2006-02-02,91.2233
P,E,2006-02-03,91.1578
P,E,2006-02-06,91.1968
P,E,2006-02-07,91.1046
P,E,2006-02-08,91.3243
P,E,2006-02-09,91.2027
P,E,2006-02-10,91.1767
P,E,2006-02-13,91.1493
P,E,2006-02-14,91.0657
P,E,2006-02-15,90.9373
P,E,2006-02-16,90.979
P,E,2006-02-17,90.7748
P,E,2006-02-20,90.6748
P,E,2006-02-21,90.7455
P,E,2006-02-22,90.9112
P,E,2006-02-23,90.7272
P,E,2006-02-24,90.7036
P,E,2006-02-27,90.4716
P,E,2006-02-28,90.3825
P,E,2006-03-01,90.5634
P,E,2006-03-02,90.4045
P,E,2006-03-03,90.5236
P,E,2006-03-06,90.6483
P,E,2006-03-07,90.7311
P,E,2006-03-08,90.5889
P,E,2006-03-09,90.5086
P,E,2006-03-10,90.2897
P,E,2006-03-13,90.0207
P,E,2006-03-14,90.2235
P,E,2006-03-15,90.2586
P,E,2006-03-16,90.3683
P,E,2006-03-17,89.9255
P,E,2006-03-20,89.8645
P,E,2006-03-21,89.9514
P,E,2006-03-22,89.7814
P,E,2006-03-23,89.6346
P,E,2006-03-24,89.5551
P,E,2006-03-27,89.761
P,E,2006-03-28,89.799
P,E,2006-03-29,89.8287
P,E,2006-03-30,89.6121
P,E,2006-03-31,89.4049
P,E,2006-04-03,89.3775
P,E,2006-04-04,89.2641
P,E,2006-04-05,89.4727
P,E,2006-04-06,89.4519
P,E,2006-04-07,89.5492
P,E,2006-04-10,89.6717
P,E,2006-04-11,89.4888
P,E,2006-04-12,89.6616
P,E,2006-04-13,89.8291
P,E,2006-04-14,89.9114
P,E,2006-04-17,89.996
P,E,2006-04-18,90.0844
P,E,2006-04-19,90.0282
P,E,2006-04-20,89.9174
P,E,2006-04-21,89.6859
P,E,2006-04-24,89.7542
P,E,2006-04-25,89.6977
P,E,2006-04-26,89.5027
P,E,2006-04-27,89.2963
P,E,2006-04-28,89.5784
P,E,2006-05-01,89.9291
P,E,2006-05-02,90.2785
P,E,2006-05-03,90.3586
P,E,2006-05-04,90.4101
P,E,2006-05-05,90.4109
P,E,2006-05-08,90.5372
P,E,2006-05-09,90.5333
P,E,2006-05-10,90.6776
P,E,2006-05-11,90.4111
P,E,2006-05-12,90.9223
P,E,2006-05-15,91.0413
P,E,2006-05-16,90.905
P,E,2006-05-17,91.0359
P,E,2006-05-18,91.1381
P,E,2006-05-19,90.7361
P,E,2006-05-22,91.0514
P,E,2006-05-23,91.0595
P,E,2006-05-24,91.0427
P,E,2006-05-25,90.8483
P,E,2006-05-26,90.653
P,E,2006-05-29,90.4701
P,E,2006-05-30,90.5379
P,E,2006-05-31,90.6062
P,E,2006-06-01,90.4239
P,E,2006-06-02,90.2302
P,E,2006-06-05,90.4414
P,E,2006-06-06,90.6513
P,E,2006-06-07,90.4462
P,E,2006-06-08,90.4029
P,E,2006-06-09,90.5304
P,E,2006-06-12,90.784
P,E,2006-06-13,90.8889
P,E,2006-06-14,90.8675
P,E,2006-06-15,90.8026
P,E,2006-06-16,90.6761
P,E,2006-06-19,90.5517
P,E,2006-06-20,90.384
P,E,2006-06-21,90.376
P,E,2006-06-22,90.1864
P,E,2006-06-23,90.1294
P,E,2006-06-26,90.2022
P,E,2006-06-27,89.9775
P,E,2006-06-28,90.0839
P,E,2006-06-29,90.0709
P,E,2006-06-30,89.9141
P,E,2006-07-03,89.9612
P,E,2006-07-04,89.8375
P,E,2006-07-05,89.9028
P,E,2006-07-06,89.8262
P,E,2006-07-07,89.7515
P,E,2006-07-10,89.9518
P,E,2006-07-11,90.0167
P,E,2006-07-12,89.9653
P,E,2006-07-13,90.0923
P,E,2006-07-14,90.2437
P,E,2006-07-17,90.2471
P,E,2006-07-18,90.0733
P,E,2006-07-19,89.9686
P,E,2006-07-20,89.723
P,E,2006-07-21,89.7701
P,E,2006-07-24,89.5595
P,E,2006-07-25,89.569
P,E,2006-07-26,89.5228
P,E,2006-07-27,89.5308
P,E,2006-07-28,89.705
P,E,2006-07-31,89.7317
P,E,2006-08-01,89.7645
P,E,2006-08-02,89.7957
P,E,2006-08-03,89.6731
P,E,2006-08-04,89.5602
P,E,2006-08-07,89.8058
P,E,2006-08-08,89.8106
P,E,2006-08-09,89.7814
P,E,2006-08-10,89.7119
P,E,2006-08-11,89.517
P,E,2006-08-14,89.464
P,E,2006-08-15,89.4855
P,E,2006-08-16,89.5282
P,E,2006-08-17,89.7142
P,E,2006-08-18,89.5968
P,E,2006-08-21,89.7086
P,E,2006-08-22,89.7556
P,E,2006-08-23,89.642
P,E,2006-08-24,89.6215
P,E,2006-08-25,89.6389
P,E,2006-08-28,89.6563
P,E,2006-08-29,89.8042
P,E,2006-08-30,89.9871
P,E,2006-08-31,89.9646
P,E,2006-09-01,89.9092
P,E,2006-09-04,89.7584
P,E,2006-09-05,89.6806
P,E,2006-09-06,89.6946
P,E,2006-09-07,89.7131
P,E,2006-09-08,89.7033
P,E,2006-09-11,89.7839
P,E,2006-09-12,89.8279
P,E,2006-09-13,89.3631
P,E,2006-09-14,89.5078
P,E,2006-09-15,88.9414
P,E,2006-09-18,89.3724
P,E,2006-09-19,89.1979
P,E,2006-09-20,89.3669
P,E,2006-09-21,89.439
P,E,2006-09-22,89.4628
P,E,2006-09-25,89.8858
P,E,2006-09-26,89.873
P,E,2006-09-27,89.8903
P,E,2006-09-28,89.6052
P,E,2006-09-29,89.3991
P,E,2006-10-02,89.5016
P,E,2006-10-03,89.4831
P,E,2006-10-04,89.4419
P,E,2006-10-05,89.254
P,E,2006-10-06,89.2353
P,E,2006-10-09,89.3379
P,E,2006-10-10,89.1768
P,E,2006-10-11,89.0078
P,E,2006-10-12,89.0657
P,E,2006-10-13,89.0158
P,E,2006-10-16,89.1135
P,E,2006-10-17,89.1678
P,E,2006-10-18,89.1822
P,E,2006-10-19,89.1852
P,E,2006-10-20,89.2881
P,E,2006-10-23,89.2028
P,E,2006-10-24,89.0776
P,E,2006-10-25,89.1387
P,E,2006-10-26,89.0664
P,E,2006-10-27,89.0946
P,E,2006-10-30,89.1718
P,E,2006-10-31,89.2473
P,E,2006-11-01,89.2609
P,E,2006-11-02,89.1331
P,E,2006-11-03,89.0649
P,E,2006-11-06,88.8069
P,E,2006-11-07,88.7066
P,E,2006-11-08,88.7869
P,E,2006-11-09,88.7512
P,E,2006-11-10,88.9019
P,E,2006-11-13,88.9118
P,E,2006-11-14,88.8325
P,E,2006-11-15,88.5661
P,E,2006-11-16,88.5578
P,E,2006-11-17,88.5541
P,E,2006-11-20,88.7295
P,E,2006-11-21,88.7991
P,E,2006-11-22,88.9001
P,E,2006-11-23,89.1865
P,E,2006-11-24,89.3489
P,E,2006-11-27,89.296
P,E,2006-11-28,89.245
P,E,2006-11-29,89.0104
P,E,2006-11-30,88.8512
P,E,2006-12-01,89.0896
P,E,2006-12-04,88.8237
P,E,2006-12-05,88.8452
P,E,2006-12-06,89.0042
P,E,2006-12-07,88.988
P,E,2006-12-08,88.9468
P,E,2006-12-11,88.9096
P,E,2006-12-12,88.7996
P,E,2006-12-13,88.6571
P,E,2006-12-14,88.449
P,E,2006-12-15,88.4378
P,E,2006-12-18,88.3606
P,E,2006-12-19,88.1441
P,E,2006-12-20,88.0157
P,E,2006-12-21,88.0968
P,E,2006-12-22,88.1306
P,E,2006-12-25,88.1137
P,E,2006-12-26,88.0969
P,E,2006-12-27,88.0797
P,E,2006-12-28,87.8169
P,E,2006-12-29,87.966
P,E,2007-01-01,87.8168
P,E,2007-01-02,87.6719
P,E,2007-01-03,87.5235
P,E,2007-01-04,87.5893
P,E,2007-01-05,87.8539
P,E,2007-01-08,87.8998
P,E,2007-01-09,87.6561
P,E,2007-01-10,87.5759
P,E,2007-01-11,87.4738
P,E,2007-01-12,87.6463
P,E,2007-01-15,87.6907
P,E,2007-01-16,87.6553
P,E,2007-01-17,87.6698
P,E,2007-01-18,87.3811
P,E,2007-01-19,87.4807
P,E,2007-01-22,87.4307
P,E,2007-01-23,87.4498
P,E,2007-01-24,87.5262
P,E,2007-01-25,87.552
P,E,2007-01-26,87.5854
P,E,2007-01-29,87.3577
P,E,2007-01-30,87.2155
P,E,2007-01-31,87.1974
P,E,2007-02-01,87.4825
P,E,2007-02-02,87.5328
P,E,2007-02-05,87.5796
P,E,2007-02-06,87.8179
P,E,2007-02-07,87.9327
P,E,2007-02-08,87.3582
P,E,2007-02-09,87.236
P,E,2007-02-12,87.2596
P,E,2007-02-13,87.222
P,E,2007-02-14,87.077
P,E,2007-02-15,87.1394
P,E,2007-02-16,87.3566
P,E,2007-02-19,87.3933
P,E,2007-02-20,87.1608
P,E,2007-02-21,87.134
P,E,2007-02-22,87.1045
P,E,2007-02-23,87.1837
P,E,2007-02-26,87.401
P,E,2007-02-27,87.5659
P,E,2007-02-28,87.8533
P,E,2007-03-01,87.8373
P,E,2007-03-02,87.8702
P,E,2007-03-05,88.6765
P,E,2007-03-06,88.4566
P,E,2007-03-07,88.2681
P,E,2007-03-08,88.1755
P,E,2007-03-09,87.8458
P,E,2007-03-12,87.6047
P,E,2007-03-13,87.8332
P,E,2007-03-14,88.166
P,E,2007-03-15,87.9022
P,E,2007-03-16,88.1708
P,E,2007-03-19,87.9501
P,E,2007-03-20,87.8647
P,E,2007-03-21,87.7345
P,E,2007-03-22,87.5423
P,E,2007-03-23,87.6144
P,E,2007-03-26,87.5214
P,E,2007-03-27,87.4532
P,E,2007-03-28,87.6635
P,E,2007-03-29,87.4275
P,E,2007-03-30,87.2382
P,E,2007-04-02,87.3847
P,E,2007-04-03,87.1482
P,E,2007-04-04,87.0886
P,E,2007-04-05,86.9547
P,E,2007-04-06,86.8839
P,E,2007-04-09,86.815
P,E,2007-04-10,86.7467
P,E,2007-04-11,86.7662
P,E,2007-04-12,86.5059
P,E,2007-04-13,86.7481
P,E,2007-04-16,86.4074
P,E,2007-04-17,86.584
P,E,2007-04-18,86.7659
P,E,2007-04-19,87.0357
P,E,2007-04-20,86.5384
P,E,2007-04-23,86.7389
P,E,2007-04-24,86.8494
P,E,2007-04-25,86.6664
P,E,2007-04-26,86.5909
P,E,2007-04-27,86.7036
P,E,2007-04-30,86.635
P,E,2007-05-01,86.4288
P,E,2007-05-02,86.219
P,E,2007-05-03,86.4638
P,E,2007-05-04,86.4636
P,E,2007-05-07,86.5554
P,E,2007-05-08,86.3419
P,E,2007-05-09,86.3844
P,E,2007-05-10,86.3782
P,E,2007-05-11,86.6723
P,E,2007-05-14,86.2574
P,E,2007-05-15,86.3701
P,E,2007-05-16,86.2219
P,E,2007-05-17,86.1307
P,E,2007-05-18,86.0397
P,E,2007-05-21,85.9338
P,E,2007-05-22,86.0218
P,E,2007-05-23,86.2345
P,E,2007-05-24,86.2581
P,E,2007-05-25,86.3563
P,E,2007-05-28,86.322
P,E,2007-05-29,86.2912
P,E,2007-05-30,86.5045
P,E,2007-05-31,86.434
P,E,2007-06-01,86.2233
P,E,2007-06-04,86.1894
P,E,2007-06-05,86.3009
P,E,2007-06-06,86.4946
P,E,2007-06-07,86.459
P,E,2007-06-08,86.496
P,E,2007-06-11,86.158
P,E,2007-06-12,85.9617
P,E,2007-06-13,86.074700000000007
P,E,2007-06-14,85.8517
P,E,2007-06-15,85.8665
P,E,2007-06-18,85.622
P,E,2007-06-19,85.5721
P,E,2007-06-20,85.59
P,E,2007-06-21,85.6754
P,E,2007-06-22,85.7869
P,E,2007-06-25,86.0929
P,E,2007-06-26,86.0607
P,E,2007-06-27,86.1957
P,E,2007-06-28,86.0484
P,E,2007-06-29,85.913
P,E,2007-07-02,86.322
P,E,2007-07-03,86.1016
P,E,2007-07-04,85.9847
P,E,2007-07-05,86.1076
P,E,2007-07-06,85.963
P,E,2007-07-09,85.9388
P,E,2007-07-10,85.9726
P,E,2007-07-11,86.1585
P,E,2007-07-12,86.0035
P,E,2007-07-13,85.977
P,E,2007-07-16,86.0922
P,E,2007-07-17,86.2599
P,E,2007-07-18,86.1447
P,E,2007-07-19,86.0532
P,E,2007-07-20,85.8582
P,E,2007-07-23,85.9528
P,E,2007-07-24,85.6792
P,E,2007-07-25,85.6876
P,E,2007-07-26,85.7956
P,E,2007-07-27,86.2425
P,E,2007-07-30,86.649
P,E,2007-07-31,86.489
P,E,2007-08-01,86.6467
P,E,2007-08-02,86.7887
P,E,2007-08-03,86.4061
P,E,2007-08-06,87.0148
P,E,2007-08-07,86.7715
P,E,2007-08-08,86.6576
P,E,2007-08-09,86.7189
P,E,2007-08-10,87.1994
P,E,2007-08-13,87.0502
P,E,2007-08-14,86.9116
P,E,2007-08-15,86.9478
P,E,2007-08-16,87.1559
P,E,2007-08-17,87.7719
P,E,2007-08-20,87.3759
P,E,2007-08-21,87.742
P,E,2007-08-22,87.4001
P,E,2007-08-23,86.9485
P,E,2007-08-24,87.0216
P,E,2007-08-27,86.4987
P,E,2007-08-28,86.7237
P,E,2007-08-29,86.9098
P,E,2007-08-30,86.5212
P,E,2007-08-31,86.2325
P,E,2007-09-03,86.1377
P,E,2007-09-04,86.2919
P,E,2007-09-05,86.074700000000007
P,E,2007-09-06,86.2209
P,E,2007-09-07,86.2844
P,E,2007-09-10,86.6917
P,E,2007-09-11,86.4695
P,E,2007-09-12,86.3212
P,E,2007-09-13,86.0956
P,E,2007-09-14,86.0748
P,E,2007-09-17,85.9915
P,E,2007-09-18,86.0733
P,E,2007-09-19,85.7991
P,E,2007-09-20,85.8526
P,E,2007-09-21,85.7819
P,E,2007-09-24,85.6495
P,E,2007-09-25,85.7726
P,E,2007-09-26,85.6467
P,E,2007-09-27,85.3742
P,E,2007-09-28,85.2146
P,E,2007-10-01,84.8959
P,E,2007-10-02,84.9673
P,E,2007-10-03,84.881
P,E,2007-10-04,84.9754
P,E,2007-10-05,85.0131
P,E,2007-10-08,84.7644
P,E,2007-10-09,84.7058
P,E,2007-10-10,84.4979
P,E,2007-10-11,84.2991
P,E,2007-10-12,84.0438
P,E,2007-10-15,84.035
P,E,2007-10-16,84.0608
P,E,2007-10-17,84.1002
P,E,2007-10-18,84.2284
P,E,2007-10-19,84.1752
P,E,2007-10-22,84.4679
P,E,2007-10-23,84.3903
P,E,2007-10-24,84.1916
P,E,2007-10-25,84.1911
P,E,2007-10-26,84.0356
P,E,2007-10-29,83.8776
P,E,2007-10-30,83.7668
P,E,2007-10-31,83.9467
P,E,2007-11-01,83.7321
P,E,2007-11-02,84.0864
P,E,2007-11-05,84.0154
P,E,2007-11-06,84.236
P,E,2007-11-07,84.3676
P,E,2007-11-08,84.533
P,E,2007-11-09,84.8861
P,E,2007-11-12,85.3035
P,E,2007-11-13,85.3164
P,E,2007-11-14,85.162
P,E,2007-11-15,85.2591
P,E,2007-11-16,85.4426
P,E,2007-11-19,85.575
P,E,2007-11-20,85.5891
P,E,2007-11-21,85.6395
P,E,2007-11-22,85.7048
P,E,2007-11-23,85.7183
P,E,2007-11-26,85.587
P,E,2007-11-27,85.7798
P,E,2007-11-28,85.248
P,E,2007-11-29,84.9724
P,E,2007-11-30,84.7474
P,E,2007-12-03,84.7692
P,E,2007-12-04,84.7435
P,E,2007-12-05,84.9855
P,E,2007-12-06,84.9943
P,E,2007-12-07,84.6853
P,E,2007-12-10,84.6507
P,E,2007-12-11,84.2514
P,E,2007-12-12,84.2288
P,E,2007-12-13,83.9644
P,E,2007-12-14,83.9138
P,E,2007-12-17,84.3684
P,E,2007-12-18,84.4761
P,E,2007-12-19,84.3894
P,E,2007-12-20,84.407
P,E,2007-12-21,84.2518
P,E,2007-12-24,84.1769
P,E,2007-12-25,84.0986
P,E,2007-12-26,84.0217
P,E,2007-12-27,83.9437
P,E,2007-12-28,84.1978
P,E,2007-12-31,84.5112
P,E,2008-01-01,84.75
P,E,2008-01-02,84.9899
P,E,2008-01-03,85.236
P,E,2008-01-04,85.5635
P,E,2008-01-07,85.4406
P,E,2008-01-08,85.2752
P,E,2008-01-09,85.5933
P,E,2008-01-10,85.6493
P,E,2008-01-11,86.0124
P,E,2008-01-14,86.2341
P,E,2008-01-15,86.2947
P,E,2008-01-16,86.8547
P,E,2008-01-17,86.6298
P,E,2008-01-18,86.7757
P,E,2008-01-21,87.5881
P,E,2008-01-22,87.4693
P,E,2008-01-23,87.6199
P,E,2008-01-24,87.8794
P,E,2008-01-25,86.9502
P,E,2008-01-28,87.2198
P,E,2008-01-29,86.8215
P,E,2008-01-30,86.8325
P,E,2008-01-31,87.1646
P,E,2008-02-01,87.1995
P,E,2008-02-04,86.7248
P,E,2008-02-05,86.428
P,E,2008-02-06,87.232
P,E,2008-02-07,87.2124
P,E,2008-02-08,87.3822
P,E,2008-02-11,87.7143
P,E,2008-02-12,87.4921
P,E,2008-02-13,87.0883
P,E,2008-02-14,86.6207
P,E,2008-02-15,86.9467
P,E,2008-02-18,86.8434
P,E,2008-02-19,86.6751
P,E,2008-02-20,86.6956
P,E,2008-02-21,86.4341
P,E,2008-02-22,86.6309
P,E,2008-02-25,86.6268
P,E,2008-02-26,86.546
P,E,2008-02-27,86.8208
P,E,2008-02-28,87.0593
P,E,2008-02-29,87.5819
P,E,2008-03-03,88.6756
P,E,2008-03-04,88.442
P,E,2008-03-05,88.4958
P,E,2008-03-06,88.3119
P,E,2008-03-07,88.9424
P,E,2008-03-10,88.9247
P,E,2008-03-11,89.031
P,E,2008-03-12,88.181
P,E,2008-03-13,88.8577
P,E,2008-03-14,88.7578
P,E,2008-03-17,90.1728
P,E,2008-03-18,89.6079
P,E,2008-03-19,89.4233
P,E,2008-03-20,89.2065
P,E,2008-03-21,89.0287
P,E,2008-03-24,88.8512
P,E,2008-03-25,88.6718
P,E,2008-03-26,88.8777
P,E,2008-03-27,88.9552
P,E,2008-03-28,88.8613
P,E,2008-03-31,89.0209
P,E,2008-04-01,88.9204
P,E,2008-04-02,88.437
P,E,2008-04-03,88.2133
P,E,2008-04-04,88.2735
P,E,2008-04-07,87.8477
P,E,2008-04-08,87.9692
P,E,2008-04-09,87.8562
P,E,2008-04-10,88.8279
P,E,2008-04-11,88.0627
P,E,2008-04-14,88.6042
P,E,2008-04-15,88.4208
P,E,2008-04-16,87.9836
P,E,2008-04-17,87.7807
P,E,2008-04-18,87.2578
P,E,2008-04-21,87.1287
P,E,2008-04-22,87.0658
P,E,2008-04-23,87.0878
P,E,2008-04-24,86.7391
P,E,2008-04-25,86.3189
P,E,2008-04-28,86.6101
P,E,2008-04-29,86.5435
P,E,2008-04-30,86.66
P,E,2008-05-01,86.4477
P,E,2008-05-02,86.234
P,E,2008-05-05,85.7761
P,E,2008-05-06,85.808
P,E,2008-05-07,85.6891
P,E,2008-05-08,86.4053
P,E,2008-05-09,86.6186
P,E,2008-05-12,86.431
P,E,2008-05-13,86.2441
P,E,2008-05-14,85.7152
P,E,2008-05-15,85.5836
P,E,2008-05-16,85.704
P,E,2008-05-19,85.7904
P,E,2008-05-20,85.699
P,E,2008-05-21,85.8775
P,E,2008-05-22,86.175
P,E,2008-05-23,86.2849
P,E,2008-05-26,86.2675
P,E,2008-05-27,86.2528
P,E,2008-05-28,86.0736
P,E,2008-05-29,85.6856
P,E,2008-05-30,85.6283
P,E,2008-06-02,86.146
P,E,2008-06-03,86.6461
P,E,2008-06-04,86.6526
P,E,2008-06-05,86.1924
P,E,2008-06-06,85.8072
P,E,2008-06-09,86.4294
P,E,2008-06-10,86.5187
P,E,2008-06-11,86.1922
P,E,2008-06-12,86.5576
P,E,2008-06-13,86.251
P,E,2008-06-16,86.1482
P,E,2008-06-17,86.0878
P,E,2008-06-18,85.8683
P,E,2008-06-19,85.9483
P,E,2008-06-20,85.6836
P,E,2008-06-23,85.6554
P,E,2008-06-24,85.538
P,E,2008-06-25,85.474
P,E,2008-06-26,85.5434
P,E,2008-06-27,86.2014
P,E,2008-06-30,86.2983
P,E,2008-07-01,86.1333
P,E,2008-07-02,85.9827
P,E,2008-07-03,86.0023
P,E,2008-07-04,86.0003
P,E,2008-07-07,85.8529
P,E,2008-07-08,86.0954
P,E,2008-07-09,85.445
P,E,2008-07-10,85.4295
P,E,2008-07-11,85.2883
P,E,2008-07-14,85.278
P,E,2008-07-15,86.0972
P,E,2008-07-16,86.3241
P,E,2008-07-17,85.8798
P,E,2008-07-18,85.5905
P,E,2008-07-21,85.3806
P,E,2008-07-22,85.4988
P,E,2008-07-23,84.9982
P,E,2008-07-24,85.0688
P,E,2008-07-25,85.1507
P,E,2008-07-28,84.9845
P,E,2008-07-29,85.0794
P,E,2008-07-30,84.8451
P,E,2008-07-31,84.6163
P,E,2008-08-01,84.6515
P,E,2008-08-04,84.6827
P,E,2008-08-05,84.7459
P,E,2008-08-06,84.8478
P,E,2008-08-07,84.6304
P,E,2008-08-08,84.8565
P,E,2008-08-11,85.1989
P,E,2008-08-12,85.2209
P,E,2008-08-13,85.0618
P,E,2008-08-14,85.2025
P,E,2008-08-15,85.242
P,E,2008-08-18,85.4177
P,E,2008-08-19,85.547
P,E,2008-08-20,85.2766
P,E,2008-08-21,85.1673
P,E,2008-08-22,85.0022
P,E,2008-08-25,84.9931
P,E,2008-08-26,85.2093
P,E,2008-08-27,85.4746
P,E,2008-08-28,85.355
P,E,2008-08-29,85.3356
P,E,2008-09-01,85.6321
P,E,2008-09-02,85.4369
P,E,2008-09-03,85.6671
P,E,2008-09-04,85.9027
P,E,2008-09-05,86.6866
P,E,2008-09-08,85.8689
P,E,2008-09-09,86.2573
P,E,2008-09-10,86.3751
P,E,2008-09-11,86.8992
P,E,2008-09-12,86.1438
P,E,2008-09-15,86.6542
P,E,2008-09-16,87.4917
P,E,2008-09-17,86.6184
P,E,2008-09-18,87.0105
P,E,2008-09-19,86.5236
P,E,2008-09-22,86.4394
P,E,2008-09-23,86.6718
P,E,2008-09-24,86.6521
P,E,2008-09-25,86.6973
P,E,2008-09-26,87.0602
P,E,2008-09-29,87.3631
P,E,2008-09-30,87.7911
P,E,2008-10-01,87.7807
P,E,2008-10-02,88.2142
P,E,2008-10-03,88.4647
P,E,2008-10-06,89.5303
P,E,2008-10-07,89.8347
P,E,2008-10-08,89.9696
P,E,2008-10-09,89.8532
P,E,2008-10-10,91.4939
P,E,2008-10-13,90.4924
P,E,2008-10-14,90.1163
P,E,2008-10-15,90.0805
P,E,2008-10-16,91.2324
P,E,2008-10-17,91.4642
P,E,2008-10-20,91.3059
P,E,2008-10-21,91.671
P,E,2008-10-22,93.1482
P,E,2008-10-23,93.7156
P,E,2008-10-24,95.0035
P,E,2008-10-27,97.4727
P,E,2008-10-28,96.5136
P,E,2008-10-29,95.8117
P,E,2008-10-30,94.7198
P,E,2008-10-31,96.1255
P,E,2008-11-03,94.6273
P,E,2008-11-04,94.6731
P,E,2008-11-05,93.9222
P,E,2008-11-06,93.7407
P,E,2008-11-07,93.9834
P,E,2008-11-10,93.5809
P,E,2008-11-11,94.1474
P,E,2008-11-12,95.0233
P,E,2008-11-13,95.1178
P,E,2008-11-14,93.7809
P,E,2008-11-17,93.6705
P,E,2008-11-18,93.7036
P,E,2008-11-19,93.1228
P,E,2008-11-20,93.3998
P,E,2008-11-21,92.3081
P,E,2008-11-24,92.2154
P,E,2008-11-25,91.9324
P,E,2008-11-26,91.7701
P,E,2008-11-27,91.8728
P,E,2008-11-28,91.9059
P,E,2008-12-01,92.9155
P,E,2008-12-02,93.4602
P,E,2008-12-03,93.0724
P,E,2008-12-04,92.8294
P,E,2008-12-05,92.8482
P,E,2008-12-08,91.41
P,E,2008-12-09,91.5366
P,E,2008-12-10,91.4569
P,E,2008-12-11,91.3066
P,E,2008-12-12,90.8251
P,E,2008-12-15,90.5073
P,E,2008-12-16,90.4382
P,E,2008-12-17,90.8284
P,E,2008-12-18,93.2559
P,E,2008-12-19,92.6883
P,E,2008-12-22,92.9035
P,E,2008-12-23,93.8918
P,E,2008-12-24,94.6666
P,E,2008-12-25,94.9144
P,E,2008-12-26,95.1631
P,E,2008-12-29,95.4143
P,E,2008-12-30,95.916
P,E,2008-12-31,96.3
P,E,2009-01-01,95.9254
P,E,2009-01-02,95.5534
P,E,2009-01-05,95.1754
P,E,2009-01-06,95.2915
P,E,2009-01-07,95.5241
P,E,2009-01-08,95.5832
P,E,2009-01-09,95.8216
P,E,2009-01-12,95.5111
P,E,2009-01-13,96.6051
P,E,2009-01-14,96.8153
P,E,2009-01-15,97.2405
P,E,2009-01-16,96.5795
P,E,2009-01-19,96.186
P,E,2009-01-20,96.327
P,E,2009-01-21,96.9158
P,E,2009-01-22,94.7676
P,E,2009-01-23,95.7271
P,E,2009-01-26,95.232
P,E,2009-01-27,94.8139
P,E,2009-01-28,94.8335
P,E,2009-01-29,94.75
P,E,2009-01-30,96.1695
P,E,2009-02-02,96.2782
P,E,2009-02-03,95.7903
P,E,2009-02-04,95.8008
P,E,2009-02-05,95.9211
P,E,2009-02-06,95.3829
P,E,2009-02-09,95.0434
P,E,2009-02-10,95.0336
P,E,2009-02-11,95.7848
P,E,2009-02-12,95.7497
P,E,2009-02-13,95.5623
P,E,2009-02-16,95.9785
P,E,2009-02-17,96.8474
P,E,2009-02-18,97.0772
P,E,2009-02-19,96.2583
P,E,2009-02-20,95.7461
P,E,2009-02-23,96.2374
P,E,2009-02-24,96.9029
P,E,2009-02-25,96.2841
P,E,2009-02-26,96.52
P,E,2009-02-27,96.5683
P,E,2009-03-02,96.9662
P,E,2009-03-03,96.7408
P,E,2009-03-04,97.066
P,E,2009-03-05,97.1665
P,E,2009-03-06,97.9647
P,E,2009-03-09,98.0996
P,E,2009-03-10,97.9537
P,E,2009-03-11,97.4075
P,E,2009-03-12,97.2555
P,E,2009-03-13,93.741
P,E,2009-03-16,93.5338
P,E,2009-03-17,93.479
P,E,2009-03-18,93.6964
P,E,2009-03-19,93.4729
P,E,2009-03-20,93.8648
P,E,2009-03-23,93.571
P,E,2009-03-24,94.1444
P,E,2009-03-25,94.5375
P,E,2009-03-26,94.4556
P,E,2009-03-27,94.2306
P,E,2009-03-30,94.9249
P,E,2009-03-31,94.9404
P,E,2009-04-01,95.2572
P,E,2009-04-02,94.6948
P,E,2009-04-03,94.3023
P,E,2009-04-06,94.3021
P,E,2009-04-07,94.7783
P,E,2009-04-08,95.0485
P,E,2009-04-09,94.4787
P,E,2009-04-10,94.599
P,E,2009-04-13,94.7191
P,E,2009-04-14,94.8382
P,E,2009-04-15,95.1503
P,E,2009-04-16,95.1493
P,E,2009-04-17,94.6869
P,E,2009-04-20,94.8414
P,E,2009-04-21,94.9666
P,E,2009-04-22,95.1663
P,E,2009-04-23,94.6201
P,E,2009-04-24,95.1683
P,E,2009-04-27,95.2878
P,E,2009-04-28,95.4835
P,E,2009-04-29,95.4779
P,E,2009-04-30,95.1034
P,E,2009-05-01,95.1001
P,E,2009-05-04,95.0939
P,E,2009-05-05,94.8831
P,E,2009-05-06,95.1427
P,E,2009-05-07,94.8379
P,E,2009-05-08,94.7203
P,E,2009-05-11,95.0847
P,E,2009-05-12,94.9949
P,E,2009-05-13,95.0019
P,E,2009-05-14,95.0958
P,E,2009-05-15,95.2099
P,E,2009-05-18,94.6016
P,E,2009-05-19,94.5821
P,E,2009-05-20,94.5759
P,E,2009-05-21,94.3612
P,E,2009-05-22,94.151
P,E,2009-05-25,94.2927
P,E,2009-05-26,94.3818
P,E,2009-05-27,94.4659
P,E,2009-05-28,94.6415
P,E,2009-05-29,94.5537
P,E,2009-06-01,94.5571
P,E,2009-06-02,94.5654
P,E,2009-06-03,94.2574
P,E,2009-06-04,94.512200000000007
P,E,2009-06-05,94.3882
P,E,2009-06-08,94.3356
P,E,2009-06-09,94.5641
P,E,2009-06-10,94.6014
P,E,2009-06-11,94.8153
P,E,2009-06-12,95.0402
P,E,2009-06-15,95.0056
P,E,2009-06-16,95.3658
P,E,2009-06-17,95.2736
P,E,2009-06-18,95.6681
P,E,2009-06-19,95.1526
P,E,2009-06-22,95.5821
P,E,2009-06-23,95.8082
P,E,2009-06-24,95.8174
P,E,2009-06-25,94.3277
P,E,2009-06-26,94.1133
P,E,2009-06-29,94.4547
P,E,2009-06-30,94.5722
P,E,2009-07-01,94.563
P,E,2009-07-02,94.6058
P,E,2009-07-03,94.803
P,E,2009-07-06,94.8499
P,E,2009-07-07,94.9522
P,E,2009-07-08,95.11
P,E,2009-07-09,95.1555
P,E,2009-07-10,95.1245
P,E,2009-07-13,95.1058
P,E,2009-07-14,94.9659
P,E,2009-07-15,94.7169
P,E,2009-07-16,94.8843
P,E,2009-07-17,94.6778
P,E,2009-07-20,94.5331
P,E,2009-07-21,94.5896
P,E,2009-07-22,94.7495
P,E,2009-07-23,94.5592
P,E,2009-07-24,94.2003
P,E,2009-07-27,94.2127
P,E,2009-07-28,94.1756
P,E,2009-07-29,94.2616
P,E,2009-07-30,93.8243
P,E,2009-07-31,93.5051
P,E,2009-08-03,94.0146
P,E,2009-08-04,93.887
P,E,2009-08-05,93.8662
P,E,2009-08-06,93.7673
P,E,2009-08-07,93.8047
P,E,2009-08-10,93.4217
P,E,2009-08-11,93.4988
P,E,2009-08-12,93.9263
P,E,2009-08-13,93.6983
P,E,2009-08-14,93.8873
P,E,2009-08-17,94.3437
P,E,2009-08-18,94.4213
P,E,2009-08-19,94.612
P,E,2009-08-20,94.7626
P,E,2009-08-21,94.9308
P,E,2009-08-24,94.7332
P,E,2009-08-25,94.8097
P,E,2009-08-26,94.7584
P,E,2009-08-27,94.4558
P,E,2009-08-28,94.6555
P,E,2009-08-31,94.9051
P,E,2009-09-01,94.8935
P,E,2009-09-02,94.8685
P,E,2009-09-03,94.9922
P,E,2009-09-04,94.9221
P,E,2009-09-07,94.8529
P,E,2009-09-08,94.7535
P,E,2009-09-09,94.8067
P,E,2009-09-10,94.8919
P,E,2009-09-11,94.9126
P,E,2009-09-14,94.9946
P,E,2009-09-15,94.7527
P,E,2009-09-16,94.5569
P,E,2009-09-17,94.4693
P,E,2009-09-18,94.6473
P,E,2009-09-21,94.6036
P,E,2009-09-22,94.6403
P,E,2009-09-23,94.749
P,E,2009-09-24,94.7454
P,E,2009-09-25,94.7391
P,E,2009-09-28,94.7892
P,E,2009-09-29,94.7261
P,E,2009-09-30,94.7785
P,E,2009-10-01,94.1996
P,E,2009-10-02,94.5147
P,E,2009-10-05,94.6051
P,E,2009-10-06,94.5817
P,E,2009-10-07,94.4654
P,E,2009-10-08,94.2347
P,E,2009-10-09,94.0927
P,E,2009-10-12,93.9572
P,E,2009-10-13,94.0999
P,E,2009-10-14,94.1109
P,E,2009-10-15,94.3405
P,E,2009-10-16,94.1001
P,E,2009-10-19,94.2314
P,E,2009-10-20,94.3196
P,E,2009-10-21,94.4488
P,E,2009-10-22,94.2488
P,E,2009-10-23,94.3225
P,E,2009-10-26,94.2395
P,E,2009-10-27,94.096
P,E,2009-10-28,94.3165
P,E,2009-10-29,94.3925
P,E,2009-10-30,94.4102
P,E,2009-11-02,94.4715
P,E,2009-11-03,94.2916
P,E,2009-11-04,94.368
P,E,2009-11-05,94.4245
P,E,2009-11-06,94.2672
P,E,2009-11-09,94.3501
P,E,2009-11-10,94.2931
P,E,2009-11-11,94.361
P,E,2009-11-12,94.3231
P,E,2009-11-13,94.3174
P,E,2009-11-16,94.3868
P,E,2009-11-17,94.3325
P,E,2009-11-18,94.2435
P,E,2009-11-19,94.1108
P,E,2009-11-20,94.1622
P,E,2009-11-23,94.2507
P,E,2009-11-24,94.2328
P,E,2009-11-25,94.3661
P,E,2009-11-26,94.3772
P,E,2009-11-27,94.3959
P,E,2009-11-30,94.4268
P,E,2009-12-01,94.3894
P,E,2009-12-02,94.3513
P,E,2009-12-03,94.3287
P,E,2009-12-04,94.3716
P,E,2009-12-07,94.0818
P,E,2009-12-08,94.0915
P,E,2009-12-09,94.1064
P,E,2009-12-10,94.0196
P,E,2009-12-11,93.9603
P,E,2009-12-14,93.9274
P,E,2009-12-15,93.9068
P,E,2009-12-16,93.8285
P,E,2009-12-17,94.2501
P,E,2009-12-18,94.7126
P,E,2009-12-21,94.8622
P,E,2009-12-22,94.7045
P,E,2009-12-23,94.9165
P,E,2009-12-24,95.2211
P,E,2009-12-25,95.1982
P,E,2009-12-28,95.1769
P,E,2009-12-29,95.3977
P,E,2009-12-30,95.2044
P,E,2009-12-31,95.4367
P,E,2010-01-01,95.3238
P,E,2010-01-04,95.21
P,E,2010-01-05,95.3741
P,E,2010-01-06,95.3763
P,E,2010-01-07,95.4748
P,E,2010-01-08,95.5539
P,E,2010-01-11,95.7853
P,E,2010-01-12,95.8634
P,E,2010-01-13,95.6789
P,E,2010-01-14,95.5788
P,E,2010-01-15,95.7749
P,E,2010-01-18,95.8808
P,E,2010-01-19,95.8227
P,E,2010-01-20,95.846
P,E,2010-01-21,96.023
P,E,2010-01-22,96.1043
P,E,2010-01-25,95.9422
P,E,2010-01-26,96.0866
P,E,2010-01-27,96.0457
P,E,2010-01-28,95.9506
P,E,2010-01-29,96.2599
P,E,2010-02-01,95.9795
P,E,2010-02-02,95.9037
P,E,2010-02-03,95.9416
P,E,2010-02-04,96.0883
P,E,2010-02-05,96.1511
P,E,2010-02-08,96.1964
P,E,2010-02-09,96.2313
P,E,2010-02-10,96.2227
P,E,2010-02-11,96.2398
P,E,2010-02-12,96.2392
P,E,2010-02-15,96.3317
P,E,2010-02-16,96.2777
P,E,2010-02-17,96.0738
P,E,2010-02-18,96.2845
P,E,2010-02-19,96.301
P,E,2010-02-22,96.3256
P,E,2010-02-23,96.1816
P,E,2010-02-24,96.3141
P,E,2010-02-25,96.3354
P,E,2010-02-26,96.3128
P,E,2010-03-01,96.2773
P,E,2010-03-02,96.2807
P,E,2010-03-03,96.263
P,E,2010-03-04,96.213
P,E,2010-03-05,96.2408
P,E,2010-03-08,96.1773
P,E,2010-03-09,96.187
P,E,2010-03-10,96.1986
P,E,2010-03-11,96.2266
P,E,2010-03-12,96.2917
P,E,2010-03-15,96.5308
P,E,2010-03-16,96.8066
P,E,2010-03-17,96.7841
P,E,2010-03-18,97.027
P,E,2010-03-19,97.7251
P,E,2010-03-22,97.9185
P,E,2010-03-23,97.7362
P,E,2010-03-24,98.1592
P,E,2010-03-25,98.1906
P,E,2010-03-26,98.0319
P,E,2010-03-29,97.9087
P,E,2010-03-30,97.8691
P,E,2010-03-31,97.8876
P,E,2010-04-01,98.5388
P,E,2010-04-02,98.2662
P,E,2010-04-05,97.9992
P,E,2010-04-06,97.7354
P,E,2010-04-07,97.715
P,E,2010-04-08,97.6808
P,E,2010-04-09,97.5717
P,E,2010-04-12,96.9046
P,E,2010-04-13,97.2507
P,E,2010-04-14,97.409
P,E,2010-04-15,97.5771
P,E,2010-04-16,97.6045
P,E,2010-04-19,97.5342
P,E,2010-04-20,97.5654
P,E,2010-04-21,97.5608
P,E,2010-04-22,97.6135
P,E,2010-04-23,97.5758
P,E,2010-04-26,97.4679
P,E,2010-04-27,97.3271
P,E,2010-04-28,97.5775
P,E,2010-04-29,97.4361
P,E,2010-04-30,97.3942
P,E,2010-05-03,97.5182
P,E,2010-05-04,97.5027
P,E,2010-05-05,97.4771
P,E,2010-05-06,97.4527
P,E,2010-05-07,98.6121
P,E,2010-05-10,97.5221
P,E,2010-05-11,98.8271
P,E,2010-05-12,98.867
P,E,2010-05-13,99.1359
P,E,2010-05-14,99.4042
P,E,2010-05-17,99.4351
P,E,2010-05-18,99.2475
P,E,2010-05-19,99.3542
P,E,2010-05-20,97.6334
P,E,2010-05-21,96.7899
P,E,2010-05-24,97.1922
P,E,2010-05-25,97.6014
P,E,2010-05-26,97.4932
P,E,2010-05-27,97.9782
P,E,2010-05-28,97.2825
P,E,2010-05-31,97.4837
P,E,2010-06-01,97.6974
P,E,2010-06-02,98.175
P,E,2010-06-03,97.8083
P,E,2010-06-04,98.4473
P,E,2010-06-07,99.6531
P,E,2010-06-08,99.9699
P,E,2010-06-09,100.6126
P,E,2010-06-10,100.4257
P,E,2010-06-11,100.1648
P,E,2010-06-14,99.7305
P,E,2010-06-15,99.0586
P,E,2010-06-16,99.5695
P,E,2010-06-17,100.4951
P,E,2010-06-18,100.5058
P,E,2010-06-21,100.8052
P,E,2010-06-22,101.5121
P,E,2010-06-23,101.7645
P,E,2010-06-24,101.9154
P,E,2010-06-25,101.9811
P,E,2010-06-28,103.0945
P,E,2010-06-29,104.2794
P,E,2010-06-30,104.6287
P,E,2010-07-01,104.9096
P,E,2010-07-02,103.6843
P,E,2010-07-05,103.8165
P,E,2010-07-06,103.633
P,E,2010-07-07,103.5724
P,E,2010-07-08,103.7348
P,E,2010-07-09,103.4743
P,E,2010-07-12,103.2696
P,E,2010-07-13,103.838
P,E,2010-07-14,102.7639
P,E,2010-07-15,103.2905
P,E,2010-07-16,102.7195
P,E,2010-07-19,102.0033
P,E,2010-07-20,101.3675
P,E,2010-07-21,102.307
P,E,2010-07-22,103.6013
P,E,2010-07-23,102.7132
P,E,2010-07-26,101.8068
P,E,2010-07-27,100.9408
P,E,2010-07-28,100.3201
P,E,2010-07-29,100.6699
P,E,2010-07-30,102.2905
P,E,2010-08-02,101.2143
P,E,2010-08-03,100.907
P,E,2010-08-04,100.6743
P,E,2010-08-05,100.1814
P,E,2010-08-06,100.3014
P,E,2010-08-09,100.1563
P,E,2010-08-10,99.7104
P,E,2010-08-11,100.4794
P,E,2010-08-12,101.4326
P,E,2010-08-13,102.3856
P,E,2010-08-16,103.9036
P,E,2010-08-17,103.2683
P,E,2010-08-18,103.1091
P,E,2010-08-19,103.8227
P,E,2010-08-20,104.4464
P,E,2010-08-23,105.1452
P,E,2010-08-24,105.0515
P,E,2010-08-25,105.7707
P,E,2010-08-26,105.5066
P,E,2010-08-27,105.9428
P,E,2010-08-30,105.4143
P,E,2010-08-31,106.6586
P,E,2010-09-01,106.6325
P,E,2010-09-02,106.3609
P,E,2010-09-03,105.9616
P,E,2010-09-06,105.2891
P,E,2010-09-07,106.8032
P,E,2010-09-08,107.9025
P,E,2010-09-09,106.8479
P,E,2010-09-10,106.1024
P,E,2010-09-13,105.9636
P,E,2010-09-14,106.8089
P,E,2010-09-15,105.9302
P,E,2010-09-16,105.596
P,E,2010-09-17,103.0671
P,E,2010-09-20,104.6131
P,E,2010-09-21,104.7143
P,E,2010-09-22,104.3268
P,E,2010-09-23,104.1708
P,E,2010-09-24,104.7101
P,E,2010-09-27,103.721
P,E,2010-09-28,104.1728
P,E,2010-09-29,103.6181
P,E,2010-09-30,103.4184
P,E,2010-10-01,102.455
P,E,2010-10-04,102.8973
P,E,2010-10-05,103.1649
P,E,2010-10-06,102.6585
P,E,2010-10-07,102.5851
P,E,2010-10-08,102.0976
P,E,2010-10-11,102.4254
P,E,2010-10-12,102.4353
P,E,2010-10-13,102.5973
P,E,2010-10-14,102.6709
P,E,2010-10-15,101.7443
P,E,2010-10-18,102.6897
P,E,2010-10-19,102.536
P,E,2010-10-20,102.5467
P,E,2010-10-21,101.2854
P,E,2010-10-22,100.8882
P,E,2010-10-25,100.4551
P,E,2010-10-26,100.7576
P,E,2010-10-27,100.1457
P,E,2010-10-28,100.2741
P,E,2010-10-29,99.7724
P,E,2010-11-01,99.012
P,E,2010-11-02,99.0897
P,E,2010-11-03,99.2346
P,E,2010-11-04,99.1169
P,E,2010-11-05,100.4527
P,E,2010-11-08,101.1686
P,E,2010-11-09,101.9677
P,E,2010-11-10,101.6261
P,E,2010-11-11,102.2108
P,E,2010-11-12,102.2666
P,E,2010-11-15,101.6386
P,E,2010-11-16,101.4925
P,E,2010-11-17,100.9536
P,E,2010-11-18,100.8862
P,E,2010-11-19,100.082
P,E,2010-11-22,99.7882
P,E,2010-11-23,100.8233
P,E,2010-11-24,102.0556
P,E,2010-11-25,101.8235
P,E,2010-11-26,102.1745
P,E,2010-11-29,101.9224
P,E,2010-11-30,104.1027
P,E,2010-12-01,103.0275
P,E,2010-12-02,102.5658
P,E,2010-12-03,103.0341
P,E,2010-12-06,103.6924
P,E,2010-12-07,103.3601
P,E,2010-12-08,103.5018
P,E,2010-12-09,103.2966
P,E,2010-12-10,103.8748
P,E,2010-12-13,103.9647
P,E,2010-12-14,104.08
P,E,2010-12-15,105.4495
P,E,2010-12-16,105.1307
P,E,2010-12-17,105.5633
P,E,2010-12-20,105.8483
P,E,2010-12-21,106.4421
P,E,2010-12-22,107.5816
P,E,2010-12-23,107.8889
P,E,2010-12-24,106.6562
P,E,2010-12-27,106.3884
P,E,2010-12-28,107.0586
P,E,2010-12-29,107.5467
P,E,2010-12-30,108.1329
P,E,2010-12-31,107.457
P,E,2011-01-03,107.8895
P,E,2011-01-04,106.7147
P,E,2011-01-05,106.4543
P,E,2011-01-06,105.9369
P,E,2011-01-07,107.3116
P,E,2011-01-10,107.8347
P,E,2011-01-11,106.8833
P,E,2011-01-12,105.914
P,E,2011-01-13,104.6576
P,E,2011-01-14,103.9662
P,E,2011-01-17,104.5942
P,E,2011-01-18,104.3901
P,E,2011-01-19,103.9776
P,E,2011-01-20,104.1642
P,E,2011-01-21,102.6437
P,E,2011-01-24,102.7464
P,E,2011-01-25,103.3414
P,E,2011-01-26,103.3167
P,E,2011-01-27,103.508
P,E,2011-01-28,103.1743
P,E,2011-01-31,104.0681
P,E,2011-02-01,103.4235
P,E,2011-02-02,103.4525
P,E,2011-02-03,102.8164
P,E,2011-02-04,103.5064
P,E,2011-02-07,102.7112
P,E,2011-02-08,102.8054
P,E,2011-02-09,101.5252
P,E,2011-02-10,101.7997
P,E,2011-02-11,101.535
P,E,2011-02-14,101.8818
P,E,2011-02-15,101.6694
P,E,2011-02-16,102.2368
P,E,2011-02-17,102.7156
P,E,2011-02-18,103.0224
P,E,2011-02-21,102.6903
P,E,2011-02-22,103.8008
P,E,2011-02-23,103.4943
P,E,2011-02-24,104.3472
P,E,2011-02-25,103.7574
P,E,2011-02-28,103.8158
P,E,2011-03-01,103.2286
P,E,2011-03-02,103.8084
P,E,2011-03-03,103.5596
P,E,2011-03-04,102.2168
P,E,2011-03-07,102.2958
P,E,2011-03-08,101.9924
P,E,2011-03-09,102.4073
P,E,2011-03-10,102.6342
P,E,2011-03-11,102.7301
P,E,2011-03-14,102.2502
P,E,2011-03-15,103.4852
P,E,2011-03-16,103.2557
P,E,2011-03-17,104.6128
P,E,2011-03-18,104.3261
P,E,2011-03-21,103.0834
P,E,2011-03-22,102.7294
P,E,2011-03-23,103.6766
P,E,2011-03-24,102.7863
P,E,2011-03-25,102.1263
P,E,2011-03-28,102.1366
P,E,2011-03-29,101.932
P,E,2011-03-30,101.466
P,E,2011-03-31,101.5924
P,E,2011-04-01,101.0697
P,E,2011-04-04,100.5081
P,E,2011-04-05,100.8496
P,E,2011-04-06,100.4664
P,E,2011-04-07,100.4788
P,E,2011-04-08,99.9788
P,E,2011-04-11,100.3185
P,E,2011-04-12,101.1758
P,E,2011-04-13,101.2684
P,E,2011-04-14,101.7032
P,E,2011-04-15,101.9766
P,E,2011-04-18,102.5976
P,E,2011-04-19,103.0218
P,E,2011-04-20,101.9212
P,E,2011-04-21,101.9535
P,E,2011-04-22,102.1874
P,E,2011-04-25,102.4211
P,E,2011-04-26,102.6603
P,E,2011-04-27,102.5288
P,E,2011-04-28,101.6617
P,E,2011-04-29,102.0061
P,E,2011-05-02,102.2074
P,E,2011-05-03,102.8793
P,E,2011-05-04,102.7828
P,E,2011-05-05,103.1466
P,E,2011-05-06,103.7808
P,E,2011-05-09,104.222
P,E,2011-05-10,104.4899
P,E,2011-05-11,103.9062
P,E,2011-05-12,104.4674
P,E,2011-05-13,104.3056
P,E,2011-05-16,104.7933
P,E,2011-05-17,104.79
P,E,2011-05-18,104.8226
P,E,2011-05-19,104.729
P,E,2011-05-20,104.4596
P,E,2011-05-23,106.3191
P,E,2011-05-24,105.8584
P,E,2011-05-25,106.5667
P,E,2011-05-26,106.6163
P,E,2011-05-27,107.6495
P,E,2011-05-30,108.1031
P,E,2011-05-31,107.237
P,E,2011-06-01,107.4389
P,E,2011-06-02,107.576
P,E,2011-06-03,107.7098
P,E,2011-06-06,107.6343
P,E,2011-06-07,107.6078
P,E,2011-06-08,107.1612
P,E,2011-06-09,107.3371
P,E,2011-06-10,107.8822
P,E,2011-06-13,108.7162
P,E,2011-06-14,108.2459
P,E,2011-06-15,107.4789
P,E,2011-06-16,108.9058
P,E,2011-06-17,109.1292
P,E,2011-06-20,108.908
P,E,2011-06-21,108.1087
P,E,2011-06-22,107.9489
P,E,2011-06-23,109.1488
P,E,2011-06-24,109.6109
P,E,2011-06-27,110.3612
P,E,2011-06-28,109.7369
P,E,2011-06-29,109.1261
P,E,2011-06-30,108.1235
P,E,2011-07-01,106.3437
P,E,2011-07-04,105.8497
P,E,2011-07-05,106.7264
P,E,2011-07-06,107.8915
P,E,2011-07-07,108.6643
P,E,2011-07-08,107.4951
P,E,2011-07-11,109.9952
P,E,2011-07-12,112.2619
P,E,2011-07-13,111.559
P,E,2011-07-14,112.1957
P,E,2011-07-15,112.6742
P,E,2011-07-18,113.6925
P,E,2011-07-19,111.8241
P,E,2011-07-20,111.349
P,E,2011-07-21,111.0496
P,E,2011-07-22,109.4628
P,E,2011-07-25,112.2538
P,E,2011-07-26,111.5755
P,E,2011-07-27,112.0307
P,E,2011-07-28,112.593
P,E,2011-07-29,113.1851
P,E,2011-08-01,113.8096
P,E,2011-08-02,117.2386
P,E,2011-08-03,116.8996
P,E,2011-08-04,116.7852
P,E,2011-08-05,119.3759
P,E,2011-08-08,118.707
P,E,2011-08-09,120.8463
P,E,2011-08-10,124.7851
P,E,2011-08-11,123.2686
P,E,2011-08-12,117.8363
P,E,2011-08-15,113.7463
P,E,2011-08-16,115.1003
P,E,2011-08-17,114.4888
P,E,2011-08-18,112.7546
P,E,2011-08-19,114.0639
P,E,2011-08-22,113.9933
P,E,2011-08-23,113.5408
P,E,2011-08-24,113.1679
P,E,2011-08-25,112.9871
P,E,2011-08-26,113.0828
P,E,2011-08-29,109.5983
P,E,2011-08-30,109.8228
P,E,2011-08-31,110.2276
P,E,2011-09-01,113.0939
P,E,2011-09-02,116.0082
P,E,2011-09-05,116.2108
P,E,2011-09-06,107.4016
P,E,2011-09-07,107.0603
P,E,2011-09-08,106.3684
P,E,2011-09-09,106.3854
P,E,2011-09-12,107.1094
P,E,2011-09-13,107.3286
P,E,2011-09-14,107.3177
P,E,2011-09-15,107.0532
P,E,2011-09-16,107.0625
P,E,2011-09-19,107.118
P,E,2011-09-20,107.1227
P,E,2011-09-21,105.7664
P,E,2011-09-22,105.0649
P,E,2011-09-23,105.84
P,E,2011-09-26,105.6496
P,E,2011-09-27,105.8008
P,E,2011-09-28,105.6922
P,E,2011-09-29,105.7514
P,E,2011-09-30,105.8231
P,E,2011-10-03,106.205
P,E,2011-10-04,106.1991
P,E,2011-10-05,105.1375
P,E,2011-10-06,104.2639
P,E,2011-10-07,104.1597
P,E,2011-10-10,103.9077
P,E,2011-10-11,104.4512
P,E,2011-10-12,103.7934
P,E,2011-10-13,104.1224
P,E,2011-10-14,103.8602
P,E,2011-10-17,103.7746
P,E,2011-10-18,104.0376
P,E,2011-10-19,103.0803
P,E,2011-10-20,103.444
P,E,2011-10-21,104.7129
P,E,2011-10-24,104.4436
P,E,2011-10-25,104.6564
P,E,2011-10-26,105.0601
P,E,2011-10-27,104.3745
P,E,2011-10-28,104.5685
P,E,2011-10-31,104.8263
P,E,2011-11-01,104.9451
P,E,2011-11-02,105.0664
P,E,2011-11-03,105.2576
P,E,2011-11-04,104.5368
P,E,2011-11-07,103.325
P,E,2011-11-08,102.8987
P,E,2011-11-09,103.4758
P,E,2011-11-10,103.5534
P,E,2011-11-11,103.3678
P,E,2011-11-14,103.1918
P,E,2011-11-15,103.0097
P,E,2011-11-16,103.0658
P,E,2011-11-17,103.0327
P,E,2011-11-18,103.3401
P,E,2011-11-21,103.184
P,E,2011-11-22,103.3983
P,E,2011-11-23,103.617
P,E,2011-11-24,103.78
P,E,2011-11-25,103.9232
P,E,2011-11-28,103.8112
P,E,2011-11-29,103.8364
P,E,2011-11-30,104.1567
P,E,2011-12-01,104.0235
P,E,2011-12-02,103.3172
P,E,2011-12-05,103.0347
P,E,2011-12-06,102.981
P,E,2011-12-07,102.7815
P,E,2011-12-08,103.0299
P,E,2011-12-09,103.3907
P,E,2011-12-12,103.3716
P,E,2011-12-13,103.1686
P,E,2011-12-14,103.3337
P,E,2011-12-15,103.8883
P,E,2011-12-16,104.0243
P,E,2011-12-19,104.3844
P,E,2011-12-20,104.4994
P,E,2011-12-21,104.2323
P,E,2011-12-22,104.0726
P,E,2011-12-23,103.9707
P,E,2011-12-26,103.9311
P,E,2011-12-27,104.0328
P,E,2011-12-28,104.1458
P,E,2011-12-29,104.2838
P,E,2011-12-30,104.5305
P,E,2012-01-02,104.3886
P,E,2012-01-03,104.3778
P,E,2012-01-04,104.3044
P,E,2012-01-05,104.3385
P,E,2012-01-06,104.3756
P,E,2012-01-09,104.5983
P,E,2012-01-10,104.9141
P,E,2012-01-11,104.9196
P,E,2012-01-12,105.028
P,E,2012-01-13,105.1542
P,E,2012-01-16,105.3445
P,E,2012-01-17,105.3632
P,E,2012-01-18,105.3979
P,E,2012-01-19,105.5002
P,E,2012-01-20,105.5664
P,E,2012-01-23,105.6091
P,E,2012-01-24,105.7481
P,E,2012-01-25,105.5764
P,E,2012-01-26,105.7625
P,E,2012-01-27,105.7391
P,E,2012-01-30,105.9833
P,E,2012-01-31,105.9368
P,E,2012-02-01,106.0915
P,E,2012-02-02,106.0809
P,E,2012-02-03,106.0374
P,E,2012-02-06,105.9362
P,E,2012-02-07,105.8317
P,E,2012-02-08,105.4583
P,E,2012-02-09,105.5895
P,E,2012-02-10,105.6139
P,E,2012-02-13,105.6847
P,E,2012-02-14,105.7259
P,E,2012-02-15,105.7658
P,E,2012-02-16,105.8073
P,E,2012-02-17,105.7352
P,E,2012-02-20,105.6354
P,E,2012-02-21,105.6442
P,E,2012-02-22,105.6484
P,E,2012-02-23,105.7914
P,E,2012-02-24,105.75
P,E,2012-02-27,105.8042
P,E,2012-02-28,105.7016
P,E,2012-02-29,105.6786
P,E,2012-03-01,105.6911
P,E,2012-03-02,105.591
P,E,2012-03-05,105.5344
P,E,2012-03-06,105.5139
P,E,2012-03-07,105.5048
P,E,2012-03-08,105.4729
P,E,2012-03-09,105.4286
P,E,2012-03-12,105.3976
P,E,2012-03-13,105.3444
P,E,2012-03-14,104.9524
P,E,2012-03-15,104.8923
P,E,2012-03-16,105.1354
P,E,2012-03-19,105.2056
P,E,2012-03-20,105.1926
P,E,2012-03-21,105.2161
P,E,2012-03-22,105.212
P,E,2012-03-23,105.1964
P,E,2012-03-26,105.1929
P,E,2012-03-27,105.1113
P,E,2012-03-28,105.1269
P,E,2012-03-29,105.1696
P,E,2012-03-30,105.2385
P,E,2012-04-02,105.2628
P,E,2012-04-03,105.3327
P,E,2012-04-04,105.2874
P,E,2012-04-05,105.3679
P,E,2012-04-06,105.5306
P,E,2012-04-09,105.5639
P,E,2012-04-10,105.5627
P,E,2012-04-11,105.6185
P,E,2012-04-12,105.6222
P,E,2012-04-13,105.6615
P,E,2012-04-16,105.6036
P,E,2012-04-17,105.7122
P,E,2012-04-18,105.7329
P,E,2012-04-19,105.7777
P,E,2012-04-20,105.8091
P,E,2012-04-23,105.8535
P,E,2012-04-24,105.886
P,E,2012-04-25,105.9169
P,E,2012-04-26,105.9594
P,E,2012-04-27,106.0176
P,E,2012-04-30,106.0668
P,E,2012-05-01,106.0955
P,E,2012-05-02,106.0585
P,E,2012-05-03,106.1367
P,E,2012-05-04,106.1618
P,E,2012-05-07,106.1795
P,E,2012-05-08,106.1985
P,E,2012-05-09,106.2247
P,E,2012-05-10,106.2408
P,E,2012-05-11,106.2432
P,E,2012-05-14,106.2752
P,E,2012-05-15,106.2779
P,E,2012-05-16,106.2906
P,E,2012-05-17,106.2994
P,E,2012-05-18,106.3075
P,E,2012-05-21,106.3129
P,E,2012-05-22,106.3206
P,E,2012-05-23,106.3268
P,E,2012-05-24,106.339
P,E,2012-05-25,106.2505
P,E,2012-05-28,106.2086
P,E,2012-05-29,106.2553
P,E,2012-05-30,106.3383
P,E,2012-05-31,106.3411
P,E,2012-06-01,106.3493
P,E,2012-06-04,106.3516
P,E,2012-06-05,106.3394
P,E,2012-06-06,106.3452
P,E,2012-06-07,106.3308
P,E,2012-06-08,106.3288
P,E,2012-06-11,106.3217
P,E,2012-06-12,106.3207
P,E,2012-06-13,106.3126
P,E,2012-06-14,106.3169
P,E,2012-06-15,106.2994
P,E,2012-06-18,106.2892
P,E,2012-06-19,106.2795
P,E,2012-06-20,106.278
P,E,2012-06-21,106.2539
P,E,2012-06-22,106.2423
P,E,2012-06-25,106.2372
P,E,2012-06-26,106.2109
P,E,2012-06-27,106.1945
P,E,2012-06-28,106.1765
P,E,2012-06-29,106.1434
P,E,2012-07-02,106.1244
P,E,2012-07-03,106.0915
P,E,2012-07-04,106.1014
P,E,2012-07-05,106.0529
P,E,2012-07-06,106.0435
P,E,2012-07-09,106.0204
P,E,2012-07-10,106.0042
P,E,2012-07-11,105.9712
P,E,2012-07-12,105.9575
P,E,2012-07-13,105.9327
P,E,2012-07-16,105.8964
P,E,2012-07-17,105.8815
P,E,2012-07-18,105.8468
P,E,2012-07-19,105.827
P,E,2012-07-20,105.8047
P,E,2012-07-23,105.7914
P,E,2012-07-24,105.7716
P,E,2012-07-25,105.7447
P,E,2012-07-26,105.7388
P,E,2012-07-27,105.7331
P,E,2012-07-30,105.6999
P,E,2012-07-31,105.6902
P,E,2012-08-01,105.6705
P,E,2012-08-02,105.5608
P,E,2012-08-03,105.6701
P,E,2012-08-06,105.6564
P,E,2012-08-07,105.5954
P,E,2012-08-08,105.6586
P,E,2012-08-09,105.6686
P,E,2012-08-10,105.6841
P,E,2012-08-13,105.6804
P,E,2012-08-14,105.6869
P,E,2012-08-15,105.693
P,E,2012-08-16,105.701
P,E,2012-08-17,105.707
P,E,2012-08-20,105.7157
P,E,2012-08-21,105.7345
P,E,2012-08-22,105.7336
P,E,2012-08-23,105.7451
P,E,2012-08-24,105.7613
P,E,2012-08-27,105.7623
P,E,2012-08-28,105.7683
P,E,2012-08-29,105.7774
P,E,2012-08-30,105.7932
P,E,2012-08-31,105.8003
P,E,2012-09-03,105.803
P,E,2012-09-04,105.7978
P,E,2012-09-05,105.7853
P,E,2012-09-06,105.4447
P,E,2012-09-07,104.8741
P,E,2012-09-10,104.9536
P,E,2012-09-11,105.2003
P,E,2012-09-12,105.0404
P,E,2012-09-13,104.8685
P,E,2012-09-14,104.5139
P,E,2012-09-17,104.5015
P,E,2012-09-18,104.8376
P,E,2012-09-19,105.0188
P,E,2012-09-20,105.1097
P,E,2012-09-21,104.9286
P,E,2012-09-24,105.0918
P,E,2012-09-25,105.0932
P,E,2012-09-26,105.0956
P,E,2012-09-27,105.1125
P,E,2012-09-28,105.0294
P,E,2012-10-01,105.1289
P,E,2012-10-02,105.0463
P,E,2012-10-03,105.0261
P,E,2012-10-04,104.8719
P,E,2012-10-05,104.9387
P,E,2012-10-08,105.0571
P,E,2012-10-09,104.9732
P,E,2012-10-10,105.051
P,E,2012-10-11,105.3251
P,E,2012-10-12,105.1968
P,E,2012-10-15,105.2385
P,E,2012-10-16,105.247
P,E,2012-10-17,105.2355
P,E,2012-10-18,105.2748
P,E,2012-10-19,105.3546
P,E,2012-10-22,105.2611
P,E,2012-10-23,105.3235
P,E,2012-10-24,105.3532
P,E,2012-10-25,105.3311
P,E,2012-10-26,105.3686
P,E,2012-10-29,105.4579
P,E,2012-10-30,105.4928
P,E,2012-10-31,105.597
P,E,2012-11-01,105.6315
P,E,2012-11-02,105.7055
P,E,2012-11-05,105.7597
P,E,2012-11-06,105.6666
P,E,2012-11-07,105.6757
P,E,2012-11-08,105.8407
P,E,2012-11-09,105.7913
P,E,2012-11-12,105.8641
P,E,2012-11-13,105.9604
P,E,2012-11-14,106.0096
P,E,2012-11-15,105.9886
P,E,2012-11-16,106.0106
P,E,2012-11-19,105.9188
P,E,2012-11-20,105.9403
P,E,2012-11-21,105.9728
P,E,2012-11-22,105.9575
P,E,2012-11-23,105.9062
P,E,2012-11-26,105.9568
P,E,2012-11-27,105.94970000000001
P,E,2012-11-28,105.9983
P,E,2012-11-29,105.9582
P,E,2012-11-30,105.9262
P,E,2012-12-03,105.7568
P,E,2012-12-04,105.1094
P,E,2012-12-05,104.9909
P,E,2012-12-06,105.2576
P,E,2012-12-07,105.397
P,E,2012-12-10,105.6936
P,E,2012-12-11,105.2259
P,E,2012-12-12,105.1595
P,E,2012-12-13,105.35
P,E,2012-12-14,105.4424
P,E,2012-12-17,105.4978
P,E,2012-12-18,105.4879
P,E,2012-12-19,105.4103
P,E,2012-12-20,105.4866
P,E,2012-12-21,105.4694
P,E,2012-12-24,105.5296
P,E,2012-12-25,105.4607
P,E,2012-12-26,105.4458
P,E,2012-12-27,105.3818
P,E,2012-12-28,105.3895
P,E,2012-12-31,105.5016
P,E,2013-01-01,105.396
P,E,2013-01-02,105.3814
P,E,2013-01-03,105.3199
P,E,2013-01-04,105.2948
P,E,2013-01-07,105.3535
P,E,2013-01-08,105.3321
P,E,2013-01-09,105.3583
P,E,2013-01-10,105.3434
P,E,2013-01-11,104.6703
P,E,2013-01-14,104.0254
P,E,2013-01-15,103.1474
P,E,2013-01-16,103.1576
P,E,2013-01-17,102.4778
P,E,2013-01-18,102.0261
P,E,2013-01-21,102.5893
P,E,2013-01-22,102.9623
P,E,2013-01-23,102.877
P,E,2013-01-24,102.7874
P,E,2013-01-25,102.3982
P,E,2013-01-28,102.2428
P,E,2013-01-29,102.5079
P,E,2013-01-30,102.3629
P,E,2013-01-31,103.1504
P,E,2013-02-01,102.9748
P,E,2013-02-04,103.0387
P,E,2013-02-05,103.9327
P,E,2013-02-06,103.1369
P,E,2013-02-07,103.5233
P,E,2013-02-08,103.6218
P,E,2013-02-11,103.8133
P,E,2013-02-12,103.6329
P,E,2013-02-13,103.0191
P,E,2013-02-14,103.3434
P,E,2013-02-15,103.6676
P,E,2013-02-18,103.3425
P,E,2013-02-19,103.3011
P,E,2013-02-20,103.2801
P,E,2013-02-21,103.6119
P,E,2013-02-22,103.5966
P,E,2013-02-25,103.7827
P,E,2013-02-26,104.6126
P,E,2013-02-27,104.625
P,E,2013-02-28,104.485
P,E,2013-03-01,104.1982
P,E,2013-03-04,104.0473
P,E,2013-03-05,103.9038
P,E,2013-03-06,103.6086
P,E,2013-03-07,103.4836
P,E,2013-03-08,103.287
P,E,2013-03-11,103.2977
P,E,2013-03-12,103.5566
P,E,2013-03-13,103.6624
P,E,2013-03-14,103.4313
P,E,2013-03-15,103.8149
P,E,2013-03-18,104.69970000000001
P,E,2013-03-19,104.4918
P,E,2013-03-20,104.7483
P,E,2013-03-21,104.8561
P,E,2013-03-22,104.8046
P,E,2013-03-25,104.8325
P,E,2013-03-26,104.9875
P,E,2013-03-27,105.2632
P,E,2013-03-28,105.2225
P,E,2013-03-29,105.3547
P,E,2013-04-01,105.4369
P,E,2013-04-02,105.6199
P,E,2013-04-03,105.3858
P,E,2013-04-04,105.5227
P,E,2013-04-05,105.523
P,E,2013-04-08,105.5743
P,E,2013-04-09,105.2514
P,E,2013-04-10,105.2365
P,E,2013-04-11,105.3197
P,E,2013-04-12,105.4065
P,E,2013-04-15,105.673
P,E,2013-04-16,105.5898
P,E,2013-04-17,105.6253
P,E,2013-04-18,105.5786
P,E,2013-04-19,105.4198
P,E,2013-04-22,105.3351
P,E,2013-04-23,105.1979
P,E,2013-04-24,104.4266
P,E,2013-04-25,104.0769
P,E,2013-04-26,104.4665
P,E,2013-04-29,104.4132
P,E,2013-04-30,104.7729
P,E,2013-05-01,104.7721
P,E,2013-05-02,105.0824
P,E,2013-05-03,104.9422
P,E,2013-05-06,104.5004
P,E,2013-05-07,104.426
P,E,2013-05-08,104.3069
P,E,2013-05-09,104.4726
P,E,2013-05-10,103.2001
P,E,2013-05-13,103.3763
P,E,2013-05-14,103.6163
P,E,2013-05-15,102.7313
P,E,2013-05-16,103.2232
P,E,2013-05-17,103.4084
P,E,2013-05-20,103.1889
P,E,2013-05-21,103.2976
P,E,2013-05-22,102.5626
P,E,2013-05-23,103.2978
P,E,2013-05-24,102.8315
P,E,2013-05-27,103.4119
P,E,2013-05-28,102.9164
P,E,2013-05-29,102.9416
P,E,2013-05-30,103.535
P,E,2013-05-31,103.725
P,E,2013-06-03,103.3782
P,E,2013-06-04,103.7624
P,E,2013-06-05,103.9377
P,E,2013-06-06,104.2698
P,E,2013-06-07,104.696
P,E,2013-06-10,103.969
P,E,2013-06-11,104.1287
P,E,2013-06-12,104.5754
P,E,2013-06-13,104.8402
P,E,2013-06-14,104.4991
P,E,2013-06-17,104.5529
P,E,2013-06-18,104.5466
P,E,2013-06-19,104.4163
P,E,2013-06-20,104.3438
P,E,2013-06-21,104.9561
P,E,2013-06-24,105.043
P,E,2013-06-25,105.0216
P,E,2013-06-26,104.9613
P,E,2013-06-27,104.5851
P,E,2013-06-28,104.1788
P,E,2013-07-01,104.3464
P,E,2013-07-02,104.1154
P,E,2013-07-03,104.5737
P,E,2013-07-04,104.3052
P,E,2013-07-05,104.1723
P,E,2013-07-08,103.8529
P,E,2013-07-09,103.431
P,E,2013-07-10,103.5956
P,E,2013-07-11,103.6722
P,E,2013-07-12,103.7626
P,E,2013-07-15,103.7939
P,E,2013-07-16,103.7656
P,E,2013-07-17,104.0864
P,E,2013-07-18,104.009
P,E,2013-07-19,103.989
P,E,2013-07-22,104.0261
P,E,2013-07-23,104.0724
P,E,2013-07-24,103.8043
P,E,2013-07-25,103.9513
P,E,2013-07-26,104.3575
P,E,2013-07-29,104.3313
P,E,2013-07-30,104.2721
P,E,2013-07-31,104.518
P,E,2013-08-01,104.4554
P,E,2013-08-02,103.8982
P,E,2013-08-05,104.3197
P,E,2013-08-06,104.5206
P,E,2013-08-07,104.4394
P,E,2013-08-08,104.6597
P,E,2013-08-09,104.5315
P,E,2013-08-12,104.4944
P,E,2013-08-13,104.3512
P,E,2013-08-14,103.6089
P,E,2013-08-15,103.7528
P,E,2013-08-16,104.1529
P,E,2013-08-19,104.1989
P,E,2013-08-20,104.5653
P,E,2013-08-21,104.584
P,E,2013-08-22,104.2705
P,E,2013-08-23,104.2703
P,E,2013-08-26,104.2609
P,E,2013-08-27,104.6426
P,E,2013-08-28,104.7303
P,E,2013-08-29,104.6765
P,E,2013-08-30,104.535
P,E,2013-09-02,104.4907
P,E,2013-09-03,104.5237
P,E,2013-09-04,104.3701
P,E,2013-09-05,103.9119
P,E,2013-09-06,103.8817
P,E,2013-09-09,104.1665
P,E,2013-09-10,104.0803
P,E,2013-09-11,103.8333
P,E,2013-09-12,104.0375
P,E,2013-09-13,104.0394
P,E,2013-09-16,104.1241
P,E,2013-09-17,104.0751
P,E,2013-09-18,104.101
P,E,2013-09-19,104.4181
P,E,2013-09-20,104.5753
P,E,2013-09-23,104.4578
P,E,2013-09-24,104.6949
P,E,2013-09-25,104.7304
P,E,2013-09-26,104.7576
P,E,2013-09-27,105.0531
P,E,2013-09-30,105.385
P,E,2013-10-01,105.2778
P,E,2013-10-02,105.2101
P,E,2013-10-03,104.9785
P,E,2013-10-04,105.0959
P,E,2013-10-07,105.1273
P,E,2013-10-08,104.9121
P,E,2013-10-09,104.8084
P,E,2013-10-10,104.6685
P,E,2013-10-11,104.6115
P,E,2013-10-14,104.3109
P,E,2013-10-15,104.3944
P,E,2013-10-16,104.3959
P,E,2013-10-17,104.5679
P,E,2013-10-18,104.3885
P,E,2013-10-21,104.3681
P,E,2013-10-22,104.3725
P,E,2013-10-23,104.7019
P,E,2013-10-24,104.8815
P,E,2013-10-25,104.6491
P,E,2013-10-28,104.4804
P,E,2013-10-29,104.3331
P,E,2013-10-30,104.3583
P,E,2013-10-31,104.5295
P,E,2013-11-01,104.7266
P,E,2013-11-04,104.6289
P,E,2013-11-05,104.7581
P,E,2013-11-06,104.5979
P,E,2013-11-07,104.4435
P,E,2013-11-08,104.7106
P,E,2013-11-11,104.4567
P,E,2013-11-12,104.473
P,E,2013-11-13,104.4931
P,E,2013-11-14,104.3776
P,E,2013-11-15,104.189
P,E,2013-11-18,104.3102
P,E,2013-11-19,104.2635
P,E,2013-11-20,104.3046
P,E,2013-11-21,104.3122
P,E,2013-11-22,104.3752
P,E,2013-11-25,104.3991
P,E,2013-11-26,104.3288
P,E,2013-11-27,104.352
P,E,2013-11-28,104.2971
P,E,2013-11-29,104.2161
P,E,2013-12-02,104.2826
P,E,2013-12-03,104.402
P,E,2013-12-04,104.4712
P,E,2013-12-05,104.6438
P,E,2013-12-06,104.8404
P,E,2013-12-09,104.8739
P,E,2013-12-10,104.9314
P,E,2013-12-11,105.1022
P,E,2013-12-12,105.0331
P,E,2013-12-13,105.0389
P,E,2013-12-16,105.1043
P,E,2013-12-17,105.1458
P,E,2013-12-18,105.1408
P,E,2013-12-19,104.9116
P,E,2013-12-20,104.7963
P,E,2013-12-23,104.8093
P,E,2013-12-24,104.9747
P,E,2013-12-25,105.0135
P,E,2013-12-26,104.7521
P,E,2013-12-27,104.9418
P,E,2013-12-30,104.8758
P,E,2013-12-31,104.841
P,E,2014-01-01,104.7614
P,E,2014-01-02,104.5567
P,E,2014-01-03,104.6391
P,E,2014-01-06,104.4604
P,E,2014-01-07,104.0614
P,E,2014-01-08,103.9011
P,E,2014-01-09,104.0143
P,E,2014-01-10,104.2189
P,E,2014-01-13,104.2566
P,E,2014-01-14,104.3925
P,E,2014-01-15,104.1369
P,E,2014-01-16,104.145
P,E,2014-01-17,104.3653
P,E,2014-01-20,104.3165
P,E,2014-01-21,104.133
P,E,2014-01-22,104.2242
P,E,2014-01-23,104.5051
P,E,2014-01-24,104.8332
P,E,2014-01-27,105.031
P,E,2014-01-28,104.8339
P,E,2014-01-29,104.8647
P,E,2014-01-30,105.3085
P,E,2014-01-31,105.2276
P,E,2014-02-03,105.3795
P,E,2014-02-04,105.4033
P,E,2014-02-05,105.2839
P,E,2014-02-06,105.3434
P,E,2014-02-07,105.2685
P,E,2014-02-10,105.324
P,E,2014-02-11,105.2643
P,E,2014-02-12,105.2016
P,E,2014-02-13,105.4741
P,E,2014-02-14,105.4475
P,E,2014-02-17,105.4834
P,E,2014-02-18,105.4966
P,E,2014-02-19,105.5467
P,E,2014-02-20,105.7054
P,E,2014-02-21,105.6732
P,E,2014-02-24,105.725
P,E,2014-02-25,105.7672
P,E,2014-02-26,105.739
P,E,2014-02-27,106.0706
P,E,2014-02-28,106.093
P,E,2014-03-03,106.3688
P,E,2014-03-04,106.0883
P,E,2014-03-05,105.8478
P,E,2014-03-06,105.7703
P,E,2014-03-07,105.782
P,E,2014-03-10,105.8716
P,E,2014-03-11,105.8724
P,E,2014-03-12,106.0295
P,E,2014-03-13,106.0623
P,E,2014-03-14,106.1711
P,E,2014-03-17,106.0432
P,E,2014-03-18,105.9742
P,E,2014-03-19,105.7689
P,E,2014-03-20,105.6376
P,E,2014-03-21,105.7966
P,E,2014-03-24,105.6593
P,E,2014-03-25,105.6167
P,E,2014-03-26,105.3293
P,E,2014-03-27,105.6025
P,E,2014-03-28,105.6651
P,E,2014-03-31,105.5491
P,E,2014-04-01,105.7094
P,E,2014-04-02,105.5963
P,E,2014-04-03,105.4328
P,E,2014-04-04,105.2749
P,E,2014-04-07,105.4079
P,E,2014-04-08,105.5893
P,E,2014-04-09,105.6555
P,E,2014-04-10,105.815
P,E,2014-04-11,105.9141
P,E,2014-04-14,106.019
P,E,2014-04-15,106.0031
P,E,2014-04-16,105.9854
P,E,2014-04-17,105.8981
P,E,2014-04-18,105.7462
P,E,2014-04-21,105.7326
P,E,2014-04-22,105.6252
P,E,2014-04-23,105.707
P,E,2014-04-24,105.7543
P,E,2014-04-25,105.825
P,E,2014-04-28,105.9777
P,E,2014-04-29,105.8149
P,E,2014-04-30,105.8585
P,E,2014-05-01,105.8248
P,E,2014-05-02,105.8958
P,E,2014-05-05,106.0681
P,E,2014-05-06,106.0597
P,E,2014-05-07,106.0466
P,E,2014-05-08,105.9471
P,E,2014-05-09,105.9551
P,E,2014-05-12,105.7819
P,E,2014-05-13,105.7093
P,E,2014-05-14,105.8239
P,E,2014-05-15,105.6812
P,E,2014-05-16,105.6773
P,E,2014-05-19,105.6008
P,E,2014-05-20,105.5699
P,E,2014-05-21,105.6528
P,E,2014-05-22,105.6114
P,E,2014-05-23,105.6439
P,E,2014-05-26,105.6954
P,E,2014-05-27,105.5864
P,E,2014-05-28,105.5138
P,E,2014-05-29,105.6469
P,E,2014-05-30,105.6326
P,E,2014-06-02,105.5836
P,E,2014-06-03,105.5148
P,E,2014-06-04,105.5999
P,E,2014-06-05,105.7705
P,E,2014-06-06,105.9306
P,E,2014-06-09,105.7731
P,E,2014-06-10,105.7647
P,E,2014-06-11,105.8484
P,E,2014-06-12,105.8953
P,E,2014-06-13,106.0237
P,E,2014-06-16,105.9348
P,E,2014-06-17,105.8876
P,E,2014-06-18,105.869
P,E,2014-06-19,105.999
P,E,2014-06-20,106.0502
P,E,2014-06-23,105.9891
P,E,2014-06-24,106.1106
P,E,2014-06-25,106.084
P,E,2014-06-26,106.099
P,E,2014-06-27,106.1054
P,E,2014-06-30,106.2114
P,E,2014-07-01,106.3059
P,E,2014-07-02,106.3218
P,E,2014-07-03,106.3038
P,E,2014-07-04,106.1581
P,E,2014-07-07,106.1929
P,E,2014-07-08,106.2099
P,E,2014-07-09,106.1859
P,E,2014-07-10,106.2828
P,E,2014-07-11,106.3159
P,E,2014-07-14,106.36
P,E,2014-07-15,106.322
P,E,2014-07-16,106.206
P,E,2014-07-17,106.2893
P,E,2014-07-18,106.3191
P,E,2014-07-21,106.2287
P,E,2014-07-22,106.2167
P,E,2014-07-23,106.2114
P,E,2014-07-24,106.2519
P,E,2014-07-25,106.1774
P,E,2014-07-28,106.19970000000001
P,E,2014-07-29,106.2296
P,E,2014-07-30,106.0936
P,E,2014-07-31,106.0542
P,E,2014-08-01,106.0731
P,E,2014-08-04,106.0285
P,E,2014-08-05,105.9239
P,E,2014-08-06,106.0797
P,E,2014-08-07,106.0995
P,E,2014-08-08,106.2315
P,E,2014-08-11,106.2256
P,E,2014-08-12,106.1567
P,E,2014-08-13,106.1619
P,E,2014-08-14,106.2759
P,E,2014-08-15,106.3159
P,E,2014-08-18,106.3938
P,E,2014-08-19,106.3702
P,E,2014-08-20,106.3874
P,E,2014-08-21,106.3303
P,E,2014-08-22,106.3778
P,E,2014-08-25,106.4972
P,E,2014-08-26,106.5458
P,E,2014-08-27,106.5962
P,E,2014-08-28,106.6973
P,E,2014-08-29,106.7077
P,E,2014-09-01,106.6957
P,E,2014-09-02,106.5782
P,E,2014-09-03,106.5745
P,E,2014-09-04,106.6493
P,E,2014-09-05,106.7481
P,E,2014-09-08,106.7341
P,E,2014-09-09,106.7773
P,E,2014-09-10,106.6021
P,E,2014-09-11,106.4552
P,E,2014-09-12,106.4785
P,E,2014-09-15,106.4456
P,E,2014-09-16,106.5701
P,E,2014-09-17,106.4085
P,E,2014-09-18,106.6492
P,E,2014-09-19,106.7799
P,E,2014-09-22,106.7274
P,E,2014-09-23,106.736
P,E,2014-09-24,106.7178
P,E,2014-09-25,106.7367
P,E,2014-09-26,106.8007
P,E,2014-09-29,106.8261
P,E,2014-09-30,106.8494
P,E,2014-10-01,106.9017
P,E,2014-10-02,106.7281
P,E,2014-10-03,106.6293
P,E,2014-10-06,106.3633
P,E,2014-10-07,106.3697
P,E,2014-10-08,106.2875
P,E,2014-10-09,106.3324
P,E,2014-10-10,106.4338
P,E,2014-10-13,106.5538
P,E,2014-10-14,106.6395
P,E,2014-10-15,106.6237
P,E,2014-10-16,106.7199
P,E,2014-10-17,106.5955
P,E,2014-10-20,106.6915
P,E,2014-10-21,106.6499
P,E,2014-10-22,106.6417
P,E,2014-10-23,106.635
P,E,2014-10-24,106.6305
P,E,2014-10-27,106.6388
P,E,2014-10-28,106.576
P,E,2014-10-29,106.5945
P,E,2014-10-30,106.589
P,E,2014-10-31,106.5674
P,E,2014-11-03,106.5801
P,E,2014-11-04,106.5779
P,E,2014-11-05,106.7181
P,E,2014-11-06,106.6775
P,E,2014-11-07,106.674
P,E,2014-11-10,106.8115
P,E,2014-11-11,106.8454
P,E,2014-11-12,106.8492
P,E,2014-11-13,106.8559
P,E,2014-11-14,106.9087
P,E,2014-11-17,106.9819
P,E,2014-11-18,106.9741
P,E,2014-11-19,107.0191
P,E,2014-11-20,107.0281
P,E,2014-11-21,106.9437
P,E,2014-11-24,106.9658
P,E,2014-11-25,106.9833
P,E,2014-11-26,107.0141
P,E,2014-11-27,107.0789
P,E,2014-11-28,107.1248
P,E,2014-12-01,107.0819
P,E,2014-12-02,106.987
P,E,2014-12-03,107.1406
P,E,2014-12-04,107.1076
P,E,2014-12-05,107.2662
P,E,2014-12-08,107.3017
P,E,2014-12-09,107.3538
P,E,2014-12-10,107.4155
P,E,2014-12-11,107.4902
P,E,2014-12-12,107.6012
P,E,2014-12-15,107.6263
P,E,2014-12-16,107.6713
P,E,2014-12-17,107.7039
P,E,2014-12-18,107.4417
P,E,2014-12-19,107.5138
P,E,2014-12-22,107.5863
P,E,2014-12-23,107.6309
P,E,2014-12-24,107.6827
P,E,2014-12-25,107.8346
P,E,2014-12-26,107.7093
P,E,2014-12-29,107.6667
P,E,2014-12-30,107.671
P,E,2014-12-31,107.6834
P,E,2015-01-01,107.6325
P,E,2015-01-02,107.6593
P,E,2015-01-05,107.6818
P,E,2015-01-06,107.6718
P,E,2015-01-07,107.6715
P,E,2015-01-08,107.6234
P,E,2015-01-09,107.5636
P,E,2015-01-12,107.5151
P,E,2015-01-13,107.4558
P,E,2015-01-14,107.3947
P,E,2015-01-15,127.4776
P,E,2015-01-16,126.8274
P,E,2015-01-19,127.7613
P,E,2015-01-20,126.7193
P,E,2015-01-21,128.2226
P,E,2015-01-22,128.7184
P,E,2015-01-23,131.0446
P,E,2015-01-26,128.749
P,E,2015-01-27,125.5109
P,E,2015-01-28,125.2788
P,E,2015-01-29,124.1292
P,E,2015-01-30,122.7032
P,E,2015-02-02,121.5684
P,E,2015-02-03,122.0143
P,E,2015-02-04,120.8438
P,E,2015-02-05,121.3417
P,E,2015-02-06,121.3272
P,E,2015-02-09,122.0808
P,E,2015-02-10,122.4137
P,E,2015-02-11,122.1057
P,E,2015-02-12,121.3701
P,E,2015-02-13,120.633
P,E,2015-02-16,120.4583
P,E,2015-02-17,120.2404
P,E,2015-02-18,119.5696
P,E,2015-02-19,118.8339
P,E,2015-02-20,118.5881
P,E,2015-02-23,118.8693
P,E,2015-02-24,118.954
P,E,2015-02-25,118.4846
P,E,2015-02-26,118.8161
P,E,2015-02-27,119.6766
P,E,2015-03-02,118.9474
P,E,2015-03-03,118.8225
P,E,2015-03-04,118.89
P,E,2015-03-05,119.113
P,E,2015-03-06,118.7183
P,E,2015-03-09,118.82470000000001
P,E,2015-03-10,118.7203
P,E,2015-03-11,119.1426
P,E,2015-03-12,119.2917
P,E,2015-03-13,118.7891
P,E,2015-03-16,119.6788
P,E,2015-03-17,118.9479
P,E,2015-03-18,118.7458
P,E,2015-03-19,119.2822
P,E,2015-03-20,119.4849
P,E,2015-03-23,119.1073
P,E,2015-03-24,119.5153
P,E,2015-03-25,119.8187
P,E,2015-03-26,119.7379
P,E,2015-03-27,119.9489
P,E,2015-03-30,119.7218
P,E,2015-03-31,119.8224
P,E,2015-04-01,119.8863
P,E,2015-04-02,120.1309
P,E,2015-04-03,119.7691
P,E,2015-04-06,119.5519
P,E,2015-04-07,119.4801
P,E,2015-04-08,119.4503
P,E,2015-04-09,119.6086
P,E,2015-04-10,120.1074
P,E,2015-04-13,120.1255
P,E,2015-04-14,120.8037
P,E,2015-04-15,120.7039
P,E,2015-04-16,120.6923
P,E,2015-04-17,120.6528
P,E,2015-04-20,121.3755
P,E,2015-04-21,121.435
P,E,2015-04-22,121.4189
P,E,2015-04-23,120.047
P,E,2015-04-24,120.1588
P,E,2015-04-27,120.213
P,E,2015-04-28,119.5773
P,E,2015-04-29,118.5775
P,E,2015-04-30,118.6501
P,E,2015-05-01,118.7838
P,E,2015-05-04,119.2633
P,E,2015-05-05,119.6132
P,E,2015-05-06,119.9313
P,E,2015-05-07,120.2255
P,E,2015-05-08,120.3008
P,E,2015-05-11,119.8283
P,E,2015-05-12,119.7021
P,E,2015-05-13,119.6151
P,E,2015-05-14,119.5348
P,E,2015-05-15,119.5276
P,E,2015-05-18,118.9638
P,E,2015-05-19,119.4316
P,E,2015-05-20,119.6197
P,E,2015-05-21,119.7616
P,E,2015-05-22,119.6602
P,E,2015-05-25,120.3546
P,E,2015-05-26,120.3611
P,E,2015-05-27,120.4557
P,E,2015-05-28,120.3844
P,E,2015-05-29,120.4931
P,E,2015-06-01,120.7519
P,E,2015-06-02,120.5224
P,E,2015-06-03,119.7794
P,E,2015-06-04,118.0815
P,E,2015-06-05,118.7188
P,E,2015-06-08,119.1883
P,E,2015-06-09,119.1133
P,E,2015-06-10,118.7781
P,E,2015-06-11,118.1138
P,E,2015-06-12,118.9547
P,E,2015-06-15,119.0788
P,E,2015-06-16,118.8509
P,E,2015-06-17,119.5137
P,E,2015-06-18,119.2253
P,E,2015-06-19,119.3546
P,E,2015-06-22,119.3363
P,E,2015-06-23,119.2639
P,E,2015-06-24,119.3464
P,E,2015-06-25,118.8272
P,E,2015-06-26,119.1085
P,E,2015-06-29,119.5555
P,E,2015-06-30,120.0225
P,E,2015-07-01,119.1427
P,E,2015-07-02,118.7038
P,E,2015-07-03,119.0896
P,E,2015-07-06,119.2911
P,E,2015-07-07,119.8793
P,E,2015-07-08,119.6453
P,E,2015-07-09,118.8207
P,E,2015-07-10,119.2117
P,E,2015-07-13,118.7849
P,E,2015-07-14,119.7132
P,E,2015-07-15,119.4994
P,E,2015-07-16,119.6759
P,E,2015-07-17,119.5287
P,E,2015-07-20,119.386
P,E,2015-07-21,119.504
P,E,2015-07-22,118.9683
P,E,2015-07-23,118.8917
P,E,2015-07-24,118.5835
P,E,2015-07-27,117.7052
P,E,2015-07-28,116.9156
P,E,2015-07-29,117.144
P,E,2015-07-30,117.3279
P,E,2015-07-31,118.4568
P,E,2015-08-03,117.6307
P,E,2015-08-04,117.6104
P,E,2015-08-05,117.3688
P,E,2015-08-06,116.5296
P,E,2015-08-07,116.2816
P,E,2015-08-10,115.94
P,E,2015-08-11,115.1896
P,E,2015-08-12,114.4587
P,E,2015-08-13,115.0071
P,E,2015-08-14,114.9543
P,E,2015-08-17,115.3125
P,E,2015-08-18,115.6792
P,E,2015-08-19,116.0756
P,E,2015-08-20,116.6911
P,E,2015-08-21,116.1006
P,E,2015-08-24,115.3425
P,E,2015-08-25,115.0138
P,E,2015-08-26,115.6386
P,E,2015-08-27,116.2169
P,E,2015-08-28,115.2407
P,E,2015-08-31,115.9804
P,E,2015-09-01,115.4999
P,E,2015-09-02,115.2248
P,E,2015-09-03,115.0302
P,E,2015-09-04,115.4573
P,E,2015-09-07,115.4095
P,E,2015-09-08,114.9
P,E,2015-09-09,115.0423
P,E,2015-09-10,114.7528
P,E,2015-09-11,114.1133
P,E,2015-09-14,114.0524
P,E,2015-09-15,114.4776
P,E,2015-09-16,114.67
P,E,2015-09-17,114.535
P,E,2015-09-18,114.5566
P,E,2015-09-21,115.0113
P,E,2015-09-22,115.4687
P,E,2015-09-23,115.677
P,E,2015-09-24,114.9637
P,E,2015-09-25,114.8869
P,E,2015-09-28,114.8572
P,E,2015-09-29,115.3569
P,E,2015-09-30,115.1897
P,E,2015-10-01,115.4096
P,E,2015-10-02,115.3617
P,E,2015-10-05,115.2353
P,E,2015-10-06,115.345
P,E,2015-10-07,115.834
P,E,2015-10-08,115.2222
P,E,2015-10-09,115.4622
P,E,2015-10-12,115.2203
P,E,2015-10-13,115.2804
P,E,2015-10-14,115.5215
P,E,2015-10-15,116.0233
P,E,2015-10-16,116.2483
P,E,2015-10-19,116.4712
P,E,2015-10-20,116.7753
P,E,2015-10-21,116.3001
P,E,2015-10-22,116.1431
P,E,2015-10-23,116.57
P,E,2015-10-26,116.8323
P,E,2015-10-27,116.1409
P,E,2015-10-28,116.0512
P,E,2015-10-29,116.2617
P,E,2015-10-30,116.1574
P,E,2015-11-02,115.981
P,E,2015-11-03,116.2196
P,E,2015-11-04,116.6378
P,E,2015-11-05,116.5544
P,E,2015-11-06,116.6646
P,E,2015-11-09,116.8464
P,E,2015-11-10,117.1207
P,E,2015-11-11,116.8902
P,E,2015-11-12,117.3143
P,E,2015-11-13,116.9768
P,E,2015-11-16,116.9169
P,E,2015-11-17,117.0056
P,E,2015-11-18,116.5893
P,E,2015-11-19,115.9808
P,E,2015-11-20,116.4441
P,E,2015-11-23,116.5985
P,E,2015-11-24,116.4774
P,E,2015-11-25,116.6303
P,E,2015-11-26,116.3982
P,E,2015-11-27,115.9239
P,E,2015-11-30,115.8532
P,E,2015-12-01,115.9536
P,E,2015-12-02,115.9809
P,E,2015-12-03,116.9563
P,E,2015-12-04,116.1911
P,E,2015-12-07,116.7253
P,E,2015-12-08,116.8602
P,E,2015-12-09,116.7801
P,E,2015-12-10,116.8337
P,E,2015-12-11,117.0898
P,E,2015-12-14,117.3271
P,E,2015-12-15,116.8913
P,E,2015-12-16,117.2141
P,E,2015-12-17,117.3418
P,E,2015-12-18,117.6868
P,E,2015-12-21,117.4329
P,E,2015-12-22,117.2503
P,E,2015-12-23,117.5194
P,E,2015-12-24,117.5925
P,E,2015-12-25,117.679
P,E,2015-12-28,117.2165
P,E,2015-12-29,117.3454
P,E,2015-12-30,117.4864
P,E,2015-12-31,117.6803
P,E,2016-01-01,117.7328
P,E,2016-01-04,117.2794
P,E,2016-01-05,117.489
P,E,2016-01-06,117.6204
P,E,2016-01-07,117.2505
P,E,2016-01-08,117.2115
P,E,2016-01-11,117.3979
P,E,2016-01-12,117.4986
P,E,2016-01-13,117.1389
P,E,2016-01-14,116.526
P,E,2016-01-15,116.7529
P,E,2016-01-18,116.6235
P,E,2016-01-19,116.6014
P,E,2016-01-20,116.7964
P,E,2016-01-21,116.7117
P,E,2016-01-22,116.7884
P,E,2016-01-25,116.5201
P,E,2016-01-26,116.1514
P,E,2016-01-27,115.7741
P,E,2016-01-28,115.4062
P,E,2016-01-29,114.9983
P,E,2016-02-01,115.2102
P,E,2016-02-02,114.7874
P,E,2016-02-03,115.0452
P,E,2016-02-04,114.2192
P,E,2016-02-05,115.102
P,E,2016-02-08,115.2788
P,E,2016-02-09,116.1502
P,E,2016-02-10,116.4355
P,E,2016-02-11,116.553
P,E,2016-02-12,115.9881
P,E,2016-02-15,115.9682
P,E,2016-02-16,115.7461
P,E,2016-02-17,115.6588
P,E,2016-02-18,115.4629
P,E,2016-02-19,115.6091
P,E,2016-02-22,115.9238
P,E,2016-02-23,116.3639
P,E,2016-02-24,116.9397
P,E,2016-02-25,116.7985
P,E,2016-02-26,116.7495
P,E,2016-02-29,116.7979
P,E,2016-03-01,117.3183
P,E,2016-03-02,117.5139
P,E,2016-03-03,117.5725
P,E,2016-03-04,117.1383
P,E,2016-03-07,116.395
P,E,2016-03-08,116.7463
P,E,2016-03-09,116.4358
P,E,2016-03-10,116.7013
P,E,2016-03-11,116.2021
P,E,2016-03-14,116.174
P,E,2016-03-15,116.4689
P,E,2016-03-16,116.377
P,E,2016-03-17,116.2274
P,E,2016-03-18,116.7056
P,E,2016-03-21,116.839
P,E,2016-03-22,117.2651
P,E,2016-03-23,116.9539
P,E,2016-03-24,117.2118
P,E,2016-03-25,117.1669
P,E,2016-03-28,117.1898
P,E,2016-03-29,117.2262
P,E,2016-03-30,117.0651
P,E,2016-03-31,116.9199
P,E,2016-04-01,116.8294
P,E,2016-04-04,117.1184
P,E,2016-04-05,117.2413
P,E,2016-04-06,117.3342
P,E,2016-04-07,117.5634
P,E,2016-04-08,117.5737
P,E,2016-04-11,117.6309
P,E,2016-04-12,117.7013
P,E,2016-04-13,117.6476
P,E,2016-04-14,117.6615
P,E,2016-04-15,117.5061
P,E,2016-04-18,117.4278
P,E,2016-04-19,117.3112
P,E,2016-04-20,117.2733
P,E,2016-04-21,116.7842
P,E,2016-04-22,116.318
P,E,2016-04-25,116.6775
P,E,2016-04-26,116.4665
P,E,2016-04-27,116.3442
P,E,2016-04-28,116.6517
P,E,2016-04-29,116.8554
P,E,2016-05-02,116.3577
P,E,2016-05-03,116.6655
P,E,2016-05-04,116.5899
P,E,2016-05-05,116.3398
P,E,2016-05-06,115.7979
P,E,2016-05-09,115.838
P,E,2016-05-10,115.4892
P,E,2016-05-11,115.2799
P,E,2016-05-12,115.5419
P,E,2016-05-13,115.9276
P,E,2016-05-16,115.5879
P,E,2016-05-17,115.2634
P,E,2016-05-18,115.2365
P,E,2016-05-19,115.183
P,E,2016-05-20,114.7379
P,E,2016-05-23,114.7142
P,E,2016-05-24,114.9049
P,E,2016-05-25,115.1497
P,E,2016-05-26,114.9475
P,E,2016-05-27,114.9689
P,E,2016-05-30,115.1479
P,E,2016-05-31,115.2919
P,E,2016-06-01,114.919
P,E,2016-06-02,114.9874
P,E,2016-06-03,115.029
P,E,2016-06-06,114.8385
P,E,2016-06-07,115.6355
P,E,2016-06-08,115.9184
P,E,2016-06-09,116.3964
P,E,2016-06-10,116.5316
P,E,2016-06-13,116.7658
P,E,2016-06-14,117.0994
P,E,2016-06-15,117.1678
P,E,2016-06-16,117.3506
P,E,2016-06-17,117.239
P,E,2016-06-20,116.6097
P,E,2016-06-21,116.6823
P,E,2016-06-22,117.318
P,E,2016-06-23,117.0084
P,E,2016-06-24,116.7651
P,E,2016-06-27,117.969
P,E,2016-06-28,116.9947
P,E,2016-06-29,116.9824
P,E,2016-06-30,116.5408
P,E,2016-07-01,117.1171
P,E,2016-07-04,117.0765
P,E,2016-07-05,117.2985
P,E,2016-07-06,117.0487
P,E,2016-07-07,117.0627
P,E,2016-07-08,116.9117
P,E,2016-07-11,116.6575
P,E,2016-07-12,116.2914
P,E,2016-07-13,116.1562
P,E,2016-07-14,116.2715
P,E,2016-07-15,116.1237
P,E,2016-07-18,116.469
P,E,2016-07-19,116.4295
P,E,2016-07-20,116.5346
P,E,2016-07-21,116.3879
P,E,2016-07-22,116.5051
P,E,2016-07-25,116.932
P,E,2016-07-26,116.7682
P,E,2016-07-27,115.7957
P,E,2016-07-28,115.9186
P,E,2016-07-29,116.7553
P,E,2016-08-01,117.1194
P,E,2016-08-02,117.034
P,E,2016-08-03,116.8006
P,E,2016-08-04,116.7941
P,E,2016-08-05,116.6465
P,E,2016-08-08,116.3699
P,E,2016-08-09,116.1427
P,E,2016-08-10,116.0662
P,E,2016-08-11,116.4653
P,E,2016-08-12,116.4835
P,E,2016-08-15,116.3907
P,E,2016-08-16,116.6357
P,E,2016-08-17,116.8786
P,E,2016-08-18,116.7987
P,E,2016-08-19,116.9977
P,E,2016-08-22,116.4183
P,E,2016-08-23,116.3771
P,E,2016-08-24,116.4722
P,E,2016-08-25,116.3573
P,E,2016-08-26,116.2049
P,E,2016-08-29,115.8333
P,E,2016-08-30,115.7359
P,E,2016-08-31,115.5665
P,E,2016-09-01,115.1487
P,E,2016-09-02,115.4264
P,E,2016-09-05,115.8044
P,E,2016-09-06,115.6257
P,E,2016-09-07,116.0557
P,E,2016-09-08,115.8061
P,E,2016-09-09,115.2438
P,E,2016-09-12,115.396
P,E,2016-09-13,115.5709
P,E,2016-09-14,114.9928
P,E,2016-09-15,115.1383
P,E,2016-09-16,115.3411
P,E,2016-09-19,115.2153
P,E,2016-09-20,115.2662
P,E,2016-09-21,115.6611
P,E,2016-09-22,115.5834
P,E,2016-09-23,115.7644
P,E,2016-09-26,115.6952
P,E,2016-09-27,115.4278
P,E,2016-09-28,115.5209
P,E,2016-09-29,115.4138
P,E,2016-09-30,116.1094
P,E,2016-10-03,115.143
P,E,2016-10-04,114.936
P,E,2016-10-05,114.6023
P,E,2016-10-06,115.0347
P,E,2016-10-07,115.0562
P,E,2016-10-10,114.849
P,E,2016-10-11,114.7308
P,E,2016-10-12,115.2149
P,E,2016-10-13,115.5244
P,E,2016-10-14,115.4917
P,E,2016-10-17,115.7244
P,E,2016-10-18,115.4529
P,E,2016-10-19,115.5988
P,E,2016-10-20,115.8142
P,E,2016-10-21,116.1651
P,E,2016-10-24,116.1426
P,E,2016-10-25,116.2077
P,E,2016-10-26,116.0926
P,E,2016-10-27,116.0156
P,E,2016-10-28,115.9211
P,E,2016-10-31,116.0826
P,E,2016-11-01,115.88
P,E,2016-11-02,116.6454
P,E,2016-11-03,116.3896
P,E,2016-11-04,116.1591
P,E,2016-11-07,116.0203
P,E,2016-11-08,116.4068
P,E,2016-11-09,116.0311
P,E,2016-11-10,116.4545
P,E,2016-11-11,116.8057
P,E,2016-11-14,116.9896
P,E,2016-11-15,116.5316
P,E,2016-11-16,116.3649
P,E,2016-11-17,116.5084
P,E,2016-11-18,116.773
P,E,2016-11-21,116.3433
P,E,2016-11-22,116.2748
P,E,2016-11-23,116.2147
P,E,2016-11-24,116.0922
P,E,2016-11-25,116.0424
P,E,2016-11-28,115.8437
P,E,2016-11-29,115.8202
P,E,2016-11-30,115.4007
P,E,2016-12-01,115.4979
P,E,2016-12-02,115.5075
P,E,2016-12-05,115.2237
P,E,2016-12-06,114.6468
P,E,2016-12-07,114.7052
P,E,2016-12-08,114.4339
P,E,2016-12-09,115.0473
P,E,2016-12-12,115.2815
P,E,2016-12-13,115.2801
P,E,2016-12-14,115.42
P,E,2016-12-15,115.3243
P,E,2016-12-16,115.3012
P,E,2016-12-19,115.6136
P,E,2016-12-20,115.9752
P,E,2016-12-21,115.9708
P,E,2016-12-22,115.5706
P,E,2016-12-23,115.5406
P,E,2016-12-26,115.5146
P,E,2016-12-27,115.2455
P,E,2016-12-28,115.2994
P,E,2016-12-29,115.5265
P,E,2016-12-30,115.2669
P,E,2017-01-02,115.5315
P,E,2017-01-03,115.7023
P,E,2017-01-04,115.5722
P,E,2017-01-05,115.5404
P,E,2017-01-06,115.4686
P,E,2017-01-09,115.4291
P,E,2017-01-10,115.1985
P,E,2017-01-11,115.2233
P,E,2017-01-12,115.4029
P,E,2017-01-13,115.2106
P,E,2017-01-16,115.2531
P,E,2017-01-17,115.3651
P,E,2017-01-18,115.3515
P,E,2017-01-19,115.2418
P,E,2017-01-20,115.2316
P,E,2017-01-23,115.2326
P,E,2017-01-24,115.1
P,E,2017-01-25,115.0908
P,E,2017-01-26,115.3698
P,E,2017-01-27,115.5446
P,E,2017-01-30,115.6315
P,E,2017-01-31,115.9381
P,E,2017-02-01,115.6324
P,E,2017-02-02,115.5376
P,E,2017-02-03,115.5094
P,E,2017-02-06,115.546
P,E,2017-02-07,115.8408
P,E,2017-02-08,116.1042
P,E,2017-02-09,116.0433
P,E,2017-02-10,115.8311
P,E,2017-02-13,115.826
P,E,2017-02-14,115.8802
P,E,2017-02-15,116.145
P,E,2017-02-16,116.0586
P,E,2017-02-17,116.2107
P,E,2017-02-20,116.0429
P,E,2017-02-21,116.2739
P,E,2017-02-22,116.1522
P,E,2017-02-23,116.0504
P,E,2017-02-24,116.1163
P,E,2017-02-27,116.0161
P,E,2017-02-28,116.1028
P,E,2017-03-01,116.1924
P,E,2017-03-02,116.0909
P,E,2017-03-03,115.9462
P,E,2017-03-06,115.5379
P,E,2017-03-07,115.2688
P,E,2017-03-08,115.4927
P,E,2017-03-09,115.1716
P,E,2017-03-10,114.9228
P,E,2017-03-13,114.7951
P,E,2017-03-14,115.0452
P,E,2017-03-15,115.0667
P,E,2017-03-16,115.1894
P,E,2017-03-17,114.967
P,E,2017-03-20,114.834
P,E,2017-03-21,114.6251
P,E,2017-03-22,115.0408
P,E,2017-03-23,115.0162
P,E,2017-03-24,114.9983
P,E,2017-03-27,115.0311
P,E,2017-03-28,114.9965
P,E,2017-03-29,114.8761
P,E,2017-03-30,115.0179
P,E,2017-03-31,115.0146
P,E,2017-04-03,115.1081
P,E,2017-04-04,115.0999
P,E,2017-04-05,114.9385
P,E,2017-04-06,114.772
P,E,2017-04-07,114.981
P,E,2017-04-10,115.1268
P,E,2017-04-11,115.1617
P,E,2017-04-12,115.1044
P,E,2017-04-13,115.1751
P,E,2017-04-14,115.2902
P,E,2017-04-17,115.3237
P,E,2017-04-18,115.1887
P,E,2017-04-19,115.1518
P,E,2017-04-20,114.9372
P,E,2017-04-21,115.1393
P,E,2017-04-24,114.0518
P,E,2017-04-25,113.707
P,E,2017-04-26,113.6679
P,E,2017-04-27,113.8245
P,E,2017-04-28,113.9018
P,E,2017-05-01,113.6823
P,E,2017-05-02,113.5749
P,E,2017-05-03,114.1311
P,E,2017-05-04,113.7934
P,E,2017-05-05,113.9306
P,E,2017-05-08,113.6593
P,E,2017-05-09,113.068
P,E,2017-05-10,112.7631
P,E,2017-05-11,112.6024
P,E,2017-05-12,112.7233
P,E,2017-05-15,112.8757
P,E,2017-05-16,112.8187
P,E,2017-05-17,113.1435
P,E,2017-05-18,113.1825
P,E,2017-05-19,113.3464
P,E,2017-05-22,113.508
P,E,2017-05-23,113.045
P,E,2017-05-24,113.3169
P,E,2017-05-25,113.2459
P,E,2017-05-26,113.5154
P,E,2017-05-29,113.5265
P,E,2017-05-30,113.6015
P,E,2017-05-31,113.576
P,E,2017-06-01,113.4533
P,E,2017-06-02,113.5021
P,E,2017-06-05,113.8801
P,E,2017-06-06,114.0147
P,E,2017-06-07,114.0523
P,E,2017-06-08,113.76220000000001
P,E,2017-06-09,113.9288
P,E,2017-06-12,113.9622
P,E,2017-06-13,114.1618
P,E,2017-06-14,113.9513
P,E,2017-06-15,113.7144
P,E,2017-06-16,113.7637
P,E,2017-06-19,113.795
P,E,2017-06-20,113.9116
P,E,2017-06-21,114.0924
P,E,2017-06-22,113.9178
P,E,2017-06-23,114.1962
P,E,2017-06-26,113.9753
P,E,2017-06-27,113.7848
P,E,2017-06-28,113.4321
P,E,2017-06-29,113.226
P,E,2017-06-30,113.2836
P,E,2017-07-03,113.2931
P,E,2017-07-04,113.0719
P,E,2017-07-05,112.9368
P,E,2017-07-06,112.968
P,E,2017-07-07,112.6356
P,E,2017-07-10,112.5384
P,E,2017-07-11,112.0746
P,E,2017-07-12,112.0576
P,E,2017-07-13,112.483
P,E,2017-07-14,111.8315
P,E,2017-07-17,112.0233
P,E,2017-07-18,112.0455
P,E,2017-07-19,112.4291
P,E,2017-07-20,112.3339
P,E,2017-07-21,111.592
P,E,2017-07-24,112.1057
P,E,2017-07-25,111.9173
P,E,2017-07-26,111.3653
P,E,2017-07-27,110.3539
P,E,2017-07-28,108.7002
P,E,2017-07-31,108.5418
P,E,2017-08-01,108.2122
P,E,2017-08-02,107.7132
P,E,2017-08-03,107.6698
P,E,2017-08-04,107.3907
P,E,2017-08-07,107.6064
P,E,2017-08-08,107.4989
P,E,2017-08-09,109.2206
P,E,2017-08-10,108.9611
P,E,2017-08-11,109.376
P,E,2017-08-14,108.2675
P,E,2017-08-15,108.1117
P,E,2017-08-16,108.0429
P,E,2017-08-17,109.0905
P,E,2017-08-18,109.4237
P,E,2017-08-21,108.7902
P,E,2017-08-22,108.6592
P,E,2017-08-23,108.1724
P,E,2017-08-24,108.5241
P,E,2017-08-25,108.666
P,E,2017-08-28,108.6602
P,E,2017-08-29,108.4021
P,E,2017-08-30,108.2779
P,E,2017-08-31,107.8138
P,E,2017-09-01,108.1486
P,E,2017-09-04,108.4681
P,E,2017-09-05,108.3568
P,E,2017-09-06,108.5115
P,E,2017-09-07,108.4515
P,E,2017-09-08,108.1282
P,E,2017-09-11,108.3987
P,E,2017-09-12,108.0201
P,E,2017-09-13,107.4872
P,E,2017-09-14,107.428
P,E,2017-09-15,107.8436
P,E,2017-09-18,107.8464
P,E,2017-09-19,107.339
P,E,2017-09-20,107.1935
P,E,2017-09-21,106.8938
P,E,2017-09-22,106.4778
P,E,2017-09-25,106.7811
P,E,2017-09-26,107.8794
P,E,2017-09-27,108.0283
P,E,2017-09-28,107.9924
P,E,2017-09-29,107.9514
P,E,2017-10-02,108.4009
P,E,2017-10-03,107.9098
P,E,2017-10-04,108.0413
P,E,2017-10-05,107.6939
P,E,2017-10-06,107.9281
P,E,2017-10-09,107.6896
P,E,2017-10-10,107.4282
P,E,2017-10-11,107.2194
P,E,2017-10-12,107.0786
P,E,2017-10-13,107.2299
P,E,2017-10-16,107.5957
P,E,2017-10-17,107.6141
P,E,2017-10-18,107.4583
P,E,2017-10-19,107.1937
P,E,2017-10-20,106.7175
P,E,2017-10-23,106.816
P,E,2017-10-24,106.7299
P,E,2017-10-25,105.9805
P,E,2017-10-26,105.8217
P,E,2017-10-27,106.4712
P,E,2017-10-30,106.5642
P,E,2017-10-31,106.6138
P,E,2017-11-01,106.2755
P,E,2017-11-02,106.2857
P,E,2017-11-03,106.2503
P,E,2017-11-06,106.4067
P,E,2017-11-07,106.8073
P,E,2017-11-08,106.744
P,E,2017-11-09,106.44
P,E,2017-11-10,106.76
P,E,2017-11-13,106.4144
P,E,2017-11-14,106.0027
P,E,2017-11-15,105.7898
P,E,2017-11-16,105.7728
P,E,2017-11-17,105.5764
P,E,2017-11-20,105.8473
P,E,2017-11-21,105.9585
P,E,2017-11-22,106.0789
P,E,2017-11-23,106.2055
P,E,2017-11-24,105.9473
P,E,2017-11-27,105.442
P,E,2017-11-28,105.5165
P,E,2017-11-29,105.6512
P,E,2017-11-30,105.5664
P,E,2017-12-01,105.3389
P,E,2017-12-04,105.7741
P,E,2017-12-05,105.4762
P,E,2017-12-06,105.4104
P,E,2017-12-07,105.3866
P,E,2017-12-08,105.3211
P,E,2017-12-11,105.3879
P,E,2017-12-12,105.6682
P,E,2017-12-13,105.7264
P,E,2017-12-14,105.5491
P,E,2017-12-15,105.6975
P,E,2017-12-18,105.6425
P,E,2017-12-19,105.9694
P,E,2017-12-20,105.4774
P,E,2017-12-21,105.1503
P,E,2017-12-22,105.1158
P,E,2017-12-25,105.1069
P,E,2017-12-26,105.0273
P,E,2017-12-27,104.9057
P,E,2017-12-28,105.2844
P,E,2017-12-29,105.5267
P,E,2018-01-01,105.428
P,E,2018-01-02,105.3286
P,E,2018-01-03,105.4411
P,E,2018-01-04,105.0641
P,E,2018-01-05,104.9825
P,E,2018-01-08,105.3816
P,E,2018-01-09,105.4142
P,E,2018-01-10,105.4081
P,E,2018-01-11,105.6885
P,E,2018-01-12,105.0263
P,E,2018-01-15,104.8981
P,E,2018-01-16,104.9086
P,E,2018-01-17,105.1064
P,E,2018-01-18,105.469
P,E,2018-01-19,105.6416
P,E,2018-01-22,105.4973
P,E,2018-01-23,105.2209
P,E,2018-01-24,105.6317
P,E,2018-01-25,106.1019
P,E,2018-01-26,106.6238
P,E,2018-01-29,106.7949
P,E,2018-01-30,107.1965
P,E,2018-01-31,107.0489
P,E,2018-02-01,107.1171
P,E,2018-02-02,107.0862
P,E,2018-02-05,107.1399
P,E,2018-02-06,107.1797
P,E,2018-02-07,107.1934
P,E,2018-02-08,107.2276
P,E,2018-02-09,107.8888
P,E,2018-02-12,107.8684
P,E,2018-02-13,107.7417
P,E,2018-02-14,107.4011
P,E,2018-02-15,107.3219
P,E,2018-02-16,107.5631
P,E,2018-02-19,107.6052
P,E,2018-02-20,107.4349
P,E,2018-02-21,107.2197
P,E,2018-02-22,107.4472
P,E,2018-02-23,107.6658
P,E,2018-02-26,107.4465
P,E,2018-02-27,107.1631
P,E,2018-02-28,107.4222
P,E,2018-03-01,107.4073
P,E,2018-03-02,107.4468
P,E,2018-03-05,107.2345
P,E,2018-03-06,106.6516
P,E,2018-03-07,106.1842
P,E,2018-03-08,105.7234
P,E,2018-03-09,105.7747
P,E,2018-03-12,105.7768
P,E,2018-03-13,105.8266
P,E,2018-03-14,105.7756
P,E,2018-03-15,105.837
P,E,2018-03-16,105.7252
P,E,2018-03-19,105.645
P,E,2018-03-20,105.4957
P,E,2018-03-21,105.628
P,E,2018-03-22,105.81
P,E,2018-03-23,105.9725
P,E,2018-03-26,105.5021
P,E,2018-03-27,105.1669
P,E,2018-03-28,105.0425
P,E,2018-03-29,105.0084
P,E,2018-03-30,105.2404
P,E,2018-04-02,105.2206
P,E,2018-04-03,105.2344
P,E,2018-04-04,105.0185
P,E,2018-04-05,104.7913
P,E,2018-04-06,104.8339
P,E,2018-04-09,104.7889
P,E,2018-04-10,104.84
P,E,2018-04-11,104.0614
P,E,2018-04-12,103.951
P,E,2018-04-13,103.9723
P,E,2018-04-16,103.757
P,E,2018-04-17,103.4541
P,E,2018-04-18,102.7782
P,E,2018-04-19,102.6984
P,E,2018-04-20,102.6503
P,E,2018-04-23,102.751
P,E,2018-04-24,102.9157
P,E,2018-04-25,102.531
P,E,2018-04-26,102.503
P,E,2018-04-27,102.5487
P,E,2018-04-30,102.4191
P,E,2018-05-01,102.5292
P,E,2018-05-02,102.6559
P,E,2018-05-03,102.5452
P,E,2018-05-04,102.5325
P,E,2018-05-07,102.3513
P,E,2018-05-08,102.5854
P,E,2018-05-09,103.0136
P,E,2018-05-10,102.7054
P,E,2018-05-11,102.476
P,E,2018-05-14,102.2473
P,E,2018-05-15,102.6154
P,E,2018-05-16,103.476
P,E,2018-05-17,103.4089
P,E,2018-05-18,103.6915
P,E,2018-05-21,104.2593
P,E,2018-05-22,103.9431
P,E,2018-05-23,105.2816
P,E,2018-05-24,105.034
P,E,2018-05-25,105.0861
P,E,2018-05-28,105.5074
P,E,2018-05-29,106.6994
P,E,2018-05-30,106.4287
P,E,2018-05-31,105.7418
P,E,2018-06-01,106.0908
P,E,2018-06-04,105.9675
P,E,2018-06-05,105.902
P,E,2018-06-06,105.5959
P,E,2018-06-07,105.2687
P,E,2018-06-08,105.7973
P,E,2018-06-11,105.1075
P,E,2018-06-12,105.3479
P,E,2018-06-13,105.2572
P,E,2018-06-14,105.1552
P,E,2018-06-15,105.7763
P,E,2018-06-18,105.7741
P,E,2018-06-19,106.2189
P,E,2018-06-20,106.0072
P,E,2018-06-21,106.2765
P,E,2018-06-22,105.8278
P,E,2018-06-25,106.1526
P,E,2018-06-26,105.8468
P,E,2018-06-27,105.9671
P,E,2018-06-28,105.8658
P,E,2018-06-29,105.4894
P,E,2018-07-02,105.7876
P,E,2018-07-03,105.4349
P,E,2018-07-04,105.5847
P,E,2018-07-05,105.1462
P,E,2018-07-06,105.0228
P,E,2018-07-09,105.0627
P,E,2018-07-10,104.8275
P,E,2018-07-11,104.9618
P,E,2018-07-12,104.7284
P,E,2018-07-13,104.6118
P,E,2018-07-16,104.2953
P,E,2018-07-17,104.6018
P,E,2018-07-18,104.7065
P,E,2018-07-19,104.896
P,E,2018-07-20,104.7887
P,E,2018-07-23,104.9938
P,E,2018-07-24,104.9243
P,E,2018-07-25,105.0384
P,E,2018-07-26,104.8416
P,E,2018-07-27,105.1795
P,E,2018-07-30,105.0561
P,E,2018-07-31,105.158
P,E,2018-08-01,105.0432
P,E,2018-08-02,105.3681
P,E,2018-08-03,105.6775
P,E,2018-08-06,105.7998
P,E,2018-08-07,105.5027
P,E,2018-08-08,105.3744
P,E,2018-08-09,105.5552
P,E,2018-08-10,106.7533
P,E,2018-08-13,107.4119
P,E,2018-08-14,107.4536
P,E,2018-08-15,107.5887
P,E,2018-08-16,107.5215
P,E,2018-08-17,106.9935
P,E,2018-08-20,106.8677
P,E,2018-08-21,106.6339
P,E,2018-08-22,106.6281
P,E,2018-08-23,106.7307
P,E,2018-08-24,106.5599
P,E,2018-08-27,106.1969
P,E,2018-08-28,106.1598
P,E,2018-08-29,106.3531
P,E,2018-08-30,106.9694
P,E,2018-08-31,107.3402
P,E,2018-09-03,107.5311
P,E,2018-09-04,107.6954
P,E,2018-09-05,107.4717
P,E,2018-09-06,107.3161
P,E,2018-09-07,107.7413
P,E,2018-09-10,107.771
P,E,2018-09-11,106.9718
P,E,2018-09-12,107.1807
P,E,2018-09-13,107.3289
P,E,2018-09-14,107.1732
P,E,2018-09-17,107.5176
P,E,2018-09-18,107.7068
P,E,2018-09-19,107.0853
P,E,2018-09-20,107.07
P,E,2018-09-21,107.284
P,E,2018-09-24,107.1232
P,E,2018-09-25,106.4111
P,E,2018-09-26,106.3807
P,E,2018-09-27,106.3811
P,E,2018-09-28,106.4485
P,E,2018-10-01,105.8209
P,E,2018-10-02,106.7008
P,E,2018-10-03,105.9175
P,E,2018-10-04,106.0467
P,E,2018-10-05,105.7623
P,E,2018-10-08,106.0949
P,E,2018-10-09,105.9088
P,E,2018-10-10,105.9212
P,E,2018-10-11,105.7606
P,E,2018-10-12,105.264
P,E,2018-10-15,105.5163
P,E,2018-10-16,105.5296
P,E,2018-10-17,105.4118
P,E,2018-10-18,105.534
P,E,2018-10-19,105.9126
P,E,2018-10-22,105.2475
P,E,2018-10-23,105.8759
P,E,2018-10-24,106.1589
P,E,2018-10-25,106.1211
P,E,2018-10-26,106.2263
P,E,2018-10-29,106.1941
P,E,2018-10-30,106.1211
P,E,2018-10-31,106.0369
P,E,2018-11-01,105.875
P,E,2018-11-02,105.786
P,E,2018-11-05,105.7445
P,E,2018-11-06,105.5616
P,E,2018-11-07,105.6789
P,E,2018-11-08,105.7024
P,E,2018-11-09,105.9346
P,E,2018-11-12,106.5923
P,E,2018-11-13,106.6274
P,E,2018-11-14,106.4597
P,E,2018-11-15,106.641
P,E,2018-11-16,106.0929
P,E,2018-11-19,106.4054
P,E,2018-11-20,106.8884
P,E,2018-11-21,107.0724
P,E,2018-11-22,107.0412
P,E,2018-11-23,107.1304
P,E,2018-11-26,107.0602
P,E,2018-11-27,107.272
P,E,2018-11-28,107.6416
P,E,2018-11-29,107.3842
P,E,2018-11-30,107.1269
P,E,2018-12-03,107.0405
P,E,2018-12-04,107.0349
P,E,2018-12-05,107.1878
P,E,2018-12-06,107.3237
P,E,2018-12-07,107.3499
P,E,2018-12-10,107.4513
P,E,2018-12-11,107.9826
P,E,2018-12-12,107.7383
P,E,2018-12-13,107.424
P,E,2018-12-14,107.6749
P,E,2018-12-17,107.3904
P,E,2018-12-18,107.4384
P,E,2018-12-19,107.0894
P,E,2018-12-20,106.7944
P,E,2018-12-21,106.9949
P,E,2018-12-24,106.7244
P,E,2018-12-25,107.566
P,E,2018-12-26,107.4319
P,E,2018-12-27,107.0434
P,E,2018-12-28,107.2905
P,E,2018-12-31,107.3463
P,E,2019-01-01,107.7206
P,E,2019-01-02,107.5451
P,E,2019-01-03,107.7268
P,E,2019-01-04,107.4395
P,E,2019-01-07,107.5433
P,E,2019-01-08,107.6928
P,E,2019-01-09,107.6841
P,E,2019-01-10,107.4945
P,E,2019-01-11,106.8201
P,E,2019-01-14,107.3765
P,E,2019-01-15,107.456
P,E,2019-01-16,107.2874
P,E,2019-01-17,107.0225
P,E,2019-01-18,106.7668
P,E,2019-01-21,106.6785
P,E,2019-01-22,106.8403
P,E,2019-01-23,106.7913
P,E,2019-01-24,107.2988
P,E,2019-01-25,107.2621
P,E,2019-01-28,107.0107
P,E,2019-01-29,106.7215
P,E,2019-01-30,106.3512
P,E,2019-01-31,106.1661
P,E,2019-02-01,106.3652
P,E,2019-02-04,106.0868
P,E,2019-02-05,106.0368
P,E,2019-02-06,106.2668
P,E,2019-02-07,106.4812
P,E,2019-02-08,106.7048
P,E,2019-02-11,106.7956
P,E,2019-02-12,106.5781
P,E,2019-02-13,106.3085
P,E,2019-02-14,106.5426
P,E,2019-02-15,106.6022
P,E,2019-02-18,106.6087
P,E,2019-02-19,106.5655
P,E,2019-02-20,106.5112
P,E,2019-02-21,106.593
P,E,2019-02-22,106.5829
P,E,2019-02-25,106.5858
P,E,2019-02-26,106.4305
P,E,2019-02-27,106.3717
P,E,2019-02-28,106.5011
P,E,2019-03-01,106.3273
P,E,2019-03-04,106.3938
P,E,2019-03-05,106.4849
P,E,2019-03-06,106.3025
P,E,2019-03-07,106.2474
P,E,2019-03-08,106.5588
P,E,2019-03-11,106.4018
P,E,2019-03-12,106.1345
P,E,2019-03-13,106.1779
P,E,2019-03-14,106.1354
P,E,2019-03-15,106.0804
P,E,2019-03-18,106.1257
P,E,2019-03-19,106.2171
P,E,2019-03-20,106.2496
P,E,2019-03-21,106.4271
P,E,2019-03-22,106.9697
P,E,2019-03-25,107.0788
P,E,2019-03-26,107.2296
P,E,2019-03-27,107.5056
P,E,2019-03-28,107.469
P,E,2019-03-29,107.8243
P,E,2019-04-01,107.7273
P,E,2019-04-02,107.5457
P,E,2019-04-03,107.4658
P,E,2019-04-04,107.3516
P,E,2019-04-05,107.2219
P,E,2019-04-08,107.194
P,E,2019-04-09,106.9106
P,E,2019-04-10,106.7162
P,E,2019-04-11,106.6162
P,E,2019-04-12,106.408
P,E,2019-04-15,106.144
P,E,2019-04-16,106.0163
P,E,2019-04-17,105.6225
P,E,2019-04-18,105.8116
P,E,2019-04-19,105.6693
P,E,2019-04-22,105.547
P,E,2019-04-23,105.0678
P,E,2019-04-24,105.5139
P,E,2019-04-25,105.9384
P,E,2019-04-26,105.9503
P,E,2019-04-29,105.862
P,E,2019-04-30,105.6438
P,E,2019-05-01,105.5704
P,E,2019-05-02,105.5567
P,E,2019-05-03,105.8754
P,E,2019-05-06,105.9454
P,E,2019-05-07,105.7414
P,E,2019-05-08,105.7895
P,E,2019-05-09,105.9126
P,E,2019-05-10,105.9742
P,E,2019-05-13,106.3553
P,E,2019-05-14,106.5162
P,E,2019-05-15,106.9608
P,E,2019-05-16,106.6774
P,E,2019-05-17,107.0606
P,E,2019-05-20,107.1962
P,E,2019-05-21,107.2076
P,E,2019-05-22,107.0838
P,E,2019-05-23,107.3958
P,E,2019-05-24,107.6161
P,E,2019-05-27,107.3142
P,E,2019-05-28,107.5134
P,E,2019-05-29,107.6757
P,E,2019-05-30,107.5217
P,E,2019-05-31,107.7906
P,E,2019-06-03,108.4148
P,E,2019-06-04,108.1562
P,E,2019-06-05,107.9839
P,E,2019-06-06,108.1682
P,E,2019-06-07,107.9469
P,E,2019-06-10,108.0162
P,E,2019-06-11,107.8153
P,E,2019-06-12,107.5477
P,E,2019-06-13,107.8248
P,E,2019-06-14,107.674
P,E,2019-06-17,107.8647
P,E,2019-06-18,108.0781
P,E,2019-06-19,108.0796
P,E,2019-06-20,108.3985
P,E,2019-06-21,108.7983
P,E,2019-06-24,108.7851
P,E,2019-06-25,108.8551
P,E,2019-06-26,109.0928
P,E,2019-06-27,108.5956
P,E,2019-06-28,109.0096
P,E,2019-07-01,108.4693
P,E,2019-07-02,108.3895
P,E,2019-07-03,108.69970000000001
P,E,2019-07-04,108.7077
P,E,2019-07-05,108.7808
P,E,2019-07-08,108.6876
P,E,2019-07-09,108.6342
P,E,2019-07-10,108.7309
P,E,2019-07-11,108.8917
P,E,2019-07-12,108.8911
P,E,2019-07-15,109.1426
P,E,2019-07-16,109.3291
P,E,2019-07-17,109.1026
P,E,2019-07-18,109.3064
P,E,2019-07-19,109.3279
P,E,2019-07-22,109.9018
P,E,2019-07-23,109.9295
P,E,2019-07-24,110.2478
P,E,2019-07-25,110.2997
P,E,2019-07-26,109.6266
P,E,2019-07-29,109.7412
P,E,2019-07-30,109.6495
P,E,2019-07-31,109.6237
P,E,2019-08-01,110.1236
P,E,2019-08-02,110.5908
P,E,2019-08-05,111.3502
P,E,2019-08-06,110.868
P,E,2019-08-07,110.5953
P,E,2019-08-08,110.6449
P,E,2019-08-09,110.922
P,E,2019-08-12,111.1213
P,E,2019-08-13,111.2782
P,E,2019-08-14,111.0793
P,E,2019-08-15,111.2448
P,E,2019-08-16,111.3456
P,E,2019-08-19,111.3297
P,E,2019-08-20,111.3179
P,E,2019-08-21,111.1795
P,E,2019-08-22,110.8097
P,E,2019-08-23,110.5724
P,E,2019-08-26,111.0508
P,E,2019-08-27,110.9195
P,E,2019-08-28,110.9506
P,E,2019-08-29,110.9054
P,E,2019-08-30,110.6353
P,E,2019-09-02,111.1216
P,E,2019-09-03,111.3011
P,E,2019-09-04,111.3124
P,E,2019-09-05,111.3974
P,E,2019-09-06,110.6881
P,E,2019-09-09,110.5525
P,E,2019-09-10,110.4018
P,E,2019-09-11,110.2717
P,E,2019-09-12,110.6524
P,E,2019-09-13,110.2739
P,E,2019-09-16,110.3263
P,E,2019-09-17,110.4306
P,E,2019-09-18,109.9414
P,E,2019-09-19,110.2597
P,E,2019-09-20,110.3606
P,E,2019-09-23,111.3237
P,E,2019-09-24,111.0807
P,E,2019-09-25,111.5542
P,E,2019-09-26,111.2909
P,E,2019-09-27,111.5105
P,E,2019-09-30,111.3876
P,E,2019-10-01,110.9474
P,E,2019-10-02,110.9424
P,E,2019-10-03,110.4064
P,E,2019-10-04,110.5162
P,E,2019-10-07,110.9503
P,E,2019-10-08,110.9142
P,E,2019-10-09,110.8174
P,E,2019-10-10,110.6151
P,E,2019-10-11,109.9308
P,E,2019-10-14,109.9359
P,E,2019-10-15,109.7334
P,E,2019-10-16,109.7912
P,E,2019-10-17,109.6755
P,E,2019-10-18,109.8117
P,E,2019-10-21,109.7008
P,E,2019-10-22,109.5619
P,E,2019-10-23,109.6897
P,E,2019-10-24,109.4102
P,E,2019-10-25,109.3921
P,E,2019-10-28,109.1758
P,E,2019-10-29,109.3062
P,E,2019-10-30,109.3394
P,E,2019-10-31,109.3709
P,E,2019-11-01,109.5178
P,E,2019-11-04,109.2285
P,E,2019-11-05,109.2633
P,E,2019-11-06,109.3628
P,E,2019-11-07,109.4517
P,E,2019-11-08,109.555
P,E,2019-11-11,109.6524
P,E,2019-11-12,109.7296
P,E,2019-11-13,110.4072
P,E,2019-11-14,110.7732
P,E,2019-11-15,110.2503
P,E,2019-11-18,109.8507
P,E,2019-11-19,109.6466
P,E,2019-11-20,109.7508
P,E,2019-11-21,109.6095
P,E,2019-11-22,109.5215
P,E,2019-11-25,109.5667
P,E,2019-11-26,109.4994
P,E,2019-11-27,109.608
P,E,2019-11-28,109.4644
P,E,2019-11-29,109.4637
P,E,2019-12-02,109.3576
P,E,2019-12-03,109.8329
P,E,2019-12-04,110.0937
P,E,2019-12-05,109.7983
P,E,2019-12-06,109.9374
P,E,2019-12-09,109.9817
P,E,2019-12-10,110.3318
P,E,2019-12-11,110.4535
P,E,2019-12-12,110.29
P,E,2019-12-13,109.8398
P,E,2019-12-16,110.2113
P,E,2019-12-17,110.0357
P,E,2019-12-18,110.551
P,E,2019-12-19,110.4999
P,E,2019-12-20,110.7668
P,E,2019-12-23,111.0887
P,E,2019-12-24,110.9385
P,E,2019-12-25,111.2295
P,E,2019-12-26,110.9756
P,E,2019-12-27,111.0288
P,E,2019-12-30,110.8471
P,E,2019-12-31,111.1974
P,E,2020-01-01,111.3794
P,E,2020-01-02,111.2272
P,E,2020-01-03,111.3751
P,E,2020-01-06,111.3358
P,E,2020-01-07,111.1943
P,E,2020-01-08,111.544
P,E,2020-01-09,111.568
P,E,2020-01-10,111.5742
P,E,2020-01-13,111.5468
P,E,2020-01-14,111.7289
P,E,2020-01-15,112.1984
P,E,2020-01-16,112.2656
P,E,2020-01-17,112.2216
P,E,2020-01-20,112.3161
P,E,2020-01-21,112.2459
P,E,2020-01-22,111.8456
P,E,2020-01-23,112.2033
P,E,2020-01-24,112.4828
P,E,2020-01-27,112.7133
P,E,2020-01-28,112.9327
P,E,2020-01-29,112.3895
P,E,2020-01-30,112.6168
P,E,2020-01-31,112.6572
P,E,2020-02-03,112.9759
P,E,2020-02-04,112.6069
P,E,2020-02-05,112.5431
P,E,2020-02-06,112.6242
P,E,2020-02-07,112.9156
P,E,2020-02-10,112.837
P,E,2020-02-11,113.2774
P,E,2020-02-12,113.644
P,E,2020-02-13,113.803
P,E,2020-02-14,113.7696
P,E,2020-02-17,113.7332
P,E,2020-02-18,114.0771
P,E,2020-02-19,114.1078
P,E,2020-02-20,114.2906
P,E,2020-02-21,114.3903
P,E,2020-02-24,114.5099
P,E,2020-02-25,114.5638
P,E,2020-02-26,114.6054
P,E,2020-02-27,114.4862
P,E,2020-02-28,114.4067
P,E,2020-03-02,114.2991
P,E,2020-03-03,114.3793
P,E,2020-03-04,114.4959
P,E,2020-03-05,114.5818
P,E,2020-03-06,115.072
P,E,2020-03-09,115.2923
P,E,2020-03-10,115.2972
P,E,2020-03-11,115.262
P,E,2020-03-12,115.7784
P,E,2020-03-13,115.7202
P,E,2020-03-16,115.8516
P,E,2020-03-17,115.6302
P,E,2020-03-18,115.9038
P,E,2020-03-19,115.9121
P,E,2020-03-20,116.0364
P,E,2020-03-23,116.0006
P,E,2020-03-24,115.7546
P,E,2020-03-25,115.2658
P,E,2020-03-26,114.9374
P,E,2020-03-27,115.3897
P,E,2020-03-30,115.5491
P,E,2020-03-31,115.5152
P,E,2020-04-01,115.7796
P,E,2020-04-02,115.8143
P,E,2020-04-03,115.9288
P,E,2020-04-06,115.8882
P,E,2020-04-07,115.7355
P,E,2020-04-08,115.9141
P,E,2020-04-09,115.9008
P,E,2020-04-10,115.7446
P,E,2020-04-13,115.746
P,E,2020-04-14,115.9884
P,E,2020-04-15,115.9997
P,E,2020-04-16,116.1965
P,E,2020-04-17,116.2208
P,E,2020-04-20,116.1871
P,E,2020-04-21,116.2007
P,E,2020-04-22,116.0481
P,E,2020-04-23,116.1608
P,E,2020-04-24,116.1308
P,E,2020-04-27,115.7764
P,E,2020-04-28,115.2169
P,E,2020-04-29,115.5859
P,E,2020-04-30,115.4565
P,E,2020-05-01,115.4562
P,E,2020-05-04,115.6508
P,E,2020-05-05,115.8848
P,E,2020-05-06,115.8436
P,E,2020-05-07,115.7882
P,E,2020-05-08,115.8141
P,E,2020-05-11,115.8795
P,E,2020-05-12,115.9404
P,E,2020-05-13,115.8897
P,E,2020-05-14,115.9211
P,E,2020-05-15,115.8857
P,E,2020-05-18,115.9641
P,E,2020-05-19,114.5702
P,E,2020-05-20,115.0039
P,E,2020-05-21,114.9354
P,E,2020-05-22,115.0588
P,E,2020-05-25,115.0829
P,E,2020-05-26,114.8281
P,E,2020-05-27,114.5623
P,E,2020-05-28,114.2343
P,E,2020-05-29,113.9637
P,E,2020-06-01,114.1709
P,E,2020-06-02,113.8521
P,E,2020-06-03,112.892
P,E,2020-06-04,113.1164
P,E,2020-06-05,112.2501
P,E,2020-06-08,112.0349
P,E,2020-06-09,113.2544
P,E,2020-06-10,113.2654
P,E,2020-06-11,113.7889
P,E,2020-06-12,113.7445
P,E,2020-06-15,113.7442
P,E,2020-06-16,113.2872
P,E,2020-06-17,113.844
P,E,2020-06-18,114.0568
P,E,2020-06-19,114.3188
P,E,2020-06-22,114.3028
P,E,2020-06-23,114.198
P,E,2020-06-24,114.0826
P,E,2020-06-25,114.3018
P,E,2020-06-26,114.5002
P,E,2020-06-29,114.3104
P,E,2020-06-30,114.0206
P,E,2020-07-01,114.4754
P,E,2020-07-02,114.2654
P,E,2020-07-03,114.5064
P,E,2020-07-06,114.4642
P,E,2020-07-07,114.3678
P,E,2020-07-08,114.5518
P,E,2020-07-09,114.4814
P,E,2020-07-10,114.4954
P,E,2020-07-13,114.213
P,E,2020-07-14,114.0328
P,E,2020-07-15,113.3367
P,E,2020-07-16,112.9801
P,E,2020-07-17,112.9793
P,E,2020-07-20,112.9241
P,E,2020-07-21,113.1601
P,E,2020-07-22,112.8972
P,E,2020-07-23,113.0328
P,E,2020-07-24,113.1629
P,E,2020-07-27,112.9484
P,E,2020-07-28,112.6466
P,E,2020-07-29,112.9923
P,E,2020-07-30,113.1143
P,E,2020-07-31,112.8333
P,E,2020-08-03,112.4834
P,E,2020-08-04,112.5398
P,E,2020-08-05,112.7115
P,E,2020-08-06,112.8506
P,E,2020-08-07,112.4315
P,E,2020-08-10,112.7861
P,E,2020-08-11,112.8487
P,E,2020-08-12,112.9023
P,E,2020-08-13,112.8844
P,E,2020-08-14,113.0278
P,E,2020-08-17,113.0396
P,E,2020-08-18,112.7419
P,E,2020-08-19,112.7668
P,E,2020-08-20,112.4529
P,E,2020-08-21,113.0426
P,E,2020-08-24,113.0306
P,E,2020-08-25,113.0626
P,E,2020-08-26,113.0466
P,E,2020-08-27,113.2063
P,E,2020-08-28,113.0689
P,E,2020-08-31,113.0755
P,E,2020-09-01,112.5593
P,E,2020-09-02,112.3918
P,E,2020-09-03,112.7948
P,E,2020-09-04,112.7295
P,E,2020-09-07,112.5957
P,E,2020-09-08,112.2324
P,E,2020-09-09,112.6459
P,E,2020-09-10,113.1418
P,E,2020-09-11,112.9118
P,E,2020-09-14,113.0189
P,E,2020-09-15,112.9932
P,E,2020-09-16,113.0555
P,E,2020-09-17,113.1565
P,E,2020-09-18,112.9465
P,E,2020-09-21,112.9201
P,E,2020-09-22,113.1093
P,E,2020-09-23,112.9959
P,E,2020-09-24,112.83
P,E,2020-09-25,112.5829
P,E,2020-09-28,112.7382
P,E,2020-09-29,112.7765
P,E,2020-09-30,112.5636
P,E,2020-10-01,112.7645
P,E,2020-10-02,112.7167
P,E,2020-10-05,112.9052
P,E,2020-10-06,112.8936
P,E,2020-10-07,112.697
P,E,2020-10-08,112.675
P,E,2020-10-09,112.88720000000001
P,E,2020-10-12,112.9609
P,E,2020-10-13,113.2439
P,E,2020-10-14,113.1826
P,E,2020-10-15,113.4457
P,E,2020-10-16,113.438
P,E,2020-10-19,113.3511
P,E,2020-10-20,113.4379
P,E,2020-10-21,113.3439
P,E,2020-10-22,113.0787
P,E,2020-10-23,113.3994
P,E,2020-10-26,113.4084
P,E,2020-10-27,113.1771
P,E,2020-10-28,113.3572
P,E,2020-10-29,113.5924
P,E,2020-10-30,113.5515
P,E,2020-11-02,113.7493
P,E,2020-11-03,113.3827
P,E,2020-11-04,113.5552
P,E,2020-11-05,113.3744
P,E,2020-11-06,113.6432
P,E,2020-11-09,113.5975
P,E,2020-11-10,112.2914
P,E,2020-11-11,112.2012
P,E,2020-11-12,112.5067
P,E,2020-11-13,112.3106
P,E,2020-11-16,112.4733
P,E,2020-11-17,112.2903
P,E,2020-11-18,112.1852
P,E,2020-11-19,112.2888
P,E,2020-11-20,112.3063
P,E,2020-11-23,112.124
P,E,2020-11-24,112.0447
P,E,2020-11-25,111.6066
P,E,2020-11-26,112.0509
P,E,2020-11-27,112.1151
P,E,2020-11-30,111.95
P,E,2020-12-01,111.5489
P,E,2020-12-02,111.5287
P,E,2020-12-03,111.7866
P,E,2020-12-04,111.5477
P,E,2020-12-07,111.9628
P,E,2020-12-08,112.1019
P,E,2020-12-09,112.1803
P,E,2020-12-10,112.2407
P,E,2020-12-11,112.3002
P,E,2020-12-14,112.0951
P,E,2020-12-15,112.0182
P,E,2020-12-16,111.8089
P,E,2020-12-17,111.6749
P,E,2020-12-18,111.0982
P,E,2020-12-21,111.2379
P,E,2020-12-22,111.1291
P,E,2020-12-23,110.9128
P,E,2020-12-24,110.918
P,E,2020-12-25,110.8486
P,E,2020-12-28,110.2887
P,E,2020-12-29,110.6809
P,E,2020-12-30,110.5737
P,E,2020-12-31,110.7874
P,E,2021-01-01,110.9342
P,E,2021-01-04,110.7442
P,E,2021-01-05,110.8281
P,E,2021-01-06,110.6109
P,E,2021-01-07,110.356
P,E,2021-01-08,110.2689
P,E,2021-01-11,110.4175
P,E,2021-01-12,110.338
P,E,2021-01-13,110.3657
P,E,2021-01-14,110.6238
P,E,2021-01-15,110.6823
P,E,2021-01-18,110.8755
P,E,2021-01-19,110.6865
P,E,2021-01-20,110.5842
P,E,2021-01-21,110.5613
P,E,2021-01-22,110.5183
P,E,2021-01-25,110.4133
P,E,2021-01-26,110.3124
P,E,2021-01-27,110.4002
P,E,2021-01-28,110.3457
P,E,2021-01-29,110.2309
P,E,2021-02-01,109.7363
P,E,2021-02-02,109.7961
P,E,2021-02-03,109.7901
P,E,2021-02-04,109.6892
P,E,2021-02-05,109.6579
P,E,2021-02-08,109.3513
P,E,2021-02-09,109.4582
P,E,2021-02-10,109.5671
P,E,2021-02-11,109.5991
P,E,2021-02-12,109.4634
P,E,2021-02-15,109.3913
P,E,2021-02-16,109.4459
P,E,2021-02-17,109.3457
P,E,2021-02-18,109.0681
P,E,2021-02-19,108.7832
P,E,2021-02-22,108.3292
P,E,2021-02-23,107.7745
P,E,2021-02-24,106.8448
P,E,2021-02-25,106.3801
P,E,2021-02-26,107.4564
P,E,2021-03-01,107.2309
P,E,2021-03-02,106.623
P,E,2021-03-03,106.1362
P,E,2021-03-04,105.9048
P,E,2021-03-05,105.9765
P,E,2021-03-08,105.9864
P,E,2021-03-09,105.6596
P,E,2021-03-10,106.1135
P,E,2021-03-11,105.9852
P,E,2021-03-12,105.6491
P,E,2021-03-15,105.7656
P,E,2021-03-16,105.8741
P,E,2021-03-17,106.1713
P,E,2021-03-18,105.942
P,E,2021-03-19,105.8774
P,E,2021-03-22,106.0474
P,E,2021-03-23,105.8419
P,E,2021-03-24,105.6878
P,E,2021-03-25,105.6884
P,E,2021-03-26,105.4334
P,E,2021-03-29,105.7698
P,E,2021-03-30,105.467
P,E,2021-03-31,105.4248
P,E,2021-04-01,105.1346
P,E,2021-04-02,105.1221
P,E,2021-04-05,105.2224
P,E,2021-04-06,105.1296
P,E,2021-04-07,105.3978
P,E,2021-04-08,105.6191
P,E,2021-04-09,105.7519
P,E,2021-04-12,105.7717
P,E,2021-04-13,105.6835
P,E,2021-04-14,105.6414
P,E,2021-04-15,105.0893
P,E,2021-04-16,105.4192
P,E,2021-04-19,105.5209
P,E,2021-04-20,105.1332
P,E,2021-04-21,105.2581
P,E,2021-04-22,105.2409
P,E,2021-04-23,104.9925
P,E,2021-04-26,104.7459
P,E,2021-04-27,104.7822
P,E,2021-04-28,104.6969
P,E,2021-04-29,104.9463
P,E,2021-04-30,105.2032
P,E,2021-05-03,105.2184
P,E,2021-05-04,105.3063
P,E,2021-05-05,105.2759
P,E,2021-05-06,105.4479
P,E,2021-05-07,105.3664
P,E,2021-05-10,105.4376
P,E,2021-05-11,105.2544
P,E,2021-05-12,105.1974
P,E,2021-05-13,105.3065
P,E,2021-05-14,105.436
P,E,2021-05-17,105.2807
P,E,2021-05-18,105.1952
P,E,2021-05-19,104.8127
P,E,2021-05-20,104.8378
P,E,2021-05-21,105.0664
P,E,2021-05-24,105.0419
P,E,2021-05-25,105.0748
P,E,2021-05-26,105.0212
P,E,2021-05-27,105.0788
P,E,2021-05-28,104.9485
P,E,2021-05-31,104.6822
P,E,2021-06-01,104.4717
P,E,2021-06-02,104.6407
P,E,2021-06-03,104.5578
P,E,2021-06-04,104.6861
P,E,2021-06-07,104.7683
P,E,2021-06-08,104.8956
P,E,2021-06-09,104.8103
P,E,2021-06-10,104.939
P,E,2021-06-11,104.9426
P,E,2021-06-14,105.0026
P,E,2021-06-15,104.8903
P,E,2021-06-16,104.7822
P,E,2021-06-17,104.5095
P,E,2021-06-18,104.1987
P,E,2021-06-21,104.0349
P,E,2021-06-22,104.0753
P,E,2021-06-23,103.8513
P,E,2021-06-24,103.7485
P,E,2021-06-25,103.8828
P,E,2021-06-28,103.715
P,E,2021-06-29,103.6729
P,E,2021-06-30,103.5333
P,E,2021-07-01,103.4486
P,E,2021-07-02,103.6276
P,E,2021-07-05,103.7343
P,E,2021-07-06,103.7357
P,E,2021-07-07,103.9105
P,E,2021-07-08,104.5535
P,E,2021-07-09,104.6801
P,E,2021-07-12,104.4483
P,E,2021-07-13,104.4997
P,E,2021-07-14,104.677
P,E,2021-07-15,104.8682
P,E,2021-07-16,104.3317
P,E,2021-07-19,104.5092
P,E,2021-07-20,104.6802
P,E,2021-07-21,104.4472
P,E,2021-07-22,104.6578
P,E,2021-07-23,104.5247
P,E,2021-07-26,104.6788
P,E,2021-07-27,104.8408
P,E,2021-07-28,104.8258
P,E,2021-07-29,104.9975
P,E,2021-07-30,105.0939
P,E,2021-08-02,105.1637
P,E,2021-08-03,105.2894
P,E,2021-08-04,105.4173
P,E,2021-08-05,105.4083
P,E,2021-08-06,105.4087
P,E,2021-08-09,104.8876
P,E,2021-08-10,104.5544
P,E,2021-08-11,104.3648
P,E,2021-08-12,104.2658
P,E,2021-08-13,104.1278
P,E,2021-08-16,104.7854
P,E,2021-08-17,105.0433
P,E,2021-08-18,105.1934
P,E,2021-08-19,105.0989
P,E,2021-08-20,104.9354
P,E,2021-08-23,104.7877
P,E,2021-08-24,104.8336
P,E,2021-08-25,104.564
P,E,2021-08-26,103.9141
P,E,2021-08-27,103.7682
P,E,2021-08-30,103.5432
P,E,2021-08-31,103.3897
P,E,2021-09-01,102.9744
P,E,2021-09-02,102.8127
P,E,2021-09-03,102.5797
P,E,2021-09-06,102.3837
P,E,2021-09-07,102.3393
P,E,2021-09-08,102.018
P,E,2021-09-09,101.8825
P,E,2021-09-10,102.0566
P,E,2021-09-13,101.7492
P,E,2021-09-14,101.2808
P,E,2021-09-15,101.5266
P,E,2021-09-16,101.2094
P,E,2021-09-17,100.6564
P,E,2021-09-20,100.6688
P,E,2021-09-21,100.9489
P,E,2021-09-22,101.1905
P,E,2021-09-23,101.0161
P,E,2021-09-24,100.743
P,E,2021-09-27,100.576
P,E,2021-09-28,100.5818
P,E,2021-09-29,100.4464
P,E,2021-09-30,100.3321
P,E,2021-10-01,100.7747
P,E,2021-10-04,100.6666
P,E,2021-10-05,101.0049
P,E,2021-10-06,100.9439
P,E,2021-10-07,101.1024
P,E,2021-10-08,100.7882
P,E,2021-10-11,100.98
P,E,2021-10-12,100.8793
P,E,2021-10-13,100.8144
P,E,2021-10-14,101.1312
P,E,2021-10-15,100.9196
P,E,2021-10-18,100.7217
P,E,2021-10-19,100.7797
P,E,2021-10-20,100.4294
P,E,2021-10-21,100.8061
P,E,2021-10-22,101.0961
P,E,2021-10-25,100.9247
P,E,2021-10-26,100.8284
P,E,2021-10-27,101.2391
P,E,2021-10-28,101.184
P,E,2021-10-29,101.3581
P,E,2021-11-01,101.6806
P,E,2021-11-02,101.7399
P,E,2021-11-03,101.8263
P,E,2021-11-04,101.9543
P,E,2021-11-05,101.7087
P,E,2021-11-08,101.4698
P,E,2021-11-09,101.3421
P,E,2021-11-10,101.4925
P,E,2021-11-11,101.4657
P,E,2021-11-12,101.4347
P,E,2021-11-15,101.4847
P,E,2021-11-16,101.4123
P,E,2021-11-17,101.2807
P,E,2021-11-18,101.4955
P,E,2021-11-19,101.8448
P,E,2021-11-22,101.6375
P,E,2021-11-23,101.3089
P,E,2021-11-24,101.2517
P,E,2021-11-25,101.2469
P,E,2021-11-26,101.5361
P,E,2021-11-29,101.4188
P,E,2021-11-30,101.3027
P,E,2021-12-01,101.3928
P,E,2021-12-02,101.1571
P,E,2021-12-03,101.2846
P,E,2021-12-06,100.939
P,E,2021-12-07,100.8998
P,E,2021-12-08,100.6
P,E,2021-12-09,100.4393
P,E,2021-12-10,100.4352
P,E,2021-12-13,100.321
P,E,2021-12-14,100.3725
P,E,2021-12-15,100.1097
P,E,2021-12-16,99.6528
P,E,2021-12-17,100.0067
P,E,2021-12-20,99.8755
P,E,2021-12-21,99.8268
P,E,2021-12-22,99.3932
P,E,2021-12-23,99.414
P,E,2021-12-24,99.4749
P,E,2021-12-27,99.4134
P,E,2021-12-28,99.4644
P,E,2021-12-29,99.5313
P,E,2021-12-30,99.399
P,E,2021-12-31,99.6593
P,E,2022-01-03,99.4587
P,E,2022-01-04,99.1832
P,E,2022-01-05,99.3327
P,E,2022-01-06,99.0049
P,E,2022-01-07,98.6042
P,E,2022-01-10,98.4742
P,E,2022-01-11,97.8486
P,E,2022-01-12,97.8442
P,E,2022-01-13,98.058
P,E,2022-01-14,98.3366
P,E,2022-01-17,98.3168
P,E,2022-01-18,98.4366
P,E,2022-01-19,98.7537
P,E,2022-01-20,98.712
P,E,2022-01-21,99.0725
P,E,2022-01-24,99.2167
P,E,2022-01-25,98.6668
P,E,2022-01-26,98.5389
P,E,2022-01-27,98.4824
P,E,2022-01-28,98.5743
P,E,2022-01-31,98.012200000000007
P,E,2022-02-01,98.0979
P,E,2022-02-02,97.9851
P,E,2022-02-03,97.6946
P,E,2022-02-04,96.1399
P,E,2022-02-07,95.9117
P,E,2022-02-08,96.0146
P,E,2022-02-09,95.6644
P,E,2022-02-10,95.3322
P,E,2022-02-11,95.2055
P,E,2022-02-14,95.9674
P,E,2022-02-15,95.3797
P,E,2022-02-16,94.9981
P,E,2022-02-17,95.219
P,E,2022-02-18,95.0143
P,E,2022-02-21,95.1696
P,E,2022-02-22,95.2697
P,E,2022-02-23,94.6041
P,E,2022-02-24,95.534
P,E,2022-02-25,95.1062
P,E,2022-02-28,95.3312
P,E,2022-03-01,95.6759
P,E,2022-03-02,96.4714
P,E,2022-03-03,96.1042
P,E,2022-03-04,96.6578
P,E,2022-03-07,97.3913
P,E,2022-03-08,96.618
P,E,2022-03-09,95.8506
P,E,2022-03-10,95.3008
P,E,2022-03-11,95.3511
P,E,2022-03-14,95.0424
P,E,2022-03-15,94.2392
P,E,2022-03-16,94.1976
P,E,2022-03-17,93.6448
P,E,2022-03-18,94.0831
P,E,2022-03-21,94.4648
P,E,2022-03-22,94.4016
P,E,2022-03-23,94.4198
P,E,2022-03-24,94.6714
P,E,2022-03-25,95.1558
P,E,2022-03-28,94.3123
P,E,2022-03-29,94.2738
P,E,2022-03-30,93.9409
P,E,2022-03-31,94.1607
P,E,2022-04-01,94.8727
P,E,2022-04-04,94.8195
P,E,2022-04-05,95.3279
P,E,2022-04-06,95.0445
P,E,2022-04-07,95.356
P,E,2022-04-08,95.1801
P,E,2022-04-11,94.8626
P,E,2022-04-12,95.3573
P,E,2022-04-13,95.6739
P,E,2022-04-14,94.6393
P,E,2022-04-15,94.6819
P,E,2022-04-18,94.6087
P,E,2022-04-19,94.2697
P,E,2022-04-20,93.7392
P,E,2022-04-21,92.9474
P,E,2022-04-22,93.2528
P,E,2022-04-25,93.3804
P,E,2022-04-26,93.7813
P,E,2022-04-27,93.9613
P,E,2022-04-28,94.0366
P,E,2022-04-29,93.7714
P,E,2022-05-02,93.7853
P,E,2022-05-03,93.3029
P,E,2022-05-04,92.9368
P,E,2022-05-05,92.4034
P,E,2022-05-06,92.1797
P,E,2022-05-09,91.7435
P,E,2022-05-10,91.1663
P,E,2022-05-11,91.6384
P,E,2022-05-12,91.9288
P,E,2022-05-13,91.8666
P,E,2022-05-16,91.2236
P,E,2022-05-17,91.4339
P,E,2022-05-18,91.176
P,E,2022-05-19,93.1913
P,E,2022-05-20,92.7827
P,E,2022-05-23,92.5153
P,E,2022-05-24,92.5548
P,E,2022-05-25,92.8072
P,E,2022-05-26,92.9785
P,E,2022-05-27,92.6174
P,E,2022-05-30,92.466
P,E,2022-05-31,92.2667
P,E,2022-06-01,92.2958
P,E,2022-06-02,92.5929
P,E,2022-06-03,92.1796
P,E,2022-06-06,91.9268
P,E,2022-06-07,91.0317
P,E,2022-06-08,90.669
P,E,2022-06-09,90.3047
P,E,2022-06-10,91.0582
P,E,2022-06-13,91.0675
P,E,2022-06-14,91.319
P,E,2022-06-15,90.1904
P,E,2022-06-16,92.4695
P,E,2022-06-17,92.801
P,E,2022-06-20,92.6489
P,E,2022-06-21,92.1787
P,E,2022-06-22,92.4182
P,E,2022-06-23,92.4446
P,E,2022-06-24,92.6486
P,E,2022-06-27,92.3699
P,E,2022-06-28,92.5825
P,E,2022-06-29,93.0811
P,E,2022-06-30,93.5888
P,E,2022-07-01,93.1104
P,E,2022-07-04,93.006
P,E,2022-07-05,93.5725
P,E,2022-07-06,93.6183
P,E,2022-07-07,93.7592
P,E,2022-07-08,93.8562
P,E,2022-07-11,93.4551
P,E,2022-07-12,93.8532
P,E,2022-07-13,94.0932
P,E,2022-07-14,93.5343
P,E,2022-07-15,93.763
P,E,2022-07-18,93.2799
P,E,2022-07-19,92.6098
P,E,2022-07-20,92.6407
P,E,2022-07-21,92.62
P,E,2022-07-22,93.2939
P,E,2022-07-25,92.9836
P,E,2022-07-26,93.0053
P,E,2022-07-27,93.7967
P,E,2022-07-28,93.3728
P,E,2022-07-29,93.7166
P,E,2022-08-01,93.622
P,E,2022-08-02,93.5029
P,E,2022-08-03,93.1629
P,E,2022-08-04,92.909
P,E,2022-08-05,93.061
P,E,2022-08-08,93.0564
P,E,2022-08-09,93.1779
P,E,2022-08-10,93.3249
P,E,2022-08-11,93.4113
P,E,2022-08-12,93.5504
P,E,2022-08-15,93.9268
P,E,2022-08-16,94.2255
P,E,2022-08-17,93.6247
P,E,2022-08-18,93.4117
P,E,2022-08-19,93.7545
P,E,2022-08-22,94.2376
P,E,2022-08-23,94.2879
P,E,2022-08-24,94.5663
P,E,2022-08-25,94.0007
P,E,2022-08-26,93.9031
P,E,2022-08-29,93.985
P,E,2022-08-30,93.1161
P,E,2022-08-31,92.8565
P,E,2022-09-01,92.4763
P,E,2022-09-02,92.6942
P,E,2022-09-05,93.0074
P,E,2022-09-06,92.9084
P,E,2022-09-07,93.1769
P,E,2022-09-08,93.0916
P,E,2022-09-09,93.9299
P,E,2022-09-12,93.4461
P,E,2022-09-13,94.17
P,E,2022-09-14,94.8124
P,E,2022-09-15,94.8595
P,E,2022-09-16,94.9527
P,E,2022-09-19,94.5916
P,E,2022-09-20,94.43
P,E,2022-09-21,95.6503
P,E,2022-09-22,95.0695
P,E,2022-09-23,95.6233
P,E,2022-09-26,96.0058
P,E,2022-09-27,96.46
P,E,2022-09-28,96.6797
P,E,2022-09-29,96.6537
P,E,2022-09-30,95.694
P,E,2022-10-03,94.8707
P,E,2022-10-04,94.3585
P,E,2022-10-05,94.3702
P,E,2022-10-06,94.8845
P,E,2022-10-07,95.0305
P,E,2022-10-10,95.528
P,E,2022-10-11,95.1704
P,E,2022-10-12,95.6728
P,E,2022-10-13,95.3444
P,E,2022-10-14,94.8246
P,E,2022-10-17,94.8409
P,E,2022-10-18,94.5708
P,E,2022-10-19,94.3951
P,E,2022-10-20,94.1774
P,E,2022-10-21,94.1322
P,E,2022-10-24,94.2185
P,E,2022-10-25,93.8505
P,E,2022-10-26,93.7102
P,E,2022-10-27,93.3638
P,E,2022-10-28,93.7657
P,E,2022-10-31,93.3445
P,E,2022-11-01,93.9981
P,E,2022-11-02,93.9514
P,E,2022-11-03,93.8984
P,E,2022-11-04,93.9018
P,E,2022-11-07,93.5359
P,E,2022-11-08,93.6347
P,E,2022-11-09,93.4414
P,E,2022-11-10,94.0531
P,E,2022-11-11,93.8966
P,E,2022-11-14,94.7914
P,E,2022-11-15,94.5692
P,E,2022-11-16,94.2288
P,E,2022-11-17,94.0622
P,E,2022-11-18,93.52
P,E,2022-11-21,94.0488
P,E,2022-11-22,94.0073
P,E,2022-11-23,93.917
P,E,2022-11-24,93.865
P,E,2022-11-25,93.8585
P,E,2022-11-28,93.6175
P,E,2022-11-29,93.4755
P,E,2022-11-30,93.6826
P,E,2022-12-01,93.593
P,E,2022-12-02,93.6897
P,E,2022-12-05,93.5797
P,E,2022-12-06,93.3073
P,E,2022-12-07,93.6965
P,E,2022-12-08,93.4932
P,E,2022-12-09,93.8317
P,E,2022-12-12,94.0204
P,E,2022-12-13,93.9102
P,E,2022-12-14,93.885
P,E,2022-12-15,94.1566
P,E,2022-12-16,94.2057
P,E,2022-12-19,94.1904
P,E,2022-12-20,94.5588
P,E,2022-12-21,94.8067
P,E,2022-12-22,94.937
P,E,2022-12-23,94.5488
P,E,2022-12-26,94.4835
P,E,2022-12-27,94.5485
P,E,2022-12-28,94.6749
P,E,2022-12-29,95.2563
P,E,2022-12-30,95.3442
P,E,2023-01-02,95.0814
P,E,2023-01-03,95.0658
P,E,2023-01-04,95.5328
P,E,2023-01-05,95.5491
P,E,2023-01-06,95.247
P,E,2023-01-09,95.3909
P,E,2023-01-10,95.2654
P,E,2023-01-11,95.0065
P,E,2023-01-12,93.9898
P,E,2023-01-13,93.6102
P,E,2023-01-16,94.1725
P,E,2023-01-17,94.4135
P,E,2023-01-18,95.05
P,E,2023-01-19,95.1047
P,E,2023-01-20,94.6442
P,E,2023-01-23,94.2345
P,E,2023-01-24,94.2509
P,E,2023-01-25,93.9587
P,E,2023-01-26,94.2272
P,E,2023-01-27,94.1588
P,E,2023-01-30,94.1877
P,E,2023-01-31,94.0773
P,E,2023-02-01,94.7075
P,E,2023-02-02,94.5819
P,E,2023-02-03,94.6894
P,E,2023-02-06,95.0087
P,E,2023-02-07,95.28
P,E,2023-02-08,95.7404
P,E,2023-02-09,95.6651
P,E,2023-02-10,95.7305
P,E,2023-02-13,95.9715
P,E,2023-02-14,95.9921
P,E,2023-02-15,95.6938
P,E,2023-02-16,95.9308
P,E,2023-02-17,95.5419
P,E,2023-02-20,96.0888
P,E,2023-02-21,96.203
P,E,2023-02-22,96.1351
P,E,2023-02-23,96.0532
P,E,2023-02-24,95.9609
P,E,2023-02-27,95.6534
P,E,2023-02-28,95.5554
P,E,2023-03-01,95.3229
P,E,2023-03-02,95.1423
P,E,2023-03-03,95.6647
P,E,2023-03-06,95.9172
P,E,2023-03-07,95.8827
P,E,2023-03-08,96.0058
P,E,2023-03-09,96.4098
P,E,2023-03-10,96.9927
P,E,2023-03-13,97.9974
P,E,2023-03-14,97.8723
P,E,2023-03-15,97.5154
P,E,2023-03-16,97.2013
P,E,2023-03-17,97.1146
P,E,2023-03-20,96.5822
P,E,2023-03-21,96.255
P,E,2023-03-22,96.4643
P,E,2023-03-23,96.2945
P,E,2023-03-24,97.4961
P,E,2023-03-27,97.3825
P,E,2023-03-28,96.9447
P,E,2023-03-29,96.5433
P,E,2023-03-30,96.6433
P,E,2023-03-31,96.5456
P,E,2023-04-03,96.8609
P,E,2023-04-04,96.8778
P,E,2023-04-05,97.4093
P,E,2023-04-06,97.9695
P,E,2023-04-07,97.9263
P,E,2023-04-10,97.8724
P,E,2023-04-11,98.1276
P,E,2023-04-12,98.1709
P,E,2023-04-13,98.6776
P,E,2023-04-14,98.6974
P,E,2023-04-17,98.8172
P,E,2023-04-18,98.6219
P,E,2023-04-19,98.6606
P,E,2023-04-20,98.8296
P,E,2023-04-21,99.2217
P,E,2023-04-24,99.2719
P,E,2023-04-25,99.4135
P,E,2023-04-26,99.047
P,E,2023-04-27,98.7034
P,E,2023-04-28,98.9351
P,E,2023-05-01,99.0811
P,E,2023-05-02,98.8598
P,E,2023-05-03,99.4467
P,E,2023-05-04,99.4552
P,E,2023-05-05,99.137200000000007
P,E,2023-05-08,99.4681
P,E,2023-05-09,99.5698
P,E,2023-05-10,100.0023
P,E,2023-05-11,99.7728
P,E,2023-05-12,100.2492
P,E,2023-05-15,100.1229
P,E,2023-05-16,100.3857
P,E,2023-05-17,100.1496
P,E,2023-05-18,100.2537
P,E,2023-05-19,100.2459
P,E,2023-05-22,100.8867
P,E,2023-05-23,100.5518
P,E,2023-05-24,100.5271
P,E,2023-05-25,100.6193
P,E,2023-05-26,100.7927
P,E,2023-05-29,100.9661
P,E,2023-05-30,101.0103
P,E,2023-05-31,100.7291
P,E,2023-06-01,100.6508
P,E,2023-06-02,100.5185
P,E,2023-06-05,100.5766
P,E,2023-06-06,101.0903
P,E,2023-06-07,101.1658
P,E,2023-06-08,100.6799
P,E,2023-06-09,101.3109
P,E,2023-06-12,101.0239
P,E,2023-06-13,100.5305
P,E,2023-06-14,100.6909
P,E,2023-06-15,100.575
P,E,2023-06-16,100.9267
P,E,2023-06-19,100.7534
P,E,2023-06-20,100.4652
P,E,2023-06-21,100.6258
P,E,2023-06-22,100.3863
P,E,2023-06-23,100.9947
P,E,2023-06-26,101.2605
P,E,2023-06-27,100.8996
P,E,2023-06-28,100.7898
P,E,2023-06-29,100.9341
P,E,2023-06-30,101.1867
P,E,2023-07-03,101.0087
P,E,2023-07-04,101.2699
P,E,2023-07-05,101.0779
P,E,2023-07-06,101.3513
P,E,2023-07-07,101.4014
P,E,2023-07-10,101.3066
P,E,2023-07-11,101.7963
P,E,2023-07-12,102.0119
P,E,2023-07-13,102.4621
P,E,2023-07-14,102.4577
P,E,2023-07-17,102.1558
P,E,2023-07-18,102.1029
P,E,2023-07-19,102.1439
P,E,2023-07-20,102.4092
P,E,2023-07-21,102.0986
P,E,2023-07-24,102.4162
P,E,2023-07-25,102.3706
P,E,2023-07-26,102.8789
P,E,2023-07-27,103.0317
P,E,2023-07-28,102.8268
P,E,2023-07-31,102.156
P,E,2023-08-01,101.9629
P,E,2023-08-02,101.7767
P,E,2023-08-03,102.2786
P,E,2023-08-04,102.05
P,E,2023-08-07,101.8967
P,E,2023-08-08,102.0036
P,E,2023-08-09,101.8606
P,E,2023-08-10,101.6953
P,E,2023-08-11,101.4473
P,E,2023-08-14,101.8843
P,E,2023-08-15,102.1419
P,E,2023-08-16,101.8862
P,E,2023-08-17,102.2188
P,E,2023-08-18,102.1352
P,E,2023-08-21,101.9473
P,E,2023-08-22,102.0202
P,E,2023-08-23,102.5257
P,E,2023-08-24,102.2385
P,E,2023-08-25,102.2159
P,E,2023-08-28,102.2386
P,E,2023-08-29,102.0667
P,E,2023-08-30,102.1553
P,E,2023-08-31,101.8788
P,E,2023-09-01,101.9408
P,E,2023-09-04,102.243
P,E,2023-09-05,102.2935
P,E,2023-09-06,102.2113
P,E,2023-09-07,102.1881
P,E,2023-09-08,102.3091
P,E,2023-09-11,102.0902
P,E,2023-09-12,102.204
P,E,2023-09-13,101.8632
P,E,2023-09-14,101.8365
P,E,2023-09-15,102.2566
P,E,2023-09-18,102.197
P,E,2023-09-19,101.9994
P,E,2023-09-20,101.7984
P,E,2023-09-21,101.0774
P,E,2023-09-22,101.3202
P,E,2023-09-25,101.0965
P,E,2023-09-26,101.0998
P,E,2023-09-27,100.9991
P,E,2023-09-28,101.2077
P,E,2023-09-29,101.3066
P,E,2023-10-02,101.5612
P,E,2023-10-03,101.3884
P,E,2023-10-04,101.5259
P,E,2023-10-05,101.4662
P,E,2023-10-06,101.5875
P,E,2023-10-09,101.9318
P,E,2023-10-10,102.0533
P,E,2023-10-11,102.1692
P,E,2023-10-12,102.3305
P,E,2023-10-13,102.283
P,E,2023-10-16,102.8688
P,E,2023-10-17,102.9184
P,E,2023-10-18,102.8891
P,E,2023-10-19,103.3076
P,E,2023-10-20,103.7188
P,E,2023-10-23,103.4481
P,E,2023-10-24,103.1219
P,E,2023-10-25,103.3548
P,E,2023-10-26,103.2112
P,E,2023-10-27,102.9524
P,E,2023-10-30,102.4611
P,E,2023-10-31,101.8302
P,E,2023-11-01,102.0625
P,E,2023-11-02,102.0863
P,E,2023-11-03,101.7288
P,E,2023-11-06,101.6983
P,E,2023-11-07,101.8409
P,E,2023-11-08,101.829
P,E,2023-11-09,101.6691
P,E,2023-11-10,101.6823
P,E,2023-11-13,101.5866
P,E,2023-11-14,101.4186
P,E,2023-11-15,101.5408
P,E,2023-11-16,101.5344
P,E,2023-11-17,101.7021
P,E,2023-11-20,101.4993
P,E,2023-11-21,101.2756
P,E,2023-11-22,101.6492
P,E,2023-11-23,101.6676
P,E,2023-11-24,101.6806
P,E,2023-11-27,101.5962
P,E,2023-11-28,101.7379
P,E,2023-11-29,101.9454
P,E,2023-11-30,102.6336
P,E,2023-12-01,103.0357
P,E,2023-12-04,103.4351
P,E,2023-12-05,103.7287
P,E,2023-12-06,104.0589
P,E,2023-12-07,104.3167
P,E,2023-12-08,104.1488
P,E,2023-12-11,103.8426
P,E,2023-12-12,103.7155
P,E,2023-12-13,104.0297
P,E,2023-12-14,103.5267
P,E,2023-12-15,103.5833
P,E,2023-12-18,103.7495
P,E,2023-12-19,103.8668
P,E,2023-12-20,104.2515
P,E,2023-12-21,104.4178
P,E,2023-12-22,104.6595
P,E,2023-12-25,104.6879
P,E,2023-12-26,104.7191
P,E,2023-12-27,104.7495
P,E,2023-12-28,106.1554
P,E,2023-12-29,106.3333
P,E,2024-01-01,106.2434
P,E,2024-01-02,106.1535
P,E,2024-01-03,106.063
P,E,2024-01-04,106.0442
P,E,2024-01-05,106.1463
P,E,2024-01-08,106.2094
P,E,2024-01-09,106.3182
P,E,2024-01-10,105.9987
P,E,2024-01-11,106.0104
P,E,2024-01-12,105.6868
P,E,2024-01-15,105.8547
P,E,2024-01-16,105.6247
P,E,2024-01-17,105.5761
P,E,2024-01-18,105.2212
P,E,2024-01-19,104.7559
P,E,2024-01-22,104.7238
P,E,2024-01-23,104.7911
P,E,2024-01-24,105.0145
P,E,2024-01-25,105.3015
P,E,2024-01-26,105.6312
P,E,2024-01-29,106.221
P,E,2024-01-30,106.0678
P,E,2024-01-31,106.1489
P,E,2024-02-01,106.4084
P,E,2024-02-02,106.3233
P,E,2024-02-05,105.9628
P,E,2024-02-06,105.9754
P,E,2024-02-07,105.7238
P,E,2024-02-08,105.4149
P,E,2024-02-09,105.2263
P,E,2024-02-12,105.2621
P,E,2024-02-13,104.7742
P,E,2024-02-14,104.5487
P,E,2024-02-15,104.7234
P,E,2024-02-16,104.6497
P,E,2024-02-19,104.5966
P,E,2024-02-20,104.3155
P,E,2024-02-21,104.4285
P,E,2024-02-22,104.3412
P,E,2024-02-23,104.1552
P,E,2024-02-26,104.1649
P,E,2024-02-27,104.0986
P,E,2024-02-28,104.4058
P,E,2024-02-29,104.3357
P,E,2024-03-01,103.8391
P,E,2024-03-04,103.8475
P,E,2024-03-05,103.471
P,E,2024-03-06,103.3926
P,E,2024-03-07,103.6089
P,E,2024-03-08,103.8129
P,E,2024-03-11,103.8262
P,E,2024-03-12,103.9528
P,E,2024-03-13,103.7145
P,E,2024-03-14,103.4522
P,E,2024-03-15,103.4906
P,E,2024-03-18,103.3668
P,E,2024-03-19,103.5172
P,E,2024-03-20,103.1431
P,E,2024-03-21,102.0855
P,E,2024-03-22,102.2896
P,E,2024-03-25,102.5647
P,E,2024-03-26,101.8752
P,E,2024-03-27,101.6387
P,E,2024-03-28,102.0141
P,E,2024-03-29,102.0534
P,E,2024-04-01,102.0918
P,E,2024-04-02,102.1245
P,E,2024-04-03,101.7311
P,E,2024-04-04,101.1617
P,E,2024-04-05,101.6267
P,E,2024-04-08,101.4788
P,E,2024-04-09,101.2561
P,E,2024-04-10,101.2883
P,E,2024-04-11,101.2513
P,E,2024-04-12,101.9822
P,E,2024-04-15,102.1064
P,E,2024-04-16,102.3618
P,E,2024-04-17,102.4939
P,E,2024-04-18,102.2464
P,E,2024-04-19,102.5329
P,E,2024-04-22,102.1304
P,E,2024-04-23,101.848
P,E,2024-04-24,101.4235
P,E,2024-04-25,101.1621
P,E,2024-04-26,101.1324
P,E,2024-04-29,101.4084
P,E,2024-04-30,101.2654
P,E,2024-05-01,101.2477
P,E,2024-05-02,101.2342
P,E,2024-05-03,101.4301
P,E,2024-05-06,101.524
P,E,2024-05-07,101.1992
P,E,2024-05-08,101.3165
P,E,2024-05-09,101.2601
P,E,2024-05-10,101.203
P,E,2024-05-13,101.1432
P,E,2024-05-14,101.0268
P,E,2024-05-15,100.8812
P,E,2024-05-16,100.8189
P,E,2024-05-17,100.3267
P,E,2024-05-20,100.1776
P,E,2024-05-21,100.0298
P,E,2024-05-22,99.8746
P,E,2024-05-23,99.7855
P,E,2024-05-24,99.8926
P,E,2024-05-27,99.7215
P,E,2024-05-28,99.8089
P,E,2024-05-29,100.042
P,E,2024-05-30,100.8579
P,E,2024-05-31,100.8142
P,E,2024-06-03,101.1396
P,E,2024-06-04,101.6267
P,E,2024-06-05,101.9724
P,E,2024-06-06,101.9904
P,E,2024-06-07,102.2053
P,E,2024-06-10,102.5812
P,E,2024-06-11,102.6747
P,E,2024-06-12,102.7067
P,E,2024-06-13,102.2793
P,E,2024-06-14,103.7422
P,E,2024-06-17,103.654
P,E,2024-06-18,103.8574
P,E,2024-06-19,104.1992
P,E,2024-06-20,103.8017
P,E,2024-06-21,103.7823
P,E,2024-06-24,103.3385
P,E,2024-06-25,103.1974
P,E,2024-06-26,103.1844
P,E,2024-06-27,103.17
P,E,2024-06-28,102.8701
P,E,2024-07-01,102.1487
P,E,2024-07-02,102.1601
P,E,2024-07-03,101.8734
P,E,2024-07-04,101.7546
P,E,2024-07-05,101.856
P,E,2024-07-08,102.1065
P,E,2024-07-09,101.9288
P,E,2024-07-10,102.1773
P,E,2024-07-11,101.7818
P,E,2024-07-12,101.7238
P,E,2024-07-15,101.7529
P,E,2024-07-16,101.7334
P,E,2024-07-17,102.2787
P,E,2024-07-18,102.7448
P,E,2024-07-19,102.8077
P,E,2024-07-22,102.8195
P,E,2024-07-23,102.6807
P,E,2024-07-24,103.2282
P,E,2024-07-25,104.1427
P,E,2024-07-26,103.8116
P,E,2024-07-29,103.822
P,E,2024-07-30,103.8367
P,E,2024-07-31,104.4413
P,E,2024-08-01,105.089
P,E,2024-08-02,105.7451
P,E,2024-08-05,107.1075
P,E,2024-08-06,106.8085
P,E,2024-08-07,106.4356
P,E,2024-08-08,106.2904
P,E,2024-08-09,105.6728
P,E,2024-08-12,105.2879
P,E,2024-08-13,105.4222
P,E,2024-08-14,105.1182
P,E,2024-08-15,104.8297
P,E,2024-08-16,104.7882
P,E,2024-08-19,104.749
P,E,2024-08-20,104.9355
P,E,2024-08-21,105.1859
P,E,2024-08-22,105.4521
P,E,2024-08-23,105.562
P,E,2024-08-26,105.789
P,E,2024-08-27,105.6873
P,E,2024-08-28,106.506
P,E,2024-08-29,106.8853
P,E,2024-08-30,106.4451
P,E,2024-09-02,106.3955
P,E,2024-09-03,106.2054
P,E,2024-09-04,106.6864
P,E,2024-09-05,106.5476
P,E,2024-09-06,107.0058
P,E,2024-09-09,106.7185
P,E,2024-09-10,106.8316
P,E,2024-09-11,107.077
P,E,2024-09-12,106.2368
P,E,2024-09-13,106.2211
P,E,2024-09-16,106.382
P,E,2024-09-17,106.2895
P,E,2024-09-18,106.3413
P,E,2024-09-19,105.7212
P,E,2024-09-20,105.4735
P,E,2024-09-23,105.6691
P,E,2024-09-24,105.5534
P,E,2024-09-25,105.2856
P,E,2024-09-26,105.2506
P,E,2024-09-27,105.749
P,E,2024-09-30,105.3415
P,E,2024-10-01,105.7491
P,E,2024-10-02,106.0983
P,E,2024-10-03,105.8113
P,E,2024-10-04,105.7698
P,E,2024-10-07,105.4323
P,E,2024-10-08,105.6153
P,E,2024-10-09,105.5347
P,E,2024-10-10,105.3146
P,E,2024-10-11,105.6487
P,E,2024-10-14,105.3317
P,E,2024-10-15,105.2123
P,E,2024-10-16,105.3316
P,E,2024-10-17,105.2237
P,E,2024-10-18,105.1602
P,E,2024-10-21,105.083
P,E,2024-10-22,105.2102
P,E,2024-10-23,105.4083
P,E,2024-10-24,105.3353
P,E,2024-10-25,104.9429
P,E,2024-10-28,104.9179
P,E,2024-10-29,104.9628
P,E,2024-10-30,104.5989
P,E,2024-10-31,104.4921
P,E,2024-11-01,104.1925
P,E,2024-11-04,104.3167
P,E,2024-11-05,104.5017
P,E,2024-11-06,104.3098
P,E,2024-11-07,104.1177
P,E,2024-11-08,104.3244
P,E,2024-11-11,104.444
P,E,2024-11-12,104.4468
P,E,2024-11-13,104.394
P,E,2024-11-14,104.6272
P,E,2024-11-15,104.327
P,E,2024-11-18,104.5462
P,E,2024-11-19,104.9605
P,E,2024-11-20,104.6445
P,E,2024-11-21,105.2246
P,E,2024-11-22,105.6837
P,E,2024-11-25,104.8348
P,E,2024-11-26,105.0227
P,E,2024-11-27,105.2812
P,E,2024-11-28,104.8822
P,E,2024-11-29,105.0324
P,E,2024-12-02,104.8733
P,E,2024-12-03,104.8998
P,E,2024-12-04,104.8277
P,E,2024-12-05,104.8156
P,E,2024-12-06,105.0268
P,E,2024-12-09,105.0407
P,E,2024-12-10,105.2868
P,E,2024-12-11,105.0914
P,E,2024-12-12,104.6897
P,E,2024-12-13,104.0472
P,E,2024-12-16,104.2777
P,E,2024-12-17,103.6601
P,E,2024-12-18,103.9654
P,E,2024-12-19,104.473
P,E,2024-12-20,104.8579
P,E,2024-12-23,104.5603
P,E,2024-12-24,104.0966
P,E,2024-12-25,104.0356
P,E,2024-12-26,103.975
P,E,2024-12-27,103.9146
P,E,2024-12-30,103.4715
P,E,2024-12-31,103.3873
P,E,2025-01-01,103.5987
P,E,2025-01-02,103.8151
P,E,2025-01-03,104.0326
P,E,2025-01-06,103.7286
P,E,2025-01-07,103.2028
P,E,2025-01-08,103.4133
P,E,2025-01-09,103.5645
P,E,2025-01-10,103.3924
P,E,2025-01-13,104.072
P,E,2025-01-14,103.5136
P,E,2025-01-15,103.4546
P,E,2025-01-16,103.7734
P,E,2025-01-17,103.6478
P,E,2025-01-20,103.2606
P,E,2025-01-21,103.1473
P,E,2025-01-22,102.963
P,E,2025-01-23,102.9464
P,E,2025-01-24,102.4948
P,E,2025-01-27,102.8699
P,E,2025-01-28,102.9162
P,E,2025-01-29,103.1841
P,E,2025-01-30,103.0036
P,E,2025-01-31,102.9061
P,E,2025-02-03,103.707
P,E,2025-02-04,103.5143
P,E,2025-02-05,103.7136
P,E,2025-02-06,103.8759
P,E,2025-02-07,103.5116
P,E,2025-02-10,103.7198
P,E,2025-02-11,103.6551
P,E,2025-02-12,103.3201
P,E,2025-02-13,103.1522
P,E,2025-02-14,103.3237
P,E,2025-02-17,103.6044
P,E,2025-02-18,103.7742
P,E,2025-02-19,103.6748
P,E,2025-02-20,103.9571
P,E,2025-02-21,104.0642
P,E,2025-02-24,104.0736
P,E,2025-02-25,104.464
P,E,2025-02-26,104.472
P,E,2025-02-27,104.3333
P,E,2025-02-28,104.7858
P,E,2025-03-03,104.6558
P,E,2025-03-04,104.9839
P,E,2025-03-05,103.7234
P,E,2025-03-06,102.9549
P,E,2025-03-07,103.278
P,E,2025-03-10,103.6413
P,E,2025-03-11,102.6483
P,E,2025-03-12,102.4013
P,E,2025-03-13,102.998
P,E,2025-03-14,103.0279
P,E,2025-03-17,102.879
P,E,2025-03-18,102.8184
P,E,2025-03-19,103.4729
P,E,2025-03-20,103.5806
P,E,2025-03-21,103.7324
P,E,2025-03-24,103.8118
P,E,2025-03-25,104.0385
P,E,2025-03-26,104.1081
P,E,2025-03-27,104.3413
P,E,2025-03-28,104.5417
P,E,2025-03-31,104.2853
P,E,2025-04-01,104.2036
P,E,2025-04-02,104.169
P,E,2025-04-03,104.3654
P,E,2025-04-04,105.7521
P,E,2025-04-07,106.3124
P,E,2025-04-08,105.8916
P,E,2025-04-09,107.0569
P,E,2025-04-10,106.5184
P,E,2025-04-11,107.1076
P,E,2025-04-14,106.9988
P,E,2025-04-15,107.655
P,E,2025-04-16,107.0929
P,E,2025-04-17,107.0619
P,E,2025-04-18,106.9355
P,E,2025-04-21,106.8083
P,E,2025-04-22,106.6805
P,E,2025-04-23,106.0685
P,E,2025-04-24,105.6543
P,E,2025-04-25,105.4229
P,E,2025-04-28,105.4498
P,E,2025-04-29,105.7768
P,E,2025-04-30,105.8281
P,E,2025-05-01,105.9518
P,E,2025-05-02,106.0773
P,E,2025-05-05,106.2794
P,E,2025-05-06,106.4006
P,E,2025-05-07,105.8721
P,E,2025-05-08,106.3928
P,E,2025-05-09,106.2336
P,E,2025-05-12,105.8884
P,E,2025-05-13,106.3461
P,E,2025-05-14,105.6813
P,E,2025-05-15,105.837
P,E,2025-05-16,106.0968
P,E,2025-05-19,105.8153
P,E,2025-05-20,105.9945
P,E,2025-05-21,106.199
P,E,2025-05-22,106.2783
P,E,2025-05-23,105.8885
P,E,2025-05-26,106.1098
P,E,2025-05-27,106.0134
P,E,2025-05-28,105.9798
P,E,2025-05-29,106.1643
P,E,2025-05-30,106.3463
P,E,2025-06-02,106.2693
P,E,2025-06-03,106.2056
P,E,2025-06-04,105.8815
P,E,2025-06-05,105.9866
P,E,2025-06-06,105.7633
P,E,2025-06-09,105.8476
P,E,2025-06-10,105.9314
P,E,2025-06-11,105.5832
P,E,2025-06-12,105.4934
P,E,2025-06-13,105.8963
P,E,2025-06-16,105.5
P,E,2025-06-17,105.6535
P,E,2025-06-18,105.5322
P,E,2025-06-19,105.8764
P,E,2025-06-20,105.4654
P,E,2025-06-23,105.566
P,E,2025-06-24,105.4079
P,E,2025-06-25,106.0231
P,E,2025-06-26,105.7097
P,E,2025-06-27,106.0047
P,E,2025-06-30,105.9415
P,E,2025-07-01,106.3008
P,E,2025-07-02,106.1752
P,E,2025-07-03,106.0238
P,E,2025-07-04,106.0256
P,E,2025-07-07,105.9575
P,E,2025-07-08,105.8147
P,E,2025-07-09,106.1556
P,E,2025-07-10,106.1655
P,E,2025-07-11,106.2722
P,E,2025-07-14,106.2949
P,E,2025-07-15,106.3903
P,E,2025-07-16,106.2298
P,E,2025-07-17,106.1506
P,E,2025-07-18,105.9757
P,E,2025-07-21,106.1554
P,E,2025-07-22,106.0583
P,E,2025-07-23,106.3304
P,E,2025-07-24,105.9198
P,E,2025-07-25,105.7641
P,E,2025-07-28,105.9262
P,E,2025-07-29,106.1183
P,E,2025-07-30,106.329
P,E,2025-07-31,106.2104
P,E,2025-08-01,105.9529
P,E,2025-08-04,105.6946
P,E,2025-08-05,105.6217
P,E,2025-08-06,105.5454
P,E,2025-08-07,104.937
P,E,2025-08-08,105.0113
P,E,2025-08-11,104.8812
P,E,2025-08-12,105.0356
P,E,2025-08-13,104.9976
P,E,2025-08-14,104.9748
P,E,2025-08-15,105.0713
P,E,2025-08-18,104.8025
P,E,2025-08-19,105.0309
P,E,2025-08-20,105.1265
P,E,2025-08-21,105.3195
P,E,2025-08-22,105.3021
P,E,2025-08-25,105.3263
P,E,2025-08-26,105.4906
P,E,2025-08-27,105.8018
P,E,2025-08-28,105.9955
P,E,2025-08-29,105.7643
P,E,2025-09-01,105.4896
P,E,2025-09-02,105.562
P,E,2025-09-03,105.4883
P,E,2025-09-04,105.4519
P,E,2025-09-05,105.3534
P,E,2025-09-08,105.9153
P,E,2025-09-09,106.0062
P,E,2025-09-10,105.9479
P,E,2025-09-11,105.7824
P,E,2025-09-12,105.8131
P,E,2025-09-15,105.7883
P,E,2025-09-16,105.7896
P,E,2025-09-17,106.0273
P,E,2025-09-18,105.885
P,E,2025-09-19,105.6434
P,E,2025-09-22,105.7568
P,E,2025-09-23,105.697
P,E,2025-09-24,105.6806
P,E,2025-09-25,105.6553
P,E,2025-09-26,105.7465
P,E,2025-09-29,105.766
P,E,2025-09-30,105.4371
P,G,2000-11-30,99.4306
P,G,2000-12-01,99.2909
P,G,2000-12-04,99.3234
P,G,2000-12-05,99.6697
P,G,2000-12-06,99.5767
P,G,2000-12-07,99.6441
P,G,2000-12-08,99.6381
P,G,2000-12-11,99.6242
P,G,2000-12-12,99.8954
P,G,2000-12-13,99.78
P,G,2000-12-14,99.9713
P,G,2000-12-15,100.432
P,G,2000-12-18,100.3787
P,G,2000-12-19,100.1834
P,G,2000-12-20,100.0296
P,G,2000-12-21,100.042
P,G,2000-12-22,99.9861
P,G,2000-12-25,100.2123
P,G,2000-12-26,100.4847
P,G,2000-12-27,100.7038
P,G,2000-12-28,100.4059
P,G,2000-12-29,100.7635
P,G,2001-01-01,101.0442
P,G,2001-01-02,101.3843
P,G,2001-01-03,101.7231
P,G,2001-01-04,101.4675
P,G,2001-01-05,101.2438
P,G,2001-01-08,101.17
P,G,2001-01-09,101.1459
P,G,2001-01-10,101.1545
P,G,2001-01-11,100.8821
P,G,2001-01-12,100.6765
P,G,2001-01-15,99.9359
P,G,2001-01-16,100.2864
P,G,2001-01-17,100.1043
P,G,2001-01-18,100.5411
P,G,2001-01-19,101.0615
P,G,2001-01-22,100.3199
P,G,2001-01-23,100.6003
P,G,2001-01-24,100.4501
P,G,2001-01-25,100.145
P,G,2001-01-26,100.4979
P,G,2001-01-29,100.3769
P,G,2001-01-30,100.5709
P,G,2001-01-31,100.5248
P,G,2001-02-01,100.6354
P,G,2001-02-02,100.4342
P,G,2001-02-05,100.2073
P,G,2001-02-06,100.1672
P,G,2001-02-07,99.9074
P,G,2001-02-08,100.2328
P,G,2001-02-09,100.0903
P,G,2001-02-12,100.2105
P,G,2001-02-13,100.1178
P,G,2001-02-14,100.0119
P,G,2001-02-15,99.781
P,G,2001-02-16,99.5763
P,G,2001-02-19,99.9825
P,G,2001-02-20,99.7395
P,G,2001-02-21,99.8475
P,G,2001-02-22,100.1843
P,G,2001-02-23,100.4034
P,G,2001-02-26,100.1576
P,G,2001-02-27,100.274
P,G,2001-02-28,100.4305
P,G,2001-03-01,100.5213
P,G,2001-03-02,100.9883
P,G,2001-03-05,100.8198
P,G,2001-03-06,100.7515
P,G,2001-03-07,100.9365
P,G,2001-03-08,100.7192
P,G,2001-03-09,100.5255
P,G,2001-03-12,100.6073
P,G,2001-03-13,100.4725
P,G,2001-03-14,100.02
P,G,2001-03-15,99.953
P,G,2001-03-16,99.4766
P,G,2001-03-19,99.8348
P,G,2001-03-20,100.1453
P,G,2001-03-21,99.813
P,G,2001-03-22,99.7694
P,G,2001-03-23,99.6232
P,G,2001-03-26,99.4692
P,G,2001-03-27,99.3523
P,G,2001-03-28,99.3598
P,G,2001-03-29,99.3286
P,G,2001-03-30,99.5441
P,G,2001-04-02,99.3993
P,G,2001-04-03,99.731
P,G,2001-04-04,100.2806
P,G,2001-04-05,100.1409
P,G,2001-04-06,100.2078
P,G,2001-04-09,100.1604
P,G,2001-04-10,99.8625
P,G,2001-04-11,99.7328
P,G,2001-04-12,100.0276
P,G,2001-04-13,99.8529
P,G,2001-04-16,99.7067
P,G,2001-04-17,99.5039
P,G,2001-04-18,99.2963
P,G,2001-04-19,98.9969
P,G,2001-04-20,99.6598
P,G,2001-04-23,99.9316
P,G,2001-04-24,99.9617
P,G,2001-04-25,99.4761
P,G,2001-04-26,99.5453
P,G,2001-04-27,99.3933
P,G,2001-04-30,98.9067
P,G,2001-05-01,98.7381
P,G,2001-05-02,98.541
P,G,2001-05-03,98.6587
P,G,2001-05-04,98.5761
P,G,2001-05-07,98.4429
P,G,2001-05-08,98.3557
P,G,2001-05-09,98.3936
P,G,2001-05-10,98.5246
P,G,2001-05-11,98.4355
P,G,2001-05-14,98.436
P,G,2001-05-15,98.6291
P,G,2001-05-16,98.8852
P,G,2001-05-17,98.8064
P,G,2001-05-18,98.5219
P,G,2001-05-21,98.3858
P,G,2001-05-22,98.2716
P,G,2001-05-23,98.0391
P,G,2001-05-24,98.0231
P,G,2001-05-25,98.0111
P,G,2001-05-28,98.0044
P,G,2001-05-29,97.8559
P,G,2001-05-30,97.9225
P,G,2001-05-31,97.8282
P,G,2001-06-01,97.8546
P,G,2001-06-04,98.0184
P,G,2001-06-05,98.2152
P,G,2001-06-06,98.5187
P,G,2001-06-07,97.9731
P,G,2001-06-08,98.1109
P,G,2001-06-11,98.087
P,G,2001-06-12,98.1176
P,G,2001-06-13,98.287
P,G,2001-06-14,98.2135
P,G,2001-06-15,98.5357
P,G,2001-06-18,98.3376
P,G,2001-06-19,98.2279
P,G,2001-06-20,98.2032
P,G,2001-06-21,98.4836
P,G,2001-06-22,98.6799
P,G,2001-06-25,98.9515
P,G,2001-06-26,98.9992
P,G,2001-06-27,98.8799
P,G,2001-06-28,98.7835
P,G,2001-06-29,98.3194
P,G,2001-07-02,98.3413
P,G,2001-07-03,98.3275
P,G,2001-07-04,98.3497
P,G,2001-07-05,98.2893
P,G,2001-07-06,98.2521
P,G,2001-07-09,98.7592
P,G,2001-07-10,98.8545
P,G,2001-07-11,99.5407
P,G,2001-07-12,99.3342
P,G,2001-07-13,99.7002
P,G,2001-07-16,99.9185
P,G,2001-07-17,99.803
P,G,2001-07-18,100.494
P,G,2001-07-19,101.0786
P,G,2001-07-20,100.8753
P,G,2001-07-23,100.8551
P,G,2001-07-24,100.8466
P,G,2001-07-25,101.0383
P,G,2001-07-26,100.9152
P,G,2001-07-27,100.9166
P,G,2001-07-30,100.7081
P,G,2001-07-31,100.7478
P,G,2001-08-01,100.8905
P,G,2001-08-02,101.0007
P,G,2001-08-03,101.1265
P,G,2001-08-06,101.2158
P,G,2001-08-07,101.1316
P,G,2001-08-08,101.1626
P,G,2001-08-09,101.6278
P,G,2001-08-10,101.6364
P,G,2001-08-13,101.311
P,G,2001-08-14,101.3393
P,G,2001-08-15,101.7231
P,G,2001-08-16,101.7396
P,G,2001-08-17,101.7119
P,G,2001-08-20,101.8519
P,G,2001-08-21,101.8244
P,G,2001-08-22,101.8969
P,G,2001-08-23,101.6292
P,G,2001-08-24,101.6535
P,G,2001-08-27,101.5227
P,G,2001-08-28,101.4561
P,G,2001-08-29,101.6082
P,G,2001-08-30,101.5765
P,G,2001-08-31,101.903
P,G,2001-09-03,101.5955
P,G,2001-09-04,101.1368
P,G,2001-09-05,101.2057
P,G,2001-09-06,101.1308
P,G,2001-09-07,101.5023
P,G,2001-09-10,101.5694
P,G,2001-09-11,101.7286
P,G,2001-09-12,102.4099
P,G,2001-09-13,102.7055
P,G,2001-09-14,103.2478
P,G,2001-09-17,104.9219
P,G,2001-09-18,104.9152
P,G,2001-09-19,105.3025
P,G,2001-09-20,105.7068
P,G,2001-09-21,107.4514
P,G,2001-09-24,106.9164
P,G,2001-09-25,106.9054
P,G,2001-09-26,106.2369
P,G,2001-09-27,105.5334
P,G,2001-09-28,105.5846
P,G,2001-10-01,105.3213
P,G,2001-10-02,105.4452
P,G,2001-10-03,105.3875
P,G,2001-10-04,105.2032
P,G,2001-10-05,105.3343
P,G,2001-10-08,106.0938
P,G,2001-10-09,105.897
P,G,2001-10-10,105.407
P,G,2001-10-11,105.1012
P,G,2001-10-12,105.1318
P,G,2001-10-15,105.5121
P,G,2001-10-16,105.3587
P,G,2001-10-17,105.1269
P,G,2001-10-18,105.4136
P,G,2001-10-19,105.3745
P,G,2001-10-22,105.3812
P,G,2001-10-23,104.767
P,G,2001-10-24,104.965
P,G,2001-10-25,104.9451
P,G,2001-10-26,105.4261
P,G,2001-10-29,105.5338
P,G,2001-10-30,105.941
P,G,2001-10-31,106.1642
P,G,2001-11-01,105.9848
P,G,2001-11-02,105.8257
P,G,2001-11-05,105.6147
P,G,2001-11-06,105.4479
P,G,2001-11-07,105.7601
P,G,2001-11-08,105.5811
P,G,2001-11-09,105.4705
P,G,2001-11-12,105.8352
P,G,2001-11-13,105.3274
P,G,2001-11-14,104.8494
P,G,2001-11-15,104.8607
P,G,2001-11-16,105.3365
P,G,2001-11-19,105.3672
P,G,2001-11-20,105.9646
P,G,2001-11-21,105.9006
P,G,2001-11-22,105.8572
P,G,2001-11-23,105.75
P,G,2001-11-26,105.5157
P,G,2001-11-27,105.4584
P,G,2001-11-28,106.1513
P,G,2001-11-29,105.9242
P,G,2001-11-30,105.2775
P,G,2001-12-03,105.2997
P,G,2001-12-04,105.2541
P,G,2001-12-05,105.2914
P,G,2001-12-06,105.2516
P,G,2001-12-07,105.1012
P,G,2001-12-10,104.9033
P,G,2001-12-11,104.7244
P,G,2001-12-12,105.1646
P,G,2001-12-13,105.3325
P,G,2001-12-14,105.6489
P,G,2001-12-17,105.8153
P,G,2001-12-18,105.6579
P,G,2001-12-19,105.5121
P,G,2001-12-20,106.1062
P,G,2001-12-21,106.1397
P,G,2001-12-24,105.5123
P,G,2001-12-25,105.1079
P,G,2001-12-26,104.6896
P,G,2001-12-27,104.3228
P,G,2001-12-28,104.3608
P,G,2001-12-31,104.5497
P,G,2002-01-01,104.6669
P,G,2002-01-02,104.8656
P,G,2002-01-03,104.9678
P,G,2002-01-04,105.1535
P,G,2002-01-07,105.2362
P,G,2002-01-08,105.4868
P,G,2002-01-09,104.9678
P,G,2002-01-10,104.7255
P,G,2002-01-11,104.8058
P,G,2002-01-14,105.0373
P,G,2002-01-15,104.9003
P,G,2002-01-16,105.1857
P,G,2002-01-17,105.4829
P,G,2002-01-18,105.2667
P,G,2002-01-21,105.3932
P,G,2002-01-22,105.3811
P,G,2002-01-23,105.3354
P,G,2002-01-24,105.3434
P,G,2002-01-25,105.0642
P,G,2002-01-28,104.38
P,G,2002-01-29,104.3263
P,G,2002-01-30,104.5742
P,G,2002-01-31,104.0929
P,G,2002-02-01,103.8463
P,G,2002-02-04,103.797
P,G,2002-02-05,104.3028
P,G,2002-02-06,104.4779
P,G,2002-02-07,104.6182
P,G,2002-02-08,104.77
P,G,2002-02-11,104.517
P,G,2002-02-12,104.603
P,G,2002-02-13,104.2078
P,G,2002-02-14,103.7344
P,G,2002-02-15,103.6269
P,G,2002-02-18,103.7209
P,G,2002-02-19,103.7711
P,G,2002-02-20,104.0679
P,G,2002-02-21,103.756
P,G,2002-02-22,103.8574
P,G,2002-02-25,104.0979
P,G,2002-02-26,103.9545
P,G,2002-02-27,103.7178
P,G,2002-02-28,103.7304
P,G,2002-03-01,103.8736
P,G,2002-03-04,103.4561
P,G,2002-03-05,103.6845
P,G,2002-03-06,103.7875
P,G,2002-03-07,104.2191
P,G,2002-03-08,104.4321
P,G,2002-03-11,104.2167
P,G,2002-03-12,104.3019
P,G,2002-03-13,104.4658
P,G,2002-03-14,104.9501
P,G,2002-03-15,105.1839
P,G,2002-03-18,105.1153
P,G,2002-03-19,104.915
P,G,2002-03-20,105.043
P,G,2002-03-21,105.1045
P,G,2002-03-22,105.1513
P,G,2002-03-25,105.1881
P,G,2002-03-26,105.2323
P,G,2002-03-27,104.7089
P,G,2002-03-28,104.5248
P,G,2002-03-29,104.6404
P,G,2002-04-01,104.8392
P,G,2002-04-02,104.9306
P,G,2002-04-03,105.0949
P,G,2002-04-04,105.1358
P,G,2002-04-05,104.7846
P,G,2002-04-08,104.7175
P,G,2002-04-09,104.5617
P,G,2002-04-10,104.6675
P,G,2002-04-11,104.5719
P,G,2002-04-12,104.7907
P,G,2002-04-15,104.7297
P,G,2002-04-16,104.4938
P,G,2002-04-17,104.663
P,G,2002-04-18,104.824
P,G,2002-04-19,104.8999
P,G,2002-04-22,104.9159
P,G,2002-04-23,104.731
P,G,2002-04-24,105.0185
P,G,2002-04-25,105.2928
P,G,2002-04-26,105.3601
P,G,2002-04-29,105.6132
P,G,2002-04-30,105.7312
P,G,2002-05-01,106.154
P,G,2002-05-02,106.476
P,G,2002-05-03,106.5148
P,G,2002-05-06,106.7334
P,G,2002-05-07,106.8275
P,G,2002-05-08,106.6282
P,G,2002-05-09,106.809
P,G,2002-05-10,106.9706
P,G,2002-05-13,107.0095
P,G,2002-05-14,106.6845
P,G,2002-05-15,106.5792
P,G,2002-05-16,106.7474
P,G,2002-05-17,106.8906
P,G,2002-05-20,107.1335
P,G,2002-05-21,107.3743
P,G,2002-05-22,107.6133
P,G,2002-05-23,107.4784
P,G,2002-05-24,107.0095
P,G,2002-05-27,106.9627
P,G,2002-05-28,106.9304
P,G,2002-05-29,106.9437
P,G,2002-05-30,106.9294
P,G,2002-05-31,107.1307
P,G,2002-06-03,106.8837
P,G,2002-06-04,107.1445
P,G,2002-06-05,106.787
P,G,2002-06-06,106.7533
P,G,2002-06-07,107.0727
P,G,2002-06-10,107.013
P,G,2002-06-11,106.9452
P,G,2002-06-12,106.812
P,G,2002-06-13,106.5348
P,G,2002-06-14,106.6398
P,G,2002-06-17,106.6433
P,G,2002-06-18,106.7614
P,G,2002-06-19,107.0065
P,G,2002-06-20,107.51
P,G,2002-06-21,107.9027
P,G,2002-06-24,108.2912
P,G,2002-06-25,107.9696
P,G,2002-06-26,108.57
P,G,2002-06-27,108.433
P,G,2002-06-28,108.3193
P,G,2002-07-01,108.521
P,G,2002-07-02,108.3406
P,G,2002-07-03,108.6428
P,G,2002-07-04,108.3146
P,G,2002-07-05,108.0952
P,G,2002-07-08,108.4235
P,G,2002-07-09,108.2518
P,G,2002-07-10,108.1179
P,G,2002-07-11,108.3295
P,G,2002-07-12,108.42
P,G,2002-07-15,108.4839
P,G,2002-07-16,108.9339
P,G,2002-07-17,109.1988
P,G,2002-07-18,109.2653
P,G,2002-07-19,109.5014
P,G,2002-07-22,109.9057
P,G,2002-07-23,109.3368
P,G,2002-07-24,109.594
P,G,2002-07-25,110.1382
P,G,2002-07-26,110.3378
P,G,2002-07-29,109.5456
P,G,2002-07-30,109.1379
P,G,2002-07-31,109.1204
P,G,2002-08-01,109.5096
P,G,2002-08-02,109.8638
P,G,2002-08-05,109.2509
P,G,2002-08-06,108.8471
P,G,2002-08-07,108.5672
P,G,2002-08-08,108.2272
P,G,2002-08-09,108.3112
P,G,2002-08-12,108.6343
P,G,2002-08-13,108.3738
P,G,2002-08-14,108.8072
P,G,2002-08-15,108.3067
P,G,2002-08-16,108.3351
P,G,2002-08-19,108.0892
P,G,2002-08-20,108.0583
P,G,2002-08-21,107.8043
P,G,2002-08-22,107.776
P,G,2002-08-23,107.256
P,G,2002-08-26,107.3084
P,G,2002-08-27,107.4927
P,G,2002-08-28,107.7908
P,G,2002-08-29,107.6657
P,G,2002-08-30,107.6902
P,G,2002-09-02,107.4791
P,G,2002-09-03,107.7183
P,G,2002-09-04,108.2981
P,G,2002-09-05,108.646
P,G,2002-09-06,108.702
P,G,2002-09-09,108.0977
P,G,2002-09-10,107.8975
P,G,2002-09-11,107.7996
P,G,2002-09-12,107.4356
P,G,2002-09-13,107.3986
P,G,2002-09-16,107.0715
P,G,2002-09-17,106.7599
P,G,2002-09-18,107.2823
P,G,2002-09-19,107.4715
P,G,2002-09-20,107.9934
P,G,2002-09-23,107.9763
P,G,2002-09-24,107.7529
P,G,2002-09-25,107.9361
P,G,2002-09-26,107.8077
P,G,2002-09-27,107.5091
P,G,2002-09-30,108.0215
P,G,2002-10-01,108.5425
P,G,2002-10-02,108.0442
P,G,2002-10-03,108.4669
P,G,2002-10-04,108.1453
P,G,2002-10-07,107.9581
P,G,2002-10-08,107.7968
P,G,2002-10-09,107.742
P,G,2002-10-10,108.2884
P,G,2002-10-11,108.2646
P,G,2002-10-14,108.3475
P,G,2002-10-15,107.9935
P,G,2002-10-16,107.587
P,G,2002-10-17,107.5033
P,G,2002-10-18,107.2261
P,G,2002-10-21,107.2135
P,G,2002-10-22,107.2267
P,G,2002-10-23,107.5761
P,G,2002-10-24,107.3512
P,G,2002-10-25,107.4657
P,G,2002-10-28,107.4001
P,G,2002-10-29,107.7936
P,G,2002-10-30,107.8875
P,G,2002-10-31,108.0907
P,G,2002-11-01,108.2509
P,G,2002-11-04,108.3053
P,G,2002-11-05,108.6451
P,G,2002-11-06,108.2546
P,G,2002-11-07,108.4402
P,G,2002-11-08,108.6636
P,G,2002-11-11,108.5825
P,G,2002-11-12,108.5757
P,G,2002-11-13,108.5232
P,G,2002-11-14,108.2186
P,G,2002-11-15,108.0672
P,G,2002-11-18,108.1739
P,G,2002-11-19,108.1014
P,G,2002-11-20,107.8056
P,G,2002-11-21,107.6804
P,G,2002-11-22,107.4385
P,G,2002-11-25,107.0224
P,G,2002-11-26,106.7343
P,G,2002-11-27,106.7671
P,G,2002-11-28,106.6837
P,G,2002-11-29,106.6727
P,G,2002-12-02,106.5506
P,G,2002-12-03,107.0123
P,G,2002-12-04,107.2069
P,G,2002-12-05,107.0769
P,G,2002-12-06,107.2672
P,G,2002-12-09,107.2718
P,G,2002-12-10,107.3526
P,G,2002-12-11,107.1365
P,G,2002-12-12,107.2013
P,G,2002-12-13,107.2869
P,G,2002-12-16,107.1866
P,G,2002-12-17,107.6125
P,G,2002-12-18,107.9296
P,G,2002-12-19,108.13
P,G,2002-12-20,108.2608
P,G,2002-12-23,108.4167
P,G,2002-12-24,108.8815
P,G,2002-12-25,108.9753
P,G,2002-12-26,109.0889
P,G,2002-12-27,109.2169
P,G,2002-12-30,109.2946
P,G,2002-12-31,109.5461
P,G,2003-01-01,109.3656
P,G,2003-01-02,109.1175
P,G,2003-01-03,108.9715
P,G,2003-01-06,109.0823
P,G,2003-01-07,108.6989
P,G,2003-01-08,108.767
P,G,2003-01-09,108.9699
P,G,2003-01-10,108.8453
P,G,2003-01-13,108.942
P,G,2003-01-14,108.849
P,G,2003-01-15,108.5495
P,G,2003-01-16,108.7357
P,G,2003-01-17,109.2523
P,G,2003-01-20,109.2541
P,G,2003-01-21,109.1783
P,G,2003-01-22,109.328
P,G,2003-01-23,109.2553
P,G,2003-01-24,109.2971
P,G,2003-01-27,109.3767
P,G,2003-01-28,108.9719
P,G,2003-01-29,109.2511
P,G,2003-01-30,108.7195
P,G,2003-01-31,108.9779
P,G,2003-02-03,108.6434
P,G,2003-02-04,109.0536
P,G,2003-02-05,109.3647
P,G,2003-02-06,108.968
P,G,2003-02-07,108.8904
P,G,2003-02-10,109.001
P,G,2003-02-11,108.6861
P,G,2003-02-12,108.7967
P,G,2003-02-13,108.8341
P,G,2003-02-14,108.8072
P,G,2003-02-17,108.1414
P,G,2003-02-18,108.3058
P,G,2003-02-19,108.1912
P,G,2003-02-20,108.4932
P,G,2003-02-21,108.8173
P,G,2003-02-24,108.5432
P,G,2003-02-25,108.8461
P,G,2003-02-26,109.0316
P,G,2003-02-27,108.9805
P,G,2003-02-28,108.8608
P,G,2003-03-03,109.2416
P,G,2003-03-04,109.7168
P,G,2003-03-05,109.9836
P,G,2003-03-06,109.8418
P,G,2003-03-07,109.7069
P,G,2003-03-10,109.5083
P,G,2003-03-11,109.7612
P,G,2003-03-12,109.6022
P,G,2003-03-13,109.2932
P,G,2003-03-14,108.8837
P,G,2003-03-17,109.1633
P,G,2003-03-18,108.3715
P,G,2003-03-19,108.4361
P,G,2003-03-20,108.4513
P,G,2003-03-21,108.181
P,G,2003-03-24,108.4519
P,G,2003-03-25,108.7847
P,G,2003-03-26,108.4538
P,G,2003-03-27,108.4115
P,G,2003-03-28,108.7668
P,G,2003-03-31,109.2481
P,G,2003-04-01,109.3979
P,G,2003-04-02,108.7831
P,G,2003-04-03,108.4594
P,G,2003-04-04,108.245
P,G,2003-04-07,107.7059
P,G,2003-04-08,108.0918
P,G,2003-04-09,108.312
P,G,2003-04-10,108.0756
P,G,2003-04-11,107.4375
P,G,2003-04-14,107.5622
P,G,2003-04-15,107.3664
P,G,2003-04-16,107.4435
P,G,2003-04-17,107.931
P,G,2003-04-18,107.8111
P,G,2003-04-21,107.6681
P,G,2003-04-22,107.6271
P,G,2003-04-23,107.6982
P,G,2003-04-24,107.8358
P,G,2003-04-25,107.9913
P,G,2003-04-28,107.9607
P,G,2003-04-29,107.6322
P,G,2003-04-30,107.6311
P,G,2003-05-01,107.823
P,G,2003-05-02,107.9367
P,G,2003-05-05,107.8534
P,G,2003-05-06,107.91
P,G,2003-05-07,108.1051
P,G,2003-05-08,108.8012
P,G,2003-05-09,108.9492
P,G,2003-05-12,108.9331
P,G,2003-05-13,108.6512
P,G,2003-05-14,108.4882
P,G,2003-05-15,108.4483
P,G,2003-05-16,108.7006
P,G,2003-05-19,109.0215
P,G,2003-05-20,109.0212
P,G,2003-05-21,109.3745
P,G,2003-05-22,109.0089
P,G,2003-05-23,108.713
P,G,2003-05-26,108.6149
P,G,2003-05-27,108.6117
P,G,2003-05-28,108.7607
P,G,2003-05-29,108.5719
P,G,2003-05-30,108.2629
P,G,2003-06-02,108.0767
P,G,2003-06-03,107.7903
P,G,2003-06-04,107.4442
P,G,2003-06-05,107.0685
P,G,2003-06-06,107.0942
P,G,2003-06-09,106.9933
P,G,2003-06-10,106.8699
P,G,2003-06-11,107.1278
P,G,2003-06-12,107.3306
P,G,2003-06-13,106.7731
P,G,2003-06-16,107.2415
P,G,2003-06-17,107.0753
P,G,2003-06-18,106.7954
P,G,2003-06-19,106.0948
P,G,2003-06-20,106.319
P,G,2003-06-23,106.6902
P,G,2003-06-24,106.8928
P,G,2003-06-25,106.9323
P,G,2003-06-26,106.2655
P,G,2003-06-27,105.6039
P,G,2003-06-30,105.2043
P,G,2003-07-01,105.2525
P,G,2003-07-02,105.4128
P,G,2003-07-03,105.1351
P,G,2003-07-04,105.2634
P,G,2003-07-07,104.8642
P,G,2003-07-08,104.4921
P,G,2003-07-09,105.3755
P,G,2003-07-10,105.1447
P,G,2003-07-11,104.8947
P,G,2003-07-14,104.3601
P,G,2003-07-15,104.5719
P,G,2003-07-16,104.4915
P,G,2003-07-17,105.4452
P,G,2003-07-18,105.5408
P,G,2003-07-21,105.7064
P,G,2003-07-22,105.5259
P,G,2003-07-23,105.5735
P,G,2003-07-24,105.5268
P,G,2003-07-25,105.5277
P,G,2003-07-28,105.45
P,G,2003-07-29,105.4993
P,G,2003-07-30,105.15
P,G,2003-07-31,104.9575
P,G,2003-08-01,105.3461
P,G,2003-08-04,105.7945
P,G,2003-08-05,106.0857
P,G,2003-08-06,106.1974
P,G,2003-08-07,105.8725
P,G,2003-08-08,105.5885
P,G,2003-08-11,105.5322
P,G,2003-08-12,105.4072
P,G,2003-08-13,104.8947
P,G,2003-08-14,104.908
P,G,2003-08-15,104.9851
P,G,2003-08-18,104.709
P,G,2003-08-19,104.2412
P,G,2003-08-20,104.389
P,G,2003-08-21,104.3402
P,G,2003-08-22,104.0119
P,G,2003-08-25,103.9805
P,G,2003-08-26,103.998
P,G,2003-08-27,104.3925
P,G,2003-08-28,104.0065
P,G,2003-08-29,104.2892
P,G,2003-09-01,104.4229
P,G,2003-09-02,104.2867
P,G,2003-09-03,104.3368
P,G,2003-09-04,103.9947
P,G,2003-09-05,104.3224
P,G,2003-09-08,104.7144
P,G,2003-09-09,104.4854
P,G,2003-09-10,104.3633
P,G,2003-09-11,104.3502
P,G,2003-09-12,104.0904
P,G,2003-09-15,104.0942
P,G,2003-09-16,103.8916
P,G,2003-09-17,104.0061
P,G,2003-09-18,104.0176
P,G,2003-09-19,103.7379
P,G,2003-09-22,104.3132
P,G,2003-09-23,104.5329
P,G,2003-09-24,104.3504
P,G,2003-09-25,104.5251
P,G,2003-09-26,105.04
P,G,2003-09-29,105.0743
P,G,2003-09-30,105.89
P,G,2003-10-01,105.6927
P,G,2003-10-02,105.7907
P,G,2003-10-03,105.5727
P,G,2003-10-06,105.072
P,G,2003-10-07,105.5034
P,G,2003-10-08,105.616
P,G,2003-10-09,105.4598
P,G,2003-10-10,105.3092
P,G,2003-10-13,105.1677
P,G,2003-10-14,105.0721
P,G,2003-10-15,105.3368
P,G,2003-10-16,104.8449
P,G,2003-10-17,104.8002
P,G,2003-10-20,104.8783
P,G,2003-10-21,104.6777
P,G,2003-10-22,104.9071
P,G,2003-10-23,105.611
P,G,2003-10-24,105.4082
P,G,2003-10-27,105.3166
P,G,2003-10-28,105.0696
P,G,2003-10-29,104.5952
P,G,2003-10-30,104.5225
P,G,2003-10-31,104.689
P,G,2003-11-03,104.2558
P,G,2003-11-04,103.5224
P,G,2003-11-05,102.9786
P,G,2003-11-06,103.0129
P,G,2003-11-07,102.7918
P,G,2003-11-10,102.6503
P,G,2003-11-11,102.9237
P,G,2003-11-12,103.285
P,G,2003-11-13,103.3073
P,G,2003-11-14,103.6564
P,G,2003-11-17,104.3072
P,G,2003-11-18,104.5712
P,G,2003-11-19,105.3396
P,G,2003-11-20,105.3554
P,G,2003-11-21,105.5244
P,G,2003-11-24,105.1018
P,G,2003-11-25,104.7002
P,G,2003-11-26,105.0801
P,G,2003-11-27,105.4502
P,G,2003-11-28,105.5284
P,G,2003-12-01,105.3786
P,G,2003-12-02,105.1595
P,G,2003-12-03,105.1946
P,G,2003-12-04,105.1729
P,G,2003-12-05,105.2048
P,G,2003-12-08,106.0017
P,G,2003-12-09,106.3646
P,G,2003-12-10,106.1859
P,G,2003-12-11,105.7634
P,G,2003-12-12,106.0678
P,G,2003-12-15,105.8998
P,G,2003-12-16,106.1334
P,G,2003-12-17,106.218
P,G,2003-12-18,106.2861
P,G,2003-12-19,106.3599
P,G,2003-12-22,106.3557
P,G,2003-12-23,106.0112
P,G,2003-12-24,106.0397
P,G,2003-12-25,106.077
P,G,2003-12-26,106.0872
P,G,2003-12-29,106.1513
P,G,2003-12-30,106.1438
P,G,2003-12-31,106.534
P,G,2004-01-01,106.4801
P,G,2004-01-02,106.4285
P,G,2004-01-05,106.3745
P,G,2004-01-06,106.2364
P,G,2004-01-07,105.7723
P,G,2004-01-08,105.5889
P,G,2004-01-09,106.0799
P,G,2004-01-12,106.2996
P,G,2004-01-13,106.2148
P,G,2004-01-14,106.1284
P,G,2004-01-15,105.9781
P,G,2004-01-16,105.2567
P,G,2004-01-19,104.7872
P,G,2004-01-20,104.9632
P,G,2004-01-21,105.5023
P,G,2004-01-22,105.5382
P,G,2004-01-23,105.6624
P,G,2004-01-26,105.4362
P,G,2004-01-27,105.0216
P,G,2004-01-28,105.2051
P,G,2004-01-29,105.1274
P,G,2004-01-30,105.0951
P,G,2004-02-02,104.803
P,G,2004-02-03,105.0837
P,G,2004-02-04,104.9358
P,G,2004-02-05,104.9239
P,G,2004-02-06,105.1016
P,G,2004-02-09,105.3571
P,G,2004-02-10,105.3948
P,G,2004-02-11,104.9611
P,G,2004-02-12,104.8321
P,G,2004-02-13,104.5916
P,G,2004-02-16,104.6894
P,G,2004-02-17,105.0539
P,G,2004-02-18,105.1053
P,G,2004-02-19,104.6796
P,G,2004-02-20,104.4522
P,G,2004-02-23,104.2823
P,G,2004-02-24,104.4162
P,G,2004-02-25,104.6138
P,G,2004-02-26,104.1934
P,G,2004-02-27,104.0073
P,G,2004-03-01,104.0323
P,G,2004-03-02,103.3847
P,G,2004-03-03,102.9822
P,G,2004-03-04,103.2591
P,G,2004-03-05,103.3831
P,G,2004-03-08,103.4908
P,G,2004-03-09,103.4997
P,G,2004-03-10,103.5369
P,G,2004-03-11,103.9066
P,G,2004-03-12,104.3686
P,G,2004-03-15,104.3373
P,G,2004-03-16,104.2918
P,G,2004-03-17,103.9286
P,G,2004-03-18,104.3693
P,G,2004-03-19,104.7568
P,G,2004-03-22,104.6406
P,G,2004-03-23,105.1162
P,G,2004-03-24,104.6866
P,G,2004-03-25,104.6805
P,G,2004-03-26,104.0541
P,G,2004-03-29,103.7539
P,G,2004-03-30,103.8452
P,G,2004-03-31,103.8829
P,G,2004-04-01,104.014
P,G,2004-04-02,103.6577
P,G,2004-04-05,102.9007
P,G,2004-04-06,102.8036
P,G,2004-04-07,103.3455
P,G,2004-04-08,103.7395
P,G,2004-04-09,103.7032
P,G,2004-04-12,103.6594
P,G,2004-04-13,103.5387
P,G,2004-04-14,103.3255
P,G,2004-04-15,103.8185
P,G,2004-04-16,103.4596
P,G,2004-04-19,103.7698
P,G,2004-04-20,103.1949
P,G,2004-04-21,102.7792
P,G,2004-04-22,103.0535
P,G,2004-04-23,102.6329
P,G,2004-04-26,102.6246
P,G,2004-04-27,103.2571
P,G,2004-04-28,103.4124
P,G,2004-04-29,103.4934
P,G,2004-04-30,103.4806
P,G,2004-05-03,103.3692
P,G,2004-05-04,103.5311
P,G,2004-05-05,104.1616
P,G,2004-05-06,103.9031
P,G,2004-05-07,103.6262
P,G,2004-05-10,104.0489
P,G,2004-05-11,104.0645
P,G,2004-05-12,104.1448
P,G,2004-05-13,104.4463
P,G,2004-05-14,104.1888
P,G,2004-05-17,105.1168
P,G,2004-05-18,104.9903
P,G,2004-05-19,104.6079
P,G,2004-05-20,104.6585
P,G,2004-05-21,104.8059
P,G,2004-05-24,104.652
P,G,2004-05-25,104.8072
P,G,2004-05-26,104.6026
P,G,2004-05-27,104.8523
P,G,2004-05-28,105.5542
P,G,2004-05-31,105.539
P,G,2004-06-01,105.5669
P,G,2004-06-02,105.806
P,G,2004-06-03,105.6058
P,G,2004-06-04,105.4847
P,G,2004-06-07,106.0523
P,G,2004-06-08,106.1714
P,G,2004-06-09,105.9848
P,G,2004-06-10,105.9879
P,G,2004-06-11,106.1558
P,G,2004-06-14,105.9136
P,G,2004-06-15,105.8525
P,G,2004-06-16,105.4256
P,G,2004-06-17,105.8126
P,G,2004-06-18,105.9992
P,G,2004-06-21,106.3149
P,G,2004-06-22,106.0751
P,G,2004-06-23,105.9976
P,G,2004-06-24,106.2886
P,G,2004-06-25,105.8903
P,G,2004-06-28,105.4947
P,G,2004-06-29,105.0027
P,G,2004-06-30,104.998
P,G,2004-07-01,105.2202
P,G,2004-07-02,105.6272
P,G,2004-07-05,105.9422
P,G,2004-07-06,105.7951
P,G,2004-07-07,105.995
P,G,2004-07-08,105.979
P,G,2004-07-09,105.8436
P,G,2004-07-12,106.0065
P,G,2004-07-13,105.5597
P,G,2004-07-14,105.3875
P,G,2004-07-15,105.2476
P,G,2004-07-16,105.2963
P,G,2004-07-19,105.2285
P,G,2004-07-20,105.1803
P,G,2004-07-21,104.5119
P,G,2004-07-22,104.4084
P,G,2004-07-23,104.5292
P,G,2004-07-26,104.1664
P,G,2004-07-27,103.9424
P,G,2004-07-28,103.7241
P,G,2004-07-29,103.5607
P,G,2004-07-30,103.4021
P,G,2004-08-02,103.7073
P,G,2004-08-03,103.426
P,G,2004-08-04,103.1679
P,G,2004-08-05,103.4419
P,G,2004-08-06,103.5368
P,G,2004-08-09,103.8952
P,G,2004-08-10,103.9216
P,G,2004-08-11,103.6864
P,G,2004-08-12,103.8997
P,G,2004-08-13,104.2395
P,G,2004-08-16,104.5314
P,G,2004-08-17,104.5349
P,G,2004-08-18,104.3646
P,G,2004-08-19,104.3676
P,G,2004-08-20,104.3946
P,G,2004-08-23,103.8688
P,G,2004-08-24,103.5095
P,G,2004-08-25,103.5945
P,G,2004-08-26,103.415
P,G,2004-08-27,103.2547
P,G,2004-08-30,103.2317
P,G,2004-08-31,103.213
P,G,2004-09-01,103.5999
P,G,2004-09-02,103.9485
P,G,2004-09-03,103.8314
P,G,2004-09-06,103.6729
P,G,2004-09-07,103.6337
P,G,2004-09-08,103.5123
P,G,2004-09-09,103.4884
P,G,2004-09-10,103.3573
P,G,2004-09-13,103.428
P,G,2004-09-14,103.2755
P,G,2004-09-15,103.1904
P,G,2004-09-16,102.9042
P,G,2004-09-17,102.7126
P,G,2004-09-20,102.5935
P,G,2004-09-21,102.591
P,G,2004-09-22,102.8144
P,G,2004-09-23,102.8294
P,G,2004-09-24,102.7084
P,G,2004-09-27,102.4803
P,G,2004-09-28,102.414
P,G,2004-09-29,102.3631
P,G,2004-09-30,102.4094
P,G,2004-10-01,102.7798
P,G,2004-10-04,102.5066
P,G,2004-10-05,102.1903
P,G,2004-10-06,102.1362
P,G,2004-10-07,102.2196
P,G,2004-10-08,102.4645
P,G,2004-10-11,102.572
P,G,2004-10-12,102.4829
P,G,2004-10-13,102.6791
P,G,2004-10-14,102.8888
P,G,2004-10-15,103.2704
P,G,2004-10-18,103.5705
P,G,2004-10-19,103.5703
P,G,2004-10-20,103.9886
P,G,2004-10-21,104.1163
P,G,2004-10-22,104.0047
P,G,2004-10-25,104.765
P,G,2004-10-26,104.7653
P,G,2004-10-27,104.7358
P,G,2004-10-28,104.6737
P,G,2004-10-29,105.0515
P,G,2004-11-01,104.8481
P,G,2004-11-02,104.6923
P,G,2004-11-03,104.5459
P,G,2004-11-04,105.0422
P,G,2004-11-05,105.1953
P,G,2004-11-08,105.5121
P,G,2004-11-09,105.4578
P,G,2004-11-10,105.578
P,G,2004-11-11,105.8862
P,G,2004-11-12,105.8963
P,G,2004-11-15,105.7996
P,G,2004-11-16,105.8085
P,G,2004-11-17,105.9019
P,G,2004-11-18,106.2797
P,G,2004-11-19,106.3603
P,G,2004-11-22,106.3978
P,G,2004-11-23,106.1634
P,G,2004-11-24,106.5534
P,G,2004-11-25,106.9839
P,G,2004-11-26,106.6987
P,G,2004-11-29,106.6512
P,G,2004-11-30,106.7993
P,G,2004-12-01,106.5238
P,G,2004-12-02,106.1345
P,G,2004-12-03,105.841
P,G,2004-12-06,105.9791
P,G,2004-12-07,105.8197
P,G,2004-12-08,105.3993
P,G,2004-12-09,105.3921
P,G,2004-12-10,105.3224
P,G,2004-12-13,105.2053
P,G,2004-12-14,105.0728
P,G,2004-12-15,105.4119
P,G,2004-12-16,105.3536
P,G,2004-12-17,104.9529
P,G,2004-12-20,104.9564
P,G,2004-12-21,104.6422
P,G,2004-12-22,104.6351
P,G,2004-12-23,104.6907
P,G,2004-12-24,104.7159
P,G,2004-12-27,104.6559
P,G,2004-12-28,104.8218
P,G,2004-12-29,104.8568
P,G,2004-12-30,104.8927
P,G,2004-12-31,104.8078
P,G,2005-01-03,104.5793
P,G,2005-01-04,104.0213
P,G,2005-01-05,103.6276
P,G,2005-01-06,103.5605
P,G,2005-01-07,103.6509
P,G,2005-01-10,103.4422
P,G,2005-01-11,103.4931
P,G,2005-01-12,103.2957
P,G,2005-01-13,103.4752
P,G,2005-01-14,103.0896
P,G,2005-01-17,103.3583
P,G,2005-01-18,103.2159
P,G,2005-01-19,103.3806
P,G,2005-01-20,103.3268
P,G,2005-01-21,103.0909
P,G,2005-01-24,103.1945
P,G,2005-01-25,103.1891
P,G,2005-01-26,102.8675
P,G,2005-01-27,103.0876
P,G,2005-01-28,103.0348
P,G,2005-01-31,102.7188
P,G,2005-02-01,102.5588
P,G,2005-02-02,102.5576
P,G,2005-02-03,102.1191
P,G,2005-02-04,101.7902
P,G,2005-02-07,101.4881
P,G,2005-02-08,101.3738
P,G,2005-02-09,101.5326
P,G,2005-02-10,101.6386
P,G,2005-02-11,101.7592
P,G,2005-02-14,102.0399
P,G,2005-02-15,102.1872
P,G,2005-02-16,102.5169
P,G,2005-02-17,102.5448
P,G,2005-02-18,102.5441
P,G,2005-02-21,102.5696
P,G,2005-02-22,103.0348
P,G,2005-02-23,103.2989
P,G,2005-02-24,103.3601
P,G,2005-02-25,102.9282
P,G,2005-02-28,103.1333
P,G,2005-03-01,103.1662
P,G,2005-03-02,102.817
P,G,2005-03-03,102.5308
P,G,2005-03-04,102.1596
P,G,2005-03-07,102.3835
P,G,2005-03-08,102.118
P,G,2005-03-09,102.4174
P,G,2005-03-10,102.7431
P,G,2005-03-11,102.708
P,G,2005-03-14,102.647
P,G,2005-03-15,102.6407
P,G,2005-03-16,102.7417
P,G,2005-03-17,103.0473
P,G,2005-03-18,102.5952
P,G,2005-03-21,102.2329
P,G,2005-03-22,102.0268
P,G,2005-03-23,101.6394
P,G,2005-03-24,101.7356
P,G,2005-03-25,101.6928
P,G,2005-03-28,101.6632
P,G,2005-03-29,101.6743
P,G,2005-03-30,101.7257
P,G,2005-03-31,101.7408
P,G,2005-04-01,101.6735
P,G,2005-04-04,101.4455
P,G,2005-04-05,101.1789
P,G,2005-04-06,101.5133
P,G,2005-04-07,101.5793
P,G,2005-04-08,101.4499
P,G,2005-04-11,101.8679
P,G,2005-04-12,101.9002
P,G,2005-04-13,101.7782
P,G,2005-04-14,101.3889
P,G,2005-04-15,101.3501
P,G,2005-04-18,102.1032
P,G,2005-04-19,102.2265
P,G,2005-04-20,102.2915
P,G,2005-04-21,102.4816
P,G,2005-04-22,102.3352
P,G,2005-04-25,102.1698
P,G,2005-04-26,102.1049
P,G,2005-04-27,102.0309
P,G,2005-04-28,102.1606
P,G,2005-04-29,102.4508
P,G,2005-05-02,102.0371
P,G,2005-05-03,101.7792
P,G,2005-05-04,101.9623
P,G,2005-05-05,101.7502
P,G,2005-05-06,101.5208
P,G,2005-05-09,101.1662
P,G,2005-05-10,101.3281
P,G,2005-05-11,101.5458
P,G,2005-05-12,101.2578
P,G,2005-05-13,101.132
P,G,2005-05-16,101.0951
P,G,2005-05-17,101.1025
P,G,2005-05-18,101.2522
P,G,2005-05-19,101.1366
P,G,2005-05-20,100.921
P,G,2005-05-23,100.6195
P,G,2005-05-24,100.7115
P,G,2005-05-25,100.7776
P,G,2005-05-26,100.7082
P,G,2005-05-27,100.5247
P,G,2005-05-30,100.5359
P,G,2005-05-31,100.3294
P,G,2005-06-01,100.6718
P,G,2005-06-02,100.5851
P,G,2005-06-03,100.4597
P,G,2005-06-06,100.5916
P,G,2005-06-07,100.6441
P,G,2005-06-08,100.5201
P,G,2005-06-09,100.4167
P,G,2005-06-10,100.2911
P,G,2005-06-13,99.6659
P,G,2005-06-14,99.7962
P,G,2005-06-15,99.568
P,G,2005-06-16,99.6613
P,G,2005-06-17,99.508
P,G,2005-06-20,99.5192
P,G,2005-06-21,99.4137
P,G,2005-06-22,99.7385
P,G,2005-06-23,99.3994
P,G,2005-06-24,99.4124
P,G,2005-06-27,99.5381
P,G,2005-06-28,99.3094
P,G,2005-06-29,99.0795
P,G,2005-06-30,98.9457
P,G,2005-07-01,98.7748
P,G,2005-07-04,98.7115
P,G,2005-07-05,98.5311
P,G,2005-07-06,98.4941
P,G,2005-07-07,98.5679
P,G,2005-07-08,98.5961
P,G,2005-07-11,98.6118
P,G,2005-07-12,98.9082
P,G,2005-07-13,98.7663
P,G,2005-07-14,98.511
P,G,2005-07-15,98.4642
P,G,2005-07-18,98.3562
P,G,2005-07-19,97.9444
P,G,2005-07-20,98.2437
P,G,2005-07-21,98.4253
P,G,2005-07-22,98.2048
P,G,2005-07-25,97.9378
P,G,2005-07-26,98.0535
P,G,2005-07-27,97.8659
P,G,2005-07-28,97.8334
P,G,2005-07-29,98.0966
P,G,2005-08-01,98.3564
P,G,2005-08-02,98.5834
P,G,2005-08-03,98.5795
P,G,2005-08-04,98.7029
P,G,2005-08-05,98.7941
P,G,2005-08-08,98.6578
P,G,2005-08-09,98.9221
P,G,2005-08-10,98.8394
P,G,2005-08-11,98.9954
P,G,2005-08-12,99.2418
P,G,2005-08-15,99.1415
P,G,2005-08-16,98.9153
P,G,2005-08-17,98.9252
P,G,2005-08-18,99.1334
P,G,2005-08-19,98.8208
P,G,2005-08-22,98.5979
P,G,2005-08-23,98.5301
P,G,2005-08-24,98.4114
P,G,2005-08-25,99.0554
P,G,2005-08-26,99.2308
P,G,2005-08-29,99.3079
P,G,2005-08-30,98.8044
P,G,2005-08-31,98.8485
P,G,2005-09-01,99.2779
P,G,2005-09-02,99.958
P,G,2005-09-05,99.7953
P,G,2005-09-06,99.4544
P,G,2005-09-07,99.5038
P,G,2005-09-08,99.38
P,G,2005-09-09,99.387
P,G,2005-09-12,98.988
P,G,2005-09-13,98.6971
P,G,2005-09-14,98.6314
P,G,2005-09-15,98.5525
P,G,2005-09-16,98.3179
P,G,2005-09-19,97.9906
P,G,2005-09-20,97.8635
P,G,2005-09-21,98.0862
P,G,2005-09-22,97.9351
P,G,2005-09-23,97.6376
P,G,2005-09-26,97.4245
P,G,2005-09-27,97.3055
P,G,2005-09-28,97.3643
P,G,2005-09-29,97.2375
P,G,2005-09-30,97.3529
P,G,2005-10-03,97.236
P,G,2005-10-04,97.3837
P,G,2005-10-05,97.4114
P,G,2005-10-06,98.063
P,G,2005-10-07,98.1934
P,G,2005-10-10,98.1305
P,G,2005-10-11,97.9435
P,G,2005-10-12,97.8456
P,G,2005-10-13,97.6914
P,G,2005-10-14,97.9149
P,G,2005-10-17,97.8874
P,G,2005-10-18,97.5762
P,G,2005-10-19,97.5124
P,G,2005-10-20,97.6134
P,G,2005-10-21,98.1136
P,G,2005-10-24,98.0087
P,G,2005-10-25,98.259
P,G,2005-10-26,98.2442
P,G,2005-10-27,98.4134
P,G,2005-10-28,98.555
P,G,2005-10-31,98.3849
P,G,2005-11-01,98.1624
P,G,2005-11-02,98.339
P,G,2005-11-03,98.5277
P,G,2005-11-04,98.1911
P,G,2005-11-07,98.0136
P,G,2005-11-08,97.7876
P,G,2005-11-09,97.8449
P,G,2005-11-10,97.9594
P,G,2005-11-11,97.9482
P,G,2005-11-14,97.9694
P,G,2005-11-15,97.7823
P,G,2005-11-16,97.5527
P,G,2005-11-17,97.4267
P,G,2005-11-18,97.3621
P,G,2005-11-21,97.641
P,G,2005-11-22,97.4128
P,G,2005-11-23,97.4607
P,G,2005-11-24,97.2563
P,G,2005-11-25,97.2027
P,G,2005-11-28,97.3284
P,G,2005-11-29,97.4992
P,G,2005-11-30,97.3279
P,G,2005-12-01,97.3581
P,G,2005-12-02,97.3541
P,G,2005-12-05,97.2346
P,G,2005-12-06,97.5844
P,G,2005-12-07,97.5373
P,G,2005-12-08,97.6603
P,G,2005-12-09,97.6318
P,G,2005-12-12,97.807
P,G,2005-12-13,97.6676
P,G,2005-12-14,97.7356
P,G,2005-12-15,97.6954
P,G,2005-12-16,97.5948
P,G,2005-12-19,97.1963
P,G,2005-12-20,96.949700000000007
P,G,2005-12-21,96.6756
P,G,2005-12-22,96.4112
P,G,2005-12-23,96.3904
P,G,2005-12-26,96.3522
P,G,2005-12-27,96.3183
P,G,2005-12-28,96.354
P,G,2005-12-29,96.2089
P,G,2005-12-30,96.2465
P,G,2006-01-02,96.3725
P,G,2006-01-03,96.5194
P,G,2006-01-04,96.9887
P,G,2006-01-05,97.2222
P,G,2006-01-06,97.4205
P,G,2006-01-09,97.402
P,G,2006-01-10,97.3731
P,G,2006-01-11,97.1018
P,G,2006-01-12,97.1827
P,G,2006-01-13,97.0289
P,G,2006-01-16,97.0934
P,G,2006-01-17,97.0604
P,G,2006-01-18,97.2196
P,G,2006-01-19,96.8652
P,G,2006-01-20,96.8529
P,G,2006-01-23,97.3881
P,G,2006-01-24,97.4658
P,G,2006-01-25,97.4286
P,G,2006-01-26,97.4022
P,G,2006-01-27,97.1528
P,G,2006-01-30,96.6437
P,G,2006-01-31,96.7162
P,G,2006-02-01,96.7677
P,G,2006-02-02,96.5879
P,G,2006-02-03,96.5366
P,G,2006-02-06,96.4058
P,G,2006-02-07,96.3366
P,G,2006-02-08,96.583
P,G,2006-02-09,96.4524
P,G,2006-02-10,96.3483
P,G,2006-02-13,96.138
P,G,2006-02-14,96.0857
P,G,2006-02-15,95.9926
P,G,2006-02-16,95.919
P,G,2006-02-17,95.7581
P,G,2006-02-20,95.7838
P,G,2006-02-21,95.8069
P,G,2006-02-22,96.0028
P,G,2006-02-23,95.8251
P,G,2006-02-24,95.6771
P,G,2006-02-27,95.2602
P,G,2006-02-28,95.253
P,G,2006-03-01,95.57
P,G,2006-03-02,95.4139
P,G,2006-03-03,95.7801
P,G,2006-03-06,96.0253
P,G,2006-03-07,95.9022
P,G,2006-03-08,95.7526
P,G,2006-03-09,95.7469
P,G,2006-03-10,95.5058
P,G,2006-03-13,95.3035
P,G,2006-03-14,95.6347
P,G,2006-03-15,95.6797
P,G,2006-03-16,95.9018
P,G,2006-03-17,95.6534
P,G,2006-03-20,95.6447
P,G,2006-03-21,95.6699
P,G,2006-03-22,95.3862
P,G,2006-03-23,95.1642
P,G,2006-03-24,94.9112
P,G,2006-03-27,95.2029
P,G,2006-03-28,95.3571
P,G,2006-03-29,95.3081
P,G,2006-03-30,95.209
P,G,2006-03-31,95.1064
P,G,2006-04-03,94.9261
P,G,2006-04-04,94.9964
P,G,2006-04-05,95.4404
P,G,2006-04-06,95.5372
P,G,2006-04-07,95.3161
P,G,2006-04-10,95.2698
P,G,2006-04-11,95.1084
P,G,2006-04-12,95.3416
P,G,2006-04-13,95.4404
P,G,2006-04-14,95.566
P,G,2006-04-17,95.7551
P,G,2006-04-18,95.964
P,G,2006-04-19,96.109
P,G,2006-04-20,95.9279
P,G,2006-04-21,95.6415
P,G,2006-04-24,95.7526
P,G,2006-04-25,95.7478
P,G,2006-04-26,95.6349
P,G,2006-04-27,95.4699
P,G,2006-04-28,95.9987
P,G,2006-05-01,96.3844
P,G,2006-05-02,96.7266
P,G,2006-05-03,96.7937
P,G,2006-05-04,96.7942
P,G,2006-05-05,96.9798
P,G,2006-05-08,97.1909
P,G,2006-05-09,97.0429
P,G,2006-05-10,97.3999
P,G,2006-05-11,96.9942
P,G,2006-05-12,97.9595
P,G,2006-05-15,98.1508
P,G,2006-05-16,97.9894
P,G,2006-05-17,98.087
P,G,2006-05-18,98.1734
P,G,2006-05-19,97.7819
P,G,2006-05-22,98.2118
P,G,2006-05-23,98.3563
P,G,2006-05-24,98.4979
P,G,2006-05-25,98.1536
P,G,2006-05-26,97.8738
P,G,2006-05-29,97.5464
P,G,2006-05-30,97.8649
P,G,2006-05-31,98.0393
P,G,2006-06-01,97.7061
P,G,2006-06-02,97.4935
P,G,2006-06-05,97.8944
P,G,2006-06-06,98.1917
P,G,2006-06-07,97.795
P,G,2006-06-08,97.6562
P,G,2006-06-09,97.4791
P,G,2006-06-12,97.6513
P,G,2006-06-13,97.786
P,G,2006-06-14,97.8109
P,G,2006-06-15,97.7666
P,G,2006-06-16,97.713
P,G,2006-06-19,97.4788
P,G,2006-06-20,97.2438
P,G,2006-06-21,97.3746
P,G,2006-06-22,97.2585
P,G,2006-06-23,97.1717
P,G,2006-06-26,97.305
P,G,2006-06-27,97.0662
P,G,2006-06-28,97.1126
P,G,2006-06-29,96.9866
P,G,2006-06-30,97.1078
P,G,2006-07-03,97.2528
P,G,2006-07-04,97.164
P,G,2006-07-05,97.1342
P,G,2006-07-06,97.0923
P,G,2006-07-07,97.0125
P,G,2006-07-10,97.1942
P,G,2006-07-11,97.128
P,G,2006-07-12,97.1091
P,G,2006-07-13,97.2662
P,G,2006-07-14,97.3003
P,G,2006-07-17,97.0935
P,G,2006-07-18,96.8085
P,G,2006-07-19,96.5876
P,G,2006-07-20,96.45
P,G,2006-07-21,96.6194
P,G,2006-07-24,96.3375
P,G,2006-07-25,96.3231
P,G,2006-07-26,96.1364
P,G,2006-07-27,96.4012
P,G,2006-07-28,96.4515
P,G,2006-07-31,96.5603
P,G,2006-08-01,96.6702
P,G,2006-08-02,96.7988
P,G,2006-08-03,96.5424
P,G,2006-08-04,96.4202
P,G,2006-08-07,96.7801
P,G,2006-08-08,96.7244
P,G,2006-08-09,96.7203
P,G,2006-08-10,96.6156
P,G,2006-08-11,96.2525
P,G,2006-08-14,96.1151
P,G,2006-08-15,96.1602
P,G,2006-08-16,96.3385
P,G,2006-08-17,96.6739
P,G,2006-08-18,96.5546
P,G,2006-08-21,96.8632
P,G,2006-08-22,96.8504
P,G,2006-08-23,96.5818
P,G,2006-08-24,96.608
P,G,2006-08-25,96.5617
P,G,2006-08-28,96.6467
P,G,2006-08-29,96.8143
P,G,2006-08-30,97.041
P,G,2006-08-31,97.0265
P,G,2006-09-01,96.9278
P,G,2006-09-04,96.7912
P,G,2006-09-05,96.63
P,G,2006-09-06,96.6872
P,G,2006-09-07,96.7496
P,G,2006-09-08,96.5383
P,G,2006-09-11,96.7071
P,G,2006-09-12,96.7665
P,G,2006-09-13,96.1524
P,G,2006-09-14,96.311
P,G,2006-09-15,95.7173
P,G,2006-09-18,96.0595
P,G,2006-09-19,95.9116
P,G,2006-09-20,96.0914
P,G,2006-09-21,96.2624
P,G,2006-09-22,96.6468
P,G,2006-09-25,96.9394
P,G,2006-09-26,96.7989
P,G,2006-09-27,96.7022
P,G,2006-09-28,96.5319
P,G,2006-09-29,96.2591
P,G,2006-10-02,96.4052
P,G,2006-10-03,96.4642
P,G,2006-10-04,96.3811
P,G,2006-10-05,96.1249
P,G,2006-10-06,96.0366
P,G,2006-10-09,96.0056
P,G,2006-10-10,95.7641
P,G,2006-10-11,95.5307
P,G,2006-10-12,95.5604
P,G,2006-10-13,95.4487
P,G,2006-10-16,95.4255
P,G,2006-10-17,95.5091
P,G,2006-10-18,95.5217
P,G,2006-10-19,95.5186
P,G,2006-10-20,95.7661
P,G,2006-10-23,95.5763
P,G,2006-10-24,95.3733
P,G,2006-10-25,95.465
P,G,2006-10-26,95.5575
P,G,2006-10-27,95.5776
P,G,2006-10-30,95.6817
P,G,2006-10-31,95.7036
P,G,2006-11-01,95.7536
P,G,2006-11-02,95.6606
P,G,2006-11-03,95.6069
P,G,2006-11-06,95.1672
P,G,2006-11-07,95.1683
P,G,2006-11-08,95.332
P,G,2006-11-09,95.2256
P,G,2006-11-10,95.6093
P,G,2006-11-13,95.5584
P,G,2006-11-14,95.4671
P,G,2006-11-15,95.1947
P,G,2006-11-16,95.1359
P,G,2006-11-17,95.0684
P,G,2006-11-20,95.3757
P,G,2006-11-21,95.3646
P,G,2006-11-22,95.564
P,G,2006-11-23,96.0681
P,G,2006-11-24,96.4568
P,G,2006-11-27,96.4857
P,G,2006-11-28,96.529
P,G,2006-11-29,96.2524
P,G,2006-11-30,96.1212
P,G,2006-12-01,96.4337
P,G,2006-12-04,96.2851
P,G,2006-12-05,96.2892
P,G,2006-12-06,96.3974
P,G,2006-12-07,96.42
P,G,2006-12-08,96.4069
P,G,2006-12-11,96.2025
P,G,2006-12-12,96.1673
P,G,2006-12-13,96.0435
P,G,2006-12-14,95.7392
P,G,2006-12-15,95.4671
P,G,2006-12-18,95.3707
P,G,2006-12-19,95.3641
P,G,2006-12-20,95.331
P,G,2006-12-21,95.3392
P,G,2006-12-22,95.4367
P,G,2006-12-25,95.3476
P,G,2006-12-26,95.3331
P,G,2006-12-27,95.2889
P,G,2006-12-28,94.9962
P,G,2006-12-29,95.1795
P,G,2007-01-01,95.0707
P,G,2007-01-02,95.0341
P,G,2007-01-03,94.915
P,G,2007-01-04,94.7095
P,G,2007-01-05,94.9587
P,G,2007-01-08,94.8523
P,G,2007-01-09,94.6122
P,G,2007-01-10,94.4721
P,G,2007-01-11,94.309
P,G,2007-01-12,94.277
P,G,2007-01-15,94.3156
P,G,2007-01-16,94.3194
P,G,2007-01-17,94.2334
P,G,2007-01-18,93.9463
P,G,2007-01-19,94.0964
P,G,2007-01-22,93.9926
P,G,2007-01-23,94.0349
P,G,2007-01-24,94.1657
P,G,2007-01-25,94.1299
P,G,2007-01-26,94.1102
P,G,2007-01-29,93.8584
P,G,2007-01-30,93.8014
P,G,2007-01-31,93.699700000000007
P,G,2007-02-01,94.1281
P,G,2007-02-02,94.1913
P,G,2007-02-05,94.0153
P,G,2007-02-06,94.2227
P,G,2007-02-07,94.4298
P,G,2007-02-08,93.8449
P,G,2007-02-09,93.7827
P,G,2007-02-12,93.8031
P,G,2007-02-13,93.8037
P,G,2007-02-14,93.8482
P,G,2007-02-15,93.9508
P,G,2007-02-16,94.1364
P,G,2007-02-19,94.2261
P,G,2007-02-20,94.0104
P,G,2007-02-21,93.9753
P,G,2007-02-22,93.7954
P,G,2007-02-23,93.9379
P,G,2007-02-26,94.2951
P,G,2007-02-27,94.5796
P,G,2007-02-28,94.8942
P,G,2007-03-01,94.9339
P,G,2007-03-02,94.8121
P,G,2007-03-05,95.6907
P,G,2007-03-06,95.3905
P,G,2007-03-07,95.2105
P,G,2007-03-08,95.1524
P,G,2007-03-09,94.7753
P,G,2007-03-12,94.4569
P,G,2007-03-13,94.7338
P,G,2007-03-14,95.2438
P,G,2007-03-15,94.947
P,G,2007-03-16,95.4792
P,G,2007-03-19,95.1408
P,G,2007-03-20,95.0144
P,G,2007-03-21,94.804
P,G,2007-03-22,94.6494
P,G,2007-03-23,94.574
P,G,2007-03-26,94.4312
P,G,2007-03-27,94.5307
P,G,2007-03-28,94.73
P,G,2007-03-29,94.5031
P,G,2007-03-30,94.2431
P,G,2007-04-02,94.4349
P,G,2007-04-03,94.1792
P,G,2007-04-04,94.0398
P,G,2007-04-05,93.9213
P,G,2007-04-06,93.8732
P,G,2007-04-09,93.826
P,G,2007-04-10,93.8003
P,G,2007-04-11,93.8223
P,G,2007-04-12,93.6538
P,G,2007-04-13,93.945
P,G,2007-04-16,93.5929
P,G,2007-04-17,93.7491
P,G,2007-04-18,94.0089
P,G,2007-04-19,94.3119
P,G,2007-04-20,93.7564
P,G,2007-04-23,93.8569
P,G,2007-04-24,93.9882
P,G,2007-04-25,93.9241
P,G,2007-04-26,93.8199
P,G,2007-04-27,93.8738
P,G,2007-04-30,93.8309
P,G,2007-05-01,93.6161
P,G,2007-05-02,93.3571
P,G,2007-05-03,93.6507
P,G,2007-05-04,93.5389
P,G,2007-05-07,93.6151
P,G,2007-05-08,93.3111
P,G,2007-05-09,93.3144
P,G,2007-05-10,93.3082
P,G,2007-05-11,93.5752
P,G,2007-05-14,93.1993
P,G,2007-05-15,93.3192
P,G,2007-05-16,93.2549
P,G,2007-05-17,93.037
P,G,2007-05-18,92.8515
P,G,2007-05-21,92.7085
P,G,2007-05-22,92.6733
P,G,2007-05-23,92.814
P,G,2007-05-24,92.8439
P,G,2007-05-25,92.9658
P,G,2007-05-28,92.9364
P,G,2007-05-29,92.9391
P,G,2007-05-30,93.1471
P,G,2007-05-31,93.0348
P,G,2007-06-01,92.7602
P,G,2007-06-04,92.7146
P,G,2007-06-05,92.9573
P,G,2007-06-06,93.218
P,G,2007-06-07,93.1508
P,G,2007-06-08,93.0752
P,G,2007-06-11,92.5972
P,G,2007-06-12,92.2686
P,G,2007-06-13,92.2898
P,G,2007-06-14,92.132
P,G,2007-06-15,92.1013
P,G,2007-06-18,91.9926
P,G,2007-06-19,91.9552
P,G,2007-06-20,91.9969
P,G,2007-06-21,91.9819
P,G,2007-06-22,92.1763
P,G,2007-06-25,92.6059
P,G,2007-06-26,92.5703
P,G,2007-06-27,92.6927
P,G,2007-06-28,92.5101
P,G,2007-06-29,92.3318
P,G,2007-07-02,93.0106
P,G,2007-07-03,92.7796
P,G,2007-07-04,92.6631
P,G,2007-07-05,92.8835
P,G,2007-07-06,92.6588
P,G,2007-07-09,92.6471
P,G,2007-07-10,92.6898
P,G,2007-07-11,93.1227
P,G,2007-07-12,93.0565
P,G,2007-07-13,92.9914
P,G,2007-07-16,93.0753
P,G,2007-07-17,93.2714
P,G,2007-07-18,93.1204
P,G,2007-07-19,93.0407
P,G,2007-07-20,92.8129
P,G,2007-07-23,92.9146
P,G,2007-07-24,92.5417
P,G,2007-07-25,92.4835
P,G,2007-07-26,92.5645
P,G,2007-07-27,93.1394
P,G,2007-07-30,93.4488
P,G,2007-07-31,93.4097
P,G,2007-08-01,93.531
P,G,2007-08-02,93.5655
P,G,2007-08-03,93.284
P,G,2007-08-06,94.2458
P,G,2007-08-07,93.9549
P,G,2007-08-08,93.7076
P,G,2007-08-09,93.7197
P,G,2007-08-10,94.194
P,G,2007-08-13,93.9154
P,G,2007-08-14,93.6724
P,G,2007-08-15,93.5946
P,G,2007-08-16,93.8304
P,G,2007-08-17,94.521
P,G,2007-08-20,94.0786
P,G,2007-08-21,94.519
P,G,2007-08-22,94.1059
P,G,2007-08-23,93.7115
P,G,2007-08-24,93.8663
P,G,2007-08-27,93.3345
P,G,2007-08-28,93.6192
P,G,2007-08-29,93.7192
P,G,2007-08-30,93.2988
P,G,2007-08-31,93.012200000000007
P,G,2007-09-03,92.8505
P,G,2007-09-04,92.9166
P,G,2007-09-05,92.6735
P,G,2007-09-06,92.9083
P,G,2007-09-07,93.0298
P,G,2007-09-10,93.6376
P,G,2007-09-11,93.4163
P,G,2007-09-12,93.2939
P,G,2007-09-13,93.1855
P,G,2007-09-14,93.09
P,G,2007-09-17,93.0109
P,G,2007-09-18,93.1122
P,G,2007-09-19,92.9104
P,G,2007-09-20,93.0915
P,G,2007-09-21,92.9282
P,G,2007-09-24,92.865
P,G,2007-09-25,92.9624
P,G,2007-09-26,92.8781
P,G,2007-09-27,92.5962
P,G,2007-09-28,92.4312
P,G,2007-10-01,92.1245
P,G,2007-10-02,92.1234
P,G,2007-10-03,91.9962
P,G,2007-10-04,91.8756
P,G,2007-10-05,91.8683
P,G,2007-10-08,91.5589
P,G,2007-10-09,91.3965
P,G,2007-10-10,91.2798
P,G,2007-10-11,91.2134
P,G,2007-10-12,90.933
P,G,2007-10-15,90.9698
P,G,2007-10-16,90.9426
P,G,2007-10-17,90.9796
P,G,2007-10-18,91.2006
P,G,2007-10-19,91.1925
P,G,2007-10-22,91.5712
P,G,2007-10-23,91.1717
P,G,2007-10-24,90.9309
P,G,2007-10-25,91.0147
P,G,2007-10-26,90.9583
P,G,2007-10-29,90.8696
P,G,2007-10-30,90.6791
P,G,2007-10-31,90.9082
P,G,2007-11-01,90.593
P,G,2007-11-02,91.1268
P,G,2007-11-05,91.0065
P,G,2007-11-06,91.3292
P,G,2007-11-07,91.7332
P,G,2007-11-08,91.8857
P,G,2007-11-09,92.2732
P,G,2007-11-12,92.6486
P,G,2007-11-13,92.7429
P,G,2007-11-14,92.6329
P,G,2007-11-15,92.752
P,G,2007-11-16,92.9357
P,G,2007-11-19,93.1124
P,G,2007-11-20,93.4272
P,G,2007-11-21,93.5631
P,G,2007-11-22,93.7165
P,G,2007-11-23,93.6824
P,G,2007-11-26,93.597
P,G,2007-11-27,93.842
P,G,2007-11-28,93.046
P,G,2007-11-29,92.6618
P,G,2007-11-30,92.3745
P,G,2007-12-03,92.1758
P,G,2007-12-04,92.1517
P,G,2007-12-05,92.5676
P,G,2007-12-06,92.3199
P,G,2007-12-07,92.0406
P,G,2007-12-10,91.9787
P,G,2007-12-11,91.6865
P,G,2007-12-12,91.5943
P,G,2007-12-13,91.3562
P,G,2007-12-14,91.076
P,G,2007-12-17,91.2414
P,G,2007-12-18,91.379
P,G,2007-12-19,91.266
P,G,2007-12-20,91.2429
P,G,2007-12-21,91.0899
P,G,2007-12-24,90.9805
P,G,2007-12-25,90.9389
P,G,2007-12-26,90.9507
P,G,2007-12-27,90.963
P,G,2007-12-28,91.5802
P,G,2007-12-31,91.9531
P,G,2008-01-01,92.14
P,G,2008-01-02,92.396
P,G,2008-01-03,92.6967
P,G,2008-01-04,93.0008
P,G,2008-01-07,92.8381
P,G,2008-01-08,92.653
P,G,2008-01-09,92.9224
P,G,2008-01-10,93.0513
P,G,2008-01-11,93.6039
P,G,2008-01-14,94.042
P,G,2008-01-15,93.9478
P,G,2008-01-16,94.5505
P,G,2008-01-17,93.8337
P,G,2008-01-18,94.0759
P,G,2008-01-21,94.698
P,G,2008-01-22,94.5979
P,G,2008-01-23,94.9694
P,G,2008-01-24,95.2221
P,G,2008-01-25,94.3747
P,G,2008-01-28,94.5564
P,G,2008-01-29,94.2457
P,G,2008-01-30,94.2696
P,G,2008-01-31,94.7677
P,G,2008-02-01,94.8179
P,G,2008-02-04,94.1817
P,G,2008-02-05,93.6721
P,G,2008-02-06,94.3789
P,G,2008-02-07,94.3044
P,G,2008-02-08,94.2261
P,G,2008-02-11,94.7589
P,G,2008-02-12,94.3488
P,G,2008-02-13,94.0215
P,G,2008-02-14,93.5839
P,G,2008-02-15,93.9937
P,G,2008-02-18,93.8533
P,G,2008-02-19,93.8721
P,G,2008-02-20,93.9425
P,G,2008-02-21,93.6273
P,G,2008-02-22,94.0113
P,G,2008-02-25,93.9422
P,G,2008-02-26,93.8828
P,G,2008-02-27,94.4532
P,G,2008-02-28,94.827
P,G,2008-02-29,95.6266
P,G,2008-03-03,96.7941
P,G,2008-03-04,96.5121
P,G,2008-03-05,96.5559
P,G,2008-03-06,96.6196
P,G,2008-03-07,97.515
P,G,2008-03-10,97.4096
P,G,2008-03-11,97.5575
P,G,2008-03-12,96.4823
P,G,2008-03-13,97.615
P,G,2008-03-14,97.4896
P,G,2008-03-17,99.6589
P,G,2008-03-18,98.9245
P,G,2008-03-19,98.6264
P,G,2008-03-20,97.9816
P,G,2008-03-21,97.7509
P,G,2008-03-24,97.5124
P,G,2008-03-25,97.2924
P,G,2008-03-26,97.8235
P,G,2008-03-27,98.0478
P,G,2008-03-28,97.9527
P,G,2008-03-31,98.3272
P,G,2008-04-01,97.9204
P,G,2008-04-02,97.1786
P,G,2008-04-03,96.9085
P,G,2008-04-04,97.112
P,G,2008-04-07,96.5783
P,G,2008-04-08,96.9064
P,G,2008-04-09,96.6783
P,G,2008-04-10,97.9795
P,G,2008-04-11,97.0487
P,G,2008-04-14,97.5686
P,G,2008-04-15,97.47
P,G,2008-04-16,96.9724
P,G,2008-04-17,97
P,G,2008-04-18,96.2853
P,G,2008-04-21,96.0034
P,G,2008-04-22,96.1151
P,G,2008-04-23,96.1185
P,G,2008-04-24,95.3289
P,G,2008-04-25,94.5108
P,G,2008-04-28,94.8989
P,G,2008-04-29,94.6805
P,G,2008-04-30,94.85
P,G,2008-05-01,94.4415
P,G,2008-05-02,94.0398
P,G,2008-05-05,93.5818
P,G,2008-05-06,93.5569
P,G,2008-05-07,93.5283
P,G,2008-05-08,94.0218
P,G,2008-05-09,94.5193
P,G,2008-05-12,94.3539
P,G,2008-05-13,94.1852
P,G,2008-05-14,93.5585
P,G,2008-05-15,93.5975
P,G,2008-05-16,93.6138
P,G,2008-05-19,93.8102
P,G,2008-05-20,93.7349
P,G,2008-05-21,94.0959
P,G,2008-05-22,94.514
P,G,2008-05-23,94.5448
P,G,2008-05-26,94.5434
P,G,2008-05-27,94.5432
P,G,2008-05-28,94.2538
P,G,2008-05-29,93.4137
P,G,2008-05-30,93.1095
P,G,2008-06-02,93.7753
P,G,2008-06-03,94.4571
P,G,2008-06-04,94.2667
P,G,2008-06-05,93.6942
P,G,2008-06-06,93.6964
P,G,2008-06-09,94.8342
P,G,2008-06-10,94.3979
P,G,2008-06-11,93.9241
P,G,2008-06-12,94.218
P,G,2008-06-13,93.8367
P,G,2008-06-16,93.7193
P,G,2008-06-17,93.7337
P,G,2008-06-18,93.5249
P,G,2008-06-19,93.6039
P,G,2008-06-20,93.3683
P,G,2008-06-23,93.2501
P,G,2008-06-24,93.2171
P,G,2008-06-25,93.1189
P,G,2008-06-26,93.4016
P,G,2008-06-27,94.2662
P,G,2008-06-30,94.4473
P,G,2008-07-01,94.2543
P,G,2008-07-02,94.2099
P,G,2008-07-03,94.3879
P,G,2008-07-04,93.9902
P,G,2008-07-07,93.6672
P,G,2008-07-08,94.1447
P,G,2008-07-09,93.3033
P,G,2008-07-10,93.3148
P,G,2008-07-11,93.3219
P,G,2008-07-14,93.4449
P,G,2008-07-15,94.5205
P,G,2008-07-16,94.6223
P,G,2008-07-17,93.9959
P,G,2008-07-18,93.7042
P,G,2008-07-21,93.5787
P,G,2008-07-22,93.7663
P,G,2008-07-23,92.9062
P,G,2008-07-24,92.7777
P,G,2008-07-25,92.9546
P,G,2008-07-28,92.9002
P,G,2008-07-29,93.0499
P,G,2008-07-30,92.4872
P,G,2008-07-31,92.2403
P,G,2008-08-01,92.2744
P,G,2008-08-04,92.3003
P,G,2008-08-05,92.2847
P,G,2008-08-06,92.3693
P,G,2008-08-07,92.1405
P,G,2008-08-08,91.9073
P,G,2008-08-11,92.0967
P,G,2008-08-12,91.8387
P,G,2008-08-13,91.7259
P,G,2008-08-14,92.022
P,G,2008-08-15,91.7228
P,G,2008-08-18,91.8864
P,G,2008-08-19,91.9481
P,G,2008-08-20,91.8713
P,G,2008-08-21,91.774
P,G,2008-08-22,91.6646
P,G,2008-08-25,91.5856
P,G,2008-08-26,91.6199
P,G,2008-08-27,92.1088
P,G,2008-08-28,92.1395
P,G,2008-08-29,92.1241
P,G,2008-09-01,92.3432
P,G,2008-09-02,91.9841
P,G,2008-09-03,92.1227
P,G,2008-09-04,92.6234
P,G,2008-09-05,92.9231
P,G,2008-09-08,92.0375
P,G,2008-09-09,92.2223
P,G,2008-09-10,92.4737
P,G,2008-09-11,92.6207
P,G,2008-09-12,92.1986
P,G,2008-09-15,93.0333
P,G,2008-09-16,94.0949
P,G,2008-09-17,93.0515
P,G,2008-09-18,93.9706
P,G,2008-09-19,92.9092
P,G,2008-09-22,93.4831
P,G,2008-09-23,94.0188
P,G,2008-09-24,94.0228
P,G,2008-09-25,94.2336
P,G,2008-09-26,94.4484
P,G,2008-09-29,94.4076
P,G,2008-09-30,94.9932
P,G,2008-10-01,94.4644
P,G,2008-10-02,94.497
P,G,2008-10-03,94.8233
P,G,2008-10-06,95.4946
P,G,2008-10-07,95.9657
P,G,2008-10-08,96.595
P,G,2008-10-09,96.791
P,G,2008-10-10,98.3862
P,G,2008-10-13,97.2936
P,G,2008-10-14,96.586
P,G,2008-10-15,96.6126
P,G,2008-10-16,97.9753
P,G,2008-10-17,98.1542
P,G,2008-10-20,97.9325
P,G,2008-10-21,97.9268
P,G,2008-10-22,99.1062
P,G,2008-10-23,99.7539
P,G,2008-10-24,100.6244
P,G,2008-10-27,102.721
P,G,2008-10-28,101.7806
P,G,2008-10-29,101.5173
P,G,2008-10-30,100.876
P,G,2008-10-31,101.5714
P,G,2008-11-03,100.2198
P,G,2008-11-04,100.0148
P,G,2008-11-05,99.5804
P,G,2008-11-06,99.6485
P,G,2008-11-07,99.8561
P,G,2008-11-10,99.522
P,G,2008-11-11,100.1528
P,G,2008-11-12,100.6991
P,G,2008-11-13,100.9513
P,G,2008-11-14,100.1162
P,G,2008-11-17,99.9478
P,G,2008-11-18,99.9425
P,G,2008-11-19,99.4232
P,G,2008-11-20,99.7199
P,G,2008-11-21,98.5728
P,G,2008-11-24,98.735
P,G,2008-11-25,98.9078
P,G,2008-11-26,98.8978
P,G,2008-11-27,98.6141
P,G,2008-11-28,98.666
P,G,2008-12-01,99.2923
P,G,2008-12-02,99.9636
P,G,2008-12-03,99.6022
P,G,2008-12-04,99.3738
P,G,2008-12-05,99.8708
P,G,2008-12-08,98.4591
P,G,2008-12-09,98.5853
P,G,2008-12-10,98.7343
P,G,2008-12-11,98.8347
P,G,2008-12-12,98.8636
P,G,2008-12-15,98.9333
P,G,2008-12-16,99.3017
P,G,2008-12-17,100.6725
P,G,2008-12-18,104.3225
P,G,2008-12-19,102.7577
P,G,2008-12-22,103.2127
P,G,2008-12-23,104.1585
P,G,2008-12-24,105.125
P,G,2008-12-25,105.6556
P,G,2008-12-26,106.2012
P,G,2008-12-29,106.7612
P,G,2008-12-30,107.0466
P,G,2008-12-31,107.1936
P,G,2009-01-01,106.3607
P,G,2009-01-02,105.5292
P,G,2009-01-05,104.689
P,G,2009-01-06,103.8882
P,G,2009-01-07,104.3757
P,G,2009-01-08,104.4821
P,G,2009-01-09,105.0012
P,G,2009-01-12,103.9319
P,G,2009-01-13,105.0681
P,G,2009-01-14,105.1936
P,G,2009-01-15,105.7445
P,G,2009-01-16,104.8223
P,G,2009-01-19,104.8327
P,G,2009-01-20,104.5238
P,G,2009-01-21,105.0605
P,G,2009-01-22,102.9267
P,G,2009-01-23,103.6157
P,G,2009-01-26,103.1859
P,G,2009-01-27,103.5993
P,G,2009-01-28,103.4832
P,G,2009-01-29,103.0037
P,G,2009-01-30,103.8644
P,G,2009-02-02,103.7461
P,G,2009-02-03,103.4984
P,G,2009-02-04,103.7806
P,G,2009-02-05,103.5603
P,G,2009-02-06,102.6573
P,G,2009-02-09,102.5247
P,G,2009-02-10,102.4985
P,G,2009-02-11,103.73
P,G,2009-02-12,103.4828
P,G,2009-02-13,103.2979
P,G,2009-02-16,103.532
P,G,2009-02-17,104.2001
P,G,2009-02-18,104.5299
P,G,2009-02-19,103.675
P,G,2009-02-20,103.2238
P,G,2009-02-23,104.2943
P,G,2009-02-24,104.8544
P,G,2009-02-25,104.4554
P,G,2009-02-26,104.6337
P,G,2009-02-27,104.4409
P,G,2009-03-02,104.8813
P,G,2009-03-03,104.9325
P,G,2009-03-04,104.8819
P,G,2009-03-05,105.002
P,G,2009-03-06,106.2665
P,G,2009-03-09,106.3313
P,G,2009-03-10,106.4703
P,G,2009-03-11,105.5563
P,G,2009-03-12,105.6766
P,G,2009-03-13,102.0616
P,G,2009-03-16,101.848
P,G,2009-03-17,101.8123
P,G,2009-03-18,102.2336
P,G,2009-03-19,103.0007
P,G,2009-03-20,103.8227
P,G,2009-03-23,103.3959
P,G,2009-03-24,103.7775
P,G,2009-03-25,103.9215
P,G,2009-03-26,104.0914
P,G,2009-03-27,103.6891
P,G,2009-03-30,103.8558
P,G,2009-03-31,104.0915
P,G,2009-04-01,104.0508
P,G,2009-04-02,103.3295
P,G,2009-04-03,103.2632
P,G,2009-04-06,103.388
P,G,2009-04-07,103.4791
P,G,2009-04-08,103.3371
P,G,2009-04-09,102.906
P,G,2009-04-10,102.9443
P,G,2009-04-13,103.0054
P,G,2009-04-14,103.0371
P,G,2009-04-15,103.1762
P,G,2009-04-16,102.9334
P,G,2009-04-17,102.1716
P,G,2009-04-20,102.2889
P,G,2009-04-21,102.4831
P,G,2009-04-22,102.5399
P,G,2009-04-23,102.2591
P,G,2009-04-24,103.4074
P,G,2009-04-27,103.2813
P,G,2009-04-28,103.1155
P,G,2009-04-29,103.4221
P,G,2009-04-30,103.2393
P,G,2009-05-01,103.1148
P,G,2009-05-04,102.9899
P,G,2009-05-05,102.7661
P,G,2009-05-06,102.9374
P,G,2009-05-07,102.3553
P,G,2009-05-08,102.7219
P,G,2009-05-11,103.5265
P,G,2009-05-12,103.5429
P,G,2009-05-13,103.5755
P,G,2009-05-14,103.6361
P,G,2009-05-15,103.5637
P,G,2009-05-18,102.4159
P,G,2009-05-19,102.5846
P,G,2009-05-20,102.5733
P,G,2009-05-21,102.6293
P,G,2009-05-22,102.6929
P,G,2009-05-25,102.9817
P,G,2009-05-26,102.9502
P,G,2009-05-27,103.0908
P,G,2009-05-28,103.1101
P,G,2009-05-29,103.2282
P,G,2009-06-01,103.2624
P,G,2009-06-02,103.3201
P,G,2009-06-03,103.1931
P,G,2009-06-04,103.5532
P,G,2009-06-05,103.5161
P,G,2009-06-08,102.7898
P,G,2009-06-09,103.0378
P,G,2009-06-10,103.3192
P,G,2009-06-11,103.2921
P,G,2009-06-12,103.5976
P,G,2009-06-15,103.183
P,G,2009-06-16,103.4678
P,G,2009-06-17,103.4146
P,G,2009-06-18,104.0593
P,G,2009-06-19,103.4296
P,G,2009-06-22,103.7232
P,G,2009-06-23,104.2693
P,G,2009-06-24,104.618
P,G,2009-06-25,102.7056
P,G,2009-06-26,102.5262
P,G,2009-06-29,102.7613
P,G,2009-06-30,102.9771
P,G,2009-07-01,103.0443
P,G,2009-07-02,103.1258
P,G,2009-07-03,103.0799
P,G,2009-07-06,103.0758
P,G,2009-07-07,103.2036
P,G,2009-07-08,103.372
P,G,2009-07-09,103.574
P,G,2009-07-10,103.305
P,G,2009-07-13,103.6671
P,G,2009-07-14,103.4113
P,G,2009-07-15,103.145
P,G,2009-07-16,103.3279
P,G,2009-07-17,103.1943
P,G,2009-07-20,103.2032
P,G,2009-07-21,103.1774
P,G,2009-07-22,103.2819
P,G,2009-07-23,103.083
P,G,2009-07-24,102.5955
P,G,2009-07-27,102.6515
P,G,2009-07-28,102.5939
P,G,2009-07-29,102.5135
P,G,2009-07-30,101.6883
P,G,2009-07-31,101.3673
P,G,2009-08-03,102.0838
P,G,2009-08-04,102.3114
P,G,2009-08-05,102.3001
P,G,2009-08-06,102.1729
P,G,2009-08-07,102.3062
P,G,2009-08-10,101.4416
P,G,2009-08-11,101.5697
P,G,2009-08-12,102.0631
P,G,2009-08-13,101.941
P,G,2009-08-14,102.1462
P,G,2009-08-17,102.4667
P,G,2009-08-18,102.4811
P,G,2009-08-19,102.5883
P,G,2009-08-20,102.9392
P,G,2009-08-21,103.3189
P,G,2009-08-24,103.0351
P,G,2009-08-25,103.1224
P,G,2009-08-26,103.2129
P,G,2009-08-27,102.7707
P,G,2009-08-28,103.1752
P,G,2009-08-31,103.318
P,G,2009-09-01,103.4339
P,G,2009-09-02,103.2436
P,G,2009-09-03,103.3972
P,G,2009-09-04,103.1831
P,G,2009-09-07,103.1918
P,G,2009-09-08,103.2129
P,G,2009-09-09,103.4586
P,G,2009-09-10,103.7058
P,G,2009-09-11,103.6793
P,G,2009-09-14,103.772
P,G,2009-09-15,103.5701
P,G,2009-09-16,103.4985
P,G,2009-09-17,103.4341
P,G,2009-09-18,103.629
P,G,2009-09-21,103.6483
P,G,2009-09-22,103.9146
P,G,2009-09-23,103.9528
P,G,2009-09-24,103.8891
P,G,2009-09-25,103.8132
P,G,2009-09-28,103.714
P,G,2009-09-29,103.4939
P,G,2009-09-30,103.4822
P,G,2009-10-01,102.8335
P,G,2009-10-02,103.1267
P,G,2009-10-05,103.3657
P,G,2009-10-06,103.4382
P,G,2009-10-07,103.233
P,G,2009-10-08,102.9842
P,G,2009-10-09,102.7605
P,G,2009-10-12,102.7446
P,G,2009-10-13,103.0669
P,G,2009-10-14,103.1172
P,G,2009-10-15,103.3372
P,G,2009-10-16,103.0687
P,G,2009-10-19,103.2954
P,G,2009-10-20,103.3484
P,G,2009-10-21,103.5113
P,G,2009-10-22,103.3679
P,G,2009-10-23,103.5353
P,G,2009-10-26,103.6115
P,G,2009-10-27,103.0952
P,G,2009-10-28,103.1961
P,G,2009-10-29,103.1324
P,G,2009-10-30,103.2083
P,G,2009-11-02,103.2174
P,G,2009-11-03,102.9733
P,G,2009-11-04,102.9938
P,G,2009-11-05,103.2319
P,G,2009-11-06,103.0676
P,G,2009-11-09,103.1919
P,G,2009-11-10,103.195
P,G,2009-11-11,103.2575
P,G,2009-11-12,103.0758
P,G,2009-11-13,102.8554
P,G,2009-11-16,103.0891
P,G,2009-11-17,102.7873
P,G,2009-11-18,102.6857
P,G,2009-11-19,102.549
P,G,2009-11-20,102.7443
P,G,2009-11-23,103.0271
P,G,2009-11-24,102.9206
P,G,2009-11-25,103.1217
P,G,2009-11-26,103.4486
P,G,2009-11-27,103.2191
P,G,2009-11-30,103.3977
P,G,2009-12-01,103.4262
P,G,2009-12-02,103.3288
P,G,2009-12-03,103.3308
P,G,2009-12-04,103.2608
P,G,2009-12-07,102.4651
P,G,2009-12-08,102.5484
P,G,2009-12-09,102.4292
P,G,2009-12-10,102.246
P,G,2009-12-11,102.2057
P,G,2009-12-14,101.9651
P,G,2009-12-15,101.6124
P,G,2009-12-16,101.5853
P,G,2009-12-17,101.6899
P,G,2009-12-18,102.1885
P,G,2009-12-21,102.189
P,G,2009-12-22,102.0869
P,G,2009-12-23,102.2409
P,G,2009-12-24,102.7177
P,G,2009-12-25,102.7143
P,G,2009-12-28,102.7109
P,G,2009-12-29,102.9958
P,G,2009-12-30,102.6949
P,G,2009-12-31,102.9937
P,G,2010-01-01,102.7088
P,G,2010-01-04,102.4277
P,G,2010-01-05,102.7202
P,G,2010-01-06,102.5196
P,G,2010-01-07,102.6814
P,G,2010-01-08,102.6105
P,G,2010-01-11,103.2177
P,G,2010-01-12,103.2135
P,G,2010-01-13,103.0459
P,G,2010-01-14,102.9168
P,G,2010-01-15,102.7527
P,G,2010-01-18,102.7346
P,G,2010-01-19,102.6637
P,G,2010-01-20,102.2563
P,G,2010-01-21,102.178
P,G,2010-01-22,102.5138
P,G,2010-01-25,102.3986
P,G,2010-01-26,102.4259
P,G,2010-01-27,102.3151
P,G,2010-01-28,102.0654
P,G,2010-01-29,102.2915
P,G,2010-02-01,101.8781
P,G,2010-02-02,101.849
P,G,2010-02-03,101.9808
P,G,2010-02-04,101.7822
P,G,2010-02-05,101.5448
P,G,2010-02-08,101.7022
P,G,2010-02-09,101.8194
P,G,2010-02-10,101.8391
P,G,2010-02-11,101.8163
P,G,2010-02-12,101.2428
P,G,2010-02-15,101.3246
P,G,2010-02-16,101.4027
P,G,2010-02-17,101.4064
P,G,2010-02-18,101.1084
P,G,2010-02-19,101.0938
P,G,2010-02-22,101.3791
P,G,2010-02-23,101.2808
P,G,2010-02-24,101.1351
P,G,2010-02-25,101.0438
P,G,2010-02-26,101.3165
P,G,2010-03-01,101.4391
P,G,2010-03-02,100.9973
P,G,2010-03-03,101.4237
P,G,2010-03-04,101.3548
P,G,2010-03-05,101.1671
P,G,2010-03-08,101.248
P,G,2010-03-09,101.1293
P,G,2010-03-10,101.1225
P,G,2010-03-11,101.3643
P,G,2010-03-12,101.5701
P,G,2010-03-15,101.8603
P,G,2010-03-16,102.0068
P,G,2010-03-17,102.1644
P,G,2010-03-18,102.049
P,G,2010-03-19,102.6047
P,G,2010-03-22,102.7598
P,G,2010-03-23,102.5415
P,G,2010-03-24,102.486
P,G,2010-03-25,102.4657
P,G,2010-03-26,102.538
P,G,2010-03-29,102.6673
P,G,2010-03-30,102.5254
P,G,2010-03-31,102.421
P,G,2010-04-01,103.1709
P,G,2010-04-02,102.7764
P,G,2010-04-05,102.3969
P,G,2010-04-06,102.0077
P,G,2010-04-07,101.8413
P,G,2010-04-08,101.5838
P,G,2010-04-09,101.6917
P,G,2010-04-12,101.6551
P,G,2010-04-13,102.0046
P,G,2010-04-14,102.2437
P,G,2010-04-15,102.1689
P,G,2010-04-16,102.1103
P,G,2010-04-19,101.9489
P,G,2010-04-20,101.9687
P,G,2010-04-21,101.7472
P,G,2010-04-22,101.7156
P,G,2010-04-23,101.316
P,G,2010-04-26,101.2996
P,G,2010-04-27,101.2818
P,G,2010-04-28,101.2209
P,G,2010-04-29,101.1468
P,G,2010-04-30,101.2063
P,G,2010-05-03,101.3133
P,G,2010-05-04,101.0489
P,G,2010-05-05,100.5682
P,G,2010-05-06,100.2235
P,G,2010-05-07,101.561
P,G,2010-05-10,101.1303
P,G,2010-05-11,101.3133
P,G,2010-05-12,101.2277
P,G,2010-05-13,101.2402
P,G,2010-05-14,101.2464
P,G,2010-05-17,100.7987
P,G,2010-05-18,100.9645
P,G,2010-05-19,100.4643
P,G,2010-05-20,99.6289
P,G,2010-05-21,99.2869
P,G,2010-05-24,99.3356
P,G,2010-05-25,99.3923
P,G,2010-05-26,99.3921
P,G,2010-05-27,99.5451
P,G,2010-05-28,99.0891
P,G,2010-05-31,99.0914
P,G,2010-06-01,98.9969
P,G,2010-06-02,99.5748
P,G,2010-06-03,99.3223
P,G,2010-06-04,99.6666
P,G,2010-06-07,100.3374
P,G,2010-06-08,100.5907
P,G,2010-06-09,101.2203
P,G,2010-06-10,101.215
P,G,2010-06-11,101.0473
P,G,2010-06-14,100.927
P,G,2010-06-15,100.2088
P,G,2010-06-16,100.9331
P,G,2010-06-17,102.0036
P,G,2010-06-18,102.1119
P,G,2010-06-21,102.3429
P,G,2010-06-22,102.7851
P,G,2010-06-23,103.0005
P,G,2010-06-24,103.0711
P,G,2010-06-25,103.3854
P,G,2010-06-28,104.4929
P,G,2010-06-29,105.1562
P,G,2010-06-30,105.6679
P,G,2010-07-01,106.2605
P,G,2010-07-02,105.6494
P,G,2010-07-05,105.897
P,G,2010-07-06,105.88720000000001
P,G,2010-07-07,105.8812
P,G,2010-07-08,106.138
P,G,2010-07-09,105.9806
P,G,2010-07-12,105.4626
P,G,2010-07-13,105.8529
P,G,2010-07-14,105.2484
P,G,2010-07-15,105.9038
P,G,2010-07-16,105.8137
P,G,2010-07-19,105.4072
P,G,2010-07-20,104.8213
P,G,2010-07-21,105.2715
P,G,2010-07-22,106.4177
P,G,2010-07-23,105.8228
P,G,2010-07-26,104.6914
P,G,2010-07-27,104.0501
P,G,2010-07-28,103.4293
P,G,2010-07-29,103.9416
P,G,2010-07-30,105.4153
P,G,2010-08-02,104.2291
P,G,2010-08-03,104.3335
P,G,2010-08-04,103.9965
P,G,2010-08-05,103.3674
P,G,2010-08-06,103.5562
P,G,2010-08-09,103.7012
P,G,2010-08-10,102.9789
P,G,2010-08-11,103.4421
P,G,2010-08-12,104.0591
P,G,2010-08-13,104.7387
P,G,2010-08-16,106.2184
P,G,2010-08-17,105.7477
P,G,2010-08-18,105.5217
P,G,2010-08-19,105.9545
P,G,2010-08-20,106.7331
P,G,2010-08-23,107.055
P,G,2010-08-24,106.8283
P,G,2010-08-25,107.8436
P,G,2010-08-26,107.4883
P,G,2010-08-27,107.9913
P,G,2010-08-30,107.3937
P,G,2010-08-31,108.6147
P,G,2010-09-01,108.7498
P,G,2010-09-02,108.6628
P,G,2010-09-03,108.2046
P,G,2010-09-06,107.6965
P,G,2010-09-07,108.8203
P,G,2010-09-08,109.5175
P,G,2010-09-09,108.4234
P,G,2010-09-10,107.7143
P,G,2010-09-13,107.8073
P,G,2010-09-14,108.9196
P,G,2010-09-15,108.3721
P,G,2010-09-16,108.1104
P,G,2010-09-17,105.8536
P,G,2010-09-20,107.273
P,G,2010-09-21,107.4184
P,G,2010-09-22,107.4413
P,G,2010-09-23,107.5791
P,G,2010-09-24,108.1456
P,G,2010-09-27,107.1719
P,G,2010-09-28,107.5244
P,G,2010-09-29,107.4269
P,G,2010-09-30,107.1472
P,G,2010-10-01,106.5152
P,G,2010-10-04,106.9144
P,G,2010-10-05,107.4045
P,G,2010-10-06,106.933
P,G,2010-10-07,107.1798
P,G,2010-10-08,106.595
P,G,2010-10-11,106.833
P,G,2010-10-12,106.6568
P,G,2010-10-13,107.2006
P,G,2010-10-14,107.3224
P,G,2010-10-15,106.4806
P,G,2010-10-18,106.9234
P,G,2010-10-19,106.8536
P,G,2010-10-20,106.7642
P,G,2010-10-21,106.0078
P,G,2010-10-22,105.2605
P,G,2010-10-25,105.1215
P,G,2010-10-26,105.1477
P,G,2010-10-27,104.2345
P,G,2010-10-28,104.405
P,G,2010-10-29,103.8758
P,G,2010-11-01,103.2819
P,G,2010-11-02,103.4146
P,G,2010-11-03,103.6675
P,G,2010-11-04,104.1316
P,G,2010-11-05,105.1791
P,G,2010-11-08,105.222
P,G,2010-11-09,105.8613
P,G,2010-11-10,105.3286
P,G,2010-11-11,105.6008
P,G,2010-11-12,105.5746
P,G,2010-11-15,105.0738
P,G,2010-11-16,104.7726
P,G,2010-11-17,104.1336
P,G,2010-11-18,104.2787
P,G,2010-11-19,103.5861
P,G,2010-11-22,103.4753
P,G,2010-11-23,104.1956
P,G,2010-11-24,104.7065
P,G,2010-11-25,104.3621
P,G,2010-11-26,104.6092
P,G,2010-11-29,104.5015
P,G,2010-11-30,105.9256
P,G,2010-12-01,104.8773
P,G,2010-12-02,104.7025
P,G,2010-12-03,105.3429
P,G,2010-12-06,106.0423
P,G,2010-12-07,105.8
P,G,2010-12-08,105.6371
P,G,2010-12-09,105.5857
P,G,2010-12-10,106.0081
P,G,2010-12-13,106.2197
P,G,2010-12-14,106.8181
P,G,2010-12-15,107.9011
P,G,2010-12-16,107.4855
P,G,2010-12-17,108.042
P,G,2010-12-20,107.9632
P,G,2010-12-21,108.4615
P,G,2010-12-22,109.5412
P,G,2010-12-23,109.598
P,G,2010-12-24,108.4644
P,G,2010-12-27,108.2408
P,G,2010-12-28,109.1399
P,G,2010-12-29,109.3463
P,G,2010-12-30,110.1882
P,G,2010-12-31,109.8537
P,G,2011-01-03,110.0457
P,G,2011-01-04,109.0363
P,G,2011-01-05,108.4094
P,G,2011-01-06,107.4857
P,G,2011-01-07,108.3837
P,G,2011-01-10,108.5834
P,G,2011-01-11,107.6216
P,G,2011-01-12,106.8983
P,G,2011-01-13,106.1063
P,G,2011-01-14,106.2387
P,G,2011-01-17,106.4259
P,G,2011-01-18,106.5237
P,G,2011-01-19,106.3451
P,G,2011-01-20,106.5757
P,G,2011-01-21,105.5732
P,G,2011-01-24,105.7765
P,G,2011-01-25,106.5068
P,G,2011-01-26,106.7947
P,G,2011-01-27,106.8222
P,G,2011-01-28,106.7333
P,G,2011-01-31,107.4277
P,G,2011-02-01,106.8611
P,G,2011-02-02,106.9965
P,G,2011-02-03,106.2518
P,G,2011-02-04,106.377
P,G,2011-02-07,105.4305
P,G,2011-02-08,105.52
P,G,2011-02-09,104.4959
P,G,2011-02-10,104.7447
P,G,2011-02-11,104.2104
P,G,2011-02-14,104.2988
P,G,2011-02-15,104.3003
P,G,2011-02-16,104.8637
P,G,2011-02-17,105.3971
P,G,2011-02-18,105.7164
P,G,2011-02-21,105.6902
P,G,2011-02-22,106.5333
P,G,2011-02-23,106.6728
P,G,2011-02-24,107.8025
P,G,2011-02-25,107.2921
P,G,2011-02-28,107.2766
P,G,2011-03-01,106.6017
P,G,2011-03-02,107.1575
P,G,2011-03-03,106.9007
P,G,2011-03-04,106.0759
P,G,2011-03-07,106.2601
P,G,2011-03-08,105.7183
P,G,2011-03-09,105.9884
P,G,2011-03-10,106.1
P,G,2011-03-11,106.2711
P,G,2011-03-14,106.1304
P,G,2011-03-15,107.3307
P,G,2011-03-16,107.3162
P,G,2011-03-17,108.77
P,G,2011-03-18,108.7506
P,G,2011-03-21,107.6579
P,G,2011-03-22,107.4597
P,G,2011-03-23,108.1336
P,G,2011-03-24,107.0727
P,G,2011-03-25,106.5275
P,G,2011-03-28,106.4016
P,G,2011-03-29,106.3327
P,G,2011-03-30,105.8177
P,G,2011-03-31,106.0753
P,G,2011-04-01,105.4333
P,G,2011-04-04,104.9903
P,G,2011-04-05,105.1912
P,G,2011-04-06,105.1232
P,G,2011-04-07,105.0751
P,G,2011-04-08,104.8592
P,G,2011-04-11,105.4285
P,G,2011-04-12,106.3089
P,G,2011-04-13,106.6759
P,G,2011-04-14,106.9705
P,G,2011-04-15,107.127
P,G,2011-04-18,107.36
P,G,2011-04-19,107.5154
P,G,2011-04-20,106.9323
P,G,2011-04-21,107.3832
P,G,2011-04-22,107.5714
P,G,2011-04-25,107.8224
P,G,2011-04-26,108.0707
P,G,2011-04-27,108.1379
P,G,2011-04-28,107.6078
P,G,2011-04-29,108.0343
P,G,2011-05-02,108.1029
P,G,2011-05-03,108.85
P,G,2011-05-04,109.022
P,G,2011-05-05,109.3993
P,G,2011-05-06,109.0208
P,G,2011-05-09,109.0537
P,G,2011-05-10,109.0305
P,G,2011-05-11,108.4941
P,G,2011-05-12,108.6923
P,G,2011-05-13,108.7574
P,G,2011-05-16,108.9131
P,G,2011-05-17,108.9673
P,G,2011-05-18,109.3015
P,G,2011-05-19,109.1582
P,G,2011-05-20,109.0762
P,G,2011-05-23,110.0706
P,G,2011-05-24,109.9308
P,G,2011-05-25,110.5605
P,G,2011-05-26,110.8929
P,G,2011-05-27,112.0353
P,G,2011-05-30,112.5559
P,G,2011-05-31,112.0846
P,G,2011-06-01,112.3727
P,G,2011-06-02,112.6066
P,G,2011-06-03,112.9187
P,G,2011-06-06,113.1835
P,G,2011-06-07,113.2431
P,G,2011-06-08,112.8683
P,G,2011-06-09,112.8611
P,G,2011-06-10,112.9931
P,G,2011-06-13,113.5123
P,G,2011-06-14,113.2039
P,G,2011-06-15,112.1675
P,G,2011-06-16,113.1295
P,G,2011-06-17,113.4035
P,G,2011-06-20,113.3738
P,G,2011-06-21,112.9898
P,G,2011-06-22,112.9855
P,G,2011-06-23,113.8958
P,G,2011-06-24,114.3756
P,G,2011-06-27,114.9086
P,G,2011-06-28,114.7826
P,G,2011-06-29,114.4286
P,G,2011-06-30,113.4646
P,G,2011-07-01,111.7171
P,G,2011-07-04,111.1305
P,G,2011-07-05,111.9626
P,G,2011-07-06,112.7917
P,G,2011-07-07,113.2947
P,G,2011-07-08,112.1583
P,G,2011-07-11,114.1096
P,G,2011-07-12,115.699
P,G,2011-07-13,115.5493
P,G,2011-07-14,116.5609
P,G,2011-07-15,116.697
P,G,2011-07-18,117.451
P,G,2011-07-19,115.991
P,G,2011-07-20,115.5059
P,G,2011-07-21,115.3225
P,G,2011-07-22,114.1552
P,G,2011-07-25,116.9033
P,G,2011-07-26,116.5416
P,G,2011-07-27,116.7374
P,G,2011-07-28,117.0014
P,G,2011-07-29,117.5349
P,G,2011-08-01,118.5365
P,G,2011-08-02,121.4033
P,G,2011-08-03,121.3111
P,G,2011-08-04,121.3266
P,G,2011-08-05,123.6415
P,G,2011-08-08,123.8176
P,G,2011-08-09,126.1251
P,G,2011-08-10,130.282
P,G,2011-08-11,128.1207
P,G,2011-08-12,122.5918
P,G,2011-08-15,118.6478
P,G,2011-08-16,120.0536
P,G,2011-08-17,119.5603
P,G,2011-08-18,117.8544
P,G,2011-08-19,118.979
P,G,2011-08-22,119.1734
P,G,2011-08-23,118.7866
P,G,2011-08-24,118.362
P,G,2011-08-25,118.3309
P,G,2011-08-26,118.2752
P,G,2011-08-29,114.8671
P,G,2011-08-30,114.8586
P,G,2011-08-31,115.3522
P,G,2011-09-01,117.8303
P,G,2011-09-02,120.607
P,G,2011-09-05,120.5932
P,G,2011-09-06,111.5403
P,G,2011-09-07,110.9622
P,G,2011-09-08,110.1931
P,G,2011-09-09,109.529
P,G,2011-09-12,109.6696
P,G,2011-09-13,110.1497
P,G,2011-09-14,110.4289
P,G,2011-09-15,110.6204
P,G,2011-09-16,110.5507
P,G,2011-09-19,110.3284
P,G,2011-09-20,110.4677
P,G,2011-09-21,109.2469
P,G,2011-09-22,108.5262
P,G,2011-09-23,109.3578
P,G,2011-09-26,108.9935
P,G,2011-09-27,109.119
P,G,2011-09-28,109.2752
P,G,2011-09-29,109.5292
P,G,2011-09-30,109.2896
P,G,2011-10-03,109.1112
P,G,2011-10-04,108.6007
P,G,2011-10-05,107.9343
P,G,2011-10-06,107.1573
P,G,2011-10-07,107.1346
P,G,2011-10-10,107.3235
P,G,2011-10-11,107.9364
P,G,2011-10-12,107.8496
P,G,2011-10-13,108.0355
P,G,2011-10-14,107.8866
P,G,2011-10-17,107.902
P,G,2011-10-18,107.7507
P,G,2011-10-19,107.1494
P,G,2011-10-20,107.4251
P,G,2011-10-21,108.8766
P,G,2011-10-24,108.7224
P,G,2011-10-25,108.9606
P,G,2011-10-26,109.311
P,G,2011-10-27,108.9702
P,G,2011-10-28,109.3882
P,G,2011-10-31,109.179
P,G,2011-11-01,108.6071
P,G,2011-11-02,108.8632
P,G,2011-11-03,109.1944
P,G,2011-11-04,108.48
P,G,2011-11-07,106.9657
P,G,2011-11-08,106.6312
P,G,2011-11-09,107.0488
P,G,2011-11-10,107.0064
P,G,2011-11-11,106.9331
P,G,2011-11-14,106.8668
P,G,2011-11-15,106.3481
P,G,2011-11-16,106.4106
P,G,2011-11-17,106.1931
P,G,2011-11-18,106.7873
P,G,2011-11-21,106.6398
P,G,2011-11-22,107.2817
P,G,2011-11-23,107.2598
P,G,2011-11-24,107.3067
P,G,2011-11-25,107.1641
P,G,2011-11-28,107.2276
P,G,2011-11-29,107.1214
P,G,2011-11-30,107.3579
P,G,2011-12-01,107.417
P,G,2011-12-02,106.5939
P,G,2011-12-05,106.2572
P,G,2011-12-06,105.9457
P,G,2011-12-07,105.879
P,G,2011-12-08,105.9962
P,G,2011-12-09,106.4726
P,G,2011-12-12,106.1868
P,G,2011-12-13,105.832
P,G,2011-12-14,105.5737
P,G,2011-12-15,106.0343
P,G,2011-12-16,106.1187
P,G,2011-12-19,106.5185
P,G,2011-12-20,106.7249
P,G,2011-12-21,106.4026
P,G,2011-12-22,106.1358
P,G,2011-12-23,105.9472
P,G,2011-12-26,105.9347
P,G,2011-12-27,106.0634
P,G,2011-12-28,106.1553
P,G,2011-12-29,105.9708
P,G,2011-12-30,106.2128
P,G,2012-01-02,106.0246
P,G,2012-01-03,106.1511
P,G,2012-01-04,106.0117
P,G,2012-01-05,105.4354
P,G,2012-01-06,105.26
P,G,2012-01-09,105.4262
P,G,2012-01-10,105.6389
P,G,2012-01-11,105.469
P,G,2012-01-12,105.6213
P,G,2012-01-13,105.8772
P,G,2012-01-16,105.5299
P,G,2012-01-17,105.7573
P,G,2012-01-18,105.8953
P,G,2012-01-19,106.2386
P,G,2012-01-20,106.368
P,G,2012-01-23,106.4015
P,G,2012-01-24,106.7949
P,G,2012-01-25,106.5952
P,G,2012-01-26,107.0689
P,G,2012-01-27,106.9295
P,G,2012-01-30,107.2424
P,G,2012-01-31,107.1984
P,G,2012-02-01,107.1771
P,G,2012-02-02,107.0322
P,G,2012-02-03,106.9709
P,G,2012-02-06,106.5836
P,G,2012-02-07,106.8183
P,G,2012-02-08,106.7964
P,G,2012-02-09,107.0232
P,G,2012-02-10,107.1226
P,G,2012-02-13,107.1056
P,G,2012-02-14,106.9595
P,G,2012-02-15,106.9171
P,G,2012-02-16,106.6256
P,G,2012-02-17,106.8306
P,G,2012-02-20,106.9646
P,G,2012-02-21,107.1181
P,G,2012-02-22,107.1914
P,G,2012-02-23,107.6283
P,G,2012-02-24,107.8574
P,G,2012-02-27,108.0357
P,G,2012-02-28,107.9062
P,G,2012-02-29,107.7774
P,G,2012-03-01,107.4249
P,G,2012-03-02,107.0441
P,G,2012-03-05,106.9509
P,G,2012-03-06,106.9588
P,G,2012-03-07,106.932
P,G,2012-03-08,107.0579
P,G,2012-03-09,106.9616
P,G,2012-03-12,106.7584
P,G,2012-03-13,106.7491
P,G,2012-03-14,106.0617
P,G,2012-03-15,106.1858
P,G,2012-03-16,106.4078
P,G,2012-03-19,106.7172
P,G,2012-03-20,106.9186
P,G,2012-03-21,107.1959
P,G,2012-03-22,106.9508
P,G,2012-03-23,107.2517
P,G,2012-03-26,107.1795
P,G,2012-03-27,107.3108
P,G,2012-03-28,107.4153
P,G,2012-03-29,107.4228
P,G,2012-03-30,107.5293
P,G,2012-04-02,107.5188
P,G,2012-04-03,107.4628
P,G,2012-04-04,106.9702
P,G,2012-04-05,106.8613
P,G,2012-04-06,106.8868
P,G,2012-04-09,106.9599
P,G,2012-04-10,106.9814
P,G,2012-04-11,107.1928
P,G,2012-04-12,107.1462
P,G,2012-04-13,107.1932
P,G,2012-04-16,106.7935
P,G,2012-04-17,107.2708
P,G,2012-04-18,107.0546
P,G,2012-04-19,107.29
P,G,2012-04-20,107.505
P,G,2012-04-23,107.4995
P,G,2012-04-24,107.6249
P,G,2012-04-25,107.7935
P,G,2012-04-26,107.7992
P,G,2012-04-27,107.7576
P,G,2012-04-30,107.7748
P,G,2012-05-01,107.9608
P,G,2012-05-02,107.5975
P,G,2012-05-03,107.6522
P,G,2012-05-04,107.7161
P,G,2012-05-07,107.3138
P,G,2012-05-08,107.3217
P,G,2012-05-09,107.3412
P,G,2012-05-10,107.3053
P,G,2012-05-11,107.3174
P,G,2012-05-14,107.2344
P,G,2012-05-15,107.1446
P,G,2012-05-16,106.9682
P,G,2012-05-17,106.9915
P,G,2012-05-18,107.0367
P,G,2012-05-21,107.3296
P,G,2012-05-22,107.3684
P,G,2012-05-23,107.1502
P,G,2012-05-24,106.8478
P,G,2012-05-25,106.7869
P,G,2012-05-28,106.6587
P,G,2012-05-29,106.6497
P,G,2012-05-30,106.5024
P,G,2012-05-31,106.4744
P,G,2012-06-01,106.451
P,G,2012-06-04,106.6978
P,G,2012-06-05,106.697
P,G,2012-06-06,106.8908
P,G,2012-06-07,106.9477
P,G,2012-06-08,106.7621
P,G,2012-06-11,107.0191
P,G,2012-06-12,106.9311
P,G,2012-06-13,106.9262
P,G,2012-06-14,107.1287
P,G,2012-06-15,107.2912
P,G,2012-06-18,107.1559
P,G,2012-06-19,107.1342
P,G,2012-06-20,107.3818
P,G,2012-06-21,107.3299
P,G,2012-06-22,107.1931
P,G,2012-06-25,106.9861
P,G,2012-06-26,106.9089
P,G,2012-06-27,106.8854
P,G,2012-06-28,106.6285
P,G,2012-06-29,107.0699
P,G,2012-07-02,107.0395
P,G,2012-07-03,106.7086
P,G,2012-07-04,106.5981
P,G,2012-07-05,106.3426
P,G,2012-07-06,105.9181
P,G,2012-07-09,105.6962
P,G,2012-07-10,105.6102
P,G,2012-07-11,105.4443
P,G,2012-07-12,105.265
P,G,2012-07-13,105.1726
P,G,2012-07-16,105.0488
P,G,2012-07-17,105.2248
P,G,2012-07-18,105.1551
P,G,2012-07-19,105.0337
P,G,2012-07-20,104.8284
P,G,2012-07-23,104.5125
P,G,2012-07-24,104.5441
P,G,2012-07-25,104.6838
P,G,2012-07-26,104.6777
P,G,2012-07-27,104.904
P,G,2012-07-30,104.7981
P,G,2012-07-31,104.7598
P,G,2012-08-01,104.9193
P,G,2012-08-02,104.7296
P,G,2012-08-03,104.7201
P,G,2012-08-06,105.1047
P,G,2012-08-07,105.1446
P,G,2012-08-08,105.0699
P,G,2012-08-09,104.7979
P,G,2012-08-10,104.666
P,G,2012-08-13,104.6916
P,G,2012-08-14,104.9854
P,G,2012-08-15,104.8958
P,G,2012-08-16,104.7303
P,G,2012-08-17,105.0246
P,G,2012-08-20,104.9837
P,G,2012-08-21,105.1762
P,G,2012-08-22,105.3861
P,G,2012-08-23,105.5745
P,G,2012-08-24,105.6569
P,G,2012-08-27,105.5911
P,G,2012-08-28,105.7013
P,G,2012-08-29,105.8333
P,G,2012-08-30,105.8352
P,G,2012-08-31,105.819
P,G,2012-09-03,105.8478
P,G,2012-09-04,105.9367
P,G,2012-09-05,105.7208
P,G,2012-09-06,105.6928
P,G,2012-09-07,105.2989
P,G,2012-09-10,105.66
P,G,2012-09-11,105.9915
P,G,2012-09-12,106.0017
P,G,2012-09-13,106.0385
P,G,2012-09-14,105.9104
P,G,2012-09-17,106.0856
P,G,2012-09-18,106.4347
P,G,2012-09-19,106.4368
P,G,2012-09-20,106.3161
P,G,2012-09-21,106.1473
P,G,2012-09-24,105.9306
P,G,2012-09-25,105.8792
P,G,2012-09-26,105.7823
P,G,2012-09-27,105.8022
P,G,2012-09-28,105.7934
P,G,2012-10-01,105.8002
P,G,2012-10-02,105.8285
P,G,2012-10-03,105.8522
P,G,2012-10-04,105.7672
P,G,2012-10-05,106.0338
P,G,2012-10-08,106.1321
P,G,2012-10-09,105.9193
P,G,2012-10-10,105.8183
P,G,2012-10-11,106.1072
P,G,2012-10-12,106.2502
P,G,2012-10-15,106.2894
P,G,2012-10-16,106.4687
P,G,2012-10-17,106.7508
P,G,2012-10-18,106.7892
P,G,2012-10-19,106.8354
P,G,2012-10-22,106.7094
P,G,2012-10-23,106.7455
P,G,2012-10-24,106.5293
P,G,2012-10-25,106.5969
P,G,2012-10-26,106.446
P,G,2012-10-29,106.4188
P,G,2012-10-30,106.5944
P,G,2012-10-31,106.8708
P,G,2012-11-01,106.6284
P,G,2012-11-02,106.4503
P,G,2012-11-05,106.3757
P,G,2012-11-06,106.2246
P,G,2012-11-07,106.2738
P,G,2012-11-08,106.17
P,G,2012-11-09,106.0993
P,G,2012-11-12,106.169
P,G,2012-11-13,106.1906
P,G,2012-11-14,106.4897
P,G,2012-11-15,106.652
P,G,2012-11-16,106.5698
P,G,2012-11-19,106.611
P,G,2012-11-20,106.6731
P,G,2012-11-21,106.7086
P,G,2012-11-22,106.9501
P,G,2012-11-23,107.181
P,G,2012-11-26,107.3939
P,G,2012-11-27,107.2802
P,G,2012-11-28,107.2311
P,G,2012-11-29,107.3149
P,G,2012-11-30,107.3563
P,G,2012-12-03,107.3244
P,G,2012-12-04,106.7754
P,G,2012-12-05,106.7267
P,G,2012-12-06,106.7916
P,G,2012-12-07,106.4923
P,G,2012-12-10,106.5967
P,G,2012-12-11,106.3455
P,G,2012-12-12,106.4574
P,G,2012-12-13,106.8778
P,G,2012-12-14,107.1314
P,G,2012-12-17,107.4236
P,G,2012-12-18,107.5192
P,G,2012-12-19,107.6932
P,G,2012-12-20,107.6595
P,G,2012-12-21,107.5339
P,G,2012-12-24,107.6761
P,G,2012-12-25,107.5984
P,G,2012-12-26,107.6604
P,G,2012-12-27,107.76
P,G,2012-12-28,107.51
P,G,2012-12-31,107.5292
P,G,2013-01-01,107.4456
P,G,2013-01-02,107.4436
P,G,2013-01-03,106.9765
P,G,2013-01-04,106.6709
P,G,2013-01-07,106.8329
P,G,2013-01-08,106.9938
P,G,2013-01-09,106.8429
P,G,2013-01-10,106.9881
P,G,2013-01-11,106.9936
P,G,2013-01-14,106.681
P,G,2013-01-15,105.7458
P,G,2013-01-16,105.4257
P,G,2013-01-17,104.9619
P,G,2013-01-18,104.6185
P,G,2013-01-21,105.0979
P,G,2013-01-22,105.3714
P,G,2013-01-23,105.3518
P,G,2013-01-24,105.3189
P,G,2013-01-25,105.436
P,G,2013-01-28,105.4778
P,G,2013-01-29,105.6901
P,G,2013-01-30,105.9016
P,G,2013-01-31,106.7087
P,G,2013-02-01,106.9847
P,G,2013-02-04,106.7297
P,G,2013-02-05,107.1582
P,G,2013-02-06,106.7532
P,G,2013-02-07,107.1344
P,G,2013-02-08,106.6162
P,G,2013-02-11,106.7909
P,G,2013-02-12,106.7572
P,G,2013-02-13,106.352
P,G,2013-02-14,106.3341
P,G,2013-02-15,106.4856
P,G,2013-02-18,106.3599
P,G,2013-02-19,106.3025
P,G,2013-02-20,106.5661
P,G,2013-02-21,106.2024
P,G,2013-02-22,106.2302
P,G,2013-02-25,106.5657
P,G,2013-02-26,106.8006
P,G,2013-02-27,106.7529
P,G,2013-02-28,106.7097
P,G,2013-03-01,106.2726
P,G,2013-03-04,106.0237
P,G,2013-03-05,105.9343
P,G,2013-03-06,105.5817
P,G,2013-03-07,105.6067
P,G,2013-03-08,105.5273
P,G,2013-03-11,105.3402
P,G,2013-03-12,105.6623
P,G,2013-03-13,105.6608
P,G,2013-03-14,105.3038
P,G,2013-03-15,105.9247
P,G,2013-03-18,106.3512
P,G,2013-03-19,106.0738
P,G,2013-03-20,106.2334
P,G,2013-03-21,106.2875
P,G,2013-03-22,106.3357
P,G,2013-03-25,106.5268
P,G,2013-03-26,106.1411
P,G,2013-03-27,106.1589
P,G,2013-03-28,106.0151
P,G,2013-03-29,106.2786
P,G,2013-04-01,106.3443
P,G,2013-04-02,106.5501
P,G,2013-04-03,106.3857
P,G,2013-04-04,106.6159
P,G,2013-04-05,107.1154
P,G,2013-04-08,107.4273
P,G,2013-04-09,107.1778
P,G,2013-04-10,107.358
P,G,2013-04-11,107.3657
P,G,2013-04-12,107.3851
P,G,2013-04-15,107.6477
P,G,2013-04-16,107.662
P,G,2013-04-17,108.0601
P,G,2013-04-18,107.6143
P,G,2013-04-19,107.5316
P,G,2013-04-22,107.4324
P,G,2013-04-23,107.0308
P,G,2013-04-24,106.337
P,G,2013-04-25,105.9981
P,G,2013-04-26,106.2464
P,G,2013-04-29,106.3416
P,G,2013-04-30,106.6371
P,G,2013-05-01,107.049
P,G,2013-05-02,107.1983
P,G,2013-05-03,106.9219
P,G,2013-05-06,106.4179
P,G,2013-05-07,106.2189
P,G,2013-05-08,106.2989
P,G,2013-05-09,106.4242
P,G,2013-05-10,104.824
P,G,2013-05-13,104.9457
P,G,2013-05-14,105.2475
P,G,2013-05-15,104.1799
P,G,2013-05-16,104.5661
P,G,2013-05-17,104.6702
P,G,2013-05-20,104.5587
P,G,2013-05-21,104.6397
P,G,2013-05-22,104.1503
P,G,2013-05-23,104.9018
P,G,2013-05-24,104.7555
P,G,2013-05-27,105.062
P,G,2013-05-28,104.5125
P,G,2013-05-29,104.6794
P,G,2013-05-30,105.4743
P,G,2013-05-31,105.866
P,G,2013-06-03,105.6692
P,G,2013-06-04,106.0811
P,G,2013-06-05,106.2252
P,G,2013-06-06,106.8829
P,G,2013-06-07,107.4362
P,G,2013-06-10,106.9272
P,G,2013-06-11,107.4722
P,G,2013-06-12,107.7259
P,G,2013-06-13,108.1079
P,G,2013-06-14,107.5641
P,G,2013-06-17,107.5801
P,G,2013-06-18,108.0057
P,G,2013-06-19,108.0109
P,G,2013-06-20,107.7406
P,G,2013-06-21,108.295
P,G,2013-06-24,108.1697
P,G,2013-06-25,107.9332
P,G,2013-06-26,107.6502
P,G,2013-06-27,107.2649
P,G,2013-06-28,106.8994
P,G,2013-07-01,107.0352
P,G,2013-07-02,106.7795
P,G,2013-07-03,107.0768
P,G,2013-07-04,106.885
P,G,2013-07-05,106.4365
P,G,2013-07-08,106.2187
P,G,2013-07-09,105.6608
P,G,2013-07-10,105.5896
P,G,2013-07-11,106.4307
P,G,2013-07-12,106.5278
P,G,2013-07-15,106.5183
P,G,2013-07-16,106.589
P,G,2013-07-17,107.1116
P,G,2013-07-18,106.866
P,G,2013-07-19,106.8939
P,G,2013-07-22,107.0126
P,G,2013-07-23,107.0572
P,G,2013-07-24,106.9527
P,G,2013-07-25,107.0465
P,G,2013-07-26,107.7114
P,G,2013-07-29,107.6985
P,G,2013-07-30,107.7762
P,G,2013-07-31,108.2792
P,G,2013-08-01,107.9917
P,G,2013-08-02,107.5919
P,G,2013-08-05,107.969
P,G,2013-08-06,108.1662
P,G,2013-08-07,108.1842
P,G,2013-08-08,108.4235
P,G,2013-08-09,108.2874
P,G,2013-08-12,108.0104
P,G,2013-08-13,107.8402
P,G,2013-08-14,107.1483
P,G,2013-08-15,107.2524
P,G,2013-08-16,107.8812
P,G,2013-08-19,108.0547
P,G,2013-08-20,108.7625
P,G,2013-08-21,108.9149
P,G,2013-08-22,108.6678
P,G,2013-08-23,108.6052
P,G,2013-08-26,108.5789
P,G,2013-08-27,109.1143
P,G,2013-08-28,109.4709
P,G,2013-08-29,108.8894
P,G,2013-08-30,108.5908
P,G,2013-09-02,108.3166
P,G,2013-09-03,108.3399
P,G,2013-09-04,108.1189
P,G,2013-09-05,107.6356
P,G,2013-09-06,107.3553
P,G,2013-09-09,107.6602
P,G,2013-09-10,107.64
P,G,2013-09-11,107.3413
P,G,2013-09-12,107.6
P,G,2013-09-13,107.5945
P,G,2013-09-16,107.6051
P,G,2013-09-17,107.6815
P,G,2013-09-18,107.6446
P,G,2013-09-19,108.3233
P,G,2013-09-20,108.5554
P,G,2013-09-23,108.5077
P,G,2013-09-24,108.6717
P,G,2013-09-25,108.7648
P,G,2013-09-26,108.771
P,G,2013-09-27,109.1591
P,G,2013-09-30,109.4277
P,G,2013-10-01,109.3322
P,G,2013-10-02,109.2687
P,G,2013-10-03,109.2368
P,G,2013-10-04,109.3263
P,G,2013-10-07,109.3787
P,G,2013-10-08,109.0764
P,G,2013-10-09,108.8563
P,G,2013-10-10,108.7507
P,G,2013-10-11,108.7201
P,G,2013-10-14,108.4253
P,G,2013-10-15,108.4055
P,G,2013-10-16,108.3792
P,G,2013-10-17,108.8605
P,G,2013-10-18,108.8107
P,G,2013-10-21,108.7693
P,G,2013-10-22,108.9239
P,G,2013-10-23,109.5098
P,G,2013-10-24,109.7727
P,G,2013-10-25,109.6331
P,G,2013-10-28,109.4138
P,G,2013-10-29,109.1868
P,G,2013-10-30,109.2536
P,G,2013-10-31,109.1549
P,G,2013-11-01,108.7727
P,G,2013-11-04,108.6892
P,G,2013-11-05,108.656
P,G,2013-11-06,108.6133
P,G,2013-11-07,108.4722
P,G,2013-11-08,108.4034
P,G,2013-11-11,108.2217
P,G,2013-11-12,108.416
P,G,2013-11-13,108.5326
P,G,2013-11-14,108.4358
P,G,2013-11-15,108.1571
P,G,2013-11-18,108.3523
P,G,2013-11-19,108.2851
P,G,2013-11-20,108.3648
P,G,2013-11-21,108.1963
P,G,2013-11-22,108.6022
P,G,2013-11-25,108.5455
P,G,2013-11-26,108.645
P,G,2013-11-27,108.8584
P,G,2013-11-28,108.8538
P,G,2013-11-29,108.8257
P,G,2013-12-02,108.5989
P,G,2013-12-03,108.8915
P,G,2013-12-04,109.102
P,G,2013-12-05,109.3472
P,G,2013-12-06,109.7746
P,G,2013-12-09,109.896
P,G,2013-12-10,110.0899
P,G,2013-12-11,110.3427
P,G,2013-12-12,110.3796
P,G,2013-12-13,110.5628
P,G,2013-12-16,110.6049
P,G,2013-12-17,110.684
P,G,2013-12-18,110.6073
P,G,2013-12-19,110.1565
P,G,2013-12-20,110.0585
P,G,2013-12-23,110.1579
P,G,2013-12-24,110.3039
P,G,2013-12-25,110.4134
P,G,2013-12-26,110.2066
P,G,2013-12-27,110.8273
P,G,2013-12-30,110.6618
P,G,2013-12-31,110.5771
P,G,2014-01-01,110.5012
P,G,2014-01-02,110.1339
P,G,2014-01-03,109.9463
P,G,2014-01-06,109.7975
P,G,2014-01-07,109.3822
P,G,2014-01-08,109.1124
P,G,2014-01-09,109.2784
P,G,2014-01-10,109.4747
P,G,2014-01-13,109.603
P,G,2014-01-14,109.8054
P,G,2014-01-15,109.3492
P,G,2014-01-16,109.509
P,G,2014-01-17,109.4781
P,G,2014-01-20,109.3455
P,G,2014-01-21,109.1654
P,G,2014-01-22,109.1924
P,G,2014-01-23,109.9556
P,G,2014-01-24,110.5605
P,G,2014-01-27,111.0113
P,G,2014-01-28,110.3933
P,G,2014-01-29,110.5418
P,G,2014-01-30,110.8066
P,G,2014-01-31,110.4499
P,G,2014-02-03,110.4892
P,G,2014-02-04,110.4653
P,G,2014-02-05,110.333
P,G,2014-02-06,110.3988
P,G,2014-02-07,110.4889
P,G,2014-02-10,110.7514
P,G,2014-02-11,110.7511
P,G,2014-02-12,110.4528
P,G,2014-02-13,110.8667
P,G,2014-02-14,110.765
P,G,2014-02-17,110.7961
P,G,2014-02-18,111.0141
P,G,2014-02-19,111.1961
P,G,2014-02-20,111.2713
P,G,2014-02-21,111.2736
P,G,2014-02-24,111.4056
P,G,2014-02-25,111.4053
P,G,2014-02-26,111.3099
P,G,2014-02-27,111.4731
P,G,2014-02-28,111.7065
P,G,2014-03-03,112.1542
P,G,2014-03-04,111.7759
P,G,2014-03-05,111.4274
P,G,2014-03-06,111.3243
P,G,2014-03-07,111.8498
P,G,2014-03-10,112.087
P,G,2014-03-11,112.0204
P,G,2014-03-12,112.3552
P,G,2014-03-13,112.5943
P,G,2014-03-14,112.5327
P,G,2014-03-17,112.4007
P,G,2014-03-18,112.3881
P,G,2014-03-19,112.1115
P,G,2014-03-20,111.6641
P,G,2014-03-21,111.8147
P,G,2014-03-24,111.6344
P,G,2014-03-25,111.5918
P,G,2014-03-26,111.1341
P,G,2014-03-27,111.1485
P,G,2014-03-28,110.9981
P,G,2014-03-31,111.0183
P,G,2014-04-01,111.2511
P,G,2014-04-02,111.0965
P,G,2014-04-03,110.8862
P,G,2014-04-04,110.5144
P,G,2014-04-07,110.6485
P,G,2014-04-08,110.8833
P,G,2014-04-09,110.9907
P,G,2014-04-10,111.3894
P,G,2014-04-11,111.6448
P,G,2014-04-14,111.5765
P,G,2014-04-15,111.4452
P,G,2014-04-16,111.5634
P,G,2014-04-17,111.4213
P,G,2014-04-18,111.2016
P,G,2014-04-21,111.1823
P,G,2014-04-22,111.0511
P,G,2014-04-23,111.3312
P,G,2014-04-24,111.3223
P,G,2014-04-25,111.397
P,G,2014-04-28,111.6182
P,G,2014-04-29,111.408
P,G,2014-04-30,111.2044
P,G,2014-05-01,111.3799
P,G,2014-05-02,111.4259
P,G,2014-05-05,111.6181
P,G,2014-05-06,111.7987
P,G,2014-05-07,111.6521
P,G,2014-05-08,111.4906
P,G,2014-05-09,111.0224
P,G,2014-05-12,110.6817
P,G,2014-05-13,110.6224
P,G,2014-05-14,110.5202
P,G,2014-05-15,110.2257
P,G,2014-05-16,110.3893
P,G,2014-05-19,110.1769
P,G,2014-05-20,110.1152
P,G,2014-05-21,110.2229
P,G,2014-05-22,110.0534
P,G,2014-05-23,109.8661
P,G,2014-05-26,110.0279
P,G,2014-05-27,109.9329
P,G,2014-05-28,109.856
P,G,2014-05-29,109.9568
P,G,2014-05-30,109.9756
P,G,2014-06-02,109.9052
P,G,2014-06-03,109.893
P,G,2014-06-04,110.159
P,G,2014-06-05,110.2432
P,G,2014-06-06,110.3404
P,G,2014-06-09,110.0662
P,G,2014-06-10,109.7753
P,G,2014-06-11,109.7486
P,G,2014-06-12,109.7841
P,G,2014-06-13,109.9644
P,G,2014-06-16,109.8256
P,G,2014-06-17,109.968
P,G,2014-06-18,109.9559
P,G,2014-06-19,110.2373
P,G,2014-06-20,110.1855
P,G,2014-06-23,110.0489
P,G,2014-06-24,110.2631
P,G,2014-06-25,110.2573
P,G,2014-06-26,110.1911
P,G,2014-06-27,110.2073
P,G,2014-06-30,110.4889
P,G,2014-07-01,110.6368
P,G,2014-07-02,110.4452
P,G,2014-07-03,110.4347
P,G,2014-07-04,110.0506
P,G,2014-07-07,110.1652
P,G,2014-07-08,110.1577
P,G,2014-07-09,110.1277
P,G,2014-07-10,110.2411
P,G,2014-07-11,110.228
P,G,2014-07-14,110.3596
P,G,2014-07-15,110.1916
P,G,2014-07-16,109.8574
P,G,2014-07-17,109.9268
P,G,2014-07-18,110.0003
P,G,2014-07-21,109.867
P,G,2014-07-22,109.6567
P,G,2014-07-23,109.498
P,G,2014-07-24,109.6382
P,G,2014-07-25,109.4856
P,G,2014-07-28,109.5079
P,G,2014-07-29,109.5258
P,G,2014-07-30,109.3221
P,G,2014-07-31,109.4058
P,G,2014-08-01,109.5905
P,G,2014-08-04,109.6376
P,G,2014-08-05,109.3091
P,G,2014-08-06,109.552
P,G,2014-08-07,109.6015
P,G,2014-08-08,109.882
P,G,2014-08-11,109.7992
P,G,2014-08-12,109.6034
P,G,2014-08-13,109.5961
P,G,2014-08-14,109.7793
P,G,2014-08-15,109.893
P,G,2014-08-18,109.9426
P,G,2014-08-19,109.8364
P,G,2014-08-20,109.673
P,G,2014-08-21,109.6319
P,G,2014-08-22,109.6653
P,G,2014-08-25,109.4871
P,G,2014-08-26,109.5246
P,G,2014-08-27,109.5006
P,G,2014-08-28,109.689
P,G,2014-08-29,109.6265
P,G,2014-09-01,109.4903
P,G,2014-09-02,109.4076
P,G,2014-09-03,109.499
P,G,2014-09-04,109.4583
P,G,2014-09-05,108.9445
P,G,2014-09-08,108.9904
P,G,2014-09-09,108.9147
P,G,2014-09-10,109.0398
P,G,2014-09-11,108.8259
P,G,2014-09-12,108.9054
P,G,2014-09-15,108.9476
P,G,2014-09-16,109.2435
P,G,2014-09-17,108.9702
P,G,2014-09-18,109.0379
P,G,2014-09-19,108.9902
P,G,2014-09-22,108.9365
P,G,2014-09-23,109.0571
P,G,2014-09-24,108.8342
P,G,2014-09-25,108.4674
P,G,2014-09-26,108.6422
P,G,2014-09-29,108.6087
P,G,2014-09-30,108.4658
P,G,2014-10-01,108.3506
P,G,2014-10-02,108.3186
P,G,2014-10-03,108.1367
P,G,2014-10-06,107.7604
P,G,2014-10-07,107.9458
P,G,2014-10-08,108.0279
P,G,2014-10-09,108.2756
P,G,2014-10-10,108.1762
P,G,2014-10-13,108.2857
P,G,2014-10-14,108.5267
P,G,2014-10-15,108.5875
P,G,2014-10-16,109.1719
P,G,2014-10-17,109.0322
P,G,2014-10-20,108.8655
P,G,2014-10-21,108.9158
P,G,2014-10-22,108.4863
P,G,2014-10-23,108.4122
P,G,2014-10-24,108.413
P,G,2014-10-27,108.5601
P,G,2014-10-28,108.5872
P,G,2014-10-29,108.6479
P,G,2014-10-30,108.2054
P,G,2014-10-31,107.9902
P,G,2014-11-03,107.9168
P,G,2014-11-04,108.0737
P,G,2014-11-05,108.2537
P,G,2014-11-06,108.2279
P,G,2014-11-07,108.087
P,G,2014-11-10,108.2874
P,G,2014-11-11,108.2193
P,G,2014-11-12,108.259
P,G,2014-11-13,108.479
P,G,2014-11-14,108.7314
P,G,2014-11-17,108.8774
P,G,2014-11-18,109.0223
P,G,2014-11-19,109.2157
P,G,2014-11-20,109.1823
P,G,2014-11-21,108.6267
P,G,2014-11-24,108.449
P,G,2014-11-25,108.6574
P,G,2014-11-26,108.8445
P,G,2014-11-27,108.87
P,G,2014-11-28,108.9966
P,G,2014-12-01,109.3144
P,G,2014-12-02,108.9652
P,G,2014-12-03,108.7811
P,G,2014-12-04,108.7888
P,G,2014-12-05,109.1141
P,G,2014-12-08,108.8999
P,G,2014-12-09,109.2924
P,G,2014-12-10,109.5153
P,G,2014-12-11,109.779
P,G,2014-12-12,110.0663
P,G,2014-12-15,110.1815
P,G,2014-12-16,110.941
P,G,2014-12-17,110.8669
P,G,2014-12-18,109.6491
P,G,2014-12-19,109.5088
P,G,2014-12-22,109.4156
P,G,2014-12-23,109.3264
P,G,2014-12-24,109.3313
P,G,2014-12-25,109.5556
P,G,2014-12-26,109.2508
P,G,2014-12-29,109.3644
P,G,2014-12-30,109.3041
P,G,2014-12-31,109.086
P,G,2015-01-01,108.8944
P,G,2015-01-02,108.8904
P,G,2015-01-05,108.5387
P,G,2015-01-06,108.541
P,G,2015-01-07,108.3194
P,G,2015-01-08,107.891
P,G,2015-01-09,107.9186
P,G,2015-01-12,107.8649
P,G,2015-01-13,107.8101
P,G,2015-01-14,107.4835
P,G,2015-01-15,124.8364
P,G,2015-01-16,126.4994
P,G,2015-01-19,126.9919
P,G,2015-01-20,126.083
P,G,2015-01-21,127.5255
P,G,2015-01-22,128.1138
P,G,2015-01-23,128.2725
P,G,2015-01-26,126.1525
P,G,2015-01-27,123.4717
P,G,2015-01-28,123.3175
P,G,2015-01-29,122.0251
P,G,2015-01-30,120.9551
P,G,2015-02-02,120.0667
P,G,2015-02-03,120.4167
P,G,2015-02-04,119.7034
P,G,2015-02-05,119.8743
P,G,2015-02-06,120.0523
P,G,2015-02-09,120.462
P,G,2015-02-10,120.4504
P,G,2015-02-11,120.3706
P,G,2015-02-12,119.819
P,G,2015-02-13,119.3828
P,G,2015-02-16,118.9973
P,G,2015-02-17,118.6963
P,G,2015-02-18,118.0211
P,G,2015-02-19,117.3118
P,G,2015-02-20,116.9095
P,G,2015-02-23,117.0866
P,G,2015-02-24,117.1431
P,G,2015-02-25,116.7708
P,G,2015-02-26,116.8632
P,G,2015-02-27,117.2397
P,G,2015-03-02,116.5019
P,G,2015-03-03,116.235
P,G,2015-03-04,116.1301
P,G,2015-03-05,115.8888
P,G,2015-03-06,115.1606
P,G,2015-03-09,115.0277
P,G,2015-03-10,114.3717
P,G,2015-03-11,113.9562
P,G,2015-03-12,113.9786
P,G,2015-03-13,113.8277
P,G,2015-03-16,114.3558
P,G,2015-03-17,114.027
P,G,2015-03-18,114.032
P,G,2015-03-19,114.546
P,G,2015-03-20,115.1037
P,G,2015-03-23,115.2339
P,G,2015-03-24,116.1411
P,G,2015-03-25,116.3211
P,G,2015-03-26,116.5685
P,G,2015-03-27,115.9538
P,G,2015-03-30,115.9623
P,G,2015-03-31,115.4588
P,G,2015-04-01,115.5456
P,G,2015-04-02,116.0789
P,G,2015-04-03,116.0665
P,G,2015-04-06,116.1858
P,G,2015-04-07,115.5077
P,G,2015-04-08,115.3629
P,G,2015-04-09,114.8517
P,G,2015-04-10,114.7321
P,G,2015-04-13,114.6972
P,G,2015-04-14,115.2512
P,G,2015-04-15,115.1642
P,G,2015-04-16,115.3368
P,G,2015-04-17,116.0827
P,G,2015-04-20,116.4968
P,G,2015-04-21,116.3902
P,G,2015-04-22,116.563
P,G,2015-04-23,115.2994
P,G,2015-04-24,115.8735
P,G,2015-04-27,115.7521
P,G,2015-04-28,115.2936
P,G,2015-04-29,114.9369
P,G,2015-04-30,115.9411
P,G,2015-05-01,116.4572
P,G,2015-05-04,116.5973
P,G,2015-05-05,116.8154
P,G,2015-05-06,117.6593
P,G,2015-05-07,118.5201
P,G,2015-05-08,117.7358
P,G,2015-05-11,117.0242
P,G,2015-05-12,117.2749
P,G,2015-05-13,116.9774
P,G,2015-05-14,117.6471
P,G,2015-05-15,117.3644
P,G,2015-05-18,116.9095
P,G,2015-05-19,116.4309
P,G,2015-05-20,116.3778
P,G,2015-05-21,116.5716
P,G,2015-05-22,116.4631
P,G,2015-05-25,116.3924
P,G,2015-05-26,116.1169
P,G,2015-05-27,116.389
P,G,2015-05-28,116.6522
P,G,2015-05-29,116.9231
P,G,2015-06-01,116.9183
P,G,2015-06-02,117.2876
P,G,2015-06-03,117.2439
P,G,2015-06-04,116.8294
P,G,2015-06-05,116.983
P,G,2015-06-08,117.0927
P,G,2015-06-09,117.6303
P,G,2015-06-10,117.2158
P,G,2015-06-11,116.3755
P,G,2015-06-12,116.7979
P,G,2015-06-15,117.1426
P,G,2015-06-16,117.0244
P,G,2015-06-17,117.5754
P,G,2015-06-18,117.6526
P,G,2015-06-19,117.5353
P,G,2015-06-22,117.5784
P,G,2015-06-23,117.0211
P,G,2015-06-24,116.982
P,G,2015-06-25,116.5017
P,G,2015-06-26,116.8425
P,G,2015-06-29,117.0345
P,G,2015-06-30,117.4223
P,G,2015-07-01,116.47
P,G,2015-07-02,116.0375
P,G,2015-07-03,116.4662
P,G,2015-07-06,116.5564
P,G,2015-07-07,116.657
P,G,2015-07-08,116.9166
P,G,2015-07-09,116.147
P,G,2015-07-10,116.8189
P,G,2015-07-13,116.14
P,G,2015-07-14,116.8567
P,G,2015-07-15,116.4042
P,G,2015-07-16,116.0104
P,G,2015-07-17,115.7784
P,G,2015-07-20,115.541
P,G,2015-07-21,115.7601
P,G,2015-07-22,115.5767
P,G,2015-07-23,115.8978
P,G,2015-07-24,115.4788
P,G,2015-07-27,115.4508
P,G,2015-07-28,114.6046
P,G,2015-07-29,114.7578
P,G,2015-07-30,114.397
P,G,2015-07-31,115.4577
P,G,2015-08-03,114.857
P,G,2015-08-04,114.7759
P,G,2015-08-05,114.0313
P,G,2015-08-06,113.5157
P,G,2015-08-07,113.4783
P,G,2015-08-10,113.3848
P,G,2015-08-11,113.092
P,G,2015-08-12,113.3523
P,G,2015-08-13,113.6941
P,G,2015-08-14,113.8618
P,G,2015-08-17,114.0451
P,G,2015-08-18,114.2455
P,G,2015-08-19,114.5692
P,G,2015-08-20,115.7349
P,G,2015-08-21,115.8914
P,G,2015-08-24,116.5419
P,G,2015-08-25,116.322
P,G,2015-08-26,116.6427
P,G,2015-08-27,116.134
P,G,2015-08-28,115.3529
P,G,2015-08-31,115.5998
P,G,2015-09-01,115.4216
P,G,2015-09-02,115.2805
P,G,2015-09-03,114.8853
P,G,2015-09-04,114.8778
P,G,2015-09-07,115.0526
P,G,2015-09-08,114.5609
P,G,2015-09-09,114.6809
P,G,2015-09-10,114.5129
P,G,2015-09-11,114.3004
P,G,2015-09-14,114.4826
P,G,2015-09-15,114.5644
P,G,2015-09-16,114.5364
P,G,2015-09-17,114.6023
P,G,2015-09-18,115.0598
P,G,2015-09-21,114.9546
P,G,2015-09-22,114.9714
P,G,2015-09-23,114.9057
P,G,2015-09-24,114.9089
P,G,2015-09-25,114.4692
P,G,2015-09-28,114.7005
P,G,2015-09-29,115.4722
P,G,2015-09-30,115.1234
P,G,2015-10-01,114.9715
P,G,2015-10-02,115.1043
P,G,2015-10-05,115.171
P,G,2015-10-06,115.1004
P,G,2015-10-07,115.3512
P,G,2015-10-08,115.0967
P,G,2015-10-09,115.2834
P,G,2015-10-12,115.3243
P,G,2015-10-13,115.5813
P,G,2015-10-14,115.9817
P,G,2015-10-15,116.3279
P,G,2015-10-16,116.2322
P,G,2015-10-19,116.41
P,G,2015-10-20,116.8053
P,G,2015-10-21,116.4704
P,G,2015-10-22,115.9708
P,G,2015-10-23,115.4192
P,G,2015-10-26,115.237
P,G,2015-10-27,114.7221
P,G,2015-10-28,114.7771
P,G,2015-10-29,114.5749
P,G,2015-10-30,114.639
P,G,2015-11-02,114.3289
P,G,2015-11-03,114.4435
P,G,2015-11-04,114.4042
P,G,2015-11-05,114.2449
P,G,2015-11-06,114.4136
P,G,2015-11-09,114.4339
P,G,2015-11-10,114.4712
P,G,2015-11-11,114.2167
P,G,2015-11-12,114.4471
P,G,2015-11-13,114.2784
P,G,2015-11-16,114.1583
P,G,2015-11-17,113.8489
P,G,2015-11-18,113.4614
P,G,2015-11-19,112.8971
P,G,2015-11-20,113.1774
P,G,2015-11-23,113.2142
P,G,2015-11-24,113.1717
P,G,2015-11-25,113.0996
P,G,2015-11-26,112.883
P,G,2015-11-27,112.3822
P,G,2015-11-30,112.3425
P,G,2015-12-01,112.3796
P,G,2015-12-02,112.6003
P,G,2015-12-03,113.4918
P,G,2015-12-04,114.1983
P,G,2015-12-07,114.4116
P,G,2015-12-08,114.9482
P,G,2015-12-09,115.3042
P,G,2015-12-10,115.3605
P,G,2015-12-11,115.6932
P,G,2015-12-14,115.9693
P,G,2015-12-15,115.8024
P,G,2015-12-16,115.738
P,G,2015-12-17,115.4475
P,G,2015-12-18,115.7526
P,G,2015-12-21,115.6578
P,G,2015-12-22,115.8935
P,G,2015-12-23,115.9784
P,G,2015-12-24,116.1903
P,G,2015-12-25,116.1055
P,G,2015-12-28,115.9408
P,G,2015-12-29,116.0293
P,G,2015-12-30,116.0167
P,G,2015-12-31,116.0798
P,G,2016-01-01,116.7141
P,G,2016-01-04,115.7645
P,G,2016-01-05,115.2992
P,G,2016-01-06,115.3173
P,G,2016-01-07,115.8064
P,G,2016-01-08,115.8421
P,G,2016-01-11,116.1264
P,G,2016-01-12,116.1705
P,G,2016-01-13,115.5427
P,G,2016-01-14,115.5927
P,G,2016-01-15,115.9256
P,G,2016-01-18,115.8213
P,G,2016-01-19,115.6427
P,G,2016-01-20,116.2493
P,G,2016-01-21,115.9737
P,G,2016-01-22,115.4658
P,G,2016-01-25,115.0847
P,G,2016-01-26,114.9337
P,G,2016-01-27,114.605
P,G,2016-01-28,114.4206
P,G,2016-01-29,113.8689
P,G,2016-02-01,113.862
P,G,2016-02-02,113.8416
P,G,2016-02-03,114.1723
P,G,2016-02-04,114.1832
P,G,2016-02-05,115.1832
P,G,2016-02-08,115.4338
P,G,2016-02-09,116.5688
P,G,2016-02-10,117.0011
P,G,2016-02-11,117.4568
P,G,2016-02-12,116.7241
P,G,2016-02-15,116.1869
P,G,2016-02-16,115.8913
P,G,2016-02-17,115.759
P,G,2016-02-18,115.3782
P,G,2016-02-19,115.3973
P,G,2016-02-22,115.5805
P,G,2016-02-23,115.6815
P,G,2016-02-24,116.338
P,G,2016-02-25,116.3421
P,G,2016-02-26,116.0758
P,G,2016-02-29,115.8498
P,G,2016-03-01,115.828
P,G,2016-03-02,116.0494
P,G,2016-03-03,115.9195
P,G,2016-03-04,115.7802
P,G,2016-03-07,115.029
P,G,2016-03-08,115.4886
P,G,2016-03-09,114.9669
P,G,2016-03-10,115.1773
P,G,2016-03-11,115.3543
P,G,2016-03-14,115.183
P,G,2016-03-15,115.5284
P,G,2016-03-16,115.5562
P,G,2016-03-17,116.0704
P,G,2016-03-18,116.1774
P,G,2016-03-21,116.2629
P,G,2016-03-22,116.4315
P,G,2016-03-23,116.1827
P,G,2016-03-24,116.5477
P,G,2016-03-25,116.3726
P,G,2016-03-28,116.4151
P,G,2016-03-29,116.4443
P,G,2016-03-30,116.6901
P,G,2016-03-31,116.6363
P,G,2016-04-01,116.8071
P,G,2016-04-04,117.0532
P,G,2016-04-05,117.2593
P,G,2016-04-06,117.4377
P,G,2016-04-07,117.7427
P,G,2016-04-08,117.8175
P,G,2016-04-11,117.5864
P,G,2016-04-12,117.6726
P,G,2016-04-13,117.1165
P,G,2016-04-14,116.962
P,G,2016-04-15,116.7755
P,G,2016-04-18,116.89
P,G,2016-04-19,116.7589
P,G,2016-04-20,116.6632
P,G,2016-04-21,115.9433
P,G,2016-04-22,115.5081
P,G,2016-04-25,115.867
P,G,2016-04-26,115.7218
P,G,2016-04-27,115.6892
P,G,2016-04-28,116.1385
P,G,2016-04-29,116.3033
P,G,2016-05-02,116.3354
P,G,2016-05-03,117.1029
P,G,2016-05-04,117.036
P,G,2016-05-05,116.4628
P,G,2016-05-06,115.9746
P,G,2016-05-09,115.8653
P,G,2016-05-10,115.6215
P,G,2016-05-11,115.4551
P,G,2016-05-12,115.6553
P,G,2016-05-13,115.8129
P,G,2016-05-16,115.429
P,G,2016-05-17,115.0539
P,G,2016-05-18,114.793
P,G,2016-05-19,114.497
P,G,2016-05-20,114.1177
P,G,2016-05-23,114.0588
P,G,2016-05-24,114.1385
P,G,2016-05-25,114.0745
P,G,2016-05-26,113.9074
P,G,2016-05-27,113.9375
P,G,2016-05-30,114.0563
P,G,2016-05-31,114.133
P,G,2016-06-01,114.0481
P,G,2016-06-02,114.262
P,G,2016-06-03,114.1891
P,G,2016-06-06,114.7217
P,G,2016-06-07,115.3367
P,G,2016-06-08,115.6199
P,G,2016-06-09,115.975
P,G,2016-06-10,115.9469
P,G,2016-06-13,116.2729
P,G,2016-06-14,116.5437
P,G,2016-06-15,116.473
P,G,2016-06-16,116.7155
P,G,2016-06-17,116.5688
P,G,2016-06-20,115.9918
P,G,2016-06-21,115.91
P,G,2016-06-22,116.3479
P,G,2016-06-23,116.1603
P,G,2016-06-24,115.7175
P,G,2016-06-27,116.7825
P,G,2016-06-28,116.0065
P,G,2016-06-29,115.7597
P,G,2016-06-30,115.5313
P,G,2016-07-01,116.0774
P,G,2016-07-04,116.1441
P,G,2016-07-05,116.6233
P,G,2016-07-06,116.2419
P,G,2016-07-07,116.244
P,G,2016-07-08,116.1126
P,G,2016-07-11,115.6636
P,G,2016-07-12,115.4943
P,G,2016-07-13,115.079
P,G,2016-07-14,115.4151
P,G,2016-07-15,115.2465
P,G,2016-07-18,115.3709
P,G,2016-07-19,115.4818
P,G,2016-07-20,115.3461
P,G,2016-07-21,115.2845
P,G,2016-07-22,115.3945
P,G,2016-07-25,115.6946
P,G,2016-07-26,115.6116
P,G,2016-07-27,114.6719
P,G,2016-07-28,115.2513
P,G,2016-07-29,116.1024
P,G,2016-08-01,116.5233
P,G,2016-08-02,116.6987
P,G,2016-08-03,116.2544
P,G,2016-08-04,115.9893
P,G,2016-08-05,115.8493
P,G,2016-08-08,115.3857
P,G,2016-08-09,115.2115
P,G,2016-08-10,115.2958
P,G,2016-08-11,115.7275
P,G,2016-08-12,115.82
P,G,2016-08-15,115.7461
P,G,2016-08-16,116.3836
P,G,2016-08-17,116.5778
P,G,2016-08-18,116.7445
P,G,2016-08-19,116.9596
P,G,2016-08-22,116.4605
P,G,2016-08-23,116.4756
P,G,2016-08-24,116.3404
P,G,2016-08-25,116.17
P,G,2016-08-26,115.9711
P,G,2016-08-29,115.3818
P,G,2016-08-30,115.1753
P,G,2016-08-31,114.9117
P,G,2016-09-01,114.528
P,G,2016-09-02,114.9015
P,G,2016-09-05,114.985
P,G,2016-09-06,114.8753
P,G,2016-09-07,115.3963
P,G,2016-09-08,115.284
P,G,2016-09-09,114.9082
P,G,2016-09-12,115.1982
P,G,2016-09-13,115.1712
P,G,2016-09-14,114.8115
P,G,2016-09-15,115.0298
P,G,2016-09-16,115.0597
P,G,2016-09-19,114.7033
P,G,2016-09-20,114.8768
P,G,2016-09-21,115.0823
P,G,2016-09-22,115.2451
P,G,2016-09-23,115.3161
P,G,2016-09-26,115.5567
P,G,2016-09-27,115.1681
P,G,2016-09-28,115.0947
P,G,2016-09-29,115.1205
P,G,2016-09-30,115.591
P,G,2016-10-03,114.9242
P,G,2016-10-04,114.4905
P,G,2016-10-05,114.5795
P,G,2016-10-06,114.7836
P,G,2016-10-07,114.7866
P,G,2016-10-10,114.7722
P,G,2016-10-11,114.5028
P,G,2016-10-12,114.5515
P,G,2016-10-13,114.8708
P,G,2016-10-14,114.7913
P,G,2016-10-17,114.9465
P,G,2016-10-18,114.6529
P,G,2016-10-19,114.5799
P,G,2016-10-20,114.6983
P,G,2016-10-21,114.603
P,G,2016-10-24,114.6211
P,G,2016-10-25,114.654
P,G,2016-10-26,114.7269
P,G,2016-10-27,114.7063
P,G,2016-10-28,114.6786
P,G,2016-10-31,115.0244
P,G,2016-11-01,115.0998
P,G,2016-11-02,116.1863
P,G,2016-11-03,116.01
P,G,2016-11-04,115.7954
P,G,2016-11-07,115.6187
P,G,2016-11-08,115.8496
P,G,2016-11-09,115.5059
P,G,2016-11-10,115.1946
P,G,2016-11-11,115.5708
P,G,2016-11-14,115.2788
P,G,2016-11-15,115.1156
P,G,2016-11-16,114.6282
P,G,2016-11-17,114.7353
P,G,2016-11-18,114.5826
P,G,2016-11-21,114.374
P,G,2016-11-22,114.1433
P,G,2016-11-23,114.0475
P,G,2016-11-24,113.8249
P,G,2016-11-25,113.9178
P,G,2016-11-28,113.9061
P,G,2016-11-29,113.6676
P,G,2016-11-30,113.4444
P,G,2016-12-01,113.5045
P,G,2016-12-02,113.6343
P,G,2016-12-05,113.2275
P,G,2016-12-06,113.1482
P,G,2016-12-07,113.0937
P,G,2016-12-08,112.9068
P,G,2016-12-09,112.7498
P,G,2016-12-12,112.9429
P,G,2016-12-13,112.8823
P,G,2016-12-14,113.0902
P,G,2016-12-15,112.5559
P,G,2016-12-16,112.5041
P,G,2016-12-19,112.7342
P,G,2016-12-20,112.8069
P,G,2016-12-21,112.8847
P,G,2016-12-22,112.7465
P,G,2016-12-23,112.7775
P,G,2016-12-26,112.6721
P,G,2016-12-27,112.4666
P,G,2016-12-28,112.4706
P,G,2016-12-29,112.8109
P,G,2016-12-30,113.1133
P,G,2017-01-02,112.8609
P,G,2017-01-03,112.676
P,G,2017-01-04,112.7113
P,G,2017-01-05,112.9853
P,G,2017-01-06,113.1021
P,G,2017-01-09,113.1312
P,G,2017-01-10,113.1938
P,G,2017-01-11,112.9887
P,G,2017-01-12,113.3838
P,G,2017-01-13,113.2926
P,G,2017-01-16,113.1532
P,G,2017-01-17,113.5915
P,G,2017-01-18,113.4859
P,G,2017-01-19,113.3007
P,G,2017-01-20,113.295
P,G,2017-01-23,113.4758
P,G,2017-01-24,113.3411
P,G,2017-01-25,113.3398
P,G,2017-01-26,113.4402
P,G,2017-01-27,113.5814
P,G,2017-01-30,113.6756
P,G,2017-01-31,114.0275
P,G,2017-02-01,113.9344
P,G,2017-02-02,113.7897
P,G,2017-02-03,113.6049
P,G,2017-02-06,113.5276
P,G,2017-02-07,113.5541
P,G,2017-02-08,113.64
P,G,2017-02-09,113.6342
P,G,2017-02-10,113.2183
P,G,2017-02-13,113.1534
P,G,2017-02-14,113.0172
P,G,2017-02-15,112.9553
P,G,2017-02-16,113.2727
P,G,2017-02-17,113.4838
P,G,2017-02-20,113.1993
P,G,2017-02-21,113.0332
P,G,2017-02-22,112.6686
P,G,2017-02-23,112.6672
P,G,2017-02-24,112.8524
P,G,2017-02-27,112.8658
P,G,2017-02-28,112.9686
P,G,2017-03-01,112.946
P,G,2017-03-02,112.9062
P,G,2017-03-03,112.8419
P,G,2017-03-06,112.7483
P,G,2017-03-07,112.4407
P,G,2017-03-08,112.6487
P,G,2017-03-09,112.5955
P,G,2017-03-10,112.6432
P,G,2017-03-13,112.6879
P,G,2017-03-14,112.8927
P,G,2017-03-15,112.6979
P,G,2017-03-16,113.0602
P,G,2017-03-17,113.046
P,G,2017-03-20,112.7332
P,G,2017-03-21,112.7267
P,G,2017-03-22,113.1165
P,G,2017-03-23,112.971
P,G,2017-03-24,113.1109
P,G,2017-03-27,113.3148
P,G,2017-03-28,113.3194
P,G,2017-03-29,112.9082
P,G,2017-03-30,112.7619
P,G,2017-03-31,112.583
P,G,2017-04-03,112.4816
P,G,2017-04-04,112.5088
P,G,2017-04-05,112.3639
P,G,2017-04-06,112.1822
P,G,2017-04-07,112.232
P,G,2017-04-10,112.2277
P,G,2017-04-11,112.2714
P,G,2017-04-12,112.1826
P,G,2017-04-13,112.1882
P,G,2017-04-14,112.29
P,G,2017-04-17,112.2648
P,G,2017-04-18,112.3322
P,G,2017-04-19,112.4054
P,G,2017-04-20,112.5001
P,G,2017-04-21,112.4642
P,G,2017-04-24,112.062
P,G,2017-04-25,111.9871
P,G,2017-04-26,112.0125
P,G,2017-04-27,112.1722
P,G,2017-04-28,112.1458
P,G,2017-05-01,111.9625
P,G,2017-05-02,111.9546
P,G,2017-05-03,112.4335
P,G,2017-05-04,112.2992
P,G,2017-05-05,112.6215
P,G,2017-05-08,112.1915
P,G,2017-05-09,111.4995
P,G,2017-05-10,111.0604
P,G,2017-05-11,110.8562
P,G,2017-05-12,110.9664
P,G,2017-05-15,111.3437
P,G,2017-05-16,111.7901
P,G,2017-05-17,112.2931
P,G,2017-05-18,112.5875
P,G,2017-05-19,112.9053
P,G,2017-05-22,113.0544
P,G,2017-05-23,113.0012
P,G,2017-05-24,112.9289
P,G,2017-05-25,113.0978
P,G,2017-05-26,113.2949
P,G,2017-05-29,113.1111
P,G,2017-05-30,112.9766
P,G,2017-05-31,113.2164
P,G,2017-06-01,113.1465
P,G,2017-06-02,113.2825
P,G,2017-06-05,113.6831
P,G,2017-06-06,113.719
P,G,2017-06-07,113.7449
P,G,2017-06-08,113.4076
P,G,2017-06-09,113.3688
P,G,2017-06-12,113.626
P,G,2017-06-13,113.7315
P,G,2017-06-14,113.4668
P,G,2017-06-15,113.0407
P,G,2017-06-16,113.1274
P,G,2017-06-19,113.2014
P,G,2017-06-20,113.2691
P,G,2017-06-21,113.5406
P,G,2017-06-22,113.4685
P,G,2017-06-23,113.6701
P,G,2017-06-26,113.4947
P,G,2017-06-27,113.6721
P,G,2017-06-28,113.8728
P,G,2017-06-29,113.8155
P,G,2017-06-30,113.6847
P,G,2017-07-03,113.5987
P,G,2017-07-04,113.3329
P,G,2017-07-05,113.2472
P,G,2017-07-06,113.3109
P,G,2017-07-07,113.3198
P,G,2017-07-10,113.1238
P,G,2017-07-11,112.6769
P,G,2017-07-12,112.904
P,G,2017-07-13,112.7781
P,G,2017-07-14,112.2126
P,G,2017-07-17,112.3553
P,G,2017-07-18,112.7822
P,G,2017-07-19,113.0928
P,G,2017-07-20,112.9702
P,G,2017-07-21,112.8969
P,G,2017-07-24,113.3463
P,G,2017-07-25,113.1692
P,G,2017-07-26,112.4926
P,G,2017-07-27,111.6904
P,G,2017-07-28,110.1296
P,G,2017-07-31,110.0403
P,G,2017-08-01,109.9917
P,G,2017-08-02,109.7222
P,G,2017-08-03,109.5624
P,G,2017-08-04,109.4999
P,G,2017-08-07,109.4877
P,G,2017-08-08,109.3516
P,G,2017-08-09,110.7303
P,G,2017-08-10,110.5222
P,G,2017-08-11,111.0491
P,G,2017-08-14,110.0739
P,G,2017-08-15,109.8107
P,G,2017-08-16,109.6219
P,G,2017-08-17,110.6112
P,G,2017-08-18,110.9555
P,G,2017-08-21,110.3509
P,G,2017-08-22,110.2949
P,G,2017-08-23,109.9986
P,G,2017-08-24,110.2815
P,G,2017-08-25,110.4859
P,G,2017-08-28,110.9113
P,G,2017-08-29,111.1971
P,G,2017-08-30,110.521
P,G,2017-08-31,109.9024
P,G,2017-09-01,110.0994
P,G,2017-09-04,110.4915
P,G,2017-09-05,110.2099
P,G,2017-09-06,110.4567
P,G,2017-09-07,110.4099
P,G,2017-09-08,110.4369
P,G,2017-09-11,110.4033
P,G,2017-09-12,109.824
P,G,2017-09-13,109.3695
P,G,2017-09-14,109.0664
P,G,2017-09-15,109.4097
P,G,2017-09-18,109.3977
P,G,2017-09-19,109.219
P,G,2017-09-20,109.1615
P,G,2017-09-21,108.5297
P,G,2017-09-22,108.3944
P,G,2017-09-25,108.3907
P,G,2017-09-26,109.1075
P,G,2017-09-27,109.1249
P,G,2017-09-28,109.234
P,G,2017-09-29,109.3072
P,G,2017-10-02,109.5356
P,G,2017-10-03,109.0911
P,G,2017-10-04,109.1646
P,G,2017-10-05,108.8922
P,G,2017-10-06,108.967
P,G,2017-10-09,108.9144
P,G,2017-10-10,108.7728
P,G,2017-10-11,108.7224
P,G,2017-10-12,108.5842
P,G,2017-10-13,108.5576
P,G,2017-10-16,108.6513
P,G,2017-10-17,108.5779
P,G,2017-10-18,108.449
P,G,2017-10-19,108.504
P,G,2017-10-20,108.0419
P,G,2017-10-23,107.9096
P,G,2017-10-24,107.8775
P,G,2017-10-25,107.3239
P,G,2017-10-26,107.231
P,G,2017-10-27,107.2587
P,G,2017-10-30,107.2776
P,G,2017-10-31,107.2734
P,G,2017-11-01,106.8466
P,G,2017-11-02,106.9036
P,G,2017-11-03,107.0037
P,G,2017-11-06,107.0429
P,G,2017-11-07,107.2251
P,G,2017-11-08,107.286
P,G,2017-11-09,107.1021
P,G,2017-11-10,107.61
P,G,2017-11-13,107.3318
P,G,2017-11-14,107.3405
P,G,2017-11-15,107.5991
P,G,2017-11-16,107.2336
P,G,2017-11-17,107.1051
P,G,2017-11-20,107.2696
P,G,2017-11-21,107.1629
P,G,2017-11-22,107.4117
P,G,2017-11-23,107.6867
P,G,2017-11-24,107.5618
P,G,2017-11-27,107.2949
P,G,2017-11-28,107.2523
P,G,2017-11-29,107.1678
P,G,2017-11-30,107.0128
P,G,2017-12-01,107.1373
P,G,2017-12-04,107.2649
P,G,2017-12-05,106.9421
P,G,2017-12-06,106.8028
P,G,2017-12-07,106.6494
P,G,2017-12-08,106.3424
P,G,2017-12-11,106.7198
P,G,2017-12-12,106.8751
P,G,2017-12-13,106.8594
P,G,2017-12-14,106.7699
P,G,2017-12-15,106.818
P,G,2017-12-18,106.8514
P,G,2017-12-19,107.1187
P,G,2017-12-20,106.7974
P,G,2017-12-21,106.5993
P,G,2017-12-22,106.3839
P,G,2017-12-25,106.933
P,G,2017-12-26,106.3245
P,G,2017-12-27,106.2646
P,G,2017-12-28,106.7944
P,G,2017-12-29,107.1465
P,G,2018-01-01,107.1933
P,G,2018-01-02,107.1142
P,G,2018-01-03,107.0353
P,G,2018-01-04,106.6969
P,G,2018-01-05,106.6275
P,G,2018-01-08,106.7585
P,G,2018-01-09,106.5881
P,G,2018-01-10,106.655
P,G,2018-01-11,106.9362
P,G,2018-01-12,106.8749
P,G,2018-01-15,107.1415
P,G,2018-01-16,107.1053
P,G,2018-01-17,107.2984
P,G,2018-01-18,107.5413
P,G,2018-01-19,107.8009
P,G,2018-01-22,107.5667
P,G,2018-01-23,107.2951
P,G,2018-01-24,107.981
P,G,2018-01-25,108.6358
P,G,2018-01-26,109.1536
P,G,2018-01-29,109.2597
P,G,2018-01-30,109.6268
P,G,2018-01-31,109.6771
P,G,2018-02-01,109.7215
P,G,2018-02-02,109.87
P,G,2018-02-05,109.913
P,G,2018-02-06,109.8238
P,G,2018-02-07,109.5683
P,G,2018-02-08,109.393
P,G,2018-02-09,110.1199
P,G,2018-02-12,110.1108
P,G,2018-02-13,110.19
P,G,2018-02-14,110.0393
P,G,2018-02-15,110.261
P,G,2018-02-16,110.5995
P,G,2018-02-19,110.2712
P,G,2018-02-20,109.8822
P,G,2018-02-21,109.6583
P,G,2018-02-22,109.8562
P,G,2018-02-23,109.9962
P,G,2018-02-26,109.7658
P,G,2018-02-27,109.5072
P,G,2018-02-28,109.3951
P,G,2018-03-01,109.3614
P,G,2018-03-02,109.7567
P,G,2018-03-05,109.7402
P,G,2018-03-06,109.2295
P,G,2018-03-07,109.0345
P,G,2018-03-08,108.392
P,G,2018-03-09,108.2088
P,G,2018-03-12,108.1953
P,G,2018-03-13,108.301
P,G,2018-03-14,108.3133
P,G,2018-03-15,108.3052
P,G,2018-03-16,108.1183
P,G,2018-03-19,107.9246
P,G,2018-03-20,107.8824
P,G,2018-03-21,107.8724
P,G,2018-03-22,108.0758
P,G,2018-03-23,108.2928
P,G,2018-03-26,108.058
P,G,2018-03-27,107.8202
P,G,2018-03-28,107.5404
P,G,2018-03-29,107.2753
P,G,2018-03-30,107.5023
P,G,2018-04-02,107.422
P,G,2018-04-03,107.3596
P,G,2018-04-04,107.113
P,G,2018-04-05,106.7896
P,G,2018-04-06,106.7964
P,G,2018-04-09,106.9453
P,G,2018-04-10,107.1759
P,G,2018-04-11,106.6341
P,G,2018-04-12,106.42
P,G,2018-04-13,106.2288
P,G,2018-04-16,106.1995
P,G,2018-04-17,105.9463
P,G,2018-04-18,105.1985
P,G,2018-04-19,105.099
P,G,2018-04-20,105.001
P,G,2018-04-23,104.9327
P,G,2018-04-24,104.985
P,G,2018-04-25,104.6802
P,G,2018-04-26,104.6147
P,G,2018-04-27,104.2354
P,G,2018-04-30,104.2421
P,G,2018-05-01,103.8759
P,G,2018-05-02,104.2097
P,G,2018-05-03,104.0907
P,G,2018-05-04,104.0525
P,G,2018-05-07,103.7243
P,G,2018-05-08,103.8361
P,G,2018-05-09,104.151
P,G,2018-05-10,103.8253
P,G,2018-05-11,103.701
P,G,2018-05-14,103.7422
P,G,2018-05-15,104.0234
P,G,2018-05-16,104.6315
P,G,2018-05-17,104.3775
P,G,2018-05-18,104.7514
P,G,2018-05-21,105.1344
P,G,2018-05-22,104.9781
P,G,2018-05-23,106.0507
P,G,2018-05-24,105.7972
P,G,2018-05-25,105.7801
P,G,2018-05-28,106.0077
P,G,2018-05-29,106.6879
P,G,2018-05-30,106.6216
P,G,2018-05-31,106.3765
P,G,2018-06-01,106.638
P,G,2018-06-04,106.5862
P,G,2018-06-05,106.4944
P,G,2018-06-06,106.3809
P,G,2018-06-07,106.3594
P,G,2018-06-08,106.8095
P,G,2018-06-11,106.186
P,G,2018-06-12,106.4352
P,G,2018-06-13,106.2671
P,G,2018-06-14,106.3793
P,G,2018-06-15,106.2711
P,G,2018-06-18,106.3453
P,G,2018-06-19,106.7583
P,G,2018-06-20,106.6016
P,G,2018-06-21,106.8214
P,G,2018-06-22,106.7888
P,G,2018-06-25,107.174
P,G,2018-06-26,107.0017
P,G,2018-06-27,107.0596
P,G,2018-06-28,106.7802
P,G,2018-06-29,106.7457
P,G,2018-07-02,107.1377
P,G,2018-07-03,106.8414
P,G,2018-07-04,106.8363
P,G,2018-07-05,106.6398
P,G,2018-07-06,106.5783
P,G,2018-07-09,106.687
P,G,2018-07-10,106.4038
P,G,2018-07-11,106.5168
P,G,2018-07-12,106.2751
P,G,2018-07-13,105.9571
P,G,2018-07-16,105.8418
P,G,2018-07-17,106.3216
P,G,2018-07-18,106.1494
P,G,2018-07-19,106.4291
P,G,2018-07-20,106.489
P,G,2018-07-23,106.8578
P,G,2018-07-24,106.7108
P,G,2018-07-25,106.7194
P,G,2018-07-26,106.5097
P,G,2018-07-27,106.6208
P,G,2018-07-30,106.6703
P,G,2018-07-31,106.9887
P,G,2018-08-01,106.7509
P,G,2018-08-02,106.8358
P,G,2018-08-03,107.0718
P,G,2018-08-06,107.0301
P,G,2018-08-07,106.8593
P,G,2018-08-08,106.786
P,G,2018-08-09,107.05
P,G,2018-08-10,107.9544
P,G,2018-08-13,108.5794
P,G,2018-08-14,108.5949
P,G,2018-08-15,108.4395
P,G,2018-08-16,108.5517
P,G,2018-08-17,108.0508
P,G,2018-08-20,107.8795
P,G,2018-08-21,108.1639
P,G,2018-08-22,108.3279
P,G,2018-08-23,108.5114
P,G,2018-08-24,108.3808
P,G,2018-08-27,108.1338
P,G,2018-08-28,108.384
P,G,2018-08-29,108.6564
P,G,2018-08-30,109.3589
P,G,2018-08-31,109.7059
P,G,2018-09-03,109.624
P,G,2018-09-04,109.7512
P,G,2018-09-05,109.611
P,G,2018-09-06,109.6469
P,G,2018-09-07,110.064
P,G,2018-09-10,109.8033
P,G,2018-09-11,109.1725
P,G,2018-09-12,109.2005
P,G,2018-09-13,109.3819
P,G,2018-09-14,109.5798
P,G,2018-09-17,109.7742
P,G,2018-09-18,110.0679
P,G,2018-09-19,109.3905
P,G,2018-09-20,109.2535
P,G,2018-09-21,109.9246
P,G,2018-09-24,109.7048
P,G,2018-09-25,108.9496
P,G,2018-09-26,108.9446
P,G,2018-09-27,108.687
P,G,2018-09-28,108.3064
P,G,2018-10-01,107.6172
P,G,2018-10-02,108.2193
P,G,2018-10-03,107.6037
P,G,2018-10-04,107.4927
P,G,2018-10-05,107.2398
P,G,2018-10-08,107.5759
P,G,2018-10-09,107.3334
P,G,2018-10-10,107.3299
P,G,2018-10-11,107.445
P,G,2018-10-12,107.0188
P,G,2018-10-15,107.1812
P,G,2018-10-16,107.2068
P,G,2018-10-17,106.9609
P,G,2018-10-18,106.904
P,G,2018-10-19,107.0357
P,G,2018-10-22,106.6944
P,G,2018-10-23,107.1902
P,G,2018-10-24,107.2389
P,G,2018-10-25,107.2439
P,G,2018-10-26,107.2382
P,G,2018-10-29,107.2199
P,G,2018-10-30,107.1868
P,G,2018-10-31,106.9933
P,G,2018-11-01,106.8513
P,G,2018-11-02,106.7374
P,G,2018-11-05,106.5566
P,G,2018-11-06,106.4264
P,G,2018-11-07,106.7922
P,G,2018-11-08,106.5683
P,G,2018-11-09,106.6108
P,G,2018-11-12,107.0422
P,G,2018-11-13,106.9556
P,G,2018-11-14,106.9087
P,G,2018-11-15,107.1477
P,G,2018-11-16,106.8511
P,G,2018-11-19,107.4237
P,G,2018-11-20,107.9593
P,G,2018-11-21,107.9959
P,G,2018-11-22,108.0148
P,G,2018-11-23,107.9167
P,G,2018-11-26,107.8393
P,G,2018-11-27,107.9202
P,G,2018-11-28,108.134
P,G,2018-11-29,108.1665
P,G,2018-11-30,107.9016
P,G,2018-12-03,107.6787
P,G,2018-12-04,107.7914
P,G,2018-12-05,107.7817
P,G,2018-12-06,107.9965
P,G,2018-12-07,108.1493
P,G,2018-12-10,108.5442
P,G,2018-12-11,109.1114
P,G,2018-12-12,108.6511
P,G,2018-12-13,108.4133
P,G,2018-12-14,108.3983
P,G,2018-12-17,108.2838
P,G,2018-12-18,108.4501
P,G,2018-12-19,108.1624
P,G,2018-12-20,108.2339
P,G,2018-12-21,108.292
P,G,2018-12-24,107.874
P,G,2018-12-25,108.6704
P,G,2018-12-26,108.4955
P,G,2018-12-27,108.2173
P,G,2018-12-28,108.6033
P,G,2018-12-31,108.5637
P,G,2019-01-01,108.9493
P,G,2019-01-02,108.7432
P,G,2019-01-03,108.726
P,G,2019-01-04,108.4062
P,G,2019-01-07,108.5232
P,G,2019-01-08,108.7477
P,G,2019-01-09,108.7618
P,G,2019-01-10,108.7705
P,G,2019-01-11,107.9829
P,G,2019-01-14,108.2751
P,G,2019-01-15,108.1523
P,G,2019-01-16,107.8749
P,G,2019-01-17,107.5632
P,G,2019-01-18,107.2914
P,G,2019-01-21,107.2029
P,G,2019-01-22,107.2992
P,G,2019-01-23,107.12
P,G,2019-01-24,107.5641
P,G,2019-01-25,107.3453
P,G,2019-01-28,107.3033
P,G,2019-01-29,107.2146
P,G,2019-01-30,106.7459
P,G,2019-01-31,106.6969
P,G,2019-02-01,106.879
P,G,2019-02-04,106.5809
P,G,2019-02-05,106.4076
P,G,2019-02-06,106.5479
P,G,2019-02-07,106.6288
P,G,2019-02-08,106.7437
P,G,2019-02-11,106.8469
P,G,2019-02-12,106.5086
P,G,2019-02-13,106.3841
P,G,2019-02-14,106.4905
P,G,2019-02-15,106.6082
P,G,2019-02-18,106.688
P,G,2019-02-19,106.5983
P,G,2019-02-20,106.574
P,G,2019-02-21,106.5431
P,G,2019-02-22,106.6404
P,G,2019-02-25,106.5351
P,G,2019-02-26,106.4225
P,G,2019-02-27,106.409
P,G,2019-02-28,106.5403
P,G,2019-03-01,106.3235
P,G,2019-03-04,106.3456
P,G,2019-03-05,106.3772
P,G,2019-03-06,106.0925
P,G,2019-03-07,106.1104
P,G,2019-03-08,106.0607
P,G,2019-03-11,106.1077
P,G,2019-03-12,105.7432
P,G,2019-03-13,105.8823
P,G,2019-03-14,105.8799
P,G,2019-03-15,105.8237
P,G,2019-03-18,105.9038
P,G,2019-03-19,105.9613
P,G,2019-03-20,106.0077
P,G,2019-03-21,106.3497
P,G,2019-03-22,106.5782
P,G,2019-03-25,106.7455
P,G,2019-03-26,106.847
P,G,2019-03-27,107.002
P,G,2019-03-28,106.9817
P,G,2019-03-29,107.1596
P,G,2019-04-01,107.1359
P,G,2019-04-02,106.7354
P,G,2019-04-03,106.7376
P,G,2019-04-04,106.6097
P,G,2019-04-05,106.5353
P,G,2019-04-08,106.5671
P,G,2019-04-09,106.3987
P,G,2019-04-10,106.1602
P,G,2019-04-11,106.0794
P,G,2019-04-12,106.0095
P,G,2019-04-15,105.7888
P,G,2019-04-16,105.6583
P,G,2019-04-17,105.2778
P,G,2019-04-18,105.2654
P,G,2019-04-19,105.0534
P,G,2019-04-22,104.9414
P,G,2019-04-23,104.5703
P,G,2019-04-24,104.8957
P,G,2019-04-25,105.1753
P,G,2019-04-26,105.0843
P,G,2019-04-29,105.0705
P,G,2019-04-30,104.9985
P,G,2019-05-01,104.9278
P,G,2019-05-02,104.895
P,G,2019-05-03,105.0456
P,G,2019-05-06,105.1529
P,G,2019-05-07,105.0348
P,G,2019-05-08,105.1549
P,G,2019-05-09,105.3165
P,G,2019-05-10,105.552
P,G,2019-05-13,106.0663
P,G,2019-05-14,106.3155
P,G,2019-05-15,106.5968
P,G,2019-05-16,106.3289
P,G,2019-05-17,106.6546
P,G,2019-05-20,106.739
P,G,2019-05-21,106.7471
P,G,2019-05-22,106.6573
P,G,2019-05-23,106.9179
P,G,2019-05-24,107.2752
P,G,2019-05-27,106.9442
P,G,2019-05-28,107.2037
P,G,2019-05-29,107.2348
P,G,2019-05-30,106.978
P,G,2019-05-31,107.2735
P,G,2019-06-03,107.9157
P,G,2019-06-04,107.9156
P,G,2019-06-05,107.8314
P,G,2019-06-06,107.8496
P,G,2019-06-07,107.7966
P,G,2019-06-10,107.9976
P,G,2019-06-11,107.8135
P,G,2019-06-12,107.6516
P,G,2019-06-13,107.775
P,G,2019-06-14,107.5709
P,G,2019-06-17,107.5502
P,G,2019-06-18,107.6682
P,G,2019-06-19,107.6221
P,G,2019-06-20,108.0414
P,G,2019-06-21,108.6022
P,G,2019-06-24,108.855
P,G,2019-06-25,108.8775
P,G,2019-06-26,109.0496
P,G,2019-06-27,108.5873
P,G,2019-06-28,109.0377
P,G,2019-07-01,108.2011
P,G,2019-07-02,108.0079
P,G,2019-07-03,108.2537
P,G,2019-07-04,108.1447
P,G,2019-07-05,108.1649
P,G,2019-07-08,108.0184
P,G,2019-07-09,107.878
P,G,2019-07-10,108.0817
P,G,2019-07-11,108.2909
P,G,2019-07-12,108.2543
P,G,2019-07-15,108.5443
P,G,2019-07-16,108.6202
P,G,2019-07-17,108.2822
P,G,2019-07-18,108.5561
P,G,2019-07-19,108.5729
P,G,2019-07-22,109.0186
P,G,2019-07-23,108.9178
P,G,2019-07-24,108.9985
P,G,2019-07-25,108.9826
P,G,2019-07-26,108.4232
P,G,2019-07-29,108.5742
P,G,2019-07-30,108.6786
P,G,2019-07-31,108.658
P,G,2019-08-01,108.8811
P,G,2019-08-02,109.5921
P,G,2019-08-05,110.8113
P,G,2019-08-06,110.6047
P,G,2019-08-07,110.3571
P,G,2019-08-08,110.5132
P,G,2019-08-09,110.7274
P,G,2019-08-12,110.9405
P,G,2019-08-13,111.282
P,G,2019-08-14,110.9617
P,G,2019-08-15,111.1111
P,G,2019-08-16,110.7495
P,G,2019-08-19,110.9188
P,G,2019-08-20,110.9131
P,G,2019-08-21,110.7445
P,G,2019-08-22,110.4587
P,G,2019-08-23,110.0231
P,G,2019-08-26,110.8694
P,G,2019-08-27,110.7248
P,G,2019-08-28,110.7244
P,G,2019-08-29,110.6453
P,G,2019-08-30,110.2105
P,G,2019-09-02,110.414
P,G,2019-09-03,110.5721
P,G,2019-09-04,110.577
P,G,2019-09-05,110.6626
P,G,2019-09-06,109.8924
P,G,2019-09-09,109.6873
P,G,2019-09-10,109.5761
P,G,2019-09-11,109.3511
P,G,2019-09-12,109.6521
P,G,2019-09-13,109.4561
P,G,2019-09-16,109.3506
P,G,2019-09-17,109.328
P,G,2019-09-18,108.9273
P,G,2019-09-19,109.284
P,G,2019-09-20,109.3092
P,G,2019-09-23,109.9537
P,G,2019-09-24,109.7372
P,G,2019-09-25,110.2877
P,G,2019-09-26,109.7899
P,G,2019-09-27,109.9635
P,G,2019-09-30,109.8943
P,G,2019-10-01,109.33
P,G,2019-10-02,109.4601
P,G,2019-10-03,109.0935
P,G,2019-10-04,109.1995
P,G,2019-10-07,109.5944
P,G,2019-10-08,109.7003
P,G,2019-10-09,109.6238
P,G,2019-10-10,109.5869
P,G,2019-10-11,108.6103
P,G,2019-10-14,108.6644
P,G,2019-10-15,108.428
P,G,2019-10-16,108.5622
P,G,2019-10-17,108.576
P,G,2019-10-18,108.8308
P,G,2019-10-21,108.853
P,G,2019-10-22,108.6001
P,G,2019-10-23,108.639
P,G,2019-10-24,108.386
P,G,2019-10-25,108.3616
P,G,2019-10-28,107.9674
P,G,2019-10-29,108.0734
P,G,2019-10-30,108.2186
P,G,2019-10-31,108.5014
P,G,2019-11-01,108.5044
P,G,2019-11-04,108.2282
P,G,2019-11-05,108.0803
P,G,2019-11-06,108.0646
P,G,2019-11-07,108.0553
P,G,2019-11-08,108.0853
P,G,2019-11-11,108.2026
P,G,2019-11-12,108.2576
P,G,2019-11-13,108.9136
P,G,2019-11-14,109.1824
P,G,2019-11-15,108.6765
P,G,2019-11-18,108.4285
P,G,2019-11-19,108.2708
P,G,2019-11-20,108.3868
P,G,2019-11-21,108.3332
P,G,2019-11-22,108.1663
P,G,2019-11-25,107.9582
P,G,2019-11-26,107.9089
P,G,2019-11-27,107.9422
P,G,2019-11-28,107.8502
P,G,2019-11-29,107.7703
P,G,2019-12-02,107.7088
P,G,2019-12-03,108.4403
P,G,2019-12-04,108.5531
P,G,2019-12-05,108.2906
P,G,2019-12-06,108.3728
P,G,2019-12-09,108.2397
P,G,2019-12-10,108.6
P,G,2019-12-11,108.7636
P,G,2019-12-12,108.7101
P,G,2019-12-13,108.214
P,G,2019-12-16,108.421
P,G,2019-12-17,108.4013
P,G,2019-12-18,108.8949
P,G,2019-12-19,108.8674
P,G,2019-12-20,109.0354
P,G,2019-12-23,109.1885
P,G,2019-12-24,109.049
P,G,2019-12-25,109.2869
P,G,2019-12-26,109.1093
P,G,2019-12-27,109.2859
P,G,2019-12-30,109.329
P,G,2019-12-31,109.6648
P,G,2020-01-01,110.0586
P,G,2020-01-02,109.5794
P,G,2020-01-03,109.5642
P,G,2020-01-06,109.7741
P,G,2020-01-07,109.5321
P,G,2020-01-08,109.7304
P,G,2020-01-09,109.6099
P,G,2020-01-10,109.5442
P,G,2020-01-13,109.6464
P,G,2020-01-14,109.9399
P,G,2020-01-15,110.362
P,G,2020-01-16,110.5269
P,G,2020-01-17,110.3525
P,G,2020-01-20,110.3434
P,G,2020-01-21,110.322
P,G,2020-01-22,109.9506
P,G,2020-01-23,110.2399
P,G,2020-01-24,110.2849
P,G,2020-01-27,110.4995
P,G,2020-01-28,110.8013
P,G,2020-01-29,110.1689
P,G,2020-01-30,110.5831
P,G,2020-01-31,110.6318
P,G,2020-02-03,111.3148
P,G,2020-02-04,110.8226
P,G,2020-02-05,110.5174
P,G,2020-02-06,110.5352
P,G,2020-02-07,110.7128
P,G,2020-02-10,110.5955
P,G,2020-02-11,110.7839
P,G,2020-02-12,111.063
P,G,2020-02-13,111.0692
P,G,2020-02-14,110.7446
P,G,2020-02-17,110.6647
P,G,2020-02-18,111.0214
P,G,2020-02-19,110.8273
P,G,2020-02-20,111.2346
P,G,2020-02-21,111.4762
P,G,2020-02-24,111.6369
P,G,2020-02-25,111.7449
P,G,2020-02-26,112.0256
P,G,2020-02-27,112.1656
P,G,2020-02-28,112.7762
P,G,2020-03-02,112.794
P,G,2020-03-03,113.1438
P,G,2020-03-04,113.2724
P,G,2020-03-05,113.3612
P,G,2020-03-06,114.5326
P,G,2020-03-09,115.4511
P,G,2020-03-10,115.2963
P,G,2020-03-11,115.1091
P,G,2020-03-12,115.7441
P,G,2020-03-13,115.4499
P,G,2020-03-16,116.2599
P,G,2020-03-17,115.86
P,G,2020-03-18,115.8975
P,G,2020-03-19,115.8081
P,G,2020-03-20,114.9268
P,G,2020-03-23,115.1887
P,G,2020-03-24,115.6132
P,G,2020-03-25,114.7861
P,G,2020-03-26,115.0471
P,G,2020-03-27,115.4509
P,G,2020-03-30,115.9627
P,G,2020-03-31,115.4933
P,G,2020-04-01,115.6858
P,G,2020-04-02,115.4595
P,G,2020-04-03,115.0443
P,G,2020-04-06,115.0352
P,G,2020-04-07,115.032
P,G,2020-04-08,115.2444
P,G,2020-04-09,115.1116
P,G,2020-04-10,115.1632
P,G,2020-04-13,115.116
P,G,2020-04-14,115.2447
P,G,2020-04-15,115.4213
P,G,2020-04-16,115.5008
P,G,2020-04-17,115.2165
P,G,2020-04-20,115.4191
P,G,2020-04-21,115.4154
P,G,2020-04-22,115.3903
P,G,2020-04-23,115.1402
P,G,2020-04-24,114.8799
P,G,2020-04-27,114.8815
P,G,2020-04-28,114.3144
P,G,2020-04-29,114.6282
P,G,2020-04-30,114.3889
P,G,2020-05-01,115.0582
P,G,2020-05-04,115.2354
P,G,2020-05-05,114.8972
P,G,2020-05-06,114.6146
P,G,2020-05-07,114.5517
P,G,2020-05-08,114.6837
P,G,2020-05-11,114.6625
P,G,2020-05-12,114.8223
P,G,2020-05-13,114.9396
P,G,2020-05-14,114.874
P,G,2020-05-15,114.769
P,G,2020-05-18,114.9778
P,G,2020-05-19,114.1248
P,G,2020-05-20,114.5124
P,G,2020-05-21,114.4696
P,G,2020-05-22,114.3143
P,G,2020-05-25,114.2407
P,G,2020-05-26,114.1403
P,G,2020-05-27,113.8511
P,G,2020-05-28,113.7881
P,G,2020-05-29,114.0377
P,G,2020-06-01,114.1012
P,G,2020-06-02,113.7604
P,G,2020-06-03,112.8949
P,G,2020-06-04,113.1981
P,G,2020-06-05,112.7938
P,G,2020-06-08,112.291
P,G,2020-06-09,113.3182
P,G,2020-06-10,113.7135
P,G,2020-06-11,114.3982
P,G,2020-06-12,114.1617
P,G,2020-06-15,114.0222
P,G,2020-06-16,113.7838
P,G,2020-06-17,113.9784
P,G,2020-06-18,114.1279
P,G,2020-06-19,114.3154
P,G,2020-06-22,114.2985
P,G,2020-06-23,114.4187
P,G,2020-06-24,114.3204
P,G,2020-06-25,114.3037
P,G,2020-06-26,114.4758
P,G,2020-06-29,114.5292
P,G,2020-06-30,114.1218
P,G,2020-07-01,114.4602
P,G,2020-07-02,114.4126
P,G,2020-07-03,114.3302
P,G,2020-07-06,114.51
P,G,2020-07-07,114.4014
P,G,2020-07-08,114.5753
P,G,2020-07-09,114.5583
P,G,2020-07-10,114.4146
P,G,2020-07-13,114.2014
P,G,2020-07-14,114.4029
P,G,2020-07-15,113.9089
P,G,2020-07-16,113.4166
P,G,2020-07-17,113.5068
P,G,2020-07-20,113.6684
P,G,2020-07-21,113.6498
P,G,2020-07-22,113.7783
P,G,2020-07-23,114.1289
P,G,2020-07-24,114.3867
P,G,2020-07-27,114.4919
P,G,2020-07-28,114.2611
P,G,2020-07-29,114.6629
P,G,2020-07-30,114.8462
P,G,2020-07-31,114.9772
P,G,2020-08-03,114.2823
P,G,2020-08-04,114.4218
P,G,2020-08-05,114.7427
P,G,2020-08-06,114.9346
P,G,2020-08-07,114.5036
P,G,2020-08-10,114.6025
P,G,2020-08-11,114.6082
P,G,2020-08-12,114.6017
P,G,2020-08-13,114.9725
P,G,2020-08-14,115.0239
P,G,2020-08-17,115.107
P,G,2020-08-18,115.0626
P,G,2020-08-19,115.1168
P,G,2020-08-20,114.4418
P,G,2020-08-21,114.7922
P,G,2020-08-24,114.9233
P,G,2020-08-25,114.9611
P,G,2020-08-26,114.8204
P,G,2020-08-27,115.0005
P,G,2020-08-28,115.1024
P,G,2020-08-31,114.9638
P,G,2020-09-01,114.6167
P,G,2020-09-02,113.9726
P,G,2020-09-03,114.3464
P,G,2020-09-04,114.413
P,G,2020-09-07,114.2347
P,G,2020-09-08,113.8359
P,G,2020-09-09,114.1708
P,G,2020-09-10,114.8842
P,G,2020-09-11,114.8777
P,G,2020-09-14,114.9743
P,G,2020-09-15,114.9019
P,G,2020-09-16,114.8022
P,G,2020-09-17,114.5656
P,G,2020-09-18,114.5258
P,G,2020-09-21,114.4258
P,G,2020-09-22,114.4779
P,G,2020-09-23,114.2762
P,G,2020-09-24,114.0852
P,G,2020-09-25,113.7409
P,G,2020-09-28,113.8526
P,G,2020-09-29,114.1278
P,G,2020-09-30,113.9895
P,G,2020-10-01,114.1139
P,G,2020-10-02,113.9479
P,G,2020-10-05,114.2767
P,G,2020-10-06,114.3508
P,G,2020-10-07,114.1397
P,G,2020-10-08,114.0651
P,G,2020-10-09,114.3377
P,G,2020-10-12,114.4479
P,G,2020-10-13,114.6017
P,G,2020-10-14,114.4286
P,G,2020-10-15,114.5603
P,G,2020-10-16,114.4925
P,G,2020-10-19,114.5291
P,G,2020-10-20,114.8556
P,G,2020-10-21,114.98
P,G,2020-10-22,114.6319
P,G,2020-10-23,114.8842
P,G,2020-10-26,114.8824
P,G,2020-10-27,114.6843
P,G,2020-10-28,114.7001
P,G,2020-10-29,114.8522
P,G,2020-10-30,114.5746
P,G,2020-11-02,114.6485
P,G,2020-11-03,114.3837
P,G,2020-11-04,114.5677
P,G,2020-11-05,114.6062
P,G,2020-11-06,114.9408
P,G,2020-11-09,114.8107
P,G,2020-11-10,113.1112
P,G,2020-11-11,112.9116
P,G,2020-11-12,113.3427
P,G,2020-11-13,113.2173
P,G,2020-11-16,113.3471
P,G,2020-11-17,113.1833
P,G,2020-11-18,113.0239
P,G,2020-11-19,112.978
P,G,2020-11-20,112.9764
P,G,2020-11-23,112.8324
P,G,2020-11-24,112.8085
P,G,2020-11-25,112.4479
P,G,2020-11-26,112.8427
P,G,2020-11-27,112.9549
P,G,2020-11-30,113.0926
P,G,2020-12-01,112.6589
P,G,2020-12-02,112.9964
P,G,2020-12-03,113.4565
P,G,2020-12-04,113.3091
P,G,2020-12-07,113.5585
P,G,2020-12-08,113.6891
P,G,2020-12-09,113.687
P,G,2020-12-10,113.8123
P,G,2020-12-11,114.006
P,G,2020-12-14,113.8265
P,G,2020-12-15,113.8484
P,G,2020-12-16,113.6356
P,G,2020-12-17,113.5175
P,G,2020-12-18,113.1582
P,G,2020-12-21,113.3607
P,G,2020-12-22,113.2108
P,G,2020-12-23,112.8864
P,G,2020-12-24,112.7399
P,G,2020-12-25,112.7326
P,G,2020-12-28,112.3316
P,G,2020-12-29,112.7762
P,G,2020-12-30,112.6505
P,G,2020-12-31,112.9595
P,G,2021-01-01,112.9308
P,G,2021-01-04,112.7407
P,G,2021-01-05,112.8786
P,G,2021-01-06,112.8181
P,G,2021-01-07,112.3541
P,G,2021-01-08,112.1368
P,G,2021-01-11,112.1154
P,G,2021-01-12,111.9302
P,G,2021-01-13,111.9382
P,G,2021-01-14,112.0288
P,G,2021-01-15,112.0089
P,G,2021-01-18,112.0193
P,G,2021-01-19,111.9942
P,G,2021-01-20,111.7541
P,G,2021-01-21,111.7055
P,G,2021-01-22,111.9687
P,G,2021-01-25,111.7845
P,G,2021-01-26,111.6037
P,G,2021-01-27,111.5587
P,G,2021-01-28,111.599
P,G,2021-01-29,111.4627
P,G,2021-02-01,110.8106
P,G,2021-02-02,110.6937
P,G,2021-02-03,110.5448
P,G,2021-02-04,110.2505
P,G,2021-02-05,110.1157
P,G,2021-02-08,110.033
P,G,2021-02-09,110.3485
P,G,2021-02-10,110.5039
P,G,2021-02-11,110.5818
P,G,2021-02-12,110.3684
P,G,2021-02-15,110.2996
P,G,2021-02-16,110.4251
P,G,2021-02-17,110.0438
P,G,2021-02-18,109.7318
P,G,2021-02-19,109.6561
P,G,2021-02-22,109.1647
P,G,2021-02-23,108.7876
P,G,2021-02-24,107.8304
P,G,2021-02-25,107.6293
P,G,2021-02-26,108.662
P,G,2021-03-01,108.0822
P,G,2021-03-02,107.4184
P,G,2021-03-03,107.2138
P,G,2021-03-04,106.7398
P,G,2021-03-05,106.5929
P,G,2021-03-08,106.4932
P,G,2021-03-09,106.2313
P,G,2021-03-10,106.6149
P,G,2021-03-11,106.6128
P,G,2021-03-12,106.1848
P,G,2021-03-15,106.2708
P,G,2021-03-16,106.4962
P,G,2021-03-17,106.6369
P,G,2021-03-18,106.5028
P,G,2021-03-19,106.2796
P,G,2021-03-22,106.6008
P,G,2021-03-23,106.4855
P,G,2021-03-24,106.1104
P,G,2021-03-25,106.1189
P,G,2021-03-26,105.6925
P,G,2021-03-29,106.0107
P,G,2021-03-30,105.7115
P,G,2021-03-31,105.6612
P,G,2021-04-01,105.2801
P,G,2021-04-02,105.4084
P,G,2021-04-05,105.402
P,G,2021-04-06,105.5815
P,G,2021-04-07,106.2519
P,G,2021-04-08,106.4901
P,G,2021-04-09,106.6559
P,G,2021-04-12,106.7112
P,G,2021-04-13,106.7028
P,G,2021-04-14,106.8364
P,G,2021-04-15,106.3305
P,G,2021-04-16,106.5642
P,G,2021-04-19,106.8315
P,G,2021-04-20,106.5648
P,G,2021-04-21,106.5105
P,G,2021-04-22,106.5882
P,G,2021-04-23,106.4829
P,G,2021-04-26,106.3642
P,G,2021-04-27,106.226
P,G,2021-04-28,106.2252
P,G,2021-04-29,106.5183
P,G,2021-04-30,106.7618
P,G,2021-05-03,106.6566
P,G,2021-05-04,106.5112
P,G,2021-05-05,106.4631
P,G,2021-05-06,106.8294
P,G,2021-05-07,106.8472
P,G,2021-05-10,107.0665
P,G,2021-05-11,106.8483
P,G,2021-05-12,106.7205
P,G,2021-05-13,106.7363
P,G,2021-05-14,107.0117
P,G,2021-05-17,106.9485
P,G,2021-05-18,107.0437
P,G,2021-05-19,106.7145
P,G,2021-05-20,106.6711
P,G,2021-05-21,106.9706
P,G,2021-05-24,106.8988
P,G,2021-05-25,107.0889
P,G,2021-05-26,106.9723
P,G,2021-05-27,106.7771
P,G,2021-05-28,106.6664
P,G,2021-05-31,106.3814
P,G,2021-06-01,106.3338
P,G,2021-06-02,106.3678
P,G,2021-06-03,106.2727
P,G,2021-06-04,106.1522
P,G,2021-06-07,106.3051
P,G,2021-06-08,106.5429
P,G,2021-06-09,106.443
P,G,2021-06-10,106.5478
P,G,2021-06-11,106.4535
P,G,2021-06-14,106.4058
P,G,2021-06-15,106.4354
P,G,2021-06-16,106.3104
P,G,2021-06-17,105.4824
P,G,2021-06-18,105.0865
P,G,2021-06-21,104.9774
P,G,2021-06-22,104.9877
P,G,2021-06-23,104.8243
P,G,2021-06-24,104.6754
P,G,2021-06-25,104.8202
P,G,2021-06-28,104.6822
P,G,2021-06-29,104.5451
P,G,2021-06-30,104.3471
P,G,2021-07-01,104.1415
P,G,2021-07-02,104.3313
P,G,2021-07-05,104.4646
P,G,2021-07-06,104.379
P,G,2021-07-07,104.5663
P,G,2021-07-08,105.3019
P,G,2021-07-09,105.48
P,G,2021-07-12,105.3425
P,G,2021-07-13,105.258
P,G,2021-07-14,105.2221
P,G,2021-07-15,105.6455
P,G,2021-07-16,104.9762
P,G,2021-07-19,105.1224
P,G,2021-07-20,105.4398
P,G,2021-07-21,105.1973
P,G,2021-07-22,105.337
P,G,2021-07-23,105.1114
P,G,2021-07-26,105.34
P,G,2021-07-27,105.4963
P,G,2021-07-28,105.6023
P,G,2021-07-29,105.8576
P,G,2021-07-30,105.9968
P,G,2021-08-02,106.0817
P,G,2021-08-03,106.1656
P,G,2021-08-04,106.1593
P,G,2021-08-05,106.1403
P,G,2021-08-06,106.0739
P,G,2021-08-09,105.3991
P,G,2021-08-10,104.9754
P,G,2021-08-11,104.7745
P,G,2021-08-12,104.7219
P,G,2021-08-13,104.6542
P,G,2021-08-16,105.4228
P,G,2021-08-17,105.7554
P,G,2021-08-18,105.7186
P,G,2021-08-19,105.6461
P,G,2021-08-20,105.5407
P,G,2021-08-23,105.5781
P,G,2021-08-24,105.5478
P,G,2021-08-25,105.3166
P,G,2021-08-26,104.7456
P,G,2021-08-27,104.6304
P,G,2021-08-30,104.507
P,G,2021-08-31,104.395
P,G,2021-09-01,104.0225
P,G,2021-09-02,103.9992
P,G,2021-09-03,103.8943
P,G,2021-09-06,103.6762
P,G,2021-09-07,103.7586
P,G,2021-09-08,103.3809
P,G,2021-09-09,103.339
P,G,2021-09-10,103.4722
P,G,2021-09-13,103.0748
P,G,2021-09-14,102.737
P,G,2021-09-15,103.0823
P,G,2021-09-16,102.5705
P,G,2021-09-17,102.1805
P,G,2021-09-20,102.1163
P,G,2021-09-21,102.5055
P,G,2021-09-22,102.8553
P,G,2021-09-23,102.5852
P,G,2021-09-24,102.4921
P,G,2021-09-27,102.1346
P,G,2021-09-28,102.2723
P,G,2021-09-29,102.2455
P,G,2021-09-30,101.9102
P,G,2021-10-01,102.1563
P,G,2021-10-04,102.1728
P,G,2021-10-05,102.4851
P,G,2021-10-06,102.3339
P,G,2021-10-07,102.4582
P,G,2021-10-08,102.1554
P,G,2021-10-11,102.4159
P,G,2021-10-12,102.3296
P,G,2021-10-13,102.1537
P,G,2021-10-14,102.6766
P,G,2021-10-15,102.3861
P,G,2021-10-18,102.1007
P,G,2021-10-19,102.3659
P,G,2021-10-20,101.8878
P,G,2021-10-21,102.3163
P,G,2021-10-22,102.6264
P,G,2021-10-25,102.4887
P,G,2021-10-26,102.1313
P,G,2021-10-27,102.5925
P,G,2021-10-28,102.4847
P,G,2021-10-29,102.984
P,G,2021-11-01,102.9811
P,G,2021-11-02,103.1695
P,G,2021-11-03,103.3051
P,G,2021-11-04,103.2236
P,G,2021-11-05,103.0898
P,G,2021-11-08,102.8648
P,G,2021-11-09,102.7478
P,G,2021-11-10,102.9206
P,G,2021-11-11,102.6069
P,G,2021-11-12,102.4746
P,G,2021-11-15,102.5654
P,G,2021-11-16,102.1272
P,G,2021-11-17,101.8551
P,G,2021-11-18,102.1882
P,G,2021-11-19,102.5745
P,G,2021-11-22,102.4005
P,G,2021-11-23,102.1967
P,G,2021-11-24,101.9921
P,G,2021-11-25,102.0571
P,G,2021-11-26,102.7024
P,G,2021-11-29,102.7368
P,G,2021-11-30,103.0213
P,G,2021-12-01,102.981
P,G,2021-12-02,102.7773
P,G,2021-12-03,102.9142
P,G,2021-12-06,102.6677
P,G,2021-12-07,102.5177
P,G,2021-12-08,102.2521
P,G,2021-12-09,102.3229
P,G,2021-12-10,102.2516
P,G,2021-12-13,102.1097
P,G,2021-12-14,102.447
P,G,2021-12-15,102.1441
P,G,2021-12-16,101.9414
P,G,2021-12-17,102.4991
P,G,2021-12-20,102.2014
P,G,2021-12-21,102.0103
P,G,2021-12-22,101.5361
P,G,2021-12-23,101.5004
P,G,2021-12-24,101.7185
P,G,2021-12-27,101.5276
P,G,2021-12-28,101.6745
P,G,2021-12-29,101.6116
P,G,2021-12-30,101.6531
P,G,2021-12-31,101.9948
P,G,2022-01-03,101.9338
P,G,2022-01-04,101.5057
P,G,2022-01-05,101.6788
P,G,2022-01-06,101.4711
P,G,2022-01-07,101.0294
P,G,2022-01-10,100.8862
P,G,2022-01-11,100.2479
P,G,2022-01-12,100.3056
P,G,2022-01-13,100.8726
P,G,2022-01-14,101.0831
P,G,2022-01-17,100.967
P,G,2022-01-18,100.9906
P,G,2022-01-19,101.0277
P,G,2022-01-20,100.9819
P,G,2022-01-21,101.3232
P,G,2022-01-24,101.4395
P,G,2022-01-25,100.8304
P,G,2022-01-26,100.6302
P,G,2022-01-27,100.3239
P,G,2022-01-28,100.1627
P,G,2022-01-31,99.736
P,G,2022-02-01,100.1526
P,G,2022-02-02,100.1273
P,G,2022-02-03,99.8791
P,G,2022-02-04,99.1026
P,G,2022-02-07,98.7817
P,G,2022-02-08,98.8241
P,G,2022-02-09,98.5566
P,G,2022-02-10,98.3256
P,G,2022-02-11,98.0668
P,G,2022-02-14,98.6345
P,G,2022-02-15,98.1051
P,G,2022-02-16,97.8567
P,G,2022-02-17,98.0698
P,G,2022-02-18,97.8868
P,G,2022-02-21,98.1146
P,G,2022-02-22,98.1755
P,G,2022-02-23,97.6292
P,G,2022-02-24,98.3346
P,G,2022-02-25,97.8258
P,G,2022-02-28,98.3606
P,G,2022-03-01,98.7911
P,G,2022-03-02,99.4052
P,G,2022-03-03,98.8874
P,G,2022-03-04,99.3192
P,G,2022-03-07,99.7613
P,G,2022-03-08,99.247
P,G,2022-03-09,98.7881
P,G,2022-03-10,98.4111
P,G,2022-03-11,98.342
P,G,2022-03-14,98.0391
P,G,2022-03-15,97.3278
P,G,2022-03-16,96.9059
P,G,2022-03-17,96.533
P,G,2022-03-18,97.0423
P,G,2022-03-21,97.4766
P,G,2022-03-22,97.1349
P,G,2022-03-23,97.1496
P,G,2022-03-24,97.3504
P,G,2022-03-25,97.8811
P,G,2022-03-28,96.9837
P,G,2022-03-29,96.8459
P,G,2022-03-30,97.0696
P,G,2022-03-31,97.1366
P,G,2022-04-01,97.5919
P,G,2022-04-04,97.387200000000007
P,G,2022-04-05,97.6197
P,G,2022-04-06,97.1858
P,G,2022-04-07,97.313
P,G,2022-04-08,97.1333
P,G,2022-04-11,97.094
P,G,2022-04-12,97.4872
P,G,2022-04-13,97.6208
P,G,2022-04-14,96.8483
P,G,2022-04-15,96.5864
P,G,2022-04-18,96.4208
P,G,2022-04-19,96.1402
P,G,2022-04-20,95.8238
P,G,2022-04-21,95.4326
P,G,2022-04-22,95.3789
P,G,2022-04-25,95.4791
P,G,2022-04-26,95.5879
P,G,2022-04-27,95.5627
P,G,2022-04-28,95.3819
P,G,2022-04-29,95.2099
P,G,2022-05-02,95.1419
P,G,2022-05-03,94.5772
P,G,2022-05-04,94.1572
P,G,2022-05-05,93.9035
P,G,2022-05-06,93.8025
P,G,2022-05-09,93.43
P,G,2022-05-10,93.0473
P,G,2022-05-11,93.5084
P,G,2022-05-12,93.3949
P,G,2022-05-13,93.0367
P,G,2022-05-16,92.5345
P,G,2022-05-17,92.7958
P,G,2022-05-18,92.656
P,G,2022-05-19,94.6477
P,G,2022-05-20,94.291
P,G,2022-05-23,94.1957
P,G,2022-05-24,94.6253
P,G,2022-05-25,94.7143
P,G,2022-05-26,95.0432
P,G,2022-05-27,94.9737
P,G,2022-05-30,94.8
P,G,2022-05-31,94.5015
P,G,2022-06-01,94.6163
P,G,2022-06-02,94.8372
P,G,2022-06-03,94.6815
P,G,2022-06-06,94.3485
P,G,2022-06-07,93.4134
P,G,2022-06-08,93.1199
P,G,2022-06-09,92.8681
P,G,2022-06-10,93.3587
P,G,2022-06-13,93.0787
P,G,2022-06-14,93.4493
P,G,2022-06-15,92.4825
P,G,2022-06-16,94.3735
P,G,2022-06-17,95.2261
P,G,2022-06-20,95.2684
P,G,2022-06-21,94.9723
P,G,2022-06-22,95.0741
P,G,2022-06-23,95.1555
P,G,2022-06-24,95.6257
P,G,2022-06-27,95.4503
P,G,2022-06-28,95.7883
P,G,2022-06-29,96.0797
P,G,2022-06-30,96.4136
P,G,2022-07-01,96.1535
P,G,2022-07-04,96.0577
P,G,2022-07-05,96.2809
P,G,2022-07-06,96.3359
P,G,2022-07-07,96.2782
P,G,2022-07-08,95.9738
P,G,2022-07-11,95.6977
P,G,2022-07-12,95.78
P,G,2022-07-13,96.1081
P,G,2022-07-14,95.7036
P,G,2022-07-15,96.0528
P,G,2022-07-18,95.9622
P,G,2022-07-19,95.7648
P,G,2022-07-20,95.8027
P,G,2022-07-21,95.7584
P,G,2022-07-22,96.336
P,G,2022-07-25,96.3217
P,G,2022-07-26,96.2757
P,G,2022-07-27,96.9203
P,G,2022-07-28,96.7468
P,G,2022-07-29,97.0874
P,G,2022-08-01,97.1417
P,G,2022-08-02,97.0031
P,G,2022-08-03,96.5187
P,G,2022-08-04,96.3153
P,G,2022-08-05,96.6074
P,G,2022-08-08,96.5997
P,G,2022-08-09,96.8939
P,G,2022-08-10,97.0412
P,G,2022-08-11,97.4689
P,G,2022-08-12,97.5453
P,G,2022-08-15,97.6297
P,G,2022-08-16,97.6967
P,G,2022-08-17,97.2436
P,G,2022-08-18,97.1163
P,G,2022-08-19,97.2401
P,G,2022-08-22,97.5265
P,G,2022-08-23,97.1979
P,G,2022-08-24,97.4782
P,G,2022-08-25,97.1631
P,G,2022-08-26,97.0334
P,G,2022-08-29,97.1069
P,G,2022-08-30,96.4842
P,G,2022-08-31,96.0973
P,G,2022-09-01,96.0423
P,G,2022-09-02,96.0391
P,G,2022-09-05,96.1307
P,G,2022-09-06,96.1848
P,G,2022-09-07,96.3333
P,G,2022-09-08,96.6237
P,G,2022-09-09,97.7624
P,G,2022-09-12,97.6401
P,G,2022-09-13,98.0997
P,G,2022-09-14,98.1762
P,G,2022-09-15,98.2221
P,G,2022-09-16,98.3042
P,G,2022-09-19,97.9571
P,G,2022-09-20,97.8431
P,G,2022-09-21,98.6694
P,G,2022-09-22,98.0355
P,G,2022-09-23,97.9921
P,G,2022-09-26,98.3396
P,G,2022-09-27,98.3669
P,G,2022-09-28,98.5483
P,G,2022-09-29,98.9395
P,G,2022-09-30,98.4006
P,G,2022-10-03,97.4624
P,G,2022-10-04,96.9904
P,G,2022-10-05,97.25
P,G,2022-10-06,97.5956
P,G,2022-10-07,97.3727
P,G,2022-10-10,97.4339
P,G,2022-10-11,97.2386
P,G,2022-10-12,97.6912
P,G,2022-10-13,97.3176
P,G,2022-10-14,96.8679
P,G,2022-10-17,96.7856
P,G,2022-10-18,96.9298
P,G,2022-10-19,96.7008
P,G,2022-10-20,96.3415
P,G,2022-10-21,96.1917
P,G,2022-10-24,96.5115
P,G,2022-10-25,96.3387
P,G,2022-10-26,96.5856
P,G,2022-10-27,96.4669
P,G,2022-10-28,96.4063
P,G,2022-10-31,96.0634
P,G,2022-11-01,96.5769
P,G,2022-11-02,96.3797
P,G,2022-11-03,95.8434
P,G,2022-11-04,95.8311
P,G,2022-11-07,96.2474
P,G,2022-11-08,96.452
P,G,2022-11-09,96.4792
P,G,2022-11-10,96.8083
P,G,2022-11-11,97.4747
P,G,2022-11-14,98.6012
P,G,2022-11-15,98.6948
P,G,2022-11-16,98.5085
P,G,2022-11-17,98.254
P,G,2022-11-18,97.7563
P,G,2022-11-21,97.8261
P,G,2022-11-22,97.8552
P,G,2022-11-23,98.0306
P,G,2022-11-24,98.228
P,G,2022-11-25,98.1402
P,G,2022-11-28,98.2288
P,G,2022-11-29,97.6719
P,G,2022-11-30,97.7162
P,G,2022-12-01,97.8403
P,G,2022-12-02,98.1799
P,G,2022-12-05,98.1367
P,G,2022-12-06,97.7832
P,G,2022-12-07,98.1392
P,G,2022-12-08,97.9353
P,G,2022-12-09,98.4485
P,G,2022-12-12,98.6501
P,G,2022-12-13,98.4841
P,G,2022-12-14,98.7651
P,G,2022-12-15,98.9897
P,G,2022-12-16,99.2004
P,G,2022-12-19,99.0817
P,G,2022-12-20,99.4536
P,G,2022-12-21,99.6207
P,G,2022-12-22,99.8936
P,G,2022-12-23,99.262
P,G,2022-12-26,99.2225
P,G,2022-12-27,99.4106
P,G,2022-12-28,99.5334
P,G,2022-12-29,100.1507
P,G,2022-12-30,100.1663
P,G,2023-01-02,99.8887
P,G,2023-01-03,99.2902
P,G,2023-01-04,99.9701
P,G,2023-01-05,100.0091
P,G,2023-01-06,99.2526
P,G,2023-01-09,99.7651
P,G,2023-01-10,99.9182
P,G,2023-01-11,99.6489
P,G,2023-01-12,98.6069
P,G,2023-01-13,98.3479
P,G,2023-01-16,98.8979
P,G,2023-01-17,99.2163
P,G,2023-01-18,99.9592
P,G,2023-01-19,99.9622
P,G,2023-01-20,99.4767
P,G,2023-01-23,99.384
P,G,2023-01-24,99.2187
P,G,2023-01-25,98.9965
P,G,2023-01-26,99.3183
P,G,2023-01-27,99.1756
P,G,2023-01-30,99.2525
P,G,2023-01-31,98.9464
P,G,2023-02-01,99.7647
P,G,2023-02-02,100.0797
P,G,2023-02-03,99.9614
P,G,2023-02-06,99.9405
P,G,2023-02-07,99.9687
P,G,2023-02-08,100.5756
P,G,2023-02-09,100.5062
P,G,2023-02-10,100.3777
P,G,2023-02-13,100.6201
P,G,2023-02-14,100.918
P,G,2023-02-15,100.5843
P,G,2023-02-16,100.7616
P,G,2023-02-17,100.2358
P,G,2023-02-20,100.8092
P,G,2023-02-21,100.8983
P,G,2023-02-22,100.7593
P,G,2023-02-23,100.4211
P,G,2023-02-24,100.3425
P,G,2023-02-27,99.9617
P,G,2023-02-28,100.0792
P,G,2023-03-01,99.809
P,G,2023-03-02,99.5375
P,G,2023-03-03,99.9991
P,G,2023-03-06,100.3711
P,G,2023-03-07,100.4496
P,G,2023-03-08,100.1971
P,G,2023-03-09,100.6186
P,G,2023-03-10,101.332
P,G,2023-03-13,102.6329
P,G,2023-03-14,102.6335
P,G,2023-03-15,102.1116
P,G,2023-03-16,101.4942
P,G,2023-03-17,101.3878
P,G,2023-03-20,100.9303
P,G,2023-03-21,100.8504
P,G,2023-03-22,101.2155
P,G,2023-03-23,101.2932
P,G,2023-03-24,101.8653
P,G,2023-03-27,101.9607
P,G,2023-03-28,101.6553
P,G,2023-03-29,101.3041
P,G,2023-03-30,101.5087
P,G,2023-03-31,101.4721
P,G,2023-04-03,101.6247
P,G,2023-04-04,101.8795
P,G,2023-04-05,102.5707
P,G,2023-04-06,102.9427
P,G,2023-04-07,103.0186
P,G,2023-04-10,102.9485
P,G,2023-04-11,103.1978
P,G,2023-04-12,103.3526
P,G,2023-04-13,104.1825
P,G,2023-04-14,104.3538
P,G,2023-04-17,104.1772
P,G,2023-04-18,104.0025
P,G,2023-04-19,104.0162
P,G,2023-04-20,104.283
P,G,2023-04-21,104.6326
P,G,2023-04-24,104.8892
P,G,2023-04-25,105.2395
P,G,2023-04-26,104.864
P,G,2023-04-27,104.5681
P,G,2023-04-28,104.4969
P,G,2023-05-01,104.6325
P,G,2023-05-02,104.3606
P,G,2023-05-03,105.2296
P,G,2023-05-04,105.1633
P,G,2023-05-05,104.6073
P,G,2023-05-08,104.9837
P,G,2023-05-09,104.8344
P,G,2023-05-10,105.134
P,G,2023-05-11,104.7563
P,G,2023-05-12,105.3409
P,G,2023-05-15,104.9872
P,G,2023-05-16,105.3896
P,G,2023-05-17,105.0014
P,G,2023-05-18,105.0263
P,G,2023-05-19,104.9421
P,G,2023-05-22,105.6879
P,G,2023-05-23,105.3658
P,G,2023-05-24,105.1942
P,G,2023-05-25,105.1046
P,G,2023-05-26,105.3463
P,G,2023-05-29,105.4284
P,G,2023-05-30,105.413
P,G,2023-05-31,104.9847
P,G,2023-06-01,104.9615
P,G,2023-06-02,104.9979
P,G,2023-06-05,104.8362
P,G,2023-06-06,105.322
P,G,2023-06-07,105.4421
P,G,2023-06-08,105.1075
P,G,2023-06-09,105.8396
P,G,2023-06-12,105.5247
P,G,2023-06-13,105.1839
P,G,2023-06-14,105.2568
P,G,2023-06-15,105.2565
P,G,2023-06-16,105.9965
P,G,2023-06-19,105.7447
P,G,2023-06-20,105.4926
P,G,2023-06-21,105.6545
P,G,2023-06-22,105.6316
P,G,2023-06-23,105.7713
P,G,2023-06-26,106.3437
P,G,2023-06-27,106.1462
P,G,2023-06-28,106.2145
P,G,2023-06-29,106.2035
P,G,2023-06-30,106.1144
P,G,2023-07-03,106.0552
P,G,2023-07-04,106.2565
P,G,2023-07-05,106.0608
P,G,2023-07-06,106.2374
P,G,2023-07-07,106.3813
P,G,2023-07-10,106.5884
P,G,2023-07-11,107.1165
P,G,2023-07-12,107.297
P,G,2023-07-13,108.2032
P,G,2023-07-14,108.4162
P,G,2023-07-17,108.2105
P,G,2023-07-18,108.1714
P,G,2023-07-19,108.3574
P,G,2023-07-20,108.4213
P,G,2023-07-21,107.8253
P,G,2023-07-24,107.8814
P,G,2023-07-25,107.6288
P,G,2023-07-26,108.1914
P,G,2023-07-27,108.5453
P,G,2023-07-28,107.618
P,G,2023-07-31,107.2624
P,G,2023-08-01,107.0372
P,G,2023-08-02,106.8199
P,G,2023-08-03,107.2019
P,G,2023-08-04,107.0719
P,G,2023-08-07,107.0631
P,G,2023-08-08,107.2996
P,G,2023-08-09,107.1476
P,G,2023-08-10,107.1766
P,G,2023-08-11,106.9169
P,G,2023-08-14,107.2068
P,G,2023-08-15,107.5162
P,G,2023-08-16,107.1986
P,G,2023-08-17,107.3277
P,G,2023-08-18,107.1577
P,G,2023-08-21,107.0648
P,G,2023-08-22,107.1773
P,G,2023-08-23,107.2818
P,G,2023-08-24,107.1042
P,G,2023-08-25,106.7379
P,G,2023-08-28,106.8806
P,G,2023-08-29,106.7236
P,G,2023-08-30,107.0905
P,G,2023-08-31,106.817
P,G,2023-09-01,106.7132
P,G,2023-09-04,106.8332
P,G,2023-09-05,106.8234
P,G,2023-09-06,106.7069
P,G,2023-09-07,106.6905
P,G,2023-09-08,106.7847
P,G,2023-09-11,106.5094
P,G,2023-09-12,106.5692
P,G,2023-09-13,106.3268
P,G,2023-09-14,106.2462
P,G,2023-09-15,106.3444
P,G,2023-09-18,106.3365
P,G,2023-09-19,106.2408
P,G,2023-09-20,106.1011
P,G,2023-09-21,105.1944
P,G,2023-09-22,105.3968
P,G,2023-09-25,105.1013
P,G,2023-09-26,105.0144
P,G,2023-09-27,104.7547
P,G,2023-09-28,104.778
P,G,2023-09-29,105.2412
P,G,2023-10-02,105.3455
P,G,2023-10-03,104.884
P,G,2023-10-04,105.0681
P,G,2023-10-05,105.0755
P,G,2023-10-06,105.3809
P,G,2023-10-09,105.706
P,G,2023-10-10,106.0618
P,G,2023-10-11,106.1214
P,G,2023-10-12,106.3186
P,G,2023-10-13,106.0141
P,G,2023-10-16,106.5613
P,G,2023-10-17,106.5702
P,G,2023-10-18,106.7534
P,G,2023-10-19,107.0621
P,G,2023-10-20,107.7229
P,G,2023-10-23,107.4692
P,G,2023-10-24,107.2397
P,G,2023-10-25,107.2382
P,G,2023-10-26,106.9386
P,G,2023-10-27,106.6725
P,G,2023-10-30,106.2228
P,G,2023-10-31,105.9481
P,G,2023-11-01,105.6589
P,G,2023-11-02,105.9276
P,G,2023-11-03,105.5862
P,G,2023-11-06,105.7787
P,G,2023-11-07,105.7268
P,G,2023-11-08,105.6266
P,G,2023-11-09,105.6168
P,G,2023-11-10,105.6076
P,G,2023-11-13,105.556
P,G,2023-11-14,105.4438
P,G,2023-11-15,105.9209
P,G,2023-11-16,105.9383
P,G,2023-11-17,106.0526
P,G,2023-11-20,106.0516
P,G,2023-11-21,105.7571
P,G,2023-11-22,106.0125
P,G,2023-11-23,106.0631
P,G,2023-11-24,106.0395
P,G,2023-11-27,106.085
P,G,2023-11-28,106.1816
P,G,2023-11-29,106.3626
P,G,2023-11-30,106.8902
P,G,2023-12-01,107.1677
P,G,2023-12-04,107.3842
P,G,2023-12-05,107.5591
P,G,2023-12-06,107.7193
P,G,2023-12-07,107.8468
P,G,2023-12-08,107.638
P,G,2023-12-11,107.3365
P,G,2023-12-12,107.2955
P,G,2023-12-13,107.6244
P,G,2023-12-14,107.5464
P,G,2023-12-15,107.7257
P,G,2023-12-18,107.8121
P,G,2023-12-19,108.0556
P,G,2023-12-20,108.5027
P,G,2023-12-21,108.606
P,G,2023-12-22,109.0284
P,G,2023-12-25,109.1238
P,G,2023-12-26,109.217
P,G,2023-12-27,109.3138
P,G,2023-12-28,111.004
P,G,2023-12-29,110.8285
P,G,2024-01-01,110.5874
P,G,2024-01-02,110.3368
P,G,2024-01-03,110.0961
P,G,2024-01-04,110.1888
P,G,2024-01-05,110.0871
P,G,2024-01-08,110.2471
P,G,2024-01-09,110.3116
P,G,2024-01-10,110.0496
P,G,2024-01-11,110.1128
P,G,2024-01-12,109.7254
P,G,2024-01-15,109.8475
P,G,2024-01-16,109.454
P,G,2024-01-17,109.4184
P,G,2024-01-18,109.0646
P,G,2024-01-19,108.5265
P,G,2024-01-22,108.5449
P,G,2024-01-23,108.5151
P,G,2024-01-24,108.76
P,G,2024-01-25,109.0484
P,G,2024-01-26,109.0986
P,G,2024-01-29,109.5917
P,G,2024-01-30,109.418
P,G,2024-01-31,109.4652
P,G,2024-02-01,109.5996
P,G,2024-02-02,109.8662
P,G,2024-02-05,109.0242
P,G,2024-02-06,108.9075
P,G,2024-02-07,108.7708
P,G,2024-02-08,108.5484
P,G,2024-02-09,108.3049
P,G,2024-02-12,108.3056
P,G,2024-02-13,107.749
P,G,2024-02-14,107.3056
P,G,2024-02-15,107.6262
P,G,2024-02-16,107.679
P,G,2024-02-19,107.641
P,G,2024-02-20,107.4713
P,G,2024-02-21,107.5591
P,G,2024-02-22,107.6819
P,G,2024-02-23,107.4072
P,G,2024-02-26,107.4775
P,G,2024-02-27,107.4303
P,G,2024-02-28,107.5423
P,G,2024-02-29,107.6561
P,G,2024-03-01,107.0011
P,G,2024-03-04,107.1196
P,G,2024-03-05,106.7629
P,G,2024-03-06,106.858
P,G,2024-03-07,107.1325
P,G,2024-03-08,107.393
P,G,2024-03-11,107.368
P,G,2024-03-12,107.5027
P,G,2024-03-13,107.2863
P,G,2024-03-14,107.0288
P,G,2024-03-15,106.9645
P,G,2024-03-18,106.8746
P,G,2024-03-19,106.8298
P,G,2024-03-20,106.4674
P,G,2024-03-21,105.5862
P,G,2024-03-22,105.5199
P,G,2024-03-25,105.7758
P,G,2024-03-26,105.2055
P,G,2024-03-27,104.8745
P,G,2024-03-28,105.0365
P,G,2024-03-29,105.0002
P,G,2024-04-01,104.9596
P,G,2024-04-02,104.9148
P,G,2024-04-03,104.708
P,G,2024-04-04,104.4623
P,G,2024-04-05,104.8447
P,G,2024-04-08,104.634
P,G,2024-04-09,104.5117
P,G,2024-04-10,104.5282
P,G,2024-04-11,104.0881
P,G,2024-04-12,104.5196
P,G,2024-04-15,104.6395
P,G,2024-04-16,104.8241
P,G,2024-04-17,105.0798
P,G,2024-04-18,104.9951
P,G,2024-04-19,105.1862
P,G,2024-04-22,104.8207
P,G,2024-04-23,104.5914
P,G,2024-04-24,104.1239
P,G,2024-04-25,104.044
P,G,2024-04-26,104.1153
P,G,2024-04-29,104.1714
P,G,2024-04-30,104.0532
P,G,2024-05-01,104.0016
P,G,2024-05-02,103.9603
P,G,2024-05-03,104.2111
P,G,2024-05-06,104.3631
P,G,2024-05-07,104.0209
P,G,2024-05-08,104.1453
P,G,2024-05-09,104.1348
P,G,2024-05-10,104.1255
P,G,2024-05-13,104.0844
P,G,2024-05-14,103.9623
P,G,2024-05-15,103.9089
P,G,2024-05-16,103.9482
P,G,2024-05-17,103.3499
P,G,2024-05-20,103.222
P,G,2024-05-21,103.1003
P,G,2024-05-22,102.8469
P,G,2024-05-23,102.7435
P,G,2024-05-24,102.7996
P,G,2024-05-27,102.6677
P,G,2024-05-28,102.8338
P,G,2024-05-29,102.938
P,G,2024-05-30,103.7687
P,G,2024-05-31,103.8227
P,G,2024-06-03,104.1606
P,G,2024-06-04,104.8399
P,G,2024-06-05,105.1981
P,G,2024-06-06,105.1693
P,G,2024-06-07,105.4363
P,G,2024-06-10,105.3421
P,G,2024-06-11,105.3946
P,G,2024-06-12,105.3918
P,G,2024-06-13,105.2103
P,G,2024-06-14,106.2148
P,G,2024-06-17,106.2351
P,G,2024-06-18,106.487
P,G,2024-06-19,106.8376
P,G,2024-06-20,106.3712
P,G,2024-06-21,106.2997
P,G,2024-06-24,105.9644
P,G,2024-06-25,105.8493
P,G,2024-06-26,105.7114
P,G,2024-06-27,105.6962
P,G,2024-06-28,105.4432
P,G,2024-07-01,105.0481
P,G,2024-07-02,104.9423
P,G,2024-07-03,104.7734
P,G,2024-07-04,104.7509
P,G,2024-07-05,104.9562
P,G,2024-07-08,105.2398
P,G,2024-07-09,104.9872
P,G,2024-07-10,105.1948
P,G,2024-07-11,104.8855
P,G,2024-07-12,104.9167
P,G,2024-07-15,105.0372
P,G,2024-07-16,105.0405
P,G,2024-07-17,105.7044
P,G,2024-07-18,106.1861
P,G,2024-07-19,106.0985
P,G,2024-07-22,106.1665
P,G,2024-07-23,105.95
P,G,2024-07-24,106.307
P,G,2024-07-25,107.2523
P,G,2024-07-26,106.9716
P,G,2024-07-29,106.9385
P,G,2024-07-30,106.9
P,G,2024-07-31,107.4253
P,G,2024-08-01,108.0495
P,G,2024-08-02,108.6814
P,G,2024-08-05,110.6404
P,G,2024-08-06,110.2819
P,G,2024-08-07,109.8997
P,G,2024-08-08,109.793
P,G,2024-08-09,108.9617
P,G,2024-08-12,108.6132
P,G,2024-08-13,108.752
P,G,2024-08-14,108.8018
P,G,2024-08-15,108.4246
P,G,2024-08-16,108.2531
P,G,2024-08-19,108.3052
P,G,2024-08-20,108.6644
P,G,2024-08-21,109.1454
P,G,2024-08-22,109.5134
P,G,2024-08-23,109.5341
P,G,2024-08-26,109.8782
P,G,2024-08-27,109.7523
P,G,2024-08-28,110.4141
P,G,2024-08-29,110.4965
P,G,2024-08-30,109.9938
P,G,2024-09-02,109.9617
P,G,2024-09-03,109.6725
P,G,2024-09-04,110.2119
P,G,2024-09-05,110.1776
P,G,2024-09-06,110.6793
P,G,2024-09-09,110.2122
P,G,2024-09-10,110.2631
P,G,2024-09-11,110.4948
P,G,2024-09-12,109.5173
P,G,2024-09-13,109.6823
P,G,2024-09-16,109.9129
P,G,2024-09-17,109.8962
P,G,2024-09-18,109.8865
P,G,2024-09-19,109.3488
P,G,2024-09-20,109.0952
P,G,2024-09-23,108.9743
P,G,2024-09-24,108.9934
P,G,2024-09-25,108.8513
P,G,2024-09-26,108.6378
P,G,2024-09-27,109.0885
P,G,2024-09-30,108.9603
P,G,2024-10-01,108.9977
P,G,2024-10-02,109.2661
P,G,2024-10-03,108.9937
P,G,2024-10-04,108.903
P,G,2024-10-07,108.4011
P,G,2024-10-08,108.7969
P,G,2024-10-09,108.6123
P,G,2024-10-10,108.3429
P,G,2024-10-11,108.745
P,G,2024-10-14,108.3567
P,G,2024-10-15,108.2405
P,G,2024-10-16,108.3288
P,G,2024-10-17,108.1492
P,G,2024-10-18,107.9365
P,G,2024-10-21,108.0366
P,G,2024-10-22,108.1072
P,G,2024-10-23,108.1964
P,G,2024-10-24,108.1904
P,G,2024-10-25,107.9556
P,G,2024-10-28,107.9565
P,G,2024-10-29,108.0635
P,G,2024-10-30,107.787
P,G,2024-10-31,107.8531
P,G,2024-11-01,107.5924
P,G,2024-11-04,107.8511
P,G,2024-11-05,108.0117
P,G,2024-11-06,107.3376
P,G,2024-11-07,107.033
P,G,2024-11-08,107.291
P,G,2024-11-11,107.1125
P,G,2024-11-12,107.0019
P,G,2024-11-13,106.9526
P,G,2024-11-14,106.8156
P,G,2024-11-15,106.6511
P,G,2024-11-18,106.9334
P,G,2024-11-19,107.2104
P,G,2024-11-20,106.9399
P,G,2024-11-21,107.3256
P,G,2024-11-22,107.3148
P,G,2024-11-25,106.8171
P,G,2024-11-26,107.122
P,G,2024-11-27,107.3839
P,G,2024-11-28,107.0512
P,G,2024-11-29,107.2543
P,G,2024-12-02,106.923
P,G,2024-12-03,106.9829
P,G,2024-12-04,106.8107
P,G,2024-12-05,106.8417
P,G,2024-12-06,107.2663
P,G,2024-12-09,107.2058
P,G,2024-12-10,107.3096
P,G,2024-12-11,107.0354
P,G,2024-12-12,106.6102
P,G,2024-12-13,105.9849
P,G,2024-12-16,106.3324
P,G,2024-12-17,105.6051
P,G,2024-12-18,105.9768
P,G,2024-12-19,106.2418
P,G,2024-12-20,106.5364
P,G,2024-12-23,106.2983
P,G,2024-12-24,105.7979
P,G,2024-12-25,105.8067
P,G,2024-12-26,105.8159
P,G,2024-12-27,105.8249
P,G,2024-12-30,105.5093
P,G,2024-12-31,105.3536
P,G,2025-01-01,105.3909
P,G,2025-01-02,105.4306
P,G,2025-01-03,105.4712
P,G,2025-01-06,105.4727
P,G,2025-01-07,105.2116
P,G,2025-01-08,104.9626
P,G,2025-01-09,105.1516
P,G,2025-01-10,104.9416
P,G,2025-01-13,105.2356
P,G,2025-01-14,104.9719
P,G,2025-01-15,105.1103
P,G,2025-01-16,105.2932
P,G,2025-01-17,105.2678
P,G,2025-01-20,104.9144
P,G,2025-01-21,104.9106
P,G,2025-01-22,105.0393
P,G,2025-01-23,104.9353
P,G,2025-01-24,104.6936
P,G,2025-01-27,105.0677
P,G,2025-01-28,104.8912
P,G,2025-01-29,105.0048
P,G,2025-01-30,104.7892
P,G,2025-01-31,104.621
P,G,2025-02-03,104.8208
P,G,2025-02-04,105.0297
P,G,2025-02-05,105.4339
P,G,2025-02-06,105.4565
P,G,2025-02-07,105.1532
P,G,2025-02-10,105.0896
P,G,2025-02-11,104.967
P,G,2025-02-12,104.8791
P,G,2025-02-13,104.8832
P,G,2025-02-14,105.1592
P,G,2025-02-17,105.3722
P,G,2025-02-18,105.489
P,G,2025-02-19,105.1851
P,G,2025-02-20,105.4042
P,G,2025-02-21,105.6152
P,G,2025-02-24,105.6038
P,G,2025-02-25,106.0378
P,G,2025-02-26,106.1149
P,G,2025-02-27,105.9303
P,G,2025-02-28,106.0629
P,G,2025-03-03,106.0957
P,G,2025-03-04,106.7564
P,G,2025-03-05,106.3712
P,G,2025-03-06,105.9049
P,G,2025-03-07,106.4349
P,G,2025-03-10,106.8293
P,G,2025-03-11,106.0645
P,G,2025-03-12,105.8402
P,G,2025-03-13,106.1838
P,G,2025-03-14,106.0728
P,G,2025-03-17,106.0264
P,G,2025-03-18,106.1309
P,G,2025-03-19,106.7093
P,G,2025-03-20,106.5272
P,G,2025-03-21,106.5485
P,G,2025-03-24,106.6662
P,G,2025-03-25,106.7009
P,G,2025-03-26,106.7077
P,G,2025-03-27,106.8323
P,G,2025-03-28,107.0232
P,G,2025-03-31,107.0276
P,G,2025-04-01,106.9144
P,G,2025-04-02,106.7511
P,G,2025-04-03,107.8723
P,G,2025-04-04,109.3424
P,G,2025-04-07,110.3103
P,G,2025-04-08,109.6612
P,G,2025-04-09,111.368
P,G,2025-04-10,110.6775
P,G,2025-04-11,113.0687
P,G,2025-04-14,112.5351
P,G,2025-04-15,113.016
P,G,2025-04-16,112.5032
P,G,2025-04-17,112.4817
P,G,2025-04-18,112.4927
P,G,2025-04-21,112.5104
P,G,2025-04-22,112.5215
P,G,2025-04-23,111.4527
P,G,2025-04-24,110.908
P,G,2025-04-25,110.5134
P,G,2025-04-28,110.5166
P,G,2025-04-29,110.9107
P,G,2025-04-30,110.8815
P,G,2025-05-01,110.9458
P,G,2025-05-02,111.0004
P,G,2025-05-05,111.0922
P,G,2025-05-06,111.1364
P,G,2025-05-07,110.7828
P,G,2025-05-08,111.0876
P,G,2025-05-09,110.753
P,G,2025-05-12,109.8351
P,G,2025-05-13,110.1689
P,G,2025-05-14,109.9545
P,G,2025-05-15,110.0224
P,G,2025-05-16,110.2252
P,G,2025-05-19,110.1706
P,G,2025-05-20,110.3339
P,G,2025-05-21,110.8154
P,G,2025-05-22,110.7893
P,G,2025-05-23,110.4556
P,G,2025-05-26,110.7937
P,G,2025-05-27,110.5964
P,G,2025-05-28,110.4562
P,G,2025-05-29,110.6671
P,G,2025-05-30,110.8763
P,G,2025-06-02,111.1841
P,G,2025-06-03,111.0673
P,G,2025-06-04,110.6555
P,G,2025-06-05,110.7543
P,G,2025-06-06,110.5469
P,G,2025-06-09,110.6097
P,G,2025-06-10,110.6709
P,G,2025-06-11,110.4192
P,G,2025-06-12,110.8101
P,G,2025-06-13,111.1736
P,G,2025-06-16,110.9592
P,G,2025-06-17,110.9939
P,G,2025-06-18,110.698
P,G,2025-06-19,110.97
P,G,2025-06-20,110.7102
P,G,2025-06-23,110.7601
P,G,2025-06-24,110.8316
P,G,2025-06-25,111.5141
P,G,2025-06-26,111.635
P,G,2025-06-27,111.8381
P,G,2025-06-30,111.8388
P,G,2025-07-01,112.4922
P,G,2025-07-02,112.2945
P,G,2025-07-03,112.2198
P,G,2025-07-04,112.0842
P,G,2025-07-07,111.9022
P,G,2025-07-08,111.8441
P,G,2025-07-09,112.0351
P,G,2025-07-10,112.0826
P,G,2025-07-11,112.0048
P,G,2025-07-14,112.0803
P,G,2025-07-15,112.2177
P,G,2025-07-16,111.8022
P,G,2025-07-17,111.5804
P,G,2025-07-18,111.5346
P,G,2025-07-21,111.7161
P,G,2025-07-22,111.841
P,G,2025-07-23,112.1765
P,G,2025-07-24,111.8131
P,G,2025-07-25,111.7042
P,G,2025-07-28,111.616
P,G,2025-07-29,111.3608
P,G,2025-07-30,111.5086
P,G,2025-07-31,110.9668
P,G,2025-08-01,110.9243
P,G,2025-08-04,110.887
P,G,2025-08-05,110.7069
P,G,2025-08-06,110.791
P,G,2025-08-07,110.5413
P,G,2025-08-08,110.3659
P,G,2025-08-11,110.28
P,G,2025-08-12,110.2802
P,G,2025-08-13,110.5623
P,G,2025-08-14,110.3194
P,G,2025-08-15,110.5047
P,G,2025-08-18,110.2172
P,G,2025-08-19,110.4268
P,G,2025-08-20,110.3843
P,G,2025-08-21,110.6964
P,G,2025-08-22,110.4383
P,G,2025-08-25,110.8269
P,G,2025-08-26,110.6225
P,G,2025-08-27,110.8052
P,G,2025-08-28,111.1479
P,G,2025-08-29,111.0886
P,G,2025-09-01,111.0442
P,G,2025-09-02,110.8204
P,G,2025-09-03,110.7783
P,G,2025-09-04,110.6862
P,G,2025-09-05,110.6773
P,G,2025-09-08,111.4152
P,G,2025-09-09,111.5946
P,G,2025-09-10,111.2963
P,G,2025-09-11,111.1002
P,G,2025-09-12,111.1956
P,G,2025-09-15,111.1904
P,G,2025-09-16,111.3986
P,G,2025-09-17,111.8374
P,G,2025-09-18,111.6433
P,G,2025-09-19,111.1811
P,G,2025-09-22,111.317
P,G,2025-09-23,111.4337
P,G,2025-09-24,111.3066
P,G,2025-09-25,111.1691
P,G,2025-09-26,111.0863
P,G,2025-09-29,111.1804
P,G,2025-09-30,110.9866
