type,structure,seas_adj,date,value
index,ks_i11_econ_hist_q,csa,1972-10-01,-2.2673922216512254
index,ks_i11_econ_hist_q,csa,1973-01-01,-9.417252165628817
index,ks_i11_econ_hist_q,csa,1973-04-01,-7.448112578463478
index,ks_i11_econ_hist_q,csa,1973-07-01,-8.68532976703975
index,ks_i11_econ_hist_q,csa,1973-10-01,-26.961388056458095
index,ks_i11_econ_hist_q,csa,1974-01-01,-35.97477265931952
index,ks_i11_econ_hist_q,csa,1974-04-01,-62.942597787748625
index,ks_i11_econ_hist_q,csa,1974-07-01,-56.06087735764111
index,ks_i11_econ_hist_q,csa,1974-10-01,-72.53590946461398
index,ks_i11_econ_hist_q,csa,1975-01-01,-73.13884015287556
index,ks_i11_econ_hist_q,csa,1975-04-01,-104.44485741062536
index,ks_i11_econ_hist_q,csa,1975-07-01,-86.79196624339966
index,ks_i11_econ_hist_q,csa,1975-10-01,-99.6498948410196
index,ks_i11_econ_hist_q,csa,1976-01-01,-101.32671950987876
index,ks_i11_econ_hist_q,csa,1976-04-01,-53.02795417839268
index,ks_i11_econ_hist_q,csa,1976-07-01,2.820843072466422
index,ks_i11_econ_hist_q,csa,1976-10-01,-3.8407635056486953
index,ks_i11_econ_hist_q,csa,1977-01-01,-42.31249026086691
index,ks_i11_econ_hist_q,csa,1977-04-01,-4.484876848638115
index,ks_i11_econ_hist_q,csa,1977-07-01,20.60578930902556
index,ks_i11_econ_hist_q,csa,1977-10-01,21.452651351333525
index,ks_i11_econ_hist_q,csa,1978-01-01,10.676486117085844
index,ks_i11_econ_hist_q,csa,1978-04-01,9.453321704945054
index,ks_i11_econ_hist_q,csa,1978-07-01,16.890494813759954
index,ks_i11_econ_hist_q,csa,1978-10-01,-26.438870628965073
index,ks_i11_econ_hist_q,csa,1979-01-01,-10.94870425263646
index,ks_i11_econ_hist_q,csa,1979-04-01,14.40724943544545
index,ks_i11_econ_hist_q,csa,1979-07-01,-1.176187365543972
index,ks_i11_econ_hist_q,csa,1979-10-01,0.3800717226041628
index,ks_i11_econ_hist_q,csa,1980-01-01,8.495261677117584
index,ks_i11_econ_hist_q,csa,1980-04-01,17.04235870574676
index,ks_i11_econ_hist_q,csa,1980-07-01,14.233921222386677
index,ks_i11_econ_hist_q,csa,1980-10-01,-1.4272189430374544
index,ks_i11_econ_hist_q,csa,1981-01-01,-6.108893857270509
index,ks_i11_econ_hist_q,csa,1981-04-01,-26.194177700943612
index,ks_i11_econ_hist_q,csa,1981-07-01,-24.625993196287656
index,ks_i11_econ_hist_q,csa,1981-10-01,-31.72378529494675
index,ks_i11_econ_hist_q,csa,1982-01-01,-43.70594550629521
index,ks_i11_econ_hist_q,csa,1982-04-01,-44.68806277995088
index,ks_i11_econ_hist_q,csa,1982-07-01,-62.95310328768684
index,ks_i11_econ_hist_q,csa,1982-10-01,-73.06043546634636
index,ks_i11_econ_hist_q,csa,1983-01-01,-72.59877981024371
index,ks_i11_econ_hist_q,csa,1983-04-01,-49.204724201423
index,ks_i11_econ_hist_q,csa,1983-07-01,-47.597556423437794
index,ks_i11_econ_hist_q,csa,1983-10-01,-32.830103350376056
index,ks_i11_econ_hist_q,csa,1984-01-01,-31.946452525017857
index,ks_i11_econ_hist_q,csa,1984-04-01,-28.229507469279913
index,ks_i11_econ_hist_q,csa,1984-07-01,-15.073824902672603
index,ks_i11_econ_hist_q,csa,1984-10-01,-4.0450573106753405
index,ks_i11_econ_hist_q,csa,1985-01-01,-2.904263032659272
index,ks_i11_econ_hist_q,csa,1985-04-01,2.0373645310014332
index,ks_i11_econ_hist_q,csa,1985-07-01,5.487509739133088
index,ks_i11_econ_hist_q,csa,1985-10-01,13.115505904042005
index,ks_i11_econ_hist_q,csa,1986-01-01,22.203418830042175
index,ks_i11_econ_hist_q,csa,1986-04-01,28.41236523046257
index,ks_i11_econ_hist_q,csa,1986-07-01,22.120940824177076
index,ks_i11_econ_hist_q,csa,1986-10-01,22.58440896393929
index,ks_i11_econ_hist_q,csa,1987-01-01,16.40907836658407
index,ks_i11_econ_hist_q,csa,1987-04-01,6.737753166591705
index,ks_i11_econ_hist_q,csa,1987-07-01,11.64229588984592
index,ks_i11_econ_hist_q,csa,1987-10-01,4.587509739133088
index,ks_i11_econ_hist_q,csa,1988-01-01,-4.618809217737524
index,ks_i11_econ_hist_q,csa,1988-04-01,-12.199378714878652
index,ks_i11_econ_hist_q,csa,1988-07-01,8.857772129803642
index,ks_i11_econ_hist_q,csa,1988-10-01,18.88828794924982
index,ks_i11_econ_hist_q,csa,1989-01-01,35.50322683147101
index,ks_i11_econ_hist_q,csa,1989-04-01,24.751385104274277
index,ks_i11_econ_hist_q,csa,1989-07-01,9.39457653487365
index,ks_i11_econ_hist_q,csa,1989-10-01,24.704004584493912
index,ks_i11_econ_hist_q,csa,1990-01-01,-4.314292062668714
index,ks_i11_econ_hist_q,csa,1990-04-01,-2.5124902608669117
index,ks_i11_econ_hist_q,csa,1990-07-01,-9.405597153973805
index,ks_i11_econ_hist_q,csa,1990-10-01,-47.86132747016923
index,ks_i11_econ_hist_q,csa,1991-01-01,-52.611893839395734
index,ks_i11_econ_hist_q,csa,1991-04-01,-56.68297605371751
index,ks_i11_econ_hist_q,csa,1991-07-01,-72.08613367171962
index,ks_i11_econ_hist_q,csa,1991-10-01,-94.69853677249482
index,ks_i11_econ_hist_q,csa,1992-01-01,-108.26271487901604
index,ks_i11_econ_hist_q,csa,1992-04-01,-103.45145739701714
index,ks_i11_econ_hist_q,csa,1992-07-01,-108.62725978109268
index,ks_i11_econ_hist_q,csa,1992-10-01,-117.2542742984256
index,ks_i11_econ_hist_q,csa,1993-01-01,-104.84023700202148
index,ks_i11_econ_hist_q,csa,1993-04-01,-105.81749498230222
index,ks_i11_econ_hist_q,csa,1993-07-01,-101.75203398710266
index,ks_i11_econ_hist_q,csa,1993-10-01,-88.91023885373747
index,ks_i11_econ_hist_q,csa,1994-01-01,-67.49376366910661
index,ks_i11_econ_hist_q,csa,1994-04-01,-33.369633118009766
index,ks_i11_econ_hist_q,csa,1994-07-01,-18.486025232511523
index,ks_i11_econ_hist_q,csa,1994-10-01,-9.88091131349849
index,ks_i11_econ_hist_q,csa,1995-01-01,-18.959858681919545
index,ks_i11_econ_hist_q,csa,1995-04-01,-13.048534623158965
index,ks_i11_econ_hist_q,csa,1995-07-01,-30.399814204528884
index,ks_i11_econ_hist_q,csa,1995-10-01,-32.24471556095925
index,ks_i11_econ_hist_q,csa,1996-01-01,-57.30580600405072
index,ks_i11_econ_hist_q,csa,1996-04-01,-79.29090399757992
index,ks_i11_econ_hist_q,csa,1996-07-01,-88.24001574742854
index,ks_i11_econ_hist_q,csa,1996-10-01,-86.91331670714791
index,ks_i11_econ_hist_q,csa,1997-01-01,-90.79614904812284
index,ks_i11_econ_hist_q,csa,1997-04-01,-77.46029819406107
index,ks_i11_econ_hist_q,csa,1997-07-01,-56.26249026086691
index,ks_i11_econ_hist_q,csa,1997-10-01,-22.973585361731462
index,ks_i11_econ_hist_q,csa,1998-01-01,-36.09739592124427
index,ks_i11_econ_hist_q,csa,1998-04-01,-9.017344629798952
index,ks_i11_econ_hist_q,csa,1998-07-01,13.75997899173479
index,ks_i11_econ_hist_q,csa,1998-10-01,1.916643597400805
index,ks_i11_econ_hist_q,csa,1999-01-01,0.6789991008352159
index,ks_i11_econ_hist_q,csa,1999-04-01,-5.631398642933188
index,ks_i11_econ_hist_q,csa,1999-07-01,4.630366881990231
index,ks_i11_econ_hist_q,csa,1999-10-01,20.1123873101419
index,ks_i11_econ_hist_q,csa,2000-01-01,31.47765752238432
index,ks_i11_econ_hist_q,csa,2000-04-01,38.989486023718065
index,ks_i11_econ_hist_q,csa,2000-07-01,51.98942544794535
index,ks_i11_econ_hist_q,csa,2000-10-01,49.26464710704856
index,ks_i11_econ_hist_q,csa,2001-01-01,45.809657390139805
index,ks_i11_econ_hist_q,csa,2001-04-01,35.64284954495833
index,ks_i11_econ_hist_q,csa,2001-07-01,21.735812357949772
index,ks_i11_econ_hist_q,csa,2001-10-01,-53.8269985374005
index,ks_i11_econ_hist_q,csa,2002-01-01,-52.030794692466145
index,ks_i11_econ_hist_q,csa,2002-04-01,-36.59016016377954
index,ks_i11_econ_hist_q,csa,2002-07-01,-50.325901339584114
index,ks_i11_econ_hist_q,csa,2002-10-01,-103.83324497784804
index,ks_i11_econ_hist_q,csa,2003-01-01,-83.25252821153104
index,ks_i11_econ_hist_q,csa,2003-04-01,-101.20407904591364
index,ks_i11_econ_hist_q,csa,2003-07-01,-92.34457981310572
index,ks_i11_econ_hist_q,csa,2003-10-01,-66.04737398179715
index,ks_i11_econ_hist_q,csa,2004-01-01,-58.56463178786878
index,ks_i11_econ_hist_q,csa,2004-04-01,-28.73429477214511
index,ks_i11_econ_hist_q,csa,2004-07-01,-22.011097503206745
index,ks_i11_econ_hist_q,csa,2004-10-01,-33.43171031657722
index,ks_i11_econ_hist_q,csa,2005-01-01,-30.712861318380824
index,ks_i11_econ_hist_q,csa,2005-04-01,-26.546420515343826
index,ks_i11_econ_hist_q,csa,2005-07-01,-37.8234950455559
index,ks_i11_econ_hist_q,csa,2005-10-01,-35.564133453355176
index,ks_i11_econ_hist_q,csa,2006-01-01,-2.5124902608669117
index,ks_i11_econ_hist_q,csa,2006-04-01,12.953407913964982
index,ks_i11_econ_hist_q,csa,2006-07-01,31.80590821387093
index,ks_i11_econ_hist_q,csa,2006-10-01,38.55031167150024
index,ks_i11_econ_hist_q,csa,2007-01-01,41.05281002511974
index,ks_i11_econ_hist_q,csa,2007-04-01,45.59614213486539
index,ks_i11_econ_hist_q,csa,2007-07-01,40.97807577686894
index,ks_i11_econ_hist_q,csa,2007-10-01,33.201795453418804
index,ks_i11_econ_hist_q,csa,2008-01-01,28.16177374673043
index,ks_i11_econ_hist_q,csa,2008-04-01,-0.14954130056445436
index,ks_i11_econ_hist_q,csa,2008-07-01,-27.607187230563884
index,ks_i11_econ_hist_q,csa,2008-10-01,-59.923372061992616
index,ks_i11_econ_hist_q,csa,2009-01-01,-66.49752300174623
index,ks_i11_econ_hist_q,csa,2009-04-01,-98.81904612420948
index,ks_i11_econ_hist_q,csa,2009-07-01,-102.7907833963029
index,ks_i11_econ_hist_q,csa,2009-10-01,-77.2090355456475
index,ks_i11_econ_hist_q,csa,2010-01-01,-60.807207591728826
index,ks_i11_econ_hist_q,csa,2010-04-01,-9.870980826904647
index,ks_i11_econ_hist_q,csa,2010-07-01,2.7604052062931252
index,ks_i11_econ_hist_q,csa,2010-10-01,13.21368920259285
index,ks_i11_econ_hist_q,csa,2011-01-01,14.13840850923716
index,ks_i11_econ_hist_q,csa,2011-04-01,10.27929311915176
index,ks_i11_econ_hist_q,csa,2011-07-01,-7.608644107020758
index,ks_i11_econ_hist_q,csa,2011-10-01,-44.13928451924012
index,ks_i11_econ_hist_q,csa,2012-01-01,-49.626084301835256
index,ks_i11_econ_hist_q,csa,2012-04-01,-20.174391017805515
index,ks_i11_econ_hist_q,csa,2012-07-01,-26.65042129534967
index,ks_i11_econ_hist_q,csa,2012-10-01,-24.49337644679219
index,ks_i11_econ_hist_q,csa,2013-01-01,-12.252204786475644
index,ks_i11_econ_hist_q,csa,2013-04-01,-9.136225311464887
index,ks_i11_econ_hist_q,csa,2013-07-01,-11.725370403979614
index,ks_i11_econ_hist_q,csa,2013-10-01,0.21230537946006356
index,ks_i11_econ_hist_q,csa,2014-01-01,9.316368799535772
index,ks_i11_econ_hist_q,csa,2014-04-01,2.9437656187191656
index,ks_i11_econ_hist_q,csa,2014-07-01,4.412717495365776
index,ks_i11_econ_hist_q,csa,2014-10-01,-11.49243795049202
index,ks_i11_econ_hist_q,csa,2015-01-01,-1.5839851540888246
index,ks_i11_econ_hist_q,csa,2015-04-01,-24.508614291874665
index,ks_i11_econ_hist_q,csa,2015-07-01,-38.109198079796954
index,ks_i11_econ_hist_q,csa,2015-10-01,-32.075227903452465
index,ks_i11_econ_hist_q,csa,2016-01-01,-37.20290586731305
index,ks_i11_econ_hist_q,csa,2016-04-01,-32.863043766401965
index,ks_i11_econ_hist_q,csa,2016-07-01,-29.979428205933033
index,ks_i11_econ_hist_q,csa,2016-10-01,-20.86813079623976
index,ks_i11_econ_hist_q,csa,2017-01-01,-11.20447338322978
index,ks_i11_econ_hist_q,csa,2017-04-01,-8.147638302891746
index,ks_i11_econ_hist_q,csa,2017-07-01,7.159357752950015
index,ks_i11_econ_hist_q,csa,2017-10-01,10.839259278727932
index,ks_i11_econ_hist_q,csa,2018-01-01,21.924369807392473
index,ks_i11_econ_hist_q,csa,2018-04-01,16.021629368450697
index,ks_i11_econ_hist_q,csa,2018-07-01,10.890551564228144
index,ks_i11_econ_hist_q,csa,2018-10-01,15.8548566779086
index,ks_i11_econ_hist_q,csa,2019-01-01,6.820843072466422
index,ks_i11_econ_hist_q,csa,2019-04-01,2.447509739133088
index,ks_i11_econ_hist_q,csa,2019-07-01,1.8105113704544584
index,ks_i11_econ_hist_q,csa,2019-10-01,-12.996361228608848
index,ks_i11_econ_hist_q,csa,2020-01-01,3.5907961241096142
index,ks_i11_econ_hist_q,csa,2020-04-01,-42.74981496421103
index,ks_i11_econ_hist_q,csa,2020-07-01,-89.8636807370574
index,ks_i11_econ_hist_q,csa,2020-10-01,-96.77121119109948
index,ks_i11_econ_hist_q,csa,2021-01-01,-96.55931300334184
index,ks_i11_econ_hist_q,csa,2021-04-01,-92.80451867444228
index,ks_i11_econ_hist_q,csa,2021-07-01,-44.212895119166504
index,ks_i11_econ_hist_q,csa,2021-10-01,-22.17776222739411
index,ks_i11_econ_hist_q,csa,2022-01-01,-25.30494309105559
index,ks_i11_econ_hist_q,csa,2022-04-01,-27.407712389953247
index,ks_i11_econ_hist_q,csa,2022-07-01,-54.32847089040686
index,ks_i11_econ_hist_q,csa,2022-10-01,-62.42199252331035
index,ks_i11_econ_hist_q,csa,2023-01-01,-51.53209810400416
index,ks_i11_econ_hist_q,csa,2023-04-01,-53.99008797297368
index,ks_i11_econ_hist_q,csa,2023-07-01,-37.33114311060785
index,ks_i11_econ_hist_q,csa,2023-10-01,-69.74253720922371
index,ks_i11_econ_hist_q,csa,2024-01-01,-50.070903733279856
index,ks_i11_econ_hist_q,csa,2024-04-01,-42.25921299169001
index,ks_i11_econ_hist_q,csa,2024-07-01,-31.622999191281902
index,ks_i11_econ_hist_q,csa,2024-10-01,-46.00324748374797
index,ks_i11_econ_hist_q,csa,2025-01-01,-34.124848037253734
index,ks_i11_econ_hist_q,csa,2025-04-01,-53.31272958855845
index,ks_i11_econ_hist_q,csa,2025-07-01,-43.499985137009446
index,ks_i11_econ_hist_q,csa,2025-10-01,-61.181001747748894
index,ks_i11_econ_hist_q,csa,2026-01-01,-52.60317817995912
index,ks_i11_econ_hist_q,csa,2026-04-01,-63.20734780216388
index,ks_i11_econ_hist_q,na,1972-10-01,-2.2673922216512254
index,ks_i11_econ_hist_q,na,1973-01-01,-9.417252165628817
index,ks_i11_econ_hist_q,na,1973-04-01,-7.448112578463478
index,ks_i11_econ_hist_q,na,1973-07-01,-8.68532976703975
index,ks_i11_econ_hist_q,na,1973-10-01,-26.961388056458095
index,ks_i11_econ_hist_q,na,1974-01-01,-35.97477265931952
index,ks_i11_econ_hist_q,na,1974-04-01,-62.942597787748625
index,ks_i11_econ_hist_q,na,1974-07-01,-56.06087735764111
index,ks_i11_econ_hist_q,na,1974-10-01,-72.53590946461398
index,ks_i11_econ_hist_q,na,1975-01-01,-73.13884015287556
index,ks_i11_econ_hist_q,na,1975-04-01,-104.44485741062536
index,ks_i11_econ_hist_q,na,1975-07-01,-86.79196624339966
index,ks_i11_econ_hist_q,na,1975-10-01,-99.6498948410196
index,ks_i11_econ_hist_q,na,1976-01-01,-101.32671950987876
index,ks_i11_econ_hist_q,na,1976-04-01,-53.02795417839268
index,ks_i11_econ_hist_q,na,1976-07-01,2.820843072466422
index,ks_i11_econ_hist_q,na,1976-10-01,-3.8407635056486953
index,ks_i11_econ_hist_q,na,1977-01-01,-42.31249026086691
index,ks_i11_econ_hist_q,na,1977-04-01,-4.484876848638115
index,ks_i11_econ_hist_q,na,1977-07-01,20.60578930902556
index,ks_i11_econ_hist_q,na,1977-10-01,21.452651351333525
index,ks_i11_econ_hist_q,na,1978-01-01,10.676486117085844
index,ks_i11_econ_hist_q,na,1978-04-01,9.453321704945054
index,ks_i11_econ_hist_q,na,1978-07-01,16.890494813759954
index,ks_i11_econ_hist_q,na,1978-10-01,-26.438870628965073
index,ks_i11_econ_hist_q,na,1979-01-01,-10.94870425263646
index,ks_i11_econ_hist_q,na,1979-04-01,14.40724943544545
index,ks_i11_econ_hist_q,na,1979-07-01,-1.176187365543972
index,ks_i11_econ_hist_q,na,1979-10-01,0.3800717226041628
index,ks_i11_econ_hist_q,na,1980-01-01,8.495261677117584
index,ks_i11_econ_hist_q,na,1980-04-01,17.04235870574676
index,ks_i11_econ_hist_q,na,1980-07-01,14.233921222386677
index,ks_i11_econ_hist_q,na,1980-10-01,-1.4272189430374544
index,ks_i11_econ_hist_q,na,1981-01-01,-6.108893857270509
index,ks_i11_econ_hist_q,na,1981-04-01,-26.194177700943612
index,ks_i11_econ_hist_q,na,1981-07-01,-24.625993196287656
index,ks_i11_econ_hist_q,na,1981-10-01,-31.72378529494675
index,ks_i11_econ_hist_q,na,1982-01-01,-43.70594550629521
index,ks_i11_econ_hist_q,na,1982-04-01,-44.68806277995088
index,ks_i11_econ_hist_q,na,1982-07-01,-62.95310328768684
index,ks_i11_econ_hist_q,na,1982-10-01,-73.06043546634636
index,ks_i11_econ_hist_q,na,1983-01-01,-72.59877981024371
index,ks_i11_econ_hist_q,na,1983-04-01,-49.204724201423
index,ks_i11_econ_hist_q,na,1983-07-01,-47.597556423437794
index,ks_i11_econ_hist_q,na,1983-10-01,-32.830103350376056
index,ks_i11_econ_hist_q,na,1984-01-01,-31.946452525017857
index,ks_i11_econ_hist_q,na,1984-04-01,-28.229507469279913
index,ks_i11_econ_hist_q,na,1984-07-01,-15.073824902672603
index,ks_i11_econ_hist_q,na,1984-10-01,-4.0450573106753405
index,ks_i11_econ_hist_q,na,1985-01-01,-2.904263032659272
index,ks_i11_econ_hist_q,na,1985-04-01,2.0373645310014332
index,ks_i11_econ_hist_q,na,1985-07-01,5.487509739133088
index,ks_i11_econ_hist_q,na,1985-10-01,13.115505904042005
index,ks_i11_econ_hist_q,na,1986-01-01,22.203418830042175
index,ks_i11_econ_hist_q,na,1986-04-01,28.41236523046257
index,ks_i11_econ_hist_q,na,1986-07-01,22.120940824177076
index,ks_i11_econ_hist_q,na,1986-10-01,22.58440896393929
index,ks_i11_econ_hist_q,na,1987-01-01,16.40907836658407
index,ks_i11_econ_hist_q,na,1987-04-01,6.737753166591705
index,ks_i11_econ_hist_q,na,1987-07-01,11.64229588984592
index,ks_i11_econ_hist_q,na,1987-10-01,4.587509739133088
index,ks_i11_econ_hist_q,na,1988-01-01,-4.618809217737524
index,ks_i11_econ_hist_q,na,1988-04-01,-12.199378714878652
index,ks_i11_econ_hist_q,na,1988-07-01,8.857772129803642
index,ks_i11_econ_hist_q,na,1988-10-01,18.88828794924982
index,ks_i11_econ_hist_q,na,1989-01-01,35.50322683147101
index,ks_i11_econ_hist_q,na,1989-04-01,24.751385104274277
index,ks_i11_econ_hist_q,na,1989-07-01,9.39457653487365
index,ks_i11_econ_hist_q,na,1989-10-01,24.704004584493912
index,ks_i11_econ_hist_q,na,1990-01-01,-4.314292062668714
index,ks_i11_econ_hist_q,na,1990-04-01,-2.5124902608669117
index,ks_i11_econ_hist_q,na,1990-07-01,-9.405597153973805
index,ks_i11_econ_hist_q,na,1990-10-01,-47.86132747016923
index,ks_i11_econ_hist_q,na,1991-01-01,-52.611893839395734
index,ks_i11_econ_hist_q,na,1991-04-01,-56.68297605371751
index,ks_i11_econ_hist_q,na,1991-07-01,-72.08613367171962
index,ks_i11_econ_hist_q,na,1991-10-01,-94.69853677249482
index,ks_i11_econ_hist_q,na,1992-01-01,-108.26271487901604
index,ks_i11_econ_hist_q,na,1992-04-01,-103.45145739701714
index,ks_i11_econ_hist_q,na,1992-07-01,-108.62725978109268
index,ks_i11_econ_hist_q,na,1992-10-01,-117.2542742984256
index,ks_i11_econ_hist_q,na,1993-01-01,-104.84023700202148
index,ks_i11_econ_hist_q,na,1993-04-01,-105.81749498230222
index,ks_i11_econ_hist_q,na,1993-07-01,-101.75203398710266
index,ks_i11_econ_hist_q,na,1993-10-01,-88.91023885373747
index,ks_i11_econ_hist_q,na,1994-01-01,-67.49376366910661
index,ks_i11_econ_hist_q,na,1994-04-01,-33.369633118009766
index,ks_i11_econ_hist_q,na,1994-07-01,-18.486025232511523
index,ks_i11_econ_hist_q,na,1994-10-01,-9.88091131349849
index,ks_i11_econ_hist_q,na,1995-01-01,-18.959858681919545
index,ks_i11_econ_hist_q,na,1995-04-01,-13.048534623158965
index,ks_i11_econ_hist_q,na,1995-07-01,-30.399814204528884
index,ks_i11_econ_hist_q,na,1995-10-01,-32.24471556095925
index,ks_i11_econ_hist_q,na,1996-01-01,-57.30580600405072
index,ks_i11_econ_hist_q,na,1996-04-01,-79.29090399757992
index,ks_i11_econ_hist_q,na,1996-07-01,-88.24001574742854
index,ks_i11_econ_hist_q,na,1996-10-01,-86.91331670714791
index,ks_i11_econ_hist_q,na,1997-01-01,-90.79614904812284
index,ks_i11_econ_hist_q,na,1997-04-01,-77.46029819406107
index,ks_i11_econ_hist_q,na,1997-07-01,-56.26249026086691
index,ks_i11_econ_hist_q,na,1997-10-01,-22.973585361731462
index,ks_i11_econ_hist_q,na,1998-01-01,-36.09739592124427
index,ks_i11_econ_hist_q,na,1998-04-01,-9.017344629798952
index,ks_i11_econ_hist_q,na,1998-07-01,13.75997899173479
index,ks_i11_econ_hist_q,na,1998-10-01,1.916643597400805
index,ks_i11_econ_hist_q,na,1999-01-01,0.6789991008352159
index,ks_i11_econ_hist_q,na,1999-04-01,-5.631398642933188
index,ks_i11_econ_hist_q,na,1999-07-01,4.630366881990231
index,ks_i11_econ_hist_q,na,1999-10-01,20.1123873101419
index,ks_i11_econ_hist_q,na,2000-01-01,31.47765752238432
index,ks_i11_econ_hist_q,na,2000-04-01,38.989486023718065
index,ks_i11_econ_hist_q,na,2000-07-01,51.98942544794535
index,ks_i11_econ_hist_q,na,2000-10-01,49.26464710704856
index,ks_i11_econ_hist_q,na,2001-01-01,45.809657390139805
index,ks_i11_econ_hist_q,na,2001-04-01,35.64284954495833
index,ks_i11_econ_hist_q,na,2001-07-01,21.735812357949772
index,ks_i11_econ_hist_q,na,2001-10-01,-53.8269985374005
index,ks_i11_econ_hist_q,na,2002-01-01,-52.030794692466145
index,ks_i11_econ_hist_q,na,2002-04-01,-36.59016016377954
index,ks_i11_econ_hist_q,na,2002-07-01,-50.325901339584114
index,ks_i11_econ_hist_q,na,2002-10-01,-103.83324497784804
index,ks_i11_econ_hist_q,na,2003-01-01,-83.25252821153104
index,ks_i11_econ_hist_q,na,2003-04-01,-101.20407904591364
index,ks_i11_econ_hist_q,na,2003-07-01,-92.34457981310572
index,ks_i11_econ_hist_q,na,2003-10-01,-66.04737398179715
index,ks_i11_econ_hist_q,na,2004-01-01,-58.56463178786878
index,ks_i11_econ_hist_q,na,2004-04-01,-28.73429477214511
index,ks_i11_econ_hist_q,na,2004-07-01,-22.011097503206745
index,ks_i11_econ_hist_q,na,2004-10-01,-33.43171031657722
index,ks_i11_econ_hist_q,na,2005-01-01,-30.712861318380824
index,ks_i11_econ_hist_q,na,2005-04-01,-26.546420515343826
index,ks_i11_econ_hist_q,na,2005-07-01,-37.8234950455559
index,ks_i11_econ_hist_q,na,2005-10-01,-35.564133453355176
index,ks_i11_econ_hist_q,na,2006-01-01,-2.5124902608669117
index,ks_i11_econ_hist_q,na,2006-04-01,12.953407913964982
index,ks_i11_econ_hist_q,na,2006-07-01,31.80590821387093
index,ks_i11_econ_hist_q,na,2006-10-01,38.55031167150024
index,ks_i11_econ_hist_q,na,2007-01-01,41.05281002511974
index,ks_i11_econ_hist_q,na,2007-04-01,45.59614213486539
index,ks_i11_econ_hist_q,na,2007-07-01,40.97807577686894
index,ks_i11_econ_hist_q,na,2007-10-01,33.201795453418804
index,ks_i11_econ_hist_q,na,2008-01-01,28.16177374673043
index,ks_i11_econ_hist_q,na,2008-04-01,-0.14954130056445436
index,ks_i11_econ_hist_q,na,2008-07-01,-27.607187230563884
index,ks_i11_econ_hist_q,na,2008-10-01,-59.923372061992616
index,ks_i11_econ_hist_q,na,2009-01-01,-66.49752300174623
index,ks_i11_econ_hist_q,na,2009-04-01,-98.81904612420948
index,ks_i11_econ_hist_q,na,2009-07-01,-102.7907833963029
index,ks_i11_econ_hist_q,na,2009-10-01,-77.2090355456475
index,ks_i11_econ_hist_q,na,2010-01-01,-60.807207591728826
index,ks_i11_econ_hist_q,na,2010-04-01,-9.870980826904647
index,ks_i11_econ_hist_q,na,2010-07-01,2.7604052062931252
index,ks_i11_econ_hist_q,na,2010-10-01,13.21368920259285
index,ks_i11_econ_hist_q,na,2011-01-01,14.13840850923716
index,ks_i11_econ_hist_q,na,2011-04-01,10.27929311915176
index,ks_i11_econ_hist_q,na,2011-07-01,-7.608644107020758
index,ks_i11_econ_hist_q,na,2011-10-01,-44.13928451924012
index,ks_i11_econ_hist_q,na,2012-01-01,-49.626084301835256
index,ks_i11_econ_hist_q,na,2012-04-01,-20.174391017805515
index,ks_i11_econ_hist_q,na,2012-07-01,-26.65042129534967
index,ks_i11_econ_hist_q,na,2012-10-01,-24.49337644679219
index,ks_i11_econ_hist_q,na,2013-01-01,-12.252204786475644
index,ks_i11_econ_hist_q,na,2013-04-01,-9.136225311464887
index,ks_i11_econ_hist_q,na,2013-07-01,-11.725370403979614
index,ks_i11_econ_hist_q,na,2013-10-01,0.21230537946006356
index,ks_i11_econ_hist_q,na,2014-01-01,9.316368799535772
index,ks_i11_econ_hist_q,na,2014-04-01,2.9437656187191656
index,ks_i11_econ_hist_q,na,2014-07-01,4.412717495365776
index,ks_i11_econ_hist_q,na,2014-10-01,-11.49243795049202
index,ks_i11_econ_hist_q,na,2015-01-01,-1.5839851540888246
index,ks_i11_econ_hist_q,na,2015-04-01,-24.508614291874665
index,ks_i11_econ_hist_q,na,2015-07-01,-38.109198079796954
index,ks_i11_econ_hist_q,na,2015-10-01,-32.075227903452465
index,ks_i11_econ_hist_q,na,2016-01-01,-37.20290586731305
index,ks_i11_econ_hist_q,na,2016-04-01,-32.863043766401965
index,ks_i11_econ_hist_q,na,2016-07-01,-29.979428205933033
index,ks_i11_econ_hist_q,na,2016-10-01,-20.86813079623976
index,ks_i11_econ_hist_q,na,2017-01-01,-11.20447338322978
index,ks_i11_econ_hist_q,na,2017-04-01,-8.147638302891746
index,ks_i11_econ_hist_q,na,2017-07-01,7.159357752950015
index,ks_i11_econ_hist_q,na,2017-10-01,10.839259278727932
index,ks_i11_econ_hist_q,na,2018-01-01,21.924369807392473
index,ks_i11_econ_hist_q,na,2018-04-01,16.021629368450697
index,ks_i11_econ_hist_q,na,2018-07-01,10.890551564228144
index,ks_i11_econ_hist_q,na,2018-10-01,15.8548566779086
index,ks_i11_econ_hist_q,na,2019-01-01,6.820843072466422
index,ks_i11_econ_hist_q,na,2019-04-01,2.447509739133088
index,ks_i11_econ_hist_q,na,2019-07-01,1.8105113704544584
index,ks_i11_econ_hist_q,na,2019-10-01,-12.996361228608848
index,ks_i11_econ_hist_q,na,2020-01-01,3.5907961241096142
index,ks_i11_econ_hist_q,na,2020-04-01,-42.74981496421103
index,ks_i11_econ_hist_q,na,2020-07-01,-89.8636807370574
index,ks_i11_econ_hist_q,na,2020-10-01,-96.77121119109948
index,ks_i11_econ_hist_q,na,2021-01-01,-96.55931300334184
index,ks_i11_econ_hist_q,na,2021-04-01,-92.80451867444228
index,ks_i11_econ_hist_q,na,2021-07-01,-44.212895119166504
index,ks_i11_econ_hist_q,na,2021-10-01,-22.17776222739411
index,ks_i11_econ_hist_q,na,2022-01-01,-25.30494309105559
index,ks_i11_econ_hist_q,na,2022-04-01,-27.407712389953247
index,ks_i11_econ_hist_q,na,2022-07-01,-54.32847089040686
index,ks_i11_econ_hist_q,na,2022-10-01,-62.42199252331035
index,ks_i11_econ_hist_q,na,2023-01-01,-51.53209810400416
index,ks_i11_econ_hist_q,na,2023-04-01,-53.99008797297368
index,ks_i11_econ_hist_q,na,2023-07-01,-37.33114311060785
index,ks_i11_econ_hist_q,na,2023-10-01,-69.74253720922371
index,ks_i11_econ_hist_q,na,2024-01-01,-50.070903733279856
index,ks_i11_econ_hist_q,na,2024-04-01,-42.25921299169001
index,ks_i11_econ_hist_q,na,2024-07-01,-31.622999191281902
index,ks_i11_econ_hist_q,na,2024-10-01,-46.00324748374797
index,ks_i11_econ_hist_q,na,2025-01-01,-34.124848037253734
index,ks_i11_econ_hist_q,na,2025-04-01,-53.31272958855845
index,ks_i11_econ_hist_q,na,2025-07-01,-43.499985137009446
index,ks_i11_econ_hist_q,na,2025-10-01,-61.181001747748894
index,ks_i11_econ_hist_q,na,2026-01-01,-52.60317817995912
index,ks_i11_econ_hist_q,na,2026-04-01,-63.20734780216388
index,ks_i12_econ_exp_q,csa,1972-10-01,-11.9143904998771
index,ks_i12_econ_exp_q,csa,1973-01-01,-21.7603256587267
index,ks_i12_econ_exp_q,csa,1973-04-01,-32.7312617558082
index,ks_i12_econ_exp_q,csa,1973-07-01,-29.9209090250636
index,ks_i12_econ_exp_q,csa,1973-10-01,-40.6510187254515
index,ks_i12_econ_exp_q,csa,1974-01-01,-41.0627175528782
index,ks_i12_econ_exp_q,csa,1974-04-01,-67.9308358915353
index,ks_i12_econ_exp_q,csa,1974-07-01,-55.6301131863836
index,ks_i12_econ_exp_q,csa,1974-10-01,-68.3044818328026
index,ks_i12_econ_exp_q,csa,1975-01-01,-57.4410180949688
index,ks_i12_econ_exp_q,csa,1975-04-01,-52.6312166236846
index,ks_i12_econ_exp_q,csa,1975-07-01,-37.7932251979239
index,ks_i12_econ_exp_q,csa,1975-10-01,-45.187032433668
index,ks_i12_econ_exp_q,csa,1976-01-01,-41.8019019548602
index,ks_i12_econ_exp_q,csa,1976-04-01,-0.786722067918076
index,ks_i12_econ_exp_q,csa,1976-07-01,18.2032113244614
index,ks_i12_econ_exp_q,csa,1976-10-01,7.90808975720087
index,ks_i12_econ_exp_q,csa,1977-01-01,-23.1723010121089
index,ks_i12_econ_exp_q,csa,1977-04-01,-9.51940075874312
index,ks_i12_econ_exp_q,csa,1977-07-01,4.27013312035855
index,ks_i12_econ_exp_q,csa,1977-10-01,4.01850159142627
index,ks_i12_econ_exp_q,csa,1978-01-01,1.69161778331718
index,ks_i12_econ_exp_q,csa,1978-04-01,-8.39842749179335
index,ks_i12_econ_exp_q,csa,1978-07-01,-17.3005294126438
index,ks_i12_econ_exp_q,csa,1978-10-01,-38.1903948051977
index,ks_i12_econ_exp_q,csa,1979-01-01,-20.7251979900717
index,ks_i12_econ_exp_q,csa,1979-04-01,-6.8858110959608
index,ks_i12_econ_exp_q,csa,1979-07-01,-34.0001903911743
index,ks_i12_econ_exp_q,csa,1979-10-01,-31.8439802599633
index,ks_i12_econ_exp_q,csa,1980-01-01,-25.0944275359467
index,ks_i12_econ_exp_q,csa,1980-04-01,-27.3916528940113
index,ks_i12_econ_exp_q,csa,1980-07-01,-28.7601166858263
index,ks_i12_econ_exp_q,csa,1980-10-01,-34.2472409723692
index,ks_i12_econ_exp_q,csa,1981-01-01,-37.8916422236086
index,ks_i12_econ_exp_q,csa,1981-04-01,-50.8951929393382
index,ks_i12_econ_exp_q,csa,1981-07-01,-54.5151067869017
index,ks_i12_econ_exp_q,csa,1981-10-01,-52.6293029943164
index,ks_i12_econ_exp_q,csa,1982-01-01,-50.0243926965366
index,ks_i12_econ_exp_q,csa,1982-04-01,-45.860136513904
index,ks_i12_econ_exp_q,csa,1982-07-01,-61.7534247545455
index,ks_i12_econ_exp_q,csa,1982-10-01,-56.5401739006331
index,ks_i12_econ_exp_q,csa,1983-01-01,-51.3159749670667
index,ks_i12_econ_exp_q,csa,1983-04-01,-18.724490371508
index,ks_i12_econ_exp_q,csa,1983-07-01,-27.3455143849768
index,ks_i12_econ_exp_q,csa,1983-10-01,-14.2693643475887
index,ks_i12_econ_exp_q,csa,1984-01-01,-2.95199027195679
index,ks_i12_econ_exp_q,csa,1984-04-01,-18.6679914638778
index,ks_i12_econ_exp_q,csa,1984-07-01,-7.97810119446085
index,ks_i12_econ_exp_q,csa,1984-10-01,-6.27017018499448
index,ks_i12_econ_exp_q,csa,1985-01-01,-3.4106553104483
index,ks_i12_econ_exp_q,csa,1985-04-01,-8.00220963869777
index,ks_i12_econ_exp_q,csa,1985-07-01,-6.3618840299118
index,ks_i12_econ_exp_q,csa,1985-10-01,2.27517582224294
index,ks_i12_econ_exp_q,csa,1986-01-01,11.2965001461006
index,ks_i12_econ_exp_q,csa,1986-04-01,2.14918653886885
index,ks_i12_econ_exp_q,csa,1986-07-01,-3.7409959523002
index,ks_i12_econ_exp_q,csa,1986-10-01,0.12574853048076
index,ks_i12_econ_exp_q,csa,1987-01-01,-5.90815689783103
index,ks_i12_econ_exp_q,csa,1987-04-01,-13.9380508867649
index,ks_i12_econ_exp_q,csa,1987-07-01,-17.6525773342849
index,ks_i12_econ_exp_q,csa,1987-10-01,-15.6101709739713
index,ks_i12_econ_exp_q,csa,1988-01-01,-25.059985243098
index,ks_i12_econ_exp_q,csa,1988-04-01,-35.2195452474436
index,ks_i12_econ_exp_q,csa,1988-07-01,-8.3494068328761
index,ks_i12_econ_exp_q,csa,1988-10-01,-2.30046879921632
index,ks_i12_econ_exp_q,csa,1989-01-01,11.562561960671
index,ks_i12_econ_exp_q,csa,1989-04-01,-10.1119115232878
index,ks_i12_econ_exp_q,csa,1989-07-01,-17.7978022064697
index,ks_i12_econ_exp_q,csa,1989-10-01,6.1477133106079
index,ks_i12_econ_exp_q,csa,1990-01-01,-19.5473861252277
index,ks_i12_econ_exp_q,csa,1990-04-01,-24.8472634779838
index,ks_i12_econ_exp_q,csa,1990-07-01,-26.4552348340214
index,ks_i12_econ_exp_q,csa,1990-10-01,-73.2078665972095
index,ks_i12_econ_exp_q,csa,1991-01-01,-79.2469654424713
index,ks_i12_econ_exp_q,csa,1991-04-01,-45.4112380844489
index,ks_i12_econ_exp_q,csa,1991-07-01,-66.9615619725187
index,ks_i12_econ_exp_q,csa,1991-10-01,-66.1078585846565
index,ks_i12_econ_exp_q,csa,1992-01-01,-78.156115981765
index,ks_i12_econ_exp_q,csa,1992-04-01,-65.6581387592418
index,ks_i12_econ_exp_q,csa,1992-07-01,-66.7400496088888
index,ks_i12_econ_exp_q,csa,1992-10-01,-72.991360200746
index,ks_i12_econ_exp_q,csa,1993-01-01,-68.7341684106864
index,ks_i12_econ_exp_q,csa,1993-04-01,-47.0582944534374
index,ks_i12_econ_exp_q,csa,1993-07-01,-48.7183232187831
index,ks_i12_econ_exp_q,csa,1993-10-01,-16.263466445683
index,ks_i12_econ_exp_q,csa,1994-01-01,0.467615988036383
index,ks_i12_econ_exp_q,csa,1994-04-01,14.2304568502072
index,ks_i12_econ_exp_q,csa,1994-07-01,11.1551257767631
index,ks_i12_econ_exp_q,csa,1994-10-01,11.0574196974074
index,ks_i12_econ_exp_q,csa,1995-01-01,-4.43759823164673
index,ks_i12_econ_exp_q,csa,1995-04-01,-9.0655613091288
index,ks_i12_econ_exp_q,csa,1995-07-01,-17.0372748453792
index,ks_i12_econ_exp_q,csa,1995-10-01,-16.4810500413221
index,ks_i12_econ_exp_q,csa,1996-01-01,-35.8618719574441
index,ks_i12_econ_exp_q,csa,1996-04-01,-51.7577153003098
index,ks_i12_econ_exp_q,csa,1996-07-01,-64.4188014758859
index,ks_i12_econ_exp_q,csa,1996-10-01,-44.9205445921827
index,ks_i12_econ_exp_q,csa,1997-01-01,-43.8527427404122
index,ks_i12_econ_exp_q,csa,1997-04-01,-29.369119346572
index,ks_i12_econ_exp_q,csa,1997-07-01,-9.77784092439821
index,ks_i12_econ_exp_q,csa,1997-10-01,5.45804730776645
index,ks_i12_econ_exp_q,csa,1998-01-01,-5.57983282989468
index,ks_i12_econ_exp_q,csa,1998-04-01,5.12742309065004
index,ks_i12_econ_exp_q,csa,1998-07-01,19.0287200383149
index,ks_i12_econ_exp_q,csa,1998-10-01,-2.11466365854213
index,ks_i12_econ_exp_q,csa,1999-01-01,-1.93997062177145
index,ks_i12_econ_exp_q,csa,1999-04-01,-9.7586656635705
index,ks_i12_econ_exp_q,csa,1999-07-01,5.21655622895819
index,ks_i12_econ_exp_q,csa,1999-10-01,24.2295108298788
index,ks_i12_econ_exp_q,csa,2000-01-01,28.8314664340296
index,ks_i12_econ_exp_q,csa,2000-04-01,26.9624272617092
index,ks_i12_econ_exp_q,csa,2000-07-01,34.4739393974644
index,ks_i12_econ_exp_q,csa,2000-10-01,26.0129173902177
index,ks_i12_econ_exp_q,csa,2001-01-01,20.6839088721363
index,ks_i12_econ_exp_q,csa,2001-04-01,-0.336702493180911
index,ks_i12_econ_exp_q,csa,2001-07-01,-0.110286604682167
index,ks_i12_econ_exp_q,csa,2001-10-01,-65.0915625580075
index,ks_i12_econ_exp_q,csa,2002-01-01,-12.7921843602424
index,ks_i12_econ_exp_q,csa,2002-04-01,-7.65996457780691
index,ks_i12_econ_exp_q,csa,2002-07-01,-21.9794619954239
index,ks_i12_econ_exp_q,csa,2002-10-01,-39.5623696775836
index,ks_i12_econ_exp_q,csa,2003-01-01,-32.1763644763368
index,ks_i12_econ_exp_q,csa,2003-04-01,-40.6835296585135
index,ks_i12_econ_exp_q,csa,2003-07-01,-25.8080888561021
index,ks_i12_econ_exp_q,csa,2003-10-01,-8.99698651743126
index,ks_i12_econ_exp_q,csa,2004-01-01,11.0967083299834
index,ks_i12_econ_exp_q,csa,2004-04-01,11.5988493399451
index,ks_i12_econ_exp_q,csa,2004-07-01,5.57354280406777
index,ks_i12_econ_exp_q,csa,2004-10-01,-8.79764759312588
index,ks_i12_econ_exp_q,csa,2005-01-01,-4.5315597731313
index,ks_i12_econ_exp_q,csa,2005-04-01,-10.2802420932768
index,ks_i12_econ_exp_q,csa,2005-07-01,-21.7954981233362
index,ks_i12_econ_exp_q,csa,2005-10-01,-16.8264821549642
index,ks_i12_econ_exp_q,csa,2006-01-01,14.7241501753545
index,ks_i12_econ_exp_q,csa,2006-04-01,6.53874978229348
index,ks_i12_econ_exp_q,csa,2006-07-01,15.6573804597375
index,ks_i12_econ_exp_q,csa,2006-10-01,14.5116170575445
index,ks_i12_econ_exp_q,csa,2007-01-01,15.7257012181667
index,ks_i12_econ_exp_q,csa,2007-04-01,18.2734187249428
index,ks_i12_econ_exp_q,csa,2007-07-01,12.8788399474072
index,ks_i12_econ_exp_q,csa,2007-10-01,6.76611234345105
index,ks_i12_econ_exp_q,csa,2008-01-01,-19.0901086822442
index,ks_i12_econ_exp_q,csa,2008-04-01,-31.7285900457844
index,ks_i12_econ_exp_q,csa,2008-07-01,-54.0901571796892
index,ks_i12_econ_exp_q,csa,2008-10-01,-65.5723658277479
index,ks_i12_econ_exp_q,csa,2009-01-01,-67.3109237281868
index,ks_i12_econ_exp_q,csa,2009-04-01,-76.415623114826
index,ks_i12_econ_exp_q,csa,2009-07-01,-41.6076791044232
index,ks_i12_econ_exp_q,csa,2009-10-01,13.2814593200523
index,ks_i12_econ_exp_q,csa,2010-01-01,13.6820339075072
index,ks_i12_econ_exp_q,csa,2010-04-01,31.5137363687345
index,ks_i12_econ_exp_q,csa,2010-07-01,24.2149035277666
index,ks_i12_econ_exp_q,csa,2010-10-01,13.9060041113127
index,ks_i12_econ_exp_q,csa,2011-01-01,4.94663828857343
index,ks_i12_econ_exp_q,csa,2011-04-01,1.68328342438261
index,ks_i12_econ_exp_q,csa,2011-07-01,-30.525656736413598
index,ks_i12_econ_exp_q,csa,2011-10-01,-42.4129011652873
index,ks_i12_econ_exp_q,csa,2012-01-01,-39.4871591349512
index,ks_i12_econ_exp_q,csa,2012-04-01,-14.4332618057071
index,ks_i12_econ_exp_q,csa,2012-07-01,-28.5231131131903
index,ks_i12_econ_exp_q,csa,2012-10-01,-27.9777694337742
index,ks_i12_econ_exp_q,csa,2013-01-01,-10.5142632020275
index,ks_i12_econ_exp_q,csa,2013-04-01,-9.01405167696832
index,ks_i12_econ_exp_q,csa,2013-07-01,-14.6211682948282
index,ks_i12_econ_exp_q,csa,2013-10-01,-3.46842746366674
index,ks_i12_econ_exp_q,csa,2014-01-01,7.32709063176458
index,ks_i12_econ_exp_q,csa,2014-04-01,-4.32543010975352
index,ks_i12_econ_exp_q,csa,2014-07-01,-4.14834523814429
index,ks_i12_econ_exp_q,csa,2014-10-01,-18.414152162169
index,ks_i12_econ_exp_q,csa,2015-01-01,-22.6149810170734
index,ks_i12_econ_exp_q,csa,2015-04-01,-19.5719030344473
index,ks_i12_econ_exp_q,csa,2015-07-01,-33.9116277921682
index,ks_i12_econ_exp_q,csa,2015-10-01,-20.5911167498612
index,ks_i12_econ_exp_q,csa,2016-01-01,-26.0558557539805
index,ks_i12_econ_exp_q,csa,2016-04-01,-28.4906807628454
index,ks_i12_econ_exp_q,csa,2016-07-01,-28.3627546112616
index,ks_i12_econ_exp_q,csa,2016-10-01,-11.4497743772573
index,ks_i12_econ_exp_q,csa,2017-01-01,4.05550515914973
index,ks_i12_econ_exp_q,csa,2017-04-01,-6.85917344923546
index,ks_i12_econ_exp_q,csa,2017-07-01,6.40451478463906
index,ks_i12_econ_exp_q,csa,2017-10-01,9.29641011502772
index,ks_i12_econ_exp_q,csa,2018-01-01,21.4509322229693
index,ks_i12_econ_exp_q,csa,2018-04-01,2.73735863534762
index,ks_i12_econ_exp_q,csa,2018-07-01,-3.73340832576407
index,ks_i12_econ_exp_q,csa,2018-10-01,3.85430034456549
index,ks_i12_econ_exp_q,csa,2019-01-01,-14.749746022456
index,ks_i12_econ_exp_q,csa,2019-04-01,-14.0046746760379
index,ks_i12_econ_exp_q,csa,2019-07-01,-12.2581303041761
index,ks_i12_econ_exp_q,csa,2019-10-01,-28.5141662357657
index,ks_i12_econ_exp_q,csa,2020-01-01,-14.2309396214979
index,ks_i12_econ_exp_q,csa,2020-04-01,-86.4865321335581
index,ks_i12_econ_exp_q,csa,2020-07-01,-28.8533611240639
index,ks_i12_econ_exp_q,csa,2020-10-01,-23.4317086258326
index,ks_i12_econ_exp_q,csa,2021-01-01,-25.5234515441816
index,ks_i12_econ_exp_q,csa,2021-04-01,-3.97546568859345
index,ks_i12_econ_exp_q,csa,2021-07-01,38.1972817941914
index,ks_i12_econ_exp_q,csa,2021-10-01,35.1533642156371
index,ks_i12_econ_exp_q,csa,2022-01-01,12.0729199676254
index,ks_i12_econ_exp_q,csa,2022-04-01,-40.5832868352523
index,ks_i12_econ_exp_q,csa,2022-07-01,-63.5570055399728
index,ks_i12_econ_exp_q,csa,2022-10-01,-65.4387815328658
index,ks_i12_econ_exp_q,csa,2023-01-01,-25.3508863244235
index,ks_i12_econ_exp_q,csa,2023-04-01,-27.3857799802566
index,ks_i12_econ_exp_q,csa,2023-07-01,-16.4903161984063
index,ks_i12_econ_exp_q,csa,2023-10-01,-45.2818282952011
index,ks_i12_econ_exp_q,csa,2024-01-01,-28.3193873815244
index,ks_i12_econ_exp_q,csa,2024-04-01,-23.2954070169864
index,ks_i12_econ_exp_q,csa,2024-07-01,-17.452236921909
index,ks_i12_econ_exp_q,csa,2024-10-01,-25.8109337011758
index,ks_i12_econ_exp_q,csa,2025-01-01,-20.8443296594078
index,ks_i12_econ_exp_q,csa,2025-04-01,-68.6595035254599
index,ks_i12_econ_exp_q,csa,2025-07-01,-37.9223652814426
index,ks_i12_econ_exp_q,csa,2025-10-01,-44.753453292503
index,ks_i12_econ_exp_q,csa,2026-01-01,-34.8385954940143
index,ks_i12_econ_exp_q,csa,2026-04-01,-60.1766875460253
index,ks_i12_econ_exp_q,na,1972-10-01,-17.612283341771587
index,ks_i12_econ_exp_q,na,1973-01-01,-25.562824905127975
index,ks_i12_econ_exp_q,na,1973-04-01,-28.28521089437715
index,ks_i12_econ_exp_q,na,1973-07-01,-24.869402604405117
index,ks_i12_econ_exp_q,na,1973-10-01,-46.36203066338065
index,ks_i12_econ_exp_q,na,1974-01-01,-44.865964461432085
index,ks_i12_econ_exp_q,na,1974-04-01,-63.425310520778154
index,ks_i12_econ_exp_q,na,1974-07-01,-50.620890170486234
index,ks_i12_econ_exp_q,na,1974-10-01,-74.03250183692468
index,ks_i12_econ_exp_q,na,1975-01-01,-61.28104174607459
index,ks_i12_econ_exp_q,na,1975-04-01,-48.010522958471
index,ks_i12_econ_exp_q,na,1975-07-01,-32.86278481119361
index,ks_i12_econ_exp_q,na,1975-10-01,-50.89507049053812
index,ks_i12_econ_exp_q,na,1976-01-01,-45.67737663648063
index,ks_i12_econ_exp_q,na,1976-04-01,3.9363495582732337
index,ks_i12_econ_exp_q,na,1976-07-01,22.97718043089313
index,ks_i12_econ_exp_q,na,1976-10-01,2.2701168063857047
index,ks_i12_econ_exp_q,na,1977-01-01,-26.96427155973919
index,ks_i12_econ_exp_q,na,1977-04-01,-4.732128702596331
index,ks_i12_econ_exp_q,na,1977-07-01,8.756591371068492
index,ks_i12_econ_exp_q,na,1977-10-01,-1.5777169378904494
index,ks_i12_econ_exp_q,na,1978-01-01,-1.8884450507916597
index,ks_i12_econ_exp_q,na,1978-04-01,-3.5127231081907366
index,ks_i12_econ_exp_q,na,1978-07-01,-13.154747750215378
index,ks_i12_econ_exp_q,na,1978-10-01,-43.76496534718794
index,ks_i12_econ_exp_q,na,1979-01-01,-24.0964220644807
index,ks_i12_econ_exp_q,na,1979-04-01,-1.9312027766704052
index,ks_i12_econ_exp_q,na,1979-07-01,-30.17250400525977
index,ks_i12_econ_exp_q,na,1979-10-01,-37.31813787690825
index,ks_i12_econ_exp_q,na,1980-01-01,-28.28521089437715
index,ks_i12_econ_exp_q,na,1980-04-01,-22.452016050949887
index,ks_i12_econ_exp_q,na,1980-07-01,-25.22497965580257
index,ks_i12_econ_exp_q,na,1980-10-01,-39.563981494474504
index,ks_i12_econ_exp_q,na,1981-01-01,-40.9156393408942
index,ks_i12_econ_exp_q,na,1981-04-01,-45.99737260503535
index,ks_i12_econ_exp_q,na,1981-07-01,-51.2619404180775
index,ks_i12_econ_exp_q,na,1981-10-01,-57.7899527278861
index,ks_i12_econ_exp_q,na,1982-01-01,-52.90057458144439
index,ks_i12_econ_exp_q,na,1982-04-01,-40.9956735942372
index,ks_i12_econ_exp_q,na,1982-07-01,-58.74962104171789
index,ks_i12_econ_exp_q,na,1982-10-01,-61.54120578170384
index,ks_i12_econ_exp_q,na,1983-01-01,-54.06217365764128
index,ks_i12_econ_exp_q,na,1983-04-01,-13.95561355108118
index,ks_i12_econ_exp_q,na,1983-07-01,-24.54537571454852
index,ks_i12_econ_exp_q,na,1983-10-01,-19.07629622572069
index,ks_i12_econ_exp_q,na,1984-01-01,-5.553328110296232
index,ks_i12_econ_exp_q,na,1984-04-01,-14.051629207137198
index,ks_i12_econ_exp_q,na,1984-07-01,-5.361030887820056
index,ks_i12_econ_exp_q,na,1984-10-01,-10.885784829078544
index,ks_i12_econ_exp_q,na,1985-01-01,-5.888021745171616
index,ks_i12_econ_exp_q,na,1985-04-01,-3.517697808287388
index,ks_i12_econ_exp_q,na,1985-07-01,-3.9083519441865446
index,ks_i12_econ_exp_q,na,1985-10-01,-2.161265576957925
index,ks_i12_econ_exp_q,na,1986-01-01,8.900919587142102
index,ks_i12_econ_exp_q,na,1986-04-01,6.537043076544775
index,ks_i12_econ_exp_q,na,1986-07-01,-1.422702473088134
index,ks_i12_econ_exp_q,na,1986-10-01,-4.143323118315049
index,ks_i12_econ_exp_q,na,1987-01-01,-8.265023439438437
index,ks_i12_econ_exp_q,na,1987-04-01,-9.634554862933884
index,ks_i12_econ_exp_q,na,1987-07-01,-15.437600805600622
index,ks_i12_econ_exp_q,na,1987-10-01,-19.729446299162852
index,ks_i12_econ_exp_q,na,1988-01-01,-27.39465512965764
index,ks_i12_econ_exp_q,na,1988-04-01,-30.9690533887888
index,ks_i12_econ_exp_q,na,1988-07-01,-6.247067415568751
index,ks_i12_econ_exp_q,na,1988-10-01,-6.306298827077658
index,ks_i12_econ_exp_q,na,1989-01-01,9.24149515061468
index,ks_i12_econ_exp_q,na,1989-04-01,-5.828440178006167
index,ks_i12_econ_exp_q,na,1989-07-01,-15.801258465727123
index,ks_i12_econ_exp_q,na,1989-10-01,2.1867309465264775
index,ks_i12_econ_exp_q,na,1990-01-01,-21.90539334467876
index,ks_i12_econ_exp_q,na,1990-04-01,-20.463247776466233
index,ks_i12_econ_exp_q,na,1990-07-01,-24.53323441996418
index,ks_i12_econ_exp_q,na,1990-10-01,-77.14945674492436
index,ks_i12_econ_exp_q,na,1991-01-01,-81.63344449207001
index,ks_i12_econ_exp_q,na,1991-04-01,-40.9731574107303
index,ks_i12_econ_exp_q,na,1991-07-01,-65.14773783965217
index,ks_i12_econ_exp_q,na,1991-10-01,-69.97241877142622
index,ks_i12_econ_exp_q,na,1992-01-01,-80.46906900110379
index,ks_i12_econ_exp_q,na,1992-04-01,-61.26359811082101
index,ks_i12_econ_exp_q,na,1992-07-01,-65.0832243201262
index,ks_i12_econ_exp_q,na,1992-10-01,-76.74845423865871
index,ks_i12_econ_exp_q,na,1993-01-01,-70.90050102228444
index,ks_i12_econ_exp_q,na,1993-04-01,-42.77648354130601
index,ks_i12_econ_exp_q,na,1993-07-01,-47.2168848001573
index,ks_i12_econ_exp_q,na,1993-10-01,-19.9126296849146
index,ks_i12_econ_exp_q,na,1994-01-01,-1.5209218060446066
index,ks_i12_econ_exp_q,na,1994-04-01,18.36322702862897
index,ks_i12_econ_exp_q,na,1994-07-01,12.546414604490284
index,ks_i12_econ_exp_q,na,1994-10-01,7.508255912788286
index,ks_i12_econ_exp_q,na,1995-01-01,-6.249985845453473
index,ks_i12_econ_exp_q,na,1995-04-01,-5.122677779369898
index,ks_i12_econ_exp_q,na,1995-07-01,-15.733634726692715
index,ks_i12_econ_exp_q,na,1995-10-01,-19.955254935337948
index,ks_i12_econ_exp_q,na,1996-01-01,-37.46808634532193
index,ks_i12_econ_exp_q,na,1996-04-01,-47.99132143294291
index,ks_i12_econ_exp_q,na,1996-07-01,-63.18191297872288
index,ks_i12_econ_exp_q,na,1996-10-01,-48.388956776589794
index,ks_i12_econ_exp_q,na,1997-01-01,-45.25686132291719
index,ks_i12_econ_exp_q,na,1997-04-01,-25.75554053173105
index,ks_i12_econ_exp_q,na,1997-07-01,-8.558281282179207
index,ks_i12_econ_exp_q,na,1997-10-01,1.9471189944353997
index,ks_i12_econ_exp_q,na,1998-01-01,-6.7587921076843935
index,ks_i12_econ_exp_q,na,1998-04-01,8.600138441723015
index,ks_i12_econ_exp_q,na,1998-07-01,20.20493510597795
index,ks_i12_econ_exp_q,na,1998-10-01,-5.701555947178374
index,ks_i12_econ_exp_q,na,1999-01-01,-2.8442950270316496
index,ks_i12_econ_exp_q,na,1999-04-01,-6.4016136141467985
index,ks_i12_econ_exp_q,na,1999-07-01,6.2854332808747415
index,ks_i12_econ_exp_q,na,1999-10-01,20.549478997715845
index,ks_i12_econ_exp_q,na,2000-01-01,28.226204630737005
index,ks_i12_econ_exp_q,na,2000-04-01,30.26459904609477
index,ks_i12_econ_exp_q,na,2000-07-01,35.41692452155925
index,ks_i12_econ_exp_q,na,2000-10-01,22.214411359838635
index,ks_i12_econ_exp_q,na,2001-01-01,20.351789133075012
index,ks_i12_econ_exp_q,na,2001-04-01,2.954726967506762
index,ks_i12_econ_exp_q,na,2001-07-01,0.6926605492477158
index,ks_i12_econ_exp_q,na,2001-10-01,-69.02448407449715
index,ks_i12_econ_exp_q,na,2002-01-01,-12.863473880261306
index,ks_i12_econ_exp_q,na,2002-04-01,-4.350148350993435
index,ks_i12_econ_exp_q,na,2002-07-01,-21.32007233516418
index,ks_i12_econ_exp_q,na,2002-10-01,-43.60712870259633
index,ks_i12_econ_exp_q,na,2003-01-01,-32.001083112903565
index,ks_i12_econ_exp_q,na,2003-04-01,-37.37674640883375
index,ks_i12_econ_exp_q,na,2003-07-01,-25.309912002795137
index,ks_i12_econ_exp_q,na,2003-10-01,-13.122799613468024
index,ks_i12_econ_exp_q,na,2004-01-01,11.503558320304432
index,ks_i12_econ_exp_q,na,2004-04-01,14.923879049341654
index,ks_i12_econ_exp_q,na,2004-07-01,5.926818921070012
index,ks_i12_econ_exp_q,na,2004-10-01,-12.983097694844393
index,ks_i12_econ_exp_q,na,2005-01-01,-3.95445694687114
index,ks_i12_econ_exp_q,na,2005-04-01,-6.954486823927055
index,ks_i12_econ_exp_q,na,2005-07-01,-21.569740866105803
index,ks_i12_econ_exp_q,na,2005-10-01,-21.02119120259633
index,ks_i12_econ_exp_q,na,2006-01-01,15.417395821928192
index,ks_i12_econ_exp_q,na,2006-04-01,9.854947145707062
index,ks_i12_econ_exp_q,na,2006-07-01,15.792469690977963
index,ks_i12_econ_exp_q,na,2006-10-01,10.360084412157768
index,ks_i12_econ_exp_q,na,2007-01-01,16.467296871829245
index,ks_i12_econ_exp_q,na,2007-04-01,21.56771792317054
index,ks_i12_econ_exp_q,na,2007-07-01,12.930089710723944
index,ks_i12_econ_exp_q,na,2007-10-01,2.680690550841783
index,ks_i12_econ_exp_q,na,2008-01-01,-18.29793789340552
index,ks_i12_econ_exp_q,na,2008-04-01,-28.45559859400798
index,ks_i12_econ_exp_q,na,2008-07-01,-54.131759244468256
index,ks_i12_econ_exp_q,na,2008-10-01,-69.61296527847182
index,ks_i12_econ_exp_q,na,2009-01-01,-66.45863795283975
index,ks_i12_econ_exp_q,na,2009-04-01,-73.15314979559729
index,ks_i12_econ_exp_q,na,2009-07-01,-41.73668724386313
index,ks_i12_econ_exp_q,na,2009-10-01,9.230980179925158
index,ks_i12_econ_exp_q,na,2010-01-01,14.612036382792663
index,ks_i12_econ_exp_q,na,2010-04-01,34.8425324784298
index,ks_i12_econ_exp_q,na,2010-07-01,24.035182663210737
index,ks_i12_econ_exp_q,na,2010-10-01,9.755430539109833
index,ks_i12_econ_exp_q,na,2011-01-01,5.93711908501429
index,ks_i12_econ_exp_q,na,2011-04-01,5.067628578957068
index,ks_i12_econ_exp_q,na,2011-07-01,-30.715168903601356
index,ks_i12_econ_exp_q,na,2011-10-01,-46.65732950580919
index,ks_i12_econ_exp_q,na,2012-01-01,-38.42246139304956
index,ks_i12_econ_exp_q,na,2012-04-01,-11.084772726671996
index,ks_i12_econ_exp_q,na,2012-07-01,-28.684334584949273
index,ks_i12_econ_exp_q,na,2012-10-01,-32.24472730031763
index,ks_i12_econ_exp_q,na,2013-01-01,-9.363101398842064
index,ks_i12_econ_exp_q,na,2013-04-01,-5.801343578629389
index,ks_i12_econ_exp_q,na,2013-07-01,-14.728162247473938
index,ks_i12_econ_exp_q,na,2013-10-01,-7.7143710424292
index,ks_i12_econ_exp_q,na,2014-01-01,8.539930120933082
index,ks_i12_econ_exp_q,na,2014-04-01,-1.276940023351048
index,ks_i12_econ_exp_q,na,2014-07-01,-4.163098851850062
index,ks_i12_econ_exp_q,na,2014-10-01,-22.615900632420892
index,ks_i12_econ_exp_q,na,2015-01-01,-21.382860525070363
index,ks_i12_econ_exp_q,na,2015-04-01,-16.700817065515462
index,ks_i12_econ_exp_q,na,2015-07-01,-33.81917058741308
index,ks_i12_econ_exp_q,na,2015-10-01,-24.73819666376138
index,ks_i12_econ_exp_q,na,2016-01-01,-24.80530736695019
index,ks_i12_econ_exp_q,na,2016-04-01,-25.80471682875589
index,ks_i12_econ_exp_q,na,2016-07-01,-28.134612846359545
index,ks_i12_econ_exp_q,na,2016-10-01,-15.571379437170275
index,ks_i12_econ_exp_q,na,2017-01-01,5.300373428690968
index,ks_i12_econ_exp_q,na,2017-04-01,-4.336136336184117
index,ks_i12_econ_exp_q,na,2017-07-01,6.815880921200694
index,ks_i12_econ_exp_q,na,2017-10-01,5.178585583117954
index,ks_i12_econ_exp_q,na,2018-01-01,22.62693572509387
index,ks_i12_econ_exp_q,na,2018-04-01,5.142235165088147
index,ks_i12_econ_exp_q,na,2018-07-01,-3.107128702596331
index,ks_i12_econ_exp_q,na,2018-10-01,-0.27638463064212004
index,ks_i12_econ_exp_q,na,2019-01-01,-13.69573629753304
index,ks_i12_econ_exp_q,na,2019-04-01,-11.683618235607604
index,ks_i12_econ_exp_q,na,2019-07-01,-11.402210669809444
index,ks_i12_econ_exp_q,na,2019-10-01,-32.66521156206018
index,ks_i12_econ_exp_q,na,2020-01-01,-13.310142183960329
index,ks_i12_econ_exp_q,na,2020-04-01,-84.24110512274638
index,ks_i12_econ_exp_q,na,2020-07-01,-27.768838739771052
index,ks_i12_econ_exp_q,na,2020-10-01,-27.58777150756346
index,ks_i12_econ_exp_q,na,2021-01-01,-24.746939129136617
index,ks_i12_econ_exp_q,na,2021-04-01,-1.817112854735792
index,ks_i12_econ_exp_q,na,2021-07-01,39.47586724882068
index,ks_i12_econ_exp_q,na,2021-10-01,31.010124228726955
index,ks_i12_econ_exp_q,na,2022-01-01,12.777369777646827
index,ks_i12_econ_exp_q,na,2022-04-01,-38.474217310191264
index,ks_i12_econ_exp_q,na,2022-07-01,-62.176595584664184
index,ks_i12_econ_exp_q,na,2022-10-01,-69.63584337898648
index,ks_i12_econ_exp_q,na,2023-01-01,-24.668144263611893
index,ks_i12_econ_exp_q,na,2023-04-01,-25.276522350334535
index,ks_i12_econ_exp_q,na,2023-07-01,-15.038450242658763
index,ks_i12_econ_exp_q,na,2023-10-01,-49.54480710411869
index,ks_i12_econ_exp_q,na,2024-01-01,-27.627368449629415
index,ks_i12_econ_exp_q,na,2024-04-01,-21.173355905484204
index,ks_i12_econ_exp_q,na,2024-07-01,-15.973962617733443
index,ks_i12_econ_exp_q,na,2024-10-01,-30.14071046341618
index,ks_i12_econ_exp_q,na,2025-01-01,-20.120104003095296
index,ks_i12_econ_exp_q,na,2025-04-01,-66.5108231392024
index,ks_i12_econ_exp_q,na,2025-07-01,-36.44246523825625
index,ks_i12_econ_exp_q,na,2025-10-01,-49.13218798091007
index,ks_i12_econ_exp_q,na,2026-01-01,-34.10188299705146
index,ks_i12_econ_exp_q,na,2026-04-01,-58.01405764820735
index,ks_i21_price_hist_q,csa,1972-10-01,182.3675093431436
index,ks_i21_price_hist_q,csa,1973-01-01,184.01282776277196
index,ks_i21_price_hist_q,csa,1973-04-01,180.33320539420063
index,ks_i21_price_hist_q,csa,1973-07-01,183.00824160858983
index,ks_i21_price_hist_q,csa,1973-10-01,184.19494330258385
index,ks_i21_price_hist_q,csa,1974-01-01,194.12541277484743
index,ks_i21_price_hist_q,csa,1974-04-01,191.89828850801663
index,ks_i21_price_hist_q,csa,1974-07-01,190.4051121633551
index,ks_i21_price_hist_q,csa,1974-10-01,183.4693302275732
index,ks_i21_price_hist_q,csa,1975-01-01,179.05583184855757
index,ks_i21_price_hist_q,csa,1975-04-01,138.17865663293483
index,ks_i21_price_hist_q,csa,1975-07-01,110.15910415116755
index,ks_i21_price_hist_q,csa,1975-10-01,92.329397808571
index,ks_i21_price_hist_q,csa,1976-01-01,70.24146227493459
index,ks_i21_price_hist_q,csa,1976-04-01,75.47787723612018
index,ks_i21_price_hist_q,csa,1976-07-01,79.36535339632363
index,ks_i21_price_hist_q,csa,1976-10-01,70.79356513245324
index,ks_i21_price_hist_q,csa,1977-01-01,66.65241698208851
index,ks_i21_price_hist_q,csa,1977-04-01,76.59021813263377
index,ks_i21_price_hist_q,csa,1977-07-01,85.89635812629919
index,ks_i21_price_hist_q,csa,1977-10-01,84.82203905040154
index,ks_i21_price_hist_q,csa,1978-01-01,73.16882826040455
index,ks_i21_price_hist_q,csa,1978-04-01,67.95856923488448
index,ks_i21_price_hist_q,csa,1978-07-01,61.2354998951513
index,ks_i21_price_hist_q,csa,1978-10-01,53.10988194269469
index,ks_i21_price_hist_q,csa,1979-01-01,61.70498346322643
index,ks_i21_price_hist_q,csa,1979-04-01,85.59177956097585
index,ks_i21_price_hist_q,csa,1979-07-01,98.75492539121711
index,ks_i21_price_hist_q,csa,1979-10-01,102.4799246183957
index,ks_i21_price_hist_q,csa,1980-01-01,114.0997184918254
index,ks_i21_price_hist_q,csa,1980-04-01,115.61978510862836
index,ks_i21_price_hist_q,csa,1980-07-01,117.92461417265304
index,ks_i21_price_hist_q,csa,1980-10-01,119.30934679446202
index,ks_i21_price_hist_q,csa,1981-01-01,144.08637963772605
index,ks_i21_price_hist_q,csa,1981-04-01,163.05404884426338
index,ks_i21_price_hist_q,csa,1981-07-01,168.25095060123795
index,ks_i21_price_hist_q,csa,1981-10-01,175.23312199136495
index,ks_i21_price_hist_q,csa,1982-01-01,163.8860748778945
index,ks_i21_price_hist_q,csa,1982-04-01,155.8272100105211
index,ks_i21_price_hist_q,csa,1982-07-01,156.90467624356438
index,ks_i21_price_hist_q,csa,1982-10-01,142.8718251999211
index,ks_i21_price_hist_q,csa,1983-01-01,128.9782622014733
index,ks_i21_price_hist_q,csa,1983-04-01,121.86948562772858
index,ks_i21_price_hist_q,csa,1983-07-01,124.68052102742942
index,ks_i21_price_hist_q,csa,1983-10-01,111.33500000366342
index,ks_i21_price_hist_q,csa,1984-01-01,110.89229676493088
index,ks_i21_price_hist_q,csa,1984-04-01,128.72566299523868
index,ks_i21_price_hist_q,csa,1984-07-01,123.7277008070447
index,ks_i21_price_hist_q,csa,1984-10-01,125.10878444550276
index,ks_i21_price_hist_q,csa,1985-01-01,124.3875519534174
index,ks_i21_price_hist_q,csa,1985-04-01,142.71835862115785
index,ks_i21_price_hist_q,csa,1985-07-01,131.80816526178447
index,ks_i21_price_hist_q,csa,1985-10-01,117.1293570694182
index,ks_i21_price_hist_q,csa,1986-01-01,119.79761942471484
index,ks_i21_price_hist_q,csa,1986-04-01,108.4040678808021
index,ks_i21_price_hist_q,csa,1986-07-01,103.58329034153329
index,ks_i21_price_hist_q,csa,1986-10-01,97.3714763377485
index,ks_i21_price_hist_q,csa,1987-01-01,81.12366002476011
index,ks_i21_price_hist_q,csa,1987-04-01,81.817131358263
index,ks_i21_price_hist_q,csa,1987-07-01,93.45687241068734
index,ks_i21_price_hist_q,csa,1987-10-01,100.06813271566789
index,ks_i21_price_hist_q,csa,1988-01-01,96.95193805901825
index,ks_i21_price_hist_q,csa,1988-04-01,107.4618336893504
index,ks_i21_price_hist_q,csa,1988-07-01,107.23691674470598
index,ks_i21_price_hist_q,csa,1988-10-01,103.19971663986088
index,ks_i21_price_hist_q,csa,1989-01-01,108.493772779691
index,ks_i21_price_hist_q,csa,1989-04-01,123.50584926409223
index,ks_i21_price_hist_q,csa,1989-07-01,137.7412972693244
index,ks_i21_price_hist_q,csa,1989-10-01,132.9089367426514
index,ks_i21_price_hist_q,csa,1990-01-01,167.28171277500635
index,ks_i21_price_hist_q,csa,1990-04-01,166.27767346638
index,ks_i21_price_hist_q,csa,1990-07-01,158.95773071597367
index,ks_i21_price_hist_q,csa,1990-10-01,169.50502655738717
index,ks_i21_price_hist_q,csa,1991-01-01,168.28891093439972
index,ks_i21_price_hist_q,csa,1991-04-01,161.75121554829346
index,ks_i21_price_hist_q,csa,1991-07-01,165.00168675992973
index,ks_i21_price_hist_q,csa,1991-10-01,163.83698908048677
index,ks_i21_price_hist_q,csa,1992-01-01,159.71364147188444
index,ks_i21_price_hist_q,csa,1992-04-01,147.9031677729215
index,ks_i21_price_hist_q,csa,1992-07-01,143.63327170441494
index,ks_i21_price_hist_q,csa,1992-10-01,112.8070741620174
index,ks_i21_price_hist_q,csa,1993-01-01,113.22602745250998
index,ks_i21_price_hist_q,csa,1993-04-01,108.7755850128042
index,ks_i21_price_hist_q,csa,1993-07-01,101.0137817747948
index,ks_i21_price_hist_q,csa,1993-10-01,79.18704478090419
index,ks_i21_price_hist_q,csa,1994-01-01,84.60078384980173
index,ks_i21_price_hist_q,csa,1994-04-01,68.03962741254927
index,ks_i21_price_hist_q,csa,1994-07-01,73.44332278777264
index,ks_i21_price_hist_q,csa,1994-10-01,80.2737517526651
index,ks_i21_price_hist_q,csa,1995-01-01,76.83305635303216
index,ks_i21_price_hist_q,csa,1995-04-01,108.25451236569648
index,ks_i21_price_hist_q,csa,1995-07-01,98.77857653681949
index,ks_i21_price_hist_q,csa,1995-10-01,93.96657300636936
index,ks_i21_price_hist_q,csa,1996-01-01,77.6249609216654
index,ks_i21_price_hist_q,csa,1996-04-01,75.0632997627192
index,ks_i21_price_hist_q,csa,1996-07-01,60.14072799697458
index,ks_i21_price_hist_q,csa,1996-10-01,50.76733005134621
index,ks_i21_price_hist_q,csa,1997-01-01,37.98382489670703
index,ks_i21_price_hist_q,csa,1997-04-01,42.03816936916775
index,ks_i21_price_hist_q,csa,1997-07-01,36.59675835500131
index,ks_i21_price_hist_q,csa,1997-10-01,45.78236441560737
index,ks_i21_price_hist_q,csa,1998-01-01,34.88165190011791
index,ks_i21_price_hist_q,csa,1998-04-01,33.5206284357712
index,ks_i21_price_hist_q,csa,1998-07-01,39.73834369997649
index,ks_i21_price_hist_q,csa,1998-10-01,38.27641203465499
index,ks_i21_price_hist_q,csa,1999-01-01,42.813273364781054
index,ks_i21_price_hist_q,csa,1999-04-01,52.40814323180675
index,ks_i21_price_hist_q,csa,1999-07-01,46.61216667549438
index,ks_i21_price_hist_q,csa,1999-10-01,50.92027521372944
index,ks_i21_price_hist_q,csa,2000-01-01,66.75071036325795
index,ks_i21_price_hist_q,csa,2000-04-01,67.5626674459104
index,ks_i21_price_hist_q,csa,2000-07-01,87.7956061055732
index,ks_i21_price_hist_q,csa,2000-10-01,88.83530927776278
index,ks_i21_price_hist_q,csa,2001-01-01,86.67365514242442
index,ks_i21_price_hist_q,csa,2001-04-01,82.4261866586564
index,ks_i21_price_hist_q,csa,2001-07-01,96.3090498088658
index,ks_i21_price_hist_q,csa,2001-10-01,67.51612147775427
index,ks_i21_price_hist_q,csa,2002-01-01,80.00072281159734
index,ks_i21_price_hist_q,csa,2002-04-01,89.0814937688412
index,ks_i21_price_hist_q,csa,2002-07-01,87.90214146581005
index,ks_i21_price_hist_q,csa,2002-10-01,78.99007931975083
index,ks_i21_price_hist_q,csa,2003-01-01,69.64001621238558
index,ks_i21_price_hist_q,csa,2003-04-01,66.85698776777309
index,ks_i21_price_hist_q,csa,2003-07-01,63.70668895220807
index,ks_i21_price_hist_q,csa,2003-10-01,84.67680624690246
index,ks_i21_price_hist_q,csa,2004-01-01,86.01855290214405
index,ks_i21_price_hist_q,csa,2004-04-01,72.15999030377543
index,ks_i21_price_hist_q,csa,2004-07-01,89.08261975451174
index,ks_i21_price_hist_q,csa,2004-10-01,86.11302190796212
index,ks_i21_price_hist_q,csa,2005-01-01,71.91662367486663
index,ks_i21_price_hist_q,csa,2005-04-01,60.42900345796465
index,ks_i21_price_hist_q,csa,2005-07-01,68.98945859156771
index,ks_i21_price_hist_q,csa,2005-10-01,71.64961247762288
index,ks_i21_price_hist_q,csa,2006-01-01,61.12791637367089
index,ks_i21_price_hist_q,csa,2006-04-01,60.95801801037862
index,ks_i21_price_hist_q,csa,2006-07-01,71.8708475616748
index,ks_i21_price_hist_q,csa,2006-10-01,67.81283705242329
index,ks_i21_price_hist_q,csa,2007-01-01,61.1346160404913
index,ks_i21_price_hist_q,csa,2007-04-01,60.16201990908968
index,ks_i21_price_hist_q,csa,2007-07-01,72.28023546183607
index,ks_i21_price_hist_q,csa,2007-10-01,85.54074366262299
index,ks_i21_price_hist_q,csa,2008-01-01,101.26847552671848
index,ks_i21_price_hist_q,csa,2008-04-01,105.35357863536731
index,ks_i21_price_hist_q,csa,2008-07-01,128.10856146901438
index,ks_i21_price_hist_q,csa,2008-10-01,119.4716325582888
index,ks_i21_price_hist_q,csa,2009-01-01,44.43639063283584
index,ks_i21_price_hist_q,csa,2009-04-01,39.3054091083448
index,ks_i21_price_hist_q,csa,2009-07-01,48.486821779948464
index,ks_i21_price_hist_q,csa,2009-10-01,36.856259443231686
index,ks_i21_price_hist_q,csa,2010-01-01,42.1956838985252
index,ks_i21_price_hist_q,csa,2010-04-01,63.69022826537264
index,ks_i21_price_hist_q,csa,2010-07-01,47.25187567061817
index,ks_i21_price_hist_q,csa,2010-10-01,58.40152185718179
index,ks_i21_price_hist_q,csa,2011-01-01,43.70771968283011
index,ks_i21_price_hist_q,csa,2011-04-01,73.49762295669694
index,ks_i21_price_hist_q,csa,2011-07-01,49.76930009897163
index,ks_i21_price_hist_q,csa,2011-10-01,2.96294595598779
index,ks_i21_price_hist_q,csa,2012-01-01,19.21312535214465
index,ks_i21_price_hist_q,csa,2012-04-01,40.96433083248221
index,ks_i21_price_hist_q,csa,2012-07-01,30.94565270389566
index,ks_i21_price_hist_q,csa,2012-10-01,41.47614862765001
index,ks_i21_price_hist_q,csa,2013-01-01,33.96778632116758
index,ks_i21_price_hist_q,csa,2013-04-01,41.81041946702903
index,ks_i21_price_hist_q,csa,2013-07-01,53.348635651694075
index,ks_i21_price_hist_q,csa,2013-10-01,52.56727432551728
index,ks_i21_price_hist_q,csa,2014-01-01,54.92797520717133
index,ks_i21_price_hist_q,csa,2014-04-01,54.075412297743654
index,ks_i21_price_hist_q,csa,2014-07-01,53.88029823689435
index,ks_i21_price_hist_q,csa,2014-10-01,53.94074081526284
index,ks_i21_price_hist_q,csa,2015-01-01,41.40123696462698
index,ks_i21_price_hist_q,csa,2015-04-01,6.535569543812501
index,ks_i21_price_hist_q,csa,2015-07-01,4.27352603176899
index,ks_i21_price_hist_q,csa,2015-10-01,20.403843288846808
index,ks_i21_price_hist_q,csa,2016-01-01,5.707546641567564
index,ks_i21_price_hist_q,csa,2016-04-01,16.32403108227404
index,ks_i21_price_hist_q,csa,2016-07-01,26.10795068026399
index,ks_i21_price_hist_q,csa,2016-10-01,43.069278230563015
index,ks_i21_price_hist_q,csa,2017-01-01,42.79648517242429
index,ks_i21_price_hist_q,csa,2017-04-01,44.43639063283584
index,ks_i21_price_hist_q,csa,2017-07-01,49.75321563163026
index,ks_i21_price_hist_q,csa,2017-10-01,56.95608937007003
index,ks_i21_price_hist_q,csa,2018-01-01,54.74154635722312
index,ks_i21_price_hist_q,csa,2018-04-01,55.72871335652153
index,ks_i21_price_hist_q,csa,2018-07-01,61.1515849716836
index,ks_i21_price_hist_q,csa,2018-10-01,66.501256423092
index,ks_i21_price_hist_q,csa,2019-01-01,61.582598060467184
index,ks_i21_price_hist_q,csa,2019-04-01,57.98755309485265
index,ks_i21_price_hist_q,csa,2019-07-01,57.45714796539093
index,ks_i21_price_hist_q,csa,2019-10-01,54.15989977723
index,ks_i21_price_hist_q,csa,2020-01-01,56.68427952947901
index,ks_i21_price_hist_q,csa,2020-04-01,38.76403108227404
index,ks_i21_price_hist_q,csa,2020-07-01,36.133484553470495
index,ks_i21_price_hist_q,csa,2020-10-01,32.557825692616355
index,ks_i21_price_hist_q,csa,2021-01-01,27.37116912941209
index,ks_i21_price_hist_q,csa,2021-04-01,38.99785765347531
index,ks_i21_price_hist_q,csa,2021-07-01,68.03889052002503
index,ks_i21_price_hist_q,csa,2021-10-01,79.14946749125161
index,ks_i21_price_hist_q,csa,2022-01-01,92.13653108227405
index,ks_i21_price_hist_q,csa,2022-04-01,112.8095082606973
index,ks_i21_price_hist_q,csa,2022-07-01,136.71358931520575
index,ks_i21_price_hist_q,csa,2022-10-01,139.982281758559
index,ks_i21_price_hist_q,csa,2023-01-01,142.00854040911915
index,ks_i21_price_hist_q,csa,2023-04-01,144.54593854214184
index,ks_i21_price_hist_q,csa,2023-07-01,149.28304747571667
index,ks_i21_price_hist_q,csa,2023-10-01,158.4386629555266
index,ks_i21_price_hist_q,csa,2024-01-01,150.9423921799132
index,ks_i21_price_hist_q,csa,2024-04-01,143.52574889786288
index,ks_i21_price_hist_q,csa,2024-07-01,139.65243218978324
index,ks_i21_price_hist_q,csa,2024-10-01,133.0330592746782
index,ks_i21_price_hist_q,csa,2025-01-01,126.58109307533054
index,ks_i21_price_hist_q,csa,2025-04-01,117.02101225397983
index,ks_i21_price_hist_q,csa,2025-07-01,112.51877058602292
index,ks_i21_price_hist_q,csa,2025-10-01,115.28224908159928
index,ks_i21_price_hist_q,csa,2026-01-01,114.132184010916
index,ks_i21_price_hist_q,csa,2026-04-01,120.7828991103452
index,ks_i21_price_hist_q,na,1972-10-01,182.3675093431436
index,ks_i21_price_hist_q,na,1973-01-01,184.01282776277196
index,ks_i21_price_hist_q,na,1973-04-01,180.33320539420063
index,ks_i21_price_hist_q,na,1973-07-01,183.00824160858983
index,ks_i21_price_hist_q,na,1973-10-01,184.19494330258385
index,ks_i21_price_hist_q,na,1974-01-01,194.12541277484743
index,ks_i21_price_hist_q,na,1974-04-01,191.89828850801663
index,ks_i21_price_hist_q,na,1974-07-01,190.4051121633551
index,ks_i21_price_hist_q,na,1974-10-01,183.4693302275732
index,ks_i21_price_hist_q,na,1975-01-01,179.05583184855757
index,ks_i21_price_hist_q,na,1975-04-01,138.17865663293483
index,ks_i21_price_hist_q,na,1975-07-01,110.15910415116755
index,ks_i21_price_hist_q,na,1975-10-01,92.329397808571
index,ks_i21_price_hist_q,na,1976-01-01,70.24146227493459
index,ks_i21_price_hist_q,na,1976-04-01,75.47787723612018
index,ks_i21_price_hist_q,na,1976-07-01,79.36535339632363
index,ks_i21_price_hist_q,na,1976-10-01,70.79356513245324
index,ks_i21_price_hist_q,na,1977-01-01,66.65241698208851
index,ks_i21_price_hist_q,na,1977-04-01,76.59021813263377
index,ks_i21_price_hist_q,na,1977-07-01,85.89635812629919
index,ks_i21_price_hist_q,na,1977-10-01,84.82203905040154
index,ks_i21_price_hist_q,na,1978-01-01,73.16882826040455
index,ks_i21_price_hist_q,na,1978-04-01,67.95856923488448
index,ks_i21_price_hist_q,na,1978-07-01,61.2354998951513
index,ks_i21_price_hist_q,na,1978-10-01,53.10988194269469
index,ks_i21_price_hist_q,na,1979-01-01,61.70498346322643
index,ks_i21_price_hist_q,na,1979-04-01,85.59177956097585
index,ks_i21_price_hist_q,na,1979-07-01,98.75492539121711
index,ks_i21_price_hist_q,na,1979-10-01,102.4799246183957
index,ks_i21_price_hist_q,na,1980-01-01,114.0997184918254
index,ks_i21_price_hist_q,na,1980-04-01,115.61978510862836
index,ks_i21_price_hist_q,na,1980-07-01,117.92461417265304
index,ks_i21_price_hist_q,na,1980-10-01,119.30934679446202
index,ks_i21_price_hist_q,na,1981-01-01,144.08637963772605
index,ks_i21_price_hist_q,na,1981-04-01,163.05404884426338
index,ks_i21_price_hist_q,na,1981-07-01,168.25095060123795
index,ks_i21_price_hist_q,na,1981-10-01,175.23312199136495
index,ks_i21_price_hist_q,na,1982-01-01,163.8860748778945
index,ks_i21_price_hist_q,na,1982-04-01,155.8272100105211
index,ks_i21_price_hist_q,na,1982-07-01,156.90467624356438
index,ks_i21_price_hist_q,na,1982-10-01,142.8718251999211
index,ks_i21_price_hist_q,na,1983-01-01,128.9782622014733
index,ks_i21_price_hist_q,na,1983-04-01,121.86948562772858
index,ks_i21_price_hist_q,na,1983-07-01,124.68052102742942
index,ks_i21_price_hist_q,na,1983-10-01,111.33500000366342
index,ks_i21_price_hist_q,na,1984-01-01,110.89229676493088
index,ks_i21_price_hist_q,na,1984-04-01,128.72566299523868
index,ks_i21_price_hist_q,na,1984-07-01,123.7277008070447
index,ks_i21_price_hist_q,na,1984-10-01,125.10878444550276
index,ks_i21_price_hist_q,na,1985-01-01,124.3875519534174
index,ks_i21_price_hist_q,na,1985-04-01,142.71835862115785
index,ks_i21_price_hist_q,na,1985-07-01,131.80816526178447
index,ks_i21_price_hist_q,na,1985-10-01,117.1293570694182
index,ks_i21_price_hist_q,na,1986-01-01,119.79761942471484
index,ks_i21_price_hist_q,na,1986-04-01,108.4040678808021
index,ks_i21_price_hist_q,na,1986-07-01,103.58329034153329
index,ks_i21_price_hist_q,na,1986-10-01,97.3714763377485
index,ks_i21_price_hist_q,na,1987-01-01,81.12366002476011
index,ks_i21_price_hist_q,na,1987-04-01,81.817131358263
index,ks_i21_price_hist_q,na,1987-07-01,93.45687241068734
index,ks_i21_price_hist_q,na,1987-10-01,100.06813271566789
index,ks_i21_price_hist_q,na,1988-01-01,96.95193805901825
index,ks_i21_price_hist_q,na,1988-04-01,107.4618336893504
index,ks_i21_price_hist_q,na,1988-07-01,107.23691674470598
index,ks_i21_price_hist_q,na,1988-10-01,103.19971663986088
index,ks_i21_price_hist_q,na,1989-01-01,108.493772779691
index,ks_i21_price_hist_q,na,1989-04-01,123.50584926409223
index,ks_i21_price_hist_q,na,1989-07-01,137.7412972693244
index,ks_i21_price_hist_q,na,1989-10-01,132.9089367426514
index,ks_i21_price_hist_q,na,1990-01-01,167.28171277500635
index,ks_i21_price_hist_q,na,1990-04-01,166.27767346638
index,ks_i21_price_hist_q,na,1990-07-01,158.95773071597367
index,ks_i21_price_hist_q,na,1990-10-01,169.50502655738717
index,ks_i21_price_hist_q,na,1991-01-01,168.28891093439972
index,ks_i21_price_hist_q,na,1991-04-01,161.75121554829346
index,ks_i21_price_hist_q,na,1991-07-01,165.00168675992973
index,ks_i21_price_hist_q,na,1991-10-01,163.83698908048677
index,ks_i21_price_hist_q,na,1992-01-01,159.71364147188444
index,ks_i21_price_hist_q,na,1992-04-01,147.9031677729215
index,ks_i21_price_hist_q,na,1992-07-01,143.63327170441494
index,ks_i21_price_hist_q,na,1992-10-01,112.8070741620174
index,ks_i21_price_hist_q,na,1993-01-01,113.22602745250998
index,ks_i21_price_hist_q,na,1993-04-01,108.7755850128042
index,ks_i21_price_hist_q,na,1993-07-01,101.0137817747948
index,ks_i21_price_hist_q,na,1993-10-01,79.18704478090419
index,ks_i21_price_hist_q,na,1994-01-01,84.60078384980173
index,ks_i21_price_hist_q,na,1994-04-01,68.03962741254927
index,ks_i21_price_hist_q,na,1994-07-01,73.44332278777264
index,ks_i21_price_hist_q,na,1994-10-01,80.2737517526651
index,ks_i21_price_hist_q,na,1995-01-01,76.83305635303216
index,ks_i21_price_hist_q,na,1995-04-01,108.25451236569648
index,ks_i21_price_hist_q,na,1995-07-01,98.77857653681949
index,ks_i21_price_hist_q,na,1995-10-01,93.96657300636936
index,ks_i21_price_hist_q,na,1996-01-01,77.6249609216654
index,ks_i21_price_hist_q,na,1996-04-01,75.0632997627192
index,ks_i21_price_hist_q,na,1996-07-01,60.14072799697458
index,ks_i21_price_hist_q,na,1996-10-01,50.76733005134621
index,ks_i21_price_hist_q,na,1997-01-01,37.98382489670703
index,ks_i21_price_hist_q,na,1997-04-01,42.03816936916775
index,ks_i21_price_hist_q,na,1997-07-01,36.59675835500131
index,ks_i21_price_hist_q,na,1997-10-01,45.78236441560737
index,ks_i21_price_hist_q,na,1998-01-01,34.88165190011791
index,ks_i21_price_hist_q,na,1998-04-01,33.5206284357712
index,ks_i21_price_hist_q,na,1998-07-01,39.73834369997649
index,ks_i21_price_hist_q,na,1998-10-01,38.27641203465499
index,ks_i21_price_hist_q,na,1999-01-01,42.813273364781054
index,ks_i21_price_hist_q,na,1999-04-01,52.40814323180675
index,ks_i21_price_hist_q,na,1999-07-01,46.61216667549438
index,ks_i21_price_hist_q,na,1999-10-01,50.92027521372944
index,ks_i21_price_hist_q,na,2000-01-01,66.75071036325795
index,ks_i21_price_hist_q,na,2000-04-01,67.5626674459104
index,ks_i21_price_hist_q,na,2000-07-01,87.7956061055732
index,ks_i21_price_hist_q,na,2000-10-01,88.83530927776278
index,ks_i21_price_hist_q,na,2001-01-01,86.67365514242442
index,ks_i21_price_hist_q,na,2001-04-01,82.4261866586564
index,ks_i21_price_hist_q,na,2001-07-01,96.3090498088658
index,ks_i21_price_hist_q,na,2001-10-01,67.51612147775427
index,ks_i21_price_hist_q,na,2002-01-01,80.00072281159734
index,ks_i21_price_hist_q,na,2002-04-01,89.0814937688412
index,ks_i21_price_hist_q,na,2002-07-01,87.90214146581005
index,ks_i21_price_hist_q,na,2002-10-01,78.99007931975083
index,ks_i21_price_hist_q,na,2003-01-01,69.64001621238558
index,ks_i21_price_hist_q,na,2003-04-01,66.85698776777309
index,ks_i21_price_hist_q,na,2003-07-01,63.70668895220807
index,ks_i21_price_hist_q,na,2003-10-01,84.67680624690246
index,ks_i21_price_hist_q,na,2004-01-01,86.01855290214405
index,ks_i21_price_hist_q,na,2004-04-01,72.15999030377543
index,ks_i21_price_hist_q,na,2004-07-01,89.08261975451174
index,ks_i21_price_hist_q,na,2004-10-01,86.11302190796212
index,ks_i21_price_hist_q,na,2005-01-01,71.91662367486663
index,ks_i21_price_hist_q,na,2005-04-01,60.42900345796465
index,ks_i21_price_hist_q,na,2005-07-01,68.98945859156771
index,ks_i21_price_hist_q,na,2005-10-01,71.64961247762288
index,ks_i21_price_hist_q,na,2006-01-01,61.12791637367089
index,ks_i21_price_hist_q,na,2006-04-01,60.95801801037862
index,ks_i21_price_hist_q,na,2006-07-01,71.8708475616748
index,ks_i21_price_hist_q,na,2006-10-01,67.81283705242329
index,ks_i21_price_hist_q,na,2007-01-01,61.1346160404913
index,ks_i21_price_hist_q,na,2007-04-01,60.16201990908968
index,ks_i21_price_hist_q,na,2007-07-01,72.28023546183607
index,ks_i21_price_hist_q,na,2007-10-01,85.54074366262299
index,ks_i21_price_hist_q,na,2008-01-01,101.26847552671848
index,ks_i21_price_hist_q,na,2008-04-01,105.35357863536731
index,ks_i21_price_hist_q,na,2008-07-01,128.10856146901438
index,ks_i21_price_hist_q,na,2008-10-01,119.4716325582888
index,ks_i21_price_hist_q,na,2009-01-01,44.43639063283584
index,ks_i21_price_hist_q,na,2009-04-01,39.3054091083448
index,ks_i21_price_hist_q,na,2009-07-01,48.486821779948464
index,ks_i21_price_hist_q,na,2009-10-01,36.856259443231686
index,ks_i21_price_hist_q,na,2010-01-01,42.1956838985252
index,ks_i21_price_hist_q,na,2010-04-01,63.69022826537264
index,ks_i21_price_hist_q,na,2010-07-01,47.25187567061817
index,ks_i21_price_hist_q,na,2010-10-01,58.40152185718179
index,ks_i21_price_hist_q,na,2011-01-01,43.70771968283011
index,ks_i21_price_hist_q,na,2011-04-01,73.49762295669694
index,ks_i21_price_hist_q,na,2011-07-01,49.76930009897163
index,ks_i21_price_hist_q,na,2011-10-01,2.96294595598779
index,ks_i21_price_hist_q,na,2012-01-01,19.21312535214465
index,ks_i21_price_hist_q,na,2012-04-01,40.96433083248221
index,ks_i21_price_hist_q,na,2012-07-01,30.94565270389566
index,ks_i21_price_hist_q,na,2012-10-01,41.47614862765001
index,ks_i21_price_hist_q,na,2013-01-01,33.96778632116758
index,ks_i21_price_hist_q,na,2013-04-01,41.81041946702903
index,ks_i21_price_hist_q,na,2013-07-01,53.348635651694075
index,ks_i21_price_hist_q,na,2013-10-01,52.56727432551728
index,ks_i21_price_hist_q,na,2014-01-01,54.92797520717133
index,ks_i21_price_hist_q,na,2014-04-01,54.075412297743654
index,ks_i21_price_hist_q,na,2014-07-01,53.88029823689435
index,ks_i21_price_hist_q,na,2014-10-01,53.94074081526284
index,ks_i21_price_hist_q,na,2015-01-01,41.40123696462698
index,ks_i21_price_hist_q,na,2015-04-01,6.535569543812501
index,ks_i21_price_hist_q,na,2015-07-01,4.27352603176899
index,ks_i21_price_hist_q,na,2015-10-01,20.403843288846808
index,ks_i21_price_hist_q,na,2016-01-01,5.707546641567564
index,ks_i21_price_hist_q,na,2016-04-01,16.32403108227404
index,ks_i21_price_hist_q,na,2016-07-01,26.10795068026399
index,ks_i21_price_hist_q,na,2016-10-01,43.069278230563015
index,ks_i21_price_hist_q,na,2017-01-01,42.79648517242429
index,ks_i21_price_hist_q,na,2017-04-01,44.43639063283584
index,ks_i21_price_hist_q,na,2017-07-01,49.75321563163026
index,ks_i21_price_hist_q,na,2017-10-01,56.95608937007003
index,ks_i21_price_hist_q,na,2018-01-01,54.74154635722312
index,ks_i21_price_hist_q,na,2018-04-01,55.72871335652153
index,ks_i21_price_hist_q,na,2018-07-01,61.1515849716836
index,ks_i21_price_hist_q,na,2018-10-01,66.501256423092
index,ks_i21_price_hist_q,na,2019-01-01,61.582598060467184
index,ks_i21_price_hist_q,na,2019-04-01,57.98755309485265
index,ks_i21_price_hist_q,na,2019-07-01,57.45714796539093
index,ks_i21_price_hist_q,na,2019-10-01,54.15989977723
index,ks_i21_price_hist_q,na,2020-01-01,56.68427952947901
index,ks_i21_price_hist_q,na,2020-04-01,38.76403108227404
index,ks_i21_price_hist_q,na,2020-07-01,36.133484553470495
index,ks_i21_price_hist_q,na,2020-10-01,32.557825692616355
index,ks_i21_price_hist_q,na,2021-01-01,27.37116912941209
index,ks_i21_price_hist_q,na,2021-04-01,38.99785765347531
index,ks_i21_price_hist_q,na,2021-07-01,68.03889052002503
index,ks_i21_price_hist_q,na,2021-10-01,79.14946749125161
index,ks_i21_price_hist_q,na,2022-01-01,92.13653108227405
index,ks_i21_price_hist_q,na,2022-04-01,112.8095082606973
index,ks_i21_price_hist_q,na,2022-07-01,136.71358931520575
index,ks_i21_price_hist_q,na,2022-10-01,139.982281758559
index,ks_i21_price_hist_q,na,2023-01-01,142.00854040911915
index,ks_i21_price_hist_q,na,2023-04-01,144.54593854214184
index,ks_i21_price_hist_q,na,2023-07-01,149.28304747571667
index,ks_i21_price_hist_q,na,2023-10-01,158.4386629555266
index,ks_i21_price_hist_q,na,2024-01-01,150.9423921799132
index,ks_i21_price_hist_q,na,2024-04-01,143.52574889786288
index,ks_i21_price_hist_q,na,2024-07-01,139.65243218978324
index,ks_i21_price_hist_q,na,2024-10-01,133.0330592746782
index,ks_i21_price_hist_q,na,2025-01-01,126.58109307533054
index,ks_i21_price_hist_q,na,2025-04-01,117.02101225397983
index,ks_i21_price_hist_q,na,2025-07-01,112.51877058602292
index,ks_i21_price_hist_q,na,2025-10-01,115.28224908159928
index,ks_i21_price_hist_q,na,2026-01-01,114.132184010916
index,ks_i21_price_hist_q,na,2026-04-01,120.7828991103452
index,ks_i22_price_exp_q,csa,1972-10-01,168.314414359589
index,ks_i22_price_exp_q,csa,1973-01-01,144.712863344232
index,ks_i22_price_exp_q,csa,1973-04-01,148.729546215057
index,ks_i22_price_exp_q,csa,1973-07-01,136.843803205121
index,ks_i22_price_exp_q,csa,1973-10-01,164.167564808187
index,ks_i22_price_exp_q,csa,1974-01-01,164.729386941399
index,ks_i22_price_exp_q,csa,1974-04-01,161.091163227563
index,ks_i22_price_exp_q,csa,1974-07-01,154.14291422229
index,ks_i22_price_exp_q,csa,1974-10-01,149.216415128071
index,ks_i22_price_exp_q,csa,1975-01-01,131.091590013621
index,ks_i22_price_exp_q,csa,1975-04-01,69.5764509236282
index,ks_i22_price_exp_q,csa,1975-07-01,59.3514484348895
index,ks_i22_price_exp_q,csa,1975-10-01,47.6401255600492
index,ks_i22_price_exp_q,csa,1976-01-01,43.0133280504476
index,ks_i22_price_exp_q,csa,1976-04-01,59.5098944651809
index,ks_i22_price_exp_q,csa,1976-07-01,79.237048984512
index,ks_i22_price_exp_q,csa,1976-10-01,67.482038578242907
index,ks_i22_price_exp_q,csa,1977-01-01,74.6736466979547
index,ks_i22_price_exp_q,csa,1977-04-01,81.4998511286255
index,ks_i22_price_exp_q,csa,1977-07-01,82.7591661528438
index,ks_i22_price_exp_q,csa,1977-10-01,82.7026100897113
index,ks_i22_price_exp_q,csa,1978-01-01,77.3289450847788
index,ks_i22_price_exp_q,csa,1978-04-01,78.838262028655
index,ks_i22_price_exp_q,csa,1978-07-01,61.5736570527066
index,ks_i22_price_exp_q,csa,1978-10-01,70.5478357999193
index,ks_i22_price_exp_q,csa,1979-01-01,86.1945423105748
index,ks_i22_price_exp_q,csa,1979-04-01,97.6691493027104
index,ks_i22_price_exp_q,csa,1979-07-01,100.150844216218
index,ks_i22_price_exp_q,csa,1979-10-01,105.654694872159
index,ks_i22_price_exp_q,csa,1980-01-01,112.83334957428
index,ks_i22_price_exp_q,csa,1980-04-01,113.57753748105
index,ks_i22_price_exp_q,csa,1980-07-01,104.951029594745
index,ks_i22_price_exp_q,csa,1980-10-01,115.790085239595
index,ks_i22_price_exp_q,csa,1981-01-01,129.17562542324
index,ks_i22_price_exp_q,csa,1981-04-01,129.907436551069
index,ks_i22_price_exp_q,csa,1981-07-01,141.408598188081
index,ks_i22_price_exp_q,csa,1981-10-01,126.103489960258
index,ks_i22_price_exp_q,csa,1982-01-01,112.28450273041
index,ks_i22_price_exp_q,csa,1982-04-01,106.539769802573
index,ks_i22_price_exp_q,csa,1982-07-01,122.887165121999
index,ks_i22_price_exp_q,csa,1982-10-01,106.94032868877
index,ks_i22_price_exp_q,csa,1983-01-01,87.6915077448253
index,ks_i22_price_exp_q,csa,1983-04-01,91.0715260519594
index,ks_i22_price_exp_q,csa,1983-07-01,116.327291681233
index,ks_i22_price_exp_q,csa,1983-10-01,100.506780084629
index,ks_i22_price_exp_q,csa,1984-01-01,105.933324923481
index,ks_i22_price_exp_q,csa,1984-04-01,109.940484537916
index,ks_i22_price_exp_q,csa,1984-07-01,106.286734402072
index,ks_i22_price_exp_q,csa,1984-10-01,108.726936250737
index,ks_i22_price_exp_q,csa,1985-01-01,115.228081383663
index,ks_i22_price_exp_q,csa,1985-04-01,120.970229171443
index,ks_i22_price_exp_q,csa,1985-07-01,108.243720438295
index,ks_i22_price_exp_q,csa,1985-10-01,103.989824496948
index,ks_i22_price_exp_q,csa,1986-01-01,111.920575209453
index,ks_i22_price_exp_q,csa,1986-04-01,110.274128842722
index,ks_i22_price_exp_q,csa,1986-07-01,102.805629590374
index,ks_i22_price_exp_q,csa,1986-10-01,91.890753675455
index,ks_i22_price_exp_q,csa,1987-01-01,88.3250718748954
index,ks_i22_price_exp_q,csa,1987-04-01,85.810657926484
index,ks_i22_price_exp_q,csa,1987-07-01,98.2551269568776
index,ks_i22_price_exp_q,csa,1987-10-01,100.458799224187
index,ks_i22_price_exp_q,csa,1988-01-01,104.251408593297
index,ks_i22_price_exp_q,csa,1988-04-01,106.37355016883
index,ks_i22_price_exp_q,csa,1988-07-01,102.06104813694
index,ks_i22_price_exp_q,csa,1988-10-01,100.777490928276
index,ks_i22_price_exp_q,csa,1989-01-01,117.872773425663
index,ks_i22_price_exp_q,csa,1989-04-01,125.076832743542
index,ks_i22_price_exp_q,csa,1989-07-01,119.672454313512
index,ks_i22_price_exp_q,csa,1989-10-01,124.258858127582
index,ks_i22_price_exp_q,csa,1990-01-01,152.194920786395
index,ks_i22_price_exp_q,csa,1990-04-01,131.657922332124
index,ks_i22_price_exp_q,csa,1990-07-01,118.66334747847
index,ks_i22_price_exp_q,csa,1990-10-01,146.554527281926
index,ks_i22_price_exp_q,csa,1991-01-01,141.906967730391
index,ks_i22_price_exp_q,csa,1991-04-01,114.759711946571
index,ks_i22_price_exp_q,csa,1991-07-01,121.341820306314
index,ks_i22_price_exp_q,csa,1991-10-01,125.118822983104
index,ks_i22_price_exp_q,csa,1992-01-01,120.51092886501
index,ks_i22_price_exp_q,csa,1992-04-01,107.889925783511
index,ks_i22_price_exp_q,csa,1992-07-01,114.548383982135
index,ks_i22_price_exp_q,csa,1992-10-01,88.0696421543366
index,ks_i22_price_exp_q,csa,1993-01-01,91.9495997929179
index,ks_i22_price_exp_q,csa,1993-04-01,77.1358866768914
index,ks_i22_price_exp_q,csa,1993-07-01,74.2513291807808
index,ks_i22_price_exp_q,csa,1993-10-01,57.0780149566288
index,ks_i22_price_exp_q,csa,1994-01-01,68.315421779606
index,ks_i22_price_exp_q,csa,1994-04-01,69.3000818330126
index,ks_i22_price_exp_q,csa,1994-07-01,79.1264209329713
index,ks_i22_price_exp_q,csa,1994-10-01,110.387559640165
index,ks_i22_price_exp_q,csa,1995-01-01,140.57209944501
index,ks_i22_price_exp_q,csa,1995-04-01,84.8101858268007
index,ks_i22_price_exp_q,csa,1995-07-01,73.9873914362738
index,ks_i22_price_exp_q,csa,1995-10-01,68.5432677557478
index,ks_i22_price_exp_q,csa,1996-01-01,66.6376931182894
index,ks_i22_price_exp_q,csa,1996-04-01,62.8014551678804
index,ks_i22_price_exp_q,csa,1996-07-01,54.2114871825883
index,ks_i22_price_exp_q,csa,1996-10-01,45.4030614958458
index,ks_i22_price_exp_q,csa,1997-01-01,35.9423116106825
index,ks_i22_price_exp_q,csa,1997-04-01,40.2342063151356
index,ks_i22_price_exp_q,csa,1997-07-01,39.8132379754982
index,ks_i22_price_exp_q,csa,1997-10-01,49.2074015843458
index,ks_i22_price_exp_q,csa,1998-01-01,44.2665150892461
index,ks_i22_price_exp_q,csa,1998-04-01,52.4758127235737
index,ks_i22_price_exp_q,csa,1998-07-01,48.9138074440883
index,ks_i22_price_exp_q,csa,1998-10-01,50.6332312685452
index,ks_i22_price_exp_q,csa,1999-01-01,58.9534775735482
index,ks_i22_price_exp_q,csa,1999-04-01,62.0454798094909
index,ks_i22_price_exp_q,csa,1999-07-01,55.7995442434251
index,ks_i22_price_exp_q,csa,1999-10-01,63.030956020568
index,ks_i22_price_exp_q,csa,2000-01-01,76.8575544242397
index,ks_i22_price_exp_q,csa,2000-04-01,76.1729767286779
index,ks_i22_price_exp_q,csa,2000-07-01,84.9210018744983
index,ks_i22_price_exp_q,csa,2000-10-01,88.6754399592829
index,ks_i22_price_exp_q,csa,2001-01-01,89.2439018155294
index,ks_i22_price_exp_q,csa,2001-04-01,89.7302933865695
index,ks_i22_price_exp_q,csa,2001-07-01,90.0003176777918
index,ks_i22_price_exp_q,csa,2001-10-01,80.0815349642449
index,ks_i22_price_exp_q,csa,2002-01-01,75.8208538127994
index,ks_i22_price_exp_q,csa,2002-04-01,82.8240585615907
index,ks_i22_price_exp_q,csa,2002-07-01,82.9970693665706
index,ks_i22_price_exp_q,csa,2002-10-01,70.9132634166503
index,ks_i22_price_exp_q,csa,2003-01-01,69.7487192430734
index,ks_i22_price_exp_q,csa,2003-04-01,71.1692986472124
index,ks_i22_price_exp_q,csa,2003-07-01,55.320097199697
index,ks_i22_price_exp_q,csa,2003-10-01,78.6981483418493
index,ks_i22_price_exp_q,csa,2004-01-01,77.0891076849824
index,ks_i22_price_exp_q,csa,2004-04-01,71.0259740874925
index,ks_i22_price_exp_q,csa,2004-07-01,76.4638073915224
index,ks_i22_price_exp_q,csa,2004-10-01,80.3794930147105
index,ks_i22_price_exp_q,csa,2005-01-01,61.8723906629757
index,ks_i22_price_exp_q,csa,2005-04-01,52.0806065224785
index,ks_i22_price_exp_q,csa,2005-07-01,63.9992412363281
index,ks_i22_price_exp_q,csa,2005-10-01,63.0323411069514
index,ks_i22_price_exp_q,csa,2006-01-01,59.8305967828519
index,ks_i22_price_exp_q,csa,2006-04-01,65.9608196023084
index,ks_i22_price_exp_q,csa,2006-07-01,67.0034365870959
index,ks_i22_price_exp_q,csa,2006-10-01,67.0251144405905
index,ks_i22_price_exp_q,csa,2007-01-01,60.8708470741036
index,ks_i22_price_exp_q,csa,2007-04-01,64.3183318382597
index,ks_i22_price_exp_q,csa,2007-07-01,74.0074673390751
index,ks_i22_price_exp_q,csa,2007-10-01,96.2085347680239
index,ks_i22_price_exp_q,csa,2008-01-01,104.67141670452
index,ks_i22_price_exp_q,csa,2008-04-01,101.124065956084
index,ks_i22_price_exp_q,csa,2008-07-01,116.737256579663
index,ks_i22_price_exp_q,csa,2008-10-01,87.5720033917891
index,ks_i22_price_exp_q,csa,2009-01-01,12.866968563882
index,ks_i22_price_exp_q,csa,2009-04-01,28.4121671349363
index,ks_i22_price_exp_q,csa,2009-07-01,42.0426034356613
index,ks_i22_price_exp_q,csa,2009-10-01,53.0041797909226
index,ks_i22_price_exp_q,csa,2010-01-01,56.6773601066654
index,ks_i22_price_exp_q,csa,2010-04-01,73.1854455590968
index,ks_i22_price_exp_q,csa,2010-07-01,50.9656591474703
index,ks_i22_price_exp_q,csa,2010-10-01,63.8181489002253
index,ks_i22_price_exp_q,csa,2011-01-01,59.8494976636711
index,ks_i22_price_exp_q,csa,2011-04-01,90.402538577805
index,ks_i22_price_exp_q,csa,2011-07-01,53.5577148144095
index,ks_i22_price_exp_q,csa,2011-10-01,23.5305213321148
index,ks_i22_price_exp_q,csa,2012-01-01,44.7472267421944
index,ks_i22_price_exp_q,csa,2012-04-01,54.6776004431592
index,ks_i22_price_exp_q,csa,2012-07-01,47.8859407426309
index,ks_i22_price_exp_q,csa,2012-10-01,51.459520230085
index,ks_i22_price_exp_q,csa,2013-01-01,55.4228621925819
index,ks_i22_price_exp_q,csa,2013-04-01,55.3847274952218
index,ks_i22_price_exp_q,csa,2013-07-01,69.2337426651348
index,ks_i22_price_exp_q,csa,2013-10-01,66.6479371280304
index,ks_i22_price_exp_q,csa,2014-01-01,72.4392195113126
index,ks_i22_price_exp_q,csa,2014-04-01,70.6207325674995
index,ks_i22_price_exp_q,csa,2014-07-01,70.9333455310983
index,ks_i22_price_exp_q,csa,2014-10-01,65.542795133529
index,ks_i22_price_exp_q,csa,2015-01-01,49.0120524002061
index,ks_i22_price_exp_q,csa,2015-04-01,27.22110688521
index,ks_i22_price_exp_q,csa,2015-07-01,34.0556424270123
index,ks_i22_price_exp_q,csa,2015-10-01,47.9303017134323
index,ks_i22_price_exp_q,csa,2016-01-01,35.6698078405291
index,ks_i22_price_exp_q,csa,2016-04-01,43.6952213893133
index,ks_i22_price_exp_q,csa,2016-07-01,47.967000949174
index,ks_i22_price_exp_q,csa,2016-10-01,56.4378098628275
index,ks_i22_price_exp_q,csa,2017-01-01,61.2434111680902
index,ks_i22_price_exp_q,csa,2017-04-01,59.4065603126491
index,ks_i22_price_exp_q,csa,2017-07-01,61.0383133702293
index,ks_i22_price_exp_q,csa,2017-10-01,68.7032375073016
index,ks_i22_price_exp_q,csa,2018-01-01,63.3663472391341
index,ks_i22_price_exp_q,csa,2018-04-01,73.932749575278
index,ks_i22_price_exp_q,csa,2018-07-01,75.293255651444
index,ks_i22_price_exp_q,csa,2018-10-01,68.5263028763305
index,ks_i22_price_exp_q,csa,2019-01-01,73.4430132426588
index,ks_i22_price_exp_q,csa,2019-04-01,68.8694289178918
index,ks_i22_price_exp_q,csa,2019-07-01,65.214046197624
index,ks_i22_price_exp_q,csa,2019-10-01,64.7743472893377
index,ks_i22_price_exp_q,csa,2020-01-01,71.6010907182766
index,ks_i22_price_exp_q,csa,2020-04-01,76.2430320900689
index,ks_i22_price_exp_q,csa,2020-07-01,61.1500601264648
index,ks_i22_price_exp_q,csa,2020-10-01,52.4480425095317
index,ks_i22_price_exp_q,csa,2021-01-01,60.7829397629385
index,ks_i22_price_exp_q,csa,2021-04-01,78.3555138083796
index,ks_i22_price_exp_q,csa,2021-07-01,92.0187222192408
index,ks_i22_price_exp_q,csa,2021-10-01,91.3906709293157
index,ks_i22_price_exp_q,csa,2022-01-01,110.444928715797
index,ks_i22_price_exp_q,csa,2022-04-01,140.025446603569
index,ks_i22_price_exp_q,csa,2022-07-01,133.427652061052
index,ks_i22_price_exp_q,csa,2022-10-01,121.016736560795
index,ks_i22_price_exp_q,csa,2023-01-01,106.75943746374
index,ks_i22_price_exp_q,csa,2023-04-01,102.062299777121
index,ks_i22_price_exp_q,csa,2023-07-01,97.1711793086825
index,ks_i22_price_exp_q,csa,2023-10-01,110.321219337642
index,ks_i22_price_exp_q,csa,2024-01-01,106.612581710199
index,ks_i22_price_exp_q,csa,2024-04-01,99.4668008682038
index,ks_i22_price_exp_q,csa,2024-07-01,96.5412722858241
index,ks_i22_price_exp_q,csa,2024-10-01,93.8941973129917
index,ks_i22_price_exp_q,csa,2025-01-01,94.5474789887116
index,ks_i22_price_exp_q,csa,2025-04-01,113.018706831417
index,ks_i22_price_exp_q,csa,2025-07-01,95.8754006231902
index,ks_i22_price_exp_q,csa,2025-10-01,97.8122970929067
index,ks_i22_price_exp_q,csa,2026-01-01,99.3509454300478
index,ks_i22_price_exp_q,csa,2026-04-01,121.318958592924
index,ks_i22_price_exp_q,na,1972-10-01,172.62519186261116
index,ks_i22_price_exp_q,na,1973-01-01,139.64159028350394
index,ks_i22_price_exp_q,na,1973-04-01,147.57685112574154
index,ks_i22_price_exp_q,na,1973-07-01,138.7895144314281
index,ks_i22_price_exp_q,na,1973-10-01,168.33528397719763
index,ks_i22_price_exp_q,na,1974-01-01,159.75745569187393
index,ks_i22_price_exp_q,na,1974-04-01,159.96724380587878
index,ks_i22_price_exp_q,na,1974-07-01,156.22163186354553
index,ks_i22_price_exp_q,na,1974-10-01,153.12410949996814
index,ks_i22_price_exp_q,na,1975-01-01,126.21027236764996
index,ks_i22_price_exp_q,na,1975-04-01,68.43918349715555
index,ks_i22_price_exp_q,na,1975-07-01,61.61742073951062
index,ks_i22_price_exp_q,na,1975-10-01,51.265861613657634
index,ks_i22_price_exp_q,na,1976-01-01,38.29290958699717
index,ks_i22_price_exp_q,na,1976-04-01,58.300633942547606
index,ks_i22_price_exp_q,na,1976-07-01,81.61444549165327
index,ks_i22_price_exp_q,na,1976-10-01,70.88157788104412
index,ks_i22_price_exp_q,na,1977-01-01,70.23850456305296
index,ks_i22_price_exp_q,na,1977-04-01,80.17954202835224
index,ks_i22_price_exp_q,na,1977-07-01,85.11432782941223
index,ks_i22_price_exp_q,na,1977-10-01,85.91572155763522
index,ks_i22_price_exp_q,na,1978-01-01,73.24980479723027
index,ks_i22_price_exp_q,na,1978-04-01,77.3879611084774
index,ks_i22_price_exp_q,na,1978-07-01,63.88807178804997
index,ks_i22_price_exp_q,na,1978-10-01,73.58107945555126
index,ks_i22_price_exp_q,na,1979-01-01,82.45067596493006
index,ks_i22_price_exp_q,na,1979-04-01,96.02561166752534
index,ks_i22_price_exp_q,na,1979-07-01,102.52128413664914
index,ks_i22_price_exp_q,na,1979-10-01,108.55768210754556
index,ks_i22_price_exp_q,na,1980-01-01,109.38797473347654
index,ks_i22_price_exp_q,na,1980-04-01,111.65708919473744
index,ks_i22_price_exp_q,na,1980-07-01,107.43863260884817
index,ks_i22_price_exp_q,na,1980-10-01,118.58460306372604
index,ks_i22_price_exp_q,na,1981-01-01,125.97017061910536
index,ks_i22_price_exp_q,na,1981-04-01,127.68584896343626
index,ks_i22_price_exp_q,na,1981-07-01,144.07013125050645
index,ks_i22_price_exp_q,na,1981-10-01,128.83741675830882
index,ks_i22_price_exp_q,na,1982-01-01,109.30165732729192
index,ks_i22_price_exp_q,na,1982-04-01,104.01744473717942
index,ks_i22_price_exp_q,na,1982-07-01,125.6055802100299
index,ks_i22_price_exp_q,na,1982-10-01,109.62190784446666
index,ks_i22_price_exp_q,na,1983-01-01,85.04555389794284
index,ks_i22_price_exp_q,na,1983-04-01,88.34621976848025
index,ks_i22_price_exp_q,na,1983-07-01,118.87980162344272
index,ks_i22_price_exp_q,na,1983-10-01,103.11427349302926
index,ks_i22_price_exp_q,na,1984-01-01,103.76047795730491
index,ks_i22_price_exp_q,na,1984-04-01,107.10505853644588
index,ks_i22_price_exp_q,na,1984-07-01,108.50934152989598
index,ks_i22_price_exp_q,na,1984-10-01,111.26952663106648
index,ks_i22_price_exp_q,na,1985-01-01,113.56155777767124
index,ks_i22_price_exp_q,na,1985-04-01,118.01607801499745
index,ks_i22_price_exp_q,na,1985-07-01,110.1327545246682
index,ks_i22_price_exp_q,na,1985-10-01,106.53348217539585
index,ks_i22_price_exp_q,na,1986-01-01,110.72241198812604
index,ks_i22_price_exp_q,na,1986-04-01,107.11263275454642
index,ks_i22_price_exp_q,na,1986-07-01,104.40654979554516
index,ks_i22_price_exp_q,na,1986-10-01,94.52352902930166
index,ks_i22_price_exp_q,na,1987-01-01,87.57179051340744
index,ks_i22_price_exp_q,na,1987-04-01,82.37925802117168
index,ks_i22_price_exp_q,na,1987-07-01,99.53607380812446
index,ks_i22_price_exp_q,na,1987-10-01,103.22437035564572
index,ks_i22_price_exp_q,na,1988-01-01,103.96538673620664
index,ks_i22_price_exp_q,na,1988-04-01,102.70285872325844
index,ks_i22_price_exp_q,na,1988-07-01,102.99112962454473
index,ks_i22_price_exp_q,na,1988-10-01,103.68150228853224
index,ks_i22_price_exp_q,na,1989-01-01,118.01350904739212
index,ks_i22_price_exp_q,na,1989-04-01,121.14296345154378
index,ks_i22_price_exp_q,na,1989-07-01,120.293864822553
index,ks_i22_price_exp_q,na,1989-10-01,127.3935540699505
index,ks_i22_price_exp_q,na,1990-01-01,152.65557703289926
index,ks_i22_price_exp_q,na,1990-04-01,127.41478644038592
index,ks_i22_price_exp_q,na,1990-07-01,119.09526574885255
index,ks_i22_price_exp_q,na,1990-10-01,149.9509280572967
index,ks_i22_price_exp_q,na,1991-01-01,142.49106402338865
index,ks_i22_price_exp_q,na,1991-04-01,110.27358591549958
index,ks_i22_price_exp_q,na,1991-07-01,121.75464773213189
index,ks_i22_price_exp_q,na,1991-10-01,128.68449917177367
index,ks_i22_price_exp_q,na,1992-01-01,121.05134542743632
index,ks_i22_price_exp_q,na,1992-04-01,103.30417837302612
index,ks_i22_price_exp_q,na,1992-07-01,115.0028295715725
index,ks_i22_price_exp_q,na,1992-10-01,91.76289763736943
index,ks_i22_price_exp_q,na,1993-01-01,92.368034676615
index,ks_i22_price_exp_q,na,1993-04-01,72.53342974663342
index,ks_i22_price_exp_q,na,1993-07-01,74.67102565947397
index,ks_i22_price_exp_q,na,1993-10-01,60.98591148331647
index,ks_i22_price_exp_q,na,1994-01-01,68.55670811714748
index,ks_i22_price_exp_q,na,1994-04-01,64.70241431693071
index,ks_i22_price_exp_q,na,1994-07-01,79.45669608698185
index,ks_i22_price_exp_q,na,1994-10-01,114.55266786158052
index,ks_i22_price_exp_q,na,1995-01-01,140.62568620343856
index,ks_i22_price_exp_q,na,1995-04-01,80.29325328866412
index,ks_i22_price_exp_q,na,1995-07-01,74.2643709589162
index,ks_i22_price_exp_q,na,1995-10-01,72.83671722863089
index,ks_i22_price_exp_q,na,1996-01-01,66.4482356385364
index,ks_i22_price_exp_q,na,1996-04-01,58.408299636248216
index,ks_i22_price_exp_q,na,1996-07-01,54.52499308081403
index,ks_i22_price_exp_q,na,1996-10-01,49.80616662455087
index,ks_i22_price_exp_q,na,1997-01-01,35.50668614859981
index,ks_i22_price_exp_q,na,1997-04-01,35.92048875928785
index,ks_i22_price_exp_q,na,1997-07-01,40.15713905486667
index,ks_i22_price_exp_q,na,1997-10-01,53.71713999735154
index,ks_i22_price_exp_q,na,1998-01-01,43.64458739248732
index,ks_i22_price_exp_q,na,1998-04-01,48.22363858947864
index,ks_i22_price_exp_q,na,1998-07-01,49.29695570810014
index,ks_i22_price_exp_q,na,1998-10-01,55.212313290775185
index,ks_i22_price_exp_q,na,1999-01-01,58.166760388413266
index,ks_i22_price_exp_q,na,1999-04-01,57.815805756344176
index,ks_i22_price_exp_q,na,1999-07-01,56.271800434071594
index,ks_i22_price_exp_q,na,1999-10-01,67.694643336557
index,ks_i22_price_exp_q,na,2000-01-01,75.86646047389138
index,ks_i22_price_exp_q,na,2000-04-01,71.92677771125757
index,ks_i22_price_exp_q,na,2000-07-01,85.53514785698201
index,ks_i22_price_exp_q,na,2000-10-01,93.45925829839696
index,ks_i22_price_exp_q,na,2001-01-01,88.00180034636367
index,ks_i22_price_exp_q,na,2001-04-01,85.4674310199703
index,ks_i22_price_exp_q,na,2001-07-01,90.75699139890506
index,ks_i22_price_exp_q,na,2001-10-01,85.00007933635503
index,ks_i22_price_exp_q,na,2002-01-01,74.32921760932223
index,ks_i22_price_exp_q,na,2002-04-01,78.53241179808784
index,ks_i22_price_exp_q,na,2002-07-01,83.84723994102
index,ks_i22_price_exp_q,na,2002-10-01,76.01481321742052
index,ks_i22_price_exp_q,na,2003-01-01,68.06475408130751
index,ks_i22_price_exp_q,na,2003-04-01,66.80027716029171
index,ks_i22_price_exp_q,na,2003-07-01,56.23866613526884
index,ks_i22_price_exp_q,na,2003-10-01,83.97853423134283
index,ks_i22_price_exp_q,na,2004-01-01,75.22394914666509
index,ks_i22_price_exp_q,na,2004-04-01,66.57209221400588
index,ks_i22_price_exp_q,na,2004-07-01,77.5375297011825
index,ks_i22_price_exp_q,na,2004-10-01,85.7603235205578
index,ks_i22_price_exp_q,na,2005-01-01,59.811336300707595
index,ks_i22_price_exp_q,na,2005-04-01,47.59477468177505
index,ks_i22_price_exp_q,na,2005-07-01,65.2385143378227
index,ks_i22_price_exp_q,na,2005-10-01,68.39591822521238
index,ks_i22_price_exp_q,na,2006-01-01,57.61404250451107
index,ks_i22_price_exp_q,na,2006-04-01,61.543717722544145
index,ks_i22_price_exp_q,na,2006-07-01,68.3726965121616
index,ks_i22_price_exp_q,na,2006-10-01,72.30987804028729
index,ks_i22_price_exp_q,na,2007-01-01,58.543519291815926
index,ks_i22_price_exp_q,na,2007-04-01,59.99278373596323
index,ks_i22_price_exp_q,na,2007-07-01,75.47048801488734
index,ks_i22_price_exp_q,na,2007-10-01,101.35564587173172
index,ks_i22_price_exp_q,na,2008-01-01,102.26795710834406
index,ks_i22_price_exp_q,na,2008-04-01,96.96514606677538
index,ks_i22_price_exp_q,na,2008-07-01,118.2885800494739
index,ks_i22_price_exp_q,na,2008-10-01,92.55635707668732
index,ks_i22_price_exp_q,na,2009-01-01,10.381043469765643
index,ks_i22_price_exp_q,na,2009-04-01,24.42563269912531
index,ks_i22_price_exp_q,na,2009-07-01,43.55788521921636
index,ks_i22_price_exp_q,na,2009-10-01,57.88223727054863
index,ks_i22_price_exp_q,na,2010-01-01,54.22642226377319
index,ks_i22_price_exp_q,na,2010-04-01,69.36352375543743
index,ks_i22_price_exp_q,na,2010-07-01,52.39682402727637
index,ks_i22_price_exp_q,na,2010-10-01,68.56839844760025
index,ks_i22_price_exp_q,na,2011-01-01,57.4600114047216
index,ks_i22_price_exp_q,na,2011-04-01,86.66356431890081
index,ks_i22_price_exp_q,na,2011-07-01,54.97870158835718
index,ks_i22_price_exp_q,na,2011-10-01,28.20534973767436
index,ks_i22_price_exp_q,na,2012-01-01,42.392094133434185
index,ks_i22_price_exp_q,na,2012-04-01,50.90711570565587
index,ks_i22_price_exp_q,na,2012-07-01,49.30021585122043
index,ks_i22_price_exp_q,na,2012-10-01,56.218523417165315
index,ks_i22_price_exp_q,na,2013-01-01,53.08897383727049
index,ks_i22_price_exp_q,na,2013-04-01,51.50180214371581
index,ks_i22_price_exp_q,na,2013-07-01,70.5875362294499
index,ks_i22_price_exp_q,na,2013-10-01,71.57223416267723
index,ks_i22_price_exp_q,na,2014-01-01,70.12207076398442
index,ks_i22_price_exp_q,na,2014-04-01,66.64006763409398
index,ks_i22_price_exp_q,na,2014-07-01,72.19193841556952
index,ks_i22_price_exp_q,na,2014-10-01,70.63665470701437
index,ks_i22_price_exp_q,na,2015-01-01,46.7116206538176
index,ks_i22_price_exp_q,na,2015-04-01,23.20910411940745
index,ks_i22_price_exp_q,na,2015-07-01,35.16812718309784
index,ks_i22_price_exp_q,na,2015-10-01,53.09955111240168
index,ks_i22_price_exp_q,na,2016-01-01,33.40646915200976
index,ks_i22_price_exp_q,na,2016-04-01,39.78019042210408
index,ks_i22_price_exp_q,na,2016-07-01,48.95051060278696
index,ks_i22_price_exp_q,na,2016-10-01,61.55481930199612
index,ks_i22_price_exp_q,na,2017-01-01,59.0251079267839
index,ks_i22_price_exp_q,na,2017-04-01,55.64617977865949
index,ks_i22_price_exp_q,na,2017-07-01,61.922606239218695
index,ks_i22_price_exp_q,na,2017-10-01,73.69788414642764
index,ks_i22_price_exp_q,na,2018-01-01,61.20153389217782
index,ks_i22_price_exp_q,na,2018-04-01,70.32999525702246
index,ks_i22_price_exp_q,na,2018-07-01,76.09547557844884
index,ks_i22_price_exp_q,na,2018-10-01,73.39004462019358
index,ks_i22_price_exp_q,na,2019-01-01,71.35372694847081
index,ks_i22_price_exp_q,na,2019-04-01,65.40446717464687
index,ks_i22_price_exp_q,na,2019-07-01,65.92037109849306
index,ks_i22_price_exp_q,na,2019-10-01,69.52875900562412
index,ks_i22_price_exp_q,na,2020-01-01,69.57608625167258
index,ks_i22_price_exp_q,na,2020-04-01,72.88175226959427
index,ks_i22_price_exp_q,na,2020-07-01,61.79701078218581
index,ks_i22_price_exp_q,na,2020-10-01,57.169238281611456
index,ks_i22_price_exp_q,na,2021-01-01,58.77963489548221
index,ks_i22_price_exp_q,na,2021-04-01,74.9820882617972
index,ks_i22_price_exp_q,na,2021-07-01,92.60533716291349
index,ks_i22_price_exp_q,na,2021-10-01,96.20811921845392
index,ks_i22_price_exp_q,na,2022-01-01,108.49207993294334
index,ks_i22_price_exp_q,na,2022-04-01,136.57183286865836
index,ks_i22_price_exp_q,na,2022-07-01,133.90377851675328
index,ks_i22_price_exp_q,na,2022-10-01,125.9806566225703
index,ks_i22_price_exp_q,na,2023-01-01,104.86468450333552
index,ks_i22_price_exp_q,na,2023-04-01,98.53431218006462
index,ks_i22_price_exp_q,na,2023-07-01,97.53005150013854
index,ks_i22_price_exp_q,na,2023-10-01,115.36875206428756
index,ks_i22_price_exp_q,na,2024-01-01,104.77950596436288
index,ks_i22_price_exp_q,na,2024-04-01,95.92457034668531
index,ks_i22_price_exp_q,na,2024-07-01,96.84912608283165
index,ks_i22_price_exp_q,na,2024-10-01,98.94353247319108
index,ks_i22_price_exp_q,na,2025-01-01,92.73982464104736
index,ks_i22_price_exp_q,na,2025-04-01,109.47481816510444
index,ks_i22_price_exp_q,na,2025-07-01,96.17289549499736
index,ks_i22_price_exp_q,na,2025-10-01,102.85826419532198
index,ks_i22_price_exp_q,na,2026-01-01,97.5569051470962
index,ks_i22_price_exp_q,na,2026-04-01,117.77545894487636
index,ks_i31_job_secure_q,csa,1972-10-01,-2.57449650197169
index,ks_i31_job_secure_q,csa,1973-01-01,26.4140964484057
index,ks_i31_job_secure_q,csa,1973-04-01,-2.62717657150344
index,ks_i31_job_secure_q,csa,1973-07-01,-6.73368125855785
index,ks_i31_job_secure_q,csa,1973-10-01,7.44851982504687
index,ks_i31_job_secure_q,csa,1974-01-01,-18.4851947717651
index,ks_i31_job_secure_q,csa,1974-04-01,-20.1922192619876
index,ks_i31_job_secure_q,csa,1974-07-01,-37.2090906486466
index,ks_i31_job_secure_q,csa,1974-10-01,-66.8619837884688
index,ks_i31_job_secure_q,csa,1975-01-01,-81.0908999130222
index,ks_i31_job_secure_q,csa,1975-04-01,-89.9526574443221
index,ks_i31_job_secure_q,csa,1975-07-01,-90.1890912863282
index,ks_i31_job_secure_q,csa,1975-10-01,-92.4340467986122
index,ks_i31_job_secure_q,csa,1976-01-01,-94.8633544667869
index,ks_i31_job_secure_q,csa,1976-04-01,-45.219319470866
index,ks_i31_job_secure_q,csa,1976-07-01,-17.0786204957158
index,ks_i31_job_secure_q,csa,1976-10-01,-23.4561763126566
index,ks_i31_job_secure_q,csa,1977-01-01,-56.8918673627558
index,ks_i31_job_secure_q,csa,1977-04-01,-20.0985965517418
index,ks_i31_job_secure_q,csa,1977-07-01,9.64950925642267
index,ks_i31_job_secure_q,csa,1977-10-01,18.6046920067055
index,ks_i31_job_secure_q,csa,1978-01-01,14.1484548529534
index,ks_i31_job_secure_q,csa,1978-04-01,-1.659614731484
index,ks_i31_job_secure_q,csa,1978-07-01,6.3848361105691
index,ks_i31_job_secure_q,csa,1978-10-01,-73.0048610947461
index,ks_i31_job_secure_q,csa,1979-01-01,-45.1989425965896
index,ks_i31_job_secure_q,csa,1979-04-01,-6.15129464709928
index,ks_i31_job_secure_q,csa,1979-07-01,1.3470207942446
index,ks_i31_job_secure_q,csa,1979-10-01,12.2433075745603
index,ks_i31_job_secure_q,csa,1980-01-01,36.1436925019954
index,ks_i31_job_secure_q,csa,1980-04-01,34.5014735219893
index,ks_i31_job_secure_q,csa,1980-07-01,37.5429216810835
index,ks_i31_job_secure_q,csa,1980-10-01,12.6706665162146
index,ks_i31_job_secure_q,csa,1981-01-01,14.3671204086894
index,ks_i31_job_secure_q,csa,1981-04-01,7.68734286421706
index,ks_i31_job_secure_q,csa,1981-07-01,-0.17652528350007
index,ks_i31_job_secure_q,csa,1981-10-01,-13.9940097214839
index,ks_i31_job_secure_q,csa,1982-01-01,-58.4510079953773
index,ks_i31_job_secure_q,csa,1982-04-01,-74.460681375204
index,ks_i31_job_secure_q,csa,1982-07-01,-90.9504807715747
index,ks_i31_job_secure_q,csa,1982-10-01,-115.359524768959
index,ks_i31_job_secure_q,csa,1983-01-01,-109.081932307904
index,ks_i31_job_secure_q,csa,1983-04-01,-75.6788545165341
index,ks_i31_job_secure_q,csa,1983-07-01,-73.1873448664707
index,ks_i31_job_secure_q,csa,1983-10-01,-75.4552148230266
index,ks_i31_job_secure_q,csa,1984-01-01,-70.9575408379563
index,ks_i31_job_secure_q,csa,1984-04-01,-69.6777963486045
index,ks_i31_job_secure_q,csa,1984-07-01,-63.0987548255692
index,ks_i31_job_secure_q,csa,1984-10-01,-36.6804671029264
index,ks_i31_job_secure_q,csa,1985-01-01,-39.1719925776349
index,ks_i31_job_secure_q,csa,1985-04-01,-27.6296601697522
index,ks_i31_job_secure_q,csa,1985-07-01,-20.1601655270457
index,ks_i31_job_secure_q,csa,1985-10-01,3.88271933595685
index,ks_i31_job_secure_q,csa,1986-01-01,10.956622527218
index,ks_i31_job_secure_q,csa,1986-04-01,26.3878040525389
index,ks_i31_job_secure_q,csa,1986-07-01,15.2752404095161
index,ks_i31_job_secure_q,csa,1986-10-01,15.4629280121069
index,ks_i31_job_secure_q,csa,1987-01-01,10.5716859235875
index,ks_i31_job_secure_q,csa,1987-04-01,-4.69250971905157
index,ks_i31_job_secure_q,csa,1987-07-01,8.27157796715109
index,ks_i31_job_secure_q,csa,1987-10-01,-2.9861629644503
index,ks_i31_job_secure_q,csa,1988-01-01,-24.0765041202184
index,ks_i31_job_secure_q,csa,1988-04-01,-56.6248858307194
index,ks_i31_job_secure_q,csa,1988-07-01,-41.4324331110845
index,ks_i31_job_secure_q,csa,1988-10-01,-9.89253142576742
index,ks_i31_job_secure_q,csa,1989-01-01,35.1917703217554
index,ks_i31_job_secure_q,csa,1989-04-01,38.9219232639131
index,ks_i31_job_secure_q,csa,1989-07-01,37.3478777121925
index,ks_i31_job_secure_q,csa,1989-10-01,43.1302065284855
index,ks_i31_job_secure_q,csa,1990-01-01,36.4156792802429
index,ks_i31_job_secure_q,csa,1990-04-01,33.7231753496577
index,ks_i31_job_secure_q,csa,1990-07-01,24.9154292709288
index,ks_i31_job_secure_q,csa,1990-10-01,-8.31284185152079
index,ks_i31_job_secure_q,csa,1991-01-01,-41.1257274877551
index,ks_i31_job_secure_q,csa,1991-04-01,-59.943387857617
index,ks_i31_job_secure_q,csa,1991-07-01,-93.2474062463972
index,ks_i31_job_secure_q,csa,1991-10-01,-109.917971197767
index,ks_i31_job_secure_q,csa,1992-01-01,-125.756036121283
index,ks_i31_job_secure_q,csa,1992-04-01,-125.569126323861
index,ks_i31_job_secure_q,csa,1992-07-01,-136.225546072968
index,ks_i31_job_secure_q,csa,1992-10-01,-146.829190540451
index,ks_i31_job_secure_q,csa,1993-01-01,-130.687969105672
index,ks_i31_job_secure_q,csa,1993-04-01,-142.623060767516
index,ks_i31_job_secure_q,csa,1993-07-01,-147.252396235312
index,ks_i31_job_secure_q,csa,1993-10-01,-136.981578288765
index,ks_i31_job_secure_q,csa,1994-01-01,-118.946304429983
index,ks_i31_job_secure_q,csa,1994-04-01,-88.9866414329058
index,ks_i31_job_secure_q,csa,1994-07-01,-78.7735800468112
index,ks_i31_job_secure_q,csa,1994-10-01,-56.1184801383545
index,ks_i31_job_secure_q,csa,1995-01-01,-46.5118655201892
index,ks_i31_job_secure_q,csa,1995-04-01,-65.150914445343
index,ks_i31_job_secure_q,csa,1995-07-01,-80.5764964593124
index,ks_i31_job_secure_q,csa,1995-10-01,-84.7968500985771
index,ks_i31_job_secure_q,csa,1996-01-01,-89.4377660274498
index,ks_i31_job_secure_q,csa,1996-04-01,-124.359126906727
index,ks_i31_job_secure_q,csa,1996-07-01,-136.852974316392
index,ks_i31_job_secure_q,csa,1996-10-01,-142.065746861003
index,ks_i31_job_secure_q,csa,1997-01-01,-136.085090325623
index,ks_i31_job_secure_q,csa,1997-04-01,-129.426397147614
index,ks_i31_job_secure_q,csa,1997-07-01,-96.3387461647415
index,ks_i31_job_secure_q,csa,1997-10-01,-87.8081195166342
index,ks_i31_job_secure_q,csa,1998-01-01,-114.820881730342
index,ks_i31_job_secure_q,csa,1998-04-01,-96.9528624828428
index,ks_i31_job_secure_q,csa,1998-07-01,-70.5757843710351
index,ks_i31_job_secure_q,csa,1998-10-01,-58.8303561658419
index,ks_i31_job_secure_q,csa,1999-01-01,-55.2332210681862
index,ks_i31_job_secure_q,csa,1999-04-01,-62.0476714656946
index,ks_i31_job_secure_q,csa,1999-07-01,-55.1051753582522
index,ks_i31_job_secure_q,csa,1999-10-01,-32.9210249086809
index,ks_i31_job_secure_q,csa,2000-01-01,-29.8512046910576
index,ks_i31_job_secure_q,csa,2000-04-01,-26.7398559679226
index,ks_i31_job_secure_q,csa,2000-07-01,5.19158915273784
index,ks_i31_job_secure_q,csa,2000-10-01,18.9812225132002
index,ks_i31_job_secure_q,csa,2001-01-01,26.2673244369439
index,ks_i31_job_secure_q,csa,2001-04-01,5.40492954315621
index,ks_i31_job_secure_q,csa,2001-07-01,-2.14748856445732
index,ks_i31_job_secure_q,csa,2001-10-01,-66.9461974670418
index,ks_i31_job_secure_q,csa,2002-01-01,-69.9657988492516
index,ks_i31_job_secure_q,csa,2002-04-01,-60.5290755407472
index,ks_i31_job_secure_q,csa,2002-07-01,-74.3853909614558
index,ks_i31_job_secure_q,csa,2002-10-01,-107.803612514695
index,ks_i31_job_secure_q,csa,2003-01-01,-107.315261733809
index,ks_i31_job_secure_q,csa,2003-04-01,-114.28002794259
index,ks_i31_job_secure_q,csa,2003-07-01,-123.485521491902
index,ks_i31_job_secure_q,csa,2003-10-01,-114.778721402292
index,ks_i31_job_secure_q,csa,2004-01-01,-103.761862896343
index,ks_i31_job_secure_q,csa,2004-04-01,-93.4923069577435
index,ks_i31_job_secure_q,csa,2004-07-01,-90.2825372127871
index,ks_i31_job_secure_q,csa,2004-10-01,-92.9668090978592
index,ks_i31_job_secure_q,csa,2005-01-01,-94.0892282186481
index,ks_i31_job_secure_q,csa,2005-04-01,-96.9006762812726
index,ks_i31_job_secure_q,csa,2005-07-01,-104.107184996663
index,ks_i31_job_secure_q,csa,2005-10-01,-96.2141579194897
index,ks_i31_job_secure_q,csa,2006-01-01,-82.0219109380752
index,ks_i31_job_secure_q,csa,2006-04-01,-68.122531639578
index,ks_i31_job_secure_q,csa,2006-07-01,-46.1968841608655
index,ks_i31_job_secure_q,csa,2006-10-01,-40.7002881037247
index,ks_i31_job_secure_q,csa,2007-01-01,-33.0970363099088
index,ks_i31_job_secure_q,csa,2007-04-01,-23.7557584838743
index,ks_i31_job_secure_q,csa,2007-07-01,-28.8244105056109
index,ks_i31_job_secure_q,csa,2007-10-01,-9.26581823320131
index,ks_i31_job_secure_q,csa,2008-01-01,-9.27883672603145
index,ks_i31_job_secure_q,csa,2008-04-01,-24.1684675867017
index,ks_i31_job_secure_q,csa,2008-07-01,-19.9404983500288
index,ks_i31_job_secure_q,csa,2008-10-01,-56.1813295097734
index,ks_i31_job_secure_q,csa,2009-01-01,-93.5087426215907
index,ks_i31_job_secure_q,csa,2009-04-01,-123.525533680086
index,ks_i31_job_secure_q,csa,2009-07-01,-123.919190350941
index,ks_i31_job_secure_q,csa,2009-10-01,-113.286350839578
index,ks_i31_job_secure_q,csa,2010-01-01,-101.490577137464
index,ks_i31_job_secure_q,csa,2010-04-01,-68.7772684033616
index,ks_i31_job_secure_q,csa,2010-07-01,-53.3622617990336
index,ks_i31_job_secure_q,csa,2010-10-01,-47.435261953635
index,ks_i31_job_secure_q,csa,2011-01-01,-39.4735648333308
index,ks_i31_job_secure_q,csa,2011-04-01,-20.1481476654889
index,ks_i31_job_secure_q,csa,2011-07-01,-52.2556913328082
index,ks_i31_job_secure_q,csa,2011-10-01,-66.912312253595
index,ks_i31_job_secure_q,csa,2012-01-01,-72.8872220178814
index,ks_i31_job_secure_q,csa,2012-04-01,-61.5222709547924
index,ks_i31_job_secure_q,csa,2012-07-01,-70.4319431262365
index,ks_i31_job_secure_q,csa,2012-10-01,-65.3400902210758
index,ks_i31_job_secure_q,csa,2013-01-01,-69.1785233536586
index,ks_i31_job_secure_q,csa,2013-04-01,-62.6137558905443
index,ks_i31_job_secure_q,csa,2013-07-01,-66.804353781914
index,ks_i31_job_secure_q,csa,2013-10-01,-48.3837656117601
index,ks_i31_job_secure_q,csa,2014-01-01,-52.30092898991
index,ks_i31_job_secure_q,csa,2014-04-01,-44.1970765312362
index,ks_i31_job_secure_q,csa,2014-07-01,-46.9386171902238
index,ks_i31_job_secure_q,csa,2014-10-01,-50.9432293135693
index,ks_i31_job_secure_q,csa,2015-01-01,-49.7335096356751
index,ks_i31_job_secure_q,csa,2015-04-01,-67.8878740254454
index,ks_i31_job_secure_q,csa,2015-07-01,-74.3616434407037
index,ks_i31_job_secure_q,csa,2015-10-01,-79.0828593002389
index,ks_i31_job_secure_q,csa,2016-01-01,-78.1862121136442
index,ks_i31_job_secure_q,csa,2016-04-01,-83.763082218504
index,ks_i31_job_secure_q,csa,2016-07-01,-74.2135249557346
index,ks_i31_job_secure_q,csa,2016-10-01,-74.1811369057656
index,ks_i31_job_secure_q,csa,2017-01-01,-61.771464858244
index,ks_i31_job_secure_q,csa,2017-04-01,-60.2038019259624
index,ks_i31_job_secure_q,csa,2017-07-01,-59.6024342836928
index,ks_i31_job_secure_q,csa,2017-10-01,-52.6782069752944
index,ks_i31_job_secure_q,csa,2018-01-01,-44.9359202796303
index,ks_i31_job_secure_q,csa,2018-04-01,-43.8453008800715
index,ks_i31_job_secure_q,csa,2018-07-01,-42.7987993068507
index,ks_i31_job_secure_q,csa,2018-10-01,-37.7845334919975
index,ks_i31_job_secure_q,csa,2019-01-01,-33.0404203228688
index,ks_i31_job_secure_q,csa,2019-04-01,-44.4078980394707
index,ks_i31_job_secure_q,csa,2019-07-01,-43.5745887687204
index,ks_i31_job_secure_q,csa,2019-10-01,-43.6876319804318
index,ks_i31_job_secure_q,csa,2020-01-01,-41.1927543779016
index,ks_i31_job_secure_q,csa,2020-04-01,-70.0470976469328
index,ks_i31_job_secure_q,csa,2020-07-01,-110.964420146965
index,ks_i31_job_secure_q,csa,2020-10-01,-117.148591351781
index,ks_i31_job_secure_q,csa,2021-01-01,-119.436249430682
index,ks_i31_job_secure_q,csa,2021-04-01,-116.44941439868
index,ks_i31_job_secure_q,csa,2021-07-01,-83.4226138201343
index,ks_i31_job_secure_q,csa,2021-10-01,-69.4486444293543
index,ks_i31_job_secure_q,csa,2022-01-01,-56.1882999411321
index,ks_i31_job_secure_q,csa,2022-04-01,-27.6991361468217
index,ks_i31_job_secure_q,csa,2022-07-01,-23.4156830769584
index,ks_i31_job_secure_q,csa,2022-10-01,-20.6537468950269
index,ks_i31_job_secure_q,csa,2023-01-01,4.51494678023581
index,ks_i31_job_secure_q,csa,2023-04-01,-19.8901260622775
index,ks_i31_job_secure_q,csa,2023-07-01,1.44525856538702
index,ks_i31_job_secure_q,csa,2023-10-01,-20.5230732036394
index,ks_i31_job_secure_q,csa,2024-01-01,-14.1622973834541
index,ks_i31_job_secure_q,csa,2024-04-01,-22.3277127045417
index,ks_i31_job_secure_q,csa,2024-07-01,-24.9196248968591
index,ks_i31_job_secure_q,csa,2024-10-01,-30.6971669916247
index,ks_i31_job_secure_q,csa,2025-01-01,-32.196765974577
index,ks_i31_job_secure_q,csa,2025-04-01,-45.9983205142935
index,ks_i31_job_secure_q,csa,2025-07-01,-48.1652632406399
index,ks_i31_job_secure_q,csa,2025-10-01,-50.5232177418907
index,ks_i31_job_secure_q,csa,2026-01-01,-59.9990608617647
index,ks_i31_job_secure_q,csa,2026-04-01,-61.0144493731446
index,ks_i31_job_secure_q,na,1972-10-01,-0.7620137531880085
index,ks_i31_job_secure_q,na,1973-01-01,18.031023795271892
index,ks_i31_job_secure_q,na,1973-04-01,-3.042070240836604
index,ks_i31_job_secure_q,na,1973-07-01,0.3056309085886828
index,ks_i31_job_secure_q,na,1973-10-01,9.238964241922016
index,ks_i31_job_secure_q,na,1974-01-01,-26.97328065603717
index,ks_i31_job_secure_q,na,1974-04-01,-20.55458414517476
index,ks_i31_job_secure_q,na,1974-07-01,-30.06890092661731
index,ks_i31_job_secure_q,na,1974-10-01,-65.11103575807799
index,ks_i31_job_secure_q,na,1975-01-01,-89.69436909141132
index,ks_i31_job_secure_q,na,1975-04-01,-90.27204278383913
index,ks_i31_job_secure_q,na,1975-07-01,-82.96817861522085
index,ks_i31_job_secure_q,na,1975-10-01,-90.71901241177449
index,ks_i31_job_secure_q,na,1976-01-01,-103.53235049911385
index,ks_i31_job_secure_q,na,1976-04-01,-45.52069962362419
index,ks_i31_job_secure_q,na,1976-07-01,-9.81395055628426
index,ks_i31_job_secure_q,na,1976-10-01,-21.748632657302792
index,ks_i31_job_secure_q,na,1977-01-01,-65.50166075807799
index,ks_i31_job_secure_q,na,1977-04-01,-20.431485855925335
index,ks_i31_job_secure_q,na,1977-07-01,16.814639917597688
index,ks_i31_job_secure_q,na,1977-10-01,20.269161178464685
index,ks_i31_job_secure_q,na,1978-01-01,5.76251636547414
index,ks_i31_job_secure_q,na,1978-04-01,-1.9765865140175087
index,ks_i31_job_secure_q,na,1978-07-01,13.3734775162583
index,ks_i31_job_secure_q,na,1978-10-01,-71.46477019791202
index,ks_i31_job_secure_q,na,1979-01-01,-53.3525611818068
index,ks_i31_job_secure_q,na,1979-04-01,-6.4252755867717735
index,ks_i31_job_secure_q,na,1979-07-01,8.194772897958462
index,ks_i31_job_secure_q,na,1979-10-01,13.701857323683024
index,ks_i31_job_secure_q,na,1980-01-01,28.205893375780285
index,ks_i31_job_secure_q,na,1980-04-01,34.225335081858624
index,ks_i31_job_secure_q,na,1980-07-01,44.23928019768821
index,ks_i31_job_secure_q,na,1980-10-01,14.098552197548006
index,ks_i31_job_secure_q,na,1981-01-01,6.6255759823957545
index,ks_i31_job_secure_q,na,1981-04-01,7.375444084596549
index,ks_i31_job_secure_q,na,1981-07-01,6.349807615415992
index,ks_i31_job_secure_q,na,1981-10-01,-12.553381194780632
index,ks_i31_job_secure_q,na,1982-01-01,-65.96887889533289
index,ks_i31_job_secure_q,na,1982-04-01,-74.80763769982556
index,ks_i31_job_secure_q,na,1982-07-01,-84.64675004379228
index,ks_i31_job_secure_q,na,1982-10-01,-113.9298866602622
index,ks_i31_job_secure_q,na,1983-01-01,-116.34227403199918
index,ks_i31_job_secure_q,na,1983-04-01,-76.07257421961646
index,ks_i31_job_secure_q,na,1983-07-01,-67.11575273921007
index,ks_i31_job_secure_q,na,1983-10-01,-73.98008337712561
index,ks_i31_job_secure_q,na,1984-01-01,-77.9052918786053
index,ks_i31_job_secure_q,na,1984-04-01,-70.18401127596877
index,ks_i31_job_secure_q,na,1984-07-01,-57.301534798385084
index,ks_i31_job_secure_q,na,1984-10-01,-35.161410640927095
index,ks_i31_job_secure_q,na,1985-01-01,-45.77964040924077
index,ks_i31_job_secure_q,na,1985-04-01,-28.236643143889452
index,ks_i31_job_secure_q,na,1985-07-01,-14.61271683396655
index,ks_i31_job_secure_q,na,1985-10-01,5.395061802897626
index,ks_i31_job_secure_q,na,1986-01-01,4.690589480927752
index,ks_i31_job_secure_q,na,1986-04-01,25.689254377318537
index,ks_i31_job_secure_q,na,1986-07-01,20.61639309373752
index,ks_i31_job_secure_q,na,1986-10-01,16.946204946422995
index,ks_i31_job_secure_q,na,1987-01-01,4.638964241922016
index,ks_i31_job_secure_q,na,1987-04-01,-5.506164982730072
index,ks_i31_job_secure_q,na,1987-07-01,13.411915870747288
index,ks_i31_job_secure_q,na,1987-10-01,-1.5368170080779835
index,ks_i31_job_secure_q,na,1988-01-01,-29.66123456523503
index,ks_i31_job_secure_q,na,1988-04-01,-57.50444661079115
index,ks_i31_job_secure_q,na,1988-07-01,-36.53197592901815
index,ks_i31_job_secure_q,na,1988-10-01,-8.549135566139404
index,ks_i31_job_secure_q,na,1989-01-01,29.919157478636997
index,ks_i31_job_secure_q,na,1989-04-01,38.09193928990666
index,ks_i31_job_secure_q,na,1989-07-01,42.085752353139654
index,ks_i31_job_secure_q,na,1989-10-01,44.357527116173515
index,ks_i31_job_secure_q,na,1990-01-01,31.354700282531148
index,ks_i31_job_secure_q,na,1990-04-01,32.9246785276363
index,ks_i31_job_secure_q,na,1990-07-01,29.51309011604789
index,ks_i31_job_secure_q,na,1990-10-01,-7.174527821570047
index,ks_i31_job_secure_q,na,1991-01-01,-45.96421036125259
index,ks_i31_job_secure_q,na,1991-04-01,-60.73093603006347
index,ks_i31_job_secure_q,na,1991-07-01,-88.8228678191467
index,ks_i31_job_secure_q,na,1991-10-01,-108.8725352980964
index,ks_i31_job_secure_q,na,1992-01-01,-130.3399089975146
index,ks_i31_job_secure_q,na,1992-04-01,-126.361035758078
index,ks_i31_job_secure_q,na,1992-07-01,-131.96989184663886
index,ks_i31_job_secure_q,na,1992-10-01,-145.8513045254552
index,ks_i31_job_secure_q,na,1993-01-01,-135.01417228944328
index,ks_i31_job_secure_q,na,1993-04-01,-143.4470672104369
index,ks_i31_job_secure_q,na,1993-07-01,-143.1517334324966
index,ks_i31_job_secure_q,na,1993-10-01,-136.0508167799758
index,ks_i31_job_secure_q,na,1994-01-01,-123.05241666632638
index,ks_i31_job_secure_q,na,1994-04-01,-89.86997272891524
index,ks_i31_job_secure_q,na,1994-07-01,-74.79055326044318
index,ks_i31_job_secure_q,na,1994-10-01,-55.19580175616776
index,ks_i31_job_secure_q,na,1995-01-01,-50.40754738598496
index,ks_i31_job_secure_q,na,1995-04-01,-66.10509425899207
index,ks_i31_job_secure_q,na,1995-07-01,-76.69191811101916
index,ks_i31_job_secure_q,na,1995-10-01,-83.9058386254615
index,ks_i31_job_secure_q,na,1996-01-01,-93.17960841499976
index,ks_i31_job_secure_q,na,1996-04-01,-125.36501982182304
index,ks_i31_job_secure_q,na,1996-07-01,-133.0126194684852
index,ks_i31_job_secure_q,na,1996-10-01,-141.21700283626728
index,ks_i31_job_secure_q,na,1997-01-01,-139.74189115522665
index,ks_i31_job_secure_q,na,1997-04-01,-130.45905452762958
index,ks_i31_job_secure_q,na,1997-07-01,-92.51887584115173
index,ks_i31_job_secure_q,na,1997-10-01,-86.99201090148144
index,ks_i31_job_secure_q,na,1998-01-01,-118.36292433220451
index,ks_i31_job_secure_q,na,1998-04-01,-97.9800833771256
index,ks_i31_job_secure_q,na,1998-07-01,-66.86056450454359
index,ks_i31_job_secure_q,na,1998-10-01,-58.111749364167416
index,ks_i31_job_secure_q,na,1999-01-01,-58.5832579803002
index,ks_i31_job_secure_q,na,1999-04-01,-62.99601674667114
index,ks_i31_job_secure_q,na,1999-07-01,-51.530208690408806
index,ks_i31_job_secure_q,na,1999-10-01,-32.37265240861041
index,ks_i31_job_secure_q,na,2000-01-01,-33.01175346142727
index,ks_i31_job_secure_q,na,2000-04-01,-27.556371035045913
index,ks_i31_job_secure_q,na,2000-07-01,8.638964241922016
index,ks_i31_job_secure_q,na,2000-10-01,19.32144246070227
index,ks_i31_job_secure_q,na,2001-01-01,23.288769689392836
index,ks_i31_job_secure_q,na,2001-04-01,4.79059571984908
index,ks_i31_job_secure_q,na,2001-07-01,1.1721710730415609
index,ks_i31_job_secure_q,na,2001-10-01,-66.87016159861594
index,ks_i31_job_secure_q,na,2002-01-01,-72.80891220595444
index,ks_i31_job_secure_q,na,2002-04-01,-60.91434987911544
index,ks_i31_job_secure_q,na,2002-07-01,-71.1664832288951
index,ks_i31_job_secure_q,na,2002-10-01,-107.94982080480696
index,ks_i31_job_secure_q,na,2003-01-01,-110.03216386515255
index,ks_i31_job_secure_q,na,2003-04-01,-114.49187687957333
index,ks_i31_job_secure_q,na,2003-07-01,-120.3949660125549
index,ks_i31_job_secure_q,na,2003-10-01,-115.09926551325692
index,ks_i31_job_secure_q,na,2004-01-01,-106.34220336636425
index,ks_i31_job_secure_q,na,2004-04-01,-93.54941438975558
index,ks_i31_job_secure_q,na,2004-07-01,-87.30407964229835
index,ks_i31_job_secure_q,na,2004-10-01,-93.43374586194956
index,ks_i31_job_secure_q,na,2005-01-01,-96.5460496341187
index,ks_i31_job_secure_q,na,2005-04-01,-96.82788916610788
index,ks_i31_job_secure_q,na,2005-07-01,-101.24366486605922
index,ks_i31_job_secure_q,na,2005-10-01,-96.8265851063089
index,ks_i31_job_secure_q,na,2006-01-01,-84.36478458656909
index,ks_i31_job_secure_q,na,2006-04-01,-67.92412427031904
index,ks_i31_job_secure_q,na,2006-07-01,-43.43116063800114
index,ks_i31_job_secure_q,na,2006-10-01,-41.43679333383556
index,ks_i31_job_secure_q,na,2007-01-01,-35.31956999144346
index,ks_i31_job_secure_q,na,2007-04-01,-23.442375470996645
index,ks_i31_job_secure_q,na,2007-07-01,-26.16872806577029
index,ks_i31_job_secure_q,na,2007-10-01,-10.137529014340029
index,ks_i31_job_secure_q,na,2008-01-01,-11.38495920305406
index,ks_i31_job_secure_q,na,2008-04-01,-23.721344043241757
index,ks_i31_job_secure_q,na,2008-07-01,-17.37765354888932
index,ks_i31_job_secure_q,na,2008-10-01,-57.19753765921867
index,ks_i31_job_secure_q,na,2009-01-01,-95.50470845075164
index,ks_i31_job_secure_q,na,2009-04-01,-122.92930144073482
index,ks_i31_job_secure_q,na,2009-07-01,-121.50281269569614
index,ks_i31_job_secure_q,na,2009-10-01,-114.49187687957333
index,ks_i31_job_secure_q,na,2010-01-01,-103.34668169109236
index,ks_i31_job_secure_q,na,2010-04-01,-67.96835048377578
index,ks_i31_job_secure_q,na,2010-07-01,-51.08507691804056
index,ks_i31_job_secure_q,na,2010-10-01,-48.82615203714775
index,ks_i31_job_secure_q,na,2011-01-01,-41.17189899765121
index,ks_i31_job_secure_q,na,2011-04-01,-19.1714303682801
index,ks_i31_job_secure_q,na,2011-07-01,-50.12551452255674
index,ks_i31_job_secure_q,na,2011-10-01,-68.46319685827444
index,ks_i31_job_secure_q,na,2012-01-01,-74.4121237429408
index,ks_i31_job_secure_q,na,2012-04-01,-60.47463300420535
index,ks_i31_job_secure_q,na,2012-07-01,-68.434768476972
index,ks_i31_job_secure_q,na,2012-10-01,-67.00082541627255
index,ks_i31_job_secure_q,na,2013-01-01,-70.48571551896612
index,ks_i31_job_secure_q,na,2013-04-01,-61.55032477008168
index,ks_i31_job_secure_q,na,2013-07-01,-64.92737591836294
index,ks_i31_job_secure_q,na,2013-10-01,-50.17187138709543
index,ks_i31_job_secure_q,na,2014-01-01,-53.37117089321311
index,ks_i31_job_secure_q,na,2014-04-01,-43.129096594579885
index,ks_i31_job_secure_q,na,2014-07-01,-45.15285731941627
index,ks_i31_job_secure_q,na,2014-10-01,-52.87897101617072
index,ks_i31_job_secure_q,na,2015-01-01,-50.56664323471349
index,ks_i31_job_secure_q,na,2015-04-01,-66.82227226445679
index,ks_i31_job_secure_q,na,2015-07-01,-72.65503161729124
index,ks_i31_job_secure_q,na,2015-10-01,-81.17478933973987
index,ks_i31_job_secure_q,na,2016-01-01,-78.80509772021225
index,ks_i31_job_secure_q,na,2016-04-01,-82.68738033419467
index,ks_i31_job_secure_q,na,2016-07-01,-72.57613400006352
index,ks_i31_job_secure_q,na,2016-10-01,-76.41856212432918
index,ks_i31_job_secure_q,na,2017-01-01,-62.195803400074546
index,ks_i31_job_secure_q,na,2017-04-01,-59.100499359610545
index,ks_i31_job_secure_q,na,2017-07-01,-58.03504456865067
index,ks_i31_job_secure_q,na,2017-10-01,-55.052624543124715
index,ks_i31_job_secure_q,na,2018-01-01,-45.19023686000636
index,ks_i31_job_secure_q,na,2018-04-01,-42.71296708855008
index,ks_i31_job_secure_q,na,2018-07-01,-41.28994571068461
index,ks_i31_job_secure_q,na,2018-10-01,-40.285502096337424
index,ks_i31_job_secure_q,na,2019-01-01,-33.148184352455495
index,ks_i31_job_secure_q,na,2019-04-01,-43.23857022685333
index,ks_i31_job_secure_q,na,2019-07-01,-42.11103575807798
index,ks_i31_job_secure_q,na,2019-10-01,-46.3198834947035
index,ks_i31_job_secure_q,na,2020-01-01,-41.18587652240919
index,ks_i31_job_secure_q,na,2020-04-01,-68.81548377522698
index,ks_i31_job_secure_q,na,2020-07-01,-109.5013475620869
index,ks_i31_job_secure_q,na,2020-10-01,-119.92467212171437
index,ks_i31_job_secure_q,na,2021-01-01,-119.40157629861854
index,ks_i31_job_secure_q,na,2021-04-01,-115.1705595676018
index,ks_i31_job_secure_q,na,2021-07-01,-81.91205616624126
index,ks_i31_job_secure_q,na,2021-10-01,-72.33726665790822
index,ks_i31_job_secure_q,na,2022-01-01,-56.11431255067629
index,ks_i31_job_secure_q,na,2022-04-01,-26.361035758077985
index,ks_i31_job_secure_q,na,2022-07-01,-21.878848516984363
index,ks_i31_job_secure_q,na,2022-10-01,-23.659085897353748
index,ks_i31_job_secure_q,na,2023-01-01,4.62988083977503
index,ks_i31_job_secure_q,na,2023-04-01,-18.518470160410345
index,ks_i31_job_secure_q,na,2023-07-01,3.007385294553595
index,ks_i31_job_secure_q,na,2023-10-01,-23.581112978155204
index,ks_i31_job_secure_q,na,2024-01-01,-14.02923126065214
index,ks_i31_job_secure_q,na,2024-04-01,-20.984395889387905
index,ks_i31_job_secure_q,na,2024-07-01,-23.343243787483654
index,ks_i31_job_secure_q,na,2024-10-01,-33.74369912382664
index,ks_i31_job_secure_q,na,2025-01-01,-32.05220952648398
index,ks_i31_job_secure_q,na,2025-04-01,-44.685325177561324
index,ks_i31_job_secure_q,na,2025-07-01,-46.5836788035824
index,ks_i31_job_secure_q,na,2025-10-01,-53.55353313904535
index,ks_i31_job_secure_q,na,2026-01-01,-59.85960329613555
index,ks_i31_job_secure_q,na,2026-04-01,-59.713873592895986
index,ks_i32_unemp_exp_q,csa,2007-04-01,-7.484540866054297
index,ks_i32_unemp_exp_q,csa,2007-07-01,3.4574997709927917
index,ks_i32_unemp_exp_q,csa,2007-10-01,11.789882419979657
index,ks_i32_unemp_exp_q,csa,2008-01-01,12.65515143439788
index,ks_i32_unemp_exp_q,csa,2008-04-01,24.725541835096337
index,ks_i32_unemp_exp_q,csa,2008-07-01,34.08010593728
index,ks_i32_unemp_exp_q,csa,2008-10-01,75.98946822082173
index,ks_i32_unemp_exp_q,csa,2009-01-01,110.9878324520104
index,ks_i32_unemp_exp_q,csa,2009-04-01,130.4449224969008
index,ks_i32_unemp_exp_q,csa,2009-07-01,117.31089501036708
index,ks_i32_unemp_exp_q,csa,2009-10-01,88.04381518504697
index,ks_i32_unemp_exp_q,csa,2010-01-01,77.21989147280182
index,ks_i32_unemp_exp_q,csa,2010-04-01,8.574712365266029
index,ks_i32_unemp_exp_q,csa,2010-07-01,6.392371837858202
index,ks_i32_unemp_exp_q,csa,2010-10-01,17.61651190110573
index,ks_i32_unemp_exp_q,csa,2011-01-01,11.698567223930644
index,ks_i32_unemp_exp_q,csa,2011-04-01,16.44343090760886
index,ks_i32_unemp_exp_q,csa,2011-07-01,53.86632177877559
index,ks_i32_unemp_exp_q,csa,2011-10-01,72.7082089747125
index,ks_i32_unemp_exp_q,csa,2012-01-01,71.34423616118927
index,ks_i32_unemp_exp_q,csa,2012-04-01,48.89874397039856
index,ks_i32_unemp_exp_q,csa,2012-07-01,61.922280088469016
index,ks_i32_unemp_exp_q,csa,2012-10-01,66.68029451146106
index,ks_i32_unemp_exp_q,csa,2013-01-01,62.21720358977849
index,ks_i32_unemp_exp_q,csa,2013-04-01,47.25397726610043
index,ks_i32_unemp_exp_q,csa,2013-07-01,54.148546737724686
index,ks_i32_unemp_exp_q,csa,2013-10-01,44.66620872055061
index,ks_i32_unemp_exp_q,csa,2014-01-01,39.89579026600849
index,ks_i32_unemp_exp_q,csa,2014-04-01,30.385166503444363
index,ks_i32_unemp_exp_q,csa,2014-07-01,33.58759413610944
index,ks_i32_unemp_exp_q,csa,2014-10-01,50.95893719730869
index,ks_i32_unemp_exp_q,csa,2015-01-01,52.21982608511824
index,ks_i32_unemp_exp_q,csa,2015-04-01,50.91346845983819
index,ks_i32_unemp_exp_q,csa,2015-07-01,64.87295763610466
index,ks_i32_unemp_exp_q,csa,2015-10-01,73.63496309914106
index,ks_i32_unemp_exp_q,csa,2016-01-01,68.24663162385306
index,ks_i32_unemp_exp_q,csa,2016-04-01,70.03978050395845
index,ks_i32_unemp_exp_q,csa,2016-07-01,60.85233907940363
index,ks_i32_unemp_exp_q,csa,2016-10-01,58.09614065052973
index,ks_i32_unemp_exp_q,csa,2017-01-01,48.31940063109332
index,ks_i32_unemp_exp_q,csa,2017-04-01,48.56373802791598
index,ks_i32_unemp_exp_q,csa,2017-07-01,41.220654992791424
index,ks_i32_unemp_exp_q,csa,2017-10-01,39.46892488898519
index,ks_i32_unemp_exp_q,csa,2018-01-01,26.077007557703062
index,ks_i32_unemp_exp_q,csa,2018-04-01,27.72562630372831
index,ks_i32_unemp_exp_q,csa,2018-07-01,35.13541996383633
index,ks_i32_unemp_exp_q,csa,2018-10-01,38.45453011561612
index,ks_i32_unemp_exp_q,csa,2019-01-01,31.75932846190138
index,ks_i32_unemp_exp_q,csa,2019-04-01,30.869052355702216
index,ks_i32_unemp_exp_q,csa,2019-07-01,38.724311835260025
index,ks_i32_unemp_exp_q,csa,2019-10-01,48.55174222644649
index,ks_i32_unemp_exp_q,csa,2020-01-01,33.09685796622868
index,ks_i32_unemp_exp_q,csa,2020-04-01,127.91735626153422
index,ks_i32_unemp_exp_q,csa,2020-07-01,111.5676397414951
index,ks_i32_unemp_exp_q,csa,2020-10-01,111.77204895856964
index,ks_i32_unemp_exp_q,csa,2021-01-01,114.9156358314267
index,ks_i32_unemp_exp_q,csa,2021-04-01,90.28816990982816
index,ks_i32_unemp_exp_q,csa,2021-07-01,28.80597230892248
index,ks_i32_unemp_exp_q,csa,2021-10-01,23.689586837975316
index,ks_i32_unemp_exp_q,csa,2022-01-01,29.476062055364164
index,ks_i32_unemp_exp_q,csa,2022-04-01,30.679212801618604
index,ks_i32_unemp_exp_q,csa,2022-07-01,27.29219041052823
index,ks_i32_unemp_exp_q,csa,2022-10-01,39.52183350630666
index,ks_i32_unemp_exp_q,csa,2023-01-01,6.8951557725366595
index,ks_i32_unemp_exp_q,csa,2023-04-01,22.342228056406007
index,ks_i32_unemp_exp_q,csa,2023-07-01,5.9640229282008805
index,ks_i32_unemp_exp_q,csa,2023-10-01,32.486413341319775
index,ks_i32_unemp_exp_q,csa,2024-01-01,22.12251096590372
index,ks_i32_unemp_exp_q,csa,2024-04-01,28.01021702791868
index,ks_i32_unemp_exp_q,csa,2024-07-01,28.320197292898
index,ks_i32_unemp_exp_q,csa,2024-10-01,37.58788914440681
index,ks_i32_unemp_exp_q,csa,2025-01-01,38.01996932044873
index,ks_i32_unemp_exp_q,csa,2025-04-01,52.834292837178985
index,ks_i32_unemp_exp_q,csa,2025-07-01,46.56005900411655
index,ks_i32_unemp_exp_q,csa,2025-10-01,63.038804047866314
index,ks_i32_unemp_exp_q,csa,2026-01-01,58.84152072054323
index,ks_i32_unemp_exp_q,csa,2026-04-01,66.83651893460888
index,ks_i32_unemp_exp_q,na,2007-04-01,-7.484540866054297
index,ks_i32_unemp_exp_q,na,2007-07-01,3.4574997709927917
index,ks_i32_unemp_exp_q,na,2007-10-01,11.789882419979657
index,ks_i32_unemp_exp_q,na,2008-01-01,12.65515143439788
index,ks_i32_unemp_exp_q,na,2008-04-01,24.725541835096337
index,ks_i32_unemp_exp_q,na,2008-07-01,34.08010593728
index,ks_i32_unemp_exp_q,na,2008-10-01,75.98946822082173
index,ks_i32_unemp_exp_q,na,2009-01-01,110.9878324520104
index,ks_i32_unemp_exp_q,na,2009-04-01,130.4449224969008
index,ks_i32_unemp_exp_q,na,2009-07-01,117.31089501036708
index,ks_i32_unemp_exp_q,na,2009-10-01,88.04381518504697
index,ks_i32_unemp_exp_q,na,2010-01-01,77.21989147280182
index,ks_i32_unemp_exp_q,na,2010-04-01,8.574712365266029
index,ks_i32_unemp_exp_q,na,2010-07-01,6.392371837858202
index,ks_i32_unemp_exp_q,na,2010-10-01,17.61651190110573
index,ks_i32_unemp_exp_q,na,2011-01-01,11.698567223930644
index,ks_i32_unemp_exp_q,na,2011-04-01,16.44343090760886
index,ks_i32_unemp_exp_q,na,2011-07-01,53.86632177877559
index,ks_i32_unemp_exp_q,na,2011-10-01,72.7082089747125
index,ks_i32_unemp_exp_q,na,2012-01-01,71.34423616118927
index,ks_i32_unemp_exp_q,na,2012-04-01,48.89874397039856
index,ks_i32_unemp_exp_q,na,2012-07-01,61.922280088469016
index,ks_i32_unemp_exp_q,na,2012-10-01,66.68029451146106
index,ks_i32_unemp_exp_q,na,2013-01-01,62.21720358977849
index,ks_i32_unemp_exp_q,na,2013-04-01,47.25397726610043
index,ks_i32_unemp_exp_q,na,2013-07-01,54.148546737724686
index,ks_i32_unemp_exp_q,na,2013-10-01,44.66620872055061
index,ks_i32_unemp_exp_q,na,2014-01-01,39.89579026600849
index,ks_i32_unemp_exp_q,na,2014-04-01,30.385166503444363
index,ks_i32_unemp_exp_q,na,2014-07-01,33.58759413610944
index,ks_i32_unemp_exp_q,na,2014-10-01,50.95893719730869
index,ks_i32_unemp_exp_q,na,2015-01-01,52.21982608511824
index,ks_i32_unemp_exp_q,na,2015-04-01,50.91346845983819
index,ks_i32_unemp_exp_q,na,2015-07-01,64.87295763610466
index,ks_i32_unemp_exp_q,na,2015-10-01,73.63496309914106
index,ks_i32_unemp_exp_q,na,2016-01-01,68.24663162385306
index,ks_i32_unemp_exp_q,na,2016-04-01,70.03978050395845
index,ks_i32_unemp_exp_q,na,2016-07-01,60.85233907940363
index,ks_i32_unemp_exp_q,na,2016-10-01,58.09614065052973
index,ks_i32_unemp_exp_q,na,2017-01-01,48.31940063109332
index,ks_i32_unemp_exp_q,na,2017-04-01,48.56373802791598
index,ks_i32_unemp_exp_q,na,2017-07-01,41.220654992791424
index,ks_i32_unemp_exp_q,na,2017-10-01,39.46892488898519
index,ks_i32_unemp_exp_q,na,2018-01-01,26.077007557703062
index,ks_i32_unemp_exp_q,na,2018-04-01,27.72562630372831
index,ks_i32_unemp_exp_q,na,2018-07-01,35.13541996383633
index,ks_i32_unemp_exp_q,na,2018-10-01,38.45453011561612
index,ks_i32_unemp_exp_q,na,2019-01-01,31.75932846190138
index,ks_i32_unemp_exp_q,na,2019-04-01,30.869052355702216
index,ks_i32_unemp_exp_q,na,2019-07-01,38.724311835260025
index,ks_i32_unemp_exp_q,na,2019-10-01,48.55174222644649
index,ks_i32_unemp_exp_q,na,2020-01-01,33.09685796622868
index,ks_i32_unemp_exp_q,na,2020-04-01,127.91735626153422
index,ks_i32_unemp_exp_q,na,2020-07-01,111.5676397414951
index,ks_i32_unemp_exp_q,na,2020-10-01,111.77204895856964
index,ks_i32_unemp_exp_q,na,2021-01-01,114.9156358314267
index,ks_i32_unemp_exp_q,na,2021-04-01,90.28816990982816
index,ks_i32_unemp_exp_q,na,2021-07-01,28.80597230892248
index,ks_i32_unemp_exp_q,na,2021-10-01,23.689586837975316
index,ks_i32_unemp_exp_q,na,2022-01-01,29.476062055364164
index,ks_i32_unemp_exp_q,na,2022-04-01,30.679212801618604
index,ks_i32_unemp_exp_q,na,2022-07-01,27.29219041052823
index,ks_i32_unemp_exp_q,na,2022-10-01,39.52183350630666
index,ks_i32_unemp_exp_q,na,2023-01-01,6.8951557725366595
index,ks_i32_unemp_exp_q,na,2023-04-01,22.342228056406007
index,ks_i32_unemp_exp_q,na,2023-07-01,5.9640229282008805
index,ks_i32_unemp_exp_q,na,2023-10-01,32.486413341319775
index,ks_i32_unemp_exp_q,na,2024-01-01,22.12251096590372
index,ks_i32_unemp_exp_q,na,2024-04-01,28.01021702791868
index,ks_i32_unemp_exp_q,na,2024-07-01,28.320197292898
index,ks_i32_unemp_exp_q,na,2024-10-01,37.58788914440681
index,ks_i32_unemp_exp_q,na,2025-01-01,38.01996932044873
index,ks_i32_unemp_exp_q,na,2025-04-01,52.834292837178985
index,ks_i32_unemp_exp_q,na,2025-07-01,46.56005900411655
index,ks_i32_unemp_exp_q,na,2025-10-01,63.038804047866314
index,ks_i32_unemp_exp_q,na,2026-01-01,58.84152072054323
index,ks_i32_unemp_exp_q,na,2026-04-01,66.83651893460888
index,ks_i41_fin_pos_hist_q,csa,1972-10-01,10.7302897953293
index,ks_i41_fin_pos_hist_q,csa,1973-01-01,15.4485236610746
index,ks_i41_fin_pos_hist_q,csa,1973-04-01,12.5219491701464
index,ks_i41_fin_pos_hist_q,csa,1973-07-01,5.09493315215174
index,ks_i41_fin_pos_hist_q,csa,1973-10-01,-1.73443621974469
index,ks_i41_fin_pos_hist_q,csa,1974-01-01,-1.36979512624368
index,ks_i41_fin_pos_hist_q,csa,1974-04-01,-10.1245964666515
index,ks_i41_fin_pos_hist_q,csa,1974-07-01,-15.8161532869771
index,ks_i41_fin_pos_hist_q,csa,1974-10-01,-13.6248248690233
index,ks_i41_fin_pos_hist_q,csa,1975-01-01,-14.1739705874226
index,ks_i41_fin_pos_hist_q,csa,1975-04-01,-14.217391186991
index,ks_i41_fin_pos_hist_q,csa,1975-07-01,-17.6922222818923
index,ks_i41_fin_pos_hist_q,csa,1975-10-01,-17.356312364920498
index,ks_i41_fin_pos_hist_q,csa,1976-01-01,-31.5446650167727
index,ks_i41_fin_pos_hist_q,csa,1976-04-01,-29.4428402449265
index,ks_i41_fin_pos_hist_q,csa,1976-07-01,-19.5468497512564
index,ks_i41_fin_pos_hist_q,csa,1976-10-01,-17.5414664087843
index,ks_i41_fin_pos_hist_q,csa,1977-01-01,-25.1862451804623
index,ks_i41_fin_pos_hist_q,csa,1977-04-01,-12.5050861241295
index,ks_i41_fin_pos_hist_q,csa,1977-07-01,-11.4960143087381
index,ks_i41_fin_pos_hist_q,csa,1977-10-01,-16.1853889108077
index,ks_i41_fin_pos_hist_q,csa,1978-01-01,-14.3017603163691
index,ks_i41_fin_pos_hist_q,csa,1978-04-01,-11.7862512282404
index,ks_i41_fin_pos_hist_q,csa,1978-07-01,-4.42493359239042
index,ks_i41_fin_pos_hist_q,csa,1978-10-01,-13.6353391302085
index,ks_i41_fin_pos_hist_q,csa,1979-01-01,-6.58670819303617
index,ks_i41_fin_pos_hist_q,csa,1979-04-01,-11.2163021686734
index,ks_i41_fin_pos_hist_q,csa,1979-07-01,-12.5111855134634
index,ks_i41_fin_pos_hist_q,csa,1979-10-01,-6.33340788938924
index,ks_i41_fin_pos_hist_q,csa,1980-01-01,-7.42247539420385
index,ks_i41_fin_pos_hist_q,csa,1980-04-01,-0.435144851648052
index,ks_i41_fin_pos_hist_q,csa,1980-07-01,-1.53819769664631
index,ks_i41_fin_pos_hist_q,csa,1980-10-01,-4.01072834680539
index,ks_i41_fin_pos_hist_q,csa,1981-01-01,-9.02314067651666
index,ks_i41_fin_pos_hist_q,csa,1981-04-01,-23.1239581025749
index,ks_i41_fin_pos_hist_q,csa,1981-07-01,-19.6472211060092
index,ks_i41_fin_pos_hist_q,csa,1981-10-01,-29.2311536959707
index,ks_i41_fin_pos_hist_q,csa,1982-01-01,-22.0948405383392
index,ks_i41_fin_pos_hist_q,csa,1982-04-01,-16.8883289108841
index,ks_i41_fin_pos_hist_q,csa,1982-07-01,-18.1653791287128
index,ks_i41_fin_pos_hist_q,csa,1982-10-01,-22.1283523229105
index,ks_i41_fin_pos_hist_q,csa,1983-01-01,-20.5099796025311
index,ks_i41_fin_pos_hist_q,csa,1983-04-01,-16.9004377620577
index,ks_i41_fin_pos_hist_q,csa,1983-07-01,-20.1872117222872
index,ks_i41_fin_pos_hist_q,csa,1983-10-01,-19.8106811198923
index,ks_i41_fin_pos_hist_q,csa,1984-01-01,-17.7307913325099
index,ks_i41_fin_pos_hist_q,csa,1984-04-01,-17.8583873819694
index,ks_i41_fin_pos_hist_q,csa,1984-07-01,-12.8897141772754
index,ks_i41_fin_pos_hist_q,csa,1984-10-01,-15.9568340131106
index,ks_i41_fin_pos_hist_q,csa,1985-01-01,-10.7565375279628
index,ks_i41_fin_pos_hist_q,csa,1985-04-01,-18.40545453199
index,ks_i41_fin_pos_hist_q,csa,1985-07-01,-12.7831223591702
index,ks_i41_fin_pos_hist_q,csa,1985-10-01,-9.16328777916831
index,ks_i41_fin_pos_hist_q,csa,1986-01-01,-2.42713601104855
index,ks_i41_fin_pos_hist_q,csa,1986-04-01,-2.52548857789104
index,ks_i41_fin_pos_hist_q,csa,1986-07-01,-11.3949705868643
index,ks_i41_fin_pos_hist_q,csa,1986-10-01,-2.83854723999085
index,ks_i41_fin_pos_hist_q,csa,1987-01-01,-8.02718867375108
index,ks_i41_fin_pos_hist_q,csa,1987-04-01,-1.31943077447861
index,ks_i41_fin_pos_hist_q,csa,1987-07-01,-3.40199844125593
index,ks_i41_fin_pos_hist_q,csa,1987-10-01,-4.90027622246289
index,ks_i41_fin_pos_hist_q,csa,1988-01-01,-6.97524026581763
index,ks_i41_fin_pos_hist_q,csa,1988-04-01,-1.54386224486359
index,ks_i41_fin_pos_hist_q,csa,1988-07-01,-2.24625522673206
index,ks_i41_fin_pos_hist_q,csa,1988-10-01,-2.50948781102736
index,ks_i41_fin_pos_hist_q,csa,1989-01-01,1.28443748477188
index,ks_i41_fin_pos_hist_q,csa,1989-04-01,1.19659912224298
index,ks_i41_fin_pos_hist_q,csa,1989-07-01,-10.2937007007996
index,ks_i41_fin_pos_hist_q,csa,1989-10-01,-10.4478864687728
index,ks_i41_fin_pos_hist_q,csa,1990-01-01,-12.4913975600067
index,ks_i41_fin_pos_hist_q,csa,1990-04-01,-16.6305246963656
index,ks_i41_fin_pos_hist_q,csa,1990-07-01,-14.6139737594449
index,ks_i41_fin_pos_hist_q,csa,1990-10-01,-31.8611008603122
index,ks_i41_fin_pos_hist_q,csa,1991-01-01,-29.6330664717442
index,ks_i41_fin_pos_hist_q,csa,1991-04-01,-32.5889091386408
index,ks_i41_fin_pos_hist_q,csa,1991-07-01,-24.818529467872
index,ks_i41_fin_pos_hist_q,csa,1991-10-01,-36.4353683923552
index,ks_i41_fin_pos_hist_q,csa,1992-01-01,-39.1372038279547
index,ks_i41_fin_pos_hist_q,csa,1992-04-01,-38.0159595869704
index,ks_i41_fin_pos_hist_q,csa,1992-07-01,-40.5340622693861
index,ks_i41_fin_pos_hist_q,csa,1992-10-01,-37.6135025399167
index,ks_i41_fin_pos_hist_q,csa,1993-01-01,-38.1353402958513
index,ks_i41_fin_pos_hist_q,csa,1993-04-01,-43.2704984368756
index,ks_i41_fin_pos_hist_q,csa,1993-07-01,-47.6168593510052
index,ks_i41_fin_pos_hist_q,csa,1993-10-01,-38.7090195378841
index,ks_i41_fin_pos_hist_q,csa,1994-01-01,-37.0325792699762
index,ks_i41_fin_pos_hist_q,csa,1994-04-01,-37.0697401838243
index,ks_i41_fin_pos_hist_q,csa,1994-07-01,-34.9450993636116
index,ks_i41_fin_pos_hist_q,csa,1994-10-01,-33.6567290451417
index,ks_i41_fin_pos_hist_q,csa,1995-01-01,-36.1283549493617
index,ks_i41_fin_pos_hist_q,csa,1995-04-01,-33.4268892603805
index,ks_i41_fin_pos_hist_q,csa,1995-07-01,-28.5424619894146
index,ks_i41_fin_pos_hist_q,csa,1995-10-01,-33.3102016477013
index,ks_i41_fin_pos_hist_q,csa,1996-01-01,-40.5971504121218
index,ks_i41_fin_pos_hist_q,csa,1996-04-01,-41.0917707236018
index,ks_i41_fin_pos_hist_q,csa,1996-07-01,-36.5924047329371
index,ks_i41_fin_pos_hist_q,csa,1996-10-01,-32.2304143562482
index,ks_i41_fin_pos_hist_q,csa,1997-01-01,-32.3248650684459
index,ks_i41_fin_pos_hist_q,csa,1997-04-01,-30.5301999709834
index,ks_i41_fin_pos_hist_q,csa,1997-07-01,-28.042024372768
index,ks_i41_fin_pos_hist_q,csa,1997-10-01,-29.2998229546007
index,ks_i41_fin_pos_hist_q,csa,1998-01-01,-26.8737929765551
index,ks_i41_fin_pos_hist_q,csa,1998-04-01,-25.5536742643091
index,ks_i41_fin_pos_hist_q,csa,1998-07-01,-24.2340742203822
index,ks_i41_fin_pos_hist_q,csa,1998-10-01,-16.5195311253397
index,ks_i41_fin_pos_hist_q,csa,1999-01-01,-21.4239816318681
index,ks_i41_fin_pos_hist_q,csa,1999-04-01,-21.7526908697961
index,ks_i41_fin_pos_hist_q,csa,1999-07-01,-17.67258076291
index,ks_i41_fin_pos_hist_q,csa,1999-10-01,-17.7790047170198
index,ks_i41_fin_pos_hist_q,csa,2000-01-01,-12.1843242099102
index,ks_i41_fin_pos_hist_q,csa,2000-04-01,-14.294142022813
index,ks_i41_fin_pos_hist_q,csa,2000-07-01,-13.0457844434203
index,ks_i41_fin_pos_hist_q,csa,2000-10-01,-10.8514830706605
index,ks_i41_fin_pos_hist_q,csa,2001-01-01,-6.40077733776585
index,ks_i41_fin_pos_hist_q,csa,2001-04-01,-9.26944777459933
index,ks_i41_fin_pos_hist_q,csa,2001-07-01,-11.0965868805476
index,ks_i41_fin_pos_hist_q,csa,2001-10-01,-12.3525953110718
index,ks_i41_fin_pos_hist_q,csa,2002-01-01,-14.2662008158228
index,ks_i41_fin_pos_hist_q,csa,2002-04-01,-16.5286406245287
index,ks_i41_fin_pos_hist_q,csa,2002-07-01,-24.5425174561226
index,ks_i41_fin_pos_hist_q,csa,2002-10-01,-28.3979757277958
index,ks_i41_fin_pos_hist_q,csa,2003-01-01,-18.2062114304409
index,ks_i41_fin_pos_hist_q,csa,2003-04-01,-27.041981873236
index,ks_i41_fin_pos_hist_q,csa,2003-07-01,-30.4593995103985
index,ks_i41_fin_pos_hist_q,csa,2003-10-01,-28.7151405888219
index,ks_i41_fin_pos_hist_q,csa,2004-01-01,-32.6134457371523
index,ks_i41_fin_pos_hist_q,csa,2004-04-01,-33.6513390689796
index,ks_i41_fin_pos_hist_q,csa,2004-07-01,-31.4504402048835
index,ks_i41_fin_pos_hist_q,csa,2004-10-01,-22.4090961551164
index,ks_i41_fin_pos_hist_q,csa,2005-01-01,-25.0644109194515
index,ks_i41_fin_pos_hist_q,csa,2005-04-01,-24.0969970980727
index,ks_i41_fin_pos_hist_q,csa,2005-07-01,-23.760405337929
index,ks_i41_fin_pos_hist_q,csa,2005-10-01,-25.3143361277911
index,ks_i41_fin_pos_hist_q,csa,2006-01-01,-17.9132008852314
index,ks_i41_fin_pos_hist_q,csa,2006-04-01,-16.3352939139625
index,ks_i41_fin_pos_hist_q,csa,2006-07-01,-18.4032290831778
index,ks_i41_fin_pos_hist_q,csa,2006-10-01,-18.9913936823903
index,ks_i41_fin_pos_hist_q,csa,2007-01-01,-15.8644126061624
index,ks_i41_fin_pos_hist_q,csa,2007-04-01,-13.5610681513048
index,ks_i41_fin_pos_hist_q,csa,2007-07-01,-15.6191342343722
index,ks_i41_fin_pos_hist_q,csa,2007-10-01,-14.324810741855
index,ks_i41_fin_pos_hist_q,csa,2008-01-01,-11.8748732677833
index,ks_i41_fin_pos_hist_q,csa,2008-04-01,-18.2810720282609
index,ks_i41_fin_pos_hist_q,csa,2008-07-01,-29.0112210498556
index,ks_i41_fin_pos_hist_q,csa,2008-10-01,-25.8231399521936
index,ks_i41_fin_pos_hist_q,csa,2009-01-01,-23.2144406651904
index,ks_i41_fin_pos_hist_q,csa,2009-04-01,-25.2963876984489
index,ks_i41_fin_pos_hist_q,csa,2009-07-01,-27.6441482185573
index,ks_i41_fin_pos_hist_q,csa,2009-10-01,-25.345036343309
index,ks_i41_fin_pos_hist_q,csa,2010-01-01,-30.1557534825479
index,ks_i41_fin_pos_hist_q,csa,2010-04-01,-27.445039657275
index,ks_i41_fin_pos_hist_q,csa,2010-07-01,-22.075521731009
index,ks_i41_fin_pos_hist_q,csa,2010-10-01,-23.3184409001647
index,ks_i41_fin_pos_hist_q,csa,2011-01-01,-22.0255803378288
index,ks_i41_fin_pos_hist_q,csa,2011-04-01,-18.276707272327
index,ks_i41_fin_pos_hist_q,csa,2011-07-01,-23.6231161886209
index,ks_i41_fin_pos_hist_q,csa,2011-10-01,-20.5777053002716
index,ks_i41_fin_pos_hist_q,csa,2012-01-01,-25.9702053869132
index,ks_i41_fin_pos_hist_q,csa,2012-04-01,-23.5940432610351
index,ks_i41_fin_pos_hist_q,csa,2012-07-01,-23.2861957194881
index,ks_i41_fin_pos_hist_q,csa,2012-10-01,-19.3772742935771
index,ks_i41_fin_pos_hist_q,csa,2013-01-01,-17.0713602022304
index,ks_i41_fin_pos_hist_q,csa,2013-04-01,-24.6407865316446
index,ks_i41_fin_pos_hist_q,csa,2013-07-01,-19.4972417373247
index,ks_i41_fin_pos_hist_q,csa,2013-10-01,-17.1976985106236
index,ks_i41_fin_pos_hist_q,csa,2014-01-01,-23.8239535528164
index,ks_i41_fin_pos_hist_q,csa,2014-04-01,-19.7679983257673
index,ks_i41_fin_pos_hist_q,csa,2014-07-01,-18.1909358327026
index,ks_i41_fin_pos_hist_q,csa,2014-10-01,-18.0961297681985
index,ks_i41_fin_pos_hist_q,csa,2015-01-01,-21.2633100461681
index,ks_i41_fin_pos_hist_q,csa,2015-04-01,-18.2867515923878
index,ks_i41_fin_pos_hist_q,csa,2015-07-01,-23.086338164381
index,ks_i41_fin_pos_hist_q,csa,2015-10-01,-21.407606300685
index,ks_i41_fin_pos_hist_q,csa,2016-01-01,-20.9925199239438
index,ks_i41_fin_pos_hist_q,csa,2016-04-01,-20.3278223929461
index,ks_i41_fin_pos_hist_q,csa,2016-07-01,-25.0267355171188
index,ks_i41_fin_pos_hist_q,csa,2016-10-01,-23.44842453235
index,ks_i41_fin_pos_hist_q,csa,2017-01-01,-26.4289559535667
index,ks_i41_fin_pos_hist_q,csa,2017-04-01,-27.3669540173105
index,ks_i41_fin_pos_hist_q,csa,2017-07-01,-22.904836370186
index,ks_i41_fin_pos_hist_q,csa,2017-10-01,-25.1038175024623
index,ks_i41_fin_pos_hist_q,csa,2018-01-01,-35.1063494831048
index,ks_i41_fin_pos_hist_q,csa,2018-04-01,-32.0544106284773
index,ks_i41_fin_pos_hist_q,csa,2018-07-01,-30.3555244036239
index,ks_i41_fin_pos_hist_q,csa,2018-10-01,-29.1643345769077
index,ks_i41_fin_pos_hist_q,csa,2019-01-01,-29.5160887000831
index,ks_i41_fin_pos_hist_q,csa,2019-04-01,-28.4812815869932
index,ks_i41_fin_pos_hist_q,csa,2019-07-01,-26.2988380336691
index,ks_i41_fin_pos_hist_q,csa,2019-10-01,-24.1981762352554
index,ks_i41_fin_pos_hist_q,csa,2020-01-01,-27.6071481022478
index,ks_i41_fin_pos_hist_q,csa,2020-04-01,-20.448798907923
index,ks_i41_fin_pos_hist_q,csa,2020-07-01,-23.3701392598078
index,ks_i41_fin_pos_hist_q,csa,2020-10-01,-28.1546611433707
index,ks_i41_fin_pos_hist_q,csa,2021-01-01,-25.8169175619501
index,ks_i41_fin_pos_hist_q,csa,2021-04-01,-25.1674398061673
index,ks_i41_fin_pos_hist_q,csa,2021-07-01,-21.2343395106003
index,ks_i41_fin_pos_hist_q,csa,2021-10-01,-23.4500604401348
index,ks_i41_fin_pos_hist_q,csa,2022-01-01,-22.9707871900709
index,ks_i41_fin_pos_hist_q,csa,2022-04-01,-35.2464442257735
index,ks_i41_fin_pos_hist_q,csa,2022-07-01,-48.4498858495067
index,ks_i41_fin_pos_hist_q,csa,2022-10-01,-53.0705124555455
index,ks_i41_fin_pos_hist_q,csa,2023-01-01,-52.4974720524857
index,ks_i41_fin_pos_hist_q,csa,2023-04-01,-54.797658010672
index,ks_i41_fin_pos_hist_q,csa,2023-07-01,-51.4724261498415
index,ks_i41_fin_pos_hist_q,csa,2023-10-01,-64.2689854122393
index,ks_i41_fin_pos_hist_q,csa,2024-01-01,-62.0580943979196
index,ks_i41_fin_pos_hist_q,csa,2024-04-01,-58.9435559026949
index,ks_i41_fin_pos_hist_q,csa,2024-07-01,-50.4227839672527
index,ks_i41_fin_pos_hist_q,csa,2024-10-01,-50.4165933246003
index,ks_i41_fin_pos_hist_q,csa,2025-01-01,-47.5818154405404
index,ks_i41_fin_pos_hist_q,csa,2025-04-01,-43.4029979844239
index,ks_i41_fin_pos_hist_q,csa,2025-07-01,-38.7096881331546
index,ks_i41_fin_pos_hist_q,csa,2025-10-01,-38.2829031997022
index,ks_i41_fin_pos_hist_q,csa,2026-01-01,-39.7404815916098
index,ks_i41_fin_pos_hist_q,csa,2026-04-01,-41.4707664427528
index,ks_i41_fin_pos_hist_q,na,1972-10-01,8.31965463443339
index,ks_i41_fin_pos_hist_q,na,1973-01-01,18.348903402906295
index,ks_i41_fin_pos_hist_q,na,1973-04-01,13.869434477877611
index,ks_i41_fin_pos_hist_q,na,1973-07-01,3.2577306712997487
index,ks_i41_fin_pos_hist_q,na,1973-10-01,-4.144851927908864
index,ks_i41_fin_pos_hist_q,na,1974-01-01,1.530254241248592
index,ks_i41_fin_pos_hist_q,na,1974-04-01,-8.777265655421685
index,ks_i41_fin_pos_hist_q,na,1974-07-01,-17.65311873417331
index,ks_i41_fin_pos_hist_q,na,1974-10-01,-16.03483378255503
index,ks_i41_fin_pos_hist_q,na,1975-01-01,-11.274517911128047
index,ks_i41_fin_pos_hist_q,na,1975-04-01,-12.870237315418146
index,ks_i41_fin_pos_hist_q,na,1975-07-01,-19.528712276433524
index,ks_i41_fin_pos_hist_q,na,1975-10-01,-19.765954609264092
index,ks_i41_fin_pos_hist_q,na,1976-01-01,-28.645784216383692
index,ks_i41_fin_pos_hist_q,na,1976-04-01,-28.09591060741138
index,ks_i41_fin_pos_hist_q,na,1976-07-01,-21.382978537479445
index,ks_i41_fin_pos_hist_q,na,1976-10-01,-19.95109351276825
index,ks_i41_fin_pos_hist_q,na,1977-01-01,-22.287354960449345
index,ks_i41_fin_pos_hist_q,na,1977-04-01,-11.158218036374066
index,ks_i41_fin_pos_hist_q,na,1977-07-01,-13.332131079852326
index,ks_i41_fin_pos_hist_q,na,1977-10-01,-18.595288974589167
index,ks_i41_fin_pos_hist_q,na,1978-01-01,-11.402306518448816
index,ks_i41_fin_pos_hist_q,na,1978-04-01,-10.439569096381252
index,ks_i41_fin_pos_hist_q,na,1978-07-01,-6.261424009145256
index,ks_i41_fin_pos_hist_q,na,1978-10-01,-16.04530937442597
index,ks_i41_fin_pos_hist_q,na,1979-01-01,-3.686461788513745
index,ks_i41_fin_pos_hist_q,na,1979-04-01,-9.869809287591632
index,ks_i41_fin_pos_hist_q,na,1979-07-01,-14.348391242453951
index,ks_i41_fin_pos_hist_q,na,1979-10-01,-8.743220946009114
index,ks_i41_fin_pos_hist_q,na,1980-01-01,-4.5215583926276555
index,ks_i41_fin_pos_hist_q,na,1980-04-01,0.9111923622841722
index,ks_i41_fin_pos_hist_q,na,1980-07-01,-3.3760549451524717
index,ks_i41_fin_pos_hist_q,na,1980-10-01,-6.420366373969973
index,ks_i41_fin_pos_hist_q,na,1981-01-01,-6.1215048938940715
index,ks_i41_fin_pos_hist_q,na,1981-04-01,-21.77777348775889
index,ks_i41_fin_pos_hist_q,na,1981-07-01,-21.485833047987285
index,ks_i41_fin_pos_hist_q,na,1981-10-01,-31.64068126572593
index,ks_i41_fin_pos_hist_q,na,1982-01-01,-19.192596196131397
index,ks_i41_fin_pos_hist_q,na,1982-04-01,-15.54207583123354
index,ks_i41_fin_pos_hist_q,na,1982-07-01,-20.004891591735323
index,ks_i41_fin_pos_hist_q,na,1982-10-01,-24.537404149532176
index,ks_i41_fin_pos_hist_q,na,1983-01-01,-17.6072240166553
index,ks_i41_fin_pos_hist_q,na,1983-04-01,-15.55435330207455
index,ks_i41_fin_pos_hist_q,na,1983-07-01,-22.02778325376537
index,ks_i41_fin_pos_hist_q,na,1983-10-01,-22.218941182752232
index,ks_i41_fin_pos_hist_q,na,1984-01-01,-14.827458182656065
index,ks_i41_fin_pos_hist_q,na,1984-04-01,-16.512673642995452
index,ks_i41_fin_pos_hist_q,na,1984-07-01,-14.73138481119561
index,ks_i41_fin_pos_hist_q,na,1984-10-01,-18.364153037766325
index,ks_i41_fin_pos_hist_q,na,1985-01-01,-7.852679025057806
index,ks_i41_fin_pos_hist_q,na,1985-04-01,-17.05999687668364
index,ks_i41_fin_pos_hist_q,na,1985-07-01,-14.626031264695207
index,ks_i41_fin_pos_hist_q,na,1985-10-01,-11.569607888757709
index,ks_i41_fin_pos_hist_q,na,1986-01-01,0.476951403928954
index,ks_i41_fin_pos_hist_q,na,1986-04-01,-1.1799974991473174
index,ks_i41_fin_pos_hist_q,na,1986-07-01,-13.238934434931544
index,ks_i41_fin_pos_hist_q,na,1986-10-01,-5.243895785734679
index,ks_i41_fin_pos_hist_q,na,1987-01-01,-5.123175855971729
index,ks_i41_fin_pos_hist_q,na,1987-04-01,0.02593942107531788
index,ks_i41_fin_pos_hist_q,na,1987-07-01,-5.246629221116267
index,ks_i41_fin_pos_hist_q,na,1987-10-01,-7.304733819578353
index,ks_i41_fin_pos_hist_q,na,1988-01-01,-4.071139498935581
index,ks_i41_fin_pos_hist_q,na,1988-04-01,-0.1989228246928505
index,ks_i41_fin_pos_hist_q,na,1988-07-01,-4.091508938955711
index,ks_i41_fin_pos_hist_q,na,1988-10-01,-4.913047824473466
index,ks_i41_fin_pos_hist_q,na,1989-01-01,4.1888381652548485
index,ks_i41_fin_pos_hist_q,na,1989-04-01,2.5408847931635457
index,ks_i41_fin_pos_hist_q,na,1989-07-01,-12.139470529393613
index,ks_i41_fin_pos_hist_q,na,1989-10-01,-12.850435511451556
index,ks_i41_fin_pos_hist_q,na,1990-01-01,-9.5868127277924
index,ks_i41_fin_pos_hist_q,na,1990-04-01,-15.287165292951055
index,ks_i41_fin_pos_hist_q,na,1990-07-01,-16.460093165160384
index,ks_i41_fin_pos_hist_q,na,1990-10-01,-34.26236363799186
index,ks_i41_fin_pos_hist_q,na,1991-01-01,-26.728357494946664
index,ks_i41_fin_pos_hist_q,na,1991-04-01,-31.24656958252612
index,ks_i41_fin_pos_hist_q,na,1991-07-01,-26.66546441318566
index,ks_i41_fin_pos_hist_q,na,1991-10-01,-38.83487331019968
index,ks_i41_fin_pos_hist_q,na,1992-01-01,-36.23221949718212
index,ks_i41_fin_pos_hist_q,na,1992-04-01,-36.67454706532008
index,ks_i41_fin_pos_hist_q,na,1992-07-01,-42.382410409461265
index,ks_i41_fin_pos_hist_q,na,1992-10-01,-40.01106392253862
index,ks_i41_fin_pos_hist_q,na,1993-01-01,-35.22994129883043
index,ks_i41_fin_pos_hist_q,na,1993-04-01,-41.9299170577121
index,ks_i41_fin_pos_hist_q,na,1993-07-01,-49.46658486136493
index,ks_i41_fin_pos_hist_q,na,1993-10-01,-41.10481668938486
index,ks_i41_fin_pos_hist_q,na,1994-01-01,-34.12695547911295
index,ks_i41_fin_pos_hist_q,na,1994-04-01,-35.72990059658095
index,ks_i41_fin_pos_hist_q,na,1994-07-01,-36.795818230690315
index,ks_i41_fin_pos_hist_q,na,1994-10-01,-36.050939273520854
index,ks_i41_fin_pos_hist_q,na,1995-01-01,-33.222642028757434
index,ks_i41_fin_pos_hist_q,na,1995-04-01,-32.087766787697234
index,ks_i41_fin_pos_hist_q,na,1995-07-01,-30.394174875472764
index,ks_i41_fin_pos_hist_q,na,1995-10-01,-35.702897568265875
index,ks_i41_fin_pos_hist_q,na,1996-01-01,-37.69110543882668
index,ks_i41_fin_pos_hist_q,na,1996-04-01,-39.75326798937995
index,ks_i41_fin_pos_hist_q,na,1996-07-01,-38.445458369063566
index,ks_i41_fin_pos_hist_q,na,1996-10-01,-34.621793311172695
index,ks_i41_fin_pos_hist_q,na,1997-01-01,-29.418196653622815
index,ks_i41_fin_pos_hist_q,na,1997-04-01,-29.19206928788528
index,ks_i41_fin_pos_hist_q,na,1997-07-01,-29.896548257766433
index,ks_i41_fin_pos_hist_q,na,1997-10-01,-31.690064659188117
index,ks_i41_fin_pos_hist_q,na,1998-01-01,-23.96645943806128
index,ks_i41_fin_pos_hist_q,na,1998-04-01,-24.215852010084884
index,ks_i41_fin_pos_hist_q,na,1998-07-01,-26.090104813435815
index,ks_i41_fin_pos_hist_q,na,1998-10-01,-18.908690626166127
index,ks_i41_fin_pos_hist_q,na,1999-01-01,-18.515919958268913
index,ks_i41_fin_pos_hist_q,na,1999-04-01,-20.41507609383182
index,ks_i41_fin_pos_hist_q,na,1999-07-01,-19.53009592721588
index,ks_i41_fin_pos_hist_q,na,1999-10-01,-20.16733707236169
index,ks_i41_fin_pos_hist_q,na,2000-01-01,-9.27552730626742
index,ks_i41_fin_pos_hist_q,na,2000-04-01,-12.956544225392232
index,ks_i41_fin_pos_hist_q,na,2000-07-01,-14.904749026198305
index,ks_i41_fin_pos_hist_q,na,2000-10-01,-13.239021210206143
index,ks_i41_fin_pos_hist_q,na,2001-01-01,-3.491456290723928
index,ks_i41_fin_pos_hist_q,na,2001-04-01,-7.931758640373742
index,ks_i41_fin_pos_hist_q,na,2001-07-01,-12.95689655827634
index,ks_i41_fin_pos_hist_q,na,2001-10-01,-14.73926053576227
index,ks_i41_fin_pos_hist_q,na,2002-01-01,-11.35659015793323
index,ks_i41_fin_pos_hist_q,na,2002-04-01,-15.19086713933188
index,ks_i41_fin_pos_hist_q,na,2002-07-01,-26.40402650468893
index,ks_i41_fin_pos_hist_q,na,2002-10-01,-30.783654625558697
index,ks_i41_fin_pos_hist_q,na,2003-01-01,-15.296583839440729
index,ks_i41_fin_pos_hist_q,na,2003-04-01,-25.70422410310814
index,ks_i41_fin_pos_hist_q,na,2003-07-01,-32.32184108920686
index,ks_i41_fin_pos_hist_q,na,2003-10-01,-31.099572940317444
index,ks_i41_fin_pos_hist_q,na,2004-01-01,-29.70422410310814
index,ks_i41_fin_pos_hist_q,na,2004-04-01,-32.313612561333805
index,ks_i41_fin_pos_hist_q,na,2004-07-01,-33.313629692248256
index,ks_i41_fin_pos_hist_q,na,2004-10-01,-24.792389859889298
index,ks_i41_fin_pos_hist_q,na,2005-01-01,-22.15566049161703
index,ks_i41_fin_pos_hist_q,na,2005-04-01,-22.759118140850475
index,ks_i41_fin_pos_hist_q,na,2005-07-01,-25.62418283585972
index,ks_i41_fin_pos_hist_q,na,2005-10-01,-27.696771963830223
index,ks_i41_fin_pos_hist_q,na,2006-01-01,-15.004993533383924
index,ks_i41_fin_pos_hist_q,na,2006-04-01,-14.997255964218654
index,ks_i41_fin_pos_hist_q,na,2006-07-01,-20.267463788380912
index,ks_i41_fin_pos_hist_q,na,2006-10-01,-21.3727965142331
index,ks_i41_fin_pos_hist_q,na,2007-01-01,-12.95689655827634
index,ks_i41_fin_pos_hist_q,na,2007-04-01,-12.223073778558426
index,ks_i41_fin_pos_hist_q,na,2007-07-01,-17.48375562858879
index,ks_i41_fin_pos_hist_q,na,2007-10-01,-16.70496608441021
index,ks_i41_fin_pos_hist_q,na,2008-01-01,-8.968157077995315
index,ks_i41_fin_pos_hist_q,na,2008-04-01,-16.94324219096344
index,ks_i41_fin_pos_hist_q,na,2008-07-01,-30.875990728975133
index,ks_i41_fin_pos_hist_q,na,2008-10-01,-28.202019555688757
index,ks_i41_fin_pos_hist_q,na,2009-01-01,-20.30887526589884
index,ks_i41_fin_pos_hist_q,na,2009-04-01,-23.95883407712753
index,ks_i41_fin_pos_hist_q,na,2009-07-01,-29.50860166808762
index,ks_i41_fin_pos_hist_q,na,2009-10-01,-27.72259854089724
index,ks_i41_fin_pos_hist_q,na,2010-01-01,-27.251544999266244
index,ks_i41_fin_pos_hist_q,na,2010-04-01,-26.107866373969973
index,ks_i41_fin_pos_hist_q,na,2010-07-01,-23.939565350024584
index,ks_i41_fin_pos_hist_q,na,2010-10-01,-25.69476844248969
index,ks_i41_fin_pos_hist_q,na,2011-01-01,-19.122572256322915
index,ks_i41_fin_pos_hist_q,na,2011-04-01,-16.939901662646037
index,ks_i41_fin_pos_hist_q,na,2011-07-01,-25.48682721244901
index,ks_i41_fin_pos_hist_q,na,2011-10-01,-22.952852633968885
index,ks_i41_fin_pos_hist_q,na,2012-01-01,-23.068254828714927
index,ks_i41_fin_pos_hist_q,na,2012-04-01,-22.25775091456307
index,ks_i41_fin_pos_hist_q,na,2012-07-01,-25.149499029718037
index,ks_i41_fin_pos_hist_q,na,2012-10-01,-21.751375066106625
index,ks_i41_fin_pos_hist_q,na,2013-01-01,-14.17035404716163
index,ks_i41_fin_pos_hist_q,na,2013-04-01,-23.30493253044163
index,ks_i41_fin_pos_hist_q,na,2013-07-01,-21.360054291021612
index,ks_i41_fin_pos_hist_q,na,2013-10-01,-19.570990259887974
index,ks_i41_fin_pos_hist_q,na,2014-01-01,-20.9239678145462
index,ks_i41_fin_pos_hist_q,na,2014-04-01,-18.4323132292148
index,ks_i41_fin_pos_hist_q,na,2014-07-01,-20.053293659325533
index,ks_i41_fin_pos_hist_q,na,2014-10-01,-20.468846471081903
index,ks_i41_fin_pos_hist_q,na,2015-01-01,-18.364153037766325
index,ks_i41_fin_pos_hist_q,na,2015-04-01,-16.951178698899945
index,ks_i41_fin_pos_hist_q,na,2015-07-01,-24.948292696013944
index,ks_i41_fin_pos_hist_q,na,2015-10-01,-23.779892273882176
index,ks_i41_fin_pos_hist_q,na,2016-01-01,-18.094035841757087
index,ks_i41_fin_pos_hist_q,na,2016-04-01,-18.99250843834289
index,ks_i41_fin_pos_hist_q,na,2016-07-01,-26.88812322130616
index,ks_i41_fin_pos_hist_q,na,2016-10-01,-25.820305157430376
index,ks_i41_fin_pos_hist_q,na,2017-01-01,-23.531136054976702
index,ks_i41_fin_pos_hist_q,na,2017-04-01,-26.032037006475093
index,ks_i41_fin_pos_hist_q,na,2017-07-01,-24.76557817882843
index,ks_i41_fin_pos_hist_q,na,2017-10-01,-27.475376773415334
index,ks_i41_fin_pos_hist_q,na,2018-01-01,-32.20899170231511
index,ks_i41_fin_pos_hist_q,na,2018-04-01,-30.71981826787229
index,ks_i41_fin_pos_hist_q,na,2018-07-01,-32.21585201008489
index,ks_i41_fin_pos_hist_q,na,2018-10-01,-31.53581993310012
index,ks_i41_fin_pos_hist_q,na,2019-01-01,-26.61884436656561
index,ks_i41_fin_pos_hist_q,na,2019-04-01,-27.146887751751855
index,ks_i41_fin_pos_hist_q,na,2019-07-01,-28.158883698708088
index,ks_i41_fin_pos_hist_q,na,2019-10-01,-26.56977063328135
index,ks_i41_fin_pos_hist_q,na,2020-01-01,-24.709840058180497
index,ks_i41_fin_pos_hist_q,na,2020-04-01,-19.11462444855259
index,ks_i41_fin_pos_hist_q,na,2020-07-01,-25.22994129883043
index,ks_i41_fin_pos_hist_q,na,2020-10-01,-30.526375684168876
index,ks_i41_fin_pos_hist_q,na,2021-01-01,-22.91934812379374
index,ks_i41_fin_pos_hist_q,na,2021-04-01,-23.83369847797145
index,ks_i41_fin_pos_hist_q,na,2021-07-01,-23.09403584175709
index,ks_i41_fin_pos_hist_q,na,2021-10-01,-25.821723086513444
index,ks_i41_fin_pos_hist_q,na,2022-01-01,-20.072871820593065
index,ks_i41_fin_pos_hist_q,na,2022-04-01,-33.91304394292286
index,ks_i41_fin_pos_hist_q,na,2022-07-01,-50.30962304126712
index,ks_i41_fin_pos_hist_q,na,2022-10-01,-55.44214009698487
index,ks_i41_fin_pos_hist_q,na,2023-01-01,-49.59944974325901
index,ks_i41_fin_pos_hist_q,na,2023-04-01,-53.464331268709735
index,ks_i41_fin_pos_hist_q,na,2023-07-01,-53.33213107985232
index,ks_i41_fin_pos_hist_q,na,2023-10-01,-66.64061197454012
index,ks_i41_fin_pos_hist_q,na,2024-01-01,-59.160126431074936
index,ks_i41_fin_pos_hist_q,na,2024-04-01,-57.6102684590229
index,ks_i41_fin_pos_hist_q,na,2024-07-01,-52.28233331419163
index,ks_i41_fin_pos_hist_q,na,2024-10-01,-52.788215641113545
index,ks_i41_fin_pos_hist_q,na,2025-01-01,-44.68396161200375
index,ks_i41_fin_pos_hist_q,na,2025-04-01,-42.06982442431772
index,ks_i41_fin_pos_hist_q,na,2025-07-01,-40.56908784891881
index,ks_i41_fin_pos_hist_q,na,2025-10-01,-40.65443974968283
index,ks_i41_fin_pos_hist_q,na,2026-01-01,-36.84265740602136
index,ks_i41_fin_pos_hist_q,na,2026-04-01,-40.137695295116096
index,ks_i42_fin_pos_exp_q,csa,1972-10-01,17.8750005766697
index,ks_i42_fin_pos_exp_q,csa,1973-01-01,4.45036631197846
index,ks_i42_fin_pos_exp_q,csa,1973-04-01,3.73877011390929
index,ks_i42_fin_pos_exp_q,csa,1973-07-01,-1.49034565304449
index,ks_i42_fin_pos_exp_q,csa,1973-10-01,-6.09890105583556
index,ks_i42_fin_pos_exp_q,csa,1974-01-01,-1.24180769627488
index,ks_i42_fin_pos_exp_q,csa,1974-04-01,-10.4011174103887
index,ks_i42_fin_pos_exp_q,csa,1974-07-01,-14.4051772242508
index,ks_i42_fin_pos_exp_q,csa,1974-10-01,-9.18480819015144
index,ks_i42_fin_pos_exp_q,csa,1975-01-01,-17.4400857719433
index,ks_i42_fin_pos_exp_q,csa,1975-04-01,-11.9217221436138
index,ks_i42_fin_pos_exp_q,csa,1975-07-01,-18.3961855853928
index,ks_i42_fin_pos_exp_q,csa,1975-10-01,-14.3418935553301
index,ks_i42_fin_pos_exp_q,csa,1976-01-01,-18.4957431248592
index,ks_i42_fin_pos_exp_q,csa,1976-04-01,-6.90270828258059
index,ks_i42_fin_pos_exp_q,csa,1976-07-01,-6.17301100017165
index,ks_i42_fin_pos_exp_q,csa,1976-10-01,-7.39597862806354
index,ks_i42_fin_pos_exp_q,csa,1977-01-01,-19.2225920758109
index,ks_i42_fin_pos_exp_q,csa,1977-04-01,-8.9210997051928
index,ks_i42_fin_pos_exp_q,csa,1977-07-01,-4.46211110136244
index,ks_i42_fin_pos_exp_q,csa,1977-10-01,-10.2350061817594
index,ks_i42_fin_pos_exp_q,csa,1978-01-01,-4.37445774540532
index,ks_i42_fin_pos_exp_q,csa,1978-04-01,-8.77162195272392
index,ks_i42_fin_pos_exp_q,csa,1978-07-01,-3.74603265131989
index,ks_i42_fin_pos_exp_q,csa,1978-10-01,-7.10576669837569
index,ks_i42_fin_pos_exp_q,csa,1979-01-01,-4.21261060891118
index,ks_i42_fin_pos_exp_q,csa,1979-04-01,-2.42723212303911
index,ks_i42_fin_pos_exp_q,csa,1979-07-01,-1.60740626215625
index,ks_i42_fin_pos_exp_q,csa,1979-10-01,-6.81650478863683
index,ks_i42_fin_pos_exp_q,csa,1980-01-01,-2.53374938893525
index,ks_i42_fin_pos_exp_q,csa,1980-04-01,-6.52492035557453
index,ks_i42_fin_pos_exp_q,csa,1980-07-01,0.223727397653421
index,ks_i42_fin_pos_exp_q,csa,1980-10-01,-2.19990521630062
index,ks_i42_fin_pos_exp_q,csa,1981-01-01,-9.10426534302154
index,ks_i42_fin_pos_exp_q,csa,1981-04-01,-16.4610918957131
index,ks_i42_fin_pos_exp_q,csa,1981-07-01,-15.1036865270583
index,ks_i42_fin_pos_exp_q,csa,1981-10-01,-18.0297553835734
index,ks_i42_fin_pos_exp_q,csa,1982-01-01,-11.3514782095633
index,ks_i42_fin_pos_exp_q,csa,1982-04-01,-12.3795861741207
index,ks_i42_fin_pos_exp_q,csa,1982-07-01,-19.8358029553429
index,ks_i42_fin_pos_exp_q,csa,1982-10-01,-15.4061095769655
index,ks_i42_fin_pos_exp_q,csa,1983-01-01,-13.7215525240019
index,ks_i42_fin_pos_exp_q,csa,1983-04-01,-12.275743807829
index,ks_i42_fin_pos_exp_q,csa,1983-07-01,-12.1352682156664
index,ks_i42_fin_pos_exp_q,csa,1983-10-01,-10.2583585942823
index,ks_i42_fin_pos_exp_q,csa,1984-01-01,-6.58425768100322
index,ks_i42_fin_pos_exp_q,csa,1984-04-01,-6.85212869376259
index,ks_i42_fin_pos_exp_q,csa,1984-07-01,-3.30176588824261
index,ks_i42_fin_pos_exp_q,csa,1984-10-01,-6.39054858852093
index,ks_i42_fin_pos_exp_q,csa,1985-01-01,-4.35786537210628
index,ks_i42_fin_pos_exp_q,csa,1985-04-01,-7.35039370643324
index,ks_i42_fin_pos_exp_q,csa,1985-07-01,-5.02987754250951
index,ks_i42_fin_pos_exp_q,csa,1985-10-01,0.452790372945952
index,ks_i42_fin_pos_exp_q,csa,1986-01-01,8.13584037451362
index,ks_i42_fin_pos_exp_q,csa,1986-04-01,0.0999703876635343
index,ks_i42_fin_pos_exp_q,csa,1986-07-01,-3.32287237659671
index,ks_i42_fin_pos_exp_q,csa,1986-10-01,1.85049723247943
index,ks_i42_fin_pos_exp_q,csa,1987-01-01,0.660467814563799
index,ks_i42_fin_pos_exp_q,csa,1987-04-01,-1.07143215684567
index,ks_i42_fin_pos_exp_q,csa,1987-07-01,1.99679665882461
index,ks_i42_fin_pos_exp_q,csa,1987-10-01,-0.197012515621868
index,ks_i42_fin_pos_exp_q,csa,1988-01-01,-0.0696879573943665
index,ks_i42_fin_pos_exp_q,csa,1988-04-01,-0.0595515348443723
index,ks_i42_fin_pos_exp_q,csa,1988-07-01,3.24900869847949
index,ks_i42_fin_pos_exp_q,csa,1988-10-01,4.2057510135407
index,ks_i42_fin_pos_exp_q,csa,1989-01-01,6.54818910770896
index,ks_i42_fin_pos_exp_q,csa,1989-04-01,-0.659539449261066
index,ks_i42_fin_pos_exp_q,csa,1989-07-01,-7.18857608905015
index,ks_i42_fin_pos_exp_q,csa,1989-10-01,-4.5232493392331
index,ks_i42_fin_pos_exp_q,csa,1990-01-01,-10.9295446200431
index,ks_i42_fin_pos_exp_q,csa,1990-04-01,-13.0013744402539
index,ks_i42_fin_pos_exp_q,csa,1990-07-01,-8.14306426715776
index,ks_i42_fin_pos_exp_q,csa,1990-10-01,-28.5804752021937
index,ks_i42_fin_pos_exp_q,csa,1991-01-01,-31.2844958970898
index,ks_i42_fin_pos_exp_q,csa,1991-04-01,-20.1396155903219
index,ks_i42_fin_pos_exp_q,csa,1991-07-01,-22.5877326950037
index,ks_i42_fin_pos_exp_q,csa,1991-10-01,-29.3133724564811
index,ks_i42_fin_pos_exp_q,csa,1992-01-01,-33.2155695841672
index,ks_i42_fin_pos_exp_q,csa,1992-04-01,-27.4615652490719
index,ks_i42_fin_pos_exp_q,csa,1992-07-01,-31.6623548110128
index,ks_i42_fin_pos_exp_q,csa,1992-10-01,-29.7417947713049
index,ks_i42_fin_pos_exp_q,csa,1993-01-01,-33.0043815912067
index,ks_i42_fin_pos_exp_q,csa,1993-04-01,-22.3177735214539
index,ks_i42_fin_pos_exp_q,csa,1993-07-01,-23.0834389304441
index,ks_i42_fin_pos_exp_q,csa,1993-10-01,-18.4731450068191
index,ks_i42_fin_pos_exp_q,csa,1994-01-01,-19.7353116024898
index,ks_i42_fin_pos_exp_q,csa,1994-04-01,-18.3205290878225
index,ks_i42_fin_pos_exp_q,csa,1994-07-01,-18.7452100310231
index,ks_i42_fin_pos_exp_q,csa,1994-10-01,-23.3658293742869
index,ks_i42_fin_pos_exp_q,csa,1995-01-01,-37.3071400271335
index,ks_i42_fin_pos_exp_q,csa,1995-04-01,-20.7460184190254
index,ks_i42_fin_pos_exp_q,csa,1995-07-01,-19.6206799725791
index,ks_i42_fin_pos_exp_q,csa,1995-10-01,-16.8959302171703
index,ks_i42_fin_pos_exp_q,csa,1996-01-01,-26.8752474838814
index,ks_i42_fin_pos_exp_q,csa,1996-04-01,-23.956910347143
index,ks_i42_fin_pos_exp_q,csa,1996-07-01,-24.0790142178209
index,ks_i42_fin_pos_exp_q,csa,1996-10-01,-20.5292722522836
index,ks_i42_fin_pos_exp_q,csa,1997-01-01,-13.9291189088952
index,ks_i42_fin_pos_exp_q,csa,1997-04-01,-14.5498964301555
index,ks_i42_fin_pos_exp_q,csa,1997-07-01,-5.50350923105609
index,ks_i42_fin_pos_exp_q,csa,1997-10-01,-9.26621232588299
index,ks_i42_fin_pos_exp_q,csa,1998-01-01,-3.81979976274958
index,ks_i42_fin_pos_exp_q,csa,1998-04-01,-7.21903056742479
index,ks_i42_fin_pos_exp_q,csa,1998-07-01,-6.75124856841226
index,ks_i42_fin_pos_exp_q,csa,1998-10-01,-1.59572380382694
index,ks_i42_fin_pos_exp_q,csa,1999-01-01,-4.70057560734191
index,ks_i42_fin_pos_exp_q,csa,1999-04-01,-7.88373932621627
index,ks_i42_fin_pos_exp_q,csa,1999-07-01,0.564380903861633
index,ks_i42_fin_pos_exp_q,csa,1999-10-01,-0.929008651322882
index,ks_i42_fin_pos_exp_q,csa,2000-01-01,2.68104754177337
index,ks_i42_fin_pos_exp_q,csa,2000-04-01,1.39455985144645
index,ks_i42_fin_pos_exp_q,csa,2000-07-01,0.0604035446155285
index,ks_i42_fin_pos_exp_q,csa,2000-10-01,0.847095820359314
index,ks_i42_fin_pos_exp_q,csa,2001-01-01,4.15030943007927
index,ks_i42_fin_pos_exp_q,csa,2001-04-01,6.13761554425454
index,ks_i42_fin_pos_exp_q,csa,2001-07-01,0.944378804680458
index,ks_i42_fin_pos_exp_q,csa,2001-10-01,-6.56378797926053
index,ks_i42_fin_pos_exp_q,csa,2002-01-01,0.692272324947941
index,ks_i42_fin_pos_exp_q,csa,2002-04-01,-4.11576492717101
index,ks_i42_fin_pos_exp_q,csa,2002-07-01,-4.03823091809778
index,ks_i42_fin_pos_exp_q,csa,2002-10-01,-6.59819490987154
index,ks_i42_fin_pos_exp_q,csa,2003-01-01,-5.71308113693793
index,ks_i42_fin_pos_exp_q,csa,2003-04-01,-9.25937947768657
index,ks_i42_fin_pos_exp_q,csa,2003-07-01,-7.99060866893147
index,ks_i42_fin_pos_exp_q,csa,2003-10-01,-10.9082693076401
index,ks_i42_fin_pos_exp_q,csa,2004-01-01,-7.29509951083873
index,ks_i42_fin_pos_exp_q,csa,2004-04-01,-7.50698247012316
index,ks_i42_fin_pos_exp_q,csa,2004-07-01,-8.03426238342159
index,ks_i42_fin_pos_exp_q,csa,2004-10-01,-6.04778676916759
index,ks_i42_fin_pos_exp_q,csa,2005-01-01,-5.76868483384528
index,ks_i42_fin_pos_exp_q,csa,2005-04-01,-7.60635674148996
index,ks_i42_fin_pos_exp_q,csa,2005-07-01,-8.14203295543111
index,ks_i42_fin_pos_exp_q,csa,2005-10-01,-6.75113319910212
index,ks_i42_fin_pos_exp_q,csa,2006-01-01,-6.38126277945173
index,ks_i42_fin_pos_exp_q,csa,2006-04-01,-5.92328103927418
index,ks_i42_fin_pos_exp_q,csa,2006-07-01,-0.457240057540304
index,ks_i42_fin_pos_exp_q,csa,2006-10-01,-4.95935570621994
index,ks_i42_fin_pos_exp_q,csa,2007-01-01,-5.60531115133826
index,ks_i42_fin_pos_exp_q,csa,2007-04-01,-1.85185028407754
index,ks_i42_fin_pos_exp_q,csa,2007-07-01,-5.11681548987961
index,ks_i42_fin_pos_exp_q,csa,2007-10-01,1.92526710799369
index,ks_i42_fin_pos_exp_q,csa,2008-01-01,-6.73364856631773
index,ks_i42_fin_pos_exp_q,csa,2008-04-01,-5.64230489294911
index,ks_i42_fin_pos_exp_q,csa,2008-07-01,-19.0708661038497
index,ks_i42_fin_pos_exp_q,csa,2008-10-01,-18.5588592178471
index,ks_i42_fin_pos_exp_q,csa,2009-01-01,-11.2302916345078
index,ks_i42_fin_pos_exp_q,csa,2009-04-01,-18.705997556449
index,ks_i42_fin_pos_exp_q,csa,2009-07-01,-18.9524958432941
index,ks_i42_fin_pos_exp_q,csa,2009-10-01,-9.17479310318937
index,ks_i42_fin_pos_exp_q,csa,2010-01-01,-8.01692010041076
index,ks_i42_fin_pos_exp_q,csa,2010-04-01,-5.43628798782562
index,ks_i42_fin_pos_exp_q,csa,2010-07-01,-0.330210553510485
index,ks_i42_fin_pos_exp_q,csa,2010-10-01,-6.91612027368475
index,ks_i42_fin_pos_exp_q,csa,2011-01-01,-7.87651507214484
index,ks_i42_fin_pos_exp_q,csa,2011-04-01,-7.04742798379404
index,ks_i42_fin_pos_exp_q,csa,2011-07-01,-11.5122682309779
index,ks_i42_fin_pos_exp_q,csa,2011-10-01,-12.5381038652391
index,ks_i42_fin_pos_exp_q,csa,2012-01-01,-12.4349925709021
index,ks_i42_fin_pos_exp_q,csa,2012-04-01,-12.9290989004607
index,ks_i42_fin_pos_exp_q,csa,2012-07-01,-13.285163188248
index,ks_i42_fin_pos_exp_q,csa,2012-10-01,-11.8369449410372
index,ks_i42_fin_pos_exp_q,csa,2013-01-01,-9.4931060568213
index,ks_i42_fin_pos_exp_q,csa,2013-04-01,-10.5578956479644
index,ks_i42_fin_pos_exp_q,csa,2013-07-01,-10.6597146068019
index,ks_i42_fin_pos_exp_q,csa,2013-10-01,-9.92815978059048
index,ks_i42_fin_pos_exp_q,csa,2014-01-01,-9.91145833361336
index,ks_i42_fin_pos_exp_q,csa,2014-04-01,-12.1014895130512
index,ks_i42_fin_pos_exp_q,csa,2014-07-01,-12.383843438501
index,ks_i42_fin_pos_exp_q,csa,2014-10-01,-9.19804493774561
index,ks_i42_fin_pos_exp_q,csa,2015-01-01,-11.8078607089309
index,ks_i42_fin_pos_exp_q,csa,2015-04-01,-8.41657077522718
index,ks_i42_fin_pos_exp_q,csa,2015-07-01,-14.1257348016898
index,ks_i42_fin_pos_exp_q,csa,2015-10-01,-13.0890620018149
index,ks_i42_fin_pos_exp_q,csa,2016-01-01,-13.1438004163762
index,ks_i42_fin_pos_exp_q,csa,2016-04-01,-12.0231098797897
index,ks_i42_fin_pos_exp_q,csa,2016-07-01,-12.1385993223698
index,ks_i42_fin_pos_exp_q,csa,2016-10-01,-15.3346909542984
index,ks_i42_fin_pos_exp_q,csa,2017-01-01,-14.2154911110393
index,ks_i42_fin_pos_exp_q,csa,2017-04-01,-15.6286705066533
index,ks_i42_fin_pos_exp_q,csa,2017-07-01,-14.3320098509444
index,ks_i42_fin_pos_exp_q,csa,2017-10-01,-15.3955986380599
index,ks_i42_fin_pos_exp_q,csa,2018-01-01,-15.5528406604304
index,ks_i42_fin_pos_exp_q,csa,2018-04-01,-13.2014281600939
index,ks_i42_fin_pos_exp_q,csa,2018-07-01,-15.485391013773
index,ks_i42_fin_pos_exp_q,csa,2018-10-01,-13.4095967446336
index,ks_i42_fin_pos_exp_q,csa,2019-01-01,-14.8488433713289
index,ks_i42_fin_pos_exp_q,csa,2019-04-01,-17.4898899437261
index,ks_i42_fin_pos_exp_q,csa,2019-07-01,-20.1662195489693
index,ks_i42_fin_pos_exp_q,csa,2019-10-01,-13.849116639005
index,ks_i42_fin_pos_exp_q,csa,2020-01-01,-19.5613851394241
index,ks_i42_fin_pos_exp_q,csa,2020-04-01,-34.8719979267276
index,ks_i42_fin_pos_exp_q,csa,2020-07-01,-16.5614823856716
index,ks_i42_fin_pos_exp_q,csa,2020-10-01,-17.5364939911738
index,ks_i42_fin_pos_exp_q,csa,2021-01-01,-18.9685144992886
index,ks_i42_fin_pos_exp_q,csa,2021-04-01,-17.5813387006169
index,ks_i42_fin_pos_exp_q,csa,2021-07-01,-9.2469693553652
index,ks_i42_fin_pos_exp_q,csa,2021-10-01,-11.5353618480872
index,ks_i42_fin_pos_exp_q,csa,2022-01-01,-15.2665536963485
index,ks_i42_fin_pos_exp_q,csa,2022-04-01,-36.5478398232319
index,ks_i42_fin_pos_exp_q,csa,2022-07-01,-46.6956175131372
index,ks_i42_fin_pos_exp_q,csa,2022-10-01,-57.5937985351825
index,ks_i42_fin_pos_exp_q,csa,2023-01-01,-36.9123855354136
index,ks_i42_fin_pos_exp_q,csa,2023-04-01,-35.0532473647595
index,ks_i42_fin_pos_exp_q,csa,2023-07-01,-36.9367676546035
index,ks_i42_fin_pos_exp_q,csa,2023-10-01,-48.3826333653804
index,ks_i42_fin_pos_exp_q,csa,2024-01-01,-41.8619646412258
index,ks_i42_fin_pos_exp_q,csa,2024-04-01,-37.2912429804767
index,ks_i42_fin_pos_exp_q,csa,2024-07-01,-30.5231681841765
index,ks_i42_fin_pos_exp_q,csa,2024-10-01,-30.9923337428661
index,ks_i42_fin_pos_exp_q,csa,2025-01-01,-28.4218237356002
index,ks_i42_fin_pos_exp_q,csa,2025-04-01,-33.9716412146235
index,ks_i42_fin_pos_exp_q,csa,2025-07-01,-27.192565344033
index,ks_i42_fin_pos_exp_q,csa,2025-10-01,-29.6384530872773
index,ks_i42_fin_pos_exp_q,csa,2026-01-01,-27.9002061427032
index,ks_i42_fin_pos_exp_q,csa,2026-04-01,-33.0136012407921
index,ks_i42_fin_pos_exp_q,na,1972-10-01,18.31930759405499
index,ks_i42_fin_pos_exp_q,na,1973-01-01,3.4252450510049837
index,ks_i42_fin_pos_exp_q,na,1973-04-01,4.559403632470357
index,ks_i42_fin_pos_exp_q,na,1973-07-01,-1.7072761163522507
index,ks_i42_fin_pos_exp_q,na,1973-10-01,-5.725003915859711
index,ks_i42_fin_pos_exp_q,na,1974-01-01,-2.22452394634327
index,ks_i42_fin_pos_exp_q,na,1974-04-01,-9.56304534712148
index,ks_i42_fin_pos_exp_q,na,1974-07-01,-14.593348377424512
index,ks_i42_fin_pos_exp_q,na,1974-10-01,-8.880118517853187
index,ks_i42_fin_pos_exp_q,na,1975-01-01,-18.421452426767495
index,ks_i42_fin_pos_exp_q,na,1975-04-01,-11.06053278430741
index,ks_i42_fin_pos_exp_q,na,1975-07-01,-18.51371799286139
index,ks_i42_fin_pos_exp_q,na,1975-10-01,-14.14241042648656
index,ks_i42_fin_pos_exp_q,na,1976-01-01,-19.447660731736864
index,ks_i42_fin_pos_exp_q,na,1976-04-01,-6.064063677060381
index,ks_i42_fin_pos_exp_q,na,1976-07-01,-6.193917830342957
index,ks_i42_fin_pos_exp_q,na,1976-10-01,-7.319502911697127
index,ks_i42_fin_pos_exp_q,na,1977-01-01,-20.0610690625365
index,ks_i42_fin_pos_exp_q,na,1977-04-01,-8.160398844285941
index,ks_i42_fin_pos_exp_q,na,1977-07-01,-4.432033738497933
index,ks_i42_fin_pos_exp_q,na,1977-10-01,-10.30254114544081
index,ks_i42_fin_pos_exp_q,na,1978-01-01,-4.996441219541743
index,ks_i42_fin_pos_exp_q,na,1978-04-01,-8.099841883918018
index,ks_i42_fin_pos_exp_q,na,1978-07-01,-3.724062296274023
index,ks_i42_fin_pos_exp_q,na,1978-10-01,-7.294752664194651
index,ks_i42_fin_pos_exp_q,na,1979-01-01,-4.624269836917399
index,ks_i42_fin_pos_exp_q,na,1979-04-01,-1.8227856068617392
index,ks_i42_fin_pos_exp_q,na,1979-07-01,-1.6264702942673583
index,ks_i42_fin_pos_exp_q,na,1979-10-01,-7.091500631674326
index,ks_i42_fin_pos_exp_q,na,1980-01-01,-2.7441477093262048
index,ks_i42_fin_pos_exp_q,na,1980-04-01,-5.990289929164825
index,ks_i42_fin_pos_exp_q,na,1980-07-01,0.12926234518621094
index,ks_i42_fin_pos_exp_q,na,1980-10-01,-2.5278232950541
index,ks_i42_fin_pos_exp_q,na,1981-01-01,-9.116861394088213
index,ks_i42_fin_pos_exp_q,na,1981-04-01,-15.952358324220718
index,ks_i42_fin_pos_exp_q,na,1981-07-01,-15.31798605858393
index,ks_i42_fin_pos_exp_q,na,1981-10-01,-18.435555307280843
index,ks_i42_fin_pos_exp_q,na,1982-01-01,-11.176198151763646
index,ks_i42_fin_pos_exp_q,na,1982-04-01,-11.851229785161827
index,ks_i42_fin_pos_exp_q,na,1982-07-01,-20.1620791635466
index,ks_i42_fin_pos_exp_q,na,1982-10-01,-15.872545836837446
index,ks_i42_fin_pos_exp_q,na,1983-01-01,-13.40591634615155
index,ks_i42_fin_pos_exp_q,na,1983-04-01,-11.754067314647749
index,ks_i42_fin_pos_exp_q,na,1983-07-01,-12.525509254724945
index,ks_i42_fin_pos_exp_q,na,1983-10-01,-10.774868007220004
index,ks_i42_fin_pos_exp_q,na,1984-01-01,-6.1471846121118094
index,ks_i42_fin_pos_exp_q,na,1984-04-01,-6.351639250759632
index,ks_i42_fin_pos_exp_q,na,1984-07-01,-3.742908494726563
index,ks_i42_fin_pos_exp_q,na,1984-10-01,-6.944760709986702
index,ks_i42_fin_pos_exp_q,na,1985-01-01,-3.81257275732942
index,ks_i42_fin_pos_exp_q,na,1985-04-01,-6.860550145585972
index,ks_i42_fin_pos_exp_q,na,1985-07-01,-5.540100796452265
index,ks_i42_fin_pos_exp_q,na,1985-10-01,-0.13172930485442969
index,ks_i42_fin_pos_exp_q,na,1986-01-01,8.761382133794548
index,ks_i42_fin_pos_exp_q,na,1986-04-01,0.6158319126311369
index,ks_i42_fin_pos_exp_q,na,1986-07-01,-3.870737654813788
index,ks_i42_fin_pos_exp_q,na,1986-10-01,1.225416191340056
index,ks_i42_fin_pos_exp_q,na,1987-01-01,1.289924467873652
index,ks_i42_fin_pos_exp_q,na,1987-04-01,-0.5053530394291741
index,ks_i42_fin_pos_exp_q,na,1987-07-01,1.459768341091447
index,ks_i42_fin_pos_exp_q,na,1987-10-01,-0.8760224463581228
index,ks_i42_fin_pos_exp_q,na,1988-01-01,0.5437230036888145
index,ks_i42_fin_pos_exp_q,na,1988-04-01,0.5728769829756075
index,ks_i42_fin_pos_exp_q,na,1988-07-01,2.7092551223620873
index,ks_i42_fin_pos_exp_q,na,1988-10-01,3.4709022765448623
index,ks_i42_fin_pos_exp_q,na,1989-01-01,7.144765646128278
index,ks_i42_fin_pos_exp_q,na,1989-04-01,0.0648616296227047
index,ks_i42_fin_pos_exp_q,na,1989-07-01,-7.7279542637082494
index,ks_i42_fin_pos_exp_q,na,1989-10-01,-5.325620799837779
index,ks_i42_fin_pos_exp_q,na,1990-01-01,-10.386574758886187
index,ks_i42_fin_pos_exp_q,na,1990-04-01,-12.169718754603783
index,ks_i42_fin_pos_exp_q,na,1990-07-01,-8.651398760776098
index,ks_i42_fin_pos_exp_q,na,1990-10-01,-29.478025104206505
index,ks_i42_fin_pos_exp_q,na,1991-01-01,-30.78255754224343
index,ks_i42_fin_pos_exp_q,na,1991-04-01,-19.191721817709716
index,ks_i42_fin_pos_exp_q,na,1991-07-01,-23.090422868735313
index,ks_i42_fin_pos_exp_q,na,1991-10-01,-30.30090942479138
index,ks_i42_fin_pos_exp_q,na,1992-01-01,-32.69237139448032
index,ks_i42_fin_pos_exp_q,na,1992-04-01,-26.454657034209134
index,ks_i42_fin_pos_exp_q,na,1992-07-01,-32.196442659981365
index,ks_i42_fin_pos_exp_q,na,1992-10-01,-30.79749510788703
index,ks_i42_fin_pos_exp_q,na,1993-01-01,-32.396378680454816
index,ks_i42_fin_pos_exp_q,na,1993-04-01,-21.305165690961022
index,ks_i42_fin_pos_exp_q,na,1993-07-01,-23.652020202053784
index,ks_i42_fin_pos_exp_q,na,1993-10-01,-19.60467259404674
index,ks_i42_fin_pos_exp_q,na,1994-01-01,-18.984548677283232
index,ks_i42_fin_pos_exp_q,na,1994-04-01,-17.34339216793073
index,ks_i42_fin_pos_exp_q,na,1994-07-01,-19.342931495129072
index,ks_i42_fin_pos_exp_q,na,1994-10-01,-24.58539714498348
index,ks_i42_fin_pos_exp_q,na,1995-01-01,-36.395260112222154
index,ks_i42_fin_pos_exp_q,na,1995-04-01,-19.81907503172259
index,ks_i42_fin_pos_exp_q,na,1995-07-01,-20.258697521034524
index,ks_i42_fin_pos_exp_q,na,1995-10-01,-18.18617967547969
index,ks_i42_fin_pos_exp_q,na,1996-01-01,-25.785267569343706
index,ks_i42_fin_pos_exp_q,na,1996-04-01,-23.07920110519936
index,ks_i42_fin_pos_exp_q,na,1996-07-01,-24.7705925169328
index,ks_i42_fin_pos_exp_q,na,1996-10-01,-21.93422438642279
index,ks_i42_fin_pos_exp_q,na,1997-01-01,-12.625744603232002
index,ks_i42_fin_pos_exp_q,na,1997-04-01,-13.711273059258968
index,ks_i42_fin_pos_exp_q,na,1997-07-01,-6.243896410951268
index,ks_i42_fin_pos_exp_q,na,1997-10-01,-10.786346317995267
index,ks_i42_fin_pos_exp_q,na,1998-01-01,-2.323391834128218
index,ks_i42_fin_pos_exp_q,na,1998-04-01,-6.392313639804407
index,ks_i42_fin_pos_exp_q,na,1998-07-01,-7.570835025797235
index,ks_i42_fin_pos_exp_q,na,1998-10-01,-3.213340042602818
index,ks_i42_fin_pos_exp_q,na,1999-01-01,-3.035913564175745
index,ks_i42_fin_pos_exp_q,na,1999-04-01,-7.035107004154236
index,ks_i42_fin_pos_exp_q,na,1999-07-01,-0.33361649910599134
index,ks_i42_fin_pos_exp_q,na,1999-10-01,-2.6741564582325914
index,ks_i42_fin_pos_exp_q,na,2000-01-01,4.506654556073098
index,ks_i42_fin_pos_exp_q,na,2000-04-01,2.314907408784032
index,ks_i42_fin_pos_exp_q,na,2000-07-01,-0.935026023449984
index,ks_i42_fin_pos_exp_q,na,2000-10-01,-1.0266468796885313
index,ks_i42_fin_pos_exp_q,na,2001-01-01,6.112266852686396
index,ks_i42_fin_pos_exp_q,na,2001-04-01,7.132183474689619
index,ks_i42_fin_pos_exp_q,na,2001-07-01,-0.13163381630637083
index,ks_i42_fin_pos_exp_q,na,2001-10-01,-8.53274231681845
index,ks_i42_fin_pos_exp_q,na,2002-01-01,2.764726978688138
index,ks_i42_fin_pos_exp_q,na,2002-04-01,-3.0868548709310044
index,ks_i42_fin_pos_exp_q,na,2002-07-01,-5.19238897646511
index,ks_i42_fin_pos_exp_q,na,2002-10-01,-8.596538170087989
index,ks_i42_fin_pos_exp_q,na,2003-01-01,-3.5668989116686864
index,ks_i42_fin_pos_exp_q,na,2003-04-01,-8.197660731736866
index,ks_i42_fin_pos_exp_q,na,2003-07-01,-9.23294825974284
index,ks_i42_fin_pos_exp_q,na,2003-10-01,-12.91179293864364
index,ks_i42_fin_pos_exp_q,na,2004-01-01,-5.099167020125283
index,ks_i42_fin_pos_exp_q,na,2004-04-01,-6.400521446547867
index,ks_i42_fin_pos_exp_q,na,2004-07-01,-9.3725691566452909
index,ks_i42_fin_pos_exp_q,na,2004-10-01,-8.035876614995647
index,ks_i42_fin_pos_exp_q,na,2005-01-01,-3.540657287419988
index,ks_i42_fin_pos_exp_q,na,2005-04-01,-6.454246860839551
index,ks_i42_fin_pos_exp_q,na,2005-07-01,-9.566847628490304
index,ks_i42_fin_pos_exp_q,na,2005-10-01,-8.727506594758532
index,ks_i42_fin_pos_exp_q,na,2006-01-01,-4.134473918550052
index,ks_i42_fin_pos_exp_q,na,2006-04-01,-4.718938883243154
index,ks_i42_fin_pos_exp_q,na,2006-07-01,-1.9646124382086505
index,ks_i42_fin_pos_exp_q,na,2006-10-01,-6.922893831969965
index,ks_i42_fin_pos_exp_q,na,2007-01-01,-3.333380275351145
index,ks_i42_fin_pos_exp_q,na,2007-04-01,-0.5885893395528896
index,ks_i42_fin_pos_exp_q,na,2007-07-01,-6.739297666230943
index,ks_i42_fin_pos_exp_q,na,2007-10-01,-0.02458380865994236
index,ks_i42_fin_pos_exp_q,na,2008-01-01,-4.4065567975031605
index,ks_i42_fin_pos_exp_q,na,2008-04-01,-4.331836974143364
index,ks_i42_fin_pos_exp_q,na,2008-07-01,-20.774821225564025
index,ks_i42_fin_pos_exp_q,na,2008-10-01,-20.54107782085596
index,ks_i42_fin_pos_exp_q,na,2009-01-01,-8.847235453814012
index,ks_i42_fin_pos_exp_q,na,2009-04-01,-17.384641591252937
index,ks_i42_fin_pos_exp_q,na,2009-07-01,-20.662571413472193
index,ks_i42_fin_pos_exp_q,na,2009-10-01,-11.183178300587768
index,ks_i42_fin_pos_exp_q,na,2010-01-01,-5.641992715542534
index,ks_i42_fin_pos_exp_q,na,2010-04-01,-4.096126632565714
index,ks_i42_fin_pos_exp_q,na,2010-07-01,-1.9994427473071816
index,ks_i42_fin_pos_exp_q,na,2010-10-01,-8.963231048142836
index,ks_i42_fin_pos_exp_q,na,2011-01-01,-5.519608142211188
index,ks_i42_fin_pos_exp_q,na,2011-04-01,-5.686453770236074
index,ks_i42_fin_pos_exp_q,na,2011-07-01,-13.168333354675775
index,ks_i42_fin_pos_exp_q,na,2011-10-01,-14.604870442178514
index,ks_i42_fin_pos_exp_q,na,2012-01-01,-10.08156386564
index,ks_i42_fin_pos_exp_q,na,2012-04-01,-11.56304534712148
index,ks_i42_fin_pos_exp_q,na,2012-07-01,-14.926681710757844
index,ks_i42_fin_pos_exp_q,na,2012-10-01,-13.9149617234281
index,ks_i42_fin_pos_exp_q,na,2013-01-01,-7.148783887019613
index,ks_i42_fin_pos_exp_q,na,2013-04-01,-9.190782573398852
index,ks_i42_fin_pos_exp_q,na,2013-07-01,-12.275422907228338
index,ks_i42_fin_pos_exp_q,na,2013-10-01,-12.015534034904286
index,ks_i42_fin_pos_exp_q,na,2014-01-01,-7.592822022059446
index,ks_i42_fin_pos_exp_q,na,2014-04-01,-10.728165940813502
index,ks_i42_fin_pos_exp_q,na,2014-07-01,-13.963784035948812
index,ks_i42_fin_pos_exp_q,na,2014-10-01,-11.30285454052998
index,ks_i42_fin_pos_exp_q,na,2015-01-01,-9.524120416630286
index,ks_i42_fin_pos_exp_q,na,2015-04-01,-7.030740621952725
index,ks_i42_fin_pos_exp_q,na,2015-07-01,-15.648847185732308
index,ks_i42_fin_pos_exp_q,na,2015-10-01,-15.228458880956069
index,ks_i42_fin_pos_exp_q,na,2016-01-01,-10.887939861889413
index,ks_i42_fin_pos_exp_q,na,2016-04-01,-10.654780133679155
index,ks_i42_fin_pos_exp_q,na,2016-07-01,-13.58120881836265
index,ks_i42_fin_pos_exp_q,na,2016-10-01,-17.501742665129143
index,ks_i42_fin_pos_exp_q,na,2017-01-01,-11.982156830776132
index,ks_i42_fin_pos_exp_q,na,2017-04-01,-14.293742145614887
index,ks_i42_fin_pos_exp_q,na,2017-07-01,-15.704546641340634
index,ks_i42_fin_pos_exp_q,na,2017-10-01,-17.573974308870113
index,ks_i42_fin_pos_exp_q,na,2018-01-01,-13.342648358757346
index,ks_i42_fin_pos_exp_q,na,2018-04-01,-11.898334534045205
index,ks_i42_fin_pos_exp_q,na,2018-07-01,-16.796690206934564
index,ks_i42_fin_pos_exp_q,na,2018-10-01,-15.595303411637609
index,ks_i42_fin_pos_exp_q,na,2019-01-01,-12.655089028868751
index,ks_i42_fin_pos_exp_q,na,2019-04-01,-16.22707696767484
index,ks_i42_fin_pos_exp_q,na,2019-07-01,-21.40044372110522
index,ks_i42_fin_pos_exp_q,na,2019-10-01,-16.06465306416328
index,ks_i42_fin_pos_exp_q,na,2020-01-01,-17.38602671358111
index,ks_i42_fin_pos_exp_q,na,2020-04-01,-33.64235938785031
index,ks_i42_fin_pos_exp_q,na,2020-07-01,-17.688506601734026
index,ks_i42_fin_pos_exp_q,na,2020-10-01,-19.82391491233887
index,ks_i42_fin_pos_exp_q,na,2021-01-01,-16.790927384654992
index,ks_i42_fin_pos_exp_q,na,2021-04-01,-16.38137078156066
index,ks_i42_fin_pos_exp_q,na,2021-07-01,-10.285090075555985
index,ks_i42_fin_pos_exp_q,na,2021-10-01,-13.906141581431104
index,ks_i42_fin_pos_exp_q,na,2022-01-01,-13.052248623368689
index,ks_i42_fin_pos_exp_q,na,2022-04-01,-35.35672255178038
index,ks_i42_fin_pos_exp_q,na,2022-07-01,-47.67861517055647
index,ks_i42_fin_pos_exp_q,na,2022-10-01,-60.06712512953308
index,ks_i42_fin_pos_exp_q,na,2023-01-01,-34.646242737007285
index,ks_i42_fin_pos_exp_q,na,2023-04-01,-33.90144838894658
index,ks_i42_fin_pos_exp_q,na,2023-07-01,-37.80785862512978
index,ks_i42_fin_pos_exp_q,na,2023-10-01,-50.942744595241784
index,ks_i42_fin_pos_exp_q,na,2024-01-01,-39.56065082015321
index,ks_i42_fin_pos_exp_q,na,2024-04-01,-36.23252542237421
index,ks_i42_fin_pos_exp_q,na,2024-07-01,-31.309885947535243
index,ks_i42_fin_pos_exp_q,na,2024-10-01,-33.56024090842973
index,ks_i42_fin_pos_exp_q,na,2025-01-01,-26.071576595485524
index,ks_i42_fin_pos_exp_q,na,2025-04-01,-33.00687637256399
index,ks_i42_fin_pos_exp_q,na,2025-07-01,-27.947539323568893
index,ks_i42_fin_pos_exp_q,na,2025-10-01,-32.20375726729095
index,ks_i42_fin_pos_exp_q,na,2026-01-01,-25.515821393821614
index,ks_i42_fin_pos_exp_q,na,2026-04-01,-32.08719848663931
index,ks_i51_save_q,csa,1972-10-01,39.0224649913573
index,ks_i51_save_q,csa,1973-01-01,38.5029619091321
index,ks_i51_save_q,csa,1973-04-01,43.6105448691189
index,ks_i51_save_q,csa,1973-07-01,43.6591866740796
index,ks_i51_save_q,csa,1973-10-01,41.1373620098292
index,ks_i51_save_q,csa,1974-01-01,31.597764136156002
index,ks_i51_save_q,csa,1974-04-01,39.7156577556415
index,ks_i51_save_q,csa,1974-07-01,39.4454109749866
index,ks_i51_save_q,csa,1974-10-01,31.4582384382492
index,ks_i51_save_q,csa,1975-01-01,34.5411080507993
index,ks_i51_save_q,csa,1975-04-01,41.6032796976557
index,ks_i51_save_q,csa,1975-07-01,31.5040045452432
index,ks_i51_save_q,csa,1975-10-01,32.9243228048747
index,ks_i51_save_q,csa,1976-01-01,30.9969881741666
index,ks_i51_save_q,csa,1976-04-01,32.5818034841304
index,ks_i51_save_q,csa,1976-07-01,28.4653098819449
index,ks_i51_save_q,csa,1976-10-01,36.4092887469853
index,ks_i51_save_q,csa,1977-01-01,32.2497618206429
index,ks_i51_save_q,csa,1977-04-01,33.3511231362321
index,ks_i51_save_q,csa,1977-07-01,28.975996249327
index,ks_i51_save_q,csa,1977-10-01,25.7508012821691
index,ks_i51_save_q,csa,1978-01-01,31.3419889876064
index,ks_i51_save_q,csa,1978-04-01,34.3160329992077
index,ks_i51_save_q,csa,1978-07-01,39.4634728074026
index,ks_i51_save_q,csa,1978-10-01,32.4449796451199
index,ks_i51_save_q,csa,1979-01-01,30.8647426462796
index,ks_i51_save_q,csa,1979-04-01,39.6737193317706
index,ks_i51_save_q,csa,1979-07-01,33.4319012111499
index,ks_i51_save_q,csa,1979-10-01,45.8176777482997
index,ks_i51_save_q,csa,1980-01-01,46.3056159685267
index,ks_i51_save_q,csa,1980-04-01,45.3167344260259
index,ks_i51_save_q,csa,1980-07-01,43.1194903975373
index,ks_i51_save_q,csa,1980-10-01,41.4934814263782
index,ks_i51_save_q,csa,1981-01-01,38.0162330546594
index,ks_i51_save_q,csa,1981-04-01,34.3793015945744
index,ks_i51_save_q,csa,1981-07-01,33.0610617118279
index,ks_i51_save_q,csa,1981-10-01,35.6367563609388
index,ks_i51_save_q,csa,1982-01-01,34.2876206372872
index,ks_i51_save_q,csa,1982-04-01,39.5465169286541
index,ks_i51_save_q,csa,1982-07-01,39.9791684308602
index,ks_i51_save_q,csa,1982-10-01,36.8391087001219
index,ks_i51_save_q,csa,1983-01-01,29.0859180039661
index,ks_i51_save_q,csa,1983-04-01,37.8144858153712
index,ks_i51_save_q,csa,1983-07-01,38.9769524262833
index,ks_i51_save_q,csa,1983-10-01,37.892114193667
index,ks_i51_save_q,csa,1984-01-01,42.8428588776477
index,ks_i51_save_q,csa,1984-04-01,38.3267823953421
index,ks_i51_save_q,csa,1984-07-01,39.767141305481
index,ks_i51_save_q,csa,1984-10-01,37.5511687179759
index,ks_i51_save_q,csa,1985-01-01,40.7944560014884
index,ks_i51_save_q,csa,1985-04-01,42.0801322268755
index,ks_i51_save_q,csa,1985-07-01,35.9456611794442
index,ks_i51_save_q,csa,1985-10-01,39.6499424140958
index,ks_i51_save_q,csa,1986-01-01,43.9731709879994
index,ks_i51_save_q,csa,1986-04-01,42.4111413407962
index,ks_i51_save_q,csa,1986-07-01,32.7980725797029
index,ks_i51_save_q,csa,1986-10-01,39.9445329717477
index,ks_i51_save_q,csa,1987-01-01,44.0838381294094
index,ks_i51_save_q,csa,1987-04-01,40.8342190746392
index,ks_i51_save_q,csa,1987-07-01,40.5259731701692
index,ks_i51_save_q,csa,1987-10-01,39.9310157951259
index,ks_i51_save_q,csa,1988-01-01,41.7839699481893
index,ks_i51_save_q,csa,1988-04-01,39.5882682639431
index,ks_i51_save_q,csa,1988-07-01,41.9403790703973
index,ks_i51_save_q,csa,1988-10-01,45.8385079363738
index,ks_i51_save_q,csa,1989-01-01,46.1503022334318
index,ks_i51_save_q,csa,1989-04-01,43.1400707333834
index,ks_i51_save_q,csa,1989-07-01,38.068853511153
index,ks_i51_save_q,csa,1989-10-01,38.802922350149
index,ks_i51_save_q,csa,1990-01-01,39.8033862357106
index,ks_i51_save_q,csa,1990-04-01,32.9407452902912
index,ks_i51_save_q,csa,1990-07-01,38.9241746032739
index,ks_i51_save_q,csa,1990-10-01,26.3348289076699
index,ks_i51_save_q,csa,1991-01-01,28.7206663811672
index,ks_i51_save_q,csa,1991-04-01,32.2472421794255
index,ks_i51_save_q,csa,1991-07-01,38.4937366563991
index,ks_i51_save_q,csa,1991-10-01,34.1027417896407
index,ks_i51_save_q,csa,1992-01-01,39.5170081509617
index,ks_i51_save_q,csa,1992-04-01,27.6187607657175
index,ks_i51_save_q,csa,1992-07-01,36.9459824200997
index,ks_i51_save_q,csa,1992-10-01,39.138627806686
index,ks_i51_save_q,csa,1993-01-01,35.3626998747704
index,ks_i51_save_q,csa,1993-04-01,29.8101533122839
index,ks_i51_save_q,csa,1993-07-01,31.1474172888452
index,ks_i51_save_q,csa,1993-10-01,34.2701395698882
index,ks_i51_save_q,csa,1994-01-01,38.3341777004196
index,ks_i51_save_q,csa,1994-04-01,36.7977382805385
index,ks_i51_save_q,csa,1994-07-01,43.4115906480509
index,ks_i51_save_q,csa,1994-10-01,44.8437060480217
index,ks_i51_save_q,csa,1995-01-01,38.899428055512
index,ks_i51_save_q,csa,1995-04-01,35.2868568921919
index,ks_i51_save_q,csa,1995-07-01,35.1096181164489
index,ks_i51_save_q,csa,1995-10-01,32.6972367068343
index,ks_i51_save_q,csa,1996-01-01,32.4421092656363
index,ks_i51_save_q,csa,1996-04-01,26.0908990025427
index,ks_i51_save_q,csa,1996-07-01,25.9994514624581
index,ks_i51_save_q,csa,1996-10-01,25.7467272364188
index,ks_i51_save_q,csa,1997-01-01,28.3982581739583
index,ks_i51_save_q,csa,1997-04-01,27.9131519818805
index,ks_i51_save_q,csa,1997-07-01,30.6699485017393
index,ks_i51_save_q,csa,1997-10-01,30.0233436177753
index,ks_i51_save_q,csa,1998-01-01,35.7486129052504
index,ks_i51_save_q,csa,1998-04-01,32.7854964868611
index,ks_i51_save_q,csa,1998-07-01,35.1729533462199
index,ks_i51_save_q,csa,1998-10-01,40.2412533497179
index,ks_i51_save_q,csa,1999-01-01,42.503728326652
index,ks_i51_save_q,csa,1999-04-01,46.9164395020936
index,ks_i51_save_q,csa,1999-07-01,41.6211341083928
index,ks_i51_save_q,csa,1999-10-01,44.0275036214098
index,ks_i51_save_q,csa,2000-01-01,41.6347464049129
index,ks_i51_save_q,csa,2000-04-01,44.7486486929086
index,ks_i51_save_q,csa,2000-07-01,39.1422274436748
index,ks_i51_save_q,csa,2000-10-01,33.2794461670896
index,ks_i51_save_q,csa,2001-01-01,42.9333420482439
index,ks_i51_save_q,csa,2001-04-01,44.0465833223412
index,ks_i51_save_q,csa,2001-07-01,44.0603513977356
index,ks_i51_save_q,csa,2001-10-01,42.8110563761099
index,ks_i51_save_q,csa,2002-01-01,45.8336312076875
index,ks_i51_save_q,csa,2002-04-01,43.3667122881063
index,ks_i51_save_q,csa,2002-07-01,36.8279879752087
index,ks_i51_save_q,csa,2002-10-01,34.5577540463049
index,ks_i51_save_q,csa,2003-01-01,37.4002076645379
index,ks_i51_save_q,csa,2003-04-01,34.080946305806
index,ks_i51_save_q,csa,2003-07-01,44.8720036055234
index,ks_i51_save_q,csa,2003-10-01,34.7623011988969
index,ks_i51_save_q,csa,2004-01-01,31.703980522607
index,ks_i51_save_q,csa,2004-04-01,33.611543393566
index,ks_i51_save_q,csa,2004-07-01,29.0928643995887
index,ks_i51_save_q,csa,2004-10-01,42.178358804521
index,ks_i51_save_q,csa,2005-01-01,39.9097544195092
index,ks_i51_save_q,csa,2005-04-01,39.3891922534986
index,ks_i51_save_q,csa,2005-07-01,35.4016030246895
index,ks_i51_save_q,csa,2005-10-01,44.2354359850233
index,ks_i51_save_q,csa,2006-01-01,40.8178963177096
index,ks_i51_save_q,csa,2006-04-01,37.4642126710392
index,ks_i51_save_q,csa,2006-07-01,37.2603474552321
index,ks_i51_save_q,csa,2006-10-01,36.5480818798791
index,ks_i51_save_q,csa,2007-01-01,34.9753804634993
index,ks_i51_save_q,csa,2007-04-01,40.1351436466673
index,ks_i51_save_q,csa,2007-07-01,31.8660728747677
index,ks_i51_save_q,csa,2007-10-01,42.6332943557509
index,ks_i51_save_q,csa,2008-01-01,39.6828081095429
index,ks_i51_save_q,csa,2008-04-01,46.3623162027469
index,ks_i51_save_q,csa,2008-07-01,39.9895605405892
index,ks_i51_save_q,csa,2008-10-01,33.8851675010864
index,ks_i51_save_q,csa,2009-01-01,33.409397614111
index,ks_i51_save_q,csa,2009-04-01,32.0211151828148
index,ks_i51_save_q,csa,2009-07-01,34.3530066335461
index,ks_i51_save_q,csa,2009-10-01,32.0197958997367
index,ks_i51_save_q,csa,2010-01-01,30.7913454925162
index,ks_i51_save_q,csa,2010-04-01,31.0241367883656
index,ks_i51_save_q,csa,2010-07-01,40.2691358734145
index,ks_i51_save_q,csa,2010-10-01,33.9258787813416
index,ks_i51_save_q,csa,2011-01-01,36.2397702189277
index,ks_i51_save_q,csa,2011-04-01,20.6603156266191
index,ks_i51_save_q,csa,2011-07-01,35.8141328239238
index,ks_i51_save_q,csa,2011-10-01,37.7225995539622
index,ks_i51_save_q,csa,2012-01-01,34.3819349847379
index,ks_i51_save_q,csa,2012-04-01,36.9965023507429
index,ks_i51_save_q,csa,2012-07-01,37.0338911417799
index,ks_i51_save_q,csa,2012-10-01,45.04666578562
index,ks_i51_save_q,csa,2013-01-01,43.0382895707989
index,ks_i51_save_q,csa,2013-04-01,36.8517960343383
index,ks_i51_save_q,csa,2013-07-01,42.3427323966887
index,ks_i51_save_q,csa,2013-10-01,38.3709148948503
index,ks_i51_save_q,csa,2014-01-01,39.9476324954051
index,ks_i51_save_q,csa,2014-04-01,39.7961251603332
index,ks_i51_save_q,csa,2014-07-01,42.9479781357085
index,ks_i51_save_q,csa,2014-10-01,37.261875552296
index,ks_i51_save_q,csa,2015-01-01,42.3919065024384
index,ks_i51_save_q,csa,2015-04-01,41.1825836776071
index,ks_i51_save_q,csa,2015-07-01,36.9521919078204
index,ks_i51_save_q,csa,2015-10-01,42.412789799226
index,ks_i51_save_q,csa,2016-01-01,38.825247676654
index,ks_i51_save_q,csa,2016-04-01,40.7023068720143
index,ks_i51_save_q,csa,2016-07-01,33.8373155462962
index,ks_i51_save_q,csa,2016-10-01,39.3775602161505
index,ks_i51_save_q,csa,2017-01-01,33.6618597624305
index,ks_i51_save_q,csa,2017-04-01,38.8856457124228
index,ks_i51_save_q,csa,2017-07-01,43.4147595912077
index,ks_i51_save_q,csa,2017-10-01,39.3536728020006
index,ks_i51_save_q,csa,2018-01-01,30.5939996208503
index,ks_i51_save_q,csa,2018-04-01,36.5296460669366
index,ks_i51_save_q,csa,2018-07-01,34.7314489127381
index,ks_i51_save_q,csa,2018-10-01,32.3651240471308
index,ks_i51_save_q,csa,2019-01-01,33.2943944602469
index,ks_i51_save_q,csa,2019-04-01,34.7000589924854
index,ks_i51_save_q,csa,2019-07-01,30.2279868906334
index,ks_i51_save_q,csa,2019-10-01,30.367292249265
index,ks_i51_save_q,csa,2020-01-01,36.9053460269704
index,ks_i51_save_q,csa,2020-04-01,30.4893165563121
index,ks_i51_save_q,csa,2020-07-01,38.8818790608463
index,ks_i51_save_q,csa,2020-10-01,39.096599830238
index,ks_i51_save_q,csa,2021-01-01,38.9947726846624
index,ks_i51_save_q,csa,2021-04-01,36.5409756671655
index,ks_i51_save_q,csa,2021-07-01,38.7474282984638
index,ks_i51_save_q,csa,2021-10-01,34.0883039622947
index,ks_i51_save_q,csa,2022-01-01,39.22080623799
index,ks_i51_save_q,csa,2022-04-01,31.9155955336829
index,ks_i51_save_q,csa,2022-07-01,27.2057793032193
index,ks_i51_save_q,csa,2022-10-01,24.8388655905871
index,ks_i51_save_q,csa,2023-01-01,32.3245503851335
index,ks_i51_save_q,csa,2023-04-01,39.7421835225956
index,ks_i51_save_q,csa,2023-07-01,36.8862875628819
index,ks_i51_save_q,csa,2023-10-01,27.6769144934626
index,ks_i51_save_q,csa,2024-01-01,26.1199174930209
index,ks_i51_save_q,csa,2024-04-01,28.5450558182797
index,ks_i51_save_q,csa,2024-07-01,37.2259091311181
index,ks_i51_save_q,csa,2024-10-01,31.0301205409351
index,ks_i51_save_q,csa,2025-01-01,32.2793089899475
index,ks_i51_save_q,csa,2025-04-01,35.0805492017974
index,ks_i51_save_q,csa,2025-07-01,35.1656515091137
index,ks_i51_save_q,csa,2025-10-01,38.3388266033848
index,ks_i51_save_q,csa,2026-01-01,31.5533337391175
index,ks_i51_save_q,csa,2026-04-01,36.2009124001763
index,ks_i51_save_q,na,1972-10-01,37.85221650866871
index,ks_i51_save_q,na,1973-01-01,41.20149880531943
index,ks_i51_save_q,na,1973-04-01,43.23186280751442
index,ks_i51_save_q,na,1973-07-01,42.50954327883153
index,ks_i51_save_q,na,1973-10-01,39.96713683701251
index,ks_i51_save_q,na,1974-01-01,34.29657167138466
index,ks_i51_save_q,na,1974-04-01,39.33669694051757
index,ks_i51_save_q,na,1974-07-01,38.295549463084996
index,ks_i51_save_q,na,1974-10-01,30.288016152706337
index,ks_i51_save_q,na,1975-01-01,37.24072928438394
index,ks_i51_save_q,na,1975-04-01,41.2237259669109
index,ks_i51_save_q,na,1975-07-01,30.353694923807684
index,ks_i51_save_q,na,1975-10-01,31.75441603734114
index,ks_i51_save_q,na,1976-01-01,33.69761748739637
index,ks_i51_save_q,na,1976-04-01,32.20113661770625
index,ks_i51_save_q,na,1976-07-01,27.314749960943463
index,ks_i51_save_q,na,1976-10-01,35.239706973962384
index,ks_i51_save_q,na,1977-01-01,34.95149880531943
index,ks_i51_save_q,na,1977-04-01,32.9691755729962
index,ks_i51_save_q,na,1977-07-01,27.825513088908178
index,ks_i51_save_q,na,1977-10-01,24.581309178994832
index,ks_i51_save_q,na,1978-01-01,34.04482569119951
index,ks_i51_save_q,na,1978-04-01,33.932607359212795
index,ks_i51_save_q,na,1978-07-01,38.31314479680249
index,ks_i51_save_q,na,1978-10-01,31.27589546654244
index,ks_i51_save_q,na,1979-01-01,33.5687355289918
index,ks_i51_save_q,na,1979-04-01,39.28862001744064
index,ks_i51_save_q,na,1979-07-01,32.28140011486584
index,ks_i51_save_q,na,1979-10-01,44.64914895955641
index,ks_i51_save_q,na,1980-01-01,49.0110483062636
index,ks_i51_save_q,na,1980-04-01,44.92971709520191
index,ks_i51_save_q,na,1980-07-01,41.9691755729962
index,ks_i51_save_q,na,1980-10-01,40.32526660378603
index,ks_i51_save_q,na,1981-01-01,40.7230299057979
index,ks_i51_save_q,na,1981-04-01,33.99032023092036
index,ks_i51_save_q,na,1981-07-01,31.911075488178557
index,ks_i51_save_q,na,1981-10-01,34.46875786205217
index,ks_i51_save_q,na,1982-01-01,36.99577075853178
index,ks_i51_save_q,na,1982-04-01,39.1556162509623
index,ks_i51_save_q,na,1982-07-01,38.82959030527723
index,ks_i51_save_q,na,1982-10-01,35.6712674472735
index,ks_i51_save_q,na,1983-01-01,31.79564248935075
index,ks_i51_save_q,na,1983-04-01,37.4214594655435
index,ks_i51_save_q,na,1983-07-01,37.82755316333255
index,ks_i51_save_q,na,1983-10-01,36.724396959796536
index,ks_i51_save_q,na,1984-01-01,45.554645658466285
index,ks_i51_save_q,na,1984-04-01,37.931510789568705
index,ks_i51_save_q,na,1984-07-01,38.61776674790317
index,ks_i51_save_q,na,1984-10-01,36.383657470624165
index,ks_i51_save_q,na,1985-01-01,43.50814738062472
index,ks_i51_save_q,na,1985-04-01,41.68268113905375
index,ks_i51_save_q,na,1985-07-01,34.79634757258199
index,ks_i51_save_q,na,1985-10-01,38.482802407377754
index,ks_i51_save_q,na,1986-01-01,46.68857293646136
index,ks_i51_save_q,na,1986-04-01,42.01132116686593
index,ks_i51_save_q,na,1986-07-01,31.64920898987172
index,ks_i51_save_q,na,1986-10-01,38.77782332271037
index,ks_i51_save_q,na,1987-01-01,46.80059319751727
index,ks_i51_save_q,na,1987-04-01,40.43180753703927
index,ks_i51_save_q,na,1987-07-01,39.378132057998315
index,ks_i51_save_q,na,1987-10-01,38.764760286106686
index,ks_i51_save_q,na,1988-01-01,44.50174262280463
index,ks_i51_save_q,na,1988-04-01,39.18324678706742
index,ks_i51_save_q,na,1988-07-01,40.79368232273659
index,ks_i51_save_q,na,1988-10-01,44.67273460077398
index,ks_i51_save_q,na,1989-01-01,48.8689514295444
index,ks_i51_save_q,na,1989-04-01,42.73259928378833
index,ks_i51_save_q,na,1989-07-01,36.92342393900927
index,ks_i51_save_q,na,1989-10-01,37.63750061445557
index,ks_i51_save_q,na,1990-01-01,42.522699260302375
index,ks_i51_save_q,na,1990-04-01,32.53087294876393
index,ks_i51_save_q,na,1990-07-01,37.780188932396655
index,ks_i51_save_q,na,1990-10-01,25.16984833658287
index,ks_i51_save_q,na,1991-01-01,31.44045480567213
index,ks_i51_save_q,na,1991-04-01,31.835107620746424
index,ks_i51_save_q,na,1991-07-01,37.35072693567964
index,ks_i51_save_q,na,1991-10-01,32.93860420466392
index,ks_i51_save_q,na,1992-01-01,42.237381791977256
index,ks_i51_save_q,na,1992-04-01,27.204517926419733
index,ks_i51_save_q,na,1992-07-01,35.803503774902154
index,ks_i51_save_q,na,1992-10-01,37.975417770249635
index,ks_i51_save_q,na,1993-01-01,38.08340194890482
index,ks_i51_save_q,na,1993-04-01,29.394455707041647
index,ks_i51_save_q,na,1993-07-01,30.0053265565156
index,ks_i51_save_q,na,1993-10-01,33.10754814631301
index,ks_i51_save_q,na,1994-01-01,41.055010222811894
index,ks_i51_save_q,na,1994-04-01,36.38095911446274
index,ks_i51_save_q,na,1994-07-01,42.26997000111678
index,ks_i51_save_q,na,1994-10-01,43.68163154481817
index,ks_i51_save_q,na,1995-01-01,41.620273888202
index,ks_i51_save_q,na,1995-04-01,34.86926894367781
index,ks_i51_save_q,na,1995-07-01,33.96833461851286
index,ks_i51_save_q,na,1995-10-01,31.535433048602112
index,ks_i51_save_q,na,1996-01-01,35.163011744934565
index,ks_i51_save_q,na,1996-04-01,25.67275714302459
index,ks_i51_save_q,na,1996-07-01,24.85848454170025
index,ks_i51_save_q,na,1996-10-01,24.585127624632893
index,ks_i51_save_q,na,1997-01-01,31.11902266779742
index,ks_i51_save_q,na,1997-04-01,27.49462656690634
index,ks_i51_save_q,na,1997-07-01,29.529336770463093
index,ks_i51_save_q,na,1997-10-01,28.862014155264152
index,ks_i51_save_q,na,1998-01-01,38.469070553042414
index,ks_i51_save_q,na,1998-04-01,32.36667166063314
index,ks_i51_save_q,na,1998-07-01,34.03266763648826
index,ks_i51_save_q,na,1998-10-01,39.080286684107314
index,ks_i51_save_q,na,1999-01-01,45.22364221851898
index,ks_i51_save_q,na,1999-04-01,46.497422393925945
index,ks_i51_save_q,na,1999-07-01,40.481342912749746
index,ks_i51_save_q,na,1999-10-01,42.86687780780892
index,ks_i51_save_q,na,2000-01-01,44.35406190024564
index,ks_i51_save_q,na,2000-04-01,44.3291839745925
index,ks_i51_save_q,na,2000-07-01,38.00316749991356
index,ks_i51_save_q,na,2000-10-01,32.11922305637702
index,ks_i51_save_q,na,2001-01-01,45.65207669043242
index,ks_i51_save_q,na,2001-04-01,43.626312445967194
index,ks_i51_save_q,na,2001-07-01,42.92209459371183
index,ks_i51_save_q,na,2001-10-01,41.65171525553588
index,ks_i51_save_q,na,2002-01-01,48.55159551711827
index,ks_i51_save_q,na,2002-04-01,42.94543388258784
index,ks_i51_save_q,na,2002-07-01,35.69056237333037
index,ks_i51_save_q,na,2002-10-01,33.399535510398394
index,ks_i51_save_q,na,2003-01-01,40.11718235840757
index,ks_i51_save_q,na,2003-04-01,33.65852437617379
index,ks_i51_save_q,na,2003-07-01,43.73545909790042
index,ks_i51_save_q,na,2003-10-01,33.605461954980484
index,ks_i51_save_q,na,2004-01-01,34.4199391327645
index,ks_i51_save_q,na,2004-04-01,33.18815749000258
index,ks_i51_save_q,na,2004-07-01,27.956691178489333
index,ks_i51_save_q,na,2004-10-01,41.0229121908114
index,ks_i51_save_q,na,2005-01-01,42.62486574592776
index,ks_i51_save_q,na,2005-04-01,38.96491406171879
index,ks_i51_save_q,na,2005-07-01,34.26616609679085
index,ks_i51_save_q,na,2005-10-01,43.08091031990401
index,ks_i51_save_q,na,2006-01-01,43.53206173908689
index,ks_i51_save_q,na,2006-04-01,37.03908818223465
index,ks_i51_save_q,na,2006-07-01,36.12610027020526
index,ks_i51_save_q,na,2006-10-01,35.3941214101983
index,ks_i51_save_q,na,2007-01-01,37.68851791250819
index,ks_i51_save_q,na,2007-04-01,39.709217501717376
index,ks_i51_save_q,na,2007-07-01,30.733179246090774
index,ks_i51_save_q,na,2007-10-01,41.479791940755426
index,ks_i51_save_q,na,2008-01-01,42.39499804351141
index,ks_i51_save_q,na,2008-04-01,45.93527726791146
index,ks_i51_save_q,na,2008-07-01,38.858480998384096
index,ks_i51_save_q,na,2008-10-01,32.73197207736574
index,ks_i51_save_q,na,2009-01-01,36.120785126474914
index,ks_i51_save_q,na,2009-04-01,31.59254158606809
index,ks_i51_save_q,na,2009-07-01,33.22376225615431
index,ks_i51_save_q,na,2009-10-01,30.867101225080813
index,ks_i51_save_q,na,2010-01-01,33.502055391590304
index,ks_i51_save_q,na,2010-04-01,30.594033980987135
index,ks_i51_save_q,na,2010-07-01,39.141448763618016
index,ks_i51_save_q,na,2010-10-01,32.77373082076475
index,ks_i51_save_q,na,2011-01-01,38.94993286660265
index,ks_i51_save_q,na,2011-04-01,20.229062578645916
index,ks_i51_save_q,na,2011-07-01,34.687473796870634
index,ks_i51_save_q,na,2011-10-01,36.570923388227165
index,ks_i51_save_q,na,2012-01-01,37.09133640786422
index,ks_i51_save_q,na,2012-04-01,36.56498340085745
index,ks_i51_save_q,na,2012-07-01,35.90795513968275
index,ks_i51_save_q,na,2012-10-01,43.89510149892213
index,ks_i51_save_q,na,2013-01-01,45.74695335077398
index,ks_i51_save_q,na,2013-04-01,36.42029275022803
index,ks_i51_save_q,na,2013-07-01,41.21764606835835
index,ks_i51_save_q,na,2013-10-01,37.21912570265908
index,ks_i51_save_q,na,2014-01-01,42.655444694549736
index,ks_i51_save_q,na,2014-04-01,39.36495151422669
index,ks_i51_save_q,na,2014-07-01,41.8235956865404
index,ks_i51_save_q,na,2014-10-01,36.109961129512094
index,ks_i51_save_q,na,2015-01-01,45.09880520262583
index,ks_i51_save_q,na,2015-04-01,40.751803011297746
index,ks_i51_save_q,na,2015-07-01,35.82833687061121
index,ks_i51_save_q,na,2015-10-01,41.260972042362766
index,ks_i51_save_q,na,2016-01-01,41.53110174875037
index,ks_i51_save_q,na,2016-04-01,40.27184022860203
index,ks_i51_save_q,na,2016-07-01,32.714247701616394
index,ks_i51_save_q,na,2016-10-01,38.22566669041447
index,ks_i51_save_q,na,2017-01-01,36.36671884491133
index,ks_i51_save_q,na,2017-04-01,38.45528668410731
index,ks_i51_save_q,na,2017-07-01,42.29272191726793
index,ks_i51_save_q,na,2017-10-01,38.20149880531943
index,ks_i51_save_q,na,2018-01-01,33.29825294037726
index,ks_i51_save_q,na,2018-04-01,36.099302344062565
index,ks_i51_save_q,na,2018-07-01,33.61012111084896
index,ks_i51_save_q,na,2018-10-01,31.21254039530839
index,ks_i51_save_q,na,2019-01-01,35.99852567781801
index,ks_i51_save_q,na,2019-04-01,34.26959036427676
index,ks_i51_save_q,na,2019-07-01,29.10727723741365
index,ks_i51_save_q,na,2019-10-01,29.214370888987975
index,ks_i51_save_q,na,2020-01-01,39.609345844910024
index,ks_i51_save_q,na,2020-04-01,30.05858622163844
index,ks_i51_save_q,na,2020-07-01,37.7618787239083
index,ks_i51_save_q,na,2020-10-01,37.943485142681496
index,ks_i51_save_q,na,2021-01-01,41.698370354822565
index,ks_i51_save_q,na,2021-04-01,36.11030248189562
index,ks_i51_save_q,na,2021-07-01,37.62798228968073
index,ks_i51_save_q,na,2021-10-01,32.93497331749611
index,ks_i51_save_q,na,2022-01-01,41.92386489500187
index,ks_i51_save_q,na,2022-04-01,31.48520838433102
index,ks_i51_save_q,na,2022-07-01,26.08675917601669
index,ks_i51_save_q,na,2022-10-01,23.685470529797485
index,ks_i51_save_q,na,2023-01-01,35.026822417877085
index,ks_i51_save_q,na,2023-04-01,39.31225363676063
index,ks_i51_save_q,na,2023-07-01,35.767635874041815
index,ks_i51_save_q,na,2023-10-01,26.523468502289123
index,ks_i51_save_q,na,2024-01-01,28.82158155668817
index,ks_i51_save_q,na,2024-04-01,28.115368137343182
index,ks_i51_save_q,na,2024-07-01,36.107593883422595
index,ks_i51_save_q,na,2024-10-01,29.876702900346903
index,ks_i51_save_q,na,2025-01-01,34.980455557920926
index,ks_i51_save_q,na,2025-04-01,34.65102458327186
index,ks_i51_save_q,na,2025-07-01,34.047475168199846
index,ks_i51_save_q,na,2025-10-01,37.18561168176457
index,ks_i51_save_q,na,2026-01-01,34.25412876261918
index,ks_i51_save_q,na,2026-04-01,35.771466048682086
index,ks_i52_spend_q,csa,1972-10-01,26.8450958075006
index,ks_i52_spend_q,csa,1973-01-01,9.85171121821562
index,ks_i52_spend_q,csa,1973-04-01,12.9431948698144
index,ks_i52_spend_q,csa,1973-07-01,15.9426334629557
index,ks_i52_spend_q,csa,1973-10-01,8.15542257352766
index,ks_i52_spend_q,csa,1974-01-01,0.531292222165691
index,ks_i52_spend_q,csa,1974-04-01,-0.775022398382521
index,ks_i52_spend_q,csa,1974-07-01,-0.87950381350217
index,ks_i52_spend_q,csa,1974-10-01,-14.6491372704103
index,ks_i52_spend_q,csa,1975-01-01,-34.1894516304599
index,ks_i52_spend_q,csa,1975-04-01,-30.2490568845331
index,ks_i52_spend_q,csa,1975-07-01,-40.4345368701685
index,ks_i52_spend_q,csa,1975-10-01,-22.041539683998
index,ks_i52_spend_q,csa,1976-01-01,-16.9358866214688
index,ks_i52_spend_q,csa,1976-04-01,-8.50192613199689
index,ks_i52_spend_q,csa,1976-07-01,3.84427930496868
index,ks_i52_spend_q,csa,1976-10-01,-0.732914176820286
index,ks_i52_spend_q,csa,1977-01-01,-7.41171813493436
index,ks_i52_spend_q,csa,1977-04-01,8.48074518977732
index,ks_i52_spend_q,csa,1977-07-01,2.48249067749507
index,ks_i52_spend_q,csa,1977-10-01,2.83165536171564
index,ks_i52_spend_q,csa,1978-01-01,13.1065907705045
index,ks_i52_spend_q,csa,1978-04-01,7.96000229582015
index,ks_i52_spend_q,csa,1978-07-01,8.50667320307449
index,ks_i52_spend_q,csa,1978-10-01,7.72490951170696
index,ks_i52_spend_q,csa,1979-01-01,10.9686543404005
index,ks_i52_spend_q,csa,1979-04-01,10.2801719512408
index,ks_i52_spend_q,csa,1979-07-01,-1.39825892803611
index,ks_i52_spend_q,csa,1979-10-01,2.64013643837065
index,ks_i52_spend_q,csa,1980-01-01,0.235508282065662
index,ks_i52_spend_q,csa,1980-04-01,-3.0444586544039
index,ks_i52_spend_q,csa,1980-07-01,-7.68121744508531
index,ks_i52_spend_q,csa,1980-10-01,-0.949613214926554
index,ks_i52_spend_q,csa,1981-01-01,2.24751113776016
index,ks_i52_spend_q,csa,1981-04-01,-9.23363663164411
index,ks_i52_spend_q,csa,1981-07-01,-8.4061419332858
index,ks_i52_spend_q,csa,1981-10-01,-16.6425474617771
index,ks_i52_spend_q,csa,1982-01-01,-12.6100120063478
index,ks_i52_spend_q,csa,1982-04-01,-22.0943273155491
index,ks_i52_spend_q,csa,1982-07-01,-17.0788607221635
index,ks_i52_spend_q,csa,1982-10-01,-17.7167911038272
index,ks_i52_spend_q,csa,1983-01-01,-24.0634158644613
index,ks_i52_spend_q,csa,1983-04-01,-10.4133542295232
index,ks_i52_spend_q,csa,1983-07-01,-6.82033733025343
index,ks_i52_spend_q,csa,1983-10-01,-13.9680743865521
index,ks_i52_spend_q,csa,1984-01-01,-5.93334358995371
index,ks_i52_spend_q,csa,1984-04-01,-10.3812891010384
index,ks_i52_spend_q,csa,1984-07-01,-5.95714922404083
index,ks_i52_spend_q,csa,1984-10-01,-8.3925004676543
index,ks_i52_spend_q,csa,1985-01-01,0.92599267095111
index,ks_i52_spend_q,csa,1985-04-01,-3.90646014257364
index,ks_i52_spend_q,csa,1985-07-01,-4.54611277840934
index,ks_i52_spend_q,csa,1985-10-01,5.07356316459649
index,ks_i52_spend_q,csa,1986-01-01,4.53765570021258
index,ks_i52_spend_q,csa,1986-04-01,7.11391576758717
index,ks_i52_spend_q,csa,1986-07-01,0.951304434975613
index,ks_i52_spend_q,csa,1986-10-01,6.08182031579257
index,ks_i52_spend_q,csa,1987-01-01,11.4838205649709
index,ks_i52_spend_q,csa,1987-04-01,5.8416937021658
index,ks_i52_spend_q,csa,1987-07-01,3.9699516564852
index,ks_i52_spend_q,csa,1987-10-01,-3.56842361537306
index,ks_i52_spend_q,csa,1988-01-01,2.5607894889821
index,ks_i52_spend_q,csa,1988-04-01,1.33819594971479
index,ks_i52_spend_q,csa,1988-07-01,2.73281129925795
index,ks_i52_spend_q,csa,1988-10-01,5.02573987961906
index,ks_i52_spend_q,csa,1989-01-01,15.61603394674
index,ks_i52_spend_q,csa,1989-04-01,8.61671674908891
index,ks_i52_spend_q,csa,1989-07-01,-3.91068983373611
index,ks_i52_spend_q,csa,1989-10-01,-2.52005140558107
index,ks_i52_spend_q,csa,1990-01-01,-6.51400237571125
index,ks_i52_spend_q,csa,1990-04-01,-18.2365676102065
index,ks_i52_spend_q,csa,1990-07-01,-10.2128651901171
index,ks_i52_spend_q,csa,1990-10-01,-23.9468440107642
index,ks_i52_spend_q,csa,1991-01-01,-31.9136966003162
index,ks_i52_spend_q,csa,1991-04-01,-21.5408662282949
index,ks_i52_spend_q,csa,1991-07-01,-26.0807498593656
index,ks_i52_spend_q,csa,1991-10-01,-32.5798500492745
index,ks_i52_spend_q,csa,1992-01-01,-32.1784769913199
index,ks_i52_spend_q,csa,1992-04-01,-34.6690327336304
index,ks_i52_spend_q,csa,1992-07-01,-33.7270839326685
index,ks_i52_spend_q,csa,1992-10-01,-32.2987895467658
index,ks_i52_spend_q,csa,1993-01-01,-28.0464842422988
index,ks_i52_spend_q,csa,1993-04-01,-29.5952664335267
index,ks_i52_spend_q,csa,1993-07-01,-29.2134719928081
index,ks_i52_spend_q,csa,1993-10-01,-18.4510206822566
index,ks_i52_spend_q,csa,1994-01-01,-11.0347821594252
index,ks_i52_spend_q,csa,1994-04-01,-8.85864985584903
index,ks_i52_spend_q,csa,1994-07-01,-5.61326163006526
index,ks_i52_spend_q,csa,1994-10-01,-1.90443959165881
index,ks_i52_spend_q,csa,1995-01-01,-26.4518641197612
index,ks_i52_spend_q,csa,1995-04-01,-18.6977701263793
index,ks_i52_spend_q,csa,1995-07-01,-12.1367915792136
index,ks_i52_spend_q,csa,1995-10-01,-11.5060487593027
index,ks_i52_spend_q,csa,1996-01-01,-12.0863405596649
index,ks_i52_spend_q,csa,1996-04-01,-18.5696330762565
index,ks_i52_spend_q,csa,1996-07-01,-18.9522640796953
index,ks_i52_spend_q,csa,1996-10-01,-11.3424370922139
index,ks_i52_spend_q,csa,1997-01-01,-14.3267602667243
index,ks_i52_spend_q,csa,1997-04-01,-18.0068267584982
index,ks_i52_spend_q,csa,1997-07-01,-11.8623434142605
index,ks_i52_spend_q,csa,1997-10-01,-14.0381613888405
index,ks_i52_spend_q,csa,1998-01-01,-14.794121994947
index,ks_i52_spend_q,csa,1998-04-01,-5.34346810564206
index,ks_i52_spend_q,csa,1998-07-01,4.13777284499297
index,ks_i52_spend_q,csa,1998-10-01,5.27693014963489
index,ks_i52_spend_q,csa,1999-01-01,-4.02143284148226
index,ks_i52_spend_q,csa,1999-04-01,1.17679322482788
index,ks_i52_spend_q,csa,1999-07-01,-7.53498462114101
index,ks_i52_spend_q,csa,1999-10-01,-3.36694934768612
index,ks_i52_spend_q,csa,2000-01-01,1.0637078950245
index,ks_i52_spend_q,csa,2000-04-01,-6.99871276908608
index,ks_i52_spend_q,csa,2000-07-01,-8.60427542746498
index,ks_i52_spend_q,csa,2000-10-01,-17.660683127908
index,ks_i52_spend_q,csa,2001-01-01,-18.9418586131431
index,ks_i52_spend_q,csa,2001-04-01,-13.2237570554729
index,ks_i52_spend_q,csa,2001-07-01,-15.2550409712363
index,ks_i52_spend_q,csa,2001-10-01,-22.6769295756875
index,ks_i52_spend_q,csa,2002-01-01,-18.1091425278428
index,ks_i52_spend_q,csa,2002-04-01,-19.8789468241228
index,ks_i52_spend_q,csa,2002-07-01,-23.2497382143598
index,ks_i52_spend_q,csa,2002-10-01,-30.5292504107137
index,ks_i52_spend_q,csa,2003-01-01,-26.7778384935623
index,ks_i52_spend_q,csa,2003-04-01,-29.7575101044109
index,ks_i52_spend_q,csa,2003-07-01,-21.2683620566614
index,ks_i52_spend_q,csa,2003-10-01,-21.9001000000719
index,ks_i52_spend_q,csa,2004-01-01,-25.4323664454724
index,ks_i52_spend_q,csa,2004-04-01,-17.8727361226321
index,ks_i52_spend_q,csa,2004-07-01,-29.2603643239562
index,ks_i52_spend_q,csa,2004-10-01,-27.1143209045415
index,ks_i52_spend_q,csa,2005-01-01,-24.1978576689835
index,ks_i52_spend_q,csa,2005-04-01,-25.257635995819
index,ks_i52_spend_q,csa,2005-07-01,-18.7179196193386
index,ks_i52_spend_q,csa,2005-10-01,-19.3865110463952
index,ks_i52_spend_q,csa,2006-01-01,-17.075109995880702
index,ks_i52_spend_q,csa,2006-04-01,-15.2689746499326
index,ks_i52_spend_q,csa,2006-07-01,-15.5814671657442
index,ks_i52_spend_q,csa,2006-10-01,-8.96534763553391
index,ks_i52_spend_q,csa,2007-01-01,-13.4394550923694
index,ks_i52_spend_q,csa,2007-04-01,-17.4222870450826
index,ks_i52_spend_q,csa,2007-07-01,-17.1560221036028
index,ks_i52_spend_q,csa,2007-10-01,-14.3935247884879
index,ks_i52_spend_q,csa,2008-01-01,-12.7491101054777
index,ks_i52_spend_q,csa,2008-04-01,-7.65971164876827
index,ks_i52_spend_q,csa,2008-07-01,-23.6552425257908
index,ks_i52_spend_q,csa,2008-10-01,-23.7388667555129
index,ks_i52_spend_q,csa,2009-01-01,-8.26242878954273
index,ks_i52_spend_q,csa,2009-04-01,-4.5650001374107
index,ks_i52_spend_q,csa,2009-07-01,-0.853209766289754
index,ks_i52_spend_q,csa,2009-10-01,-1.80935211288459
index,ks_i52_spend_q,csa,2010-01-01,3.66617011393602
index,ks_i52_spend_q,csa,2010-04-01,-4.39810929441957
index,ks_i52_spend_q,csa,2010-07-01,0.735038408494062
index,ks_i52_spend_q,csa,2010-10-01,3.51883837770455
index,ks_i52_spend_q,csa,2011-01-01,-0.628725717548582
index,ks_i52_spend_q,csa,2011-04-01,-3.56533781435926
index,ks_i52_spend_q,csa,2011-07-01,-2.62832820389553
index,ks_i52_spend_q,csa,2011-10-01,12.1698259298684
index,ks_i52_spend_q,csa,2012-01-01,9.50328357026144
index,ks_i52_spend_q,csa,2012-04-01,-1.92412064638505
index,ks_i52_spend_q,csa,2012-07-01,-2.3099092716149
index,ks_i52_spend_q,csa,2012-10-01,-0.0116198950498974
index,ks_i52_spend_q,csa,2013-01-01,1.99555139550213
index,ks_i52_spend_q,csa,2013-04-01,2.40282432174919
index,ks_i52_spend_q,csa,2013-07-01,-0.731096709702806
index,ks_i52_spend_q,csa,2013-10-01,-3.92942231691525
index,ks_i52_spend_q,csa,2014-01-01,1.34550647329208
index,ks_i52_spend_q,csa,2014-04-01,-1.45109596659887
index,ks_i52_spend_q,csa,2014-07-01,7.11315634215422
index,ks_i52_spend_q,csa,2014-10-01,-0.182654844785188
index,ks_i52_spend_q,csa,2015-01-01,1.28102735604386
index,ks_i52_spend_q,csa,2015-04-01,12.8146728177201
index,ks_i52_spend_q,csa,2015-07-01,4.78523328094958
index,ks_i52_spend_q,csa,2015-10-01,-3.64031112395207
index,ks_i52_spend_q,csa,2016-01-01,-3.07406581020967
index,ks_i52_spend_q,csa,2016-04-01,-1.68882680304416
index,ks_i52_spend_q,csa,2016-07-01,-1.87089511647877
index,ks_i52_spend_q,csa,2016-10-01,-1.55336793346471
index,ks_i52_spend_q,csa,2017-01-01,-2.37332795362486
index,ks_i52_spend_q,csa,2017-04-01,-8.01516618621584
index,ks_i52_spend_q,csa,2017-07-01,-5.4732388618939
index,ks_i52_spend_q,csa,2017-10-01,-9.62139278553254
index,ks_i52_spend_q,csa,2018-01-01,-11.4639339858611
index,ks_i52_spend_q,csa,2018-04-01,-14.5594531299978
index,ks_i52_spend_q,csa,2018-07-01,-9.17547572229683
index,ks_i52_spend_q,csa,2018-10-01,-10.7021979451733
index,ks_i52_spend_q,csa,2019-01-01,-13.1607276811793
index,ks_i52_spend_q,csa,2019-04-01,-13.079378908275
index,ks_i52_spend_q,csa,2019-07-01,-12.847710337716
index,ks_i52_spend_q,csa,2019-10-01,-11.0290443952287
index,ks_i52_spend_q,csa,2020-01-01,-10.0068865607503
index,ks_i52_spend_q,csa,2020-04-01,-50.5921375387858
index,ks_i52_spend_q,csa,2020-07-01,-19.583704197363
index,ks_i52_spend_q,csa,2020-10-01,-18.4982397797418
index,ks_i52_spend_q,csa,2021-01-01,-21.5310270003094
index,ks_i52_spend_q,csa,2021-04-01,-15.4352005124673
index,ks_i52_spend_q,csa,2021-07-01,-14.3206507473899
index,ks_i52_spend_q,csa,2021-10-01,-21.2788565888034
index,ks_i52_spend_q,csa,2022-01-01,-25.1235554725613
index,ks_i52_spend_q,csa,2022-04-01,-34.2994405912753
index,ks_i52_spend_q,csa,2022-07-01,-45.0528913322155
index,ks_i52_spend_q,csa,2022-10-01,-45.5666670936515
index,ks_i52_spend_q,csa,2023-01-01,-42.0733780713597
index,ks_i52_spend_q,csa,2023-04-01,-37.335878582574
index,ks_i52_spend_q,csa,2023-07-01,-40.2958094882848
index,ks_i52_spend_q,csa,2023-10-01,-37.0137565426634
index,ks_i52_spend_q,csa,2024-01-01,-40.7717370735816
index,ks_i52_spend_q,csa,2024-04-01,-37.1977960084971
index,ks_i52_spend_q,csa,2024-07-01,-29.5264595880477
index,ks_i52_spend_q,csa,2024-10-01,-29.2615197084925
index,ks_i52_spend_q,csa,2025-01-01,-29.1294750747283
index,ks_i52_spend_q,csa,2025-04-01,-27.8711798227679
index,ks_i52_spend_q,csa,2025-07-01,-25.5537902478297
index,ks_i52_spend_q,csa,2025-10-01,-23.4944862160688
index,ks_i52_spend_q,csa,2026-01-01,-26.9255648717559
index,ks_i52_spend_q,csa,2026-04-01,-29.485880888478
index,ks_i52_spend_q,na,1972-10-01,28.051357963943943
index,ks_i52_spend_q,na,1973-01-01,4.526550984278156
index,ks_i52_spend_q,na,1973-04-01,15.907361609421276
index,ks_i52_spend_q,na,1973-07-01,17.088938653067284
index,ks_i52_spend_q,na,1973-10-01,9.226518086472488
index,ks_i52_spend_q,na,1974-01-01,-4.5661232390635735
index,ks_i52_spend_q,na,1974-04-01,2.230047932107597
index,ks_i52_spend_q,na,1974-07-01,0.0896096214565203
index,ks_i52_spend_q,na,1974-10-01,-13.754048409131602
index,ks_i52_spend_q,na,1975-01-01,-38.88159942953976
index,ks_i52_spend_q,na,1975-04-01,-27.21148428020547
index,ks_i52_spend_q,na,1975-07-01,-39.77445657239691
index,ks_i52_spend_q,na,1975-10-01,-21.419059423720736
index,ks_i52_spend_q,na,1976-01-01,-21.06360062250129
index,ks_i52_spend_q,na,1976-04-01,-5.452422674091823
index,ks_i52_spend_q,na,1976-07-01,4.282920476783421
index,ks_i52_spend_q,na,1976-10-01,-0.4708493579680497
index,ks_i52_spend_q,na,1977-01-01,-10.898686551863026
index,ks_i52_spend_q,na,1977-04-01,11.467615309209858
index,ks_i52_spend_q,na,1977-07-01,2.6257249158063596
index,ks_i52_spend_q,na,1977-10-01,2.749466872579169
index,ks_i52_spend_q,na,1978-01-01,10.404480032920066
index,ks_i52_spend_q,na,1978-04-01,10.788606490666156
index,ks_i52_spend_q,na,1978-07-01,8.349100009589236
index,ks_i52_spend_q,na,1978-10-01,7.366799032984259
index,ks_i52_spend_q,na,1979-01-01,8.986804688864353
index,ks_i52_spend_q,na,1979-04-01,12.91245931545356
index,ks_i52_spend_q,na,1979-07-01,-1.7854590173846825
index,ks_i52_spend_q,na,1979-10-01,2.0545477566074215
index,ks_i52_spend_q,na,1980-01-01,-1.1116658747224888
index,ks_i52_spend_q,na,1980-04-01,-0.6693201357997969
index,ks_i52_spend_q,na,1980-07-01,-8.1667124646528
index,ks_i52_spend_q,na,1980-10-01,-1.791364784957294
index,ks_i52_spend_q,na,1981-01-01,1.4608689345401258
index,ks_i52_spend_q,na,1981-04-01,-7.099918584717236
index,ks_i52_spend_q,na,1981-07-01,-8.869051166991504
index,ks_i52_spend_q,na,1981-10-01,-17.76741431887578
index,ks_i52_spend_q,na,1982-01-01,-12.985167283107618
index,ks_i52_spend_q,na,1982-04-01,-20.12061041855075
index,ks_i52_spend_q,na,1982-07-01,-17.518359011421296
index,ks_i52_spend_q,na,1982-10-01,-19.07690056425027
index,ks_i52_spend_q,na,1983-01-01,-24.090843541794733
index,ks_i52_spend_q,na,1983-04-01,-8.543415116380729
index,ks_i52_spend_q,na,1983-07-01,-7.319865250499834
index,ks_i52_spend_q,na,1983-10-01,-15.534675914370986
index,ks_i52_spend_q,na,1984-01-01,-5.516604495395894
index,ks_i52_spend_q,na,1984-04-01,-8.64895856442878
index,ks_i52_spend_q,na,1984-07-01,-6.631092843926796
index,ks_i52_spend_q,na,1984-10-01,-10.079334621177397
index,ks_i52_spend_q,na,1985-01-01,1.7537408092747944
index,ks_i52_spend_q,na,1985-04-01,-2.2744565723969075
index,ks_i52_spend_q,na,1985-07-01,-5.412108394259255
index,ks_i52_spend_q,na,1985-10-01,3.3199490220086867
index,ks_i52_spend_q,na,1986-01-01,5.658942056398391
index,ks_i52_spend_q,na,1986-04-01,8.678890283586865
index,ks_i52_spend_q,na,1986-07-01,-0.00172929966963453
index,ks_i52_spend_q,na,1986-10-01,4.220388788427836
index,ks_i52_spend_q,na,1987-01-01,12.819883050244602
index,ks_i52_spend_q,na,1987-04-01,7.314584523493503
index,ks_i52_spend_q,na,1987-07-01,3.056033832720363
index,ks_i52_spend_q,na,1987-10-01,-5.510048078969203
index,ks_i52_spend_q,na,1988-01-01,4.000443826009467
index,ks_i52_spend_q,na,1988-04-01,2.6900824346952916
index,ks_i52_spend_q,na,1988-07-01,1.8798460982262375
index,ks_i52_spend_q,na,1988-10-01,3.111722289391711
index,ks_i52_spend_q,na,1989-01-01,17.05752723327111
index,ks_i52_spend_q,na,1989-04-01,9.84979192459708
index,ks_i52_spend_q,na,1989-07-01,-4.63202042308453
index,ks_i52_spend_q,na,1989-10-01,-4.344849947138108
index,ks_i52_spend_q,na,1990-01-01,-5.2427267873406125
index,ks_i52_spend_q,na,1990-04-01,-17.132201567128202
index,ks_i52_spend_q,na,1990-07-01,-10.714627512567848
index,ks_i52_spend_q,na,1990-10-01,-25.65502337401634
index,ks_i52_spend_q,na,1991-01-01,-30.845885143825477
index,ks_i52_spend_q,na,1991-04-01,-20.52688375686293
index,ks_i52_spend_q,na,1991-07-01,-26.48924887229559
index,ks_i52_spend_q,na,1991-10-01,-34.119694667635
index,ks_i52_spend_q,na,1992-01-01,-31.18667031285492
index,ks_i52_spend_q,na,1992-04-01,-33.80687307534386
index,ks_i52_spend_q,na,1992-07-01,-34.14258844052877
index,ks_i52_spend_q,na,1992-10-01,-33.623662921603255
index,ks_i52_spend_q,na,1993-01-01,-27.103391078750768
index,ks_i52_spend_q,na,1993-04-01,-28.881776058054673
index,ks_i52_spend_q,na,1993-07-01,-29.619765953634435
index,ks_i52_spend_q,na,1993-10-01,-19.57067923641281
index,ks_i52_spend_q,na,1994-01-01,-10.222142689097108
index,ks_i52_spend_q,na,1994-04-01,-8.264794736648115
index,ks_i52_spend_q,na,1994-07-01,-5.917793101639477
index,ks_i52_spend_q,na,1994-10-01,-2.863847535068813
index,ks_i52_spend_q,na,1995-01-01,-25.746813507411456
index,ks_i52_spend_q,na,1995-04-01,-18.21648555790415
index,ks_i52_spend_q,na,1995-07-01,-12.39862085128898
index,ks_i52_spend_q,na,1995-10-01,-12.484380236519046
index,ks_i52_spend_q,na,1996-01-01,-11.258122634102897
index,ks_i52_spend_q,na,1996-04-01,-18.103602301040123
index,ks_i52_spend_q,na,1996-07-01,-19.234604857846396
index,ks_i52_spend_q,na,1996-10-01,-12.498098744920869
index,ks_i52_spend_q,na,1997-01-01,-13.362101767750657
index,ks_i52_spend_q,na,1997-04-01,-17.448323801058656
index,ks_i52_spend_q,na,1997-07-01,-12.124563638778064
index,ks_i52_spend_q,na,1997-10-01,-15.460212106564375
index,ks_i52_spend_q,na,1998-01-01,-13.70856509952869
index,ks_i52_spend_q,na,1998-04-01,-4.63202042308453
index,ks_i52_spend_q,na,1998-07-01,3.8301945903937895
index,ks_i52_spend_q,na,1998-10-01,3.567127586018935
index,ks_i52_spend_q,na,1999-01-01,-2.681374171583072
index,ks_i52_spend_q,na,1999-04-01,2.051993771752552
index,ks_i52_spend_q,na,1999-07-01,-7.983117989719743
index,ks_i52_spend_q,na,1999-10-01,-5.4490597470000814
index,ks_i52_spend_q,na,2000-01-01,2.745623748888234
index,ks_i52_spend_q,na,2000-04-01,-5.974456572396907
index,ks_i52_spend_q,na,2000-07-01,-9.11707631824246
index,ks_i52_spend_q,na,2000-10-01,-20.110713882338427
index,ks_i52_spend_q,na,2001-01-01,-16.986186194663308
index,ks_i52_spend_q,na,2001-04-01,-12.09588514382548
index,ks_i52_spend_q,na,2001-07-01,-15.843778106320212
index,ks_i52_spend_q,na,2001-10-01,-25.38163454683152
index,ks_i52_spend_q,na,2002-01-01,-15.85713373775124
index,ks_i52_spend_q,na,2002-04-01,-18.727658542840256
index,ks_i52_spend_q,na,2002-07-01,-23.97831052777216
index,ks_i52_spend_q,na,2002-10-01,-33.362040787988825
index,ks_i52_spend_q,na,2003-01-01,-24.249287162909976
index,ks_i52_spend_q,na,2003-04-01,-28.630308142330303
index,ks_i52_spend_q,na,2003-07-01,-22.19745945978863
index,ks_i52_spend_q,na,2003-10-01,-24.76715374863839
index,ks_i52_spend_q,na,2004-01-01,-22.623293781699232
index,ks_i52_spend_q,na,2004-04-01,-16.751925412281857
index,ks_i52_spend_q,na,2004-07-01,-30.438110235574833
index,ks_i52_spend_q,na,2004-10-01,-30.015162006143335
index,ks_i52_spend_q,na,2005-01-01,-21.07787537581571
index,ks_i52_spend_q,na,2005-04-01,-24.22102145789309
index,ks_i52_spend_q,na,2005-07-01,-20.097192603225427
index,ks_i52_spend_q,na,2005-10-01,-22.293522349327315
index,ks_i52_spend_q,na,2006-01-01,-13.64471896306746
index,ks_i52_spend_q,na,2006-04-01,-14.324991071911
index,ks_i52_spend_q,na,2006-07-01,-17.17830272624306
index,ks_i52_spend_q,na,2006-10-01,-11.889841187781524
index,ks_i52_spend_q,na,2007-01-01,-9.696331572396907
index,ks_i52_spend_q,na,2007-04-01,-16.532829778138534
index,ks_i52_spend_q,na,2007-07-01,-18.94112323906357
index,ks_i52_spend_q,na,2007-10-01,-17.42306635187917
index,ks_i52_spend_q,na,2008-01-01,-8.710575688631298
index,ks_i52_spend_q,na,2008-04-01,-6.8067612975656635
index,ks_i52_spend_q,na,2008-07-01,-25.521334574318136
index,ks_i52_spend_q,na,2008-10-01,-26.863033532706684
index,ks_i52_spend_q,na,2009-01-01,-4.0169541522613805
index,ks_i52_spend_q,na,2009-04-01,-3.915383213323549
index,ks_i52_spend_q,na,2009-07-01,-2.662806086960014
index,ks_i52_spend_q,na,2009-10-01,-4.850792450259503
index,ks_i52_spend_q,na,2010-01-01,8.023907238960167
index,ks_i52_spend_q,na,2010-04-01,-4.030554133372517
index,ks_i52_spend_q,na,2010-07-01,-1.0280519702876072
index,ks_i52_spend_q,na,2010-10-01,0.6129351504134868
index,ks_i52_spend_q,na,2011-01-01,3.7739305243772865
index,ks_i52_spend_q,na,2011-04-01,-3.3722609636144725
index,ks_i52_spend_q,na,2011-07-01,-4.341385706255176
index,ks_i52_spend_q,na,2011-10-01,9.282840195477725
index,ks_i52_spend_q,na,2012-01-01,13.91051452586899
index,ks_i52_spend_q,na,2012-04-01,-1.7554254305283954
index,ks_i52_spend_q,na,2012-07-01,-3.858799536050216
index,ks_i52_spend_q,na,2012-10-01,-3.063930256607434
index,ks_i52_spend_q,na,2013-01-01,6.287187263219531
index,ks_i52_spend_q,na,2013-04-01,2.6511939852239106
index,ks_i52_spend_q,na,2013-07-01,-2.0014811401858066
index,ks_i52_spend_q,na,2013-10-01,-7.161674617509689
index,ks_i52_spend_q,na,2014-01-01,5.437625689813889
index,ks_i52_spend_q,na,2014-04-01,-1.138092936033271
index,ks_i52_spend_q,na,2014-07-01,6.1132414704735485
index,ks_i52_spend_q,na,2014-10-01,-3.5068509385940905
index,ks_i52_spend_q,na,2015-01-01,5.157340229108266
index,ks_i52_spend_q,na,2015-04-01,13.171087982058538
index,ks_i52_spend_q,na,2015-07-01,3.9625496646093303
index,ks_i52_spend_q,na,2015-10-01,-6.9301306752097105
index,ks_i52_spend_q,na,2016-01-01,0.6540533328571838
index,ks_i52_spend_q,na,2016-04-01,-1.4349043335909373
index,ks_i52_spend_q,na,2016-07-01,-2.5834164076183286
index,ks_i52_spend_q,na,2016-10-01,-4.701641038416325
index,ks_i52_spend_q,na,2017-01-01,1.2661306469467886
index,ks_i52_spend_q,na,2017-04-01,-7.900062779962378
index,ks_i52_spend_q,na,2017-07-01,-6.110317410933928
index,ks_i52_spend_q,na,2017-10-01,-12.628934184337206
index,ks_i52_spend_q,na,2018-01-01,-7.926933892703956
index,ks_i52_spend_q,na,2018-04-01,-14.51935453158058
index,ks_i52_spend_q,na,2018-07-01,-9.791107381150477
index,ks_i52_spend_q,na,2018-10-01,-13.57808693543321
index,ks_i52_spend_q,na,2019-01-01,-9.714456572396909
index,ks_i52_spend_q,na,2019-04-01,-13.040006811631358
index,ks_i52_spend_q,na,2019-07-01,-13.504844681397731
index,ks_i52_spend_q,na,2019-10-01,-13.806581778327716
index,ks_i52_spend_q,na,2020-01-01,-6.643003037845676
index,ks_i52_spend_q,na,2020-04-01,-50.50786128331767
index,ks_i52_spend_q,na,2020-07-01,-20.25953119926258
index,ks_i52_spend_q,na,2020-10-01,-21.2072051104086
index,ks_i52_spend_q,na,2021-01-01,-18.290883677119695
index,ks_i52_spend_q,na,2021-04-01,-15.321393724345992
index,ks_i52_spend_q,na,2021-07-01,-14.979374605183793
index,ks_i52_spend_q,na,2021-10-01,-23.902955300132277
index,ks_i52_spend_q,na,2022-01-01,-21.957714490948945
index,ks_i52_spend_q,na,2022-04-01,-34.189350189418185
index,ks_i52_spend_q,na,2022-07-01,-45.727811727879725
index,ks_i52_spend_q,na,2022-10-01,-48.10397077954631
index,ks_i52_spend_q,na,2023-01-01,-39.01251258557648
index,ks_i52_spend_q,na,2023-04-01,-37.25987931292169
index,ks_i52_spend_q,na,2023-07-01,-40.89879519673553
index,ks_i52_spend_q,na,2023-10-01,-39.41731371525405
index,ks_i52_spend_q,na,2024-01-01,-37.833223433572336
index,ks_i52_spend_q,na,2024-04-01,-37.23895642440163
index,ks_i52_spend_q,na,2024-07-01,-30.052463697546955
index,ks_i52_spend_q,na,2024-10-01,-31.54946406273452
index,ks_i52_spend_q,na,2025-01-01,-26.236828195759017
index,ks_i52_spend_q,na,2025-04-01,-28.003979061757768
index,ks_i52_spend_q,na,2025-07-01,-26.06242364734826
index,ks_i52_spend_q,na,2025-10-01,-25.712154163091792
index,ks_i52_spend_q,na,2026-01-01,-24.035741840980897
index,ks_i52_spend_q,na,2026-04-01,-29.661884636144418
index,ks_i53_save_exp_q,csa,2007-04-01,4.369158014522963
index,ks_i53_save_exp_q,csa,2007-07-01,0.0931259750898139
index,ks_i53_save_exp_q,csa,2007-10-01,39.00330435598638
index,ks_i53_save_exp_q,csa,2008-01-01,23.00608490423795
index,ks_i53_save_exp_q,csa,2008-04-01,27.667603939039296
index,ks_i53_save_exp_q,csa,2008-07-01,10.922188317553266
index,ks_i53_save_exp_q,csa,2008-10-01,-4.9981696530879915
index,ks_i53_save_exp_q,csa,2009-01-01,5.485585446739869
index,ks_i53_save_exp_q,csa,2009-04-01,-4.9529812889596245
index,ks_i53_save_exp_q,csa,2009-07-01,-7.278782060383405
index,ks_i53_save_exp_q,csa,2009-10-01,4.038631042274755
index,ks_i53_save_exp_q,csa,2010-01-01,10.456926455232582
index,ks_i53_save_exp_q,csa,2010-04-01,5.889183243157463
index,ks_i53_save_exp_q,csa,2010-07-01,18.165454310819257
index,ks_i53_save_exp_q,csa,2010-10-01,15.186768077416046
index,ks_i53_save_exp_q,csa,2011-01-01,20.837149184500888
index,ks_i53_save_exp_q,csa,2011-04-01,-18.02821472767737
index,ks_i53_save_exp_q,csa,2011-07-01,-0.10460887206202152
index,ks_i53_save_exp_q,csa,2011-10-01,6.755521650886598
index,ks_i53_save_exp_q,csa,2012-01-01,12.538172099030003
index,ks_i53_save_exp_q,csa,2012-04-01,10.95143649553562
index,ks_i53_save_exp_q,csa,2012-07-01,6.253215985537457
index,ks_i53_save_exp_q,csa,2012-10-01,15.797729443094392
index,ks_i53_save_exp_q,csa,2013-01-01,25.15944872860707
index,ks_i53_save_exp_q,csa,2013-04-01,14.436190311902608
index,ks_i53_save_exp_q,csa,2013-07-01,16.925504396492123
index,ks_i53_save_exp_q,csa,2013-10-01,16.354586065524785
index,ks_i53_save_exp_q,csa,2014-01-01,16.077422018960014
index,ks_i53_save_exp_q,csa,2014-04-01,16.432650078015023
index,ks_i53_save_exp_q,csa,2014-07-01,19.515678161043105
index,ks_i53_save_exp_q,csa,2014-10-01,10.129111516411948
index,ks_i53_save_exp_q,csa,2015-01-01,28.998787644152593
index,ks_i53_save_exp_q,csa,2015-04-01,21.564200415044816
index,ks_i53_save_exp_q,csa,2015-07-01,9.405277725565272
index,ks_i53_save_exp_q,csa,2015-10-01,13.750245039342316
index,ks_i53_save_exp_q,csa,2016-01-01,19.147594367895813
index,ks_i53_save_exp_q,csa,2016-04-01,18.21764286300781
index,ks_i53_save_exp_q,csa,2016-07-01,11.29530571911378
index,ks_i53_save_exp_q,csa,2016-10-01,7.923870221986592
index,ks_i53_save_exp_q,csa,2017-01-01,12.44022400437068
index,ks_i53_save_exp_q,csa,2017-04-01,6.2328228050170225
index,ks_i53_save_exp_q,csa,2017-07-01,7.918941564306513
index,ks_i53_save_exp_q,csa,2017-10-01,12.962430185776787
index,ks_i53_save_exp_q,csa,2018-01-01,6.9589543997894925
index,ks_i53_save_exp_q,csa,2018-04-01,12.308856506985274
index,ks_i53_save_exp_q,csa,2018-07-01,-3.4086197632548156
index,ks_i53_save_exp_q,csa,2018-10-01,0.28907143443638184
index,ks_i53_save_exp_q,csa,2019-01-01,12.290726641973942
index,ks_i53_save_exp_q,csa,2019-04-01,3.427300608577159
index,ks_i53_save_exp_q,csa,2019-07-01,-1.2090732779940447
index,ks_i53_save_exp_q,csa,2019-10-01,1.469211519070848
index,ks_i53_save_exp_q,csa,2020-01-01,7.1170112541794825
index,ks_i53_save_exp_q,csa,2020-04-01,-9.391982805441389
index,ks_i53_save_exp_q,csa,2020-07-01,8.752651960655902
index,ks_i53_save_exp_q,csa,2020-10-01,7.7746414200063665
index,ks_i53_save_exp_q,csa,2021-01-01,8.207541852906798
index,ks_i53_save_exp_q,csa,2021-04-01,8.70618918198202
index,ks_i53_save_exp_q,csa,2021-07-01,8.33268711079542
index,ks_i53_save_exp_q,csa,2021-10-01,9.895841445648978
index,ks_i53_save_exp_q,csa,2022-01-01,12.882671528036472
index,ks_i53_save_exp_q,csa,2022-04-01,0.8677574542988733
index,ks_i53_save_exp_q,csa,2022-07-01,-4.036873218648821
index,ks_i53_save_exp_q,csa,2022-10-01,-11.881221809238813
index,ks_i53_save_exp_q,csa,2023-01-01,1.6182693079328612
index,ks_i53_save_exp_q,csa,2023-04-01,1.2922349375998845
index,ks_i53_save_exp_q,csa,2023-07-01,-1.7841545071558444
index,ks_i53_save_exp_q,csa,2023-10-01,-8.116717691691727
index,ks_i53_save_exp_q,csa,2024-01-01,-13.439485182780968
index,ks_i53_save_exp_q,csa,2024-04-01,-9.432100524223516
index,ks_i53_save_exp_q,csa,2024-07-01,-1.2635910497967715
index,ks_i53_save_exp_q,csa,2024-10-01,-7.837945217129846
index,ks_i53_save_exp_q,csa,2025-01-01,-1.451071029405877
index,ks_i53_save_exp_q,csa,2025-04-01,-3.7740190428715374
index,ks_i53_save_exp_q,csa,2025-07-01,-1.3190988266446353
index,ks_i53_save_exp_q,csa,2025-10-01,-3.5298569503986355
index,ks_i53_save_exp_q,csa,2026-01-01,-2.6517247440551777
index,ks_i53_save_exp_q,csa,2026-04-01,-4.311215438434196
index,ks_i53_save_exp_q,na,2007-04-01,4.369158014522963
index,ks_i53_save_exp_q,na,2007-07-01,0.0931259750898139
index,ks_i53_save_exp_q,na,2007-10-01,39.00330435598638
index,ks_i53_save_exp_q,na,2008-01-01,23.00608490423795
index,ks_i53_save_exp_q,na,2008-04-01,27.667603939039296
index,ks_i53_save_exp_q,na,2008-07-01,10.922188317553266
index,ks_i53_save_exp_q,na,2008-10-01,-4.9981696530879915
index,ks_i53_save_exp_q,na,2009-01-01,5.485585446739869
index,ks_i53_save_exp_q,na,2009-04-01,-4.9529812889596245
index,ks_i53_save_exp_q,na,2009-07-01,-7.278782060383405
index,ks_i53_save_exp_q,na,2009-10-01,4.038631042274755
index,ks_i53_save_exp_q,na,2010-01-01,10.456926455232582
index,ks_i53_save_exp_q,na,2010-04-01,5.889183243157463
index,ks_i53_save_exp_q,na,2010-07-01,18.165454310819257
index,ks_i53_save_exp_q,na,2010-10-01,15.186768077416046
index,ks_i53_save_exp_q,na,2011-01-01,20.837149184500888
index,ks_i53_save_exp_q,na,2011-04-01,-18.02821472767737
index,ks_i53_save_exp_q,na,2011-07-01,-0.10460887206202152
index,ks_i53_save_exp_q,na,2011-10-01,6.755521650886598
index,ks_i53_save_exp_q,na,2012-01-01,12.538172099030003
index,ks_i53_save_exp_q,na,2012-04-01,10.95143649553562
index,ks_i53_save_exp_q,na,2012-07-01,6.253215985537457
index,ks_i53_save_exp_q,na,2012-10-01,15.797729443094392
index,ks_i53_save_exp_q,na,2013-01-01,25.15944872860707
index,ks_i53_save_exp_q,na,2013-04-01,14.436190311902608
index,ks_i53_save_exp_q,na,2013-07-01,16.925504396492123
index,ks_i53_save_exp_q,na,2013-10-01,16.354586065524785
index,ks_i53_save_exp_q,na,2014-01-01,16.077422018960014
index,ks_i53_save_exp_q,na,2014-04-01,16.432650078015023
index,ks_i53_save_exp_q,na,2014-07-01,19.515678161043105
index,ks_i53_save_exp_q,na,2014-10-01,10.129111516411948
index,ks_i53_save_exp_q,na,2015-01-01,28.998787644152593
index,ks_i53_save_exp_q,na,2015-04-01,21.564200415044816
index,ks_i53_save_exp_q,na,2015-07-01,9.405277725565272
index,ks_i53_save_exp_q,na,2015-10-01,13.750245039342316
index,ks_i53_save_exp_q,na,2016-01-01,19.147594367895813
index,ks_i53_save_exp_q,na,2016-04-01,18.21764286300781
index,ks_i53_save_exp_q,na,2016-07-01,11.29530571911378
index,ks_i53_save_exp_q,na,2016-10-01,7.923870221986592
index,ks_i53_save_exp_q,na,2017-01-01,12.44022400437068
index,ks_i53_save_exp_q,na,2017-04-01,6.2328228050170225
index,ks_i53_save_exp_q,na,2017-07-01,7.918941564306513
index,ks_i53_save_exp_q,na,2017-10-01,12.962430185776787
index,ks_i53_save_exp_q,na,2018-01-01,6.9589543997894925
index,ks_i53_save_exp_q,na,2018-04-01,12.308856506985274
index,ks_i53_save_exp_q,na,2018-07-01,-3.4086197632548156
index,ks_i53_save_exp_q,na,2018-10-01,0.28907143443638184
index,ks_i53_save_exp_q,na,2019-01-01,12.290726641973942
index,ks_i53_save_exp_q,na,2019-04-01,3.427300608577159
index,ks_i53_save_exp_q,na,2019-07-01,-1.2090732779940447
index,ks_i53_save_exp_q,na,2019-10-01,1.469211519070848
index,ks_i53_save_exp_q,na,2020-01-01,7.1170112541794825
index,ks_i53_save_exp_q,na,2020-04-01,-9.391982805441389
index,ks_i53_save_exp_q,na,2020-07-01,8.752651960655902
index,ks_i53_save_exp_q,na,2020-10-01,7.7746414200063665
index,ks_i53_save_exp_q,na,2021-01-01,8.207541852906798
index,ks_i53_save_exp_q,na,2021-04-01,8.70618918198202
index,ks_i53_save_exp_q,na,2021-07-01,8.33268711079542
index,ks_i53_save_exp_q,na,2021-10-01,9.895841445648978
index,ks_i53_save_exp_q,na,2022-01-01,12.882671528036472
index,ks_i53_save_exp_q,na,2022-04-01,0.8677574542988733
index,ks_i53_save_exp_q,na,2022-07-01,-4.036873218648821
index,ks_i53_save_exp_q,na,2022-10-01,-11.881221809238813
index,ks_i53_save_exp_q,na,2023-01-01,1.6182693079328612
index,ks_i53_save_exp_q,na,2023-04-01,1.2922349375998845
index,ks_i53_save_exp_q,na,2023-07-01,-1.7841545071558444
index,ks_i53_save_exp_q,na,2023-10-01,-8.116717691691727
index,ks_i53_save_exp_q,na,2024-01-01,-13.439485182780968
index,ks_i53_save_exp_q,na,2024-04-01,-9.432100524223516
index,ks_i53_save_exp_q,na,2024-07-01,-1.2635910497967715
index,ks_i53_save_exp_q,na,2024-10-01,-7.837945217129846
index,ks_i53_save_exp_q,na,2025-01-01,-1.451071029405877
index,ks_i53_save_exp_q,na,2025-04-01,-3.7740190428715374
index,ks_i53_save_exp_q,na,2025-07-01,-1.3190988266446353
index,ks_i53_save_exp_q,na,2025-10-01,-3.5298569503986355
index,ks_i53_save_exp_q,na,2026-01-01,-2.6517247440551777
index,ks_i53_save_exp_q,na,2026-04-01,-4.311215438434196
index,ks_i62_index_q,csa,1972-10-01,1.8383376483242984
index,ks_i62_index_q,csa,1973-01-01,-9.79694706344612
index,ks_i62_index_q,csa,1973-04-01,-15.638213211021451
index,ks_i62_index_q,csa,1973-07-01,-16.847594729126044
index,ks_i62_index_q,csa,1973-10-01,-24.516927280715528
index,ks_i62_index_q,csa,1974-01-01,-22.29423001464854
index,ks_i62_index_q,csa,1974-04-01,-40.30794404103399
index,ks_i62_index_q,csa,1974-07-01,-36.1596125953892
index,ks_i62_index_q,csa,1974-10-01,-39.886612401549016
index,ks_i62_index_q,csa,1975-01-01,-38.58251932352805
index,ks_i62_index_q,csa,1975-04-01,-33.4184367737212
index,ks_i62_index_q,csa,1975-07-01,-29.23667278173035
index,ks_i62_index_q,csa,1975-10-01,-30.906430384571053
index,ks_i62_index_q,csa,1976-01-01,-31.290789929931695
index,ks_i62_index_q,csa,1976-04-01,-4.986682565321335
index,ks_i62_index_q,csa,1976-07-01,4.873132772072873
index,ks_i62_index_q,csa,1976-10-01,-0.8859118255033369
index,ks_i62_index_q,csa,1977-01-01,-22.339413934031903
index,ks_i62_index_q,csa,1977-04-01,-10.362217622039962
index,ks_i62_index_q,csa,1977-07-01,-1.237956380573948
index,ks_i62_index_q,csa,1977-10-01,-4.250219685238568
index,ks_i62_index_q,csa,1978-01-01,-2.4833873711160717
index,ks_i62_index_q,csa,1978-04-01,-9.726992112330636
index,ks_i62_index_q,csa,1978-07-01,-11.665248422053848
index,ks_i62_index_q,csa,1978-10-01,-23.790048141858698
index,ks_i62_index_q,csa,1979-01-01,-13.61087168956344
index,ks_i62_index_q,csa,1979-04-01,-5.798488999571957
index,ks_i62_index_q,csa,1979-07-01,-18.945765716737277
index,ks_i62_index_q,csa,1979-10-01,-20.472209914372065
index,ks_i62_index_q,csa,1980-01-01,-14.956055852512977
index,ks_i62_index_q,csa,1980-04-01,-18.100254014864916
index,ks_i62_index_q,csa,1980-07-01,-15.410162034158445
index,ks_i62_index_q,csa,1980-10-01,-19.36554048440691
index,ks_i62_index_q,csa,1981-01-01,-24.639921173387073
index,ks_i62_index_q,csa,1981-04-01,-34.82010980759765
index,ks_i62_index_q,csa,1981-07-01,-35.951364047052
index,ks_i62_index_q,csa,1981-10-01,-36.4714965790169
index,ks_i62_index_q,csa,1982-01-01,-31.829902843121957
index,ks_i62_index_q,csa,1982-04-01,-30.261828734084354
index,ks_i62_index_q,csa,1982-07-01,-41.93658124501621
index,ks_i62_index_q,csa,1982-10-01,-37.1151091288713
index,ks_i62_index_q,csa,1983-01-01,-33.660731135606305
index,ks_i62_index_q,csa,1983-04-01,-16.642084479740504
index,ks_i62_index_q,csa,1983-07-01,-20.8823586903936
index,ks_i62_index_q,csa,1983-10-01,-13.4058288610075
index,ks_i62_index_q,csa,1984-01-01,-5.910091366552008
index,ks_i62_index_q,csa,1984-04-01,-13.902027468892198
index,ks_i62_index_q,csa,1984-07-01,-6.781900931423733
index,ks_i62_index_q,csa,1984-10-01,-7.472326776829709
index,ks_i62_index_q,csa,1985-01-01,-5.026227731349293
index,ks_i62_index_q,csa,1985-04-01,-8.81826906263751
index,ks_i62_index_q,csa,1985-07-01,-6.837848176282657
index,ks_i62_index_q,csa,1985-10-01,0.22201570752244223
index,ks_i62_index_q,csa,1986-01-01,8.574202870235105
index,ks_i62_index_q,csa,1986-04-01,-0.01738892680581028
index,ks_i62_index_q,csa,1986-07-01,-4.673901554520457
index,ks_i62_index_q,csa,1986-10-01,-0.15384450859190757
index,ks_i62_index_q,csa,1987-01-01,-3.7658119317056182
index,ks_i62_index_q,csa,1987-04-01,-8.646708911877289
index,ks_i62_index_q,csa,1987-07-01,-8.969857727802145
index,ks_i62_index_q,csa,1987-10-01,-9.045559134868585
index,ks_i62_index_q,csa,1988-01-01,-13.706803990318187
index,ks_i62_index_q,csa,1988-04-01,-18.781515781215987
index,ks_i62_index_q,csa,1988-07-01,-3.6921664572703072
index,ks_i62_index_q,csa,1988-10-01,-0.18932628290981235
index,ks_i62_index_q,csa,1989-01-01,7.913408144117977
index,ks_i62_index_q,csa,1989-04-01,-6.5276928763464355
index,ks_i62_index_q,csa,1989-07-01,-13.635156537831929
index,ks_i62_index_q,csa,1989-10-01,-0.3297354043846017
index,ks_i62_index_q,csa,1990-01-01,-16.3804327627074
index,ks_i62_index_q,csa,1990-04-01,-20.066286349190857
index,ks_i62_index_q,csa,1990-07-01,-18.44111694066158
index,ks_i62_index_q,csa,1990-10-01,-52.0361382897736
index,ks_i62_index_q,csa,1991-01-01,-56.40769805985255
index,ks_i62_index_q,csa,1991-04-01,-33.91739422745739
index,ks_i62_index_q,csa,1991-07-01,-45.91661472383319
index,ks_i62_index_q,csa,1991-10-01,-48.8525829106408
index,ks_i62_index_q,csa,1992-01-01,-56.827810173038095
index,ks_i62_index_q,csa,1992-04-01,-47.70181939422884
index,ks_i62_index_q,csa,1992-07-01,-50.3431696000228
index,ks_i62_index_q,csa,1992-10-01,-52.508544876097446
index,ks_i62_index_q,csa,1993-01-01,-52.01124239101854
index,ks_i62_index_q,csa,1993-04-01,-35.83000137751765
index,ks_i62_index_q,csa,1993-07-01,-37.0428484646856
index,ks_i62_index_q,csa,1993-10-01,-18.51027311632305
index,ks_i62_index_q,csa,1994-01-01,-10.775815197298709
index,ks_i62_index_q,csa,1994-04-01,-3.1870035088796485
index,ks_i62_index_q,csa,1994-07-01,-4.937009517201998
index,ks_i62_index_q,csa,1994-10-01,-7.2961722285117485
index,ks_i62_index_q,csa,1995-01-01,-22.014336519462113
index,ks_i62_index_q,csa,1995-04-01,-16.047757254149097
index,ks_i62_index_q,csa,1995-07-01,-19.470944799051143
index,ks_i62_index_q,csa,1995-10-01,-17.830457519318195
index,ks_i62_index_q,csa,1996-01-01,-32.51052711073475
index,ks_i62_index_q,csa,1996-04-01,-38.9992802137984
index,ks_i62_index_q,csa,1996-07-01,-45.39087523692539
index,ks_i62_index_q,csa,1996-10-01,-33.866875812305146
index,ks_i62_index_q,csa,1997-01-01,-30.03289821472569
index,ks_i62_index_q,csa,1997-04-01,-23.10147527843575
index,ks_i62_index_q,csa,1997-07-01,-8.78264246779915
index,ks_i62_index_q,csa,1997-10-01,-3.046049899130269
index,ks_i62_index_q,csa,1998-01-01,-5.841783686394129
index,ks_i62_index_q,csa,1998-04-01,-2.1877711284593744
index,ks_i62_index_q,csa,1998-07-01,4.996768344879321
index,ks_i62_index_q,csa,1998-10-01,-2.997161121256534
index,ks_i62_index_q,csa,1999-01-01,-4.46224050462868
index,ks_i62_index_q,csa,1999-04-01,-9.963169884965383
index,ks_i62_index_q,csa,1999-07-01,1.7485011763379124
index,ks_i62_index_q,csa,1999-10-01,10.50828369920596
index,ks_i62_index_q,csa,2000-01-01,14.614289597829488
index,ks_i62_index_q,csa,2000-04-01,13.036526166505825
index,ks_i62_index_q,csa,2000-07-01,16.12520408096796
index,ks_i62_index_q,csa,2000-10-01,12.288039215216507
index,ks_i62_index_q,csa,2001-01-01,11.275141761035783
index,ks_i62_index_q,csa,2001-04-01,1.7584891354648151
index,ks_i62_index_q,csa,2001-07-01,-0.7249212900728548
index,ks_i62_index_q,csa,2001-10-01,-36.96964265870601
index,ks_i62_index_q,csa,2002-01-01,-7.191923407719232
index,ks_i62_index_q,csa,2002-04-01,-7.029832142560963
index,ks_i62_index_q,csa,2002-07-01,-14.15081384683284
index,ks_i62_index_q,csa,2002-10-01,-24.222249683799568
index,ks_i62_index_q,csa,2003-01-01,-20.08669019670937
index,ks_i62_index_q,csa,2003-04-01,-26.113421958172033
index,ks_i62_index_q,csa,2003-07-01,-18.041316152588784
index,ks_i62_index_q,csa,2003-10-01,-11.09459530260768
index,ks_i62_index_q,csa,2004-01-01,0.7588370195003336
index,ks_i62_index_q,csa,2004-04-01,0.9039660448389686
index,ks_i62_index_q,csa,2004-07-01,-2.372327179748911
index,ks_i62_index_q,csa,2004-10-01,-8.564684571218736
index,ks_i62_index_q,csa,2005-01-01,-6.292089693560291
index,ks_i62_index_q,csa,2005-04-01,-10.085266807455382
index,ks_i62_index_q,csa,2005-07-01,-16.110732929455658
index,ks_i62_index_q,csa,2005-10-01,-12.93077506710516
index,ks_i62_index_q,csa,2006-01-01,3.029476307879385
index,ks_i62_index_q,csa,2006-04-01,-0.834233018562351
index,ks_i62_index_q,csa,2006-07-01,6.458102811026597
index,ks_i62_index_q,csa,2006-10-01,3.634163285590279
index,ks_i62_index_q,csa,2007-01-01,3.9182276433422194
index,ks_i62_index_q,csa,2007-04-01,7.06881683036063
index,ks_i62_index_q,csa,2007-07-01,1.0994126654061531
index,ks_i62_index_q,csa,2007-10-01,8.976200346862866
index,ks_i62_index_q,csa,2008-01-01,-3.868205944680464
index,ks_i62_index_q,csa,2008-04-01,-8.607208208697639
index,ks_i62_index_q,csa,2008-07-01,-24.07973522581641
index,ks_i62_index_q,csa,2008-10-01,-41.27971572987618
index,ks_i62_index_q,csa,2009-01-01,-46.01086559199128
index,ks_i62_index_q,csa,2009-04-01,-57.629881114283855
index,ks_i62_index_q,csa,2009-07-01,-46.287463004616946
index,ks_i62_index_q,csa,2009-10-01,-19.97462948147732
index,ks_i62_index_q,csa,2010-01-01,-15.2744628026182
index,ks_i62_index_q,csa,2010-04-01,5.8479798147000785
index,ks_i62_index_q,csa,2010-07-01,8.914443861804292
index,ks_i62_index_q,csa,2010-10-01,1.1400350034845663
index,ks_i62_index_q,csa,2011-01-01,1.5521762942497082
index,ks_i62_index_q,csa,2011-04-01,-9.958947548674416
index,ks_i62_index_q,csa,2011-07-01,-24.00221390455728
index,ks_i62_index_q,csa,2011-10-01,-30.225923088588075
index,ks_i62_index_q,csa,2012-01-01,-27.68205394200314
index,ks_i62_index_q,csa,2012-04-01,-16.327417045257683
index,ks_i62_index_q,csa,2012-07-01,-24.369335101092464
index,ks_i62_index_q,csa,2012-10-01,-22.674319860794515
index,ks_i62_index_q,csa,2013-01-01,-14.266281030005054
index,ks_i62_index_q,csa,2013-04-01,-13.097433569782634
index,ks_i62_index_q,csa,2013-07-01,-15.625981310715666
index,ks_i62_index_q,csa,2013-10-01,-10.42705247482076
index,ks_i62_index_q,csa,2014-01-01,-6.600683987224314
index,ks_i62_index_q,csa,2014-04-01,-7.5948590120585155
index,ks_i62_index_q,csa,2014-07-01,-7.651026162927906
index,ks_i62_index_q,csa,2014-10-01,-17.11050569520284
index,ks_i62_index_q,csa,2015-01-01,-14.410970041742488
index,ks_i62_index_q,csa,2015-04-01,-14.334435463616964
index,ks_i62_index_q,csa,2015-07-01,-25.876260626099345
index,ks_i62_index_q,csa,2015-10-01,-23.391224202868713
index,ks_i62_index_q,csa,2016-01-01,-22.074673356578487
index,ks_i62_index_q,csa,2016-04-01,-23.083982070896436
index,ks_i62_index_q,csa,2016-07-01,-22.51459682348031
index,ks_i62_index_q,csa,2016-10-01,-19.23918394002471
index,ks_i62_index_q,csa,2017-01-01,-11.509790644653052
index,ks_i62_index_q,csa,2017-04-01,-16.20468979469693
index,ks_i62_index_q,csa,2017-07-01,-10.307302123697562
index,ks_i62_index_q,csa,2017-10-01,-8.151420806560147
index,ks_i62_index_q,csa,2018-01-01,-3.3049903988436675
index,ks_i62_index_q,csa,2018-04-01,-6.470209830372329
index,ks_i62_index_q,csa,2018-07-01,-14.440709766657053
index,ks_i62_index_q,csa,2018-10-01,-11.930188770311965
index,ks_i62_index_q,csa,2019-01-01,-12.266797803428084
index,ks_i62_index_q,csa,2019-04-01,-14.734079091722265
index,ks_i62_index_q,csa,2019-07-01,-18.089433741599866
index,ks_i62_index_q,csa,2019-10-01,-22.361453395536586
index,ks_i62_index_q,csa,2020-01-01,-14.9430428682428
index,ks_i62_index_q,csa,2020-04-01,-64.66696728181533
index,ks_i62_index_q,csa,2020-07-01,-37.05745782264368
index,ks_i62_index_q,csa,2020-10-01,-36.241402538892416
index,ks_i62_index_q,csa,2021-01-01,-37.80001500549753
index,ks_i62_index_q,csa,2021-04-01,-25.784696279264125
index,ks_i62_index_q,csa,2021-07-01,2.119256810174785
index,ks_i62_index_q,csa,2021-10-01,2.4560642438058897
index,ks_i62_index_q,csa,2022-01-01,-4.946756064012698
index,ks_i62_index_q,csa,2022-04-01,-26.735645501450986
index,ks_i62_index_q,csa,2022-07-01,-35.395421670571764
index,ks_i62_index_q,csa,2022-10-01,-43.60890884589845
index,ks_i62_index_q,csa,2023-01-01,-16.885039581110224
index,ks_i62_index_q,csa,2023-04-01,-20.872255115955557
index,ks_i62_index_q,csa,2023-07-01,-15.293815322091632
index,ks_i62_index_q,csa,2023-10-01,-33.56689817339825
index,ks_i62_index_q,csa,2024-01-01,-26.43583704285872
index,ks_i62_index_q,csa,2024-04-01,-24.507241887401324
index,ks_i62_index_q,csa,2024-07-01,-19.38979836219507
index,ks_i62_index_q,csa,2024-10-01,-25.55727545139464
index,ks_i62_index_q,csa,2025-01-01,-22.184298436215652
index,ks_i62_index_q,csa,2025-04-01,-39.80986415503348
index,ks_i62_index_q,csa,2025-07-01,-28.2485221140592
index,ks_i62_index_q,csa,2025-10-01,-35.240141844511314
index,ks_i62_index_q,csa,2026-01-01,-31.05801177532898
index,ks_i62_index_q,csa,2026-04-01,-41.08450578996512
index,ks_i62_index_q,na,1972-10-01,-1.927845299618399
index,ks_i62_index_q,na,1973-01-01,-13.350147352821596
index,ks_i62_index_q,na,1973-04-01,-14.144261056713498
index,ks_i62_index_q,na,1973-07-01,-15.569696786138785
index,ks_i62_index_q,na,1973-10-01,-28.32487471538028
index,ks_i62_index_q,na,1974-01-01,-25.826601629647776
index,ks_i62_index_q,na,1974-04-01,-38.77553535970991
index,ks_i62_index_q,na,1974-07-01,-34.888476699715476
index,ks_i62_index_q,na,1974-10-01,-43.737667603149035
index,ks_i62_index_q,na,1975-01-01,-42.132604512181146
index,ks_i62_index_q,na,1975-04-01,-31.816885297149305
index,ks_i62_index_q,na,1975-07-01,-27.969608827787603
index,ks_i62_index_q,na,1975-10-01,-34.80009788427244
index,ks_i62_index_q,na,1976-01-01,-34.843876109868845
index,ks_i62_index_q,na,1976-04-01,-3.345214485153674
index,ks_i62_index_q,na,1976-07-01,6.110273874514987
index,ks_i62_index_q,na,1976-10-01,-4.806050478415811
index,ks_i62_index_q,na,1977-01-01,-25.794027736897945
index,ks_i62_index_q,na,1977-04-01,-8.727621199201236
index,ks_i62_index_q,na,1977-07-01,-0.11907860947482084
index,ks_i62_index_q,na,1977-10-01,-8.221486467425729
index,ks_i62_index_q,na,1978-01-01,-5.723800560926801
index,ks_i62_index_q,na,1978-04-01,-8.087639921814477
index,ks_i62_index_q,na,1978-07-01,-10.7207624490048
index,ks_i62_index_q,na,1978-10-01,-27.8112164314514
index,ks_i62_index_q,na,1979-01-01,-16.641703376459148
index,ks_i62_index_q,na,1979-04-01,-4.158351617526174
index,ks_i62_index_q,na,1979-07-01,-18.180844575523665
index,ks_i62_index_q,na,1979-10-01,-24.486176680051393
index,ks_i62_index_q,na,1980-01-01,-17.796036727611778
index,ks_i62_index_q,na,1980-04-01,-16.502510415817454
index,ks_i62_index_q,na,1980-07-01,-14.82921608106828
index,ks_i62_index_q,na,1980-10-01,-23.327259820524404
index,ks_i62_index_q,na,1981-01-01,-27.29760779325131
index,ks_i62_index_q,na,1981-04-01,-33.25622289038814
index,ks_i62_index_q,na,1981-07-01,-35.57132066409082
index,ks_i62_index_q,na,1981-10-01,-40.394111443343576
index,ks_i62_index_q,na,1982-01-01,-34.31974379236412
index,ks_i62_index_q,na,1982-04-01,-28.704809115459614
index,ks_i62_index_q,na,1982-07-01,-41.73720752839235
index,ks_i62_index_q,na,1982-10-01,-40.98823323503075
index,ks_i62_index_q,na,1983-01-01,-36.015402427656525
index,ks_i62_index_q,na,1983-04-01,-15.136197858624564
index,ks_i62_index_q,na,1983-07-01,-20.81679991039683
index,ks_i62_index_q,na,1983-10-01,-17.20693954223045
index,ks_i62_index_q,na,1984-01-01,-8.131613786964122
index,ks_i62_index_q,na,1984-04-01,-12.482991654708515
index,ks_i62_index_q,na,1984-07-01,-6.833327117033411
index,ks_i62_index_q,na,1984-10-01,-11.196630195292723
index,ks_i62_index_q,na,1985-01-01,-7.131654677010621
index,ks_i62_index_q,na,1985-04-01,-7.470481402696782
index,ks_i62_index_q,na,1985-07-01,-7.005583796079508
index,ks_i62_index_q,na,1985-10-01,-3.4278548666662783
index,ks_i62_index_q,na,1986-01-01,6.549793434708223
index,ks_i62_index_q,na,1986-04-01,1.295080068827854
index,ks_i62_index_q,na,1986-07-01,-4.928077489711063
index,ks_i62_index_q,na,1986-10-01,-3.740310889247598
index,ks_i62_index_q,na,1987-01-01,-5.768906911542494
index,ks_i62_index_q,na,1987-04-01,-7.351311376941631
index,ks_i62_index_q,na,1987-07-01,-9.27027365801469
index,ks_i62_index_q,na,1987-10-01,-12.584091798520587
index,ks_i62_index_q,na,1988-01-01,-15.706823488744512
index,ks_i62_index_q,na,1988-04-01,-17.479445628666696
index,ks_i62_index_q,na,1988-07-01,-4.050263572363432
index,ks_i62_index_q,na,1988-10-01,-3.6990557010264986
index,ks_i62_index_q,na,1989-01-01,5.911772972611377
index,ks_i62_index_q,na,1989-04-01,-5.163146699951831
index,ks_i62_index_q,na,1989-07-01,-14.045963790477789
index,ks_i62_index_q,na,1989-10-01,-3.8508023524157498
index,ks_i62_index_q,na,1990-01-01,-18.427341477542576
index,ks_i62_index_q,na,1990-04-01,-18.59784069129511
index,ks_i62_index_q,na,1990-07-01,-18.87367401613024
index,ks_i62_index_q,na,1990-10-01,-55.595098350325536
index,ks_i62_index_q,na,1991-01-01,-58.489358442916824
index,ks_i62_index_q,na,1991-04-01,-32.363797039980106
index,ks_i62_index_q,na,1991-07-01,-46.40043777995384
index,ks_i62_index_q,na,1991-10-01,-52.4180215238689
index,ks_i62_index_q,na,1992-01-01,-58.86207762355215
index,ks_i62_index_q,na,1992-04-01,-46.14048499827517
index,ks_i62_index_q,na,1992-07-01,-50.92119091581389
index,ks_i62_index_q,na,1992-10-01,-56.054332099032976
index,ks_i62_index_q,na,1993-01-01,-53.92979727712973
index,ks_i62_index_q,na,1993-04-01,-34.32218204189361
index,ks_i62_index_q,na,1993-07-01,-37.71580992686564
index,ks_i62_index_q,na,1993-10-01,-22.04000856524077
index,ks_i62_index_q,na,1994-01-01,-12.53409266742402
index,ks_i62_index_q,na,1994-04-01,-1.7714399954109794
index,ks_i62_index_q,na,1994-07-01,-5.679615871079493
index,ks_i62_index_q,na,1994-10-01,-10.8199280418577
index,ks_i62_index_q,na,1995-01-01,-23.603980404597912
index,ks_i62_index_q,na,1995-04-01,-14.752233831306349
index,ks_i62_index_q,na,1995-07-01,-20.277523549623723
index,ks_i62_index_q,na,1995-10-01,-21.35207473116892
index,ks_i62_index_q,na,1996-01-01,-33.90803438309292
index,ks_i62_index_q,na,1996-04-01,-37.816618694831234
index,ks_i62_index_q,na,1996-07-01,-46.25761017358794
index,ks_i62_index_q,na,1996-10-01,-37.44294800726639
index,ks_i62_index_q,na,1997-01-01,-31.222660388834697
index,ks_i62_index_q,na,1997-04-01,-22.014764221255103
index,ks_i62_index_q,na,1997-07-01,-9.682446272325338
index,ks_i62_index_q,na,1997-10-01,-6.700971087540033
index,ks_i62_index_q,na,1998-01-01,-6.822449396666405
index,ks_i62_index_q,na,1998-04-01,-1.1774450248007948
index,ks_i62_index_q,na,1998-07-01,4.035692614330259
index,ks_i62_index_q,na,1998-10-01,-6.738805420650694
index,ks_i62_index_q,na,1999-01-01,-5.221461721363797
index,ks_i62_index_q,na,1999-04-01,-8.999717734910616
index,ks_i62_index_q,na,1999-07-01,0.6945509651242769
index,ks_i62_index_q,na,1999-10-01,6.656303843981529
index,ks_i62_index_q,na,2000-01-01,14.085072167644954
index,ks_i62_index_q,na,2000-04-01,14.008395801679304
index,ks_i62_index_q,na,2000-07-01,14.959591823294536
index,ks_i62_index_q,na,2000-10-01,8.312524814314955
index,ks_i62_index_q,na,2001-01-01,10.950670567120609
index,ks_i62_index_q,na,2001-04-01,2.762097795338093
index,ks_i62_index_q,na,2001-07-01,-2.0008440592894257
index,ks_i62_index_q,na,2001-10-01,-41.0599706214179
index,ks_i62_index_q,na,2002-01-01,-7.33073087654668
index,ks_i62_index_q,na,2002-04-01,-5.999859036722315
index,ks_i62_index_q,na,2002-07-01,-15.53758808157474
index,ks_i62_index_q,na,2002-10-01,-28.383190862102257
index,ks_i62_index_q,na,2003-01-01,-20.06534843804622
index,ks_i62_index_q,na,2003-04-01,-25.06856099604541
index,ks_i62_index_q,na,2003-07-01,-19.552787557029085
index,ks_i62_index_q,na,2003-10-01,-15.298653701815928
index,ks_i62_index_q,na,2004-01-01,0.9208382243294776
index,ks_i62_index_q,na,2004-04-01,1.9803213756367963
index,ks_i62_index_q,na,2004-07-01,-4.004232543547737
index,ks_i62_index_q,na,2004-10-01,-12.790844580680115
index,ks_i62_index_q,na,2005-01-01,-6.02891454290566
index,ks_i62_index_q,na,2005-04-01,-8.985724268143398
index,ks_i62_index_q,na,2005-07-01,-17.849651673058148
index,ks_i62_index_q,na,2005-10-01,-17.15570632443753
index,ks_i62_index_q,na,2006-01-01,3.360103525928972
index,ks_i62_index_q,na,2006-04-01,0.2866467054718562
index,ks_i62_index_q,na,2006-07-01,4.632571200624559
index,ks_i62_index_q,na,2006-10-01,-0.5627621356661958
index,ks_i62_index_q,na,2007-01-01,4.285600872478953
index,ks_i62_index_q,na,2007-04-01,8.208206866048728
index,ks_i62_index_q,na,2007-07-01,0.7066045621475059
index,ks_i62_index_q,na,2007-10-01,7.467382169547141
index,ks_i62_index_q,na,2008-01-01,-3.0883903052671524
index,ks_i62_index_q,na,2008-04-01,-7.461343366052096
index,ks_i62_index_q,na,2008-07-01,-24.516124522439753
index,ks_i62_index_q,na,2008-10-01,-42.785420243309375
index,ks_i62_index_q,na,2009-01-01,-45.20203010298108
index,ks_i62_index_q,na,2009-04-01,-56.48392379317766
index,ks_i62_index_q,na,2009-07-01,-46.74723393202145
index,ks_i62_index_q,na,2009-10-01,-21.489345565858702
index,ks_i62_index_q,na,2010-01-01,-14.448230337579776
index,ks_i62_index_q,na,2010-04-01,7.015219180938881
index,ks_i62_index_q,na,2010-07-01,8.452205597216153
index,ks_i62_index_q,na,2010-10-01,-0.4093860831806726
index,ks_i62_index_q,na,2011-01-01,2.389023225843336
index,ks_i62_index_q,na,2011-04-01,-8.772617706641308
index,ks_i62_index_q,na,2011-07-01,-24.463608227278687
index,ks_i62_index_q,na,2011-10-01,-31.8037218179534
index,ks_i62_index_q,na,2012-01-01,-26.827522330212208
index,ks_i62_index_q,na,2012-04-01,-15.148781387164105
index,ks_i62_index_q,na,2012-07-01,-24.82002009965967
index,ks_i62_index_q,na,2012-10-01,-24.260563523028097
index,ks_i62_index_q,na,2013-01-01,-13.392410036758276
index,ks_i62_index_q,na,2013-04-01,-11.952478276556516
index,ks_i62_index_q,na,2013-07-01,-16.05665687398371
index,ks_i62_index_q,na,2013-10-01,-12.010381933089826
index,ks_i62_index_q,na,2014-01-01,-5.71781503704371
index,ks_i62_index_q,na,2014-04-01,-6.489405597398473
index,ks_i62_index_q,na,2014-07-01,-8.0496997157163
index,ks_i62_index_q,na,2014-10-01,-18.687145213461903
index,ks_i62_index_q,na,2015-01-01,-13.532004845666574
index,ks_i62_index_q,na,2015-04-01,-13.270206433065391
index,ks_i62_index_q,na,2015-07-01,-26.233924420921195
index,ks_i62_index_q,na,2015-10-01,-24.96284340112905
index,ks_i62_index_q,na,2016-01-01,-21.198071121199213
index,ks_i62_index_q,na,2016-04-01,-22.07040865084642
index,ks_i62_index_q,na,2016-07-01,-22.818213756253012
index,ks_i62_index_q,na,2016-10-01,-20.81134813271064
index,ks_i62_index_q,na,2017-01-01,-10.640240007201951
index,ks_i62_index_q,na,2017-04-01,-15.24019842617449
index,ks_i62_index_q,na,2017-07-01,-10.547594787156212
index,ks_i62_index_q,na,2017-10-01,-9.725470857240142
index,ks_i62_index_q,na,2018-01-01,-2.4584414478942618
index,ks_i62_index_q,na,2018-04-01,-5.543217291425023
index,ks_i62_index_q,na,2018-07-01,-14.61196465915551
index,ks_i62_index_q,na,2018-10-01,-13.509286680864868
index,ks_i62_index_q,na,2019-01-01,-11.454856786582308
index,ks_i62_index_q,na,2019-04-01,-13.838111737601874
index,ks_i62_index_q,na,2019-07-01,-18.184009876042182
index,ks_i62_index_q,na,2019-10-01,-23.953098833399775
index,ks_i62_index_q,na,2020-01-01,-14.16900390239766
index,ks_i62_index_q,na,2020-04-01,-63.79820089439308
index,ks_i62_index_q,na,2020-07-01,-37.068083280586066
index,ks_i62_index_q,na,2020-10-01,-37.8522734896164
index,ks_i62_index_q,na,2021-01-01,-37.061490123077874
index,ks_i62_index_q,na,2021-04-01,-24.94511609103565
index,ks_i62_index_q,na,2021-07-01,2.179372993784409
index,ks_i62_index_q,na,2021-10-01,0.8275593137423782
index,ks_i62_index_q,na,2022-01-01,-4.2170673432623875
index,ks_i62_index_q,na,2022-04-01,-25.910598802322845
index,ks_i62_index_q,na,2022-07-01,-35.296068596099424
index,ks_i62_index_q,na,2022-10-01,-45.27650595601626
index,ks_i62_index_q,na,2023-01-01,-16.147818366305742
index,ks_i62_index_q,na,2023-04-01,-20.05699096452181
index,ks_i62_index_q,na,2023-07-01,-15.14862157578632
index,ks_i62_index_q,na,2023-10-01,-35.272670683093
index,ks_i62_index_q,na,2024-01-01,-25.68750385461683
index,ks_i62_index_q,na,2024-04-01,-23.712049720000152
index,ks_i62_index_q,na,2024-07-01,-19.216909226990865
index,ks_i62_index_q,na,2024-10-01,-27.281696433345644
index,ks_i62_index_q,na,2025-01-01,-21.415680237108855
index,ks_i62_index_q,na,2025-04-01,-39.03150284795423
index,ks_i62_index_q,na,2025-07-01,-28.06729059814658
index,ks_i62_index_q,na,2025-10-01,-36.97615156161649
index,ks_i62_index_q,na,2026-01-01,-30.277737463867872
index,ks_i62_index_q,na,2026-04-01,-40.31224762697243
index,ks_i63_index_q,csa,1972-10-01,10.883998919905624
index,ks_i63_index_q,csa,1973-01-01,1.9975688831354947
index,ks_i63_index_q,csa,1973-04-01,-0.8818369004845271
index,ks_i63_index_q,csa,1973-07-01,-2.593422015750163
index,ks_i63_index_q,csa,1973-10-01,-10.082233356876024
index,ks_i63_index_q,csa,1974-01-01,-10.785757038307766
index,ks_i63_index_q,csa,1974-04-01,-22.307893041739504
index,ks_i63_index_q,csa,1974-07-01,-21.682736877778417
index,ks_i63_index_q,csa,1974-10-01,-26.440813040596908
index,ks_i63_index_q,csa,1975-01-01,-30.81113152119865
index,ks_i63_index_q,csa,1975-04-01,-27.254846709705625
index,ks_i63_index_q,csa,1975-07-01,-28.579042483844376
index,ks_i63_index_q,csa,1975-10-01,-24.73169450947915
index,ks_i63_index_q,csa,1976-01-01,-27.194549179490224
index,ks_i63_index_q,csa,1976-04-01,-11.408549181855514
index,ks_i63_index_q,csa,1976-07-01,-0.9180925304994924
index,ks_i63_index_q,csa,1976-10-01,-4.440567364116814
index,ks_i63_index_q,csa,1977-01-01,-18.748214100829117
index,ks_i63_index_q,csa,1977-04-01,-5.616210349572025
index,ks_i63_index_q,csa,1977-07-01,-2.30137540306173
index,ks_i63_index_q,csa,1977-10-01,-4.892559534856297
index,ks_i63_index_q,csa,1978-01-01,-0.969502376988185
index,ks_i63_index_q,csa,1978-04-01,-5.249074594234381
index,ks_i63_index_q,csa,1978-07-01,-4.241205613319905
index,ks_i63_index_q,csa,1978-10-01,-12.801647780518731
index,ks_i63_index_q,csa,1979-01-01,-5.138965612904637
index,ks_i63_index_q,csa,1979-04-01,-2.5622933591081276
index,ks_i63_index_q,csa,1979-07-01,-12.379260273707514
index,ks_i63_index_q,csa,1979-10-01,-10.58843912490468
index,ks_i63_index_q,csa,1980-01-01,-8.703786009255035
index,ks_i63_index_q,csa,1980-04-01,-9.349044188909446
index,ks_i63_index_q,csa,1980-07-01,-9.438951107476123
index,ks_i63_index_q,csa,1980-10-01,-10.351871937600441
index,ks_i63_index_q,csa,1981-01-01,-13.44288427634666
index,ks_i63_index_q,csa,1981-04-01,-24.92846989231758
index,ks_i63_index_q,csa,1981-07-01,-24.41803908831375
index,ks_i63_index_q,csa,1981-10-01,-29.1331898839094
index,ks_i63_index_q,csa,1982-01-01,-24.020180862696726
index,ks_i63_index_q,csa,1982-04-01,-24.305594728614476
index,ks_i63_index_q,csa,1982-07-01,-29.208366890191176
index,ks_i63_index_q,csa,1982-10-01,-27.947856726084076
index,ks_i63_index_q,csa,1983-01-01,-27.40273073951525
index,ks_i63_index_q,csa,1983-04-01,-14.578506542729476
index,ks_i63_index_q,csa,1983-07-01,-16.622082913295955
index,ks_i63_index_q,csa,1983-10-01,-14.57661961207885
index,ks_i63_index_q,csa,1984-01-01,-8.300095718855905
index,ks_i63_index_q,csa,1984-04-01,-13.439949160162048
index,ks_i63_index_q,csa,1984-07-01,-7.531682621004922
index,ks_i63_index_q,csa,1984-10-01,-9.252513313570075
index,ks_i63_index_q,csa,1985-01-01,-4.399766384891568
index,ks_i63_index_q,csa,1985-04-01,-9.416129504923664
index,ks_i63_index_q,csa,1985-07-01,-7.180249177500213
index,ks_i63_index_q,csa,1985-10-01,-0.34043960484573216
index,ks_i63_index_q,csa,1986-01-01,5.385715052444563
index,ks_i63_index_q,csa,1986-04-01,1.7093960290571286
index,ks_i63_index_q,csa,1986-07-01,-4.376883620196399
index,ks_i63_index_q,csa,1986-10-01,1.3048797096904776
index,ks_i63_index_q,csa,1987-01-01,-0.44776429801185286
index,ks_i63_index_q,csa,1987-04-01,-2.621805028980845
index,ks_i63_index_q,csa,1987-07-01,-3.771956865057754
index,ks_i63_index_q,csa,1987-10-01,-6.068970831857279
index,ks_i63_index_q,csa,1988-01-01,-7.386030994331975
index,ks_i63_index_q,csa,1988-04-01,-8.871190769359192
index,ks_i63_index_q,csa,1988-07-01,-1.15346051546768
index,ks_i63_index_q,csa,1988-10-01,1.10538357072902
index,ks_i63_index_q,csa,1989-01-01,8.752805624972959
index,ks_i63_index_q,csa,1989-04-01,-0.2395337753042439
index,ks_i63_index_q,csa,1989-07-01,-9.79769220751389
index,ks_i63_index_q,csa,1989-10-01,-2.8358684757447676
index,ks_i63_index_q,csa,1990-01-01,-12.370582670247188
index,ks_i63_index_q,csa,1990-04-01,-18.17893255620245
index,ks_i63_index_q,csa,1990-07-01,-14.85628451268529
index,ks_i63_index_q,csa,1990-10-01,-39.3990716676199
index,ks_i63_index_q,csa,1991-01-01,-43.019556102905376
index,ks_i63_index_q,csa,1991-04-01,-29.920157260426624
index,ks_i63_index_q,csa,1991-07-01,-35.11214349869
index,ks_i63_index_q,csa,1991-10-01,-41.109112370691825
index,ks_i63_index_q,csa,1992-01-01,-45.6718415963017
index,ks_i63_index_q,csa,1992-04-01,-41.451174082228626
index,ks_i63_index_q,csa,1992-07-01,-43.16588765548905
index,ks_i63_index_q,csa,1992-10-01,-43.16136176468335
index,ks_i63_index_q,csa,1993-01-01,-41.9800936350108
index,ks_i63_index_q,csa,1993-04-01,-35.5604582113234
index,ks_i63_index_q,csa,1993-07-01,-37.15802337326012
index,ks_i63_index_q,csa,1993-10-01,-22.9741629181607
index,ks_i63_index_q,csa,1994-01-01,-16.833764260963704
index,ks_i63_index_q,csa,1994-04-01,-12.50461556932216
index,ks_i63_index_q,csa,1994-07-01,-12.037111311984214
index,ks_i63_index_q,csa,1994-10-01,-11.967394578420002
index,ks_i63_index_q,csa,1995-01-01,-26.081239331975784
index,ks_i63_index_q,csa,1995-04-01,-20.4840597787285
index,ks_i63_index_q,csa,1995-07-01,-19.334302096646624
index,ks_i63_index_q,csa,1995-10-01,-19.5483076663741
index,ks_i63_index_q,csa,1996-01-01,-28.85515260327805
index,ks_i63_index_q,csa,1996-04-01,-33.84400736182778
index,ks_i63_index_q,csa,1996-07-01,-36.0106211265848
index,ks_i63_index_q,csa,1996-10-01,-27.2556670732321
index,ks_i63_index_q,csa,1997-01-01,-26.1083717461194
index,ks_i63_index_q,csa,1997-04-01,-23.114010626552275
index,ks_i63_index_q,csa,1997-07-01,-13.7964294856207
index,ks_i63_index_q,csa,1997-10-01,-11.786537340389437
index,ks_i63_index_q,csa,1998-01-01,-12.76688689103659
index,ks_i63_index_q,csa,1998-04-01,-8.247187461681477
index,ks_i63_index_q,csa,1998-07-01,-1.9547074763716472
index,ks_i63_index_q,csa,1998-10-01,-3.7382471095184697
index,ks_i63_index_q,csa,1999-01-01,-8.021490175615929
index,ks_i63_index_q,csa,1999-04-01,-9.554575658688748
index,ks_i63_index_q,csa,1999-07-01,-4.8566570628077965
index,ks_i63_index_q,csa,1999-10-01,0.5386370284625003
index,ks_i63_index_q,csa,2000-01-01,5.097974415229317
index,ks_i63_index_q,csa,2000-04-01,1.7660330803141415
index,ks_i63_index_q,csa,2000-07-01,3.2210707677986616
index,ks_i63_index_q,csa,2000-10-01,-0.41303824699787134
index,ks_i63_index_q,csa,2001-01-01,-0.12710441217334512
index,ks_i63_index_q,csa,2001-04-01,-4.17307294474965
index,ks_i63_index_q,csa,2001-07-01,-6.379383912946402
index,ks_i63_index_q,csa,2001-10-01,-26.67121885600683
index,ks_i63_index_q,csa,2002-01-01,-11.118813844740014
index,ks_i63_index_q,csa,2002-04-01,-12.045829238407354
index,ks_i63_index_q,csa,2002-07-01,-18.45248714600102
index,ks_i63_index_q,csa,2002-10-01,-26.27194768149116
index,ks_i63_index_q,csa,2003-01-01,-20.718373884319483
index,ks_i63_index_q,csa,2003-04-01,-26.68560027846174
index,ks_i63_index_q,csa,2003-07-01,-21.38161477302337
index,ks_i63_index_q,csa,2003-10-01,-17.63012410349129
index,ks_i63_index_q,csa,2004-01-01,-13.561050840870006
index,ks_i63_index_q,csa,2004-04-01,-11.85805208044744
index,ks_i63_index_q,csa,2004-07-01,-15.79288102704838
index,ks_i63_index_q,csa,2004-10-01,-16.092212855487844
index,ks_i63_index_q,csa,2005-01-01,-14.890628298852896
index,ks_i63_index_q,csa,2005-04-01,-16.810307982164616
index,ks_i63_index_q,csa,2005-07-01,-18.103964009008727
index,ks_i63_index_q,csa,2005-10-01,-17.069615632063154
index,ks_i63_index_q,csa,2006-01-01,-6.661355871302333
index,ks_i63_index_q,csa,2006-04-01,-7.747199955218949
index,ks_i63_index_q,csa,2006-07-01,-4.696138961681201
index,ks_i63_index_q,csa,2006-10-01,-4.601119991649912
index,ks_i63_index_q,csa,2007-01-01,-4.79586940792584
index,ks_i63_index_q,csa,2007-04-01,-3.640446688880536
index,ks_i63_index_q,csa,2007-07-01,-6.253282970111853
index,ks_i63_index_q,csa,2007-10-01,-5.00673901972454
index,ks_i63_index_q,csa,2008-01-01,-12.611935155455733
index,ks_i63_index_q,csa,2008-04-01,-15.82791965394067
index,ks_i63_index_q,csa,2008-07-01,-31.456871714796325
index,ks_i63_index_q,csa,2008-10-01,-33.42330793832537
index,ks_i63_index_q,csa,2009-01-01,-27.50452120435693
index,ks_i63_index_q,csa,2009-04-01,-31.24575212678365
index,ks_i63_index_q,csa,2009-07-01,-22.26438323314109
index,ks_i63_index_q,csa,2009-10-01,-5.761930559832665
index,ks_i63_index_q,csa,2010-01-01,-5.20611739037886
index,ks_i63_index_q,csa,2010-04-01,-1.4414251426964229
index,ks_i63_index_q,csa,2010-07-01,0.6360524129352944
index,ks_i63_index_q,csa,2010-10-01,-3.2024296712080496
index,ks_i63_index_q,csa,2011-01-01,-6.396045709737198
index,ks_i63_index_q,csa,2011-04-01,-6.801547411524422
index,ks_i63_index_q,csa,2011-07-01,-17.072342339976984
index,ks_i63_index_q,csa,2011-10-01,-15.8397211002324
index,ks_i63_index_q,csa,2012-01-01,-17.097268380626264
index,ks_i63_index_q,csa,2012-04-01,-13.220131153396988
index,ks_i63_index_q,csa,2012-07-01,-16.851095323135326
index,ks_i63_index_q,csa,2012-10-01,-14.800902140859598
index,ks_i63_index_q,csa,2013-01-01,-8.770794516394268
index,ks_i63_index_q,csa,2013-04-01,-10.452477383707032
index,ks_i63_index_q,csa,2013-07-01,-11.3773053371644
index,ks_i63_index_q,csa,2013-10-01,-8.630927017949018
index,ks_i63_index_q,csa,2014-01-01,-6.265703695343275
index,ks_i63_index_q,csa,2014-04-01,-9.411503478792724
index,ks_i63_index_q,csa,2014-07-01,-6.902492041798418
index,ks_i63_index_q,csa,2014-10-01,-11.472745428224576
index,ks_i63_index_q,csa,2015-01-01,-13.601281104032136
index,ks_i63_index_q,csa,2015-04-01,-8.365138146085545
index,ks_i63_index_q,csa,2015-07-01,-16.584616869322353
index,ks_i63_index_q,csa,2015-10-01,-14.682024044078291
index,ks_i63_index_q,csa,2016-01-01,-15.816560476127542
index,ks_i63_index_q,csa,2016-04-01,-15.63260995965634
index,ks_i63_index_q,csa,2016-07-01,-16.84974614180724
index,ks_i63_index_q,csa,2016-10-01,-12.946564449342604
index,ks_i63_index_q,csa,2017-01-01,-9.740567464770283
index,ks_i63_index_q,csa,2017-04-01,-14.467491039853776
index,ks_i63_index_q,csa,2017-07-01,-9.07639257459631
index,ks_i63_index_q,csa,2017-10-01,-10.206099702756754
index,ks_i63_index_q,csa,2018-01-01,-10.16804797660675
index,ks_i63_index_q,csa,2018-04-01,-14.269483320805346
index,ks_i63_index_q,csa,2018-07-01,-14.68744986636445
index,ks_i63_index_q,csa,2018-10-01,-12.355457230537278
index,ks_i63_index_q,csa,2019-01-01,-18.068851443761822
index,ks_i63_index_q,csa,2019-04-01,-18.26380627875805
index,ks_i63_index_q,csa,2019-07-01,-17.892724556132624
index,ks_i63_index_q,csa,2019-10-01,-19.3976258763137
index,ks_i63_index_q,csa,2020-01-01,-17.851589855980023
index,ks_i63_index_q,csa,2020-04-01,-48.09986662674862
index,ks_i63_index_q,csa,2020-07-01,-22.092171741726577
index,ks_i63_index_q,csa,2020-10-01,-21.905275885029724
index,ks_i63_index_q,csa,2021-01-01,-22.959977651432425
index,ks_i63_index_q,csa,2021-04-01,-15.53986117696124
index,ks_i63_index_q,csa,2021-07-01,-1.6511694547910007
index,ks_i63_index_q,csa,2021-10-01,-5.277728665347075
index,ks_i63_index_q,csa,2022-01-01,-12.821994097838823
index,ks_i63_index_q,csa,2022-04-01,-36.66925286888325
index,ks_i63_index_q,csa,2022-07-01,-50.93885005870805
index,ks_i63_index_q,csa,2022-10-01,-55.41743990431132
index,ks_i63_index_q,csa,2023-01-01,-39.20853049592063
index,ks_i63_index_q,csa,2023-04-01,-38.64314098456553
index,ks_i63_index_q,csa,2023-07-01,-36.298829872784026
index,ks_i63_index_q,csa,2023-10-01,-48.73680090387105
index,ks_i63_index_q,csa,2024-01-01,-43.252795873562846
index,ks_i63_index_q,csa,2024-04-01,-39.182000477163776
index,ks_i63_index_q,csa,2024-07-01,-31.981162165346475
index,ks_i63_index_q,csa,2024-10-01,-34.12034511928368
index,ks_i63_index_q,csa,2025-01-01,-31.494360977569176
index,ks_i63_index_q,csa,2025-04-01,-43.4763306368188
index,ks_i63_index_q,csa,2025-07-01,-32.34460225161497
index,ks_i63_index_q,csa,2025-10-01,-34.04232394888783
index,ks_i63_index_q,csa,2026-01-01,-32.3512120250208
index,ks_i63_index_q,csa,2026-04-01,-41.03673402951205
index,ks_i63_index_q,na,1972-10-01,9.269509212665184
index,ks_i63_index_q,na,1973-01-01,0.1844686332653649
index,ks_i63_index_q,na,1973-04-01,1.5127472063480236
index,ks_i63_index_q,na,1973-07-01,-1.5575023490975837
index,ks_i63_index_q,na,1973-10-01,-11.751342105169185
index,ks_i63_index_q,na,1974-01-01,-12.531589351397583
index,ks_i63_index_q,na,1974-04-01,-19.88389339780343
index,ks_i63_index_q,na,1974-07-01,-20.694436915156885
index,ks_i63_index_q,na,1974-10-01,-28.175375636616124
index,ks_i63_index_q,na,1975-01-01,-32.46465287837748
index,ks_i63_index_q,na,1975-04-01,-24.788194334600508
index,ks_i63_index_q,na,1975-07-01,-27.66991791322136
index,ks_i63_index_q,na,1975-10-01,-26.555623737502376
index,ks_i63_index_q,na,1976-01-01,-28.70860555177562
index,ks_i63_index_q,na,1976-04-01,-8.919011850072588
index,ks_i63_index_q,na,1976-07-01,-0.07919886503646256
index,ks_i63_index_q,na,1976-10-01,-6.36783224401193
index,ks_i63_index_q,na,1977-01-01,-20.052845533647016
index,ks_i63_index_q,na,1977-04-01,-3.14578256851162
index,ks_i63_index_q,na,1977-07-01,-1.595462132868852
index,ks_i63_index_q,na,1977-10-01,-6.931520046335314
index,ks_i63_index_q,na,1978-01-01,-1.9706781889655385
index,ks_i63_index_q,na,1978-04-01,-2.815881899455963
index,ks_i63_index_q,na,1978-07-01,-3.6977835115113553
index,ks_i63_index_q,na,1978-10-01,-14.934557088206075
index,ks_i63_index_q,na,1979-01-01,-5.855087250261873
index,ks_i63_index_q,na,1979-04-01,-0.17783458891755455
index,ks_i63_index_q,na,1979-07-01,-11.98320613984144
index,ks_i63_index_q,na,1979-10-01,-12.774577924496068
index,ks_i63_index_q,na,1980-01-01,-9.165645717763375
index,ks_i63_index_q,na,1980-04-01,-7.050108438407584
index,ks_i63_index_q,na,1980-07-01,-9.159621180105407
index,ks_i63_index_q,na,1980-10-01,-12.575883987113968
index,ks_i63_index_q,na,1981-01-01,-13.67328417358409
index,ks_i63_index_q,na,1981-04-01,-22.706855750433046
index,ks_i63_index_q,na,1981-07-01,-24.233702672910056
index,ks_i63_index_q,na,1981-10-01,-31.40840090494216
index,ks_i63_index_q,na,1982-01-01,-24.063634053111763
index,ks_i63_index_q,na,1982-04-01,-22.12739740729583
index,ks_i63_index_q,na,1982-07-01,-29.108737702105277
index,ks_i63_index_q,na,1982-10-01,-30.257014083080932
index,ks_i63_index_q,na,1983-01-01,-27.291539390560715
index,ks_i63_index_q,na,1983-04-01,-12.45186232104605
index,ks_i63_index_q,na,1983-07-01,-16.60463336838467
index,ks_i63_index_q,na,1983-10-01,-16.90119533251598
index,ks_i63_index_q,na,1984-01-01,-8.011143850115
index,ks_i63_index_q,na,1984-04-01,-11.391225166330264
index,ks_i63_index_q,na,1984-07-01,-7.616604259417256
index,ks_i63_index_q,na,1984-10-01,-11.56850829950224
index,ks_i63_index_q,na,1985-01-01,-3.949883179571012
index,ks_i63_index_q,na,1985-04-01,-7.428175350738477
index,ks_i63_index_q,na,1985-07-01,-7.3716480998983185
index,ks_i63_index_q,na,1985-10-01,-2.6356634371403436
index,ks_i63_index_q,na,1986-01-01,5.949548795315999
index,ks_i63_index_q,na,1986-04-01,3.662941943403865
index,ks_i63_index_q,na,1986-07-01,-4.6335259656257755
index,ks_i63_index_q,na,1986-10-01,-0.9853534810704592
index,ks_i63_index_q,na,1987-01-01,0.18040205567702208
index,ks_i63_index_q,na,1987-04-01,-0.6998459894485594
index,ks_i63_index_q,na,1987-07-01,-4.04210696322627
index,ks_i63_index_q,na,1987-10-01,-8.355062661017133
index,ks_i63_index_q,na,1988-01-01,-6.730406949723735
index,ks_i63_index_q,na,1988-04-01,-6.976254198952688
index,ks_i63_index_q,na,1988-07-01,-1.4373687834840343
index,ks_i63_index_q,na,1988-10-01,-1.1591805214036377
index,ks_i63_index_q,na,1989-01-01,9.408156548817228
index,ks_i63_index_q,na,1989-04-01,1.6567745423442908
index,ks_i63_index_q,na,1989-07-01,-10.075175920478378
index,ks_i63_index_q,na,1989-10-01,-5.083543827975241
index,ks_i63_index_q,na,1990-01-01,-11.78037690467449
index,ks_i63_index_q,na,1990-04-01,-16.26308334778732
index,ks_i63_index_q,na,1990-07-01,-15.089838464617127
index,ks_i63_index_q,na,1990-10-01,-41.636217215284766
index,ks_i63_index_q,na,1991-01-01,-42.49756116827139
index,ks_i63_index_q,na,1991-04-01,-27.984583141957263
index,ks_i63_index_q,na,1991-07-01,-35.34821849846718
index,ks_i63_index_q,na,1991-10-01,-43.30697404351307
index,ks_i63_index_q,na,1992-01-01,-45.14508255140529
index,ks_i63_index_q,na,1992-04-01,-39.54991882142352
index,ks_i63_index_q,na,1992-07-01,-43.4511664575244
index,ks_i63_index_q,na,1992-10-01,-45.295169047671905
index,ks_i63_index_q,na,1993-01-01,-41.407553020080115
index,ks_i63_index_q,na,1993-04-01,-33.72333558700845
index,ks_i63_index_q,na,1993-07-01,-37.488813954302614
index,ks_i63_index_q,na,1993-10-01,-25.048199551189754
index,ks_i63_index_q,na,1994-01-01,-16.213642162884476
index,ks_i63_index_q,na,1994-04-01,-10.743715118132704
index,ks_i63_index_q,na,1994-07-01,-12.377532055742146
index,ks_i63_index_q,na,1994-10-01,-13.997982010196216
index,ks_i63_index_q,na,1995-01-01,-25.40367537346113
index,ks_i63_index_q,na,1995-04-01,-18.81150128917347
index,ks_i63_index_q,na,1995-07-01,-19.696281993622247
index,ks_i63_index_q,na,1995-10-01,-21.58217810390064
index,ks_i63_index_q,na,1996-01-01,-28.0506454968988
index,ks_i63_index_q,na,1996-04-01,-32.23184820714059
index,ks_i63_index_q,na,1996-07-01,-36.40814218064141
index,ks_i63_index_q,na,1996-10-01,-29.36076830477654
index,ks_i63_index_q,na,1997-01-01,-25.165726086880667
index,ks_i63_index_q,na,1997-04-01,-21.526801669983488
index,ks_i63_index_q,na,1997-07-01,-14.205822397418745
index,ks_i63_index_q,na,1997-10-01,-13.99737602232809
index,ks_i63_index_q,na,1998-01-01,-11.689302119850646
index,ks_i63_index_q,na,1998-04-01,-6.660011907812701
index,ks_i63_index_q,na,1998-07-01,-2.406452535715328
index,ks_i63_index_q,na,1998-10-01,-6.064114757482096
index,ks_i63_index_q,na,1999-01-01,-6.7693756802648455
index,ks_i63_index_q,na,1999-04-01,-7.949950735095076
index,ks_i63_index_q,na,1999-07-01,-5.390349283791718
index,ks_i63_index_q,na,1999-10-01,-1.9352685699696297
index,ks_i63_index_q,na,2000-01-01,6.550738907357729
index,ks_i63_index_q,na,2000-04-01,3.4121264142724157
index,ks_i63_index_q,na,2000-07-01,2.6150182884171267
index,ks_i63_index_q,na,2000-10-01,-3.0404926530986165
index,ks_i63_index_q,na,2001-01-01,1.4966033750935432
index,ks_i63_index_q,na,2001-04-01,-2.48518333550071
index,ks_i63_index_q,na,2001-07-01,-7.0599119829138015
index,ks_i63_index_q,na,2001-10-01,-29.419530368477343
index,ks_i63_index_q,na,2002-01-01,-9.32811769931441
index,ks_i63_index_q,na,2002-04-01,-10.338882226024143
index,ks_i63_index_q,na,2002-07-01,-19.22369958602259
index,ks_i63_index_q,na,2002-10-01,-29.08734057155796
index,ks_i63_index_q,na,2003-01-01,-18.77846325673074
index,ks_i63_index_q,na,2003-04-01,-24.977234846502267
index,ks_i63_index_q,na,2003-07-01,-22.26554020288337
index,ks_i63_index_q,na,2003-10-01,-20.47532981026687
index,ks_i63_index_q,na,2004-01-01,-11.480781646157055
index,ks_i63_index_q,na,2004-04-01,-10.135545092705469
index,ks_i63_index_q,na,2004-07-01,-16.799372540849593
index,ks_i63_index_q,na,2004-10-01,-18.956631543968168
index,ks_i63_index_q,na,2005-01-01,-12.682162525430968
index,ks_i63_index_q,na,2005-04-01,-15.097218320877545
index,ks_i63_index_q,na,2005-07-01,-19.214490983420312
index,ks_i63_index_q,na,2005-10-01,-19.9347480276281
index,ks_i63_index_q,na,2006-01-01,-4.341697648268312
index,ks_i63_index_q,na,2006-04-01,-6.0465596934164365
index,ks_i63_index_q,na,2006-07-01,-5.904477315463665
index,ks_i63_index_q,na,2006-10-01,-7.456361780456706
index,ks_i63_index_q,na,2007-01-01,-2.379827883548787
index,ks_i63_index_q,na,2007-04-01,-1.9441937432698273
index,ks_i63_index_q,na,2007-07-01,-7.55852170578984
index,ks_i63_index_q,na,2007-10-01,-7.867981423526885
index,ks_i63_index_q,na,2008-01-01,-10.095806864383825
index,ks_i63_index_q,na,2008-04-01,-14.134359764170112
index,ks_i63_index_q,na,2008-07-01,-32.825976443331385
index,ks_i63_index_q,na,2008-10-01,-36.3047740469308
index,ks_i63_index_q,na,2009-01-01,-24.907925706203496
index,ks_i63_index_q,na,2009-04-01,-29.603002169325325
index,ks_i63_index_q,na,2009-07-01,-23.64266660309574
index,ks_i63_index_q,na,2009-10-01,-8.631397277954838
index,ks_i63_index_q,na,2010-01-01,-2.564398523263987
index,ks_i63_index_q,na,2010-04-01,0.15199633463039963
index,ks_i63_index_q,na,2010-07-01,-0.7329693511021589
index,ks_i63_index_q,na,2010-10-01,-6.072408450277302
index,ks_i63_index_q,na,2011-01-01,-3.7327826972856313
index,ks_i63_index_q,na,2011-04-01,-5.232746954384879
index,ks_i63_index_q,na,2011-07-01,-18.42792879424533
index,ks_i63_index_q,na,2011-10-01,-18.733053096619717
index,ks_i63_index_q,na,2012-01-01,-14.415441390383874
index,ks_i63_index_q,na,2012-04-01,-11.665248604721237
index,ks_i63_index_q,na,2012-07-01,-18.154828715368843
index,ks_i63_index_q,na,2012-10-01,-17.743748586614945
index,ks_i63_index_q,na,2013-01-01,-6.098763017450944
index,ks_i63_index_q,na,2013-04-01,-8.91146617431149
index,ks_i63_index_q,na,2013-07-01,-12.591280146477423
index,ks_i63_index_q,na,2013-10-01,-11.615642488682788
index,ks_i63_index_q,na,2014-01-01,-3.634808506464669
index,ks_i63_index_q,na,2014-04-01,-7.893878032353156
index,ks_i63_index_q,na,2014-07-01,-8.016733769162714
index,ks_i63_index_q,na,2014-10-01,-14.473613145656715
index,ks_i63_index_q,na,2015-01-01,-11.028448437589676
index,ks_i63_index_q,na,2015-04-01,-6.877912101077398
index,ks_i63_index_q,na,2015-07-01,-17.6134402011375
index,ks_i63_index_q,na,2015-10-01,-17.669169623452333
index,ks_i63_index_q,na,2016-01-01,-13.283307434434876
index,ks_i63_index_q,na,2016-04-01,-14.221727433592218
index,ks_i63_index_q,na,2016-07-01,-17.796840323411672
index,ks_i63_index_q,na,2016-10-01,-15.89876707453653
index,ks_i63_index_q,na,2017-01-01,-7.23669720252877
index,ks_i63_index_q,na,2017-04-01,-13.14049456705912
index,ks_i63_index_q,na,2017-07-01,-9.941140327475576
index,ks_i63_index_q,na,2017-10-01,-13.124924920876175
index,ks_i63_index_q,na,2018-01-01,-7.712909557170636
index,ks_i63_index_q,na,2018-04-01,-12.99881804210248
index,ks_i63_index_q,na,2018-07-01,-15.477694575191563
index,ks_i63_index_q,na,2018-10-01,-15.246398727703266
index,ks_i63_index_q,na,2019-01-01,-15.671031566341078
index,ks_i63_index_q,na,2019-04-01,-17.024397441666416
index,ks_i63_index_q,na,2019-07-01,-18.616595692755123
index,ks_i63_index_q,na,2019-10-01,-22.27655425945813
index,ks_i63_index_q,na,2020-01-01,-15.512252998391904
index,ks_i63_index_q,na,2020-04-01,-46.87648756061674
index,ks_i63_index_q,na,2020-07-01,-22.73670445989952
index,ks_i63_index_q,na,2020-10-01,-24.78631680361995
index,ks_i63_index_q,na,2021-01-01,-20.68702457867626
index,ks_i63_index_q,na,2021-04-01,-14.338393959653471
index,ks_i63_index_q,na,2021-07-01,-2.220658318419048
index,ks_i63_index_q,na,2021-10-01,-8.155173934837467
index,ks_i63_index_q,na,2022-01-01,-10.576366289315969
index,ks_i63_index_q,na,2022-04-01,-35.483333498578176
index,ks_i63_index_q,na,2022-07-01,-51.47316138109187
index,ks_i63_index_q,na,2022-10-01,-58.31226984626269
index,ks_i63_index_q,na,2023-01-01,-36.98158733236367
index,ks_i63_index_q,na,2023-04-01,-37.47554533022814
index,ks_i63_index_q,na,2023-07-01,-36.7693087860941
index,ks_i63_index_q,na,2023-10-01,-51.636369347288664
index,ks_i63_index_q,na,2024-01-01,-41.045342283607475
index,ks_i63_index_q,na,2024-04-01,-38.063776552820734
index,ks_i63_index_q,na,2024-07-01,-32.40466139425182
index,ks_i63_index_q,na,2024-10-01,-37.009657768923496
index,ks_i63_index_q,na,2025-01-01,-29.278117601585897
index,ks_i63_index_q,na,2025-04-01,-42.39787574946047
index,ks_i63_index_q,na,2025-07-01,-32.75537901452305
index,ks_i63_index_q,na,2025-10-01,-36.92563479024391
index,ks_i63_index_q,na,2026-01-01,-30.12402590946883
index,ks_i63_index_q,na,2026-04-01,-39.97520901652679
sd,ks_i11_econ_hist_q,na,1972-10-01,5.234524567506136
sd,ks_i11_econ_hist_q,na,1973-01-01,5.228050893105714
sd,ks_i11_econ_hist_q,na,1973-04-01,4.869731347221244
sd,ks_i11_econ_hist_q,na,1973-07-01,4.891293476333293
sd,ks_i11_econ_hist_q,na,1973-10-01,4.618953506879611
sd,ks_i11_econ_hist_q,na,1974-01-01,4.308051009971458
sd,ks_i11_econ_hist_q,na,1974-04-01,4.34424020548928
sd,ks_i11_econ_hist_q,na,1974-07-01,4.150401230369769
sd,ks_i11_econ_hist_q,na,1974-10-01,4.710564657193995
sd,ks_i11_econ_hist_q,na,1975-01-01,4.068384041014942
sd,ks_i11_econ_hist_q,na,1975-04-01,3.7918911004842526
sd,ks_i11_econ_hist_q,na,1975-07-01,4.034439986535972
sd,ks_i11_econ_hist_q,na,1975-10-01,3.637305766365533
sd,ks_i11_econ_hist_q,na,1976-01-01,3.5050536484260335
sd,ks_i11_econ_hist_q,na,1976-04-01,3.8791771544806823
sd,ks_i11_econ_hist_q,na,1976-07-01,4.248644193248191
sd,ks_i11_econ_hist_q,na,1976-10-01,3.628214294127064
sd,ks_i11_econ_hist_q,na,1977-01-01,3.466403309456015
sd,ks_i11_econ_hist_q,na,1977-04-01,3.692600963305503
sd,ks_i11_econ_hist_q,na,1977-07-01,3.3899812841923196
sd,ks_i11_econ_hist_q,na,1977-10-01,3.923655812068143
sd,ks_i11_econ_hist_q,na,1978-01-01,3.262638011268208
sd,ks_i11_econ_hist_q,na,1978-04-01,3.82223611072164
sd,ks_i11_econ_hist_q,na,1978-07-01,3.966579464249432
sd,ks_i11_econ_hist_q,na,1978-10-01,3.921681518199895
sd,ks_i11_econ_hist_q,na,1979-01-01,3.861882731501384
sd,ks_i11_econ_hist_q,na,1979-04-01,3.985275424986323
sd,ks_i11_econ_hist_q,na,1979-07-01,4.134913473938379
sd,ks_i11_econ_hist_q,na,1979-10-01,3.997645738973934
sd,ks_i11_econ_hist_q,na,1980-01-01,3.259022284926571
sd,ks_i11_econ_hist_q,na,1980-04-01,3.416021569044617
sd,ks_i11_econ_hist_q,na,1980-07-01,3.2532752773365745
sd,ks_i11_econ_hist_q,na,1980-10-01,3.3884556989690413
sd,ks_i11_econ_hist_q,na,1981-01-01,2.831789877999391
sd,ks_i11_econ_hist_q,na,1981-04-01,2.8138503487491766
sd,ks_i11_econ_hist_q,na,1981-07-01,2.803333880703511
sd,ks_i11_econ_hist_q,na,1981-10-01,2.7902618075359875
sd,ks_i11_econ_hist_q,na,1982-01-01,2.7196384395378357
sd,ks_i11_econ_hist_q,na,1982-04-01,2.665492518716065
sd,ks_i11_econ_hist_q,na,1982-07-01,2.6447016732642643
sd,ks_i11_econ_hist_q,na,1982-10-01,2.976320824016524
sd,ks_i11_econ_hist_q,na,1983-01-01,2.737881462116128
sd,ks_i11_econ_hist_q,na,1983-04-01,2.633279588877158
sd,ks_i11_econ_hist_q,na,1983-07-01,2.630719276743605
sd,ks_i11_econ_hist_q,na,1983-10-01,2.7464531789618394
sd,ks_i11_econ_hist_q,na,1984-01-01,2.622735141765501
sd,ks_i11_econ_hist_q,na,1984-04-01,2.674420794786597
sd,ks_i11_econ_hist_q,na,1984-07-01,2.7803850547358984
sd,ks_i11_econ_hist_q,na,1984-10-01,2.7067136089791557
sd,ks_i11_econ_hist_q,na,1985-01-01,2.672815228283156
sd,ks_i11_econ_hist_q,na,1985-04-01,2.7647248004852427
sd,ks_i11_econ_hist_q,na,1985-07-01,2.693810735471578
sd,ks_i11_econ_hist_q,na,1985-10-01,2.5188332931738646
sd,ks_i11_econ_hist_q,na,1986-01-01,2.482329257417256
sd,ks_i11_econ_hist_q,na,1986-04-01,2.5894032527557216
sd,ks_i11_econ_hist_q,na,1986-07-01,2.7101653348475816
sd,ks_i11_econ_hist_q,na,1986-10-01,2.5131310857258686
sd,ks_i11_econ_hist_q,na,1987-01-01,2.3591606276197545
sd,ks_i11_econ_hist_q,na,1987-04-01,2.476445058739251
sd,ks_i11_econ_hist_q,na,1987-07-01,2.572113789310256
sd,ks_i11_econ_hist_q,na,1987-10-01,2.4750183263393657
sd,ks_i11_econ_hist_q,na,1988-01-01,2.531871326234785
sd,ks_i11_econ_hist_q,na,1988-04-01,2.4985548347773596
sd,ks_i11_econ_hist_q,na,1988-07-01,2.316615595577695
sd,ks_i11_econ_hist_q,na,1988-10-01,2.448454529986852
sd,ks_i11_econ_hist_q,na,1989-01-01,2.374800476190004
sd,ks_i11_econ_hist_q,na,1989-04-01,2.8463208632835055
sd,ks_i11_econ_hist_q,na,1989-07-01,2.8342407242484056
sd,ks_i11_econ_hist_q,na,1989-10-01,2.9430934047969477
sd,ks_i11_econ_hist_q,na,1990-01-01,3.1057486197170565
sd,ks_i11_econ_hist_q,na,1990-04-01,3.2420005833692978
sd,ks_i11_econ_hist_q,na,1990-07-01,2.9006936306508937
sd,ks_i11_econ_hist_q,na,1990-10-01,3.0407242760203914
sd,ks_i11_econ_hist_q,na,1991-01-01,2.826109447999317
sd,ks_i11_econ_hist_q,na,1991-04-01,2.7645284384923468
sd,ks_i11_econ_hist_q,na,1991-07-01,2.602172778776858
sd,ks_i11_econ_hist_q,na,1991-10-01,2.654332936998231
sd,ks_i11_econ_hist_q,na,1992-01-01,2.3889151899371117
sd,ks_i11_econ_hist_q,na,1992-04-01,2.7483209204407637
sd,ks_i11_econ_hist_q,na,1992-07-01,2.7099109993875508
sd,ks_i11_econ_hist_q,na,1992-10-01,2.520443783461269
sd,ks_i11_econ_hist_q,na,1993-01-01,2.4119641693270077
sd,ks_i11_econ_hist_q,na,1993-04-01,2.7508503773580055
sd,ks_i11_econ_hist_q,na,1993-07-01,2.5375360103011846
sd,ks_i11_econ_hist_q,na,1993-10-01,2.692895591293263
sd,ks_i11_econ_hist_q,na,1994-01-01,2.72956645586106
sd,ks_i11_econ_hist_q,na,1994-04-01,2.755032218548941
sd,ks_i11_econ_hist_q,na,1994-07-01,3.028965683829396
sd,ks_i11_econ_hist_q,na,1994-10-01,2.943624977429983
sd,ks_i11_econ_hist_q,na,1995-01-01,2.877072723197142
sd,ks_i11_econ_hist_q,na,1995-04-01,2.7892765286020187
sd,ks_i11_econ_hist_q,na,1995-07-01,2.7647579543894887
sd,ks_i11_econ_hist_q,na,1995-10-01,2.6521912770868696
sd,ks_i11_econ_hist_q,na,1996-01-01,2.656695173434912
sd,ks_i11_econ_hist_q,na,1996-04-01,2.3764869535096436
sd,ks_i11_econ_hist_q,na,1996-07-01,2.658405287989146
sd,ks_i11_econ_hist_q,na,1996-10-01,2.8596056725723584
sd,ks_i11_econ_hist_q,na,1997-01-01,2.909577995042601
sd,ks_i11_econ_hist_q,na,1997-04-01,2.7747579007618928
sd,ks_i11_econ_hist_q,na,1997-07-01,3.18283721364079
sd,ks_i11_econ_hist_q,na,1997-10-01,2.8950870641140183
sd,ks_i11_econ_hist_q,na,1998-01-01,2.9733820954388457
sd,ks_i11_econ_hist_q,na,1998-04-01,3.0168709067441757
sd,ks_i11_econ_hist_q,na,1998-07-01,2.9173930557630308
sd,ks_i11_econ_hist_q,na,1998-10-01,3.0335754959118835
sd,ks_i11_econ_hist_q,na,1999-01-01,2.794208087656292
sd,ks_i11_econ_hist_q,na,1999-04-01,2.827892448159448
sd,ks_i11_econ_hist_q,na,1999-07-01,2.7224220734014475
sd,ks_i11_econ_hist_q,na,1999-10-01,3.0214619834188534
sd,ks_i11_econ_hist_q,na,2000-01-01,2.9002820575804056
sd,ks_i11_econ_hist_q,na,2000-04-01,2.8235610832820046
sd,ks_i11_econ_hist_q,na,2000-07-01,3.1330902478320555
sd,ks_i11_econ_hist_q,na,2000-10-01,3.020780190743725
sd,ks_i11_econ_hist_q,na,2001-01-01,2.878427697968793
sd,ks_i11_econ_hist_q,na,2001-04-01,2.8897314487830705
sd,ks_i11_econ_hist_q,na,2001-07-01,3.055427378954125
sd,ks_i11_econ_hist_q,na,2001-10-01,2.916982440482703
sd,ks_i11_econ_hist_q,na,2002-01-01,2.6840839928530205
sd,ks_i11_econ_hist_q,na,2002-04-01,2.7394479166195027
sd,ks_i11_econ_hist_q,na,2002-07-01,2.741026373062117
sd,ks_i11_econ_hist_q,na,2002-10-01,2.7123173101432982
sd,ks_i11_econ_hist_q,na,2003-01-01,2.789958982005501
sd,ks_i11_econ_hist_q,na,2003-04-01,2.7385239154734182
sd,ks_i11_econ_hist_q,na,2003-07-01,2.8121011664353737
sd,ks_i11_econ_hist_q,na,2003-10-01,2.768720938521638
sd,ks_i11_econ_hist_q,na,2004-01-01,2.902087878410053
sd,ks_i11_econ_hist_q,na,2004-04-01,2.952337672079624
sd,ks_i11_econ_hist_q,na,2004-07-01,2.861746950135476
sd,ks_i11_econ_hist_q,na,2004-10-01,2.952263272302099
sd,ks_i11_econ_hist_q,na,2005-01-01,2.6155744478131195
sd,ks_i11_econ_hist_q,na,2005-04-01,2.8503250588131945
sd,ks_i11_econ_hist_q,na,2005-07-01,2.8444529680004487
sd,ks_i11_econ_hist_q,na,2005-10-01,2.783024909383635
sd,ks_i11_econ_hist_q,na,2006-01-01,2.8621224333567707
sd,ks_i11_econ_hist_q,na,2006-04-01,2.946761382402296
sd,ks_i11_econ_hist_q,na,2006-07-01,2.861951856664512
sd,ks_i11_econ_hist_q,na,2006-10-01,2.9359507295841585
sd,ks_i11_econ_hist_q,na,2007-01-01,3.0279015780108205
sd,ks_i11_econ_hist_q,na,2007-04-01,2.9359796793459103
sd,ks_i11_econ_hist_q,na,2007-07-01,2.961480110755209
sd,ks_i11_econ_hist_q,na,2007-10-01,3.0819277554156437
sd,ks_i11_econ_hist_q,na,2008-01-01,3.087407038401803
sd,ks_i11_econ_hist_q,na,2008-04-01,3.184964195581692
sd,ks_i11_econ_hist_q,na,2008-07-01,3.162872338040294
sd,ks_i11_econ_hist_q,na,2008-10-01,2.923996812664601
sd,ks_i11_econ_hist_q,na,2009-01-01,2.833051090153183
sd,ks_i11_econ_hist_q,na,2009-04-01,2.7349771733922013
sd,ks_i11_econ_hist_q,na,2009-07-01,2.840865211488156
sd,ks_i11_econ_hist_q,na,2009-10-01,2.9457776902165627
sd,ks_i11_econ_hist_q,na,2010-01-01,2.8250764679150344
sd,ks_i11_econ_hist_q,na,2010-04-01,3.203866425758755
sd,ks_i11_econ_hist_q,na,2010-07-01,2.947087729164316
sd,ks_i11_econ_hist_q,na,2010-10-01,2.8634623533029044
sd,ks_i11_econ_hist_q,na,2011-01-01,2.831182799799924
sd,ks_i11_econ_hist_q,na,2011-04-01,2.7671379798834677
sd,ks_i11_econ_hist_q,na,2011-07-01,2.6455887229689243
sd,ks_i11_econ_hist_q,na,2011-10-01,2.6426964062742453
sd,ks_i11_econ_hist_q,na,2012-01-01,2.5436213790884468
sd,ks_i11_econ_hist_q,na,2012-04-01,2.5198534716404737
sd,ks_i11_econ_hist_q,na,2012-07-01,2.573876359896437
sd,ks_i11_econ_hist_q,na,2012-10-01,2.3762196465144303
sd,ks_i11_econ_hist_q,na,2013-01-01,2.364969785704551
sd,ks_i11_econ_hist_q,na,2013-04-01,2.5427185465708737
sd,ks_i11_econ_hist_q,na,2013-07-01,2.4531274126623965
sd,ks_i11_econ_hist_q,na,2013-10-01,2.520140261649296
sd,ks_i11_econ_hist_q,na,2014-01-01,2.5294479253861324
sd,ks_i11_econ_hist_q,na,2014-04-01,2.4773429678009427
sd,ks_i11_econ_hist_q,na,2014-07-01,2.3475951886990143
sd,ks_i11_econ_hist_q,na,2014-10-01,2.1748740307473984
sd,ks_i11_econ_hist_q,na,2015-01-01,2.271448454737099
sd,ks_i11_econ_hist_q,na,2015-04-01,2.4774807359065503
sd,ks_i11_econ_hist_q,na,2015-07-01,2.564752640551784
sd,ks_i11_econ_hist_q,na,2015-10-01,2.553738593550871
sd,ks_i11_econ_hist_q,na,2016-01-01,2.34404415819629
sd,ks_i11_econ_hist_q,na,2016-04-01,2.5261233886787826
sd,ks_i11_econ_hist_q,na,2016-07-01,2.51759675636559
sd,ks_i11_econ_hist_q,na,2016-10-01,2.4808766987126205
sd,ks_i11_econ_hist_q,na,2017-01-01,2.399845891260845
sd,ks_i11_econ_hist_q,na,2017-04-01,2.577683683783163
sd,ks_i11_econ_hist_q,na,2017-07-01,2.517536238167957
sd,ks_i11_econ_hist_q,na,2017-10-01,2.6115658492768428
sd,ks_i11_econ_hist_q,na,2018-01-01,2.330147359743711
sd,ks_i11_econ_hist_q,na,2018-04-01,2.653495806734868
sd,ks_i11_econ_hist_q,na,2018-07-01,2.713501748955452
sd,ks_i11_econ_hist_q,na,2018-10-01,2.495391870659522
sd,ks_i11_econ_hist_q,na,2019-01-01,2.361558593116778
sd,ks_i11_econ_hist_q,na,2019-04-01,2.14886314367579
sd,ks_i11_econ_hist_q,na,2019-07-01,2.374399322339783
sd,ks_i11_econ_hist_q,na,2019-10-01,2.2537412633193226
sd,ks_i11_econ_hist_q,na,2020-01-01,2.339500104586085
sd,ks_i11_econ_hist_q,na,2020-04-01,2.6097537894474447
sd,ks_i11_econ_hist_q,na,2020-07-01,2.6088518278757404
sd,ks_i11_econ_hist_q,na,2020-10-01,2.461612671110827
sd,ks_i11_econ_hist_q,na,2021-01-01,2.372973695685089
sd,ks_i11_econ_hist_q,na,2021-04-01,2.5598141043626015
sd,ks_i11_econ_hist_q,na,2021-07-01,2.8870368814979392
sd,ks_i11_econ_hist_q,na,2021-10-01,2.9960721898768967
sd,ks_i11_econ_hist_q,na,2022-01-01,2.7129340864712597
sd,ks_i11_econ_hist_q,na,2022-04-01,2.835152279105927
sd,ks_i11_econ_hist_q,na,2022-07-01,2.842493655265526
sd,ks_i11_econ_hist_q,na,2022-10-01,2.902043471493029
sd,ks_i11_econ_hist_q,na,2023-01-01,2.7618923251303573
sd,ks_i11_econ_hist_q,na,2023-04-01,3.1804465666005663
sd,ks_i11_econ_hist_q,na,2023-07-01,3.2999286383134607
sd,ks_i11_econ_hist_q,na,2023-10-01,2.9447608090186086
sd,ks_i11_econ_hist_q,na,2024-01-01,1.665060175729594
sd,ks_i11_econ_hist_q,na,2024-04-01,1.827339416531415
sd,ks_i11_econ_hist_q,na,2024-07-01,1.8904459065161132
sd,ks_i11_econ_hist_q,na,2024-10-01,1.8147487653043477
sd,ks_i11_econ_hist_q,na,2025-01-01,1.6281746836728084
sd,ks_i11_econ_hist_q,na,2025-04-01,1.9543988117384743
sd,ks_i11_econ_hist_q,na,2025-07-01,1.7486495201613323
sd,ks_i11_econ_hist_q,na,2025-10-01,1.7415770333282556
sd,ks_i11_econ_hist_q,na,2026-01-01,1.726143016052568
sd,ks_i11_econ_hist_q,na,2026-04-01,1.7612966360222628
sd,ks_i12_econ_exp_q,na,1972-10-01,4.759830987958452
sd,ks_i12_econ_exp_q,na,1973-01-01,4.536640704089602
sd,ks_i12_econ_exp_q,na,1973-04-01,4.226352205365719
sd,ks_i12_econ_exp_q,na,1973-07-01,4.340116091187953
sd,ks_i12_econ_exp_q,na,1973-10-01,4.029260253618641
sd,ks_i12_econ_exp_q,na,1974-01-01,3.619643523176746
sd,ks_i12_econ_exp_q,na,1974-04-01,3.895903896394159
sd,ks_i12_econ_exp_q,na,1974-07-01,3.813788150389839
sd,ks_i12_econ_exp_q,na,1974-10-01,4.367862561312102
sd,ks_i12_econ_exp_q,na,1975-01-01,3.6442957217468703
sd,ks_i12_econ_exp_q,na,1975-04-01,4.36714336554906
sd,ks_i12_econ_exp_q,na,1975-07-01,3.9495422154649407
sd,ks_i12_econ_exp_q,na,1975-10-01,3.7287526793727137
sd,ks_i12_econ_exp_q,na,1976-01-01,3.5719800304014018
sd,ks_i12_econ_exp_q,na,1976-04-01,3.109674035636718
sd,ks_i12_econ_exp_q,na,1976-07-01,3.1548152146797275
sd,ks_i12_econ_exp_q,na,1976-10-01,3.085701814986858
sd,ks_i12_econ_exp_q,na,1977-01-01,3.3505327002013376
sd,ks_i12_econ_exp_q,na,1977-04-01,3.324282575999511
sd,ks_i12_econ_exp_q,na,1977-07-01,2.981804925328643
sd,ks_i12_econ_exp_q,na,1977-10-01,3.490836174037316
sd,ks_i12_econ_exp_q,na,1978-01-01,3.1348431558386283
sd,ks_i12_econ_exp_q,na,1978-04-01,3.403217146981658
sd,ks_i12_econ_exp_q,na,1978-07-01,3.4897273040377335
sd,ks_i12_econ_exp_q,na,1978-10-01,3.70182263377012
sd,ks_i12_econ_exp_q,na,1979-01-01,3.6347386282603504
sd,ks_i12_econ_exp_q,na,1979-04-01,3.520580725411582
sd,ks_i12_econ_exp_q,na,1979-07-01,3.6337239193433786
sd,ks_i12_econ_exp_q,na,1979-10-01,3.4997511150839253
sd,ks_i12_econ_exp_q,na,1980-01-01,2.9808267726562843
sd,ks_i12_econ_exp_q,na,1980-04-01,3.0870356007797595
sd,ks_i12_econ_exp_q,na,1980-07-01,2.8922203126437807
sd,ks_i12_econ_exp_q,na,1980-10-01,2.987338682696365
sd,ks_i12_econ_exp_q,na,1981-01-01,2.4269457884175387
sd,ks_i12_econ_exp_q,na,1981-04-01,2.4803698265140213
sd,ks_i12_econ_exp_q,na,1981-07-01,2.425512163494284
sd,ks_i12_econ_exp_q,na,1981-10-01,2.397418449575616
sd,ks_i12_econ_exp_q,na,1982-01-01,2.392499926791833
sd,ks_i12_econ_exp_q,na,1982-04-01,2.5511183275576417
sd,ks_i12_econ_exp_q,na,1982-07-01,2.483913640216989
sd,ks_i12_econ_exp_q,na,1982-10-01,2.741446759159481
sd,ks_i12_econ_exp_q,na,1983-01-01,2.4720259029706826
sd,ks_i12_econ_exp_q,na,1983-04-01,2.5838329944702467
sd,ks_i12_econ_exp_q,na,1983-07-01,2.5191680300997863
sd,ks_i12_econ_exp_q,na,1983-10-01,2.52573553517401
sd,ks_i12_econ_exp_q,na,1984-01-01,2.5116746314046816
sd,ks_i12_econ_exp_q,na,1984-04-01,2.4905967236388102
sd,ks_i12_econ_exp_q,na,1984-07-01,2.4475317190258834
sd,ks_i12_econ_exp_q,na,1984-10-01,2.4610353413467125
sd,ks_i12_econ_exp_q,na,1985-01-01,2.540684081563125
sd,ks_i12_econ_exp_q,na,1985-04-01,2.5356831409684384
sd,ks_i12_econ_exp_q,na,1985-07-01,2.3926071756685405
sd,ks_i12_econ_exp_q,na,1985-10-01,2.255937688348882
sd,ks_i12_econ_exp_q,na,1986-01-01,2.2792482067153172
sd,ks_i12_econ_exp_q,na,1986-04-01,2.280812729626954
sd,ks_i12_econ_exp_q,na,1986-07-01,2.4328663323510633
sd,ks_i12_econ_exp_q,na,1986-10-01,2.2611962558927283
sd,ks_i12_econ_exp_q,na,1987-01-01,2.1989470952358645
sd,ks_i12_econ_exp_q,na,1987-04-01,2.343325862026604
sd,ks_i12_econ_exp_q,na,1987-07-01,2.3205922592167374
sd,ks_i12_econ_exp_q,na,1987-10-01,2.4112423407935375
sd,ks_i12_econ_exp_q,na,1988-01-01,2.501412018393923
sd,ks_i12_econ_exp_q,na,1988-04-01,2.416899836906252
sd,ks_i12_econ_exp_q,na,1988-07-01,2.3286607698879753
sd,ks_i12_econ_exp_q,na,1988-10-01,2.3352220774880057
sd,ks_i12_econ_exp_q,na,1989-01-01,2.250632917849062
sd,ks_i12_econ_exp_q,na,1989-04-01,2.440874650445186
sd,ks_i12_econ_exp_q,na,1989-07-01,2.426685878645052
sd,ks_i12_econ_exp_q,na,1989-10-01,2.5194166848636694
sd,ks_i12_econ_exp_q,na,1990-01-01,2.8024278960748785
sd,ks_i12_econ_exp_q,na,1990-04-01,2.6779450196047714
sd,ks_i12_econ_exp_q,na,1990-07-01,2.46347847109065
sd,ks_i12_econ_exp_q,na,1990-10-01,2.694101190497794
sd,ks_i12_econ_exp_q,na,1991-01-01,2.4366948801603763
sd,ks_i12_econ_exp_q,na,1991-04-01,2.5847672765510383
sd,ks_i12_econ_exp_q,na,1991-07-01,2.5182586873691863
sd,ks_i12_econ_exp_q,na,1991-10-01,2.782940001969855
sd,ks_i12_econ_exp_q,na,1992-01-01,2.456970361893474
sd,ks_i12_econ_exp_q,na,1992-04-01,2.864472296798791
sd,ks_i12_econ_exp_q,na,1992-07-01,2.985239504984675
sd,ks_i12_econ_exp_q,na,1992-10-01,2.7796784838428676
sd,ks_i12_econ_exp_q,na,1993-01-01,2.72380313150532
sd,ks_i12_econ_exp_q,na,1993-04-01,2.8767223970777107
sd,ks_i12_econ_exp_q,na,1993-07-01,2.81426596972554
sd,ks_i12_econ_exp_q,na,1993-10-01,2.734438002461365
sd,ks_i12_econ_exp_q,na,1994-01-01,2.672628089187966
sd,ks_i12_econ_exp_q,na,1994-04-01,2.4046957996915808
sd,ks_i12_econ_exp_q,na,1994-07-01,2.668549624694481
sd,ks_i12_econ_exp_q,na,1994-10-01,2.8752527113802997
sd,ks_i12_econ_exp_q,na,1995-01-01,2.798734507441889
sd,ks_i12_econ_exp_q,na,1995-04-01,2.4079958681144116
sd,ks_i12_econ_exp_q,na,1995-07-01,2.435058947686433
sd,ks_i12_econ_exp_q,na,1995-10-01,2.476678806615677
sd,ks_i12_econ_exp_q,na,1996-01-01,2.496950555858858
sd,ks_i12_econ_exp_q,na,1996-04-01,2.360503284915903
sd,ks_i12_econ_exp_q,na,1996-07-01,2.78511072687019
sd,ks_i12_econ_exp_q,na,1996-10-01,2.8122020100000458
sd,ks_i12_econ_exp_q,na,1997-01-01,2.7859671612675685
sd,ks_i12_econ_exp_q,na,1997-04-01,2.7911763149124336
sd,ks_i12_econ_exp_q,na,1997-07-01,3.0057514692499914
sd,ks_i12_econ_exp_q,na,1997-10-01,2.774559271313694
sd,ks_i12_econ_exp_q,na,1998-01-01,2.785178577609014
sd,ks_i12_econ_exp_q,na,1998-04-01,2.8935363487684853
sd,ks_i12_econ_exp_q,na,1998-07-01,2.600838888365484
sd,ks_i12_econ_exp_q,na,1998-10-01,2.704103354993077
sd,ks_i12_econ_exp_q,na,1999-01-01,2.777641266160733
sd,ks_i12_econ_exp_q,na,1999-04-01,2.709518536682588
sd,ks_i12_econ_exp_q,na,1999-07-01,2.687468220297476
sd,ks_i12_econ_exp_q,na,1999-10-01,2.7867905034262
sd,ks_i12_econ_exp_q,na,2000-01-01,2.772754193122044
sd,ks_i12_econ_exp_q,na,2000-04-01,2.6750713474033576
sd,ks_i12_econ_exp_q,na,2000-07-01,2.7957562490840675
sd,ks_i12_econ_exp_q,na,2000-10-01,2.655831327642438
sd,ks_i12_econ_exp_q,na,2001-01-01,2.554701775635753
sd,ks_i12_econ_exp_q,na,2001-04-01,2.549370226541656
sd,ks_i12_econ_exp_q,na,2001-07-01,2.8090346137296835
sd,ks_i12_econ_exp_q,na,2001-10-01,2.9023129732944817
sd,ks_i12_econ_exp_q,na,2002-01-01,2.879433432759407
sd,ks_i12_econ_exp_q,na,2002-04-01,2.733174441490513
sd,ks_i12_econ_exp_q,na,2002-07-01,2.811536073150889
sd,ks_i12_econ_exp_q,na,2002-10-01,3.008122138278098
sd,ks_i12_econ_exp_q,na,2003-01-01,2.783677620789223
sd,ks_i12_econ_exp_q,na,2003-04-01,2.770393003771052
sd,ks_i12_econ_exp_q,na,2003-07-01,2.7499964495602627
sd,ks_i12_econ_exp_q,na,2003-10-01,2.818594609217517
sd,ks_i12_econ_exp_q,na,2004-01-01,2.675554715567684
sd,ks_i12_econ_exp_q,na,2004-04-01,2.550999190300979
sd,ks_i12_econ_exp_q,na,2004-07-01,2.7096618246371444
sd,ks_i12_econ_exp_q,na,2004-10-01,2.8503662079606853
sd,ks_i12_econ_exp_q,na,2005-01-01,2.5315754209370955
sd,ks_i12_econ_exp_q,na,2005-04-01,2.629588548551678
sd,ks_i12_econ_exp_q,na,2005-07-01,2.738008203641209
sd,ks_i12_econ_exp_q,na,2005-10-01,2.7347772688843857
sd,ks_i12_econ_exp_q,na,2006-01-01,2.707605560362315
sd,ks_i12_econ_exp_q,na,2006-04-01,2.701446376606455
sd,ks_i12_econ_exp_q,na,2006-07-01,2.721952054363915
sd,ks_i12_econ_exp_q,na,2006-10-01,2.5913578505251698
sd,ks_i12_econ_exp_q,na,2007-01-01,2.525651557421411
sd,ks_i12_econ_exp_q,na,2007-04-01,2.543132017103066
sd,ks_i12_econ_exp_q,na,2007-07-01,2.4584196673000283
sd,ks_i12_econ_exp_q,na,2007-10-01,2.636865825889567
sd,ks_i12_econ_exp_q,na,2008-01-01,2.65864179220618
sd,ks_i12_econ_exp_q,na,2008-04-01,2.7655682333723814
sd,ks_i12_econ_exp_q,na,2008-07-01,2.6398513764275564
sd,ks_i12_econ_exp_q,na,2008-10-01,2.919146595710041
sd,ks_i12_econ_exp_q,na,2009-01-01,2.904963832659931
sd,ks_i12_econ_exp_q,na,2009-04-01,3.102599031926361
sd,ks_i12_econ_exp_q,na,2009-07-01,3.083064708968563
sd,ks_i12_econ_exp_q,na,2009-10-01,3.0289956424983493
sd,ks_i12_econ_exp_q,na,2010-01-01,2.6420003573183175
sd,ks_i12_econ_exp_q,na,2010-04-01,2.8111682309564103
sd,ks_i12_econ_exp_q,na,2010-07-01,2.7363190336481544
sd,ks_i12_econ_exp_q,na,2010-10-01,2.550714079619823
sd,ks_i12_econ_exp_q,na,2011-01-01,2.5387738325052824
sd,ks_i12_econ_exp_q,na,2011-04-01,2.5613051987939586
sd,ks_i12_econ_exp_q,na,2011-07-01,2.5567830484056424
sd,ks_i12_econ_exp_q,na,2011-10-01,2.720678828469696
sd,ks_i12_econ_exp_q,na,2012-01-01,2.6612717553663456
sd,ks_i12_econ_exp_q,na,2012-04-01,2.5322272294414008
sd,ks_i12_econ_exp_q,na,2012-07-01,2.5735641396580737
sd,ks_i12_econ_exp_q,na,2012-10-01,2.4439481714019204
sd,ks_i12_econ_exp_q,na,2013-01-01,2.44881308992268
sd,ks_i12_econ_exp_q,na,2013-04-01,2.463080708000662
sd,ks_i12_econ_exp_q,na,2013-07-01,2.4715764607765776
sd,ks_i12_econ_exp_q,na,2013-10-01,2.5283307501735073
sd,ks_i12_econ_exp_q,na,2014-01-01,2.3948589341770816
sd,ks_i12_econ_exp_q,na,2014-04-01,2.4585232245971724
sd,ks_i12_econ_exp_q,na,2014-07-01,2.437928193512269
sd,ks_i12_econ_exp_q,na,2014-10-01,2.350199829262708
sd,ks_i12_econ_exp_q,na,2015-01-01,2.5560953580886503
sd,ks_i12_econ_exp_q,na,2015-04-01,2.5447025863023196
sd,ks_i12_econ_exp_q,na,2015-07-01,2.7111756512723626
sd,ks_i12_econ_exp_q,na,2015-10-01,2.6562949571249246
sd,ks_i12_econ_exp_q,na,2016-01-01,2.5096576382518356
sd,ks_i12_econ_exp_q,na,2016-04-01,2.591878109263337
sd,ks_i12_econ_exp_q,na,2016-07-01,2.7166169178485085
sd,ks_i12_econ_exp_q,na,2016-10-01,2.595811649972521
sd,ks_i12_econ_exp_q,na,2017-01-01,2.4223121797875913
sd,ks_i12_econ_exp_q,na,2017-04-01,2.5178527743810863
sd,ks_i12_econ_exp_q,na,2017-07-01,2.414581689923934
sd,ks_i12_econ_exp_q,na,2017-10-01,2.5416362713496445
sd,ks_i12_econ_exp_q,na,2018-01-01,2.2196730164996037
sd,ks_i12_econ_exp_q,na,2018-04-01,2.462307266265815
sd,ks_i12_econ_exp_q,na,2018-07-01,2.5482230013956393
sd,ks_i12_econ_exp_q,na,2018-10-01,2.311418107753993
sd,ks_i12_econ_exp_q,na,2019-01-01,2.354938063450661
sd,ks_i12_econ_exp_q,na,2019-04-01,2.268495714917335
sd,ks_i12_econ_exp_q,na,2019-07-01,2.2980099015129496
sd,ks_i12_econ_exp_q,na,2019-10-01,2.4130943158049116
sd,ks_i12_econ_exp_q,na,2020-01-01,2.365116100851103
sd,ks_i12_econ_exp_q,na,2020-04-01,2.883039405992302
sd,ks_i12_econ_exp_q,na,2020-07-01,3.046883090819213
sd,ks_i12_econ_exp_q,na,2020-10-01,2.957634590282488
sd,ks_i12_econ_exp_q,na,2021-01-01,2.9481971167980854
sd,ks_i12_econ_exp_q,na,2021-04-01,3.1602016090890297
sd,ks_i12_econ_exp_q,na,2021-07-01,2.742813979423675
sd,ks_i12_econ_exp_q,na,2021-10-01,2.7900483883189575
sd,ks_i12_econ_exp_q,na,2022-01-01,2.6012527579047604
sd,ks_i12_econ_exp_q,na,2022-04-01,3.0553986780739533
sd,ks_i12_econ_exp_q,na,2022-07-01,2.889195503989714
sd,ks_i12_econ_exp_q,na,2022-10-01,2.9327189038809114
sd,ks_i12_econ_exp_q,na,2023-01-01,2.8576335789755403
sd,ks_i12_econ_exp_q,na,2023-04-01,3.0279978076028193
sd,ks_i12_econ_exp_q,na,2023-07-01,2.955068682360964
sd,ks_i12_econ_exp_q,na,2023-10-01,3.121306921924223
sd,ks_i12_econ_exp_q,na,2024-01-01,1.6151690052910632
sd,ks_i12_econ_exp_q,na,2024-04-01,1.7383839389740878
sd,ks_i12_econ_exp_q,na,2024-07-01,1.7949890005296254
sd,ks_i12_econ_exp_q,na,2024-10-01,1.8125935540357672
sd,ks_i12_econ_exp_q,na,2025-01-01,1.6551299484551865
sd,ks_i12_econ_exp_q,na,2025-04-01,2.0054153416097047
sd,ks_i12_econ_exp_q,na,2025-07-01,1.8144158645834136
sd,ks_i12_econ_exp_q,na,2025-10-01,1.8223756591797269
sd,ks_i12_econ_exp_q,na,2026-01-01,1.7663405007880462
sd,ks_i12_econ_exp_q,na,2026-04-01,1.907498010284992
sd,ks_i21_price_hist_q,na,1972-10-01,2.267657634909953
sd,ks_i21_price_hist_q,na,1973-01-01,2.169485650392481
sd,ks_i21_price_hist_q,na,1973-04-01,2.265696697185841
sd,ks_i21_price_hist_q,na,1973-07-01,2.200008025201144
sd,ks_i21_price_hist_q,na,1973-10-01,2.033253229852983
sd,ks_i21_price_hist_q,na,1974-01-01,1.608862629000186
sd,ks_i21_price_hist_q,na,1974-04-01,1.948832209295597
sd,ks_i21_price_hist_q,na,1974-07-01,1.8681058524661929
sd,ks_i21_price_hist_q,na,1974-10-01,2.5643122653196677
sd,ks_i21_price_hist_q,na,1975-01-01,2.204563395398752
sd,ks_i21_price_hist_q,na,1975-04-01,3.617935796827977
sd,ks_i21_price_hist_q,na,1975-07-01,3.807724236257757
sd,ks_i21_price_hist_q,na,1975-10-01,3.14669307222622
sd,ks_i21_price_hist_q,na,1976-01-01,3.2634489077696216
sd,ks_i21_price_hist_q,na,1976-04-01,3.1888276766919574
sd,ks_i21_price_hist_q,na,1976-07-01,2.9363366080445696
sd,ks_i21_price_hist_q,na,1976-10-01,2.9373242792729877
sd,ks_i21_price_hist_q,na,1977-01-01,2.76598213992121
sd,ks_i21_price_hist_q,na,1977-04-01,2.9712497784089016
sd,ks_i21_price_hist_q,na,1977-07-01,2.5860746480461674
sd,ks_i21_price_hist_q,na,1977-10-01,2.9499523826529597
sd,ks_i21_price_hist_q,na,1978-01-01,2.575547457660781
sd,ks_i21_price_hist_q,na,1978-04-01,2.9595378650691204
sd,ks_i21_price_hist_q,na,1978-07-01,2.974249151489881
sd,ks_i21_price_hist_q,na,1978-10-01,2.9694729547277103
sd,ks_i21_price_hist_q,na,1979-01-01,2.943946321186215
sd,ks_i21_price_hist_q,na,1979-04-01,2.8659916175699895
sd,ks_i21_price_hist_q,na,1979-07-01,2.866562432574788
sd,ks_i21_price_hist_q,na,1979-10-01,2.6880555511623054
sd,ks_i21_price_hist_q,na,1980-01-01,2.287207523721184
sd,ks_i21_price_hist_q,na,1980-04-01,2.37296136183449
sd,ks_i21_price_hist_q,na,1980-07-01,2.351891219565489
sd,ks_i21_price_hist_q,na,1980-10-01,2.291725981700965
sd,ks_i21_price_hist_q,na,1981-01-01,1.8207775930210288
sd,ks_i21_price_hist_q,na,1981-04-01,1.758979090442939
sd,ks_i21_price_hist_q,na,1981-07-01,1.6598058052475235
sd,ks_i21_price_hist_q,na,1981-10-01,1.567831268715685
sd,ks_i21_price_hist_q,na,1982-01-01,1.7740753694558555
sd,ks_i21_price_hist_q,na,1982-04-01,1.866451362707216
sd,ks_i21_price_hist_q,na,1982-07-01,1.7344728915709484
sd,ks_i21_price_hist_q,na,1982-10-01,1.7700865913257284
sd,ks_i21_price_hist_q,na,1983-01-01,1.8954747640722849
sd,ks_i21_price_hist_q,na,1983-04-01,1.930822976245901
sd,ks_i21_price_hist_q,na,1983-07-01,1.7878341251542544
sd,ks_i21_price_hist_q,na,1983-10-01,1.9085522301626776
sd,ks_i21_price_hist_q,na,1984-01-01,1.8795575762009349
sd,ks_i21_price_hist_q,na,1984-04-01,1.736388443479865
sd,ks_i21_price_hist_q,na,1984-07-01,1.8411720393993083
sd,ks_i21_price_hist_q,na,1984-10-01,1.7264309984956892
sd,ks_i21_price_hist_q,na,1985-01-01,1.7997360254617003
sd,ks_i21_price_hist_q,na,1985-04-01,1.6756092541059953
sd,ks_i21_price_hist_q,na,1985-07-01,1.7499779860660245
sd,ks_i21_price_hist_q,na,1985-10-01,1.7097747892559658
sd,ks_i21_price_hist_q,na,1986-01-01,1.606736091313341
sd,ks_i21_price_hist_q,na,1986-04-01,1.867972295079965
sd,ks_i21_price_hist_q,na,1986-07-01,2.125456131202733
sd,ks_i21_price_hist_q,na,1986-10-01,2.1120460546237885
sd,ks_i21_price_hist_q,na,1987-01-01,1.9429162108818432
sd,ks_i21_price_hist_q,na,1987-04-01,2.0347714809584643
sd,ks_i21_price_hist_q,na,1987-07-01,1.9550293093210975
sd,ks_i21_price_hist_q,na,1987-10-01,1.807879331267444
sd,ks_i21_price_hist_q,na,1988-01-01,1.801132639857189
sd,ks_i21_price_hist_q,na,1988-04-01,1.7014882655632055
sd,ks_i21_price_hist_q,na,1988-07-01,1.766281573108279
sd,ks_i21_price_hist_q,na,1988-10-01,1.7611962339735456
sd,ks_i21_price_hist_q,na,1989-01-01,1.6169160002828342
sd,ks_i21_price_hist_q,na,1989-04-01,1.7301546328739197
sd,ks_i21_price_hist_q,na,1989-07-01,1.7817434388451463
sd,ks_i21_price_hist_q,na,1989-10-01,1.8664158852498445
sd,ks_i21_price_hist_q,na,1990-01-01,1.6640086964855438
sd,ks_i21_price_hist_q,na,1990-04-01,1.727600549899378
sd,ks_i21_price_hist_q,na,1990-07-01,1.735859885808727
sd,ks_i21_price_hist_q,na,1990-10-01,1.6664938105256135
sd,ks_i21_price_hist_q,na,1991-01-01,1.668982461721359
sd,ks_i21_price_hist_q,na,1991-04-01,1.6998253404077546
sd,ks_i21_price_hist_q,na,1991-07-01,1.6730584221834637
sd,ks_i21_price_hist_q,na,1991-10-01,1.755334487231913
sd,ks_i21_price_hist_q,na,1992-01-01,1.6496785161411922
sd,ks_i21_price_hist_q,na,1992-04-01,1.915918670442463
sd,ks_i21_price_hist_q,na,1992-07-01,2.043344650957159
sd,ks_i21_price_hist_q,na,1992-10-01,2.1713534881377403
sd,ks_i21_price_hist_q,na,1993-01-01,2.1239146085248266
sd,ks_i21_price_hist_q,na,1993-04-01,2.324269351009514
sd,ks_i21_price_hist_q,na,1993-07-01,2.2334288267420783
sd,ks_i21_price_hist_q,na,1993-10-01,2.4525378661642994
sd,ks_i21_price_hist_q,na,1994-01-01,2.345311570128311
sd,ks_i21_price_hist_q,na,1994-04-01,2.3832724125824623
sd,ks_i21_price_hist_q,na,1994-07-01,2.3530138568419594
sd,ks_i21_price_hist_q,na,1994-10-01,2.2691242454433147
sd,ks_i21_price_hist_q,na,1995-01-01,2.0531242242521537
sd,ks_i21_price_hist_q,na,1995-04-01,2.033053633920676
sd,ks_i21_price_hist_q,na,1995-07-01,2.1441309003000675
sd,ks_i21_price_hist_q,na,1995-10-01,2.190269386584446
sd,ks_i21_price_hist_q,na,1996-01-01,2.3192358114754663
sd,ks_i21_price_hist_q,na,1996-04-01,2.228537067845185
sd,ks_i21_price_hist_q,na,1996-07-01,2.475338298807735
sd,ks_i21_price_hist_q,na,1996-10-01,2.6686672716548774
sd,ks_i21_price_hist_q,na,1997-01-01,2.7218142242491994
sd,ks_i21_price_hist_q,na,1997-04-01,2.726522439620698
sd,ks_i21_price_hist_q,na,1997-07-01,2.590209901491701
sd,ks_i21_price_hist_q,na,1997-10-01,2.34500007553378
sd,ks_i21_price_hist_q,na,1998-01-01,2.2560189950784615
sd,ks_i21_price_hist_q,na,1998-04-01,2.261721960147615
sd,ks_i21_price_hist_q,na,1998-07-01,2.27808296108892
sd,ks_i21_price_hist_q,na,1998-10-01,2.10915692588026
sd,ks_i21_price_hist_q,na,1999-01-01,2.105461682693669
sd,ks_i21_price_hist_q,na,1999-04-01,2.1533456450833133
sd,ks_i21_price_hist_q,na,1999-07-01,2.2180317576518074
sd,ks_i21_price_hist_q,na,1999-10-01,2.228455115180613
sd,ks_i21_price_hist_q,na,2000-01-01,2.307688972095077
sd,ks_i21_price_hist_q,na,2000-04-01,2.16217480273908
sd,ks_i21_price_hist_q,na,2000-07-01,2.177249927980049
sd,ks_i21_price_hist_q,na,2000-10-01,2.1877386607203273
sd,ks_i21_price_hist_q,na,2001-01-01,2.210010511467831
sd,ks_i21_price_hist_q,na,2001-04-01,2.0836085553698593
sd,ks_i21_price_hist_q,na,2001-07-01,2.1091003335529006
sd,ks_i21_price_hist_q,na,2001-10-01,2.136579620194995
sd,ks_i21_price_hist_q,na,2002-01-01,2.186074376977449
sd,ks_i21_price_hist_q,na,2002-04-01,1.8829742934708804
sd,ks_i21_price_hist_q,na,2002-07-01,2.178726301913706
sd,ks_i21_price_hist_q,na,2002-10-01,2.203679219343914
sd,ks_i21_price_hist_q,na,2003-01-01,2.265259784007733
sd,ks_i21_price_hist_q,na,2003-04-01,2.255987960992698
sd,ks_i21_price_hist_q,na,2003-07-01,2.387757499710766
sd,ks_i21_price_hist_q,na,2003-10-01,2.120101862517775
sd,ks_i21_price_hist_q,na,2004-01-01,2.167635478901711
sd,ks_i21_price_hist_q,na,2004-04-01,2.244493759106744
sd,ks_i21_price_hist_q,na,2004-07-01,2.271384960835998
sd,ks_i21_price_hist_q,na,2004-10-01,2.2148142590472677
sd,ks_i21_price_hist_q,na,2005-01-01,2.297050222643481
sd,ks_i21_price_hist_q,na,2005-04-01,2.578415874725677
sd,ks_i21_price_hist_q,na,2005-07-01,2.59503878462022
sd,ks_i21_price_hist_q,na,2005-10-01,2.508344058363708
sd,ks_i21_price_hist_q,na,2006-01-01,2.5140476985825244
sd,ks_i21_price_hist_q,na,2006-04-01,2.4457142713438005
sd,ks_i21_price_hist_q,na,2006-07-01,2.5069487826930117
sd,ks_i21_price_hist_q,na,2006-10-01,2.3762250579300015
sd,ks_i21_price_hist_q,na,2007-01-01,2.423966997631888
sd,ks_i21_price_hist_q,na,2007-04-01,2.224831446549447
sd,ks_i21_price_hist_q,na,2007-07-01,2.344383778589102
sd,ks_i21_price_hist_q,na,2007-10-01,2.1689802398226448
sd,ks_i21_price_hist_q,na,2008-01-01,2.1882213771327863
sd,ks_i21_price_hist_q,na,2008-04-01,2.1650805429585427
sd,ks_i21_price_hist_q,na,2008-07-01,2.1987990273805993
sd,ks_i21_price_hist_q,na,2008-10-01,2.142397695951661
sd,ks_i21_price_hist_q,na,2009-01-01,2.8587991605706087
sd,ks_i21_price_hist_q,na,2009-04-01,2.734107255126786
sd,ks_i21_price_hist_q,na,2009-07-01,2.726269696258774
sd,ks_i21_price_hist_q,na,2009-10-01,2.7861499496241535
sd,ks_i21_price_hist_q,na,2010-01-01,2.555031779838871
sd,ks_i21_price_hist_q,na,2010-04-01,2.4929207515134615
sd,ks_i21_price_hist_q,na,2010-07-01,2.5455319156606024
sd,ks_i21_price_hist_q,na,2010-10-01,2.42243239432859
sd,ks_i21_price_hist_q,na,2011-01-01,2.721394706957251
sd,ks_i21_price_hist_q,na,2011-04-01,2.4177721911184955
sd,ks_i21_price_hist_q,na,2011-07-01,2.4230715345788885
sd,ks_i21_price_hist_q,na,2011-10-01,2.698995770827341
sd,ks_i21_price_hist_q,na,2012-01-01,2.6159661948667026
sd,ks_i21_price_hist_q,na,2012-04-01,2.6600409390301096
sd,ks_i21_price_hist_q,na,2012-07-01,2.6340812071352726
sd,ks_i21_price_hist_q,na,2012-10-01,2.5215322581380923
sd,ks_i21_price_hist_q,na,2013-01-01,2.444192728192289
sd,ks_i21_price_hist_q,na,2013-04-01,2.4287379920405434
sd,ks_i21_price_hist_q,na,2013-07-01,2.408272786277983
sd,ks_i21_price_hist_q,na,2013-10-01,2.30218652909492
sd,ks_i21_price_hist_q,na,2014-01-01,2.162265383490874
sd,ks_i21_price_hist_q,na,2014-04-01,2.3604256461401936
sd,ks_i21_price_hist_q,na,2014-07-01,2.279178239406761
sd,ks_i21_price_hist_q,na,2014-10-01,2.2747600481756858
sd,ks_i21_price_hist_q,na,2015-01-01,2.4691850393942327
sd,ks_i21_price_hist_q,na,2015-04-01,2.768476877938281
sd,ks_i21_price_hist_q,na,2015-07-01,2.8033765926534437
sd,ks_i21_price_hist_q,na,2015-10-01,2.7499575946788837
sd,ks_i21_price_hist_q,na,2016-01-01,2.529016661159456
sd,ks_i21_price_hist_q,na,2016-04-01,2.5718398399066107
sd,ks_i21_price_hist_q,na,2016-07-01,2.596860948677147
sd,ks_i21_price_hist_q,na,2016-10-01,2.4966909333918417
sd,ks_i21_price_hist_q,na,2017-01-01,2.4127334890787098
sd,ks_i21_price_hist_q,na,2017-04-01,2.44517805948763
sd,ks_i21_price_hist_q,na,2017-07-01,2.3179215594005584
sd,ks_i21_price_hist_q,na,2017-10-01,2.3582803224797995
sd,ks_i21_price_hist_q,na,2018-01-01,2.125058297949706
sd,ks_i21_price_hist_q,na,2018-04-01,2.249862218031457
sd,ks_i21_price_hist_q,na,2018-07-01,2.2275642459087996
sd,ks_i21_price_hist_q,na,2018-10-01,2.063078136366065
sd,ks_i21_price_hist_q,na,2019-01-01,2.0262279736586657
sd,ks_i21_price_hist_q,na,2019-04-01,2.092332027731451
sd,ks_i21_price_hist_q,na,2019-07-01,2.1569290660324256
sd,ks_i21_price_hist_q,na,2019-10-01,2.0992506456009306
sd,ks_i21_price_hist_q,na,2020-01-01,2.0210636853825754
sd,ks_i21_price_hist_q,na,2020-04-01,1.5676298650542582
sd,ks_i21_price_hist_q,na,2020-07-01,1.973758644274849
sd,ks_i21_price_hist_q,na,2020-10-01,1.8502420310562795
sd,ks_i21_price_hist_q,na,2021-01-01,1.732720931303278
sd,ks_i21_price_hist_q,na,2021-04-01,1.9039508063815855
sd,ks_i21_price_hist_q,na,2021-07-01,2.076474074699167
sd,ks_i21_price_hist_q,na,2021-10-01,2.119304080978857
sd,ks_i21_price_hist_q,na,2022-01-01,1.914082243894321
sd,ks_i21_price_hist_q,na,2022-04-01,1.7970690392207906
sd,ks_i21_price_hist_q,na,2022-07-01,1.7960443111786493
sd,ks_i21_price_hist_q,na,2022-10-01,1.8482719811924095
sd,ks_i21_price_hist_q,na,2023-01-01,1.7274165262381398
sd,ks_i21_price_hist_q,na,2023-04-01,1.8790985597529024
sd,ks_i21_price_hist_q,na,2023-07-01,1.9934735781926545
sd,ks_i21_price_hist_q,na,2023-10-01,1.7939112144705218
sd,ks_i21_price_hist_q,na,2024-01-01,1.0558597988324463
sd,ks_i21_price_hist_q,na,2024-04-01,1.2365318976557285
sd,ks_i21_price_hist_q,na,2024-07-01,1.2905454677984405
sd,ks_i21_price_hist_q,na,2024-10-01,1.3869619527247072
sd,ks_i21_price_hist_q,na,2025-01-01,1.2898249668753812
sd,ks_i21_price_hist_q,na,2025-04-01,1.5649055317906175
sd,ks_i21_price_hist_q,na,2025-07-01,1.4510741310696156
sd,ks_i21_price_hist_q,na,2025-10-01,1.399649837752052
sd,ks_i21_price_hist_q,na,2026-01-01,1.3592262899799747
sd,ks_i21_price_hist_q,na,2026-04-01,1.331644271753177
sd,ks_i22_price_exp_q,na,1972-10-01,3.0015769108956225
sd,ks_i22_price_exp_q,na,1973-01-01,3.381630631112735
sd,ks_i22_price_exp_q,na,1973-04-01,3.0229373830021857
sd,ks_i22_price_exp_q,na,1973-07-01,3.115939985291649
sd,ks_i22_price_exp_q,na,1973-10-01,2.6669725458098132
sd,ks_i22_price_exp_q,na,1974-01-01,3.0044925909678226
sd,ks_i22_price_exp_q,na,1974-04-01,3.1998982119169286
sd,ks_i22_price_exp_q,na,1974-07-01,3.032363093561302
sd,ks_i22_price_exp_q,na,1974-10-01,3.2488244959086794
sd,ks_i22_price_exp_q,na,1975-01-01,3.041753327752245
sd,ks_i22_price_exp_q,na,1975-04-01,3.9633710258132937
sd,ks_i22_price_exp_q,na,1975-07-01,3.472629544838816
sd,ks_i22_price_exp_q,na,1975-10-01,3.0928445922624075
sd,ks_i22_price_exp_q,na,1976-01-01,2.89252607510824
sd,ks_i22_price_exp_q,na,1976-04-01,2.74773900875916
sd,ks_i22_price_exp_q,na,1976-07-01,3.0643463317534225
sd,ks_i22_price_exp_q,na,1976-10-01,2.813434886833517
sd,ks_i22_price_exp_q,na,1977-01-01,2.7455668446165675
sd,ks_i22_price_exp_q,na,1977-04-01,2.642462344946327
sd,ks_i22_price_exp_q,na,1977-07-01,2.6292851157455344
sd,ks_i22_price_exp_q,na,1977-10-01,2.695223047692678
sd,ks_i22_price_exp_q,na,1978-01-01,2.6817475286839985
sd,ks_i22_price_exp_q,na,1978-04-01,2.832099636525197
sd,ks_i22_price_exp_q,na,1978-07-01,3.0775045230982547
sd,ks_i22_price_exp_q,na,1978-10-01,2.8895699081540376
sd,ks_i22_price_exp_q,na,1979-01-01,3.0479129061950294
sd,ks_i22_price_exp_q,na,1979-04-01,2.837525422161969
sd,ks_i22_price_exp_q,na,1979-07-01,2.86279274287543
sd,ks_i22_price_exp_q,na,1979-10-01,2.668080920791118
sd,ks_i22_price_exp_q,na,1980-01-01,2.2568056508238747
sd,ks_i22_price_exp_q,na,1980-04-01,2.4388485906948
sd,ks_i22_price_exp_q,na,1980-07-01,2.369557553659667
sd,ks_i22_price_exp_q,na,1980-10-01,2.3931787482367564
sd,ks_i22_price_exp_q,na,1981-01-01,1.9213574509087996
sd,ks_i22_price_exp_q,na,1981-04-01,2.1346362562426404
sd,ks_i22_price_exp_q,na,1981-07-01,2.0186540339138146
sd,ks_i22_price_exp_q,na,1981-10-01,2.0976600714440328
sd,ks_i22_price_exp_q,na,1982-01-01,2.168486648482826
sd,ks_i22_price_exp_q,na,1982-04-01,2.164749792551274
sd,ks_i22_price_exp_q,na,1982-07-01,2.0855477619758265
sd,ks_i22_price_exp_q,na,1982-10-01,1.898669656261283
sd,ks_i22_price_exp_q,na,1983-01-01,2.177349554141335
sd,ks_i22_price_exp_q,na,1983-04-01,1.8929784042327789
sd,ks_i22_price_exp_q,na,1983-07-01,1.8160726511344667
sd,ks_i22_price_exp_q,na,1983-10-01,1.9629627505006797
sd,ks_i22_price_exp_q,na,1984-01-01,1.782082139870134
sd,ks_i22_price_exp_q,na,1984-04-01,1.791236524796923
sd,ks_i22_price_exp_q,na,1984-07-01,1.7510106318217118
sd,ks_i22_price_exp_q,na,1984-10-01,1.791359297358455
sd,ks_i22_price_exp_q,na,1985-01-01,1.9004162849126096
sd,ks_i22_price_exp_q,na,1985-04-01,1.757246534601783
sd,ks_i22_price_exp_q,na,1985-07-01,1.7986882321772568
sd,ks_i22_price_exp_q,na,1985-10-01,1.7272355322342747
sd,ks_i22_price_exp_q,na,1986-01-01,1.675271279366757
sd,ks_i22_price_exp_q,na,1986-04-01,1.8853866997058395
sd,ks_i22_price_exp_q,na,1986-07-01,1.9797469680420787
sd,ks_i22_price_exp_q,na,1986-10-01,1.8536339408989777
sd,ks_i22_price_exp_q,na,1987-01-01,1.8655768327283144
sd,ks_i22_price_exp_q,na,1987-04-01,1.9474165822645384
sd,ks_i22_price_exp_q,na,1987-07-01,1.7986880571486294
sd,ks_i22_price_exp_q,na,1987-10-01,1.7877703568641734
sd,ks_i22_price_exp_q,na,1988-01-01,1.8911988089694896
sd,ks_i22_price_exp_q,na,1988-04-01,1.6896015463992895
sd,ks_i22_price_exp_q,na,1988-07-01,1.7166694036453842
sd,ks_i22_price_exp_q,na,1988-10-01,1.7763536336513404
sd,ks_i22_price_exp_q,na,1989-01-01,1.6648064593900322
sd,ks_i22_price_exp_q,na,1989-04-01,1.971308989092062
sd,ks_i22_price_exp_q,na,1989-07-01,2.006029678201887
sd,ks_i22_price_exp_q,na,1989-10-01,1.811529963571494
sd,ks_i22_price_exp_q,na,1990-01-01,1.9289236506499696
sd,ks_i22_price_exp_q,na,1990-04-01,2.1132996711232783
sd,ks_i22_price_exp_q,na,1990-07-01,2.0314420486567832
sd,ks_i22_price_exp_q,na,1990-10-01,2.033544194199125
sd,ks_i22_price_exp_q,na,1991-01-01,2.063647018134334
sd,ks_i22_price_exp_q,na,1991-04-01,2.0034210943863666
sd,ks_i22_price_exp_q,na,1991-07-01,1.970449961627898
sd,ks_i22_price_exp_q,na,1991-10-01,2.1407898260404
sd,ks_i22_price_exp_q,na,1992-01-01,1.8570766913718764
sd,ks_i22_price_exp_q,na,1992-04-01,2.0278751788053486
sd,ks_i22_price_exp_q,na,1992-07-01,2.1238295933483906
sd,ks_i22_price_exp_q,na,1992-10-01,2.2370536472636893
sd,ks_i22_price_exp_q,na,1993-01-01,2.2389616045868492
sd,ks_i22_price_exp_q,na,1993-04-01,2.1414348113292165
sd,ks_i22_price_exp_q,na,1993-07-01,2.168188030884164
sd,ks_i22_price_exp_q,na,1993-10-01,2.132068197145662
sd,ks_i22_price_exp_q,na,1994-01-01,2.111821418746328
sd,ks_i22_price_exp_q,na,1994-04-01,1.9889530207917432
sd,ks_i22_price_exp_q,na,1994-07-01,2.156610786314382
sd,ks_i22_price_exp_q,na,1994-10-01,2.379880315287659
sd,ks_i22_price_exp_q,na,1995-01-01,1.881247413055851
sd,ks_i22_price_exp_q,na,1995-04-01,2.086301546477448
sd,ks_i22_price_exp_q,na,1995-07-01,2.166437332781069
sd,ks_i22_price_exp_q,na,1995-10-01,2.094661276337944
sd,ks_i22_price_exp_q,na,1996-01-01,2.126914847862199
sd,ks_i22_price_exp_q,na,1996-04-01,2.0150563467946947
sd,ks_i22_price_exp_q,na,1996-07-01,2.3085813137105275
sd,ks_i22_price_exp_q,na,1996-10-01,2.6232043102618525
sd,ks_i22_price_exp_q,na,1997-01-01,2.4214048352189868
sd,ks_i22_price_exp_q,na,1997-04-01,2.4025065327030317
sd,ks_i22_price_exp_q,na,1997-07-01,2.379062913295632
sd,ks_i22_price_exp_q,na,1997-10-01,2.3080459971995384
sd,ks_i22_price_exp_q,na,1998-01-01,2.1183901928664852
sd,ks_i22_price_exp_q,na,1998-04-01,2.1959038101669983
sd,ks_i22_price_exp_q,na,1998-07-01,2.080171654459743
sd,ks_i22_price_exp_q,na,1998-10-01,2.2661620708557
sd,ks_i22_price_exp_q,na,1999-01-01,2.1867651419231726
sd,ks_i22_price_exp_q,na,1999-04-01,2.096979215291093
sd,ks_i22_price_exp_q,na,1999-07-01,2.264326194756712
sd,ks_i22_price_exp_q,na,1999-10-01,2.2433155610764324
sd,ks_i22_price_exp_q,na,2000-01-01,2.182798438176886
sd,ks_i22_price_exp_q,na,2000-04-01,2.1790932526307047
sd,ks_i22_price_exp_q,na,2000-07-01,2.192957680099962
sd,ks_i22_price_exp_q,na,2000-10-01,2.2729218521178622
sd,ks_i22_price_exp_q,na,2001-01-01,2.2157019383321677
sd,ks_i22_price_exp_q,na,2001-04-01,2.0998207845532737
sd,ks_i22_price_exp_q,na,2001-07-01,2.1671977547186145
sd,ks_i22_price_exp_q,na,2001-10-01,2.2022628194290026
sd,ks_i22_price_exp_q,na,2002-01-01,2.2073524995678553
sd,ks_i22_price_exp_q,na,2002-04-01,1.9306521827239376
sd,ks_i22_price_exp_q,na,2002-07-01,2.127883654598856
sd,ks_i22_price_exp_q,na,2002-10-01,2.1717710687045626
sd,ks_i22_price_exp_q,na,2003-01-01,2.106042926693705
sd,ks_i22_price_exp_q,na,2003-04-01,2.114894890322613
sd,ks_i22_price_exp_q,na,2003-07-01,2.115416951269666
sd,ks_i22_price_exp_q,na,2003-10-01,2.0288073992555016
sd,ks_i22_price_exp_q,na,2004-01-01,1.9705280088391788
sd,ks_i22_price_exp_q,na,2004-04-01,2.0912587183435165
sd,ks_i22_price_exp_q,na,2004-07-01,2.2834165855342543
sd,ks_i22_price_exp_q,na,2004-10-01,2.235719598590527
sd,ks_i22_price_exp_q,na,2005-01-01,2.356050275412969
sd,ks_i22_price_exp_q,na,2005-04-01,2.541022796888849
sd,ks_i22_price_exp_q,na,2005-07-01,2.409860757808764
sd,ks_i22_price_exp_q,na,2005-10-01,2.493065980540566
sd,ks_i22_price_exp_q,na,2006-01-01,2.372088312636753
sd,ks_i22_price_exp_q,na,2006-04-01,2.304636525303528
sd,ks_i22_price_exp_q,na,2006-07-01,2.4264289692616163
sd,ks_i22_price_exp_q,na,2006-10-01,2.177090652282492
sd,ks_i22_price_exp_q,na,2007-01-01,2.2988900191977435
sd,ks_i22_price_exp_q,na,2007-04-01,2.215492031788013
sd,ks_i22_price_exp_q,na,2007-07-01,2.182353320645988
sd,ks_i22_price_exp_q,na,2007-10-01,2.077995914461194
sd,ks_i22_price_exp_q,na,2008-01-01,2.0612114777595254
sd,ks_i22_price_exp_q,na,2008-04-01,2.054118280292791
sd,ks_i22_price_exp_q,na,2008-07-01,2.1541275829446125
sd,ks_i22_price_exp_q,na,2008-10-01,2.351350835363455
sd,ks_i22_price_exp_q,na,2009-01-01,2.829236084398669
sd,ks_i22_price_exp_q,na,2009-04-01,2.647610735331887
sd,ks_i22_price_exp_q,na,2009-07-01,2.5574683999060115
sd,ks_i22_price_exp_q,na,2009-10-01,2.5042081539949237
sd,ks_i22_price_exp_q,na,2010-01-01,2.296078903164295
sd,ks_i22_price_exp_q,na,2010-04-01,2.1970216685460757
sd,ks_i22_price_exp_q,na,2010-07-01,2.387686934204979
sd,ks_i22_price_exp_q,na,2010-10-01,2.279210687327544
sd,ks_i22_price_exp_q,na,2011-01-01,2.47316235884556
sd,ks_i22_price_exp_q,na,2011-04-01,2.2204148459148025
sd,ks_i22_price_exp_q,na,2011-07-01,2.458851021005133
sd,ks_i22_price_exp_q,na,2011-10-01,2.501495490274714
sd,ks_i22_price_exp_q,na,2012-01-01,2.347520513647864
sd,ks_i22_price_exp_q,na,2012-04-01,2.343800784273002
sd,ks_i22_price_exp_q,na,2012-07-01,2.397062054893771
sd,ks_i22_price_exp_q,na,2012-10-01,2.264213042385328
sd,ks_i22_price_exp_q,na,2013-01-01,2.146999707801772
sd,ks_i22_price_exp_q,na,2013-04-01,2.247126435519932
sd,ks_i22_price_exp_q,na,2013-07-01,2.2083537381515677
sd,ks_i22_price_exp_q,na,2013-10-01,2.0685675306270777
sd,ks_i22_price_exp_q,na,2014-01-01,2.017687435389564
sd,ks_i22_price_exp_q,na,2014-04-01,2.183386092872695
sd,ks_i22_price_exp_q,na,2014-07-01,1.9687840851344824
sd,ks_i22_price_exp_q,na,2014-10-01,2.1791466403322413
sd,ks_i22_price_exp_q,na,2015-01-01,2.5658989183363405
sd,ks_i22_price_exp_q,na,2015-04-01,2.4794333425046853
sd,ks_i22_price_exp_q,na,2015-07-01,2.4998505860825713
sd,ks_i22_price_exp_q,na,2015-10-01,2.4240224322793806
sd,ks_i22_price_exp_q,na,2016-01-01,2.175535912168052
sd,ks_i22_price_exp_q,na,2016-04-01,2.2665400035767016
sd,ks_i22_price_exp_q,na,2016-07-01,2.424002434849468
sd,ks_i22_price_exp_q,na,2016-10-01,2.364103972544236
sd,ks_i22_price_exp_q,na,2017-01-01,2.098106847466356
sd,ks_i22_price_exp_q,na,2017-04-01,2.124155886783276
sd,ks_i22_price_exp_q,na,2017-07-01,2.159410766313145
sd,ks_i22_price_exp_q,na,2017-10-01,2.2885142938014766
sd,ks_i22_price_exp_q,na,2018-01-01,2.0049380991748618
sd,ks_i22_price_exp_q,na,2018-04-01,2.075011542845508
sd,ks_i22_price_exp_q,na,2018-07-01,2.137871941628923
sd,ks_i22_price_exp_q,na,2018-10-01,1.9607787468501576
sd,ks_i22_price_exp_q,na,2019-01-01,1.923171384913362
sd,ks_i22_price_exp_q,na,2019-04-01,1.9357787683366432
sd,ks_i22_price_exp_q,na,2019-07-01,1.9855629250475664
sd,ks_i22_price_exp_q,na,2019-10-01,2.139008797281198
sd,ks_i22_price_exp_q,na,2020-01-01,1.9515962590537304
sd,ks_i22_price_exp_q,na,2020-04-01,2.116342686447476
sd,ks_i22_price_exp_q,na,2020-07-01,2.2217098450355897
sd,ks_i22_price_exp_q,na,2020-10-01,2.0175559270228405
sd,ks_i22_price_exp_q,na,2021-01-01,1.9657568676540171
sd,ks_i22_price_exp_q,na,2021-04-01,1.9772841421906029
sd,ks_i22_price_exp_q,na,2021-07-01,2.0388345046556133
sd,ks_i22_price_exp_q,na,2021-10-01,2.070158685485316
sd,ks_i22_price_exp_q,na,2022-01-01,1.900857466099766
sd,ks_i22_price_exp_q,na,2022-04-01,2.031594552889658
sd,ks_i22_price_exp_q,na,2022-07-01,1.998982242094849
sd,ks_i22_price_exp_q,na,2022-10-01,2.305903931268318
sd,ks_i22_price_exp_q,na,2023-01-01,2.149498291205007
sd,ks_i22_price_exp_q,na,2023-04-01,2.377485748230584
sd,ks_i22_price_exp_q,na,2023-07-01,2.4081447080079696
sd,ks_i22_price_exp_q,na,2023-10-01,2.279484463165203
sd,ks_i22_price_exp_q,na,2024-01-01,1.2297275146219206
sd,ks_i22_price_exp_q,na,2024-04-01,1.3682159075930864
sd,ks_i22_price_exp_q,na,2024-07-01,1.3660342380896953
sd,ks_i22_price_exp_q,na,2024-10-01,1.4416647147644377
sd,ks_i22_price_exp_q,na,2025-01-01,1.3016769145187674
sd,ks_i22_price_exp_q,na,2025-04-01,1.4960723560616591
sd,ks_i22_price_exp_q,na,2025-07-01,1.3622567754481163
sd,ks_i22_price_exp_q,na,2025-10-01,1.3352837067588903
sd,ks_i22_price_exp_q,na,2026-01-01,1.3059611747713054
sd,ks_i22_price_exp_q,na,2026-04-01,1.324351091788052
sd,ks_i31_job_secure_q,na,1972-10-01,4.804584260141583
sd,ks_i31_job_secure_q,na,1973-01-01,4.455823577702012
sd,ks_i31_job_secure_q,na,1973-04-01,4.621928343327723
sd,ks_i31_job_secure_q,na,1973-07-01,4.421341531304242
sd,ks_i31_job_secure_q,na,1973-10-01,4.351453814600496
sd,ks_i31_job_secure_q,na,1974-01-01,3.822365330334763
sd,ks_i31_job_secure_q,na,1974-04-01,4.175235682091289
sd,ks_i31_job_secure_q,na,1974-07-01,3.706499915828215
sd,ks_i31_job_secure_q,na,1974-10-01,4.046093159428434
sd,ks_i31_job_secure_q,na,1975-01-01,3.1250076677614187
sd,ks_i31_job_secure_q,na,1975-04-01,3.7691349485114594
sd,ks_i31_job_secure_q,na,1975-07-01,3.490361088975473
sd,ks_i31_job_secure_q,na,1975-10-01,3.4692728770319
sd,ks_i31_job_secure_q,na,1976-01-01,3.3922846924100356
sd,ks_i31_job_secure_q,na,1976-04-01,4.200663300093552
sd,ks_i31_job_secure_q,na,1976-07-01,4.577852285999397
sd,ks_i31_job_secure_q,na,1976-10-01,4.058642199761249
sd,ks_i31_job_secure_q,na,1977-01-01,3.558175716813447
sd,ks_i31_job_secure_q,na,1977-04-01,4.234925012496127
sd,ks_i31_job_secure_q,na,1977-07-01,3.733636318225283
sd,ks_i31_job_secure_q,na,1977-10-01,4.2327633042547355
sd,ks_i31_job_secure_q,na,1978-01-01,3.954356023097985
sd,ks_i31_job_secure_q,na,1978-04-01,4.599567347539638
sd,ks_i31_job_secure_q,na,1978-07-01,4.7591605598167765
sd,ks_i31_job_secure_q,na,1978-10-01,4.017094113139364
sd,ks_i31_job_secure_q,na,1979-01-01,4.313775370791341
sd,ks_i31_job_secure_q,na,1979-04-01,4.687972807942245
sd,ks_i31_job_secure_q,na,1979-07-01,4.896919776182712
sd,ks_i31_job_secure_q,na,1979-10-01,4.317125491404378
sd,ks_i31_job_secure_q,na,1980-01-01,3.715174081624161
sd,ks_i31_job_secure_q,na,1980-04-01,3.7798720219971846
sd,ks_i31_job_secure_q,na,1980-07-01,3.6214076899363423
sd,ks_i31_job_secure_q,na,1980-10-01,4.096466735980774
sd,ks_i31_job_secure_q,na,1981-01-01,3.1357498089916738
sd,ks_i31_job_secure_q,na,1981-04-01,3.0962603930164323
sd,ks_i31_job_secure_q,na,1981-07-01,2.8238785111449123
sd,ks_i31_job_secure_q,na,1981-10-01,3.013905365937373
sd,ks_i31_job_secure_q,na,1982-01-01,2.753065135373149
sd,ks_i31_job_secure_q,na,1982-04-01,2.7234964398552237
sd,ks_i31_job_secure_q,na,1982-07-01,2.658718855198249
sd,ks_i31_job_secure_q,na,1982-10-01,2.5609142939327056
sd,ks_i31_job_secure_q,na,1983-01-01,2.501556320401287
sd,ks_i31_job_secure_q,na,1983-04-01,2.7212753123265494
sd,ks_i31_job_secure_q,na,1983-07-01,2.9111653933587673
sd,ks_i31_job_secure_q,na,1983-10-01,2.90013353861226
sd,ks_i31_job_secure_q,na,1984-01-01,2.8972491502052646
sd,ks_i31_job_secure_q,na,1984-04-01,2.9449503161737582
sd,ks_i31_job_secure_q,na,1984-07-01,3.102393013804402
sd,ks_i31_job_secure_q,na,1984-10-01,3.0489615714999436
sd,ks_i31_job_secure_q,na,1985-01-01,2.9722592476333385
sd,ks_i31_job_secure_q,na,1985-04-01,3.0921997231373495
sd,ks_i31_job_secure_q,na,1985-07-01,3.107298466043061
sd,ks_i31_job_secure_q,na,1985-10-01,3.198352374576192
sd,ks_i31_job_secure_q,na,1986-01-01,3.0799322709490897
sd,ks_i31_job_secure_q,na,1986-04-01,3.0958598810352433
sd,ks_i31_job_secure_q,na,1986-07-01,3.047852604811791
sd,ks_i31_job_secure_q,na,1986-10-01,3.126374035683461
sd,ks_i31_job_secure_q,na,1987-01-01,2.9846118521355347
sd,ks_i31_job_secure_q,na,1987-04-01,3.1443303358371635
sd,ks_i31_job_secure_q,na,1987-07-01,3.18711784693809
sd,ks_i31_job_secure_q,na,1987-10-01,3.1238647069274386
sd,ks_i31_job_secure_q,na,1988-01-01,2.846936019118247
sd,ks_i31_job_secure_q,na,1988-04-01,2.831733927244705
sd,ks_i31_job_secure_q,na,1988-07-01,3.02412094304334
sd,ks_i31_job_secure_q,na,1988-10-01,3.038581087049516
sd,ks_i31_job_secure_q,na,1989-01-01,3.088018287671292
sd,ks_i31_job_secure_q,na,1989-04-01,3.136800092626847
sd,ks_i31_job_secure_q,na,1989-07-01,2.991865749591323
sd,ks_i31_job_secure_q,na,1989-10-01,3.1918800047371283
sd,ks_i31_job_secure_q,na,1990-01-01,3.2302198210222692
sd,ks_i31_job_secure_q,na,1990-04-01,3.2652979794982997
sd,ks_i31_job_secure_q,na,1990-07-01,3.395339719093229
sd,ks_i31_job_secure_q,na,1990-10-01,3.1718542912458014
sd,ks_i31_job_secure_q,na,1991-01-01,2.910718568200573
sd,ks_i31_job_secure_q,na,1991-04-01,2.6052025849446343
sd,ks_i31_job_secure_q,na,1991-07-01,2.5634636096541037
sd,ks_i31_job_secure_q,na,1991-10-01,2.3947469747724415
sd,ks_i31_job_secure_q,na,1992-01-01,2.1114800341470117
sd,ks_i31_job_secure_q,na,1992-04-01,2.4285641297521128
sd,ks_i31_job_secure_q,na,1992-07-01,2.3175591756348717
sd,ks_i31_job_secure_q,na,1992-10-01,1.9575457255429112
sd,ks_i31_job_secure_q,na,1993-01-01,2.277693257650252
sd,ks_i31_job_secure_q,na,1993-04-01,2.2199059645428836
sd,ks_i31_job_secure_q,na,1993-07-01,2.113333815647337
sd,ks_i31_job_secure_q,na,1993-10-01,2.299068695422035
sd,ks_i31_job_secure_q,na,1994-01-01,2.3219789482998148
sd,ks_i31_job_secure_q,na,1994-04-01,2.7641142516198203
sd,ks_i31_job_secure_q,na,1994-07-01,3.100229440855549
sd,ks_i31_job_secure_q,na,1994-10-01,2.9754465813889417
sd,ks_i31_job_secure_q,na,1995-01-01,2.9708350469234093
sd,ks_i31_job_secure_q,na,1995-04-01,2.852363248638949
sd,ks_i31_job_secure_q,na,1995-07-01,2.813114313851825
sd,ks_i31_job_secure_q,na,1995-10-01,2.785792235336832
sd,ks_i31_job_secure_q,na,1996-01-01,2.504722648540785
sd,ks_i31_job_secure_q,na,1996-04-01,2.1807388284839284
sd,ks_i31_job_secure_q,na,1996-07-01,2.36540269162377
sd,ks_i31_job_secure_q,na,1996-10-01,2.518043331983474
sd,ks_i31_job_secure_q,na,1997-01-01,2.5999568086699862
sd,ks_i31_job_secure_q,na,1997-04-01,2.8752239801160555
sd,ks_i31_job_secure_q,na,1997-07-01,3.268318890977236
sd,ks_i31_job_secure_q,na,1997-10-01,3.2475545439158333
sd,ks_i31_job_secure_q,na,1998-01-01,2.833783311271212
sd,ks_i31_job_secure_q,na,1998-04-01,3.312693960591952
sd,ks_i31_job_secure_q,na,1998-07-01,3.5088233261308477
sd,ks_i31_job_secure_q,na,1998-10-01,3.435177263510327
sd,ks_i31_job_secure_q,na,1999-01-01,3.222426658969816
sd,ks_i31_job_secure_q,na,1999-04-01,3.3970127882071925
sd,ks_i31_job_secure_q,na,1999-07-01,3.481818585732617
sd,ks_i31_job_secure_q,na,1999-10-01,3.761109333949458
sd,ks_i31_job_secure_q,na,2000-01-01,3.6639980579484415
sd,ks_i31_job_secure_q,na,2000-04-01,3.7187551039935416
sd,ks_i31_job_secure_q,na,2000-07-01,3.835236597286138
sd,ks_i31_job_secure_q,na,2000-10-01,3.416834230681063
sd,ks_i31_job_secure_q,na,2001-01-01,3.5947967231180256
sd,ks_i31_job_secure_q,na,2001-04-01,3.765298671150693
sd,ks_i31_job_secure_q,na,2001-07-01,3.7627309616547673
sd,ks_i31_job_secure_q,na,2001-10-01,3.1089941706157895
sd,ks_i31_job_secure_q,na,2002-01-01,3.09411439719095
sd,ks_i31_job_secure_q,na,2002-04-01,3.093713709960834
sd,ks_i31_job_secure_q,na,2002-07-01,3.2333507108675836
sd,ks_i31_job_secure_q,na,2002-10-01,2.7919753009592325
sd,ks_i31_job_secure_q,na,2003-01-01,3.0599151828542017
sd,ks_i31_job_secure_q,na,2003-04-01,3.073952724576443
sd,ks_i31_job_secure_q,na,2003-07-01,2.7551512433351912
sd,ks_i31_job_secure_q,na,2003-10-01,2.707036206569792
sd,ks_i31_job_secure_q,na,2004-01-01,2.872010661375471
sd,ks_i31_job_secure_q,na,2004-04-01,3.0601724549580394
sd,ks_i31_job_secure_q,na,2004-07-01,2.9895711185257805
sd,ks_i31_job_secure_q,na,2004-10-01,2.9576224077331954
sd,ks_i31_job_secure_q,na,2005-01-01,2.8705292465017234
sd,ks_i31_job_secure_q,na,2005-04-01,2.987763639669251
sd,ks_i31_job_secure_q,na,2005-07-01,2.8236385012643503
sd,ks_i31_job_secure_q,na,2005-10-01,2.938356314654982
sd,ks_i31_job_secure_q,na,2006-01-01,2.980838593726695
sd,ks_i31_job_secure_q,na,2006-04-01,3.2635666144731545
sd,ks_i31_job_secure_q,na,2006-07-01,3.48031324008318
sd,ks_i31_job_secure_q,na,2006-10-01,3.469982936136802
sd,ks_i31_job_secure_q,na,2007-01-01,3.465994267045699
sd,ks_i31_job_secure_q,na,2007-04-01,3.48150021170548
sd,ks_i31_job_secure_q,na,2007-07-01,3.54454795205338
sd,ks_i31_job_secure_q,na,2007-10-01,3.5744613518102306
sd,ks_i31_job_secure_q,na,2008-01-01,3.307401246657608
sd,ks_i31_job_secure_q,na,2008-04-01,3.37527940261847
sd,ks_i31_job_secure_q,na,2008-07-01,3.412929088505037
sd,ks_i31_job_secure_q,na,2008-10-01,2.7997015497002993
sd,ks_i31_job_secure_q,na,2009-01-01,2.6973724842036044
sd,ks_i31_job_secure_q,na,2009-04-01,2.4234442654761534
sd,ks_i31_job_secure_q,na,2009-07-01,2.6293229591107328
sd,ks_i31_job_secure_q,na,2009-10-01,2.698338561842953
sd,ks_i31_job_secure_q,na,2010-01-01,2.583019042409928
sd,ks_i31_job_secure_q,na,2010-04-01,3.331842356237132
sd,ks_i31_job_secure_q,na,2010-07-01,3.196949002637816
sd,ks_i31_job_secure_q,na,2010-10-01,3.1561731012106637
sd,ks_i31_job_secure_q,na,2011-01-01,3.1608536428383935
sd,ks_i31_job_secure_q,na,2011-04-01,2.9787616887007236
sd,ks_i31_job_secure_q,na,2011-07-01,2.867272386764338
sd,ks_i31_job_secure_q,na,2011-10-01,2.7845898698660263
sd,ks_i31_job_secure_q,na,2012-01-01,2.758064862396213
sd,ks_i31_job_secure_q,na,2012-04-01,3.0722415151880966
sd,ks_i31_job_secure_q,na,2012-07-01,3.102896138156083
sd,ks_i31_job_secure_q,na,2012-10-01,2.8121413864442384
sd,ks_i31_job_secure_q,na,2013-01-01,2.6997522987731957
sd,ks_i31_job_secure_q,na,2013-04-01,3.0327310739148636
sd,ks_i31_job_secure_q,na,2013-07-01,3.0079705651654924
sd,ks_i31_job_secure_q,na,2013-10-01,3.078203883262698
sd,ks_i31_job_secure_q,na,2014-01-01,2.8153266193904636
sd,ks_i31_job_secure_q,na,2014-04-01,3.078583437849836
sd,ks_i31_job_secure_q,na,2014-07-01,3.1377731940500393
sd,ks_i31_job_secure_q,na,2014-10-01,2.966769732834107
sd,ks_i31_job_secure_q,na,2015-01-01,3.080744426034431
sd,ks_i31_job_secure_q,na,2015-04-01,2.86939548662343
sd,ks_i31_job_secure_q,na,2015-07-01,3.045676954046024
sd,ks_i31_job_secure_q,na,2015-10-01,2.8134147669811385
sd,ks_i31_job_secure_q,na,2016-01-01,2.6844510062237994
sd,ks_i31_job_secure_q,na,2016-04-01,2.813153389152286
sd,ks_i31_job_secure_q,na,2016-07-01,3.071558458517293
sd,ks_i31_job_secure_q,na,2016-10-01,2.884914791923639
sd,ks_i31_job_secure_q,na,2017-01-01,2.746116862214431
sd,ks_i31_job_secure_q,na,2017-04-01,2.997019517879028
sd,ks_i31_job_secure_q,na,2017-07-01,2.9842916697996467
sd,ks_i31_job_secure_q,na,2017-10-01,3.026070424329689
sd,ks_i31_job_secure_q,na,2018-01-01,2.6168943982191304
sd,ks_i31_job_secure_q,na,2018-04-01,2.944480801492219
sd,ks_i31_job_secure_q,na,2018-07-01,3.180803650769778
sd,ks_i31_job_secure_q,na,2018-10-01,2.908576867967267
sd,ks_i31_job_secure_q,na,2019-01-01,2.844918814115664
sd,ks_i31_job_secure_q,na,2019-04-01,2.788347227238969
sd,ks_i31_job_secure_q,na,2019-07-01,2.799768274497246
sd,ks_i31_job_secure_q,na,2019-10-01,2.76753838485771
sd,ks_i31_job_secure_q,na,2020-01-01,2.729826201523109
sd,ks_i31_job_secure_q,na,2020-04-01,2.4071037799966906
sd,ks_i31_job_secure_q,na,2020-07-01,2.5094444932104096
sd,ks_i31_job_secure_q,na,2020-10-01,2.3971817714940316
sd,ks_i31_job_secure_q,na,2021-01-01,2.31237413900701
sd,ks_i31_job_secure_q,na,2021-04-01,2.5012086902151314
sd,ks_i31_job_secure_q,na,2021-07-01,2.7783549827275515
sd,ks_i31_job_secure_q,na,2021-10-01,2.883740488619769
sd,ks_i31_job_secure_q,na,2022-01-01,2.9410105836347644
sd,ks_i31_job_secure_q,na,2022-04-01,2.820034216553604
sd,ks_i31_job_secure_q,na,2022-07-01,2.948407502185223
sd,ks_i31_job_secure_q,na,2022-10-01,3.1580338894338933
sd,ks_i31_job_secure_q,na,2023-01-01,3.07537604896713
sd,ks_i31_job_secure_q,na,2023-04-01,3.2993178204882985
sd,ks_i31_job_secure_q,na,2023-07-01,3.505641847911346
sd,ks_i31_job_secure_q,na,2023-10-01,3.2480836500086956
sd,ks_i31_job_secure_q,na,2024-01-01,1.5702019086025327
sd,ks_i31_job_secure_q,na,2024-04-01,1.733503741121729
sd,ks_i31_job_secure_q,na,2024-07-01,1.8162143964069295
sd,ks_i31_job_secure_q,na,2024-10-01,1.780289590389098
sd,ks_i31_job_secure_q,na,2025-01-01,1.617813095780137
sd,ks_i31_job_secure_q,na,2025-04-01,1.9177193485656971
sd,ks_i31_job_secure_q,na,2025-07-01,1.7630317103335804
sd,ks_i31_job_secure_q,na,2025-10-01,1.7585178056739843
sd,ks_i31_job_secure_q,na,2026-01-01,1.7213567200862148
sd,ks_i31_job_secure_q,na,2026-04-01,1.7603245331550523
sd,ks_i32_unemp_exp_q,na,2007-04-01,3.833051612842822
sd,ks_i32_unemp_exp_q,na,2007-07-01,3.790463832435761
sd,ks_i32_unemp_exp_q,na,2007-10-01,5.772603636681363
sd,ks_i32_unemp_exp_q,na,2008-01-01,3.675074399771361
sd,ks_i32_unemp_exp_q,na,2008-04-01,2.509895857716093
sd,ks_i32_unemp_exp_q,na,2008-07-01,2.5425810751371194
sd,ks_i32_unemp_exp_q,na,2008-10-01,2.411182314070095
sd,ks_i32_unemp_exp_q,na,2009-01-01,2.413556777449097
sd,ks_i32_unemp_exp_q,na,2009-04-01,2.3728717656763285
sd,ks_i32_unemp_exp_q,na,2009-07-01,2.496781739716604
sd,ks_i32_unemp_exp_q,na,2009-10-01,2.6087791325809997
sd,ks_i32_unemp_exp_q,na,2010-01-01,2.5033030045586333
sd,ks_i32_unemp_exp_q,na,2010-04-01,2.9585813710698448
sd,ks_i32_unemp_exp_q,na,2010-07-01,2.7623441831333326
sd,ks_i32_unemp_exp_q,na,2010-10-01,2.7352177057950273
sd,ks_i32_unemp_exp_q,na,2011-01-01,2.546830302498153
sd,ks_i32_unemp_exp_q,na,2011-04-01,2.629574347664866
sd,ks_i32_unemp_exp_q,na,2011-07-01,2.3070152615181527
sd,ks_i32_unemp_exp_q,na,2011-10-01,2.230593754789859
sd,ks_i32_unemp_exp_q,na,2012-01-01,2.320555642073773
sd,ks_i32_unemp_exp_q,na,2012-04-01,2.4429630172809147
sd,ks_i32_unemp_exp_q,na,2012-07-01,2.378194503850284
sd,ks_i32_unemp_exp_q,na,2012-10-01,2.1968449584932546
sd,ks_i32_unemp_exp_q,na,2013-01-01,2.33235882377291
sd,ks_i32_unemp_exp_q,na,2013-04-01,2.46322926220992
sd,ks_i32_unemp_exp_q,na,2013-07-01,2.3737628630393433
sd,ks_i32_unemp_exp_q,na,2013-10-01,2.360632514607804
sd,ks_i32_unemp_exp_q,na,2014-01-01,2.340237527011074
sd,ks_i32_unemp_exp_q,na,2014-04-01,2.5229604309591873
sd,ks_i32_unemp_exp_q,na,2014-07-01,2.40042850374071
sd,ks_i32_unemp_exp_q,na,2014-10-01,2.2655419359825313
sd,ks_i32_unemp_exp_q,na,2015-01-01,2.3032753424501253
sd,ks_i32_unemp_exp_q,na,2015-04-01,2.331957606557139
sd,ks_i32_unemp_exp_q,na,2015-07-01,2.533737243660948
sd,ks_i32_unemp_exp_q,na,2015-10-01,2.2425158876159736
sd,ks_i32_unemp_exp_q,na,2016-01-01,2.192335239349986
sd,ks_i32_unemp_exp_q,na,2016-04-01,2.3671572877310156
sd,ks_i32_unemp_exp_q,na,2016-07-01,2.537787961043082
sd,ks_i32_unemp_exp_q,na,2016-10-01,2.40975381234357
sd,ks_i32_unemp_exp_q,na,2017-01-01,2.324031930341259
sd,ks_i32_unemp_exp_q,na,2017-04-01,2.457470024476705
sd,ks_i32_unemp_exp_q,na,2017-07-01,2.4011839808005324
sd,ks_i32_unemp_exp_q,na,2017-10-01,2.4112871472137987
sd,ks_i32_unemp_exp_q,na,2018-01-01,2.2637755480754542
sd,ks_i32_unemp_exp_q,na,2018-04-01,2.3800397982445167
sd,ks_i32_unemp_exp_q,na,2018-07-01,2.5860705107644386
sd,ks_i32_unemp_exp_q,na,2018-10-01,2.3030539340177736
sd,ks_i32_unemp_exp_q,na,2019-01-01,2.190962718853792
sd,ks_i32_unemp_exp_q,na,2019-04-01,2.226877286847194
sd,ks_i32_unemp_exp_q,na,2019-07-01,2.2872286613549098
sd,ks_i32_unemp_exp_q,na,2019-10-01,2.216093333092382
sd,ks_i32_unemp_exp_q,na,2020-01-01,2.148157486418577
sd,ks_i32_unemp_exp_q,na,2020-04-01,2.0759204353679888
sd,ks_i32_unemp_exp_q,na,2020-07-01,2.4480390891909076
sd,ks_i32_unemp_exp_q,na,2020-10-01,2.2108952382133715
sd,ks_i32_unemp_exp_q,na,2021-01-01,2.2046661288485137
sd,ks_i32_unemp_exp_q,na,2021-04-01,2.6882755305874335
sd,ks_i32_unemp_exp_q,na,2021-07-01,2.9416838179215015
sd,ks_i32_unemp_exp_q,na,2021-10-01,2.6843269074543454
sd,ks_i32_unemp_exp_q,na,2022-01-01,2.4269554253839067
sd,ks_i32_unemp_exp_q,na,2022-04-01,2.5403213566154506
sd,ks_i32_unemp_exp_q,na,2022-07-01,2.521079625115344
sd,ks_i32_unemp_exp_q,na,2022-10-01,2.5120111533525744
sd,ks_i32_unemp_exp_q,na,2023-01-01,2.409547380594823
sd,ks_i32_unemp_exp_q,na,2023-04-01,2.7306114441738396
sd,ks_i32_unemp_exp_q,na,2023-07-01,2.6911082274898366
sd,ks_i32_unemp_exp_q,na,2023-10-01,2.495917484514205
sd,ks_i32_unemp_exp_q,na,2024-01-01,1.3525135625542324
sd,ks_i32_unemp_exp_q,na,2024-04-01,1.4501179101489634
sd,ks_i32_unemp_exp_q,na,2024-07-01,1.5201116618822643
sd,ks_i32_unemp_exp_q,na,2024-10-01,1.5235861100711483
sd,ks_i32_unemp_exp_q,na,2025-01-01,1.3943552292311652
sd,ks_i32_unemp_exp_q,na,2025-04-01,1.6940239571615106
sd,ks_i32_unemp_exp_q,na,2025-07-01,1.512641281454316
sd,ks_i32_unemp_exp_q,na,2025-10-01,1.5424689772883389
sd,ks_i32_unemp_exp_q,na,2026-01-01,1.5053190201033346
sd,ks_i32_unemp_exp_q,na,2026-04-01,1.4970154319794389
sd,ks_i41_fin_pos_hist_q,na,1972-10-01,3.831591913189991
sd,ks_i41_fin_pos_hist_q,na,1973-01-01,3.89802662527893
sd,ks_i41_fin_pos_hist_q,na,1973-04-01,3.607662225384248
sd,ks_i41_fin_pos_hist_q,na,1973-07-01,3.8741668359956782
sd,ks_i41_fin_pos_hist_q,na,1973-10-01,3.6120310983865065
sd,ks_i41_fin_pos_hist_q,na,1974-01-01,3.411046129144754
sd,ks_i41_fin_pos_hist_q,na,1974-04-01,3.5476044523042933
sd,ks_i41_fin_pos_hist_q,na,1974-07-01,3.4224599409695298
sd,ks_i41_fin_pos_hist_q,na,1974-10-01,3.5485287650776165
sd,ks_i41_fin_pos_hist_q,na,1975-01-01,3.7063425422710967
sd,ks_i41_fin_pos_hist_q,na,1975-04-01,3.444939740163239
sd,ks_i41_fin_pos_hist_q,na,1975-07-01,3.019023969917025
sd,ks_i41_fin_pos_hist_q,na,1975-10-01,3.027494715101866
sd,ks_i41_fin_pos_hist_q,na,1976-01-01,3.0917564015154286
sd,ks_i41_fin_pos_hist_q,na,1976-04-01,2.6430935395983255
sd,ks_i41_fin_pos_hist_q,na,1976-07-01,2.7403096088921286
sd,ks_i41_fin_pos_hist_q,na,1976-10-01,2.5857296661720417
sd,ks_i41_fin_pos_hist_q,na,1977-01-01,2.6389512624193188
sd,ks_i41_fin_pos_hist_q,na,1977-04-01,2.6632940796163567
sd,ks_i41_fin_pos_hist_q,na,1977-07-01,2.305655377387654
sd,ks_i41_fin_pos_hist_q,na,1977-10-01,2.7533793933255972
sd,ks_i41_fin_pos_hist_q,na,1978-01-01,2.736023332584763
sd,ks_i41_fin_pos_hist_q,na,1978-04-01,3.3451724202275472
sd,ks_i41_fin_pos_hist_q,na,1978-07-01,3.0436326739295425
sd,ks_i41_fin_pos_hist_q,na,1978-10-01,2.900861584385986
sd,ks_i41_fin_pos_hist_q,na,1979-01-01,3.079657716537515
sd,ks_i41_fin_pos_hist_q,na,1979-04-01,2.985280578574091
sd,ks_i41_fin_pos_hist_q,na,1979-07-01,3.0650743815354287
sd,ks_i41_fin_pos_hist_q,na,1979-10-01,2.6718885103118835
sd,ks_i41_fin_pos_hist_q,na,1980-01-01,2.5819623698401664
sd,ks_i41_fin_pos_hist_q,na,1980-04-01,2.7067300676512533
sd,ks_i41_fin_pos_hist_q,na,1980-07-01,2.5430006825364555
sd,ks_i41_fin_pos_hist_q,na,1980-10-01,2.581729426990814
sd,ks_i41_fin_pos_hist_q,na,1981-01-01,2.259295842352228
sd,ks_i41_fin_pos_hist_q,na,1981-04-01,2.337184496647859
sd,ks_i41_fin_pos_hist_q,na,1981-07-01,2.288907113338669
sd,ks_i41_fin_pos_hist_q,na,1981-10-01,2.294426164651036
sd,ks_i41_fin_pos_hist_q,na,1982-01-01,2.2745357074344432
sd,ks_i41_fin_pos_hist_q,na,1982-04-01,2.4294574545951395
sd,ks_i41_fin_pos_hist_q,na,1982-07-01,2.2588742306220606
sd,ks_i41_fin_pos_hist_q,na,1982-10-01,2.244535021565181
sd,ks_i41_fin_pos_hist_q,na,1983-01-01,2.281392165753785
sd,ks_i41_fin_pos_hist_q,na,1983-04-01,2.1950245854164665
sd,ks_i41_fin_pos_hist_q,na,1983-07-01,2.2779766094220517
sd,ks_i41_fin_pos_hist_q,na,1983-10-01,2.1759378261335027
sd,ks_i41_fin_pos_hist_q,na,1984-01-01,2.323964092516682
sd,ks_i41_fin_pos_hist_q,na,1984-04-01,2.1766644533427453
sd,ks_i41_fin_pos_hist_q,na,1984-07-01,2.325306830301778
sd,ks_i41_fin_pos_hist_q,na,1984-10-01,2.1116855562989914
sd,ks_i41_fin_pos_hist_q,na,1985-01-01,2.246770385910803
sd,ks_i41_fin_pos_hist_q,na,1985-04-01,2.2772525306808187
sd,ks_i41_fin_pos_hist_q,na,1985-07-01,2.1283214747906976
sd,ks_i41_fin_pos_hist_q,na,1985-10-01,2.0931422661839014
sd,ks_i41_fin_pos_hist_q,na,1986-01-01,2.2908458337026447
sd,ks_i41_fin_pos_hist_q,na,1986-04-01,2.282913309400395
sd,ks_i41_fin_pos_hist_q,na,1986-07-01,2.356963508862915
sd,ks_i41_fin_pos_hist_q,na,1986-10-01,2.169963896281965
sd,ks_i41_fin_pos_hist_q,na,1987-01-01,2.1174690332176778
sd,ks_i41_fin_pos_hist_q,na,1987-04-01,2.255744557670964
sd,ks_i41_fin_pos_hist_q,na,1987-07-01,2.1525740267484337
sd,ks_i41_fin_pos_hist_q,na,1987-10-01,2.10741002467033
sd,ks_i41_fin_pos_hist_q,na,1988-01-01,2.265228018972663
sd,ks_i41_fin_pos_hist_q,na,1988-04-01,2.2827882824926635
sd,ks_i41_fin_pos_hist_q,na,1988-07-01,2.3077747812330083
sd,ks_i41_fin_pos_hist_q,na,1988-10-01,2.1391271148628115
sd,ks_i41_fin_pos_hist_q,na,1989-01-01,2.120183546721001
sd,ks_i41_fin_pos_hist_q,na,1989-04-01,2.212590025736185
sd,ks_i41_fin_pos_hist_q,na,1989-07-01,2.204460696582209
sd,ks_i41_fin_pos_hist_q,na,1989-10-01,2.082855713921863
sd,ks_i41_fin_pos_hist_q,na,1990-01-01,2.3297143427015117
sd,ks_i41_fin_pos_hist_q,na,1990-04-01,2.3585891254650835
sd,ks_i41_fin_pos_hist_q,na,1990-07-01,2.399012533470532
sd,ks_i41_fin_pos_hist_q,na,1990-10-01,2.3246284479509387
sd,ks_i41_fin_pos_hist_q,na,1991-01-01,2.2710666381624094
sd,ks_i41_fin_pos_hist_q,na,1991-04-01,2.2750376271094734
sd,ks_i41_fin_pos_hist_q,na,1991-07-01,2.3302935610927844
sd,ks_i41_fin_pos_hist_q,na,1991-10-01,2.467183263876705
sd,ks_i41_fin_pos_hist_q,na,1992-01-01,2.363109834904402
sd,ks_i41_fin_pos_hist_q,na,1992-04-01,2.297014951849709
sd,ks_i41_fin_pos_hist_q,na,1992-07-01,2.435139074603728
sd,ks_i41_fin_pos_hist_q,na,1992-10-01,2.147936963764231
sd,ks_i41_fin_pos_hist_q,na,1993-01-01,2.1897254711926455
sd,ks_i41_fin_pos_hist_q,na,1993-04-01,2.232943726635672
sd,ks_i41_fin_pos_hist_q,na,1993-07-01,2.21681344234058
sd,ks_i41_fin_pos_hist_q,na,1993-10-01,2.2024464529660572
sd,ks_i41_fin_pos_hist_q,na,1994-01-01,2.313844090899588
sd,ks_i41_fin_pos_hist_q,na,1994-04-01,2.182598515446434
sd,ks_i41_fin_pos_hist_q,na,1994-07-01,2.291023597381673
sd,ks_i41_fin_pos_hist_q,na,1994-10-01,2.15779219026279
sd,ks_i41_fin_pos_hist_q,na,1995-01-01,2.130305587837529
sd,ks_i41_fin_pos_hist_q,na,1995-04-01,1.9784796737988577
sd,ks_i41_fin_pos_hist_q,na,1995-07-01,2.0311008379177538
sd,ks_i41_fin_pos_hist_q,na,1995-10-01,1.9348253323306783
sd,ks_i41_fin_pos_hist_q,na,1996-01-01,2.111125600627138
sd,ks_i41_fin_pos_hist_q,na,1996-04-01,2.0084974916810343
sd,ks_i41_fin_pos_hist_q,na,1996-07-01,2.3467995990511645
sd,ks_i41_fin_pos_hist_q,na,1996-10-01,2.352494184695473
sd,ks_i41_fin_pos_hist_q,na,1997-01-01,2.5313189093556545
sd,ks_i41_fin_pos_hist_q,na,1997-04-01,2.397916747165827
sd,ks_i41_fin_pos_hist_q,na,1997-07-01,2.533215853941551
sd,ks_i41_fin_pos_hist_q,na,1997-10-01,2.3574942555382696
sd,ks_i41_fin_pos_hist_q,na,1998-01-01,2.6096186867569364
sd,ks_i41_fin_pos_hist_q,na,1998-04-01,2.5218563829848515
sd,ks_i41_fin_pos_hist_q,na,1998-07-01,2.269312248388728
sd,ks_i41_fin_pos_hist_q,na,1998-10-01,2.417754388510357
sd,ks_i41_fin_pos_hist_q,na,1999-01-01,2.2277395661041215
sd,ks_i41_fin_pos_hist_q,na,1999-04-01,2.370971276423045
sd,ks_i41_fin_pos_hist_q,na,1999-07-01,2.404241299310048
sd,ks_i41_fin_pos_hist_q,na,1999-10-01,2.55174416736866
sd,ks_i41_fin_pos_hist_q,na,2000-01-01,2.684985595987718
sd,ks_i41_fin_pos_hist_q,na,2000-04-01,2.2779149084109034
sd,ks_i41_fin_pos_hist_q,na,2000-07-01,2.5120613132583376
sd,ks_i41_fin_pos_hist_q,na,2000-10-01,2.4380521385913614
sd,ks_i41_fin_pos_hist_q,na,2001-01-01,2.467752088131477
sd,ks_i41_fin_pos_hist_q,na,2001-04-01,2.476664007520049
sd,ks_i41_fin_pos_hist_q,na,2001-07-01,2.563372013807183
sd,ks_i41_fin_pos_hist_q,na,2001-10-01,2.3346289242965654
sd,ks_i41_fin_pos_hist_q,na,2002-01-01,2.550892621876754
sd,ks_i41_fin_pos_hist_q,na,2002-04-01,2.3330913094546517
sd,ks_i41_fin_pos_hist_q,na,2002-07-01,2.428231704108605
sd,ks_i41_fin_pos_hist_q,na,2002-10-01,2.384046241817926
sd,ks_i41_fin_pos_hist_q,na,2003-01-01,2.338956544009413
sd,ks_i41_fin_pos_hist_q,na,2003-04-01,2.344363116992141
sd,ks_i41_fin_pos_hist_q,na,2003-07-01,2.405170040416927
sd,ks_i41_fin_pos_hist_q,na,2003-10-01,2.345321787407507
sd,ks_i41_fin_pos_hist_q,na,2004-01-01,2.56091203729641
sd,ks_i41_fin_pos_hist_q,na,2004-04-01,2.4370141333753614
sd,ks_i41_fin_pos_hist_q,na,2004-07-01,2.4535985079970626
sd,ks_i41_fin_pos_hist_q,na,2004-10-01,2.4738087272637865
sd,ks_i41_fin_pos_hist_q,na,2005-01-01,2.4459243989300683
sd,ks_i41_fin_pos_hist_q,na,2005-04-01,2.4989023688958003
sd,ks_i41_fin_pos_hist_q,na,2005-07-01,2.3440199813673983
sd,ks_i41_fin_pos_hist_q,na,2005-10-01,2.3078555744062723
sd,ks_i41_fin_pos_hist_q,na,2006-01-01,2.535643521360815
sd,ks_i41_fin_pos_hist_q,na,2006-04-01,2.340795882462559
sd,ks_i41_fin_pos_hist_q,na,2006-07-01,2.3847725967849662
sd,ks_i41_fin_pos_hist_q,na,2006-10-01,2.361015615893591
sd,ks_i41_fin_pos_hist_q,na,2007-01-01,2.3103486721247775
sd,ks_i41_fin_pos_hist_q,na,2007-04-01,2.2532951784545014
sd,ks_i41_fin_pos_hist_q,na,2007-07-01,2.182208729557108
sd,ks_i41_fin_pos_hist_q,na,2007-10-01,2.3139326921769032
sd,ks_i41_fin_pos_hist_q,na,2008-01-01,2.45940018822424
sd,ks_i41_fin_pos_hist_q,na,2008-04-01,2.655249970676605
sd,ks_i41_fin_pos_hist_q,na,2008-07-01,2.39947797590123
sd,ks_i41_fin_pos_hist_q,na,2008-10-01,2.4778925319726275
sd,ks_i41_fin_pos_hist_q,na,2009-01-01,2.4548540583852985
sd,ks_i41_fin_pos_hist_q,na,2009-04-01,2.367043765830775
sd,ks_i41_fin_pos_hist_q,na,2009-07-01,2.299824242529196
sd,ks_i41_fin_pos_hist_q,na,2009-10-01,2.302421740933894
sd,ks_i41_fin_pos_hist_q,na,2010-01-01,2.2754298268686615
sd,ks_i41_fin_pos_hist_q,na,2010-04-01,2.3823757162323087
sd,ks_i41_fin_pos_hist_q,na,2010-07-01,2.400784603073926
sd,ks_i41_fin_pos_hist_q,na,2010-10-01,2.3506700643396923
sd,ks_i41_fin_pos_hist_q,na,2011-01-01,2.428269094948736
sd,ks_i41_fin_pos_hist_q,na,2011-04-01,2.3037137574741577
sd,ks_i41_fin_pos_hist_q,na,2011-07-01,2.096604767675816
sd,ks_i41_fin_pos_hist_q,na,2011-10-01,2.162566092055682
sd,ks_i41_fin_pos_hist_q,na,2012-01-01,2.1972458068567295
sd,ks_i41_fin_pos_hist_q,na,2012-04-01,2.267812311750267
sd,ks_i41_fin_pos_hist_q,na,2012-07-01,2.343131472506968
sd,ks_i41_fin_pos_hist_q,na,2012-10-01,2.1670879809364965
sd,ks_i41_fin_pos_hist_q,na,2013-01-01,2.160718926543323
sd,ks_i41_fin_pos_hist_q,na,2013-04-01,2.227362360020085
sd,ks_i41_fin_pos_hist_q,na,2013-07-01,2.1607201235631344
sd,ks_i41_fin_pos_hist_q,na,2013-10-01,2.1834510251071135
sd,ks_i41_fin_pos_hist_q,na,2014-01-01,2.20034858430853
sd,ks_i41_fin_pos_hist_q,na,2014-04-01,2.3954094315125083
sd,ks_i41_fin_pos_hist_q,na,2014-07-01,2.27537451912982
sd,ks_i41_fin_pos_hist_q,na,2014-10-01,2.2449415328850173
sd,ks_i41_fin_pos_hist_q,na,2015-01-01,2.383789279627403
sd,ks_i41_fin_pos_hist_q,na,2015-04-01,2.1907426214661117
sd,ks_i41_fin_pos_hist_q,na,2015-07-01,2.382218323820843
sd,ks_i41_fin_pos_hist_q,na,2015-10-01,2.290412817432409
sd,ks_i41_fin_pos_hist_q,na,2016-01-01,2.1279947919746154
sd,ks_i41_fin_pos_hist_q,na,2016-04-01,2.2587282975191587
sd,ks_i41_fin_pos_hist_q,na,2016-07-01,2.3033904421587046
sd,ks_i41_fin_pos_hist_q,na,2016-10-01,2.40109913021958
sd,ks_i41_fin_pos_hist_q,na,2017-01-01,2.416280152635512
sd,ks_i41_fin_pos_hist_q,na,2017-04-01,2.450414490330303
sd,ks_i41_fin_pos_hist_q,na,2017-07-01,2.4304251836575377
sd,ks_i41_fin_pos_hist_q,na,2017-10-01,2.5233304085028108
sd,ks_i41_fin_pos_hist_q,na,2018-01-01,2.1619399197363687
sd,ks_i41_fin_pos_hist_q,na,2018-04-01,2.469905471925917
sd,ks_i41_fin_pos_hist_q,na,2018-07-01,2.505316414639395
sd,ks_i41_fin_pos_hist_q,na,2018-10-01,2.368567149269777
sd,ks_i41_fin_pos_hist_q,na,2019-01-01,2.32448599230214
sd,ks_i41_fin_pos_hist_q,na,2019-04-01,2.342175691933352
sd,ks_i41_fin_pos_hist_q,na,2019-07-01,2.359513187559639
sd,ks_i41_fin_pos_hist_q,na,2019-10-01,2.3880085940543987
sd,ks_i41_fin_pos_hist_q,na,2020-01-01,2.4635128268179063
sd,ks_i41_fin_pos_hist_q,na,2020-04-01,1.7969178681063895
sd,ks_i41_fin_pos_hist_q,na,2020-07-01,2.03356815235128
sd,ks_i41_fin_pos_hist_q,na,2020-10-01,2.1226460365680793
sd,ks_i41_fin_pos_hist_q,na,2021-01-01,2.0464700795324804
sd,ks_i41_fin_pos_hist_q,na,2021-04-01,2.3856578394865893
sd,ks_i41_fin_pos_hist_q,na,2021-07-01,2.274948406319208
sd,ks_i41_fin_pos_hist_q,na,2021-10-01,2.177372106964522
sd,ks_i41_fin_pos_hist_q,na,2022-01-01,2.2437788883939387
sd,ks_i41_fin_pos_hist_q,na,2022-04-01,2.2167954087003907
sd,ks_i41_fin_pos_hist_q,na,2022-07-01,2.190422875238664
sd,ks_i41_fin_pos_hist_q,na,2022-10-01,2.3495790627390667
sd,ks_i41_fin_pos_hist_q,na,2023-01-01,2.4751765084352937
sd,ks_i41_fin_pos_hist_q,na,2023-04-01,2.866199997811496
sd,ks_i41_fin_pos_hist_q,na,2023-07-01,2.8065256297907477
sd,ks_i41_fin_pos_hist_q,na,2023-10-01,2.7328664584532207
sd,ks_i41_fin_pos_hist_q,na,2024-01-01,1.539594089146554
sd,ks_i41_fin_pos_hist_q,na,2024-04-01,1.6546782190538998
sd,ks_i41_fin_pos_hist_q,na,2024-07-01,1.810165536057269
sd,ks_i41_fin_pos_hist_q,na,2024-10-01,1.7574437751222962
sd,ks_i41_fin_pos_hist_q,na,2025-01-01,1.6666459260729911
sd,ks_i41_fin_pos_hist_q,na,2025-04-01,1.9695423010728428
sd,ks_i41_fin_pos_hist_q,na,2025-07-01,1.7628991027213006
sd,ks_i41_fin_pos_hist_q,na,2025-10-01,1.7761763501465286
sd,ks_i41_fin_pos_hist_q,na,2026-01-01,1.779571821164927
sd,ks_i41_fin_pos_hist_q,na,2026-04-01,1.8213430897200285
sd,ks_i42_fin_pos_exp_q,na,1972-10-01,3.732520577954801
sd,ks_i42_fin_pos_exp_q,na,1973-01-01,3.201201023650467
sd,ks_i42_fin_pos_exp_q,na,1973-04-01,3.3083866711383876
sd,ks_i42_fin_pos_exp_q,na,1973-07-01,3.34319691744105
sd,ks_i42_fin_pos_exp_q,na,1973-10-01,3.6609602131900862
sd,ks_i42_fin_pos_exp_q,na,1974-01-01,3.1612911592672934
sd,ks_i42_fin_pos_exp_q,na,1974-04-01,3.2301781649749324
sd,ks_i42_fin_pos_exp_q,na,1974-07-01,2.99915440699964
sd,ks_i42_fin_pos_exp_q,na,1974-10-01,3.2092143082323417
sd,ks_i42_fin_pos_exp_q,na,1975-01-01,2.809217068491758
sd,ks_i42_fin_pos_exp_q,na,1975-04-01,2.464768260080168
sd,ks_i42_fin_pos_exp_q,na,1975-07-01,2.5871740599653705
sd,ks_i42_fin_pos_exp_q,na,1975-10-01,2.517450554962995
sd,ks_i42_fin_pos_exp_q,na,1976-01-01,2.433092430675051
sd,ks_i42_fin_pos_exp_q,na,1976-04-01,2.1139577290942935
sd,ks_i42_fin_pos_exp_q,na,1976-07-01,2.313578485518107
sd,ks_i42_fin_pos_exp_q,na,1976-10-01,2.0895241515522316
sd,ks_i42_fin_pos_exp_q,na,1977-01-01,2.4013087670183553
sd,ks_i42_fin_pos_exp_q,na,1977-04-01,2.1853087649450793
sd,ks_i42_fin_pos_exp_q,na,1977-07-01,2.1120863554992657
sd,ks_i42_fin_pos_exp_q,na,1977-10-01,2.5054065355456134
sd,ks_i42_fin_pos_exp_q,na,1978-01-01,2.274563866305725
sd,ks_i42_fin_pos_exp_q,na,1978-04-01,2.407503142070306
sd,ks_i42_fin_pos_exp_q,na,1978-07-01,2.4742691125090617
sd,ks_i42_fin_pos_exp_q,na,1978-10-01,2.542045052945691
sd,ks_i42_fin_pos_exp_q,na,1979-01-01,2.943770129775704
sd,ks_i42_fin_pos_exp_q,na,1979-04-01,2.8468867081778644
sd,ks_i42_fin_pos_exp_q,na,1979-07-01,2.507110053947647
sd,ks_i42_fin_pos_exp_q,na,1979-10-01,2.597718966968216
sd,ks_i42_fin_pos_exp_q,na,1980-01-01,2.3956988527236827
sd,ks_i42_fin_pos_exp_q,na,1980-04-01,2.2873149190071196
sd,ks_i42_fin_pos_exp_q,na,1980-07-01,2.0374230572775236
sd,ks_i42_fin_pos_exp_q,na,1980-10-01,2.332672549979267
sd,ks_i42_fin_pos_exp_q,na,1981-01-01,1.9831668208768156
sd,ks_i42_fin_pos_exp_q,na,1981-04-01,2.043006312618385
sd,ks_i42_fin_pos_exp_q,na,1981-07-01,2.093875184977846
sd,ks_i42_fin_pos_exp_q,na,1981-10-01,2.105114239530257
sd,ks_i42_fin_pos_exp_q,na,1982-01-01,2.043381538005531
sd,ks_i42_fin_pos_exp_q,na,1982-04-01,1.9197280395496008
sd,ks_i42_fin_pos_exp_q,na,1982-07-01,1.9171557634083627
sd,ks_i42_fin_pos_exp_q,na,1982-10-01,1.869819396602521
sd,ks_i42_fin_pos_exp_q,na,1983-01-01,1.8631983392741776
sd,ks_i42_fin_pos_exp_q,na,1983-04-01,1.660586646855747
sd,ks_i42_fin_pos_exp_q,na,1983-07-01,1.8419463728140864
sd,ks_i42_fin_pos_exp_q,na,1983-10-01,2.132267411583615
sd,ks_i42_fin_pos_exp_q,na,1984-01-01,2.036457328752185
sd,ks_i42_fin_pos_exp_q,na,1984-04-01,1.809271904938187
sd,ks_i42_fin_pos_exp_q,na,1984-07-01,1.8856394479221343
sd,ks_i42_fin_pos_exp_q,na,1984-10-01,1.830242080537857
sd,ks_i42_fin_pos_exp_q,na,1985-01-01,1.950936989070651
sd,ks_i42_fin_pos_exp_q,na,1985-04-01,1.8733969360453395
sd,ks_i42_fin_pos_exp_q,na,1985-07-01,1.9206103304413111
sd,ks_i42_fin_pos_exp_q,na,1985-10-01,1.8270485049574992
sd,ks_i42_fin_pos_exp_q,na,1986-01-01,1.96507824036025
sd,ks_i42_fin_pos_exp_q,na,1986-04-01,1.8952951941646388
sd,ks_i42_fin_pos_exp_q,na,1986-07-01,2.114054038192775
sd,ks_i42_fin_pos_exp_q,na,1986-10-01,1.9143370473180767
sd,ks_i42_fin_pos_exp_q,na,1987-01-01,1.835591844143274
sd,ks_i42_fin_pos_exp_q,na,1987-04-01,1.7693594216746136
sd,ks_i42_fin_pos_exp_q,na,1987-07-01,1.8222909173802864
sd,ks_i42_fin_pos_exp_q,na,1987-10-01,1.9518660962087513
sd,ks_i42_fin_pos_exp_q,na,1988-01-01,1.920850887898676
sd,ks_i42_fin_pos_exp_q,na,1988-04-01,1.9129096354741757
sd,ks_i42_fin_pos_exp_q,na,1988-07-01,1.9441578071064896
sd,ks_i42_fin_pos_exp_q,na,1988-10-01,1.8759103614488648
sd,ks_i42_fin_pos_exp_q,na,1989-01-01,1.914331862055833
sd,ks_i42_fin_pos_exp_q,na,1989-04-01,1.9341837481069415
sd,ks_i42_fin_pos_exp_q,na,1989-07-01,1.9434016253581932
sd,ks_i42_fin_pos_exp_q,na,1989-10-01,2.0033304104330356
sd,ks_i42_fin_pos_exp_q,na,1990-01-01,2.038373294212197
sd,ks_i42_fin_pos_exp_q,na,1990-04-01,2.0483116295014825
sd,ks_i42_fin_pos_exp_q,na,1990-07-01,2.093059167118692
sd,ks_i42_fin_pos_exp_q,na,1990-10-01,2.3603641032867144
sd,ks_i42_fin_pos_exp_q,na,1991-01-01,2.077797026144767
sd,ks_i42_fin_pos_exp_q,na,1991-04-01,1.994932511090667
sd,ks_i42_fin_pos_exp_q,na,1991-07-01,1.979367702765991
sd,ks_i42_fin_pos_exp_q,na,1991-10-01,2.221040151493079
sd,ks_i42_fin_pos_exp_q,na,1992-01-01,2.0434821981649227
sd,ks_i42_fin_pos_exp_q,na,1992-04-01,1.9427347893846405
sd,ks_i42_fin_pos_exp_q,na,1992-07-01,2.091809437250818
sd,ks_i42_fin_pos_exp_q,na,1992-10-01,1.9203816162151264
sd,ks_i42_fin_pos_exp_q,na,1993-01-01,2.0011994344892576
sd,ks_i42_fin_pos_exp_q,na,1993-04-01,1.7621404947524637
sd,ks_i42_fin_pos_exp_q,na,1993-07-01,1.7574110113034624
sd,ks_i42_fin_pos_exp_q,na,1993-10-01,1.806256489465103
sd,ks_i42_fin_pos_exp_q,na,1994-01-01,1.8365329600690776
sd,ks_i42_fin_pos_exp_q,na,1994-04-01,1.6984977650405189
sd,ks_i42_fin_pos_exp_q,na,1994-07-01,1.8736411020135288
sd,ks_i42_fin_pos_exp_q,na,1994-10-01,1.9459162718147485
sd,ks_i42_fin_pos_exp_q,na,1995-01-01,2.1719464186249255
sd,ks_i42_fin_pos_exp_q,na,1995-04-01,1.6644700545470277
sd,ks_i42_fin_pos_exp_q,na,1995-07-01,1.6433237956922924
sd,ks_i42_fin_pos_exp_q,na,1995-10-01,1.6492715886180531
sd,ks_i42_fin_pos_exp_q,na,1996-01-01,1.8295160181782
sd,ks_i42_fin_pos_exp_q,na,1996-04-01,1.6597430528973474
sd,ks_i42_fin_pos_exp_q,na,1996-07-01,2.0924978302199397
sd,ks_i42_fin_pos_exp_q,na,1996-10-01,2.1380834220397724
sd,ks_i42_fin_pos_exp_q,na,1997-01-01,2.1474090363470792
sd,ks_i42_fin_pos_exp_q,na,1997-04-01,1.927177370524152
sd,ks_i42_fin_pos_exp_q,na,1997-07-01,2.14823621395364
sd,ks_i42_fin_pos_exp_q,na,1997-10-01,2.0512135415880435
sd,ks_i42_fin_pos_exp_q,na,1998-01-01,2.1512969278233687
sd,ks_i42_fin_pos_exp_q,na,1998-04-01,2.1256713255289696
sd,ks_i42_fin_pos_exp_q,na,1998-07-01,2.02331099152441
sd,ks_i42_fin_pos_exp_q,na,1998-10-01,2.1304415722087344
sd,ks_i42_fin_pos_exp_q,na,1999-01-01,1.9449644601687792
sd,ks_i42_fin_pos_exp_q,na,1999-04-01,2.019206878978206
sd,ks_i42_fin_pos_exp_q,na,1999-07-01,2.189320448171537
sd,ks_i42_fin_pos_exp_q,na,1999-10-01,2.229219307766026
sd,ks_i42_fin_pos_exp_q,na,2000-01-01,2.3391874442964222
sd,ks_i42_fin_pos_exp_q,na,2000-04-01,2.054851014938518
sd,ks_i42_fin_pos_exp_q,na,2000-07-01,2.2635094592528255
sd,ks_i42_fin_pos_exp_q,na,2000-10-01,2.304758781883536
sd,ks_i42_fin_pos_exp_q,na,2001-01-01,2.1564925742320815
sd,ks_i42_fin_pos_exp_q,na,2001-04-01,2.195927010954561
sd,ks_i42_fin_pos_exp_q,na,2001-07-01,2.2056471046763297
sd,ks_i42_fin_pos_exp_q,na,2001-10-01,2.238862863302234
sd,ks_i42_fin_pos_exp_q,na,2002-01-01,2.2922908519223073
sd,ks_i42_fin_pos_exp_q,na,2002-04-01,1.8852076310616044
sd,ks_i42_fin_pos_exp_q,na,2002-07-01,2.0707718032258553
sd,ks_i42_fin_pos_exp_q,na,2002-10-01,2.1495200659058455
sd,ks_i42_fin_pos_exp_q,na,2003-01-01,1.9189276787696108
sd,ks_i42_fin_pos_exp_q,na,2003-04-01,2.0036940125530984
sd,ks_i42_fin_pos_exp_q,na,2003-07-01,1.9654827946263085
sd,ks_i42_fin_pos_exp_q,na,2003-10-01,2.205968592658997
sd,ks_i42_fin_pos_exp_q,na,2004-01-01,2.192729815755741
sd,ks_i42_fin_pos_exp_q,na,2004-04-01,2.1541248656980363
sd,ks_i42_fin_pos_exp_q,na,2004-07-01,2.123125011955071
sd,ks_i42_fin_pos_exp_q,na,2004-10-01,2.186746882767209
sd,ks_i42_fin_pos_exp_q,na,2005-01-01,1.878405683093852
sd,ks_i42_fin_pos_exp_q,na,2005-04-01,2.0372023060384383
sd,ks_i42_fin_pos_exp_q,na,2005-07-01,1.987115392561369
sd,ks_i42_fin_pos_exp_q,na,2005-10-01,2.1337437615433417
sd,ks_i42_fin_pos_exp_q,na,2006-01-01,2.003686543530629
sd,ks_i42_fin_pos_exp_q,na,2006-04-01,1.9375486597059473
sd,ks_i42_fin_pos_exp_q,na,2006-07-01,2.148206397354961
sd,ks_i42_fin_pos_exp_q,na,2006-10-01,1.9934689917985104
sd,ks_i42_fin_pos_exp_q,na,2007-01-01,1.843882266686155
sd,ks_i42_fin_pos_exp_q,na,2007-04-01,1.808994848910768
sd,ks_i42_fin_pos_exp_q,na,2007-07-01,1.854968853060581
sd,ks_i42_fin_pos_exp_q,na,2007-10-01,2.1418314376770695
sd,ks_i42_fin_pos_exp_q,na,2008-01-01,2.2502972544286446
sd,ks_i42_fin_pos_exp_q,na,2008-04-01,2.3327169583435374
sd,ks_i42_fin_pos_exp_q,na,2008-07-01,2.199816725469015
sd,ks_i42_fin_pos_exp_q,na,2008-10-01,2.366952628319953
sd,ks_i42_fin_pos_exp_q,na,2009-01-01,2.206977610675193
sd,ks_i42_fin_pos_exp_q,na,2009-04-01,2.06753200045774
sd,ks_i42_fin_pos_exp_q,na,2009-07-01,2.118940630320852
sd,ks_i42_fin_pos_exp_q,na,2009-10-01,2.244342485914325
sd,ks_i42_fin_pos_exp_q,na,2010-01-01,2.04558212957217
sd,ks_i42_fin_pos_exp_q,na,2010-04-01,2.2359642687569448
sd,ks_i42_fin_pos_exp_q,na,2010-07-01,2.2432411471656923
sd,ks_i42_fin_pos_exp_q,na,2010-10-01,2.18501981164647
sd,ks_i42_fin_pos_exp_q,na,2011-01-01,2.137963209564879
sd,ks_i42_fin_pos_exp_q,na,2011-04-01,2.0612513039802054
sd,ks_i42_fin_pos_exp_q,na,2011-07-01,1.978820574944142
sd,ks_i42_fin_pos_exp_q,na,2011-10-01,2.094467171809067
sd,ks_i42_fin_pos_exp_q,na,2012-01-01,2.14819075848689
sd,ks_i42_fin_pos_exp_q,na,2012-04-01,2.010636704422363
sd,ks_i42_fin_pos_exp_q,na,2012-07-01,2.0534576570477983
sd,ks_i42_fin_pos_exp_q,na,2012-10-01,2.051848266872711
sd,ks_i42_fin_pos_exp_q,na,2013-01-01,1.954591424410883
sd,ks_i42_fin_pos_exp_q,na,2013-04-01,1.9307564964521229
sd,ks_i42_fin_pos_exp_q,na,2013-07-01,2.0313818384817246
sd,ks_i42_fin_pos_exp_q,na,2013-10-01,2.0625692419586903
sd,ks_i42_fin_pos_exp_q,na,2014-01-01,1.9791886423021252
sd,ks_i42_fin_pos_exp_q,na,2014-04-01,2.154501878369305
sd,ks_i42_fin_pos_exp_q,na,2014-07-01,2.1214472778755806
sd,ks_i42_fin_pos_exp_q,na,2014-10-01,2.1306639209706795
sd,ks_i42_fin_pos_exp_q,na,2015-01-01,2.2089328348880866
sd,ks_i42_fin_pos_exp_q,na,2015-04-01,2.080158456249524
sd,ks_i42_fin_pos_exp_q,na,2015-07-01,2.2768797740609172
sd,ks_i42_fin_pos_exp_q,na,2015-10-01,2.1719931654517977
sd,ks_i42_fin_pos_exp_q,na,2016-01-01,1.997735759944505
sd,ks_i42_fin_pos_exp_q,na,2016-04-01,2.103563340091136
sd,ks_i42_fin_pos_exp_q,na,2016-07-01,2.206358513792258
sd,ks_i42_fin_pos_exp_q,na,2016-10-01,2.1901562328880972
sd,ks_i42_fin_pos_exp_q,na,2017-01-01,2.1395633733263737
sd,ks_i42_fin_pos_exp_q,na,2017-04-01,2.292541576183628
sd,ks_i42_fin_pos_exp_q,na,2017-07-01,2.1768910023985546
sd,ks_i42_fin_pos_exp_q,na,2017-10-01,2.4279219300293
sd,ks_i42_fin_pos_exp_q,na,2018-01-01,2.0073857130597923
sd,ks_i42_fin_pos_exp_q,na,2018-04-01,2.186713187138566
sd,ks_i42_fin_pos_exp_q,na,2018-07-01,2.496807643067623
sd,ks_i42_fin_pos_exp_q,na,2018-10-01,2.1130533224610377
sd,ks_i42_fin_pos_exp_q,na,2019-01-01,2.122523046427829
sd,ks_i42_fin_pos_exp_q,na,2019-04-01,2.068654864837678
sd,ks_i42_fin_pos_exp_q,na,2019-07-01,2.168881623538684
sd,ks_i42_fin_pos_exp_q,na,2019-10-01,2.2509609107919744
sd,ks_i42_fin_pos_exp_q,na,2020-01-01,2.183937466276654
sd,ks_i42_fin_pos_exp_q,na,2020-04-01,1.9350068519054668
sd,ks_i42_fin_pos_exp_q,na,2020-07-01,1.9165663604021697
sd,ks_i42_fin_pos_exp_q,na,2020-10-01,1.9296278924446268
sd,ks_i42_fin_pos_exp_q,na,2021-01-01,1.8237689220206823
sd,ks_i42_fin_pos_exp_q,na,2021-04-01,2.063713647917152
sd,ks_i42_fin_pos_exp_q,na,2021-07-01,1.992475443290105
sd,ks_i42_fin_pos_exp_q,na,2021-10-01,2.103521182266479
sd,ks_i42_fin_pos_exp_q,na,2022-01-01,1.953376369991416
sd,ks_i42_fin_pos_exp_q,na,2022-04-01,2.2176355228861206
sd,ks_i42_fin_pos_exp_q,na,2022-07-01,2.3400916443643984
sd,ks_i42_fin_pos_exp_q,na,2022-10-01,2.634297422057683
sd,ks_i42_fin_pos_exp_q,na,2023-01-01,2.4338976118336317
sd,ks_i42_fin_pos_exp_q,na,2023-04-01,2.591435423617486
sd,ks_i42_fin_pos_exp_q,na,2023-07-01,2.735369017682813
sd,ks_i42_fin_pos_exp_q,na,2023-10-01,2.669499362331078
sd,ks_i42_fin_pos_exp_q,na,2024-01-01,1.5078868879039211
sd,ks_i42_fin_pos_exp_q,na,2024-04-01,1.5834085725922478
sd,ks_i42_fin_pos_exp_q,na,2024-07-01,1.7216789614097734
sd,ks_i42_fin_pos_exp_q,na,2024-10-01,1.75555291581071
sd,ks_i42_fin_pos_exp_q,na,2025-01-01,1.5650977799211698
sd,ks_i42_fin_pos_exp_q,na,2025-04-01,1.9173566948219485
sd,ks_i42_fin_pos_exp_q,na,2025-07-01,1.7183939915479065
sd,ks_i42_fin_pos_exp_q,na,2025-10-01,1.763269653262539
sd,ks_i42_fin_pos_exp_q,na,2026-01-01,1.6775789142998774
sd,ks_i42_fin_pos_exp_q,na,2026-04-01,1.766018576204663
sd,ks_i51_save_q,na,1972-10-01,3.2763526022758387
sd,ks_i51_save_q,na,1973-01-01,3.335684180770109
sd,ks_i51_save_q,na,1973-04-01,3.184161150473885
sd,ks_i51_save_q,na,1973-07-01,3.255167638600787
sd,ks_i51_save_q,na,1973-10-01,2.7878615602283943
sd,ks_i51_save_q,na,1974-01-01,2.9601009030821026
sd,ks_i51_save_q,na,1974-04-01,3.0929413390791183
sd,ks_i51_save_q,na,1974-07-01,3.171675352485264
sd,ks_i51_save_q,na,1974-10-01,2.857441062084478
sd,ks_i51_save_q,na,1975-01-01,3.0453397042875014
sd,ks_i51_save_q,na,1975-04-01,3.2236608452641113
sd,ks_i51_save_q,na,1975-07-01,2.8696556366397825
sd,ks_i51_save_q,na,1975-10-01,2.8413285929664043
sd,ks_i51_save_q,na,1976-01-01,2.830575875501241
sd,ks_i51_save_q,na,1976-04-01,2.750653863362485
sd,ks_i51_save_q,na,1976-07-01,2.7812324956021786
sd,ks_i51_save_q,na,1976-10-01,2.7253253104417343
sd,ks_i51_save_q,na,1977-01-01,2.6665026326502153
sd,ks_i51_save_q,na,1977-04-01,2.622543471267281
sd,ks_i51_save_q,na,1977-07-01,2.5116830012642453
sd,ks_i51_save_q,na,1977-10-01,2.733785106190858
sd,ks_i51_save_q,na,1978-01-01,2.879468801924098
sd,ks_i51_save_q,na,1978-04-01,3.1881382336641586
sd,ks_i51_save_q,na,1978-07-01,3.2237626424005867
sd,ks_i51_save_q,na,1978-10-01,3.125827526576838
sd,ks_i51_save_q,na,1979-01-01,3.2374250251759085
sd,ks_i51_save_q,na,1979-04-01,3.2974621514114033
sd,ks_i51_save_q,na,1979-07-01,3.1629869196280502
sd,ks_i51_save_q,na,1979-10-01,3.037947757481183
sd,ks_i51_save_q,na,1980-01-01,2.847460413976449
sd,ks_i51_save_q,na,1980-04-01,2.907073705883826
sd,ks_i51_save_q,na,1980-07-01,2.7005214423094173
sd,ks_i51_save_q,na,1980-10-01,2.843895204902465
sd,ks_i51_save_q,na,1981-01-01,2.365780400239157
sd,ks_i51_save_q,na,1981-04-01,2.3339038151482407
sd,ks_i51_save_q,na,1981-07-01,2.2305793171966792
sd,ks_i51_save_q,na,1981-10-01,2.249766603032223
sd,ks_i51_save_q,na,1982-01-01,2.2201030886690427
sd,ks_i51_save_q,na,1982-04-01,2.2390329253575825
sd,ks_i51_save_q,na,1982-07-01,2.1548454263362347
sd,ks_i51_save_q,na,1982-10-01,2.2785813305523135
sd,ks_i51_save_q,na,1983-01-01,2.225120494222793
sd,ks_i51_save_q,na,1983-04-01,2.1470008501994595
sd,ks_i51_save_q,na,1983-07-01,2.2426384311679937
sd,ks_i51_save_q,na,1983-10-01,2.1715206247432843
sd,ks_i51_save_q,na,1984-01-01,2.2021130276482257
sd,ks_i51_save_q,na,1984-04-01,2.1295905040396956
sd,ks_i51_save_q,na,1984-07-01,2.208118732522324
sd,ks_i51_save_q,na,1984-10-01,2.312957842936002
sd,ks_i51_save_q,na,1985-01-01,2.159595820120515
sd,ks_i51_save_q,na,1985-04-01,2.2030306224153366
sd,ks_i51_save_q,na,1985-07-01,2.3539812395952033
sd,ks_i51_save_q,na,1985-10-01,2.244292848725866
sd,ks_i51_save_q,na,1986-01-01,2.2637091953917388
sd,ks_i51_save_q,na,1986-04-01,2.2789796742516444
sd,ks_i51_save_q,na,1986-07-01,2.402538652266609
sd,ks_i51_save_q,na,1986-10-01,2.2656656467025864
sd,ks_i51_save_q,na,1987-01-01,2.273615843206614
sd,ks_i51_save_q,na,1987-04-01,2.279798832968043
sd,ks_i51_save_q,na,1987-07-01,2.2560146810995487
sd,ks_i51_save_q,na,1987-10-01,2.2020691352900976
sd,ks_i51_save_q,na,1988-01-01,2.220390041824986
sd,ks_i51_save_q,na,1988-04-01,2.3705094573040695
sd,ks_i51_save_q,na,1988-07-01,2.3817693450762163
sd,ks_i51_save_q,na,1988-10-01,2.28276668927229
sd,ks_i51_save_q,na,1989-01-01,2.231758221522381
sd,ks_i51_save_q,na,1989-04-01,2.2377285141603327
sd,ks_i51_save_q,na,1989-07-01,2.248573200800015
sd,ks_i51_save_q,na,1989-10-01,2.2452034859198093
sd,ks_i51_save_q,na,1990-01-01,2.035105279560869
sd,ks_i51_save_q,na,1990-04-01,2.233479715103769
sd,ks_i51_save_q,na,1990-07-01,2.202676898276063
sd,ks_i51_save_q,na,1990-10-01,2.140677070700956
sd,ks_i51_save_q,na,1991-01-01,2.2688506187508435
sd,ks_i51_save_q,na,1991-04-01,2.21855665097851
sd,ks_i51_save_q,na,1991-07-01,2.228600271513605
sd,ks_i51_save_q,na,1991-10-01,2.21028746809239
sd,ks_i51_save_q,na,1992-01-01,2.3374409504988938
sd,ks_i51_save_q,na,1992-04-01,2.183535757605287
sd,ks_i51_save_q,na,1992-07-01,2.2249653714322912
sd,ks_i51_save_q,na,1992-10-01,2.229724173822301
sd,ks_i51_save_q,na,1993-01-01,2.1590902647752817
sd,ks_i51_save_q,na,1993-04-01,2.2450930030451617
sd,ks_i51_save_q,na,1993-07-01,2.147972956787339
sd,ks_i51_save_q,na,1993-10-01,2.250443812644116
sd,ks_i51_save_q,na,1994-01-01,2.2905876153162117
sd,ks_i51_save_q,na,1994-04-01,2.268462589334144
sd,ks_i51_save_q,na,1994-07-01,2.443924055990076
sd,ks_i51_save_q,na,1994-10-01,2.3181794250935663
sd,ks_i51_save_q,na,1995-01-01,2.3257245001241182
sd,ks_i51_save_q,na,1995-04-01,2.160835565910483
sd,ks_i51_save_q,na,1995-07-01,2.317694293060447
sd,ks_i51_save_q,na,1995-10-01,2.202184402846955
sd,ks_i51_save_q,na,1996-01-01,2.028285935651055
sd,ks_i51_save_q,na,1996-04-01,2.02754031790302
sd,ks_i51_save_q,na,1996-07-01,2.281952880107719
sd,ks_i51_save_q,na,1996-10-01,2.433674583269598
sd,ks_i51_save_q,na,1997-01-01,2.6325339247943305
sd,ks_i51_save_q,na,1997-04-01,2.2845514351937997
sd,ks_i51_save_q,na,1997-07-01,2.581356194476619
sd,ks_i51_save_q,na,1997-10-01,2.3393033241232297
sd,ks_i51_save_q,na,1998-01-01,2.507062828490298
sd,ks_i51_save_q,na,1998-04-01,2.4804347512171367
sd,ks_i51_save_q,na,1998-07-01,2.387970952707335
sd,ks_i51_save_q,na,1998-10-01,2.588193499901144
sd,ks_i51_save_q,na,1999-01-01,2.5054355623432603
sd,ks_i51_save_q,na,1999-04-01,2.5503758630868236
sd,ks_i51_save_q,na,1999-07-01,2.5351621124752404
sd,ks_i51_save_q,na,1999-10-01,2.3897671981973416
sd,ks_i51_save_q,na,2000-01-01,2.5537306481576953
sd,ks_i51_save_q,na,2000-04-01,2.396538176176347
sd,ks_i51_save_q,na,2000-07-01,2.604064781974495
sd,ks_i51_save_q,na,2000-10-01,2.5275558737029633
sd,ks_i51_save_q,na,2001-01-01,2.3587594673061245
sd,ks_i51_save_q,na,2001-04-01,2.4348843098976665
sd,ks_i51_save_q,na,2001-07-01,2.514889855777743
sd,ks_i51_save_q,na,2001-10-01,2.4529510744812275
sd,ks_i51_save_q,na,2002-01-01,2.4586713167962375
sd,ks_i51_save_q,na,2002-04-01,2.482018120759952
sd,ks_i51_save_q,na,2002-07-01,2.6011253956345897
sd,ks_i51_save_q,na,2002-10-01,2.406083268893021
sd,ks_i51_save_q,na,2003-01-01,2.284554024615148
sd,ks_i51_save_q,na,2003-04-01,2.2435098445880777
sd,ks_i51_save_q,na,2003-07-01,2.344594931271901
sd,ks_i51_save_q,na,2003-10-01,2.453666082075919
sd,ks_i51_save_q,na,2004-01-01,2.5695960731502967
sd,ks_i51_save_q,na,2004-04-01,2.4488394561254325
sd,ks_i51_save_q,na,2004-07-01,2.4628250259953832
sd,ks_i51_save_q,na,2004-10-01,2.3244508113949656
sd,ks_i51_save_q,na,2005-01-01,2.2517129773888636
sd,ks_i51_save_q,na,2005-04-01,2.390342882363884
sd,ks_i51_save_q,na,2005-07-01,2.402802518674569
sd,ks_i51_save_q,na,2005-10-01,2.323745714428092
sd,ks_i51_save_q,na,2006-01-01,2.405412830987512
sd,ks_i51_save_q,na,2006-04-01,2.5011917335352214
sd,ks_i51_save_q,na,2006-07-01,2.410264064762773
sd,ks_i51_save_q,na,2006-10-01,2.4537054409451
sd,ks_i51_save_q,na,2007-01-01,2.4450645095344026
sd,ks_i51_save_q,na,2007-04-01,2.275296091585997
sd,ks_i51_save_q,na,2007-07-01,2.5321730619658247
sd,ks_i51_save_q,na,2007-10-01,2.429955113032894
sd,ks_i51_save_q,na,2008-01-01,2.539674779903137
sd,ks_i51_save_q,na,2008-04-01,2.5199024317421412
sd,ks_i51_save_q,na,2008-07-01,2.3378953730774765
sd,ks_i51_save_q,na,2008-10-01,2.3862949471908386
sd,ks_i51_save_q,na,2009-01-01,2.4446435014035446
sd,ks_i51_save_q,na,2009-04-01,2.369850430694443
sd,ks_i51_save_q,na,2009-07-01,2.255418663901843
sd,ks_i51_save_q,na,2009-10-01,2.30705714797701
sd,ks_i51_save_q,na,2010-01-01,2.3356088233735246
sd,ks_i51_save_q,na,2010-04-01,2.4688536751280834
sd,ks_i51_save_q,na,2010-07-01,2.5299180939349117
sd,ks_i51_save_q,na,2010-10-01,2.3159682336317076
sd,ks_i51_save_q,na,2011-01-01,2.522954152764357
sd,ks_i51_save_q,na,2011-04-01,2.312082097844894
sd,ks_i51_save_q,na,2011-07-01,2.2195544336812585
sd,ks_i51_save_q,na,2011-10-01,2.417529157816264
sd,ks_i51_save_q,na,2012-01-01,2.525197372975996
sd,ks_i51_save_q,na,2012-04-01,2.4509074243709437
sd,ks_i51_save_q,na,2012-07-01,2.5289376864619615
sd,ks_i51_save_q,na,2012-10-01,2.3815486817332943
sd,ks_i51_save_q,na,2013-01-01,2.3473450274039847
sd,ks_i51_save_q,na,2013-04-01,2.5247410845248512
sd,ks_i51_save_q,na,2013-07-01,2.49916513122992
sd,ks_i51_save_q,na,2013-10-01,2.383521387856709
sd,ks_i51_save_q,na,2014-01-01,2.479843573787857
sd,ks_i51_save_q,na,2014-04-01,2.532359758298002
sd,ks_i51_save_q,na,2014-07-01,2.585589444290358
sd,ks_i51_save_q,na,2014-10-01,2.51872958463991
sd,ks_i51_save_q,na,2015-01-01,2.523283654793332
sd,ks_i51_save_q,na,2015-04-01,2.5696030557952634
sd,ks_i51_save_q,na,2015-07-01,2.7274306443740044
sd,ks_i51_save_q,na,2015-10-01,2.532059682757377
sd,ks_i51_save_q,na,2016-01-01,2.511374107717959
sd,ks_i51_save_q,na,2016-04-01,2.609867856467179
sd,ks_i51_save_q,na,2016-07-01,2.695747897754705
sd,ks_i51_save_q,na,2016-10-01,2.737183767344439
sd,ks_i51_save_q,na,2017-01-01,2.4713586606219806
sd,ks_i51_save_q,na,2017-04-01,2.683696034648137
sd,ks_i51_save_q,na,2017-07-01,2.5040861444258216
sd,ks_i51_save_q,na,2017-10-01,2.5704359507964334
sd,ks_i51_save_q,na,2018-01-01,2.3591932932167192
sd,ks_i51_save_q,na,2018-04-01,2.588061564288244
sd,ks_i51_save_q,na,2018-07-01,2.7926018928777703
sd,ks_i51_save_q,na,2018-10-01,2.613145093309802
sd,ks_i51_save_q,na,2019-01-01,2.4341451083852768
sd,ks_i51_save_q,na,2019-04-01,2.4749684262698435
sd,ks_i51_save_q,na,2019-07-01,2.577616792957108
sd,ks_i51_save_q,na,2019-10-01,2.6336184701095866
sd,ks_i51_save_q,na,2020-01-01,2.504072060564171
sd,ks_i51_save_q,na,2020-04-01,2.144611800365956
sd,ks_i51_save_q,na,2020-07-01,2.366043715705786
sd,ks_i51_save_q,na,2020-10-01,2.4228212156643547
sd,ks_i51_save_q,na,2021-01-01,2.230610675714698
sd,ks_i51_save_q,na,2021-04-01,2.616919579862619
sd,ks_i51_save_q,na,2021-07-01,2.4927039757190914
sd,ks_i51_save_q,na,2021-10-01,2.672126739115369
sd,ks_i51_save_q,na,2022-01-01,2.4979313200586963
sd,ks_i51_save_q,na,2022-04-01,2.661657064182226
sd,ks_i51_save_q,na,2022-07-01,2.658969960129704
sd,ks_i51_save_q,na,2022-10-01,2.7387210662306134
sd,ks_i51_save_q,na,2023-01-01,2.6317988488973705
sd,ks_i51_save_q,na,2023-04-01,3.054819271785302
sd,ks_i51_save_q,na,2023-07-01,2.9339899410923524
sd,ks_i51_save_q,na,2023-10-01,2.9461152478873487
sd,ks_i51_save_q,na,2024-01-01,1.7193171831487064
sd,ks_i51_save_q,na,2024-04-01,1.895917468346478
sd,ks_i51_save_q,na,2024-07-01,2.0118033326880447
sd,ks_i51_save_q,na,2024-10-01,2.0415979408948077
sd,ks_i51_save_q,na,2025-01-01,1.8515039715375907
sd,ks_i51_save_q,na,2025-04-01,2.1826705225201533
sd,ks_i51_save_q,na,2025-07-01,2.012338760309006
sd,ks_i51_save_q,na,2025-10-01,1.9450667154375323
sd,ks_i51_save_q,na,2026-01-01,1.9278329727264043
sd,ks_i51_save_q,na,2026-04-01,2.0007238612757305
sd,ks_i52_spend_q,na,1972-10-01,4.290330078256204
sd,ks_i52_spend_q,na,1973-01-01,4.332999581715071
sd,ks_i52_spend_q,na,1973-04-01,4.129896363921436
sd,ks_i52_spend_q,na,1973-07-01,4.173158865417062
sd,ks_i52_spend_q,na,1973-10-01,3.733997822894774
sd,ks_i52_spend_q,na,1974-01-01,3.815667878386897
sd,ks_i52_spend_q,na,1974-04-01,3.860236329094005
sd,ks_i52_spend_q,na,1974-07-01,4.015055148066056
sd,ks_i52_spend_q,na,1974-10-01,4.133155647169438
sd,ks_i52_spend_q,na,1975-01-01,3.644340040579382
sd,ks_i52_spend_q,na,1975-04-01,4.0219889476615505
sd,ks_i52_spend_q,na,1975-07-01,3.688028075686237
sd,ks_i52_spend_q,na,1975-10-01,3.7035726150736497
sd,ks_i52_spend_q,na,1976-01-01,3.768078543480907
sd,ks_i52_spend_q,na,1976-04-01,3.615006106229661
sd,ks_i52_spend_q,na,1976-07-01,3.9801649920049815
sd,ks_i52_spend_q,na,1976-10-01,3.7251383781544223
sd,ks_i52_spend_q,na,1977-01-01,3.5978748120603155
sd,ks_i52_spend_q,na,1977-04-01,3.6538932447345935
sd,ks_i52_spend_q,na,1977-07-01,3.4162231770170433
sd,ks_i52_spend_q,na,1977-10-01,3.9788271929246206
sd,ks_i52_spend_q,na,1978-01-01,3.674153974276909
sd,ks_i52_spend_q,na,1978-04-01,3.8820659687442665
sd,ks_i52_spend_q,na,1978-07-01,3.821074411146628
sd,ks_i52_spend_q,na,1978-10-01,3.970302540969078
sd,ks_i52_spend_q,na,1979-01-01,3.828963405339549
sd,ks_i52_spend_q,na,1979-04-01,3.90810544084979
sd,ks_i52_spend_q,na,1979-07-01,4.052059324257318
sd,ks_i52_spend_q,na,1979-10-01,3.772645665579719
sd,ks_i52_spend_q,na,1980-01-01,3.3864601756881463
sd,ks_i52_spend_q,na,1980-04-01,3.064190058958
sd,ks_i52_spend_q,na,1980-07-01,3.111121348546377
sd,ks_i52_spend_q,na,1980-10-01,3.2271763135541844
sd,ks_i52_spend_q,na,1981-01-01,2.6105452936601687
sd,ks_i52_spend_q,na,1981-04-01,2.6761673911497956
sd,ks_i52_spend_q,na,1981-07-01,2.678029415488173
sd,ks_i52_spend_q,na,1981-10-01,2.550629223063221
sd,ks_i52_spend_q,na,1982-01-01,2.6030192029430217
sd,ks_i52_spend_q,na,1982-04-01,2.5364145046783872
sd,ks_i52_spend_q,na,1982-07-01,2.4929375019584947
sd,ks_i52_spend_q,na,1982-10-01,2.4899881061223748
sd,ks_i52_spend_q,na,1983-01-01,2.534995138441753
sd,ks_i52_spend_q,na,1983-04-01,2.5394091870754125
sd,ks_i52_spend_q,na,1983-07-01,2.572927579786379
sd,ks_i52_spend_q,na,1983-10-01,2.5419075210872384
sd,ks_i52_spend_q,na,1984-01-01,2.5462717096650467
sd,ks_i52_spend_q,na,1984-04-01,2.457004809992257
sd,ks_i52_spend_q,na,1984-07-01,2.4267680385896124
sd,ks_i52_spend_q,na,1984-10-01,2.418165378000418
sd,ks_i52_spend_q,na,1985-01-01,2.485192971531514
sd,ks_i52_spend_q,na,1985-04-01,2.394291154121396
sd,ks_i52_spend_q,na,1985-07-01,2.4681193894727795
sd,ks_i52_spend_q,na,1985-10-01,2.450034420168688
sd,ks_i52_spend_q,na,1986-01-01,2.381355233935864
sd,ks_i52_spend_q,na,1986-04-01,2.4356725035676345
sd,ks_i52_spend_q,na,1986-07-01,2.4228857333132425
sd,ks_i52_spend_q,na,1986-10-01,2.49883367817472
sd,ks_i52_spend_q,na,1987-01-01,2.5306925605294666
sd,ks_i52_spend_q,na,1987-04-01,2.539681589833316
sd,ks_i52_spend_q,na,1987-07-01,2.5540707288311304
sd,ks_i52_spend_q,na,1987-10-01,2.4467420075337483
sd,ks_i52_spend_q,na,1988-01-01,2.538754392833954
sd,ks_i52_spend_q,na,1988-04-01,2.4883173826752794
sd,ks_i52_spend_q,na,1988-07-01,2.4245530901612753
sd,ks_i52_spend_q,na,1988-10-01,2.371827734541336
sd,ks_i52_spend_q,na,1989-01-01,2.464062091167688
sd,ks_i52_spend_q,na,1989-04-01,2.4766770957865543
sd,ks_i52_spend_q,na,1989-07-01,2.4062258479364056
sd,ks_i52_spend_q,na,1989-10-01,2.3472229086209824
sd,ks_i52_spend_q,na,1990-01-01,2.5212388791834117
sd,ks_i52_spend_q,na,1990-04-01,2.539192681278129
sd,ks_i52_spend_q,na,1990-07-01,2.552820277251646
sd,ks_i52_spend_q,na,1990-10-01,2.5518003868539267
sd,ks_i52_spend_q,na,1991-01-01,2.345598835201922
sd,ks_i52_spend_q,na,1991-04-01,2.3346372466741196
sd,ks_i52_spend_q,na,1991-07-01,2.405503566967293
sd,ks_i52_spend_q,na,1991-10-01,2.387869291510032
sd,ks_i52_spend_q,na,1992-01-01,2.352783570790746
sd,ks_i52_spend_q,na,1992-04-01,2.345954552362234
sd,ks_i52_spend_q,na,1992-07-01,2.483392710396916
sd,ks_i52_spend_q,na,1992-10-01,2.412822696132513
sd,ks_i52_spend_q,na,1993-01-01,2.555796456018423
sd,ks_i52_spend_q,na,1993-04-01,2.560443070489049
sd,ks_i52_spend_q,na,1993-07-01,2.6096540039448017
sd,ks_i52_spend_q,na,1993-10-01,2.6311002397860377
sd,ks_i52_spend_q,na,1994-01-01,2.629988919105186
sd,ks_i52_spend_q,na,1994-04-01,2.5726095741679487
sd,ks_i52_spend_q,na,1994-07-01,2.553461534477241
sd,ks_i52_spend_q,na,1994-10-01,2.644382722208536
sd,ks_i52_spend_q,na,1995-01-01,2.5065655337677515
sd,ks_i52_spend_q,na,1995-04-01,2.566080944952206
sd,ks_i52_spend_q,na,1995-07-01,2.626101272024237
sd,ks_i52_spend_q,na,1995-10-01,2.5617397045216164
sd,ks_i52_spend_q,na,1996-01-01,2.6188155713575747
sd,ks_i52_spend_q,na,1996-04-01,2.371462979738835
sd,ks_i52_spend_q,na,1996-07-01,2.5994467683734293
sd,ks_i52_spend_q,na,1996-10-01,2.7336309009065256
sd,ks_i52_spend_q,na,1997-01-01,2.8139227416698707
sd,ks_i52_spend_q,na,1997-04-01,2.8213996713514744
sd,ks_i52_spend_q,na,1997-07-01,2.900142449947725
sd,ks_i52_spend_q,na,1997-10-01,2.617561049771104
sd,ks_i52_spend_q,na,1998-01-01,2.732624062021051
sd,ks_i52_spend_q,na,1998-04-01,2.7718374629736906
sd,ks_i52_spend_q,na,1998-07-01,2.8083528392255586
sd,ks_i52_spend_q,na,1998-10-01,2.8184899985924563
sd,ks_i52_spend_q,na,1999-01-01,2.7947855072062144
sd,ks_i52_spend_q,na,1999-04-01,2.737096962713583
sd,ks_i52_spend_q,na,1999-07-01,2.7337556802417495
sd,ks_i52_spend_q,na,1999-10-01,2.694536468237485
sd,ks_i52_spend_q,na,2000-01-01,2.606899887425802
sd,ks_i52_spend_q,na,2000-04-01,2.7136089758242017
sd,ks_i52_spend_q,na,2000-07-01,2.6554149317010753
sd,ks_i52_spend_q,na,2000-10-01,2.550977243397615
sd,ks_i52_spend_q,na,2001-01-01,2.574712976461718
sd,ks_i52_spend_q,na,2001-04-01,2.716915537025565
sd,ks_i52_spend_q,na,2001-07-01,2.6856582803554145
sd,ks_i52_spend_q,na,2001-10-01,2.543945040082296
sd,ks_i52_spend_q,na,2002-01-01,2.626231871607831
sd,ks_i52_spend_q,na,2002-04-01,2.584590033508391
sd,ks_i52_spend_q,na,2002-07-01,2.5781586120741737
sd,ks_i52_spend_q,na,2002-10-01,2.519462542910831
sd,ks_i52_spend_q,na,2003-01-01,2.579104744146538
sd,ks_i52_spend_q,na,2003-04-01,2.620818585135942
sd,ks_i52_spend_q,na,2003-07-01,2.6715976051038104
sd,ks_i52_spend_q,na,2003-10-01,2.6555087760020735
sd,ks_i52_spend_q,na,2004-01-01,2.596398667807519
sd,ks_i52_spend_q,na,2004-04-01,2.5901752964448836
sd,ks_i52_spend_q,na,2004-07-01,2.558960984618756
sd,ks_i52_spend_q,na,2004-10-01,2.4655230934835304
sd,ks_i52_spend_q,na,2005-01-01,2.500761298636874
sd,ks_i52_spend_q,na,2005-04-01,2.546481111594707
sd,ks_i52_spend_q,na,2005-07-01,2.5282206947007864
sd,ks_i52_spend_q,na,2005-10-01,2.494290050126116
sd,ks_i52_spend_q,na,2006-01-01,2.6083780628453694
sd,ks_i52_spend_q,na,2006-04-01,2.5670244592580587
sd,ks_i52_spend_q,na,2006-07-01,2.5739579407672912
sd,ks_i52_spend_q,na,2006-10-01,2.479621196788824
sd,ks_i52_spend_q,na,2007-01-01,2.555961544104437
sd,ks_i52_spend_q,na,2007-04-01,2.6562434194566062
sd,ks_i52_spend_q,na,2007-07-01,2.5284755667207146
sd,ks_i52_spend_q,na,2007-10-01,2.577580233138712
sd,ks_i52_spend_q,na,2008-01-01,2.5512695287023437
sd,ks_i52_spend_q,na,2008-04-01,2.457590561714673
sd,ks_i52_spend_q,na,2008-07-01,2.430863574333009
sd,ks_i52_spend_q,na,2008-10-01,2.399016341877238
sd,ks_i52_spend_q,na,2009-01-01,2.5837727217152513
sd,ks_i52_spend_q,na,2009-04-01,2.5853838109385814
sd,ks_i52_spend_q,na,2009-07-01,2.6099826901485828
sd,ks_i52_spend_q,na,2009-10-01,2.4899902947797403
sd,ks_i52_spend_q,na,2010-01-01,2.462498826495807
sd,ks_i52_spend_q,na,2010-04-01,2.559661393337512
sd,ks_i52_spend_q,na,2010-07-01,2.535783853990287
sd,ks_i52_spend_q,na,2010-10-01,2.4609037229614756
sd,ks_i52_spend_q,na,2011-01-01,2.587871289418611
sd,ks_i52_spend_q,na,2011-04-01,2.4271603389603196
sd,ks_i52_spend_q,na,2011-07-01,2.5000794077646944
sd,ks_i52_spend_q,na,2011-10-01,2.619065343321633
sd,ks_i52_spend_q,na,2012-01-01,2.42847461283869
sd,ks_i52_spend_q,na,2012-04-01,2.382625426719724
sd,ks_i52_spend_q,na,2012-07-01,2.4927226111329825
sd,ks_i52_spend_q,na,2012-10-01,2.375837044438357
sd,ks_i52_spend_q,na,2013-01-01,2.31015568641978
sd,ks_i52_spend_q,na,2013-04-01,2.3930199591687926
sd,ks_i52_spend_q,na,2013-07-01,2.4273493357255127
sd,ks_i52_spend_q,na,2013-10-01,2.4725532849089396
sd,ks_i52_spend_q,na,2014-01-01,2.3680692158183096
sd,ks_i52_spend_q,na,2014-04-01,2.4040237845246035
sd,ks_i52_spend_q,na,2014-07-01,2.3485608338222947
sd,ks_i52_spend_q,na,2014-10-01,2.346331132506891
sd,ks_i52_spend_q,na,2015-01-01,2.5133624470887894
sd,ks_i52_spend_q,na,2015-04-01,2.53696329807138
sd,ks_i52_spend_q,na,2015-07-01,2.526804468060051
sd,ks_i52_spend_q,na,2015-10-01,2.4080175760615297
sd,ks_i52_spend_q,na,2016-01-01,2.3456610778220006
sd,ks_i52_spend_q,na,2016-04-01,2.453144607135236
sd,ks_i52_spend_q,na,2016-07-01,2.526029423599292
sd,ks_i52_spend_q,na,2016-10-01,2.507488673343566
sd,ks_i52_spend_q,na,2017-01-01,2.288273058991365
sd,ks_i52_spend_q,na,2017-04-01,2.322361009494467
sd,ks_i52_spend_q,na,2017-07-01,2.228201007501008
sd,ks_i52_spend_q,na,2017-10-01,2.2427781763117993
sd,ks_i52_spend_q,na,2018-01-01,1.9526561872919528
sd,ks_i52_spend_q,na,2018-04-01,2.013788313235115
sd,ks_i52_spend_q,na,2018-07-01,2.250784519537036
sd,ks_i52_spend_q,na,2018-10-01,2.0244147733773334
sd,ks_i52_spend_q,na,2019-01-01,1.9896945060440576
sd,ks_i52_spend_q,na,2019-04-01,2.0377683273867824
sd,ks_i52_spend_q,na,2019-07-01,2.084547350550075
sd,ks_i52_spend_q,na,2019-10-01,2.0450291401934386
sd,ks_i52_spend_q,na,2020-01-01,2.036087137996653
sd,ks_i52_spend_q,na,2020-04-01,1.6227789576452487
sd,ks_i52_spend_q,na,2020-07-01,2.038574380717969
sd,ks_i52_spend_q,na,2020-10-01,1.9757112332725504
sd,ks_i52_spend_q,na,2021-01-01,1.9803275695347509
sd,ks_i52_spend_q,na,2021-04-01,2.05788788013109
sd,ks_i52_spend_q,na,2021-07-01,2.010788986441741
sd,ks_i52_spend_q,na,2021-10-01,2.0255814466605364
sd,ks_i52_spend_q,na,2022-01-01,1.9169511197638256
sd,ks_i52_spend_q,na,2022-04-01,1.9402790149018123
sd,ks_i52_spend_q,na,2022-07-01,1.831072834474571
sd,ks_i52_spend_q,na,2022-10-01,1.9384581852840581
sd,ks_i52_spend_q,na,2023-01-01,1.9081069384312817
sd,ks_i52_spend_q,na,2023-04-01,1.9398400489162
sd,ks_i52_spend_q,na,2023-07-01,2.058525049429088
sd,ks_i52_spend_q,na,2023-10-01,2.0012771289888867
sd,ks_i52_spend_q,na,2024-01-01,0.992720500874736
sd,ks_i52_spend_q,na,2024-04-01,1.0611689687269268
sd,ks_i52_spend_q,na,2024-07-01,1.1244199882939303
sd,ks_i52_spend_q,na,2024-10-01,1.121931145181157
sd,ks_i52_spend_q,na,2025-01-01,1.0504408890998007
sd,ks_i52_spend_q,na,2025-04-01,1.2903395957759989
sd,ks_i52_spend_q,na,2025-07-01,1.1396924839612916
sd,ks_i52_spend_q,na,2025-10-01,1.144565766424931
sd,ks_i52_spend_q,na,2026-01-01,1.0944448172176269
sd,ks_i52_spend_q,na,2026-04-01,1.160384573811983
sd,ks_i53_save_exp_q,na,2007-04-01,6.2813837896537725
sd,ks_i53_save_exp_q,na,2007-07-01,6.431894926668938
sd,ks_i53_save_exp_q,na,2007-10-01,9.54757523124971
sd,ks_i53_save_exp_q,na,2008-01-01,6.1226323768357105
sd,ks_i53_save_exp_q,na,2008-04-01,4.507322813973495
sd,ks_i53_save_exp_q,na,2008-07-01,4.6532024242352374
sd,ks_i53_save_exp_q,na,2008-10-01,4.431528210444554
sd,ks_i53_save_exp_q,na,2009-01-01,4.501981839712962
sd,ks_i53_save_exp_q,na,2009-04-01,4.531197731583559
sd,ks_i53_save_exp_q,na,2009-07-01,4.4668197007503405
sd,ks_i53_save_exp_q,na,2009-10-01,4.404586479698242
sd,ks_i53_save_exp_q,na,2010-01-01,4.491279725170419
sd,ks_i53_save_exp_q,na,2010-04-01,4.473434132729348
sd,ks_i53_save_exp_q,na,2010-07-01,4.505466979306366
sd,ks_i53_save_exp_q,na,2010-10-01,4.473225017518016
sd,ks_i53_save_exp_q,na,2011-01-01,4.522675940869904
sd,ks_i53_save_exp_q,na,2011-04-01,4.225525340846415
sd,ks_i53_save_exp_q,na,2011-07-01,4.066376177228573
sd,ks_i53_save_exp_q,na,2011-10-01,4.207119408590379
sd,ks_i53_save_exp_q,na,2012-01-01,4.361687523457944
sd,ks_i53_save_exp_q,na,2012-04-01,4.253987915985072
sd,ks_i53_save_exp_q,na,2012-07-01,4.302754279819584
sd,ks_i53_save_exp_q,na,2012-10-01,4.131560104185582
sd,ks_i53_save_exp_q,na,2013-01-01,4.076192944663045
sd,ks_i53_save_exp_q,na,2013-04-01,4.269912484048102
sd,ks_i53_save_exp_q,na,2013-07-01,4.367416777691619
sd,ks_i53_save_exp_q,na,2013-10-01,4.504139206969756
sd,ks_i53_save_exp_q,na,2014-01-01,4.345195267939141
sd,ks_i53_save_exp_q,na,2014-04-01,4.59055089751749
sd,ks_i53_save_exp_q,na,2014-07-01,4.390385847344847
sd,ks_i53_save_exp_q,na,2014-10-01,4.311260065166401
sd,ks_i53_save_exp_q,na,2015-01-01,4.446842995158149
sd,ks_i53_save_exp_q,na,2015-04-01,4.450469288319215
sd,ks_i53_save_exp_q,na,2015-07-01,4.632921435924437
sd,ks_i53_save_exp_q,na,2015-10-01,4.404964848650425
sd,ks_i53_save_exp_q,na,2016-01-01,4.059600007359289
sd,ks_i53_save_exp_q,na,2016-04-01,4.350176216891806
sd,ks_i53_save_exp_q,na,2016-07-01,4.59948090014825
sd,ks_i53_save_exp_q,na,2016-10-01,4.530400333733938
sd,ks_i53_save_exp_q,na,2017-01-01,4.1849680265192415
sd,ks_i53_save_exp_q,na,2017-04-01,4.449230779488277
sd,ks_i53_save_exp_q,na,2017-07-01,4.243446923564323
sd,ks_i53_save_exp_q,na,2017-10-01,4.30373448333684
sd,ks_i53_save_exp_q,na,2018-01-01,3.731002585499009
sd,ks_i53_save_exp_q,na,2018-04-01,4.135359502837142
sd,ks_i53_save_exp_q,na,2018-07-01,4.5157387841178585
sd,ks_i53_save_exp_q,na,2018-10-01,4.122501796846382
sd,ks_i53_save_exp_q,na,2019-01-01,3.994177446974795
sd,ks_i53_save_exp_q,na,2019-04-01,4.05657403396974
sd,ks_i53_save_exp_q,na,2019-07-01,4.128482622939732
sd,ks_i53_save_exp_q,na,2019-10-01,4.075360510135176
sd,ks_i53_save_exp_q,na,2020-01-01,3.996480048001701
sd,ks_i53_save_exp_q,na,2020-04-01,3.337021865471236
sd,ks_i53_save_exp_q,na,2020-07-01,3.852324885173642
sd,ks_i53_save_exp_q,na,2020-10-01,3.769200852864933
sd,ks_i53_save_exp_q,na,2021-01-01,3.6495521076209214
sd,ks_i53_save_exp_q,na,2021-04-01,3.89443971850626
sd,ks_i53_save_exp_q,na,2021-07-01,4.015937020955179
sd,ks_i53_save_exp_q,na,2021-10-01,4.065629318795427
sd,ks_i53_save_exp_q,na,2022-01-01,3.897726463730116
sd,ks_i53_save_exp_q,na,2022-04-01,3.9872940648494617
sd,ks_i53_save_exp_q,na,2022-07-01,3.989984190344217
sd,ks_i53_save_exp_q,na,2022-10-01,4.215998347443428
sd,ks_i53_save_exp_q,na,2023-01-01,4.00988970199316
sd,ks_i53_save_exp_q,na,2023-04-01,4.385931361449963
sd,ks_i53_save_exp_q,na,2023-07-01,4.656103852739457
sd,ks_i53_save_exp_q,na,2023-10-01,4.344662124449677
sd,ks_i53_save_exp_q,na,2024-01-01,2.3098895254039022
sd,ks_i53_save_exp_q,na,2024-04-01,2.5410280860165257
sd,ks_i53_save_exp_q,na,2024-07-01,2.710493147455406
sd,ks_i53_save_exp_q,na,2024-10-01,2.712299914701308
sd,ks_i53_save_exp_q,na,2025-01-01,2.4652610585010355
sd,ks_i53_save_exp_q,na,2025-04-01,2.8930749493932595
sd,ks_i53_save_exp_q,na,2025-07-01,2.6937277156106942
sd,ks_i53_save_exp_q,na,2025-10-01,2.632152689748592
sd,ks_i53_save_exp_q,na,2026-01-01,2.566804839006603
sd,ks_i53_save_exp_q,na,2026-04-01,2.727728884448186
sd,ks_i62_index_q,na,2008-04-01,1.8688180936167689
sd,ks_i62_index_q,na,2008-07-01,1.8881809734094164
sd,ks_i62_index_q,na,2008-10-01,1.8942407621063404
sd,ks_i62_index_q,na,2009-01-01,1.8284053832734597
sd,ks_i62_index_q,na,2009-04-01,1.8342546971296705
sd,ks_i62_index_q,na,2009-07-01,1.8949837860363188
sd,ks_i62_index_q,na,2009-10-01,1.934750224015751
sd,ks_i62_index_q,na,2010-01-01,1.8617093464549304
sd,ks_i62_index_q,na,2010-04-01,2.078434841790958
sd,ks_i62_index_q,na,2010-07-01,1.9513808905202976
sd,ks_i62_index_q,na,2010-10-01,2.004709043527547
sd,ks_i62_index_q,na,2011-01-01,1.873986987755784
sd,ks_i62_index_q,na,2011-04-01,1.7767356782965007
sd,ks_i62_index_q,na,2011-07-01,1.7679794013653758
sd,ks_i62_index_q,na,2011-10-01,1.7767033709203743
sd,ks_i62_index_q,na,2012-01-01,1.8790008532699405
sd,ks_i62_index_q,na,2012-04-01,1.8077871909315264
sd,ks_i62_index_q,na,2012-07-01,1.7614555683060589
sd,ks_i62_index_q,na,2012-10-01,1.7463584327395538
sd,ks_i62_index_q,na,2013-01-01,1.7172871137799104
sd,ks_i62_index_q,na,2013-04-01,1.7454905782983432
sd,ks_i62_index_q,na,2013-07-01,1.7741752741517718
sd,ks_i62_index_q,na,2013-10-01,1.8478617579375216
sd,ks_i62_index_q,na,2014-01-01,1.7785536376163824
sd,ks_i62_index_q,na,2014-04-01,1.890200792988104
sd,ks_i62_index_q,na,2014-07-01,1.7515229065245423
sd,ks_i62_index_q,na,2014-10-01,1.739762516220687
sd,ks_i62_index_q,na,2015-01-01,1.8136703360880737
sd,ks_i62_index_q,na,2015-04-01,1.7382843141432194
sd,ks_i62_index_q,na,2015-07-01,1.9219164419195145
sd,ks_i62_index_q,na,2015-10-01,1.8093569232993651
sd,ks_i62_index_q,na,2016-01-01,1.6417684165377713
sd,ks_i62_index_q,na,2016-04-01,1.8190950445117724
sd,ks_i62_index_q,na,2016-07-01,1.9301241718582756
sd,ks_i62_index_q,na,2016-10-01,1.8795795195479237
sd,ks_i62_index_q,na,2017-01-01,1.7593384075489504
sd,ks_i62_index_q,na,2017-04-01,1.8626422097709212
sd,ks_i62_index_q,na,2017-07-01,1.7128960156240884
sd,ks_i62_index_q,na,2017-10-01,1.8492895899287944
sd,ks_i62_index_q,na,2018-01-01,1.6748644667640613
sd,ks_i62_index_q,na,2018-04-01,1.7825801866200883
sd,ks_i62_index_q,na,2018-07-01,1.9148575199243152
sd,ks_i62_index_q,na,2018-10-01,1.741226885601613
sd,ks_i62_index_q,na,2019-01-01,1.713786306499527
sd,ks_i62_index_q,na,2019-04-01,1.686064393598196
sd,ks_i62_index_q,na,2019-07-01,1.7522829898635048
sd,ks_i62_index_q,na,2019-10-01,1.753285830425238
sd,ks_i62_index_q,na,2020-01-01,1.7317556681816626
sd,ks_i62_index_q,na,2020-04-01,1.5950066773878206
sd,ks_i62_index_q,na,2020-07-01,1.7860839756883524
sd,ks_i62_index_q,na,2020-10-01,1.7027647725109882
sd,ks_i62_index_q,na,2021-01-01,1.7263065848682744
sd,ks_i62_index_q,na,2021-04-01,1.9770434385302085
sd,ks_i62_index_q,na,2021-07-01,1.9023538037153689
sd,ks_i62_index_q,na,2021-10-01,1.8909525736418429
sd,ks_i62_index_q,na,2022-01-01,1.7594021918300349
sd,ks_i62_index_q,na,2022-04-01,1.9354406312830892
sd,ks_i62_index_q,na,2022-07-01,1.8880332859071312
sd,ks_i62_index_q,na,2022-10-01,2.0272125765024143
sd,ks_i62_index_q,na,2023-01-01,1.990032629223639
sd,ks_i62_index_q,na,2023-04-01,2.10273110094467
sd,ks_i62_index_q,na,2023-07-01,2.105777487792525
sd,ks_i62_index_q,na,2023-10-01,2.075763272143903
sd,ks_i62_index_q,na,2024-01-01,1.1686811135505195
sd,ks_i62_index_q,na,2024-04-01,1.2410127660745445
sd,ks_i62_index_q,na,2024-07-01,1.324394255912079
sd,ks_i62_index_q,na,2024-10-01,1.347257205635644
sd,ks_i62_index_q,na,2025-01-01,1.2062969317041194
sd,ks_i62_index_q,na,2025-04-01,1.4292729510353546
sd,ks_i62_index_q,na,2025-07-01,1.3149920068588452
sd,ks_i62_index_q,na,2025-10-01,1.3214265658940771
sd,ks_i62_index_q,na,2026-01-01,1.2632182836109551
sd,ks_i62_index_q,na,2026-04-01,1.334110040846358
sd,ks_i63_index_q,na,1972-10-01,2.456302160755381
sd,ks_i63_index_q,na,1973-01-01,2.4328959168235165
sd,ks_i63_index_q,na,1973-04-01,2.4262490306119733
sd,ks_i63_index_q,na,1973-07-01,2.3734813803164623
sd,ks_i63_index_q,na,1973-10-01,2.345213434733259
sd,ks_i63_index_q,na,1974-01-01,2.2071487256531146
sd,ks_i63_index_q,na,1974-04-01,2.3358535074862226
sd,ks_i63_index_q,na,1974-07-01,2.1900309105460884
sd,ks_i63_index_q,na,1974-10-01,2.37478782620038
sd,ks_i63_index_q,na,1975-01-01,2.1133356053823893
sd,ks_i63_index_q,na,1975-04-01,2.149062194008321
sd,ks_i63_index_q,na,1975-07-01,2.0071500798869835
sd,ks_i63_index_q,na,1975-10-01,2.002666933569079
sd,ks_i63_index_q,na,1976-01-01,2.025422656267942
sd,ks_i63_index_q,na,1976-04-01,1.654325559963448
sd,ks_i63_index_q,na,1976-07-01,1.896609469639695
sd,ks_i63_index_q,na,1976-10-01,1.6830268766312284
sd,ks_i63_index_q,na,1977-01-01,1.825763541315348
sd,ks_i63_index_q,na,1977-04-01,1.7944633901036406
sd,ks_i63_index_q,na,1977-07-01,1.6619614695553893
sd,ks_i63_index_q,na,1977-10-01,2.001327752200998
sd,ks_i63_index_q,na,1978-01-01,1.8098581840741823
sd,ks_i63_index_q,na,1978-04-01,1.9983277513368112
sd,ks_i63_index_q,na,1978-07-01,1.954161480999756
sd,ks_i63_index_q,na,1978-10-01,1.887858161706296
sd,ks_i63_index_q,na,1979-01-01,2.0369834992789873
sd,ks_i63_index_q,na,1979-04-01,1.935342224083443
sd,ks_i63_index_q,na,1979-07-01,2.061594175592998
sd,ks_i63_index_q,na,1979-10-01,1.8735648179642843
sd,ks_i63_index_q,na,1980-01-01,1.6497440682674471
sd,ks_i63_index_q,na,1980-04-01,1.6623682009081906
sd,ks_i63_index_q,na,1980-07-01,1.5506889937103057
sd,ks_i63_index_q,na,1980-10-01,1.6596791772330324
sd,ks_i63_index_q,na,1981-01-01,1.4601556175926642
sd,ks_i63_index_q,na,1981-04-01,1.4744703110811548
sd,ks_i63_index_q,na,1981-07-01,1.4858643948445889
sd,ks_i63_index_q,na,1981-10-01,1.4312179587642044
sd,ks_i63_index_q,na,1982-01-01,1.3474535925697246
sd,ks_i63_index_q,na,1982-04-01,1.4589353960585765
sd,ks_i63_index_q,na,1982-07-01,1.4356468055203098
sd,ks_i63_index_q,na,1982-10-01,1.3765702538615197
sd,ks_i63_index_q,na,1983-01-01,1.382346083950639
sd,ks_i63_index_q,na,1983-04-01,1.418228363275315
sd,ks_i63_index_q,na,1983-07-01,1.43679273895444
sd,ks_i63_index_q,na,1983-10-01,1.4895745878874438
sd,ks_i63_index_q,na,1984-01-01,1.4479869248208406
sd,ks_i63_index_q,na,1984-04-01,1.4350831607678496
sd,ks_i63_index_q,na,1984-07-01,1.4411286923769164
sd,ks_i63_index_q,na,1984-10-01,1.3883208690878133
sd,ks_i63_index_q,na,1985-01-01,1.4428617314331067
sd,ks_i63_index_q,na,1985-04-01,1.4184732886823377
sd,ks_i63_index_q,na,1985-07-01,1.3885208726232638
sd,ks_i63_index_q,na,1985-10-01,1.3340182299052372
sd,ks_i63_index_q,na,1986-01-01,1.3865362465769508
sd,ks_i63_index_q,na,1986-04-01,1.434663044714156
sd,ks_i63_index_q,na,1986-07-01,1.4732415069989595
sd,ks_i63_index_q,na,1986-10-01,1.3811135479058605
sd,ks_i63_index_q,na,1987-01-01,1.388995339386779
sd,ks_i63_index_q,na,1987-04-01,1.4220531448210387
sd,ks_i63_index_q,na,1987-07-01,1.3879963610321278
sd,ks_i63_index_q,na,1987-10-01,1.3520832930308877
sd,ks_i63_index_q,na,1988-01-01,1.469823213539029
sd,ks_i63_index_q,na,1988-04-01,1.381378317059615
sd,ks_i63_index_q,na,1988-07-01,1.386873268328212
sd,ks_i63_index_q,na,1988-10-01,1.4041568264914748
sd,ks_i63_index_q,na,1989-01-01,1.3465854337902146
sd,ks_i63_index_q,na,1989-04-01,1.3946282530498877
sd,ks_i63_index_q,na,1989-07-01,1.441140847546185
sd,ks_i63_index_q,na,1989-10-01,1.3472845950565375
sd,ks_i63_index_q,na,1990-01-01,1.5733814021481187
sd,ks_i63_index_q,na,1990-04-01,1.5237542845406389
sd,ks_i63_index_q,na,1990-07-01,1.4919644392378322
sd,ks_i63_index_q,na,1990-10-01,1.603753310282367
sd,ks_i63_index_q,na,1991-01-01,1.462718118169189
sd,ks_i63_index_q,na,1991-04-01,1.473862283850352
sd,ks_i63_index_q,na,1991-07-01,1.4676542450147574
sd,ks_i63_index_q,na,1991-10-01,1.6849729725047586
sd,ks_i63_index_q,na,1992-01-01,1.5062405440661908
sd,ks_i63_index_q,na,1992-04-01,1.5193954457817775
sd,ks_i63_index_q,na,1992-07-01,1.6786236248595965
sd,ks_i63_index_q,na,1992-10-01,1.5215303157469575
sd,ks_i63_index_q,na,1993-01-01,1.5835231663847975
sd,ks_i63_index_q,na,1993-04-01,1.5606667017605365
sd,ks_i63_index_q,na,1993-07-01,1.550266611329734
sd,ks_i63_index_q,na,1993-10-01,1.5699390043614023
sd,ks_i63_index_q,na,1994-01-01,1.6036739435036105
sd,ks_i63_index_q,na,1994-04-01,1.4761470134149044
sd,ks_i63_index_q,na,1994-07-01,1.5928354327556875
sd,ks_i63_index_q,na,1994-10-01,1.6238653969939685
sd,ks_i63_index_q,na,1995-01-01,1.5926054214022636
sd,ks_i63_index_q,na,1995-04-01,1.4401255697043198
sd,ks_i63_index_q,na,1995-07-01,1.3970901073587385
sd,ks_i63_index_q,na,1995-10-01,1.4459272874356304
sd,ks_i63_index_q,na,1996-01-01,1.5222000364438502
sd,ks_i63_index_q,na,1996-04-01,1.3430455096690204
sd,ks_i63_index_q,na,1996-07-01,1.6654170770599217
sd,ks_i63_index_q,na,1996-10-01,1.6426849873963236
sd,ks_i63_index_q,na,1997-01-01,1.5858104618816389
sd,ks_i63_index_q,na,1997-04-01,1.5621801190289806
sd,ks_i63_index_q,na,1997-07-01,1.7116507257218276
sd,ks_i63_index_q,na,1997-10-01,1.5772555804405322
sd,ks_i63_index_q,na,1998-01-01,1.6413429315612384
sd,ks_i63_index_q,na,1998-04-01,1.700093922623503
sd,ks_i63_index_q,na,1998-07-01,1.5530071089521609
sd,ks_i63_index_q,na,1998-10-01,1.6208360427872377
sd,ks_i63_index_q,na,1999-01-01,1.542709044190995
sd,ks_i63_index_q,na,1999-04-01,1.5379277133918932
sd,ks_i63_index_q,na,1999-07-01,1.6406662339832905
sd,ks_i63_index_q,na,1999-10-01,1.6660485755464614
sd,ks_i63_index_q,na,2000-01-01,1.675030728386214
sd,ks_i63_index_q,na,2000-04-01,1.5907118882286222
sd,ks_i63_index_q,na,2000-07-01,1.6905805915553032
sd,ks_i63_index_q,na,2000-10-01,1.5657487703505324
sd,ks_i63_index_q,na,2001-01-01,1.5488038922573288
sd,ks_i63_index_q,na,2001-04-01,1.5536976376229743
sd,ks_i63_index_q,na,2001-07-01,1.6198816890688104
sd,ks_i63_index_q,na,2001-10-01,1.4926955215223074
sd,ks_i63_index_q,na,2002-01-01,1.6134924696099169
sd,ks_i63_index_q,na,2002-04-01,1.5046053885501285
sd,ks_i63_index_q,na,2002-07-01,1.5712350206635632
sd,ks_i63_index_q,na,2002-10-01,1.589536756130441
sd,ks_i63_index_q,na,2003-01-01,1.4490646714848137
sd,ks_i63_index_q,na,2003-04-01,1.4893539703698144
sd,ks_i63_index_q,na,2003-07-01,1.5572248459784106
sd,ks_i63_index_q,na,2003-10-01,1.6416847494891675
sd,ks_i63_index_q,na,2004-01-01,1.5967395805071856
sd,ks_i63_index_q,na,2004-04-01,1.572025118552672
sd,ks_i63_index_q,na,2004-07-01,1.6309210889843315
sd,ks_i63_index_q,na,2004-10-01,1.639370909466633
sd,ks_i63_index_q,na,2005-01-01,1.494761947607951
sd,ks_i63_index_q,na,2005-04-01,1.531012026850244
sd,ks_i63_index_q,na,2005-07-01,1.55629147801957
sd,ks_i63_index_q,na,2005-10-01,1.575619197575024
sd,ks_i63_index_q,na,2006-01-01,1.6309197556317925
sd,ks_i63_index_q,na,2006-04-01,1.578284663700854
sd,ks_i63_index_q,na,2006-07-01,1.609306713500459
sd,ks_i63_index_q,na,2006-10-01,1.5498333464082648
sd,ks_i63_index_q,na,2007-01-01,1.5092839369494957
sd,ks_i63_index_q,na,2007-04-01,1.513492315951278
sd,ks_i63_index_q,na,2007-07-01,1.452590374162642
sd,ks_i63_index_q,na,2007-10-01,1.5158617437351023
sd,ks_i63_index_q,na,2008-01-01,1.5829036266627663
sd,ks_i63_index_q,na,2008-04-01,1.6127017871614386
sd,ks_i63_index_q,na,2008-07-01,1.5573792161558646
sd,ks_i63_index_q,na,2008-10-01,1.6356697493160963
sd,ks_i63_index_q,na,2009-01-01,1.5070780393066343
sd,ks_i63_index_q,na,2009-04-01,1.4777600768397734
sd,ks_i63_index_q,na,2009-07-01,1.547811594780429
sd,ks_i63_index_q,na,2009-10-01,1.5899016657109175
sd,ks_i63_index_q,na,2010-01-01,1.4458390648573176
sd,ks_i63_index_q,na,2010-04-01,1.6018623896732465
sd,ks_i63_index_q,na,2010-07-01,1.540812306596602
sd,ks_i63_index_q,na,2010-10-01,1.4823688858814936
sd,ks_i63_index_q,na,2011-01-01,1.497807650948068
sd,ks_i63_index_q,na,2011-04-01,1.505513026692045
sd,ks_i63_index_q,na,2011-07-01,1.4268391385209234
sd,ks_i63_index_q,na,2011-10-01,1.4563218064654797
sd,ks_i63_index_q,na,2012-01-01,1.4587746155860777
sd,ks_i63_index_q,na,2012-04-01,1.4463369381285944
sd,ks_i63_index_q,na,2012-07-01,1.449588478087587
sd,ks_i63_index_q,na,2012-10-01,1.4137677075913555
sd,ks_i63_index_q,na,2013-01-01,1.4012996836931868
sd,ks_i63_index_q,na,2013-04-01,1.37219885201309
sd,ks_i63_index_q,na,2013-07-01,1.405274860469715
sd,ks_i63_index_q,na,2013-10-01,1.4417296194597993
sd,ks_i63_index_q,na,2014-01-01,1.44064184186012
sd,ks_i63_index_q,na,2014-04-01,1.4708763740566229
sd,ks_i63_index_q,na,2014-07-01,1.4114966827806743
sd,ks_i63_index_q,na,2014-10-01,1.382497409151034
sd,ks_i63_index_q,na,2015-01-01,1.4462400395809143
sd,ks_i63_index_q,na,2015-04-01,1.401474329362568
sd,ks_i63_index_q,na,2015-07-01,1.517303717096969
sd,ks_i63_index_q,na,2015-10-01,1.4799933276453283
sd,ks_i63_index_q,na,2016-01-01,1.3560327381655175
sd,ks_i63_index_q,na,2016-04-01,1.4843629922366697
sd,ks_i63_index_q,na,2016-07-01,1.5308982024960232
sd,ks_i63_index_q,na,2016-10-01,1.5374783432001482
sd,ks_i63_index_q,na,2017-01-01,1.4022980905943467
sd,ks_i63_index_q,na,2017-04-01,1.5085341800706376
sd,ks_i63_index_q,na,2017-07-01,1.4290088186690235
sd,ks_i63_index_q,na,2017-10-01,1.5643763976400895
sd,ks_i63_index_q,na,2018-01-01,1.3623171059458323
sd,ks_i63_index_q,na,2018-04-01,1.475062415668687
sd,ks_i63_index_q,na,2018-07-01,1.543726197574851
sd,ks_i63_index_q,na,2018-10-01,1.361829507597366
sd,ks_i63_index_q,na,2019-01-01,1.406751231227676
sd,ks_i63_index_q,na,2019-04-01,1.3813974502133155
sd,ks_i63_index_q,na,2019-07-01,1.4394139977015878
sd,ks_i63_index_q,na,2019-10-01,1.428267850690936
sd,ks_i63_index_q,na,2020-01-01,1.4438672579005385
sd,ks_i63_index_q,na,2020-04-01,1.2825127312105675
sd,ks_i63_index_q,na,2020-07-01,1.4099559815266232
sd,ks_i63_index_q,na,2020-10-01,1.4254583289945553
sd,ks_i63_index_q,na,2021-01-01,1.4265860515580535
sd,ks_i63_index_q,na,2021-04-01,1.6352848983430393
sd,ks_i63_index_q,na,2021-07-01,1.4592671898362857
sd,ks_i63_index_q,na,2021-10-01,1.4830880943278593
sd,ks_i63_index_q,na,2022-01-01,1.4112053718796271
sd,ks_i63_index_q,na,2022-04-01,1.5127709444796644
sd,ks_i63_index_q,na,2022-07-01,1.5253287659886
sd,ks_i63_index_q,na,2022-10-01,1.6782652341173754
sd,ks_i63_index_q,na,2023-01-01,1.624595033005546
sd,ks_i63_index_q,na,2023-04-01,1.7569552788151337
sd,ks_i63_index_q,na,2023-07-01,1.7886334892649525
sd,ks_i63_index_q,na,2023-10-01,1.7407380539656316
sd,ks_i63_index_q,na,2024-01-01,1.0111345463946362
sd,ks_i63_index_q,na,2024-04-01,1.086085295549818
sd,ks_i63_index_q,na,2024-07-01,1.159606370378388
sd,ks_i63_index_q,na,2024-10-01,1.160237260723106
sd,ks_i63_index_q,na,2025-01-01,1.0627126295291696
sd,ks_i63_index_q,na,2025-04-01,1.2561307848458414
sd,ks_i63_index_q,na,2025-07-01,1.1476400721616835
sd,ks_i63_index_q,na,2025-10-01,1.1631115601968955
sd,ks_i63_index_q,na,2026-01-01,1.1299059907090772
sd,ks_i63_index_q,na,2026-04-01,1.184193062377336
