D0,D1,date,value
B,B,1984-12-01,23749
B,B,1985-01-01,22193
B,B,1985-02-01,22235
B,B,1985-03-01,22318
B,B,1985-04-01,21968
B,B,1985-05-01,22106
B,B,1985-06-01,22225
B,B,1985-07-01,21624
B,B,1985-08-01,21735
B,B,1985-09-01,21762
B,B,1985-10-01,21747
B,B,1985-11-01,22254
B,B,1985-12-01,23280
B,B,1986-01-01,22366
B,B,1986-02-01,22285
B,B,1986-03-01,22504
B,B,1986-04-01,22104
B,B,1986-05-01,22053
B,B,1986-06-01,22056
B,B,1986-07-01,21890
B,B,1986-08-01,22079
B,B,1986-09-01,22026
B,B,1986-10-01,22203
B,B,1986-11-01,22748
B,B,1986-12-01,24408
B,B,1987-01-01,22857
B,B,1987-02-01,22852
B,B,1987-03-01,22672
B,B,1987-04-01,22776
B,B,1987-05-01,22723
B,B,1987-06-01,22837
B,B,1987-07-01,22653
B,B,1987-08-01,22591
B,B,1987-09-01,22784
B,B,1987-10-01,23023
B,B,1987-11-01,23485
B,B,1987-12-01,24641
B,B,1988-01-01,23680
B,B,1988-02-01,23608
B,B,1988-03-01,23927
B,B,1988-04-01,23809
B,B,1988-05-01,23726
B,B,1988-06-01,23954
B,B,1988-07-01,23810
B,B,1988-08-01,23899
B,B,1988-09-01,24195
B,B,1988-10-01,24116
B,B,1988-11-01,24668
B,B,1988-12-01,26301
B,B,1989-01-01,24802
B,B,1989-02-01,24728
B,B,1989-03-01,24913
B,B,1989-04-01,24814
B,B,1989-05-01,24384
B,B,1989-06-01,24551
B,B,1989-07-01,24254
B,B,1989-08-01,24273
B,B,1989-09-01,24444
B,B,1989-10-01,24209
B,B,1989-11-01,24698
B,B,1989-12-01,26164
B,B,1990-01-01,24303
B,B,1990-02-01,24234
B,B,1990-03-01,24183
B,B,1990-04-01,23939
B,B,1990-05-01,23821
B,B,1990-06-01,23997
B,B,1990-07-01,23811
B,B,1990-08-01,23756
B,B,1990-09-01,23842
B,B,1990-10-01,23855
B,B,1990-11-01,24453
B,B,1990-12-01,26342
B,B,1991-01-01,24593
B,B,1991-02-01,24735
B,B,1991-03-01,24883
B,B,1991-04-01,24686
B,B,1991-05-01,24589
B,B,1991-06-01,24743
B,B,1991-07-01,24584
B,B,1991-08-01,24624
B,B,1991-09-01,24594
B,B,1991-10-01,24738
B,B,1991-11-01,25157
B,B,1991-12-01,26298
B,B,1992-01-01,25015
B,B,1992-02-01,24956
B,B,1992-03-01,24907
B,B,1992-04-01,24981
B,B,1992-05-01,24856
B,B,1992-06-01,24767
B,B,1992-07-01,24514
B,B,1992-08-01,24481
B,B,1992-09-01,24461
B,B,1992-10-01,24497
B,B,1992-11-01,24979
B,B,1992-12-01,26851
B,B,1993-01-01,25426
B,B,1993-02-01,25195
B,B,1993-03-01,25249
B,B,1993-04-01,25243
B,B,1993-05-01,25189
B,B,1993-06-01,25125
B,B,1993-07-01,24913
B,B,1993-08-01,24828
B,B,1993-09-01,25140
B,B,1993-10-01,25202
B,B,1993-11-01,25703
B,B,1993-12-01,26963
B,B,1994-01-01,25314
B,B,1994-02-01,25889
B,B,1994-03-01,25847
B,B,1994-04-01,25539
B,B,1994-05-01,25339
B,B,1994-06-01,25761
B,B,1994-07-01,25565
B,B,1994-08-01,25444
B,B,1994-09-01,25574
B,B,1994-10-01,25428
B,B,1994-11-01,25935
B,B,1994-12-01,27835
B,B,1995-01-01,26173
B,B,1995-02-01,26048
B,B,1995-03-01,25972
B,B,1995-04-01,25848
B,B,1995-05-01,25680
B,B,1995-06-01,25916
B,B,1995-07-01,25620
B,B,1995-08-01,25633
B,B,1995-09-01,25637
B,B,1995-10-01,25601
B,B,1995-11-01,26236
B,B,1995-12-01,27890
B,B,1996-01-01,26340
B,B,1996-02-01,26393
B,B,1996-03-01,26553
B,B,1996-04-01,26317
B,B,1996-05-01,26457
B,B,1996-06-01,26469
B,B,1996-07-01,26300
B,B,1996-08-01,26243
B,B,1996-09-01,26339
B,B,1996-10-01,26562
B,B,1996-11-01,27057
B,B,1996-12-01,29413
B,B,1997-01-01,27909
B,B,1997-02-01,27745
B,B,1997-03-01,27798
B,B,1997-04-01,27396
B,B,1997-05-01,27546
B,B,1997-06-01,27503
B,B,1997-07-01,27114
B,B,1997-08-01,27068
B,B,1997-09-01,27170
B,B,1997-10-01,27118
B,B,1997-11-01,27580
B,B,1997-12-01,28876
B,B,1998-01-01,27668
B,B,1998-02-01,27647
B,B,1998-03-01,27756
B,B,1998-04-01,27800
B,B,1998-05-01,27744
B,B,1998-06-01,27879
B,B,1998-07-01,27502
B,B,1998-08-01,27529
B,B,1998-09-01,27938
B,B,1998-10-01,27679
B,B,1998-11-01,28230
B,B,1998-12-01,30171
B,B,1999-01-01,28688
B,B,1999-02-01,28543
B,B,1999-03-01,28800
B,B,1999-04-01,28640
B,B,1999-05-01,28776
B,B,1999-06-01,28419
B,B,1999-07-01,28364
B,B,1999-08-01,28395
B,B,1999-09-01,28637
B,B,1999-10-01,28652
B,B,1999-11-01,29427
B,B,1999-12-01,31641
B,B,2000-01-01,29850
B,B,2000-02-01,29648
B,B,2000-03-01,29570
B,B,2000-04-01,29452
B,B,2000-05-01,29186
B,B,2000-06-01,29237
B,B,2000-07-01,29047
B,B,2000-08-01,29019
B,B,2000-09-01,29256
B,B,2000-10-01,29212
B,B,2000-11-01,29750
B,B,2000-12-01,31962
B,B,2001-01-01,30039
B,B,2001-02-01,30074
B,B,2001-03-01,30117
B,B,2001-04-01,30250
B,B,2001-05-01,30319
B,B,2001-06-01,30630
B,B,2001-07-01,30661
B,B,2001-08-01,30684
B,B,2001-09-01,30963
B,B,2001-10-01,31411
B,B,2001-11-01,32328
B,B,2001-12-01,35952
B,B,2002-01-01,33447
B,B,2002-02-01,33123
B,B,2002-03-01,33183
B,B,2002-04-01,32688
B,B,2002-05-01,32288
B,B,2002-06-01,32623
B,B,2002-07-01,31715
B,B,2002-08-01,31963
B,B,2002-09-01,32244
B,B,2002-10-01,32110
B,B,2002-11-01,32691
B,B,2002-12-01,35407
B,B,2003-01-01,33051
B,B,2003-02-01,33071
B,B,2003-03-01,33029
B,B,2003-04-01,33116
B,B,2003-05-01,33034
B,B,2003-06-01,33034
B,B,2003-07-01,32472
B,B,2003-08-01,32788
B,B,2003-09-01,32911
B,B,2003-10-01,32889
B,B,2003-11-01,33413
B,B,2003-12-01,35677
B,B,2004-01-01,33821
B,B,2004-02-01,33574
B,B,2004-03-01,33580
B,B,2004-04-01,33546
B,B,2004-05-01,33559
B,B,2004-06-01,33454
B,B,2004-07-01,33057
B,B,2004-08-01,33078
B,B,2004-09-01,33178
B,B,2004-10-01,33294
B,B,2004-11-01,33982
B,B,2004-12-01,36122
B,B,2005-01-01,34525
B,B,2005-02-01,34166
B,B,2005-03-01,34206
B,B,2005-04-01,33988
B,B,2005-05-01,33958
B,B,2005-06-01,33948
B,B,2005-07-01,33904
B,B,2005-08-01,33838
B,B,2005-09-01,34061
B,B,2005-10-01,34171
B,B,2005-11-01,34956
B,B,2005-12-01,37188
B,B,2006-01-01,35292
B,B,2006-02-01,35081
B,B,2006-03-01,35074
B,B,2006-04-01,35015
B,B,2006-05-01,34923
B,B,2006-06-01,34951
B,B,2006-07-01,34851
B,B,2006-08-01,34304
B,B,2006-09-01,34698
B,B,2006-10-01,34924
B,B,2006-11-01,35471
B,B,2006-12-01,38239
B,B,2007-01-01,36150
B,B,2007-02-01,35920
B,B,2007-03-01,35791
B,B,2007-04-01,35799
B,B,2007-05-01,35654
B,B,2007-06-01,35641
B,B,2007-07-01,35532
B,B,2007-08-01,35225
B,B,2007-09-01,35307
B,B,2007-10-01,35508
B,B,2007-11-01,36096
B,B,2007-12-01,38846
B,B,2008-01-01,36524
B,B,2008-02-01,36400
B,B,2008-03-01,36513
B,B,2008-04-01,36589
B,B,2008-05-01,36371
B,B,2008-06-01,36579
B,B,2008-07-01,36365
B,B,2008-08-01,36292
B,B,2008-09-01,36726
B,B,2008-10-01,39009
B,B,2008-11-01,39869
B,B,2008-12-01,42798
B,B,2009-01-01,40783
B,B,2009-02-01,41195
B,B,2009-03-01,42225
B,B,2009-04-01,41575
B,B,2009-05-01,41373
B,B,2009-06-01,41646
B,B,2009-07-01,41085
B,B,2009-08-01,41138
B,B,2009-09-01,41358
B,B,2009-10-01,41631
B,B,2009-11-01,42441
B,B,2009-12-01,43982
B,B,2010-01-01,42943
B,B,2010-02-01,42709
B,B,2010-03-01,43229
B,B,2010-04-01,43137
B,B,2010-05-01,43835
B,B,2010-06-01,43668
B,B,2010-07-01,43436
B,B,2010-08-01,43422
B,B,2010-09-01,43436
B,B,2010-10-01,43828
B,B,2010-11-01,44544
B,B,2010-12-01,47038
B,B,2011-01-01,45643
B,B,2011-02-01,45429
B,B,2011-03-01,45100
B,B,2011-04-01,45338
B,B,2011-05-01,45377
B,B,2011-06-01,45286
B,B,2011-07-01,45175
B,B,2011-08-01,48380
B,B,2011-09-01,47217
B,B,2011-10-01,48637
B,B,2011-11-01,49495
B,B,2011-12-01,53998
B,B,2012-01-01,53654
B,B,2012-02-01,54764
B,B,2012-03-01,51645
B,B,2012-04-01,52514
B,B,2012-05-01,53807
B,B,2012-06-01,54862
B,B,2012-07-01,56368
B,B,2012-08-01,58081
B,B,2012-09-01,56692
B,B,2012-10-01,58973
B,B,2012-11-01,60958
B,B,2012-12-01,63388
B,B,2013-01-01,61401
B,B,2013-02-01,61970
B,B,2013-03-01,60925
B,B,2013-04-01,60447
B,B,2013-05-01,61823
B,B,2013-06-01,62072
B,B,2013-07-01,65284
B,B,2013-08-01,64595
B,B,2013-09-01,64795
B,B,2013-10-01,64354
B,B,2013-11-01,63400
B,B,2013-12-01,66672
B,B,2014-01-01,68257
B,B,2014-02-01,67953
B,B,2014-03-01,67157
B,B,2014-04-01,65426
B,B,2014-05-01,65859
B,B,2014-06-01,66241
B,B,2014-07-01,66650
B,B,2014-08-01,65695
B,B,2014-09-01,64031
B,B,2014-10-01,65839
B,B,2014-11-01,64973
B,B,2014-12-01,68780
B,B,2015-01-01,68197
B,B,2015-02-01,67959
B,B,2015-03-01,70590
B,B,2015-04-01,67594
B,B,2015-05-01,69536
B,B,2015-06-01,69815
B,B,2015-07-01,69526
B,B,2015-08-01,71761
B,B,2015-09-01,69404
B,B,2015-10-01,70467
B,B,2015-11-01,70979
B,B,2015-12-01,74153
B,B,2016-01-01,75789
B,B,2016-02-01,74580
B,B,2016-03-01,78763
B,B,2016-04-01,75598
B,B,2016-05-01,75317
B,B,2016-06-01,75161
B,B,2016-07-01,75501
B,B,2016-08-01,76405
B,B,2016-09-01,76467
B,B,2016-10-01,75795
B,B,2016-11-01,75820
B,B,2016-12-01,80349
B,B,2017-01-01,83084
B,B,2017-02-01,81094
B,B,2017-03-01,80231
B,B,2017-04-01,78229
B,B,2017-05-01,81697
B,B,2017-06-01,83078
B,B,2017-07-01,83580
B,B,2017-08-01,84482
B,B,2017-09-01,82542
B,B,2017-10-01,81548
B,B,2017-11-01,83042
B,B,2017-12-01,86826
B,B,2018-01-01,91641
B,B,2018-02-01,90938
B,B,2018-03-01,89756
B,B,2018-04-01,84897
B,B,2018-05-01,85289
B,B,2018-06-01,83822
B,B,2018-07-01,84921
B,B,2018-08-01,85590
B,B,2018-09-01,87622
B,B,2018-10-01,88224
B,B,2018-11-01,88929
B,B,2018-12-01,95889
B,B,2019-01-01,89085
B,B,2019-02-01,89070
B,B,2019-03-01,88612
B,B,2019-04-01,82858
B,B,2019-05-01,83033
B,B,2019-06-01,82034
B,B,2019-07-01,83052
B,B,2019-08-01,84590
B,B,2019-09-01,83638
B,B,2019-10-01,82731
B,B,2019-11-01,81048
B,B,2019-12-01,84467
B,B,2020-01-01,83349
B,B,2020-02-01,83056
B,B,2020-03-01,86776
B,B,2020-04-01,85401
B,B,2020-05-01,87205
B,B,2020-06-01,89382
B,B,2020-07-01,87202
B,B,2020-08-01,87450
B,B,2020-09-01,87153
B,B,2020-10-01,87989
B,B,2020-11-01,88492
B,B,2020-12-01,94254
B,B,2021-01-01,95246
B,B,2021-02-01,93669
B,B,2021-03-01,95692
B,B,2021-04-01,90860
B,B,2021-05-01,90975
B,B,2021-06-01,90441
B,B,2021-07-01,92255
B,B,2021-08-01,89929
B,B,2021-09-01,90069
B,B,2021-10-01,89984
B,B,2021-11-01,90052
B,B,2021-12-01,93864
B,B,2022-01-01,93375
B,B,2022-02-01,90992
B,B,2022-03-01,94536
B,B,2022-04-01,92788
B,B,2022-05-01,92510
B,B,2022-06-01,91781
B,B,2022-07-01,90404
B,B,2022-08-01,88830
B,B,2022-09-01,82570
B,B,2022-10-01,80222
B,B,2022-11-01,79258
B,B,2022-12-01,81313
B,B,2023-01-01,79073
B,B,2023-02-01,78525
B,B,2023-03-01,77155
B,B,2023-04-01,76564
B,B,2023-05-01,75750
B,B,2023-06-01,74862
B,B,2023-07-01,74345
B,B,2023-08-01,73903
B,B,2023-09-01,73777
B,B,2023-10-01,73474
B,B,2023-11-01,73534
B,B,2023-12-01,75252
B,B,2024-01-01,73892
B,B,2024-02-01,73406
B,B,2024-03-01,73195
B,B,2024-04-01,73247
B,B,2024-05-01,72647
B,B,2024-06-01,72529
B,B,2024-07-01,72436
B,B,2024-08-01,71727
B,B,2024-09-01,71563
B,B,2024-10-01,71538
B,B,2024-11-01,71781
B,B,2024-12-01,73771
B,B,2025-01-01,72677
B,B,2025-02-01,71829
B,B,2025-03-01,71972
B,B,2025-04-01,72289
B,B,2025-05-01,71336
B,B,2025-06-01,73219
B,B,2025-07-01,72603
B,B,2025-08-01,71562
B,B,2025-09-01,71826
B,B,2025-10-01,71817
B,B,2025-11-01,72002
B,B,2025-12-01,75159
B,B,2026-01-01,74200
B,B,2026-02-01,73601
B,B,2026-03-01,73621
B,B,2026-04-01,72656
B,ET,1984-12-01,27320
B,ET,1985-01-01,28005
B,ET,1985-02-01,28443
B,ET,1985-03-01,28280
B,ET,1985-04-01,28387
B,ET,1985-05-01,28843
B,ET,1985-06-01,28269
B,ET,1985-07-01,28156
B,ET,1985-08-01,28648
B,ET,1985-09-01,29200
B,ET,1985-10-01,29502
B,ET,1985-11-01,30589
B,ET,1985-12-01,30570
B,ET,1986-01-01,31199
B,ET,1986-02-01,31633
B,ET,1986-03-01,31425
B,ET,1986-04-01,31501
B,ET,1986-05-01,31885
B,ET,1986-06-01,31141
B,ET,1986-07-01,31023
B,ET,1986-08-01,31597
B,ET,1986-09-01,32244
B,ET,1986-10-01,32594
B,ET,1986-11-01,33856
B,ET,1986-12-01,33962
B,ET,1987-01-01,34551
B,ET,1987-02-01,35228
B,ET,1987-03-01,35143
B,ET,1987-04-01,35596
B,ET,1987-05-01,35956
B,ET,1987-06-01,35296
B,ET,1987-07-01,35536
B,ET,1987-08-01,36459
B,ET,1987-09-01,37483
B,ET,1987-10-01,38016
B,ET,1987-11-01,39613
B,ET,1987-12-01,39784
B,ET,1988-01-01,39917
B,ET,1988-02-01,40619
B,ET,1988-03-01,40221
B,ET,1988-04-01,40634
B,ET,1988-05-01,41202
B,ET,1988-06-01,40176
B,ET,1988-07-01,40115
B,ET,1988-08-01,40819
B,ET,1988-09-01,41697
B,ET,1988-10-01,41665
B,ET,1988-11-01,43029
B,ET,1988-12-01,42833
B,ET,1989-01-01,41915
B,ET,1989-02-01,42289
B,ET,1989-03-01,41265
B,ET,1989-04-01,41155
B,ET,1989-05-01,41236
B,ET,1989-06-01,39785
B,ET,1989-07-01,39160
B,ET,1989-08-01,39403
B,ET,1989-09-01,39845
B,ET,1989-10-01,39446
B,ET,1989-11-01,40422
B,ET,1989-12-01,40118
B,ET,1990-01-01,38824
B,ET,1990-02-01,39058
B,ET,1990-03-01,37972
B,ET,1990-04-01,37804
B,ET,1990-05-01,37972
B,ET,1990-06-01,36936
B,ET,1990-07-01,36296
B,ET,1990-08-01,36705
B,ET,1990-09-01,37383
B,ET,1990-10-01,37229
B,ET,1990-11-01,38645
B,ET,1990-12-01,38722
B,ET,1991-01-01,37878
B,ET,1991-02-01,38833
B,ET,1991-03-01,38191
B,ET,1991-04-01,38434
B,ET,1991-05-01,39121
B,ET,1991-06-01,38377
B,ET,1991-07-01,37810
B,ET,1991-08-01,38455
B,ET,1991-09-01,39174
B,ET,1991-10-01,39295
B,ET,1991-11-01,41449
B,ET,1991-12-01,41669
B,ET,1992-01-01,40878
B,ET,1992-02-01,42029
B,ET,1992-03-01,41147
B,ET,1992-04-01,41209
B,ET,1992-05-01,41841
B,ET,1992-06-01,41003
B,ET,1992-07-01,39908
B,ET,1992-08-01,40292
B,ET,1992-09-01,41096
B,ET,1992-10-01,40972
B,ET,1992-11-01,43082
B,ET,1992-12-01,43166
B,ET,1993-01-01,43510
B,ET,1993-02-01,45265
B,ET,1993-03-01,45420
B,ET,1993-04-01,46146
B,ET,1993-05-01,47152
B,ET,1993-06-01,46345
B,ET,1993-07-01,45499
B,ET,1993-08-01,46160
B,ET,1993-09-01,46650
B,ET,1993-10-01,47674
B,ET,1993-11-01,49502
B,ET,1993-12-01,50064
B,ET,1994-01-01,48247
B,ET,1994-02-01,49713
B,ET,1994-03-01,47997
B,ET,1994-04-01,49182
B,ET,1994-05-01,49375
B,ET,1994-06-01,48517
B,ET,1994-07-01,48060
B,ET,1994-08-01,48129
B,ET,1994-09-01,48581
B,ET,1994-10-01,48985
B,ET,1994-11-01,50862
B,ET,1994-12-01,50152
B,ET,1995-01-01,51894
B,ET,1995-02-01,52685
B,ET,1995-03-01,51665
B,ET,1995-04-01,53092
B,ET,1995-05-01,53391
B,ET,1995-06-01,52851
B,ET,1995-07-01,53062
B,ET,1995-08-01,53818
B,ET,1995-09-01,54687
B,ET,1995-10-01,55540
B,ET,1995-11-01,58351
B,ET,1995-12-01,58656
B,ET,1996-01-01,58101
B,ET,1996-02-01,59999
B,ET,1996-03-01,60370
B,ET,1996-04-01,60516
B,ET,1996-05-01,60199
B,ET,1996-06-01,59560
B,ET,1996-07-01,58808
B,ET,1996-08-01,59396
B,ET,1996-09-01,60115
B,ET,1996-10-01,60197
B,ET,1996-11-01,63475
B,ET,1996-12-01,62704
B,ET,1997-01-01,62624
B,ET,1997-02-01,64294
B,ET,1997-03-01,64120
B,ET,1997-04-01,63186
B,ET,1997-05-01,63355
B,ET,1997-06-01,62833
B,ET,1997-07-01,62599
B,ET,1997-08-01,65588
B,ET,1997-09-01,65818
B,ET,1997-10-01,65496
B,ET,1997-11-01,67702
B,ET,1997-12-01,67333
B,ET,1998-01-01,67923
B,ET,1998-02-01,70264
B,ET,1998-03-01,68798
B,ET,1998-04-01,69531
B,ET,1998-05-01,69503
B,ET,1998-06-01,67967
B,ET,1998-07-01,67191
B,ET,1998-08-01,67980
B,ET,1998-09-01,67562
B,ET,1998-10-01,68423
B,ET,1998-11-01,70606
B,ET,1998-12-01,69273
B,ET,1999-01-01,70817
B,ET,1999-02-01,72540
B,ET,1999-03-01,72096
B,ET,1999-04-01,73966
B,ET,1999-05-01,73962
B,ET,1999-06-01,73616
B,ET,1999-07-01,72928
B,ET,1999-08-01,74427
B,ET,1999-09-01,73876
B,ET,1999-10-01,73884
B,ET,1999-11-01,75547
B,ET,1999-12-01,75482
B,ET,2000-01-01,76553
B,ET,2000-02-01,76953
B,ET,2000-03-01,75455
B,ET,2000-04-01,75898
B,ET,2000-05-01,74935
B,ET,2000-06-01,72424
B,ET,2000-07-01,71664
B,ET,2000-08-01,72268
B,ET,2000-09-01,72152
B,ET,2000-10-01,71595
B,ET,2000-11-01,73079
B,ET,2000-12-01,73836
B,ET,2001-01-01,73194
B,ET,2001-02-01,74854
B,ET,2001-03-01,73562
B,ET,2001-04-01,74333
B,ET,2001-05-01,74845
B,ET,2001-06-01,73872
B,ET,2001-07-01,73162
B,ET,2001-08-01,73879
B,ET,2001-09-01,75261
B,ET,2001-10-01,75626
B,ET,2001-11-01,78639
B,ET,2001-12-01,79581
B,ET,2002-01-01,78215
B,ET,2002-02-01,80399
B,ET,2002-03-01,80414
B,ET,2002-04-01,80038
B,ET,2002-05-01,80204
B,ET,2002-06-01,80184
B,ET,2002-07-01,79386
B,ET,2002-08-01,81352
B,ET,2002-09-01,81251
B,ET,2002-10-01,81381
B,ET,2002-11-01,84885
B,ET,2002-12-01,83710
B,ET,2003-01-01,84202
B,ET,2003-02-01,87368
B,ET,2003-03-01,87852
B,ET,2003-04-01,89187
B,ET,2003-05-01,90325
B,ET,2003-06-01,89888
B,ET,2003-07-01,90364
B,ET,2003-08-01,92347
B,ET,2003-09-01,91596
B,ET,2003-10-01,91606
B,ET,2003-11-01,94988
B,ET,2003-12-01,92517
B,ET,2004-01-01,92861
B,ET,2004-02-01,94827
B,ET,2004-03-01,92291
B,ET,2004-04-01,93538
B,ET,2004-05-01,94343
B,ET,2004-06-01,92773
B,ET,2004-07-01,92311
B,ET,2004-08-01,92889
B,ET,2004-09-01,92249
B,ET,2004-10-01,92335
B,ET,2004-11-01,94245
B,ET,2004-12-01,91904
B,ET,2005-01-01,92808
B,ET,2005-02-01,95549
B,ET,2005-03-01,94322
B,ET,2005-04-01,95600
B,ET,2005-05-01,95514
B,ET,2005-06-01,96215
B,ET,2005-07-01,96715
B,ET,2005-08-01,98380
B,ET,2005-09-01,97414
B,ET,2005-10-01,97459
B,ET,2005-11-01,100533
B,ET,2005-12-01,98100
B,ET,2006-01-01,97926
B,ET,2006-02-01,100248
B,ET,2006-03-01,98632
B,ET,2006-04-01,100423
B,ET,2006-05-01,98776
B,ET,2006-06-01,97491
B,ET,2006-07-01,96733
B,ET,2006-08-01,96721
B,ET,2006-09-01,96694
B,ET,2006-10-01,96535
B,ET,2006-11-01,98561
B,ET,2006-12-01,95928
B,ET,2007-01-01,92897
B,ET,2007-02-01,95003
B,ET,2007-03-01,93696
B,ET,2007-04-01,94297
B,ET,2007-05-01,93564
B,ET,2007-06-01,92621
B,ET,2007-07-01,90516
B,ET,2007-08-01,90325
B,ET,2007-09-01,90884
B,ET,2007-10-01,89784
B,ET,2007-11-01,92598
B,ET,2007-12-01,89782
B,ET,2008-01-01,89342
B,ET,2008-02-01,91185
B,ET,2008-03-01,90051
B,ET,2008-04-01,90198
B,ET,2008-05-01,90518
B,ET,2008-06-01,89716
B,ET,2008-07-01,88307
B,ET,2008-08-01,89397
B,ET,2008-09-01,89121
B,ET,2008-10-01,89385
B,ET,2008-11-01,96684
B,ET,2008-12-01,98319
B,ET,2009-01-01,102477
B,ET,2009-02-01,107377
B,ET,2009-03-01,106468
B,ET,2009-04-01,109323
B,ET,2009-05-01,110564
B,ET,2009-06-01,110130
B,ET,2009-07-01,110730
B,ET,2009-08-01,112653
B,ET,2009-09-01,112859
B,ET,2009-10-01,111146
B,ET,2009-11-01,114588
B,ET,2009-12-01,110656
B,ET,2010-01-01,111569
B,ET,2010-02-01,114417
B,ET,2010-03-01,112014
B,ET,2010-04-01,114189
B,ET,2010-05-01,116212
B,ET,2010-06-01,116043
B,ET,2010-07-01,116594
B,ET,2010-08-01,117587
B,ET,2010-09-01,117744
B,ET,2010-10-01,119051
B,ET,2010-11-01,121981
B,ET,2010-12-01,118994
B,ET,2011-01-01,119691
B,ET,2011-02-01,122499
B,ET,2011-03-01,121119
B,ET,2011-04-01,123519
B,ET,2011-05-01,123514
B,ET,2011-06-01,123401
B,ET,2011-07-01,124430
B,ET,2011-08-01,125003
B,ET,2011-09-01,126448
B,ET,2011-10-01,127970
B,ET,2011-11-01,131725
B,ET,2011-12-01,129956
B,ET,2012-01-01,131147
B,ET,2012-02-01,132586
B,ET,2012-03-01,132527
B,ET,2012-04-01,134383
B,ET,2012-05-01,135452
B,ET,2012-06-01,136826
B,ET,2012-07-01,137544
B,ET,2012-08-01,139811
B,ET,2012-09-01,140960
B,ET,2012-10-01,140613
B,ET,2012-11-01,143652
B,ET,2012-12-01,138671
B,ET,2013-01-01,139996
B,ET,2013-02-01,142315
B,ET,2013-03-01,143293
B,ET,2013-04-01,144592
B,ET,2013-05-01,145774
B,ET,2013-06-01,146550
B,ET,2013-07-01,146305
B,ET,2013-08-01,148064
B,ET,2013-09-01,148292
B,ET,2013-10-01,148716
B,ET,2013-11-01,152808
B,ET,2013-12-01,148499
B,ET,2014-01-01,150222
B,ET,2014-02-01,153169
B,ET,2014-03-01,155821
B,ET,2014-04-01,160763
B,ET,2014-05-01,162432
B,ET,2014-06-01,163040
B,ET,2014-07-01,165421
B,ET,2014-08-01,167912
B,ET,2014-09-01,168041
B,ET,2014-10-01,169002
B,ET,2014-11-01,173933
B,ET,2014-12-01,169545
B,ET,2015-01-01,172098
B,ET,2015-02-01,178598
B,ET,2015-03-01,182078
B,ET,2015-04-01,182715
B,ET,2015-05-01,182517
B,ET,2015-06-01,178451
B,ET,2015-07-01,178942
B,ET,2015-08-01,179690
B,ET,2015-09-01,178962
B,ET,2015-10-01,159835
B,ET,2015-11-01,155685
B,ET,2015-12-01,152239
B,ET,2016-01-01,129291
B,ET,2016-02-01,129611
B,ET,2016-03-01,128787
B,ET,2016-04-01,131342
B,ET,2016-05-01,132163
B,ET,2016-06-01,131847
B,ET,2016-07-01,133989
B,ET,2016-08-01,133889
B,ET,2016-09-01,130590
B,ET,2016-10-01,131552
B,ET,2016-11-01,133476
B,ET,2016-12-01,131571
B,ET,2017-01-01,130635
B,ET,2017-02-01,132376
B,ET,2017-03-01,131888
B,ET,2017-04-01,134610
B,ET,2017-05-01,135566
B,ET,2017-06-01,135397
B,ET,2017-07-01,136176
B,ET,2017-08-01,137326
B,ET,2017-09-01,138191
B,ET,2017-10-01,139313
B,ET,2017-11-01,141682
B,ET,2017-12-01,139321
B,ET,2018-01-01,135714
B,ET,2018-02-01,137300
B,ET,2018-03-01,137893
B,ET,2018-04-01,139735
B,ET,2018-05-01,141255
B,ET,2018-06-01,141708
B,ET,2018-07-01,138784
B,ET,2018-08-01,139481
B,ET,2018-09-01,139140
B,ET,2018-10-01,138888
B,ET,2018-11-01,141228
B,ET,2018-12-01,137552
B,ET,2019-01-01,138623
B,ET,2019-02-01,141247
B,ET,2019-03-01,142388
B,ET,2019-04-01,144665
B,ET,2019-05-01,144925
B,ET,2019-06-01,146137
B,ET,2019-07-01,145698
B,ET,2019-08-01,146353
B,ET,2019-09-01,125041
B,ET,2019-10-01,124646
B,ET,2019-11-01,126810
B,ET,2019-12-01,123524
B,ET,2020-01-01,110219
B,ET,2020-02-01,111869
B,ET,2020-03-01,105995
B,ET,2020-04-01,108744
B,ET,2020-05-01,110455
B,ET,2020-06-01,109843
B,ET,2020-07-01,110701
B,ET,2020-08-01,67972
B,ET,2020-09-01,68052
B,ET,2020-10-01,68814
B,ET,2020-11-01,69920
B,ET,2020-12-01,68452
B,ET,2021-01-01,68941
B,ET,2021-02-01,70426
B,ET,2021-03-01,70429
B,ET,2021-04-01,57450
B,ET,2021-05-01,58874
B,ET,2021-06-01,59444
B,ET,2021-07-01,60009
B,ET,2021-08-01,54880
B,ET,2021-09-01,54684
B,ET,2021-10-01,54795
B,ET,2021-11-01,54857
B,ET,2021-12-01,47747
B,ET,2022-01-01,22859
B,ET,2022-02-01,23141
B,ET,2022-03-01,22528
B,ET,2022-04-01,22896
B,ET,2022-05-01,22908
B,ET,2022-06-01,22902
B,ET,2022-07-01,22610
B,ET,2022-08-01,22718
B,ET,2022-09-01,22707
B,ET,2022-10-01,23004
B,ET,2022-11-01,23253
B,ET,2022-12-01,22434
B,ET,2023-01-01,20229
B,ET,2023-02-01,20240
B,ET,2023-03-01,19838
B,ET,2023-04-01,19726
B,ET,2023-05-01,19337
B,ET,2023-06-01,19006
B,ET,2023-07-01,18724
B,ET,2023-08-01,18552
B,ET,2023-09-01,18398
B,ET,2023-10-01,18014
B,ET,2023-11-01,18117
B,ET,2023-12-01,17966
B,ET,2024-01-01,17046
B,ET,2024-02-01,16821
B,ET,2024-03-01,16745
B,ET,2024-04-01,16751
B,ET,2024-05-01,16682
B,ET,2024-06-01,16792
B,ET,2024-07-01,16674
B,ET,2024-08-01,16968
B,ET,2024-09-01,16891
B,ET,2024-10-01,17026
B,ET,2024-11-01,17472
B,ET,2024-12-01,17472
B,ET,2025-01-01,17667
B,ET,2025-02-01,17752
B,ET,2025-03-01,17900
B,ET,2025-04-01,18341
B,ET,2025-05-01,18493
B,ET,2025-06-01,18897
B,ET,2025-07-01,19220
B,ET,2025-08-01,19146
B,ET,2025-09-01,19084
B,ET,2025-10-01,19288
B,ET,2025-11-01,19740
B,ET,2025-12-01,19176
B,ET,2026-01-01,19496
B,ET,2026-02-01,19676
B,ET,2026-03-01,19704
B,ET,2026-04-01,19835
B,GM1,1984-12-01,95432
B,GM1,1985-01-01,91752
B,GM1,1985-02-01,89327
B,GM1,1985-03-01,90191
B,GM1,1985-04-01,90315
B,GM1,1985-05-01,91703
B,GM1,1985-06-01,91248
B,GM1,1985-07-01,89542
B,GM1,1985-08-01,89321
B,GM1,1985-09-01,92512
B,GM1,1985-10-01,93255
B,GM1,1985-11-01,96248
B,GM1,1985-12-01,99998
B,GM1,1986-01-01,96849
B,GM1,1986-02-01,95760
B,GM1,1986-03-01,96055
B,GM1,1986-04-01,97219
B,GM1,1986-05-01,97318
B,GM1,1986-06-01,97670
B,GM1,1986-07-01,95224
B,GM1,1986-08-01,95800
B,GM1,1986-09-01,99081
B,GM1,1986-10-01,100753
B,GM1,1986-11-01,102828
B,GM1,1986-12-01,105751
B,GM1,1987-01-01,104188
B,GM1,1987-02-01,102971
B,GM1,1987-03-01,104050
B,GM1,1987-04-01,105189
B,GM1,1987-05-01,105528
B,GM1,1987-06-01,106173
B,GM1,1987-07-01,105116
B,GM1,1987-08-01,106298
B,GM1,1987-09-01,109075
B,GM1,1987-10-01,111084
B,GM1,1987-11-01,115992
B,GM1,1987-12-01,119211
B,GM1,1988-01-01,119737
B,GM1,1988-02-01,120973
B,GM1,1988-03-01,122267
B,GM1,1988-04-01,123673
B,GM1,1988-05-01,124041
B,GM1,1988-06-01,123124
B,GM1,1988-07-01,120689
B,GM1,1988-08-01,119374
B,GM1,1988-09-01,122626
B,GM1,1988-10-01,122870
B,GM1,1988-11-01,126440
B,GM1,1988-12-01,124878
B,GM1,1989-01-01,120558
B,GM1,1989-02-01,118725
B,GM1,1989-03-01,120312
B,GM1,1989-04-01,117897
B,GM1,1989-05-01,117045
B,GM1,1989-06-01,117389
B,GM1,1989-07-01,113860
B,GM1,1989-08-01,113740
B,GM1,1989-09-01,116994
B,GM1,1989-10-01,115491
B,GM1,1989-11-01,118789
B,GM1,1989-12-01,119620
B,GM1,1990-01-01,113039
B,GM1,1990-02-01,110691
B,GM1,1990-03-01,111390
B,GM1,1990-04-01,109606
B,GM1,1990-05-01,110601
B,GM1,1990-06-01,112548
B,GM1,1990-07-01,108025
B,GM1,1990-08-01,107218
B,GM1,1990-09-01,111020
B,GM1,1990-10-01,111084
B,GM1,1990-11-01,114370
B,GM1,1990-12-01,119252
B,GM1,1991-01-01,112977
B,GM1,1991-02-01,111887
B,GM1,1991-03-01,111485
B,GM1,1991-04-01,112057
B,GM1,1991-05-01,113930
B,GM1,1991-06-01,114426
B,GM1,1991-07-01,111461
B,GM1,1991-08-01,111159
B,GM1,1991-09-01,113294
B,GM1,1991-10-01,114028
B,GM1,1991-11-01,117474
B,GM1,1991-12-01,120750
B,GM1,1992-01-01,115777
B,GM1,1992-02-01,115855
B,GM1,1992-03-01,115292
B,GM1,1992-04-01,115524
B,GM1,1992-05-01,114763
B,GM1,1992-06-01,115863
B,GM1,1992-07-01,110898
B,GM1,1992-08-01,110737
B,GM1,1992-09-01,116010
B,GM1,1992-10-01,116800
B,GM1,1992-11-01,120557
B,GM1,1992-12-01,124059
B,GM1,1993-01-01,122580
B,GM1,1993-02-01,122942
B,GM1,1993-03-01,126397
B,GM1,1993-04-01,126347
B,GM1,1993-05-01,127387
B,GM1,1993-06-01,129079
B,GM1,1993-07-01,125309
B,GM1,1993-08-01,125923
B,GM1,1993-09-01,128172
B,GM1,1993-10-01,132485
B,GM1,1993-11-01,135327
B,GM1,1993-12-01,136593
B,GM1,1994-01-01,135995
B,GM1,1994-02-01,136121
B,GM1,1994-03-01,134777
B,GM1,1994-04-01,134249
B,GM1,1994-05-01,134844
B,GM1,1994-06-01,135933
B,GM1,1994-07-01,131744
B,GM1,1994-08-01,130951
B,GM1,1994-09-01,134167
B,GM1,1994-10-01,134560
B,GM1,1994-11-01,140283
B,GM1,1994-12-01,141404
B,GM1,1995-01-01,141364
B,GM1,1995-02-01,139605
B,GM1,1995-03-01,138909
B,GM1,1995-04-01,139528
B,GM1,1995-05-01,142146
B,GM1,1995-06-01,143478
B,GM1,1995-07-01,141428
B,GM1,1995-08-01,143147
B,GM1,1995-09-01,145240
B,GM1,1995-10-01,149562
B,GM1,1995-11-01,156168
B,GM1,1995-12-01,155236
B,GM1,1996-01-01,156767
B,GM1,1996-02-01,158323
B,GM1,1996-03-01,161170
B,GM1,1996-04-01,161414
B,GM1,1996-05-01,158958
B,GM1,1996-06-01,159314
B,GM1,1996-07-01,157850
B,GM1,1996-08-01,157026
B,GM1,1996-09-01,162242
B,GM1,1996-10-01,164612
B,GM1,1996-11-01,171022
B,GM1,1996-12-01,169983
B,GM1,1997-01-01,173875
B,GM1,1997-02-01,175472
B,GM1,1997-03-01,172129
B,GM1,1997-04-01,174607
B,GM1,1997-05-01,178159
B,GM1,1997-06-01,177471
B,GM1,1997-07-01,178270
B,GM1,1997-08-01,177684
B,GM1,1997-09-01,178160
B,GM1,1997-10-01,179830
B,GM1,1997-11-01,183109
B,GM1,1997-12-01,184761
B,GM1,1998-01-01,188653
B,GM1,1998-02-01,195730
B,GM1,1998-03-01,193684
B,GM1,1998-04-01,191909
B,GM1,1998-05-01,189304
B,GM1,1998-06-01,187766
B,GM1,1998-07-01,187429
B,GM1,1998-08-01,188886
B,GM1,1998-09-01,189872
B,GM1,1998-10-01,196289
B,GM1,1998-11-01,199656
B,GM1,1998-12-01,194534
B,GM1,1999-01-01,201287
B,GM1,1999-02-01,206120
B,GM1,1999-03-01,203007
B,GM1,1999-04-01,209720
B,GM1,1999-05-01,210485
B,GM1,1999-06-01,209425
B,GM1,1999-07-01,210173
B,GM1,1999-08-01,209690
B,GM1,1999-09-01,208585
B,GM1,1999-10-01,210974
B,GM1,1999-11-01,214715
B,GM1,1999-12-01,206942
B,GM1,2000-01-01,212697
B,GM1,2000-02-01,209974
B,GM1,2000-03-01,206603
B,GM1,2000-04-01,206650
B,GM1,2000-05-01,206826
B,GM1,2000-06-01,201797
B,GM1,2000-07-01,198813
B,GM1,2000-08-01,199824
B,GM1,2000-09-01,198381
B,GM1,2000-10-01,201560
B,GM1,2000-11-01,208389
B,GM1,2000-12-01,202840
B,GM1,2001-01-01,206020
B,GM1,2001-02-01,204168
B,GM1,2001-03-01,199974
B,GM1,2001-04-01,203333
B,GM1,2001-05-01,206740
B,GM1,2001-06-01,204006
B,GM1,2001-07-01,201490
B,GM1,2001-08-01,201856
B,GM1,2001-09-01,205344
B,GM1,2001-10-01,208754
B,GM1,2001-11-01,216409
B,GM1,2001-12-01,220247
B,GM1,2002-01-01,215161
B,GM1,2002-02-01,217420
B,GM1,2002-03-01,217201
B,GM1,2002-04-01,216802
B,GM1,2002-05-01,216211
B,GM1,2002-06-01,221329
B,GM1,2002-07-01,223162
B,GM1,2002-08-01,225922
B,GM1,2002-09-01,228976
B,GM1,2002-10-01,230981
B,GM1,2002-11-01,239332
B,GM1,2002-12-01,240382
B,GM1,2003-01-01,239671
B,GM1,2003-02-01,242831
B,GM1,2003-03-01,264623
B,GM1,2003-04-01,273121
B,GM1,2003-05-01,273049
B,GM1,2003-06-01,272867
B,GM1,2003-07-01,274083
B,GM1,2003-08-01,280157
B,GM1,2003-09-01,282837
B,GM1,2003-10-01,291615
B,GM1,2003-11-01,297166
B,GM1,2003-12-01,290522
B,GM1,2004-01-01,297340
B,GM1,2004-02-01,300180
B,GM1,2004-03-01,294720
B,GM1,2004-04-01,297603
B,GM1,2004-05-01,297996
B,GM1,2004-06-01,290805
B,GM1,2004-07-01,284188
B,GM1,2004-08-01,283296
B,GM1,2004-09-01,278359
B,GM1,2004-10-01,278392
B,GM1,2004-11-01,282504
B,GM1,2004-12-01,276297
B,GM1,2005-01-01,284209
B,GM1,2005-02-01,284578
B,GM1,2005-03-01,279701
B,GM1,2005-04-01,276220
B,GM1,2005-05-01,276871
B,GM1,2005-06-01,282891
B,GM1,2005-07-01,283289
B,GM1,2005-08-01,282987
B,GM1,2005-09-01,286607
B,GM1,2005-10-01,288662
B,GM1,2005-11-01,293821
B,GM1,2005-12-01,290301
B,GM1,2006-01-01,288910
B,GM1,2006-02-01,287608
B,GM1,2006-03-01,282875
B,GM1,2006-04-01,284529
B,GM1,2006-05-01,281516
B,GM1,2006-06-01,279462
B,GM1,2006-07-01,279644
B,GM1,2006-08-01,281023
B,GM1,2006-09-01,280699
B,GM1,2006-10-01,282109
B,GM1,2006-11-01,282646
B,GM1,2006-12-01,278368
B,GM1,2007-01-01,279067
B,GM1,2007-02-01,279024
B,GM1,2007-03-01,269733
B,GM1,2007-04-01,272198
B,GM1,2007-05-01,270133
B,GM1,2007-06-01,267039
B,GM1,2007-07-01,262361
B,GM1,2007-08-01,259683
B,GM1,2007-09-01,261849
B,GM1,2007-10-01,263614
B,GM1,2007-11-01,271207
B,GM1,2007-12-01,271171
B,GM1,2008-01-01,267030
B,GM1,2008-02-01,265317
B,GM1,2008-03-01,266921
B,GM1,2008-04-01,270442
B,GM1,2008-05-01,265328
B,GM1,2008-06-01,260067
B,GM1,2008-07-01,256129
B,GM1,2008-08-01,258484
B,GM1,2008-09-01,260724
B,GM1,2008-10-01,275820
B,GM1,2008-11-01,301924
B,GM1,2008-12-01,328752
B,GM1,2009-01-01,343606
B,GM1,2009-02-01,356459
B,GM1,2009-03-01,365634
B,GM1,2009-04-01,375773
B,GM1,2009-05-01,375936
B,GM1,2009-06-01,374318
B,GM1,2009-07-01,380765
B,GM1,2009-08-01,383099
B,GM1,2009-09-01,385113
B,GM1,2009-10-01,390946
B,GM1,2009-11-01,398081
B,GM1,2009-12-01,396659
B,GM1,2010-01-01,399521
B,GM1,2010-02-01,398750
B,GM1,2010-03-01,400870
B,GM1,2010-04-01,408033
B,GM1,2010-05-01,417864
B,GM1,2010-06-01,420657
B,GM1,2010-07-01,421899
B,GM1,2010-08-01,423065
B,GM1,2010-09-01,423977
B,GM1,2010-10-01,427994
B,GM1,2010-11-01,434220
B,GM1,2010-12-01,432756
B,GM1,2011-01-01,432825
B,GM1,2011-02-01,435485
B,GM1,2011-03-01,434890
B,GM1,2011-04-01,441662
B,GM1,2011-05-01,443296
B,GM1,2011-06-01,438773
B,GM1,2011-07-01,441906
B,GM1,2011-08-01,465179
B,GM1,2011-09-01,470320
B,GM1,2011-10-01,476112
B,GM1,2011-11-01,476649
B,GM1,2011-12-01,482297
B,GM1,2012-01-01,482958
B,GM1,2012-02-01,481882
B,GM1,2012-03-01,480047
B,GM1,2012-04-01,483599
B,GM1,2012-05-01,487557
B,GM1,2012-06-01,498579
B,GM1,2012-07-01,509836
B,GM1,2012-08-01,518162
B,GM1,2012-09-01,522052
B,GM1,2012-10-01,527023
B,GM1,2012-11-01,531588
B,GM1,2012-12-01,536921
B,GM1,2013-01-01,535128
B,GM1,2013-02-01,537330
B,GM1,2013-03-01,537862
B,GM1,2013-04-01,546452
B,GM1,2013-05-01,546521
B,GM1,2013-06-01,538865
B,GM1,2013-07-01,546948
B,GM1,2013-08-01,554359
B,GM1,2013-09-01,550480
B,GM1,2013-10-01,554396
B,GM1,2013-11-01,560324
B,GM1,2013-12-01,554429
B,GM1,2014-01-01,561178
B,GM1,2014-02-01,563047
B,GM1,2014-03-01,566449
B,GM1,2014-04-01,567210
B,GM1,2014-05-01,568846
B,GM1,2014-06-01,563697
B,GM1,2014-07-01,566309
B,GM1,2014-08-01,569187
B,GM1,2014-09-01,565481
B,GM1,2014-10-01,570091
B,GM1,2014-11-01,577389
B,GM1,2014-12-01,567209
B,GM1,2015-01-01,566951
B,GM1,2015-02-01,567887
B,GM1,2015-03-01,572826
B,GM1,2015-04-01,566532
B,GM1,2015-05-01,568534
B,GM1,2015-06-01,568371
B,GM1,2015-07-01,570623
B,GM1,2015-08-01,572319
B,GM1,2015-09-01,569406
B,GM1,2015-10-01,554804
B,GM1,2015-11-01,561065
B,GM1,2015-12-01,559266
B,GM1,2016-01-01,561547
B,GM1,2016-02-01,564621
B,GM1,2016-03-01,573737
B,GM1,2016-04-01,573611
B,GM1,2016-05-01,576485
B,GM1,2016-06-01,577626
B,GM1,2016-07-01,584324
B,GM1,2016-08-01,587437
B,GM1,2016-09-01,586325
B,GM1,2016-10-01,590160
B,GM1,2016-11-01,592133
B,GM1,2016-12-01,594550
B,GM1,2017-01-01,596051
B,GM1,2017-02-01,598760
B,GM1,2017-03-01,603797
B,GM1,2017-04-01,605591
B,GM1,2017-05-01,615244
B,GM1,2017-06-01,615991
B,GM1,2017-07-01,620435
B,GM1,2017-08-01,625625
B,GM1,2017-09-01,626002
B,GM1,2017-10-01,632010
B,GM1,2017-11-01,638045
B,GM1,2017-12-01,637053
B,GM1,2018-01-01,640417
B,GM1,2018-02-01,643071
B,GM1,2018-03-01,645849
B,GM1,2018-04-01,647050
B,GM1,2018-05-01,650635
B,GM1,2018-06-01,647042
B,GM1,2018-07-01,652047
B,GM1,2018-08-01,656664
B,GM1,2018-09-01,656176
B,GM1,2018-10-01,662847
B,GM1,2018-11-01,669461
B,GM1,2018-12-01,671722
B,GM1,2019-01-01,672116
B,GM1,2019-02-01,675990
B,GM1,2019-03-01,679434
B,GM1,2019-04-01,680033
B,GM1,2019-05-01,684210
B,GM1,2019-06-01,680401
B,GM1,2019-07-01,682809
B,GM1,2019-08-01,683920
B,GM1,2019-09-01,679720
B,GM1,2019-10-01,678440
B,GM1,2019-11-01,678065
B,GM1,2019-12-01,675753
B,GM1,2020-01-01,671327
B,GM1,2020-02-01,675258
B,GM1,2020-03-01,692331
B,GM1,2020-04-01,699191
B,GM1,2020-05-01,707115
B,GM1,2020-06-01,710569
B,GM1,2020-07-01,714575
B,GM1,2020-08-01,718805
B,GM1,2020-09-01,718530
B,GM1,2020-10-01,727186
B,GM1,2020-11-01,733209
B,GM1,2020-12-01,736570
B,GM1,2021-01-01,738328
B,GM1,2021-02-01,741276
B,GM1,2021-03-01,749424
B,GM1,2021-04-01,750220
B,GM1,2021-05-01,753566
B,GM1,2021-06-01,753060
B,GM1,2021-07-01,760957
B,GM1,2021-08-01,760393
B,GM1,2021-09-01,763412
B,GM1,2021-10-01,766793
B,GM1,2021-11-01,766898
B,GM1,2021-12-01,769725
B,GM1,2022-01-01,771158
B,GM1,2022-02-01,769749
B,GM1,2022-03-01,780952
B,GM1,2022-04-01,777551
B,GM1,2022-05-01,779183
B,GM1,2022-06-01,775870
B,GM1,2022-07-01,778238
B,GM1,2022-08-01,780505
B,GM1,2022-09-01,776548
B,GM1,2022-10-01,766329
B,GM1,2022-11-01,771043
B,GM1,2022-12-01,752533
B,GM1,2023-01-01,732475
B,GM1,2023-02-01,719999
B,GM1,2023-03-01,705664
B,GM1,2023-04-01,697982
B,GM1,2023-05-01,683095
B,GM1,2023-06-01,668191
B,GM1,2023-07-01,651660
B,GM1,2023-08-01,640788
B,GM1,2023-09-01,634909
B,GM1,2023-10-01,630200
B,GM1,2023-11-01,628296
B,GM1,2023-12-01,621192
B,GM1,2024-01-01,607756
B,GM1,2024-02-01,600072
B,GM1,2024-03-01,602524
B,GM1,2024-04-01,601715
B,GM1,2024-05-01,596583
B,GM1,2024-06-01,602622
B,GM1,2024-07-01,597255
B,GM1,2024-08-01,600729
B,GM1,2024-09-01,609075
B,GM1,2024-10-01,611103
B,GM1,2024-11-01,620897
B,GM1,2024-12-01,635568
B,GM1,2025-01-01,632510
B,GM1,2025-02-01,634739
B,GM1,2025-03-01,654021
B,GM1,2025-04-01,670516
B,GM1,2025-05-01,674365
B,GM1,2025-06-01,709726
B,GM1,2025-07-01,723902
B,GM1,2025-08-01,731766
B,GM1,2025-09-01,734349
B,GM1,2025-10-01,742267
B,GM1,2025-11-01,752484
B,GM1,2025-12-01,750870
B,GM1,2026-01-01,753770
B,GM1,2026-02-01,756943
B,GM1,2026-03-01,765199
B,GM1,2026-04-01,766487
B,GM2,1984-12-01,205928
B,GM2,1985-01-01,202569
B,GM2,1985-02-01,200361
B,GM2,1985-03-01,201096
B,GM2,1985-04-01,200451
B,GM2,1985-05-01,201550
B,GM2,1985-06-01,200918
B,GM2,1985-07-01,198624
B,GM2,1985-08-01,198227
B,GM2,1985-09-01,201543
B,GM2,1985-10-01,202350
B,GM2,1985-11-01,206131
B,GM2,1985-12-01,213686
B,GM2,1986-01-01,212166
B,GM2,1986-02-01,212140
B,GM2,1986-03-01,212994
B,GM2,1986-04-01,214161
B,GM2,1986-05-01,214619
B,GM2,1986-06-01,214112
B,GM2,1986-07-01,211223
B,GM2,1986-08-01,212365
B,GM2,1986-09-01,215801
B,GM2,1986-10-01,218170
B,GM2,1986-11-01,221018
B,GM2,1986-12-01,226444
B,GM2,1987-01-01,226575
B,GM2,1987-02-01,226243
B,GM2,1987-03-01,228005
B,GM2,1987-04-01,229750
B,GM2,1987-05-01,230695
B,GM2,1987-06-01,231458
B,GM2,1987-07-01,231017
B,GM2,1987-08-01,233200
B,GM2,1987-09-01,235922
B,GM2,1987-10-01,238401
B,GM2,1987-11-01,243435
B,GM2,1987-12-01,249742
B,GM2,1988-01-01,253893
B,GM2,1988-02-01,257601
B,GM2,1988-03-01,261195
B,GM2,1988-04-01,264009
B,GM2,1988-05-01,265407
B,GM2,1988-06-01,264125
B,GM2,1988-07-01,261594
B,GM2,1988-08-01,260296
B,GM2,1988-09-01,262745
B,GM2,1988-10-01,263294
B,GM2,1988-11-01,265933
B,GM2,1988-12-01,264847
B,GM2,1989-01-01,259443
B,GM2,1989-02-01,256295
B,GM2,1989-03-01,256622
B,GM2,1989-04-01,252466
B,GM2,1989-05-01,248400
B,GM2,1989-06-01,244958
B,GM2,1989-07-01,239998
B,GM2,1989-08-01,239796
B,GM2,1989-09-01,242092
B,GM2,1989-10-01,239584
B,GM2,1989-11-01,241653
B,GM2,1989-12-01,244852
B,GM2,1990-01-01,234583
B,GM2,1990-02-01,229872
B,GM2,1990-03-01,229021
B,GM2,1990-04-01,226400
B,GM2,1990-05-01,226220
B,GM2,1990-06-01,227570
B,GM2,1990-07-01,222303
B,GM2,1990-08-01,220728
B,GM2,1990-09-01,224927
B,GM2,1990-10-01,224387
B,GM2,1990-11-01,227930
B,GM2,1990-12-01,236303
B,GM2,1991-01-01,229320
B,GM2,1991-02-01,228783
B,GM2,1991-03-01,229234
B,GM2,1991-04-01,229714
B,GM2,1991-05-01,231099
B,GM2,1991-06-01,232538
B,GM2,1991-07-01,228220
B,GM2,1991-08-01,228436
B,GM2,1991-09-01,230603
B,GM2,1991-10-01,231058
B,GM2,1991-11-01,234900
B,GM2,1991-12-01,242535
B,GM2,1992-01-01,237032
B,GM2,1992-02-01,237759
B,GM2,1992-03-01,237095
B,GM2,1992-04-01,236896
B,GM2,1992-05-01,236165
B,GM2,1992-06-01,235990
B,GM2,1992-07-01,229376
B,GM2,1992-08-01,229962
B,GM2,1992-09-01,235292
B,GM2,1992-10-01,238049
B,GM2,1992-11-01,245244
B,GM2,1992-12-01,255466
B,GM2,1993-01-01,257560
B,GM2,1993-02-01,261858
B,GM2,1993-03-01,268917
B,GM2,1993-04-01,270928
B,GM2,1993-05-01,274177
B,GM2,1993-06-01,276329
B,GM2,1993-07-01,273954
B,GM2,1993-08-01,275895
B,GM2,1993-09-01,279623
B,GM2,1993-10-01,285644
B,GM2,1993-11-01,290698
B,GM2,1993-12-01,298810
B,GM2,1994-01-01,302458
B,GM2,1994-02-01,305128
B,GM2,1994-03-01,304256
B,GM2,1994-04-01,304541
B,GM2,1994-05-01,305522
B,GM2,1994-06-01,304906
B,GM2,1994-07-01,299419
B,GM2,1994-08-01,298456
B,GM2,1994-09-01,302254
B,GM2,1994-10-01,303238
B,GM2,1994-11-01,309573
B,GM2,1994-12-01,313250
B,GM2,1995-01-01,310439
B,GM2,1995-02-01,309562
B,GM2,1995-03-01,307998
B,GM2,1995-04-01,309905
B,GM2,1995-05-01,313851
B,GM2,1995-06-01,315241
B,GM2,1995-07-01,314884
B,GM2,1995-08-01,318348
B,GM2,1995-09-01,322034
B,GM2,1995-10-01,329299
B,GM2,1995-11-01,338784
B,GM2,1995-12-01,342251
B,GM2,1996-01-01,351776
B,GM2,1996-02-01,355750
B,GM2,1996-03-01,358272
B,GM2,1996-04-01,360794
B,GM2,1996-05-01,356096
B,GM2,1996-06-01,353822
B,GM2,1996-07-01,350064
B,GM2,1996-08-01,349816
B,GM2,1996-09-01,357677
B,GM2,1996-10-01,361232
B,GM2,1996-11-01,366942
B,GM2,1996-12-01,367965
B,GM2,1997-01-01,377138
B,GM2,1997-02-01,379879
B,GM2,1997-03-01,374558
B,GM2,1997-04-01,378967
B,GM2,1997-05-01,384073
B,GM2,1997-06-01,381202
B,GM2,1997-07-01,378333
B,GM2,1997-08-01,379290
B,GM2,1997-09-01,380682
B,GM2,1997-10-01,381322
B,GM2,1997-11-01,384880
B,GM2,1997-12-01,390295
B,GM2,1998-01-01,395656
B,GM2,1998-02-01,403649
B,GM2,1998-03-01,399032
B,GM2,1998-04-01,396548
B,GM2,1998-05-01,392964
B,GM2,1998-06-01,387343
B,GM2,1998-07-01,385300
B,GM2,1998-08-01,387689
B,GM2,1998-09-01,387830
B,GM2,1998-10-01,395088
B,GM2,1998-11-01,398357
B,GM2,1998-12-01,393025
B,GM2,1999-01-01,401313
B,GM2,1999-02-01,407124
B,GM2,1999-03-01,404466
B,GM2,1999-04-01,410749
B,GM2,1999-05-01,411567
B,GM2,1999-06-01,407015
B,GM2,1999-07-01,406735
B,GM2,1999-08-01,405959
B,GM2,1999-09-01,405077
B,GM2,1999-10-01,405621
B,GM2,1999-11-01,408509
B,GM2,1999-12-01,401235
B,GM2,2000-01-01,405366
B,GM2,2000-02-01,400824
B,GM2,2000-03-01,394792
B,GM2,2000-04-01,392789
B,GM2,2000-05-01,391193
B,GM2,2000-06-01,383268
B,GM2,2000-07-01,377499
B,GM2,2000-08-01,377662
B,GM2,2000-09-01,374173
B,GM2,2000-10-01,374524
B,GM2,2000-11-01,380861
B,GM2,2000-12-01,378424
B,GM2,2001-01-01,380914
B,GM2,2001-02-01,377761
B,GM2,2001-03-01,371741
B,GM2,2001-04-01,374595
B,GM2,2001-05-01,378034
B,GM2,2001-06-01,373162
B,GM2,2001-07-01,369293
B,GM2,2001-08-01,369826
B,GM2,2001-09-01,373574
B,GM2,2001-10-01,378521
B,GM2,2001-11-01,388174
B,GM2,2001-12-01,395923
B,GM2,2002-01-01,392686
B,GM2,2002-02-01,396762
B,GM2,2002-03-01,399916
B,GM2,2002-04-01,400054
B,GM2,2002-05-01,400897
B,GM2,2002-06-01,405031
B,GM2,2002-07-01,407885
B,GM2,2002-08-01,412757
B,GM2,2002-09-01,416479
B,GM2,2002-10-01,420798
B,GM2,2002-11-01,430211
B,GM2,2002-12-01,437715
B,GM2,2003-01-01,439413
B,GM2,2003-02-01,444917
B,GM2,2003-03-01,470566
B,GM2,2003-04-01,481098
B,GM2,2003-05-01,482706
B,GM2,2003-06-01,482350
B,GM2,2003-07-01,483857
B,GM2,2003-08-01,491120
B,GM2,2003-09-01,494343
B,GM2,2003-10-01,503206
B,GM2,2003-11-01,509896
B,GM2,2003-12-01,503840
B,GM2,2004-01-01,512409
B,GM2,2004-02-01,516770
B,GM2,2004-03-01,510508
B,GM2,2004-04-01,514687
B,GM2,2004-05-01,514909
B,GM2,2004-06-01,506380
B,GM2,2004-07-01,499446
B,GM2,2004-08-01,499179
B,GM2,2004-09-01,493461
B,GM2,2004-10-01,493266
B,GM2,2004-11-01,498032
B,GM2,2004-12-01,493441
B,GM2,2005-01-01,501013
B,GM2,2005-02-01,501606
B,GM2,2005-03-01,496537
B,GM2,2005-04-01,493592
B,GM2,2005-05-01,494301
B,GM2,2005-06-01,499180
B,GM2,2005-07-01,499193
B,GM2,2005-08-01,499493
B,GM2,2005-09-01,502521
B,GM2,2005-10-01,504180
B,GM2,2005-11-01,510211
B,GM2,2005-12-01,506673
B,GM2,2006-01-01,505211
B,GM2,2006-02-01,503224
B,GM2,2006-03-01,496795
B,GM2,2006-04-01,497689
B,GM2,2006-05-01,493323
B,GM2,2006-06-01,489268
B,GM2,2006-07-01,487877
B,GM2,2006-08-01,488513
B,GM2,2006-09-01,486009
B,GM2,2006-10-01,486909
B,GM2,2006-11-01,486611
B,GM2,2006-12-01,481355
B,GM2,2007-01-01,482240
B,GM2,2007-02-01,480591
B,GM2,2007-03-01,467966
B,GM2,2007-04-01,469349
B,GM2,2007-05-01,466145
B,GM2,2007-06-01,459577
B,GM2,2007-07-01,452879
B,GM2,2007-08-01,448736
B,GM2,2007-09-01,449432
B,GM2,2007-10-01,450711
B,GM2,2007-11-01,457852
B,GM2,2007-12-01,457682
B,GM2,2008-01-01,452706
B,GM2,2008-02-01,450027
B,GM2,2008-03-01,450365
B,GM2,2008-04-01,453587
B,GM2,2008-05-01,448782
B,GM2,2008-06-01,441180
B,GM2,2008-07-01,435474
B,GM2,2008-08-01,438166
B,GM2,2008-09-01,439101
B,GM2,2008-10-01,455348
B,GM2,2008-11-01,488397
B,GM2,2008-12-01,528797
B,GM2,2009-01-01,554045
B,GM2,2009-02-01,574188
B,GM2,2009-03-01,588179
B,GM2,2009-04-01,603128
B,GM2,2009-05-01,607065
B,GM2,2009-06-01,605808
B,GM2,2009-07-01,614988
B,GM2,2009-08-01,620190
B,GM2,2009-09-01,623574
B,GM2,2009-10-01,632703
B,GM2,2009-11-01,641577
B,GM2,2009-12-01,642520
B,GM2,2010-01-01,648377
B,GM2,2010-02-01,649120
B,GM2,2010-03-01,651979
B,GM2,2010-04-01,661334
B,GM2,2010-05-01,673948
B,GM2,2010-06-01,676757
B,GM2,2010-07-01,680072
B,GM2,2010-08-01,683549
B,GM2,2010-09-01,685297
B,GM2,2010-10-01,690932
B,GM2,2010-11-01,698984
B,GM2,2010-12-01,699994
B,GM2,2011-01-01,702111
B,GM2,2011-02-01,706330
B,GM2,2011-03-01,706062
B,GM2,2011-04-01,714464
B,GM2,2011-05-01,718365
B,GM2,2011-06-01,713435
B,GM2,2011-07-01,719024
B,GM2,2011-08-01,744193
B,GM2,2011-09-01,750805
B,GM2,2011-10-01,758815
B,GM2,2011-11-01,761126
B,GM2,2011-12-01,767748
B,GM2,2012-01-01,770983
B,GM2,2012-02-01,772178
B,GM2,2012-03-01,770920
B,GM2,2012-04-01,776680
B,GM2,2012-05-01,783248
B,GM2,2012-06-01,795716
B,GM2,2012-07-01,809833
B,GM2,2012-08-01,820875
B,GM2,2012-09-01,825539
B,GM2,2012-10-01,831906
B,GM2,2012-11-01,838456
B,GM2,2012-12-01,846785
B,GM2,2013-01-01,846510
B,GM2,2013-02-01,850063
B,GM2,2013-03-01,851678
B,GM2,2013-04-01,861151
B,GM2,2013-05-01,863035
B,GM2,2013-06-01,853105
B,GM2,2013-07-01,862302
B,GM2,2013-08-01,870985
B,GM2,2013-09-01,867266
B,GM2,2013-10-01,871401
B,GM2,2013-11-01,878392
B,GM2,2013-12-01,873059
B,GM2,2014-01-01,881341
B,GM2,2014-02-01,884806
B,GM2,2014-03-01,888164
B,GM2,2014-04-01,890644
B,GM2,2014-05-01,893837
B,GM2,2014-06-01,887989
B,GM2,2014-07-01,891568
B,GM2,2014-08-01,895662
B,GM2,2014-09-01,891505
B,GM2,2014-10-01,896774
B,GM2,2014-11-01,905114
B,GM2,2014-12-01,895399
B,GM2,2015-01-01,896675
B,GM2,2015-02-01,897830
B,GM2,2015-03-01,902232
B,GM2,2015-04-01,897769
B,GM2,2015-05-01,900794
B,GM2,2015-06-01,898738
B,GM2,2015-07-01,901733
B,GM2,2015-08-01,903873
B,GM2,2015-09-01,900098
B,GM2,2015-10-01,905740
B,GM2,2015-11-01,911839
B,GM2,2015-12-01,908045
B,GM2,2016-01-01,910723
B,GM2,2016-02-01,913614
B,GM2,2016-03-01,921767
B,GM2,2016-04-01,921669
B,GM2,2016-05-01,924122
B,GM2,2016-06-01,923584
B,GM2,2016-07-01,930158
B,GM2,2016-08-01,933439
B,GM2,2016-09-01,931565
B,GM2,2016-10-01,936569
B,GM2,2016-11-01,940251
B,GM2,2016-12-01,943180
B,GM2,2017-01-01,945332
B,GM2,2017-02-01,948598
B,GM2,2017-03-01,952150
B,GM2,2017-04-01,954974
B,GM2,2017-05-01,964564
B,GM2,2017-06-01,963572
B,GM2,2017-07-01,969256
B,GM2,2017-08-01,974976
B,GM2,2017-09-01,973436
B,GM2,2017-10-01,978326
B,GM2,2017-11-01,983437
B,GM2,2017-12-01,980644
B,GM2,2018-01-01,985323
B,GM2,2018-02-01,987846
B,GM2,2018-03-01,988934
B,GM2,2018-04-01,989857
B,GM2,2018-05-01,993831
B,GM2,2018-06-01,989084
B,GM2,2018-07-01,995155
B,GM2,2018-08-01,1000599
B,GM2,2018-09-01,998652
B,GM2,2018-10-01,1005352
B,GM2,2018-11-01,1012258
B,GM2,2018-12-01,1015135
B,GM2,2019-01-01,1016265
B,GM2,2019-02-01,1020650
B,GM2,2019-03-01,1024380
B,GM2,2019-04-01,1026007
B,GM2,2019-05-01,1030635
B,GM2,2019-06-01,1026473
B,GM2,2019-07-01,1029083
B,GM2,2019-08-01,1030594
B,GM2,2019-09-01,1025083
B,GM2,2019-10-01,1022484
B,GM2,2019-11-01,1020566
B,GM2,2019-12-01,1016327
B,GM2,2020-01-01,1010892
B,GM2,2020-02-01,1013206
B,GM2,2020-03-01,1027023
B,GM2,2020-04-01,1035712
B,GM2,2020-05-01,1044646
B,GM2,2020-06-01,1047783
B,GM2,2020-07-01,1053410
B,GM2,2020-08-01,1058429
B,GM2,2020-09-01,1058289
B,GM2,2020-10-01,1067778
B,GM2,2020-11-01,1073708
B,GM2,2020-12-01,1077696
B,GM2,2021-01-01,1079973
B,GM2,2021-02-01,1082066
B,GM2,2021-03-01,1089345
B,GM2,2021-04-01,1090311
B,GM2,2021-05-01,1091499
B,GM2,2021-06-01,1088131
B,GM2,2021-07-01,1090501
B,GM2,2021-08-01,1090479
B,GM2,2021-09-01,1093024
B,GM2,2021-10-01,1095563
B,GM2,2021-11-01,1094782
B,GM2,2021-12-01,1094357
B,GM2,2022-01-01,1093386
B,GM2,2022-02-01,1091534
B,GM2,2022-03-01,1097277
B,GM2,2022-04-01,1093922
B,GM2,2022-05-01,1094599
B,GM2,2022-06-01,1089396
B,GM2,2022-07-01,1092057
B,GM2,2022-08-01,1093844
B,GM2,2022-09-01,1088155
B,GM2,2022-10-01,1076830
B,GM2,2022-11-01,1079983
B,GM2,2022-12-01,1060645
B,GM2,2023-01-01,1042739
B,GM2,2023-02-01,1033650
B,GM2,2023-03-01,1016291
B,GM2,2023-04-01,1006485
B,GM2,2023-05-01,990723
B,GM2,2023-06-01,974939
B,GM2,2023-07-01,961694
B,GM2,2023-08-01,949904
B,GM2,2023-09-01,942276
B,GM2,2023-10-01,936231
B,GM2,2023-11-01,934727
B,GM2,2023-12-01,928131
B,GM2,2024-01-01,915635
B,GM2,2024-02-01,909670
B,GM2,2024-03-01,912962
B,GM2,2024-04-01,915430
B,GM2,2024-05-01,912885
B,GM2,2024-06-01,920586
B,GM2,2024-07-01,921083
B,GM2,2024-08-01,927282
B,GM2,2024-09-01,935471
B,GM2,2024-10-01,938918
B,GM2,2024-11-01,951672
B,GM2,2024-12-01,971323
B,GM2,2025-01-01,970081
B,GM2,2025-02-01,974995
B,GM2,2025-03-01,996432
B,GM2,2025-04-01,1015132
B,GM2,2025-05-01,1020500
B,GM2,2025-06-01,1057127
B,GM2,2025-07-01,1072661
B,GM2,2025-08-01,1081173
B,GM2,2025-09-01,1082964
B,GM2,2025-10-01,1091226
B,GM2,2025-11-01,1102146
B,GM2,2025-12-01,1102002
B,GM2,2026-01-01,1104832
B,GM2,2026-02-01,1107230
B,GM2,2026-03-01,1114677
B,GM2,2026-04-01,1116455
B,GM3,1984-12-01,252995
B,GM3,1985-01-01,252820
B,GM3,1985-02-01,253420
B,GM3,1985-03-01,256442
B,GM3,1985-04-01,257249
B,GM3,1985-05-01,258695
B,GM3,1985-06-01,257858
B,GM3,1985-07-01,256725
B,GM3,1985-08-01,255681
B,GM3,1985-09-01,259409
B,GM3,1985-10-01,261059
B,GM3,1985-11-01,261899
B,GM3,1985-12-01,267902
B,GM3,1986-01-01,267754
B,GM3,1986-02-01,267915
B,GM3,1986-03-01,268271
B,GM3,1986-04-01,272006
B,GM3,1986-05-01,273053
B,GM3,1986-06-01,275229
B,GM3,1986-07-01,275772
B,GM3,1986-08-01,275032
B,GM3,1986-09-01,277884
B,GM3,1986-10-01,280521
B,GM3,1986-11-01,281559
B,GM3,1986-12-01,287981
B,GM3,1987-01-01,287692
B,GM3,1987-02-01,288111
B,GM3,1987-03-01,293074
B,GM3,1987-04-01,295678
B,GM3,1987-05-01,296268
B,GM3,1987-06-01,298595
B,GM3,1987-07-01,300050
B,GM3,1987-08-01,301796
B,GM3,1987-09-01,306096
B,GM3,1987-10-01,310154
B,GM3,1987-11-01,313302
B,GM3,1987-12-01,319441
B,GM3,1988-01-01,319612
B,GM3,1988-02-01,321038
B,GM3,1988-03-01,324220
B,GM3,1988-04-01,329052
B,GM3,1988-05-01,330921
B,GM3,1988-06-01,329567
B,GM3,1988-07-01,331395
B,GM3,1988-08-01,331281
B,GM3,1988-09-01,333056
B,GM3,1988-10-01,333507
B,GM3,1988-11-01,335470
B,GM3,1988-12-01,337217
B,GM3,1989-01-01,339890
B,GM3,1989-02-01,341269
B,GM3,1989-03-01,345946
B,GM3,1989-04-01,347183
B,GM3,1989-05-01,350173
B,GM3,1989-06-01,350502
B,GM3,1989-07-01,348515
B,GM3,1989-08-01,349220
B,GM3,1989-09-01,352054
B,GM3,1989-10-01,352818
B,GM3,1989-11-01,355163
B,GM3,1989-12-01,357476
B,GM3,1990-01-01,355676
B,GM3,1990-02-01,353734
B,GM3,1990-03-01,354907
B,GM3,1990-04-01,354725
B,GM3,1990-05-01,354546
B,GM3,1990-06-01,353575
B,GM3,1990-07-01,350717
B,GM3,1990-08-01,352339
B,GM3,1990-09-01,358296
B,GM3,1990-10-01,357955
B,GM3,1990-11-01,360582
B,GM3,1990-12-01,365941
B,GM3,1991-01-01,363466
B,GM3,1991-02-01,361835
B,GM3,1991-03-01,364020
B,GM3,1991-04-01,365298
B,GM3,1991-05-01,366391
B,GM3,1991-06-01,364754
B,GM3,1991-07-01,363319
B,GM3,1991-08-01,362845
B,GM3,1991-09-01,364706
B,GM3,1991-10-01,367147
B,GM3,1991-11-01,368456
B,GM3,1991-12-01,374547
B,GM3,1992-01-01,369757
B,GM3,1992-02-01,369863
B,GM3,1992-03-01,370517
B,GM3,1992-04-01,375012
B,GM3,1992-05-01,375722
B,GM3,1992-06-01,373973
B,GM3,1992-07-01,370530
B,GM3,1992-08-01,370091
B,GM3,1992-09-01,372335
B,GM3,1992-10-01,372253
B,GM3,1992-11-01,377600
B,GM3,1992-12-01,381109
B,GM3,1993-01-01,380820
B,GM3,1993-02-01,381412
B,GM3,1993-03-01,386381
B,GM3,1993-04-01,387962
B,GM3,1993-05-01,386007
B,GM3,1993-06-01,384747
B,GM3,1993-07-01,384950
B,GM3,1993-08-01,385434
B,GM3,1993-09-01,387442
B,GM3,1993-10-01,392784
B,GM3,1993-11-01,397033
B,GM3,1993-12-01,400107
B,GM3,1994-01-01,403940
B,GM3,1994-02-01,407464
B,GM3,1994-03-01,408010
B,GM3,1994-04-01,411014
B,GM3,1994-05-01,410172
B,GM3,1994-06-01,407858
B,GM3,1994-07-01,403560
B,GM3,1994-08-01,401941
B,GM3,1994-09-01,404723
B,GM3,1994-10-01,407134
B,GM3,1994-11-01,411637
B,GM3,1994-12-01,415020
B,GM3,1995-01-01,414385
B,GM3,1995-02-01,413275
B,GM3,1995-03-01,412428
B,GM3,1995-04-01,414034
B,GM3,1995-05-01,417486
B,GM3,1995-06-01,414266
B,GM3,1995-07-01,413172
B,GM3,1995-08-01,414242
B,GM3,1995-09-01,416196
B,GM3,1995-10-01,420018
B,GM3,1995-11-01,423688
B,GM3,1995-12-01,427002
B,GM3,1996-01-01,434805
B,GM3,1996-02-01,437213
B,GM3,1996-03-01,442518
B,GM3,1996-04-01,446160
B,GM3,1996-05-01,445824
B,GM3,1996-06-01,444175
B,GM3,1996-07-01,443680
B,GM3,1996-08-01,442760
B,GM3,1996-09-01,446734
B,GM3,1996-10-01,449820
B,GM3,1996-11-01,456473
B,GM3,1996-12-01,455644
B,GM3,1997-01-01,465905
B,GM3,1997-02-01,471174
B,GM3,1997-03-01,467417
B,GM3,1997-04-01,471874
B,GM3,1997-05-01,473910
B,GM3,1997-06-01,467735
B,GM3,1997-07-01,465961
B,GM3,1997-08-01,463115
B,GM3,1997-09-01,463799
B,GM3,1997-10-01,467295
B,GM3,1997-11-01,469010
B,GM3,1997-12-01,470953
B,GM3,1998-01-01,473456
B,GM3,1998-02-01,476296
B,GM3,1998-03-01,478191
B,GM3,1998-04-01,479179
B,GM3,1998-05-01,475205
B,GM3,1998-06-01,471545
B,GM3,1998-07-01,471485
B,GM3,1998-08-01,470482
B,GM3,1998-09-01,466720
B,GM3,1998-10-01,470394
B,GM3,1998-11-01,478363
B,GM3,1998-12-01,472944
B,GM3,1999-01-01,477485
B,GM3,1999-02-01,483479
B,GM3,1999-03-01,481796
B,GM3,1999-04-01,484440
B,GM3,1999-05-01,484532
B,GM3,1999-06-01,478502
B,GM3,1999-07-01,478331
B,GM3,1999-08-01,476969
B,GM3,1999-09-01,475852
B,GM3,1999-10-01,476089
B,GM3,1999-11-01,480298
B,GM3,1999-12-01,479794
B,GM3,2000-01-01,479941
B,GM3,2000-02-01,477898
B,GM3,2000-03-01,475411
B,GM3,2000-04-01,476026
B,GM3,2000-05-01,477820
B,GM3,2000-06-01,466816
B,GM3,2000-07-01,467410
B,GM3,2000-08-01,468341
B,GM3,2000-09-01,464939
B,GM3,2000-10-01,467679
B,GM3,2000-11-01,473985
B,GM3,2000-12-01,474814
B,GM3,2001-01-01,480885
B,GM3,2001-02-01,482736
B,GM3,2001-03-01,481175
B,GM3,2001-04-01,487474
B,GM3,2001-05-01,490812
B,GM3,2001-06-01,485901
B,GM3,2001-07-01,482780
B,GM3,2001-08-01,482437
B,GM3,2001-09-01,483169
B,GM3,2001-10-01,491563
B,GM3,2001-11-01,500495
B,GM3,2001-12-01,501841
B,GM3,2002-01-01,498726
B,GM3,2002-02-01,500773
B,GM3,2002-03-01,502475
B,GM3,2002-04-01,504446
B,GM3,2002-05-01,504004
B,GM3,2002-06-01,504918
B,GM3,2002-07-01,507862
B,GM3,2002-08-01,507543
B,GM3,2002-09-01,509996
B,GM3,2002-10-01,512633
B,GM3,2002-11-01,519617
B,GM3,2002-12-01,525906
B,GM3,2003-01-01,529881
B,GM3,2003-02-01,536455
B,GM3,2003-03-01,544277
B,GM3,2003-04-01,553870
B,GM3,2003-05-01,552029
B,GM3,2003-06-01,550980
B,GM3,2003-07-01,549761
B,GM3,2003-08-01,554352
B,GM3,2003-09-01,560421
B,GM3,2003-10-01,564469
B,GM3,2003-11-01,564193
B,GM3,2003-12-01,565195
B,GM3,2004-01-01,572224
B,GM3,2004-02-01,574348
B,GM3,2004-03-01,570607
B,GM3,2004-04-01,573972
B,GM3,2004-05-01,574561
B,GM3,2004-06-01,571493
B,GM3,2004-07-01,566527
B,GM3,2004-08-01,570624
B,GM3,2004-09-01,569156
B,GM3,2004-10-01,571896
B,GM3,2004-11-01,579159
B,GM3,2004-12-01,579458
B,GM3,2005-01-01,589309
B,GM3,2005-02-01,588059
B,GM3,2005-03-01,586128
B,GM3,2005-04-01,589975
B,GM3,2005-05-01,592609
B,GM3,2005-06-01,599285
B,GM3,2005-07-01,605595
B,GM3,2005-08-01,602001
B,GM3,2005-09-01,603437
B,GM3,2005-10-01,604847
B,GM3,2005-11-01,612889
B,GM3,2005-12-01,607671
B,GM3,2006-01-01,607817
B,GM3,2006-02-01,608282
B,GM3,2006-03-01,609939
B,GM3,2006-04-01,615120
B,GM3,2006-05-01,611493
B,GM3,2006-06-01,607866
B,GM3,2006-07-01,613823
B,GM3,2006-08-01,614852
B,GM3,2006-09-01,614904
B,GM3,2006-10-01,620794
B,GM3,2006-11-01,621434
B,GM3,2006-12-01,625482
B,GM3,2007-01-01,630596
B,GM3,2007-02-01,630845
B,GM3,2007-03-01,626192
B,GM3,2007-04-01,629933
B,GM3,2007-05-01,628581
B,GM3,2007-06-01,626019
B,GM3,2007-07-01,623313
B,GM3,2007-08-01,621705
B,GM3,2007-09-01,626687
B,GM3,2007-10-01,629410
B,GM3,2007-11-01,636235
B,GM3,2007-12-01,640841
B,GM3,2008-01-01,641251
B,GM3,2008-02-01,641838
B,GM3,2008-03-01,645305
B,GM3,2008-04-01,657785
B,GM3,2008-05-01,651226
B,GM3,2008-06-01,642584
B,GM3,2008-07-01,636558
B,GM3,2008-08-01,640121
B,GM3,2008-09-01,638835
B,GM3,2008-10-01,647068
B,GM3,2008-11-01,649506
B,GM3,2008-12-01,656047
B,GM3,2009-01-01,664198
B,GM3,2009-02-01,669054
B,GM3,2009-03-01,670182
B,GM3,2009-04-01,678896
B,GM3,2009-05-01,677964
B,GM3,2009-06-01,679985
B,GM3,2009-07-01,683611
B,GM3,2009-08-01,686984
B,GM3,2009-09-01,687086
B,GM3,2009-10-01,694758
B,GM3,2009-11-01,702931
B,GM3,2009-12-01,701462
B,GM3,2010-01-01,706491
B,GM3,2010-02-01,710940
B,GM3,2010-03-01,713064
B,GM3,2010-04-01,719904
B,GM3,2010-05-01,731940
B,GM3,2010-06-01,732581
B,GM3,2010-07-01,732560
B,GM3,2010-08-01,735713
B,GM3,2010-09-01,736993
B,GM3,2010-10-01,742335
B,GM3,2010-11-01,749462
B,GM3,2010-12-01,754354
B,GM3,2011-01-01,758031
B,GM3,2011-02-01,765593
B,GM3,2011-03-01,763966
B,GM3,2011-04-01,771590
B,GM3,2011-05-01,778379
B,GM3,2011-06-01,772607
B,GM3,2011-07-01,778714
B,GM3,2011-08-01,795030
B,GM3,2011-09-01,796156
B,GM3,2011-10-01,803307
B,GM3,2011-11-01,804553
B,GM3,2011-12-01,811554
B,GM3,2012-01-01,815940
B,GM3,2012-02-01,817815
B,GM3,2012-03-01,817058
B,GM3,2012-04-01,823211
B,GM3,2012-05-01,829804
B,GM3,2012-06-01,841009
B,GM3,2012-07-01,853003
B,GM3,2012-08-01,863019
B,GM3,2012-09-01,867668
B,GM3,2012-10-01,875634
B,GM3,2012-11-01,880724
B,GM3,2012-12-01,891208
B,GM3,2013-01-01,891263
B,GM3,2013-02-01,895617
B,GM3,2013-03-01,895971
B,GM3,2013-04-01,905766
B,GM3,2013-05-01,908730
B,GM3,2013-06-01,897327
B,GM3,2013-07-01,906558
B,GM3,2013-08-01,914538
B,GM3,2013-09-01,910916
B,GM3,2013-10-01,915016
B,GM3,2013-11-01,920928
B,GM3,2013-12-01,920683
B,GM3,2014-01-01,928250
B,GM3,2014-02-01,933548
B,GM3,2014-03-01,937346
B,GM3,2014-04-01,938788
B,GM3,2014-05-01,942255
B,GM3,2014-06-01,933865
B,GM3,2014-07-01,938541
B,GM3,2014-08-01,944673
B,GM3,2014-09-01,941345
B,GM3,2014-10-01,945819
B,GM3,2014-11-01,953695
B,GM3,2014-12-01,950669
B,GM3,2015-01-01,954504
B,GM3,2015-02-01,954951
B,GM3,2015-03-01,958294
B,GM3,2015-04-01,953086
B,GM3,2015-05-01,956315
B,GM3,2015-06-01,953674
B,GM3,2015-07-01,956638
B,GM3,2015-08-01,957996
B,GM3,2015-09-01,953498
B,GM3,2015-10-01,959523
B,GM3,2015-11-01,973736
B,GM3,2015-12-01,966396
B,GM3,2016-01-01,968065
B,GM3,2016-02-01,970240
B,GM3,2016-03-01,975586
B,GM3,2016-04-01,975870
B,GM3,2016-05-01,977928
B,GM3,2016-06-01,976385
B,GM3,2016-07-01,982777
B,GM3,2016-08-01,985659
B,GM3,2016-09-01,982619
B,GM3,2016-10-01,988200
B,GM3,2016-11-01,992545
B,GM3,2016-12-01,996141
B,GM3,2017-01-01,997419
B,GM3,2017-02-01,1001761
B,GM3,2017-03-01,1004963
B,GM3,2017-04-01,1007209
B,GM3,2017-05-01,1016207
B,GM3,2017-06-01,1015763
B,GM3,2017-07-01,1021053
B,GM3,2017-08-01,1025704
B,GM3,2017-09-01,1024278
B,GM3,2017-10-01,1028805
B,GM3,2017-11-01,1034078
B,GM3,2017-12-01,1031388
B,GM3,2018-01-01,1036373
B,GM3,2018-02-01,1038009
B,GM3,2018-03-01,1037387
B,GM3,2018-04-01,1039771
B,GM3,2018-05-01,1044767
B,GM3,2018-06-01,1038664
B,GM3,2018-07-01,1045198
B,GM3,2018-08-01,1050830
B,GM3,2018-09-01,1047675
B,GM3,2018-10-01,1054593
B,GM3,2018-11-01,1062624
B,GM3,2018-12-01,1063992
B,GM3,2019-01-01,1070756
B,GM3,2019-02-01,1075036
B,GM3,2019-03-01,1076180
B,GM3,2019-04-01,1077864
B,GM3,2019-05-01,1081329
B,GM3,2019-06-01,1077241
B,GM3,2019-07-01,1079474
B,GM3,2019-08-01,1080919
B,GM3,2019-09-01,1076189
B,GM3,2019-10-01,1074823
B,GM3,2019-11-01,1077713
B,GM3,2019-12-01,1072273
B,GM3,2020-01-01,1071532
B,GM3,2020-02-01,1075784
B,GM3,2020-03-01,1090838
B,GM3,2020-04-01,1100067
B,GM3,2020-05-01,1107962
B,GM3,2020-06-01,1110218
B,GM3,2020-07-01,1120025
B,GM3,2020-08-01,1123872
B,GM3,2020-09-01,1121938
B,GM3,2020-10-01,1134290
B,GM3,2020-11-01,1140090
B,GM3,2020-12-01,1141681
B,GM3,2021-01-01,1146987
B,GM3,2021-02-01,1148612
B,GM3,2021-03-01,1153523
B,GM3,2021-04-01,1154207
B,GM3,2021-05-01,1154396
B,GM3,2021-06-01,1151494
B,GM3,2021-07-01,1156754
B,GM3,2021-08-01,1159443
B,GM3,2021-09-01,1159481
B,GM3,2021-10-01,1163087
B,GM3,2021-11-01,1161271
B,GM3,2021-12-01,1157754
B,GM3,2022-01-01,1159508
B,GM3,2022-02-01,1159742
B,GM3,2022-03-01,1161858
B,GM3,2022-04-01,1155744
B,GM3,2022-05-01,1157230
B,GM3,2022-06-01,1149669
B,GM3,2022-07-01,1154328
B,GM3,2022-08-01,1157126
B,GM3,2022-09-01,1160617
B,GM3,2022-10-01,1161859
B,GM3,2022-11-01,1171437
B,GM3,2022-12-01,1159243
B,GM3,2023-01-01,1158833
B,GM3,2023-02-01,1162394
B,GM3,2023-03-01,1155293
B,GM3,2023-04-01,1153845
B,GM3,2023-05-01,1142952
B,GM3,2023-06-01,1133843
B,GM3,2023-07-01,1136369
B,GM3,2023-08-01,1131701
B,GM3,2023-09-01,1128106
B,GM3,2023-10-01,1132252
B,GM3,2023-11-01,1135000
B,GM3,2023-12-01,1136319
B,GM3,2024-01-01,1135048
B,GM3,2024-02-01,1131865
B,GM3,2024-03-01,1138093
B,GM3,2024-04-01,1143443
B,GM3,2024-05-01,1135316
B,GM3,2024-06-01,1135556
B,GM3,2024-07-01,1139827
B,GM3,2024-08-01,1144720
B,GM3,2024-09-01,1147578
B,GM3,2024-10-01,1147740
B,GM3,2024-11-01,1155314
B,GM3,2024-12-01,1157955
B,GM3,2025-01-01,1154161
B,GM3,2025-02-01,1159685
B,GM3,2025-03-01,1170023
B,GM3,2025-04-01,1178403
B,GM3,2025-05-01,1175485
B,GM3,2025-06-01,1184341
B,GM3,2025-07-01,1192379
B,GM3,2025-08-01,1196779
B,GM3,2025-09-01,1193297
B,GM3,2025-10-01,1202936
B,GM3,2025-11-01,1211642
B,GM3,2025-12-01,1210044
B,GM3,2026-01-01,1215314
B,GM3,2026-02-01,1215575
B,GM3,2026-03-01,1223206
B,GM3,2026-04-01,1228523
B,S0,1984-12-01,44363
B,S0,1985-01-01,41554
B,S0,1985-02-01,38649
B,S0,1985-03-01,39593
B,S0,1985-04-01,39960
B,S0,1985-05-01,40754
B,S0,1985-06-01,40754
B,S0,1985-07-01,39762
B,S0,1985-08-01,38938
B,S0,1985-09-01,41550
B,S0,1985-10-01,42006
B,S0,1985-11-01,43405
B,S0,1985-12-01,46148
B,S0,1986-01-01,43284
B,S0,1986-02-01,41842
B,S0,1986-03-01,42126
B,S0,1986-04-01,43614
B,S0,1986-05-01,43380
B,S0,1986-06-01,44473
B,S0,1986-07-01,42311
B,S0,1986-08-01,42124
B,S0,1986-09-01,44811
B,S0,1986-10-01,45956
B,S0,1986-11-01,46224
B,S0,1986-12-01,47381
B,S0,1987-01-01,46780
B,S0,1987-02-01,44891
B,S0,1987-03-01,46235
B,S0,1987-04-01,46817
B,S0,1987-05-01,46849
B,S0,1987-06-01,48040
B,S0,1987-07-01,46927
B,S0,1987-08-01,47248
B,S0,1987-09-01,48808
B,S0,1987-10-01,50045
B,S0,1987-11-01,52894
B,S0,1987-12-01,54786
B,S0,1988-01-01,56140
B,S0,1988-02-01,56746
B,S0,1988-03-01,58119
B,S0,1988-04-01,59230
B,S0,1988-05-01,59113
B,S0,1988-06-01,58994
B,S0,1988-07-01,56764
B,S0,1988-08-01,54656
B,S0,1988-09-01,56734
B,S0,1988-10-01,57089
B,S0,1988-11-01,58743
B,S0,1988-12-01,55744
B,S0,1989-01-01,53841
B,S0,1989-02-01,51708
B,S0,1989-03-01,54134
B,S0,1989-04-01,51928
B,S0,1989-05-01,51425
B,S0,1989-06-01,53053
B,S0,1989-07-01,50446
B,S0,1989-08-01,50064
B,S0,1989-09-01,52705
B,S0,1989-10-01,51836
B,S0,1989-11-01,53669
B,S0,1989-12-01,53338
B,S0,1990-01-01,49912
B,S0,1990-02-01,47399
B,S0,1990-03-01,49235
B,S0,1990-04-01,47863
B,S0,1990-05-01,48808
B,S0,1990-06-01,51615
B,S0,1990-07-01,47918
B,S0,1990-08-01,46757
B,S0,1990-09-01,49795
B,S0,1990-10-01,50000
B,S0,1990-11-01,51272
B,S0,1990-12-01,54188
B,S0,1991-01-01,50506
B,S0,1991-02-01,48319
B,S0,1991-03-01,48411
B,S0,1991-04-01,48937
B,S0,1991-05-01,50220
B,S0,1991-06-01,51306
B,S0,1991-07-01,49067
B,S0,1991-08-01,48080
B,S0,1991-09-01,49526
B,S0,1991-10-01,49995
B,S0,1991-11-01,50868
B,S0,1991-12-01,52783
B,S0,1992-01-01,49884
B,S0,1992-02-01,48870
B,S0,1992-03-01,49238
B,S0,1992-04-01,49334
B,S0,1992-05-01,48066
B,S0,1992-06-01,50093
B,S0,1992-07-01,46476
B,S0,1992-08-01,45964
B,S0,1992-09-01,50453
B,S0,1992-10-01,51331
B,S0,1992-11-01,52496
B,S0,1992-12-01,54042
B,S0,1993-01-01,53644
B,S0,1993-02-01,52482
B,S0,1993-03-01,55728
B,S0,1993-04-01,54958
B,S0,1993-05-01,55046
B,S0,1993-06-01,57609
B,S0,1993-07-01,54897
B,S0,1993-08-01,54935
B,S0,1993-09-01,56382
B,S0,1993-10-01,59609
B,S0,1993-11-01,60122
B,S0,1993-12-01,59566
B,S0,1994-01-01,62434
B,S0,1994-02-01,60519
B,S0,1994-03-01,60933
B,S0,1994-04-01,59528
B,S0,1994-05-01,60130
B,S0,1994-06-01,61655
B,S0,1994-07-01,58119
B,S0,1994-08-01,57378
B,S0,1994-09-01,60012
B,S0,1994-10-01,60147
B,S0,1994-11-01,63486
B,S0,1994-12-01,63417
B,S0,1995-01-01,63297
B,S0,1995-02-01,60872
B,S0,1995-03-01,61272
B,S0,1995-04-01,60588
B,S0,1995-05-01,63075
B,S0,1995-06-01,64711
B,S0,1995-07-01,62746
B,S0,1995-08-01,63696
B,S0,1995-09-01,64916
B,S0,1995-10-01,68421
B,S0,1995-11-01,71581
B,S0,1995-12-01,68690
B,S0,1996-01-01,72326
B,S0,1996-02-01,71931
B,S0,1996-03-01,74247
B,S0,1996-04-01,74581
B,S0,1996-05-01,72302
B,S0,1996-06-01,73285
B,S0,1996-07-01,72742
B,S0,1996-08-01,71387
B,S0,1996-09-01,75788
B,S0,1996-10-01,77853
B,S0,1996-11-01,80490
B,S0,1996-12-01,77866
B,S0,1997-01-01,83342
B,S0,1997-02-01,83433
B,S0,1997-03-01,80211
B,S0,1997-04-01,84025
B,S0,1997-05-01,87258
B,S0,1997-06-01,87135
B,S0,1997-07-01,88557
B,S0,1997-08-01,85028
B,S0,1997-09-01,85172
B,S0,1997-10-01,87216
B,S0,1997-11-01,87827
B,S0,1997-12-01,88552
B,S0,1998-01-01,93062
B,S0,1998-02-01,97819
B,S0,1998-03-01,97130
B,S0,1998-04-01,94578
B,S0,1998-05-01,92057
B,S0,1998-06-01,91920
B,S0,1998-07-01,92736
B,S0,1998-08-01,93377
B,S0,1998-09-01,94372
B,S0,1998-10-01,100187
B,S0,1998-11-01,100820
B,S0,1998-12-01,95090
B,S0,1999-01-01,101782
B,S0,1999-02-01,105037
B,S0,1999-03-01,102111
B,S0,1999-04-01,107114
B,S0,1999-05-01,107747
B,S0,1999-06-01,107390
B,S0,1999-07-01,108881
B,S0,1999-08-01,106868
B,S0,1999-09-01,106072
B,S0,1999-10-01,108438
B,S0,1999-11-01,109741
B,S0,1999-12-01,99819
B,S0,2000-01-01,106294
B,S0,2000-02-01,103373
B,S0,2000-03-01,101578
B,S0,2000-04-01,101300
B,S0,2000-05-01,102705
B,S0,2000-06-01,100136
B,S0,2000-07-01,98102
B,S0,2000-08-01,98537
B,S0,2000-09-01,96973
B,S0,2000-10-01,100753
B,S0,2000-11-01,105560
B,S0,2000-12-01,97042
B,S0,2001-01-01,102787
B,S0,2001-02-01,99240
B,S0,2001-03-01,96295
B,S0,2001-04-01,98750
B,S0,2001-05-01,101576
B,S0,2001-06-01,99504
B,S0,2001-07-01,97667
B,S0,2001-08-01,97293
B,S0,2001-09-01,99120
B,S0,2001-10-01,101717
B,S0,2001-11-01,105442
B,S0,2001-12-01,104714
B,S0,2002-01-01,103499
B,S0,2002-02-01,103898
B,S0,2002-03-01,103604
B,S0,2002-04-01,104076
B,S0,2002-05-01,103719
B,S0,2002-06-01,108522
B,S0,2002-07-01,112061
B,S0,2002-08-01,112607
B,S0,2002-09-01,115481
B,S0,2002-10-01,117490
B,S0,2002-11-01,121756
B,S0,2002-12-01,121265
B,S0,2003-01-01,122418
B,S0,2003-02-01,122392
B,S0,2003-03-01,143742
B,S0,2003-04-01,150818
B,S0,2003-05-01,149690
B,S0,2003-06-01,149945
B,S0,2003-07-01,151247
B,S0,2003-08-01,155022
B,S0,2003-09-01,158330
B,S0,2003-10-01,167120
B,S0,2003-11-01,168765
B,S0,2003-12-01,162328
B,S0,2004-01-01,170658
B,S0,2004-02-01,171779
B,S0,2004-03-01,168849
B,S0,2004-04-01,170519
B,S0,2004-05-01,170094
B,S0,2004-06-01,164578
B,S0,2004-07-01,158820
B,S0,2004-08-01,157329
B,S0,2004-09-01,152932
B,S0,2004-10-01,152763
B,S0,2004-11-01,154277
B,S0,2004-12-01,148271
B,S0,2005-01-01,156876
B,S0,2005-02-01,154863
B,S0,2005-03-01,151173
B,S0,2005-04-01,146632
B,S0,2005-05-01,147399
B,S0,2005-06-01,152728
B,S0,2005-07-01,152670
B,S0,2005-08-01,150769
B,S0,2005-09-01,155132
B,S0,2005-10-01,157032
B,S0,2005-11-01,158332
B,S0,2005-12-01,155013
B,S0,2006-01-01,155692
B,S0,2006-02-01,152279
B,S0,2006-03-01,149169
B,S0,2006-04-01,149091
B,S0,2006-05-01,147817
B,S0,2006-06-01,147020
B,S0,2006-07-01,148060
B,S0,2006-08-01,149998
B,S0,2006-09-01,149307
B,S0,2006-10-01,150650
B,S0,2006-11-01,148614
B,S0,2006-12-01,144201
B,S0,2007-01-01,150020
B,S0,2007-02-01,148101
B,S0,2007-03-01,140246
B,S0,2007-04-01,142102
B,S0,2007-05-01,140915
B,S0,2007-06-01,138777
B,S0,2007-07-01,136313
B,S0,2007-08-01,134133
B,S0,2007-09-01,135658
B,S0,2007-10-01,138322
B,S0,2007-11-01,142513
B,S0,2007-12-01,142543
B,S0,2008-01-01,141164
B,S0,2008-02-01,137732
B,S0,2008-03-01,140357
B,S0,2008-04-01,143655
B,S0,2008-05-01,138439
B,S0,2008-06-01,133772
B,S0,2008-07-01,131457
B,S0,2008-08-01,132795
B,S0,2008-09-01,134877
B,S0,2008-10-01,147426
B,S0,2008-11-01,165371
B,S0,2008-12-01,187635
B,S0,2009-01-01,200346
B,S0,2009-02-01,207887
B,S0,2009-03-01,216941
B,S0,2009-04-01,224875
B,S0,2009-05-01,223999
B,S0,2009-06-01,222542
B,S0,2009-07-01,228950
B,S0,2009-08-01,229308
B,S0,2009-09-01,230896
B,S0,2009-10-01,238169
B,S0,2009-11-01,241052
B,S0,2009-12-01,242021
B,S0,2010-01-01,245009
B,S0,2010-02-01,241624
B,S0,2010-03-01,245627
B,S0,2010-04-01,250707
B,S0,2010-05-01,257817
B,S0,2010-06-01,260946
B,S0,2010-07-01,261869
B,S0,2010-08-01,262056
B,S0,2010-09-01,262797
B,S0,2010-10-01,265115
B,S0,2010-11-01,267695
B,S0,2010-12-01,266724
B,S0,2011-01-01,267491
B,S0,2011-02-01,267557
B,S0,2011-03-01,268671
B,S0,2011-04-01,272805
B,S0,2011-05-01,274405
B,S0,2011-06-01,270086
B,S0,2011-07-01,272301
B,S0,2011-08-01,291796
B,S0,2011-09-01,296655
B,S0,2011-10-01,299505
B,S0,2011-11-01,295429
B,S0,2011-12-01,298343
B,S0,2012-01-01,298157
B,S0,2012-02-01,294532
B,S0,2012-03-01,295875
B,S0,2012-04-01,296702
B,S0,2012-05-01,298298
B,S0,2012-06-01,306891
B,S0,2012-07-01,315924
B,S0,2012-08-01,320270
B,S0,2012-09-01,324400
B,S0,2012-10-01,327437
B,S0,2012-11-01,326978
B,S0,2012-12-01,334862
B,S0,2013-01-01,333731
B,S0,2013-02-01,333045
B,S0,2013-03-01,333644
B,S0,2013-04-01,341413
B,S0,2013-05-01,338924
B,S0,2013-06-01,330243
B,S0,2013-07-01,335359
B,S0,2013-08-01,341700
B,S0,2013-09-01,337393
B,S0,2013-10-01,341326
B,S0,2013-11-01,344116
B,S0,2013-12-01,339258
B,S0,2014-01-01,342699
B,S0,2014-02-01,341925
B,S0,2014-03-01,343471
B,S0,2014-04-01,341021
B,S0,2014-05-01,340555
B,S0,2014-06-01,334416
B,S0,2014-07-01,334238
B,S0,2014-08-01,335580
B,S0,2014-09-01,333409
B,S0,2014-10-01,335250
B,S0,2014-11-01,338483
B,S0,2014-12-01,328884
B,S0,2015-01-01,326656
B,S0,2015-02-01,321330
B,S0,2015-03-01,320158
B,S0,2015-04-01,316223
B,S0,2015-05-01,316481
B,S0,2015-06-01,320105
B,S0,2015-07-01,322155
B,S0,2015-08-01,320868
B,S0,2015-09-01,321040
B,S0,2015-10-01,324502
B,S0,2015-11-01,334401
B,S0,2015-12-01,332874
B,S0,2016-01-01,356467
B,S0,2016-02-01,360430
B,S0,2016-03-01,366187
B,S0,2016-04-01,366671
B,S0,2016-05-01,369005
B,S0,2016-06-01,370618
B,S0,2016-07-01,374834
B,S0,2016-08-01,377143
B,S0,2016-09-01,379268
B,S0,2016-10-01,382813
B,S0,2016-11-01,382837
B,S0,2016-12-01,382630
B,S0,2017-01-01,382332
B,S0,2017-02-01,385290
B,S0,2017-03-01,391678
B,S0,2017-04-01,392752
B,S0,2017-05-01,397981
B,S0,2017-06-01,397516
B,S0,2017-07-01,400679
B,S0,2017-08-01,403817
B,S0,2017-09-01,405269
B,S0,2017-10-01,411149
B,S0,2017-11-01,413321
B,S0,2017-12-01,410906
B,S0,2018-01-01,413062
B,S0,2018-02-01,414833
B,S0,2018-03-01,418200
B,S0,2018-04-01,422418
B,S0,2018-05-01,424091
B,S0,2018-06-01,421512
B,S0,2018-07-01,428342
B,S0,2018-08-01,431593
B,S0,2018-09-01,429414
B,S0,2018-10-01,435735
B,S0,2018-11-01,439304
B,S0,2018-12-01,438281
B,S0,2019-01-01,444408
B,S0,2019-02-01,445673
B,S0,2019-03-01,448434
B,S0,2019-04-01,452510
B,S0,2019-05-01,456252
B,S0,2019-06-01,452230
B,S0,2019-07-01,454059
B,S0,2019-08-01,452977
B,S0,2019-09-01,471041
B,S0,2019-10-01,471063
B,S0,2019-11-01,470207
B,S0,2019-12-01,467762
B,S0,2020-01-01,477759
B,S0,2020-02-01,480333
B,S0,2020-03-01,499560
B,S0,2020-04-01,505046
B,S0,2020-05-01,509455
B,S0,2020-06-01,511344
B,S0,2020-07-01,516672
B,S0,2020-08-01,563383
B,S0,2020-09-01,563325
B,S0,2020-10-01,570383
B,S0,2020-11-01,574797
B,S0,2020-12-01,573864
B,S0,2021-01-01,574141
B,S0,2021-02-01,577181
B,S0,2021-03-01,583303
B,S0,2021-04-01,601910
B,S0,2021-05-01,603717
B,S0,2021-06-01,603175
B,S0,2021-07-01,608693
B,S0,2021-08-01,615584
B,S0,2021-09-01,618659
B,S0,2021-10-01,622014
B,S0,2021-11-01,621989
B,S0,2021-12-01,628114
B,S0,2022-01-01,654924
B,S0,2022-02-01,655616
B,S0,2022-03-01,663888
B,S0,2022-04-01,661867
B,S0,2022-05-01,663765
B,S0,2022-06-01,661187
B,S0,2022-07-01,665224
B,S0,2022-08-01,668957
B,S0,2022-09-01,671271
B,S0,2022-10-01,663103
B,S0,2022-11-01,668532
B,S0,2022-12-01,648786
B,S0,2023-01-01,633173
B,S0,2023-02-01,621234
B,S0,2023-03-01,608671
B,S0,2023-04-01,601692
B,S0,2023-05-01,588008
B,S0,2023-06-01,574323
B,S0,2023-07-01,558591
B,S0,2023-08-01,548333
B,S0,2023-09-01,542734
B,S0,2023-10-01,538712
B,S0,2023-11-01,536645
B,S0,2023-12-01,527974
B,S0,2024-01-01,516818
B,S0,2024-02-01,509845
B,S0,2024-03-01,512584
B,S0,2024-04-01,511717
B,S0,2024-05-01,507254
B,S0,2024-06-01,513301
B,S0,2024-07-01,508145
B,S0,2024-08-01,512034
B,S0,2024-09-01,520621
B,S0,2024-10-01,522539
B,S0,2024-11-01,531644
B,S0,2024-12-01,544325
B,S0,2025-01-01,542166
B,S0,2025-02-01,545158
B,S0,2025-03-01,564149
B,S0,2025-04-01,579886
B,S0,2025-05-01,584536
B,S0,2025-06-01,617610
B,S0,2025-07-01,632079
B,S0,2025-08-01,641058
B,S0,2025-09-01,643439
B,S0,2025-10-01,651162
B,S0,2025-11-01,660742
B,S0,2025-12-01,656535
B,S0,2026-01-01,660074
B,S0,2026-02-01,663666
B,S0,2026-03-01,671874
B,S0,2026-04-01,673996
B,S1,1984-12-01,110496
B,S1,1985-01-01,110817
B,S1,1985-02-01,111034
B,S1,1985-03-01,110905
B,S1,1985-04-01,110136
B,S1,1985-05-01,109847
B,S1,1985-06-01,109670
B,S1,1985-07-01,109082
B,S1,1985-08-01,108906
B,S1,1985-09-01,109031
B,S1,1985-10-01,109095
B,S1,1985-11-01,109883
B,S1,1985-12-01,113688
B,S1,1986-01-01,115317
B,S1,1986-02-01,116380
B,S1,1986-03-01,116939
B,S1,1986-04-01,116942
B,S1,1986-05-01,117301
B,S1,1986-06-01,116442
B,S1,1986-07-01,115999
B,S1,1986-08-01,116565
B,S1,1986-09-01,116720
B,S1,1986-10-01,117417
B,S1,1986-11-01,118190
B,S1,1986-12-01,120693
B,S1,1987-01-01,122387
B,S1,1987-02-01,123272
B,S1,1987-03-01,123955
B,S1,1987-04-01,124561
B,S1,1987-05-01,125167
B,S1,1987-06-01,125285
B,S1,1987-07-01,125901
B,S1,1987-08-01,126902
B,S1,1987-09-01,126847
B,S1,1987-10-01,127317
B,S1,1987-11-01,127443
B,S1,1987-12-01,130531
B,S1,1988-01-01,134156
B,S1,1988-02-01,136628
B,S1,1988-03-01,138928
B,S1,1988-04-01,140336
B,S1,1988-05-01,141366
B,S1,1988-06-01,141001
B,S1,1988-07-01,140905
B,S1,1988-08-01,140922
B,S1,1988-09-01,140119
B,S1,1988-10-01,140424
B,S1,1988-11-01,139493
B,S1,1988-12-01,139969
B,S1,1989-01-01,138885
B,S1,1989-02-01,137570
B,S1,1989-03-01,136310
B,S1,1989-04-01,134569
B,S1,1989-05-01,131355
B,S1,1989-06-01,127569
B,S1,1989-07-01,126138
B,S1,1989-08-01,126056
B,S1,1989-09-01,125098
B,S1,1989-10-01,124093
B,S1,1989-11-01,122864
B,S1,1989-12-01,125232
B,S1,1990-01-01,121544
B,S1,1990-02-01,119181
B,S1,1990-03-01,117631
B,S1,1990-04-01,116794
B,S1,1990-05-01,115619
B,S1,1990-06-01,115022
B,S1,1990-07-01,114278
B,S1,1990-08-01,113510
B,S1,1990-09-01,113907
B,S1,1990-10-01,113303
B,S1,1990-11-01,113560
B,S1,1990-12-01,117051
B,S1,1991-01-01,116343
B,S1,1991-02-01,116896
B,S1,1991-03-01,117749
B,S1,1991-04-01,117657
B,S1,1991-05-01,117169
B,S1,1991-06-01,118112
B,S1,1991-07-01,116759
B,S1,1991-08-01,117277
B,S1,1991-09-01,117309
B,S1,1991-10-01,117030
B,S1,1991-11-01,117426
B,S1,1991-12-01,121785
B,S1,1992-01-01,121255
B,S1,1992-02-01,121904
B,S1,1992-03-01,121803
B,S1,1992-04-01,121372
B,S1,1992-05-01,121402
B,S1,1992-06-01,120127
B,S1,1992-07-01,118478
B,S1,1992-08-01,119225
B,S1,1992-09-01,119282
B,S1,1992-10-01,121249
B,S1,1992-11-01,124687
B,S1,1992-12-01,131407
B,S1,1993-01-01,134980
B,S1,1993-02-01,138916
B,S1,1993-03-01,142520
B,S1,1993-04-01,144581
B,S1,1993-05-01,146790
B,S1,1993-06-01,147250
B,S1,1993-07-01,148645
B,S1,1993-08-01,149972
B,S1,1993-09-01,151451
B,S1,1993-10-01,153159
B,S1,1993-11-01,155371
B,S1,1993-12-01,162217
B,S1,1994-01-01,166463
B,S1,1994-02-01,169007
B,S1,1994-03-01,169479
B,S1,1994-04-01,170292
B,S1,1994-05-01,170678
B,S1,1994-06-01,168973
B,S1,1994-07-01,167675
B,S1,1994-08-01,167505
B,S1,1994-09-01,168087
B,S1,1994-10-01,168678
B,S1,1994-11-01,169290
B,S1,1994-12-01,171846
B,S1,1995-01-01,169075
B,S1,1995-02-01,169957
B,S1,1995-03-01,169089
B,S1,1995-04-01,170377
B,S1,1995-05-01,171705
B,S1,1995-06-01,171763
B,S1,1995-07-01,173456
B,S1,1995-08-01,175201
B,S1,1995-09-01,176794
B,S1,1995-10-01,179737
B,S1,1995-11-01,182616
B,S1,1995-12-01,187015
B,S1,1996-01-01,195009
B,S1,1996-02-01,197427
B,S1,1996-03-01,197102
B,S1,1996-04-01,199380
B,S1,1996-05-01,197138
B,S1,1996-06-01,194508
B,S1,1996-07-01,192214
B,S1,1996-08-01,192790
B,S1,1996-09-01,195435
B,S1,1996-10-01,196620
B,S1,1996-11-01,195920
B,S1,1996-12-01,197982
B,S1,1997-01-01,203263
B,S1,1997-02-01,204407
B,S1,1997-03-01,202429
B,S1,1997-04-01,204360
B,S1,1997-05-01,205914
B,S1,1997-06-01,203731
B,S1,1997-07-01,200063
B,S1,1997-08-01,201606
B,S1,1997-09-01,202522
B,S1,1997-10-01,201492
B,S1,1997-11-01,201771
B,S1,1997-12-01,205534
B,S1,1998-01-01,207003
B,S1,1998-02-01,207919
B,S1,1998-03-01,205348
B,S1,1998-04-01,204639
B,S1,1998-05-01,203660
B,S1,1998-06-01,199577
B,S1,1998-07-01,197871
B,S1,1998-08-01,198803
B,S1,1998-09-01,197958
B,S1,1998-10-01,198799
B,S1,1998-11-01,198701
B,S1,1998-12-01,198491
B,S1,1999-01-01,200026
B,S1,1999-02-01,201004
B,S1,1999-03-01,201459
B,S1,1999-04-01,201029
B,S1,1999-05-01,201082
B,S1,1999-06-01,197590
B,S1,1999-07-01,196562
B,S1,1999-08-01,196269
B,S1,1999-09-01,196492
B,S1,1999-10-01,194647
B,S1,1999-11-01,193794
B,S1,1999-12-01,194293
B,S1,2000-01-01,192669
B,S1,2000-02-01,190850
B,S1,2000-03-01,188189
B,S1,2000-04-01,186139
B,S1,2000-05-01,184367
B,S1,2000-06-01,181471
B,S1,2000-07-01,178686
B,S1,2000-08-01,177838
B,S1,2000-09-01,175792
B,S1,2000-10-01,172964
B,S1,2000-11-01,172472
B,S1,2000-12-01,175584
B,S1,2001-01-01,174894
B,S1,2001-02-01,173593
B,S1,2001-03-01,171767
B,S1,2001-04-01,171262
B,S1,2001-05-01,171294
B,S1,2001-06-01,169156
B,S1,2001-07-01,167803
B,S1,2001-08-01,167970
B,S1,2001-09-01,168230
B,S1,2001-10-01,169767
B,S1,2001-11-01,171765
B,S1,2001-12-01,175676
B,S1,2002-01-01,177525
B,S1,2002-02-01,179342
B,S1,2002-03-01,182715
B,S1,2002-04-01,183252
B,S1,2002-05-01,184686
B,S1,2002-06-01,183702
B,S1,2002-07-01,184723
B,S1,2002-08-01,186835
B,S1,2002-09-01,187503
B,S1,2002-10-01,189817
B,S1,2002-11-01,190879
B,S1,2002-12-01,197333
B,S1,2003-01-01,199742
B,S1,2003-02-01,202086
B,S1,2003-03-01,205943
B,S1,2003-04-01,207977
B,S1,2003-05-01,209657
B,S1,2003-06-01,209483
B,S1,2003-07-01,209774
B,S1,2003-08-01,210963
B,S1,2003-09-01,211506
B,S1,2003-10-01,211591
B,S1,2003-11-01,212730
B,S1,2003-12-01,213318
B,S1,2004-01-01,215069
B,S1,2004-02-01,216590
B,S1,2004-03-01,215788
B,S1,2004-04-01,217084
B,S1,2004-05-01,216913
B,S1,2004-06-01,215575
B,S1,2004-07-01,215258
B,S1,2004-08-01,215883
B,S1,2004-09-01,215102
B,S1,2004-10-01,214874
B,S1,2004-11-01,215528
B,S1,2004-12-01,217144
B,S1,2005-01-01,216804
B,S1,2005-02-01,217028
B,S1,2005-03-01,216836
B,S1,2005-04-01,217372
B,S1,2005-05-01,217430
B,S1,2005-06-01,216289
B,S1,2005-07-01,215904
B,S1,2005-08-01,216506
B,S1,2005-09-01,215914
B,S1,2005-10-01,215518
B,S1,2005-11-01,216390
B,S1,2005-12-01,216372
B,S1,2006-01-01,216301
B,S1,2006-02-01,215616
B,S1,2006-03-01,213920
B,S1,2006-04-01,213160
B,S1,2006-05-01,211807
B,S1,2006-06-01,209806
B,S1,2006-07-01,208233
B,S1,2006-08-01,207490
B,S1,2006-09-01,205310
B,S1,2006-10-01,204800
B,S1,2006-11-01,203965
B,S1,2006-12-01,202987
B,S1,2007-01-01,203173
B,S1,2007-02-01,201567
B,S1,2007-03-01,198233
B,S1,2007-04-01,197151
B,S1,2007-05-01,196012
B,S1,2007-06-01,192538
B,S1,2007-07-01,190518
B,S1,2007-08-01,189053
B,S1,2007-09-01,187583
B,S1,2007-10-01,187097
B,S1,2007-11-01,186645
B,S1,2007-12-01,186511
B,S1,2008-01-01,185676
B,S1,2008-02-01,184710
B,S1,2008-03-01,183444
B,S1,2008-04-01,183145
B,S1,2008-05-01,183454
B,S1,2008-06-01,181113
B,S1,2008-07-01,179345
B,S1,2008-08-01,179682
B,S1,2008-09-01,178377
B,S1,2008-10-01,179528
B,S1,2008-11-01,186473
B,S1,2008-12-01,200045
B,S1,2009-01-01,210439
B,S1,2009-02-01,217729
B,S1,2009-03-01,222545
B,S1,2009-04-01,227355
B,S1,2009-05-01,231129
B,S1,2009-06-01,231490
B,S1,2009-07-01,234223
B,S1,2009-08-01,237091
B,S1,2009-09-01,238461
B,S1,2009-10-01,241757
B,S1,2009-11-01,243496
B,S1,2009-12-01,245861
B,S1,2010-01-01,248856
B,S1,2010-02-01,250370
B,S1,2010-03-01,251109
B,S1,2010-04-01,253301
B,S1,2010-05-01,256084
B,S1,2010-06-01,256100
B,S1,2010-07-01,258173
B,S1,2010-08-01,260484
B,S1,2010-09-01,261320
B,S1,2010-10-01,262938
B,S1,2010-11-01,264764
B,S1,2010-12-01,267238
B,S1,2011-01-01,269286
B,S1,2011-02-01,270845
B,S1,2011-03-01,271172
B,S1,2011-04-01,272802
B,S1,2011-05-01,275069
B,S1,2011-06-01,274662
B,S1,2011-07-01,277118
B,S1,2011-08-01,279014
B,S1,2011-09-01,280485
B,S1,2011-10-01,282703
B,S1,2011-11-01,284477
B,S1,2011-12-01,285451
B,S1,2012-01-01,288025
B,S1,2012-02-01,290296
B,S1,2012-03-01,290873
B,S1,2012-04-01,293081
B,S1,2012-05-01,295691
B,S1,2012-06-01,297137
B,S1,2012-07-01,299997
B,S1,2012-08-01,302713
B,S1,2012-09-01,303487
B,S1,2012-10-01,304883
B,S1,2012-11-01,306868
B,S1,2012-12-01,309864
B,S1,2013-01-01,311382
B,S1,2013-02-01,312733
B,S1,2013-03-01,313816
B,S1,2013-04-01,314699
B,S1,2013-05-01,316514
B,S1,2013-06-01,314240
B,S1,2013-07-01,315354
B,S1,2013-08-01,316626
B,S1,2013-09-01,316786
B,S1,2013-10-01,317005
B,S1,2013-11-01,318068
B,S1,2013-12-01,318630
B,S1,2014-01-01,320163
B,S1,2014-02-01,321759
B,S1,2014-03-01,321715
B,S1,2014-04-01,323434
B,S1,2014-05-01,324991
B,S1,2014-06-01,324292
B,S1,2014-07-01,325259
B,S1,2014-08-01,326475
B,S1,2014-09-01,326024
B,S1,2014-10-01,326683
B,S1,2014-11-01,327725
B,S1,2014-12-01,328190
B,S1,2015-01-01,329724
B,S1,2015-02-01,329943
B,S1,2015-03-01,329406
B,S1,2015-04-01,331237
B,S1,2015-05-01,332260
B,S1,2015-06-01,330367
B,S1,2015-07-01,331110
B,S1,2015-08-01,331554
B,S1,2015-09-01,330692
B,S1,2015-10-01,350936
B,S1,2015-11-01,350774
B,S1,2015-12-01,348779
B,S1,2016-01-01,349176
B,S1,2016-02-01,348993
B,S1,2016-03-01,348030
B,S1,2016-04-01,348058
B,S1,2016-05-01,347637
B,S1,2016-06-01,345958
B,S1,2016-07-01,345834
B,S1,2016-08-01,346002
B,S1,2016-09-01,345240
B,S1,2016-10-01,346409
B,S1,2016-11-01,348118
B,S1,2016-12-01,348630
B,S1,2017-01-01,349281
B,S1,2017-02-01,349838
B,S1,2017-03-01,348353
B,S1,2017-04-01,349383
B,S1,2017-05-01,349320
B,S1,2017-06-01,347581
B,S1,2017-07-01,348821
B,S1,2017-08-01,349351
B,S1,2017-09-01,347434
B,S1,2017-10-01,346316
B,S1,2017-11-01,345392
B,S1,2017-12-01,343591
B,S1,2018-01-01,344906
B,S1,2018-02-01,344775
B,S1,2018-03-01,343085
B,S1,2018-04-01,342807
B,S1,2018-05-01,343196
B,S1,2018-06-01,342042
B,S1,2018-07-01,343108
B,S1,2018-08-01,343935
B,S1,2018-09-01,342476
B,S1,2018-10-01,342505
B,S1,2018-11-01,342797
B,S1,2018-12-01,343413
B,S1,2019-01-01,344149
B,S1,2019-02-01,344660
B,S1,2019-03-01,344946
B,S1,2019-04-01,345974
B,S1,2019-05-01,346425
B,S1,2019-06-01,346072
B,S1,2019-07-01,346274
B,S1,2019-08-01,346674
B,S1,2019-09-01,345363
B,S1,2019-10-01,344044
B,S1,2019-11-01,342501
B,S1,2019-12-01,340574
B,S1,2020-01-01,339565
B,S1,2020-02-01,337948
B,S1,2020-03-01,334692
B,S1,2020-04-01,336521
B,S1,2020-05-01,337531
B,S1,2020-06-01,337214
B,S1,2020-07-01,338835
B,S1,2020-08-01,339624
B,S1,2020-09-01,339759
B,S1,2020-10-01,340592
B,S1,2020-11-01,340499
B,S1,2020-12-01,341126
B,S1,2021-01-01,341645
B,S1,2021-02-01,340790
B,S1,2021-03-01,339921
B,S1,2021-04-01,340091
B,S1,2021-05-01,337933
B,S1,2021-06-01,335071
B,S1,2021-07-01,329544
B,S1,2021-08-01,330086
B,S1,2021-09-01,329612
B,S1,2021-10-01,328770
B,S1,2021-11-01,327884
B,S1,2021-12-01,324632
B,S1,2022-01-01,322228
B,S1,2022-02-01,321785
B,S1,2022-03-01,316325
B,S1,2022-04-01,316371
B,S1,2022-05-01,315416
B,S1,2022-06-01,313526
B,S1,2022-07-01,313819
B,S1,2022-08-01,313339
B,S1,2022-09-01,311607
B,S1,2022-10-01,310501
B,S1,2022-11-01,308940
B,S1,2022-12-01,308112
B,S1,2023-01-01,310264
B,S1,2023-02-01,313651
B,S1,2023-03-01,310627
B,S1,2023-04-01,308503
B,S1,2023-05-01,307628
B,S1,2023-06-01,306748
B,S1,2023-07-01,310034
B,S1,2023-08-01,309116
B,S1,2023-09-01,307367
B,S1,2023-10-01,306031
B,S1,2023-11-01,306431
B,S1,2023-12-01,306939
B,S1,2024-01-01,307879
B,S1,2024-02-01,309598
B,S1,2024-03-01,310438
B,S1,2024-04-01,313715
B,S1,2024-05-01,316302
B,S1,2024-06-01,317964
B,S1,2024-07-01,323828
B,S1,2024-08-01,326553
B,S1,2024-09-01,326396
B,S1,2024-10-01,327815
B,S1,2024-11-01,330775
B,S1,2024-12-01,335755
B,S1,2025-01-01,337571
B,S1,2025-02-01,340256
B,S1,2025-03-01,342411
B,S1,2025-04-01,344616
B,S1,2025-05-01,346135
B,S1,2025-06-01,347401
B,S1,2025-07-01,348759
B,S1,2025-08-01,349407
B,S1,2025-09-01,348615
B,S1,2025-10-01,348959
B,S1,2025-11-01,349662
B,S1,2025-12-01,351132
B,S1,2026-01-01,351062
B,S1,2026-02-01,350287
B,S1,2026-03-01,349478
B,S1,2026-04-01,349968
B,T,1984-12-01,47067
B,T,1985-01-01,50251
B,T,1985-02-01,53059
B,T,1985-03-01,55346
B,T,1985-04-01,56798
B,T,1985-05-01,57145
B,T,1985-06-01,56940
B,T,1985-07-01,58101
B,T,1985-08-01,57454
B,T,1985-09-01,57866
B,T,1985-10-01,58709
B,T,1985-11-01,55768
B,T,1985-12-01,54216
B,T,1986-01-01,55588
B,T,1986-02-01,55775
B,T,1986-03-01,55277
B,T,1986-04-01,57845
B,T,1986-05-01,58434
B,T,1986-06-01,61117
B,T,1986-07-01,64549
B,T,1986-08-01,62667
B,T,1986-09-01,62083
B,T,1986-10-01,62351
B,T,1986-11-01,60541
B,T,1986-12-01,61537
B,T,1987-01-01,61117
B,T,1987-02-01,61868
B,T,1987-03-01,65069
B,T,1987-04-01,65928
B,T,1987-05-01,65573
B,T,1987-06-01,67137
B,T,1987-07-01,69033
B,T,1987-08-01,68596
B,T,1987-09-01,70174
B,T,1987-10-01,71753
B,T,1987-11-01,69867
B,T,1987-12-01,69699
B,T,1988-01-01,65719
B,T,1988-02-01,63437
B,T,1988-03-01,63025
B,T,1988-04-01,65043
B,T,1988-05-01,65514
B,T,1988-06-01,65442
B,T,1988-07-01,69801
B,T,1988-08-01,70985
B,T,1988-09-01,70311
B,T,1988-10-01,70213
B,T,1988-11-01,69537
B,T,1988-12-01,72370
B,T,1989-01-01,80447
B,T,1989-02-01,84974
B,T,1989-03-01,89324
B,T,1989-04-01,94717
B,T,1989-05-01,101773
B,T,1989-06-01,105544
B,T,1989-07-01,108517
B,T,1989-08-01,109424
B,T,1989-09-01,109962
B,T,1989-10-01,113234
B,T,1989-11-01,113510
B,T,1989-12-01,112624
B,T,1990-01-01,121093
B,T,1990-02-01,123862
B,T,1990-03-01,125886
B,T,1990-04-01,128325
B,T,1990-05-01,128326
B,T,1990-06-01,126005
B,T,1990-07-01,128414
B,T,1990-08-01,131611
B,T,1990-09-01,133369
B,T,1990-10-01,133568
B,T,1990-11-01,132652
B,T,1990-12-01,129638
B,T,1991-01-01,134146
B,T,1991-02-01,133052
B,T,1991-03-01,134786
B,T,1991-04-01,135584
B,T,1991-05-01,135292
B,T,1991-06-01,132216
B,T,1991-07-01,135099
B,T,1991-08-01,134409
B,T,1991-09-01,134103
B,T,1991-10-01,136089
B,T,1991-11-01,133556
B,T,1991-12-01,132012
B,T,1992-01-01,132725
B,T,1992-02-01,132104
B,T,1992-03-01,133422
B,T,1992-04-01,138116
B,T,1992-05-01,139557
B,T,1992-06-01,137983
B,T,1992-07-01,141154
B,T,1992-08-01,140129
B,T,1992-09-01,137043
B,T,1992-10-01,134204
B,T,1992-11-01,132356
B,T,1992-12-01,125643
B,T,1993-01-01,123260
B,T,1993-02-01,119554
B,T,1993-03-01,117464
B,T,1993-04-01,117034
B,T,1993-05-01,111830
B,T,1993-06-01,108418
B,T,1993-07-01,110996
B,T,1993-08-01,109539
B,T,1993-09-01,107819
B,T,1993-10-01,107140
B,T,1993-11-01,106335
B,T,1993-12-01,101297
B,T,1994-01-01,101482
B,T,1994-02-01,102336
B,T,1994-03-01,103754
B,T,1994-04-01,106473
B,T,1994-05-01,104650
B,T,1994-06-01,102952
B,T,1994-07-01,104141
B,T,1994-08-01,103485
B,T,1994-09-01,102469
B,T,1994-10-01,103896
B,T,1994-11-01,102064
B,T,1994-12-01,101770
B,T,1995-01-01,103946
B,T,1995-02-01,103713
B,T,1995-03-01,104430
B,T,1995-04-01,104129
B,T,1995-05-01,103635
B,T,1995-06-01,99025
B,T,1995-07-01,98288
B,T,1995-08-01,95894
B,T,1995-09-01,94162
B,T,1995-10-01,90719
B,T,1995-11-01,84904
B,T,1995-12-01,84751
B,T,1996-01-01,83029
B,T,1996-02-01,81463
B,T,1996-03-01,84246
B,T,1996-04-01,85366
B,T,1996-05-01,89728
B,T,1996-06-01,90353
B,T,1996-07-01,93616
B,T,1996-08-01,92944
B,T,1996-09-01,89057
B,T,1996-10-01,88588
B,T,1996-11-01,89531
B,T,1996-12-01,87679
B,T,1997-01-01,88767
B,T,1997-02-01,91295
B,T,1997-03-01,92859
B,T,1997-04-01,92907
B,T,1997-05-01,89837
B,T,1997-06-01,86533
B,T,1997-07-01,87628
B,T,1997-08-01,83825
B,T,1997-09-01,83117
B,T,1997-10-01,85973
B,T,1997-11-01,84130
B,T,1997-12-01,80658
B,T,1998-01-01,77800
B,T,1998-02-01,72647
B,T,1998-03-01,79159
B,T,1998-04-01,82631
B,T,1998-05-01,82241
B,T,1998-06-01,84202
B,T,1998-07-01,86185
B,T,1998-08-01,82793
B,T,1998-09-01,78890
B,T,1998-10-01,75306
B,T,1998-11-01,80006
B,T,1998-12-01,79919
B,T,1999-01-01,76172
B,T,1999-02-01,76355
B,T,1999-03-01,77330
B,T,1999-04-01,73691
B,T,1999-05-01,72965
B,T,1999-06-01,71487
B,T,1999-07-01,71596
B,T,1999-08-01,71010
B,T,1999-09-01,70775
B,T,1999-10-01,70468
B,T,1999-11-01,71789
B,T,1999-12-01,78559
B,T,2000-01-01,74575
B,T,2000-02-01,77074
B,T,2000-03-01,80619
B,T,2000-04-01,83237
B,T,2000-05-01,86627
B,T,2000-06-01,83548
B,T,2000-07-01,89911
B,T,2000-08-01,90679
B,T,2000-09-01,90766
B,T,2000-10-01,93155
B,T,2000-11-01,93124
B,T,2000-12-01,96390
B,T,2001-01-01,99971
B,T,2001-02-01,104975
B,T,2001-03-01,109434
B,T,2001-04-01,112879
B,T,2001-05-01,112778
B,T,2001-06-01,112739
B,T,2001-07-01,113487
B,T,2001-08-01,112611
B,T,2001-09-01,109595
B,T,2001-10-01,113042
B,T,2001-11-01,112321
B,T,2001-12-01,105918
B,T,2002-01-01,106040
B,T,2002-02-01,104011
B,T,2002-03-01,102559
B,T,2002-04-01,104392
B,T,2002-05-01,103107
B,T,2002-06-01,99887
B,T,2002-07-01,99977
B,T,2002-08-01,94786
B,T,2002-09-01,93517
B,T,2002-10-01,91835
B,T,2002-11-01,89406
B,T,2002-12-01,88191
B,T,2003-01-01,90468
B,T,2003-02-01,91538
B,T,2003-03-01,73711
B,T,2003-04-01,72772
B,T,2003-05-01,69323
B,T,2003-06-01,68630
B,T,2003-07-01,65904
B,T,2003-08-01,63232
B,T,2003-09-01,66078
B,T,2003-10-01,61263
B,T,2003-11-01,54297
B,T,2003-12-01,61355
B,T,2004-01-01,59815
B,T,2004-02-01,57578
B,T,2004-03-01,60099
B,T,2004-04-01,59285
B,T,2004-05-01,59652
B,T,2004-06-01,65113
B,T,2004-07-01,67081
B,T,2004-08-01,71445
B,T,2004-09-01,75695
B,T,2004-10-01,78630
B,T,2004-11-01,81127
B,T,2004-12-01,86017
B,T,2005-01-01,88296
B,T,2005-02-01,86453
B,T,2005-03-01,89591
B,T,2005-04-01,96383
B,T,2005-05-01,98308
B,T,2005-06-01,100105
B,T,2005-07-01,106402
B,T,2005-08-01,102508
B,T,2005-09-01,100916
B,T,2005-10-01,100667
B,T,2005-11-01,102678
B,T,2005-12-01,100998
B,T,2006-01-01,102606
B,T,2006-02-01,105058
B,T,2006-03-01,113144
B,T,2006-04-01,117431
B,T,2006-05-01,118170
B,T,2006-06-01,118598
B,T,2006-07-01,125946
B,T,2006-08-01,126339
B,T,2006-09-01,128895
B,T,2006-10-01,133885
B,T,2006-11-01,134823
B,T,2006-12-01,144127
B,T,2007-01-01,148356
B,T,2007-02-01,150254
B,T,2007-03-01,158226
B,T,2007-04-01,160584
B,T,2007-05-01,162436
B,T,2007-06-01,166442
B,T,2007-07-01,170434
B,T,2007-08-01,172969
B,T,2007-09-01,177255
B,T,2007-10-01,178699
B,T,2007-11-01,178383
B,T,2007-12-01,183159
B,T,2008-01-01,188545
B,T,2008-02-01,191811
B,T,2008-03-01,194940
B,T,2008-04-01,204198
B,T,2008-05-01,202444
B,T,2008-06-01,201404
B,T,2008-07-01,201084
B,T,2008-08-01,201955
B,T,2008-09-01,199734
B,T,2008-10-01,191720
B,T,2008-11-01,161109
B,T,2008-12-01,127250
B,T,2009-01-01,110153
B,T,2009-02-01,94866
B,T,2009-03-01,82003
B,T,2009-04-01,75768
B,T,2009-05-01,70899
B,T,2009-06-01,74177
B,T,2009-07-01,68623
B,T,2009-08-01,66794
B,T,2009-09-01,63512
B,T,2009-10-01,62055
B,T,2009-11-01,61354
B,T,2009-12-01,58942
B,T,2010-01-01,58114
B,T,2010-02-01,61820
B,T,2010-03-01,61085
B,T,2010-04-01,58570
B,T,2010-05-01,57992
B,T,2010-06-01,55824
B,T,2010-07-01,52488
B,T,2010-08-01,52164
B,T,2010-09-01,51696
B,T,2010-10-01,51403
B,T,2010-11-01,50478
B,T,2010-12-01,54360
B,T,2011-01-01,55920
B,T,2011-02-01,59263
B,T,2011-03-01,57904
B,T,2011-04-01,57126
B,T,2011-05-01,60014
B,T,2011-06-01,59172
B,T,2011-07-01,59690
B,T,2011-08-01,50837
B,T,2011-09-01,45351
B,T,2011-10-01,44492
B,T,2011-11-01,43427
B,T,2011-12-01,43806
B,T,2012-01-01,44957
B,T,2012-02-01,45637
B,T,2012-03-01,46138
B,T,2012-04-01,46531
B,T,2012-05-01,46556
B,T,2012-06-01,45293
B,T,2012-07-01,43170
B,T,2012-08-01,42144
B,T,2012-09-01,42129
B,T,2012-10-01,43728
B,T,2012-11-01,42268
B,T,2012-12-01,44423
B,T,2013-01-01,44753
B,T,2013-02-01,45554
B,T,2013-03-01,44293
B,T,2013-04-01,44615
B,T,2013-05-01,45695
B,T,2013-06-01,44222
B,T,2013-07-01,44256
B,T,2013-08-01,43553
B,T,2013-09-01,43650
B,T,2013-10-01,43615
B,T,2013-11-01,42536
B,T,2013-12-01,47624
B,T,2014-01-01,46909
B,T,2014-02-01,48742
B,T,2014-03-01,49182
B,T,2014-04-01,48144
B,T,2014-05-01,48418
B,T,2014-06-01,45876
B,T,2014-07-01,46973
B,T,2014-08-01,49011
B,T,2014-09-01,49840
B,T,2014-10-01,49045
B,T,2014-11-01,48581
B,T,2014-12-01,55270
B,T,2015-01-01,57829
B,T,2015-02-01,57121
B,T,2015-03-01,56062
B,T,2015-04-01,55317
B,T,2015-05-01,55521
B,T,2015-06-01,54936
B,T,2015-07-01,54905
B,T,2015-08-01,54123
B,T,2015-09-01,53400
B,T,2015-10-01,53783
B,T,2015-11-01,61897
B,T,2015-12-01,58351
B,T,2016-01-01,57342
B,T,2016-02-01,56626
B,T,2016-03-01,53819
B,T,2016-04-01,54201
B,T,2016-05-01,53806
B,T,2016-06-01,52801
B,T,2016-07-01,52619
B,T,2016-08-01,52220
B,T,2016-09-01,51054
B,T,2016-10-01,51631
B,T,2016-11-01,52294
B,T,2016-12-01,52961
B,T,2017-01-01,52087
B,T,2017-02-01,53163
B,T,2017-03-01,52813
B,T,2017-04-01,52235
B,T,2017-05-01,51643
B,T,2017-06-01,52191
B,T,2017-07-01,51797
B,T,2017-08-01,50728
B,T,2017-09-01,50842
B,T,2017-10-01,50479
B,T,2017-11-01,50641
B,T,2017-12-01,50744
B,T,2018-01-01,51050
B,T,2018-02-01,50163
B,T,2018-03-01,48453
B,T,2018-04-01,49914
B,T,2018-05-01,50936
B,T,2018-06-01,49580
B,T,2018-07-01,50043
B,T,2018-08-01,50231
B,T,2018-09-01,49023
B,T,2018-10-01,49241
B,T,2018-11-01,50366
B,T,2018-12-01,48857
B,T,2019-01-01,54491
B,T,2019-02-01,54386
B,T,2019-03-01,51800
B,T,2019-04-01,51857
B,T,2019-05-01,50694
B,T,2019-06-01,50768
B,T,2019-07-01,50391
B,T,2019-08-01,50325
B,T,2019-09-01,51106
B,T,2019-10-01,52339
B,T,2019-11-01,57147
B,T,2019-12-01,55946
B,T,2020-01-01,60640
B,T,2020-02-01,62578
B,T,2020-03-01,63815
B,T,2020-04-01,64355
B,T,2020-05-01,63316
B,T,2020-06-01,62435
B,T,2020-07-01,66615
B,T,2020-08-01,65443
B,T,2020-09-01,63649
B,T,2020-10-01,66512
B,T,2020-11-01,66382
B,T,2020-12-01,63985
B,T,2021-01-01,67014
B,T,2021-02-01,66546
B,T,2021-03-01,64178
B,T,2021-04-01,63896
B,T,2021-05-01,62897
B,T,2021-06-01,63363
B,T,2021-07-01,66253
B,T,2021-08-01,68964
B,T,2021-09-01,66457
B,T,2021-10-01,67524
B,T,2021-11-01,66489
B,T,2021-12-01,63397
B,T,2022-01-01,66122
B,T,2022-02-01,68208
B,T,2022-03-01,64581
B,T,2022-04-01,61822
B,T,2022-05-01,62631
B,T,2022-06-01,60273
B,T,2022-07-01,62271
B,T,2022-08-01,63282
B,T,2022-09-01,72462
B,T,2022-10-01,85029
B,T,2022-11-01,91454
B,T,2022-12-01,98598
B,T,2023-01-01,116094
B,T,2023-02-01,128744
B,T,2023-03-01,139002
B,T,2023-04-01,147360
B,T,2023-05-01,152229
B,T,2023-06-01,158904
B,T,2023-07-01,174675
B,T,2023-08-01,181797
B,T,2023-09-01,185830
B,T,2023-10-01,196021
B,T,2023-11-01,200273
B,T,2023-12-01,208188
B,T,2024-01-01,219413
B,T,2024-02-01,222195
B,T,2024-03-01,225131
B,T,2024-04-01,228013
B,T,2024-05-01,222431
B,T,2024-06-01,214970
B,T,2024-07-01,218744
B,T,2024-08-01,217438
B,T,2024-09-01,212107
B,T,2024-10-01,208822
B,T,2024-11-01,203642
B,T,2024-12-01,186632
B,T,2025-01-01,184080
B,T,2025-02-01,184690
B,T,2025-03-01,173591
B,T,2025-04-01,163271
B,T,2025-05-01,154985
B,T,2025-06-01,127214
B,T,2025-07-01,119718
B,T,2025-08-01,115606
B,T,2025-09-01,110333
B,T,2025-10-01,111710
B,T,2025-11-01,109496
B,T,2025-12-01,108042
B,T,2026-01-01,110482
B,T,2026-02-01,108345
B,T,2026-03-01,108529
B,T,2026-04-01,112068
VV,B,1985-12-01,-1.9748199924207335
VV,B,1986-01-01,0.7795250754742487
VV,B,1986-02-01,0.22487069934787496
VV,B,1986-03-01,0.8334080114705619
VV,B,1986-04-01,0.6190823015294975
VV,B,1986-05-01,-0.23975391296480594
VV,B,1986-06-01,-0.7604049493813273
VV,B,1986-07-01,1.2301146873843878
VV,B,1986-08-01,1.5827007131354958
VV,B,1986-09-01,1.213123793768955
VV,B,1986-10-01,2.0968409435784245
VV,B,1986-11-01,2.21982564932147
VV,B,1986-12-01,4.845360824742268
VV,B,1987-01-01,2.195296432084414
VV,B,1987-02-01,2.5443123177024907
VV,B,1987-03-01,0.7465339495200853
VV,B,1987-04-01,3.040173724212812
VV,B,1987-05-01,3.0381354010792183
VV,B,1987-06-01,3.540986579615524
VV,B,1987-07-01,3.485609867519415
VV,B,1987-08-01,2.31894560442049
VV,B,1987-09-01,3.441387451194043
VV,B,1987-10-01,3.6931946133405398
VV,B,1987-11-01,3.239845261121857
VV,B,1987-12-01,0.9546050475254015
VV,B,1988-01-01,3.6006475040469
VV,B,1988-02-01,3.3082443549798706
VV,B,1988-03-01,5.5354622441778405
VV,B,1988-04-01,4.535475939585528
VV,B,1988-05-01,4.414029837609471
VV,B,1988-06-01,4.8911853570959405
VV,B,1988-07-01,5.107491281507968
VV,B,1988-08-01,5.7899163383648355
VV,B,1988-09-01,6.192942415730337
VV,B,1988-10-01,4.747426486556921
VV,B,1988-11-01,5.03725782414307
VV,B,1988-12-01,6.736739580374173
VV,B,1989-01-01,4.738175675675675
VV,B,1989-02-01,4.744154523890207
VV,B,1989-03-01,4.120867639068835
VV,B,1989-04-01,4.221092864043009
VV,B,1989-05-01,2.7733288375621683
VV,B,1989-06-01,2.492276863989313
VV,B,1989-07-01,1.864762704745905
VV,B,1989-08-01,1.5649190342692163
VV,B,1989-09-01,1.0291382517048977
VV,B,1989-10-01,0.38563609222093215
VV,B,1989-11-01,0.12161504783525215
VV,B,1989-12-01,-0.5208927417208471
VV,B,1990-01-01,-2.0119345214095636
VV,B,1990-02-01,-1.9977353607246846
VV,B,1990-03-01,-2.9301970858587887
VV,B,1990-04-01,-3.5262351898122026
VV,B,1990-05-01,-2.3088910761154855
VV,B,1990-06-01,-2.2565272290334404
VV,B,1990-07-01,-1.8265028448915643
VV,B,1990-08-01,-2.12993861492193
VV,B,1990-09-01,-2.4627720504009165
VV,B,1990-10-01,-1.4622660993845265
VV,B,1990-11-01,-0.9919831565308932
VV,B,1990-12-01,0.6803241094633848
VV,B,1991-01-01,1.1932683207834425
VV,B,1991-02-01,2.0673434018321366
VV,B,1991-03-01,2.8945953769176693
VV,B,1991-04-01,3.1204310957015746
VV,B,1991-05-01,3.2240460098232653
VV,B,1991-06-01,3.10872192357378
VV,B,1991-07-01,3.2463987232791567
VV,B,1991-08-01,3.653813773362519
VV,B,1991-09-01,3.1540978105863604
VV,B,1991-10-01,3.701530077551876
VV,B,1991-11-01,2.8789923526765633
VV,B,1991-12-01,-0.16703363450003797
VV,B,1992-01-01,1.7159354287805473
VV,B,1992-02-01,0.8934707903780069
VV,B,1992-03-01,0.09645139251697947
VV,B,1992-04-01,1.1950093170217937
VV,B,1992-05-01,1.085851396966123
VV,B,1992-06-01,0.09699713050155599
VV,B,1992-07-01,-0.2847380410022779
VV,B,1992-08-01,-0.5807342430149448
VV,B,1992-09-01,-0.5407823046271448
VV,B,1992-10-01,-0.9742097178429946
VV,B,1992-11-01,-0.7075565448980403
VV,B,1992-12-01,2.102821507338961
VV,B,1993-01-01,1.6430141914851089
VV,B,1993-02-01,0.9576855265266869
VV,B,1993-03-01,1.373107961617216
VV,B,1993-04-01,1.0487970857851967
VV,B,1993-05-01,1.3397167685870615
VV,B,1993-06-01,1.4454717971494326
VV,B,1993-07-01,1.6276413478012564
VV,B,1993-08-01,1.417425758751685
VV,B,1993-09-01,2.775847267078206
VV,B,1993-10-01,2.8779034167449074
VV,B,1993-11-01,2.8984346851355136
VV,B,1993-12-01,0.41711668094298165
VV,B,1994-01-01,-0.44049398253756
VV,B,1994-02-01,2.7545147846795
VV,B,1994-03-01,2.3684106301239654
VV,B,1994-04-01,1.1726023055896684
VV,B,1994-05-01,0.595498034856485
VV,B,1994-06-01,2.5313432835820895
VV,B,1994-07-01,2.6171075342190826
VV,B,1994-08-01,2.4810697599484453
VV,B,1994-09-01,1.7263325377883851
VV,B,1994-10-01,0.8967542258550909
VV,B,1994-11-01,0.902618371396335
VV,B,1994-12-01,3.234061491673775
VV,B,1995-01-01,3.3933791577783046
VV,B,1995-02-01,0.6141604542469775
VV,B,1995-03-01,0.48361511974310367
VV,B,1995-04-01,1.209914248795959
VV,B,1995-05-01,1.3457516081929042
VV,B,1995-06-01,0.601684717208183
VV,B,1995-07-01,0.21513788382554275
VV,B,1995-08-01,0.7428077346329194
VV,B,1995-09-01,0.2463439430671776
VV,B,1995-10-01,0.6803523674689319
VV,B,1995-11-01,1.1605937921727396
VV,B,1995-12-01,0.19759295850547873
VV,B,1996-01-01,0.6380621250907423
VV,B,1996-02-01,1.324477886977887
VV,B,1996-03-01,2.237024487910057
VV,B,1996-04-01,1.8144537294955123
VV,B,1996-05-01,3.0257009345794392
VV,B,1996-06-01,2.1338169470597315
VV,B,1996-07-01,2.654176424668228
VV,B,1996-08-01,2.379744860141224
VV,B,1996-09-01,2.738229902094629
VV,B,1996-10-01,3.753759618764892
VV,B,1996-11-01,3.129288001219698
VV,B,1996-12-01,5.460738615991395
VV,B,1997-01-01,5.956719817767654
VV,B,1997-02-01,5.122570378509454
VV,B,1997-03-01,4.68873573607502
VV,B,1997-04-01,4.100011399475624
VV,B,1997-05-01,4.116112937974827
VV,B,1997-06-01,3.9064566096187994
VV,B,1997-07-01,3.0950570342205324
VV,B,1997-08-01,3.1436954616469155
VV,B,1997-09-01,3.1550172747636585
VV,B,1997-10-01,2.0932158722987726
VV,B,1997-11-01,1.9329563514062904
VV,B,1997-12-01,-1.825723319620576
VV,B,1998-01-01,-0.8635207280805475
VV,B,1998-02-01,-0.3532167958190665
VV,B,1998-03-01,-0.151090006475286
VV,B,1998-04-01,1.4746678347203972
VV,B,1998-05-01,0.7187976475713352
VV,B,1998-06-01,1.3671235865178344
VV,B,1998-07-01,1.430995057903666
VV,B,1998-08-01,1.70311807300133
VV,B,1998-09-01,2.8266470371733528
VV,B,1998-10-01,2.0687366324950216
VV,B,1998-11-01,2.3567802755620013
VV,B,1998-12-01,4.48469317079928
VV,B,1999-01-01,3.6865693219603877
VV,B,1999-02-01,3.2408579592722537
VV,B,1999-03-01,3.761348897535668
VV,B,1999-04-01,3.0215827338129495
VV,B,1999-05-01,3.7197231833910034
VV,B,1999-06-01,1.936941784138599
VV,B,1999-07-01,3.134317504181514
VV,B,1999-08-01,3.1457735478949473
VV,B,1999-09-01,2.501968644856468
VV,B,1999-10-01,3.5153004082517434
VV,B,1999-11-01,4.240170031880978
VV,B,1999-12-01,4.872228298697425
VV,B,2000-01-01,4.050474065811489
VV,B,2000-02-01,3.8713519952352593
VV,B,2000-03-01,2.673611111111111
VV,B,2000-04-01,2.835195530726257
VV,B,2000-05-01,1.424798443147067
VV,B,2000-06-01,2.8783560294169392
VV,B,2000-07-01,2.4079819489493723
VV,B,2000-08-01,2.1975699947173797
VV,B,2000-09-01,2.1615392673813596
VV,B,2000-10-01,1.954488342873098
VV,B,2000-11-01,1.097631426920855
VV,B,2000-12-01,1.0145064947378402
VV,B,2001-01-01,0.6331658291457286
VV,B,2001-02-01,1.4368591473286563
VV,B,2001-03-01,1.8498478187352045
VV,B,2001-04-01,2.709493413011001
VV,B,2001-05-01,3.881998218323854
VV,B,2001-06-01,4.764510722714369
VV,B,2001-07-01,5.556511860088822
VV,B,2001-08-01,5.737620179882146
VV,B,2001-09-01,5.8347005742411815
VV,B,2001-10-01,7.527728330822949
VV,B,2001-11-01,8.665546218487394
VV,B,2001-12-01,12.483574244415243
VV,B,2002-01-01,11.345251173474484
VV,B,2002-02-01,10.138325463855823
VV,B,2002-03-01,10.180296842314972
VV,B,2002-04-01,8.059504132231405
VV,B,2002-05-01,6.4942775157492
VV,B,2002-06-01,6.506692784851452
VV,B,2002-07-01,3.4375917289064284
VV,B,2002-08-01,4.1682961804197625
VV,B,2002-09-01,4.137196008138746
VV,B,2002-10-01,2.225335073700296
VV,B,2002-11-01,1.1228656273199702
VV,B,2002-12-01,-1.5159101023587005
VV,B,2003-01-01,-1.1839626872365234
VV,B,2003-02-01,-0.15699061075385684
VV,B,2003-03-01,-0.4640930596992436
VV,B,2003-04-01,1.3093489965736662
VV,B,2003-05-01,2.310455896927651
VV,B,2003-06-01,1.2598473469637985
VV,B,2003-07-01,2.3868831783067948
VV,B,2003-08-01,2.581109407752714
VV,B,2003-09-01,2.0686019104329487
VV,B,2003-10-01,2.42603550295858
VV,B,2003-11-01,2.2085589305925177
VV,B,2003-12-01,0.7625610754935465
VV,B,2004-01-01,2.3297328371304955
VV,B,2004-02-01,1.5209700341689094
VV,B,2004-03-01,1.6682309485603561
VV,B,2004-04-01,1.2984659983089746
VV,B,2004-05-01,1.5892716595023308
VV,B,2004-06-01,1.2714173276018648
VV,B,2004-07-01,1.8015521064301552
VV,B,2004-08-01,0.8844699280224473
VV,B,2004-09-01,0.8112789037100058
VV,B,2004-10-01,1.2314147587339233
VV,B,2004-11-01,1.7029299973064376
VV,B,2004-12-01,1.2473021834795526
VV,B,2005-01-01,2.081546967860205
VV,B,2005-02-01,1.7632691964019778
VV,B,2005-03-01,1.86420488385944
VV,B,2005-04-01,1.3175937518631133
VV,B,2005-05-01,1.1889508030632616
VV,B,2005-06-01,1.4766545106713695
VV,B,2005-07-01,2.562240977705176
VV,B,2005-08-01,2.2975996130358545
VV,B,2005-09-01,2.66140213394418
VV,B,2005-10-01,2.6341082477323243
VV,B,2005-11-01,2.8662232946854216
VV,B,2005-12-01,2.9511101267925364
VV,B,2006-01-01,2.221578566256336
VV,B,2006-02-01,2.678101036117778
VV,B,2006-03-01,2.537566508799626
VV,B,2006-04-01,3.021654701659409
VV,B,2006-05-01,2.841745685847223
VV,B,2006-06-01,2.954518675621539
VV,B,2006-07-01,2.7931807456347335
VV,B,2006-08-01,1.377149949760624
VV,B,2006-09-01,1.8701740994098823
VV,B,2006-10-01,2.2036229551373974
VV,B,2006-11-01,1.473280695731777
VV,B,2006-12-01,2.8261804883295687
VV,B,2007-01-01,2.4311458687521252
VV,B,2007-02-01,2.391607992930646
VV,B,2007-03-01,2.0442493014768774
VV,B,2007-04-01,2.2390404112523203
VV,B,2007-05-01,2.0931764166881424
VV,B,2007-06-01,1.9741924408457554
VV,B,2007-07-01,1.9540328828441078
VV,B,2007-08-01,2.6848180970149254
VV,B,2007-09-01,1.7551443887255749
VV,B,2007-10-01,1.6722024968503035
VV,B,2007-11-01,1.762002762820332
VV,B,2007-12-01,1.587384607338058
VV,B,2008-01-01,1.0345781466113417
VV,B,2008-02-01,1.3363028953229399
VV,B,2008-03-01,2.0172669106758683
VV,B,2008-04-01,2.206765552110394
VV,B,2008-05-01,2.01099455881528
VV,B,2008-06-01,2.631800454532701
VV,B,2008-07-01,2.3443656422379826
VV,B,2008-08-01,3.029098651525905
VV,B,2008-09-01,4.019033052935678
VV,B,2008-10-01,9.859749915511998
VV,B,2008-11-01,10.452681737588652
VV,B,2008-12-01,10.17350563764609
VV,B,2009-01-01,11.660825758405432
VV,B,2009-02-01,13.173076923076923
VV,B,2009-03-01,15.643743324295457
VV,B,2009-04-01,13.62704638005958
VV,B,2009-05-01,13.752715075197273
VV,B,2009-06-01,13.85221028458952
VV,B,2009-07-01,12.97951326825244
VV,B,2009-08-01,13.352805025901025
VV,B,2009-09-01,12.612318248652182
VV,B,2009-10-01,6.721525801738061
VV,B,2009-11-01,6.451127442373774
VV,B,2009-12-01,2.766484415159587
VV,B,2010-01-01,5.296324448912537
VV,B,2010-02-01,3.6752033013715257
VV,B,2010-03-01,2.3777383066903495
VV,B,2010-04-01,3.757065544197234
VV,B,2010-05-01,5.950740821308583
VV,B,2010-06-01,4.855208183258896
VV,B,2010-07-01,5.722283071680662
VV,B,2010-08-01,5.552044338567748
VV,B,2010-09-01,5.024420910102036
VV,B,2010-10-01,5.277317383680431
VV,B,2010-11-01,4.955114158478829
VV,B,2010-12-01,6.948297030603428
VV,B,2011-01-01,6.287404233518851
VV,B,2011-02-01,6.368681074246646
VV,B,2011-03-01,4.32811307224317
VV,B,2011-04-01,5.102348332058326
VV,B,2011-05-01,3.517736968176115
VV,B,2011-06-01,3.705230374645049
VV,B,2011-07-01,4.003591490929183
VV,B,2011-08-01,11.418175118603473
VV,B,2011-09-01,8.704761027718943
VV,B,2011-10-01,10.972437711052295
VV,B,2011-11-01,11.114852729885058
VV,B,2011-12-01,14.796547472256474
VV,B,2012-01-01,17.55143176390684
VV,B,2012-02-01,20.548548284135684
VV,B,2012-03-01,14.512195121951219
VV,B,2012-04-01,15.82778243416119
VV,B,2012-05-01,18.57769354518809
VV,B,2012-06-01,21.145607914145653
VV,B,2012-07-01,24.776978417266186
VV,B,2012-08-01,20.051674245556015
VV,B,2012-09-01,20.066925048181798
VV,B,2012-10-01,21.251310730513808
VV,B,2012-11-01,23.15991514294373
VV,B,2012-12-01,17.389532945664655
VV,B,2013-01-01,14.438811644984531
VV,B,2013-02-01,13.15827916149295
VV,B,2013-03-01,17.968825636557266
VV,B,2013-04-01,15.10644780439502
VV,B,2013-05-01,14.897689891649785
VV,B,2013-06-01,13.142065546279756
VV,B,2013-07-01,15.817485097927902
VV,B,2013-08-01,11.215371636163288
VV,B,2013-09-01,14.293021943131306
VV,B,2013-10-01,9.124514608380107
VV,B,2013-11-01,4.006036943469274
VV,B,2013-12-01,5.180791316968511
VV,B,2014-01-01,11.165941922769987
VV,B,2014-02-01,9.654671615297724
VV,B,2014-03-01,10.228970045137464
VV,B,2014-04-01,8.236967922312108
VV,B,2014-05-01,6.528314704883296
VV,B,2014-06-01,6.716393865188813
VV,B,2014-07-01,2.09239629924637
VV,B,2014-08-01,1.702918182521867
VV,B,2014-09-01,-1.17910332587391
VV,B,2014-10-01,2.307548870311092
VV,B,2014-11-01,2.4810725552050474
VV,B,2014-12-01,3.1617470602351814
VV,B,2015-01-01,-0.08790307221237383
VV,B,2015-02-01,0.008829632245816961
VV,B,2015-03-01,5.111901961076284
VV,B,2015-04-01,3.3136673493718094
VV,B,2015-05-01,5.583139737924961
VV,B,2015-06-01,5.395449947917453
VV,B,2015-07-01,4.315078769692423
VV,B,2015-08-01,9.233579420047187
VV,B,2015-09-01,8.391247989255204
VV,B,2015-10-01,7.0292683667734925
VV,B,2015-11-01,9.24383974881874
VV,B,2015-12-01,7.811863913928468
VV,B,2016-01-01,11.132454506796487
VV,B,2016-02-01,9.742638944069219
VV,B,2016-03-01,11.57812721348633
VV,B,2016-04-01,11.841287688256354
VV,B,2016-05-01,8.31367924528302
VV,B,2016-06-01,7.657380219150612
VV,B,2016-07-01,8.593907315248972
VV,B,2016-08-01,6.471481724056242
VV,B,2016-09-01,10.176646879142412
VV,B,2016-10-01,7.560985993443739
VV,B,2016-11-01,6.820327139012948
VV,B,2016-12-01,8.35569700484134
VV,B,2017-01-01,9.625407381018354
VV,B,2017-02-01,8.734245105926522
VV,B,2017-03-01,1.8638193060193238
VV,B,2017-04-01,3.480250800285722
VV,B,2017-05-01,8.47086315174529
VV,B,2017-06-01,10.533388326392677
VV,B,2017-07-01,10.70052052290698
VV,B,2017-08-01,10.571297689941758
VV,B,2017-09-01,7.9446035544744795
VV,B,2017-10-01,7.590210436044594
VV,B,2017-11-01,9.525191242416248
VV,B,2017-12-01,8.061083523130344
VV,B,2018-01-01,10.299215252034086
VV,B,2018-02-01,12.138999186129677
VV,B,2018-03-01,11.871969687527265
VV,B,2018-04-01,8.52369325953291
VV,B,2018-05-01,4.396734274208355
VV,B,2018-06-01,0.8955439466525434
VV,B,2018-07-01,1.6044508255563532
VV,B,2018-08-01,1.311521981013707
VV,B,2018-09-01,6.154442586804294
VV,B,2018-10-01,8.186589493304556
VV,B,2018-11-01,7.0891837865176655
VV,B,2018-12-01,10.438117614539424
VV,B,2019-01-01,-2.7891445968507544
VV,B,2019-02-01,-2.054146781323539
VV,B,2019-03-01,-1.2745666027897857
VV,B,2019-04-01,-2.4017338657431946
VV,B,2019-05-01,-2.645124224694861
VV,B,2019-06-01,-2.133091551144091
VV,B,2019-07-01,-2.2008690429928994
VV,B,2019-08-01,-1.168360789811894
VV,B,2019-09-01,-4.546803314236151
VV,B,2019-10-01,-6.226196953210011
VV,B,2019-11-01,-8.862125965657997
VV,B,2019-12-01,-11.911689557717779
VV,B,2020-01-01,-6.438794409833306
VV,B,2020-02-01,-6.751992814640171
VV,B,2020-03-01,-2.0719541371371824
VV,B,2020-04-01,3.0691061816601897
VV,B,2020-05-01,5.024508328014163
VV,B,2020-06-01,8.957261623229392
VV,B,2020-07-01,4.99686943119973
VV,B,2020-08-01,3.3810143042912872
VV,B,2020-09-01,4.202635165833712
VV,B,2020-10-01,6.355537827416567
VV,B,2020-11-01,9.184680683052019
VV,B,2020-12-01,11.586773532858986
VV,B,2021-01-01,14.273716541290238
VV,B,2021-02-01,12.778125602003467
VV,B,2021-03-01,10.274730340186226
VV,B,2021-04-01,6.392196812683692
VV,B,2021-05-01,4.323146608566023
VV,B,2021-06-01,1.1848023091897697
VV,B,2021-07-01,5.79459186715901
VV,B,2021-08-01,2.8347627215551743
VV,B,2021-09-01,3.345840074352002
VV,B,2021-10-01,2.2673288706542865
VV,B,2021-11-01,1.7628712199972878
VV,B,2021-12-01,-0.4137755426825387
VV,B,2022-01-01,-1.9643869558826617
VV,B,2022-02-01,-2.8579359233044017
VV,B,2022-03-01,-1.2080424695899343
VV,B,2022-04-01,2.1219458507594102
VV,B,2022-05-01,1.6872767243748283
VV,B,2022-06-01,1.4816289072433964
VV,B,2022-07-01,-2.006395317326974
VV,B,2022-08-01,-1.222075192651981
VV,B,2022-09-01,-8.325839078928377
VV,B,2022-10-01,-10.848595305832148
VV,B,2022-11-01,-11.98640785324035
VV,B,2022-12-01,-13.371473621409699
VV,B,2023-01-01,-15.31673360107095
VV,B,2023-02-01,-13.701204501494637
VV,B,2023-03-01,-18.385588558855886
VV,B,2023-04-01,-17.48501961460534
VV,B,2023-05-01,-18.11696032861312
VV,B,2023-06-01,-18.434098560704285
VV,B,2023-07-01,-17.763594531215432
VV,B,2023-08-01,-16.804007655071484
VV,B,2023-09-01,-10.649146178999636
VV,B,2023-10-01,-8.41165765002119
VV,B,2023-11-01,-7.221983900678796
VV,B,2023-12-01,-7.453912658492492
VV,B,2024-01-01,-6.552173308208871
VV,B,2024-02-01,-6.518943011779688
VV,B,2024-03-01,-5.13252543581103
VV,B,2024-04-01,-4.332323285094823
VV,B,2024-05-01,-4.096369636963696
VV,B,2024-06-01,-3.1164008442200317
VV,B,2024-07-01,-2.567758423565808
VV,B,2024-08-01,-2.944400092012503
VV,B,2024-09-01,-3.0009352508234275
VV,B,2024-10-01,-2.634945695075809
VV,B,2024-11-01,-2.383931242690456
VV,B,2024-12-01,-1.968054005209164
VV,B,2025-01-01,-1.644291668922211
VV,B,2025-02-01,-2.148325749938697
VV,B,2025-03-01,-1.6708791584124598
VV,B,2025-04-01,-1.307903395360902
VV,B,2025-05-01,-1.8046168458435998
VV,B,2025-06-01,0.9513436004908381
VV,B,2025-07-01,0.23054834612623556
VV,B,2025-08-01,-0.23003889748630224
VV,B,2025-09-01,0.36750834928664255
VV,B,2025-10-01,0.39000251614526543
VV,B,2025-11-01,0.30788091556261404
VV,B,2025-12-01,1.8814981496794134
VV,B,2026-01-01,2.095573565226963
VV,B,2026-02-01,2.4669701652535885
VV,B,2026-03-01,2.2911687878619462
VV,B,2026-04-01,0.5076844333162722
VV,ET,1985-12-01,11.896046852122987
VV,ET,1986-01-01,11.405106231030173
VV,ET,1986-02-01,11.215413282705763
VV,ET,1986-03-01,11.120933521923622
VV,ET,1986-04-01,10.969810124352696
VV,ET,1986-05-01,10.546753111673542
VV,ET,1986-06-01,10.159538717322862
VV,ET,1986-07-01,10.182554340105128
VV,ET,1986-08-01,10.293912314995811
VV,ET,1986-09-01,10.424657534246576
VV,ET,1986-10-01,10.48064537997424
VV,ET,1986-11-01,10.68030991532904
VV,ET,1986-12-01,11.095845600261695
VV,ET,1987-01-01,10.743934100451938
VV,ET,1987-02-01,11.36471406442639
VV,ET,1987-03-01,11.831344470962609
VV,ET,1987-04-01,12.999587314688423
VV,ET,1987-05-01,12.76775913438921
VV,ET,1987-06-01,13.342538775248066
VV,ET,1987-07-01,14.547271379299229
VV,ET,1987-08-01,15.387536791467545
VV,ET,1987-09-01,16.24798412107679
VV,ET,1987-10-01,16.63496349021292
VV,ET,1987-11-01,17.00437145557656
VV,ET,1987-12-01,17.14268888758024
VV,ET,1988-01-01,15.530664814332436
VV,ET,1988-02-01,15.303167934597479
VV,ET,1988-03-01,14.449534757988788
VV,ET,1988-04-01,14.15327564894932
VV,ET,1988-05-01,14.590054511069084
VV,ET,1988-06-01,13.825929283771533
VV,ET,1988-07-01,12.885524538496172
VV,ET,1988-08-01,11.958638470610824
VV,ET,1988-09-01,11.242429901555372
VV,ET,1988-10-01,9.598590067340067
VV,ET,1988-11-01,8.623431701714084
VV,ET,1988-12-01,7.663884978885984
VV,ET,1989-01-01,5.005386176315856
VV,ET,1989-02-01,4.111376449444841
VV,ET,1989-03-01,2.595658984112777
VV,ET,1989-04-01,1.2821774868336862
VV,ET,1989-05-01,0.08252026600650454
VV,ET,1989-06-01,-0.9732178414974114
VV,ET,1989-07-01,-2.3806556151065688
VV,ET,1989-08-01,-3.4689727822827603
VV,ET,1989-09-01,-4.441566539559201
VV,ET,1989-10-01,-5.3258130325213004
VV,ET,1989-11-01,-6.058704594575751
VV,ET,1989-12-01,-6.338570728176873
VV,ET,1990-01-01,-7.374448288202315
VV,ET,1990-02-01,-7.640284707607179
VV,ET,1990-03-01,-7.980128438143705
VV,ET,1990-04-01,-8.142388531162677
VV,ET,1990-05-01,-7.915413716170336
VV,ET,1990-06-01,-7.16099032298605
VV,ET,1990-07-01,-7.313585291113381
VV,ET,1990-08-01,-6.8471943760627365
VV,ET,1990-09-01,-6.178943405697076
VV,ET,1990-10-01,-5.620341733002078
VV,ET,1990-11-01,-4.396120924249171
VV,ET,1990-12-01,-3.479734782391944
VV,ET,1991-01-01,-2.436637131671131
VV,ET,1991-02-01,-0.5760663628449998
VV,ET,1991-03-01,0.5767407563467818
VV,ET,1991-04-01,1.6664903184848163
VV,ET,1991-05-01,3.0259138312440745
VV,ET,1991-06-01,3.9013428633311675
VV,ET,1991-07-01,4.171258540886048
VV,ET,1991-08-01,4.7677428143304725
VV,ET,1991-09-01,4.790947757001846
VV,ET,1991-10-01,5.549437266646969
VV,ET,1991-11-01,7.255789882261612
VV,ET,1991-12-01,7.610660606373638
VV,ET,1992-01-01,7.92016473942658
VV,ET,1992-02-01,8.230113563206551
VV,ET,1992-03-01,7.740043465738001
VV,ET,1992-04-01,7.220169641463288
VV,ET,1992-05-01,6.952787505431865
VV,ET,1992-06-01,6.842640122990333
VV,ET,1992-07-01,5.5487966146522085
VV,ET,1992-08-01,4.777012092055649
VV,ET,1992-09-01,4.906315413284322
VV,ET,1992-10-01,4.267718539254358
VV,ET,1992-11-01,3.939781418128302
VV,ET,1992-12-01,3.59259881446639
VV,ET,1993-01-01,6.438671167865356
VV,ET,1993-02-01,7.69944562088082
VV,ET,1993-03-01,10.384718205458478
VV,ET,1993-04-01,11.980392632677328
VV,ET,1993-05-01,12.693291269329126
VV,ET,1993-06-01,13.028315001341365
VV,ET,1993-07-01,14.009722361431292
VV,ET,1993-08-01,14.563685098778913
VV,ET,1993-09-01,13.514697294140548
VV,ET,1993-10-01,16.35751244752514
VV,ET,1993-11-01,14.901815143215265
VV,ET,1993-12-01,15.980169577908539
VV,ET,1994-01-01,10.887152378763503
VV,ET,1994-02-01,9.826576825361759
VV,ET,1994-03-01,5.673712021136064
VV,ET,1994-04-01,6.579118450136523
VV,ET,1994-05-01,4.714540210383441
VV,ET,1994-06-01,4.686589707627576
VV,ET,1994-07-01,5.628695136156838
VV,ET,1994-08-01,4.265597920277297
VV,ET,1994-09-01,4.139335476956056
VV,ET,1994-10-01,2.7499265847212317
VV,ET,1994-11-01,2.7473637428790756
VV,ET,1994-12-01,0.17577500798977308
VV,ET,1995-01-01,7.559019213629863
VV,ET,1995-02-01,5.978315531148794
VV,ET,1995-03-01,7.64214430068546
VV,ET,1995-04-01,7.950063031190273
VV,ET,1995-05-01,8.133670886075949
VV,ET,1995-06-01,8.932951336644887
VV,ET,1995-07-01,10.40782355389097
VV,ET,1995-08-01,11.820316233455921
VV,ET,1995-09-01,12.568699697412569
VV,ET,1995-10-01,13.381647443094826
VV,ET,1995-11-01,14.724155558177028
VV,ET,1995-12-01,16.95645238475036
VV,ET,1996-01-01,11.960920337611284
VV,ET,1996-02-01,13.882509253108095
VV,ET,1996-03-01,16.84893061066486
VV,ET,1996-04-01,13.983274316281172
VV,ET,1996-05-01,12.751212751212751
VV,ET,1996-06-01,12.694177972034588
VV,ET,1996-07-01,10.828841732313142
VV,ET,1996-08-01,10.364562042439333
VV,ET,1996-09-01,9.925576462413371
VV,ET,1996-10-01,8.384947785379907
VV,ET,1996-11-01,8.781340508303199
VV,ET,1996-12-01,6.901254773595199
VV,ET,1997-01-01,7.784719712225263
VV,ET,1997-02-01,7.158452640877348
VV,ET,1997-03-01,6.2116945502733145
VV,ET,1997-04-01,4.412056315685108
VV,ET,1997-05-01,5.2426120035216535
VV,ET,1997-06-01,5.4952988582941575
VV,ET,1997-07-01,6.4464018500884235
VV,ET,1997-08-01,10.424944440703078
VV,ET,1997-09-01,9.486816934209433
VV,ET,1997-10-01,8.802764257355017
VV,ET,1997-11-01,6.659314690823159
VV,ET,1997-12-01,7.382304159224292
VV,ET,1998-01-01,8.46161216147164
VV,ET,1998-02-01,9.285469872771953
VV,ET,1998-03-01,7.2956955708047415
VV,ET,1998-04-01,10.041781407273763
VV,ET,1998-05-01,9.704048614947517
VV,ET,1998-06-01,8.170865627934365
VV,ET,1998-07-01,7.335580440582118
VV,ET,1998-08-01,3.647008599133988
VV,ET,1998-09-01,2.649731076605184
VV,ET,1998-10-01,4.468975204592647
VV,ET,1998-11-01,4.289385837936841
VV,ET,1998-12-01,2.881202382190011
VV,ET,1999-01-01,4.260706977018094
VV,ET,1999-02-01,3.2392121143117385
VV,ET,1999-03-01,4.793744004186168
VV,ET,1999-04-01,6.3784499000445845
VV,ET,1999-05-01,6.415550407896062
VV,ET,1999-06-01,8.311386408109819
VV,ET,1999-07-01,8.538345909422393
VV,ET,1999-08-01,9.483671668137687
VV,ET,1999-09-01,9.345490068381634
VV,ET,1999-10-01,7.981234380252254
VV,ET,1999-11-01,6.997988839475399
VV,ET,1999-12-01,8.963088071831738
VV,ET,2000-01-01,8.099750060013838
VV,ET,2000-02-01,6.08354011579818
VV,ET,2000-03-01,4.6590656901908565
VV,ET,2000-04-01,2.6120109239380254
VV,ET,2000-05-01,1.3155404126443309
VV,ET,2000-06-01,-1.619213214518583
VV,ET,2000-07-01,-1.7332163229486617
VV,ET,2000-08-01,-2.900829000228412
VV,ET,2000-09-01,-2.333640153771184
VV,ET,2000-10-01,-3.098099723891506
VV,ET,2000-11-01,-3.266840509881266
VV,ET,2000-12-01,-2.1806523409554597
VV,ET,2001-01-01,-4.3878097527203375
VV,ET,2001-02-01,-2.7276389484490533
VV,ET,2001-03-01,-2.5087800675899543
VV,ET,2001-04-01,-2.0619779177316926
VV,ET,2001-05-01,-0.12010409021151665
VV,ET,2001-06-01,1.999337236275268
VV,ET,2001-07-01,2.090310337128823
VV,ET,2001-08-01,2.229202413239608
VV,ET,2001-09-01,4.308958864619138
VV,ET,2001-10-01,5.6302814442349325
VV,ET,2001-11-01,7.608204819441974
VV,ET,2001-12-01,7.780757354136194
VV,ET,2002-01-01,6.859851900428997
VV,ET,2002-02-01,7.4077537606540735
VV,ET,2002-03-01,9.314591772926239
VV,ET,2002-04-01,7.67492230906865
VV,ET,2002-05-01,7.160130937270359
VV,ET,2002-06-01,8.544509421702404
VV,ET,2002-07-01,8.507148519723353
VV,ET,2002-08-01,10.115188348515817
VV,ET,2002-09-01,7.95896945297033
VV,ET,2002-10-01,7.609816729696136
VV,ET,2002-11-01,7.942623888910083
VV,ET,2002-12-01,5.188424372651764
VV,ET,2003-01-01,7.654541967653263
VV,ET,2003-02-01,8.66801825893357
VV,ET,2003-03-01,9.249633148456736
VV,ET,2003-04-01,11.430820360328843
VV,ET,2003-05-01,12.619071368011571
VV,ET,2003-06-01,12.102165020452958
VV,ET,2003-07-01,13.828634771874134
VV,ET,2003-08-01,13.51534074146917
VV,ET,2003-09-01,12.732150988910906
VV,ET,2003-10-01,12.564357773927576
VV,ET,2003-11-01,11.90198503858161
VV,ET,2003-12-01,10.520845777087564
VV,ET,2004-01-01,10.283603714876131
VV,ET,2004-02-01,8.53745078289534
VV,ET,2004-03-01,5.052816099804216
VV,ET,2004-04-01,4.878513684729837
VV,ET,2004-05-01,4.4483808469416
VV,ET,2004-06-01,3.209549661801353
VV,ET,2004-07-01,2.154619096100217
VV,ET,2004-08-01,0.5869167379557538
VV,ET,2004-09-01,0.7129132276518625
VV,ET,2004-10-01,0.7957994017859092
VV,ET,2004-11-01,-0.7822040678822588
VV,ET,2004-12-01,-0.6625809310721272
VV,ET,2005-01-01,-0.05707455228782805
VV,ET,2005-02-01,0.7613865249348815
VV,ET,2005-03-01,2.2006479505043828
VV,ET,2005-04-01,2.204451666702303
VV,ET,2005-05-01,1.2412155644827916
VV,ET,2005-06-01,3.710131180408093
VV,ET,2005-07-01,4.770829045292544
VV,ET,2005-08-01,5.9113565653629605
VV,ET,2005-09-01,5.598976682674067
VV,ET,2005-10-01,5.549358314831863
VV,ET,2005-11-01,6.671971987903867
VV,ET,2005-12-01,6.741817548746518
VV,ET,2006-01-01,5.514610809412981
VV,ET,2006-02-01,4.917895530042177
VV,ET,2006-03-01,4.56945357392761
VV,ET,2006-04-01,5.044979079497908
VV,ET,2006-05-01,3.4152061477898528
VV,ET,2006-06-01,1.3261965390011952
VV,ET,2006-07-01,0.018611383963190817
VV,ET,2006-08-01,-1.6863183573897134
VV,ET,2006-09-01,-0.7391134744492578
VV,ET,2006-10-01,-0.9480909921095024
VV,ET,2006-11-01,-1.9615449653347656
VV,ET,2006-12-01,-2.214067278287462
VV,ET,2007-01-01,-5.135510487510977
VV,ET,2007-02-01,-5.232024579043971
VV,ET,2007-03-01,-5.00446102684727
VV,ET,2007-04-01,-6.100196170200054
VV,ET,2007-05-01,-5.276585405361626
VV,ET,2007-06-01,-4.995332902524336
VV,ET,2007-07-01,-6.426969079838318
VV,ET,2007-08-01,-6.612834854891905
VV,ET,2007-09-01,-6.00864583117877
VV,ET,2007-10-01,-6.993318485523385
VV,ET,2007-11-01,-6.050060368705675
VV,ET,2007-12-01,-6.406888499708114
VV,ET,2008-01-01,-3.8268189500199146
VV,ET,2008-02-01,-4.018820458301317
VV,ET,2008-03-01,-3.8902407786885247
VV,ET,2008-04-01,-4.346903931196114
VV,ET,2008-05-01,-3.255525629515626
VV,ET,2008-06-01,-3.1364377409010915
VV,ET,2008-07-01,-2.4404525166821336
VV,ET,2008-08-01,-1.0274010517575423
VV,ET,2008-09-01,-1.939835394568901
VV,ET,2008-10-01,-0.44439989307671746
VV,ET,2008-11-01,4.412622302857513
VV,ET,2008-12-01,9.508587467421087
VV,ET,2009-01-01,14.701931902128898
VV,ET,2009-02-01,17.757306574546252
VV,ET,2009-03-01,18.23078033558761
VV,ET,2009-04-01,21.203352624226703
VV,ET,2009-05-01,22.145871539362336
VV,ET,2009-06-01,22.754023808462257
VV,ET,2009-07-01,25.392098021674386
VV,ET,2009-08-01,26.01429578173764
VV,ET,2009-09-01,26.635697534812223
VV,ET,2009-10-01,24.345248084130446
VV,ET,2009-11-01,18.518058830830334
VV,ET,2009-12-01,12.547930715324606
VV,ET,2010-01-01,8.872234745357495
VV,ET,2010-02-01,6.5563388807658995
VV,ET,2010-03-01,5.209076905736935
VV,ET,2010-04-01,4.451030432754315
VV,ET,2010-05-01,5.108353532795485
VV,ET,2010-06-01,5.369109234540997
VV,ET,2010-07-01,5.295764472139438
VV,ET,2010-08-01,4.37982122091733
VV,ET,2010-09-01,4.328409785661755
VV,ET,2010-10-01,7.112266748241052
VV,ET,2010-11-01,6.451809962648794
VV,ET,2010-12-01,7.535063620589936
VV,ET,2011-01-01,7.2797999444290085
VV,ET,2011-02-01,7.06363564854873
VV,ET,2011-03-01,8.128448229685574
VV,ET,2011-04-01,8.17066442476946
VV,ET,2011-05-01,6.283344232953568
VV,ET,2011-06-01,6.340752996733969
VV,ET,2011-07-01,6.720757500385955
VV,ET,2011-08-01,6.306819631421841
VV,ET,2011-09-01,7.392308737600217
VV,ET,2011-10-01,7.491747234378543
VV,ET,2011-11-01,7.988129298825227
VV,ET,2011-12-01,9.212229188026287
VV,ET,2012-01-01,9.57131279711925
VV,ET,2012-02-01,8.234352933493335
VV,ET,2012-03-01,9.41883602077296
VV,ET,2012-04-01,8.795407993911867
VV,ET,2012-05-01,9.665301099470506
VV,ET,2012-06-01,10.879166295248822
VV,ET,2012-07-01,10.539259021136381
VV,ET,2012-08-01,11.846115693223362
VV,ET,2012-09-01,11.476654435024674
VV,ET,2012-10-01,9.8796592951473
VV,ET,2012-11-01,9.054469538811919
VV,ET,2012-12-01,6.706115916156238
VV,ET,2013-01-01,6.747390332985123
VV,ET,2013-02-01,7.337878810734165
VV,ET,2013-03-01,8.123627638141661
VV,ET,2013-04-01,7.596943065715157
VV,ET,2013-05-01,7.62041165874258
VV,ET,2013-06-01,7.106836419978659
VV,ET,2013-07-01,6.369598092246845
VV,ET,2013-08-01,5.902969008161017
VV,ET,2013-09-01,5.201475595913735
VV,ET,2013-10-01,5.762625077339933
VV,ET,2013-11-01,6.373736529947373
VV,ET,2013-12-01,7.08727852254617
VV,ET,2014-01-01,7.304494414126118
VV,ET,2014-02-01,7.6267434915504335
VV,ET,2014-03-01,8.742925334803514
VV,ET,2014-04-01,11.183882925749696
VV,ET,2014-05-01,11.427277841041612
VV,ET,2014-06-01,11.252132378027977
VV,ET,2014-07-01,13.06585557568094
VV,ET,2014-08-01,13.405014047979252
VV,ET,2014-09-01,13.317643568095379
VV,ET,2014-10-01,13.64076494795449
VV,ET,2014-11-01,13.82453798230459
VV,ET,2014-12-01,14.172486010006802
VV,ET,2015-01-01,14.562447577585173
VV,ET,2015-02-01,16.601923365694102
VV,ET,2015-03-01,16.850745406588327
VV,ET,2015-04-01,13.654883275380529
VV,ET,2015-05-01,12.365174349881796
VV,ET,2015-06-01,9.452281648675172
VV,ET,2015-07-01,8.173690160257767
VV,ET,2015-08-01,7.014388489208633
VV,ET,2015-09-01,6.499009170381038
VV,ET,2015-10-01,-5.424196163359014
VV,ET,2015-11-01,-10.491396112296114
VV,ET,2015-12-01,-10.207319590669144
VV,ET,2016-01-01,-24.873618519680647
VV,ET,2016-02-01,-27.428638618573558
VV,ET,2016-03-01,-29.26822570546689
VV,ET,2016-04-01,-28.116465533754756
VV,ET,2016-05-01,-27.588662973859968
VV,ET,2016-06-01,-26.11585253094687
VV,ET,2016-07-01,-25.12154776407998
VV,ET,2016-08-01,-25.488897545773277
VV,ET,2016-09-01,-27.029201729976197
VV,ET,2016-10-01,-17.695123095692434
VV,ET,2016-11-01,-14.265343482031025
VV,ET,2016-12-01,-13.576021912913248
VV,ET,2017-01-01,1.0395155115205235
VV,ET,2017-02-01,2.1333065866323073
VV,ET,2017-03-01,2.407851724164706
VV,ET,2017-04-01,2.4881606797520974
VV,ET,2017-05-01,2.5748507524798923
VV,ET,2017-06-01,2.6925148088314486
VV,ET,2017-07-01,1.632223540738419
VV,ET,2017-08-01,2.56705181157526
VV,ET,2017-09-01,5.82050693008653
VV,ET,2017-10-01,5.899568231573826
VV,ET,2017-11-01,6.147921723755582
VV,ET,2017-12-01,5.890355777488961
VV,ET,2018-01-01,3.887932024342634
VV,ET,2018-02-01,3.7197074998489152
VV,ET,2018-03-01,4.553105665413078
VV,ET,2018-04-01,3.807295148948815
VV,ET,2018-05-01,4.196479943348627
VV,ET,2018-06-01,4.6611077054883046
VV,ET,2018-07-01,1.9151686053342734
VV,ET,2018-08-01,1.5692585526411604
VV,ET,2018-09-01,0.6867306843426851
VV,ET,2018-10-01,-0.30506844300244773
VV,ET,2018-11-01,-0.32043590576078823
VV,ET,2018-12-01,-1.2697296172149208
VV,ET,2019-01-01,2.1434781967962038
VV,ET,2019-02-01,2.8747268754552078
VV,ET,2019-03-01,3.2597738826481404
VV,ET,2019-04-01,3.528106773535621
VV,ET,2019-05-01,2.598138119004637
VV,ET,2019-06-01,3.12544104778841
VV,ET,2019-07-01,4.981842287295366
VV,ET,2019-08-01,4.926835913135123
VV,ET,2019-09-01,-10.13295960902688
VV,ET,2019-10-01,-10.254305627556016
VV,ET,2019-11-01,-10.209023706347184
VV,ET,2019-12-01,-10.198324997092008
VV,ET,2020-01-01,-20.49010625942304
VV,ET,2020-02-01,-20.799025820017416
VV,ET,2020-03-01,-25.55903587380959
VV,ET,2020-04-01,-24.83047039712439
VV,ET,2020-05-01,-23.78471623253407
VV,ET,2020-06-01,-24.83559947172858
VV,ET,2020-07-01,-24.02023363395517
VV,ET,2020-08-01,-53.556127991909975
VV,ET,2020-09-01,-45.57625098967539
VV,ET,2020-10-01,-44.79245222470035
VV,ET,2020-11-01,-44.86239255579213
VV,ET,2020-12-01,-44.58404844402707
VV,ET,2021-01-01,-37.45089322167684
VV,ET,2021-02-01,-37.0460091714416
VV,ET,2021-03-01,-33.55441294400679
VV,ET,2021-04-01,-47.169499006841754
VV,ET,2021-05-01,-46.69865556108822
VV,ET,2021-06-01,-45.88275993918593
VV,ET,2021-07-01,-45.791817598757014
VV,ET,2021-08-01,-19.260872123815687
VV,ET,2021-09-01,-19.64380179862458
VV,ET,2021-10-01,-20.372307960589414
VV,ET,2021-11-01,-21.543192219679632
VV,ET,2021-12-01,-30.247472681587098
VV,ET,2022-01-01,-66.8426625665424
VV,ET,2022-02-01,-67.14139664328515
VV,ET,2022-03-01,-68.01317639040737
VV,ET,2022-04-01,-60.146214099216714
VV,ET,2022-05-01,-61.08978496450046
VV,ET,2022-06-01,-61.47298297557365
VV,ET,2022-07-01,-62.32231831891883
VV,ET,2022-08-01,-58.60422740524781
VV,ET,2022-09-01,-58.47597103357472
VV,ET,2022-10-01,-58.01806734191076
VV,ET,2022-11-01,-57.61160836356345
VV,ET,2022-12-01,-53.014849100467046
VV,ET,2023-01-01,-11.505315193140557
VV,ET,2023-02-01,-12.536191175835098
VV,ET,2023-03-01,-11.940696022727273
VV,ET,2023-04-01,-13.845213137665969
VV,ET,2023-05-01,-15.588440719399337
VV,ET,2023-06-01,-17.011614706139202
VV,ET,2023-07-01,-17.187085360459974
VV,ET,2023-08-01,-18.337881855797164
VV,ET,2023-09-01,-18.97652706213943
VV,ET,2023-10-01,-21.69187967310033
VV,ET,2023-11-01,-22.087472584182684
VV,ET,2023-12-01,-19.91619862708389
VV,ET,2024-01-01,-15.734836126353255
VV,ET,2024-02-01,-16.892292490118578
VV,ET,2024-03-01,-15.591289444500454
VV,ET,2024-04-01,-15.081618168914124
VV,ET,2024-05-01,-13.730154625846822
VV,ET,2024-06-01,-11.648952962222456
VV,ET,2024-07-01,-10.948515274513992
VV,ET,2024-08-01,-8.538163001293661
VV,ET,2024-09-01,-8.19110772910099
VV,ET,2024-10-01,-5.484623070944821
VV,ET,2024-11-01,-3.5601920847822486
VV,ET,2024-12-01,-2.7496382054992763
VV,ET,2025-01-01,3.6430834213305174
VV,ET,2025-02-01,5.534748231377445
VV,ET,2025-03-01,6.89758136757241
VV,ET,2025-04-01,9.491970628619187
VV,ET,2025-05-01,10.856012468528954
VV,ET,2025-06-01,12.535731300619343
VV,ET,2025-07-01,15.269281516132901
VV,ET,2025-08-01,12.835926449787836
VV,ET,2025-09-01,12.983245515363212
VV,ET,2025-10-01,13.285563256196406
VV,ET,2025-11-01,12.98076923076923
VV,ET,2025-12-01,9.752747252747254
VV,ET,2026-01-01,10.352634855946114
VV,ET,2026-02-01,10.838215412347905
VV,ET,2026-03-01,10.078212290502794
VV,ET,2026-04-01,8.145684531923013
VV,GM1,1985-12-01,4.784558638611786
VV,GM1,1986-01-01,5.555192257389485
VV,GM1,1986-02-01,7.201629966303582
VV,GM1,1986-03-01,6.501757381556918
VV,GM1,1986-04-01,7.644355865581575
VV,GM1,1986-05-01,6.1230275999694666
VV,GM1,1986-06-01,7.037962475889882
VV,GM1,1986-07-01,6.345625516517389
VV,GM1,1986-08-01,7.253613371995387
VV,GM1,1986-09-01,7.100700449671394
VV,GM1,1986-10-01,8.040319553911319
VV,GM1,1986-11-01,6.836505693624803
VV,GM1,1986-12-01,5.753115062301246
VV,GM1,1987-01-01,7.57777571270741
VV,GM1,1987-02-01,7.530284043441938
VV,GM1,1987-03-01,8.32335641038988
VV,GM1,1987-04-01,8.197985990392825
VV,GM1,1987-05-01,8.436260506792166
VV,GM1,1987-06-01,8.705846216852667
VV,GM1,1987-07-01,10.388137444341762
VV,GM1,1987-08-01,10.958246346555324
VV,GM1,1987-09-01,10.086696743068803
VV,GM1,1987-10-01,10.253788969062956
VV,GM1,1987-11-01,12.801960555490723
VV,GM1,1987-12-01,12.728012028255051
VV,GM1,1988-01-01,14.923983568165239
VV,GM1,1988-02-01,17.4825921861495
VV,GM1,1988-03-01,17.507928880345986
VV,GM1,1988-04-01,17.57217960052857
VV,GM1,1988-05-01,17.54321128041847
VV,GM1,1988-06-01,15.965452610362334
VV,GM1,1988-07-01,14.81506145591537
VV,GM1,1988-08-01,12.301266251481684
VV,GM1,1988-09-01,12.423561769424708
VV,GM1,1988-10-01,10.609988837276296
VV,GM1,1988-11-01,9.007517759845507
VV,GM1,1988-12-01,4.753755945340615
VV,GM1,1989-01-01,0.6856694254908675
VV,GM1,1989-02-01,-1.8582658940424723
VV,GM1,1989-03-01,-1.5989596538722632
VV,GM1,1989-04-01,-4.6703807621712095
VV,GM1,1989-05-01,-5.640070621810531
VV,GM1,1989-06-01,-4.6579058510119875
VV,GM1,1989-07-01,-5.658345002444299
VV,GM1,1989-08-01,-4.719620687921993
VV,GM1,1989-09-01,-4.592826969810644
VV,GM1,1989-10-01,-6.005534304549524
VV,GM1,1989-11-01,-6.051091426763683
VV,GM1,1989-12-01,-4.210509457230256
VV,GM1,1990-01-01,-6.236832064234642
VV,GM1,1990-02-01,-6.766898294377763
VV,GM1,1990-03-01,-7.41571913026132
VV,GM1,1990-04-01,-7.032409645707694
VV,GM1,1990-05-01,-5.50557477893118
VV,GM1,1990-06-01,-4.12389576536132
VV,GM1,1990-07-01,-5.124714561742491
VV,GM1,1990-08-01,-5.734130473008616
VV,GM1,1990-09-01,-5.106244764688787
VV,GM1,1990-10-01,-3.8158817570200276
VV,GM1,1990-11-01,-3.720041417976412
VV,GM1,1990-12-01,-0.3076408627319846
VV,GM1,1991-01-01,-0.05484832668371093
VV,GM1,1991-02-01,1.080485314975924
VV,GM1,1991-03-01,0.08528593230990214
VV,GM1,1991-04-01,2.2361914493732096
VV,GM1,1991-05-01,3.0099185359987706
VV,GM1,1991-06-01,1.6686213882076981
VV,GM1,1991-07-01,3.180745197870863
VV,GM1,1991-08-01,3.6756887835997687
VV,GM1,1991-09-01,2.048279589263196
VV,GM1,1991-10-01,2.6502466601850854
VV,GM1,1991-11-01,2.7139984261607064
VV,GM1,1991-12-01,1.2561634186428738
VV,GM1,1992-01-01,2.4783805553342715
VV,GM1,1992-02-01,3.546435242700224
VV,GM1,1992-03-01,3.414809167152532
VV,GM1,1992-04-01,3.0939611090784154
VV,GM1,1992-05-01,0.7311507065742122
VV,GM1,1992-06-01,1.2558334644224214
VV,GM1,1992-07-01,-0.5051094104664412
VV,GM1,1992-08-01,-0.379636376721633
VV,GM1,1992-09-01,2.3973025932529524
VV,GM1,1992-10-01,2.4309818641035537
VV,GM1,1992-11-01,2.624410507857058
VV,GM1,1992-12-01,2.7403726708074534
VV,GM1,1993-01-01,5.875951182013699
VV,GM1,1993-02-01,6.1171291700832935
VV,GM1,1993-03-01,9.632064670575582
VV,GM1,1993-04-01,9.368616045150791
VV,GM1,1993-05-01,11.00006099526851
VV,GM1,1993-06-01,11.406575006688934
VV,GM1,1993-07-01,12.994824072571191
VV,GM1,1993-08-01,13.713573602319007
VV,GM1,1993-09-01,10.483579001810188
VV,GM1,1993-10-01,13.428938356164384
VV,GM1,1993-11-01,12.251466111465946
VV,GM1,1993-12-01,10.103257321113341
VV,GM1,1994-01-01,10.94387338880731
VV,GM1,1994-02-01,10.719688959021328
VV,GM1,1994-03-01,6.629904190764021
VV,GM1,1994-04-01,6.254204690257782
VV,GM1,1994-05-01,5.853815538477239
VV,GM1,1994-06-01,5.309926479132934
VV,GM1,1994-07-01,5.135305524742836
VV,GM1,1994-08-01,3.9929163059965216
VV,GM1,1994-09-01,4.677308616546515
VV,GM1,1994-10-01,1.566215043212439
VV,GM1,1994-11-01,3.662240351149438
VV,GM1,1994-12-01,3.522142423110994
VV,GM1,1995-01-01,3.947939262472885
VV,GM1,1995-02-01,2.55948751478464
VV,GM1,1995-03-01,3.065804996401463
VV,GM1,1995-04-01,3.932245305365403
VV,GM1,1995-05-01,5.415146391385601
VV,GM1,1995-06-01,5.550528569221602
VV,GM1,1995-07-01,7.350619383045907
VV,GM1,1995-08-01,9.313407305022489
VV,GM1,1995-09-01,8.25314719714982
VV,GM1,1995-10-01,11.148929845422117
VV,GM1,1995-11-01,11.323538846474626
VV,GM1,1995-12-01,9.78190150207915
VV,GM1,1996-01-01,10.895984833479528
VV,GM1,1996-02-01,13.407829232477347
VV,GM1,1996-03-01,16.025599493193386
VV,GM1,1996-04-01,15.685740496531162
VV,GM1,1996-05-01,11.827276180828163
VV,GM1,1996-06-01,11.03723218890701
VV,GM1,1996-07-01,11.611562066917442
VV,GM1,1996-08-01,9.695627571657107
VV,GM1,1996-09-01,11.70614155879923
VV,GM1,1996-10-01,10.062716465412338
VV,GM1,1996-11-01,9.511551662312382
VV,GM1,1996-12-01,9.499729444201087
VV,GM1,1997-01-01,10.91301102910689
VV,GM1,1997-02-01,10.831654276384354
VV,GM1,1997-03-01,6.799652540795433
VV,GM1,1997-04-01,8.173392642521714
VV,GM1,1997-05-01,12.079291385145762
VV,GM1,1997-06-01,11.396989592879471
VV,GM1,1997-07-01,12.936331960722205
VV,GM1,1997-08-01,13.155783118719192
VV,GM1,1997-09-01,9.811269584941014
VV,GM1,1997-10-01,9.244769518625617
VV,GM1,1997-11-01,7.067511782109904
VV,GM1,1997-12-01,8.69381055752634
VV,GM1,1998-01-01,8.49920920201294
VV,GM1,1998-02-01,11.544861858302179
VV,GM1,1998-03-01,12.522584805581861
VV,GM1,1998-04-01,9.909110173131662
VV,GM1,1998-05-01,6.2556480447240945
VV,GM1,1998-06-01,5.800947760479177
VV,GM1,1998-07-01,5.137712458630168
VV,GM1,1998-08-01,6.304450597690281
VV,GM1,1998-09-01,6.573866187696453
VV,GM1,1998-10-01,9.152532947784017
VV,GM1,1998-11-01,9.036693991010818
VV,GM1,1998-12-01,5.289536211646397
VV,GM1,1999-01-01,6.696951545960043
VV,GM1,1999-02-01,5.308332907576764
VV,GM1,1999-03-01,4.81351066685942
VV,GM1,1999-04-01,9.280961288944239
VV,GM1,1999-05-01,11.18888137598783
VV,GM1,1999-06-01,11.535102201676555
VV,GM1,1999-07-01,12.134728350468711
VV,GM1,1999-08-01,11.01405080312993
VV,GM1,1999-09-01,9.855586921715682
VV,GM1,1999-10-01,7.4813158149463295
VV,GM1,1999-11-01,7.542473053652282
VV,GM1,1999-12-01,6.378319471146432
VV,GM1,2000-01-01,5.668523054146567
VV,GM1,2000-02-01,1.869784591500097
VV,GM1,2000-03-01,1.7713674897909923
VV,GM1,2000-04-01,-1.4638565706656494
VV,GM1,2000-05-01,-1.7383661543577926
VV,GM1,2000-06-01,-3.642354064700967
VV,GM1,2000-07-01,-5.4050710605072965
VV,GM1,2000-08-01,-4.7050407744766085
VV,GM1,2000-09-01,-4.892010451374739
VV,GM1,2000-10-01,-4.4621612141780505
VV,GM1,2000-11-01,-2.9462310504622407
VV,GM1,2000-12-01,-1.9821979105256546
VV,GM1,2001-01-01,-3.13920741712389
VV,GM1,2001-02-01,-2.765104251002505
VV,GM1,2001-03-01,-3.2085690914459133
VV,GM1,2001-04-01,-1.6051294459230583
VV,GM1,2001-05-01,-0.04158084573506232
VV,GM1,2001-06-01,1.0946644400065413
VV,GM1,2001-07-01,1.3464914266169716
VV,GM1,2001-08-01,1.0168948674833853
VV,GM1,2001-09-01,3.509912743659927
VV,GM1,2001-10-01,3.5691605477277237
VV,GM1,2001-11-01,3.8485716616520067
VV,GM1,2001-12-01,8.581640702031157
VV,GM1,2002-01-01,4.436947869138918
VV,GM1,2002-02-01,6.4907331217428785
VV,GM1,2002-03-01,8.614619900587076
VV,GM1,2002-04-01,6.62410921985118
VV,GM1,2002-05-01,4.581116378059399
VV,GM1,2002-06-01,8.491416919110222
VV,GM1,2002-07-01,10.755868777606828
VV,GM1,2002-08-01,11.92236049461002
VV,GM1,2002-09-01,11.50849306529531
VV,GM1,2002-10-01,10.647460647460647
VV,GM1,2002-11-01,10.592443012998535
VV,GM1,2002-12-01,9.14200874472751
VV,GM1,2003-01-01,11.391469643662187
VV,GM1,2003-02-01,11.687517247723301
VV,GM1,2003-03-01,21.83323281200363
VV,GM1,2003-04-01,25.977158882298134
VV,GM1,2003-05-01,26.288209203047025
VV,GM1,2003-06-01,23.285696858522833
VV,GM1,2003-07-01,22.817952877281975
VV,GM1,2003-08-01,24.006072892414196
VV,GM1,2003-09-01,23.522552581929983
VV,GM1,2003-10-01,26.25064399236301
VV,GM1,2003-11-01,24.164758578042218
VV,GM1,2003-12-01,20.85846694012031
VV,GM1,2004-01-01,24.061734627885727
VV,GM1,2004-02-01,23.6168364006243
VV,GM1,2004-03-01,11.373538959198559
VV,GM1,2004-04-01,8.963792604742952
VV,GM1,2004-05-01,9.136455361491894
VV,GM1,2004-06-01,6.573898639263817
VV,GM1,2004-07-01,3.6868393880685777
VV,GM1,2004-08-01,1.12044318007403
VV,GM1,2004-09-01,-1.5832440592991723
VV,GM1,2004-10-01,-4.534403237144866
VV,GM1,2004-11-01,-4.933942644851699
VV,GM1,2004-12-01,-4.896358967651331
VV,GM1,2005-01-01,-4.4161565884173
VV,GM1,2005-02-01,-5.197548137783996
VV,GM1,2005-03-01,-5.096023344191097
VV,GM1,2005-04-01,-7.185075419266607
VV,GM1,2005-05-01,-7.089021329145358
VV,GM1,2005-06-01,-2.721411254964667
VV,GM1,2005-07-01,-0.3163398876799865
VV,GM1,2005-08-01,-0.10907319552694002
VV,GM1,2005-09-01,2.9630800513006585
VV,GM1,2005-10-01,3.689042788585879
VV,GM1,2005-11-01,4.005960977543681
VV,GM1,2005-12-01,5.068458940922269
VV,GM1,2006-01-01,1.6540644384942067
VV,GM1,2006-02-01,1.0647344489032884
VV,GM1,2006-03-01,1.1347832149330892
VV,GM1,2006-04-01,3.008109477952357
VV,GM1,2006-05-01,1.6776766075175804
VV,GM1,2006-06-01,-1.212127639267421
VV,GM1,2006-07-01,-1.286671914546629
VV,GM1,2006-08-01,-0.6940248138607074
VV,GM1,2006-09-01,-2.061359282920515
VV,GM1,2006-10-01,-2.2701290782991874
VV,GM1,2006-11-01,-3.8033360447347193
VV,GM1,2006-12-01,-4.1105611072645285
VV,GM1,2007-01-01,-3.406943338756014
VV,GM1,2007-02-01,-2.984617952212734
VV,GM1,2007-03-01,-4.645868316394167
VV,GM1,2007-04-01,-4.333828889146624
VV,GM1,2007-05-01,-4.043464669858907
VV,GM1,2007-06-01,-4.445327092771111
VV,GM1,2007-07-01,-6.180357883594857
VV,GM1,2007-08-01,-7.593684502691951
VV,GM1,2007-09-01,-6.7153783946504975
VV,GM1,2007-10-01,-6.555976590608594
VV,GM1,2007-11-01,-4.047111935070724
VV,GM1,2007-12-01,-2.585426485802966
VV,GM1,2008-01-01,-4.313301106902643
VV,GM1,2008-02-01,-4.912480646826079
VV,GM1,2008-03-01,-1.0425124104206753
VV,GM1,2008-04-01,-0.6451186268819021
VV,GM1,2008-05-01,-1.7787534288665212
VV,GM1,2008-06-01,-2.610854594272747
VV,GM1,2008-07-01,-2.3753530440881074
VV,GM1,2008-08-01,-0.46171678546535583
VV,GM1,2008-09-01,-0.4296369281532486
VV,GM1,2008-10-01,4.630254842307313
VV,GM1,2008-11-01,11.326035094964363
VV,GM1,2008-12-01,21.234202772420353
VV,GM1,2009-01-01,28.67692768602779
VV,GM1,2009-02-01,34.35211464022283
VV,GM1,2009-03-01,36.982103318959545
VV,GM1,2009-04-01,38.94772261704912
VV,GM1,2009-05-01,41.687270095881324
VV,GM1,2009-06-01,43.93137153118235
VV,GM1,2009-07-01,48.661416707986994
VV,GM1,2009-08-01,48.20994723077637
VV,GM1,2009-09-01,47.70907166198739
VV,GM1,2009-10-01,41.73954027989269
VV,GM1,2009-11-01,31.84808097401995
VV,GM1,2009-12-01,20.655996009149753
VV,GM1,2010-01-01,16.272998725284193
VV,GM1,2010-02-01,11.864197565498417
VV,GM1,2010-03-01,9.63695936373532
VV,GM1,2010-04-01,8.584970181465938
VV,GM1,2010-05-01,11.152962206332992
VV,GM1,2010-06-01,12.379580997974983
VV,GM1,2010-07-01,10.802988720076687
VV,GM1,2010-08-01,10.432290347925733
VV,GM1,2010-09-01,10.091583509255726
VV,GM1,2010-10-01,9.476500590874442
VV,GM1,2010-11-01,9.078303159407257
VV,GM1,2010-12-01,9.10025992099007
VV,GM1,2011-01-01,8.335982338850775
VV,GM1,2011-02-01,9.212539184952979
VV,GM1,2011-03-01,8.48654177164667
VV,GM1,2011-04-01,8.241735349836901
VV,GM1,2011-05-01,6.086190722340283
VV,GM1,2011-06-01,4.306596585816949
VV,GM1,2011-07-01,4.742130225480506
VV,GM1,2011-08-01,9.954498717691134
VV,GM1,2011-09-01,10.93054576073702
VV,GM1,2011-10-01,11.24268097216316
VV,GM1,2011-11-01,9.771314080420064
VV,GM1,2011-12-01,11.44779044080267
VV,GM1,2012-01-01,11.582741292670248
VV,GM1,2012-02-01,10.654098304189581
VV,GM1,2012-03-01,10.383545264319713
VV,GM1,2012-04-01,9.495270138703352
VV,GM1,2012-05-01,9.984525012632643
VV,GM1,2012-06-01,13.630282629058762
VV,GM1,2012-07-01,15.372047449004992
VV,GM1,2012-08-01,11.38980908424499
VV,GM1,2012-09-01,10.999319612178942
VV,GM1,2012-10-01,10.693072218301577
VV,GM1,2012-11-01,11.526091526469163
VV,GM1,2012-12-01,11.325801321592296
VV,GM1,2013-01-01,10.802181556160162
VV,GM1,2013-02-01,11.50655139639995
VV,GM1,2013-03-01,12.043612396286196
VV,GM1,2013-04-01,12.99692513838945
VV,GM1,2013-05-01,12.093765446911847
VV,GM1,2013-06-01,8.080163825592333
VV,GM1,2013-07-01,7.279203508579229
VV,GM1,2013-08-01,6.985653135505884
VV,GM1,2013-09-01,5.445434554412204
VV,GM1,2013-10-01,5.19389096870535
VV,GM1,2013-11-01,5.405690120920713
VV,GM1,2013-12-01,3.2608149057310105
VV,GM1,2014-01-01,4.86799419951862
VV,GM1,2014-02-01,4.786071873895
VV,GM1,2014-03-01,5.314932082950645
VV,GM1,2014-04-01,3.798686801402502
VV,GM1,2014-05-01,4.0849299477970655
VV,GM1,2014-06-01,4.608204281220714
VV,GM1,2014-07-01,3.5398246268383833
VV,GM1,2014-08-01,2.6748009863644318
VV,GM1,2014-09-01,2.7250762970498474
VV,GM1,2014-10-01,2.8310088817379633
VV,GM1,2014-11-01,3.0455593549446394
VV,GM1,2014-12-01,2.305074229522626
VV,GM1,2015-01-01,1.028728852520947
VV,GM1,2015-02-01,0.8596085229119417
VV,GM1,2015-03-01,1.125785375205888
VV,GM1,2015-04-01,-0.11953244829957159
VV,GM1,2015-05-01,-0.05484788501633131
VV,GM1,2015-06-01,0.8291688619950079
VV,GM1,2015-07-01,0.7617749320600591
VV,GM1,2015-08-01,0.5502585266353589
VV,GM1,2015-09-01,0.6940993596601831
VV,GM1,2015-10-01,-2.6815017251631756
VV,GM1,2015-11-01,-2.8272100784739576
VV,GM1,2015-12-01,-1.400365650051392
VV,GM1,2016-01-01,-0.9531687923647723
VV,GM1,2016-02-01,-0.575114415367846
VV,GM1,2016-03-01,0.15903607727302882
VV,GM1,2016-04-01,1.2495322417798111
VV,GM1,2016-05-01,1.398509148089648
VV,GM1,2016-06-01,1.628337828636577
VV,GM1,2016-07-01,2.4010598941858285
VV,GM1,2016-08-01,2.6415338299095437
VV,GM1,2016-09-01,2.9713420652399165
VV,GM1,2016-10-01,6.372700989899135
VV,GM1,2016-11-01,5.537326334738399
VV,GM1,2016-12-01,6.308983560595495
VV,GM1,2017-01-01,6.144454515828595
VV,GM1,2017-02-01,6.046356759667104
VV,GM1,2017-03-01,5.239334398862196
VV,GM1,2017-04-01,5.575206891081238
VV,GM1,2017-05-01,6.723331916702082
VV,GM1,2017-06-01,6.641840914363273
VV,GM1,2017-07-01,6.179961802013951
VV,GM1,2017-08-01,6.50078221153928
VV,GM1,2017-09-01,6.767066046987592
VV,GM1,2017-10-01,7.091297275315169
VV,GM1,2017-11-01,7.753663450609913
VV,GM1,2017-12-01,7.148767975780002
VV,GM1,2018-01-01,7.4433228029145155
VV,GM1,2018-02-01,7.400460952635447
VV,GM1,2018-03-01,6.9645924044008165
VV,GM1,2018-04-01,6.846039653825767
VV,GM1,2018-05-01,5.752351912411986
VV,GM1,2018-06-01,5.040820401596776
VV,GM1,2018-07-01,5.095134865054357
VV,GM1,2018-08-01,4.961278721278721
VV,GM1,2018-09-01,4.820112395807042
VV,GM1,2018-10-01,4.879194949447003
VV,GM1,2018-11-01,4.923790641725897
VV,GM1,2018-12-01,5.442090375526055
VV,GM1,2019-01-01,4.9497436826317855
VV,GM1,2019-02-01,5.119030402552751
VV,GM1,2019-03-01,5.200131919380536
VV,GM1,2019-04-01,5.097442237848698
VV,GM1,2019-05-01,5.160343356874438
VV,GM1,2019-06-01,5.155615864194287
VV,GM1,2019-07-01,4.717758075721536
VV,GM1,2019-08-01,4.150676754017275
VV,GM1,2019-09-01,3.588061739533296
VV,GM1,2019-10-01,2.3524282375872563
VV,GM1,2019-11-01,1.2852130295864883
VV,GM1,2019-12-01,0.6000994459017273
VV,GM1,2020-01-01,-0.11739045045795667
VV,GM1,2020-02-01,-0.10828562552700484
VV,GM1,2020-03-01,1.8981976174286244
VV,GM1,2020-04-01,2.8172162233303384
VV,GM1,2020-05-01,3.3476564212741704
VV,GM1,2020-06-01,4.433855917319345
VV,GM1,2020-07-01,4.652252679739137
VV,GM1,2020-08-01,5.100742776932974
VV,GM1,2020-09-01,5.709703995762961
VV,GM1,2020-10-01,7.185012676139379
VV,GM1,2020-11-01,8.132553663734303
VV,GM1,2020-12-01,8.99988605304009
VV,GM1,2021-01-01,9.9803821386597
VV,GM1,2021-02-01,9.776707569551194
VV,GM1,2021-03-01,8.246489034869159
VV,GM1,2021-04-01,7.2982918830476935
VV,GM1,2021-05-01,6.569087065045997
VV,GM1,2021-06-01,5.979855580527718
VV,GM1,2021-07-01,6.490851205261869
VV,GM1,2021-08-01,5.785713788857896
VV,GM1,2021-09-01,6.246364104491114
VV,GM1,2021-10-01,5.4466120084820115
VV,GM1,2021-11-01,4.5947335616447695
VV,GM1,2021-12-01,4.501269397341733
VV,GM1,2022-01-01,4.446533248095697
VV,GM1,2022-02-01,3.841079435999547
VV,GM1,2022-03-01,4.206964281901834
VV,GM1,2022-04-01,3.643064701021034
VV,GM1,2022-05-01,3.3994368111087816
VV,GM1,2022-06-01,3.0289751148646853
VV,GM1,2022-07-01,2.270956177550111
VV,GM1,2022-08-01,2.644948072904406
VV,GM1,2022-09-01,1.7206960330725742
VV,GM1,2022-10-01,-0.06051176784347275
VV,GM1,2022-11-01,0.5404890872058605
VV,GM1,2022-12-01,-2.233524960213063
VV,GM1,2023-01-01,-5.016222356508004
VV,GM1,2023-02-01,-6.463145778688897
VV,GM1,2023-03-01,-9.64054128806892
VV,GM1,2023-04-01,-10.233283733157053
VV,GM1,2023-05-01,-12.331891224526203
VV,GM1,2023-06-01,-13.878484797710957
VV,GM1,2023-07-01,-16.264690236148837
VV,GM1,2023-08-01,-17.90084624698112
VV,GM1,2023-09-01,-18.239567933984763
VV,GM1,2023-10-01,-17.763780308457594
VV,GM1,2023-11-01,-18.51349405934559
VV,GM1,2023-12-01,-17.453188099392317
VV,GM1,2024-01-01,-17.027065770162803
VV,GM1,2024-02-01,-16.656550911876266
VV,GM1,2024-03-01,-14.616021222564846
VV,GM1,2024-04-01,-13.79218948339642
VV,GM1,2024-05-01,-12.664709886618992
VV,GM1,2024-06-01,-9.812912774940099
VV,GM1,2024-07-01,-8.348678758861983
VV,GM1,2024-08-01,-6.251521564074234
VV,GM1,2024-09-01,-4.068929563134245
VV,GM1,2024-10-01,-3.030307838781339
VV,GM1,2024-11-01,-1.177629652265811
VV,GM1,2024-12-01,2.314260325310049
VV,GM1,2025-01-01,4.073016144636992
VV,GM1,2025-02-01,5.777140076524151
VV,GM1,2025-03-01,8.546879460403238
VV,GM1,2025-04-01,11.434150719194303
VV,GM1,2025-05-01,13.037917607441043
VV,GM1,2025-06-01,17.77299866251149
VV,GM1,2025-07-01,21.204845501502707
VV,GM1,2025-08-01,21.812997208391803
VV,GM1,2025-09-01,20.567910355867504
VV,GM1,2025-10-01,21.46348487898112
VV,GM1,2025-11-01,21.193048122313364
VV,GM1,2025-12-01,18.141567857412582
VV,GM1,2026-01-01,19.171238399392895
VV,GM1,2026-02-01,19.25263769832955
VV,GM1,2026-03-01,16.99914834538952
VV,GM1,2026-04-01,14.313006699318137
VV,GM2,1985-12-01,3.767336156326483
VV,GM2,1986-01-01,4.737644950609422
VV,GM2,1986-02-01,5.878888606066051
VV,GM2,1986-03-01,5.9165771571786605
VV,GM2,1986-04-01,6.839576754418785
VV,GM2,1986-05-01,6.484247085090548
VV,GM2,1986-06-01,6.566858121223584
VV,GM2,1986-07-01,6.343140808764298
VV,GM2,1986-08-01,7.13222719407548
VV,GM2,1986-09-01,7.074420843194752
VV,GM2,1986-10-01,7.818136891524586
VV,GM2,1986-11-01,7.222106330440351
VV,GM2,1986-12-01,5.970442612056943
VV,GM2,1987-01-01,6.791380334266565
VV,GM2,1987-02-01,6.647968322805695
VV,GM2,1987-03-01,7.047616364780229
VV,GM2,1987-04-01,7.279103104673586
VV,GM2,1987-05-01,7.490483135230338
VV,GM2,1987-06-01,8.101367508593633
VV,GM2,1987-07-01,9.371138559721242
VV,GM2,1987-08-01,9.810938714006545
VV,GM2,1987-09-01,9.32386782266996
VV,GM2,1987-10-01,9.273043956547646
VV,GM2,1987-11-01,10.142612818865432
VV,GM2,1987-12-01,10.288636484075534
VV,GM2,1988-01-01,12.0569347898047
VV,GM2,1988-02-01,13.860318330290882
VV,GM2,1988-03-01,14.556698318019341
VV,GM2,1988-04-01,14.911425462459194
VV,GM2,1988-05-01,15.04670669065216
VV,GM2,1988-06-01,14.113575681117092
VV,GM2,1988-07-01,13.235822471939295
VV,GM2,1988-08-01,11.619210977701544
VV,GM2,1988-09-01,11.369435660938786
VV,GM2,1988-10-01,10.441650832001544
VV,GM2,1988-11-01,9.24189208618317
VV,GM2,1988-12-01,6.048241785522659
VV,GM2,1989-01-01,2.1859602273398635
VV,GM2,1989-02-01,-0.5069856095279133
VV,GM2,1989-03-01,-1.750799211317215
VV,GM2,1989-04-01,-4.372199432595101
VV,GM2,1989-05-01,-6.407894290655483
VV,GM2,1989-06-01,-7.256791292001893
VV,GM2,1989-07-01,-8.2555410292285
VV,GM2,1989-08-01,-7.875649260841503
VV,GM2,1989-09-01,-7.8604730822660756
VV,GM2,1989-10-01,-9.005142540278168
VV,GM2,1989-11-01,-9.130119240560592
VV,GM2,1989-12-01,-7.549641868701552
VV,GM2,1990-01-01,-9.582066195657621
VV,GM2,1990-02-01,-10.309604167073099
VV,GM2,1990-03-01,-10.755508101409855
VV,GM2,1990-04-01,-10.324558554419209
VV,GM2,1990-05-01,-8.92914653784219
VV,GM2,1990-06-01,-7.098359718808939
VV,GM2,1990-07-01,-7.372978108150901
VV,GM2,1990-08-01,-7.951758995145874
VV,GM2,1990-09-01,-7.090279728367728
VV,GM2,1990-10-01,-6.343078001869908
VV,GM2,1990-11-01,-5.678803904772546
VV,GM2,1990-12-01,-3.4914969042523647
VV,GM2,1991-01-01,-2.2435555858693936
VV,GM2,1991-02-01,-0.4737419085404051
VV,GM2,1991-03-01,0.09300457163316901
VV,GM2,1991-04-01,1.4637809187279152
VV,GM2,1991-05-01,2.1567500663071346
VV,GM2,1991-06-01,2.183064551566551
VV,GM2,1991-07-01,2.6616824784190944
VV,GM2,1991-08-01,3.492080750969519
VV,GM2,1991-09-01,2.5234853974845173
VV,GM2,1991-10-01,2.972988631248691
VV,GM2,1991-11-01,3.0579563901197737
VV,GM2,1991-12-01,2.6372919514352335
VV,GM2,1992-01-01,3.3629862201290774
VV,GM2,1992-02-01,3.923368432095042
VV,GM2,1992-03-01,3.429246970344713
VV,GM2,1992-04-01,3.1264964259905796
VV,GM2,1992-05-01,2.1921341070277243
VV,GM2,1992-06-01,1.484488556709011
VV,GM2,1992-07-01,0.5065287880115678
VV,GM2,1992-08-01,0.6680208023253777
VV,GM2,1992-09-01,2.0333647003725015
VV,GM2,1992-10-01,3.0256472400869048
VV,GM2,1992-11-01,4.403575989782886
VV,GM2,1992-12-01,5.331601624507803
VV,GM2,1993-01-01,8.660434034223227
VV,GM2,1993-02-01,10.135893909378824
VV,GM2,1993-03-01,13.42162424344672
VV,GM2,1993-04-01,14.365797649601513
VV,GM2,1993-05-01,16.095526432790635
VV,GM2,1993-06-01,17.093520911903045
VV,GM2,1993-07-01,19.434465680803573
VV,GM2,1993-08-01,19.97416964541968
VV,GM2,1993-09-01,18.84084456760111
VV,GM2,1993-10-01,19.993782792618326
VV,GM2,1993-11-01,18.534194516481545
VV,GM2,1993-12-01,16.966641353448207
VV,GM2,1994-01-01,17.43205466687374
VV,GM2,1994-02-01,16.524223052188592
VV,GM2,1994-03-01,13.14122944997899
VV,GM2,1994-04-01,12.406617256245202
VV,GM2,1994-05-01,11.43239586106785
VV,GM2,1994-06-01,10.341657951210333
VV,GM2,1994-07-01,9.295356154682903
VV,GM2,1994-08-01,8.177386324507513
VV,GM2,1994-09-01,8.093397181204693
VV,GM2,1994-10-01,6.159415216143171
VV,GM2,1994-11-01,6.4929927278481445
VV,GM2,1994-12-01,4.8325022589605435
VV,GM2,1995-01-01,2.638713474267502
VV,GM2,1995-02-01,1.4531606407802626
VV,GM2,1995-03-01,1.2298853596970971
VV,GM2,1995-04-01,1.7613391957076387
VV,GM2,1995-05-01,2.7261539267221346
VV,GM2,1995-06-01,3.389569244291683
VV,GM2,1995-07-01,5.165002888928225
VV,GM2,1995-08-01,6.66496904066261
VV,GM2,1995-09-01,6.5441648414909315
VV,GM2,1995-10-01,8.594239508241051
VV,GM2,1995-11-01,9.435900417672084
VV,GM2,1995-12-01,9.258100558659217
VV,GM2,1996-01-01,13.315659437119692
VV,GM2,1996-02-01,14.920435970823291
VV,GM2,1996-03-01,16.322833265151072
VV,GM2,1996-04-01,16.420838644100613
VV,GM2,1996-05-01,13.460208825206866
VV,GM2,1996-06-01,12.238573028254573
VV,GM2,1996-07-01,11.172368237192108
VV,GM2,1996-08-01,9.884780177667206
VV,GM2,1996-09-01,11.068085978499164
VV,GM2,1996-10-01,9.69726601052539
VV,GM2,1996-11-01,8.311490507225843
VV,GM2,1996-12-01,7.51319937706537
VV,GM2,1997-01-01,7.209701628308924
VV,GM2,1997-02-01,6.782572030920591
VV,GM2,1997-03-01,4.545708288674526
VV,GM2,1997-04-01,5.036946290681109
VV,GM2,1997-05-01,7.856589234363767
VV,GM2,1997-06-01,7.738354313750982
VV,GM2,1997-07-01,8.07538050185109
VV,GM2,1997-08-01,8.425572300866742
VV,GM2,1997-09-01,6.43178062889143
VV,GM2,1997-10-01,5.561522788678744
VV,GM2,1997-11-01,4.888510990837789
VV,GM2,1997-12-01,6.068511950864892
VV,GM2,1998-01-01,4.91013899421432
VV,GM2,1998-02-01,6.257255599809413
VV,GM2,1998-03-01,6.534101527667278
VV,GM2,1998-04-01,4.639190219728895
VV,GM2,1998-05-01,2.3149245065391213
VV,GM2,1998-06-01,1.6109569204778569
VV,GM2,1998-07-01,1.8414994198232775
VV,GM2,1998-08-01,2.214400590577131
VV,GM2,1998-09-01,1.8776826852858817
VV,GM2,1998-10-01,3.6100723273244135
VV,GM2,1998-11-01,3.501610891706506
VV,GM2,1998-12-01,0.6994709130273254
VV,GM2,1999-01-01,1.4297773823725661
VV,GM2,1999-02-01,0.860896471934775
VV,GM2,1999-03-01,1.361795545219431
VV,GM2,1999-04-01,3.581155370850439
VV,GM2,1999-05-01,4.734021437078206
VV,GM2,1999-06-01,5.078702855092256
VV,GM2,1999-07-01,5.563197508434985
VV,GM2,1999-08-01,4.712540206196204
VV,GM2,1999-09-01,4.447051543201918
VV,GM2,1999-10-01,2.6659883367756043
VV,GM2,1999-11-01,2.5484678316183724
VV,GM2,1999-12-01,2.0889256408625405
VV,GM2,2000-01-01,1.009934888727751
VV,GM2,2000-02-01,-1.547440091962154
VV,GM2,2000-03-01,-2.3917956021025253
VV,GM2,2000-04-01,-4.372499993913558
VV,GM2,2000-05-01,-4.950348302949459
VV,GM2,2000-06-01,-5.834428706558726
VV,GM2,2000-07-01,-7.1879725128154695
VV,GM2,2000-08-01,-6.970408341729091
VV,GM2,2000-09-01,-7.629166800386099
VV,GM2,2000-10-01,-7.666516279975642
VV,GM2,2000-11-01,-6.768027142608853
VV,GM2,2000-12-01,-5.685196954403279
VV,GM2,2001-01-01,-6.032079651475457
VV,GM2,2001-02-01,-5.753896972237191
VV,GM2,2001-03-01,-5.838770795760806
VV,GM2,2001-04-01,-4.632003442051585
VV,GM2,2001-05-01,-3.3638127471606087
VV,GM2,2001-06-01,-2.636797228049302
VV,GM2,2001-07-01,-2.1737805927962723
VV,GM2,2001-08-01,-2.074871181109034
VV,GM2,2001-09-01,-0.16008637715709043
VV,GM2,2001-10-01,1.0672213262701455
VV,GM2,2001-11-01,1.9201230895261001
VV,GM2,2001-12-01,4.624178170517726
VV,GM2,2002-01-01,3.0904613639824214
VV,GM2,2002-02-01,5.029899857317193
VV,GM2,2002-03-01,7.579201648459546
VV,GM2,2002-04-01,6.796406785995542
VV,GM2,2002-05-01,6.047868710221832
VV,GM2,2002-06-01,8.540258654418189
VV,GM2,2002-07-01,10.450238699352546
VV,GM2,2002-08-01,11.608432073461573
VV,GM2,2002-09-01,11.485006986567587
VV,GM2,2002-10-01,11.168997228687443
VV,GM2,2002-11-01,10.829421857208365
VV,GM2,2002-12-01,10.555587828946537
VV,GM2,2003-01-01,11.89932923506313
VV,GM2,2003-02-01,12.136999006961352
VV,GM2,2003-03-01,17.666209904079857
VV,GM2,2003-04-01,20.258265134206884
VV,GM2,2003-05-01,20.406488449651658
VV,GM2,2003-06-01,19.0896499280302
VV,GM2,2003-07-01,18.625838165169103
VV,GM2,2003-08-01,18.985262515232932
VV,GM2,2003-09-01,18.69578057957304
VV,GM2,2003-10-01,19.58374326874177
VV,GM2,2003-11-01,18.522306496114698
VV,GM2,2003-12-01,15.106861770786928
VV,GM2,2004-01-01,16.61216213448396
VV,GM2,2004-02-01,16.149753774299477
VV,GM2,2004-03-01,8.48807606159391
VV,GM2,2004-04-01,6.981737608553766
VV,GM2,2004-05-01,6.6713486055694355
VV,GM2,2004-06-01,4.981859645485644
VV,GM2,2004-07-01,3.2218196698611368
VV,GM2,2004-08-01,1.6409431503502199
VV,GM2,2004-09-01,-0.17841862836127953
VV,GM2,2004-10-01,-1.9753341573828611
VV,GM2,2004-11-01,-2.3267489841065627
VV,GM2,2004-12-01,-2.0639488726579867
VV,GM2,2005-01-01,-2.2240046525334254
VV,GM2,2005-02-01,-2.9343808657623316
VV,GM2,2005-03-01,-2.736685810996106
VV,GM2,2005-04-01,-4.0986075032009746
VV,GM2,2005-05-01,-4.0022605936194555
VV,GM2,2005-06-01,-1.4218571033611123
VV,GM2,2005-07-01,-0.05065612698870348
VV,GM2,2005-08-01,0.06290328719757843
VV,GM2,2005-09-01,1.836011356520576
VV,GM2,2005-10-01,2.2125992872000095
VV,GM2,2005-11-01,2.4454251935618596
VV,GM2,2005-12-01,2.6815769261168003
VV,GM2,2006-01-01,0.8379024097179115
VV,GM2,2006-02-01,0.3225639246739473
VV,GM2,2006-03-01,0.051959874087933025
VV,GM2,2006-04-01,0.8300377639832088
VV,GM2,2006-05-01,-0.19785515303428478
VV,GM2,2006-06-01,-1.9856564766216596
VV,GM2,2006-07-01,-2.266858709957872
VV,GM2,2006-08-01,-2.198229004210269
VV,GM2,2006-09-01,-3.2858328308667697
VV,GM2,2006-10-01,-3.4255622991788646
VV,GM2,2006-11-01,-4.625537277714514
VV,GM2,2006-12-01,-4.996911222820241
VV,GM2,2007-01-01,-4.546813113728719
VV,GM2,2007-02-01,-4.497599478562231
VV,GM2,2007-03-01,-5.8029972121297515
VV,GM2,2007-04-01,-5.694319143079313
VV,GM2,2007-05-01,-5.509169448819536
VV,GM2,2007-06-01,-6.068453281228284
VV,GM2,2007-07-01,-7.173529393679145
VV,GM2,2007-08-01,-8.142464990696256
VV,GM2,2007-09-01,-7.525992317014706
VV,GM2,2007-10-01,-7.434243359642151
VV,GM2,2007-11-01,-5.910059575307587
VV,GM2,2007-12-01,-4.9179919186463215
VV,GM2,2008-01-01,-6.124336429993364
VV,GM2,2008-02-01,-6.359669656735145
VV,GM2,2008-03-01,-3.7611706833402425
VV,GM2,2008-04-01,-3.3582685805232355
VV,GM2,2008-05-01,-3.7248066588722395
VV,GM2,2008-06-01,-4.003028872202047
VV,GM2,2008-07-01,-3.843189902821725
VV,GM2,2008-08-01,-2.3555052413891464
VV,GM2,2008-09-01,-2.2986792217732606
VV,GM2,2008-10-01,1.0288189105657506
VV,GM2,2008-11-01,6.6713697876169595
VV,GM2,2008-12-01,15.538081025690326
VV,GM2,2009-01-01,22.38516829907269
VV,GM2,2009-02-01,27.589677952656174
VV,GM2,2009-03-01,30.600512917300414
VV,GM2,2009-04-01,32.968537458084114
VV,GM2,2009-05-01,35.26946267898445
VV,GM2,2009-06-01,37.31538147694818
VV,GM2,2009-07-01,41.22266771380151
VV,GM2,2009-08-01,41.54224654582966
VV,GM2,2009-09-01,42.011518989936256
VV,GM2,2009-10-01,38.94933106107856
VV,GM2,2009-11-01,31.36382901614875
VV,GM2,2009-12-01,21.5059843380352
VV,GM2,2010-01-01,17.026053840392027
VV,GM2,2010-02-01,13.050081158087595
VV,GM2,2010-03-01,10.84703806154249
VV,GM2,2010-04-01,9.650687747874414
VV,GM2,2010-05-01,11.017436353602992
VV,GM2,2010-06-01,11.711466339170165
VV,GM2,2010-07-01,10.582970724632025
VV,GM2,2010-08-01,10.216062819458553
VV,GM2,2010-09-01,9.89826387886602
VV,GM2,2010-10-01,9.203212249665325
VV,GM2,2010-11-01,8.947795821857703
VV,GM2,2010-12-01,8.945091203386665
VV,GM2,2011-01-01,8.287462386852093
VV,GM2,2011-02-01,8.813470544737491
VV,GM2,2011-03-01,8.295205827181551
VV,GM2,2011-04-01,8.033762062739855
VV,GM2,2011-05-01,6.590567818288651
VV,GM2,2011-06-01,5.419670575996998
VV,GM2,2011-07-01,5.727628839299368
VV,GM2,2011-08-01,8.871931639136331
VV,GM2,2011-09-01,9.559067090619104
VV,GM2,2011-10-01,9.824845281445931
VV,GM2,2011-11-01,8.890332253671042
VV,GM2,2011-12-01,9.679225821935617
VV,GM2,2012-01-01,9.809275171589677
VV,GM2,2012-02-01,9.322554613282744
VV,GM2,2012-03-01,9.18587886049667
VV,GM2,2012-04-01,8.708066466609933
VV,GM2,2012-05-01,9.032038030806067
VV,GM2,2012-06-01,11.533075893389027
VV,GM2,2012-07-01,12.629481074345223
VV,GM2,2012-08-01,10.304047471556437
VV,GM2,2012-09-01,9.953849534832614
VV,GM2,2012-10-01,9.632255556360905
VV,GM2,2012-11-01,10.159947236068668
VV,GM2,2012-12-01,10.294653975002214
VV,GM2,2013-01-01,9.796195246847207
VV,GM2,2013-02-01,10.086404948081919
VV,GM2,2013-03-01,10.475535723551081
VV,GM2,2013-04-01,10.875907709738888
VV,GM2,2013-05-01,10.186684166445366
VV,GM2,2013-06-01,7.212246580438247
VV,GM2,2013-07-01,6.478990112776338
VV,GM2,2013-08-01,6.104461702451652
VV,GM2,2013-09-01,5.054515898098091
VV,GM2,2013-10-01,4.747531572076653
VV,GM2,2013-11-01,4.7630406365987
VV,GM2,2013-12-01,3.10279468814398
VV,GM2,2014-01-01,4.114659011706891
VV,GM2,2014-02-01,4.08710883781555
VV,GM2,2014-03-01,4.2840134416997975
VV,GM2,2014-04-01,3.42483490119619
VV,GM2,2014-05-01,3.5690325421332854
VV,GM2,2014-06-01,4.089062893782125
VV,GM2,2014-07-01,3.3939385505310207
VV,GM2,2014-08-01,2.833229045276325
VV,GM2,2014-09-01,2.794874928799238
VV,GM2,2014-10-01,2.9117478634979763
VV,GM2,2014-11-01,3.0421497463547027
VV,GM2,2014-12-01,2.55881904888444
VV,GM2,2015-01-01,1.7398487078213767
VV,GM2,2015-02-01,1.4719610852548468
VV,GM2,2015-03-01,1.583941704459987
VV,GM2,2015-04-01,0.7999829336974145
VV,GM2,2015-05-01,0.7783298297116812
VV,GM2,2015-06-01,1.2104879677563574
VV,GM2,2015-07-01,1.1401261597545
VV,GM2,2015-08-01,0.916752078350985
VV,GM2,2015-09-01,0.9638756933500092
VV,GM2,2015-10-01,0.9998059711811449
VV,GM2,2015-11-01,0.7430003292402946
VV,GM2,2015-12-01,1.4123312623757678
VV,GM2,2016-01-01,1.566676889619985
VV,GM2,2016-02-01,1.7580165510174532
VV,GM2,2016-03-01,2.1651858945371036
VV,GM2,2016-04-01,2.662154741364427
VV,GM2,2016-05-01,2.589715295616978
VV,GM2,2016-06-01,2.764543170534683
VV,GM2,2016-07-01,3.1522634748866905
VV,GM2,2016-08-01,3.27103475820165
VV,GM2,2016-09-01,3.4959526629322584
VV,GM2,2016-10-01,3.4037361715282533
VV,GM2,2016-11-01,3.1159009430392866
VV,GM2,2016-12-01,3.869301631527072
VV,GM2,2017-01-01,3.8001675591810025
VV,GM2,2017-02-01,3.829188256747379
VV,GM2,2017-03-01,3.296169205449967
VV,GM2,2017-04-01,3.613553238744061
VV,GM2,2017-05-01,4.3762620086958215
VV,GM2,2017-06-01,4.329654909569676
VV,GM2,2017-07-01,4.203371900257806
VV,GM2,2017-08-01,4.449889066130727
VV,GM2,2017-09-01,4.494694412091481
VV,GM2,2017-10-01,4.4585075952759485
VV,GM2,2017-11-01,4.593028882713233
VV,GM2,2017-12-01,3.9720944040374055
VV,GM2,2018-01-01,4.230365628160265
VV,GM2,2018-02-01,4.137474462311748
VV,GM2,2018-03-01,3.8632568397836478
VV,GM2,2018-04-01,3.652769604198648
VV,GM2,2018-05-01,3.0342206426945233
VV,GM2,2018-06-01,2.647648541053497
VV,GM2,2018-07-01,2.6720494895053526
VV,GM2,2018-08-01,2.628064690823159
VV,GM2,2018-09-01,2.590411696300527
VV,GM2,2018-10-01,2.762473858407116
VV,GM2,2018-11-01,2.9306401935253605
VV,GM2,2018-12-01,3.5171785071850743
VV,GM2,2019-01-01,3.140290036871158
VV,GM2,2019-02-01,3.320760523401421
VV,GM2,2019-03-01,3.5842634594421874
VV,GM2,2019-04-01,3.6520426687895324
VV,GM2,2019-05-01,3.7032453203814333
VV,GM2,2019-06-01,3.7801642732063203
VV,GM2,2019-07-01,3.409318146419402
VV,GM2,2019-08-01,2.9977043750793273
VV,GM2,2019-09-01,2.646667708070479
VV,GM2,2019-10-01,1.7040797650971997
VV,GM2,2019-11-01,0.8207393767201643
VV,GM2,2019-12-01,0.11742280583370684
VV,GM2,2020-01-01,-0.5287006833847471
VV,GM2,2020-02-01,-0.7293391466222505
VV,GM2,2020-03-01,0.2580097229543724
VV,GM2,2020-04-01,0.9458999792399078
VV,GM2,2020-05-01,1.3594531526680154
VV,GM2,2020-06-01,2.076040967468214
VV,GM2,2020-07-01,2.3639492635676618
VV,GM2,2020-08-01,2.7008695955924447
VV,GM2,2020-09-01,3.2393474479627504
VV,GM2,2020-10-01,4.429800368514324
VV,GM2,2020-11-01,5.207110564137939
VV,GM2,2020-12-01,6.038312472265324
VV,GM2,2021-01-01,6.833667691504137
VV,GM2,2021-02-01,6.796248739150775
VV,GM2,2021-03-01,6.068218530646344
VV,GM2,2021-04-01,5.271639220169313
VV,GM2,2021-05-01,4.485060010759626
VV,GM2,2021-06-01,3.8507973502146915
VV,GM2,2021-07-01,3.5210411900399654
VV,GM2,2021-08-01,3.028072737991873
VV,GM2,2021-09-01,3.2821847340376777
VV,GM2,2021-10-01,2.6021326530421116
VV,GM2,2021-11-01,1.962731021842065
VV,GM2,2021-12-01,1.5459832828552764
VV,GM2,2022-01-01,1.2419754938317902
VV,GM2,2022-02-01,0.8749928377751449
VV,GM2,2022-03-01,0.7281439764262011
VV,GM2,2022-04-01,0.33118990820050426
VV,GM2,2022-05-01,0.28401308659009306
VV,GM2,2022-06-01,0.1162543848121228
VV,GM2,2022-07-01,0.1426867100534525
VV,GM2,2022-08-01,0.308579990994783
VV,GM2,2022-09-01,-0.4454613988347923
VV,GM2,2022-10-01,-1.7098971031332748
VV,GM2,2022-11-01,-1.351775970010468
VV,GM2,2022-12-01,-3.08053039364668
VV,GM2,2023-01-01,-4.632124428152546
VV,GM2,2023-02-01,-5.30299560068674
VV,GM2,2023-03-01,-7.38063406049703
VV,GM2,2023-04-01,-7.992983046323229
VV,GM2,2023-05-01,-9.489867979049862
VV,GM2,2023-06-01,-10.506464132418332
VV,GM2,2023-07-01,-11.937380557974539
VV,GM2,2023-08-01,-13.159097640979883
VV,GM2,2023-09-01,-13.406086449081243
VV,GM2,2023-10-01,-13.056749904813202
VV,GM2,2023-11-01,-13.449841340095167
VV,GM2,2023-12-01,-12.493718444908522
VV,GM2,2024-01-01,-12.18943570730547
VV,GM2,2024-02-01,-11.99438881633048
VV,GM2,2024-03-01,-10.167265084508276
VV,GM2,2024-04-01,-9.046831299025818
VV,GM2,2024-05-01,-7.856686480479407
VV,GM2,2024-06-01,-5.575015462505859
VV,GM2,2024-07-01,-4.222860910019195
VV,GM2,2024-08-01,-2.3815038151223704
VV,GM2,2024-09-01,-0.7221875543895844
VV,GM2,2024-10-01,0.2870018189955257
VV,GM2,2024-11-01,1.8128287724651155
VV,GM2,2024-12-01,4.653653417459389
VV,GM2,2025-01-01,5.94625587706892
VV,GM2,2025-02-01,7.181175591148438
VV,GM2,2025-03-01,9.14276826417748
VV,GM2,2025-04-01,10.891275138459521
VV,GM2,2025-05-01,11.788450900168149
VV,GM2,2025-06-01,14.83196572617876
VV,GM2,2025-07-01,16.45649740577125
VV,GM2,2025-08-01,16.595922276071356
VV,GM2,2025-09-01,15.766710031631124
VV,GM2,2025-10-01,16.2216508789905
VV,GM2,2025-11-01,15.811540110458225
VV,GM2,2025-12-01,13.45371210194755
VV,GM2,2026-01-01,13.890695725408497
VV,GM2,2026-02-01,13.562633654531561
VV,GM2,2026-03-01,11.866840888289417
VV,GM2,2026-04-01,9.981263520409168
VV,GM3,1985-12-01,5.892211308523884
VV,GM3,1986-01-01,5.906969385333439
VV,GM3,1986-02-01,5.719753768447636
VV,GM3,1986-03-01,4.612738942918867
VV,GM3,1986-04-01,5.736465447873461
VV,GM3,1986-05-01,5.550165252517443
VV,GM3,1986-06-01,6.736653506968952
VV,GM3,1986-07-01,7.419222903885481
VV,GM3,1986-08-01,7.5684153300401675
VV,GM3,1986-09-01,7.121957989121426
VV,GM3,1986-10-01,7.455019746494088
VV,GM3,1986-11-01,7.5067106021787025
VV,GM3,1986-12-01,7.494904853267239
VV,GM3,1987-01-01,7.446387355557714
VV,GM3,1987-02-01,7.5382117462628075
VV,GM3,1987-03-01,9.245501750095984
VV,GM3,1987-04-01,8.702749204061675
VV,GM3,1987-05-01,8.502012429821317
VV,GM3,1987-06-01,8.489657703221681
VV,GM3,1987-07-01,8.803649391526333
VV,GM3,1987-08-01,9.731231274906193
VV,GM3,1987-09-01,10.15243770782053
VV,GM3,1987-10-01,10.563558521465415
VV,GM3,1987-11-01,11.274013617039413
VV,GM3,1987-12-01,10.924331813557144
VV,GM3,1988-01-01,11.09519903229843
VV,GM3,1988-02-01,11.428581345384245
VV,GM3,1988-03-01,10.627350089056007
VV,GM3,1988-04-01,11.287278728887506
VV,GM3,1988-05-01,11.696504516181296
VV,GM3,1988-06-01,10.3725782414307
VV,GM3,1988-07-01,10.446592234627563
VV,GM3,1988-08-01,9.76984453074262
VV,GM3,1988-09-01,8.807694318122419
VV,GM3,1988-10-01,7.529485352437821
VV,GM3,1988-11-01,7.07560117713899
VV,GM3,1988-12-01,5.564720871772878
VV,GM3,1989-01-01,6.344567788443488
VV,GM3,1989-02-01,6.301746210728948
VV,GM3,1989-03-01,6.701005490099315
VV,GM3,1989-04-01,5.510071356502923
VV,GM3,1989-05-01,5.817702714545163
VV,GM3,1989-06-01,6.352274347856429
VV,GM3,1989-07-01,5.166040525656694
VV,GM3,1989-08-01,5.415040403765987
VV,GM3,1989-09-01,5.704145849346657
VV,GM3,1989-10-01,5.790283262420279
VV,GM3,1989-11-01,5.870271559304856
VV,GM3,1989-12-01,6.0077042379239485
VV,GM3,1990-01-01,4.644443790638148
VV,GM3,1990-02-01,3.6525438876663276
VV,GM3,1990-03-01,2.590288657767397
VV,GM3,1990-04-01,2.1723413876831525
VV,GM3,1990-05-01,1.2488113018422322
VV,GM3,1990-06-01,0.8767425007560584
VV,GM3,1990-07-01,0.6318235943933547
VV,GM3,1990-08-01,0.8931332684267796
VV,GM3,1990-09-01,1.7730234566288126
VV,GM3,1990-10-01,1.4559914743578843
VV,GM3,1990-11-01,1.5257783046094329
VV,GM3,1990-12-01,2.367991137866598
VV,GM3,1991-01-01,2.190195571250239
VV,GM3,1991-02-01,2.2901389179439917
VV,GM3,1991-03-01,2.5677149225008242
VV,GM3,1991-04-01,2.9806187892029037
VV,GM3,1991-05-01,3.340892296063134
VV,GM3,1991-06-01,3.161705437318815
VV,GM3,1991-07-01,3.5932104802447555
VV,GM3,1991-08-01,2.9817874263138626
VV,GM3,1991-09-01,1.789023600598388
VV,GM3,1991-10-01,2.567920548672319
VV,GM3,1991-11-01,2.183691920284429
VV,GM3,1991-12-01,2.351745226689548
VV,GM3,1992-01-01,1.7308358966175654
VV,GM3,1992-02-01,2.218690839747399
VV,GM3,1992-03-01,1.7847920443931653
VV,GM3,1992-04-01,2.659198791123959
VV,GM3,1992-05-01,2.546732861887983
VV,GM3,1992-06-01,2.527456861336682
VV,GM3,1992-07-01,1.9847571968435451
VV,GM3,1992-08-01,1.9969959624633107
VV,GM3,1992-09-01,2.091821905863901
VV,GM3,1992-10-01,1.3907236066207813
VV,GM3,1992-11-01,2.4817074494647935
VV,GM3,1992-12-01,1.7519830622058112
VV,GM3,1993-01-01,2.9919649932252805
VV,GM3,1993-02-01,3.1225075230558343
VV,GM3,1993-03-01,4.281584920529962
VV,GM3,1993-04-01,3.4532228302027668
VV,GM3,1993-05-01,2.737396266388447
VV,GM3,1993-06-01,2.88095664660283
VV,GM3,1993-07-01,3.8917226675302943
VV,GM3,1993-08-01,4.145737129516794
VV,GM3,1993-09-01,4.057367693072099
VV,GM3,1993-10-01,5.515335000658155
VV,GM3,1993-11-01,5.14645127118644
VV,GM3,1993-12-01,4.984925572474016
VV,GM3,1994-01-01,6.071109710624442
VV,GM3,1994-02-01,6.8304091114070875
VV,GM3,1994-03-01,5.597842544017434
VV,GM3,1994-04-01,5.941819044133188
VV,GM3,1994-05-01,6.2602491664658935
VV,GM3,1994-06-01,6.00680447150985
VV,GM3,1994-07-01,4.834394077152877
VV,GM3,1994-08-01,4.2827046913349625
VV,GM3,1994-09-01,4.4602805065016184
VV,GM3,1994-10-01,3.6534074707727404
VV,GM3,1994-11-01,3.6782836691156655
VV,GM3,1994-12-01,3.7272529598332445
VV,GM3,1995-01-01,2.585780066346487
VV,GM3,1995-02-01,1.426138260067147
VV,GM3,1995-03-01,1.082816597632411
VV,GM3,1995-04-01,0.7347681587488504
VV,GM3,1995-05-01,1.783154384014511
VV,GM3,1995-06-01,1.57113505190532
VV,GM3,1995-07-01,2.3818019625334523
VV,GM3,1995-08-01,3.060399411853979
VV,GM3,1995-09-01,2.8347783545783165
VV,GM3,1995-10-01,3.164560071131372
VV,GM3,1995-11-01,2.9275793964099437
VV,GM3,1995-12-01,2.8870897788058407
VV,GM3,1996-01-01,4.9277845481858655
VV,GM3,1996-02-01,5.792269070231686
VV,GM3,1996-03-01,7.295818906572784
VV,GM3,1996-04-01,7.759266147224624
VV,GM3,1996-05-01,6.7877725241085924
VV,GM3,1996-06-01,7.219757353970637
VV,GM3,1996-07-01,7.383849825254374
VV,GM3,1996-08-01,6.884381593368127
VV,GM3,1996-09-01,7.337408336456861
VV,GM3,1996-10-01,7.095410196705855
VV,GM3,1996-11-01,7.738005324672873
VV,GM3,1996-12-01,6.707696919452368
VV,GM3,1997-01-01,7.152631639470568
VV,GM3,1997-02-01,7.7676098377678615
VV,GM3,1997-03-01,5.626663774128962
VV,GM3,1997-04-01,5.763403263403263
VV,GM3,1997-05-01,6.2997954349698535
VV,GM3,1997-06-01,5.304215680756458
VV,GM3,1997-07-01,5.0218626036783265
VV,GM3,1997-08-01,4.597298762309151
VV,GM3,1997-09-01,3.8199465453715185
VV,GM3,1997-10-01,3.884887288248633
VV,GM3,1997-11-01,2.7464932208476736
VV,GM3,1997-12-01,3.3598598906163586
VV,GM3,1998-01-01,1.6207166697073438
VV,GM3,1998-02-01,1.0870718672931867
VV,GM3,1998-03-01,2.305008161876868
VV,GM3,1998-04-01,1.548082750903843
VV,GM3,1998-05-01,0.27325863560591673
VV,GM3,1998-06-01,0.8145638021529285
VV,GM3,1998-07-01,1.1855069415680712
VV,GM3,1998-08-01,1.590749597832072
VV,GM3,1998-09-01,0.6297986843438644
VV,GM3,1998-10-01,0.6631785060828813
VV,GM3,1998-11-01,1.9942005500948807
VV,GM3,1998-12-01,0.42275980830358867
VV,GM3,1999-01-01,0.8509766483052279
VV,GM3,1999-02-01,1.5080958059693972
VV,GM3,1999-03-01,0.753882862705488
VV,GM3,1999-04-01,1.0979195665920252
VV,GM3,1999-05-01,1.9627318736124408
VV,GM3,1999-06-01,1.4753629027982482
VV,GM3,1999-07-01,1.452008017222181
VV,GM3,1999-08-01,1.3787987638209325
VV,GM3,1999-09-01,1.956633527596846
VV,GM3,1999-10-01,1.2106872111464007
VV,GM3,1999-11-01,0.4045045289874008
VV,GM3,1999-12-01,1.448374437565547
VV,GM3,2000-01-01,0.514361707697624
VV,GM3,2000-02-01,-1.1543417604487476
VV,GM3,2000-03-01,-1.3252496907404794
VV,GM3,2000-04-01,-1.736850796796301
VV,GM3,2000-05-01,-1.3852542246951698
VV,GM3,2000-06-01,-2.442205048254762
VV,GM3,2000-07-01,-2.283147025804307
VV,GM3,2000-08-01,-1.8089225924535977
VV,GM3,2000-09-01,-2.2933601203735616
VV,GM3,2000-10-01,-1.766476436128539
VV,GM3,2000-11-01,-1.3143923147712462
VV,GM3,2000-12-01,-1.0379454515896405
VV,GM3,2001-01-01,0.19669084324948274
VV,GM3,2001-02-01,1.012349915672382
VV,GM3,2001-03-01,1.21242461785697
VV,GM3,2001-04-01,2.404910656140631
VV,GM3,2001-05-01,2.7190155288602402
VV,GM3,2001-06-01,4.088334590074034
VV,GM3,2001-07-01,3.2883335829357523
VV,GM3,2001-08-01,3.0097727937549776
VV,GM3,2001-09-01,3.920944467983972
VV,GM3,2001-10-01,5.1069216278686875
VV,GM3,2001-11-01,5.5930039980168145
VV,GM3,2001-12-01,5.692123652630293
VV,GM3,2002-01-01,3.710034623662622
VV,GM3,2002-02-01,3.7364107918199596
VV,GM3,2002-03-01,4.4266638956720525
VV,GM3,2002-04-01,3.481621583920373
VV,GM3,2002-05-01,2.6877908445596277
VV,GM3,2002-06-01,3.9137602104132325
VV,GM3,2002-07-01,5.195327064087162
VV,GM3,2002-08-01,5.20399554760518
VV,GM3,2002-09-01,5.552301575639166
VV,GM3,2002-10-01,4.286327490067397
VV,GM3,2002-11-01,3.8206175885872984
VV,GM3,2002-12-01,4.795343545067063
VV,GM3,2003-01-01,6.246917144885168
VV,GM3,2003-02-01,7.125384156094678
VV,GM3,2003-03-01,8.319219861684662
VV,GM3,2003-04-01,9.797679037994156
VV,GM3,2003-05-01,9.528694216712566
VV,GM3,2003-06-01,9.122669423549963
VV,GM3,2003-07-01,8.250075807995085
VV,GM3,2003-08-01,9.222666847932096
VV,GM3,2003-09-01,9.887332449666271
VV,GM3,2003-10-01,10.111717349448826
VV,GM3,2003-11-01,8.578626180436745
VV,GM3,2003-12-01,7.470726707814705
VV,GM3,2004-01-01,7.991039497547563
VV,GM3,2004-02-01,7.063593404852225
VV,GM3,2004-03-01,4.837610260951685
VV,GM3,2004-04-01,3.6293715131709607
VV,GM3,2004-05-01,4.081669622429256
VV,GM3,2004-06-01,3.72300264982395
VV,GM3,2004-07-01,3.049688864797612
VV,GM3,2004-08-01,2.93531907524461
VV,GM3,2004-09-01,1.5586496580249491
VV,GM3,2004-10-01,1.3157498463157409
VV,GM3,2004-11-01,2.6526383702031042
VV,GM3,2004-12-01,2.5235538177089323
VV,GM3,2005-01-01,2.9857188793199865
VV,GM3,2005-02-01,2.3872286488331116
VV,GM3,2005-03-01,2.7200858033637862
VV,GM3,2005-04-01,2.7881150996912742
VV,GM3,2005-05-01,3.141180831974325
VV,GM3,2005-06-01,4.863051690921848
VV,GM3,2005-07-01,6.896052615321071
VV,GM3,2005-08-01,5.498717193808883
VV,GM3,2005-09-01,6.0231289839692455
VV,GM3,2005-10-01,5.761711919649726
VV,GM3,2005-11-01,5.823961986259387
VV,GM3,2005-12-01,4.868860210748665
VV,GM3,2006-01-01,3.1406274127834464
VV,GM3,2006-02-01,3.4389406505129587
VV,GM3,2006-03-01,4.0624232249611
VV,GM3,2006-04-01,4.26204500190686
VV,GM3,2006-05-01,3.1865867713787677
VV,GM3,2006-06-01,1.4318729819701812
VV,GM3,2006-07-01,1.358663793459325
VV,GM3,2006-08-01,2.134714061936774
VV,GM3,2006-09-01,1.9002812223976986
VV,GM3,2006-10-01,2.6365345285667283
VV,GM3,2006-11-01,1.3942165710267276
VV,GM3,2006-12-01,2.931026822079711
VV,GM3,2007-01-01,3.7476740532100945
VV,GM3,2007-02-01,3.7092993052564434
VV,GM3,2007-03-01,2.6646926987780746
VV,GM3,2007-04-01,2.408148003641566
VV,GM3,2007-05-01,2.79447189092925
VV,GM3,2007-06-01,2.986348965067959
VV,GM3,2007-07-01,1.546048290793926
VV,GM3,2007-08-01,1.1145771665376383
VV,GM3,2007-09-01,1.916234078815555
VV,GM3,2007-10-01,1.3879000119202183
VV,GM3,2007-11-01,2.3817493088566124
VV,GM3,2007-12-01,2.4555462827067767
VV,GM3,2008-01-01,1.6896713585243166
VV,GM3,2008-02-01,1.7425833604134138
VV,GM3,2008-03-01,3.052258732146051
VV,GM3,2008-04-01,4.421422595736372
VV,GM3,2008-05-01,3.6025587792185894
VV,GM3,2008-06-01,2.6460858216763388
VV,GM3,2008-07-01,2.1249356262423533
VV,GM3,2008-08-01,2.962176595008887
VV,GM3,2008-09-01,1.9384477418551844
VV,GM3,2008-10-01,2.805484501358415
VV,GM3,2008-11-01,2.08586449975245
VV,GM3,2008-12-01,2.3728194669192515
VV,GM3,2009-01-01,3.578473951697541
VV,GM3,2009-02-01,4.24032232432483
VV,GM3,2009-03-01,3.8550762817582385
VV,GM3,2009-04-01,3.209407329142501
VV,GM3,2009-05-01,4.105794301824559
VV,GM3,2009-06-01,5.820406359324228
VV,GM3,2009-07-01,7.3917851947505175
VV,GM3,2009-08-01,7.3209596310697505
VV,GM3,2009-09-01,7.552967511172682
VV,GM3,2009-10-01,7.3701682048872765
VV,GM3,2009-11-01,8.225482135653866
VV,GM3,2009-12-01,6.922522319285052
VV,GM3,2010-01-01,6.36752895973791
VV,GM3,2010-02-01,6.260481216762773
VV,GM3,2010-03-01,6.398560391057951
VV,GM3,2010-04-01,6.040394994225919
VV,GM3,2010-05-01,7.96148468060251
VV,GM3,2010-06-01,7.734876504628779
VV,GM3,2010-07-01,7.160358742033115
VV,GM3,2010-08-01,7.093178298184529
VV,GM3,2010-09-01,7.263573992193117
VV,GM3,2010-10-01,6.847995992849309
VV,GM3,2010-11-01,6.619568634759315
VV,GM3,2010-12-01,7.540251645848243
VV,GM3,2011-01-01,7.295209705431492
VV,GM3,2011-02-01,7.687427912341407
VV,GM3,2011-03-01,7.138489672736248
VV,GM3,2011-04-01,7.1795683868960305
VV,GM3,2011-05-01,6.344645735989289
VV,GM3,2011-06-01,5.463696164656195
VV,GM3,2011-07-01,6.300371300644316
VV,GM3,2011-08-01,8.062518944207863
VV,GM3,2011-09-01,8.027620343748177
VV,GM3,2011-10-01,8.213542403362363
VV,GM3,2011-11-01,7.350739597204394
VV,GM3,2011-12-01,7.582646874014057
VV,GM3,2012-01-01,7.639397333354441
VV,GM3,2012-02-01,6.821117747941791
VV,GM3,2012-03-01,6.949523931693295
VV,GM3,2012-04-01,6.690211122487331
VV,GM3,2012-05-01,6.606678751610719
VV,GM3,2012-06-01,8.853401535321321
VV,GM3,2012-07-01,9.539959471641707
VV,GM3,2012-08-01,8.55175276404664
VV,GM3,2012-09-01,8.982159275317903
VV,GM3,2012-10-01,9.003656136445967
VV,GM3,2012-11-01,9.46749312972545
VV,GM3,2012-12-01,9.814996907168222
VV,GM3,2013-01-01,9.231438586170551
VV,GM3,2013-02-01,9.513398506997303
VV,GM3,2013-03-01,9.658188280391355
VV,GM3,2013-04-01,10.028413128590362
VV,GM3,2013-05-01,9.511402692684056
VV,GM3,2013-06-01,6.696480061449996
VV,GM3,2013-07-01,6.278406992706943
VV,GM3,2013-08-01,5.9696252342068945
VV,GM3,2013-09-01,4.984394952908255
VV,GM3,2013-10-01,4.49754121014031
VV,GM3,2013-11-01,4.564880711778037
VV,GM3,2013-12-01,3.307308731519466
VV,GM3,2014-01-01,4.149953492964478
VV,GM3,2014-02-01,4.235180886472677
VV,GM3,2014-03-01,4.617894998833668
VV,GM3,2014-04-01,3.6457539806086783
VV,GM3,2014-05-01,3.689214618203427
VV,GM3,2014-06-01,4.071871235346758
VV,GM3,2014-07-01,3.527959601040419
VV,GM3,2014-08-01,3.295106381582832
VV,GM3,2014-09-01,3.3404836450342295
VV,GM3,2014-10-01,3.3663892216092397
VV,GM3,2014-11-01,3.558041453837868
VV,GM3,2014-12-01,3.256929909643167
VV,GM3,2015-01-01,2.8283328844600053
VV,GM3,2015-02-01,2.2926512616383947
VV,GM3,2015-03-01,2.234820439837584
VV,GM3,2015-04-01,1.523027563198507
VV,GM3,2015-05-01,1.4921650720877044
VV,GM3,2015-06-01,2.121184539521237
VV,GM3,2015-07-01,1.928205587182659
VV,GM3,2015-08-01,1.4103292885474656
VV,GM3,2015-09-01,1.2910250758223605
VV,GM3,2015-10-01,1.4489030142130788
VV,GM3,2015-11-01,2.101405585643209
VV,GM3,2015-12-01,1.6543087026083736
VV,GM3,2016-01-01,1.4207378910931752
VV,GM3,2016-02-01,1.6010245551866011
VV,GM3,2016-03-01,1.8044566698737547
VV,GM3,2016-04-01,2.3905502756309502
VV,GM3,2016-05-01,2.2600293836235967
VV,GM3,2016-06-01,2.3814217436985805
VV,GM3,2016-07-01,2.732381527808847
VV,GM3,2016-08-01,2.8875903448448637
VV,GM3,2016-09-01,3.05412281934519
VV,GM3,2016-10-01,2.9886724966467715
VV,GM3,2016-11-01,1.9316323931743307
VV,GM3,2016-12-01,3.07793078613736
VV,GM3,2017-01-01,3.032234405747548
VV,GM3,2017-02-01,3.2487838060686016
VV,GM3,2017-03-01,3.011215823105293
VV,GM3,2017-04-01,3.2113908614876983
VV,GM3,2017-05-01,3.9142963490154696
VV,GM3,2017-06-01,4.033040245395003
VV,GM3,2017-07-01,3.8946780398808682
VV,GM3,2017-08-01,4.062764099957491
VV,GM3,2017-09-01,4.239588283963571
VV,GM3,2017-10-01,4.108986035215543
VV,GM3,2017-11-01,4.184495413306197
VV,GM3,2017-12-01,3.5383545100542997
VV,GM3,2018-01-01,3.9054800439935473
VV,GM3,2018-02-01,3.6184279483828976
VV,GM3,2018-03-01,3.2263874391395504
VV,GM3,2018-04-01,3.2328940666733517
VV,GM3,2018-05-01,2.8104510203137747
VV,GM3,2018-06-01,2.254561349448641
VV,GM3,2018-07-01,2.364715641597449
VV,GM3,2018-08-01,2.4496345924360243
VV,GM3,2018-09-01,2.2842431449274514
VV,GM3,2018-10-01,2.5065974601600884
VV,GM3,2018-11-01,2.7605267687737287
VV,GM3,2018-12-01,3.1611769770445264
VV,GM3,2019-01-01,3.3176279196775678
VV,GM3,2019-02-01,3.5671174334711933
VV,GM3,2019-03-01,3.7394916265578804
VV,GM3,2019-04-01,3.663595157010534
VV,GM3,2019-05-01,3.4995362602379285
VV,GM3,2019-06-01,3.714098110649835
VV,GM3,2019-07-01,3.2793786440463912
VV,GM3,2019-08-01,2.863355633166164
VV,GM3,2019-09-01,2.7216455484763884
VV,GM3,2019-10-01,1.9182755811957788
VV,GM3,2019-11-01,1.4199754569819616
VV,GM3,2019-12-01,0.7782953255287633
VV,GM3,2020-01-01,0.07247215985714767
VV,GM3,2020-02-01,0.06957906525920993
VV,GM3,2020-03-01,1.3620398074671523
VV,GM3,2020-04-01,2.0599073723586647
VV,GM3,2020-05-01,2.46298767535135
VV,GM3,2020-06-01,3.0612462763671267
VV,GM3,2020-07-01,3.756551802081384
VV,GM3,2020-08-01,3.9737482642085116
VV,GM3,2020-09-01,4.2510191053801885
VV,GM3,2020-10-01,5.532724923080358
VV,GM3,2020-11-01,5.787904571996441
VV,GM3,2020-12-01,6.472978429933422
VV,GM3,2021-01-01,7.041786899504634
VV,GM3,2021-02-01,6.769760472362481
VV,GM3,2021-03-01,5.746499480216127
VV,GM3,2021-04-01,4.921518416605534
VV,GM3,2021-05-01,4.190937956355904
VV,GM3,2021-06-01,3.717828390460252
VV,GM3,2021-07-01,3.279301801299078
VV,GM3,2021-08-01,3.1650401469206457
VV,GM3,2021-09-01,3.346263340755015
VV,GM3,2021-10-01,2.5387687452062524
VV,GM3,2021-11-01,1.8578357848941751
VV,GM3,2021-12-01,1.407836339572963
VV,GM3,2022-01-01,1.091642712602671
VV,GM3,2022-02-01,0.9689956225426863
VV,GM3,2022-03-01,0.7225690341675025
VV,GM3,2022-04-01,0.13316502152560156
VV,GM3,2022-05-01,0.2454963461411855
VV,GM3,2022-06-01,-0.15848975331178453
VV,GM3,2022-07-01,-0.20972479887685713
VV,GM3,2022-08-01,-0.19983733568618725
VV,GM3,2022-09-01,0.09797486979088058
VV,GM3,2022-10-01,-0.10558109582516183
VV,GM3,2022-11-01,0.8754201215736895
VV,GM3,2022-12-01,0.1286110866384396
VV,GM3,2023-01-01,-0.05821434608471869
VV,GM3,2023-02-01,0.22867154936184084
VV,GM3,2023-03-01,-0.565043232477635
VV,GM3,2023-04-01,-0.16430974333416395
VV,GM3,2023-05-01,-1.2338083181390043
VV,GM3,2023-06-01,-1.3765701258362188
VV,GM3,2023-07-01,-1.555796965853726
VV,GM3,2023-08-01,-2.1972542316048553
VV,GM3,2023-09-01,-2.80118247449417
VV,GM3,2023-10-01,-2.548243805831861
VV,GM3,2023-11-01,-3.1104532296657865
VV,GM3,2023-12-01,-1.9774973840687413
VV,GM3,2024-01-01,-2.052495916150127
VV,GM3,2024-02-01,-2.626390019218957
VV,GM3,2024-03-01,-1.4887998109570473
VV,GM3,2024-04-01,-0.9015075681742348
VV,GM3,2024-05-01,-0.6680945481525034
VV,GM3,2024-06-01,0.151079117655619
VV,GM3,2024-07-01,0.3043025636918994
VV,GM3,2024-08-01,1.150392197232308
VV,GM3,2024-09-01,1.7260789322989152
VV,GM3,2024-10-01,1.3678933664943846
VV,GM3,2024-11-01,1.7897797356828193
VV,GM3,2024-12-01,1.9040427908008226
VV,GM3,2025-01-01,1.6838935445901848
VV,GM3,2025-02-01,2.4578902961042175
VV,GM3,2025-03-01,2.8055703707869215
VV,GM3,2025-04-01,3.0574326835705845
VV,GM3,2025-05-01,3.5381338763833154
VV,GM3,2025-06-01,4.296133347893014
VV,GM3,2025-07-01,4.610524228676808
VV,GM3,2025-08-01,4.547749668041093
VV,GM3,2025-09-01,3.983955774683725
VV,GM3,2025-10-01,4.8091031069754475
VV,GM3,2025-11-01,4.875557640606796
VV,GM3,2025-12-01,4.4983613352850496
VV,GM3,2026-01-01,5.298480887848402
VV,GM3,2026-02-01,4.819412167959403
VV,GM3,2026-03-01,4.545466200237089
VV,GM3,2026-04-01,4.253213883535599
VV,S0,1985-12-01,4.023623289678335
VV,S0,1986-01-01,4.1632574481397695
VV,S0,1986-02-01,8.26153328676033
VV,S0,1986-03-01,6.397595534564191
VV,S0,1986-04-01,9.144144144144144
VV,S0,1986-05-01,6.443539284487413
VV,S0,1986-06-01,9.125484615007116
VV,S0,1986-07-01,6.410643327800412
VV,S0,1986-08-01,8.182238430325132
VV,S0,1986-09-01,7.8483754512635375
VV,S0,1986-10-01,9.40341855925344
VV,S0,1986-11-01,6.494643474254119
VV,S0,1986-12-01,2.6718384328681632
VV,S0,1987-01-01,8.076887533499676
VV,S0,1987-02-01,7.286936570909613
VV,S0,1987-03-01,9.754071119973412
VV,S0,1987-04-01,7.343972119044343
VV,S0,1987-05-01,7.996772706316275
VV,S0,1987-06-01,8.020596766577475
VV,S0,1987-07-01,10.909692514948832
VV,S0,1987-08-01,12.164086981293325
VV,S0,1987-09-01,8.91968489879717
VV,S0,1987-10-01,8.897641222038471
VV,S0,1987-11-01,14.429733471789547
VV,S0,1987-12-01,15.628627508917077
VV,S0,1988-01-01,20.008550662676356
VV,S0,1988-02-01,26.40841148559845
VV,S0,1988-03-01,25.703471396128474
VV,S0,1988-04-01,26.5138731657304
VV,S0,1988-05-01,26.17771990864266
VV,S0,1988-06-01,22.801831806827643
VV,S0,1988-07-01,20.962345771091268
VV,S0,1988-08-01,15.67897053843549
VV,S0,1988-09-01,16.239141124405837
VV,S0,1988-10-01,14.075332201019084
VV,S0,1988-11-01,11.057964986576927
VV,S0,1988-12-01,1.748621910707115
VV,S0,1989-01-01,-4.095119344495903
VV,S0,1989-02-01,-8.878158812955979
VV,S0,1989-03-01,-6.85662175880521
VV,S0,1989-04-01,-12.328212054702009
VV,S0,1989-05-01,-13.005599445130512
VV,S0,1989-06-01,-10.070515645658881
VV,S0,1989-07-01,-11.130293848213656
VV,S0,1989-08-01,-8.401639344262295
VV,S0,1989-09-01,-7.1015616737758664
VV,S0,1989-10-01,-9.201422340555974
VV,S0,1989-11-01,-8.637624908499737
VV,S0,1989-12-01,-4.316159586681975
VV,S0,1990-01-01,-7.2974127523634404
VV,S0,1990-02-01,-8.333333333333334
VV,S0,1990-03-01,-9.04976539697787
VV,S0,1990-04-01,-7.82814666461254
VV,S0,1990-05-01,-5.088964511424405
VV,S0,1990-06-01,-2.7104970501196917
VV,S0,1990-07-01,-5.011299211037545
VV,S0,1990-08-01,-6.605544902524768
VV,S0,1990-09-01,-5.521297789583531
VV,S0,1990-10-01,-3.5419399645034337
VV,S0,1990-11-01,-4.466265441875198
VV,S0,1990-12-01,1.5936105590760807
VV,S0,1991-01-01,1.190094566436929
VV,S0,1991-02-01,1.9409692187598895
VV,S0,1991-03-01,-1.6736061744693815
VV,S0,1991-04-01,2.243904477362472
VV,S0,1991-05-01,2.892968365841665
VV,S0,1991-06-01,-0.5986631793083406
VV,S0,1991-07-01,2.39784632079803
VV,S0,1991-08-01,2.8295228521932545
VV,S0,1991-09-01,-0.5402148810121498
VV,S0,1991-10-01,-0.01
VV,S0,1991-11-01,-0.7879544390700577
VV,S0,1991-12-01,-2.5928249797003025
VV,S0,1992-01-01,-1.2315368471072743
VV,S0,1992-02-01,1.1403381692501915
VV,S0,1992-03-01,1.708289438350788
VV,S0,1992-04-01,0.8112471136358992
VV,S0,1992-05-01,-4.289127837514934
VV,S0,1992-06-01,-2.3642458971660236
VV,S0,1992-07-01,-5.280534778975686
VV,S0,1992-08-01,-4.400998336106489
VV,S0,1992-09-01,1.8717441343940557
VV,S0,1992-10-01,2.6722672267226724
VV,S0,1992-11-01,3.20044035542974
VV,S0,1992-12-01,2.3852376712199
VV,S0,1993-01-01,7.537486969769866
VV,S0,1993-02-01,7.391037446286065
VV,S0,1993-03-01,13.180876558755433
VV,S0,1993-04-01,11.39984594802773
VV,S0,1993-05-01,14.521699330087795
VV,S0,1993-06-01,15.004092388158027
VV,S0,1993-07-01,18.119029176349084
VV,S0,1993-08-01,19.517448437907927
VV,S0,1993-09-01,11.751531127980497
VV,S0,1993-10-01,16.12670705811303
VV,S0,1993-11-01,14.526821091130753
VV,S0,1993-12-01,10.221679434513897
VV,S0,1994-01-01,16.385802699276713
VV,S0,1994-02-01,15.313821881788042
VV,S0,1994-03-01,9.340008613264427
VV,S0,1994-04-01,8.31544088212817
VV,S0,1994-05-01,9.235911782872506
VV,S0,1994-06-01,7.023208179277543
VV,S0,1994-07-01,5.8691731788622326
VV,S0,1994-08-01,4.447073814508055
VV,S0,1994-09-01,6.438224965414494
VV,S0,1994-10-01,0.9025482729118086
VV,S0,1994-11-01,5.595289577858354
VV,S0,1994-12-01,6.465097538864453
VV,S0,1995-01-01,1.382259666207515
VV,S0,1995-02-01,0.5832878930583784
VV,S0,1995-03-01,0.5563487765250357
VV,S0,1995-04-01,1.7806746405053084
VV,S0,1995-05-01,4.897721603193082
VV,S0,1995-06-01,4.956613413348471
VV,S0,1995-07-01,7.961251914176087
VV,S0,1995-08-01,11.011188957440133
VV,S0,1995-09-01,8.171698993534626
VV,S0,1995-10-01,13.756297072173176
VV,S0,1995-11-01,12.750842705478373
VV,S0,1995-12-01,8.314805178422189
VV,S0,1996-01-01,14.264499107382656
VV,S0,1996-02-01,18.167630437639637
VV,S0,1996-03-01,21.176067371719547
VV,S0,1996-04-01,23.0953324090579
VV,S0,1996-05-01,14.628616726119699
VV,S0,1996-06-01,13.249679343542828
VV,S0,1996-07-01,15.930895993370095
VV,S0,1996-08-01,12.07454157246923
VV,S0,1996-09-01,16.747797153244193
VV,S0,1996-10-01,13.785241373262595
VV,S0,1996-11-01,12.446040150319218
VV,S0,1996-12-01,13.358567477070899
VV,S0,1997-01-01,15.231037248015928
VV,S0,1997-02-01,15.990324060558034
VV,S0,1997-03-01,8.032647783748839
VV,S0,1997-04-01,12.662742521553747
VV,S0,1997-05-01,20.68545821692346
VV,S0,1997-06-01,18.898819676605036
VV,S0,1997-07-01,21.7412224024635
VV,S0,1997-08-01,19.108521159314723
VV,S0,1997-09-01,12.381907425977728
VV,S0,1997-10-01,12.026511502446919
VV,S0,1997-11-01,9.11541806435582
VV,S0,1997-12-01,13.72357640048288
VV,S0,1998-01-01,11.662787070144706
VV,S0,1998-02-01,17.242577876859276
VV,S0,1998-03-01,21.093116904165264
VV,S0,1998-04-01,12.559357334126748
VV,S0,1998-05-01,5.499782254922184
VV,S0,1998-06-01,5.491478739886383
VV,S0,1998-07-01,4.7189945458857006
VV,S0,1998-08-01,9.819118408053818
VV,S0,1998-09-01,10.801671910956653
VV,S0,1998-10-01,14.872271142909558
VV,S0,1998-11-01,14.793856103476152
VV,S0,1998-12-01,7.383232450989249
VV,S0,1999-01-01,9.37009735445187
VV,S0,1999-02-01,7.378934562814995
VV,S0,1999-03-01,5.128178729537733
VV,S0,1999-04-01,13.254668104633213
VV,S0,1999-05-01,17.04378808781516
VV,S0,1999-06-01,16.829852045256747
VV,S0,1999-07-01,17.409635955831607
VV,S0,1999-08-01,14.447883311736295
VV,S0,1999-09-01,12.39774509388378
VV,S0,1999-10-01,8.235599429067644
VV,S0,1999-11-01,8.848442769291808
VV,S0,1999-12-01,4.973183300031549
VV,S0,2000-01-01,4.433003871018451
VV,S0,2000-02-01,-1.5842036615668764
VV,S0,2000-03-01,-0.5219809814809374
VV,S0,2000-04-01,-5.427861904139515
VV,S0,2000-05-01,-4.679480635191699
VV,S0,2000-06-01,-6.754818884439892
VV,S0,2000-07-01,-9.899798862978848
VV,S0,2000-08-01,-7.795598308193285
VV,S0,2000-09-01,-8.57813560600347
VV,S0,2000-10-01,-7.086999022482893
VV,S0,2000-11-01,-3.8098796256640637
VV,S0,2000-12-01,-2.78203548422645
VV,S0,2001-01-01,-3.2993395676143527
VV,S0,2001-02-01,-3.9981426484672014
VV,S0,2001-03-01,-5.200929335092244
VV,S0,2001-04-01,-2.517275419545903
VV,S0,2001-05-01,-1.0992648848644175
VV,S0,2001-06-01,-0.631141647359591
VV,S0,2001-07-01,-0.44341603637030846
VV,S0,2001-08-01,-1.262469935151263
VV,S0,2001-09-01,2.214018335000464
VV,S0,2001-10-01,0.9567953311563924
VV,S0,2001-11-01,-0.11178476695718075
VV,S0,2001-12-01,7.905855196718947
VV,S0,2002-01-01,0.6926946014573827
VV,S0,2002-02-01,4.693671906489318
VV,S0,2002-03-01,7.590217560621008
VV,S0,2002-04-01,5.393417721518987
VV,S0,2002-05-01,2.109750334724738
VV,S0,2002-06-01,9.062952243125904
VV,S0,2002-07-01,14.737833659270787
VV,S0,2002-08-01,15.740084075935576
VV,S0,2002-09-01,16.506255044390638
VV,S0,2002-10-01,15.506749117649951
VV,S0,2002-11-01,15.472013049828341
VV,S0,2002-12-01,15.805909429493669
VV,S0,2003-01-01,18.279403665735902
VV,S0,2003-02-01,17.800150147259814
VV,S0,2003-03-01,38.74174742287943
VV,S0,2003-04-01,44.91141089204043
VV,S0,2003-05-01,44.322640981883744
VV,S0,2003-06-01,38.17014061664916
VV,S0,2003-07-01,34.96845468093271
VV,S0,2003-08-01,37.6663972932411
VV,S0,2003-09-01,37.10480511945688
VV,S0,2003-10-01,42.24189292705762
VV,S0,2003-11-01,38.609185584283324
VV,S0,2003-12-01,33.86220261410959
VV,S0,2004-01-01,39.40596971033671
VV,S0,2004-02-01,40.3514935616707
VV,S0,2004-03-01,17.466711190883668
VV,S0,2004-04-01,13.062764391518254
VV,S0,2004-05-01,13.63083706326408
VV,S0,2004-06-01,9.758911600920337
VV,S0,2004-07-01,5.007041461979411
VV,S0,2004-08-01,1.4881758718117428
VV,S0,2004-09-01,-3.409334933367018
VV,S0,2004-10-01,-8.590832934418382
VV,S0,2004-11-01,-8.58471839540189
VV,S0,2004-12-01,-8.6596274210241
VV,S0,2005-01-01,-8.07580072425553
VV,S0,2005-02-01,-9.847536660476543
VV,S0,2005-03-01,-10.468525131922606
VV,S0,2005-04-01,-14.008409620042341
VV,S0,2005-05-01,-13.342622314720096
VV,S0,2005-06-01,-7.200233324016576
VV,S0,2005-07-01,-3.872308273517189
VV,S0,2005-08-01,-4.169606366277037
VV,S0,2005-09-01,1.4385478513326184
VV,S0,2005-10-01,2.7945248522220694
VV,S0,2005-11-01,2.628389196056444
VV,S0,2005-12-01,4.547079334461897
VV,S0,2006-01-01,-0.7547362247890054
VV,S0,2006-02-01,-1.668571576167322
VV,S0,2006-03-01,-1.3256335456728383
VV,S0,2006-04-01,1.6769872879044139
VV,S0,2006-05-01,0.2835840134600642
VV,S0,2006-06-01,-3.737363155413546
VV,S0,2006-07-01,-3.01958472522434
VV,S0,2006-08-01,-0.5113783337423475
VV,S0,2006-09-01,-3.754866823092592
VV,S0,2006-10-01,-4.064139793163177
VV,S0,2006-11-01,-6.137735896723341
VV,S0,2006-12-01,-6.97489887944882
VV,S0,2007-01-01,-3.6430902037355803
VV,S0,2007-02-01,-2.743648172105149
VV,S0,2007-03-01,-5.981805871193076
VV,S0,2007-04-01,-4.687741044060339
VV,S0,2007-05-01,-4.669287023819994
VV,S0,2007-06-01,-5.606720174125969
VV,S0,2007-07-01,-7.933945697690126
VV,S0,2007-08-01,-10.57680769076921
VV,S0,2007-09-01,-9.141567374604003
VV,S0,2007-10-01,-8.183206106870228
VV,S0,2007-11-01,-4.105265991091014
VV,S0,2007-12-01,-1.1497839820805682
VV,S0,2008-01-01,-5.903212904946007
VV,S0,2008-02-01,-7.001303164732176
VV,S0,2008-03-01,0.07914664232847995
VV,S0,2008-04-01,1.0928769475447213
VV,S0,2008-05-01,-1.7570876060036191
VV,S0,2008-06-01,-3.606505400750845
VV,S0,2008-07-01,-3.562389500634569
VV,S0,2008-08-01,-0.9975173894567333
VV,S0,2008-09-01,-0.5757124533753999
VV,S0,2008-10-01,6.581744046500195
VV,S0,2008-11-01,16.03923852560819
VV,S0,2008-12-01,31.633963084823527
VV,S0,2009-01-01,41.924286645320336
VV,S0,2009-02-01,50.93587546830076
VV,S0,2009-03-01,54.56371965772993
VV,S0,2009-04-01,56.53823396331489
VV,S0,2009-05-01,61.803393552394915
VV,S0,2009-06-01,66.35917830338187
VV,S0,2009-07-01,74.16341465270013
VV,S0,2009-08-01,72.67818818479611
VV,S0,2009-09-01,71.19004722821533
VV,S0,2009-10-01,61.55155806981129
VV,S0,2009-11-01,45.76437222971379
VV,S0,2009-12-01,28.984997468489354
VV,S0,2010-01-01,22.29293322551985
VV,S0,2010-02-01,16.228527998383736
VV,S0,2010-03-01,13.222950018668671
VV,S0,2010-04-01,11.487270705947749
VV,S0,2010-05-01,15.097388827628695
VV,S0,2010-06-01,17.256967224164427
VV,S0,2010-07-01,14.378248525879012
VV,S0,2010-08-01,14.281228740384112
VV,S0,2010-09-01,13.816176980112258
VV,S0,2010-10-01,11.31381498011916
VV,S0,2010-11-01,11.05280188507044
VV,S0,2010-12-01,10.206965511257287
VV,S0,2011-01-01,9.175989453448649
VV,S0,2011-02-01,10.732791444558488
VV,S0,2011-03-01,9.381704780011969
VV,S0,2011-04-01,8.814273235290598
VV,S0,2011-05-01,6.434021030420802
VV,S0,2011-06-01,3.5026403930315086
VV,S0,2011-07-01,3.98367122492544
VV,S0,2011-08-01,11.348719357694538
VV,S0,2011-09-01,12.883708718136052
VV,S0,2011-10-01,12.971729249570942
VV,S0,2011-11-01,10.360298100450139
VV,S0,2011-12-01,11.854576266102788
VV,S0,2012-01-01,11.464310948779586
VV,S0,2012-02-01,10.081963843218455
VV,S0,2012-03-01,10.125394999832508
VV,S0,2012-04-01,8.759736808342955
VV,S0,2012-05-01,8.707202857090797
VV,S0,2012-06-01,13.627140984723384
VV,S0,2012-07-01,16.020139478004122
VV,S0,2012-08-01,9.758187226692622
VV,S0,2012-09-01,9.352614990477154
VV,S0,2012-10-01,9.32605465685047
VV,S0,2012-11-01,10.679046403704444
VV,S0,2012-12-01,12.240608963508445
VV,S0,2013-01-01,11.931297940346864
VV,S0,2013-02-01,13.075998533266334
VV,S0,2013-03-01,12.765188001689904
VV,S0,2013-04-01,15.069328821511146
VV,S0,2013-05-01,13.619266639400868
VV,S0,2013-06-01,7.60921630155332
VV,S0,2013-07-01,6.1517960015699975
VV,S0,2013-08-01,6.691229275298967
VV,S0,2013-09-01,4.005240443896424
VV,S0,2013-10-01,4.241731997300244
VV,S0,2013-11-01,5.241331221060745
VV,S0,2013-12-01,1.3127795927874766
VV,S0,2014-01-01,2.687194177346426
VV,S0,2014-02-01,2.6663063549970722
VV,S0,2014-03-01,2.94535492920598
VV,S0,2014-04-01,-0.11481695190282737
VV,S0,2014-05-01,0.48122883006219686
VV,S0,2014-06-01,1.2636149744279213
VV,S0,2014-07-01,-0.3342686494174899
VV,S0,2014-08-01,-1.791044776119403
VV,S0,2014-09-01,-1.1808188077405282
VV,S0,2014-10-01,-1.78011636968763
VV,S0,2014-11-01,-1.6369480059049855
VV,S0,2014-12-01,-3.0578497780450276
VV,S0,2015-01-01,-4.6813676141453575
VV,S0,2015-02-01,-6.0232507128756305
VV,S0,2015-03-01,-6.787472595939686
VV,S0,2015-04-01,-7.271692945595726
VV,S0,2015-05-01,-7.0690490522823035
VV,S0,2015-06-01,-4.279400507152768
VV,S0,2015-07-01,-3.6150886494055134
VV,S0,2015-08-01,-4.3840514929376
VV,S0,2015-09-01,-3.709857862265266
VV,S0,2015-10-01,-3.205965697240865
VV,S0,2015-11-01,-1.2059689851484416
VV,S0,2015-12-01,1.2131937096362244
VV,S0,2016-01-01,9.126114322100314
VV,S0,2016-02-01,12.168176018423427
VV,S0,2016-03-01,14.376963874087169
VV,S0,2016-04-01,15.953298779658658
VV,S0,2016-05-01,16.596256963293214
VV,S0,2016-06-01,15.78013464332016
VV,S0,2016-07-01,16.35206655181512
VV,S0,2016-08-01,17.538364685789794
VV,S0,2016-09-01,18.137303762770994
VV,S0,2016-10-01,17.969380774232516
VV,S0,2016-11-01,14.484406446152972
VV,S0,2016-12-01,14.94739751377398
VV,S0,2017-01-01,7.2559311240591695
VV,S0,2017-02-01,6.8973170934716865
VV,S0,2017-03-01,6.961197420989822
VV,S0,2017-04-01,7.112915938266184
VV,S0,2017-05-01,7.852468123738161
VV,S0,2017-06-01,7.257607563582988
VV,S0,2017-07-01,6.895052209778195
VV,S0,2017-08-01,7.072648836117865
VV,S0,2017-09-01,6.855574422308236
VV,S0,2017-10-01,7.402047474876768
VV,S0,2017-11-01,7.962657736843617
VV,S0,2017-12-01,7.389906698377022
VV,S0,2018-01-01,8.03751713170752
VV,S0,2018-02-01,7.66773080017649
VV,S0,2018-03-01,6.7713785303233776
VV,S0,2018-04-01,7.553367010225282
VV,S0,2018-05-01,6.560614702711939
VV,S0,2018-06-01,6.036486581672184
VV,S0,2018-07-01,6.904030408381772
VV,S0,2018-08-01,6.878363218982856
VV,S0,2018-09-01,5.9577712581026425
VV,S0,2018-10-01,5.9798272645683195
VV,S0,2018-11-01,6.286397255401976
VV,S0,2018-12-01,6.66210763532292
VV,S0,2019-01-01,7.588691286053909
VV,S0,2019-02-01,7.434316941998346
VV,S0,2019-03-01,7.229555236728838
VV,S0,2019-04-01,7.123749461433935
VV,S0,2019-05-01,7.5835139156454625
VV,S0,2019-06-01,7.287574256486174
VV,S0,2019-07-01,6.003847392971037
VV,S0,2019-08-01,4.954667939470752
VV,S0,2019-09-01,9.69390844266838
VV,S0,2019-10-01,8.107680126682501
VV,S0,2019-11-01,7.034536448564093
VV,S0,2019-12-01,6.72650651066325
VV,S0,2020-01-01,7.5045903764108655
VV,S0,2020-02-01,7.777002421057592
VV,S0,2020-03-01,11.401008844110839
VV,S0,2020-04-01,11.609909173277938
VV,S0,2020-05-01,11.660880390661301
VV,S0,2020-06-01,13.0716670720651
VV,S0,2020-07-01,13.789617648807754
VV,S0,2020-08-01,24.373422933173206
VV,S0,2020-09-01,19.591500527554928
VV,S0,2020-10-01,21.08422864882192
VV,S0,2020-11-01,22.243394930317923
VV,S0,2020-12-01,22.682902843753876
VV,S0,2021-01-01,20.173769620247864
VV,S0,2021-02-01,20.16267880824345
VV,S0,2021-03-01,16.763351749539595
VV,S0,2021-04-01,19.179243078848263
VV,S0,2021-05-01,18.50251739604087
VV,S0,2021-06-01,17.958751838292812
VV,S0,2021-07-01,17.810332280440978
VV,S0,2021-08-01,9.265632793321773
VV,S0,2021-09-01,9.822748857231616
VV,S0,2021-10-01,9.05198787481394
VV,S0,2021-11-01,8.210202906417397
VV,S0,2021-12-01,9.453459356223775
VV,S0,2022-01-01,14.070237102035911
VV,S0,2022-02-01,13.589324665919357
VV,S0,2022-03-01,13.815289823642258
VV,S0,2022-04-01,9.961123756043262
VV,S0,2022-05-01,9.946382162503292
VV,S0,2022-06-01,9.617772619886434
VV,S0,2022-07-01,9.287276180274786
VV,S0,2022-08-01,8.670303321723761
VV,S0,2022-09-01,8.504200213687993
VV,S0,2022-10-01,6.605799869456314
VV,S0,2022-11-01,7.482929762423451
VV,S0,2022-12-01,3.2911223121917357
VV,S0,2023-01-01,-3.321148713438506
VV,S0,2023-02-01,-5.2442283287778215
VV,S0,2023-03-01,-8.317216156942134
VV,S0,2023-04-01,-9.091705735442316
VV,S0,2023-05-01,-11.413226066454243
VV,S0,2023-06-01,-13.137584374768409
VV,S0,2023-07-01,-16.029638136928313
VV,S0,2023-08-01,-18.031652258665357
VV,S0,2023-09-01,-19.148302250506873
VV,S0,2023-10-01,-18.758925838067388
VV,S0,2023-11-01,-19.72785147158251
VV,S0,2023-12-01,-18.621240285702836
VV,S0,2024-01-01,-18.37649425986263
VV,S0,2024-02-01,-17.930280699382198
VV,S0,2024-03-01,-15.786360776182864
VV,S0,2024-04-01,-14.953664000850933
VV,S0,2024-05-01,-13.733486619229671
VV,S0,2024-06-01,-10.6250315588963
VV,S0,2024-07-01,-9.030936767688702
VV,S0,2024-08-01,-6.619882443697534
VV,S0,2024-09-01,-4.074371607454112
VV,S0,2024-10-01,-3.0021607092472418
VV,S0,2024-11-01,-0.9319009773686515
VV,S0,2024-12-01,3.096932803509264
VV,S0,2025-01-01,4.9046279347855535
VV,S0,2025-02-01,6.92622267551903
VV,S0,2025-03-01,10.059814586487288
VV,S0,2025-04-01,13.321621130429515
VV,S0,2025-05-01,15.235365319938335
VV,S0,2025-06-01,20.32121503757055
VV,S0,2025-07-01,24.389495124423146
VV,S0,2025-08-01,25.19832667361933
VV,S0,2025-09-01,23.59067344575036
VV,S0,2025-10-01,24.615004813037878
VV,S0,2025-11-01,24.2827907396679
VV,S0,2025-12-01,20.614522573829973
VV,S0,2026-01-01,21.747582843630916
VV,S0,2026-02-01,21.738285047637564
VV,S0,2026-03-01,19.09513266885167
VV,S0,2026-04-01,16.229051917100946
VV,S1,1985-12-01,2.8887923544743703
VV,S1,1986-01-01,4.060748802079104
VV,S1,1986-02-01,4.814741430552804
VV,S1,1986-03-01,5.4406924845588565
VV,S1,1986-04-01,6.179632454419989
VV,S1,1986-05-01,6.785802070152121
VV,S1,1986-06-01,6.174888301267439
VV,S1,1986-07-01,6.341101189930511
VV,S1,1986-08-01,7.0326703762878076
VV,S1,1986-09-01,7.052122790765929
VV,S1,1986-10-01,7.628213941977176
VV,S1,1986-11-01,7.559859122885251
VV,S1,1986-12-01,6.161600168883259
VV,S1,1987-01-01,6.130926056002151
VV,S1,1987-02-01,5.92197972160165
VV,S1,1987-03-01,5.9997092501218585
VV,S1,1987-04-01,6.51519556703323
VV,S1,1987-05-01,6.705825184781033
VV,S1,1987-06-01,7.5943388124559865
VV,S1,1987-07-01,8.536280485176597
VV,S1,1987-08-01,8.86801355466907
VV,S1,1987-09-01,8.676319396847155
VV,S1,1987-10-01,8.431487774342727
VV,S1,1987-11-01,7.828919536339792
VV,S1,1987-12-01,8.151259807942466
VV,S1,1988-01-01,9.616217408711709
VV,S1,1988-02-01,10.834577195145695
VV,S1,1988-03-01,12.079383647291356
VV,S1,1988-04-01,12.664477645490964
VV,S1,1988-05-01,12.941909608762693
VV,S1,1988-06-01,12.544199225765254
VV,S1,1988-07-01,11.917300100872907
VV,S1,1988-08-01,11.04789522623757
VV,S1,1988-09-01,10.462998730754373
VV,S1,1988-10-01,10.294776031480477
VV,S1,1988-11-01,9.455207426064986
VV,S1,1988-12-01,7.230466326006849
VV,S1,1989-01-01,3.5250007454008765
VV,S1,1989-02-01,0.6894633603653717
VV,S1,1989-03-01,-1.8844293446965334
VV,S1,1989-04-01,-4.109423098848478
VV,S1,1989-05-01,-7.0816179279317515
VV,S1,1989-06-01,-9.526173573237068
VV,S1,1989-07-01,-10.480110712891664
VV,S1,1989-08-01,-10.54909808262727
VV,S1,1989-09-01,-10.720173566753973
VV,S1,1989-10-01,-11.629778385461174
VV,S1,1989-11-01,-11.921028295326646
VV,S1,1989-12-01,-10.528759939700933
VV,S1,1990-01-01,-12.485869604348922
VV,S1,1990-02-01,-13.367013156938286
VV,S1,1990-03-01,-13.703323307167485
VV,S1,1990-04-01,-13.208837102155771
VV,S1,1990-05-01,-11.979749533706368
VV,S1,1990-06-01,-9.835461593333804
VV,S1,1990-07-01,-9.402400545434366
VV,S1,1990-08-01,-9.95271942628673
VV,S1,1990-09-01,-8.945786503381349
VV,S1,1990-10-01,-8.695091584537403
VV,S1,1990-11-01,-7.572600599036333
VV,S1,1990-12-01,-6.53267535454197
VV,S1,1991-01-01,-4.279108800105312
VV,S1,1991-02-01,-1.9172519109589616
VV,S1,1991-03-01,0.10031369281906981
VV,S1,1991-04-01,0.7389078206072229
VV,S1,1991-05-01,1.3406101073352996
VV,S1,1991-06-01,2.686442593590791
VV,S1,1991-07-01,2.171021543954217
VV,S1,1991-08-01,3.318650339177165
VV,S1,1991-09-01,2.9866470015012245
VV,S1,1991-10-01,3.2894098126263205
VV,S1,1991-11-01,3.4043677351179995
VV,S1,1991-12-01,4.044390906527924
VV,S1,1992-01-01,4.22199874508995
VV,S1,1992-02-01,4.2841500136873805
VV,S1,1992-03-01,3.442916712668473
VV,S1,1992-04-01,3.1574831926702194
VV,S1,1992-05-01,3.6127303296947146
VV,S1,1992-06-01,1.7060078569493362
VV,S1,1992-07-01,1.4722633801248726
VV,S1,1992-08-01,1.6610247533616993
VV,S1,1992-09-01,1.681882890485811
VV,S1,1992-10-01,3.6050585320003417
VV,S1,1992-11-01,6.183468737758248
VV,S1,1992-12-01,7.900808802397668
VV,S1,1993-01-01,11.319120860995422
VV,S1,1993-02-01,13.95524347027169
VV,S1,1993-03-01,17.008612267349736
VV,S1,1993-04-01,19.12220281448769
VV,S1,1993-05-01,20.912340818108433
VV,S1,1993-06-01,22.57860431043812
VV,S1,1993-07-01,25.46211110923547
VV,S1,1993-08-01,25.78905430907947
VV,S1,1993-09-01,26.968863701145185
VV,S1,1993-10-01,26.31774282674496
VV,S1,1993-11-01,24.608820486498193
VV,S1,1993-12-01,23.446239545838502
VV,S1,1994-01-01,23.324196177211437
VV,S1,1994-02-01,21.661291715857065
VV,S1,1994-03-01,18.91594162222846
VV,S1,1994-04-01,17.783111197183587
VV,S1,1994-05-01,16.27358811908168
VV,S1,1994-06-01,14.752461799660441
VV,S1,1994-07-01,12.802314238622222
VV,S1,1994-08-01,11.690848958472248
VV,S1,1994-09-01,10.984410799532522
VV,S1,1994-10-01,10.132607290462852
VV,S1,1994-11-01,8.958557259720282
VV,S1,1994-12-01,5.935876017926605
VV,S1,1995-01-01,1.5691174615379995
VV,S1,1995-02-01,0.5621068949806812
VV,S1,1995-03-01,-0.2301170056467173
VV,S1,1995-04-01,0.04991426490968454
VV,S1,1995-05-01,0.6017178546737131
VV,S1,1995-06-01,1.65115136737822
VV,S1,1995-07-01,3.4477411659460264
VV,S1,1995-08-01,4.5944897167248735
VV,S1,1995-09-01,5.180055566462606
VV,S1,1995-10-01,6.556278827114384
VV,S1,1995-11-01,7.871699450646819
VV,S1,1995-12-01,8.82708937071564
VV,S1,1996-01-01,15.33875499038888
VV,S1,1996-02-01,16.162911795336466
VV,S1,1996-03-01,16.56701500393284
VV,S1,1996-04-01,17.022837589580753
VV,S1,1996-05-01,14.812032264639935
VV,S1,1996-06-01,13.242083568638181
VV,S1,1996-07-01,10.814269901300618
VV,S1,1996-08-01,10.039326259553313
VV,S1,1996-09-01,10.543909861194384
VV,S1,1996-10-01,9.393168907904327
VV,S1,1996-11-01,7.285232400227801
VV,S1,1996-12-01,5.864235489131888
VV,S1,1997-01-01,4.23262516089001
VV,S1,1997-02-01,3.5354840016816342
VV,S1,1997-03-01,2.702661566092683
VV,S1,1997-04-01,2.4977430033102617
VV,S1,1997-05-01,4.451703882559426
VV,S1,1997-06-01,4.741707281962696
VV,S1,1997-07-01,4.083469466323993
VV,S1,1997-08-01,4.57285128896727
VV,S1,1997-09-01,3.6262696037045563
VV,S1,1997-10-01,2.47787610619469
VV,S1,1997-11-01,2.9864230298080847
VV,S1,1997-12-01,3.8144881857946684
VV,S1,1998-01-01,1.839980714640638
VV,S1,1998-02-01,1.7181407681733014
VV,S1,1998-03-01,1.4419870670704296
VV,S1,1998-04-01,0.1365237815619495
VV,S1,1998-05-01,-1.0946317394640481
VV,S1,1998-06-01,-2.0389631425752586
VV,S1,1998-07-01,-1.0956548687163543
VV,S1,1998-08-01,-1.3903356050911184
VV,S1,1998-09-01,-2.2535823268583166
VV,S1,1998-10-01,-1.336529490004566
VV,S1,1998-11-01,-1.5215268794821852
VV,S1,1998-12-01,-3.426683663043584
VV,S1,1999-01-01,-3.370482553392946
VV,S1,1999-02-01,-3.3258143796382247
VV,S1,1999-03-01,-1.8938582309055847
VV,S1,1999-04-01,-1.7640821153348092
VV,S1,1999-05-01,-1.2658352155553374
VV,S1,1999-06-01,-0.9956057060683345
VV,S1,1999-07-01,-0.6615421158229351
VV,S1,1999-08-01,-1.2746286524851234
VV,S1,1999-09-01,-0.740561129128401
VV,S1,1999-10-01,-2.0885416928656584
VV,S1,1999-11-01,-2.4695396600922996
VV,S1,1999-12-01,-2.114957353230121
VV,S1,2000-01-01,-3.678021857158569
VV,S1,2000-02-01,-5.051640763367893
VV,S1,2000-03-01,-6.586948212787713
VV,S1,2000-04-01,-7.4068915430112074
VV,S1,2000-05-01,-8.312529216936374
VV,S1,2000-06-01,-8.15780150817349
VV,S1,2000-07-01,-9.09433155950794
VV,S1,2000-08-01,-9.390683195002778
VV,S1,2000-09-01,-10.53478004193555
VV,S1,2000-10-01,-11.139652807389787
VV,S1,2000-11-01,-11.002404615209965
VV,S1,2000-12-01,-9.629271255269105
VV,S1,2001-01-01,-9.225666817183875
VV,S1,2001-02-01,-9.042179722294996
VV,S1,2001-03-01,-8.726333632677786
VV,S1,2001-04-01,-7.992414271055502
VV,S1,2001-05-01,-7.090748344334941
VV,S1,2001-06-01,-6.7862082646814095
VV,S1,2001-07-01,-6.0905722888194935
VV,S1,2001-08-01,-5.54887032017904
VV,S1,2001-09-01,-4.301674706471284
VV,S1,2001-10-01,-1.8483615087532665
VV,S1,2001-11-01,-0.40992161046430725
VV,S1,2001-12-01,0.05239657371970111
VV,S1,2002-01-01,1.5043397715187485
VV,S1,2002-02-01,3.311769483792549
VV,S1,2002-03-01,6.3737504875791045
VV,S1,2002-04-01,7.000969275145684
VV,S1,2002-05-01,7.818137237731619
VV,S1,2002-06-01,8.599162902882547
VV,S1,2002-07-01,10.08325238523745
VV,S1,2002-08-01,11.231172233136869
VV,S1,2002-09-01,11.456339535160197
VV,S1,2002-10-01,11.81030471175199
VV,S1,2002-11-01,11.127994643844788
VV,S1,2002-12-01,12.327808010200597
VV,S1,2003-01-01,12.51485706238558
VV,S1,2003-02-01,12.681915000390315
VV,S1,2003-03-01,12.71269463371918
VV,S1,2003-04-01,13.49234933315871
VV,S1,2003-05-01,13.520786632446423
VV,S1,2003-06-01,14.034142252125726
VV,S1,2003-07-01,13.561386508447784
VV,S1,2003-08-01,12.914068563170712
VV,S1,2003-09-01,12.801395177677158
VV,S1,2003-10-01,11.471048430857088
VV,S1,2003-11-01,11.447566259253245
VV,S1,2003-12-01,8.10052044006831
VV,S1,2004-01-01,7.67339868430275
VV,S1,2004-02-01,7.177142404718783
VV,S1,2004-03-01,4.780448959178025
VV,S1,2004-04-01,4.3788495843290365
VV,S1,2004-05-01,3.4608908836814414
VV,S1,2004-06-01,2.9081118754266457
VV,S1,2004-07-01,2.6142419937647183
VV,S1,2004-08-01,2.3321625119096714
VV,S1,2004-09-01,1.7001881743307519
VV,S1,2004-10-01,1.551578280739729
VV,S1,2004-11-01,1.3152822827057773
VV,S1,2004-12-01,1.7935664125859045
VV,S1,2005-01-01,0.8067178440407498
VV,S1,2005-02-01,0.20222540283484924
VV,S1,2005-03-01,0.4856618533004616
VV,S1,2005-04-01,0.13266753883289417
VV,S1,2005-05-01,0.23834440536067455
VV,S1,2005-06-01,0.33120723646062855
VV,S1,2005-07-01,0.3001049902907209
VV,S1,2005-08-01,0.2885822413066337
VV,S1,2005-09-01,0.3774953277979749
VV,S1,2005-10-01,0.2997105280303806
VV,S1,2005-11-01,0.39994803459411304
VV,S1,2005-12-01,-0.3555244446081863
VV,S1,2006-01-01,-0.23200678954262838
VV,S1,2006-02-01,-0.6506072949112557
VV,S1,2006-03-01,-1.3447951447176667
VV,S1,2006-04-01,-1.9376920670555546
VV,S1,2006-05-01,-2.586119670698616
VV,S1,2006-06-01,-2.9973785074599264
VV,S1,2006-07-01,-3.552967985771454
VV,S1,2006-08-01,-4.1643187717661405
VV,S1,2006-09-01,-4.911214650277425
VV,S1,2006-10-01,-4.973134494566579
VV,S1,2006-11-01,-5.741947409769398
VV,S1,2006-12-01,-6.186105411051337
VV,S1,2007-01-01,-6.069320067868387
VV,S1,2007-02-01,-6.515750222617988
VV,S1,2007-03-01,-7.333115183246074
VV,S1,2007-04-01,-7.510320885719647
VV,S1,2007-05-01,-7.457260619337416
VV,S1,2007-06-01,-8.230460520671478
VV,S1,2007-07-01,-8.507297114290242
VV,S1,2007-08-01,-8.885729432743746
VV,S1,2007-09-01,-8.634260386732258
VV,S1,2007-10-01,-8.64404296875
VV,S1,2007-11-01,-8.491652979677886
VV,S1,2007-12-01,-8.116775951169286
VV,S1,2008-01-01,-8.611872640557554
VV,S1,2008-02-01,-8.36297608239444
VV,S1,2008-03-01,-7.460412746616355
VV,S1,2008-04-01,-7.104199319303478
VV,S1,2008-05-01,-6.406750607105687
VV,S1,2008-06-01,-5.933893569061691
VV,S1,2008-07-01,-5.864537733967394
VV,S1,2008-08-01,-4.956811052985142
VV,S1,2008-09-01,-4.907694194036773
VV,S1,2008-10-01,-4.045495117505893
VV,S1,2008-11-01,-0.09215355353746417
VV,S1,2008-12-01,7.25640846920557
VV,S1,2009-01-01,13.336672483250393
VV,S1,2009-02-01,17.87613014996481
VV,S1,2009-03-01,21.314951701881775
VV,S1,2009-04-01,24.139343143410958
VV,S1,2009-05-01,25.98744099338254
VV,S1,2009-06-01,27.8152313748875
VV,S1,2009-07-01,30.599124592266303
VV,S1,2009-08-01,31.950334479803207
VV,S1,2009-09-01,33.6837148287055
VV,S1,2009-10-01,34.6625596007308
VV,S1,2009-11-01,30.57976221758646
VV,S1,2009-12-01,22.902846859456623
VV,S1,2010-01-01,18.255646529398067
VV,S1,2010-02-01,14.991572091912424
VV,S1,2010-03-01,12.835156934552563
VV,S1,2010-04-01,11.412108816608388
VV,S1,2010-05-01,10.79700080907199
VV,S1,2010-06-01,10.6311287744611
VV,S1,2010-07-01,10.225298113336436
VV,S1,2010-08-01,9.866675664618226
VV,S1,2010-09-01,9.586053903992687
VV,S1,2010-10-01,8.76127681928548
VV,S1,2010-11-01,8.734435062588297
VV,S1,2010-12-01,8.694750285730555
VV,S1,2011-01-01,8.209566978493587
VV,S1,2011-02-01,8.17789671286496
VV,S1,2011-03-01,7.989757436013843
VV,S1,2011-04-01,7.698745760972124
VV,S1,2011-05-01,7.413583043063995
VV,S1,2011-06-01,7.247950019523624
VV,S1,2011-07-01,7.338102745058546
VV,S1,2011-08-01,7.113680686721641
VV,S1,2011-09-01,7.333920097964182
VV,S1,2011-10-01,7.516981189481931
VV,S1,2011-11-01,7.445498632744633
VV,S1,2011-12-01,6.815273277004019
VV,S1,2012-01-01,6.958772457535854
VV,S1,2012-02-01,7.181598331148812
VV,S1,2012-03-01,7.265130618205419
VV,S1,2012-04-01,7.433596527884693
VV,S1,2012-05-01,7.497028018424468
VV,S1,2012-06-01,8.182784658962651
VV,S1,2012-07-01,8.256049769412309
VV,S1,2012-08-01,8.493839018830597
VV,S1,2012-09-01,8.200795051428775
VV,S1,2012-10-01,7.845689646024272
VV,S1,2012-11-01,7.8709350843829204
VV,S1,2012-12-01,8.552431065226607
VV,S1,2013-01-01,8.109365506466453
VV,S1,2013-02-01,7.729007633587786
VV,S1,2013-03-01,7.887634809693577
VV,S1,2013-04-01,7.376117865027075
VV,S1,2013-05-01,7.042148729585953
VV,S1,2013-06-01,5.755930765942982
VV,S1,2013-07-01,5.119051190511905
VV,S1,2013-08-01,4.5961025790104815
VV,S1,2013-09-01,4.382065788649926
VV,S1,2013-10-01,3.975951430548768
VV,S1,2013-11-01,3.6497777546045858
VV,S1,2013-12-01,2.828983037719774
VV,S1,2014-01-01,2.820008863710812
VV,S1,2014-02-01,2.886168073084708
VV,S1,2014-03-01,2.517080072399113
VV,S1,2014-04-01,2.775668178163896
VV,S1,2014-05-01,2.678238561327461
VV,S1,2014-06-01,3.1988289205702647
VV,S1,2014-07-01,3.140914654642085
VV,S1,2014-08-01,3.1106099941255616
VV,S1,2014-09-01,2.9161642244291097
VV,S1,2014-10-01,3.052948691661015
VV,S1,2014-11-01,3.036143214658501
VV,S1,2014-12-01,3.0003452280074066
VV,S1,2015-01-01,2.9862913578396006
VV,S1,2015-02-01,2.543518596216423
VV,S1,2015-03-01,2.390625242839159
VV,S1,2015-04-01,2.412547845928381
VV,S1,2015-05-01,2.2366773233720316
VV,S1,2015-06-01,1.8733117067334377
VV,S1,2015-07-01,1.798874128002607
VV,S1,2015-08-01,1.5557087066390995
VV,S1,2015-09-01,1.4317964321645031
VV,S1,2015-10-01,7.424016554274327
VV,S1,2015-11-01,7.033030742238157
VV,S1,2015-12-01,6.273500106645541
VV,S1,2016-01-01,5.899479564726862
VV,S1,2016-02-01,5.773724552422691
VV,S1,2016-03-01,5.653813227445766
VV,S1,2016-04-01,5.078237032698642
VV,S1,2016-05-01,4.6280021669776685
VV,S1,2016-06-01,4.719297024218521
VV,S1,2016-07-01,4.446860559934765
VV,S1,2016-08-01,4.357661195461373
VV,S1,2016-09-01,4.399259734133272
VV,S1,2016-10-01,-1.2899787995531948
VV,S1,2016-11-01,-0.7571826874283727
VV,S1,2016-12-01,-0.04272046195441813
VV,S1,2017-01-01,0.030070795243659357
VV,S1,2017-02-01,0.24212520021891556
VV,S1,2017-03-01,0.09280809125650087
VV,S1,2017-04-01,0.38068367915692214
VV,S1,2017-05-01,0.4841256828243254
VV,S1,2017-06-01,0.469132091178698
VV,S1,2017-07-01,0.8637091783919453
VV,S1,2017-08-01,0.9679134802689002
VV,S1,2017-09-01,0.6354999420692852
VV,S1,2017-10-01,-0.026846877534937027
VV,S1,2017-11-01,-0.783067810340172
VV,S1,2017-12-01,-1.4453718842325676
VV,S1,2018-01-01,-1.252573143113997
VV,S1,2018-02-01,-1.4472412945420452
VV,S1,2018-03-01,-1.512259116470936
VV,S1,2018-04-01,-1.8821751487622467
VV,S1,2018-05-01,-1.7531203481048896
VV,S1,2018-06-01,-1.5935853800984519
VV,S1,2018-07-01,-1.6378027699020414
VV,S1,2018-08-01,-1.5503032766472689
VV,S1,2018-09-01,-1.427033623652262
VV,S1,2018-10-01,-1.1004400605227596
VV,S1,2018-11-01,-0.7513202390327512
VV,S1,2018-12-01,-0.05180578071020486
VV,S1,2019-01-01,-0.21948009022748227
VV,S1,2019-02-01,-0.03335508665071423
VV,S1,2019-03-01,0.5424311759476514
VV,S1,2019-04-01,0.9238434454372285
VV,S1,2019-05-01,0.9408617816058462
VV,S1,2019-06-01,1.1782178796755953
VV,S1,2019-07-01,0.9227415274490831
VV,S1,2019-08-01,0.7963714073880239
VV,S1,2019-09-01,0.84297877807496
VV,S1,2019-10-01,0.44933650603640823
VV,S1,2019-11-01,-0.08634848029591857
VV,S1,2019-12-01,-0.8267013770591096
VV,S1,2020-01-01,-1.3319812058149232
VV,S1,2020-02-01,-1.9474264492543376
VV,S1,2020-03-01,-2.9726391957001965
VV,S1,2020-04-01,-2.7322862411626305
VV,S1,2020-05-01,-2.5673666738832357
VV,S1,2020-06-01,-2.5595829769527727
VV,S1,2020-07-01,-2.148298746079694
VV,S1,2020-08-01,-2.0336108274632654
VV,S1,2020-09-01,-1.6226405260551942
VV,S1,2020-10-01,-1.0033600353443164
VV,S1,2020-11-01,-0.5845238408063043
VV,S1,2020-12-01,0.1620793131595483
VV,S1,2021-01-01,0.6125484075213876
VV,S1,2021-02-01,0.8409577804869388
VV,S1,2021-03-01,1.5623319350328062
VV,S1,2021-04-01,1.0608550432216712
VV,S1,2021-05-01,0.11910017153979931
VV,S1,2021-06-01,-0.6355014916343924
VV,S1,2021-07-01,-2.742042587099916
VV,S1,2021-08-01,-2.8083998775116013
VV,S1,2021-09-01,-2.986528686510144
VV,S1,2021-10-01,-3.471015173580119
VV,S1,2021-11-01,-3.7048566956143776
VV,S1,2021-12-01,-4.835163546607412
VV,S1,2022-01-01,-5.683384800011708
VV,S1,2022-02-01,-5.57674814401831
VV,S1,2022-03-01,-6.941612904174794
VV,S1,2022-04-01,-6.97460385602677
VV,S1,2022-05-01,-6.663155122465104
VV,S1,2022-06-01,-6.429980511593065
VV,S1,2022-07-01,-4.771745199427087
VV,S1,2022-08-01,-5.073526293147847
VV,S1,2022-09-01,-5.4624831620208
VV,S1,2022-10-01,-5.556772211576482
VV,S1,2022-11-01,-5.777653072428054
VV,S1,2022-12-01,-5.088839054683457
VV,S1,2023-01-01,-3.712898941122435
VV,S1,2023-02-01,-2.5277747564367514
VV,S1,2023-03-01,-1.8013119418319765
VV,S1,2023-04-01,-2.4869536082637156
VV,S1,2023-05-01,-2.469120146092779
VV,S1,2023-06-01,-2.161862174109962
VV,S1,2023-07-01,-1.2061092540604617
VV,S1,2023-08-01,-1.347741583396896
VV,S1,2023-09-01,-1.3606883028943508
VV,S1,2023-10-01,-1.439608890148502
VV,S1,2023-11-01,-0.8121318055285816
VV,S1,2023-12-01,-0.3807057174014644
VV,S1,2024-01-01,-0.7687002036974964
VV,S1,2024-02-01,-1.2922005668720966
VV,S1,2024-03-01,-0.06084467866605285
VV,S1,2024-04-01,1.6894487249718804
VV,S1,2024-05-01,2.8196393046146646
VV,S1,2024-06-01,3.6564215577607677
VV,S1,2024-07-01,4.449189443738429
VV,S1,2024-08-01,5.640924442604071
VV,S1,2024-09-01,6.190970403459057
VV,S1,2024-10-01,7.1182331201741
VV,S1,2024-11-01,7.944365942088105
VV,S1,2024-12-01,9.388184623003268
VV,S1,2025-01-01,9.64404847358865
VV,S1,2025-02-01,9.902518750121125
VV,S1,2025-03-01,10.29931902666555
VV,S1,2025-04-01,9.850023110147745
VV,S1,2025-05-01,9.431808840917856
VV,S1,2025-06-01,9.25796631065152
VV,S1,2025-07-01,7.698840125004632
VV,S1,2025-08-01,6.998557661390341
VV,S1,2025-09-01,6.80737509038101
VV,S1,2025-10-01,6.449979409117947
VV,S1,2025-11-01,5.709923664122138
VV,S1,2025-12-01,4.579827552828699
VV,S1,2026-01-01,3.9964925897070542
VV,S1,2026-02-01,2.9480743910467413
VV,S1,2026-03-01,2.063893975368782
VV,S1,2026-04-01,1.5530329410126054
VV,T,1985-12-01,15.188985913697495
VV,T,1986-01-01,10.620684165489244
VV,T,1986-02-01,5.118829981718465
VV,T,1986-03-01,-0.12467025620641058
VV,T,1986-04-01,1.8433747667171378
VV,T,1986-05-01,2.2556654125470295
VV,T,1986-06-01,7.335792061819459
VV,T,1986-07-01,11.097915698524982
VV,T,1986-08-01,9.073345633028161
VV,T,1986-09-01,7.287526353990254
VV,T,1986-10-01,6.203478172000886
VV,T,1986-11-01,8.558671639649978
VV,T,1986-12-01,13.503393832079091
VV,T,1987-01-01,9.946391307476434
VV,T,1987-02-01,10.924249215598387
VV,T,1987-03-01,17.7144201023934
VV,T,1987-04-01,13.973550004321895
VV,T,1987-05-01,12.217202313721463
VV,T,1987-06-01,9.849959912953842
VV,T,1987-07-01,6.946660676385382
VV,T,1987-08-01,9.461119887660171
VV,T,1987-09-01,13.032553194916483
VV,T,1987-10-01,15.0791486904781
VV,T,1987-11-01,15.40443666275747
VV,T,1987-12-01,13.26356500966898
VV,T,1988-01-01,7.529819853723187
VV,T,1988-02-01,2.5360444817999612
VV,T,1988-03-01,-3.1412807942338135
VV,T,1988-04-01,-1.3423734983618494
VV,T,1988-05-01,-0.08997605721867231
VV,T,1988-06-01,-2.5246883238750613
VV,T,1988-07-01,1.1125114075876754
VV,T,1988-08-01,3.4827103621202404
VV,T,1988-09-01,0.19522900219454498
VV,T,1988-10-01,-2.1462517246665644
VV,T,1988-11-01,-0.47232599081111254
VV,T,1988-12-01,3.8321927143861463
VV,T,1989-01-01,22.410566198511845
VV,T,1989-02-01,33.95021832684395
VV,T,1989-03-01,41.7278857596192
VV,T,1989-04-01,45.62212690066571
VV,T,1989-05-01,55.34542235247428
VV,T,1989-06-01,61.27868952660371
VV,T,1989-07-01,55.466254065128005
VV,T,1989-08-01,54.15087694583363
VV,T,1989-09-01,56.39373639970986
VV,T,1989-10-01,61.27212909290302
VV,T,1989-11-01,63.23683794239038
VV,T,1989-12-01,55.62249550918889
VV,T,1990-01-01,50.52519049809191
VV,T,1990-02-01,45.764586814790405
VV,T,1990-03-01,40.931888406251396
VV,T,1990-04-01,35.48254273256121
VV,T,1990-05-01,26.090416908217307
VV,T,1990-06-01,19.38622754491018
VV,T,1990-07-01,18.3353760240331
VV,T,1990-08-01,20.27617341716625
VV,T,1990-09-01,21.286444408068242
VV,T,1990-10-01,17.957503929915042
VV,T,1990-11-01,16.863712448242445
VV,T,1990-12-01,15.1069043898281
VV,T,1991-01-01,10.779318375133162
VV,T,1991-02-01,7.419547560995301
VV,T,1991-03-01,7.06988862939485
VV,T,1991-04-01,5.65673095655562
VV,T,1991-05-01,5.428362140174244
VV,T,1991-06-01,4.9291694774016905
VV,T,1991-07-01,5.205818680206208
VV,T,1991-08-01,2.125962115628633
VV,T,1991-09-01,0.5503527806311812
VV,T,1991-10-01,1.8874281264973647
VV,T,1991-11-01,0.6814823749359226
VV,T,1991-12-01,1.831253181937395
VV,T,1992-01-01,-1.059293605474632
VV,T,1992-02-01,-0.7125033821363076
VV,T,1992-03-01,-1.011974537414865
VV,T,1992-04-01,1.8674769884352136
VV,T,1992-05-01,3.152440646897082
VV,T,1992-06-01,4.361801899921341
VV,T,1992-07-01,4.48189845964811
VV,T,1992-08-01,4.2556674032244866
VV,T,1992-09-01,2.192344690275385
VV,T,1992-10-01,-1.385122970996921
VV,T,1992-11-01,-0.8984995058252718
VV,T,1992-12-01,-4.824561403508772
VV,T,1993-01-01,-7.131286494631757
VV,T,1993-02-01,-9.500090837521952
VV,T,1993-03-01,-11.96054623675256
VV,T,1993-04-01,-15.263981001477019
VV,T,1993-05-01,-19.86786760965054
VV,T,1993-06-01,-21.42655254632817
VV,T,1993-07-01,-21.365317313005654
VV,T,1993-08-01,-21.829885319955185
VV,T,1993-09-01,-21.32469370927373
VV,T,1993-10-01,-20.166313969777352
VV,T,1993-11-01,-19.659856749977333
VV,T,1993-12-01,-19.377124073764556
VV,T,1994-01-01,-17.668343339282817
VV,T,1994-02-01,-14.401860247252287
VV,T,1994-03-01,-11.671661104678881
VV,T,1994-04-01,-9.023873404309859
VV,T,1994-05-01,-6.420459626218367
VV,T,1994-06-01,-5.041598258591747
VV,T,1994-07-01,-6.175898230566867
VV,T,1994-08-01,-5.526798674444718
VV,T,1994-09-01,-4.962019681132268
VV,T,1994-10-01,-3.0278140750420013
VV,T,1994-11-01,-4.016551464710584
VV,T,1994-12-01,0.46694373969614106
VV,T,1995-01-01,2.428016791155082
VV,T,1995-02-01,1.3455675422138837
VV,T,1995-03-01,0.6515411454016231
VV,T,1995-04-01,-2.201497093159768
VV,T,1995-05-01,-0.9698996655518395
VV,T,1995-06-01,-3.8143989431968297
VV,T,1995-07-01,-5.620264833254914
VV,T,1995-08-01,-7.335362612939074
VV,T,1995-09-01,-8.106842069308767
VV,T,1995-10-01,-12.682875182875183
VV,T,1995-11-01,-16.812980090923343
VV,T,1995-12-01,-16.72300284956274
VV,T,1996-01-01,-20.122948454004963
VV,T,1996-02-01,-21.45343399573824
VV,T,1996-03-01,-19.327779373743176
VV,T,1996-04-01,-18.01899566883385
VV,T,1996-05-01,-13.419211656293724
VV,T,1996-06-01,-8.757384498863923
VV,T,1996-07-01,-4.753377828422595
VV,T,1996-08-01,-3.076313429411642
VV,T,1996-09-01,-5.421507614536649
VV,T,1996-10-01,-2.3490117836395905
VV,T,1996-11-01,5.449684349382832
VV,T,1996-12-01,3.4548264917228115
VV,T,1997-01-01,6.910838381770225
VV,T,1997-02-01,12.0692829873685
VV,T,1997-03-01,10.223630795527384
VV,T,1997-04-01,8.833727713609633
VV,T,1997-05-01,0.12147824536376604
VV,T,1997-06-01,-4.227861830819121
VV,T,1997-07-01,-6.396342505554606
VV,T,1997-08-01,-9.811284214150456
VV,T,1997-09-01,-6.669885578898907
VV,T,1997-10-01,-2.9518670700320584
VV,T,1997-11-01,-6.032547385821671
VV,T,1997-12-01,-8.007618700030795
VV,T,1998-01-01,-12.35481654218347
VV,T,1998-02-01,-20.426091242674847
VV,T,1998-03-01,-14.753551082824497
VV,T,1998-04-01,-11.060522888479877
VV,T,1998-05-01,-8.455313512249964
VV,T,1998-06-01,-2.693770006818208
VV,T,1998-07-01,-1.6467339206646276
VV,T,1998-08-01,-1.2311362958544587
VV,T,1998-09-01,-5.085602223371874
VV,T,1998-10-01,-12.407383713491445
VV,T,1998-11-01,-4.901937477713063
VV,T,1998-12-01,-0.9162141387091175
VV,T,1999-01-01,-2.0925449871465296
VV,T,1999-02-01,5.104133687557642
VV,T,1999-03-01,-2.3105395469877084
VV,T,1999-04-01,-10.819184083455362
VV,T,1999-05-01,-11.279045731447818
VV,T,1999-06-01,-15.100591434882782
VV,T,1999-07-01,-16.927539595057144
VV,T,1999-08-01,-14.231879506721583
VV,T,1999-09-01,-10.286474838382558
VV,T,1999-10-01,-6.42445489071256
VV,T,1999-11-01,-10.270479714021448
VV,T,1999-12-01,-1.7017229945319636
VV,T,2000-01-01,-2.0965709184477235
VV,T,2000-02-01,0.9416541156440311
VV,T,2000-03-01,4.253200568990042
VV,T,2000-04-01,12.954092087229105
VV,T,2000-05-01,18.724045775371753
VV,T,2000-06-01,16.87159903199183
VV,T,2000-07-01,25.581038046818257
VV,T,2000-08-01,27.698915645683705
VV,T,2000-09-01,28.2458495231367
VV,T,2000-10-01,32.194755066129304
VV,T,2000-11-01,29.71903773558623
VV,T,2000-12-01,22.697590346109294
VV,T,2001-01-01,34.054307743882
VV,T,2001-02-01,36.20027506033163
VV,T,2001-03-01,35.74219476798273
VV,T,2001-04-01,35.61156697141896
VV,T,2001-05-01,30.18804760640447
VV,T,2001-06-01,34.93919662948245
VV,T,2001-07-01,26.221485691405945
VV,T,2001-08-01,24.186415818436462
VV,T,2001-09-01,20.744551924729524
VV,T,2001-10-01,21.348290483602597
VV,T,2001-11-01,20.61444955113612
VV,T,2001-12-01,9.884842826019296
VV,T,2002-01-01,6.07076052055096
VV,T,2002-02-01,-0.9183138842581567
VV,T,2002-03-01,-6.282325419887786
VV,T,2002-04-01,-7.518670434713277
VV,T,2002-05-01,-8.575254038908298
VV,T,2002-06-01,-11.399781796893711
VV,T,2002-07-01,-11.904447205406786
VV,T,2002-08-01,-15.828826668797896
VV,T,2002-09-01,-14.670377298234408
VV,T,2002-10-01,-18.76028378832646
VV,T,2002-11-01,-20.401349703083127
VV,T,2002-12-01,-16.73653203421515
VV,T,2003-01-01,-14.685024519049415
VV,T,2003-02-01,-11.992000846064359
VV,T,2003-03-01,-28.128199377919053
VV,T,2003-04-01,-30.289677369913402
VV,T,2003-05-01,-32.765961573898956
VV,T,2003-06-01,-31.292360367214954
VV,T,2003-07-01,-34.08083859287636
VV,T,2003-08-01,-33.28972633089275
VV,T,2003-09-01,-29.341189302479762
VV,T,2003-10-01,-33.29013992486525
VV,T,2003-11-01,-39.269176565331186
VV,T,2003-12-01,-30.429408896599426
VV,T,2004-01-01,-33.8826988548437
VV,T,2004-02-01,-37.09934671939522
VV,T,2004-03-01,-18.466714601619838
VV,T,2004-04-01,-18.533227065354808
VV,T,2004-05-01,-13.95063687376484
VV,T,2004-06-01,-5.124581086988197
VV,T,2004-07-01,1.7859310512260258
VV,T,2004-08-01,12.988676619433198
VV,T,2004-09-01,14.554011925300403
VV,T,2004-10-01,28.34826893883747
VV,T,2004-11-01,49.413411422362195
VV,T,2004-12-01,40.1955830820634
VV,T,2005-01-01,47.61514670233219
VV,T,2005-02-01,50.149362603772275
VV,T,2005-03-01,49.07236393284414
VV,T,2005-04-01,62.57569368305642
VV,T,2005-05-01,64.80252129014953
VV,T,2005-06-01,53.74042049974659
VV,T,2005-07-01,58.61719413842966
VV,T,2005-08-01,43.47820001399678
VV,T,2005-09-01,33.31924169363894
VV,T,2005-10-01,28.02619865191403
VV,T,2005-11-01,26.564522292208512
VV,T,2005-12-01,17.416324680005115
VV,T,2006-01-01,16.20684968741506
VV,T,2006-02-01,21.520363665806855
VV,T,2006-03-01,26.28947104061792
VV,T,2006-04-01,21.837875973978814
VV,T,2006-05-01,20.20384912723278
VV,T,2006-06-01,18.473602717146996
VV,T,2006-07-01,18.368075788049097
VV,T,2006-08-01,23.247941624068364
VV,T,2006-09-01,27.725038646002616
VV,T,2006-10-01,32.997903980450396
VV,T,2006-11-01,31.306609010693624
VV,T,2006-12-01,42.70282579853066
VV,T,2007-01-01,44.58803578738085
VV,T,2007-02-01,43.02004606979002
VV,T,2007-03-01,39.84479954747932
VV,T,2007-04-01,36.74753685142765
VV,T,2007-05-01,37.45959211305746
VV,T,2007-06-01,40.34132110153628
VV,T,2007-07-01,35.32307496863735
VV,T,2007-08-01,36.90863470503962
VV,T,2007-09-01,37.518910741301056
VV,T,2007-10-01,33.47200956044367
VV,T,2007-11-01,32.30902739146882
VV,T,2007-12-01,27.081671026247683
VV,T,2008-01-01,27.089568335625117
VV,T,2008-02-01,27.657832736566082
VV,T,2008-03-01,23.20351901710212
VV,T,2008-04-01,27.159617396502764
VV,T,2008-05-01,24.630008126277428
VV,T,2008-06-01,21.005515434806117
VV,T,2008-07-01,17.983500944647194
VV,T,2008-08-01,16.757916158386763
VV,T,2008-09-01,12.681729711432682
VV,T,2008-10-01,7.286554485475576
VV,T,2008-11-01,-9.683658196128555
VV,T,2008-12-01,-30.524844533984133
VV,T,2009-01-01,-41.577342279031534
VV,T,2009-02-01,-50.54193972191376
VV,T,2009-03-01,-57.93423617523341
VV,T,2009-04-01,-62.8948373637352
VV,T,2009-05-01,-64.97846317994112
VV,T,2009-06-01,-63.17004627514846
VV,T,2009-07-01,-65.87346581528118
VV,T,2009-08-01,-66.92629546186032
VV,T,2009-09-01,-68.20170827200177
VV,T,2009-10-01,-67.63248487377426
VV,T,2009-11-01,-61.917707887206795
VV,T,2009-12-01,-53.68015717092338
VV,T,2010-01-01,-47.24247183463002
VV,T,2010-02-01,-34.834397992958486
VV,T,2010-03-01,-25.508822847944586
VV,T,2010-04-01,-22.698236722626966
VV,T,2010-05-01,-18.204770166010803
VV,T,2010-06-01,-24.742170753737682
VV,T,2010-07-01,-23.51252495518995
VV,T,2010-08-01,-21.903164954936074
VV,T,2010-09-01,-18.604358231515302
VV,T,2010-10-01,-17.16541777455483
VV,T,2010-11-01,-17.72663559018157
VV,T,2010-12-01,-7.773743680228021
VV,T,2011-01-01,-3.7753381285060397
VV,T,2011-02-01,-4.1362018764154
VV,T,2011-03-01,-5.207497749038225
VV,T,2011-04-01,-2.4654259859996586
VV,T,2011-05-01,3.4866878190095187
VV,T,2011-06-01,5.997420464316423
VV,T,2011-07-01,13.721231519585428
VV,T,2011-08-01,-2.5439000076681237
VV,T,2011-09-01,-12.27367688022284
VV,T,2011-10-01,-13.444740579343618
VV,T,2011-11-01,-13.968461507983676
VV,T,2011-12-01,-19.415011037527595
VV,T,2012-01-01,-19.604792560801144
VV,T,2012-02-01,-22.992423603260043
VV,T,2012-03-01,-20.319839734733353
VV,T,2012-04-01,-18.54672128277842
VV,T,2012-05-01,-22.424767554237345
VV,T,2012-06-01,-23.455350503616575
VV,T,2012-07-01,-27.676327693080918
VV,T,2012-08-01,-17.09975018195409
VV,T,2012-09-01,-7.1045842429053385
VV,T,2012-10-01,-1.717162635979502
VV,T,2012-11-01,-2.668846570106155
VV,T,2012-12-01,1.4084828562297402
VV,T,2013-01-01,-0.45376693284694264
VV,T,2013-02-01,-0.1818699739246664
VV,T,2013-03-01,-3.9988729463782566
VV,T,2013-04-01,-4.117684984204079
VV,T,2013-05-01,-1.8493856860555031
VV,T,2013-06-01,-2.3646038019119953
VV,T,2013-07-01,2.5156358582348854
VV,T,2013-08-01,3.343299164768413
VV,T,2013-09-01,3.610339671010468
VV,T,2013-10-01,-0.2584156604463959
VV,T,2013-11-01,0.6340493990725845
VV,T,2013-12-01,7.205726763163226
VV,T,2014-01-01,4.817554130449356
VV,T,2014-02-01,6.9982877464108535
VV,T,2014-03-01,11.03786151310591
VV,T,2014-04-01,7.909895774963577
VV,T,2014-05-01,5.959076485392275
VV,T,2014-06-01,3.740219800099498
VV,T,2014-07-01,6.139280549530008
VV,T,2014-08-01,12.531857736550869
VV,T,2014-09-01,14.18098510882016
VV,T,2014-10-01,12.449845236730482
VV,T,2014-11-01,14.211491442542787
VV,T,2014-12-01,16.054930287250126
VV,T,2015-01-01,23.279114882005587
VV,T,2015-02-01,17.19051331500554
VV,T,2015-03-01,13.98885771217112
VV,T,2015-04-01,14.899052841475573
VV,T,2015-05-01,14.670163988599281
VV,T,2015-06-01,19.748888307611825
VV,T,2015-07-01,16.886296383028547
VV,T,2015-08-01,10.430311562710411
VV,T,2015-09-01,7.142857142857143
VV,T,2015-10-01,9.660515852788256
VV,T,2015-11-01,27.40989275642741
VV,T,2015-12-01,5.574452686810204
VV,T,2016-01-01,-0.8421380276331945
VV,T,2016-02-01,-0.8665814674112848
VV,T,2016-03-01,-4.000927544504298
VV,T,2016-04-01,-2.0174629860621507
VV,T,2016-05-01,-3.0889213090542316
VV,T,2016-06-01,-3.8863404689092764
VV,T,2016-07-01,-4.163555231763956
VV,T,2016-08-01,-3.5160652587624486
VV,T,2016-09-01,-4.393258426966292
VV,T,2016-10-01,-4.001264340033096
VV,T,2016-11-01,-15.514483739114981
VV,T,2016-12-01,-9.23720244725883
VV,T,2017-01-01,-9.164312371385721
VV,T,2017-02-01,-6.115565288030234
VV,T,2017-03-01,-1.8692283394340288
VV,T,2017-04-01,-3.627239349827494
VV,T,2017-05-01,-4.019997769765454
VV,T,2017-06-01,-1.15528114997822
VV,T,2017-07-01,-1.5621733594329044
VV,T,2017-08-01,-2.857142857142857
VV,T,2017-09-01,-0.4152466016374819
VV,T,2017-10-01,-2.231217679301195
VV,T,2017-11-01,-3.1609744903813057
VV,T,2017-12-01,-4.186099205075433
VV,T,2018-01-01,-1.9908998406512182
VV,T,2018-02-01,-5.643022402798939
VV,T,2018-03-01,-8.255543142786815
VV,T,2018-04-01,-4.443380874892314
VV,T,2018-05-01,-1.369014193598358
VV,T,2018-06-01,-5.002778256787569
VV,T,2018-07-01,-3.386296503658513
VV,T,2018-08-01,-0.9797350575618987
VV,T,2018-09-01,-3.5777506785728335
VV,T,2018-10-01,-2.452505002080073
VV,T,2018-11-01,-0.5430382496396201
VV,T,2018-12-01,-3.718666246255715
VV,T,2019-01-01,6.740450538687561
VV,T,2019-02-01,8.418555509040528
VV,T,2019-03-01,6.9077250118671705
VV,T,2019-04-01,3.8926954361501784
VV,T,2019-05-01,-0.4751060153918643
VV,T,2019-06-01,2.3961274707543363
VV,T,2019-07-01,0.6954019543192854
VV,T,2019-08-01,0.18713543429356375
VV,T,2019-09-01,4.249025967403056
VV,T,2019-10-01,6.291505046607502
VV,T,2019-11-01,13.463447563832744
VV,T,2019-12-01,14.509691548805698
VV,T,2020-01-01,11.284432291571084
VV,T,2020-02-01,15.062699959548413
VV,T,2020-03-01,23.194980694980696
VV,T,2020-04-01,24.10089283992518
VV,T,2020-05-01,24.89841006825265
VV,T,2020-06-01,22.98101166088875
VV,T,2020-07-01,32.196225516461276
VV,T,2020-08-01,30.04073522106309
VV,T,2020-09-01,24.5431064845615
VV,T,2020-10-01,27.079233458797454
VV,T,2020-11-01,16.16007839431641
VV,T,2020-12-01,14.369213169842348
VV,T,2021-01-01,10.511213720316622
VV,T,2021-02-01,6.340886573556202
VV,T,2021-03-01,0.568831779362219
VV,T,2021-04-01,-0.7132312951596612
VV,T,2021-05-01,-0.6617600606481774
VV,T,2021-06-01,1.486345799631617
VV,T,2021-07-01,-0.543421151392329
VV,T,2021-08-01,5.3802545726815705
VV,T,2021-09-01,4.411695391915034
VV,T,2021-10-01,1.5215299494828
VV,T,2021-11-01,0.16118827392967974
VV,T,2021-12-01,-0.9189653825115262
VV,T,2022-01-01,-1.3310651505655535
VV,T,2022-02-01,2.49752051212695
VV,T,2022-03-01,0.627941038985322
VV,T,2022-04-01,-3.2458995868285965
VV,T,2022-05-01,-0.4229136524794505
VV,T,2022-06-01,-4.876663036788031
VV,T,2022-07-01,-6.010293873484974
VV,T,2022-08-01,-8.239081259787715
VV,T,2022-09-01,9.03591796199046
VV,T,2022-10-01,25.92411586991292
VV,T,2022-11-01,37.54756425874957
VV,T,2022-12-01,55.524709371105885
VV,T,2023-01-01,75.57545143825051
VV,T,2023-02-01,88.75205254515599
VV,T,2023-03-01,115.2366795187439
VV,T,2023-04-01,138.36174824496135
VV,T,2023-05-01,143.05695262729319
VV,T,2023-06-01,163.6404360161266
VV,T,2023-07-01,180.5077805077805
VV,T,2023-08-01,187.2807433393382
VV,T,2023-09-01,156.45165742044105
VV,T,2023-10-01,130.53428830163827
VV,T,2023-11-01,118.98768779933081
VV,T,2023-12-01,111.14829915414106
VV,T,2024-01-01,88.99598601133565
VV,T,2024-02-01,72.58668365127696
VV,T,2024-03-01,61.96241780693803
VV,T,2024-04-01,54.731948968512484
VV,T,2024-05-01,46.11604884746008
VV,T,2024-06-01,35.282938126164225
VV,T,2024-07-01,25.229139831114928
VV,T,2024-08-01,19.604833963156707
VV,T,2024-09-01,14.140343324543938
VV,T,2024-10-01,6.530422760826646
VV,T,2024-11-01,1.68220379182416
VV,T,2024-12-01,-10.354103022268335
VV,T,2025-01-01,-16.103421401648944
VV,T,2025-02-01,-16.87931771642026
VV,T,2025-03-01,-22.893337656742073
VV,T,2025-04-01,-28.39399507922794
VV,T,2025-05-01,-30.322212281561473
VV,T,2025-06-01,-40.82244034051263
VV,T,2025-07-01,-45.270270270270274
VV,T,2025-08-01,-46.832660344557986
VV,T,2025-09-01,-47.98238624845008
VV,T,2025-10-01,-46.50467862581529
VV,T,2025-11-01,-46.23113110262127
VV,T,2025-12-01,-42.10960606969866
VV,T,2026-01-01,-39.981529769665364
VV,T,2026-02-01,-41.33683469597704
VV,T,2026-03-01,-37.480053689419385
VV,T,2026-04-01,-31.36074379406018
