D0,D1,D2,date,value
CHF,A,D0,1985-01-01,12158.856652093511
CHF,A,D0,1985-04-01,13246.60605842237
CHF,A,D0,1985-07-01,14373.211650583984
CHF,A,D0,1985-10-01,15158.8
CHF,A,D0,1986-01-01,16412.653947058054
CHF,A,D0,1986-04-01,17145.216493340275
CHF,A,D0,1986-07-01,17505.82923357531
CHF,A,D0,1986-10-01,17695.7
CHF,A,D0,1987-01-01,17610.885654561484
CHF,A,D0,1987-04-01,17689.912428947235
CHF,A,D0,1987-07-01,18041.216909030383
CHF,A,D0,1987-10-01,18785.3
CHF,A,D0,1988-01-01,19766.211625571035
CHF,A,D0,1988-04-01,20911.350382905213
CHF,A,D0,1988-07-01,21892.08411750137
CHF,A,D0,1988-10-01,22384.9
CHF,A,D0,1989-01-01,23504.949986134685
CHF,A,D0,1989-04-01,24131.965668015568
CHF,A,D0,1989-07-01,24609.840306913276
CHF,A,D0,1989-10-01,25349.100000000002
CHF,A,D0,1990-01-01,24683.338343167285
CHF,A,D0,1990-04-01,24484.09081555989
CHF,A,D0,1990-07-01,24500.92408813175
CHF,A,D0,1990-10-01,24512.4
CHF,A,D0,1991-01-01,24533.488350642816
CHF,A,D0,1991-04-01,24390.696459658015
CHF,A,D0,1991-07-01,24093.340401408717
CHF,A,D0,1991-10-01,23649.5
CHF,A,D0,1992-01-01,23774.81407248033
CHF,A,D0,1992-04-01,23833.798302831743
CHF,A,D0,1992-07-01,23881.410679475564
CHF,A,D0,1992-10-01,23977.100000000002
CHF,A,D0,1993-01-01,25595.154207511678
CHF,A,D0,1993-04-01,27301.011138219452
CHF,A,D0,1993-07-01,29027.08245586079
CHF,A,D0,1993-10-01,30693.4
CHF,A,D0,1994-01-01,31251.698804622887
CHF,A,D0,1994-04-01,31735.412270853656
CHF,A,D0,1994-07-01,32244.26574649442
CHF,A,D0,1994-10-01,32879
CHF,A,D0,1995-01-01,33625.64685618147
CHF,A,D0,1995-04-01,34488.60497459241
CHF,A,D0,1995-07-01,35356.30089494097
CHF,A,D0,1995-10-01,36114.3
CHF,A,D0,1996-01-01,35016.68844677436
CHF,A,D0,1996-04-01,33810.1309320391
CHF,A,D0,1996-07-01,32633.475578668764
CHF,A,D0,1996-10-01,31606.8
CHF,A,D0,1997-01-01,34093.19897786091
CHF,A,D0,1997-04-01,36810.31399021181
CHF,A,D0,1997-07-01,39691.82503470638
CHF,A,D0,1997-10-01,42693.7
CHF,A,D0,1998-01-01,12491.05081493098
CHF,A,D0,1998-04-01,12624.868219874876
CHF,A,D0,1998-07-01,12772.007674657527
CHF,A,D0,1998-10-01,12968.3
CHF,A,D0,1999-01-01,18022.47725465269
CHF,A,D0,1999-04-01,18720.82096771417
CHF,A,D0,1999-07-01,19558.776785273032
CHF,A,D0,1999-10-01,20489.80742872741
CHF,A,D0,2000-01-01,21872.13483598192
CHF,A,D0,2000-04-01,23908.33083908104
CHF,A,D0,2000-07-01,22964.70101118843
CHF,A,D0,2000-10-01,21289.33227862529
CHF,A,D0,2001-01-01,19158.16887484334
CHF,A,D0,2001-04-01,17100.39880481358
CHF,A,D0,2001-07-01,17287.3184312426
CHF,A,D0,2001-10-01,23304.44801707816
CHF,A,D0,2002-01-01,25532.20387135252
CHF,A,D0,2002-04-01,22354.98491003391
CHF,A,D0,2002-07-01,23668.52902132982
CHF,A,D0,2002-10-01,23399.51977943337
CHF,A,D0,2003-01-01,24878.69885640533
CHF,A,D0,2003-04-01,20789.39033527652
CHF,A,D0,2003-07-01,21977.87522802057
CHF,A,D0,2003-10-01,14118.34593670056
CHF,A,D0,2004-01-01,14195.83910628173
CHF,A,D0,2004-04-01,13285.33448678867
CHF,A,D0,2004-07-01,16393.62383234245
CHF,A,D0,2004-10-01,20012.20194004796
CHF,A,D0,2005-01-01,20326.66674868485
CHF,A,D0,2005-04-01,14078.9985221101
CHF,A,D0,2005-07-01,14064.39724001787
CHF,A,D0,2005-10-01,13605.0975259337
CHF,A,D0,2006-01-01,12981.1567893068
CHF,A,D0,2006-04-01,15260.01163186603
CHF,A,D0,2006-07-01,19390.7957141662
CHF,A,D0,2006-10-01,20037.76159484425
CHF,A,D0,2007-01-01,26236.66455330052
CHF,A,D0,2007-04-01,25688.54066306726
CHF,A,D0,2007-07-01,19594.59451997576
CHF,A,D0,2007-10-01,23442.5060865061
CHF,A,D0,2008-01-01,22205.98324674299
CHF,A,D0,2008-04-01,36908.7683118526
CHF,A,D0,2008-07-01,33150.4736920021
CHF,A,D0,2008-10-01,34287.7705457117
CHF,A,D0,2009-01-01,32925.8587545927
CHF,A,D0,2009-04-01,34733.7986052592
CHF,A,D0,2009-07-01,31289.7991569794
CHF,A,D0,2009-10-01,29565.0571318858
CHF,A,D0,2010-01-01,33039.309732642716
CHF,A,D0,2010-04-01,31339.416515260895
CHF,A,D0,2010-07-01,28930.056104946627
CHF,A,D0,2010-10-01,32582.6729995
CHF,A,D0,2011-01-01,33665.000667173954
CHF,A,D0,2011-04-01,29094.300369218945
CHF,A,D0,2011-07-01,25440.863835722917
CHF,A,D0,2011-10-01,28706.14927365073
CHF,A,D0,2012-01-01,26860.584877337427
CHF,A,D0,2012-04-01,28549.851275894456
CHF,A,D0,2012-07-01,29734.38965036567
CHF,A,D0,2012-10-01,28386.2064062064
CHF,A,D0,2013-01-01,31690.430830112637
CHF,A,D0,2013-04-01,30578.988485533275
CHF,A,D0,2013-07-01,31327.872073656807
CHF,A,D0,2013-10-01,32190.600080600077
CHF,A,D0,2014-01-01,28946.905716403457
CHF,A,D0,2014-04-01,29714.964568031253
CHF,A,D0,2014-07-01,31314.605249081284
CHF,A,D0,2014-10-01,67967.04801497876
CHF,A,D0,2015-01-01,58080.444121436245
CHF,A,D0,2015-04-01,56015.746984751575
CHF,A,D0,2015-07-01,52623.658163110944
CHF,A,D0,2015-10-01,54695.749425537884
CHF,A,D0,2016-01-01,57085.55504544118
CHF,A,D0,2016-04-01,57244.350844576045
CHF,A,D0,2016-07-01,57279.20582345029
CHF,A,D0,2016-10-01,60583.04619053775
CHF,A,D0,2017-01-01,84932.02898830562
CHF,A,D0,2017-04-01,62677.72787795206
CHF,A,D0,2017-07-01,61154.384992215426
CHF,A,D0,2017-10-01,64228.1233293334
CHF,A,D0,2018-01-01,58688.863799805
CHF,A,D0,2018-04-01,68661.22662667267
CHF,A,D0,2018-07-01,71665.30880083366
CHF,A,D0,2018-10-01,70836.7804197932
CHF,A,D0,2019-01-01,70768.57964613177
CHF,A,D0,2019-04-01,67179.40788227368
CHF,A,D0,2019-07-01,62119.811059169806
CHF,A,D0,2019-10-01,68781.34293451993
CHF,A,D0,2020-01-01,69555.49460201242
CHF,A,D0,2020-04-01,69534.92567390527
CHF,A,D0,2020-07-01,74297.07437955085
CHF,A,D0,2020-10-01,69667.69283537584
CHF,A,D0,2021-01-01,69778.4695265419
CHF,A,D0,2021-04-01,65474.41031068592
CHF,A,D0,2021-07-01,63609.79716184161
CHF,A,D0,2021-10-01,79498.82061940289
CHF,A,D0,2022-01-01,76797.97497555304
CHF,A,D0,2022-04-01,73732.49835793414
CHF,A,D0,2022-07-01,73446.84968356173
CHF,A,D0,2022-10-01,70247.62642850063
CHF,A,D0,2023-01-01,67235.3108881084
CHF,A,D0,2023-04-01,64706.876756980746
CHF,A,D0,2023-07-01,66654.2041389935
CHF,A,D0,2023-10-01,59541.04218036872
CHF,A,D0,2024-01-01,60706.86441648511
CHF,A,D0,2024-04-01,62942.08844553695
CHF,A,D0,2024-07-01,58901.728120672684
CHF,A,D0,2024-10-01,55588.41884048641
CHF,A,D0,2025-01-01,63060.45849656122
CHF,A,D0,2025-04-01,60116.40936943067
CHF,A,D0,2025-07-01,57504.70708565882
CHF,A,D0,2025-10-01,54549.626334138346
CHF,A,D0,2026-01-01,49420.95467120425
CHF,A,D1,2004-04-01,20187
CHF,A,D1,2004-07-01,19583
CHF,A,D1,2004-10-01,28184
CHF,A,D1,2005-01-01,23515.1
CHF,A,D1,2005-04-01,29716.8
CHF,A,D1,2005-07-01,29518.3
CHF,A,D1,2005-10-01,27721.8
CHF,A,D1,2006-01-01,30319.1
CHF,A,D1,2006-04-01,35030.9
CHF,A,D1,2006-07-01,32248.2
CHF,A,D1,2006-10-01,39313.6
CHF,A,D1,2007-01-01,39517.5
CHF,A,D1,2007-04-01,48010.9
CHF,A,D1,2007-07-01,63860.8
CHF,A,D1,2007-10-01,51431.5
CHF,A,D1,2008-01-01,79565.8
CHF,A,D1,2008-04-01,60501
CHF,A,D1,2008-07-01,74457.2
CHF,A,D1,2008-10-01,99950.3
CHF,A,D1,2009-01-01,72276.1
CHF,A,D1,2009-04-01,56217.4
CHF,A,D1,2009-07-01,64518.6
CHF,A,D1,2009-10-01,55740.90535695
CHF,A,D1,2010-01-01,58058.55557007
CHF,A,D1,2010-04-01,73629.10014181
CHF,A,D1,2010-07-01,75045.80085300001
CHF,A,D1,2010-10-01,67210.30868685
CHF,A,D1,2011-01-01,60853.95224823
CHF,A,D1,2011-04-01,63655.1160688
CHF,A,D1,2011-07-01,87568.7661823
CHF,A,D1,2011-10-01,71919.2
CHF,A,D1,2012-01-01,61733.966459
CHF,A,D1,2012-04-01,61108.3178806
CHF,A,D1,2012-07-01,61296.7390635
CHF,A,D1,2012-10-01,66794.6007485
CHF,A,D1,2013-01-01,58197.62779125
CHF,A,D1,2013-04-01,59277.2208822
CHF,A,D1,2013-07-01,51150.43677
CHF,A,D1,2013-10-01,51268.10618165
CHF,A,D1,2014-01-01,47698.909
CHF,A,D1,2014-04-01,44363.83675
CHF,A,D1,2014-07-01,63723.388078250005
CHF,A,D1,2014-10-01,61077.654633419086
CHF,A,D1,2015-01-01,70567.94341580603
CHF,A,D1,2015-04-01,48737.31556879701
CHF,A,D1,2015-07-01,52401.29601752406
CHF,A,D1,2015-10-01,43001.227380548706
CHF,A,D1,2016-01-01,47193.528131489926
CHF,A,D1,2016-04-01,53072.90154494462
CHF,A,D1,2016-07-01,36162.968463692436
CHF,A,D1,2016-10-01,38655.10312765053
CHF,A,D1,2017-01-01,27675.42778690951
CHF,A,D1,2017-04-01,30433.155006605368
CHF,A,D1,2017-07-01,29939.482960041612
CHF,A,D1,2017-10-01,28336.39433305935
CHF,A,D1,2018-01-01,25802.714923778105
CHF,A,D1,2018-04-01,29404.741124839144
CHF,A,D1,2018-07-01,28134.671016954107
CHF,A,D1,2018-10-01,28301.665535622556
CHF,A,D1,2019-01-01,25284.77032567423
CHF,A,D1,2019-04-01,30943.705832404172
CHF,A,D1,2019-07-01,36587.642186990386
CHF,A,D1,2019-10-01,33589.33119419697
CHF,A,D1,2020-01-01,63029.18711264069
CHF,A,D1,2020-04-01,38901.508968509115
CHF,A,D1,2020-07-01,35709.92004271291
CHF,A,D1,2020-10-01,39269.89204335843
CHF,A,D1,2021-01-01,41199.9173187363
CHF,A,D1,2021-04-01,31969.700820620164
CHF,A,D1,2021-07-01,33334.6175811725
CHF,A,D1,2021-10-01,32288.32530978972
CHF,A,D1,2022-01-01,42545.25222985326
CHF,A,D1,2022-04-01,54528.2097369778
CHF,A,D1,2022-07-01,72250.42984980647
CHF,A,D1,2022-10-01,51073.27355474762
CHF,A,D1,2023-01-01,36577.0140392391
CHF,A,D1,2023-04-01,37123.75484827111
CHF,A,D1,2023-07-01,40661.541111822306
CHF,A,D1,2023-10-01,41596.19643972786
CHF,A,D1,2024-01-01,34084.67178393401
CHF,A,D1,2024-04-01,31702.479503152485
CHF,A,D1,2024-07-01,35672.33035443814
CHF,A,D1,2024-10-01,55936.25462759148
CHF,A,D1,2025-01-01,35757.29122733819
CHF,A,D1,2025-04-01,48079.66670935006
CHF,A,D1,2025-07-01,35313.06808983176
CHF,A,D1,2025-10-01,38410.3611061854
CHF,A,D1,2026-01-01,49987.07901221631
CHF,A,P,1985-01-01,70961.47900340462
CHF,A,P,1985-04-01,77223.9352750221
CHF,A,P,1985-07-01,83750.66513974634
CHF,A,P,1985-10-01,92221.2999999999
CHF,A,P,1986-01-01,95118.92462086401
CHF,A,P,1986-04-01,97367.63319415937
CHF,A,P,1986-07-01,98975.39581508155
CHF,A,P,1986-10-01,101269.8
CHF,A,P,1987-01-01,102749.76414945761
CHF,A,P,1987-04-01,104213.51114436662
CHF,A,P,1987-07-01,108020.04808955212
CHF,A,P,1987-10-01,106820.09999999999
CHF,A,P,1988-01-01,108516.54495124001
CHF,A,P,1988-04-01,110883.7533046222
CHF,A,P,1988-07-01,113535.52766776022
CHF,A,P,1988-10-01,116413.7
CHF,A,P,1989-01-01,119655.19545656427
CHF,A,P,1989-04-01,122712.49417050651
CHF,A,P,1989-07-01,124463.04901026367
CHF,A,P,1989-10-01,123414.8
CHF,A,P,1990-01-01,116762.11628644659
CHF,A,P,1990-04-01,111509.21568028253
CHF,A,P,1990-07-01,101265.36347414448
CHF,A,P,1990-10-01,95895.1
CHF,A,P,1991-01-01,101281.7576154346
CHF,A,P,1991-04-01,105862.70859054942
CHF,A,P,1991-07-01,110005.48221878642
CHF,A,P,1991-10-01,113637.09999999999
CHF,A,P,1992-01-01,116420.02763251172
CHF,A,P,1992-04-01,117938.32272705372
CHF,A,P,1992-07-01,118267.24963822491
CHF,A,P,1992-10-01,120790.70000000001
CHF,A,P,1993-01-01,119059.20790891565
CHF,A,P,1993-04-01,118349.11750419717
CHF,A,P,1993-07-01,116762.49450713338
CHF,A,P,1993-10-01,118324
CHF,A,P,1994-01-01,120182.3092285522
CHF,A,P,1994-04-01,120493.57574418007
CHF,A,P,1994-07-01,121283.95294240717
CHF,A,P,1994-10-01,123219
CHF,A,P,1995-01-01,124179.4728871511
CHF,A,P,1995-04-01,128611.06642503284
CHF,A,P,1995-07-01,131733.51522189414
CHF,A,P,1995-10-01,135517.6
CHF,A,P,1996-01-01,138597.6899329826
CHF,A,P,1996-04-01,140620.96467070092
CHF,A,P,1996-07-01,141792.78826226827
CHF,A,P,1996-10-01,145468.499999999
CHF,A,P,1997-01-01,152528.85150171007
CHF,A,P,1997-04-01,160383.4473581784
CHF,A,P,1997-07-01,161345.64515161084
CHF,A,P,1997-10-01,163816
CHF,A,P,1998-01-01,201959.94698844297
CHF,A,P,1998-04-01,193280.9270440433
CHF,A,P,1998-07-01,167120.81178462633
CHF,A,P,1998-10-01,169580.046
CHF,A,P,1999-01-01,173489.84438759563
CHF,A,P,1999-04-01,171748.02850734277
CHF,A,P,1999-07-01,171255.22304480453
CHF,A,P,1999-10-01,180755.87029579002
CHF,A,P,2000-01-01,181060.30692963
CHF,A,P,2000-04-01,175123.20433425
CHF,A,P,2000-07-01,177905.15230837
CHF,A,P,2000-10-01,179839.36086446
CHF,A,P,2001-01-01,184609.16464507
CHF,A,P,2001-04-01,198546.1371273
CHF,A,P,2001-07-01,186697.73091274002
CHF,A,P,2001-10-01,189935.72398383
CHF,A,P,2002-01-01,191901.874988511
CHF,A,P,2002-04-01,188235.971211191
CHF,A,P,2002-07-01,185607.437921731
CHF,A,P,2002-10-01,186673.899793341
CHF,A,P,2003-01-01,192428.711880831
CHF,A,P,2003-04-01,202632.58779199098
CHF,A,P,2003-07-01,207982.426254125
CHF,A,P,2003-10-01,212213.456949954
CHF,A,P,2004-01-01,222197.08213425
CHF,A,P,2004-04-01,219668.4341141
CHF,A,P,2004-07-01,226036.23336552
CHF,A,P,2004-10-01,226531.35410805
CHF,A,P,2005-01-01,239295.8729377
CHF,A,P,2005-04-01,243223.59361394998
CHF,A,P,2005-07-01,252699.089948
CHF,A,P,2005-10-01,262042.2961754
CHF,A,P,2006-01-01,282337.33598515
CHF,A,P,2006-04-01,290397.3332956
CHF,A,P,2006-07-01,303343.34669495
CHF,A,P,2006-10-01,308542.8728495
CHF,A,P,2007-01-01,329223.38791945
CHF,A,P,2007-04-01,342433.3837734
CHF,A,P,2007-07-01,345429.45136845
CHF,A,P,2007-10-01,353561.52700858
CHF,A,P,2008-01-01,367414.9446431
CHF,A,P,2008-04-01,368906.19315075
CHF,A,P,2008-07-01,361896.13348258
CHF,A,P,2008-10-01,334826.4753796
CHF,A,P,2009-01-01,335837.37155455
CHF,A,P,2009-04-01,350268.65710755
CHF,A,P,2009-07-01,354225.5640925
CHF,A,P,2009-10-01,363418.42743705
CHF,A,P,2010-01-01,370588.1796665
CHF,A,P,2010-04-01,364151.92196545
CHF,A,P,2010-07-01,364355.3886562
CHF,A,P,2010-10-01,360370.5803479
CHF,A,P,2011-01-01,359834.04486835003
CHF,A,P,2011-04-01,356402.4311787
CHF,A,P,2011-07-01,342832.55161695
CHF,A,P,2011-10-01,333069.3935046
CHF,A,P,2012-01-01,334217.85617475
CHF,A,P,2012-04-01,323429.64029175
CHF,A,P,2012-07-01,328621.33922805
CHF,A,P,2012-10-01,332731.03134725
CHF,A,P,2013-01-01,332809.73946161
CHF,A,P,2013-04-01,320449.39390449
CHF,A,P,2013-07-01,320041.45844865
CHF,A,P,2013-10-01,318883.59410818
CHF,A,P,2014-01-01,322823.83612517
CHF,A,P,2014-04-01,324680.13579339
CHF,A,P,2014-07-01,326437.68715882
CHF,A,P,2014-10-01,312371.5440274243
CHF,A,P,2015-01-01,305079.4637111243
CHF,A,P,2015-04-01,296325.2764511895
CHF,A,P,2015-07-01,290153.9097562315
CHF,A,P,2015-10-01,283715.24673715257
CHF,A,P,2016-01-01,281207.2802200083
CHF,A,P,2016-04-01,278776.2350309037
CHF,A,P,2016-07-01,276017.94969404564
CHF,A,P,2016-10-01,269664.66208984575
CHF,A,P,2017-01-01,271507.04182423477
CHF,A,P,2017-04-01,269275.25657827646
CHF,A,P,2017-07-01,269574.13080199616
CHF,A,P,2017-10-01,270718.5149191858
CHF,A,P,2018-01-01,271439.71113391867
CHF,A,P,2018-04-01,268725.13067726063
CHF,A,P,2018-07-01,271001.85959168774
CHF,A,P,2018-10-01,258860.37301093576
CHF,A,P,2019-01-01,265827.6684626175
CHF,A,P,2019-04-01,269216.2539394259
CHF,A,P,2019-07-01,269747.12603299005
CHF,A,P,2019-10-01,269171.50882462604
CHF,A,P,2020-01-01,250239.21802378437
CHF,A,P,2020-04-01,262790.0493916814
CHF,A,P,2020-07-01,265783.8697051933
CHF,A,P,2020-10-01,268624.29448102944
CHF,A,P,2021-01-01,278736.1479125609
CHF,A,P,2021-04-01,288321.5655584348
CHF,A,P,2021-07-01,289593.87692228943
CHF,A,P,2021-10-01,292927.1211411033
CHF,A,P,2022-01-01,282649.8750838757
CHF,A,P,2022-04-01,269086.21330009314
CHF,A,P,2022-07-01,259449.28765331037
CHF,A,P,2022-10-01,262797.6790997599
CHF,A,P,2023-01-01,270567.23452471226
CHF,A,P,2023-04-01,276690.40872104705
CHF,A,P,2023-07-01,271462.6909760542
CHF,A,P,2023-10-01,271791.77753364324
CHF,A,P,2024-01-01,280207.8290589453
CHF,A,P,2024-04-01,281970.52262699924
CHF,A,P,2024-07-01,285029.0927929602
CHF,A,P,2024-10-01,280726.60035939235
CHF,A,P,2025-01-01,285702.56074902083
CHF,A,P,2025-04-01,285065.33464115375
CHF,A,P,2025-07-01,288975.9413217847
CHF,A,P,2025-10-01,287788.2285275871
CHF,A,P,2026-01-01,295970.13761969557
CHF,A,T,1985-01-01,173113.9436886897
CHF,A,T,1985-04-01,184151.24546021884
CHF,A,T,1985-07-01,195056.30031651017
CHF,A,T,1985-10-01,207103.0999999999
CHF,A,T,1986-01-01,212497.48558336485
CHF,A,T,1986-04-01,216819.78173825264
CHF,A,T,1986-07-01,220366.30465614863
CHF,A,T,1986-10-01,224965.7
CHF,A,T,1987-01-01,228880.38095833827
CHF,A,T,1987-04-01,233084.21508998246
CHF,A,T,1987-07-01,239553.2660665006
CHF,A,T,1987-10-01,240534.4
CHF,A,T,1988-01-01,243577.00934681355
CHF,A,T,1988-04-01,246589.73954705385
CHF,A,T,1988-07-01,249158.91890596412
CHF,A,T,1988-10-01,251170.5
CHF,A,T,1989-01-01,254796.20956714562
CHF,A,T,1989-04-01,258663.99062382063
CHF,A,T,1989-07-01,262420.86753971176
CHF,A,T,1989-10-01,265518.9
CHF,A,T,1990-01-01,262368.8020113461
CHF,A,T,1990-04-01,261094.50045553455
CHF,A,T,1990-07-01,254099.8711289248
CHF,A,T,1990-10-01,250184.5
CHF,A,T,1991-01-01,255147.9370252652
CHF,A,T,1991-04-01,257807.71865006117
CHF,A,T,1991-07-01,259496.31741144194
CHF,A,T,1991-10-01,261086.59999999998
CHF,A,T,1992-01-01,261373.8648926933
CHF,A,T,1992-04-01,260809.6815107237
CHF,A,T,1992-07-01,258789.17141806203
CHF,A,T,1992-10-01,258086.80000000002
CHF,A,T,1993-01-01,258010.98200813236
CHF,A,T,1993-04-01,258353.3470972048
CHF,A,T,1993-07-01,258358.70230556428
CHF,A,T,1993-10-01,263380.4
CHF,A,T,1994-01-01,267484.1084892735
CHF,A,T,1994-04-01,271195.8728960118
CHF,A,T,1994-07-01,274989.3144067491
CHF,A,T,1994-10-01,278165
CHF,A,T,1995-01-01,277669.49950187636
CHF,A,T,1995-04-01,279773.30513386114
CHF,A,T,1995-07-01,281101.31440777116
CHF,A,T,1995-10-01,284979.9
CHF,A,T,1996-01-01,288519.23519526975
CHF,A,T,1996-04-01,292293.50512109
CHF,A,T,1996-07-01,295816.9769663834
CHF,A,T,1996-10-01,301796.799999999
CHF,A,T,1997-01-01,315829.0514943061
CHF,A,T,1997-04-01,330412.55242948944
CHF,A,T,1997-07-01,337999.2772527003
CHF,A,T,1997-10-01,347180.2
CHF,A,T,1998-01-01,354288.69901619194
CHF,A,T,1998-04-01,344971.1285948652
CHF,A,T,1998-07-01,318257.7222579648
CHF,A,T,1998-10-01,320285.346
CHF,A,T,1999-01-01,300109.181641389
CHF,A,T,1999-04-01,294115.04591197596
CHF,A,T,1999-07-01,293419.6158443105
CHF,A,T,1999-10-01,298156.90704345464
CHF,A,T,2000-01-01,313537.44545682234
CHF,A,T,2000-04-01,310447.8920290033
CHF,A,T,2000-07-01,315993.31619751797
CHF,A,T,2000-10-01,315243.89097220387
CHF,A,T,2001-01-01,330900.96548887476
CHF,A,T,2001-04-01,340526.6080429947
CHF,A,T,2001-07-01,327538.48885812034
CHF,A,T,2001-10-01,343255.970773551
CHF,A,T,2002-01-01,351885.0896447226
CHF,A,T,2002-04-01,344594.610000482
CHF,A,T,2002-07-01,341517.7234505608
CHF,A,T,2002-10-01,343191.98974721436
CHF,A,T,2003-01-01,361115.96959362633
CHF,A,T,2003-04-01,369812.1061358786
CHF,A,T,2003-07-01,371327.88124270114
CHF,A,T,2003-10-01,331438.88774387457
CHF,A,T,2004-01-01,342346.8674641428
CHF,A,T,2004-04-01,365539.60380888864
CHF,A,T,2004-07-01,373968.26995756244
CHF,A,T,2004-10-01,382436.44433219795
CHF,A,T,2005-01-01,388335.6763304848
CHF,A,T,2005-04-01,401711.2061750201
CHF,A,T,2005-07-01,411542.71228523785
CHF,A,T,2005-10-01,427762.7319946837
CHF,A,T,2006-01-01,455908.1230416768
CHF,A,T,2006-04-01,478391.204675246
CHF,A,T,2006-07-01,478594.6080041162
CHF,A,T,2006-10-01,497138.98370101425
CHF,A,T,2007-01-01,523900.86249775055
CHF,A,T,2007-04-01,557247.5680897973
CHF,A,T,2007-07-01,572599.1426653658
CHF,A,T,2007-10-01,578589.7083173061
CHF,A,T,2008-01-01,625794.873064843
CHF,A,T,2008-04-01,637034.0068695426
CHF,A,T,2008-07-01,648936.793939862
CHF,A,T,2008-10-01,619600.2601019817
CHF,A,T,2009-01-01,597553.7872730327
CHF,A,T,2009-04-01,589014.2207128092
CHF,A,T,2009-07-01,593010.7809703094
CHF,A,T,2009-10-01,581233.9967633858
CHF,A,T,2010-01-01,588106.2349442127
CHF,A,T,2010-04-01,572601.9216225209
CHF,A,T,2010-07-01,574270.2776141466
CHF,A,T,2010-10-01,566867.10803425
CHF,A,T,2011-01-01,560407.871783754
CHF,A,T,2011-04-01,547051.6926167189
CHF,A,T,2011-07-01,554590.0726349729
CHF,A,T,2011-10-01,551235.4898115807
CHF,A,T,2012-01-01,533576.1179485874
CHF,A,T,2012-04-01,510494.5244482445
CHF,A,T,2012-07-01,509567.0779419157
CHF,A,T,2012-10-01,510816.3155019564
CHF,A,T,2013-01-01,506695.10708297265
CHF,A,T,2013-04-01,493535.44727222325
CHF,A,T,2013-07-01,484543.6252923068
CHF,A,T,2013-10-01,486828.1063052301
CHF,A,T,2014-01-01,480606.1036298734
CHF,A,T,2014-04-01,479029.33755692124
CHF,A,T,2014-07-01,499321.70871075126
CHF,A,T,2014-10-01,520273.06208716024
CHF,A,T,2015-01-01,507529.5102099618
CHF,A,T,2015-04-01,464111.1903549107
CHF,A,T,2015-07-01,454287.2206821
CHF,A,T,2015-10-01,441204.5838664431
CHF,A,T,2016-01-01,446376.68824686925
CHF,A,T,2016-04-01,440709.22885038867
CHF,A,T,2016-07-01,421082.3603264296
CHF,A,T,2016-10-01,425594.13435544353
CHF,A,T,2017-01-01,435585.2842384708
CHF,A,T,2017-04-01,411892.53901672247
CHF,A,T,2017-07-01,409910.68528846256
CHF,A,T,2017-10-01,412402.28976624995
CHF,A,T,2018-01-01,405972.9046698807
CHF,A,T,2018-04-01,417908.2576376635
CHF,A,T,2018-07-01,423381.5854402456
CHF,A,T,2018-10-01,405644.72288786614
CHF,A,T,2019-01-01,414059.88114169874
CHF,A,T,2019-04-01,418738.5862789866
CHF,A,T,2019-07-01,422423.33247927704
CHF,A,T,2019-10-01,435583.3127443667
CHF,A,T,2020-01-01,445185.99893857515
CHF,A,T,2020-04-01,430224.7975843817
CHF,A,T,2020-07-01,433493.9834670167
CHF,A,T,2020-10-01,434596.7427723054
CHF,A,T,2021-01-01,438823.50034437183
CHF,A,T,2021-04-01,434329.50219595514
CHF,A,T,2021-07-01,434361.62083640625
CHF,A,T,2021-10-01,452782.5717277204
CHF,A,T,2022-01-01,451704.9992156037
CHF,A,T,2022-04-01,446761.1642535523
CHF,A,T,2022-07-01,454325.7390938286
CHF,A,T,2022-10-01,434566.01319095196
CHF,A,T,2023-01-01,427793.9415699984
CHF,A,T,2023-04-01,433001.04516710085
CHF,A,T,2023-07-01,433581.9758609271
CHF,A,T,2023-10-01,432112.4481774821
CHF,A,T,2024-01-01,435859.13737847836
CHF,A,T,2024-04-01,438954.2949924799
CHF,A,T,2024-07-01,440869.71575877146
CHF,A,T,2024-10-01,455124.16273964423
CHF,A,T,2025-01-01,445675.9527089974
CHF,A,T,2025-04-01,452860.9051867102
CHF,A,T,2025-07-01,439634.9117260228
CHF,A,T,2025-10-01,443756.7882019188
CHF,A,T,2026-01-01,458852.68755721644
CHF,A,UI,1985-01-01,89993.60803319156
CHF,A,UI,1985-04-01,93680.70412677438
CHF,A,UI,1985-07-01,96932.42352617986
CHF,A,UI,1985-10-01,99723
CHF,A,UI,1986-01-01,100965.90701544279
CHF,A,UI,1986-04-01,102306.93205075299
CHF,A,UI,1986-07-01,103885.07960749177
CHF,A,UI,1986-10-01,106000.2
CHF,A,UI,1987-01-01,108519.73115431919
CHF,A,UI,1987-04-01,111180.7915166686
CHF,A,UI,1987-07-01,113492.00106791809
CHF,A,UI,1987-10-01,114929
CHF,A,UI,1988-01-01,115294.25277000251
CHF,A,UI,1988-04-01,114794.63585952645
CHF,A,UI,1988-07-01,113731.30712070252
CHF,A,UI,1988-10-01,112371.9
CHF,A,UI,1989-01-01,111636.06412444664
CHF,A,UI,1989-04-01,111819.53078529857
CHF,A,UI,1989-07-01,113347.97822253479
CHF,A,UI,1989-10-01,116755
CHF,A,UI,1990-01-01,120923.3473817322
CHF,A,UI,1990-04-01,125101.19395969216
CHF,A,UI,1990-07-01,128333.58356664857
CHF,A,UI,1990-10-01,129777
CHF,A,UI,1991-01-01,129332.69105918778
CHF,A,UI,1991-04-01,127554.31359985372
CHF,A,UI,1991-07-01,125397.4947912468
CHF,A,UI,1991-10-01,123800
CHF,A,UI,1992-01-01,121179.02318770124
CHF,A,UI,1992-04-01,119037.56048083823
CHF,A,UI,1992-07-01,116640.51110036155
CHF,A,UI,1992-10-01,113319
CHF,A,UI,1993-01-01,113356.61989170502
CHF,A,UI,1993-04-01,112703.21845478818
CHF,A,UI,1993-07-01,112569.1253425701
CHF,A,UI,1993-10-01,114363
CHF,A,UI,1994-01-01,116050.10045609847
CHF,A,UI,1994-04-01,118966.8848809781
CHF,A,UI,1994-07-01,121461.09571784752
CHF,A,UI,1994-10-01,122067
CHF,A,UI,1995-01-01,119864.37975854382
CHF,A,UI,1995-04-01,116673.6337342359
CHF,A,UI,1995-07-01,114011.49829093607
CHF,A,UI,1995-10-01,113348
CHF,A,UI,1996-01-01,114904.85681551277
CHF,A,UI,1996-04-01,117862.40951834999
CHF,A,UI,1996-07-01,121390.71312544636
CHF,A,UI,1996-10-01,124721.5
CHF,A,UI,1997-01-01,129207.0010147351
CHF,A,UI,1997-04-01,133218.79108109925
CHF,A,UI,1997-07-01,136961.80706638307
CHF,A,UI,1997-10-01,140670.5
CHF,A,UI,1998-01-01,139837.70121281798
CHF,A,UI,1998-04-01,139065.33333094706
CHF,A,UI,1998-07-01,138364.9027986809
CHF,A,UI,1998-10-01,137737
CHF,A,UI,1999-01-01,108596.85999914065
CHF,A,UI,1999-04-01,103646.19643691902
CHF,A,UI,1999-07-01,102605.61601423292
CHF,A,UI,1999-10-01,96911.2293189372
CHF,A,UI,2000-01-01,110605.0036912104
CHF,A,UI,2000-04-01,111416.35685567227
CHF,A,UI,2000-07-01,115123.46287795951
CHF,A,UI,2000-10-01,114115.19782911854
CHF,A,UI,2001-01-01,127133.6319689614
CHF,A,UI,2001-04-01,124880.07211088108
CHF,A,UI,2001-07-01,123553.4395141377
CHF,A,UI,2001-10-01,130015.7987726428
CHF,A,UI,2002-01-01,134451.01078485907
CHF,A,UI,2002-04-01,134003.6538792571
CHF,A,UI,2002-07-01,132241.7565075
CHF,A,UI,2002-10-01,133118.57017444
CHF,A,UI,2003-01-01,143808.55885639
CHF,A,UI,2003-04-01,146390.1280086111
CHF,A,UI,2003-07-01,141367.5797605556
CHF,A,UI,2003-10-01,105107.08485722
CHF,A,UI,2004-01-01,105953.9462236111
CHF,A,UI,2004-04-01,112398.835208
CHF,A,UI,2004-07-01,111955.4127597
CHF,A,UI,2004-10-01,107708.8882841
CHF,A,UI,2005-01-01,105198.0366441
CHF,A,UI,2005-04-01,114691.81403896
CHF,A,UI,2005-07-01,115260.92509722
CHF,A,UI,2005-10-01,124393.53829335
CHF,A,UI,2006-01-01,130270.53026722
CHF,A,UI,2006-04-01,137702.95974778
CHF,A,UI,2006-07-01,123612.265595
CHF,A,UI,2006-10-01,129244.74925667
CHF,A,UI,2007-01-01,128923.310025
CHF,A,UI,2007-04-01,141114.74365333
CHF,A,UI,2007-07-01,143714.29677694
CHF,A,UI,2007-10-01,150154.17522222
CHF,A,UI,2008-01-01,156608.145175
CHF,A,UI,2008-04-01,170718.04540694
CHF,A,UI,2008-07-01,179432.98676528
CHF,A,UI,2008-10-01,150535.71417667
CHF,A,UI,2009-01-01,156514.45696389
CHF,A,UI,2009-04-01,147794.365
CHF,A,UI,2009-07-01,142976.81772083
CHF,A,UI,2009-10-01,132509.6068375
CHF,A,UI,2010-01-01,126420.189975
CHF,A,UI,2010-04-01,103481.483
CHF,A,UI,2010-07-01,105939.032
CHF,A,UI,2010-10-01,106703.546
CHF,A,UI,2011-01-01,106054.874
CHF,A,UI,2011-04-01,97899.845
CHF,A,UI,2011-07-01,98747.891
CHF,A,UI,2011-10-01,117540.74703333
CHF,A,UI,2012-01-01,110763.7104375
CHF,A,UI,2012-04-01,97406.715
CHF,A,UI,2012-07-01,89914.61
CHF,A,UI,2012-10-01,82904.477
CHF,A,UI,2013-01-01,83997.309
CHF,A,UI,2013-04-01,83229.844
CHF,A,UI,2013-07-01,82023.858
CHF,A,UI,2013-10-01,84485.8059348
CHF,A,UI,2014-01-01,81136.4527883
CHF,A,UI,2014-04-01,80270.4004455
CHF,A,UI,2014-07-01,77846.0282246
CHF,A,UI,2014-10-01,78856.81541133813
CHF,A,UI,2015-01-01,73801.6589615952
CHF,A,UI,2015-04-01,63032.85135017258
CHF,A,UI,2015-07-01,59108.35674523348
CHF,A,UI,2015-10-01,59792.36032320386
CHF,A,UI,2016-01-01,60890.32484992984
CHF,A,UI,2016-04-01,51615.74142996433
CHF,A,UI,2016-07-01,51622.2363452412
CHF,A,UI,2016-10-01,56691.32294740952
CHF,A,UI,2017-01-01,51470.78563902089
CHF,A,UI,2017-04-01,49506.39955388859
CHF,A,UI,2017-07-01,49242.68653420934
CHF,A,UI,2017-10-01,49119.257184671405
CHF,A,UI,2018-01-01,50041.61481237893
CHF,A,UI,2018-04-01,51117.15920889101
CHF,A,UI,2018-07-01,52579.74603077007
CHF,A,UI,2018-10-01,47645.90392151466
CHF,A,UI,2019-01-01,52178.862707275206
CHF,A,UI,2019-04-01,51399.218624882786
CHF,A,UI,2019-07-01,53968.75320012674
CHF,A,UI,2019-10-01,64041.129791023784
CHF,A,UI,2020-01-01,62362.09920013767
CHF,A,UI,2020-04-01,58998.31355028589
CHF,A,UI,2020-07-01,57703.11933955969
CHF,A,UI,2020-10-01,57034.86341254162
CHF,A,UI,2021-01-01,49108.96558653272
CHF,A,UI,2021-04-01,48563.825506214234
CHF,A,UI,2021-07-01,47823.32917110276
CHF,A,UI,2021-10-01,48068.30465742447
CHF,A,UI,2022-01-01,49711.896926321744
CHF,A,UI,2022-04-01,49414.242858547215
CHF,A,UI,2022-07-01,49179.17190714997
CHF,A,UI,2022-10-01,50447.43410794378
CHF,A,UI,2023-01-01,53414.38211793865
CHF,A,UI,2023-04-01,54480.00484080202
CHF,A,UI,2023-07-01,54803.5396340571
CHF,A,UI,2023-10-01,59183.43202374219
CHF,A,UI,2024-01-01,60859.772119113964
CHF,A,UI,2024-04-01,62339.20441679123
CHF,A,UI,2024-07-01,61266.56449070041
CHF,A,UI,2024-10-01,62872.888912174014
CHF,A,UI,2025-01-01,61155.64223607715
CHF,A,UI,2025-04-01,59599.49446677575
CHF,A,UI,2025-07-01,57841.1952287475
CHF,A,UI,2025-10-01,63008.57223400793
CHF,A,UI,2026-01-01,63474.51625410033
CHF,N,D0,1985-01-01,-18059.677357497254
CHF,N,D0,1985-04-01,-18804.651517528506
CHF,N,D0,1985-07-01,-19687.812004003867
CHF,N,D0,1985-10-01,-20933.3
CHF,N,D0,1986-01-01,-23045.99473103963
CHF,N,D0,1986-04-01,-25365.026896553645
CHF,N,D0,1986-07-01,-27862.877293673835
CHF,N,D0,1986-10-01,-30655.999999999996
CHF,N,D0,1987-01-01,-31838.529500879107
CHF,N,D0,1987-04-01,-33007.09822152069
CHF,N,D0,1987-07-01,-33840.04478913646
CHF,N,D0,1987-10-01,-34095
CHF,N,D0,1988-01-01,-34572.539275687996
CHF,N,D0,1988-04-01,-34852.97087284024
CHF,N,D0,1988-07-01,-35186.846091518695
CHF,N,D0,1988-10-01,-35857.99999999999
CHF,N,D0,1989-01-01,-36261.862557443965
CHF,N,D0,1989-04-01,-37136.98119755909
CHF,N,D0,1989-07-01,-38419.438773317735
CHF,N,D0,1989-10-01,-40082.7
CHF,N,D0,1990-01-01,-41272.17358855899
CHF,N,D0,1990-04-01,-42472.548904391224
CHF,N,D0,1990-07-01,-43523.78979036849
CHF,N,D0,1990-10-01,-44273.19999999999
CHF,N,D0,1991-01-01,-45592.30790622911
CHF,N,D0,1991-04-01,-46608.44430882221
CHF,N,D0,1991-07-01,-47406.73479822744
CHF,N,D0,1991-10-01,-48062.3
CHF,N,D0,1992-01-01,-47701.873239186236
CHF,N,D0,1992-04-01,-47216.3738551843
CHF,N,D0,1992-07-01,-46608.68367444303
CHF,N,D0,1992-10-01,-45891
CHF,N,D0,1993-01-01,-46986.48402700192
CHF,N,D0,1993-04-01,-48102.09207014519
CHF,N,D0,1993-07-01,-49404.59026692882
CHF,N,D0,1993-10-01,-51096.200000000004
CHF,N,D0,1994-01-01,-52675.53519804913
CHF,N,D0,1994-04-01,-54628.04323542326
CHF,N,D0,1994-07-01,-56718.6978017597
CHF,N,D0,1994-10-01,-58682
CHF,N,D0,1995-01-01,-59714.16587622452
CHF,N,D0,1995-04-01,-60490.53304364701
CHF,N,D0,1995-07-01,-61181.61743487271
CHF,N,D0,1995-10-01,-61954.8
CHF,N,D0,1996-01-01,-64647.32660312855
CHF,N,D0,1996-04-01,-67586.36004156189
CHF,N,D0,1996-07-01,-70773.34399284788
CHF,N,D0,1996-10-01,-74240.4
CHF,N,D0,1997-01-01,-75277.0971516124
CHF,N,D0,1997-04-01,-76582.37843602765
CHF,N,D0,1997-07-01,-78113.37797424998
CHF,N,D0,1997-10-01,-79795.2
CHF,N,D0,1998-01-01,-99963.87981877566
CHF,N,D0,1998-04-01,-103940.66868613912
CHF,N,D0,1998-07-01,-108426.39558822439
CHF,N,D0,1998-10-01,-113487.79999999999
CHF,N,D0,1999-01-01,-114819.52121195292
CHF,N,D0,1999-04-01,-121091.57895990818
CHF,N,D0,1999-07-01,-127556.51949136563
CHF,N,D0,1999-10-01,-134088.2620401754
CHF,N,D0,2000-01-01,-138286.49009029652
CHF,N,D0,2000-04-01,-143345.63012662268
CHF,N,D0,2000-07-01,-147748.06490932906
CHF,N,D0,2000-10-01,-163389.77654614582
CHF,N,D0,2001-01-01,-163902.03557069227
CHF,N,D0,2001-04-01,-165907.1019748932
CHF,N,D0,2001-07-01,-167517.31886760844
CHF,N,D0,2001-10-01,-165780.79311348737
CHF,N,D0,2002-01-01,-168376.5312618116
CHF,N,D0,2002-04-01,-174301.53044611213
CHF,N,D0,2002-07-01,-179466.8718608275
CHF,N,D0,2002-10-01,-186895.7826724686
CHF,N,D0,2003-01-01,-186395.65187837035
CHF,N,D0,2003-04-01,-193692.42071048295
CHF,N,D0,2003-07-01,-201259.51477462082
CHF,N,D0,2003-10-01,-224339.88249581849
CHF,N,D0,2004-01-01,-233396.74276778445
CHF,N,D0,2004-04-01,-242327.68076360514
CHF,N,D0,2004-07-01,-247402.09191905573
CHF,N,D0,2004-10-01,-250973.82089296676
CHF,N,D0,2005-01-01,-247867.538096455
CHF,N,D0,2005-04-01,-257747.5389638478
CHF,N,D0,2005-07-01,-261735.64403095804
CHF,N,D0,2005-10-01,-263170.9752503555
CHF,N,D0,2006-01-01,-271955.1919302102
CHF,N,D0,2006-04-01,-279303.2090773956
CHF,N,D0,2006-07-01,-288805.7167849267
CHF,N,D0,2006-10-01,-345976.0943976621
CHF,N,D0,2007-01-01,-347369.89184087137
CHF,N,D0,2007-04-01,-378666.87025622826
CHF,N,D0,2007-07-01,-408448.6124759291
CHF,N,D0,2007-10-01,-431997.1469649233
CHF,N,D0,2008-01-01,-446254.2741154734
CHF,N,D0,2008-04-01,-458323.7347639136
CHF,N,D0,2008-07-01,-470689.0730167969
CHF,N,D0,2008-10-01,-482775.65130954393
CHF,N,D0,2009-01-01,-497738.5980440299
CHF,N,D0,2009-04-01,-513011.6573904722
CHF,N,D0,2009-07-01,-527784.9666911848
CHF,N,D0,2009-10-01,-540243.0789370639
CHF,N,D0,2010-01-01,-552868.4750980859
CHF,N,D0,2010-04-01,-570225.6340956284
CHF,N,D0,2010-07-01,-585229.2200482498
CHF,N,D0,2010-10-01,-598120.3664512598
CHF,N,D0,2011-01-01,-614860.1216810256
CHF,N,D0,2011-04-01,-640694.1908923056
CHF,N,D0,2011-07-01,-656010.9504786765
CHF,N,D0,2011-10-01,-666836.9864884923
CHF,N,D0,2012-01-01,-676888.056304158
CHF,N,D0,2012-04-01,-694464.9935912893
CHF,N,D0,2012-07-01,-689893.6159640807
CHF,N,D0,2012-10-01,-692421.2137313734
CHF,N,D0,2013-01-01,-700340.0369933785
CHF,N,D0,2013-04-01,-706550.1452747491
CHF,N,D0,2013-07-01,-711474.3350332264
CHF,N,D0,2013-10-01,-709280.9686897085
CHF,N,D0,2014-01-01,-731316.795285987
CHF,N,D0,2014-04-01,-749050.9017077609
CHF,N,D0,2014-07-01,-761129.0300600458
CHF,N,D0,2014-10-01,-807462.6170998218
CHF,N,D0,2015-01-01,-859491.9625288851
CHF,N,D0,2015-04-01,-901434.1510216654
CHF,N,D0,2015-07-01,-925988.8065900416
CHF,N,D0,2015-10-01,-989271.5090794676
CHF,N,D0,2016-01-01,-1077260.080011837
CHF,N,D0,2016-04-01,-1162030.590153431
CHF,N,D0,2016-07-01,-1236505.7524345468
CHF,N,D0,2016-10-01,-1299261.229601966
CHF,N,D0,2017-01-01,-1295484.3100693848
CHF,N,D0,2017-04-01,-1378263.4000118691
CHF,N,D0,2017-07-01,-1357070.458009738
CHF,N,D0,2017-10-01,-1352722.4216138406
CHF,N,D0,2018-01-01,-1356675.4886392925
CHF,N,D0,2018-04-01,-1362625.6908825943
CHF,N,D0,2018-07-01,-1360519.2780026388
CHF,N,D0,2018-10-01,-1346161.114146956
CHF,N,D0,2019-01-01,-1344156.9435888522
CHF,N,D0,2019-04-01,-1351259.952349834
CHF,N,D0,2019-07-01,-1372039.8784732004
CHF,N,D0,2019-10-01,-1377161.7594974206
CHF,N,D0,2020-01-01,-1366377.342964493
CHF,N,D0,2020-04-01,-1238482.227497299
CHF,N,D0,2020-07-01,-1248061.46025691
CHF,N,D0,2020-10-01,-1236499.8836954213
CHF,N,D0,2021-01-01,-1253549.388269729
CHF,N,D0,2021-04-01,-1208128.759161144
CHF,N,D0,2021-07-01,-1135494.4184581803
CHF,N,D0,2021-10-01,-1084642.4247769194
CHF,N,D0,2022-01-01,-1100394.2364447655
CHF,N,D0,2022-04-01,-1077646.173726303
CHF,N,D0,2022-07-01,-1078688.5071048646
CHF,N,D0,2022-10-01,-1057865.0403566165
CHF,N,D0,2023-01-01,-1058407.4571742145
CHF,N,D0,2023-04-01,-1035635.2418337441
CHF,N,D0,2023-07-01,-1011886.9302678593
CHF,N,D0,2023-10-01,-981635.877484544
CHF,N,D0,2024-01-01,-996311.9737549509
CHF,N,D0,2024-04-01,-937133.6210470201
CHF,N,D0,2024-07-01,-945996.9981440295
CHF,N,D0,2024-10-01,-968903.7563187064
CHF,N,D0,2025-01-01,-947942.0637403151
CHF,N,D0,2025-04-01,-923469.3752095593
CHF,N,D0,2025-07-01,-939368.4162435787
CHF,N,D0,2025-10-01,-952665.9745020224
CHF,N,D0,2026-01-01,-966189.2590662442
CHF,N,D1,2004-04-01,1863
CHF,N,D1,2004-07-01,-1993
CHF,N,D1,2004-10-01,-2887
CHF,N,D1,2005-01-01,-2353.800000000003
CHF,N,D1,2005-04-01,-9310.7
CHF,N,D1,2005-07-01,-6511.200000000001
CHF,N,D1,2005-10-01,-6673.299999999999
CHF,N,D1,2006-01-01,-3098.9000000000015
CHF,N,D1,2006-04-01,-830.2999999999956
CHF,N,D1,2006-07-01,-2067.7999999999993
CHF,N,D1,2006-10-01,955.0999999999985
CHF,N,D1,2007-01-01,-3589.199999999997
CHF,N,D1,2007-04-01,-1520.4000000000015
CHF,N,D1,2007-07-01,1948.300000000003
CHF,N,D1,2007-10-01,894
CHF,N,D1,2008-01-01,1862
CHF,N,D1,2008-04-01,1885.4000000000015
CHF,N,D1,2008-07-01,-12097.199999999997
CHF,N,D1,2008-10-01,-7429.599999999991
CHF,N,D1,2009-01-01,-3646.899999999994
CHF,N,D1,2009-04-01,1260.5999999999985
CHF,N,D1,2009-07-01,3625.699999999997
CHF,N,D1,2009-10-01,3752.0653269899994
CHF,N,D1,2010-01-01,4987.950251069997
CHF,N,D1,2010-04-01,-1417.332756689997
CHF,N,D1,2010-07-01,6558.497840350014
CHF,N,D1,2010-10-01,1826.2086732499956
CHF,N,D1,2011-01-01,5067.684979450001
CHF,N,D1,2011-04-01,2408.7063294000036
CHF,N,D1,2011-07-01,-8451.641069500009
CHF,N,D1,2011-10-01,-5535.800000000003
CHF,N,D1,2012-01-01,-2163.453935049998
CHF,N,D1,2012-04-01,-8330.879228900005
CHF,N,D1,2012-07-01,-3718.0825688600016
CHF,N,D1,2012-10-01,-4622.2029955000035
CHF,N,D1,2013-01-01,-5462.5809368400005
CHF,N,D1,2013-04-01,-5226.370736949997
CHF,N,D1,2013-07-01,-4011.6632299999983
CHF,N,D1,2013-10-01,-1660.8938183499995
CHF,N,D1,2014-01-01,-454.905450090002
CHF,N,D1,2014-04-01,-202.7675639999943
CHF,N,D1,2014-07-01,-1166.2571603999968
CHF,N,D1,2014-10-01,-8318.0843363752
CHF,N,D1,2015-01-01,-5379.558977499939
CHF,N,D1,2015-04-01,-8239.972791056352
CHF,N,D1,2015-07-01,-8446.772307011102
CHF,N,D1,2015-10-01,-2573.5468352334283
CHF,N,D1,2016-01-01,-3550.8972215188696
CHF,N,D1,2016-04-01,-2166.475846022993
CHF,N,D1,2016-07-01,-3157.725302330582
CHF,N,D1,2016-10-01,-50.98315282526892
CHF,N,D1,2017-01-01,-615.4936108787406
CHF,N,D1,2017-04-01,-617.8049754232743
CHF,N,D1,2017-07-01,-2188.9779612260027
CHF,N,D1,2017-10-01,-2617.4412635958142
CHF,N,D1,2018-01-01,-5387.385135768978
CHF,N,D1,2018-04-01,-6976.771777489121
CHF,N,D1,2018-07-01,-3987.515780577076
CHF,N,D1,2018-10-01,-2426.6733269520482
CHF,N,D1,2019-01-01,-4542.995979314535
CHF,N,D1,2019-04-01,-2108.0980926929697
CHF,N,D1,2019-07-01,-2539.1298759863857
CHF,N,D1,2019-10-01,-1216.1279579695474
CHF,N,D1,2020-01-01,5202.200603817233
CHF,N,D1,2020-04-01,1780.8133503676145
CHF,N,D1,2020-07-01,599.2732490021081
CHF,N,D1,2020-10-01,-742.9808918031631
CHF,N,D1,2021-01-01,-2237.1247923473857
CHF,N,D1,2021-04-01,-192.54882037293282
CHF,N,D1,2021-07-01,-499.9422114570116
CHF,N,D1,2021-10-01,-177.18425296619534
CHF,N,D1,2022-01-01,-4784.182291902558
CHF,N,D1,2022-04-01,-4735.935625566373
CHF,N,D1,2022-07-01,-10675.48688086732
CHF,N,D1,2022-10-01,-8374.622604952674
CHF,N,D1,2023-01-01,-6298.237001284731
CHF,N,D1,2023-04-01,-8489.12031383381
CHF,N,D1,2023-07-01,-8033.008966856265
CHF,N,D1,2023-10-01,-4474.0997849451815
CHF,N,D1,2024-01-01,-4251.639609712227
CHF,N,D1,2024-04-01,-6478.221903307356
CHF,N,D1,2024-07-01,-7638.628246150089
CHF,N,D1,2024-10-01,-3575.0484975664585
CHF,N,D1,2025-01-01,-6334.065374544785
CHF,N,D1,2025-04-01,-6267.274457133739
CHF,N,D1,2025-07-01,-3327.9158110713397
CHF,N,D1,2025-10-01,-2156.1825518899786
CHF,N,D1,2026-01-01,-9931.427571044049
CHF,N,P,1985-01-01,8640.761198818756
CHF,N,P,1985-04-01,8586.133406078196
CHF,N,P,1985-07-01,9740.063542036762
CHF,N,P,1985-10-01,-1545.700000000099
CHF,N,P,1986-01-01,-3990.614948396964
CHF,N,P,1986-04-01,-4500.761665678423
CHF,N,P,1986-07-01,-3747.454051712557
CHF,N,P,1986-10-01,-13763.199999999997
CHF,N,P,1987-01-01,-13058.907907787769
CHF,N,P,1987-04-01,-12109.205012701961
CHF,N,P,1987-07-01,-23200.956036243413
CHF,N,P,1987-10-01,14489.099999999991
CHF,N,P,1988-01-01,12904.082129526243
CHF,N,P,1988-04-01,13585.856547301475
CHF,N,P,1988-07-01,14031.291979509988
CHF,N,P,1988-10-01,10186.699999999997
CHF,N,P,1989-01-01,6276.28924015777
CHF,N,P,1989-04-01,-3638.0515732547647
CHF,N,P,1989-07-01,-12587.177322377946
CHF,N,P,1989-10-01,-10812.199999999997
CHF,N,P,1990-01-01,-13569.508703614367
CHF,N,P,1990-04-01,-29659.341219708906
CHF,N,P,1990-07-01,-7034.610546670781
CHF,N,P,1990-10-01,-14664.899999999994
CHF,N,P,1991-01-01,-24899.50903619491
CHF,N,P,1991-04-01,-23094.31576616039
CHF,N,P,1991-07-01,-17310.746546032155
CHF,N,P,1991-10-01,-12082.900000000009
CHF,N,P,1992-01-01,-17864.578651333897
CHF,N,P,1992-04-01,-20110.77260809092
CHF,N,P,1992-07-01,-15110.352269915005
CHF,N,P,1992-10-01,-21318.29999999999
CHF,N,P,1993-01-01,-36346.44499867692
CHF,N,P,1993-04-01,-55533.85140935419
CHF,N,P,1993-07-01,-68427.43574995053
CHF,N,P,1993-10-01,-103140
CHF,N,P,1994-01-01,-96268.01808223022
CHF,N,P,1994-04-01,-81364.84520531131
CHF,N,P,1994-07-01,-71446.73339785435
CHF,N,P,1994-10-01,-69798
CHF,N,P,1995-01-01,-59547.43552205754
CHF,N,P,1995-04-01,-70801.0625065684
CHF,N,P,1995-07-01,-75885.6349844411
CHF,N,P,1995-10-01,-85946.4
CHF,N,P,1996-01-01,-97980.22799763136
CHF,N,P,1996-04-01,-101452.92095937984
CHF,N,P,1996-07-01,-98396.28297383172
CHF,N,P,1996-10-01,-107316.40000000098
CHF,N,P,1997-01-01,-142235.4277115533
CHF,N,P,1997-04-01,-185858.5842812773
CHF,N,P,1997-07-01,-192581.15814886888
CHF,N,P,1997-10-01,-212370.09999999998
CHF,N,P,1998-01-01,-233352.03269624338
CHF,N,P,1998-04-01,-259118.9589939719
CHF,N,P,1998-07-01,-181313.62288177368
CHF,N,P,1998-10-01,-260622.33800000002
CHF,N,P,1999-01-01,-261499.62162419336
CHF,N,P,1999-04-01,-256465.1334095164
CHF,N,P,1999-07-01,-256489.5801529977
CHF,N,P,1999-10-01,-287471.89170421
CHF,N,P,2000-01-01,-304768.85507037
CHF,N,P,2000-04-01,-325801.37466575
CHF,N,P,2000-07-01,-344093.75269163004
CHF,N,P,2000-10-01,-411062.23213554
CHF,N,P,2001-01-01,-350163.43535493
CHF,N,P,2001-04-01,-343569.57287269994
CHF,N,P,2001-07-01,-268227.48808725993
CHF,N,P,2001-10-01,-318280.31601616996
CHF,N,P,2002-01-01,-331359.95901148894
CHF,N,P,2002-04-01,-317567.76078880904
CHF,N,P,2002-07-01,-234319.752078269
CHF,N,P,2002-10-01,-228324.311206659
CHF,N,P,2003-01-01,-161433.26011916902
CHF,N,P,2003-04-01,-203071.728208009
CHF,N,P,2003-07-01,-233848.25574587498
CHF,N,P,2003-10-01,-269367.098050046
CHF,N,P,2004-01-01,-267742.16286575
CHF,N,P,2004-04-01,-280510.5818859
CHF,N,P,2004-07-01,-260978.94663448
CHF,N,P,2004-10-01,-280209.61389195
CHF,N,P,2005-01-01,-289578.3460623
CHF,N,P,2005-04-01,-326035.05238605
CHF,N,P,2005-07-01,-383174.99805199995
CHF,N,P,2005-10-01,-436726.5258246
CHF,N,P,2006-01-01,-456172.19101485
CHF,N,P,2006-04-01,-431669.11470439995
CHF,N,P,2006-07-01,-497301.85730505
CHF,N,P,2006-10-01,-548760.3431505
CHF,N,P,2007-01-01,-521312.55008054996
CHF,N,P,2007-04-01,-544080.1802266
CHF,N,P,2007-07-01,-516147.60163154994
CHF,N,P,2007-10-01,-453570.39799142006
CHF,N,P,2008-01-01,-335715.8033569
CHF,N,P,2008-04-01,-317306.64884924993
CHF,N,P,2008-07-01,-304830.75051741995
CHF,N,P,2008-10-01,-203975.74362040003
CHF,N,P,2009-01-01,-137962.95844545
CHF,N,P,2009-04-01,-162329.94889245002
CHF,N,P,2009-07-01,-241972.48490749998
CHF,N,P,2009-10-01,-250698.06156294997
CHF,N,P,2010-01-01,-267893.8353335
CHF,N,P,2010-04-01,-237001.98503455002
CHF,N,P,2010-07-01,-259111.42734379997
CHF,N,P,2010-10-01,-279080.75665210007
CHF,N,P,2011-01-01,-284222.71113165
CHF,N,P,2011-04-01,-277719.72182130005
CHF,N,P,2011-07-01,-206935.61038305
CHF,N,P,2011-10-01,-237565.23449540004
CHF,N,P,2012-01-01,-267517.24682525
CHF,N,P,2012-04-01,-272625.80270824995
CHF,N,P,2012-07-01,-313421.47877194994
CHF,N,P,2012-10-01,-441026.99965275
CHF,N,P,2013-01-01,-534499.58053839
CHF,N,P,2013-04-01,-555415.1770955101
CHF,N,P,2013-07-01,-596659.1025513499
CHF,N,P,2013-10-01,-619858.51489182
CHF,N,P,2014-01-01,-648241.34087483
CHF,N,P,2014-04-01,-662118.81820661
CHF,N,P,2014-07-01,-683999.61221778
CHF,N,P,2014-10-01,-731344.0869973457
CHF,N,P,2015-01-01,-764815.9227888756
CHF,N,P,2015-04-01,-724301.7008488106
CHF,N,P,2015-07-01,-699681.8597437686
CHF,N,P,2015-10-01,-750538.0272628474
CHF,N,P,2016-01-01,-654177.6842799918
CHF,N,P,2016-04-01,-655021.1329690963
CHF,N,P,2016-07-01,-681156.6208059543
CHF,N,P,2016-10-01,-691407.0909101543
CHF,N,P,2017-01-01,-746536.2471757652
CHF,N,P,2017-04-01,-739098.5381965919
CHF,N,P,2017-07-01,-767195.9549135226
CHF,N,P,2017-10-01,-789268.982945523
CHF,N,P,2018-01-01,-725885.4411249484
CHF,N,P,2018-04-01,-725501.7784645665
CHF,N,P,2018-07-01,-764791.337228836
CHF,N,P,2018-10-01,-692690.4609970642
CHF,N,P,2019-01-01,-792724.5303324168
CHF,N,P,2019-04-01,-839377.7546426427
CHF,N,P,2019-07-01,-855518.2243361127
CHF,N,P,2019-10-01,-914769.0603315111
CHF,N,P,2020-01-01,-784958.0713433184
CHF,N,P,2020-04-01,-863333.3994286852
CHF,N,P,2020-07-01,-870663.4090601093
CHF,N,P,2020-10-01,-901129.7016124141
CHF,N,P,2021-01-01,-930353.5167649391
CHF,N,P,2021-04-01,-1022895.3767965651
CHF,N,P,2021-07-01,-994950.0342179807
CHF,N,P,2021-10-01,-1108187.5787128685
CHF,N,P,2022-01-01,-998469.3101407321
CHF,N,P,2022-04-01,-857299.6250375421
CHF,N,P,2022-07-01,-805405.7125636305
CHF,N,P,2022-10-01,-892434.6140943327
CHF,N,P,2023-01-01,-938063.0337786553
CHF,N,P,2023-04-01,-960477.3443843778
CHF,N,P,2023-07-01,-872387.8861314277
CHF,N,P,2023-10-01,-875729.60957589606
CHF,N,P,2024-01-01,-895662.0908149591
CHF,N,P,2024-04-01,-895628.4110112702
CHF,N,P,2024-07-01,-918638.9011337347
CHF,N,P,2024-10-01,-873210.9171376077
CHF,N,P,2025-01-01,-964802.8363562776
CHF,N,P,2025-04-01,-908554.5689904811
CHF,N,P,2025-07-01,-905467.1792151623
CHF,N,P,2025-10-01,-1024936.1639247194
CHF,N,P,2026-01-01,-972817.4575398744
CHF,N,T,1985-01-01,17427.056159312837
CHF,N,T,1985-04-01,18197.456946117483
CHF,N,T,1985-07-01,19232.746382712154
CHF,N,T,1985-10-01,5943.887239194679
CHF,N,T,1986-01-01,1504.1694748337904
CHF,N,T,1986-04-01,-763.3239091144351
CHF,N,T,1986-07-01,-1521.8849395542056
CHF,N,T,1986-10-01,-13027.228256405098
CHF,N,T,1987-01-01,-14080.693139247742
CHF,N,T,1987-04-01,-14694.032938216813
CHF,N,T,1987-07-01,-27370.39771517864
CHF,N,T,1987-10-01,8925.524123500014
CHF,N,T,1988-01-01,6510.079036135052
CHF,N,T,1988-04-01,6327.009794515237
CHF,N,T,1988-07-01,5561.578559446381
CHF,N,T,1988-10-01,-220.0269499999995
CHF,N,T,1989-01-01,-7674.208985552075
CHF,N,T,1989-04-01,-21348.844882687146
CHF,N,T,1989-07-01,-33718.32703868084
CHF,N,T,1989-10-01,-34385.52669999999
CHF,N,T,1990-01-01,-39556.76565560064
CHF,N,T,1990-04-01,-58145.059004808485
CHF,N,T,1990-07-01,-38506.048960141285
CHF,N,T,1990-10-01,-49866.071200000006
CHF,N,T,1991-01-01,-64110.462974350434
CHF,N,T,1991-04-01,-65690.59097598819
CHF,N,T,1991-07-01,-63107.514656736574
CHF,N,T,1991-10-01,-60484.056444000045
CHF,N,T,1992-01-01,-69456.2593289233
CHF,N,T,1992-04-01,-74485.35973174163
CHF,N,T,1992-07-01,-72224.13704726557
CHF,N,T,1992-10-01,-81423.30539999998
CHF,N,T,1993-01-01,-94523.04749595726
CHF,N,T,1993-04-01,-112593.5767064965
CHF,N,T,1993-07-01,-124830.70008667963
CHF,N,T,1993-10-01,-158691.594812
CHF,N,T,1994-01-01,-157741.2240703773
CHF,N,T,1994-04-01,-149063.9437377599
CHF,N,T,1994-07-01,-145745.15026748017
CHF,N,T,1994-10-01,-150920.7426
CHF,N,T,1995-01-01,-144202.22787400876
CHF,N,T,1995-04-01,-158265.50631537125
CHF,N,T,1995-07-01,-165724.56840045383
CHF,N,T,1995-10-01,-178032.795996
CHF,N,T,1996-01-01,-192299.19002714258
CHF,N,T,1996-04-01,-198360.0280242602
CHF,N,T,1996-07-01,-198103.88971281744
CHF,N,T,1996-10-01,-210013.37330000103
CHF,N,T,1997-01-01,-249815.26154053985
CHF,N,T,1997-04-01,-298616.95916159125
CHF,N,T,1997-07-01,-310452.20385398215
CHF,N,T,1997-10-01,-334883.86538399995
CHF,N,T,1998-01-01,-379753.676662333
CHF,N,T,1998-04-01,-413354.1201225427
CHF,N,T,1998-07-01,-344836.6959975824
CHF,N,T,1998-10-01,-435801.78749999986
CHF,N,T,1999-01-01,-435164.217657305
CHF,N,T,1999-04-01,-450007.3068904556
CHF,N,T,1999-07-01,-455726.98818911426
CHF,N,T,1999-10-01,-500749.2708254483
CHF,N,T,2000-01-01,-512203.3206694561
CHF,N,T,2000-04-01,-539546.1957367004
CHF,N,T,2000-07-01,-561574.7484639995
CHF,N,T,2000-10-01,-642106.6627715672
CHF,N,T,2001-01-01,-584379.2879566608
CHF,N,T,2001-04-01,-578120.534736712
CHF,N,T,2001-07-01,-505598.8094407308
CHF,N,T,2001-10-01,-548577.0019030147
CHF,N,T,2002-01-01,-564757.2869884416
CHF,N,T,2002-04-01,-544834.1548556639
CHF,N,T,2002-07-01,-467830.9049315965
CHF,N,T,2002-10-01,-468637.28620468767
CHF,N,T,2003-01-01,-394432.46014114935
CHF,N,T,2003-04-01,-439028.2719098809
CHF,N,T,2003-07-01,-483748.5998747602
CHF,N,T,2003-10-01,-574879.7577986445
CHF,N,T,2004-01-01,-588291.5233199233
CHF,N,T,2004-04-01,-598138.9047742952
CHF,N,T,2004-07-01,-591821.2460638358
CHF,N,T,2004-10-01,-604725.9074958167
CHF,N,T,2005-01-01,-624313.612139655
CHF,N,T,2005-04-01,-673894.9078759378
CHF,N,T,2005-07-01,-721752.0047907382
CHF,N,T,2005-10-01,-774125.9050782556
CHF,N,T,2006-01-01,-806585.0011887602
CHF,N,T,2006-04-01,-772422.9540304157
CHF,N,T,2006-07-01,-857911.7881081167
CHF,N,T,2006-10-01,-960253.2263259022
CHF,N,T,2007-01-01,-948907.0964419114
CHF,N,T,2007-04-01,-999730.7487215282
CHF,N,T,2007-07-01,-999490.024897419
CHF,N,T,2007-10-01,-961387.0087881333
CHF,N,T,2008-01-01,-863509.5854643434
CHF,N,T,2008-04-01,-846018.7894068235
CHF,N,T,2008-07-01,-874619.350612877
CHF,N,T,2008-10-01,-800675.5124008737
CHF,N,T,2009-01-01,-731655.5811201801
CHF,N,T,2009-04-01,-778329.0581182522
CHF,N,T,2009-07-01,-846295.4653306247
CHF,N,T,2009-10-01,-885220.051169994
CHF,N,T,2010-01-01,-932166.4268773161
CHF,N,T,2010-04-01,-963527.0465104984
CHF,N,T,2010-07-01,-981279.2549132499
CHF,N,T,2010-10-01,-1020960.2877944697
CHF,N,T,2011-01-01,-1045309.3726547958
CHF,N,T,2011-04-01,-1067851.5495518758
CHF,N,T,2011-07-01,-1075225.4830764665
CHF,N,T,2011-10-01,-1101296.5348297725
CHF,N,T,2012-01-01,-1142778.8495676778
CHF,N,T,2012-04-01,-1229918.422983379
CHF,N,T,2012-07-01,-1310776.5204142805
CHF,N,T,2012-10-01,-1431224.4579256834
CHF,N,T,2013-01-01,-1542989.9016157384
CHF,N,T,2013-04-01,-1538742.9399776992
CHF,N,T,2013-07-01,-1582817.3776231266
CHF,N,T,2013-10-01,-1617262.1200134384
CHF,N,T,2014-01-01,-1658155.584017147
CHF,N,T,2014-04-01,-1690397.5833905211
CHF,N,T,2014-07-01,-1724139.2800903956
CHF,N,T,2014-10-01,-1821458.916830172
CHF,N,T,2015-01-01,-1921612.3552499232
CHF,N,T,2015-04-01,-1928885.983735341
CHF,N,T,2015-07-01,-1931924.8743034191
CHF,N,T,2015-10-01,-2040228.1410967484
CHF,N,T,2016-01-01,-2002770.4160336622
CHF,N,T,2016-04-01,-2128532.5378189506
CHF,N,T,2016-07-01,-2223071.9759475943
CHF,N,T,2016-10-01,-2278569.5806029877
CHF,N,T,2017-01-01,-2370045.0911094486
CHF,N,T,2017-04-01,-2452534.938082982
CHF,N,T,2017-07-01,-2462917.74116678
CHF,N,T,2017-10-01,-2495029.4514760002
CHF,N,T,2018-01-01,-2429194.2192660714
CHF,N,T,2018-04-01,-2420259.1565730516
CHF,N,T,2018-07-01,-2466420.7190001537
CHF,N,T,2018-10-01,-2373073.6829855316
CHF,N,T,2019-01-01,-2470974.879818673
CHF,N,T,2019-04-01,-2529021.3432036513
CHF,N,T,2019-07-01,-2588337.4371710373
CHF,N,T,2019-10-01,-2639071.6283366913
CHF,N,T,2020-01-01,-2494295.1041934304
CHF,N,T,2020-04-01,-2439163.1230535572
CHF,N,T,2020-07-01,-2458431.9616160383
CHF,N,T,2020-10-01,-2497565.8551962087
CHF,N,T,2021-01-01,-2552159.291717176
CHF,N,T,2021-04-01,-2590518.07550153
CHF,N,T,2021-07-01,-2490364.121893863
CHF,N,T,2021-10-01,-2569727.937811174
CHF,N,T,2022-01-01,-2457101.4715381204
CHF,N,T,2022-04-01,-2289439.7143065734
CHF,N,T,2022-07-01,-2278273.1142570465
CHF,N,T,2022-10-01,-2310172.1146901967
CHF,N,T,2023-01-01,-2341119.983016292
CHF,N,T,2023-04-01,-2303162.6770181386
CHF,N,T,2023-07-01,-2184620.618619583
CHF,N,T,2023-10-01,-2132059.2468259237
CHF,N,T,2024-01-01,-2177114.1884024157
CHF,N,T,2024-04-01,-2126111.4863470076
CHF,N,T,2024-07-01,-2168279.494782819
CHF,N,T,2024-10-01,-2137982.095155286
CHF,N,T,2025-01-01,-2228871.8730309545
CHF,N,T,2025-04-01,-2145086.2031165557
CHF,N,T,2025-07-01,-2158316.0286662946
CHF,N,T,2025-10-01,-2271901.1197995692
CHF,N,T,2026-01-01,-2263805.957307589
CHF,N,UI,1985-01-01,26845.97231799132
CHF,N,UI,1985-04-01,28415.97505756782
CHF,N,UI,1985-07-01,29180.494844679255
CHF,N,UI,1985-10-01,28422.887239194795
CHF,N,UI,1986-01-01,28540.779154270393
CHF,N,UI,1986-04-01,29102.464653117626
CHF,N,UI,1986-07-01,30088.44640583216
CHF,N,UI,1986-10-01,31391.9717435949
CHF,N,UI,1987-01-01,30816.74426941914
CHF,N,UI,1987-04-01,30422.270296005852
CHF,N,UI,1987-07-01,29670.60311020125
CHF,N,UI,1987-10-01,28531.424123500008
CHF,N,UI,1988-01-01,28178.53618229681
CHF,N,UI,1988-04-01,27594.124120053995
CHF,N,UI,1988-07-01,26717.132671455096
CHF,N,UI,1988-10-01,25451.27304999999
CHF,N,UI,1989-01-01,22311.364331734105
CHF,N,UI,1989-04-01,19426.18788812672
CHF,N,UI,1989-07-01,17288.289057014787
CHF,N,UI,1989-10-01,16509.373300000007
CHF,N,UI,1990-01-01,15284.916636572685
CHF,N,UI,1990-04-01,13986.831119291674
CHF,N,UI,1990-07-01,12052.35137689799
CHF,N,UI,1990-10-01,9072.0288
CHF,N,UI,1991-01-01,6381.35396807357
CHF,N,UI,1991-04-01,4012.169098994389
CHF,N,UI,1991-07-01,1609.9666875230032
CHF,N,UI,1991-10-01,-338.85644400000456
CHF,N,UI,1992-01-01,-3889.807438403179
CHF,N,UI,1992-04-01,-7158.213268466425
CHF,N,UI,1992-07-01,-10505.101102907545
CHF,N,UI,1992-10-01,-14214.00540000001
CHF,N,UI,1993-01-01,-11190.118470278438
CHF,N,UI,1993-04-01,-8957.633226997132
CHF,N,UI,1993-07-01,-6998.674069800312
CHF,N,UI,1993-10-01,-4455.394811999999
CHF,N,UI,1994-01-01,-8797.670790097924
CHF,N,UI,1994-04-01,-13071.055297025261
CHF,N,UI,1994-07-01,-17579.7190678661
CHF,N,UI,1994-10-01,-22440.742599999998
CHF,N,UI,1995-01-01,-24940.626475726705
CHF,N,UI,1995-04-01,-26973.910765155815
CHF,N,UI,1995-07-01,-28657.315981139996
CHF,N,UI,1995-10-01,-30131.59599599999
CHF,N,UI,1996-01-01,-29671.635426382694
CHF,N,UI,1996-04-01,-29320.747023318443
CHF,N,UI,1996-07-01,-28934.262746137872
CHF,N,UI,1996-10-01,-28456.57330000002
CHF,N,UI,1997-01-01,-32302.73667737421
CHF,N,UI,1997-04-01,-36175.99644428631
CHF,N,UI,1997-07-01,-39757.66773086332
CHF,N,UI,1997-10-01,-42718.56538399999
CHF,N,UI,1998-01-01,-46437.76414731401
CHF,N,UI,1998-04-01,-50294.492442431656
CHF,N,UI,1998-07-01,-55096.6775275844
CHF,N,UI,1998-10-01,-61691.6495
CHF,N,UI,1999-01-01,-58845.074821158734
CHF,N,UI,1999-04-01,-72450.59452103103
CHF,N,UI,1999-07-01,-71680.88854475098
CHF,N,UI,1999-10-01,-79189.11708106278
CHF,N,UI,2000-01-01,-69147.9755087896
CHF,N,UI,2000-04-01,-70399.19094432773
CHF,N,UI,2000-07-01,-69732.9308630405
CHF,N,UI,2000-10-01,-67654.65408988147
CHF,N,UI,2001-01-01,-70313.81703103859
CHF,N,UI,2001-04-01,-68643.85988911892
CHF,N,UI,2001-07-01,-69854.00248586231
CHF,N,UI,2001-10-01,-64515.89277335719
CHF,N,UI,2002-01-01,-65020.796715140925
CHF,N,UI,2002-04-01,-52964.86362074289
CHF,N,UI,2002-07-01,-54044.28099250002
CHF,N,UI,2002-10-01,-53417.19232556
CHF,N,UI,2003-01-01,-46603.54814360998
CHF,N,UI,2003-04-01,-42264.1229913889
CHF,N,UI,2003-07-01,-48640.829354264395
CHF,N,UI,2003-10-01,-81172.77725277998
CHF,N,UI,2004-01-01,-87152.6176863889
CHF,N,UI,2004-04-01,-77163.64212479
CHF,N,UI,2004-07-01,-81447.20751030001
CHF,N,UI,2004-10-01,-70655.4727109
CHF,N,UI,2005-01-01,-84513.9279809
CHF,N,UI,2005-04-01,-80801.61652603999
CHF,N,UI,2005-07-01,-70330.16270778
CHF,N,UI,2005-10-01,-67555.10400330002
CHF,N,UI,2006-01-01,-75358.7182437
CHF,N,UI,2006-04-01,-60620.33024862001
CHF,N,UI,2006-07-01,-69736.41401814
CHF,N,UI,2006-10-01,-66471.88877774
CHF,N,UI,2007-01-01,-76635.45452049
CHF,N,UI,2007-04-01,-75463.29823870002
CHF,N,UI,2007-07-01,-76842.11078994
CHF,N,UI,2007-10-01,-76713.46383179002
CHF,N,UI,2008-01-01,-83401.50799197
CHF,N,UI,2008-04-01,-72273.80579366002
CHF,N,UI,2008-07-01,-87002.32707865999
CHF,N,UI,2008-10-01,-106494.51747093
CHF,N,UI,2009-01-01,-92307.12463070001
CHF,N,UI,2009-04-01,-104248.05183533
CHF,N,UI,2009-07-01,-80163.71373193999
CHF,N,UI,2009-10-01,-98030.97599697
CHF,N,UI,2010-01-01,-116392.06669679999
CHF,N,UI,2010-04-01,-154882.09462363
CHF,N,UI,2010-07-01,-143497.10536155
CHF,N,UI,2010-10-01,-145585.37336435998
CHF,N,UI,2011-01-01,-151294.22482156998
CHF,N,UI,2011-04-01,-151846.34316767
CHF,N,UI,2011-07-01,-203827.28114524
CHF,N,UI,2011-10-01,-191358.51384588002
CHF,N,UI,2012-01-01,-196210.09250322
CHF,N,UI,2012-04-01,-254496.74745494002
CHF,N,UI,2012-07-01,-303743.34310939
CHF,N,UI,2012-10-01,-293154.04154606
CHF,N,UI,2013-01-01,-302687.70314712997
CHF,N,UI,2013-04-01,-271551.24687049
CHF,N,UI,2013-07-01,-270672.27680855
CHF,N,UI,2013-10-01,-286461.74261356
CHF,N,UI,2014-01-01,-278142.54240624
CHF,N,UI,2014-04-01,-279025.09591215
CHF,N,UI,2014-07-01,-277844.38065217
CHF,N,UI,2014-10-01,-274334.1283966293
CHF,N,UI,2015-01-01,-291924.9109546626
CHF,N,UI,2015-04-01,-294910.1590738088
CHF,N,UI,2015-07-01,-297807.435662598
CHF,N,UI,2015-10-01,-297845.05791919975
CHF,N,UI,2016-01-01,-267781.7545203146
CHF,N,UI,2016-04-01,-309314.3388504009
CHF,N,UI,2016-07-01,-302251.8774047626
CHF,N,UI,2016-10-01,-287850.2769380419
CHF,N,UI,2017-01-01,-327409.0402534203
CHF,N,UI,2017-04-01,-334555.1948990969
CHF,N,UI,2017-07-01,-336462.35028229345
CHF,N,UI,2017-10-01,-350420.6056530412
CHF,N,UI,2018-01-01,-341245.9043660615
CHF,N,UI,2018-04-01,-325154.91544840205
CHF,N,UI,2018-07-01,-337122.58798810194
CHF,N,UI,2018-10-01,-331795.4345145597
CHF,N,UI,2019-01-01,-329550.40991808934
CHF,N,UI,2019-04-01,-336275.53811848175
CHF,N,UI,2019-07-01,-358240.204485738
CHF,N,UI,2019-10-01,-345924.6805497902
CHF,N,UI,2020-01-01,-348161.8904894359
CHF,N,UI,2020-04-01,-339128.30947794096
CHF,N,UI,2020-07-01,-340306.3655480214
CHF,N,UI,2020-10-01,-359193.2889965699
CHF,N,UI,2021-01-01,-366019.26189016044
CHF,N,UI,2021-04-01,-359301.39072344796
CHF,N,UI,2021-07-01,-359419.72700624535
CHF,N,UI,2021-10-01,-376720.7500684202
CHF,N,UI,2022-01-01,-353453.74266072013
CHF,N,UI,2022-04-01,-349757.97991716187
CHF,N,UI,2022-07-01,-383503.40770768345
CHF,N,UI,2022-10-01,-351497.8376342951
CHF,N,UI,2023-01-01,-338351.2550621379
CHF,N,UI,2023-04-01,-298560.97048618225
CHF,N,UI,2023-07-01,-292312.79325344047
CHF,N,UI,2023-10-01,-270219.6599805384
CHF,N,UI,2024-01-01,-280888.48422279384
CHF,N,UI,2024-04-01,-286871.2323854103
CHF,N,UI,2024-07-01,-296004.96725890454
CHF,N,UI,2024-10-01,-292292.3732014055
CHF,N,UI,2025-01-01,-309792.9075598167
CHF,N,UI,2025-04-01,-306794.9844593817
CHF,N,UI,2025-07-01,-310152.51739648177
CHF,N,UI,2025-10-01,-292142.79882093746
CHF,N,UI,2026-01-01,-314867.8131304258
CHF,P,D0,1985-01-01,30218.534009590763
CHF,P,D0,1985-04-01,32051.257575950876
CHF,P,D0,1985-07-01,34061.02365458785
CHF,P,D0,1985-10-01,36092.1
CHF,P,D0,1986-01-01,39458.648678097685
CHF,P,D0,1986-04-01,42510.24338989392
CHF,P,D0,1986-07-01,45368.706527249145
CHF,P,D0,1986-10-01,48351.7
CHF,P,D0,1987-01-01,49449.41515544059
CHF,P,D0,1987-04-01,50697.01065046793
CHF,P,D0,1987-07-01,51881.26169816684
CHF,P,D0,1987-10-01,52880.299999999996
CHF,P,D0,1988-01-01,54338.75090125903
CHF,P,D0,1988-04-01,55764.32125574545
CHF,P,D0,1988-07-01,57078.930209020065
CHF,P,D0,1988-10-01,58242.899999999994
CHF,P,D0,1989-01-01,59766.81254357865
CHF,P,D0,1989-04-01,61268.94686557466
CHF,P,D0,1989-07-01,63029.27908023101
CHF,P,D0,1989-10-01,65431.799999999996
CHF,P,D0,1990-01-01,65955.51193172627
CHF,P,D0,1990-04-01,66956.63971995111
CHF,P,D0,1990-07-01,68024.71387850025
CHF,P,D0,1990-10-01,68785.59999999999
CHF,P,D0,1991-01-01,70125.79625687192
CHF,P,D0,1991-04-01,70999.14076848023
CHF,P,D0,1991-07-01,71500.07519963615
CHF,P,D0,1991-10-01,71711.8
CHF,P,D0,1992-01-01,71476.68731166657
CHF,P,D0,1992-04-01,71050.17215801604
CHF,P,D0,1992-07-01,70490.0943539186
CHF,P,D0,1992-10-01,69868.1
CHF,P,D0,1993-01-01,72581.6382345136
CHF,P,D0,1993-04-01,75403.10320836464
CHF,P,D0,1993-07-01,78431.6727227896
CHF,P,D0,1993-10-01,81789.6
CHF,P,D0,1994-01-01,83927.23400267202
CHF,P,D0,1994-04-01,86363.45550627692
CHF,P,D0,1994-07-01,88962.96354825412
CHF,P,D0,1994-10-01,91561
CHF,P,D0,1995-01-01,93339.81273240599
CHF,P,D0,1995-04-01,94979.13801823942
CHF,P,D0,1995-07-01,96537.91832981368
CHF,P,D0,1995-10-01,98069.1
CHF,P,D0,1996-01-01,99664.01504990291
CHF,P,D0,1996-04-01,101396.49097360099
CHF,P,D0,1996-07-01,103406.81957151664
CHF,P,D0,1996-10-01,105847.2
CHF,P,D0,1997-01-01,109370.29612947331
CHF,P,D0,1997-04-01,113392.69242623946
CHF,P,D0,1997-07-01,117805.20300895635
CHF,P,D0,1997-10-01,122488.9
CHF,P,D0,1998-01-01,112454.93063370664
CHF,P,D0,1998-04-01,116565.536906014
CHF,P,D0,1998-07-01,121198.40326288191
CHF,P,D0,1998-10-01,126456.09999999999
CHF,P,D0,1999-01-01,132841.9984666056
CHF,P,D0,1999-04-01,139812.39992762235
CHF,P,D0,1999-07-01,147115.29627663866
CHF,P,D0,1999-10-01,154578.06946890283
CHF,P,D0,2000-01-01,160158.62492627843
CHF,P,D0,2000-04-01,167253.96096570374
CHF,P,D0,2000-07-01,170712.76592051747
CHF,P,D0,2000-10-01,184679.1088247711
CHF,P,D0,2001-01-01,183060.2044455356
CHF,P,D0,2001-04-01,183007.50077970678
CHF,P,D0,2001-07-01,184804.63729885104
CHF,P,D0,2001-10-01,189085.24113056553
CHF,P,D0,2002-01-01,193908.7351331641
CHF,P,D0,2002-04-01,196656.51535614603
CHF,P,D0,2002-07-01,203135.40088215732
CHF,P,D0,2002-10-01,210295.30245190198
CHF,P,D0,2003-01-01,211274.35073477568
CHF,P,D0,2003-04-01,214481.81104575947
CHF,P,D0,2003-07-01,223237.3900026414
CHF,P,D0,2003-10-01,238458.22843251904
CHF,P,D0,2004-01-01,247592.58187406618
CHF,P,D0,2004-04-01,255613.0152503938
CHF,P,D0,2004-07-01,263795.7157513982
CHF,P,D0,2004-10-01,270986.0228330147
CHF,P,D0,2005-01-01,268194.2048451399
CHF,P,D0,2005-04-01,271826.5374859579
CHF,P,D0,2005-07-01,275800.0412709759
CHF,P,D0,2005-10-01,276776.0727762892
CHF,P,D0,2006-01-01,284936.348719517
CHF,P,D0,2006-04-01,294563.22070926166
CHF,P,D0,2006-07-01,308196.5124990929
CHF,P,D0,2006-10-01,366013.8559925063
CHF,P,D0,2007-01-01,373606.5563941719
CHF,P,D0,2007-04-01,404355.4109192955
CHF,P,D0,2007-07-01,428043.20699590485
CHF,P,D0,2007-10-01,455439.6530514294
CHF,P,D0,2008-01-01,468460.25736221636
CHF,P,D0,2008-04-01,495232.5030757662
CHF,P,D0,2008-07-01,503839.546708799
CHF,P,D0,2008-10-01,517063.4218552556
CHF,P,D0,2009-01-01,530664.4567986226
CHF,P,D0,2009-04-01,547745.4559957314
CHF,P,D0,2009-07-01,559074.7658481642
CHF,P,D0,2009-10-01,569808.1360689497
CHF,P,D0,2010-01-01,585907.7848307287
CHF,P,D0,2010-04-01,601565.0506108893
CHF,P,D0,2010-07-01,614159.2761531965
CHF,P,D0,2010-10-01,630703.0394507598
CHF,P,D0,2011-01-01,648525.1223481996
CHF,P,D0,2011-04-01,669788.4912615245
CHF,P,D0,2011-07-01,681451.8143143994
CHF,P,D0,2011-10-01,695543.1357621431
CHF,P,D0,2012-01-01,703748.6411814954
CHF,P,D0,2012-04-01,723014.8448671837
CHF,P,D0,2012-07-01,719628.0056144464
CHF,P,D0,2012-10-01,720807.4201375798
CHF,P,D0,2013-01-01,732030.4678234912
CHF,P,D0,2013-04-01,737129.1337602824
CHF,P,D0,2013-07-01,742802.2071068832
CHF,P,D0,2013-10-01,741471.5687703086
CHF,P,D0,2014-01-01,760263.7010023905
CHF,P,D0,2014-04-01,778765.8662757921
CHF,P,D0,2014-07-01,792443.635309127
CHF,P,D0,2014-10-01,875429.6651148006
CHF,P,D0,2015-01-01,917572.4066503213
CHF,P,D0,2015-04-01,957449.898006417
CHF,P,D0,2015-07-01,978612.4647531526
CHF,P,D0,2015-10-01,1043967.2585050055
CHF,P,D0,2016-01-01,1134345.6350572782
CHF,P,D0,2016-04-01,1219274.940998007
CHF,P,D0,2016-07-01,1293784.9582579972
CHF,P,D0,2016-10-01,1359844.2757925037
CHF,P,D0,2017-01-01,1380416.3390576905
CHF,P,D0,2017-04-01,1440941.1278898213
CHF,P,D0,2017-07-01,1418224.8430019533
CHF,P,D0,2017-10-01,1416950.544943174
CHF,P,D0,2018-01-01,1415364.3524390976
CHF,P,D0,2018-04-01,1431286.917509267
CHF,P,D0,2018-07-01,1432184.5868034726
CHF,P,D0,2018-10-01,1416997.8945667492
CHF,P,D0,2019-01-01,1414925.523234984
CHF,P,D0,2019-04-01,1418439.3602321076
CHF,P,D0,2019-07-01,1434159.68953237
CHF,P,D0,2019-10-01,1445943.1024319406
CHF,P,D0,2020-01-01,1435932.8375665054
CHF,P,D0,2020-04-01,1308017.1531712043
CHF,P,D0,2020-07-01,1322358.5346364607
CHF,P,D0,2020-10-01,1306167.5765307972
CHF,P,D0,2021-01-01,1323327.8577962709
CHF,P,D0,2021-04-01,1273603.16947183
CHF,P,D0,2021-07-01,1199104.2156200218
CHF,P,D0,2021-10-01,1164141.2453963223
CHF,P,D0,2022-01-01,1177192.2114203186
CHF,P,D0,2022-04-01,1151378.6720842372
CHF,P,D0,2022-07-01,1152135.3567884264
CHF,P,D0,2022-10-01,1128112.6667851172
CHF,P,D0,2023-01-01,1125642.7680623229
CHF,P,D0,2023-04-01,1100342.118590725
CHF,P,D0,2023-07-01,1078541.1344068528
CHF,P,D0,2023-10-01,1041176.9196649126
CHF,P,D0,2024-01-01,1057018.838171436
CHF,P,D0,2024-04-01,1000075.709492557
CHF,P,D0,2024-07-01,1004898.7262647022
CHF,P,D0,2024-10-01,1024492.1751591929
CHF,P,D0,2025-01-01,1011002.5222368764
CHF,P,D0,2025-04-01,983585.78457899
CHF,P,D0,2025-07-01,996873.1233292375
CHF,P,D0,2025-10-01,1007215.6008361607
CHF,P,D0,2026-01-01,1015610.2137374484
CHF,P,D1,2004-04-01,18324
CHF,P,D1,2004-07-01,21576
CHF,P,D1,2004-10-01,31071
CHF,P,D1,2005-01-01,25868.9
CHF,P,D1,2005-04-01,39027.5
CHF,P,D1,2005-07-01,36029.5
CHF,P,D1,2005-10-01,34395.1
CHF,P,D1,2006-01-01,33418
CHF,P,D1,2006-04-01,35861.2
CHF,P,D1,2006-07-01,34316
CHF,P,D1,2006-10-01,38358.5
CHF,P,D1,2007-01-01,43106.7
CHF,P,D1,2007-04-01,49531.3
CHF,P,D1,2007-07-01,61912.5
CHF,P,D1,2007-10-01,50537.5
CHF,P,D1,2008-01-01,77703.8
CHF,P,D1,2008-04-01,58615.6
CHF,P,D1,2008-07-01,86554.4
CHF,P,D1,2008-10-01,107379.9
CHF,P,D1,2009-01-01,75923
CHF,P,D1,2009-04-01,54956.8
CHF,P,D1,2009-07-01,60892.9
CHF,P,D1,2009-10-01,51988.84002996
CHF,P,D1,2010-01-01,53070.605319
CHF,P,D1,2010-04-01,75046.4328985
CHF,P,D1,2010-07-01,68487.30301265
CHF,P,D1,2010-10-01,65384.1000136
CHF,P,D1,2011-01-01,55786.26726878
CHF,P,D1,2011-04-01,61246.4097394
CHF,P,D1,2011-07-01,96020.4072518
CHF,P,D1,2011-10-01,77455
CHF,P,D1,2012-01-01,63897.42039405
CHF,P,D1,2012-04-01,69439.1971095
CHF,P,D1,2012-07-01,65014.82163236
CHF,P,D1,2012-10-01,71416.803744
CHF,P,D1,2013-01-01,63660.20872809
CHF,P,D1,2013-04-01,64503.59161915
CHF,P,D1,2013-07-01,55162.1
CHF,P,D1,2013-10-01,52929
CHF,P,D1,2014-01-01,48153.81445009
CHF,P,D1,2014-04-01,44566.604314
CHF,P,D1,2014-07-01,64889.64523865
CHF,P,D1,2014-10-01,69395.73896979429
CHF,P,D1,2015-01-01,75947.50239330597
CHF,P,D1,2015-04-01,56977.28835985336
CHF,P,D1,2015-07-01,60848.06832453516
CHF,P,D1,2015-10-01,45574.774215782134
CHF,P,D1,2016-01-01,50744.425353008795
CHF,P,D1,2016-04-01,55239.37739096762
CHF,P,D1,2016-07-01,39320.69376602302
CHF,P,D1,2016-10-01,38706.0862804758
CHF,P,D1,2017-01-01,28290.92139778825
CHF,P,D1,2017-04-01,31050.959982028642
CHF,P,D1,2017-07-01,32128.460921267615
CHF,P,D1,2017-10-01,30953.835596655164
CHF,P,D1,2018-01-01,31190.100059547083
CHF,P,D1,2018-04-01,36381.512902328264
CHF,P,D1,2018-07-01,32122.186797531183
CHF,P,D1,2018-10-01,30728.338862574605
CHF,P,D1,2019-01-01,29827.766304988767
CHF,P,D1,2019-04-01,33051.80392509714
CHF,P,D1,2019-07-01,39126.77206297677
CHF,P,D1,2019-10-01,34805.45915216652
CHF,P,D1,2020-01-01,57826.98650882346
CHF,P,D1,2020-04-01,37120.6956181415
CHF,P,D1,2020-07-01,35110.6467937108
CHF,P,D1,2020-10-01,40012.87293516159
CHF,P,D1,2021-01-01,43437.04211108368
CHF,P,D1,2021-04-01,32162.249640993097
CHF,P,D1,2021-07-01,33834.55979262951
CHF,P,D1,2021-10-01,32465.509562755917
CHF,P,D1,2022-01-01,47329.434521755815
CHF,P,D1,2022-04-01,59264.14536254417
CHF,P,D1,2022-07-01,82925.9167306738
CHF,P,D1,2022-10-01,59447.89615970029
CHF,P,D1,2023-01-01,42875.25104052383
CHF,P,D1,2023-04-01,45612.87516210492
CHF,P,D1,2023-07-01,48694.55007867857
CHF,P,D1,2023-10-01,46070.29622467304
CHF,P,D1,2024-01-01,38336.31139364624
CHF,P,D1,2024-04-01,38180.70140645984
CHF,P,D1,2024-07-01,43310.95860058823
CHF,P,D1,2024-10-01,59511.30312515794
CHF,P,D1,2025-01-01,42091.35660188297
CHF,P,D1,2025-04-01,54346.9411664838
CHF,P,D1,2025-07-01,38640.9839009031
CHF,P,D1,2025-10-01,40566.54365807538
CHF,P,D1,2026-01-01,59918.50658326036
CHF,P,P,1985-01-01,62320.71780458586
CHF,P,P,1985-04-01,68637.8018689439
CHF,P,P,1985-07-01,74010.60159770958
CHF,P,P,1985-10-01,93767
CHF,P,P,1986-01-01,99109.53956926097
CHF,P,P,1986-04-01,101868.39485983779
CHF,P,P,1986-07-01,102722.8498667941
CHF,P,P,1986-10-01,115033
CHF,P,P,1987-01-01,115808.67205724538
CHF,P,P,1987-04-01,116322.71615706859
CHF,P,P,1987-07-01,131221.00412579553
CHF,P,P,1987-10-01,92331
CHF,P,P,1988-01-01,95612.46282171377
CHF,P,P,1988-04-01,97297.89675732072
CHF,P,P,1988-07-01,99504.23568825024
CHF,P,P,1988-10-01,106227
CHF,P,P,1989-01-01,113378.9062164065
CHF,P,P,1989-04-01,126350.54574376128
CHF,P,P,1989-07-01,137050.2263326416
CHF,P,P,1989-10-01,134227
CHF,P,P,1990-01-01,130331.62499006095
CHF,P,P,1990-04-01,141168.55689999144
CHF,P,P,1990-07-01,108299.97402081527
CHF,P,P,1990-10-01,110560
CHF,P,P,1991-01-01,126181.26665162951
CHF,P,P,1991-04-01,128957.02435670981
CHF,P,P,1991-07-01,127316.22876481857
CHF,P,P,1991-10-01,125720
CHF,P,P,1992-01-01,134284.6062838456
CHF,P,P,1992-04-01,138049.09533514464
CHF,P,P,1992-07-01,133377.6019081399
CHF,P,P,1992-10-01,142109
CHF,P,P,1993-01-01,155405.65290759256
CHF,P,P,1993-04-01,173882.96891355136
CHF,P,P,1993-07-01,185189.9302570839
CHF,P,P,1993-10-01,221464
CHF,P,P,1994-01-01,216450.32731078242
CHF,P,P,1994-04-01,201858.42094949138
CHF,P,P,1994-07-01,192730.6863402615
CHF,P,P,1994-10-01,193017
CHF,P,P,1995-01-01,183726.90840920864
CHF,P,P,1995-04-01,199412.12893160124
CHF,P,P,1995-07-01,207619.15020633524
CHF,P,P,1995-10-01,221464
CHF,P,P,1996-01-01,236577.91793061397
CHF,P,P,1996-04-01,242073.88563008077
CHF,P,P,1996-07-01,240189.0712361
CHF,P,P,1996-10-01,252784.9
CHF,P,P,1997-01-01,294764.27921326336
CHF,P,P,1997-04-01,346242.0316394557
CHF,P,P,1997-07-01,353926.8033004797
CHF,P,P,1997-10-01,376186.1
CHF,P,P,1998-01-01,435311.97968468635
CHF,P,P,1998-04-01,452399.8860380152
CHF,P,P,1998-07-01,348434.4346664
CHF,P,P,1998-10-01,430202.384
CHF,P,P,1999-01-01,434989.466011789
CHF,P,P,1999-04-01,428213.16191685916
CHF,P,P,1999-07-01,427744.8031978022
CHF,P,P,1999-10-01,468227.76200000005
CHF,P,P,2000-01-01,485829.162
CHF,P,P,2000-04-01,500924.579
CHF,P,P,2000-07-01,521998.905
CHF,P,P,2000-10-01,590901.593
CHF,P,P,2001-01-01,534772.6
CHF,P,P,2001-04-01,542115.71
CHF,P,P,2001-07-01,454925.219
CHF,P,P,2001-10-01,508216.04
CHF,P,P,2002-01-01,523261.834
CHF,P,P,2002-04-01,505803.732
CHF,P,P,2002-07-01,419927.19
CHF,P,P,2002-10-01,414998.211
CHF,P,P,2003-01-01,353861.972
CHF,P,P,2003-04-01,405704.316
CHF,P,P,2003-07-01,441830.682
CHF,P,P,2003-10-01,481580.555
CHF,P,P,2004-01-01,489939.245
CHF,P,P,2004-04-01,500179.016
CHF,P,P,2004-07-01,487015.18
CHF,P,P,2004-10-01,506740.968
CHF,P,P,2005-01-01,528874.219
CHF,P,P,2005-04-01,569258.646
CHF,P,P,2005-07-01,635874.088
CHF,P,P,2005-10-01,698768.822
CHF,P,P,2006-01-01,738509.527
CHF,P,P,2006-04-01,722066.448
CHF,P,P,2006-07-01,800645.204
CHF,P,P,2006-10-01,857303.216
CHF,P,P,2007-01-01,850535.938
CHF,P,P,2007-04-01,886513.564
CHF,P,P,2007-07-01,861577.053
CHF,P,P,2007-10-01,807131.925
CHF,P,P,2008-01-01,703130.748
CHF,P,P,2008-04-01,686212.842
CHF,P,P,2008-07-01,666726.884
CHF,P,P,2008-10-01,538802.219
CHF,P,P,2009-01-01,473800.33
CHF,P,P,2009-04-01,512598.606
CHF,P,P,2009-07-01,596198.049
CHF,P,P,2009-10-01,614116.489
CHF,P,P,2010-01-01,638482.015
CHF,P,P,2010-04-01,601153.907
CHF,P,P,2010-07-01,623466.816
CHF,P,P,2010-10-01,639451.337
CHF,P,P,2011-01-01,644056.756
CHF,P,P,2011-04-01,634122.153
CHF,P,P,2011-07-01,549768.162
CHF,P,P,2011-10-01,570634.628
CHF,P,P,2012-01-01,601735.103
CHF,P,P,2012-04-01,596055.443
CHF,P,P,2012-07-01,642042.818
CHF,P,P,2012-10-01,773758.031
CHF,P,P,2013-01-01,867309.32
CHF,P,P,2013-04-01,875864.571
CHF,P,P,2013-07-01,916700.561
CHF,P,P,2013-10-01,938742.109
CHF,P,P,2014-01-01,971065.177
CHF,P,P,2014-04-01,986798.954
CHF,P,P,2014-07-01,1010437.2993766
CHF,P,P,2014-10-01,1043715.63102477
CHF,P,P,2015-01-01,1069895.3865
CHF,P,P,2015-04-01,1020626.9773
CHF,P,P,2015-07-01,989835.7695
CHF,P,P,2015-10-01,1034253.274
CHF,P,P,2016-01-01,935384.9645
CHF,P,P,2016-04-01,933797.368
CHF,P,P,2016-07-01,957174.5705
CHF,P,P,2016-10-01,961071.753
CHF,P,P,2017-01-01,1018043.289
CHF,P,P,2017-04-01,1008373.7947748683
CHF,P,P,2017-07-01,1036770.0857155188
CHF,P,P,2017-10-01,1059987.4978647088
CHF,P,P,2018-01-01,997325.1522588672
CHF,P,P,2018-04-01,994226.909141827
CHF,P,P,2018-07-01,1035793.1968205237
CHF,P,P,2018-10-01,951550.834008
CHF,P,P,2019-01-01,1058552.1987950343
CHF,P,P,2019-04-01,1108594.0085820686
CHF,P,P,2019-07-01,1125265.3503691028
CHF,P,P,2019-10-01,1183940.569156137
CHF,P,P,2020-01-01,1035197.2893671028
CHF,P,P,2020-04-01,1126123.4488203665
CHF,P,P,2020-07-01,1136447.2787653026
CHF,P,P,2020-10-01,1169753.9960934436
CHF,P,P,2021-01-01,1209089.6646775
CHF,P,P,2021-04-01,1311216.942355
CHF,P,P,2021-07-01,1284543.91114027
CHF,P,P,2021-10-01,1401114.6998539718
CHF,P,P,2022-01-01,1281119.1852246078
CHF,P,P,2022-04-01,1126385.8383376352
CHF,P,P,2022-07-01,1064855.0002169409
CHF,P,P,2022-10-01,1155232.2931940926
CHF,P,P,2023-01-01,1208630.2683033675
CHF,P,P,2023-04-01,1237167.7531054248
CHF,P,P,2023-07-01,1143850.577107482
CHF,P,P,2023-10-01,1147521.3871095392
CHF,P,P,2024-01-01,1175869.9198739044
CHF,P,P,2024-04-01,1177598.9336382695
CHF,P,P,2024-07-01,1203667.9939266948
CHF,P,P,2024-10-01,1153937.517497
CHF,P,P,2025-01-01,1250505.3971052985
CHF,P,P,2025-04-01,1193619.9036316348
CHF,P,P,2025-07-01,1194443.120536947
CHF,P,P,2025-10-01,1312724.3924523066
CHF,P,P,2026-01-01,1268787.59515957
CHF,P,T,1985-01-01,155686.88752937687
CHF,P,T,1985-04-01,165953.78851410135
CHF,P,T,1985-07-01,175823.55393379802
CHF,P,T,1985-10-01,201159.2127608052
CHF,P,T,1986-01-01,210993.31610853106
CHF,P,T,1986-04-01,217583.10564736708
CHF,P,T,1986-07-01,221888.18959570283
CHF,P,T,1986-10-01,237992.9282564051
CHF,P,T,1987-01-01,242961.074097586
CHF,P,T,1987-04-01,247778.24802819928
CHF,P,T,1987-07-01,266923.66378167924
CHF,P,T,1987-10-01,231608.87587649998
CHF,P,T,1988-01-01,237066.9303106785
CHF,P,T,1988-04-01,240262.7297525386
CHF,P,T,1988-07-01,243597.34034651774
CHF,P,T,1988-10-01,251390.52695
CHF,P,T,1989-01-01,262470.4185526977
CHF,P,T,1989-04-01,280012.8355065078
CHF,P,T,1989-07-01,296139.1945783926
CHF,P,T,1989-10-01,299904.4267
CHF,P,T,1990-01-01,301925.56766694674
CHF,P,T,1990-04-01,319239.55946034304
CHF,P,T,1990-07-01,292605.9200890661
CHF,P,T,1990-10-01,300050.5712
CHF,P,T,1991-01-01,319258.3999996156
CHF,P,T,1991-04-01,323498.30962604936
CHF,P,T,1991-07-01,322603.8320681785
CHF,P,T,1991-10-01,321570.656444
CHF,P,T,1992-01-01,330830.1242216166
CHF,P,T,1992-04-01,335295.0412424653
CHF,P,T,1992-07-01,331013.3084653276
CHF,P,T,1992-10-01,339510.1054
CHF,P,T,1993-01-01,352534.0295040896
CHF,P,T,1993-04-01,370946.9238037013
CHF,P,T,1993-07-01,383189.4023922439
CHF,P,T,1993-10-01,422071.994812
CHF,P,T,1994-01-01,425225.3325596508
CHF,P,T,1994-04-01,420259.8166337717
CHF,P,T,1994-07-01,420734.46467422927
CHF,P,T,1994-10-01,429085.7426
CHF,P,T,1995-01-01,421871.7273758851
CHF,P,T,1995-04-01,438038.8114492324
CHF,P,T,1995-07-01,446825.882808225
CHF,P,T,1995-10-01,463012.695996
CHF,P,T,1996-01-01,480818.42522241233
CHF,P,T,1996-04-01,490653.5331453502
CHF,P,T,1996-07-01,493920.86667920084
CHF,P,T,1996-10-01,511810.1733
CHF,P,T,1997-01-01,565644.313034846
CHF,P,T,1997-04-01,629029.5115910807
CHF,P,T,1997-07-01,648451.4811066824
CHF,P,T,1997-10-01,682064.065384
CHF,P,T,1998-01-01,734042.375678525
CHF,P,T,1998-04-01,758325.2487174079
CHF,P,T,1998-07-01,663094.4182555472
CHF,P,T,1998-10-01,756087.1334999999
CHF,P,T,1999-01-01,735273.399298694
CHF,P,T,1999-04-01,744122.3528024316
CHF,P,T,1999-07-01,749146.6040334248
CHF,P,T,1999-10-01,798906.1778689029
CHF,P,T,2000-01-01,825740.7661262784
CHF,P,T,2000-04-01,849994.0877657037
CHF,P,T,2000-07-01,877568.0646615174
CHF,P,T,2000-10-01,957350.553743771
CHF,P,T,2001-01-01,915280.2534455355
CHF,P,T,2001-04-01,918647.1427797067
CHF,P,T,2001-07-01,833137.2982988511
CHF,P,T,2001-10-01,891832.9726765656
CHF,P,T,2002-01-01,916642.3766331641
CHF,P,T,2002-04-01,889428.764856146
CHF,P,T,2002-07-01,809348.6283821573
CHF,P,T,2002-10-01,811829.275951902
CHF,P,T,2003-01-01,755548.4297347757
CHF,P,T,2003-04-01,808840.3780457595
CHF,P,T,2003-07-01,855076.4811174613
CHF,P,T,2003-10-01,906318.645542519
CHF,P,T,2004-01-01,930638.390784066
CHF,P,T,2004-04-01,963678.5085831837
CHF,P,T,2004-07-01,965789.5160213982
CHF,P,T,2004-10-01,987162.3518280147
CHF,P,T,2005-01-01,1012649.2884701398
CHF,P,T,2005-04-01,1075606.1140509578
CHF,P,T,2005-07-01,1133294.717075976
CHF,P,T,2005-10-01,1201888.6370729392
CHF,P,T,2006-01-01,1262493.124230437
CHF,P,T,2006-04-01,1250814.1587056618
CHF,P,T,2006-07-01,1336506.396112233
CHF,P,T,2006-10-01,1457392.2100269163
CHF,P,T,2007-01-01,1472807.958939662
CHF,P,T,2007-04-01,1556978.3168113255
CHF,P,T,2007-07-01,1572089.1675627849
CHF,P,T,2007-10-01,1539976.7171054394
CHF,P,T,2008-01-01,1489304.4585291864
CHF,P,T,2008-04-01,1483052.796276366
CHF,P,T,2008-07-01,1523556.144552739
CHF,P,T,2008-10-01,1420275.7725028554
CHF,P,T,2009-01-01,1329209.3683932128
CHF,P,T,2009-04-01,1367343.2788310614
CHF,P,T,2009-07-01,1439306.246300934
CHF,P,T,2009-10-01,1466454.04793338
CHF,P,T,2010-01-01,1520272.6618215288
CHF,P,T,2010-04-01,1536128.9681330193
CHF,P,T,2010-07-01,1555549.5325273965
CHF,P,T,2010-10-01,1587827.3958287197
CHF,P,T,2011-01-01,1605717.2444385497
CHF,P,T,2011-04-01,1614903.2421685946
CHF,P,T,2011-07-01,1629815.5557114393
CHF,P,T,2011-10-01,1652532.0246413532
CHF,P,T,2012-01-01,1676354.9675162653
CHF,P,T,2012-04-01,1740412.9474316237
CHF,P,T,2012-07-01,1820343.5983561962
CHF,P,T,2012-10-01,1942040.7734276396
CHF,P,T,2013-01-01,2049685.0086987112
CHF,P,T,2013-04-01,2032278.3872499224
CHF,P,T,2013-07-01,2067361.0029154334
CHF,P,T,2013-10-01,2104090.2263186686
CHF,P,T,2014-01-01,2138761.6876470204
CHF,P,T,2014-04-01,2169426.9209474423
CHF,P,T,2014-07-01,2223460.988801147
CHF,P,T,2014-10-01,2341731.9789173324
CHF,P,T,2015-01-01,2429141.865459885
CHF,P,T,2015-04-01,2392997.174090252
CHF,P,T,2015-07-01,2386212.094985519
CHF,P,T,2015-10-01,2481432.7249631914
CHF,P,T,2016-01-01,2449147.1042805314
CHF,P,T,2016-04-01,2569241.7666693395
CHF,P,T,2016-07-01,2644154.336274024
CHF,P,T,2016-10-01,2704163.714958431
CHF,P,T,2017-01-01,2805630.3753479193
CHF,P,T,2017-04-01,2864427.477099704
CHF,P,T,2017-07-01,2872828.4264552426
CHF,P,T,2017-10-01,2907431.7412422504
CHF,P,T,2018-01-01,2835167.1239359523
CHF,P,T,2018-04-01,2838167.4142107153
CHF,P,T,2018-07-01,2889802.304440399
CHF,P,T,2018-10-01,2778718.405873398
CHF,P,T,2019-01-01,2885034.7609603717
CHF,P,T,2019-04-01,2947759.929482638
CHF,P,T,2019-07-01,3010760.7696503145
CHF,P,T,2019-10-01,3074654.9410810582
CHF,P,T,2020-01-01,2939481.1031320053
CHF,P,T,2020-04-01,2869387.920637939
CHF,P,T,2020-07-01,2891925.945083055
CHF,P,T,2020-10-01,2932162.597968514
CHF,P,T,2021-01-01,2990982.7920615477
CHF,P,T,2021-04-01,3024847.577697485
CHF,P,T,2021-07-01,2924725.742730269
CHF,P,T,2021-10-01,3022510.5095388945
CHF,P,T,2022-01-01,2908806.470753724
CHF,P,T,2022-04-01,2736200.878560126
CHF,P,T,2022-07-01,2732598.853350875
CHF,P,T,2022-10-01,2744738.127881149
CHF,P,T,2023-01-01,2768913.9245862905
CHF,P,T,2023-04-01,2736163.722185239
CHF,P,T,2023-07-01,2618202.5944805103
CHF,P,T,2023-10-01,2564171.6950034057
CHF,P,T,2024-01-01,2612973.325780894
CHF,P,T,2024-04-01,2565065.7813394875
CHF,P,T,2024-07-01,2609149.2105415906
CHF,P,T,2024-10-01,2593106.2578949304
CHF,P,T,2025-01-01,2674547.825739952
CHF,P,T,2025-04-01,2597947.108303266
CHF,P,T,2025-07-01,2597950.9403923173
CHF,P,T,2025-10-01,2715657.908001488
CHF,P,T,2026-01-01,2722658.644864805
CHF,P,UI,1985-01-01,63147.63571520024
CHF,P,UI,1985-04-01,65264.72906920656
CHF,P,UI,1985-07-01,67751.9286815006
CHF,P,UI,1985-10-01,71300.1127608052
CHF,P,UI,1986-01-01,72425.1278611724
CHF,P,UI,1986-04-01,73204.46739763537
CHF,P,UI,1986-07-01,73796.63320165961
CHF,P,UI,1986-10-01,74608.2282564051
CHF,P,UI,1987-01-01,77702.98688490005
CHF,P,UI,1987-04-01,80758.52122066275
CHF,P,UI,1987-07-01,83821.39795771684
CHF,P,UI,1987-10-01,86397.57587649999
CHF,P,UI,1988-01-01,87115.7165877057
CHF,P,UI,1988-04-01,87200.51173947245
CHF,P,UI,1988-07-01,87014.17444924742
CHF,P,UI,1988-10-01,86920.62695
CHF,P,UI,1989-01-01,89324.69979271253
CHF,P,UI,1989-04-01,92393.34289717185
CHF,P,UI,1989-07-01,96059.68916552
CHF,P,UI,1989-10-01,100245.6267
CHF,P,UI,1990-01-01,105638.43074515951
CHF,P,UI,1990-04-01,111114.36284040048
CHF,P,UI,1990-07-01,116281.23218975058
CHF,P,UI,1990-10-01,120704.9712
CHF,P,UI,1991-01-01,122951.33709111421
CHF,P,UI,1991-04-01,123542.14450085933
CHF,P,UI,1991-07-01,123787.5281037238
CHF,P,UI,1991-10-01,124138.856444
CHF,P,UI,1992-01-01,125068.83062610442
CHF,P,UI,1992-04-01,126195.77374930466
CHF,P,UI,1992-07-01,127145.61220326909
CHF,P,UI,1992-10-01,127533.00540000001
CHF,P,UI,1993-01-01,124546.73836198346
CHF,P,UI,1993-04-01,121660.85168178531
CHF,P,UI,1993-07-01,119567.79941237041
CHF,P,UI,1993-10-01,118818.394812
CHF,P,UI,1994-01-01,124847.7712461964
CHF,P,UI,1994-04-01,132037.94017800337
CHF,P,UI,1994-07-01,139040.81478571362
CHF,P,UI,1994-10-01,144507.7426
CHF,P,UI,1995-01-01,144805.00623427052
CHF,P,UI,1995-04-01,143647.54449939172
CHF,P,UI,1995-07-01,142668.81427207607
CHF,P,UI,1995-10-01,143479.595996
CHF,P,UI,1996-01-01,144576.49224189547
CHF,P,UI,1996-04-01,147183.15654166843
CHF,P,UI,1996-07-01,150324.97587158423
CHF,P,UI,1996-10-01,153178.07330000002
CHF,P,UI,1997-01-01,161509.7376921093
CHF,P,UI,1997-04-01,169394.78752538556
CHF,P,UI,1997-07-01,176719.4747972464
CHF,P,UI,1997-10-01,183389.065384
CHF,P,UI,1998-01-01,186275.465360132
CHF,P,UI,1998-04-01,189359.82577337872
CHF,P,UI,1998-07-01,193461.5803262653
CHF,P,UI,1998-10-01,199428.6495
CHF,P,UI,1999-01-01,167441.9348202994
CHF,P,UI,1999-04-01,176096.79095795006
CHF,P,UI,1999-07-01,174286.5045589839
CHF,P,UI,1999-10-01,176100.34639999998
CHF,P,UI,2000-01-01,179752.9792
CHF,P,UI,2000-04-01,181815.5478
CHF,P,UI,2000-07-01,184856.393741
CHF,P,UI,2000-10-01,181769.851919
CHF,P,UI,2001-01-01,197447.449
CHF,P,UI,2001-04-01,193523.932
CHF,P,UI,2001-07-01,193407.442
CHF,P,UI,2001-10-01,194531.691546
CHF,P,UI,2002-01-01,199471.8075
CHF,P,UI,2002-04-01,186968.5175
CHF,P,UI,2002-07-01,186286.0375
CHF,P,UI,2002-10-01,186535.7625
CHF,P,UI,2003-01-01,190412.107
CHF,P,UI,2003-04-01,188654.251
CHF,P,UI,2003-07-01,190008.40911482
CHF,P,UI,2003-10-01,186279.86211
CHF,P,UI,2004-01-01,193106.56391
CHF,P,UI,2004-04-01,189562.47733279
CHF,P,UI,2004-07-01,193402.62027
CHF,P,UI,2004-10-01,178364.360995
CHF,P,UI,2005-01-01,189711.964625
CHF,P,UI,2005-04-01,195493.430565
CHF,P,UI,2005-07-01,185591.087805
CHF,P,UI,2005-10-01,191948.64229665
CHF,P,UI,2006-01-01,205629.24851092
CHF,P,UI,2006-04-01,198323.2899964
CHF,P,UI,2006-07-01,193348.67961314
CHF,P,UI,2006-10-01,195716.63803441
CHF,P,UI,2007-01-01,205558.76454549
CHF,P,UI,2007-04-01,216578.04189203
CHF,P,UI,2007-07-01,220556.40756688
CHF,P,UI,2007-10-01,226867.63905401
CHF,P,UI,2008-01-01,240009.65316697
CHF,P,UI,2008-04-01,242991.8512006
CHF,P,UI,2008-07-01,266435.31384394
CHF,P,UI,2008-10-01,257030.2316476
CHF,P,UI,2009-01-01,248821.58159459
CHF,P,UI,2009-04-01,252042.41683533
CHF,P,UI,2009-07-01,223140.53145277
CHF,P,UI,2009-10-01,230540.58283447
CHF,P,UI,2010-01-01,242812.2566718
CHF,P,UI,2010-04-01,258363.57762363
CHF,P,UI,2010-07-01,249436.13736155
CHF,P,UI,2010-10-01,252288.91936436
CHF,P,UI,2011-01-01,257349.09882157
CHF,P,UI,2011-04-01,249746.18816767
CHF,P,UI,2011-07-01,302575.17214524
CHF,P,UI,2011-10-01,308899.26087921
CHF,P,UI,2012-01-01,306973.80294072
CHF,P,UI,2012-04-01,351903.46245494
CHF,P,UI,2012-07-01,393657.95310939
CHF,P,UI,2012-10-01,376058.51854606
CHF,P,UI,2013-01-01,386685.01214713
CHF,P,UI,2013-04-01,354781.09087049
CHF,P,UI,2013-07-01,352696.13480855
CHF,P,UI,2013-10-01,370947.54854836
CHF,P,UI,2014-01-01,359278.99519454
CHF,P,UI,2014-04-01,359295.49635765
CHF,P,UI,2014-07-01,355690.40887677
CHF,P,UI,2014-10-01,353190.9438079674
CHF,P,UI,2015-01-01,365726.5699162578
CHF,P,UI,2015-04-01,357943.0104239814
CHF,P,UI,2015-07-01,356915.79240783147
CHF,P,UI,2015-10-01,357637.4182424036
CHF,P,UI,2016-01-01,328672.0793702444
CHF,P,UI,2016-04-01,360930.0802803652
CHF,P,UI,2016-07-01,353874.1137500038
CHF,P,UI,2016-10-01,344541.59988545143
CHF,P,UI,2017-01-01,378879.8258924412
CHF,P,UI,2017-04-01,384061.5944529855
CHF,P,UI,2017-07-01,385705.0368165028
CHF,P,UI,2017-10-01,399539.86283771263
CHF,P,UI,2018-01-01,391287.51917844045
CHF,P,UI,2018-04-01,376272.0746572931
CHF,P,UI,2018-07-01,389702.334018872
CHF,P,UI,2018-10-01,379441.3384360743
CHF,P,UI,2019-01-01,381729.27262536454
CHF,P,UI,2019-04-01,387674.75674336456
CHF,P,UI,2019-07-01,412208.95768586476
CHF,P,UI,2019-10-01,409965.810340814
CHF,P,UI,2020-01-01,410523.98968957353
CHF,P,UI,2020-04-01,398126.62302822684
CHF,P,UI,2020-07-01,398009.4848875811
CHF,P,UI,2020-10-01,416228.15240911156
CHF,P,UI,2021-01-01,415128.22747669317
CHF,P,UI,2021-04-01,407865.2162296622
CHF,P,UI,2021-07-01,407243.05617734813
CHF,P,UI,2021-10-01,424789.05472584465
CHF,P,UI,2022-01-01,403165.63958704186
CHF,P,UI,2022-04-01,399172.22277570906
CHF,P,UI,2022-07-01,432682.5796148334
CHF,P,UI,2022-10-01,401945.2717422389
CHF,P,UI,2023-01-01,391765.63718007656
CHF,P,UI,2023-04-01,353040.97532698425
CHF,P,UI,2023-07-01,347116.33288749756
CHF,P,UI,2023-10-01,329403.0920042806
CHF,P,UI,2024-01-01,341748.2563419078
CHF,P,UI,2024-04-01,349210.4368022015
CHF,P,UI,2024-07-01,357271.53174960497
CHF,P,UI,2024-10-01,355165.26211357955
CHF,P,UI,2025-01-01,370948.5497958939
CHF,P,UI,2025-04-01,366394.47892615746
CHF,P,UI,2025-07-01,367993.71262522927
CHF,P,UI,2025-10-01,355151.3710549454
CHF,P,UI,2026-01-01,378342.3293845261
E,A,D1,2004-04-01,16
E,A,D1,2004-07-01,19
E,A,D1,2004-10-01,23
E,A,D1,2005-01-01,18
E,A,D1,2005-04-01,28
E,A,D1,2005-07-01,25
E,A,D1,2005-10-01,35
E,A,D1,2006-01-01,84
E,A,D1,2006-04-01,88
E,A,D1,2006-07-01,64
E,A,D1,2006-10-01,46
E,A,D1,2007-01-01,54
E,A,D1,2007-04-01,50
E,A,D1,2007-07-01,128
E,A,D1,2007-10-01,137
E,A,D1,2008-01-01,67
E,A,D1,2008-04-01,78
E,A,D1,2008-07-01,117
E,A,D1,2008-10-01,109
E,A,D1,2009-01-01,70
E,A,D1,2009-04-01,24
E,A,D1,2009-07-01,56
E,A,D1,2009-10-01,74
E,A,D1,2010-01-01,54
E,A,D1,2010-04-01,57
E,A,D1,2010-07-01,112
E,A,D1,2010-10-01,141
E,A,D1,2011-01-01,162
E,A,D1,2011-04-01,112
E,A,D1,2011-07-01,170
E,A,D1,2011-10-01,122
E,A,D1,2012-01-01,68
E,A,D1,2012-04-01,92
E,A,D1,2012-07-01,267
E,A,D1,2012-10-01,70
E,A,D1,2013-01-01,90
E,A,D1,2013-04-01,321
E,A,D1,2013-07-01,108
E,A,D1,2013-10-01,60
E,A,D1,2014-01-01,46
E,A,D1,2014-04-01,52
E,A,D1,2014-07-01,76
E,A,D1,2014-10-01,97
E,A,D1,2015-01-01,63
E,A,D1,2015-04-01,67
E,A,D1,2015-07-01,48
E,A,D1,2015-10-01,22.083463929
E,A,D1,2016-01-01,89.425867167
E,A,D1,2016-04-01,99.97389666100001
E,A,D1,2016-07-01,36.544544369
E,A,D1,2016-10-01,128.793277933
E,A,D1,2017-01-01,183.012479503
E,A,D1,2017-04-01,71.28293227799999
E,A,D1,2017-07-01,63.26100795
E,A,D1,2017-10-01,94.851289865
E,A,D1,2018-01-01,53.320312854
E,A,D1,2018-04-01,42.453020687
E,A,D1,2018-07-01,72.557845238
E,A,D1,2018-10-01,106.54816139900001
E,A,D1,2019-01-01,49.123028217
E,A,D1,2019-04-01,117.85773073700001
E,A,D1,2019-07-01,155.45466482400002
E,A,D1,2019-10-01,109.54998245
E,A,D1,2020-01-01,159.09590932499998
E,A,D1,2020-04-01,105.490093354
E,A,D1,2020-07-01,120.96708423199999
E,A,D1,2020-10-01,95.59624214200001
E,A,D1,2021-01-01,83.078748579
E,A,D1,2021-04-01,26.586574926
E,A,D1,2021-07-01,34.405371279
E,A,D1,2021-10-01,32.469938919
E,A,D1,2022-01-01,80.097589493
E,A,D1,2022-04-01,31.239348726
E,A,D1,2022-07-01,40.670000370000004
E,A,D1,2022-10-01,97.307521946
E,A,D1,2023-01-01,266.364392835
E,A,D1,2023-04-01,65.67006215800001
E,A,D1,2023-07-01,29.366247177
E,A,D1,2023-10-01,84.786596526
E,A,D1,2024-01-01,137.961933097
E,A,D1,2024-04-01,97.746189007
E,A,D1,2024-07-01,254.927711262
E,A,D1,2024-10-01,103.096375856
E,A,D1,2025-01-01,357.26881185300005
E,A,D1,2025-04-01,240.946999759
E,A,D1,2025-07-01,664.8091801
E,A,D1,2025-10-01,907.742063674
E,A,D1,2026-01-01,648.018315463
E,A,T,1985-01-01,11904
E,A,T,1985-04-01,11904
E,A,T,1985-07-01,11904
E,A,T,1985-10-01,11904
E,A,T,1986-01-01,11904
E,A,T,1986-04-01,11904
E,A,T,1986-07-01,11904
E,A,T,1986-10-01,11904
E,A,T,1987-01-01,11904
E,A,T,1987-04-01,11904
E,A,T,1987-07-01,11904
E,A,T,1987-10-01,11904
E,A,T,1988-01-01,11904
E,A,T,1988-04-01,11904
E,A,T,1988-07-01,11904
E,A,T,1988-10-01,11904
E,A,T,1989-01-01,11904
E,A,T,1989-04-01,11904
E,A,T,1989-07-01,11904
E,A,T,1989-10-01,11904
E,A,T,1990-01-01,11904
E,A,T,1990-04-01,11904
E,A,T,1990-07-01,11904
E,A,T,1990-10-01,11904
E,A,T,1991-01-01,11904
E,A,T,1991-04-01,11904
E,A,T,1991-07-01,11904
E,A,T,1991-10-01,11904
E,A,T,1992-01-01,11904
E,A,T,1992-04-01,11904
E,A,T,1992-07-01,11904
E,A,T,1992-10-01,11904
E,A,T,1993-01-01,11904
E,A,T,1993-04-01,11904
E,A,T,1993-07-01,11904
E,A,T,1993-10-01,11904
E,A,T,1994-01-01,11904
E,A,T,1994-04-01,11904
E,A,T,1994-07-01,11904
E,A,T,1994-10-01,11904
E,A,T,1995-01-01,11904
E,A,T,1995-04-01,11904
E,A,T,1995-07-01,11904
E,A,T,1995-10-01,11904
E,A,T,1996-01-01,11904
E,A,T,1996-04-01,11904
E,A,T,1996-07-01,11904
E,A,T,1996-10-01,11904
E,A,T,1997-01-01,11904
E,A,T,1997-04-01,11904
E,A,T,1997-07-01,11904
E,A,T,1997-10-01,11904
E,A,T,1998-01-01,11904
E,A,T,1998-04-01,11904
E,A,T,1998-07-01,11904
E,A,T,1998-10-01,11904
E,A,T,1999-01-01,11904
E,A,T,1999-04-01,11904
E,A,T,1999-07-01,11904
E,A,T,1999-10-01,19041
E,A,T,2000-01-01,18265.9
E,A,T,2000-04-01,44460.61227206
E,A,T,2000-07-01,43798.161595879996
E,A,T,2000-10-01,38472.837993940004
E,A,T,2001-01-01,38521.87561044
E,A,T,2001-04-01,41541.07709076
E,A,T,2001-07-01,40680.859204039996
E,A,T,2001-10-01,38090.36378009
E,A,T,2002-01-01,41635.21089005
E,A,T,2002-04-01,35927.92942376
E,A,T,2002-07-01,35659.00026096
E,A,T,2002-10-01,35376.5984547
E,A,T,2003-01-01,32797.58150704
E,A,T,2003-04-01,32179.24953463
E,A,T,2003-07-01,33128.58336658
E,A,T,2003-10-01,31267.03288242
E,A,T,2004-01-01,31870.39294593
E,A,T,2004-04-01,31056.842931810002
E,A,T,2004-07-01,28520.64548415
E,A,T,2004-10-01,26337.22191131
E,A,T,2005-01-01,27538.82693747
E,A,T,2005-04-01,29083.519653450003
E,A,T,2005-07-01,31926.19440045
E,A,T,2005-10-01,36215.20195406
E,A,T,2006-01-01,40344.43189638
E,A,T,2006-04-01,42353.06712050999
E,A,T,2006-07-01,42784.87958955
E,A,T,2006-10-01,43395.53617655
E,A,T,2007-01-01,47509.67786277
E,A,T,2007-04-01,48827.97154895
E,A,T,2007-07-01,50113.15808336
E,A,T,2007-10-01,48121.542810830004
E,A,T,2008-01-01,44387.217149029995
E,A,T,2008-04-01,41849.2221231
E,A,T,2008-07-01,39792.661206849996
E,A,T,2008-10-01,35435.60482998
E,A,T,2009-01-01,45000.82549548001
E,A,T,2009-04-01,42500.10379436
E,A,T,2009-07-01,41896.813371300006
E,A,T,2009-10-01,45615.63005709
E,A,T,2010-01-01,47469.113955190005
E,A,T,2010-04-01,53308.00624792
E,A,T,2010-07-01,50681.70281961
E,A,T,2010-10-01,52616.90253325
E,A,T,2011-01-01,52470.3533064
E,A,T,2011-04-01,48682.696453
E,A,T,2011-07-01,58995.8062135
E,A,T,2011-10-01,60517.94087826
E,A,T,2012-01-01,59294.35423343
E,A,T,2012-04-01,59850.89742844
E,A,T,2012-07-01,64834.35477319999
E,A,T,2012-10-01,59026.50561342
E,A,T,2013-01-01,57684.83585165
E,A,T,2013-04-01,42430.61242651
E,A,T,2013-07-01,45562.03628175
E,A,T,2013-10-01,39978.96163437
E,A,T,2014-01-01,41950.49496771
E,A,T,2014-04-01,43320.58361692
E,A,T,2014-07-01,43278.81586045
E,A,T,2014-10-01,43594.621333129995
E,A,T,2015-01-01,42200.42257008
E,A,T,2015-04-01,39372.88704889
E,A,T,2015-07-01,38935.54160945
E,A,T,2015-10-01,37356.645236709
E,A,T,2016-01-01,41698.225001287
E,A,T,2016-04-01,45914.665004291
E,A,T,2016-07-01,46121.358320659
E,A,T,2016-10-01,43241.282216155
E,A,T,2017-01-01,44771.368206243
E,A,T,2017-04-01,42895.471758278
E,A,T,2017-07-01,44015.124054786
E,A,T,2017-10-01,45424.804096423
E,A,T,2018-01-01,45632.90805308
E,A,T,2018-04-01,45871.377769652
E,A,T,2018-07-01,43205.310497732
E,A,T,2018-10-01,44519.496903368
E,A,T,2019-01-01,45763.364935089
E,A,T,2019-04-01,48719.499605169
E,A,T,2019-07-01,53342.710368837
E,A,T,2019-10-01,53558.033145765
E,A,T,2020-01-01,55516.136348542
E,A,T,2020-04-01,58202.913249827
E,A,T,2020-07-01,61127.365320132
E,A,T,2020-10-01,58479.750952147
E,A,T,2021-01-01,56638.685787602
E,A,T,2021-04-01,57205.43102367
E,A,T,2021-07-01,57183.107347885
E,A,T,2021-10-01,58170.371164628
E,A,T,2022-01-01,62343.54120787
E,A,T,2022-04-01,60284.062346212
E,A,T,2022-07-01,57531.570181648996
E,A,T,2022-10-01,58007.96703285
E,A,T,2023-01-01,62888.305200162
E,A,T,2023-04-01,59448.718174103
E,A,T,2023-07-01,59262.579136621
E,A,T,2023-10-01,59801.742609217
E,A,T,2024-01-01,69280.052443624
E,A,T,2024-04-01,72447.445164085
E,A,T,2024-07-01,77004.837457347
E,A,T,2024-10-01,82304.299197719
E,A,T,2025-01-01,95350.811351067
E,A,T,2025-04-01,91586.108845704
E,A,T,2025-07-01,106220.199136392
E,A,T,2025-10-01,119568.60582562341
E,A,T,2026-01-01,127924.41916408861
E,A,UI,1999-10-01,7137
E,A,UI,2000-01-01,6362
E,A,UI,2000-04-01,6064
E,A,UI,2000-07-01,6097
E,A,UI,2000-10-01,3748
E,A,UI,2001-01-01,4399
E,A,UI,2001-04-01,5321
E,A,UI,2001-07-01,6389
E,A,UI,2001-10-01,5108
E,A,UI,2002-01-01,6729
E,A,UI,2002-04-01,4531
E,A,UI,2002-07-01,4955
E,A,UI,2002-10-01,6037
E,A,UI,2003-01-01,5722
E,A,UI,2003-04-01,5373
E,A,UI,2003-07-01,5281
E,A,UI,2003-10-01,4139
E,A,UI,2004-01-01,4778
E,A,UI,2004-04-01,7163
E,A,UI,2004-07-01,4730
E,A,UI,2004-10-01,4675
E,A,UI,2005-01-01,6252
E,A,UI,2005-04-01,5735
E,A,UI,2005-07-01,6418
E,A,UI,2005-10-01,8130
E,A,UI,2006-01-01,8699
E,A,UI,2006-04-01,10986
E,A,UI,2006-07-01,11493
E,A,UI,2006-10-01,11129
E,A,UI,2007-01-01,13898
E,A,UI,2007-04-01,16047
E,A,UI,2007-07-01,17055
E,A,UI,2007-10-01,13209
E,A,UI,2008-01-01,11055
E,A,UI,2008-04-01,8923
E,A,UI,2008-07-01,6813
E,A,UI,2008-10-01,4465
E,A,UI,2009-01-01,10032
E,A,UI,2009-04-01,8594
E,A,UI,2009-07-01,7171
E,A,UI,2009-10-01,7356
E,A,UI,2010-01-01,7965
E,A,UI,2010-04-01,8233
E,A,UI,2010-07-01,7846
E,A,UI,2010-10-01,8488
E,A,UI,2011-01-01,8309
E,A,UI,2011-04-01,6133
E,A,UI,2011-07-01,9845
E,A,UI,2011-10-01,11016
E,A,UI,2012-01-01,9086
E,A,UI,2012-04-01,9121
E,A,UI,2012-07-01,8972
E,A,UI,2012-10-01,8185
E,A,UI,2013-01-01,6878
E,A,UI,2013-04-01,4492
E,A,UI,2013-07-01,5346
E,A,UI,2013-10-01,4354
E,A,UI,2014-01-01,3705
E,A,UI,2014-04-01,4160
E,A,UI,2014-07-01,4312
E,A,UI,2014-10-01,3868
E,A,UI,2015-01-01,3525
E,A,UI,2015-04-01,2883
E,A,UI,2015-07-01,2548
E,A,UI,2015-10-01,1867.88503358
E,A,UI,2016-01-01,1994.49619301
E,A,UI,2016-04-01,2750.64873498
E,A,UI,2016-07-01,3159.08087121
E,A,UI,2016-10-01,3712.139517572
E,A,UI,2017-01-01,2940.71845731
E,A,UI,2017-04-01,3078.02016835
E,A,UI,2017-07-01,2277.481195936
E,A,UI,2017-10-01,2835.907353018
E,A,UI,2018-01-01,3310.153697396
E,A,UI,2018-04-01,4267.180683765
E,A,UI,2018-07-01,4367.286408954
E,A,UI,2018-10-01,2175.630262019
E,A,UI,2019-01-01,2596.421441972
E,A,UI,2019-04-01,2586.326002742
E,A,UI,2019-07-01,3662.332434803
E,A,UI,2019-10-01,4337.629226695
E,A,UI,2020-01-01,3436.779594817
E,A,UI,2020-04-01,1865.437352693
E,A,UI,2020-07-01,2777.15305655
E,A,UI,2020-10-01,2637.033915755
E,A,UI,2021-01-01,3134.532025123
E,A,UI,2021-04-01,2820.208428924
E,A,UI,2021-07-01,2680.528423746
E,A,UI,2021-10-01,2447.165046299
E,A,UI,2022-01-01,2410.861647077
E,A,UI,2022-04-01,2182.420999006
E,A,UI,2022-07-01,2864.011510589
E,A,UI,2022-10-01,1811.4004570040004
E,A,UI,2023-01-01,2174.162430877
E,A,UI,2023-04-01,2080.170543635
E,A,UI,2023-07-01,2062.192773464
E,A,UI,2023-10-01,1899.298548711
E,A,UI,2024-01-01,2385.896763257
E,A,UI,2024-04-01,2330.117788908
E,A,UI,2024-07-01,2318.798363285
E,A,UI,2024-10-01,3153.3917741230002
E,A,UI,2025-01-01,3168.381707444
E,A,UI,2025-04-01,3732.171440945
E,A,UI,2025-07-01,3614.579762822
E,A,UI,2025-10-01,3309.682653949407
E,A,UI,2026-01-01,4145.636312815608
E,A,W,1985-01-01,11904
E,A,W,1985-04-01,11904
E,A,W,1985-07-01,11904
E,A,W,1985-10-01,11904
E,A,W,1986-01-01,11904
E,A,W,1986-04-01,11904
E,A,W,1986-07-01,11904
E,A,W,1986-10-01,11904
E,A,W,1987-01-01,11904
E,A,W,1987-04-01,11904
E,A,W,1987-07-01,11904
E,A,W,1987-10-01,11904
E,A,W,1988-01-01,11904
E,A,W,1988-04-01,11904
E,A,W,1988-07-01,11904
E,A,W,1988-10-01,11904
E,A,W,1989-01-01,11904
E,A,W,1989-04-01,11904
E,A,W,1989-07-01,11904
E,A,W,1989-10-01,11904
E,A,W,1990-01-01,11904
E,A,W,1990-04-01,11904
E,A,W,1990-07-01,11904
E,A,W,1990-10-01,11904
E,A,W,1991-01-01,11904
E,A,W,1991-04-01,11904
E,A,W,1991-07-01,11904
E,A,W,1991-10-01,11904
E,A,W,1992-01-01,11904
E,A,W,1992-04-01,11904
E,A,W,1992-07-01,11904
E,A,W,1992-10-01,11904
E,A,W,1993-01-01,11904
E,A,W,1993-04-01,11904
E,A,W,1993-07-01,11904
E,A,W,1993-10-01,11904
E,A,W,1994-01-01,11904
E,A,W,1994-04-01,11904
E,A,W,1994-07-01,11904
E,A,W,1994-10-01,11904
E,A,W,1995-01-01,11904
E,A,W,1995-04-01,11904
E,A,W,1995-07-01,11904
E,A,W,1995-10-01,11904
E,A,W,1996-01-01,11904
E,A,W,1996-04-01,11904
E,A,W,1996-07-01,11904
E,A,W,1996-10-01,11904
E,A,W,1997-01-01,11904
E,A,W,1997-04-01,11904
E,A,W,1997-07-01,11904
E,A,W,1997-10-01,11904
E,A,W,1998-01-01,11904
E,A,W,1998-04-01,11904
E,A,W,1998-07-01,11904
E,A,W,1998-10-01,11904
E,A,W,1999-01-01,11904
E,A,W,1999-04-01,11904
E,A,W,1999-07-01,11904
E,A,W,1999-10-01,11904
E,A,W,2000-01-01,11903.9
E,A,W,2000-04-01,38396.61227206
E,A,W,2000-07-01,37701.161595879996
E,A,W,2000-10-01,34724.837993940004
E,A,W,2001-01-01,34122.87561044
E,A,W,2001-04-01,36220.07709076
E,A,W,2001-07-01,34291.859204039996
E,A,W,2001-10-01,32982.36378009
E,A,W,2002-01-01,34906.21089005
E,A,W,2002-04-01,31396.929423759997
E,A,W,2002-07-01,30704.000260959998
E,A,W,2002-10-01,29339.5984547
E,A,W,2003-01-01,27075.58150704
E,A,W,2003-04-01,26806.24953463
E,A,W,2003-07-01,27847.583366580002
E,A,W,2003-10-01,27128.03288242
E,A,W,2004-01-01,27092.39294593
E,A,W,2004-04-01,23877.842931810002
E,A,W,2004-07-01,23771.64548415
E,A,W,2004-10-01,21639.22191131
E,A,W,2005-01-01,21268.82693747
E,A,W,2005-04-01,23320.519653450003
E,A,W,2005-07-01,25483.19440045
E,A,W,2005-10-01,28050.201954059998
E,A,W,2006-01-01,31561.43189638
E,A,W,2006-04-01,31279.067120509997
E,A,W,2006-07-01,31227.87958955
E,A,W,2006-10-01,32220.53617655
E,A,W,2007-01-01,33557.67786277
E,A,W,2007-04-01,32730.97154895
E,A,W,2007-07-01,32930.15808336
E,A,W,2007-10-01,34775.542810830004
E,A,W,2008-01-01,33265.217149029995
E,A,W,2008-04-01,32848.2221231
E,A,W,2008-07-01,32862.661206849996
E,A,W,2008-10-01,30861.60482998
E,A,W,2009-01-01,34898.82549548001
E,A,W,2009-04-01,33882.10379436
E,A,W,2009-07-01,34669.813371300006
E,A,W,2009-10-01,38185.63005709
E,A,W,2010-01-01,39450.113955190005
E,A,W,2010-04-01,45018.00624792
E,A,W,2010-07-01,42723.70281961
E,A,W,2010-10-01,43987.90253325
E,A,W,2011-01-01,43999.3533064
E,A,W,2011-04-01,42437.696453
E,A,W,2011-07-01,48980.8062135
E,A,W,2011-10-01,49379.94087826
E,A,W,2012-01-01,50140.35423343
E,A,W,2012-04-01,50637.89742844
E,A,W,2012-07-01,55595.35477319999
E,A,W,2012-10-01,50771.50561342
E,A,W,2013-01-01,50716.83585165
E,A,W,2013-04-01,37617.61242651
E,A,W,2013-07-01,40108.03628175
E,A,W,2013-10-01,35564.96163437
E,A,W,2014-01-01,38199.49496771
E,A,W,2014-04-01,39108.58361692
E,A,W,2014-07-01,38890.81586045
E,A,W,2014-10-01,39629.621333129995
E,A,W,2015-01-01,38612.42257008
E,A,W,2015-04-01,36422.88704889
E,A,W,2015-07-01,36339.54160945
E,A,W,2015-10-01,35466.6767392
E,A,W,2016-01-01,39614.30294111
E,A,W,2016-04-01,43064.04237265
E,A,W,2016-07-01,42925.73290508
E,A,W,2016-10-01,39400.34942065
E,A,W,2017-01-01,41647.63726943
E,A,W,2017-04-01,39746.16865765
E,A,W,2017-07-01,41674.3818509
E,A,W,2017-10-01,42494.04545354
E,A,W,2018-01-01,42269.43404283
E,A,W,2018-04-01,41561.7440652
E,A,W,2018-07-01,38765.46624354
E,A,W,2018-10-01,42237.31847995
E,A,W,2019-01-01,43117.8204649
E,A,W,2019-04-01,46015.31587169
E,A,W,2019-07-01,49524.92326921
E,A,W,2019-10-01,49110.85393662
E,A,W,2020-01-01,51920.2608444
E,A,W,2020-04-01,56231.98580378
E,A,W,2020-07-01,58229.24517935
E,A,W,2020-10-01,55747.12079425
E,A,W,2021-01-01,53421.0750139
E,A,W,2021-04-01,54358.63601982
E,A,W,2021-07-01,54468.17355286
E,A,W,2021-10-01,55690.73617941
E,A,W,2022-01-01,59852.5819713
E,A,W,2022-04-01,58070.40199848
E,A,W,2022-07-01,54626.88867069
E,A,W,2022-10-01,56099.2590539
E,A,W,2023-01-01,60447.77837645
E,A,W,2023-04-01,57302.87756831
E,A,W,2023-07-01,57171.02011598
E,A,W,2023-10-01,57817.65746398
E,A,W,2024-01-01,66756.19374727
E,A,W,2024-04-01,70019.58118617
E,A,W,2024-07-01,74431.1113828
E,A,W,2024-10-01,79047.81104774
E,A,W,2025-01-01,91825.16083177
E,A,W,2025-04-01,87612.990405
E,A,W,2025-07-01,101940.81019347
E,A,W,2025-10-01,115351.181108
E,A,W,2026-01-01,123130.76453581
E,N,D1,2004-04-01,2
E,N,D1,2004-07-01,0
E,N,D1,2004-10-01,14
E,N,D1,2005-01-01,12
E,N,D1,2005-04-01,21
E,N,D1,2005-07-01,13
E,N,D1,2005-10-01,8
E,N,D1,2006-01-01,-48
E,N,D1,2006-04-01,16
E,N,D1,2006-07-01,23
E,N,D1,2006-10-01,20
E,N,D1,2007-01-01,30
E,N,D1,2007-04-01,15
E,N,D1,2007-07-01,69
E,N,D1,2007-10-01,64
E,N,D1,2008-01-01,26
E,N,D1,2008-04-01,36
E,N,D1,2008-07-01,-32
E,N,D1,2008-10-01,18
E,N,D1,2009-01-01,13
E,N,D1,2009-04-01,-3
E,N,D1,2009-07-01,33
E,N,D1,2009-10-01,-45
E,N,D1,2010-01-01,-15
E,N,D1,2010-04-01,-15
E,N,D1,2010-07-01,20
E,N,D1,2010-10-01,29
E,N,D1,2011-01-01,28
E,N,D1,2011-04-01,24
E,N,D1,2011-07-01,-272
E,N,D1,2011-10-01,-52
E,N,D1,2012-01-01,-18
E,N,D1,2012-04-01,16
E,N,D1,2012-07-01,150
E,N,D1,2012-10-01,-18
E,N,D1,2013-01-01,9
E,N,D1,2013-04-01,-79
E,N,D1,2013-07-01,31
E,N,D1,2013-10-01,-4
E,N,D1,2014-01-01,12
E,N,D1,2014-04-01,10
E,N,D1,2014-07-01,7
E,N,D1,2014-10-01,15
E,N,D1,2015-01-01,6
E,N,D1,2015-04-01,27
E,N,D1,2015-07-01,-1
E,N,D1,2015-10-01,-10.752477973999998
E,N,D1,2016-01-01,51.162656397000006
E,N,D1,2016-04-01,52.13246078000002
E,N,D1,2016-07-01,12.034142750000001
E,N,D1,2016-10-01,-67.64050858599998
E,N,D1,2017-01-01,38.580258059000016
E,N,D1,2017-04-01,-59.140947208000014
E,N,D1,2017-07-01,-25.177457799000003
E,N,D1,2017-10-01,29.025643625
E,N,D1,2018-01-01,-9.816657277000004
E,N,D1,2018-04-01,-38.189554069
E,N,D1,2018-07-01,-22.690344791
E,N,D1,2018-10-01,34.892472040000015
E,N,D1,2019-01-01,0.15423878999999374
E,N,D1,2019-04-01,24.396504244000013
E,N,D1,2019-07-01,5.301553158000019
E,N,D1,2019-10-01,20.564421385000003
E,N,D1,2020-01-01,26.03711505299998
E,N,D1,2020-04-01,24.859546668999997
E,N,D1,2020-07-01,17.323156111999992
E,N,D1,2020-10-01,19.120370541
E,N,D1,2021-01-01,-89.61986392700001
E,N,D1,2021-04-01,-42.756905341999996
E,N,D1,2021-07-01,-44.799991334999994
E,N,D1,2021-10-01,2.719333197000001
E,N,D1,2022-01-01,34.066466564
E,N,D1,2022-04-01,-42.464286149
E,N,D1,2022-07-01,-69.86765973499999
E,N,D1,2022-10-01,53.262613793
E,N,D1,2023-01-01,217.285416377
E,N,D1,2023-04-01,-12.67845337499999
E,N,D1,2023-07-01,-55.32629933099999
E,N,D1,2023-10-01,40.258809535999994
E,N,D1,2024-01-01,63.47802235200001
E,N,D1,2024-04-01,24.39209716500001
E,N,D1,2024-07-01,158.882110586
E,N,D1,2024-10-01,-60.58449359800001
E,N,D1,2025-01-01,272.39122989300006
E,N,D1,2025-04-01,123.59508878999999
E,N,D1,2025-07-01,478.2090065550001
E,N,D1,2025-10-01,640.4272408969999
E,N,D1,2026-01-01,12.055724378000036
E,N,T,1985-01-01,11904
E,N,T,1985-04-01,11904
E,N,T,1985-07-01,11904
E,N,T,1985-10-01,11904
E,N,T,1986-01-01,11904
E,N,T,1986-04-01,11904
E,N,T,1986-07-01,11904
E,N,T,1986-10-01,11904
E,N,T,1987-01-01,11904
E,N,T,1987-04-01,11904
E,N,T,1987-07-01,11904
E,N,T,1987-10-01,11904
E,N,T,1988-01-01,11904
E,N,T,1988-04-01,11904
E,N,T,1988-07-01,11904
E,N,T,1988-10-01,11904
E,N,T,1989-01-01,11904
E,N,T,1989-04-01,11904
E,N,T,1989-07-01,11904
E,N,T,1989-10-01,11904
E,N,T,1990-01-01,11904
E,N,T,1990-04-01,11904
E,N,T,1990-07-01,11904
E,N,T,1990-10-01,11904
E,N,T,1991-01-01,11904
E,N,T,1991-04-01,11904
E,N,T,1991-07-01,11904
E,N,T,1991-10-01,11904
E,N,T,1992-01-01,11904
E,N,T,1992-04-01,11904
E,N,T,1992-07-01,11904
E,N,T,1992-10-01,11904
E,N,T,1993-01-01,11904
E,N,T,1993-04-01,11904
E,N,T,1993-07-01,11904
E,N,T,1993-10-01,11904
E,N,T,1994-01-01,11904
E,N,T,1994-04-01,11904
E,N,T,1994-07-01,11904
E,N,T,1994-10-01,11904
E,N,T,1995-01-01,11904
E,N,T,1995-04-01,11904
E,N,T,1995-07-01,11904
E,N,T,1995-10-01,11904
E,N,T,1996-01-01,11904
E,N,T,1996-04-01,11904
E,N,T,1996-07-01,11904
E,N,T,1996-10-01,11904
E,N,T,1997-01-01,11904
E,N,T,1997-04-01,11904
E,N,T,1997-07-01,11904
E,N,T,1997-10-01,11904
E,N,T,1998-01-01,11904
E,N,T,1998-04-01,11904
E,N,T,1998-07-01,11904
E,N,T,1998-10-01,11904
E,N,T,1999-01-01,11904
E,N,T,1999-04-01,11904
E,N,T,1999-07-01,11904
E,N,T,1999-10-01,8136.1325
E,N,T,2000-01-01,7220.237500000001
E,N,T,2000-04-01,34641.53827206
E,N,T,2000-07-01,33369.351995879995
E,N,T,2000-10-01,29002.117993940003
E,N,T,2001-01-01,26339.51101044
E,N,T,2001-04-01,28627.909690760003
E,N,T,2001-07-01,29575.261204039998
E,N,T,2001-10-01,27417.281380090004
E,N,T,2002-01-01,30138.443890050003
E,N,T,2002-04-01,26346.182623759996
E,N,T,2002-07-01,26317.69436096
E,N,T,2002-10-01,25879.193754699998
E,N,T,2003-01-01,24176.06350704
E,N,T,2003-04-01,23448.409834629998
E,N,T,2003-07-01,24349.047366580002
E,N,T,2003-10-01,21920.29788242
E,N,T,2004-01-01,20749.98994593
E,N,T,2004-04-01,21309.48093181
E,N,T,2004-07-01,17875.21788415
E,N,T,2004-10-01,16147.76071131
E,N,T,2005-01-01,16525.107137469997
E,N,T,2005-04-01,17152.64225345
E,N,T,2005-07-01,17898.83840045
E,N,T,2005-10-01,21367.98775406
E,N,T,2006-01-01,22311.442196380005
E,N,T,2006-04-01,22372.428720509994
E,N,T,2006-07-01,21866.17638955
E,N,T,2006-10-01,22514.457176549997
E,N,T,2007-01-01,25784.079862769995
E,N,T,2007-04-01,27364.45154895
E,N,T,2007-07-01,29790.469083360003
E,N,T,2007-10-01,23628.283810830006
E,N,T,2008-01-01,20816.390149029994
E,N,T,2008-04-01,16942.9171231
E,N,T,2008-07-01,19137.661206849996
E,N,T,2008-10-01,19528.604829980002
E,N,T,2009-01-01,26796.825495480007
E,N,T,2009-04-01,24072.103794360002
E,N,T,2009-07-01,22161.813371300006
E,N,T,2009-10-01,24528.63005709
E,N,T,2010-01-01,24042.113955190005
E,N,T,2010-04-01,30227.00624792
E,N,T,2010-07-01,27364.70281961
E,N,T,2010-10-01,25885.902533250002
E,N,T,2011-01-01,25844.3533064
E,N,T,2011-04-01,23302.696452999997
E,N,T,2011-07-01,30861.8062135
E,N,T,2011-10-01,30935.94087826
E,N,T,2012-01-01,27943.35423343
E,N,T,2012-04-01,26881.897428440003
E,N,T,2012-07-01,30103.354773199993
E,N,T,2012-10-01,25644.50561342
E,N,T,2013-01-01,24002.83585165
E,N,T,2013-04-01,18791.61242651
E,N,T,2013-07-01,24034.03628175
E,N,T,2013-10-01,20675.961634370004
E,N,T,2014-01-01,24351.49496771
E,N,T,2014-04-01,26212.583616919997
E,N,T,2014-07-01,26423.81586045
E,N,T,2014-10-01,27204.621333129995
E,N,T,2015-01-01,26238.42257008
E,N,T,2015-04-01,24548.88704889
E,N,T,2015-07-01,24758.541609450003
E,N,T,2015-10-01,23523.680091113005
E,N,T,2016-01-01,27770.740795927
E,N,T,2016-04-01,31008.878657919995
E,N,T,2016-07-01,31771.301974040998
E,N,T,2016-10-01,28748.922412087002
E,N,T,2017-01-01,29838.713691857003
E,N,T,2017-04-01,29179.51588377
E,N,T,2017-07-01,30291.923968199
E,N,T,2017-10-01,31398.248366306005
E,N,T,2018-01-01,31767.639396478997
E,N,T,2018-04-01,32891.954660799995
E,N,T,2018-07-01,30066.956517310005
E,N,T,2018-10-01,30384.802103882
E,N,T,2019-01-01,31791.886710289997
E,N,T,2019-04-01,34563.769367213004
E,N,T,2019-07-01,37914.387361927
E,N,T,2019-10-01,37501.634861497005
E,N,T,2020-01-01,39330.555391205
E,N,T,2020-04-01,40562.032310564
E,N,T,2020-07-01,39796.951572726
E,N,T,2020-10-01,37255.847774186
E,N,T,2021-01-01,34685.080685616005
E,N,T,2021-04-01,35834.935755611
E,N,T,2021-07-01,35879.133972323994
E,N,T,2021-10-01,36689.58803003
E,N,T,2022-01-01,42894.920937687
E,N,T,2022-04-01,41279.49883112199
E,N,T,2022-07-01,39198.28118443
E,N,T,2022-10-01,41979.001513810996
E,N,T,2023-01-01,47803.12850962
E,N,T,2023-04-01,44451.791302176
E,N,T,2023-07-01,44201.863948599006
E,N,T,2023-10-01,44777.203667915
E,N,T,2024-01-01,52965.681148970994
E,N,T,2024-04-01,56247.956033253
E,N,T,2024-07-01,60265.186742238
E,N,T,2024-10-01,64114.886203894996
E,N,T,2025-01-01,74913.81914785499
E,N,T,2025-04-01,71048.775564655
E,N,T,2025-07-01,81577.908160226
E,N,T,2025-10-01,89605.64145421052
E,N,T,2026-01-01,95281.36566513094
E,N,UI,1999-10-01,-3767.8675000000003
E,N,UI,2000-01-01,-4683.6625
E,N,UI,2000-04-01,-3755.0740000000005
E,N,UI,2000-07-01,-4331.8096000000005
E,N,UI,2000-10-01,-5722.719999999999
E,N,UI,2001-01-01,-7783.364600000001
E,N,UI,2001-04-01,-7592.1674
E,N,UI,2001-07-01,-4716.598
E,N,UI,2001-10-01,-5565.082399999999
E,N,UI,2002-01-01,-4767.767
E,N,UI,2002-04-01,-5050.746800000001
E,N,UI,2002-07-01,-4386.305899999999
E,N,UI,2002-10-01,-3460.404699999999
E,N,UI,2003-01-01,-2899.518
E,N,UI,2003-04-01,-3357.8397000000004
E,N,UI,2003-07-01,-3498.536
E,N,UI,2003-10-01,-5207.735000000001
E,N,UI,2004-01-01,-6342.403
E,N,UI,2004-04-01,-2570.361999999999
E,N,UI,2004-07-01,-5896.427600000001
E,N,UI,2004-10-01,-5505.4612
E,N,UI,2005-01-01,-4755.719800000001
E,N,UI,2005-04-01,-6188.877399999999
E,N,UI,2005-07-01,-7597.356
E,N,UI,2005-10-01,-6690.2142
E,N,UI,2006-01-01,-9201.989699999998
E,N,UI,2006-04-01,-8922.6384
E,N,UI,2006-07-01,-9384.7032
E,N,UI,2006-10-01,-9726.079000000002
E,N,UI,2007-01-01,-7803.598000000002
E,N,UI,2007-04-01,-5381.52
E,N,UI,2007-07-01,-3208.6889999999985
E,N,UI,2007-10-01,-11211.258999999998
E,N,UI,2008-01-01,-12474.827000000001
E,N,UI,2008-04-01,-15941.305
E,N,UI,2008-07-01,-13693
E,N,UI,2008-10-01,-11351
E,N,UI,2009-01-01,-8115
E,N,UI,2009-04-01,-9807
E,N,UI,2009-07-01,-12541
E,N,UI,2009-10-01,-13612
E,N,UI,2010-01-01,-15393
E,N,UI,2010-04-01,-14776
E,N,UI,2010-07-01,-15379
E,N,UI,2010-10-01,-18131
E,N,UI,2011-01-01,-18183
E,N,UI,2011-04-01,-19159
E,N,UI,2011-07-01,-17847
E,N,UI,2011-10-01,-18392
E,N,UI,2012-01-01,-22179
E,N,UI,2012-04-01,-23772
E,N,UI,2012-07-01,-25642
E,N,UI,2012-10-01,-25109
E,N,UI,2013-01-01,-26723
E,N,UI,2013-04-01,-18747
E,N,UI,2013-07-01,-16105
E,N,UI,2013-10-01,-14885
E,N,UI,2014-01-01,-13860
E,N,UI,2014-04-01,-12906
E,N,UI,2014-07-01,-12474
E,N,UI,2014-10-01,-12440
E,N,UI,2015-01-01,-12380
E,N,UI,2015-04-01,-11901
E,N,UI,2015-07-01,-11580
E,N,UI,2015-10-01,-11932.244170113001
E,N,UI,2016-01-01,-11894.72480158
E,N,UI,2016-04-01,-12107.29617551
E,N,UI,2016-07-01,-11166.465073788999
E,N,UI,2016-10-01,-10583.786499976999
E,N,UI,2017-01-01,-11847.503835632
E,N,UI,2017-04-01,-10507.511826672
E,N,UI,2017-07-01,-11357.280424902001
E,N,UI,2017-10-01,-11124.822730859001
E,N,UI,2018-01-01,-10491.977989074003
E,N,UI,2018-04-01,-8631.599850331
E,N,UI,2018-07-01,-8675.819381439
E,N,UI,2018-10-01,-11887.408848108
E,N,UI,2019-01-01,-11326.0879934
E,N,UI,2019-04-01,-11475.943008721
E,N,UI,2019-07-01,-11615.837460441
E,N,UI,2019-10-01,-11629.783496508
E,N,UI,2020-01-01,-12615.742568247999
E,N,UI,2020-04-01,-15694.813039885
E,N,UI,2020-07-01,-18449.616762736
E,N,UI,2020-10-01,-18510.393390605
E,N,UI,2021-01-01,-18646.374464357
E,N,UI,2021-04-01,-18480.943358867
E,N,UI,2021-07-01,-18544.239589201003
E,N,UI,2021-10-01,-19003.867482577
E,N,UI,2022-01-01,-16991.727500177
E,N,UI,2022-04-01,-16748.438881209
E,N,UI,2022-07-01,-15358.739826525001
E,N,UI,2022-10-01,-14173.520153882002
E,N,UI,2023-01-01,-12861.935283207
E,N,UI,2023-04-01,-12838.407812759
E,N,UI,2023-07-01,-12913.82986805
E,N,UI,2023-10-01,-13080.712605601
E,N,UI,2024-01-01,-13853.990620651
E,N,UI,2024-04-01,-13796.017250082
E,N,UI,2024-07-01,-14324.806751148
E,N,UI,2024-10-01,-14872.340350247
E,N,UI,2025-01-01,-17183.732913808002
E,N,UI,2025-04-01,-16687.809929134997
E,N,UI,2025-07-01,-20841.111039799
E,N,UI,2025-10-01,-26385.966894686484
E,N,UI,2026-01-01,-27861.454595057065
E,N,W,1985-01-01,11904
E,N,W,1985-04-01,11904
E,N,W,1985-07-01,11904
E,N,W,1985-10-01,11904
E,N,W,1986-01-01,11904
E,N,W,1986-04-01,11904
E,N,W,1986-07-01,11904
E,N,W,1986-10-01,11904
E,N,W,1987-01-01,11904
E,N,W,1987-04-01,11904
E,N,W,1987-07-01,11904
E,N,W,1987-10-01,11904
E,N,W,1988-01-01,11904
E,N,W,1988-04-01,11904
E,N,W,1988-07-01,11904
E,N,W,1988-10-01,11904
E,N,W,1989-01-01,11904
E,N,W,1989-04-01,11904
E,N,W,1989-07-01,11904
E,N,W,1989-10-01,11904
E,N,W,1990-01-01,11904
E,N,W,1990-04-01,11904
E,N,W,1990-07-01,11904
E,N,W,1990-10-01,11904
E,N,W,1991-01-01,11904
E,N,W,1991-04-01,11904
E,N,W,1991-07-01,11904
E,N,W,1991-10-01,11904
E,N,W,1992-01-01,11904
E,N,W,1992-04-01,11904
E,N,W,1992-07-01,11904
E,N,W,1992-10-01,11904
E,N,W,1993-01-01,11904
E,N,W,1993-04-01,11904
E,N,W,1993-07-01,11904
E,N,W,1993-10-01,11904
E,N,W,1994-01-01,11904
E,N,W,1994-04-01,11904
E,N,W,1994-07-01,11904
E,N,W,1994-10-01,11904
E,N,W,1995-01-01,11904
E,N,W,1995-04-01,11904
E,N,W,1995-07-01,11904
E,N,W,1995-10-01,11904
E,N,W,1996-01-01,11904
E,N,W,1996-04-01,11904
E,N,W,1996-07-01,11904
E,N,W,1996-10-01,11904
E,N,W,1997-01-01,11904
E,N,W,1997-04-01,11904
E,N,W,1997-07-01,11904
E,N,W,1997-10-01,11904
E,N,W,1998-01-01,11904
E,N,W,1998-04-01,11904
E,N,W,1998-07-01,11904
E,N,W,1998-10-01,11904
E,N,W,1999-01-01,11904
E,N,W,1999-04-01,11904
E,N,W,1999-07-01,11904
E,N,W,1999-10-01,11904
E,N,W,2000-01-01,11903.9
E,N,W,2000-04-01,38396.61227206
E,N,W,2000-07-01,37701.161595879996
E,N,W,2000-10-01,34724.837993940004
E,N,W,2001-01-01,34122.87561044
E,N,W,2001-04-01,36220.07709076
E,N,W,2001-07-01,34291.859204039996
E,N,W,2001-10-01,32982.36378009
E,N,W,2002-01-01,34906.21089005
E,N,W,2002-04-01,31396.929423759997
E,N,W,2002-07-01,30704.000260959998
E,N,W,2002-10-01,29339.5984547
E,N,W,2003-01-01,27075.58150704
E,N,W,2003-04-01,26806.24953463
E,N,W,2003-07-01,27847.583366580002
E,N,W,2003-10-01,27128.03288242
E,N,W,2004-01-01,27092.39294593
E,N,W,2004-04-01,23877.842931810002
E,N,W,2004-07-01,23771.64548415
E,N,W,2004-10-01,21639.22191131
E,N,W,2005-01-01,21268.82693747
E,N,W,2005-04-01,23320.519653450003
E,N,W,2005-07-01,25483.19440045
E,N,W,2005-10-01,28050.201954059998
E,N,W,2006-01-01,31561.43189638
E,N,W,2006-04-01,31279.067120509997
E,N,W,2006-07-01,31227.87958955
E,N,W,2006-10-01,32220.53617655
E,N,W,2007-01-01,33557.67786277
E,N,W,2007-04-01,32730.97154895
E,N,W,2007-07-01,32930.15808336
E,N,W,2007-10-01,34775.542810830004
E,N,W,2008-01-01,33265.217149029995
E,N,W,2008-04-01,32848.2221231
E,N,W,2008-07-01,32862.661206849996
E,N,W,2008-10-01,30861.60482998
E,N,W,2009-01-01,34898.82549548001
E,N,W,2009-04-01,33882.10379436
E,N,W,2009-07-01,34669.813371300006
E,N,W,2009-10-01,38185.63005709
E,N,W,2010-01-01,39450.113955190005
E,N,W,2010-04-01,45018.00624792
E,N,W,2010-07-01,42723.70281961
E,N,W,2010-10-01,43987.90253325
E,N,W,2011-01-01,43999.3533064
E,N,W,2011-04-01,42437.696453
E,N,W,2011-07-01,48980.8062135
E,N,W,2011-10-01,49379.94087826
E,N,W,2012-01-01,50140.35423343
E,N,W,2012-04-01,50637.89742844
E,N,W,2012-07-01,55595.35477319999
E,N,W,2012-10-01,50771.50561342
E,N,W,2013-01-01,50716.83585165
E,N,W,2013-04-01,37617.61242651
E,N,W,2013-07-01,40108.03628175
E,N,W,2013-10-01,35564.96163437
E,N,W,2014-01-01,38199.49496771
E,N,W,2014-04-01,39108.58361692
E,N,W,2014-07-01,38890.81586045
E,N,W,2014-10-01,39629.621333129995
E,N,W,2015-01-01,38612.42257008
E,N,W,2015-04-01,36422.88704889
E,N,W,2015-07-01,36339.54160945
E,N,W,2015-10-01,35466.6767392
E,N,W,2016-01-01,39614.30294111
E,N,W,2016-04-01,43064.04237265
E,N,W,2016-07-01,42925.73290508
E,N,W,2016-10-01,39400.34942065
E,N,W,2017-01-01,41647.63726943
E,N,W,2017-04-01,39746.16865765
E,N,W,2017-07-01,41674.3818509
E,N,W,2017-10-01,42494.04545354
E,N,W,2018-01-01,42269.43404283
E,N,W,2018-04-01,41561.7440652
E,N,W,2018-07-01,38765.46624354
E,N,W,2018-10-01,42237.31847995
E,N,W,2019-01-01,43117.8204649
E,N,W,2019-04-01,46015.31587169
E,N,W,2019-07-01,49524.92326921
E,N,W,2019-10-01,49110.85393662
E,N,W,2020-01-01,51920.2608444
E,N,W,2020-04-01,56231.98580378
E,N,W,2020-07-01,58229.24517935
E,N,W,2020-10-01,55747.12079425
E,N,W,2021-01-01,53421.0750139
E,N,W,2021-04-01,54358.63601982
E,N,W,2021-07-01,54468.17355286
E,N,W,2021-10-01,55690.73617941
E,N,W,2022-01-01,59852.5819713
E,N,W,2022-04-01,58070.40199848
E,N,W,2022-07-01,54626.88867069
E,N,W,2022-10-01,56099.2590539
E,N,W,2023-01-01,60447.77837645
E,N,W,2023-04-01,57302.87756831
E,N,W,2023-07-01,57171.02011598
E,N,W,2023-10-01,57817.65746398
E,N,W,2024-01-01,66756.19374727
E,N,W,2024-04-01,70019.58118617
E,N,W,2024-07-01,74431.1113828
E,N,W,2024-10-01,79047.81104774
E,N,W,2025-01-01,91825.16083177
E,N,W,2025-04-01,87612.990405
E,N,W,2025-07-01,101940.81019347
E,N,W,2025-10-01,115351.181108
E,N,W,2026-01-01,123130.76453581
E,P,D1,2004-04-01,14
E,P,D1,2004-07-01,19
E,P,D1,2004-10-01,9
E,P,D1,2005-01-01,6
E,P,D1,2005-04-01,7
E,P,D1,2005-07-01,12
E,P,D1,2005-10-01,27
E,P,D1,2006-01-01,132
E,P,D1,2006-04-01,72
E,P,D1,2006-07-01,41
E,P,D1,2006-10-01,26
E,P,D1,2007-01-01,24
E,P,D1,2007-04-01,35
E,P,D1,2007-07-01,59
E,P,D1,2007-10-01,73
E,P,D1,2008-01-01,41
E,P,D1,2008-04-01,42
E,P,D1,2008-07-01,149
E,P,D1,2008-10-01,91
E,P,D1,2009-01-01,57
E,P,D1,2009-04-01,27
E,P,D1,2009-07-01,23
E,P,D1,2009-10-01,119
E,P,D1,2010-01-01,69
E,P,D1,2010-04-01,72
E,P,D1,2010-07-01,92
E,P,D1,2010-10-01,112
E,P,D1,2011-01-01,134
E,P,D1,2011-04-01,88
E,P,D1,2011-07-01,442
E,P,D1,2011-10-01,174
E,P,D1,2012-01-01,86
E,P,D1,2012-04-01,76
E,P,D1,2012-07-01,117
E,P,D1,2012-10-01,88
E,P,D1,2013-01-01,81
E,P,D1,2013-04-01,400
E,P,D1,2013-07-01,77
E,P,D1,2013-10-01,64
E,P,D1,2014-01-01,34
E,P,D1,2014-04-01,42
E,P,D1,2014-07-01,69
E,P,D1,2014-10-01,82
E,P,D1,2015-01-01,57
E,P,D1,2015-04-01,40
E,P,D1,2015-07-01,49
E,P,D1,2015-10-01,32.835941903
E,P,D1,2016-01-01,38.26321077
E,P,D1,2016-04-01,47.841435880999995
E,P,D1,2016-07-01,24.510401619
E,P,D1,2016-10-01,196.433786519
E,P,D1,2017-01-01,144.432221444
E,P,D1,2017-04-01,130.423879486
E,P,D1,2017-07-01,88.438465749
E,P,D1,2017-10-01,65.82564624
E,P,D1,2018-01-01,63.136970131000005
E,P,D1,2018-04-01,80.642574756
E,P,D1,2018-07-01,95.248190029
E,P,D1,2018-10-01,71.655689359
E,P,D1,2019-01-01,48.968789427000004
E,P,D1,2019-04-01,93.461226493
E,P,D1,2019-07-01,150.153111666
E,P,D1,2019-10-01,88.985561065
E,P,D1,2020-01-01,133.058794272
E,P,D1,2020-04-01,80.630546685
E,P,D1,2020-07-01,103.64392812
E,P,D1,2020-10-01,76.47587160100001
E,P,D1,2021-01-01,172.69861250600002
E,P,D1,2021-04-01,69.343480268
E,P,D1,2021-07-01,79.205362614
E,P,D1,2021-10-01,29.750605722
E,P,D1,2022-01-01,46.031122929
E,P,D1,2022-04-01,73.703634875
E,P,D1,2022-07-01,110.537660105
E,P,D1,2022-10-01,44.044908152999994
E,P,D1,2023-01-01,49.078976458
E,P,D1,2023-04-01,78.348515533
E,P,D1,2023-07-01,84.69254650799999
E,P,D1,2023-10-01,44.52778699
E,P,D1,2024-01-01,74.483910745
E,P,D1,2024-04-01,73.35409184199999
E,P,D1,2024-07-01,96.045600676
E,P,D1,2024-10-01,163.680869454
E,P,D1,2025-01-01,84.87758196
E,P,D1,2025-04-01,117.351910969
E,P,D1,2025-07-01,186.600173545
E,P,D1,2025-10-01,267.314822777
E,P,D1,2026-01-01,635.962591085
E,P,T,1999-10-01,10904.8675
E,P,T,2000-01-01,11045.6625
E,P,T,2000-04-01,9819.074
E,P,T,2000-07-01,10428.8096
E,P,T,2000-10-01,9470.72
E,P,T,2001-01-01,12182.3646
E,P,T,2001-04-01,12913.1674
E,P,T,2001-07-01,11105.598
E,P,T,2001-10-01,10673.0824
E,P,T,2002-01-01,11496.767
E,P,T,2002-04-01,9581.7468
E,P,T,2002-07-01,9341.3059
E,P,T,2002-10-01,9497.4047
E,P,T,2003-01-01,8621.518
E,P,T,2003-04-01,8730.8397
E,P,T,2003-07-01,8779.536
E,P,T,2003-10-01,9346.735
E,P,T,2004-01-01,11120.403
E,P,T,2004-04-01,9747.362
E,P,T,2004-07-01,10645.4276
E,P,T,2004-10-01,10189.4612
E,P,T,2005-01-01,11013.7198
E,P,T,2005-04-01,11930.8774
E,P,T,2005-07-01,14027.356
E,P,T,2005-10-01,14847.2142
E,P,T,2006-01-01,18032.9897
E,P,T,2006-04-01,19980.6384
E,P,T,2006-07-01,20918.7032
E,P,T,2006-10-01,20881.079
E,P,T,2007-01-01,21725.598
E,P,T,2007-04-01,21463.52
E,P,T,2007-07-01,20322.689
E,P,T,2007-10-01,24493.259
E,P,T,2008-01-01,23570.827
E,P,T,2008-04-01,24906.305
E,P,T,2008-07-01,20655
E,P,T,2008-10-01,15907
E,P,T,2009-01-01,18204
E,P,T,2009-04-01,18428
E,P,T,2009-07-01,19735
E,P,T,2009-10-01,21087
E,P,T,2010-01-01,23427
E,P,T,2010-04-01,23081
E,P,T,2010-07-01,23317
E,P,T,2010-10-01,26731
E,P,T,2011-01-01,26626
E,P,T,2011-04-01,25380
E,P,T,2011-07-01,28134
E,P,T,2011-10-01,29582
E,P,T,2012-01-01,31351
E,P,T,2012-04-01,32969
E,P,T,2012-07-01,34731
E,P,T,2012-10-01,33382
E,P,T,2013-01-01,33682
E,P,T,2013-04-01,23639
E,P,T,2013-07-01,21528
E,P,T,2013-10-01,19303
E,P,T,2014-01-01,17599
E,P,T,2014-04-01,17108
E,P,T,2014-07-01,16855
E,P,T,2014-10-01,16390
E,P,T,2015-01-01,15962
E,P,T,2015-04-01,14824
E,P,T,2015-07-01,14177
E,P,T,2015-10-01,13832.965145596
E,P,T,2016-01-01,13927.48420536
E,P,T,2016-04-01,14905.786346371
E,P,T,2016-07-01,14350.056346618
E,P,T,2016-10-01,14492.359804067997
E,P,T,2017-01-01,14932.654514386
E,P,T,2017-04-01,13715.955874508
E,P,T,2017-07-01,13723.200086587
E,P,T,2017-10-01,14026.555730117
E,P,T,2018-01-01,13865.268656601002
E,P,T,2018-04-01,12979.423108852
E,P,T,2018-07-01,13138.353980422
E,P,T,2018-10-01,14134.694799486
E,P,T,2019-01-01,13971.478224799
E,P,T,2019-04-01,14155.730237956
E,P,T,2019-07-01,15428.32300691
E,P,T,2019-10-01,16056.398284268
E,P,T,2020-01-01,16185.580957337
E,P,T,2020-04-01,17640.880939263
E,P,T,2020-07-01,21330.413747406
E,P,T,2020-10-01,21223.903177961
E,P,T,2021-01-01,21953.605101986
E,P,T,2021-04-01,21370.495268059
E,P,T,2021-07-01,21303.973375561003
E,P,T,2021-10-01,21480.783134598
E,P,T,2022-01-01,19448.620270183
E,P,T,2022-04-01,19004.56351509
E,P,T,2022-07-01,18333.288997219
E,P,T,2022-10-01,16028.965519039002
E,P,T,2023-01-01,15085.176690542
E,P,T,2023-04-01,14996.926871927
E,P,T,2023-07-01,15060.715188021999
E,P,T,2023-10-01,15024.538941302
E,P,T,2024-01-01,16314.371294653
E,P,T,2024-04-01,16199.489130832
E,P,T,2024-07-01,16739.650715109
E,P,T,2024-10-01,18189.412993824
E,P,T,2025-01-01,20436.992203212
E,P,T,2025-04-01,20537.333281048996
E,P,T,2025-07-01,24642.290976166
E,P,T,2025-10-01,29962.96437141289
E,P,T,2026-01-01,32643.053498957674
E,P,UI,1999-10-01,10904.8675
E,P,UI,2000-01-01,11045.6625
E,P,UI,2000-04-01,9819.074
E,P,UI,2000-07-01,10428.8096
E,P,UI,2000-10-01,9470.72
E,P,UI,2001-01-01,12182.3646
E,P,UI,2001-04-01,12913.1674
E,P,UI,2001-07-01,11105.598
E,P,UI,2001-10-01,10673.0824
E,P,UI,2002-01-01,11496.767
E,P,UI,2002-04-01,9581.7468
E,P,UI,2002-07-01,9341.3059
E,P,UI,2002-10-01,9497.4047
E,P,UI,2003-01-01,8621.518
E,P,UI,2003-04-01,8730.8397
E,P,UI,2003-07-01,8779.536
E,P,UI,2003-10-01,9346.735
E,P,UI,2004-01-01,11120.403
E,P,UI,2004-04-01,9733.362
E,P,UI,2004-07-01,10626.4276
E,P,UI,2004-10-01,10180.4612
E,P,UI,2005-01-01,11007.7198
E,P,UI,2005-04-01,11923.8774
E,P,UI,2005-07-01,14015.356
E,P,UI,2005-10-01,14820.2142
E,P,UI,2006-01-01,17900.9897
E,P,UI,2006-04-01,19908.6384
E,P,UI,2006-07-01,20877.7032
E,P,UI,2006-10-01,20855.079
E,P,UI,2007-01-01,21701.598
E,P,UI,2007-04-01,21428.52
E,P,UI,2007-07-01,20263.689
E,P,UI,2007-10-01,24420.259
E,P,UI,2008-01-01,23529.827
E,P,UI,2008-04-01,24864.305
E,P,UI,2008-07-01,20506
E,P,UI,2008-10-01,15816
E,P,UI,2009-01-01,18147
E,P,UI,2009-04-01,18401
E,P,UI,2009-07-01,19712
E,P,UI,2009-10-01,20968
E,P,UI,2010-01-01,23358
E,P,UI,2010-04-01,23009
E,P,UI,2010-07-01,23225
E,P,UI,2010-10-01,26619
E,P,UI,2011-01-01,26492
E,P,UI,2011-04-01,25292
E,P,UI,2011-07-01,27692
E,P,UI,2011-10-01,29408
E,P,UI,2012-01-01,31265
E,P,UI,2012-04-01,32893
E,P,UI,2012-07-01,34614
E,P,UI,2012-10-01,33294
E,P,UI,2013-01-01,33601
E,P,UI,2013-04-01,23239
E,P,UI,2013-07-01,21451
E,P,UI,2013-10-01,19239
E,P,UI,2014-01-01,17565
E,P,UI,2014-04-01,17066
E,P,UI,2014-07-01,16786
E,P,UI,2014-10-01,16308
E,P,UI,2015-01-01,15905
E,P,UI,2015-04-01,14784
E,P,UI,2015-07-01,14128
E,P,UI,2015-10-01,13800.129203693
E,P,UI,2016-01-01,13889.22099459
E,P,UI,2016-04-01,14857.94491049
E,P,UI,2016-07-01,14325.545944999
E,P,UI,2016-10-01,14295.926017548998
E,P,UI,2017-01-01,14788.222292942
E,P,UI,2017-04-01,13585.531995022
E,P,UI,2017-07-01,13634.761620838
E,P,UI,2017-10-01,13960.730083877
E,P,UI,2018-01-01,13802.131686470002
E,P,UI,2018-04-01,12898.780534096
E,P,UI,2018-07-01,13043.105790393
E,P,UI,2018-10-01,14063.039110127
E,P,UI,2019-01-01,13922.509435372001
E,P,UI,2019-04-01,14062.269011463
E,P,UI,2019-07-01,15278.169895244
E,P,UI,2019-10-01,15967.412723203
E,P,UI,2020-01-01,16052.522163065
E,P,UI,2020-04-01,17560.250392578
E,P,UI,2020-07-01,21226.769819286
E,P,UI,2020-10-01,21147.42730636
E,P,UI,2021-01-01,21780.90648948
E,P,UI,2021-04-01,21301.151787791
E,P,UI,2021-07-01,21224.768012947003
E,P,UI,2021-10-01,21451.032528876
E,P,UI,2022-01-01,19402.589147254
E,P,UI,2022-04-01,18930.859880215
E,P,UI,2022-07-01,18222.751337114
E,P,UI,2022-10-01,15984.920610886002
E,P,UI,2023-01-01,15036.097714084
E,P,UI,2023-04-01,14918.578356394
E,P,UI,2023-07-01,14976.022641513999
E,P,UI,2023-10-01,14980.011154312
E,P,UI,2024-01-01,16239.887383908
E,P,UI,2024-04-01,16126.13503899
E,P,UI,2024-07-01,16643.605114433
E,P,UI,2024-10-01,18025.73212437
E,P,UI,2025-01-01,20352.114621252003
E,P,UI,2025-04-01,20419.981370079997
E,P,UI,2025-07-01,24455.690802621
E,P,UI,2025-10-01,29695.64954863589
E,P,UI,2026-01-01,32007.090907872673
EUR,A,D0,1985-01-01,0
EUR,A,D0,1985-04-01,0
EUR,A,D0,1985-07-01,0
EUR,A,D0,1985-10-01,0
EUR,A,D0,1986-01-01,0
EUR,A,D0,1986-04-01,0
EUR,A,D0,1986-07-01,0
EUR,A,D0,1986-10-01,0
EUR,A,D0,1987-01-01,0
EUR,A,D0,1987-04-01,0
EUR,A,D0,1987-07-01,0
EUR,A,D0,1987-10-01,0
EUR,A,D0,1988-01-01,0
EUR,A,D0,1988-04-01,0
EUR,A,D0,1988-07-01,0
EUR,A,D0,1988-10-01,0
EUR,A,D0,1989-01-01,0
EUR,A,D0,1989-04-01,0
EUR,A,D0,1989-07-01,0
EUR,A,D0,1989-10-01,0
EUR,A,D0,1990-01-01,0
EUR,A,D0,1990-04-01,0
EUR,A,D0,1990-07-01,0
EUR,A,D0,1990-10-01,0
EUR,A,D0,1991-01-01,0
EUR,A,D0,1991-04-01,0
EUR,A,D0,1991-07-01,0
EUR,A,D0,1991-10-01,0
EUR,A,D0,1992-01-01,0
EUR,A,D0,1992-04-01,0
EUR,A,D0,1992-07-01,0
EUR,A,D0,1992-10-01,0
EUR,A,D0,1993-01-01,0
EUR,A,D0,1993-04-01,0
EUR,A,D0,1993-07-01,0
EUR,A,D0,1993-10-01,0
EUR,A,D0,1994-01-01,0
EUR,A,D0,1994-04-01,0
EUR,A,D0,1994-07-01,0
EUR,A,D0,1994-10-01,0
EUR,A,D0,1995-01-01,0
EUR,A,D0,1995-04-01,0
EUR,A,D0,1995-07-01,0
EUR,A,D0,1995-10-01,0
EUR,A,D0,1996-01-01,0
EUR,A,D0,1996-04-01,0
EUR,A,D0,1996-07-01,0
EUR,A,D0,1996-10-01,0
EUR,A,D0,1997-01-01,0
EUR,A,D0,1997-04-01,0
EUR,A,D0,1997-07-01,0
EUR,A,D0,1997-10-01,0
EUR,A,D0,1998-01-01,0
EUR,A,D0,1998-04-01,0
EUR,A,D0,1998-07-01,0
EUR,A,D0,1998-10-01,0
EUR,A,D0,1999-01-01,92682.7057601767
EUR,A,D0,1999-04-01,96186.19196191872
EUR,A,D0,1999-07-01,100148.11799646237
EUR,A,D0,1999-10-01,104415.67066022866
EUR,A,D0,2000-01-01,107051.86947552828
EUR,A,D0,2000-04-01,107652.24126191666
EUR,A,D0,2000-07-01,110734.48709450889
EUR,A,D0,2000-10-01,124546.85802992874
EUR,A,D0,2001-01-01,126366.9655124619
EUR,A,D0,2001-04-01,128519.4324595187
EUR,A,D0,2001-07-01,129329.34983963823
EUR,A,D0,2001-10-01,131979.27610266002
EUR,A,D0,2002-01-01,130898.66196071614
EUR,A,D0,2002-04-01,131052.914450423
EUR,A,D0,2002-07-01,131690.50596042082
EUR,A,D0,2002-10-01,137285.25284347282
EUR,A,D0,2003-01-01,139874.41718034443
EUR,A,D0,2003-04-01,144237.31078458397
EUR,A,D0,2003-07-01,138895.40540016993
EUR,A,D0,2003-10-01,142298.80450610974
EUR,A,D0,2004-01-01,144413.1712533271
EUR,A,D0,2004-04-01,141873.79690961618
EUR,A,D0,2004-07-01,145447.69964362882
EUR,A,D0,2004-10-01,148045.42295479283
EUR,A,D0,2005-01-01,158274.27904947192
EUR,A,D0,2005-04-01,168340.4857133155
EUR,A,D0,2005-07-01,181104.84893465906
EUR,A,D0,2005-10-01,188138.05706891563
EUR,A,D0,2006-01-01,205822.0505511357
EUR,A,D0,2006-04-01,209870.37878762998
EUR,A,D0,2006-07-01,227096.36102420097
EUR,A,D0,2006-10-01,230666.83381816914
EUR,A,D0,2007-01-01,257450.7165491644
EUR,A,D0,2007-04-01,267238.2471786281
EUR,A,D0,2007-07-01,276405.6924245851
EUR,A,D0,2007-10-01,278917.3675941466
EUR,A,D0,2008-01-01,276043.2135842485
EUR,A,D0,2008-04-01,286402.4117478973
EUR,A,D0,2008-07-01,293827.6456514094
EUR,A,D0,2008-10-01,285204.7148193944
EUR,A,D0,2009-01-01,293106.9733292144
EUR,A,D0,2009-04-01,291326.9593461844
EUR,A,D0,2009-07-01,308058.5525846154
EUR,A,D0,2009-10-01,327494.0641107538
EUR,A,D0,2010-01-01,316979.0108120761
EUR,A,D0,2010-04-01,312828.7404186401
EUR,A,D0,2010-07-01,333242.1711794983
EUR,A,D0,2010-10-01,324887.430374
EUR,A,D0,2011-01-01,363139.72139217483
EUR,A,D0,2011-04-01,361971.8333776742
EUR,A,D0,2011-07-01,391426.0511000942
EUR,A,D0,2011-10-01,415245.76950091065
EUR,A,D0,2012-01-01,394219.8011971468
EUR,A,D0,2012-04-01,391800.2909752272
EUR,A,D0,2012-07-01,390832.1701258683
EUR,A,D0,2012-10-01,393885.5394389207
EUR,A,D0,2013-01-01,390860.59786711546
EUR,A,D0,2013-04-01,396192.34663288237
EUR,A,D0,2013-07-01,388126.30101777863
EUR,A,D0,2013-10-01,393449.5442042965
EUR,A,D0,2014-01-01,385903.0425176518
EUR,A,D0,2014-04-01,378854.3898580495
EUR,A,D0,2014-07-01,370784.45352345146
EUR,A,D0,2014-10-01,471761.93263113615
EUR,A,D0,2015-01-01,430309.451251703
EUR,A,D0,2015-04-01,440424.66408853116
EUR,A,D0,2015-07-01,490281.49077891867
EUR,A,D0,2015-10-01,542630.6072105065
EUR,A,D0,2016-01-01,576924.9393379402
EUR,A,D0,2016-04-01,606925.1860801273
EUR,A,D0,2016-07-01,670922.2852123965
EUR,A,D0,2016-10-01,677180.1465918164
EUR,A,D0,2017-01-01,683863.3546504728
EUR,A,D0,2017-04-01,706524.4470810336
EUR,A,D0,2017-07-01,725615.5824728076
EUR,A,D0,2017-10-01,728807.3870907712
EUR,A,D0,2018-01-01,756552.6484446235
EUR,A,D0,2018-04-01,763311.3111394336
EUR,A,D0,2018-07-01,757310.8251861432
EUR,A,D0,2018-10-01,787495.0883462004
EUR,A,D0,2019-01-01,773115.735673611
EUR,A,D0,2019-04-01,761958.4898806175
EUR,A,D0,2019-07-01,752151.3035213698
EUR,A,D0,2019-10-01,730712.1705713529
EUR,A,D0,2020-01-01,723763.5445671019
EUR,A,D0,2020-04-01,716110.4110398894
EUR,A,D0,2020-07-01,741765.6976692848
EUR,A,D0,2020-10-01,740773.2351785264
EUR,A,D0,2021-01-01,774946.1226309902
EUR,A,D0,2021-04-01,760797.5030582292
EUR,A,D0,2021-07-01,697201.6294396528
EUR,A,D0,2021-10-01,674638.0178289115
EUR,A,D0,2022-01-01,683592.9645421292
EUR,A,D0,2022-04-01,675684.4151225943
EUR,A,D0,2022-07-01,658455.1900702685
EUR,A,D0,2022-10-01,681634.6218937546
EUR,A,D0,2023-01-01,708956.3980845442
EUR,A,D0,2023-04-01,739595.4794563957
EUR,A,D0,2023-07-01,726245.495268119
EUR,A,D0,2023-10-01,715542.2857980328
EUR,A,D0,2024-01-01,755186.1707766365
EUR,A,D0,2024-04-01,738221.9168522868
EUR,A,D0,2024-07-01,721341.0919564257
EUR,A,D0,2024-10-01,715335.6824195419
EUR,A,D0,2025-01-01,725371.6086899932
EUR,A,D0,2025-04-01,698095.24780339
EUR,A,D0,2025-07-01,702911.6080890646
EUR,A,D0,2025-10-01,702131.942958658
EUR,A,D0,2026-01-01,699203.5954001518
EUR,A,D1,2004-04-01,532
EUR,A,D1,2004-07-01,731
EUR,A,D1,2004-10-01,1206
EUR,A,D1,2005-01-01,2669
EUR,A,D1,2005-04-01,3575.8
EUR,A,D1,2005-07-01,2047.9
EUR,A,D1,2005-10-01,1826.8
EUR,A,D1,2006-01-01,3781.4
EUR,A,D1,2006-04-01,4141.2
EUR,A,D1,2006-07-01,3328
EUR,A,D1,2006-10-01,3557.9
EUR,A,D1,2007-01-01,2099.5
EUR,A,D1,2007-04-01,1762.6
EUR,A,D1,2007-07-01,2641.4
EUR,A,D1,2007-10-01,2568.6
EUR,A,D1,2008-01-01,18499.5
EUR,A,D1,2008-04-01,13287.400000000001
EUR,A,D1,2008-07-01,16374.8
EUR,A,D1,2008-10-01,13851.3
EUR,A,D1,2009-01-01,17695.2
EUR,A,D1,2009-04-01,15921.8
EUR,A,D1,2009-07-01,14943.900000000001
EUR,A,D1,2009-10-01,15570.1107062
EUR,A,D1,2010-01-01,11837.7
EUR,A,D1,2010-04-01,14087.699999999999
EUR,A,D1,2010-07-01,12115.1
EUR,A,D1,2010-10-01,13789.300000000003
EUR,A,D1,2011-01-01,14052.1
EUR,A,D1,2011-04-01,13381.740000000003
EUR,A,D1,2011-07-01,17207.1
EUR,A,D1,2011-10-01,17909.699999999997
EUR,A,D1,2012-01-01,15240.199999999999
EUR,A,D1,2012-04-01,16057.699999999999
EUR,A,D1,2012-07-01,15335.1
EUR,A,D1,2012-10-01,15057.899999999998
EUR,A,D1,2013-01-01,17112.299999999996
EUR,A,D1,2013-04-01,14562.8
EUR,A,D1,2013-07-01,13638.2
EUR,A,D1,2013-10-01,14030.9
EUR,A,D1,2014-01-01,18260.5
EUR,A,D1,2014-04-01,16766.5
EUR,A,D1,2014-07-01,20155.902181762463
EUR,A,D1,2014-10-01,20677.38073579558
EUR,A,D1,2015-01-01,19855.774273764106
EUR,A,D1,2015-04-01,18241.775478192343
EUR,A,D1,2015-07-01,17458.987681165236
EUR,A,D1,2015-10-01,11857.467259243143
EUR,A,D1,2016-01-01,13548.97325417454
EUR,A,D1,2016-04-01,12002.94459824217
EUR,A,D1,2016-07-01,11470.83265779566
EUR,A,D1,2016-10-01,13057.259385415724
EUR,A,D1,2017-01-01,9176.561242261605
EUR,A,D1,2017-04-01,9374.705265384126
EUR,A,D1,2017-07-01,11970.208690556721
EUR,A,D1,2017-10-01,11406.959089675847
EUR,A,D1,2018-01-01,10505.78680591103
EUR,A,D1,2018-04-01,14233.905001950701
EUR,A,D1,2018-07-01,16711.724391316144
EUR,A,D1,2018-10-01,15978.751241918495
EUR,A,D1,2019-01-01,11748.88091025806
EUR,A,D1,2019-04-01,11021.223747112132
EUR,A,D1,2019-07-01,10536.305717607767
EUR,A,D1,2019-10-01,10279.71192105887
EUR,A,D1,2020-01-01,21326.283221139118
EUR,A,D1,2020-04-01,15350.166860853564
EUR,A,D1,2020-07-01,14959.52093223348
EUR,A,D1,2020-10-01,15702.736096130693
EUR,A,D1,2021-01-01,14665.109603688026
EUR,A,D1,2021-04-01,23846.783640397025
EUR,A,D1,2021-07-01,52892.16193780513
EUR,A,D1,2021-10-01,57250.22678458291
EUR,A,D1,2022-01-01,77116.27432914967
EUR,A,D1,2022-04-01,95183.29872742813
EUR,A,D1,2022-07-01,109056.29421675896
EUR,A,D1,2022-10-01,56123.36627137413
EUR,A,D1,2023-01-01,47010.03422811312
EUR,A,D1,2023-04-01,30062.978246417064
EUR,A,D1,2023-07-01,27623.904019330017
EUR,A,D1,2023-10-01,27913.035146960447
EUR,A,D1,2024-01-01,20513.053306634232
EUR,A,D1,2024-04-01,19017.060778958836
EUR,A,D1,2024-07-01,15835.955634955115
EUR,A,D1,2024-10-01,10124.52710982383
EUR,A,D1,2025-01-01,10137.802920226752
EUR,A,D1,2025-04-01,10328.07855060873
EUR,A,D1,2025-07-01,9860.465729291474
EUR,A,D1,2025-10-01,10572.649895996425
EUR,A,D1,2026-01-01,12128.10621601668
EUR,A,P,1985-01-01,0
EUR,A,P,1985-04-01,0
EUR,A,P,1985-07-01,0
EUR,A,P,1985-10-01,0
EUR,A,P,1986-01-01,0
EUR,A,P,1986-04-01,0
EUR,A,P,1986-07-01,0
EUR,A,P,1986-10-01,0
EUR,A,P,1987-01-01,0
EUR,A,P,1987-04-01,0
EUR,A,P,1987-07-01,0
EUR,A,P,1987-10-01,0
EUR,A,P,1988-01-01,0
EUR,A,P,1988-04-01,0
EUR,A,P,1988-07-01,0
EUR,A,P,1988-10-01,0
EUR,A,P,1989-01-01,0
EUR,A,P,1989-04-01,0
EUR,A,P,1989-07-01,0
EUR,A,P,1989-10-01,0
EUR,A,P,1990-01-01,0
EUR,A,P,1990-04-01,0
EUR,A,P,1990-07-01,0
EUR,A,P,1990-10-01,0
EUR,A,P,1991-01-01,0
EUR,A,P,1991-04-01,0
EUR,A,P,1991-07-01,0
EUR,A,P,1991-10-01,0
EUR,A,P,1992-01-01,0
EUR,A,P,1992-04-01,0
EUR,A,P,1992-07-01,0
EUR,A,P,1992-10-01,0
EUR,A,P,1993-01-01,0
EUR,A,P,1993-04-01,0
EUR,A,P,1993-07-01,0
EUR,A,P,1993-10-01,0
EUR,A,P,1994-01-01,0
EUR,A,P,1994-04-01,0
EUR,A,P,1994-07-01,0
EUR,A,P,1994-10-01,0
EUR,A,P,1995-01-01,0
EUR,A,P,1995-04-01,0
EUR,A,P,1995-07-01,0
EUR,A,P,1995-10-01,0
EUR,A,P,1996-01-01,0
EUR,A,P,1996-04-01,0
EUR,A,P,1996-07-01,0
EUR,A,P,1996-10-01,0
EUR,A,P,1997-01-01,0
EUR,A,P,1997-04-01,0
EUR,A,P,1997-07-01,0
EUR,A,P,1997-10-01,0
EUR,A,P,1998-01-01,0
EUR,A,P,1998-04-01,0
EUR,A,P,1998-07-01,0
EUR,A,P,1998-10-01,0
EUR,A,P,1999-01-01,240495.22632071318
EUR,A,P,1999-04-01,255642.04368490507
EUR,A,P,1999-07-01,269907.305179861
EUR,A,P,1999-10-01,278887.26604445797
EUR,A,P,2000-01-01,304640.61068908
EUR,A,P,2000-04-01,304258.93063716
EUR,A,P,2000-07-01,306933.46700932004
EUR,A,P,2000-10-01,297108.50583404
EUR,A,P,2001-01-01,298395.6789101
EUR,A,P,2001-04-01,305327.03696319996
EUR,A,P,2001-07-01,269350.07060795
EUR,A,P,2001-10-01,294562.30321447004
EUR,A,P,2002-01-01,299499.52216922
EUR,A,P,2002-04-01,284835.09719491
EUR,A,P,2002-07-01,259972.26838448
EUR,A,P,2002-10-01,270146.65211033
EUR,A,P,2003-01-01,268695.48678801
EUR,A,P,2003-04-01,299325.6277494
EUR,A,P,2003-07-01,296149.37709521
EUR,A,P,2003-10-01,312913.62233298
EUR,A,P,2004-01-01,316687.59
EUR,A,P,2004-04-01,314599.117
EUR,A,P,2004-07-01,317855.379
EUR,A,P,2004-10-01,330182.614
EUR,A,P,2005-01-01,335862.946
EUR,A,P,2005-04-01,346901.426
EUR,A,P,2005-07-01,359056.44
EUR,A,P,2005-10-01,357634.826
EUR,A,P,2006-01-01,385588.739
EUR,A,P,2006-04-01,378102.879
EUR,A,P,2006-07-01,392883.262
EUR,A,P,2006-10-01,411996.954
EUR,A,P,2007-01-01,433410.311
EUR,A,P,2007-04-01,460301.397
EUR,A,P,2007-07-01,458468.535
EUR,A,P,2007-10-01,456523.228
EUR,A,P,2008-01-01,419149.914
EUR,A,P,2008-04-01,410381.952
EUR,A,P,2008-07-01,378402.368
EUR,A,P,2008-10-01,340340.893187939
EUR,A,P,2009-01-01,350060.449717159
EUR,A,P,2009-04-01,372101.628539902
EUR,A,P,2009-07-01,389040.334425089
EUR,A,P,2009-10-01,393166.885474451
EUR,A,P,2010-01-01,389120.575268048
EUR,A,P,2010-04-01,344111.773315214
EUR,A,P,2010-07-01,354248.233430743
EUR,A,P,2010-10-01,323094.517524435
EUR,A,P,2011-01-01,334591.124464396
EUR,A,P,2011-04-01,312085.21094765
EUR,A,P,2011-07-01,292274.103878571
EUR,A,P,2011-10-01,290209.197796518
EUR,A,P,2012-01-01,297012.099954561
EUR,A,P,2012-04-01,279586.02883949
EUR,A,P,2012-07-01,290291.338214061
EUR,A,P,2012-10-01,297988.175387191
EUR,A,P,2013-01-01,302613.756752369
EUR,A,P,2013-04-01,303131.636706062
EUR,A,P,2013-07-01,305486.726001972
EUR,A,P,2013-10-01,312735.685
EUR,A,P,2014-01-01,315112.645
EUR,A,P,2014-04-01,320891.892
EUR,A,P,2014-07-01,321840.1933053205
EUR,A,P,2014-10-01,318386.6677570424
EUR,A,P,2015-01-01,307945.3876646716
EUR,A,P,2015-04-01,294735.4511288
EUR,A,P,2015-07-01,296668.46266038995
EUR,A,P,2015-10-01,302110.90876138204
EUR,A,P,2016-01-01,298592.71219649696
EUR,A,P,2016-04-01,298775.7498942997
EUR,A,P,2016-07-01,304819.45461005205
EUR,A,P,2016-10-01,312081.0054644241
EUR,A,P,2017-01-01,316812.3747736821
EUR,A,P,2017-04-01,325315.4776621341
EUR,A,P,2017-07-01,343674.64004732826
EUR,A,P,2017-10-01,351116.85450431117
EUR,A,P,2018-01-01,349492.6012413543
EUR,A,P,2018-04-01,340914.21480836574
EUR,A,P,2018-07-01,333898.9825842304
EUR,A,P,2018-10-01,322948.16110612097
EUR,A,P,2019-01-01,337806.640213026
EUR,A,P,2019-04-01,345145.66691936745
EUR,A,P,2019-07-01,348974.8409470945
EUR,A,P,2019-10-01,360288.00081645715
EUR,A,P,2020-01-01,319914.4799080296
EUR,A,P,2020-04-01,348546.64958188863
EUR,A,P,2020-07-01,354320.0301965745
EUR,A,P,2020-10-01,369957.1715542091
EUR,A,P,2021-01-01,382779.90568405273
EUR,A,P,2021-04-01,390765.7974419779
EUR,A,P,2021-07-01,386564.11542266334
EUR,A,P,2021-10-01,384122.78774751915
EUR,A,P,2022-01-01,361798.18074839615
EUR,A,P,2022-04-01,325855.4486750857
EUR,A,P,2022-07-01,305826.10533763404
EUR,A,P,2022-10-01,332080.063882818
EUR,A,P,2023-01-01,353252.49328140146
EUR,A,P,2023-04-01,352534.3422492515
EUR,A,P,2023-07-01,343085.85927809286
EUR,A,P,2023-10-01,339186.8818483857
EUR,A,P,2024-01-01,364097.6157205847
EUR,A,P,2024-04-01,361797.401827587
EUR,A,P,2024-07-01,368838.85911983973
EUR,A,P,2024-10-01,359347.58845753164
EUR,A,P,2025-01-01,375254.72740426473
EUR,A,P,2025-04-01,384127.4046223244
EUR,A,P,2025-07-01,388140.96882043406
EUR,A,P,2025-10-01,391042.9103461424
EUR,A,P,2026-01-01,390127.0991965122
EUR,A,T,1985-01-01,0
EUR,A,T,1985-04-01,0
EUR,A,T,1985-07-01,0
EUR,A,T,1985-10-01,0
EUR,A,T,1986-01-01,0
EUR,A,T,1986-04-01,0
EUR,A,T,1986-07-01,0
EUR,A,T,1986-10-01,0
EUR,A,T,1987-01-01,0
EUR,A,T,1987-04-01,0
EUR,A,T,1987-07-01,0
EUR,A,T,1987-10-01,0
EUR,A,T,1988-01-01,0
EUR,A,T,1988-04-01,0
EUR,A,T,1988-07-01,0
EUR,A,T,1988-10-01,0
EUR,A,T,1989-01-01,0
EUR,A,T,1989-04-01,0
EUR,A,T,1989-07-01,0
EUR,A,T,1989-10-01,0
EUR,A,T,1990-01-01,0
EUR,A,T,1990-04-01,0
EUR,A,T,1990-07-01,0
EUR,A,T,1990-10-01,0
EUR,A,T,1991-01-01,0
EUR,A,T,1991-04-01,0
EUR,A,T,1991-07-01,0
EUR,A,T,1991-10-01,0
EUR,A,T,1992-01-01,0
EUR,A,T,1992-04-01,0
EUR,A,T,1992-07-01,0
EUR,A,T,1992-10-01,0
EUR,A,T,1993-01-01,0
EUR,A,T,1993-04-01,0
EUR,A,T,1993-07-01,0
EUR,A,T,1993-10-01,0
EUR,A,T,1994-01-01,0
EUR,A,T,1994-04-01,0
EUR,A,T,1994-07-01,0
EUR,A,T,1994-10-01,0
EUR,A,T,1995-01-01,0
EUR,A,T,1995-04-01,0
EUR,A,T,1995-07-01,0
EUR,A,T,1995-10-01,0
EUR,A,T,1996-01-01,0
EUR,A,T,1996-04-01,0
EUR,A,T,1996-07-01,0
EUR,A,T,1996-10-01,0
EUR,A,T,1997-01-01,0
EUR,A,T,1997-04-01,0
EUR,A,T,1997-07-01,0
EUR,A,T,1997-10-01,0
EUR,A,T,1998-01-01,0
EUR,A,T,1998-04-01,0
EUR,A,T,1998-07-01,0
EUR,A,T,1998-10-01,0
EUR,A,T,1999-01-01,505623.94025061216
EUR,A,T,1999-04-01,515519.89581467095
EUR,A,T,1999-07-01,551451.329118683
EUR,A,T,1999-10-01,548117.0967046865
EUR,A,T,2000-01-01,616907.4121646082
EUR,A,T,2000-04-01,590480.7798990767
EUR,A,T,2000-07-01,607003.942300829
EUR,A,T,2000-10-01,617588.0997209687
EUR,A,T,2001-01-01,639936.4480506419
EUR,A,T,2001-04-01,626942.2010273088
EUR,A,T,2001-07-01,603846.5872426484
EUR,A,T,2001-10-01,622625.3031152701
EUR,A,T,2002-01-01,645144.1648130261
EUR,A,T,2002-04-01,630443.067225193
EUR,A,T,2002-07-01,593665.3002744908
EUR,A,T,2002-10-01,616998.8426021227
EUR,A,T,2003-01-01,645267.7236667445
EUR,A,T,2003-04-01,696548.486562094
EUR,A,T,2003-07-01,680240.7853726477
EUR,A,T,2003-10-01,699429.0546889397
EUR,A,T,2004-01-01,700859.5566973471
EUR,A,T,2004-04-01,702934.2760901643
EUR,A,T,2004-07-01,693472.2275193988
EUR,A,T,2004-10-01,710637.8015529929
EUR,A,T,2005-01-01,751884.744213382
EUR,A,T,2005-04-01,776217.0065413055
EUR,A,T,2005-07-01,789496.2863746645
EUR,A,T,2005-10-01,791420.6332859318
EUR,A,T,2006-01-01,850573.6900536055
EUR,A,T,2006-04-01,871762.9548606967
EUR,A,T,2006-07-01,886741.7020313223
EUR,A,T,2006-10-01,900139.7421668206
EUR,A,T,2007-01-01,1010394.3861159829
EUR,A,T,2007-04-01,1069621.3087516148
EUR,A,T,2007-07-01,1053290.5096030906
EUR,A,T,2007-10-01,1053713.003955201
EUR,A,T,2008-01-01,997700.90399867
EUR,A,T,2008-04-01,992703.3405289426
EUR,A,T,2008-07-01,979623.2957360481
EUR,A,T,2008-10-01,930827.2264201229
EUR,A,T,2009-01-01,959547.174668413
EUR,A,T,2009-04-01,994174.4074966589
EUR,A,T,2009-07-01,1009809.55870408
EUR,A,T,2009-10-01,1034642.0728418032
EUR,A,T,2010-01-01,1041219.8287491518
EUR,A,T,2010-04-01,1042774.98259783
EUR,A,T,2010-07-01,1012650.131760961
EUR,A,T,2010-10-01,977821.442992976
EUR,A,T,2011-01-01,1045860.3140011021
EUR,A,T,2011-04-01,1013483.3364313092
EUR,A,T,2011-07-01,1067546.4795207335
EUR,A,T,2011-10-01,1082324.95067122
EUR,A,T,2012-01-01,1049734.8873370704
EUR,A,T,2012-04-01,1114791.031937083
EUR,A,T,2012-07-01,1111717.7640730373
EUR,A,T,2012-10-01,1128760.1593246106
EUR,A,T,2013-01-01,1152241.6435685824
EUR,A,T,2013-04-01,1177608.7720633927
EUR,A,T,2013-07-01,1187155.3576593113
EUR,A,T,2013-10-01,1213686.0922879872
EUR,A,T,2014-01-01,1210682.8424553212
EUR,A,T,2014-04-01,1218227.378568366
EUR,A,T,2014-07-01,1180140.5662452956
EUR,A,T,2014-10-01,1270620.850359249
EUR,A,T,2015-01-01,1188535.9951880602
EUR,A,T,2015-04-01,1211704.5849560238
EUR,A,T,2015-07-01,1270167.299273426
EUR,A,T,2015-10-01,1352961.0293017586
EUR,A,T,2016-01-01,1375192.1181634667
EUR,A,T,2016-04-01,1428455.1942782723
EUR,A,T,2016-07-01,1520458.3578657776
EUR,A,T,2016-10-01,1557773.092591709
EUR,A,T,2017-01-01,1560241.569404045
EUR,A,T,2017-04-01,1612598.656722038
EUR,A,T,2017-07-01,1666861.0778950225
EUR,A,T,2017-10-01,1681520.6505869739
EUR,A,T,2018-01-01,1681082.9403089862
EUR,A,T,2018-04-01,1692353.490774184
EUR,A,T,2018-07-01,1670407.6886451794
EUR,A,T,2018-10-01,1718933.6382913466
EUR,A,T,2019-01-01,1706699.9605636005
EUR,A,T,2019-04-01,1711535.8095460506
EUR,A,T,2019-07-01,1701219.0142988097
EUR,A,T,2019-10-01,1694333.2831256695
EUR,A,T,2020-01-01,1648737.8125830265
EUR,A,T,2020-04-01,1648842.937457613
EUR,A,T,2020-07-01,1694346.4399177886
EUR,A,T,2020-10-01,1726047.5721184628
EUR,A,T,2021-01-01,1762310.518406753
EUR,A,T,2021-04-01,1779382.7319225885
EUR,A,T,2021-07-01,1753493.3315111077
EUR,A,T,2021-10-01,1741279.9403676516
EUR,A,T,2022-01-01,1712773.4321590888
EUR,A,T,2022-04-01,1671783.0535965725
EUR,A,T,2022-07-01,1592326.2330166122
EUR,A,T,2022-10-01,1593167.3316513195
EUR,A,T,2023-01-01,1611954.3932888866
EUR,A,T,2023-04-01,1625103.1613794055
EUR,A,T,2023-07-01,1579555.1859715353
EUR,A,T,2023-10-01,1547723.0807274268
EUR,A,T,2024-01-01,1650358.1635022876
EUR,A,T,2024-04-01,1614076.0894219729
EUR,A,T,2024-07-01,1595657.8098282795
EUR,A,T,2024-10-01,1594292.4496444836
EUR,A,T,2025-01-01,1619100.147502439
EUR,A,T,2025-04-01,1609620.4661107033
EUR,A,T,2025-07-01,1625101.986213937
EUR,A,T,2025-10-01,1638672.6568487776
EUR,A,T,2026-01-01,1627414.4497637267
EUR,A,UI,1985-01-01,0
EUR,A,UI,1985-04-01,0
EUR,A,UI,1985-07-01,0
EUR,A,UI,1985-10-01,0
EUR,A,UI,1986-01-01,0
EUR,A,UI,1986-04-01,0
EUR,A,UI,1986-07-01,0
EUR,A,UI,1986-10-01,0
EUR,A,UI,1987-01-01,0
EUR,A,UI,1987-04-01,0
EUR,A,UI,1987-07-01,0
EUR,A,UI,1987-10-01,0
EUR,A,UI,1988-01-01,0
EUR,A,UI,1988-04-01,0
EUR,A,UI,1988-07-01,0
EUR,A,UI,1988-10-01,0
EUR,A,UI,1989-01-01,0
EUR,A,UI,1989-04-01,0
EUR,A,UI,1989-07-01,0
EUR,A,UI,1989-10-01,0
EUR,A,UI,1990-01-01,0
EUR,A,UI,1990-04-01,0
EUR,A,UI,1990-07-01,0
EUR,A,UI,1990-10-01,0
EUR,A,UI,1991-01-01,0
EUR,A,UI,1991-04-01,0
EUR,A,UI,1991-07-01,0
EUR,A,UI,1991-10-01,0
EUR,A,UI,1992-01-01,0
EUR,A,UI,1992-04-01,0
EUR,A,UI,1992-07-01,0
EUR,A,UI,1992-10-01,0
EUR,A,UI,1993-01-01,0
EUR,A,UI,1993-04-01,0
EUR,A,UI,1993-07-01,0
EUR,A,UI,1993-10-01,0
EUR,A,UI,1994-01-01,0
EUR,A,UI,1994-04-01,0
EUR,A,UI,1994-07-01,0
EUR,A,UI,1994-10-01,0
EUR,A,UI,1995-01-01,0
EUR,A,UI,1995-04-01,0
EUR,A,UI,1995-07-01,0
EUR,A,UI,1995-10-01,0
EUR,A,UI,1996-01-01,0
EUR,A,UI,1996-04-01,0
EUR,A,UI,1996-07-01,0
EUR,A,UI,1996-10-01,0
EUR,A,UI,1997-01-01,0
EUR,A,UI,1997-04-01,0
EUR,A,UI,1997-07-01,0
EUR,A,UI,1997-10-01,0
EUR,A,UI,1998-01-01,0
EUR,A,UI,1998-04-01,0
EUR,A,UI,1998-07-01,0
EUR,A,UI,1998-10-01,0
EUR,A,UI,1999-01-01,152919.58525574493
EUR,A,UI,1999-04-01,144031.67091765124
EUR,A,UI,1999-07-01,161628.94018154603
EUR,A,UI,1999-10-01,144735.34
EUR,A,UI,2000-01-01,185226.732
EUR,A,UI,2000-04-01,157563.388
EUR,A,UI,2000-07-01,167897.818197
EUR,A,UI,2000-10-01,173680.935857
EUR,A,UI,2001-01-01,192437.50362808
EUR,A,UI,2001-04-01,170737.28160459
EUR,A,UI,2001-07-01,183499.22679506
EUR,A,UI,2001-10-01,172897.07379814
EUR,A,UI,2002-01-01,191636.37068309
EUR,A,UI,2002-04-01,189924.79557986
EUR,A,UI,2002-07-01,176667.15592959
EUR,A,UI,2002-10-01,183604.99764832
EUR,A,UI,2003-01-01,209953.60969839
EUR,A,UI,2003-04-01,224684.09802811
EUR,A,UI,2003-07-01,216563.14226062
EUR,A,UI,2003-10-01,214896.38784985
EUR,A,UI,2004-01-01,209899.41544402
EUR,A,UI,2004-04-01,216654.34447449
EUR,A,UI,2004-07-01,200709.82887577
EUR,A,UI,2004-10-01,202348.8645982
EUR,A,UI,2005-01-01,225226.98547484
EUR,A,UI,2005-04-01,236961.14482799
EUR,A,UI,2005-07-01,226122.4274400054
EUR,A,UI,2005-10-01,222251.45267443612
EUR,A,UI,2006-01-01,233917.9584954597
EUR,A,UI,2006-04-01,259055.2898002167
EUR,A,UI,2006-07-01,242142.0381742513
EUR,A,UI,2006-10-01,232474.82571310143
EUR,A,UI,2007-01-01,295821.35423855856
EUR,A,UI,2007-04-01,318947.4225621867
EUR,A,UI,2007-07-01,292916.3423156655
EUR,A,UI,2007-10-01,292656.34494070435
EUR,A,UI,2008-01-01,262092.2111995115
EUR,A,UI,2008-04-01,260389.89165358525
EUR,A,UI,2008-07-01,267837.4360791288
EUR,A,UI,2008-10-01,267988.25018363947
EUR,A,UI,2009-01-01,267998.6072762296
EUR,A,UI,2009-04-01,266090.0303740524
EUR,A,UI,2009-07-01,248144.16122406558
EUR,A,UI,2009-10-01,243383.87447413837
EUR,A,UI,2010-01-01,242654.03189781777
EUR,A,UI,2010-04-01,213587.52230304596
EUR,A,UI,2010-07-01,193302.59613559977
EUR,A,UI,2010-10-01,205159.27393925097
EUR,A,UI,2011-01-01,220152.9712451813
EUR,A,UI,2011-04-01,217788.76555043494
EUR,A,UI,2011-07-01,233498.6659165372
EUR,A,UI,2011-10-01,214233.34663700126
EUR,A,UI,2012-01-01,220973.72866414263
EUR,A,UI,2012-04-01,207855.58039121595
EUR,A,UI,2012-07-01,205098.71205709802
EUR,A,UI,2012-10-01,210466.9578251288
EUR,A,UI,2013-01-01,234022.34472580795
EUR,A,UI,2013-04-01,254668.6186542382
EUR,A,UI,2013-07-01,270643.8676010706
EUR,A,UI,2013-10-01,282646.06994658086
EUR,A,UI,2014-01-01,284918.84103756933
EUR,A,UI,2014-04-01,292214.3907773965
EUR,A,UI,2014-07-01,261595.72913685127
EUR,A,UI,2014-10-01,229721.42032764462
EUR,A,UI,2015-01-01,209837.6052846158
EUR,A,UI,2015-04-01,239166.1053791783
EUR,A,UI,2015-07-01,237960.08611289173
EUR,A,UI,2015-10-01,260107.23821711016
EUR,A,UI,2016-01-01,243338.45611409697
EUR,A,UI,2016-04-01,261016.31904410082
EUR,A,UI,2016-07-01,270919.8887118603
EUR,A,UI,2016-10-01,283929.0923433147
EUR,A,UI,2017-01-01,274589.7512409369
EUR,A,UI,2017-04-01,286454.9036955304
EUR,A,UI,2017-07-01,292624.6086117376
EUR,A,UI,2017-10-01,289990.99537599663
EUR,A,UI,2018-01-01,275933.6617891898
EUR,A,UI,2018-04-01,286271.72712154227
EUR,A,UI,2018-07-01,275138.7582707322
EUR,A,UI,2018-10-01,306576.0077993224
EUR,A,UI,2019-01-01,293655.4580475141
EUR,A,UI,2019-04-01,295980.74695283396
EUR,A,UI,2019-07-01,289405.2369410734
EUR,A,UI,2019-10-01,294657.86841014854
EUR,A,UI,2020-01-01,277975.44097272493
EUR,A,UI,2020-04-01,228932.9150488146
EUR,A,UI,2020-07-01,241128.83727629727
EUR,A,UI,2020-10-01,246391.95709604656
EUR,A,UI,2021-01-01,250514.5637846157
EUR,A,UI,2021-04-01,259503.13400283962
EUR,A,UI,2021-07-01,270373.6009581607
EUR,A,UI,2021-10-01,269609.06072887225
EUR,A,UI,2022-01-01,257357.5337411146
EUR,A,UI,2022-04-01,261547.59339786123
EUR,A,UI,2022-07-01,217556.16919536126
EUR,A,UI,2022-10-01,229975.65388890597
EUR,A,UI,2023-01-01,236490.6243729792
EUR,A,UI,2023-04-01,232063.2476563882
EUR,A,UI,2023-07-01,232690.35737408546
EUR,A,UI,2023-10-01,221775.98056368573
EUR,A,UI,2024-01-01,244152.55694739582
EUR,A,UI,2024-04-01,231685.96449266747
EUR,A,UI,2024-07-01,222441.34068653855
EUR,A,UI,2024-10-01,238724.81274763038
EUR,A,UI,2025-01-01,234479.8436211613
EUR,A,UI,2025-04-01,238163.06163582133
EUR,A,UI,2025-07-01,241605.88175111887
EUR,A,UI,2025-10-01,251016.83814880773
EUR,A,UI,2026-01-01,244579.72909027274
EUR,A,W,1985-01-01,0
EUR,A,W,1985-04-01,0
EUR,A,W,1985-07-01,0
EUR,A,W,1985-10-01,0
EUR,A,W,1986-01-01,0
EUR,A,W,1986-04-01,0
EUR,A,W,1986-07-01,0
EUR,A,W,1986-10-01,0
EUR,A,W,1987-01-01,0
EUR,A,W,1987-04-01,0
EUR,A,W,1987-07-01,0
EUR,A,W,1987-10-01,0
EUR,A,W,1988-01-01,0
EUR,A,W,1988-04-01,0
EUR,A,W,1988-07-01,0
EUR,A,W,1988-10-01,0
EUR,A,W,1989-01-01,0
EUR,A,W,1989-04-01,0
EUR,A,W,1989-07-01,0
EUR,A,W,1989-10-01,0
EUR,A,W,1990-01-01,0
EUR,A,W,1990-04-01,0
EUR,A,W,1990-07-01,0
EUR,A,W,1990-10-01,0
EUR,A,W,1991-01-01,0
EUR,A,W,1991-04-01,0
EUR,A,W,1991-07-01,0
EUR,A,W,1991-10-01,0
EUR,A,W,1992-01-01,0
EUR,A,W,1992-04-01,0
EUR,A,W,1992-07-01,0
EUR,A,W,1992-10-01,0
EUR,A,W,1993-01-01,0
EUR,A,W,1993-04-01,0
EUR,A,W,1993-07-01,0
EUR,A,W,1993-10-01,0
EUR,A,W,1994-01-01,0
EUR,A,W,1994-04-01,0
EUR,A,W,1994-07-01,0
EUR,A,W,1994-10-01,0
EUR,A,W,1995-01-01,0
EUR,A,W,1995-04-01,0
EUR,A,W,1995-07-01,0
EUR,A,W,1995-10-01,0
EUR,A,W,1996-01-01,0
EUR,A,W,1996-04-01,0
EUR,A,W,1996-07-01,0
EUR,A,W,1996-10-01,0
EUR,A,W,1997-01-01,0
EUR,A,W,1997-04-01,0
EUR,A,W,1997-07-01,0
EUR,A,W,1997-10-01,0
EUR,A,W,1998-01-01,0
EUR,A,W,1998-04-01,0
EUR,A,W,1998-07-01,0
EUR,A,W,1998-10-01,0
EUR,A,W,1999-01-01,19526.42291397738
EUR,A,W,1999-04-01,19659.98925019588
EUR,A,W,1999-07-01,19766.965760813728
EUR,A,W,1999-10-01,20078.8199999999
EUR,A,W,2000-01-01,19988.2
EUR,A,W,2000-04-01,21006.22
EUR,A,W,2000-07-01,21438.17
EUR,A,W,2000-10-01,22251.8
EUR,A,W,2001-01-01,22736.3
EUR,A,W,2001-04-01,22358.45
EUR,A,W,2001-07-01,21667.94
EUR,A,W,2001-10-01,23186.65
EUR,A,W,2002-01-01,23109.61
EUR,A,W,2002-04-01,24630.26
EUR,A,W,2002-07-01,25335.37
EUR,A,W,2002-10-01,25961.94
EUR,A,W,2003-01-01,26744.21
EUR,A,W,2003-04-01,28301.45
EUR,A,W,2003-07-01,28632.86061664784
EUR,A,W,2003-10-01,29320.24
EUR,A,W,2004-01-01,29859.38
EUR,A,W,2004-04-01,29275.01770605817
EUR,A,W,2004-07-01,28728.32
EUR,A,W,2004-10-01,28854.9
EUR,A,W,2005-01-01,29851.53368907
EUR,A,W,2005-04-01,20438.15
EUR,A,W,2005-07-01,21164.67
EUR,A,W,2005-10-01,21569.49754258
EUR,A,W,2006-01-01,21463.54200701
EUR,A,W,2006-04-01,20593.20727285
EUR,A,W,2006-07-01,21292.04083287
EUR,A,W,2006-10-01,21443.22863555
EUR,A,W,2007-01-01,21612.504328260005
EUR,A,W,2007-04-01,21371.6420108
EUR,A,W,2007-07-01,22858.539862840003
EUR,A,W,2007-10-01,23047.46342035
EUR,A,W,2008-01-01,21916.06521491
EUR,A,W,2008-04-01,22241.68512746
EUR,A,W,2008-07-01,23181.046005509994
EUR,A,W,2008-10-01,23442.06822915
EUR,A,W,2009-01-01,30685.94434581
EUR,A,W,2009-04-01,48733.98923652
EUR,A,W,2009-07-01,49622.61047031
EUR,A,W,2009-10-01,55027.13807626
EUR,A,W,2010-01-01,80628.51077121
EUR,A,W,2010-04-01,158159.24656093
EUR,A,W,2010-07-01,119742.03101512001
EUR,A,W,2010-10-01,110890.92115529
EUR,A,W,2011-01-01,113924.39689935
EUR,A,W,2011-04-01,108255.78655555
EUR,A,W,2011-07-01,133140.558625531
EUR,A,W,2011-10-01,144726.93673679
EUR,A,W,2012-01-01,122289.05752122
EUR,A,W,2012-04-01,219491.43173115
EUR,A,W,2012-07-01,210160.44367600998
EUR,A,W,2012-10-01,211361.58667337
EUR,A,W,2013-01-01,207632.64422329
EUR,A,W,2013-04-01,209053.37007021
EUR,A,W,2013-07-01,209260.26303849
EUR,A,W,2013-10-01,210823.89313711
EUR,A,W,2014-01-01,206487.8139001
EUR,A,W,2014-04-01,209500.20593292
EUR,A,W,2014-07-01,205764.28809791
EUR,A,W,2014-10-01,230073.44890763
EUR,A,W,2015-01-01,220587.7767133058
EUR,A,W,2015-04-01,219136.58888132198
EUR,A,W,2015-07-01,227798.27204006023
EUR,A,W,2015-10-01,236254.80785351672
EUR,A,W,2016-01-01,242787.0372607581
EUR,A,W,2016-04-01,249734.99466150228
EUR,A,W,2016-07-01,262325.8966736731
EUR,A,W,2016-10-01,271525.5888067381
EUR,A,W,2017-01-01,275799.5274966917
EUR,A,W,2017-04-01,284929.1230179559
EUR,A,W,2017-07-01,292976.03807259246
EUR,A,W,2017-10-01,300198.4545262189
EUR,A,W,2018-01-01,288598.2420279077
EUR,A,W,2018-04-01,287622.33270289167
EUR,A,W,2018-07-01,287347.39821275766
EUR,A,W,2018-10-01,285935.62979778455
EUR,A,W,2019-01-01,290373.2457191914
EUR,A,W,2019-04-01,297429.6820461196
EUR,A,W,2019-07-01,300151.3271716643
EUR,A,W,2019-10-01,298395.5314066519
EUR,A,W,2020-01-01,305758.063914031
EUR,A,W,2020-04-01,339902.79492616665
EUR,A,W,2020-07-01,342172.3538433986
EUR,A,W,2020-10-01,353222.47219355
EUR,A,W,2021-01-01,339404.8167034066
EUR,A,W,2021-04-01,344469.51377914473
EUR,A,W,2021-07-01,346461.8237528258
EUR,A,W,2021-10-01,355659.84727776586
EUR,A,W,2022-01-01,332908.478798299
EUR,A,W,2022-04-01,313512.2976736032
EUR,A,W,2022-07-01,301432.4741965895
EUR,A,W,2022-10-01,293353.62571446697
EUR,A,W,2023-01-01,266244.8433218486
EUR,A,W,2023-04-01,270847.113770953
EUR,A,W,2023-07-01,249909.57003190793
EUR,A,W,2023-10-01,243304.89737036196
EUR,A,W,2024-01-01,266408.76675103663
EUR,A,W,2024-04-01,263353.74547047284
EUR,A,W,2024-07-01,267200.5624305205
EUR,A,W,2024-10-01,270759.838909956
EUR,A,W,2025-01-01,273856.1648667931
EUR,A,W,2025-04-01,278906.6734985587
EUR,A,W,2025-07-01,282583.06182402803
EUR,A,W,2025-10-01,283908.31549917307
EUR,A,W,2026-01-01,281375.91986077325
EUR,N,D0,1985-01-01,0
EUR,N,D0,1985-04-01,0
EUR,N,D0,1985-07-01,0
EUR,N,D0,1985-10-01,0
EUR,N,D0,1986-01-01,0
EUR,N,D0,1986-04-01,0
EUR,N,D0,1986-07-01,0
EUR,N,D0,1986-10-01,0
EUR,N,D0,1987-01-01,0
EUR,N,D0,1987-04-01,0
EUR,N,D0,1987-07-01,0
EUR,N,D0,1987-10-01,0
EUR,N,D0,1988-01-01,0
EUR,N,D0,1988-04-01,0
EUR,N,D0,1988-07-01,0
EUR,N,D0,1988-10-01,0
EUR,N,D0,1989-01-01,0
EUR,N,D0,1989-04-01,0
EUR,N,D0,1989-07-01,0
EUR,N,D0,1989-10-01,0
EUR,N,D0,1990-01-01,0
EUR,N,D0,1990-04-01,0
EUR,N,D0,1990-07-01,0
EUR,N,D0,1990-10-01,0
EUR,N,D0,1991-01-01,0
EUR,N,D0,1991-04-01,0
EUR,N,D0,1991-07-01,0
EUR,N,D0,1991-10-01,0
EUR,N,D0,1992-01-01,0
EUR,N,D0,1992-04-01,0
EUR,N,D0,1992-07-01,0
EUR,N,D0,1992-10-01,0
EUR,N,D0,1993-01-01,0
EUR,N,D0,1993-04-01,0
EUR,N,D0,1993-07-01,0
EUR,N,D0,1993-10-01,0
EUR,N,D0,1994-01-01,0
EUR,N,D0,1994-04-01,0
EUR,N,D0,1994-07-01,0
EUR,N,D0,1994-10-01,0
EUR,N,D0,1995-01-01,0
EUR,N,D0,1995-04-01,0
EUR,N,D0,1995-07-01,0
EUR,N,D0,1995-10-01,0
EUR,N,D0,1996-01-01,0
EUR,N,D0,1996-04-01,0
EUR,N,D0,1996-07-01,0
EUR,N,D0,1996-10-01,0
EUR,N,D0,1997-01-01,0
EUR,N,D0,1997-04-01,0
EUR,N,D0,1997-07-01,0
EUR,N,D0,1997-10-01,0
EUR,N,D0,1998-01-01,0
EUR,N,D0,1998-04-01,0
EUR,N,D0,1998-07-01,0
EUR,N,D0,1998-10-01,0
EUR,N,D0,1999-01-01,88324.86400189629
EUR,N,D0,1999-04-01,91650.25422405622
EUR,N,D0,1999-07-01,95446.96310256157
EUR,N,D0,1999-10-01,99557.88448440637
EUR,N,D0,2000-01-01,102411.33094600237
EUR,N,D0,2000-04-01,100308.73223257317
EUR,N,D0,2000-07-01,104387.93736745362
EUR,N,D0,2000-10-01,117792.09712077148
EUR,N,D0,2001-01-01,119060.13642313467
EUR,N,D0,2001-04-01,118816.01281082693
EUR,N,D0,2001-07-01,120714.10533447104
EUR,N,D0,2001-10-01,124091.52243450563
EUR,N,D0,2002-01-01,122438.6630085896
EUR,N,D0,2002-04-01,120714.10923912241
EUR,N,D0,2002-07-01,120406.19877271567
EUR,N,D0,2002-10-01,123826.19439724913
EUR,N,D0,2003-01-01,124679.72883583854
EUR,N,D0,2003-04-01,126450.20697298358
EUR,N,D0,2003-07-01,123323.48367690791
EUR,N,D0,2003-10-01,125553.22964063587
EUR,N,D0,2004-01-01,126495.53716464722
EUR,N,D0,2004-04-01,127566.49004876119
EUR,N,D0,2004-07-01,139870.32331828025
EUR,N,D0,2004-10-01,139473.503391499
EUR,N,D0,2005-01-01,149547.69489216123
EUR,N,D0,2005-04-01,159023.45296899922
EUR,N,D0,2005-07-01,173932.42520500053
EUR,N,D0,2005-10-01,175800.80942072265
EUR,N,D0,2006-01-01,192995.9498718991
EUR,N,D0,2006-04-01,197809.54613520054
EUR,N,D0,2006-07-01,215730.85686506145
EUR,N,D0,2006-10-01,208841.40242649405
EUR,N,D0,2007-01-01,212186.1731042274
EUR,N,D0,2007-04-01,218367.4115631496
EUR,N,D0,2007-07-01,221538.98669310872
EUR,N,D0,2007-10-01,228406.97805495697
EUR,N,D0,2008-01-01,221519.9796164585
EUR,N,D0,2008-04-01,226410.9396524733
EUR,N,D0,2008-07-01,228148.8174854606
EUR,N,D0,2008-10-01,222845.1028127584
EUR,N,D0,2009-01-01,234922.02599462177
EUR,N,D0,2009-04-01,246295.1148989243
EUR,N,D0,2009-07-01,257644.8764075401
EUR,N,D0,2009-10-01,268648.598532485
EUR,N,D0,2010-01-01,268979.75436459965
EUR,N,D0,2010-04-01,266858.2034361836
EUR,N,D0,2010-07-01,284444.9156218911
EUR,N,D0,2010-10-01,283114.9861228
EUR,N,D0,2011-01-01,311737.9258888727
EUR,N,D0,2011-04-01,308229.1680795215
EUR,N,D0,2011-07-01,330902.7282783638
EUR,N,D0,2011-10-01,352478.2908479893
EUR,N,D0,2012-01-01,341836.9644408693
EUR,N,D0,2012-04-01,338798.932597189
EUR,N,D0,2012-07-01,336264.28725536115
EUR,N,D0,2012-10-01,334580.0268424081
EUR,N,D0,2013-01-01,333178.59636582946
EUR,N,D0,2013-04-01,335056.80519425886
EUR,N,D0,2013-07-01,330197.0168797581
EUR,N,D0,2013-10-01,329334.3141998665
EUR,N,D0,2014-01-01,324277.35559346573
EUR,N,D0,2014-04-01,318738.6314663724
EUR,N,D0,2014-07-01,309592.08426520583
EUR,N,D0,2014-10-01,388201.6445239909
EUR,N,D0,2015-01-01,345754.2041212487
EUR,N,D0,2015-04-01,357492.64948171674
EUR,N,D0,2015-07-01,403483.31231163075
EUR,N,D0,2015-10-01,458439.12179754814
EUR,N,D0,2016-01-01,485963.76218384295
EUR,N,D0,2016-04-01,516091.87532990327
EUR,N,D0,2016-07-01,568520.6771438351
EUR,N,D0,2016-10-01,577959.2712085209
EUR,N,D0,2017-01-01,581471.5881811583
EUR,N,D0,2017-04-01,597559.4590821434
EUR,N,D0,2017-07-01,610980.7662285771
EUR,N,D0,2017-10-01,604637.8426514931
EUR,N,D0,2018-01-01,626965.9729850973
EUR,N,D0,2018-04-01,634981.7513783284
EUR,N,D0,2018-07-01,633020.8468021662
EUR,N,D0,2018-10-01,676462.4731803262
EUR,N,D0,2019-01-01,660836.5880260146
EUR,N,D0,2019-04-01,645425.8705116591
EUR,N,D0,2019-07-01,633028.6823252162
EUR,N,D0,2019-10-01,594961.213149569
EUR,N,D0,2020-01-01,600753.5533236669
EUR,N,D0,2020-04-01,586126.8425498498
EUR,N,D0,2020-07-01,614046.9186945378
EUR,N,D0,2020-10-01,609583.7214297086
EUR,N,D0,2021-01-01,634608.3745168509
EUR,N,D0,2021-04-01,610477.6913448096
EUR,N,D0,2021-07-01,544357.2744925676
EUR,N,D0,2021-10-01,532746.139257834
EUR,N,D0,2022-01-01,527958.6538812739
EUR,N,D0,2022-04-01,515100.0995522569
EUR,N,D0,2022-07-01,507506.00864885724
EUR,N,D0,2022-10-01,532263.1330045689
EUR,N,D0,2023-01-01,543625.4738875574
EUR,N,D0,2023-04-01,571276.2037198036
EUR,N,D0,2023-07-01,566972.4417545228
EUR,N,D0,2023-10-01,559146.1631698973
EUR,N,D0,2024-01-01,592545.5159073558
EUR,N,D0,2024-04-01,574351.4920373547
EUR,N,D0,2024-07-01,562821.9680828421
EUR,N,D0,2024-10-01,554265.4282209071
EUR,N,D0,2025-01-01,548902.1539270934
EUR,N,D0,2025-04-01,515750.6267542545
EUR,N,D0,2025-07-01,533229.474367694
EUR,N,D0,2025-10-01,531536.55843501
EUR,N,D0,2026-01-01,534958.5199289063
EUR,N,D1,2004-04-01,19
EUR,N,D1,2004-07-01,62
EUR,N,D1,2004-10-01,154
EUR,N,D1,2005-01-01,-2323.8
EUR,N,D1,2005-04-01,-3826.3
EUR,N,D1,2005-07-01,-3943.2999999999997
EUR,N,D1,2005-10-01,-2530.5
EUR,N,D1,2006-01-01,2381.2
EUR,N,D1,2006-04-01,2353.2999999999997
EUR,N,D1,2006-07-01,1812.8
EUR,N,D1,2006-10-01,2113.1000000000004
EUR,N,D1,2007-01-01,613.3
EUR,N,D1,2007-04-01,-69.5
EUR,N,D1,2007-07-01,391.2000000000003
EUR,N,D1,2007-10-01,89.59999999999991
EUR,N,D1,2008-01-01,6814.5
EUR,N,D1,2008-04-01,4324.600000000006
EUR,N,D1,2008-07-01,5032.4000000000015
EUR,N,D1,2008-10-01,-1910.5035484700002
EUR,N,D1,2009-01-01,-12949.260065719998
EUR,N,D1,2009-04-01,-2018.9713403000023
EUR,N,D1,2009-07-01,-18567.184377189995
EUR,N,D1,2009-10-01,-13261.989293800003
EUR,N,D1,2010-01-01,-16735.9
EUR,N,D1,2010-04-01,-10829.999999999998
EUR,N,D1,2010-07-01,-13846.672562819998
EUR,N,D1,2010-10-01,-11845.5
EUR,N,D1,2011-01-01,-13651.800000000001
EUR,N,D1,2011-04-01,-10997.320000000002
EUR,N,D1,2011-07-01,-10042.8
EUR,N,D1,2011-10-01,-8957.900000000001
EUR,N,D1,2012-01-01,-10443.500000000002
EUR,N,D1,2012-04-01,-10079.099999999997
EUR,N,D1,2012-07-01,-9087.699999999999
EUR,N,D1,2012-10-01,-9107.599999999999
EUR,N,D1,2013-01-01,-6996.200000000004
EUR,N,D1,2013-04-01,-8253.300000000003
EUR,N,D1,2013-07-01,-7408.899999999998
EUR,N,D1,2013-10-01,-7959.700000000003
EUR,N,D1,2014-01-01,-9719
EUR,N,D1,2014-04-01,-10952.800000000003
EUR,N,D1,2014-07-01,-3153.642273112131
EUR,N,D1,2014-10-01,6769.328310321871
EUR,N,D1,2015-01-01,5604.889661104355
EUR,N,D1,2015-04-01,7367.245291648536
EUR,N,D1,2015-07-01,5779.27082252308
EUR,N,D1,2015-10-01,2287.1988830054743
EUR,N,D1,2016-01-01,5044.359076340501
EUR,N,D1,2016-04-01,3493.940865796523
EUR,N,D1,2016-07-01,3662.506753131007
EUR,N,D1,2016-10-01,2028.8666365525478
EUR,N,D1,2017-01-01,1662.344524399513
EUR,N,D1,2017-04-01,2343.574977596034
EUR,N,D1,2017-07-01,2115.433754018919
EUR,N,D1,2017-10-01,2684.849592683282
EUR,N,D1,2018-01-01,461.8260633161299
EUR,N,D1,2018-04-01,-1871.794561937968
EUR,N,D1,2018-07-01,-172.01432363757704
EUR,N,D1,2018-10-01,177.73156326928074
EUR,N,D1,2019-01-01,1258.8969062162214
EUR,N,D1,2019-04-01,1180.982967943144
EUR,N,D1,2019-07-01,720.5403977907754
EUR,N,D1,2019-10-01,18.728802911062303
EUR,N,D1,2020-01-01,2315.2801292074582
EUR,N,D1,2020-04-01,2298.5879327686343
EUR,N,D1,2020-07-01,2097.6525590831825
EUR,N,D1,2020-10-01,1292.6658954524974
EUR,N,D1,2021-01-01,-824.2751465338533
EUR,N,D1,2021-04-01,-2705.3327269281835
EUR,N,D1,2021-07-01,1863.54916661702
EUR,N,D1,2021-10-01,-792.0768078031397
EUR,N,D1,2022-01-01,637.1850552547694
EUR,N,D1,2022-04-01,-2218.9201077363396
EUR,N,D1,2022-07-01,-3669.9496729749226
EUR,N,D1,2022-10-01,1616.2449047720875
EUR,N,D1,2023-01-01,-595.7597931134369
EUR,N,D1,2023-04-01,-663.8078169059008
EUR,N,D1,2023-07-01,-2072.524364051096
EUR,N,D1,2023-10-01,1917.2301489741913
EUR,N,D1,2024-01-01,824.7456106389764
EUR,N,D1,2024-04-01,5527.714570821641
EUR,N,D1,2024-07-01,4714.9439574322405
EUR,N,D1,2024-10-01,557.2611580844987
EUR,N,D1,2025-01-01,-152.2414902964283
EUR,N,D1,2025-04-01,520.5713272333342
EUR,N,D1,2025-07-01,117.6208868431786
EUR,N,D1,2025-10-01,-1381.027652070985
EUR,N,D1,2026-01-01,-1922.832339749688
EUR,N,P,1985-01-01,0
EUR,N,P,1985-04-01,0
EUR,N,P,1985-07-01,0
EUR,N,P,1985-10-01,0
EUR,N,P,1986-01-01,0
EUR,N,P,1986-04-01,0
EUR,N,P,1986-07-01,0
EUR,N,P,1986-10-01,0
EUR,N,P,1987-01-01,0
EUR,N,P,1987-04-01,0
EUR,N,P,1987-07-01,0
EUR,N,P,1987-10-01,0
EUR,N,P,1988-01-01,0
EUR,N,P,1988-04-01,0
EUR,N,P,1988-07-01,0
EUR,N,P,1988-10-01,0
EUR,N,P,1989-01-01,0
EUR,N,P,1989-04-01,0
EUR,N,P,1989-07-01,0
EUR,N,P,1989-10-01,0
EUR,N,P,1990-01-01,0
EUR,N,P,1990-04-01,0
EUR,N,P,1990-07-01,0
EUR,N,P,1990-10-01,0
EUR,N,P,1991-01-01,0
EUR,N,P,1991-04-01,0
EUR,N,P,1991-07-01,0
EUR,N,P,1991-10-01,0
EUR,N,P,1992-01-01,0
EUR,N,P,1992-04-01,0
EUR,N,P,1992-07-01,0
EUR,N,P,1992-10-01,0
EUR,N,P,1993-01-01,0
EUR,N,P,1993-04-01,0
EUR,N,P,1993-07-01,0
EUR,N,P,1993-10-01,0
EUR,N,P,1994-01-01,0
EUR,N,P,1994-04-01,0
EUR,N,P,1994-07-01,0
EUR,N,P,1994-10-01,0
EUR,N,P,1995-01-01,0
EUR,N,P,1995-04-01,0
EUR,N,P,1995-07-01,0
EUR,N,P,1995-10-01,0
EUR,N,P,1996-01-01,0
EUR,N,P,1996-04-01,0
EUR,N,P,1996-07-01,0
EUR,N,P,1996-10-01,0
EUR,N,P,1997-01-01,0
EUR,N,P,1997-04-01,0
EUR,N,P,1997-07-01,0
EUR,N,P,1997-10-01,0
EUR,N,P,1998-01-01,0
EUR,N,P,1998-04-01,0
EUR,N,P,1998-07-01,0
EUR,N,P,1998-10-01,0
EUR,N,P,1999-01-01,206331.4127198946
EUR,N,P,1999-04-01,220888.1556001543
EUR,N,P,1999-07-01,234790.81222974512
EUR,N,P,1999-10-01,243164.44804445797
EUR,N,P,2000-01-01,266840.33668908
EUR,N,P,2000-04-01,265931.46463716
EUR,N,P,2000-07-01,268636.18100932
EUR,N,P,2000-10-01,260003.60183404
EUR,N,P,2001-01-01,262994.8799101
EUR,N,P,2001-04-01,269127.31996319996
EUR,N,P,2001-07-01,236581.90260794997
EUR,N,P,2001-10-01,258896.42721447005
EUR,N,P,2002-01-01,262541.69316922
EUR,N,P,2002-04-01,251208.86819491
EUR,N,P,2002-07-01,226401.61638448
EUR,N,P,2002-10-01,236405.58411033
EUR,N,P,2003-01-01,233941.93878800998
EUR,N,P,2003-04-01,260352.01374939998
EUR,N,P,2003-07-01,256752.56209521
EUR,N,P,2003-10-01,276811.91933298
EUR,N,P,2004-01-01,278235.09400000004
EUR,N,P,2004-04-01,276295.938
EUR,N,P,2004-07-01,277805.407
EUR,N,P,2004-10-01,290871.616
EUR,N,P,2005-01-01,293904.641
EUR,N,P,2005-04-01,298961.702
EUR,N,P,2005-07-01,309123.275
EUR,N,P,2005-10-01,308642.625
EUR,N,P,2006-01-01,337991.902
EUR,N,P,2006-04-01,332479.20300000004
EUR,N,P,2006-07-01,346752.00399999996
EUR,N,P,2006-10-01,365849.628
EUR,N,P,2007-01-01,386231.94
EUR,N,P,2007-04-01,409316.515
EUR,N,P,2007-07-01,408008.52999999997
EUR,N,P,2007-10-01,406101.273
EUR,N,P,2008-01-01,364885.637
EUR,N,P,2008-04-01,354253.577
EUR,N,P,2008-07-01,327621.319
EUR,N,P,2008-10-01,295222.59218793904
EUR,N,P,2009-01-01,306867.637717159
EUR,N,P,2009-04-01,329466.870539902
EUR,N,P,2009-07-01,344168.42442508903
EUR,N,P,2009-10-01,350642.485474451
EUR,N,P,2010-01-01,347586.867268048
EUR,N,P,2010-04-01,307339.366315214
EUR,N,P,2010-07-01,316136.761430743
EUR,N,P,2010-10-01,287989.713524435
EUR,N,P,2011-01-01,297888.488464396
EUR,N,P,2011-04-01,278691.87794765003
EUR,N,P,2011-07-01,260408.929878571
EUR,N,P,2011-10-01,257436.90579651797
EUR,N,P,2012-01-01,263494.50895456097
EUR,N,P,2012-04-01,246693.72683949003
EUR,N,P,2012-07-01,255620.055214061
EUR,N,P,2012-10-01,262896.722387191
EUR,N,P,2013-01-01,268471.604752369
EUR,N,P,2013-04-01,270934.52070606203
EUR,N,P,2013-07-01,273320.376001972
EUR,N,P,2013-10-01,280530.36699999997
EUR,N,P,2014-01-01,281698.347
EUR,N,P,2014-04-01,286658.028
EUR,N,P,2014-07-01,286339.2842240205
EUR,N,P,2014-10-01,286377.7872930924
EUR,N,P,2015-01-01,276908.90242188034
EUR,N,P,2015-04-01,263669.6751661715
EUR,N,P,2015-07-01,264610.59802761907
EUR,N,P,2015-10-01,270529.92914526374
EUR,N,P,2016-01-01,267563.69193636405
EUR,N,P,2016-04-01,267362.1589116565
EUR,N,P,2016-07-01,273742.80726289825
EUR,N,P,2016-10-01,281810.77616992546
EUR,N,P,2017-01-01,280752.56032998615
EUR,N,P,2017-04-01,287684.06042075355
EUR,N,P,2017-07-01,303961.65838425374
EUR,N,P,2017-10-01,309989.02113328094
EUR,N,P,2018-01-01,306488.50529677694
EUR,N,P,2018-04-01,295913.12308300263
EUR,N,P,2018-07-01,290425.96890606766
EUR,N,P,2018-10-01,282889.81220844405
EUR,N,P,2019-01-01,296704.95426782675
EUR,N,P,2019-04-01,302679.0577115598
EUR,N,P,2019-07-01,304029.0711383916
EUR,N,P,2019-10-01,315838.33005109715
EUR,N,P,2020-01-01,273420.66197836824
EUR,N,P,2020-04-01,299920.00754297787
EUR,N,P,2020-07-01,301871.5978383329
EUR,N,P,2020-10-01,311384.8558268785
EUR,N,P,2021-01-01,318236.8002928053
EUR,N,P,2021-04-01,326491.2945765912
EUR,N,P,2021-07-01,314795.85627212963
EUR,N,P,2021-10-01,312801.9086950724
EUR,N,P,2022-01-01,293661.22706013196
EUR,N,P,2022-04-01,258310.7028654582
EUR,N,P,2022-07-01,251972.38638770606
EUR,N,P,2022-10-01,273771.26977494196
EUR,N,P,2023-01-01,290151.5936524871
EUR,N,P,2023-04-01,268037.38225920644
EUR,N,P,2023-07-01,263105.9830368253
EUR,N,P,2023-10-01,261689.60415734779
EUR,N,P,2024-01-01,276769.6129239256
EUR,N,P,2024-04-01,273911.151088304
EUR,N,P,2024-07-01,279175.17500444304
EUR,N,P,2024-10-01,272604.59693720797
EUR,N,P,2025-01-01,287431.57475503196
EUR,N,P,2025-04-01,296522.4099942309
EUR,N,P,2025-07-01,299288.6556484971
EUR,N,P,2025-10-01,308300.6412917917
EUR,N,P,2026-01-01,303976.94396584225
EUR,N,T,1985-01-01,0
EUR,N,T,1985-04-01,0
EUR,N,T,1985-07-01,0
EUR,N,T,1985-10-01,0
EUR,N,T,1986-01-01,0
EUR,N,T,1986-04-01,0
EUR,N,T,1986-07-01,0
EUR,N,T,1986-10-01,0
EUR,N,T,1987-01-01,0
EUR,N,T,1987-04-01,0
EUR,N,T,1987-07-01,0
EUR,N,T,1987-10-01,0
EUR,N,T,1988-01-01,0
EUR,N,T,1988-04-01,0
EUR,N,T,1988-07-01,0
EUR,N,T,1988-10-01,0
EUR,N,T,1989-01-01,0
EUR,N,T,1989-04-01,0
EUR,N,T,1989-07-01,0
EUR,N,T,1989-10-01,0
EUR,N,T,1990-01-01,0
EUR,N,T,1990-04-01,0
EUR,N,T,1990-07-01,0
EUR,N,T,1990-10-01,0
EUR,N,T,1991-01-01,0
EUR,N,T,1991-04-01,0
EUR,N,T,1991-07-01,0
EUR,N,T,1991-10-01,0
EUR,N,T,1992-01-01,0
EUR,N,T,1992-04-01,0
EUR,N,T,1992-07-01,0
EUR,N,T,1992-10-01,0
EUR,N,T,1993-01-01,0
EUR,N,T,1993-04-01,0
EUR,N,T,1993-07-01,0
EUR,N,T,1993-10-01,0
EUR,N,T,1994-01-01,0
EUR,N,T,1994-04-01,0
EUR,N,T,1994-07-01,0
EUR,N,T,1994-10-01,0
EUR,N,T,1995-01-01,0
EUR,N,T,1995-04-01,0
EUR,N,T,1995-07-01,0
EUR,N,T,1995-10-01,0
EUR,N,T,1996-01-01,0
EUR,N,T,1996-04-01,0
EUR,N,T,1996-07-01,0
EUR,N,T,1996-10-01,0
EUR,N,T,1997-01-01,0
EUR,N,T,1997-04-01,0
EUR,N,T,1997-07-01,0
EUR,N,T,1997-10-01,0
EUR,N,T,1998-01-01,0
EUR,N,T,1998-04-01,0
EUR,N,T,1998-07-01,0
EUR,N,T,1998-10-01,0
EUR,N,T,1999-01-01,380179.4612605758
EUR,N,T,1999-04-01,386875.24925214425
EUR,N,T,1999-07-01,418448.81710592704
EUR,N,T,1999-10-01,400368.3620288642
EUR,N,T,2000-01-01,456149.1466350823
EUR,N,T,2000-04-01,435686.7062327332
EUR,N,T,2000-07-01,456875.1347647737
EUR,N,T,2000-10-01,455049.0449138115
EUR,N,T,2001-01-01,461709.2440103147
EUR,N,T,2001-04-01,448947.54737861705
EUR,N,T,2001-07-01,424845.1160694811
EUR,N,T,2001-10-01,432665.1585201157
EUR,N,T,2002-01-01,453839.0768608996
EUR,N,T,2002-04-01,435077.88301389245
EUR,N,T,2002-07-01,395743.8265867857
EUR,N,T,2002-10-01,404313.553655899
EUR,N,T,2003-01-01,403741.2298222387
EUR,N,T,2003-04-01,439169.8397504935
EUR,N,T,2003-07-01,419436.8336493857
EUR,N,T,2003-10-01,432296.67682346585
EUR,N,T,2004-01-01,436488.9266086672
EUR,N,T,2004-04-01,429806.59022930934
EUR,N,T,2004-07-01,440159.4791940502
EUR,N,T,2004-10-01,443926.38398969907
EUR,N,T,2005-01-01,463412.0550560713
EUR,N,T,2005-04-01,460766.7497969892
EUR,N,T,2005-07-01,487216.1102049662
EUR,N,T,2005-10-01,495779.14845698595
EUR,N,T,2006-01-01,528971.1484668178
EUR,N,T,2006-04-01,523020.63865843305
EUR,N,T,2006-07-01,561865.7464123175
EUR,N,T,2006-10-01,538006.8030043081
EUR,N,T,2007-01-01,586106.8072165223
EUR,N,T,2007-04-01,638273.5087130177
EUR,N,T,2007-07-01,639582.012958131
EUR,N,T,2007-10-01,666930.1905063707
EUR,N,T,2008-01-01,629784.8299648315
EUR,N,T,2008-04-01,606926.1540560572
EUR,N,T,2008-07-01,570169.0104184991
EUR,N,T,2008-10-01,558052.2839393946
EUR,N,T,2009-01-01,572525.9965709168
EUR,N,T,2009-04-01,632918.496161226
EUR,N,T,2009-07-01,642707.9623672501
EUR,N,T,2009-10-01,641598.2704671856
EUR,N,T,2010-01-01,662944.867662377
EUR,N,T,2010-04-01,690277.822784882
EUR,N,T,2010-07-01,660902.0626027691
EUR,N,T,2010-10-01,640835.2463150155
EUR,N,T,2011-01-01,701541.4725014844
EUR,N,T,2011-04-01,689808.7429688709
EUR,N,T,2011-07-01,734495.8746677791
EUR,N,T,2011-10-01,740799.4347788558
EUR,N,T,2012-01-01,717357.7059318924
EUR,N,T,2012-04-01,779871.145343798
EUR,N,T,2012-07-01,768626.3022219548
EUR,N,T,2012-10-01,776909.1971534858
EUR,N,T,2013-01-01,808611.3308602928
EUR,N,T,2013-04-01,826460.3371628067
EUR,N,T,2013-07-01,841844.623469353
EUR,N,T,2013-10-01,853348.2099368463
EUR,N,T,2014-01-01,856775.78324113
EUR,N,T,2014-04-01,867960.961043299
EUR,N,T,2014-07-01,832063.8776559477
EUR,N,T,2014-10-01,918146.0884766821
EUR,N,T,2015-01-01,835238.2862273485
EUR,N,T,2015-04-01,868476.4902979232
EUR,N,T,2015-07-01,920328.0324319121
EUR,N,T,2015-10-01,994895.4251016919
EUR,N,T,2016-01-01,1014770.091979692
EUR,N,T,2016-04-01,1066373.8026485106
EUR,N,T,2016-07-01,1140504.6204923303
EUR,N,T,2016-10-01,1158824.3066381712
EUR,N,T,2017-01-01,1168758.3502896985
EUR,N,T,2017-04-01,1214328.050996164
EUR,N,T,2017-07-01,1245112.9406095322
EUR,N,T,2017-10-01,1226325.5953490753
EUR,N,T,2018-01-01,1208387.8279346502
EUR,N,T,2018-04-01,1210819.4538965418
EUR,N,T,2018-07-01,1204023.5871130084
EUR,N,T,2018-10-01,1260895.2984034538
EUR,N,T,2019-01-01,1262075.0735405586
EUR,N,T,2019-04-01,1261432.2024748905
EUR,N,T,2019-07-01,1259538.7176684076
EUR,N,T,2019-10-01,1235478.2617619815
EUR,N,T,2020-01-01,1187275.931358873
EUR,N,T,2020-04-01,1192805.3505273282
EUR,N,T,2020-07-01,1237755.35924142
EUR,N,T,2020-10-01,1244034.79788068
EUR,N,T,2021-01-01,1258311.2396592172
EUR,N,T,2021-04-01,1245546.9702751427
EUR,N,T,2021-07-01,1178267.414434951
EUR,N,T,2021-10-01,1157221.9786571811
EUR,N,T,2022-01-01,1094681.3586321517
EUR,N,T,2022-04-01,1005906.0271850721
EUR,N,T,2022-07-01,975368.2634119048
EUR,N,T,2022-10-01,1013409.8129568239
EUR,N,T,2023-01-01,1051607.787149015
EUR,N,T,2023-04-01,1051646.3642073967
EUR,N,T,2023-07-01,1031411.8237989156
EUR,N,T,2023-10-01,1017836.9455923269
EUR,N,T,2024-01-01,1095583.602226085
EUR,N,T,2024-04-01,1069265.514367719
EUR,N,T,2024-07-01,1079095.5965191592
EUR,N,T,2024-10-01,1064370.5512614346
EUR,N,T,2025-01-01,1067795.6123485414
EUR,N,T,2025-04-01,1063370.6281483928
EUR,N,T,2025-07-01,1093480.4640238723
EUR,N,T,2025-10-01,1109419.2662964724
EUR,N,T,2026-01-01,1099463.8531722864
EUR,N,UI,1985-01-01,0
EUR,N,UI,1985-04-01,0
EUR,N,UI,1985-07-01,0
EUR,N,UI,1985-10-01,0
EUR,N,UI,1986-01-01,0
EUR,N,UI,1986-04-01,0
EUR,N,UI,1986-07-01,0
EUR,N,UI,1986-10-01,0
EUR,N,UI,1987-01-01,0
EUR,N,UI,1987-04-01,0
EUR,N,UI,1987-07-01,0
EUR,N,UI,1987-10-01,0
EUR,N,UI,1988-01-01,0
EUR,N,UI,1988-04-01,0
EUR,N,UI,1988-07-01,0
EUR,N,UI,1988-10-01,0
EUR,N,UI,1989-01-01,0
EUR,N,UI,1989-04-01,0
EUR,N,UI,1989-07-01,0
EUR,N,UI,1989-10-01,0
EUR,N,UI,1990-01-01,0
EUR,N,UI,1990-04-01,0
EUR,N,UI,1990-07-01,0
EUR,N,UI,1990-10-01,0
EUR,N,UI,1991-01-01,0
EUR,N,UI,1991-04-01,0
EUR,N,UI,1991-07-01,0
EUR,N,UI,1991-10-01,0
EUR,N,UI,1992-01-01,0
EUR,N,UI,1992-04-01,0
EUR,N,UI,1992-07-01,0
EUR,N,UI,1992-10-01,0
EUR,N,UI,1993-01-01,0
EUR,N,UI,1993-04-01,0
EUR,N,UI,1993-07-01,0
EUR,N,UI,1993-10-01,0
EUR,N,UI,1994-01-01,0
EUR,N,UI,1994-04-01,0
EUR,N,UI,1994-07-01,0
EUR,N,UI,1994-10-01,0
EUR,N,UI,1995-01-01,0
EUR,N,UI,1995-04-01,0
EUR,N,UI,1995-07-01,0
EUR,N,UI,1995-10-01,0
EUR,N,UI,1996-01-01,0
EUR,N,UI,1996-04-01,0
EUR,N,UI,1996-07-01,0
EUR,N,UI,1996-10-01,0
EUR,N,UI,1997-01-01,0
EUR,N,UI,1997-04-01,0
EUR,N,UI,1997-07-01,0
EUR,N,UI,1997-10-01,0
EUR,N,UI,1998-01-01,0
EUR,N,UI,1998-04-01,0
EUR,N,UI,1998-07-01,0
EUR,N,UI,1998-10-01,0
EUR,N,UI,1999-01-01,65996.76162480756
EUR,N,UI,1999-04-01,54676.85017773777
EUR,N,UI,1999-07-01,68444.07601280675
EUR,N,UI,1999-10-01,37567.2095
EUR,N,UI,2000-01-01,66909.279
EUR,N,UI,2000-04-01,48440.289363
EUR,N,UI,2000-07-01,62412.84638799999
EUR,N,UI,2000-10-01,55001.54595900001
EUR,N,UI,2001-01-01,56917.927677080006
EUR,N,UI,2001-04-01,38645.76460459002
EUR,N,UI,2001-07-01,45881.168127059995
EUR,N,UI,2001-10-01,26490.558871139976
EUR,N,UI,2002-01-01,45749.110683089995
EUR,N,UI,2002-04-01,38524.64557985999
EUR,N,UI,2002-07-01,23600.641429590003
EUR,N,UI,2002-10-01,18119.83514831998
EUR,N,UI,2003-01-01,18375.35219839
EUR,N,UI,2003-04-01,24066.169028109987
EUR,N,UI,2003-07-01,10727.927260619996
EUR,N,UI,2003-10-01,611.2878498499922
EUR,N,UI,2004-01-01,1898.9154440200073
EUR,N,UI,2004-04-01,-3349.8555255100073
EUR,N,UI,2004-07-01,-6306.571124229988
EUR,N,UI,2004-10-01,-15427.635401800013
EUR,N,UI,2005-01-01,-7568.01452515999
EUR,N,UI,2005-04-01,-13830.255172009987
EUR,N,UI,2005-07-01,-13060.960000034393
EUR,N,UI,2005-10-01,-7703.283506316715
EUR,N,UI,2006-01-01,-25861.445412091416
EUR,N,UI,2006-04-01,-30214.617749617464
EUR,N,UI,2006-07-01,-23721.95528561392
EUR,N,UI,2006-10-01,-60240.55605773587
EUR,N,UI,2007-01-01,-34537.110215965076
EUR,N,UI,2007-04-01,-10712.559860931942
EUR,N,UI,2007-07-01,-13215.243597817724
EUR,N,UI,2007-10-01,9284.87603106373
EUR,N,UI,2008-01-01,14648.648133462877
EUR,N,UI,2008-04-01,-304.6477238762018
EUR,N,UI,2008-07-01,-13814.572072471376
EUR,N,UI,2008-10-01,18453.02425801725
EUR,N,UI,2009-01-01,12999.648579045956
EUR,N,UI,2009-04-01,10441.492826179601
EUR,N,UI,2009-07-01,9839.235441501049
EUR,N,UI,2009-10-01,-19457.96232221037
EUR,N,UI,2010-01-01,-17514.36474148059
EUR,N,UI,2010-04-01,-31248.993527445593
EUR,N,UI,2010-07-01,-45574.972902165
EUR,N,UI,2010-10-01,-29314.8744875096
EUR,N,UI,2011-01-01,-8357.538751134241
EUR,N,UI,2011-04-01,5629.230386149342
EUR,N,UI,2011-07-01,20086.457885313168
EUR,N,UI,2011-10-01,-4884.798602441617
EUR,N,UI,2012-01-01,180.67501524213003
EUR,N,UI,2012-04-01,-15033.84582403084
EUR,N,UI,2012-07-01,-24330.783923477313
EUR,N,UI,2012-10-01,-22821.538749483356
EUR,N,UI,2013-01-01,6324.685518804326
EUR,N,UI,2013-04-01,19668.94119227564
EUR,N,UI,2013-07-01,36475.86754913282
EUR,N,UI,2013-10-01,40619.335599869955
EUR,N,UI,2014-01-01,54031.266747564136
EUR,N,UI,2014-04-01,64016.89564400658
EUR,N,UI,2014-07-01,33521.86334192363
EUR,N,UI,2014-10-01,6723.879441646743
EUR,N,UI,2015-01-01,-13617.486690190679
EUR,N,UI,2015-04-01,20810.331477064377
EUR,N,UI,2015-07-01,18656.579230078903
EUR,N,UI,2015-10-01,27384.367422357696
EUR,N,UI,2016-01-01,13411.241522386466
EUR,N,UI,2016-04-01,29690.832879652007
EUR,N,UI,2016-07-01,32252.73265879281
EUR,N,UI,2016-10-01,25499.803816434316
EUR,N,UI,2017-01-01,29072.329757462983
EUR,N,UI,2017-04-01,41811.8334977153
EUR,N,UI,2017-07-01,35079.04417009023
EUR,N,UI,2017-10-01,8815.427445398993
EUR,N,UI,2018-01-01,-14126.71843844786
EUR,N,UI,2018-04-01,-5825.958705742843
EUR,N,UI,2018-07-01,-6598.612484345445
EUR,N,UI,2018-10-01,15429.65165362996
EUR,N,UI,2019-01-01,12901.388621309598
EUR,N,UI,2019-04-01,14716.609237608965
EUR,N,UI,2019-07-01,21609.09663534467
EUR,N,UI,2019-10-01,26264.45835175243
EUR,N,UI,2020-01-01,5028.372013599437
EUR,N,UI,2020-04-01,-35442.88242443476
EUR,N,UI,2020-07-01,-22433.16369393264
EUR,N,UI,2020-10-01,-31448.917464909697
EUR,N,UI,2021-01-01,-33114.476707311434
EUR,N,UI,2021-04-01,-33186.19669847464
EUR,N,UI,2021-07-01,-29211.089249188954
EUR,N,UI,2021-10-01,-43193.83976568788
EUR,N,UI,2022-01-01,-60484.18616280804
EUR,N,UI,2022-04-01,-78798.15279850987
EUR,N,UI,2022-07-01,-81872.65614827303
EUR,N,UI,2022-10-01,-87594.46044192588
EUR,N,UI,2023-01-01,-47818.363919764495
EUR,N,UI,2023-04-01,-57850.52772566036
EUR,N,UI,2023-07-01,-46503.64666028932
EUR,N,UI,2023-10-01,-48220.94925425449
EUR,N,UI,2024-01-01,-40965.03896687171
EUR,N,UI,2024-04-01,-47878.58879923413
EUR,N,UI,2024-07-01,-34817.052956078755
EUR,N,UI,2024-10-01,-33816.573964720854
EUR,N,UI,2025-01-01,-42242.03971008066
EUR,N,UI,2025-04-01,-28329.653425884986
EUR,N,UI,2025-07-01,-21738.34870318987
EUR,N,UI,2025-10-01,-12945.221277431323
EUR,N,UI,2026-01-01,-18924.698243485822
EUR,N,W,1985-01-01,0
EUR,N,W,1985-04-01,0
EUR,N,W,1985-07-01,0
EUR,N,W,1985-10-01,0
EUR,N,W,1986-01-01,0
EUR,N,W,1986-04-01,0
EUR,N,W,1986-07-01,0
EUR,N,W,1986-10-01,0
EUR,N,W,1987-01-01,0
EUR,N,W,1987-04-01,0
EUR,N,W,1987-07-01,0
EUR,N,W,1987-10-01,0
EUR,N,W,1988-01-01,0
EUR,N,W,1988-04-01,0
EUR,N,W,1988-07-01,0
EUR,N,W,1988-10-01,0
EUR,N,W,1989-01-01,0
EUR,N,W,1989-04-01,0
EUR,N,W,1989-07-01,0
EUR,N,W,1989-10-01,0
EUR,N,W,1990-01-01,0
EUR,N,W,1990-04-01,0
EUR,N,W,1990-07-01,0
EUR,N,W,1990-10-01,0
EUR,N,W,1991-01-01,0
EUR,N,W,1991-04-01,0
EUR,N,W,1991-07-01,0
EUR,N,W,1991-10-01,0
EUR,N,W,1992-01-01,0
EUR,N,W,1992-04-01,0
EUR,N,W,1992-07-01,0
EUR,N,W,1992-10-01,0
EUR,N,W,1993-01-01,0
EUR,N,W,1993-04-01,0
EUR,N,W,1993-07-01,0
EUR,N,W,1993-10-01,0
EUR,N,W,1994-01-01,0
EUR,N,W,1994-04-01,0
EUR,N,W,1994-07-01,0
EUR,N,W,1994-10-01,0
EUR,N,W,1995-01-01,0
EUR,N,W,1995-04-01,0
EUR,N,W,1995-07-01,0
EUR,N,W,1995-10-01,0
EUR,N,W,1996-01-01,0
EUR,N,W,1996-04-01,0
EUR,N,W,1996-07-01,0
EUR,N,W,1996-10-01,0
EUR,N,W,1997-01-01,0
EUR,N,W,1997-04-01,0
EUR,N,W,1997-07-01,0
EUR,N,W,1997-10-01,0
EUR,N,W,1998-01-01,0
EUR,N,W,1998-04-01,0
EUR,N,W,1998-07-01,0
EUR,N,W,1998-10-01,0
EUR,N,W,1999-01-01,19526.42291397738
EUR,N,W,1999-04-01,19659.98925019588
EUR,N,W,1999-07-01,19766.965760813728
EUR,N,W,1999-10-01,20078.8199999999
EUR,N,W,2000-01-01,19988.2
EUR,N,W,2000-04-01,21006.22
EUR,N,W,2000-07-01,21438.17
EUR,N,W,2000-10-01,22251.8
EUR,N,W,2001-01-01,22736.3
EUR,N,W,2001-04-01,22358.45
EUR,N,W,2001-07-01,21667.94
EUR,N,W,2001-10-01,23186.65
EUR,N,W,2002-01-01,23109.61
EUR,N,W,2002-04-01,24630.26
EUR,N,W,2002-07-01,25335.37
EUR,N,W,2002-10-01,25961.94
EUR,N,W,2003-01-01,26744.21
EUR,N,W,2003-04-01,28301.45
EUR,N,W,2003-07-01,28632.86061664784
EUR,N,W,2003-10-01,29320.24
EUR,N,W,2004-01-01,29859.38
EUR,N,W,2004-04-01,29275.01770605817
EUR,N,W,2004-07-01,28728.32
EUR,N,W,2004-10-01,28854.9
EUR,N,W,2005-01-01,29851.53368907
EUR,N,W,2005-04-01,20438.15
EUR,N,W,2005-07-01,21164.67
EUR,N,W,2005-10-01,21569.49754258
EUR,N,W,2006-01-01,21463.54200701
EUR,N,W,2006-04-01,20593.20727285
EUR,N,W,2006-07-01,21292.04083287
EUR,N,W,2006-10-01,21443.22863555
EUR,N,W,2007-01-01,21612.504328260005
EUR,N,W,2007-04-01,21371.6420108
EUR,N,W,2007-07-01,22858.539862840003
EUR,N,W,2007-10-01,23047.46342035
EUR,N,W,2008-01-01,21916.06521491
EUR,N,W,2008-04-01,22241.68512746
EUR,N,W,2008-07-01,23181.046005509994
EUR,N,W,2008-10-01,23442.06822915
EUR,N,W,2009-01-01,30685.94434581
EUR,N,W,2009-04-01,48733.98923652
EUR,N,W,2009-07-01,49622.61047031
EUR,N,W,2009-10-01,55027.13807626
EUR,N,W,2010-01-01,80628.51077121
EUR,N,W,2010-04-01,158159.24656093
EUR,N,W,2010-07-01,119742.03101512001
EUR,N,W,2010-10-01,110890.92115529
EUR,N,W,2011-01-01,113924.39689935
EUR,N,W,2011-04-01,108255.78655555
EUR,N,W,2011-07-01,133140.558625531
EUR,N,W,2011-10-01,144726.93673679
EUR,N,W,2012-01-01,122289.05752122
EUR,N,W,2012-04-01,219491.43173115
EUR,N,W,2012-07-01,210160.44367600998
EUR,N,W,2012-10-01,211361.58667337
EUR,N,W,2013-01-01,207632.64422329
EUR,N,W,2013-04-01,209053.37007021
EUR,N,W,2013-07-01,209260.26303849
EUR,N,W,2013-10-01,210823.89313711
EUR,N,W,2014-01-01,206487.8139001
EUR,N,W,2014-04-01,209500.20593292
EUR,N,W,2014-07-01,205764.28809791
EUR,N,W,2014-10-01,230073.44890763
EUR,N,W,2015-01-01,220587.7767133058
EUR,N,W,2015-04-01,219136.58888132198
EUR,N,W,2015-07-01,227798.27204006023
EUR,N,W,2015-10-01,236254.80785351672
EUR,N,W,2016-01-01,242787.0372607581
EUR,N,W,2016-04-01,249734.99466150228
EUR,N,W,2016-07-01,262325.8966736731
EUR,N,W,2016-10-01,271525.5888067381
EUR,N,W,2017-01-01,275799.5274966917
EUR,N,W,2017-04-01,284929.1230179559
EUR,N,W,2017-07-01,292976.03807259246
EUR,N,W,2017-10-01,300198.4545262189
EUR,N,W,2018-01-01,288598.2420279077
EUR,N,W,2018-04-01,287622.33270289167
EUR,N,W,2018-07-01,287347.39821275766
EUR,N,W,2018-10-01,285935.62979778455
EUR,N,W,2019-01-01,290373.2457191914
EUR,N,W,2019-04-01,297429.6820461196
EUR,N,W,2019-07-01,300151.3271716643
EUR,N,W,2019-10-01,298395.5314066519
EUR,N,W,2020-01-01,305758.063914031
EUR,N,W,2020-04-01,339902.79492616665
EUR,N,W,2020-07-01,342172.3538433986
EUR,N,W,2020-10-01,353222.47219355
EUR,N,W,2021-01-01,339404.8167034066
EUR,N,W,2021-04-01,344469.51377914473
EUR,N,W,2021-07-01,346461.8237528258
EUR,N,W,2021-10-01,355659.84727776586
EUR,N,W,2022-01-01,332908.478798299
EUR,N,W,2022-04-01,313512.2976736032
EUR,N,W,2022-07-01,301432.4741965895
EUR,N,W,2022-10-01,293353.62571446697
EUR,N,W,2023-01-01,266244.8433218486
EUR,N,W,2023-04-01,270847.113770953
EUR,N,W,2023-07-01,249909.57003190793
EUR,N,W,2023-10-01,243304.89737036196
EUR,N,W,2024-01-01,266408.76675103663
EUR,N,W,2024-04-01,263353.74547047284
EUR,N,W,2024-07-01,267200.5624305205
EUR,N,W,2024-10-01,270759.838909956
EUR,N,W,2025-01-01,273856.1648667931
EUR,N,W,2025-04-01,278906.6734985587
EUR,N,W,2025-07-01,282583.06182402803
EUR,N,W,2025-10-01,283908.31549917307
EUR,N,W,2026-01-01,281375.91986077325
EUR,P,D0,1985-01-01,0
EUR,P,D0,1985-04-01,0
EUR,P,D0,1985-07-01,0
EUR,P,D0,1985-10-01,0
EUR,P,D0,1986-01-01,0
EUR,P,D0,1986-04-01,0
EUR,P,D0,1986-07-01,0
EUR,P,D0,1986-10-01,0
EUR,P,D0,1987-01-01,0
EUR,P,D0,1987-04-01,0
EUR,P,D0,1987-07-01,0
EUR,P,D0,1987-10-01,0
EUR,P,D0,1988-01-01,0
EUR,P,D0,1988-04-01,0
EUR,P,D0,1988-07-01,0
EUR,P,D0,1988-10-01,0
EUR,P,D0,1989-01-01,0
EUR,P,D0,1989-04-01,0
EUR,P,D0,1989-07-01,0
EUR,P,D0,1989-10-01,0
EUR,P,D0,1990-01-01,0
EUR,P,D0,1990-04-01,0
EUR,P,D0,1990-07-01,0
EUR,P,D0,1990-10-01,0
EUR,P,D0,1991-01-01,0
EUR,P,D0,1991-04-01,0
EUR,P,D0,1991-07-01,0
EUR,P,D0,1991-10-01,0
EUR,P,D0,1992-01-01,0
EUR,P,D0,1992-04-01,0
EUR,P,D0,1992-07-01,0
EUR,P,D0,1992-10-01,0
EUR,P,D0,1993-01-01,0
EUR,P,D0,1993-04-01,0
EUR,P,D0,1993-07-01,0
EUR,P,D0,1993-10-01,0
EUR,P,D0,1994-01-01,0
EUR,P,D0,1994-04-01,0
EUR,P,D0,1994-07-01,0
EUR,P,D0,1994-10-01,0
EUR,P,D0,1995-01-01,0
EUR,P,D0,1995-04-01,0
EUR,P,D0,1995-07-01,0
EUR,P,D0,1995-10-01,0
EUR,P,D0,1996-01-01,0
EUR,P,D0,1996-04-01,0
EUR,P,D0,1996-07-01,0
EUR,P,D0,1996-10-01,0
EUR,P,D0,1997-01-01,0
EUR,P,D0,1997-04-01,0
EUR,P,D0,1997-07-01,0
EUR,P,D0,1997-10-01,0
EUR,P,D0,1998-01-01,0
EUR,P,D0,1998-04-01,0
EUR,P,D0,1998-07-01,0
EUR,P,D0,1998-10-01,0
EUR,P,D0,1999-01-01,4357.841758280409
EUR,P,D0,1999-04-01,4535.937737862506
EUR,P,D0,1999-07-01,4701.1548939008135
EUR,P,D0,1999-10-01,4857.78617582229
EUR,P,D0,2000-01-01,4640.5385295259
EUR,P,D0,2000-04-01,7343.50902934349
EUR,P,D0,2000-07-01,6346.54972705527
EUR,P,D0,2000-10-01,6754.76090915727
EUR,P,D0,2001-01-01,7306.82908932724
EUR,P,D0,2001-04-01,9703.41964869178
EUR,P,D0,2001-07-01,8615.2445051672
EUR,P,D0,2001-10-01,7887.75366815439
EUR,P,D0,2002-01-01,8459.99895212654
EUR,P,D0,2002-04-01,10338.8052113006
EUR,P,D0,2002-07-01,11284.30718770516
EUR,P,D0,2002-10-01,13459.05844622369
EUR,P,D0,2003-01-01,15194.68834450589
EUR,P,D0,2003-04-01,17787.1038116004
EUR,P,D0,2003-07-01,15571.92172326201
EUR,P,D0,2003-10-01,16745.57486547387
EUR,P,D0,2004-01-01,17917.63408867989
EUR,P,D0,2004-04-01,14307.30686085499
EUR,P,D0,2004-07-01,5577.376325348564
EUR,P,D0,2004-10-01,8571.91956329384
EUR,P,D0,2005-01-01,8726.58415731068
EUR,P,D0,2005-04-01,9317.03274431626
EUR,P,D0,2005-07-01,7172.42372965853
EUR,P,D0,2005-10-01,12337.24764819299
EUR,P,D0,2006-01-01,12826.1006792366
EUR,P,D0,2006-04-01,12060.83265242944
EUR,P,D0,2006-07-01,11365.50415913954
EUR,P,D0,2006-10-01,21825.43139167507
EUR,P,D0,2007-01-01,45264.543444937
EUR,P,D0,2007-04-01,48870.8356154785
EUR,P,D0,2007-07-01,54866.7057314764
EUR,P,D0,2007-10-01,50510.3895391896
EUR,P,D0,2008-01-01,54523.23396779
EUR,P,D0,2008-04-01,59991.472095424
EUR,P,D0,2008-07-01,65678.8281659488
EUR,P,D0,2008-10-01,62359.612006636
EUR,P,D0,2009-01-01,58184.9473345926
EUR,P,D0,2009-04-01,45031.8444472601
EUR,P,D0,2009-07-01,50413.6761770753
EUR,P,D0,2009-10-01,58845.4655782688
EUR,P,D0,2010-01-01,47999.25644747645
EUR,P,D0,2010-04-01,45970.53698245644
EUR,P,D0,2010-07-01,48797.255557607205
EUR,P,D0,2010-10-01,41772.4442512
EUR,P,D0,2011-01-01,51401.79550330213
EUR,P,D0,2011-04-01,53742.6652981527
EUR,P,D0,2011-07-01,60523.322821730384
EUR,P,D0,2011-10-01,62767.47865292135
EUR,P,D0,2012-01-01,52382.83675627753
EUR,P,D0,2012-04-01,53001.35837803825
EUR,P,D0,2012-07-01,54567.882870507136
EUR,P,D0,2012-10-01,59305.512596512584
EUR,P,D0,2013-01-01,57682.001501285995
EUR,P,D0,2013-04-01,61135.54143862349
EUR,P,D0,2013-07-01,57929.284138020535
EUR,P,D0,2013-10-01,64115.23000443001
EUR,P,D0,2014-01-01,61625.686924186055
EUR,P,D0,2014-04-01,60115.75839167708
EUR,P,D0,2014-07-01,61192.36925824565
EUR,P,D0,2014-10-01,83560.28810714521
EUR,P,D0,2015-01-01,84555.24713045434
EUR,P,D0,2015-04-01,82932.01460681441
EUR,P,D0,2015-07-01,86798.17846728793
EUR,P,D0,2015-10-01,84191.48541295828
EUR,P,D0,2016-01-01,90961.17715409724
EUR,P,D0,2016-04-01,90833.31075022399
EUR,P,D0,2016-07-01,102401.60806856143
EUR,P,D0,2016-10-01,99220.87538329561
EUR,P,D0,2017-01-01,102391.76646931449
EUR,P,D0,2017-04-01,108964.9879988902
EUR,P,D0,2017-07-01,114634.81624423053
EUR,P,D0,2017-10-01,124169.54443927806
EUR,P,D0,2018-01-01,129586.6754595261
EUR,P,D0,2018-04-01,128329.55976110524
EUR,P,D0,2018-07-01,124289.97838397694
EUR,P,D0,2018-10-01,111032.61516587427
EUR,P,D0,2019-01-01,112279.1476475964
EUR,P,D0,2019-04-01,116532.61936895843
EUR,P,D0,2019-07-01,119122.62119615357
EUR,P,D0,2019-10-01,135750.957421784
EUR,P,D0,2020-01-01,123009.99124343492
EUR,P,D0,2020-04-01,129983.5684900397
EUR,P,D0,2020-07-01,127718.7789747469
EUR,P,D0,2020-10-01,131189.51374881773
EUR,P,D0,2021-01-01,140337.74811413928
EUR,P,D0,2021-04-01,150319.81171341965
EUR,P,D0,2021-07-01,152844.3549470852
EUR,P,D0,2021-10-01,141891.87857107757
EUR,P,D0,2022-01-01,155634.3106608553
EUR,P,D0,2022-04-01,160584.3155703374
EUR,P,D0,2022-07-01,150949.18142141125
EUR,P,D0,2022-10-01,149371.4888891857
EUR,P,D0,2023-01-01,165330.9241969869
EUR,P,D0,2023-04-01,168319.2757365921
EUR,P,D0,2023-07-01,159273.05351359618
EUR,P,D0,2023-10-01,156396.1226281355
EUR,P,D0,2024-01-01,162640.65486928067
EUR,P,D0,2024-04-01,163870.4248149321
EUR,P,D0,2024-07-01,158519.12387358365
EUR,P,D0,2024-10-01,161070.2541986348
EUR,P,D0,2025-01-01,176469.4547628998
EUR,P,D0,2025-04-01,182344.62104913552
EUR,P,D0,2025-07-01,169682.13372137057
EUR,P,D0,2025-10-01,170595.384523648
EUR,P,D0,2026-01-01,164245.0754712455
EUR,P,D1,2004-04-01,513
EUR,P,D1,2004-07-01,669
EUR,P,D1,2004-10-01,1052
EUR,P,D1,2005-01-01,4992.8
EUR,P,D1,2005-04-01,7402.1
EUR,P,D1,2005-07-01,5991.2
EUR,P,D1,2005-10-01,4357.3
EUR,P,D1,2006-01-01,1400.2
EUR,P,D1,2006-04-01,1787.9
EUR,P,D1,2006-07-01,1515.2
EUR,P,D1,2006-10-01,1444.8
EUR,P,D1,2007-01-01,1486.2
EUR,P,D1,2007-04-01,1832.1
EUR,P,D1,2007-07-01,2250.2
EUR,P,D1,2007-10-01,2479
EUR,P,D1,2008-01-01,11685
EUR,P,D1,2008-04-01,8962.799999999996
EUR,P,D1,2008-07-01,11342.399999999998
EUR,P,D1,2008-10-01,15761.80354847
EUR,P,D1,2009-01-01,30644.46006572
EUR,P,D1,2009-04-01,17940.7713403
EUR,P,D1,2009-07-01,33511.084377189996
EUR,P,D1,2009-10-01,28832.100000000002
EUR,P,D1,2010-01-01,28573.600000000002
EUR,P,D1,2010-04-01,24917.699999999997
EUR,P,D1,2010-07-01,25961.77256282
EUR,P,D1,2010-10-01,25634.800000000003
EUR,P,D1,2011-01-01,27703.9
EUR,P,D1,2011-04-01,24379.060000000005
EUR,P,D1,2011-07-01,27249.899999999998
EUR,P,D1,2011-10-01,26867.6
EUR,P,D1,2012-01-01,25683.7
EUR,P,D1,2012-04-01,26136.799999999996
EUR,P,D1,2012-07-01,24422.8
EUR,P,D1,2012-10-01,24165.499999999996
EUR,P,D1,2013-01-01,24108.5
EUR,P,D1,2013-04-01,22816.100000000002
EUR,P,D1,2013-07-01,21047.1
EUR,P,D1,2013-10-01,21990.600000000002
EUR,P,D1,2014-01-01,27979.5
EUR,P,D1,2014-04-01,27719.300000000003
EUR,P,D1,2014-07-01,23309.544454874595
EUR,P,D1,2014-10-01,13908.05242547371
EUR,P,D1,2015-01-01,14250.884612659751
EUR,P,D1,2015-04-01,10874.530186543807
EUR,P,D1,2015-07-01,11679.716858642156
EUR,P,D1,2015-10-01,9570.26837623767
EUR,P,D1,2016-01-01,8504.614177834039
EUR,P,D1,2016-04-01,8509.003732445646
EUR,P,D1,2016-07-01,7808.325904664653
EUR,P,D1,2016-10-01,11028.392748863176
EUR,P,D1,2017-01-01,7514.216717862092
EUR,P,D1,2017-04-01,7031.130287788092
EUR,P,D1,2017-07-01,9854.774936537802
EUR,P,D1,2017-10-01,8722.109496992565
EUR,P,D1,2018-01-01,10043.9607425949
EUR,P,D1,2018-04-01,16105.69956388867
EUR,P,D1,2018-07-01,16883.73871495372
EUR,P,D1,2018-10-01,15801.019678649214
EUR,P,D1,2019-01-01,10489.984004041838
EUR,P,D1,2019-04-01,9840.2407791689875
EUR,P,D1,2019-07-01,9815.765319816992
EUR,P,D1,2019-10-01,10260.983118147808
EUR,P,D1,2020-01-01,19011.00309193166
EUR,P,D1,2020-04-01,13051.57892808493
EUR,P,D1,2020-07-01,12861.868373150297
EUR,P,D1,2020-10-01,14410.070200678196
EUR,P,D1,2021-01-01,15489.38475022188
EUR,P,D1,2021-04-01,26552.11636732521
EUR,P,D1,2021-07-01,51028.61277118811
EUR,P,D1,2021-10-01,58042.30359238605
EUR,P,D1,2022-01-01,76479.0892738949
EUR,P,D1,2022-04-01,97402.21883516447
EUR,P,D1,2022-07-01,112726.24388973389
EUR,P,D1,2022-10-01,54507.12136660204
EUR,P,D1,2023-01-01,47605.79402122656
EUR,P,D1,2023-04-01,30726.786063322965
EUR,P,D1,2023-07-01,29696.428383381113
EUR,P,D1,2023-10-01,25995.804997986255
EUR,P,D1,2024-01-01,19688.307695995256
EUR,P,D1,2024-04-01,13489.346208137194
EUR,P,D1,2024-07-01,11121.011677522874
EUR,P,D1,2024-10-01,9567.265951739331
EUR,P,D1,2025-01-01,10290.04441052318
EUR,P,D1,2025-04-01,9807.507223375396
EUR,P,D1,2025-07-01,9742.844842448296
EUR,P,D1,2025-10-01,11953.67754806741
EUR,P,D1,2026-01-01,14050.938555766368
EUR,P,P,1985-01-01,0
EUR,P,P,1985-04-01,0
EUR,P,P,1985-07-01,0
EUR,P,P,1985-10-01,0
EUR,P,P,1986-01-01,0
EUR,P,P,1986-04-01,0
EUR,P,P,1986-07-01,0
EUR,P,P,1986-10-01,0
EUR,P,P,1987-01-01,0
EUR,P,P,1987-04-01,0
EUR,P,P,1987-07-01,0
EUR,P,P,1987-10-01,0
EUR,P,P,1988-01-01,0
EUR,P,P,1988-04-01,0
EUR,P,P,1988-07-01,0
EUR,P,P,1988-10-01,0
EUR,P,P,1989-01-01,0
EUR,P,P,1989-04-01,0
EUR,P,P,1989-07-01,0
EUR,P,P,1989-10-01,0
EUR,P,P,1990-01-01,0
EUR,P,P,1990-04-01,0
EUR,P,P,1990-07-01,0
EUR,P,P,1990-10-01,0
EUR,P,P,1991-01-01,0
EUR,P,P,1991-04-01,0
EUR,P,P,1991-07-01,0
EUR,P,P,1991-10-01,0
EUR,P,P,1992-01-01,0
EUR,P,P,1992-04-01,0
EUR,P,P,1992-07-01,0
EUR,P,P,1992-10-01,0
EUR,P,P,1993-01-01,0
EUR,P,P,1993-04-01,0
EUR,P,P,1993-07-01,0
EUR,P,P,1993-10-01,0
EUR,P,P,1994-01-01,0
EUR,P,P,1994-04-01,0
EUR,P,P,1994-07-01,0
EUR,P,P,1994-10-01,0
EUR,P,P,1995-01-01,0
EUR,P,P,1995-04-01,0
EUR,P,P,1995-07-01,0
EUR,P,P,1995-10-01,0
EUR,P,P,1996-01-01,0
EUR,P,P,1996-04-01,0
EUR,P,P,1996-07-01,0
EUR,P,P,1996-10-01,0
EUR,P,P,1997-01-01,0
EUR,P,P,1997-04-01,0
EUR,P,P,1997-07-01,0
EUR,P,P,1997-10-01,0
EUR,P,P,1998-01-01,0
EUR,P,P,1998-04-01,0
EUR,P,P,1998-07-01,0
EUR,P,P,1998-10-01,0
EUR,P,P,1999-01-01,34163.813600818554
EUR,P,P,1999-04-01,34753.88808475075
EUR,P,P,1999-07-01,35116.4929501159
EUR,P,P,1999-10-01,35722.818
EUR,P,P,2000-01-01,37800.274
EUR,P,P,2000-04-01,38327.466
EUR,P,P,2000-07-01,38297.286
EUR,P,P,2000-10-01,37104.904
EUR,P,P,2001-01-01,35400.799
EUR,P,P,2001-04-01,36199.717
EUR,P,P,2001-07-01,32768.168
EUR,P,P,2001-10-01,35665.876
EUR,P,P,2002-01-01,36957.829
EUR,P,P,2002-04-01,33626.229
EUR,P,P,2002-07-01,33570.652
EUR,P,P,2002-10-01,33741.068
EUR,P,P,2003-01-01,34753.548
EUR,P,P,2003-04-01,38973.614
EUR,P,P,2003-07-01,39396.815
EUR,P,P,2003-10-01,36101.703
EUR,P,P,2004-01-01,38452.496
EUR,P,P,2004-04-01,38303.179
EUR,P,P,2004-07-01,40049.972
EUR,P,P,2004-10-01,39310.998
EUR,P,P,2005-01-01,41958.305
EUR,P,P,2005-04-01,47939.724
EUR,P,P,2005-07-01,49933.165
EUR,P,P,2005-10-01,48992.201
EUR,P,P,2006-01-01,47596.837
EUR,P,P,2006-04-01,45623.676
EUR,P,P,2006-07-01,46131.258
EUR,P,P,2006-10-01,46147.326
EUR,P,P,2007-01-01,47178.371
EUR,P,P,2007-04-01,50984.882
EUR,P,P,2007-07-01,50460.005
EUR,P,P,2007-10-01,50421.955
EUR,P,P,2008-01-01,54264.277
EUR,P,P,2008-04-01,56128.375
EUR,P,P,2008-07-01,50781.049
EUR,P,P,2008-10-01,45118.301
EUR,P,P,2009-01-01,43192.812
EUR,P,P,2009-04-01,42634.758
EUR,P,P,2009-07-01,44871.91
EUR,P,P,2009-10-01,42524.4
EUR,P,P,2010-01-01,41533.708
EUR,P,P,2010-04-01,36772.407
EUR,P,P,2010-07-01,38111.472
EUR,P,P,2010-10-01,35104.804
EUR,P,P,2011-01-01,36702.636
EUR,P,P,2011-04-01,33393.333
EUR,P,P,2011-07-01,31865.174
EUR,P,P,2011-10-01,32772.292
EUR,P,P,2012-01-01,33517.591
EUR,P,P,2012-04-01,32892.302
EUR,P,P,2012-07-01,34671.283
EUR,P,P,2012-10-01,35091.453
EUR,P,P,2013-01-01,34142.152
EUR,P,P,2013-04-01,32197.116
EUR,P,P,2013-07-01,32166.35
EUR,P,P,2013-10-01,32205.318
EUR,P,P,2014-01-01,33414.298
EUR,P,P,2014-04-01,34233.864
EUR,P,P,2014-07-01,35500.9090813
EUR,P,P,2014-10-01,32008.88046395
EUR,P,P,2015-01-01,31036.485242791245
EUR,P,P,2015-04-01,31065.775962628464
EUR,P,P,2015-07-01,32057.8646327709
EUR,P,P,2015-10-01,31580.979616118326
EUR,P,P,2016-01-01,31029.020260132904
EUR,P,P,2016-04-01,31413.59098264327
EUR,P,P,2016-07-01,31076.64734715378
EUR,P,P,2016-10-01,30270.22929449861
EUR,P,P,2017-01-01,36059.81444369593
EUR,P,P,2017-04-01,37631.41724138055
EUR,P,P,2017-07-01,39712.98166307453
EUR,P,P,2017-10-01,41127.83337103021
EUR,P,P,2018-01-01,43004.09594457734
EUR,P,P,2018-04-01,45001.091725363134
EUR,P,P,2018-07-01,43473.01367816276
EUR,P,P,2018-10-01,40058.34889767693
EUR,P,P,2019-01-01,41101.685945199286
EUR,P,P,2019-04-01,42466.60920780762
EUR,P,P,2019-07-01,44945.76980870289
EUR,P,P,2019-10-01,44449.67076536
EUR,P,P,2020-01-01,46493.81792966135
EUR,P,P,2020-04-01,48626.642038910744
EUR,P,P,2020-07-01,52448.432358241625
EUR,P,P,2020-10-01,58572.31572733056
EUR,P,P,2021-01-01,64543.105391247445
EUR,P,P,2021-04-01,64274.50286538671
EUR,P,P,2021-07-01,71768.2591505337
EUR,P,P,2021-10-01,71320.87905244678
EUR,P,P,2022-01-01,68136.95368826421
EUR,P,P,2022-04-01,67544.74580962745
EUR,P,P,2022-07-01,53853.71894992798
EUR,P,P,2022-10-01,58308.79410787599
EUR,P,P,2023-01-01,63100.89962891439
EUR,P,P,2023-04-01,84496.95999004504
EUR,P,P,2023-07-01,79979.87624126756
EUR,P,P,2023-10-01,77497.27769103789
EUR,P,P,2024-01-01,87328.00279665907
EUR,P,P,2024-04-01,87886.25073928299
EUR,P,P,2024-07-01,89663.68411539668
EUR,P,P,2024-10-01,86742.99152032369
EUR,P,P,2025-01-01,87823.15264923275
EUR,P,P,2025-04-01,87604.9946280935
EUR,P,P,2025-07-01,88852.31317193697
EUR,P,P,2025-10-01,82742.26905435073
EUR,P,P,2026-01-01,86150.15523066995
EUR,P,T,1985-01-01,0
EUR,P,T,1985-04-01,0
EUR,P,T,1985-07-01,0
EUR,P,T,1985-10-01,0
EUR,P,T,1986-01-01,0
EUR,P,T,1986-04-01,0
EUR,P,T,1986-07-01,0
EUR,P,T,1986-10-01,0
EUR,P,T,1987-01-01,0
EUR,P,T,1987-04-01,0
EUR,P,T,1987-07-01,0
EUR,P,T,1987-10-01,0
EUR,P,T,1988-01-01,0
EUR,P,T,1988-04-01,0
EUR,P,T,1988-07-01,0
EUR,P,T,1988-10-01,0
EUR,P,T,1989-01-01,0
EUR,P,T,1989-04-01,0
EUR,P,T,1989-07-01,0
EUR,P,T,1989-10-01,0
EUR,P,T,1990-01-01,0
EUR,P,T,1990-04-01,0
EUR,P,T,1990-07-01,0
EUR,P,T,1990-10-01,0
EUR,P,T,1991-01-01,0
EUR,P,T,1991-04-01,0
EUR,P,T,1991-07-01,0
EUR,P,T,1991-10-01,0
EUR,P,T,1992-01-01,0
EUR,P,T,1992-04-01,0
EUR,P,T,1992-07-01,0
EUR,P,T,1992-10-01,0
EUR,P,T,1993-01-01,0
EUR,P,T,1993-04-01,0
EUR,P,T,1993-07-01,0
EUR,P,T,1993-10-01,0
EUR,P,T,1994-01-01,0
EUR,P,T,1994-04-01,0
EUR,P,T,1994-07-01,0
EUR,P,T,1994-10-01,0
EUR,P,T,1995-01-01,0
EUR,P,T,1995-04-01,0
EUR,P,T,1995-07-01,0
EUR,P,T,1995-10-01,0
EUR,P,T,1996-01-01,0
EUR,P,T,1996-04-01,0
EUR,P,T,1996-07-01,0
EUR,P,T,1996-10-01,0
EUR,P,T,1997-01-01,0
EUR,P,T,1997-04-01,0
EUR,P,T,1997-07-01,0
EUR,P,T,1997-10-01,0
EUR,P,T,1998-01-01,0
EUR,P,T,1998-04-01,0
EUR,P,T,1998-07-01,0
EUR,P,T,1998-10-01,0
EUR,P,T,1999-01-01,125444.47899003632
EUR,P,T,1999-04-01,128644.64656252672
EUR,P,T,1999-07-01,133002.512012756
EUR,P,T,1999-10-01,147748.73467582228
EUR,P,T,2000-01-01,160758.2655295259
EUR,P,T,2000-04-01,154794.0736663435
EUR,P,T,2000-07-01,150128.80753605528
EUR,P,T,2000-10-01,162539.05480715726
EUR,P,T,2001-01-01,178227.20404032723
EUR,P,T,2001-04-01,177994.65364869178
EUR,P,T,2001-07-01,179001.4711731672
EUR,P,T,2001-10-01,189960.1445951544
EUR,P,T,2002-01-01,191305.08795212655
EUR,P,T,2002-04-01,195365.1842113006
EUR,P,T,2002-07-01,197921.47368770515
EUR,P,T,2002-10-01,212685.28894622368
EUR,P,T,2003-01-01,241526.4938445059
EUR,P,T,2003-04-01,257378.6468116004
EUR,P,T,2003-07-01,260803.951723262
EUR,P,T,2003-10-01,267132.37786547386
EUR,P,T,2004-01-01,264370.6300886799
EUR,P,T,2004-04-01,273127.685860855
EUR,P,T,2004-07-01,253312.74832534857
EUR,P,T,2004-10-01,266711.4175632938
EUR,P,T,2005-01-01,288472.6891573107
EUR,P,T,2005-04-01,315450.25674431626
EUR,P,T,2005-07-01,302280.1761696983
EUR,P,T,2005-10-01,295641.48482894583
EUR,P,T,2006-01-01,321602.5415867877
EUR,P,T,2006-04-01,348742.31620226364
EUR,P,T,2006-07-01,324875.95561900473
EUR,P,T,2006-10-01,362132.93916251237
EUR,P,T,2007-01-01,424287.5788994606
EUR,P,T,2007-04-01,431347.80003859714
EUR,P,T,2007-07-01,413708.4966449596
EUR,P,T,2007-10-01,386782.8134488302
EUR,P,T,2008-01-01,367916.07403383864
EUR,P,T,2008-04-01,385777.1864728854
EUR,P,T,2008-07-01,409454.285317549
EUR,P,T,2008-10-01,372774.9424807282
EUR,P,T,2009-01-01,387021.1780974962
EUR,P,T,2009-04-01,361255.9113354329
EUR,P,T,2009-07-01,367101.5963368298
EUR,P,T,2009-10-01,393043.80237461755
EUR,P,T,2010-01-01,378274.9610867748
EUR,P,T,2010-04-01,352497.15981294797
EUR,P,T,2010-07-01,351748.06915819197
EUR,P,T,2010-10-01,336986.1966779606
EUR,P,T,2011-01-01,344318.8414996177
EUR,P,T,2011-04-01,323674.5934624383
EUR,P,T,2011-07-01,333050.6048529544
EUR,P,T,2011-10-01,341525.5158923642
EUR,P,T,2012-01-01,332377.18140517804
EUR,P,T,2012-04-01,334919.886593285
EUR,P,T,2012-07-01,343091.46185108245
EUR,P,T,2012-10-01,351850.96217112476
EUR,P,T,2013-01-01,343630.31270828965
EUR,P,T,2013-04-01,351148.434900586
EUR,P,T,2013-07-01,345310.73418995837
EUR,P,T,2013-10-01,360337.8823511409
EUR,P,T,2014-01-01,353907.0592141913
EUR,P,T,2014-04-01,350266.417525067
EUR,P,T,2014-07-01,348076.6885893479
EUR,P,T,2014-10-01,352474.7618825668
EUR,P,T,2015-01-01,353297.7089607118
EUR,P,T,2015-04-01,343228.0946581006
EUR,P,T,2015-07-01,349839.2668415138
EUR,P,T,2015-10-01,358065.60420006677
EUR,P,T,2016-01-01,360422.0261837747
EUR,P,T,2016-04-01,362081.3916297617
EUR,P,T,2016-07-01,379953.73737344734
EUR,P,T,2016-10-01,398948.7859535378
EUR,P,T,2017-01-01,391483.2191143465
EUR,P,T,2017-04-01,398270.60572587396
EUR,P,T,2017-07-01,421748.1372854903
EUR,P,T,2017-10-01,455195.0552378985
EUR,P,T,2018-01-01,472695.112374336
EUR,P,T,2018-04-01,481534.03687764215
EUR,P,T,2018-07-01,466384.101532171
EUR,P,T,2018-10-01,458038.3398878929
EUR,P,T,2019-01-01,444624.887023042
EUR,P,T,2019-04-01,450103.60707116005
EUR,P,T,2019-07-01,441680.29663040215
EUR,P,T,2019-10-01,458855.0213636879
EUR,P,T,2020-01-01,461461.88122415345
EUR,P,T,2020-04-01,456037.58693028474
EUR,P,T,2020-07-01,456591.0806763687
EUR,P,T,2020-10-01,482012.77423778275
EUR,P,T,2021-01-01,503999.2787475357
EUR,P,T,2021-04-01,533835.7616474458
EUR,P,T,2021-07-01,575225.9170761567
EUR,P,T,2021-10-01,584057.9617104705
EUR,P,T,2022-01-01,618092.073526937
EUR,P,T,2022-04-01,665877.0264115004
EUR,P,T,2022-07-01,616957.9696047074
EUR,P,T,2022-10-01,579757.5186944957
EUR,P,T,2023-01-01,560346.6061398715
EUR,P,T,2023-04-01,573456.7971720087
EUR,P,T,2023-07-01,548143.3621726197
EUR,P,T,2023-10-01,529886.1351350999
EUR,P,T,2024-01-01,554774.5612762024
EUR,P,T,2024-04-01,544810.5750542539
EUR,P,T,2024-07-01,516562.2133091205
EUR,P,T,2024-10-01,529921.8983830491
EUR,P,T,2025-01-01,551304.5351538977
EUR,P,T,2025-04-01,546249.8379623106
EUR,P,T,2025-07-01,531621.5221900645
EUR,P,T,2025-10-01,529253.3905523053
EUR,P,T,2026-01-01,527950.5965914404
EUR,P,UI,1985-01-01,0
EUR,P,UI,1985-04-01,0
EUR,P,UI,1985-07-01,0
EUR,P,UI,1985-10-01,0
EUR,P,UI,1986-01-01,0
EUR,P,UI,1986-04-01,0
EUR,P,UI,1986-07-01,0
EUR,P,UI,1986-10-01,0
EUR,P,UI,1987-01-01,0
EUR,P,UI,1987-04-01,0
EUR,P,UI,1987-07-01,0
EUR,P,UI,1987-10-01,0
EUR,P,UI,1988-01-01,0
EUR,P,UI,1988-04-01,0
EUR,P,UI,1988-07-01,0
EUR,P,UI,1988-10-01,0
EUR,P,UI,1989-01-01,0
EUR,P,UI,1989-04-01,0
EUR,P,UI,1989-07-01,0
EUR,P,UI,1989-10-01,0
EUR,P,UI,1990-01-01,0
EUR,P,UI,1990-04-01,0
EUR,P,UI,1990-07-01,0
EUR,P,UI,1990-10-01,0
EUR,P,UI,1991-01-01,0
EUR,P,UI,1991-04-01,0
EUR,P,UI,1991-07-01,0
EUR,P,UI,1991-10-01,0
EUR,P,UI,1992-01-01,0
EUR,P,UI,1992-04-01,0
EUR,P,UI,1992-07-01,0
EUR,P,UI,1992-10-01,0
EUR,P,UI,1993-01-01,0
EUR,P,UI,1993-04-01,0
EUR,P,UI,1993-07-01,0
EUR,P,UI,1993-10-01,0
EUR,P,UI,1994-01-01,0
EUR,P,UI,1994-04-01,0
EUR,P,UI,1994-07-01,0
EUR,P,UI,1994-10-01,0
EUR,P,UI,1995-01-01,0
EUR,P,UI,1995-04-01,0
EUR,P,UI,1995-07-01,0
EUR,P,UI,1995-10-01,0
EUR,P,UI,1996-01-01,0
EUR,P,UI,1996-04-01,0
EUR,P,UI,1996-07-01,0
EUR,P,UI,1996-10-01,0
EUR,P,UI,1997-01-01,0
EUR,P,UI,1997-04-01,0
EUR,P,UI,1997-07-01,0
EUR,P,UI,1997-10-01,0
EUR,P,UI,1998-01-01,0
EUR,P,UI,1998-04-01,0
EUR,P,UI,1998-07-01,0
EUR,P,UI,1998-10-01,0
EUR,P,UI,1999-01-01,86922.82363093736
EUR,P,UI,1999-04-01,89354.82073991347
EUR,P,UI,1999-07-01,93184.86416873928
EUR,P,UI,1999-10-01,107168.1305
EUR,P,UI,2000-01-01,118317.453
EUR,P,UI,2000-04-01,109123.098637
EUR,P,UI,2000-07-01,105484.971809
EUR,P,UI,2000-10-01,118679.389898
EUR,P,UI,2001-01-01,135519.575951
EUR,P,UI,2001-04-01,132091.517
EUR,P,UI,2001-07-01,137618.058668
EUR,P,UI,2001-10-01,146406.514927
EUR,P,UI,2002-01-01,145887.26
EUR,P,UI,2002-04-01,151400.15
EUR,P,UI,2002-07-01,153066.5145
EUR,P,UI,2002-10-01,165485.1625
EUR,P,UI,2003-01-01,191578.2575
EUR,P,UI,2003-04-01,200617.929
EUR,P,UI,2003-07-01,205835.215
EUR,P,UI,2003-10-01,214285.1
EUR,P,UI,2004-01-01,208000.5
EUR,P,UI,2004-04-01,220004.2
EUR,P,UI,2004-07-01,207016.4
EUR,P,UI,2004-10-01,217776.5
EUR,P,UI,2005-01-01,232795
EUR,P,UI,2005-04-01,250791.4
EUR,P,UI,2005-07-01,239183.3874400398
EUR,P,UI,2005-10-01,229954.73618075284
EUR,P,UI,2006-01-01,259779.4039075511
EUR,P,UI,2006-04-01,289269.90754983417
EUR,P,UI,2006-07-01,265863.9934598652
EUR,P,UI,2006-10-01,292715.3817708373
EUR,P,UI,2007-01-01,330358.46445452364
EUR,P,UI,2007-04-01,329659.98242311866
EUR,P,UI,2007-07-01,306131.5859134832
EUR,P,UI,2007-10-01,283371.4689096406
EUR,P,UI,2008-01-01,247443.56306604863
EUR,P,UI,2008-04-01,260694.53937746145
EUR,P,UI,2008-07-01,281652.0081516002
EUR,P,UI,2008-10-01,249535.22592562222
EUR,P,UI,2009-01-01,254998.95869718364
EUR,P,UI,2009-04-01,255648.5375478728
EUR,P,UI,2009-07-01,238304.92578256453
EUR,P,UI,2009-10-01,262841.83679634874
EUR,P,UI,2010-01-01,260168.39663929836
EUR,P,UI,2010-04-01,244836.51583049155
EUR,P,UI,2010-07-01,238877.56903776477
EUR,P,UI,2010-10-01,234474.14842676057
EUR,P,UI,2011-01-01,228510.50999631555
EUR,P,UI,2011-04-01,212159.5351642856
EUR,P,UI,2011-07-01,213412.20803122403
EUR,P,UI,2011-10-01,219118.14523944288
EUR,P,UI,2012-01-01,220793.0536489005
EUR,P,UI,2012-04-01,222889.42621524679
EUR,P,UI,2012-07-01,229429.49598057533
EUR,P,UI,2012-10-01,233288.49657461216
EUR,P,UI,2013-01-01,227697.65920700363
EUR,P,UI,2013-04-01,234999.67746196256
EUR,P,UI,2013-07-01,234168.0000519378
EUR,P,UI,2013-10-01,242026.7343467109
EUR,P,UI,2014-01-01,230887.5742900052
EUR,P,UI,2014-04-01,228197.49513338992
EUR,P,UI,2014-07-01,228073.86579492764
EUR,P,UI,2014-10-01,222997.54088599788
EUR,P,UI,2015-01-01,223455.09197480648
EUR,P,UI,2015-04-01,218355.77390211393
EUR,P,UI,2015-07-01,219303.50688281283
EUR,P,UI,2015-10-01,232722.87079475247
EUR,P,UI,2016-01-01,229927.2145917105
EUR,P,UI,2016-04-01,231325.4861644488
EUR,P,UI,2016-07-01,238667.15605306748
EUR,P,UI,2016-10-01,258429.2885268804
EUR,P,UI,2017-01-01,245517.42148347394
EUR,P,UI,2017-04-01,244643.07019781508
EUR,P,UI,2017-07-01,257545.56444164738
EUR,P,UI,2017-10-01,281175.56793059764
EUR,P,UI,2018-01-01,290060.38022763765
EUR,P,UI,2018-04-01,292097.6858272851
EUR,P,UI,2018-07-01,281737.37075507763
EUR,P,UI,2018-10-01,291146.35614569247
EUR,P,UI,2019-01-01,280754.0694262045
EUR,P,UI,2019-04-01,281264.137715225
EUR,P,UI,2019-07-01,267796.1403057287
EUR,P,UI,2019-10-01,268393.4100583961
EUR,P,UI,2020-01-01,272947.0689591255
EUR,P,UI,2020-04-01,264375.7974732494
EUR,P,UI,2020-07-01,263562.0009702299
EUR,P,UI,2020-10-01,277840.87456095626
EUR,P,UI,2021-01-01,283629.0404919271
EUR,P,UI,2021-04-01,292689.33070131426
EUR,P,UI,2021-07-01,299584.69020734966
EUR,P,UI,2021-10-01,312802.90049456013
EUR,P,UI,2022-01-01,317841.71990392264
EUR,P,UI,2022-04-01,340345.7461963711
EUR,P,UI,2022-07-01,299428.8253436343
EUR,P,UI,2022-10-01,317570.11433083186
EUR,P,UI,2023-01-01,284308.9882927437
EUR,P,UI,2023-04-01,289913.77538204857
EUR,P,UI,2023-07-01,279194.0040343748
EUR,P,UI,2023-10-01,269996.9298179402
EUR,P,UI,2024-01-01,285117.5959142675
EUR,P,UI,2024-04-01,279564.5532919016
EUR,P,UI,2024-07-01,257258.3936426173
EUR,P,UI,2024-10-01,272541.38671235123
EUR,P,UI,2025-01-01,276721.88333124196
EUR,P,UI,2025-04-01,266492.7150617063
EUR,P,UI,2025-07-01,263344.23045430874
EUR,P,UI,2025-10-01,263962.05942623905
EUR,P,UI,2026-01-01,263504.42733375856
T,A,D0,1985-01-01,52539.28291395708
T,A,D0,1985-04-01,55010.71894011334
T,A,D0,1985-07-01,56546.43194987522
T,A,D0,1985-10-01,57873.2
T,A,D0,1986-01-01,61855.544622274916
T,A,D0,1986-04-01,62664.446203722655
T,A,D0,1986-07-01,61961.576260986905
T,A,D0,1986-10-01,63726.7
T,A,D0,1987-01-01,63961.65159889678
T,A,D0,1987-04-01,64061.652994314834
T,A,D0,1987-07-01,65903.14248811253
T,A,D0,1987-10-01,66724.3
T,A,D0,1988-01-01,69062.75410503178
T,A,D0,1988-04-01,73673.39680443399
T,A,D0,1988-07-01,79221.97037032462
T,A,D0,1988-10-01,82923.4
T,A,D0,1989-01-01,88401.40021474689
T,A,D0,1989-04-01,93860.38524240759
T,A,D0,1989-07-01,95473.62830180553
T,A,D0,1989-10-01,98349.1
T,A,D0,1990-01-01,99763.95229407524
T,A,D0,1990-04-01,98773.34145882059
T,A,D0,1990-07-01,97599.30712809107
T,A,D0,1990-10-01,97471.4
T,A,D0,1991-01-01,101403.95115890774
T,A,D0,1991-04-01,105961.23522825974
T,A,D0,1991-07-01,110584.18259189665
T,A,D0,1991-10-01,112738.5
T,A,D0,1992-01-01,118226.16079787008
T,A,D0,1992-04-01,120539.82580894818
T,A,D0,1992-07-01,115814.47334946803
T,A,D0,1992-10-01,115626.1
T,A,D0,1993-01-01,125674.12868234194
T,A,D0,1993-04-01,131463.5492528583
T,A,D0,1993-07-01,136804.95005335344
T,A,D0,1993-10-01,143985.69999999998
T,A,D0,1994-01-01,147018.51148393343
T,A,D0,1994-04-01,151728.41643979208
T,A,D0,1994-07-01,153552.91130940092
T,A,D0,1994-10-01,158310
T,A,D0,1995-01-01,163802.48761700402
T,A,D0,1995-04-01,165485.55370285606
T,A,D0,1995-07-01,173713.13859899392
T,A,D0,1995-10-01,177632.7
T,A,D0,1996-01-01,183273.45953306893
T,A,D0,1996-04-01,190013.87970550617
T,A,D0,1996-07-01,192712.18380887838
T,A,D0,1996-10-01,203581.6
T,A,D0,1997-01-01,226420.66662580732
T,A,D0,1997-04-01,235562.1083796465
T,A,D0,1997-07-01,246693.89693927125
T,A,D0,1997-10-01,255245.1
T,A,D0,1998-01-01,266310.38112441363
T,A,D0,1998-04-01,274004.82663951034
T,A,D0,1998-07-01,276043.9977385049
T,A,D0,1998-10-01,270615.5
T,A,D0,1999-01-01,289563.0260791391
T,A,D0,1999-04-01,305859.88030651514
T,A,D0,1999-07-01,319139.99380527326
T,A,D0,1999-10-01,334315.0345978393
T,A,D0,2000-01-01,350559.9405468135
T,A,D0,2000-04-01,360434.7118664317
T,A,D0,2000-07-01,374384.1691650181
T,A,D0,2000-10-01,415767.89800000004
T,A,D0,2001-01-01,425765.0270157224
T,A,D0,2001-04-01,439117.7420412939
T,A,D0,2001-07-01,434545.5927309971
T,A,D0,2001-10-01,459938.46759227023
T,A,D0,2002-01-01,458485.84053588193
T,A,D0,2002-04-01,440950.3427563176
T,A,D0,2002-07-01,443365.31093739637
T,A,D0,2002-10-01,446427.924
T,A,D0,2003-01-01,455067.15801562095
T,A,D0,2003-04-01,466042.25416705385
T,A,D0,2003-07-01,468775.41812281974
T,A,D0,2003-10-01,477495.56642889994
T,A,D0,2004-01-01,488842.2367970213
T,A,D0,2004-04-01,496020.4592072819
T,A,D0,2004-07-01,507266.8119804172
T,A,D0,2004-10-01,519370.2679999999
T,A,D0,2005-01-01,552943.165130516
T,A,D0,2005-04-01,582503.3308709149
T,A,D0,2005-07-01,613703.5324420173
T,A,D0,2005-10-01,647804.218
T,A,D0,2006-01-01,720346.1502808523
T,A,D0,2006-04-01,737620.1274121231
T,A,D0,2006-07-01,804510.4599882171
T,A,D0,2006-10-01,804647.367
T,A,D0,2007-01-01,849310.1779233499
T,A,D0,2007-04-01,886689.1526245474
T,A,D0,2007-07-01,901251.1808401921
T,A,D0,2007-10-01,927605.821
T,A,D0,2008-01-01,898113.0791310595
T,A,D0,2008-04-01,929942.6914144438
T,A,D0,2008-07-01,959503.5247369889
T,A,D0,2008-10-01,948851.25
T,A,D0,2009-01-01,1008198.4570775412
T,A,D0,2009-04-01,1054412.1207752144
T,A,D0,2009-07-01,1069427.198941398
T,A,D0,2009-10-01,1100565.341
T,A,D0,2010-01-01,1133024.7930984797
T,A,D0,2010-04-01,1170640.8571176073
T,A,D0,2010-07-01,1192158.6158775873
T,A,D0,2010-10-01,1206170.621
T,A,D0,2011-01-01,1232862.8954595362
T,A,D0,2011-04-01,1185903.2527598417
T,A,D0,2011-07-01,1231604.6654164009
T,A,D0,2011-10-01,1278790.7599314202
T,A,D0,2012-01-01,1287466.4099712267
T,A,D0,2012-04-01,1324937.9407475363
T,A,D0,2012-07-01,1339576.353297098
T,A,D0,2012-10-01,1345455.8389314201
T,A,D0,2013-01-01,1342458.351290757
T,A,D0,2013-04-01,1339526.0419644204
T,A,D0,2013-07-01,1315470.793593476
T,A,D0,2013-10-01,1300379.8679314202
T,A,D0,2014-01-01,1289771.4855703372
T,A,D0,2014-04-01,1294805.7230010699
T,A,D0,2014-07-01,1297161.062963924
T,A,D0,2014-10-01,1418290.0764877044
T,A,D0,2015-01-01,1374017.9918176066
T,A,D0,2015-04-01,1392063.7755870444
T,A,D0,2015-07-01,1490601.7356618515
T,A,D0,2015-10-01,1551458.281691757
T,A,D0,2016-01-01,1625460.7887977802
T,A,D0,2016-04-01,1672741.6689526665
T,A,D0,2016-07-01,1746129.1969423178
T,A,D0,2016-10-01,1816282.1064761302
T,A,D0,2017-01-01,1826761.0149578967
T,A,D0,2017-04-01,1842249.0630142263
T,A,D0,2017-07-01,1866158.1782627888
T,A,D0,2017-10-01,1906952.2505770654
T,A,D0,2018-01-01,1945719.904772043
T,A,D0,2018-04-01,1957166.9523353744
T,A,D0,2018-07-01,1956615.5655840407
T,A,D0,2018-10-01,1959478.2308526384
T,A,D0,2019-01-01,1969886.5419248445
T,A,D0,2019-04-01,1962803.4704680261
T,A,D0,2019-07-01,1978103.5550850295
T,A,D0,2019-10-01,2065275.648359561
T,A,D0,2020-01-01,2060474.255528046
T,A,D0,2020-04-01,1991012.8137009223
T,A,D0,2020-07-01,2046555.0042407706
T,A,D0,2020-10-01,2013126.6551456098
T,A,D0,2021-01-01,2122993.8178759627
T,A,D0,2021-04-01,2099311.4785390524
T,A,D0,2021-07-01,2071646.0222847422
T,A,D0,2021-10-01,2002234.8582904476
T,A,D0,2022-01-01,2005325.4273356344
T,A,D0,2022-04-01,1992012.0393463145
T,A,D0,2022-07-01,1965636.9070590807
T,A,D0,2022-10-01,1914152.7986797567
T,A,D0,2023-01-01,1938038.975904654
T,A,D0,2023-04-01,1927633.5336880065
T,A,D0,2023-07-01,1944802.765288905
T,A,D0,2023-10-01,1857327.7774414863
T,A,D0,2024-01-01,1961774.5175233656
T,A,D0,2024-04-01,1937730.8227453467
T,A,D0,2024-07-01,1887346.8388516726
T,A,D0,2024-10-01,1894998.1437638951
T,A,D0,2025-01-01,1936179.927726399
T,A,D0,2025-04-01,1845322.5751266852
T,A,D0,2025-07-01,1848046.9917646511
T,A,D0,2025-10-01,1856363.0865628317
T,A,D0,2026-01-01,1893751.8499198726
T,A,D1,2004-04-01,22481
T,A,D1,2004-07-01,21708
T,A,D1,2004-10-01,31498
T,A,D1,2005-01-01,32161.4
T,A,D1,2005-04-01,36875.4
T,A,D1,2005-07-01,34374.1
T,A,D1,2005-10-01,32066.3
T,A,D1,2006-01-01,37787.7
T,A,D1,2006-04-01,42597.5
T,A,D1,2006-07-01,39424.7
T,A,D1,2006-10-01,46244
T,A,D1,2007-01-01,44776.8
T,A,D1,2007-04-01,52566.2
T,A,D1,2007-07-01,70712.5
T,A,D1,2007-10-01,58312.2
T,A,D1,2008-01-01,123359
T,A,D1,2008-04-01,109902.1
T,A,D1,2008-07-01,130286.60000000002
T,A,D1,2008-10-01,160018.576151243
T,A,D1,2009-01-01,140534.38433063
T,A,D1,2009-04-01,99841.72390176
T,A,D1,2009-07-01,119192.83910864999
T,A,D1,2009-10-01,108234.84978511001
T,A,D1,2010-01-01,106246.16060497999
T,A,D1,2010-04-01,128642.30014181
T,A,D1,2010-07-01,125116.83468680999
T,A,D1,2010-10-01,115732.68030134
T,A,D1,2011-01-01,111726.38538523001
T,A,D1,2011-04-01,109363.76276858001
T,A,D1,2011-07-01,143950.83259757
T,A,D1,2011-10-01,125899.73340355999
T,A,D1,2012-01-01,108630.96645899999
T,A,D1,2012-04-01,113094.56792249001
T,A,D1,2012-07-01,109769.0390635
T,A,D1,2012-10-01,112777.5007485
T,A,D1,2013-01-01,106904.03777180001
T,A,D1,2013-04-01,104270.36472635999
T,A,D1,2013-07-01,91163.83677
T,A,D1,2013-10-01,90653.00618165
T,A,D1,2014-01-01,92593.309
T,A,D1,2014-04-01,87331.53675000001
T,A,D1,2014-07-01,110969.85314029295
T,A,D1,2014-10-01,103122.55875471499
T,A,D1,2015-01-01,113185.75912215713
T,A,D1,2015-04-01,86690.51969909642
T,A,D1,2015-07-01,91294.39944524107
T,A,D1,2015-10-01,72344.83841898809
T,A,D1,2016-01-01,78666.23592619863
T,A,D1,2016-04-01,82657.33847988445
T,A,D1,2016-07-01,64513.68141539268
T,A,D1,2016-10-01,69496.62065894659
T,A,D1,2017-01-01,51608.36689102057
T,A,D1,2017-04-01,52824.178685730054
T,A,D1,2017-07-01,55755.43980618912
T,A,D1,2017-10-01,51631.53297752491
T,A,D1,2018-01-01,53742.70180007078
T,A,D1,2018-04-01,65719.21884954163
T,A,D1,2018-07-01,67168.0180871343
T,A,D1,2018-10-01,69543.98593014861
T,A,D1,2019-01-01,55203.169332874866
T,A,D1,2019-04-01,61358.78582730227
T,A,D1,2019-07-01,66969.8482060964
T,A,D1,2019-10-01,59842.60985521311
T,A,D1,2020-01-01,118554.11950543393
T,A,D1,2020-04-01,79803.83937199783
T,A,D1,2020-07-01,74893.70210655977
T,A,D1,2020-10-01,83914.34333912403
T,A,D1,2021-01-01,86187.0501059188
T,A,D1,2021-04-01,86322.8206359286
T,A,D1,2021-07-01,122450.99468632418
T,A,D1,2021-10-01,122978.33207022205
T,A,D1,2022-01-01,167230.69387804906
T,A,D1,2022-04-01,199391.11325632877
T,A,D1,2022-07-01,229422.9695681364
T,A,D1,2022-10-01,140716.056218945
T,A,D1,2023-01-01,115149.48847065498
T,A,D1,2023-04-01,101437.78633384641
T,A,D1,2023-07-01,100259.76410546651
T,A,D1,2023-10-01,95223.08955531161
T,A,D1,2024-01-01,81642.5056771945
T,A,D1,2024-04-01,77202.16866902309
T,A,D1,2024-07-01,77733.09685752675
T,A,D1,2024-10-01,94457.32331602352
T,A,D1,2025-01-01,72976.53220160982
T,A,D1,2025-04-01,84386.559270678
T,A,D1,2025-07-01,70046.9172639317
T,A,D1,2025-10-01,75811.16012113194
T,A,D1,2026-01-01,100204.65596624625
T,A,P,1985-01-01,180895.49380947865
T,A,P,1985-04-01,187973.04570608345
T,A,P,1985-07-01,190098.53072875168
T,A,P,1985-10-01,200487.69999999978
T,A,P,1986-01-01,208372.9715842316
T,A,P,1986-04-01,212091.11093995196
T,A,P,1986-07-01,210875.75903578108
T,A,P,1986-10-01,219521.10000000003
T,A,P,1987-01-01,222914.2015889412
T,A,P,1987-04-01,222599.9765749248
T,A,P,1987-07-01,228831.58857898516
T,A,P,1987-10-01,219816.09999999998
T,A,P,1988-01-01,229192.49684830013
T,A,P,1988-04-01,241488.9289435949
T,A,P,1988-07-01,257926.6828175975
T,A,P,1988-10-01,265706
T,A,P,1989-01-01,277789.794915437
T,A,P,1989-04-01,293797.68461410014
T,A,P,1989-07-01,295899.80276970216
T,A,P,1989-10-01,288485.10000000003
T,A,P,1990-01-01,277205.4464749478
T,A,P,1990-04-01,269130.7661403083
T,A,P,1990-07-01,250298.96312084608
T,A,P,1990-10-01,248120.1
T,A,P,1991-01-01,260953.51918262467
T,A,P,1991-04-01,273506.9168766281
T,A,P,1991-07-01,286268.16971978144
T,A,P,1991-10-01,291301.1
T,A,P,1992-01-01,302593.50839479454
T,A,P,1992-04-01,313937.3271707123
T,A,P,1992-07-01,307112.691488864
T,A,P,1992-10-01,319678
T,A,P,1993-01-01,349419.6629369247
T,A,P,1993-04-01,364029.46324253746
T,A,P,1993-07-01,381940.7911675923
T,A,P,1993-10-01,400948.49999999994
T,A,P,1994-01-01,397105.5505374947
T,A,P,1994-04-01,394128.064427761
T,A,P,1994-07-01,385128.76000568277
T,A,P,1994-10-01,385379
T,A,P,1995-01-01,386138.397981702
T,A,P,1995-04-01,386458.9888025507
T,A,P,1995-07-01,395927.62840401905
T,A,P,1995-10-01,399270.10000000003
T,A,P,1996-01-01,416999.87297709327
T,A,P,1996-04-01,438008.6466878498
T,A,P,1996-07-01,450276.8352360221
T,A,P,1996-10-01,484462.399999999
T,A,P,1997-01-01,517833.1091443929
T,A,P,1997-04-01,538233.5218993577
T,A,P,1997-07-01,553152.1192281144
T,A,P,1997-10-01,557062.4999999991
T,A,P,1998-01-01,662417.3517189156
T,A,P,1998-04-01,671697.5542698926
T,A,P,1998-07-01,641364.4749679791
T,A,P,1998-10-01,651793.1519999999
T,A,P,1999-01-01,712674.5999124808
T,A,P,1999-04-01,749838.2549405587
T,A,P,1999-07-01,765147.64514857
T,A,P,1999-10-01,808026.8850679679
T,A,P,2000-01-01,874123.5328756301
T,A,P,2000-04-01,851087.23061831
T,A,P,2000-07-01,868996.5766286
T,A,P,2000-10-01,822028.134556374
T,A,P,2001-01-01,844357.61576467
T,A,P,2001-04-01,881459.1239198
T,A,P,2001-07-01,778387.79968232
T,A,P,2001-10-01,815964.05701413
T,A,P,2002-01-01,833494.410774751
T,A,P,2002-04-01,764487.589124191
T,A,P,2002-07-01,717391.134714012
T,A,P,2002-10-01,724385.485244561
T,A,P,2003-01-01,722258.883566991
T,A,P,2003-04-01,782142.876430041
T,A,P,2003-07-01,785620.994008335
T,A,P,2003-10-01,816256.602721633
T,A,P,2004-01-01,850419.21113425
T,A,P,2004-04-01,846155.7191141
T,A,P,2004-07-01,864055.75136552
T,A,P,2004-10-01,860284.08910805
T,A,P,2005-01-01,889461.2169377
T,A,P,2005-04-01,925867.93961395
T,A,P,2005-07-01,974078.170948
T,A,P,2005-10-01,1006168.4981754
T,A,P,2006-01-01,1078243.83798515
T,A,P,2006-04-01,1059357.4792956
T,A,P,2006-07-01,1105680.23169495
T,A,P,2006-10-01,1139669.7578495
T,A,P,2007-01-01,1207489.70791945
T,A,P,2007-04-01,1275131.1237734
T,A,P,2007-07-01,1279647.73736845
T,A,P,2007-10-01,1271370.17500858
T,A,P,2008-01-01,1178252.9436431
T,A,P,2008-04-01,1177009.77815075
T,A,P,2008-07-01,1128324.56848258
T,A,P,2008-10-01,1012917.86525899
T,A,P,2009-01-01,1030727.96372614
T,A,P,2009-04-01,1096027.88350657
T,A,P,2009-07-01,1115231.52234339
T,A,P,2009-10-01,1152868.33918156
T,A,P,2010-01-01,1176263.39934698
T,A,P,2010-04-01,1120761.10911759
T,A,P,2010-07-01,1134007.86196363
T,A,P,2010-10-01,1090109.20559225
T,A,P,2011-01-01,1110290.77651231
T,A,P,2011-04-01,1084396.1526552
T,A,P,2011-07-01,1045090.84240266
T,A,P,2011-10-01,1054713.93646978
T,A,P,2012-01-01,1074259.92772036
T,A,P,2012-04-01,1063363.67368665
T,A,P,2012-07-01,1106120.02436866
T,A,P,2012-10-01,1123427.23521916
T,A,P,2013-01-01,1165939.8469853
T,A,P,2013-04-01,1132158.29996511
T,A,P,2013-07-01,1139613.28546837
T,A,P,2013-10-01,1158151.48510818
T,A,P,2014-01-01,1169777.43112517
T,A,P,2014-04-01,1206705.95979339
T,A,P,2014-07-01,1240294.5323835402
T,A,P,2014-10-01,1238420.1251124565
T,A,P,2015-01-01,1245507.065933811
T,A,P,2015-04-01,1205328.1117539026
T,A,P,2015-07-01,1195253.373010134
T,A,P,2015-10-01,1220864.253335005
T,A,P,2016-01-01,1210970.658500345
T,A,P,2016-04-01,1235258.1123690607
T,A,P,2016-07-01,1259139.1801602226
T,A,P,2016-10-01,1281062.7645743669
T,A,P,2017-01-01,1308523.0851793755
T,A,P,2017-04-01,1299927.6751467562
T,A,P,2017-07-01,1345716.6542198048
T,A,P,2017-10-01,1375378.1480868405
T,A,P,2018-01-01,1362227.9526929292
T,A,P,2018-04-01,1364281.735071464
T,A,P,2018-07-01,1354770.7803185731
T,A,P,2018-10-01,1292147.2398829374
T,A,P,2019-01-01,1371108.1739000108
T,A,P,2019-04-01,1379157.159393826
T,A,P,2019-07-01,1403228.3523946179
T,A,P,2019-10-01,1429298.353008742
T,A,P,2020-01-01,1276043.6644919873
T,A,P,2020-04-01,1388627.921694223
T,A,P,2020-07-01,1416812.3805486874
T,A,P,2020-10-01,1486125.9206683598
T,A,P,2021-01-01,1582519.2703113817
T,A,P,2021-04-01,1626844.3606434937
T,A,P,2021-07-01,1628771.7118236874
T,A,P,2021-10-01,1630582.0305181986
T,A,P,2022-01-01,1575771.1373779734
T,A,P,2022-04-01,1458807.1378659466
T,A,P,2022-07-01,1416867.4580831062
T,A,P,2022-10-01,1449369.061286673
T,A,P,2023-01-01,1503503.1975296258
T,A,P,2023-04-01,1514459.645635322
T,A,P,2023-07-01,1507253.000894448
T,A,P,2023-10-01,1502333.5214573636
T,A,P,2024-01-01,1630687.3729779392
T,A,P,2024-04-01,1640389.1015127103
T,A,P,2024-07-01,1647256.7957294716
T,A,P,2024-10-01,1686287.1879678138
T,A,P,2025-01-01,1678967.0489473182
T,A,P,2025-04-01,1669262.311625453
T,A,P,2025-07-01,1726311.5708444924
T,A,P,2025-10-01,1744918.7817510257
T,A,P,2026-01-01,1756713.6676526235
T,A,T,1985-01-01,517362.7363363487
T,A,T,1985-04-01,527100.8630036282
T,A,T,1985-07-01,525725.648710361
T,A,T,1985-10-01,533563.8999999998
T,A,T,1986-01-01,546497.6504943682
T,A,T,1986-04-01,550367.9820339044
T,A,T,1986-07-01,543271.0427708284
T,A,T,1986-10-01,561977.3
T,A,T,1987-01-01,568014.412507058
T,A,T,1987-04-01,573976.7249946446
T,A,T,1987-07-01,594333.6779488736
T,A,T,1987-10-01,583999.2999999999
T,A,T,1988-01-01,599670.3243959642
T,A,T,1988-04-01,624212.242663501
T,A,T,1988-07-01,660710.0798486038
T,A,T,1988-10-01,670232.1
T,A,T,1989-01-01,699089.2520716713
T,A,T,1989-04-01,736734.1277755182
T,A,T,1989-07-01,745592.425816597
T,A,T,1989-10-01,752895.2
T,A,T,1990-01-01,752334.2863193076
T,A,T,1990-04-01,753445.7543470517
T,A,T,1990-07-01,739356.9499425567
T,A,T,1990-10-01,744818.5
T,A,T,1991-01-01,766195.8659649647
T,A,T,1991-04-01,794489.8315237926
T,A,T,1991-07-01,812384.0468483377
T,A,T,1991-10-01,809013.6
T,A,T,1992-01-01,837528.8304185193
T,A,T,1992-04-01,864853.9864378398
T,A,T,1992-07-01,838464.4374932643
T,A,T,1992-10-01,861726.1
T,A,T,1993-01-01,913681.5597436945
T,A,T,1993-04-01,921066.892611094
T,A,T,1993-07-01,940533.4985877055
T,A,T,1993-10-01,966112.9
T,A,T,1994-01-01,966493.3228980344
T,A,T,1994-04-01,975589.9846832736
T,A,T,1994-07-01,970984.6696045754
T,A,T,1994-10-01,988805
T,A,T,1995-01-01,989003.2696062927
T,A,T,1995-04-01,974998.4361181031
T,A,T,1995-07-01,995555.7675337899
T,A,T,1995-10-01,1003398.8
T,A,T,1996-01-01,1050746.01825862
T,A,T,1996-04-01,1116325.7906168075
T,A,T,1996-07-01,1160849.3450200818
T,A,T,1996-10-01,1257404.899999999
T,A,T,1997-01-01,1372488.9828059806
T,A,T,1997-04-01,1419163.5633538058
T,A,T,1997-07-01,1467246.3831761559
T,A,T,1997-10-01,1483710.099999999
T,A,T,1998-01-01,1621504.8776185727
T,A,T,1998-04-01,1672084.3906579742
T,A,T,1998-07-01,1664109.4882226996
T,A,T,1998-10-01,1669456.752
T,A,T,1999-01-01,1697936.3687537326
T,A,T,1999-04-01,1802624.3985141595
T,A,T,1999-07-01,1847937.4601237187
T,A,T,1999-10-01,1948554.0525836942
T,A,T,2000-01-01,2139976.818453914
T,A,T,2000-04-01,2084689.5878269842
T,A,T,2000-07-01,2206691.6700888877
T,A,T,2000-10-01,2220990.6897178628
T,A,T,2001-01-01,2291503.8948180536
T,A,T,2001-04-01,2341252.537123085
T,A,T,2001-07-01,2102285.932337295
T,A,T,2001-10-01,2219367.143819253
T,A,T,2002-01-01,2280076.908619682
T,A,T,2002-04-01,2155451.2216762556
T,A,T,2002-07-01,2084873.9599112084
T,A,T,2002-10-01,2115429.036428351
T,A,T,2003-01-01,2115903.367488482
T,A,T,2003-04-01,2219836.228970806
T,A,T,2003-07-01,2197647.4578682426
T,A,T,2003-10-01,2204493.178485573
T,A,T,2004-01-01,2332306.6789554222
T,A,T,2004-04-01,2332269.413239267
T,A,T,2004-07-01,2319091.384492147
T,A,T,2004-10-01,2315958.63132144
T,A,T,2005-01-01,2426745.883612616
T,A,T,2005-04-01,2608071.196231765
T,A,T,2005-07-01,2744447.507973505
T,A,T,2005-10-01,2799700.917726418
T,A,T,2006-01-01,3024585.60712238
T,A,T,2006-04-01,3008355.5958153415
T,A,T,2006-07-01,3141520.548461614
T,A,T,2006-10-01,3125465.1004304322
T,A,T,2007-01-01,3520408.558752234
T,A,T,2007-04-01,3626794.621246507
T,A,T,2007-07-01,3634391.481109688
T,A,T,2007-10-01,3746579.8693815
T,A,T,2008-01-01,3544297.120608641
T,A,T,2008-04-01,3424988.802122625
T,A,T,2008-07-01,3494836.469299449
T,A,T,2008-10-01,3219024.759906758
T,A,T,2009-01-01,3299827.5390458386
T,A,T,2009-04-01,3376808.686843671
T,A,T,2009-07-01,3359906.5386380283
T,A,T,2009-10-01,3395361.2500185664
T,A,T,2010-01-01,3460970.738220938
T,A,T,2010-04-01,3508445.208923982
T,A,T,2010-07-01,3492621.918396927
T,A,T,2010-10-01,3452524.6550580254
T,A,T,2011-01-01,3476178.675613822
T,A,T,2011-04-01,3372117.657004332
T,A,T,2011-07-01,3551171.818059044
T,A,T,2011-10-01,3576136.105495003
T,A,T,2012-01-01,3573473.181198037
T,A,T,2012-04-01,3721511.032895192
T,A,T,2012-07-01,3847499.180476253
T,A,T,2012-10-01,3840166.977813883
T,A,T,2013-01-01,3929027.5315075307
T,A,T,2013-04-01,3877191.95587302
T,A,T,2013-07-01,3878615.8263324015
T,A,T,2013-10-01,3887377.593646901
T,A,T,2014-01-01,3884960.5930295438
T,A,T,2014-04-01,3917312.930403239
T,A,T,2014-07-01,4013649.918582572
T,A,T,2014-10-01,4189592.142945129
T,A,T,2015-01-01,4133213.3756721327
T,A,T,2015-04-01,4068444.6980117317
T,A,T,2015-07-01,4208041.614106726
T,A,T,2015-10-01,4335425.332120195
T,A,T,2016-01-01,4365388.1102048885
T,A,T,2016-04-01,4522659.96763479
T,A,T,2016-07-01,4663624.812601225
T,A,T,2016-10-01,4849347.707357748
T,A,T,2017-01-01,4880307.647274054
T,A,T,2017-04-01,4925620.152937893
T,A,T,2017-07-01,5050843.982873328
T,A,T,2017-10-01,5162183.554308768
T,A,T,2018-01-01,5139273.970881534
T,A,T,2018-04-01,5159003.273536058
T,A,T,2018-07-01,5100870.385518291
T,A,T,2018-10-01,5053172.910595293
T,A,T,2019-01-01,5146010.0460668625
T,A,T,2019-04-01,5159492.412947782
T,A,T,2019-07-01,5223936.884829913
T,A,T,2019-10-01,5320649.602574018
T,A,T,2020-01-01,5204747.999904973
T,A,T,2020-04-01,5224332.657258209
T,A,T,2020-07-01,5306705.995353082
T,A,T,2020-10-01,5359142.972790259
T,A,T,2021-01-01,5662057.963655897
T,A,T,2021-04-01,5703075.417044993
T,A,T,2021-07-01,5727187.836375586
T,A,T,2021-10-01,5667719.757481787
T,A,T,2022-01-01,5653408.528493168
T,A,T,2022-04-01,5488009.499787676
T,A,T,2022-07-01,5366241.933179377
T,A,T,2022-10-01,5260681.147424803
T,A,T,2023-01-01,5302582.103155752
T,A,T,2023-04-01,5216818.616937358
T,A,T,2023-07-01,5178063.324908648
T,A,T,2023-10-01,4990423.02179653
T,A,T,2024-01-01,5334533.333072944
T,A,T,2024-04-01,5263403.16193216
T,A,T,2024-07-01,5192282.517068816
T,A,T,2024-10-01,5336519.040514736
T,A,T,2025-01-01,5352477.72286023
T,A,T,2025-04-01,5208577.843256872
T,A,T,2025-07-01,5277235.649719476
T,A,T,2025-10-01,5347532.9799649175
T,A,T,2026-01-01,5418795.427791255
T,A,UI,1985-01-01,227163.2287659576
T,A,UI,1985-04-01,228186.54289409818
T,A,UI,1985-07-01,226058.66386037922
T,A,UI,1985-10-01,225158
T,A,UI,1986-01-01,225909.71296734532
T,A,UI,1986-04-01,226209.341356846
T,A,UI,1986-07-01,223302.3740106427
T,A,UI,1986-10-01,230563.5
T,A,UI,1987-01-01,233589.8145519019
T,A,UI,1987-04-01,239004.2216618386
T,A,UI,1987-07-01,248641.02605813884
T,A,UI,1987-10-01,248096.9
T,A,UI,1988-01-01,253712.3024512418
T,A,UI,1988-04-01,261553.52202698553
T,A,UI,1988-07-01,273794.6732860778
T,A,UI,1988-10-01,273721.69999999995
T,A,UI,1989-01-01,282891.3151689244
T,A,UI,1989-04-01,295788.7555023633
T,A,UI,1989-07-01,301235.9960135495
T,A,UI,1989-10-01,314326
T,A,UI,1990-01-01,323674.9601178779
T,A,UI,1990-04-01,334146.76708792686
T,A,UI,1990-07-01,341827.7994606951
T,A,UI,1990-10-01,350000
T,A,UI,1991-01-01,354894.55393399217
T,A,UI,1991-04-01,362422.636858869
T,A,UI,1991-07-01,361669.15071272675
T,A,UI,1991-10-01,352623
T,A,UI,1992-01-01,361745.6005422425
T,A,UI,1992-04-01,372656.71723052976
T,A,UI,1992-07-01,360586.74378311663
T,A,UI,1992-10-01,367225
T,A,UI,1993-01-01,375203.2743675632
T,A,UI,1993-04-01,363768.4984371203
T,A,UI,1993-07-01,360110.8055668165
T,A,UI,1993-10-01,360470.5
T,A,UI,1994-01-01,360584.6740345478
T,A,UI,1994-04-01,367878.3806930484
T,A,UI,1994-07-01,372583.7787606142
T,A,UI,1994-10-01,385549
T,A,UI,1995-01-01,381289.4577002441
T,A,UI,1995-04-01,368404.8364432638
T,A,UI,1995-07-01,370387.66971927637
T,A,UI,1995-10-01,370605
T,A,UI,1996-01-01,393436.85940286086
T,A,UI,1996-04-01,428476.7033475979
T,A,UI,1996-07-01,457399.0596530982
T,A,UI,1996-10-01,505673.7
T,A,UI,1997-01-01,558043.9167532087
T,A,UI,1997-04-01,574788.7730799622
T,A,UI,1997-07-01,595980.0648180827
T,A,UI,1997-10-01,602797.1
T,A,UI,1998-01-01,628447.5837779545
T,A,UI,1998-04-01,658662.5436220716
T,A,UI,1998-07-01,677436.1497505223
T,A,UI,1998-10-01,678108.4
T,A,UI,1999-01-01,627089.4833039709
T,A,UI,1999-04-01,676862.1624387605
T,A,UI,1999-07-01,693748.1030565491
T,A,UI,1999-10-01,736231.2922879372
T,A,UI,2000-01-01,853109.0858831503
T,A,UI,2000-04-01,784768.2379166723
T,A,UI,2000-07-01,873115.30779925955
T,A,UI,2000-10-01,895339.0634432286
T,A,UI,2001-01-01,935104.5756852813
T,A,UI,2001-04-01,930304.128831691
T,A,UI,2001-07-01,802428.6393018077
T,A,UI,2001-10-01,856433.5864419828
T,A,UI,2002-01-01,898904.5328216291
T,A,UI,2002-04-01,865984.6741616371
T,A,UI,2002-07-01,837115.64896193
T,A,UI,2002-10-01,859266.47001353
T,A,UI,2003-01-01,854976.19104922
T,A,UI,2003-04-01,885512.6796083811
T,A,UI,2003-07-01,856344.0793186456
T,A,UI,2003-10-01,824693.53120606
T,A,UI,2004-01-01,903001.309152891
T,A,UI,2004-04-01,884028.77095882
T,A,UI,2004-07-01,839119.07643936
T,A,UI,2004-10-01,820343.79644545
T,A,UI,2005-01-01,865097.12445997
T,A,UI,2005-04-01,992499.04728181
T,A,UI,2005-07-01,1049677.7007418773
T,A,UI,2005-10-01,1037833.4706371679
T,A,UI,2006-01-01,1110380.6967901278
T,A,UI,2006-04-01,1092972.0673718886
T,A,UI,2006-07-01,1114417.914396217
T,A,UI,2006-10-01,1056236.0237912124
T,A,UI,2007-01-01,1338964.3992316837
T,A,UI,2007-04-01,1332991.07690571
T,A,UI,2007-07-01,1300345.210153116
T,A,UI,2007-10-01,1404262.68466045
T,A,UI,2008-01-01,1264346.4433244313
T,A,UI,2008-04-01,1127446.4901555711
T,A,UI,2008-07-01,1194268.36221727
T,A,UI,2008-10-01,1018349.710036668
T,A,UI,2009-01-01,1028527.1647855473
T,A,UI,2009-04-01,1009707.5843206367
T,A,UI,2009-07-01,932418.9002057003
T,A,UI,2009-10-01,894028.4955643964
T,A,UI,2010-01-01,874169.2860265578
T,A,UI,2010-04-01,812067.318422805
T,A,UI,2010-07-01,776990.91594532
T,A,UI,2010-10-01,788066.6082713257
T,A,UI,2011-01-01,765198.878504725
T,A,UI,2011-04-01,747748.52109944
T,A,UI,2011-07-01,793944.473797848
T,A,UI,2011-10-01,805337.8840603424
T,A,UI,2012-01-01,807919.79390162
T,A,UI,2012-04-01,796677.8059682052
T,A,UI,2012-07-01,799398.284653215
T,A,UI,2012-10-01,773505.0813824032
T,A,UI,2013-01-01,817583.1211063238
T,A,UI,2013-04-01,821890.644449
T,A,UI,2013-07-01,852573.6795392256
T,A,UI,2013-10-01,860828.7430315907
T,A,UI,2014-01-01,850241.2692739554
T,A,UI,2014-04-01,833202.6418387098
T,A,UI,2014-07-01,857661.5242368948
T,A,UI,2014-10-01,888558.8205364329
T,A,UI,2015-01-01,833686.360390129
T,A,UI,2015-04-01,825905.758372392
T,A,UI,2015-07-01,846873.34344021
T,A,UI,2015-10-01,889399.1052191894
T,A,UI,2016-01-01,827959.3816037775
T,A,UI,2016-04-01,874151.1947538948
T,A,UI,2016-07-01,917201.9046425006
T,A,UI,2016-10-01,992009.5187851427
T,A,UI,2017-01-01,962599.8754928397
T,A,UI,2017-04-01,991470.1134174257
T,A,UI,2017-07-01,1011131.216291519
T,A,UI,2017-10-01,1036092.4261068127
T,A,UI,2018-01-01,992290.0842968713
T,A,UI,2018-04-01,976233.7291808282
T,A,UI,2018-07-01,938288.809417827
T,A,UI,2018-10-01,955505.9377543181
T,A,UI,2019-01-01,944420.3671649505
T,A,UI,2019-04-01,944797.1596840728
T,A,UI,2019-07-01,943175.5522490295
T,A,UI,2019-10-01,939824.2816717871
T,A,UI,2020-01-01,928760.9177692004
T,A,UI,2020-04-01,851317.8422884664
T,A,UI,2020-07-01,830350.7538689373
T,A,UI,2020-10-01,821837.0001699366
T,A,UI,2021-01-01,879833.6926836162
T,A,UI,2021-04-01,888445.5679367533
T,A,UI,2021-07-01,896762.9246311493
T,A,UI,2021-10-01,897790.1446884909
T,A,UI,2022-01-01,922212.0841319691
T,A,UI,2022-04-01,918291.0463064213
T,A,UI,2022-07-01,881566.4616575512
T,A,UI,2022-10-01,904248.0451729033
T,A,UI,2023-01-01,929760.0422828124
T,A,UI,2023-04-01,878721.0408610789
T,A,UI,2023-07-01,877891.686258287
T,A,UI,2023-10-01,811162.7740784488
T,A,UI,2024-01-01,865485.5577712598
T,A,UI,2024-04-01,813825.3134708864
T,A,UI,2024-07-01,777654.7584109901
T,A,UI,2024-10-01,838209.6611656016
T,A,UI,2025-01-01,834272.4356345856
T,A,UI,2025-04-01,796894.1971248257
T,A,UI,2025-07-01,792198.95743916
T,A,UI,2025-10-01,817835.2758498861
T,A,UI,2026-01-01,812079.8966013239
T,A,W,1985-01-01,56764.73084695542
T,A,W,1985-04-01,55930.555463333236
T,A,W,1985-07-01,53022.02217135485
T,A,W,1985-10-01,50045
T,A,W,1986-01-01,50359.42132051634
T,A,W,1986-04-01,49403.083533383855
T,A,W,1986-07-01,47131.33346341769
T,A,W,1986-10-01,48166
T,A,W,1987-01-01,47548.74476731807
T,A,W,1987-04-01,48310.87376356642
T,A,W,1987-07-01,50957.92082363702
T,A,W,1987-10-01,49362
T,A,W,1988-01-01,47702.770991390484
T,A,W,1988-04-01,47496.394888486495
T,A,W,1988-07-01,49766.75337460389
T,A,W,1988-10-01,47881
T,A,W,1989-01-01,50006.74177256301
T,A,W,1989-04-01,53287.302416647275
T,A,W,1989-07-01,52982.99873153965
T,A,W,1989-10-01,51735
T,A,W,1990-01-01,51689.927432406716
T,A,W,1990-04-01,51394.879659996
T,A,W,1990-07-01,49630.88023292448
T,A,W,1990-10-01,49227
T,A,W,1991-01-01,48943.841689439985
T,A,W,1991-04-01,52599.0425600358
T,A,W,1991-07-01,53862.54382393279
T,A,W,1991-10-01,52351
T,A,W,1992-01-01,54963.56068361226
T,A,W,1992-04-01,57720.11622764953
T,A,W,1992-07-01,54950.52887181568
T,A,W,1992-10-01,59197
T,A,W,1993-01-01,63384.493756864686
T,A,W,1993-04-01,61805.38167857798
T,A,W,1993-07-01,61676.95179994339
T,A,W,1993-10-01,60708.200000000004
T,A,W,1994-01-01,61784.58684205851
T,A,W,1994-04-01,61855.12312267216
T,A,W,1994-07-01,59719.21952887748
T,A,W,1994-10-01,59567
T,A,W,1995-01-01,57772.92630734267
T,A,W,1995-04-01,54649.05716943246
T,A,W,1995-07-01,55527.33081150059
T,A,W,1995-10-01,55891
T,A,W,1996-01-01,57035.82634559694
T,A,W,1996-04-01,59826.5608758538
T,A,W,1996-07-01,60461.26632208326
T,A,W,1996-10-01,63687.2
T,A,W,1997-01-01,70191.2902825717
T,A,W,1997-04-01,70579.15999483955
T,A,W,1997-07-01,71420.30219068751
T,A,W,1997-10-01,68605.40000000001
T,A,W,1998-01-01,64329.560997288834
T,A,W,1998-04-01,67719.46612649954
T,A,W,1998-07-01,69264.86576569351
T,A,W,1998-10-01,68939.7
T,A,W,1999-01-01,68609.2594581418
T,A,W,1999-04-01,70064.10082832508
T,A,W,1999-07-01,69901.71811332661
T,A,W,1999-10-01,69980.8406299499
T,A,W,2000-01-01,62184.25914832
T,A,W,2000-04-01,88399.40742557
T,A,W,2000-07-01,90195.61649600998
T,A,W,2000-10-01,87855.59371826
T,A,W,2001-01-01,86276.67635238
T,A,W,2001-04-01,90371.5423303
T,A,W,2001-07-01,86923.90062217
T,A,W,2001-10-01,87031.03277087
T,A,W,2002-01-01,89192.12448742
T,A,W,2002-04-01,84028.61563411
T,A,W,2002-07-01,87001.86529787
T,A,W,2002-10-01,85349.15717026
T,A,W,2003-01-01,83601.13485665
T,A,W,2003-04-01,86138.41876533
T,A,W,2003-07-01,86906.96641844235
T,A,W,2003-10-01,86047.47812898
T,A,W,2004-01-01,90043.92187126
T,A,W,2004-04-01,83583.463959065
T,A,W,2004-07-01,86941.74470685
T,A,W,2004-10-01,84462.47776794
T,A,W,2005-01-01,87082.97708443
T,A,W,2005-04-01,70325.47846509
T,A,W,2005-07-01,72614.00384161
T,A,W,2005-10-01,75828.43091385
T,A,W,2006-01-01,77827.22206625
T,A,W,2006-04-01,75808.42173573
T,A,W,2006-07-01,77487.24238223
T,A,W,2006-10-01,78667.95178972001
T,A,W,2007-01-01,79867.47367775
T,A,W,2007-04-01,79417.06794284999
T,A,W,2007-07-01,82434.85274793
T,A,W,2007-10-01,85028.98871246999
T,A,W,2008-01-01,80225.65451005
T,A,W,2008-04-01,80687.74240186
T,A,W,2008-07-01,82453.41386261
T,A,W,2008-10-01,78887.358459857
T,A,W,2009-01-01,91839.56912598
T,A,W,2009-04-01,116819.37433948998
T,A,W,2009-07-01,123636.07803889
T,A,W,2009-10-01,139664.2244875
T,A,W,2010-01-01,171267.09914394002
T,A,W,2010-04-01,276333.62412417
T,A,W,2010-07-01,264347.68992358
T,A,W,2010-10-01,252445.53989311
T,A,W,2011-01-01,256099.73975202002
T,A,W,2011-04-01,244705.96772127
T,A,W,2011-07-01,336581.0038445653
T,A,W,2011-10-01,311393.7916299
T,A,W,2012-01-01,295196.08314583
T,A,W,2012-04-01,423437.04457031004
T,A,W,2012-07-01,492635.47909378
T,A,W,2012-10-01,485001.3215324
T,A,W,2013-01-01,496142.17435335
T,A,W,2013-04-01,479346.60476813
T,A,W,2013-07-01,479794.23096133
T,A,W,2013-10-01,477364.49139406
T,A,W,2014-01-01,482577.09806008136
T,A,W,2014-04-01,495267.069020069
T,A,W,2014-07-01,507562.94585792
T,A,W,2014-10-01,541200.56205382
T,A,W,2015-01-01,566816.198408429
T,A,W,2015-04-01,558456.5325992965
T,A,W,2015-07-01,584018.7625492892
T,A,W,2015-10-01,601358.8534552557
T,A,W,2016-01-01,622331.045376787
T,A,W,2016-04-01,657851.6530792841
T,A,W,2016-07-01,676640.849440791
T,A,W,2016-10-01,690496.6968631623
T,A,W,2017-01-01,730815.3047529208
T,A,W,2017-04-01,739149.1226737548
T,A,W,2017-07-01,772082.494293027
T,A,W,2017-10-01,792129.1965605242
T,A,W,2018-01-01,785293.3273196188
T,A,W,2018-04-01,795601.6380988497
T,A,W,2018-07-01,784027.2121107162
T,A,W,2018-10-01,776497.5161752502
T,A,W,2019-01-01,805391.7937441814
T,A,W,2019-04-01,811375.8375745557
T,A,W,2019-07-01,832459.5768951399
T,A,W,2019-10-01,826408.7096787147
T,A,W,2020-01-01,820915.0426103068
T,A,W,2020-04-01,913570.240202599
T,A,W,2020-07-01,938094.154588127
T,A,W,2020-10-01,954139.0534672278
T,A,W,2021-01-01,990524.1326790184
T,A,W,2021-04-01,1002151.1892897642
T,A,W,2021-07-01,1007556.182949683
T,A,W,2021-10-01,1014134.3919144283
T,A,W,2022-01-01,982869.1857695417
T,A,W,2022-04-01,919508.1630126649
T,A,W,2022-07-01,872748.1368115031
T,A,W,2022-10-01,852195.186066525
T,A,W,2023-01-01,816130.3989680047
T,A,W,2023-04-01,794566.6104191036
T,A,W,2023-07-01,747856.1083615413
T,A,W,2023-10-01,724375.8592639188
T,A,W,2024-01-01,794943.379123185
T,A,W,2024-04-01,794255.7555341934
T,A,W,2024-07-01,802291.0272191553
T,A,W,2024-10-01,822566.7243014029
T,A,W,2025-01-01,830081.7783503182
T,A,W,2025-04-01,812712.2001092304
T,A,W,2025-07-01,840631.2124072412
T,A,W,2025-10-01,852604.6756800428
T,A,W,2026-01-01,856045.3576511886
T,N,D0,1985-01-01,22320.74890436632
T,N,D0,1985-04-01,22959.46136416246
T,N,D0,1985-07-01,22485.408295287372
T,N,D0,1985-10-01,21781.1
T,N,D0,1986-01-01,22396.89594417723
T,N,D0,1986-04-01,20154.202813828735
T,N,D0,1986-07-01,16592.86973373776
T,N,D0,1986-10-01,15375
T,N,D0,1987-01-01,14512.23644345619
T,N,D0,1987-04-01,13364.642343846906
T,N,D0,1987-07-01,14021.880789945688
T,N,D0,1987-10-01,13844.000000000007
T,N,D0,1988-01-01,14724.00320377275
T,N,D0,1988-04-01,17909.075548688532
T,N,D0,1988-07-01,22143.040161304554
T,N,D0,1988-10-01,24680.5
T,N,D0,1989-01-01,28634.587671168236
T,N,D0,1989-04-01,32591.438376832928
T,N,D0,1989-07-01,32444.349221574514
T,N,D0,1989-10-01,32917.30000000001
T,N,D0,1990-01-01,33808.44036234896
T,N,D0,1990-04-01,31816.70173886948
T,N,D0,1990-07-01,29574.59324959082
T,N,D0,1990-10-01,28685.800000000003
T,N,D0,1991-01-01,31278.15490203582
T,N,D0,1991-04-01,34962.09445977952
T,N,D0,1991-07-01,39084.1073922605
T,N,D0,1991-10-01,41026.7
T,N,D0,1992-01-01,46749.47348620351
T,N,D0,1992-04-01,49489.653650932145
T,N,D0,1992-07-01,45324.37899554943
T,N,D0,1992-10-01,45758
T,N,D0,1993-01-01,53092.49044782834
T,N,D0,1993-04-01,56060.446044493656
T,N,D0,1993-07-01,58373.27733056384
T,N,D0,1993-10-01,62196.09999999998
T,N,D0,1994-01-01,63091.27748126141
T,N,D0,1994-04-01,65364.96093351516
T,N,D0,1994-07-01,64589.9477611468
T,N,D0,1994-10-01,66749
T,N,D0,1995-01-01,70462.67488459803
T,N,D0,1995-04-01,70506.41568461664
T,N,D0,1995-07-01,77175.22026918024
T,N,D0,1995-10-01,79563.6
T,N,D0,1996-01-01,83609.44448316602
T,N,D0,1996-04-01,88617.38873190519
T,N,D0,1996-07-01,89305.36423736175
T,N,D0,1996-10-01,97734.40000000001
T,N,D0,1997-01-01,117050.37049633401
T,N,D0,1997-04-01,122169.41595340703
T,N,D0,1997-07-01,128888.6939303149
T,N,D0,1997-10-01,132756.2
T,N,D0,1998-01-01,144302.2470161353
T,N,D0,1998-04-01,146663.3708955599
T,N,D0,1998-07-01,143125.13656744102
T,N,D0,1998-10-01,132186.2
T,N,D0,1999-01-01,142079.71904845288
T,N,D0,1999-04-01,151410.56780196153
T,N,D0,1999-07-01,158035.19204501124
T,N,D0,1999-10-01,166496.5640718955
T,N,D0,2000-01-01,175268.583570436
T,N,D0,2000-04-01,177679.60169160875
T,N,D0,2000-07-01,184792.4057917499
T,N,D0,2000-10-01,213673.1814282866
T,N,D0,2001-01-01,224480.6058006139
T,N,D0,2001-04-01,231821.41618279033
T,N,D0,2001-07-01,224123.46222909863
T,N,D0,2001-10-01,249083.93244697663
T,N,D0,2002-01-01,240630.17593371661
T,N,D0,2002-04-01,220592.84869728057
T,N,D0,2002-07-01,213208.08742148767
T,N,D0,2002-10-01,206147.27102721963
T,N,D0,2003-01-01,212357.41111360872
T,N,D0,2003-04-01,215222.81333580986
T,N,D0,2003-07-01,207107.7833623439
T,N,D0,2003-10-01,194514.73773919238
T,N,D0,2004-01-01,196352.0307391435
T,N,D0,2004-04-01,198191.87578123377
T,N,D0,2004-07-01,203943.55118619878
T,N,D0,2004-10-01,201449.32983761135
T,N,D0,2005-01-01,239622.56147696445
T,N,D0,2005-04-01,262587.9367262004
T,N,D0,2005-07-01,296910.74780614016
T,N,D0,2005-10-01,315639.74287295993
T,N,D0,2006-01-01,379408.42839864077
T,N,D0,2006-04-01,385624.07060169155
T,N,D0,2006-07-01,437575.17428976315
T,N,D0,2006-10-01,338024.9354091313
T,N,D0,2007-01-01,344023.94589813205
T,N,D0,2007-04-01,333094.2656569459
T,N,D0,2007-07-01,309059.7341189345
T,N,D0,2007-10-01,307182.00137920387
T,N,D0,2008-01-01,271249.1463422505
T,N,D0,2008-04-01,272583.5116873585
T,N,D0,2008-07-01,283056.8064458129
T,N,D0,2008-10-01,262862.7650781552
T,N,D0,2009-01-01,294118.9247315689
T,N,D0,2009-04-01,324337.7394962198
T,N,D0,2009-07-01,325711.99533851445
T,N,D0,2009-10-01,344268.59731286555
T,N,D0,2010-01-01,352470.2511730477
T,N,D0,2010-04-01,368063.2350482561
T,N,D0,2010-07-01,374836.79063815356
T,N,D0,2010-10-01,371242.8598248402
T,N,D0,2011-01-01,373361.5207362175
T,N,D0,2011-04-01,308668.5020024878
T,N,D0,2011-07-01,334793.8737663082
T,N,D0,2011-10-01,362857.15072975063
T,N,D0,2012-01-01,350956.5260083114
T,N,D0,2012-04-01,363170.63655619754
T,N,D0,2012-07-01,374949.39382780343
T,N,D0,2012-10-01,375159.07198749355
T,N,D0,2013-01-01,366518.95353980665
T,N,D0,2013-04-01,357173.8232997813
T,N,D0,2013-07-01,344425.1924891032
T,N,D0,2013-10-01,334454.50460811704
T,N,D0,2014-01-01,310464.1678897898
T,N,D0,2014-04-01,290832.9466619068
T,N,D0,2014-07-01,275477.2954698511
T,N,D0,2014-10-01,204391.26899065683
T,N,D0,2015-01-01,130886.07662094501
T,N,D0,2015-04-01,114032.86208022595
T,N,D0,2015-07-01,180961.96406152425
T,N,D0,2015-10-01,158839.09217999154
T,N,D0,2016-01-01,127049.40017453535
T,N,D0,2016-04-01,96218.63100888953
T,N,D0,2016-07-01,84403.84543759772
T,N,D0,2016-10-01,63924.1952566714
T,N,D0,2017-01-01,45465.86599553283
T,N,D0,2017-04-01,-8218.409147664439
T,N,D0,2017-07-01,28606.285257057752
T,N,D0,2017-10-01,16792.832243463024
T,N,D0,2018-01-01,56302.99261469301
T,N,D0,2018-04-01,82758.83089750446
T,N,D0,2018-07-01,99949.46799004637
T,N,D0,2018-10-01,133562.3339656517
T,N,D0,2019-01-01,119390.55487139267
T,N,D0,2019-04-01,96112.87447991106
T,N,D0,2019-07-01,68435.17962640314
T,N,D0,2019-10-01,90762.88634750177
T,N,D0,2020-01-01,117049.70288647572
T,N,D0,2020-04-01,189416.19446686865
T,N,D0,2020-07-01,242186.24950614804
T,N,D0,2020-10-01,241839.13443328324
T,N,D0,2021-01-01,312919.0993753604
T,N,D0,2021-04-01,321381.0054853435
T,N,D0,2021-07-01,341184.1302621567
T,N,D0,2021-10-01,331034.8365910889
T,N,D0,2022-01-01,289330.22814965295
T,N,D0,2022-04-01,270373.5744155955
T,N,D0,2022-07-01,241231.86501805508
T,N,D0,2022-10-01,247416.36994529096
T,N,D0,2023-01-01,265162.460036688
T,N,D0,2023-04-01,294268.8918872359
T,N,D0,2023-07-01,337414.0877281029
T,N,D0,2023-10-01,339778.7271395712
T,N,D0,2024-01-01,411795.80489378795
T,N,D0,2024-04-01,430689.20310235885
T,N,D0,2024-07-01,390015.77277575317
T,N,D0,2024-10-01,381587.5845129418
T,N,D0,2025-01-01,423354.52474644384
T,N,D0,2025-04-01,374567.8052901949
T,N,D0,2025-07-01,369932.810141172
T,N,D0,2025-10-01,353859.77821352077
T,N,D0,2026-01-01,379792.8066456041
T,N,D1,2004-04-01,2287
T,N,D1,2004-07-01,-1531
T,N,D1,2004-10-01,-2643
T,N,D1,2005-01-01,-4243.9000000000015
T,N,D1,2005-04-01,-16377.699999999997
T,N,D1,2005-07-01,-13750.5
T,N,D1,2005-10-01,-11089.600000000002
T,N,D1,2006-01-01,-2081.2000000000044
T,N,D1,2006-04-01,2766.699999999997
T,N,D1,2006-07-01,1122.699999999997
T,N,D1,2006-10-01,4329.5999999999985
T,N,D1,2007-01-01,-1880.7999999999956
T,N,D1,2007-04-01,-1446.5
T,N,D1,2007-07-01,2550.600000000006
T,N,D1,2007-10-01,1113.3999999999942
T,N,D1,2008-01-01,7092.199999999997
T,N,D1,2008-04-01,9052
T,N,D1,2008-07-01,-701.6999999999825
T,N,D1,2008-10-01,-4476.643036186986
T,N,D1,2009-01-01,-3376.19092311
T,N,D1,2009-04-01,-3494.661489590013
T,N,D1,2009-07-01,-3135.475561540021
T,N,D1,2009-10-01,-770.8263741599949
T,N,D1,2010-01-01,-412.83867727000325
T,N,D1,2010-04-01,190.00195044001157
T,N,D1,2010-07-01,3343.1327817899873
T,N,D1,2010-10-01,888.3802877400012
T,N,D1,2011-01-01,1290.546434450007
T,N,D1,2011-04-01,2274.793029180015
T,N,D1,2011-07-01,-6769.974654229998
T,N,D1,2011-10-01,-3090.03809644001
T,N,D1,2012-01-01,-730.5132570000133
T,N,D1,2012-04-01,-2794.867775579987
T,N,D1,2012-07-01,-427.8946840500139
T,N,D1,2012-10-01,258.88170617999276
T,N,D1,2013-01-01,729.18183483001485
T,N,D1,2013-04-01,1973.2731072099705
T,N,D1,2013-07-01,2084.8367699999944
T,N,D1,2013-10-01,3516.00618164998
T,N,D1,2014-01-01,2226.3945499099937
T,N,D1,2014-04-01,-555.8675639999856
T,N,D1,2014-07-01,6751.922982534452
T,N,D1,2014-10-01,-1586.3871164195298
T,N,D1,2015-01-01,-1029.5353749360947
T,N,D1,2015-04-01,-2507.997362215945
T,N,D1,2015-07-01,-1410.249652470331
T,N,D1,2015-10-01,1784.6830720319558
T,N,D1,2016-01-01,2628.1221104126307
T,N,D1,2016-04-01,1263.8789234465512
T,N,D1,2016-07-01,-420.20634438152774
T,N,D1,2016-10-01,-2038.0695313255856
T,N,D1,2017-01-01,-2756.7813872630795
T,N,D1,2017-04-01,-1169.867948712148
T,N,D1,2017-07-01,-3539.316000669154
T,N,D1,2017-10-01,-4096.607032301785
T,N,D1,2018-01-01,-3541.5807657826663
T,N,D1,2018-04-01,-6382.27597996383
T,N,D1,2018-07-01,-2877.8303968882537
T,N,D1,2018-10-01,1765.284430747808
T,N,D1,2019-01-01,-3042.219064695637
T,N,D1,2019-04-01,892.0445892974894
T,N,D1,2019-07-01,-1766.1589390678564
T,N,D1,2019-10-01,757.6333675010465
T,N,D1,2020-01-01,12781.97054368697
T,N,D1,2020-04-01,5348.47480762226
T,N,D1,2020-07-01,4590.306516721481
T,N,D1,2020-10-01,2476.7942778822908
T,N,D1,2021-01-01,-1622.7520767373499
T,N,D1,2021-04-01,-892.1261908536253
T,N,D1,2021-07-01,-821.4408203763305
T,N,D1,2021-10-01,-3059.8055202318938
T,N,D1,2022-01-01,-7827.587911759765
T,N,D1,2022-04-01,636.7187983827898
T,N,D1,2022-07-01,-6118.610445097525
T,N,D1,2022-10-01,-3374.0164308781095
T,N,D1,2023-01-01,-748.1703348571464
T,N,D1,2023-04-01,218.43250541943416
T,N,D1,2023-07-01,326.63706713677675
T,N,D1,2023-10-01,1524.5344489571435
T,N,D1,2024-01-01,4051.3614788575214
T,N,D1,2024-04-01,1753.8341977091186
T,N,D1,2024-07-01,-1191.4130258214136
T,N,D1,2024-10-01,4031.999272913861
T,N,D1,2025-01-01,-2165.6723996316723
T,N,D1,2025-04-01,-4897.437568127745
T,N,D1,2025-07-01,-2214.1451540618727
T,N,D1,2025-10-01,-2743.679401209796
T,N,D1,2026-01-01,-7651.163809277132
T,N,P,1985-01-01,112914.53380579548
T,N,P,1985-04-01,113638.10130811171
T,N,P,1985-07-01,110447.08275148936
T,N,P,1985-10-01,101025.69999999978
T,N,P,1986-01-01,103718.51465186158
T,N,P,1986-04-01,104936.73794864523
T,N,P,1986-07-01,103212.94671012979
T,N,P,1986-10-01,99583.10000000003
T,N,P,1987-01-01,102025.20673371272
T,N,P,1987-04-01,101036.72643494839
T,N,P,1987-07-01,92039.36675743238
T,N,P,1987-10-01,121615.09999999998
T,N,P,1988-01-01,127164.71558032985
T,N,P,1988-04-01,137076.10868061328
T,N,P,1988-07-01,150530.78740463173
T,N,P,1988-10-01,151059
T,N,P,1989-01-01,155263.56070171122
T,N,P,1989-04-01,157570.31734065
T,N,P,1989-07-01,148730.11270081732
T,N,P,1989-10-01,143648.10000000003
T,N,P,1990-01-01,136242.91220795887
T,N,P,1990-04-01,117516.03979267608
T,N,P,1990-07-01,131539.32915015862
T,N,P,1990-10-01,126623.1
T,N,P,1991-01-01,123122.37717204946
T,N,P,1991-04-01,132110.37238061053
T,N,P,1991-07-01,145533.35544699684
T,N,P,1991-10-01,151517.09999999998
T,N,P,1992-01-01,153265.6642277659
T,N,P,1992-04-01,159944.51503020336
T,N,P,1992-07-01,157701.03167922355
T,N,P,1992-10-01,160697
T,N,P,1993-01-01,176215.83303844335
T,N,P,1993-04-01,172086.87995598576
T,N,P,1993-07-01,178555.92513983345
T,N,P,1993-10-01,161046.49999999994
T,N,P,1994-01-01,161700.01156848323
T,N,P,1994-04-01,172634.90738307286
T,N,P,1994-07-01,172676.543455539
T,N,P,1994-10-01,172392
T,N,P,1995-01-01,182785.82473074755
T,N,P,1995-04-01,168024.43252318917
T,N,P,1995-07-01,169363.08487125792
T,N,P,1995-10-01,159295.10000000003
T,N,P,1996-01-01,161655.36939540127
T,N,P,1996-04-01,176556.52551021407
T,N,P,1996-07-01,190375.81598776032
T,N,P,1996-10-01,210631.599999999
T,N,P,1997-01-01,201208.53242308012
T,N,P,1997-04-01,170599.21557934146
T,N,P,1997-07-01,178100.8751904355
T,N,P,1997-10-01,160049.69999999908
T,N,P,1998-01-01,175420.61100839352
T,N,P,1998-04-01,164319.69493143965
T,N,P,1998-07-01,236118.13709556387
T,N,P,1998-10-01,164895.92099999997
T,N,P,1999-01-01,205641.27657849662
T,N,P,1999-04-01,246258.873632379
T,N,P,1999-07-01,260215.60873890028
T,N,P,1999-10-01,257418.9260679679
T,N,P,2000-01-01,301056.66887563
T,N,P,2000-04-01,266778.00461831
T,N,P,2000-07-01,262010.9196286
T,N,P,2000-10-01,150673.17355637404
T,N,P,2001-01-01,231226.31976466998
T,N,P,2001-04-01,258538.04791980004
T,N,P,2001-07-01,252252.71168232
T,N,P,2001-10-01,229402.18401413003
T,N,P,2002-01-01,231007.89677475102
T,N,P,2002-04-01,189562.26312419097
T,N,P,2002-07-01,228089.15571401204
T,N,P,2002-10-01,238725.76524456101
T,N,P,2003-01-01,295568.67156699096
T,N,P,2003-04-01,295644.785430041
T,N,P,2003-07-01,267102.71200833505
T,N,P,2003-10-01,259466.2017216331
T,N,P,2004-01-01,277330.3541342501
T,N,P,2004-04-01,265249.5751141
T,N,P,2004-07-01,293814.00736552
T,N,P,2004-10-01,270806.08110804996
T,N,P,2005-01-01,264792.1769377
T,N,P,2005-04-01,251116.36161395
T,N,P,2005-07-01,233017.532948
T,N,P,2005-10-01,200787.93617539993
T,N,P,2006-01-01,235249.29698515008
T,N,P,2006-04-01,237625.80629560002
T,N,P,2006-07-01,207493.53769495
T,N,P,2006-10-01,180508.24784950004
T,N,P,2007-01-01,246686.78391945
T,N,P,2007-04-01,271330.96877339995
T,N,P,2007-07-01,302331.05336845
T,N,P,2007-10-01,350554.6870085801
T,N,P,2008-01-01,362883.52564310015
T,N,P,2008-04-01,369797.9741507501
T,N,P,2008-07-01,347396.5954825799
T,N,P,2008-10-01,356547.9082589899
T,N,P,2009-01-01,440409.21372614
T,N,P,2009-04-01,430804.4531606134
T,N,P,2009-07-01,363344.9439082404
T,N,P,2009-10-01,337693.0881086688
T,N,P,2010-01-01,331955.00878766156
T,N,P,2010-04-01,332122.4302862515
T,N,P,2010-07-01,324827.4638075195
T,N,P,2010-10-01,259529.60915997368
T,N,P,2011-01-01,264724.2277492599
T,N,P,2011-04-01,268343.8591099491
T,N,P,2011-07-01,324723.1082626956
T,N,P,2011-10-01,310040.7370839374
T,N,P,2012-01-01,278655.54857540445
T,N,P,2012-04-01,273464.92939669034
T,N,P,2012-07-01,264590.6900855246
T,N,P,2012-10-01,160289.4424199236
T,N,P,2013-01-01,100085.54885977297
T,N,P,2013-04-01,61778.00889686495
T,N,P,2013-07-01,27574.315093535
T,N,P,2013-10-01,28438.9926819494
T,N,P,2014-01-01,7404.040769112762
T,N,P,2014-04-01,26474.723176747095
T,N,P,2014-07-01,30388.415322957095
T,N,P,2014-10-01,23021.030771282036
T,N,P,2015-01-01,6539.121945678722
T,N,P,2015-04-01,28649.13226908003
T,N,P,2015-07-01,48502.19165851083
T,N,P,2015-10-01,19785.760683925124
T,N,P,2016-01-01,98937.85774731729
T,N,P,2016-04-01,116719.64390734956
T,N,P,2016-07-01,116095.13856286602
T,N,P,2016-10-01,119796.71287449915
T,N,P,2017-01-01,82806.19151793304
T,N,P,2017-04-01,83150.12205337244
T,N,P,2017-07-01,97051.7865076547
T,N,P,2017-10-01,94246.7175994427
T,N,P,2018-01-01,145977.6948008074
T,N,P,2018-04-01,150664.3409842949
T,N,P,2018-07-01,96211.18388381763
T,N,P,2018-10-01,138018.82795599033
T,N,P,2019-01-01,92259.11287954915
T,N,P,2019-04-01,45699.0209411711
T,N,P,2019-07-01,40409.37618849403
T,N,P,2019-10-01,6736.259437644156
T,N,P,2020-01-01,43970.732656492386
T,N,P,2020-04-01,41861.18356452766
T,N,P,2020-07-01,57530.48360220599
T,N,P,2020-10-01,56384.90275208466
T,N,P,2021-01-01,89538.9987414938
T,N,P,2021-04-01,35166.525495305425
T,N,P,2021-07-01,46561.63037391682
T,N,P,2021-10-01,-74008.23667059722
T,N,P,2022-01-01,-3729.332337700762
T,N,P,2022-04-01,53871.020467378665
T,N,P,2022-07-01,96323.93605093542
T,N,P,2022-10-01,21238.25810395088
T,N,P,2023-01-01,34660.75619607349
T,N,P,2023-04-01,-17436.51135308831
T,N,P,2023-07-01,71091.40660737013
T,N,P,2023-10-01,54703.10415012436
T,N,P,2024-01-01,89169.14563034242
T,N,P,2024-04-01,98703.35198540334
T,N,P,2024-07-01,79412.5348578575
T,N,P,2024-10-01,189420.44775143242
T,N,P,2025-01-01,87923.3263616853
T,N,P,2025-04-01,152672.2079356308
T,N,P,2025-07-01,192925.47464179574
T,N,P,2025-10-01,88739.84376638918
T,N,P,2026-01-01,124394.56541982642
T,N,T,1985-01-01,216514.74280338985
T,N,T,1985-04-01,221533.44506220618
T,N,T,1985-07-01,218916.66318966262
T,N,T,1985-10-01,208639.68723919458
T,N,T,1986-01-01,210160.03008510632
T,N,T,1986-04-01,206249.57213280222
T,N,T,1986-07-01,196890.13298524386
T,N,T,1986-10-01,191565.4717435949
T,N,T,1987-01-01,194297.76155013707
T,N,T,1987-04-01,195282.98975431046
T,N,T,1987-07-01,191778.58697079
T,N,T,1987-10-01,220049.02412349993
T,N,T,1988-01-01,225766.6988510632
T,N,T,1988-04-01,238995.19453167118
T,N,T,1988-07-01,259114.86642044887
T,N,T,1988-10-01,258561.17304999998
T,N,T,1989-01-01,266351.5028861778
T,N,T,1989-04-01,274080.15752538823
T,N,T,1989-07-01,264421.0006126084
T,N,T,1989-10-01,262572.77329999994
T,N,T,1990-01-01,258992.54762347328
T,N,T,1990-04-01,242841.57835617685
T,N,T,1990-07-01,257212.57088605838
T,N,T,1990-10-01,253310.9288
T,N,T,1991-01-01,251946.5959709593
T,N,T,1991-04-01,267998.3252806488
T,N,T,1991-07-01,284564.85461024987
T,N,T,1991-10-01,288366.94355599995
T,N,T,1992-01-01,299305.0520760984
T,N,T,1992-04-01,313701.65055617073
T,N,T,1992-07-01,301626.84593155014
T,N,T,1992-10-01,308981.9946
T,N,T,1993-01-01,336747.7229551051
T,N,T,1993-04-01,331210.97349543415
T,N,T,1993-07-01,339209.6673982637
T,N,T,1993-10-01,322275.90518800006
T,N,T,1994-01-01,314526.1529926098
T,N,T,1994-04-01,320712.7372835034
T,N,T,1994-07-01,315169.205175397
T,N,T,1994-10-01,319142.55740000005
T,N,T,1995-01-01,329230.1262834269
T,N,T,1995-04-01,308336.0084216796
T,N,T,1995-07-01,316618.5127087543
T,N,T,1995-10-01,308286.404004
T,N,T,1996-01-01,319935.61894487124
T,N,T,1996-04-01,348597.2332863017
T,N,T,1996-07-01,368946.3285020039
T,N,T,1996-10-01,409094.5266999989
T,N,T,1997-01-01,429360.4447777766
T,N,T,1997-04-01,402432.3544423501
T,N,T,1997-07-01,423230.90317454096
T,N,T,1997-10-01,401112.8346159989
T,N,T,1998-01-01,435192.7899515226
T,N,T,1998-04-01,444800.81577172177
T,N,T,1998-07-01,525284.4959722916
T,N,T,1998-10-01,445723.47150000045
T,N,T,1999-01-01,482334.1820722348
T,N,T,1999-04-01,531067.1960241066
T,N,T,1999-07-01,549432.1131821647
T,N,T,1999-10-01,539652.9496887503
T,N,T,2000-01-01,577392.4447775364
T,N,T,2000-04-01,575748.7836151612
T,N,T,2000-07-01,582735.0508566194
T,N,T,2000-10-01,504742.4932461493
T,N,T,2001-01-01,550744.085306945
T,N,T,2001-04-01,597386.1768645814
T,N,T,2001-07-01,570415.9718673963
T,N,T,2001-10-01,586815.9195899593
T,N,T,2002-01-01,580502.3995175166
T,N,T,2002-04-01,537051.2363172185
T,N,T,2002-07-01,573170.5344952997
T,N,T,2002-10-01,572524.7637555706
T,N,T,2003-01-01,633419.3060864699
T,N,T,2003-04-01,641720.0164395622
T,N,T,2003-07-01,602713.0748494267
T,N,T,2003-10-01,554513.1836858653
T,N,T,2004-01-01,561228.0409875445
T,N,T,2004-04-01,546907.163480429
T,N,T,2004-07-01,577539.8343279285
T,N,T,2004-10-01,558763.2459640515
T,N,T,2005-01-01,591280.8755340644
T,N,T,2005-04-01,593546.3201220508
T,N,T,2005-07-01,601547.443532628
T,N,T,2005-10-01,602472.9705422078
T,N,T,2006-01-01,663593.3240292482
T,N,T,2006-04-01,681261.9400085099
T,N,T,2006-07-01,696062.43915002
T,N,T,2006-10-01,597209.6698051537
T,N,T,2007-01-01,647594.3736815262
T,N,T,2007-04-01,674681.4689818225
T,N,T,2007-07-01,702670.5134869562
T,N,T,2007-10-01,739483.6762377885
T,N,T,2008-01-01,695124.8572066249
T,N,T,2008-04-01,708719.352788303
T,N,T,2008-07-01,708927.6771423412
T,N,T,2008-10-01,649727.8214979907
T,N,T,2009-01-01,738787.2739815465
T,N,T,2009-04-01,756368.4157443698
T,N,T,2009-07-01,709077.5444223336
T,N,T,2009-10-01,686392.2757441704
T,N,T,2010-01-01,685450.1925996277
T,N,T,2010-04-01,740841.7556712818
T,N,T,2010-07-01,763654.6335584084
T,N,T,2010-10-01,699060.6851919596
T,N,T,2011-01-01,703606.6030030362
T,N,T,2011-04-01,665756.3314229711
T,N,T,2011-07-01,757917.993851772
T,N,T,2011-10-01,746181.5710484069
T,N,T,2012-01-01,701828.8897926514
T,N,T,2012-04-01,754773.1328471634
T,N,T,2012-07-01,773218.4002443729
T,N,T,2012-10-01,680563.9011920979
T,N,T,2013-01-01,622117.3424687176
T,N,T,2013-04-01,597899.0245103529
T,N,T,2013-07-01,575557.7255573631
T,N,T,2013-10-01,555269.6749900314
T,N,T,2014-01-01,531362.7763943891
T,N,T,2014-04-01,533630.4847346414
T,N,T,2014-07-01,551968.2452919129
T,N,T,2014-10-01,507749.3416787097
T,N,T,2015-01-01,378813.42111162655
T,N,T,2015-04-01,397808.52680094074
T,N,T,2015-07-01,503242.46335229697
T,N,T,2015-10-01,489233.0190825793
T,N,T,2016-01-01,550056.7959324103
T,N,T,2016-04-01,563275.649836034
T,N,T,2016-07-01,586311.1323945886
T,N,T,2016-10-01,618612.7007380323
T,N,T,2017-01-01,593283.3090202063
T,N,T,2017-04-01,579954.3315538643
T,N,T,2017-07-01,662320.0515345847
T,N,T,2017-10-01,680313.1735338522
T,N,T,2018-01-01,708978.3457913538
T,N,T,2018-04-01,754372.8083944479
T,N,T,2018-07-01,718122.004149586
T,N,T,2018-10-01,793192.105789586
T,N,T,2019-01-01,751687.2468786389
T,N,T,2019-04-01,698085.3425094597
T,N,T,2019-07-01,664547.4876561882
T,N,T,2019-10-01,651131.9545263313
T,N,T,2020-01-01,662239.4444294646
T,N,T,2020-04-01,713427.7042216836
T,N,T,2020-07-01,781452.5139440801
T,N,T,2020-10-01,785998.6300355466
T,N,T,2021-01-01,920162.4760581059
T,N,T,2021-04-01,896740.0333223445
T,N,T,2021-07-01,933448.810617066
T,N,T,2021-10-01,785464.6291471589
T,N,T,2022-01-01,768229.5169438068
T,N,T,2022-04-01,758027.5119134113
T,N,T,2022-07-01,726354.0672171032
T,N,T,2022-10-01,723574.9535192242
T,N,T,2023-01-01,785438.5024342816
T,N,T,2023-04-01,782536.3617828041
T,N,T,2023-07-01,857456.8574889535
T,N,T,2023-10-01,817554.8483538772
T,N,T,2024-01-01,962797.5255536474
T,N,T,2024-04-01,943214.8260969054
T,N,T,2024-07-01,869318.3571824702
T,N,T,2024-10-01,1032375.1697039744
T,N,T,2025-01-01,956848.6059237877
T,N,T,2025-04-01,962663.1594062056
T,N,T,2025-07-01,1022003.9651788194
T,N,T,2025-10-01,956076.2208322808
T,N,T,2026-01-01,973908.0197695624
T,N,UI,1985-01-01,24514.729246272676
T,N,UI,1985-04-01,29005.326926598762
T,N,UI,1985-07-01,32962.149971531035
T,N,UI,1985-10-01,35787.887239194795
T,N,UI,1986-01-01,33685.19816855114
T,N,UI,1986-04-01,31755.54783694449
T,N,UI,1986-07-01,29952.983077958634
T,N,UI,1986-10-01,28441.37174359488
T,N,UI,1987-01-01,30211.573605650046
T,N,UI,1987-04-01,32570.747211948794
T,N,UI,1987-07-01,34759.41859977486
T,N,UI,1987-10-01,35227.92412350001
T,N,UI,1988-01-01,36175.209075570194
T,N,UI,1988-04-01,36513.61541388286
T,N,UI,1988-07-01,36674.28547990869
T,N,UI,1988-10-01,34940.673049999954
T,N,UI,1989-01-01,32446.61274073535
T,N,UI,1989-04-01,30631.09939125809
T,N,UI,1989-07-01,30263.53995867679
T,N,UI,1989-10-01,34272.37329999998
T,N,UI,1990-01-01,37251.267620758794
T,N,UI,1990-04-01,42113.9571646353
T,N,UI,1990-07-01,46467.76825338451
T,N,UI,1990-10-01,48775.02879999997
T,N,UI,1991-01-01,48602.222207433835
T,N,UI,1991-04-01,48326.815880223
T,N,UI,1991-07-01,46084.84794705961
T,N,UI,1991-10-01,43472.143555999966
T,N,UI,1992-01-01,44326.35367851675
T,N,UI,1992-04-01,46547.365647385595
T,N,UI,1992-07-01,43650.90638496156
T,N,UI,1992-10-01,43329.994599999976
T,N,UI,1993-01-01,44054.90571196878
T,N,UI,1993-04-01,41258.26581637672
T,N,UI,1993-07-01,40603.51312792307
T,N,UI,1993-10-01,38325.105188000016
T,N,UI,1994-01-01,27950.277100806765
T,N,UI,1994-04-01,20857.745844243327
T,N,UI,1994-07-01,18183.49442983372
T,N,UI,1994-10-01,20434.55739999999
T,N,UI,1995-01-01,18208.700360738672
T,N,UI,1995-04-01,15156.103044441319
T,N,UI,1995-07-01,14552.876756815589
T,N,UI,1995-10-01,13536.704004
T,N,UI,1996-01-01,17634.978720707004
T,N,UI,1996-04-01,23596.758168328786
T,N,UI,1996-07-01,28803.88195479865
T,N,UI,1996-10-01,37041.326699999976
T,N,UI,1997-01-01,40910.25157579081
T,N,UI,1997-04-01,39084.56291476218
T,N,UI,1997-07-01,44821.031863103155
T,N,UI,1997-10-01,39701.53461600002
T,N,UI,1998-01-01,51140.37092970498
T,N,UI,1998-04-01,66098.28381822258
T,N,UI,1998-07-01,76776.35654359346
T,N,UI,1998-10-01,79701.6505000001
T,N,UI,1999-01-01,66003.92698714335
T,N,UI,1999-04-01,63333.653761441004
T,N,UI,1999-07-01,61279.594284926774
T,N,UI,1999-10-01,45756.61891893728
T,N,UI,2000-01-01,38882.933183150366
T,N,UI,2000-04-01,42891.76987967221
T,N,UI,2000-07-01,45736.10894025955
T,N,UI,2000-10-01,52540.54454322858
T,N,UI,2001-01-01,8760.483389281319
T,N,UI,2001-04-01,16655.17043169099
T,N,UI,2001-07-01,7115.897333807778
T,N,UI,2001-10-01,21298.77035798272
T,N,UI,2002-01-01,19672.20232162904
T,N,UI,2002-04-01,42867.50886163709
T,N,UI,2002-07-01,44871.4260619299
T,N,UI,2002-10-01,42302.57031353004
T,N,UI,2003-01-01,41892.08854922
T,N,UI,2003-04-01,44713.998908381094
T,N,UI,2003-07-01,41595.61306030559
T,N,UI,2003-10-01,14484.766096059931
T,N,UI,2004-01-01,-2498.265757108922
T,N,UI,2004-04-01,-2404.75137396995
T,N,UI,2004-07-01,-5628.468930639909
T,N,UI,2004-10-01,4688.357250450063
T,N,UI,2005-01-01,4027.0600349700544
T,N,UI,2005-04-01,25894.243316809996
T,N,UI,2005-07-01,12755.65893687727
T,N,UI,2005-10-01,21306.460579997976
T,N,UI,2006-01-01,-26810.423420792213
T,N,UI,2006-04-01,-20563.05862451135
T,N,UI,2006-07-01,-27616.215216922807
T,N,UI,2006-10-01,-4321.065243197605
T,N,UI,2007-01-01,-21103.029813806294
T,N,UI,2007-04-01,-7714.333391373046
T,N,UI,2007-07-01,6294.273251641542
T,N,UI,2007-10-01,-4395.400862465147
T,N,UI,2008-01-01,-26325.66928877565
T,N,UI,2008-04-01,-23401.875451665604
T,N,UI,2008-07-01,-3277.4386486618314
T,N,UI,2008-10-01,-44093.567262824625
T,N,UI,2009-01-01,-84204.24267903261
T,N,UI,2009-04-01,-112098.48976236349
T,N,UI,2009-07-01,-100479.99730177119
T,N,UI,2009-10-01,-134462.8077907036
T,N,UI,2010-01-01,-169829.32782775222
T,N,UI,2010-04-01,-235867.53573783545
T,N,UI,2010-07-01,-203700.44359263463
T,N,UI,2010-10-01,-185045.7039737039
T,N,UI,2011-01-01,-191869.43166891183
T,N,UI,2011-04-01,-158236.79043991608
T,N,UI,2011-07-01,-231410.0173675667
T,N,UI,2011-10-01,-235020.07029874157
T,N,UI,2012-01-01,-222248.75467989512
T,N,UI,2012-04-01,-302504.60990045476
T,N,UI,2012-07-01,-358529.2680786853
T,N,UI,2012-10-01,-340144.816453899
T,N,UI,2013-01-01,-341358.5161190417
T,N,UI,2013-04-01,-302372.68556163297
T,N,UI,2013-07-01,-278320.8497566049
T,N,UI,2013-10-01,-288504.31987574557
T,N,UI,2014-01-01,-271308.9248745041
T,N,UI,2014-04-01,-278388.38656008197
T,N,UI,2014-07-01,-268212.3343413499
T,N,UI,2014-10-01,-259277.13302063
T,N,UI,2015-01-01,-324398.4404884898
T,N,UI,2015-04-01,-300822.00278544566
T,N,UI,2015-07-01,-308830.2052645569
T,N,UI,2015-10-01,-292535.3703086247
T,N,UI,2016-01-01,-300889.6294766421
T,N,UI,2016-04-01,-308778.1570829351
T,N,UI,2016-07-01,-290408.4947022853
T,N,UI,2016-10-01,-253566.8347249747
T,N,UI,2017-01-01,-263047.2718589179
T,N,UI,2017-04-01,-232956.63607688574
T,N,UI,2017-07-01,-231881.19852248498
T,N,UI,2017-10-01,-218758.96583727677
T,N,UI,2018-01-01,-275054.08817798377
T,N,UI,2018-04-01,-268269.725606238
T,N,UI,2018-07-01,-259188.02943810634
T,N,UI,2018-10-01,-256651.85673805466
T,N,UI,2019-01-01,-262311.9955517893
T,N,UI,2019-04-01,-255994.43507547502
T,N,UI,2019-07-01,-274990.4861147809
T,N,UI,2019-10-01,-273533.53430503095
T,N,UI,2020-01-01,-332478.00426749606
T,N,UI,2020-04-01,-436768.38881993433
T,N,UI,2020-07-01,-460948.68026912306
T,N,UI,2020-10-01,-468841.25489493273
T,N,UI,2021-01-01,-471197.0026610291
T,N,UI,2021-04-01,-461066.560757215
T,N,UI,2021-07-01,-461031.6921483136
T,N,UI,2021-10-01,-482636.557167529
T,N,UI,2022-01-01,-492412.97672592686
T,N,UI,2022-04-01,-486361.96478061075
T,N,UI,2022-07-01,-477831.2602182921
T,N,UI,2022-10-01,-393900.8441656645
T,N,UI,2023-01-01,-329766.9424316265
T,N,UI,2023-04-01,-289081.0616758672
T,N,UI,2023-07-01,-299231.38227519754
T,N,UI,2023-10-01,-302827.376648695
T,N,UI,2024-01-01,-337162.1655725249
T,N,UI,2024-04-01,-382187.3187227595
T,N,UI,2024-07-01,-401209.5646444742
T,N,UI,2024-10-01,-365231.5861347164
T,N,UI,2025-01-01,-382345.3511350278
T,N,UI,2025-04-01,-372391.61636072316
T,N,UI,2025-07-01,-379271.38685732684
T,N,UI,2025-10-01,-336384.3974264612
T,N,UI,2026-01-01,-378673.5461377789
T,N,W,1985-01-01,56764.73084695542
T,N,W,1985-04-01,55930.555463333236
T,N,W,1985-07-01,53022.02217135485
T,N,W,1985-10-01,50045
T,N,W,1986-01-01,50359.42132051634
T,N,W,1986-04-01,49403.083533383855
T,N,W,1986-07-01,47131.33346341769
T,N,W,1986-10-01,48166
T,N,W,1987-01-01,47548.74476731807
T,N,W,1987-04-01,48310.87376356642
T,N,W,1987-07-01,50957.92082363702
T,N,W,1987-10-01,49362
T,N,W,1988-01-01,47702.770991390484
T,N,W,1988-04-01,47496.394888486495
T,N,W,1988-07-01,49766.75337460389
T,N,W,1988-10-01,47881
T,N,W,1989-01-01,50006.74177256301
T,N,W,1989-04-01,53287.302416647275
T,N,W,1989-07-01,52982.99873153965
T,N,W,1989-10-01,51735
T,N,W,1990-01-01,51689.927432406716
T,N,W,1990-04-01,51394.879659996
T,N,W,1990-07-01,49630.88023292448
T,N,W,1990-10-01,49227
T,N,W,1991-01-01,48943.841689439985
T,N,W,1991-04-01,52599.0425600358
T,N,W,1991-07-01,53862.54382393279
T,N,W,1991-10-01,52351
T,N,W,1992-01-01,54963.56068361226
T,N,W,1992-04-01,57720.11622764953
T,N,W,1992-07-01,54950.52887181568
T,N,W,1992-10-01,59197
T,N,W,1993-01-01,63384.493756864686
T,N,W,1993-04-01,61805.38167857798
T,N,W,1993-07-01,61676.95179994339
T,N,W,1993-10-01,60708.200000000004
T,N,W,1994-01-01,61784.58684205851
T,N,W,1994-04-01,61855.12312267216
T,N,W,1994-07-01,59719.21952887748
T,N,W,1994-10-01,59567
T,N,W,1995-01-01,57772.92630734267
T,N,W,1995-04-01,54649.05716943246
T,N,W,1995-07-01,55527.33081150059
T,N,W,1995-10-01,55891
T,N,W,1996-01-01,57035.82634559694
T,N,W,1996-04-01,59826.5608758538
T,N,W,1996-07-01,60461.26632208326
T,N,W,1996-10-01,63687.2
T,N,W,1997-01-01,70191.2902825717
T,N,W,1997-04-01,70579.15999483955
T,N,W,1997-07-01,71420.30219068751
T,N,W,1997-10-01,68605.40000000001
T,N,W,1998-01-01,64329.560997288834
T,N,W,1998-04-01,67719.46612649954
T,N,W,1998-07-01,69264.86576569351
T,N,W,1998-10-01,68939.7
T,N,W,1999-01-01,68609.2594581418
T,N,W,1999-04-01,70064.10082832508
T,N,W,1999-07-01,69901.71811332661
T,N,W,1999-10-01,69980.8406299499
T,N,W,2000-01-01,62184.25914832
T,N,W,2000-04-01,88399.40742557
T,N,W,2000-07-01,90195.61649600998
T,N,W,2000-10-01,87855.59371826
T,N,W,2001-01-01,86276.67635238
T,N,W,2001-04-01,90371.5423303
T,N,W,2001-07-01,86923.90062217
T,N,W,2001-10-01,87031.03277087
T,N,W,2002-01-01,89192.12448742
T,N,W,2002-04-01,84028.61563411
T,N,W,2002-07-01,87001.86529787
T,N,W,2002-10-01,85349.15717026
T,N,W,2003-01-01,83601.13485665
T,N,W,2003-04-01,86138.41876533
T,N,W,2003-07-01,86906.96641844235
T,N,W,2003-10-01,86047.47812898
T,N,W,2004-01-01,90043.92187126
T,N,W,2004-04-01,83583.463959065
T,N,W,2004-07-01,86941.74470685
T,N,W,2004-10-01,84462.47776794
T,N,W,2005-01-01,87082.97708443
T,N,W,2005-04-01,70325.47846509
T,N,W,2005-07-01,72614.00384161
T,N,W,2005-10-01,75828.43091385
T,N,W,2006-01-01,77827.22206625
T,N,W,2006-04-01,75808.42173573
T,N,W,2006-07-01,77487.24238223
T,N,W,2006-10-01,78667.95178972001
T,N,W,2007-01-01,79867.47367775
T,N,W,2007-04-01,79417.06794284999
T,N,W,2007-07-01,82434.85274793
T,N,W,2007-10-01,85028.98871246999
T,N,W,2008-01-01,80225.65451005
T,N,W,2008-04-01,80687.74240186
T,N,W,2008-07-01,82453.41386261
T,N,W,2008-10-01,78887.358459857
T,N,W,2009-01-01,91839.56912598
T,N,W,2009-04-01,116819.37433948998
T,N,W,2009-07-01,123636.07803889
T,N,W,2009-10-01,139664.2244875
T,N,W,2010-01-01,171267.09914394002
T,N,W,2010-04-01,276333.62412417
T,N,W,2010-07-01,264347.68992358
T,N,W,2010-10-01,252445.53989311
T,N,W,2011-01-01,256099.73975202002
T,N,W,2011-04-01,244705.96772127
T,N,W,2011-07-01,336581.0038445653
T,N,W,2011-10-01,311393.7916299
T,N,W,2012-01-01,295196.08314583
T,N,W,2012-04-01,423437.04457031004
T,N,W,2012-07-01,492635.47909378
T,N,W,2012-10-01,485001.3215324
T,N,W,2013-01-01,496142.17435335
T,N,W,2013-04-01,479346.60476813
T,N,W,2013-07-01,479794.23096133
T,N,W,2013-10-01,477364.49139406
T,N,W,2014-01-01,482577.09806008136
T,N,W,2014-04-01,495267.069020069
T,N,W,2014-07-01,507562.94585792
T,N,W,2014-10-01,541200.56205382
T,N,W,2015-01-01,566816.198408429
T,N,W,2015-04-01,558456.5325992965
T,N,W,2015-07-01,584018.7625492892
T,N,W,2015-10-01,601358.8534552557
T,N,W,2016-01-01,622331.045376787
T,N,W,2016-04-01,657851.6530792841
T,N,W,2016-07-01,676640.849440791
T,N,W,2016-10-01,690496.6968631623
T,N,W,2017-01-01,730815.3047529208
T,N,W,2017-04-01,739149.1226737548
T,N,W,2017-07-01,772082.494293027
T,N,W,2017-10-01,792129.1965605242
T,N,W,2018-01-01,785293.3273196188
T,N,W,2018-04-01,795601.6380988497
T,N,W,2018-07-01,784027.2121107162
T,N,W,2018-10-01,776497.5161752502
T,N,W,2019-01-01,805391.7937441814
T,N,W,2019-04-01,811375.8375745557
T,N,W,2019-07-01,832459.5768951399
T,N,W,2019-10-01,826408.7096787147
T,N,W,2020-01-01,820915.0426103068
T,N,W,2020-04-01,913570.240202599
T,N,W,2020-07-01,938094.154588127
T,N,W,2020-10-01,954139.0534672278
T,N,W,2021-01-01,990524.1326790184
T,N,W,2021-04-01,1002151.1892897642
T,N,W,2021-07-01,1007556.182949683
T,N,W,2021-10-01,1014134.3919144283
T,N,W,2022-01-01,982869.1857695417
T,N,W,2022-04-01,919508.1630126649
T,N,W,2022-07-01,872748.1368115031
T,N,W,2022-10-01,852195.186066525
T,N,W,2023-01-01,816130.3989680047
T,N,W,2023-04-01,794566.6104191036
T,N,W,2023-07-01,747856.1083615413
T,N,W,2023-10-01,724375.8592639188
T,N,W,2024-01-01,794943.379123185
T,N,W,2024-04-01,794255.7555341934
T,N,W,2024-07-01,802291.0272191553
T,N,W,2024-10-01,822566.7243014029
T,N,W,2025-01-01,830081.7783503182
T,N,W,2025-04-01,812712.2001092304
T,N,W,2025-07-01,840631.2124072412
T,N,W,2025-10-01,852604.6756800428
T,N,W,2026-01-01,856045.3576511886
T,P,D0,1985-01-01,30218.534009590763
T,P,D0,1985-04-01,32051.257575950876
T,P,D0,1985-07-01,34061.02365458785
T,P,D0,1985-10-01,36092.1
T,P,D0,1986-01-01,39458.648678097685
T,P,D0,1986-04-01,42510.24338989392
T,P,D0,1986-07-01,45368.706527249145
T,P,D0,1986-10-01,48351.7
T,P,D0,1987-01-01,49449.41515544059
T,P,D0,1987-04-01,50697.01065046793
T,P,D0,1987-07-01,51881.26169816684
T,P,D0,1987-10-01,52880.299999999996
T,P,D0,1988-01-01,54338.75090125903
T,P,D0,1988-04-01,55764.32125574545
T,P,D0,1988-07-01,57078.930209020065
T,P,D0,1988-10-01,58242.899999999994
T,P,D0,1989-01-01,59766.81254357865
T,P,D0,1989-04-01,61268.94686557466
T,P,D0,1989-07-01,63029.27908023101
T,P,D0,1989-10-01,65431.799999999996
T,P,D0,1990-01-01,65955.51193172627
T,P,D0,1990-04-01,66956.63971995111
T,P,D0,1990-07-01,68024.71387850025
T,P,D0,1990-10-01,68785.59999999999
T,P,D0,1991-01-01,70125.79625687192
T,P,D0,1991-04-01,70999.14076848023
T,P,D0,1991-07-01,71500.07519963615
T,P,D0,1991-10-01,71711.8
T,P,D0,1992-01-01,71476.68731166657
T,P,D0,1992-04-01,71050.17215801604
T,P,D0,1992-07-01,70490.0943539186
T,P,D0,1992-10-01,69868.1
T,P,D0,1993-01-01,72581.6382345136
T,P,D0,1993-04-01,75403.10320836464
T,P,D0,1993-07-01,78431.6727227896
T,P,D0,1993-10-01,81789.6
T,P,D0,1994-01-01,83927.23400267202
T,P,D0,1994-04-01,86363.45550627692
T,P,D0,1994-07-01,88962.96354825412
T,P,D0,1994-10-01,91561
T,P,D0,1995-01-01,93339.81273240599
T,P,D0,1995-04-01,94979.13801823942
T,P,D0,1995-07-01,96537.91832981368
T,P,D0,1995-10-01,98069.1
T,P,D0,1996-01-01,99664.01504990291
T,P,D0,1996-04-01,101396.49097360099
T,P,D0,1996-07-01,103406.81957151664
T,P,D0,1996-10-01,105847.2
T,P,D0,1997-01-01,109370.29612947331
T,P,D0,1997-04-01,113392.69242623946
T,P,D0,1997-07-01,117805.20300895635
T,P,D0,1997-10-01,122488.9
T,P,D0,1998-01-01,122008.13410827833
T,P,D0,1998-04-01,127341.45574395046
T,P,D0,1998-07-01,132918.86117106388
T,P,D0,1998-10-01,138429.3
T,P,D0,1999-01-01,147483.3070306862
T,P,D0,1999-04-01,154449.3125045536
T,P,D0,1999-07-01,161104.80176026202
T,P,D0,1999-10-01,167818.4705259438
T,P,D0,2000-01-01,175291.3569763775
T,P,D0,2000-04-01,182755.11017482294
T,P,D0,2000-07-01,189591.7633732682
T,P,D0,2000-10-01,202094.71657171345
T,P,D0,2001-01-01,201284.4212151085
T,P,D0,2001-04-01,207296.32585850355
T,P,D0,2001-07-01,210422.13050189844
T,P,D0,2001-10-01,210854.5351452936
T,P,D0,2002-01-01,217855.6646021653
T,P,D0,2002-04-01,220357.494059037
T,P,D0,2002-07-01,230157.2235159087
T,P,D0,2002-10-01,240280.65297278037
T,P,D0,2003-01-01,242709.74690201224
T,P,D0,2003-04-01,250819.440831244
T,P,D0,2003-07-01,261667.63476047583
T,P,D0,2003-10-01,282980.82868970756
T,P,D0,2004-01-01,292490.2060578778
T,P,D0,2004-04-01,297828.5834260481
T,P,D0,2004-07-01,303323.2607942184
T,P,D0,2004-10-01,317920.9381623886
T,P,D0,2005-01-01,313320.6036535516
T,P,D0,2005-04-01,319915.39414471446
T,P,D0,2005-07-01,316792.7846358772
T,P,D0,2005-10-01,332164.47512704006
T,P,D0,2006-01-01,340937.72188221157
T,P,D0,2006-04-01,351996.0568104316
T,P,D0,2006-07-01,366935.28569845395
T,P,D0,2006-10-01,466622.4315908687
T,P,D0,2007-01-01,505286.23202521785
T,P,D0,2007-04-01,553594.8869676015
T,P,D0,2007-07-01,592191.4467212576
T,P,D0,2007-10-01,620423.8196207961
T,P,D0,2008-01-01,626863.932788809
T,P,D0,2008-04-01,657359.1797270853
T,P,D0,2008-07-01,676446.718291176
T,P,D0,2008-10-01,685988.4849218448
T,P,D0,2009-01-01,714079.5323459723
T,P,D0,2009-04-01,730074.3812789946
T,P,D0,2009-07-01,743715.2036028835
T,P,D0,2009-10-01,756296.7436871345
T,P,D0,2010-01-01,780554.541925432
T,P,D0,2010-04-01,802577.6220693511
T,P,D0,2010-07-01,817321.8252394338
T,P,D0,2010-10-01,834927.7611751598
T,P,D0,2011-01-01,859501.3747233187
T,P,D0,2011-04-01,877234.750757354
T,P,D0,2011-07-01,896810.7916500927
T,P,D0,2011-10-01,915933.6092016696
T,P,D0,2012-01-01,936509.8839629153
T,P,D0,2012-04-01,961767.3041913387
T,P,D0,2012-07-01,964626.9594692946
T,P,D0,2012-10-01,970296.7669439266
T,P,D0,2013-01-01,975939.3977509504
T,P,D0,2013-04-01,982352.218664639
T,P,D0,2013-07-01,971045.6011043729
T,P,D0,2013-10-01,965925.3633233032
T,P,D0,2014-01-01,979307.3176805474
T,P,D0,2014-04-01,1003972.7763391631
T,P,D0,2014-07-01,1021683.7674940728
T,P,D0,2014-10-01,1213898.8074970476
T,P,D0,2015-01-01,1243131.9151966616
T,P,D0,2015-04-01,1278030.9135068185
T,P,D0,2015-07-01,1309639.7716003272
T,P,D0,2015-10-01,1392619.1895117655
T,P,D0,2016-01-01,1498411.3886232448
T,P,D0,2016-04-01,1576523.037943777
T,P,D0,2016-07-01,1661725.35150472
T,P,D0,2016-10-01,1752357.9112194588
T,P,D0,2017-01-01,1781295.1489623638
T,P,D0,2017-04-01,1850467.4721618907
T,P,D0,2017-07-01,1837551.893005731
T,P,D0,2017-10-01,1890159.4183336024
T,P,D0,2018-01-01,1889416.91215735
T,P,D0,2018-04-01,1874408.12143787
T,P,D0,2018-07-01,1856666.0975939943
T,P,D0,2018-10-01,1825915.8968869867
T,P,D0,2019-01-01,1850495.9870534518
T,P,D0,2019-04-01,1866690.595988115
T,P,D0,2019-07-01,1909668.3754586263
T,P,D0,2019-10-01,1974512.7620120593
T,P,D0,2020-01-01,1943424.5526415703
T,P,D0,2020-04-01,1801596.6192340537
T,P,D0,2020-07-01,1804368.7547346225
T,P,D0,2020-10-01,1771287.5207123265
T,P,D0,2021-01-01,1810074.7185006023
T,P,D0,2021-04-01,1777930.473053709
T,P,D0,2021-07-01,1730461.8920225855
T,P,D0,2021-10-01,1671200.0216993587
T,P,D0,2022-01-01,1715995.1991859814
T,P,D0,2022-04-01,1721638.464930719
T,P,D0,2022-07-01,1724405.0420410256
T,P,D0,2022-10-01,1666736.4287344657
T,P,D0,2023-01-01,1672876.515867966
T,P,D0,2023-04-01,1633364.6418007705
T,P,D0,2023-07-01,1607388.677560802
T,P,D0,2023-10-01,1517549.050301915
T,P,D0,2024-01-01,1549978.7126295776
T,P,D0,2024-04-01,1507041.6196429878
T,P,D0,2024-07-01,1497331.0660759194
T,P,D0,2024-10-01,1513410.5592509534
T,P,D0,2025-01-01,1512825.402979955
T,P,D0,2025-04-01,1470754.7698364903
T,P,D0,2025-07-01,1478114.1816234791
T,P,D0,2025-10-01,1502503.308349311
T,P,D0,2026-01-01,1513959.0432742685
T,P,D1,2004-04-01,20194
T,P,D1,2004-07-01,23239
T,P,D1,2004-10-01,34141
T,P,D1,2005-01-01,36405.3
T,P,D1,2005-04-01,53253.1
T,P,D1,2005-07-01,48124.6
T,P,D1,2005-10-01,43155.9
T,P,D1,2006-01-01,39868.9
T,P,D1,2006-04-01,39830.8
T,P,D1,2006-07-01,38302
T,P,D1,2006-10-01,41914.4
T,P,D1,2007-01-01,46657.6
T,P,D1,2007-04-01,54012.7
T,P,D1,2007-07-01,68161.9
T,P,D1,2007-10-01,57198.8
T,P,D1,2008-01-01,116266.8
T,P,D1,2008-04-01,100850.1
T,P,D1,2008-07-01,130988.3
T,P,D1,2008-10-01,164495.21918743
T,P,D1,2009-01-01,143910.57525374
T,P,D1,2009-04-01,103336.38539135
T,P,D1,2009-07-01,122328.31467019001
T,P,D1,2009-10-01,109005.67615927
T,P,D1,2010-01-01,106658.99928224999
T,P,D1,2010-04-01,128452.29819136999
T,P,D1,2010-07-01,121773.70190502
T,P,D1,2010-10-01,114844.3000136
T,P,D1,2011-01-01,110435.83895078
T,P,D1,2011-04-01,107088.9697394
T,P,D1,2011-07-01,150720.8072518
T,P,D1,2011-10-01,128989.7715
T,P,D1,2012-01-01,109361.479716
T,P,D1,2012-04-01,115889.43569807
T,P,D1,2012-07-01,110196.93374755
T,P,D1,2012-10-01,112518.61904232
T,P,D1,2013-01-01,106174.85593697
T,P,D1,2013-04-01,102297.09161915001
T,P,D1,2013-07-01,89079
T,P,D1,2013-10-01,87137.00000000001
T,P,D1,2014-01-01,90366.91445009
T,P,D1,2014-04-01,87887.404314
T,P,D1,2014-07-01,104217.9301577585
T,P,D1,2014-10-01,104708.94587113452
T,P,D1,2015-01-01,114215.29449709323
T,P,D1,2015-04-01,89198.51706131236
T,P,D1,2015-07-01,92704.6490977114
T,P,D1,2015-10-01,70560.15534695613
T,P,D1,2016-01-01,76038.113815786
T,P,D1,2016-04-01,81393.4595564379
T,P,D1,2016-07-01,64933.88775977421
T,P,D1,2016-10-01,71534.69019027217
T,P,D1,2017-01-01,54365.14827828365
T,P,D1,2017-04-01,53994.0466344422
T,P,D1,2017-07-01,59294.75580685827
T,P,D1,2017-10-01,55728.1400098267
T,P,D1,2018-01-01,57284.28256585345
T,P,D1,2018-04-01,72101.49482950546
T,P,D1,2018-07-01,70045.84848402256
T,P,D1,2018-10-01,67778.7014994008
T,P,D1,2019-01-01,58245.3883975705
T,P,D1,2019-04-01,60466.74123800478
T,P,D1,2019-07-01,68736.00714516426
T,P,D1,2019-10-01,59084.97648771206
T,P,D1,2020-01-01,105772.14896174696
T,P,D1,2020-04-01,74455.36456437557
T,P,D1,2020-07-01,70303.39558983828
T,P,D1,2020-10-01,81437.54906124173
T,P,D1,2021-01-01,87809.80218265615
T,P,D1,2021-04-01,87214.94682678222
T,P,D1,2021-07-01,123272.43550670051
T,P,D1,2021-10-01,126038.13759045395
T,P,D1,2022-01-01,175058.28178980883
T,P,D1,2022-04-01,198754.39445794598
T,P,D1,2022-07-01,235541.58001323394
T,P,D1,2022-10-01,144090.07264982312
T,P,D1,2023-01-01,115897.65880551212
T,P,D1,2023-04-01,101219.35382842697
T,P,D1,2023-07-01,99933.12703832974
T,P,D1,2023-10-01,93698.55510635447
T,P,D1,2024-01-01,77591.14419833697
T,P,D1,2024-04-01,75448.33447131397
T,P,D1,2024-07-01,78924.50988334816
T,P,D1,2024-10-01,90425.32404310966
T,P,D1,2025-01-01,75142.2046012415
T,P,D1,2025-04-01,89283.99683880575
T,P,D1,2025-07-01,72261.06241799357
T,P,D1,2025-10-01,78554.83952234173
T,P,D1,2026-01-01,107855.81977552339
T,P,P,1985-01-01,67980.96000368317
T,P,P,1985-04-01,74334.94439797173
T,P,P,1985-07-01,79651.44797726232
T,P,P,1985-10-01,99462
T,P,P,1986-01-01,104654.45693237001
T,P,P,1986-04-01,107154.37299130674
T,P,P,1986-07-01,107662.81232565129
T,P,P,1986-10-01,119938
T,P,P,1987-01-01,120888.99485522849
T,P,P,1987-04-01,121563.25013997642
T,P,P,1987-07-01,136792.22182155278
T,P,P,1987-10-01,98201
T,P,P,1988-01-01,102027.78126797028
T,P,P,1988-04-01,104412.82026298161
T,P,P,1988-07-01,107395.89541296578
T,P,P,1988-10-01,114647
T,P,P,1989-01-01,122526.23421372577
T,P,P,1989-04-01,136227.36727345013
T,P,P,1989-07-01,147169.69006888484
T,P,P,1989-10-01,144837
T,P,P,1990-01-01,140962.53426698892
T,P,P,1990-04-01,151614.7263476322
T,P,P,1990-07-01,118759.63397068744
T,P,P,1990-10-01,121497
T,P,P,1991-01-01,137831.14201057522
T,P,P,1991-04-01,141396.5444960176
T,P,P,1991-07-01,140734.8142727846
T,P,P,1991-10-01,139784
T,P,P,1992-01-01,149327.84416702864
T,P,P,1992-04-01,153992.81214050893
T,P,P,1992-07-01,149411.65980964046
T,P,P,1992-10-01,158981
T,P,P,1993-01-01,173203.82989848137
T,P,P,1993-04-01,191942.5832865517
T,P,P,1993-07-01,203384.86602775884
T,P,P,1993-10-01,239902
T,P,P,1994-01-01,235405.53896901148
T,P,P,1994-04-01,221493.15704468815
T,P,P,1994-07-01,212452.21655014376
T,P,P,1994-10-01,212987
T,P,P,1995-01-01,203352.57325095445
T,P,P,1995-04-01,218434.55627936154
T,P,P,1995-07-01,226564.54353276113
T,P,P,1995-10-01,239975
T,P,P,1996-01-01,255344.503581692
T,P,P,1996-04-01,261452.1211776357
T,P,P,1996-07-01,259901.01924826176
T,P,P,1996-10-01,273830.8
T,P,P,1997-01-01,316624.57672131277
T,P,P,1997-04-01,367634.3063200162
T,P,P,1997-07-01,375051.2440376789
T,P,P,1997-10-01,397012.8
T,P,P,1998-01-01,486996.7407105221
T,P,P,1998-04-01,507377.859338453
T,P,P,1998-07-01,405246.33787241526
T,P,P,1998-10-01,486897.2309999999
T,P,P,1999-01-01,507033.3233339842
T,P,P,1999-04-01,503579.3813081797
T,P,P,1999-07-01,504932.0364096697
T,P,P,1999-10-01,550607.959
T,P,P,2000-01-01,573066.8640000001
T,P,P,2000-04-01,584309.226
T,P,P,2000-07-01,606985.657
T,P,P,2000-10-01,671354.961
T,P,P,2001-01-01,613131.296
T,P,P,2001-04-01,622921.076
T,P,P,2001-07-01,526135.088
T,P,P,2001-10-01,586561.873
T,P,P,2002-01-01,602486.514
T,P,P,2002-04-01,574925.326
T,P,P,2002-07-01,489301.979
T,P,P,2002-10-01,485659.72
T,P,P,2003-01-01,426690.212
T,P,P,2003-04-01,486498.091
T,P,P,2003-07-01,518518.282
T,P,P,2003-10-01,556790.401
T,P,P,2004-01-01,573088.857
T,P,P,2004-04-01,580906.144
T,P,P,2004-07-01,570241.744
T,P,P,2004-10-01,589478.008
T,P,P,2005-01-01,624669.04
T,P,P,2005-04-01,674751.578
T,P,P,2005-07-01,741060.638
T,P,P,2005-10-01,805380.562
T,P,P,2006-01-01,842994.541
T,P,P,2006-04-01,821731.673
T,P,P,2006-07-01,898186.694
T,P,P,2006-10-01,959161.51
T,P,P,2007-01-01,960802.924
T,P,P,2007-04-01,1003800.155
T,P,P,2007-07-01,977316.684
T,P,P,2007-10-01,920815.488
T,P,P,2008-01-01,815369.418
T,P,P,2008-04-01,807211.804
T,P,P,2008-07-01,780927.973
T,P,P,2008-10-01,656369.957
T,P,P,2009-01-01,590318.75
T,P,P,2009-04-01,665223.4303459566
T,P,P,2009-07-01,751886.5784351495
T,P,P,2009-10-01,815175.2510728913
T,P,P,2010-01-01,844308.3905593185
T,P,P,2010-04-01,788638.6788313384
T,P,P,2010-07-01,809180.3981561104
T,P,P,2010-10-01,830579.5964322763
T,P,P,2011-01-01,845566.54876305
T,P,P,2011-04-01,816052.293545251
T,P,P,2011-07-01,720367.7341399645
T,P,P,2011-10-01,744673.1993858427
T,P,P,2012-01-01,795604.3791449555
T,P,P,2012-04-01,789898.7442899598
T,P,P,2012-07-01,841529.3342831355
T,P,P,2012-10-01,963137.7927992365
T,P,P,2013-01-01,1065854.298125527
T,P,P,2013-04-01,1070380.291068245
T,P,P,2013-07-01,1112038.970374835
T,P,P,2013-10-01,1129712.4924262306
T,P,P,2014-01-01,1162373.3903560573
T,P,P,2014-04-01,1180231.236616643
T,P,P,2014-07-01,1209906.117060583
T,P,P,2014-10-01,1215399.0943411745
T,P,P,2015-01-01,1238967.9439881323
T,P,P,2015-04-01,1176678.9794848226
T,P,P,2015-07-01,1146751.1813516233
T,P,P,2015-10-01,1201078.4926510798
T,P,P,2016-01-01,1112032.8007530277
T,P,P,2016-04-01,1118538.4684617112
T,P,P,2016-07-01,1143044.0415973566
T,P,P,2016-10-01,1161266.0516998677
T,P,P,2017-01-01,1225716.8936614424
T,P,P,2017-04-01,1216777.5530933838
T,P,P,2017-07-01,1248664.86771215
T,P,P,2017-10-01,1281131.4304873978
T,P,P,2018-01-01,1216250.2578921218
T,P,P,2018-04-01,1213617.394087169
T,P,P,2018-07-01,1258559.5964347555
T,P,P,2018-10-01,1154128.411926947
T,P,P,2019-01-01,1278849.0610204616
T,P,P,2019-04-01,1333458.138452655
T,P,P,2019-07-01,1362818.9762061238
T,P,P,2019-10-01,1422562.0935710978
T,P,P,2020-01-01,1232072.931835495
T,P,P,2020-04-01,1346766.7381296954
T,P,P,2020-07-01,1359281.8969464814
T,P,P,2020-10-01,1429741.0179162752
T,P,P,2021-01-01,1492980.2715698879
T,P,P,2021-04-01,1591677.8351481883
T,P,P,2021-07-01,1582210.0814497706
T,P,P,2021-10-01,1704590.2671887958
T,P,P,2022-01-01,1579500.4697156742
T,P,P,2022-04-01,1404936.117398568
T,P,P,2022-07-01,1320543.5220321708
T,P,P,2022-10-01,1428130.803182722
T,P,P,2023-01-01,1468842.4413335524
T,P,P,2023-04-01,1531896.1569884103
T,P,P,2023-07-01,1436161.594287078
T,P,P,2023-10-01,1447630.4173072393
T,P,P,2024-01-01,1541518.2273475968
T,P,P,2024-04-01,1541685.749527307
T,P,P,2024-07-01,1567844.260871614
T,P,P,2024-10-01,1496866.7402163814
T,P,P,2025-01-01,1591043.722585633
T,P,P,2025-04-01,1516590.1036898221
T,P,P,2025-07-01,1533386.0962026967
T,P,P,2025-10-01,1656178.9379846365
T,P,P,2026-01-01,1632319.102232797
T,P,T,1985-01-01,300847.99353295885
T,P,T,1985-04-01,305567.417941422
T,P,T,1985-07-01,306808.98552069836
T,P,T,1985-10-01,324924.2127608052
T,P,T,1986-01-01,336337.62040926184
T,P,T,1986-04-01,344118.4099011022
T,P,T,1986-07-01,346380.9097855845
T,P,T,1986-10-01,370411.82825640513
T,P,T,1987-01-01,373716.65095692093
T,P,T,1987-04-01,378693.7352403342
T,P,T,1987-07-01,402555.0909780836
T,P,T,1987-10-01,363950.2758765
T,P,T,1988-01-01,373903.62554490095
T,P,T,1988-04-01,385217.04813182977
T,P,T,1988-07-01,401595.21342815494
T,P,T,1988-10-01,411670.92695
T,P,T,1989-01-01,432737.7491854935
T,P,T,1989-04-01,462653.97025013
T,P,T,1989-07-01,481171.42520398856
T,P,T,1989-10-01,490322.4267
T,P,T,1990-01-01,493341.73869583436
T,P,T,1990-04-01,510604.1759908749
T,P,T,1990-07-01,482144.3790564983
T,P,T,1990-10-01,491507.5712
T,P,T,1991-01-01,514249.26999400544
T,P,T,1991-04-01,526491.5062431438
T,P,T,1991-07-01,527819.1922380879
T,P,T,1991-10-01,520646.656444
T,P,T,1992-01-01,538223.7783424209
T,P,T,1992-04-01,551152.3358816691
T,P,T,1992-07-01,536837.5915617142
T,P,T,1992-10-01,552744.1054
T,P,T,1993-01-01,576933.8367885894
T,P,T,1993-04-01,589855.9191156599
T,P,T,1993-07-01,601323.8311894418
T,P,T,1993-10-01,643836.994812
T,P,T,1994-01-01,651967.1699054246
T,P,T,1994-04-01,654877.2473997702
T,P,T,1994-07-01,655815.4644291784
T,P,T,1994-10-01,669662.4426
T,P,T,1995-01-01,659773.1433228658
T,P,T,1995-04-01,666662.4276964235
T,P,T,1995-07-01,678937.2548250356
T,P,T,1995-10-01,695112.395996
T,P,T,1996-01-01,730810.3993137488
T,P,T,1996-04-01,767728.5573305058
T,P,T,1996-07-01,791903.0165180779
T,P,T,1996-10-01,848310.3733000001
T,P,T,1997-01-01,943128.538028204
T,P,T,1997-04-01,1016731.2089114557
T,P,T,1997-07-01,1044015.4800016149
T,P,T,1997-10-01,1082597.265384
T,P,T,1998-01-01,1186312.08766705
T,P,T,1998-04-01,1227283.5748862524
T,P,T,1998-07-01,1138824.992250408
T,P,T,1998-10-01,1223733.2804999996
T,P,T,1999-01-01,1215602.1866814978
T,P,T,1999-04-01,1271557.202490053
T,P,T,1999-07-01,1298505.346941554
T,P,T,1999-10-01,1408901.102894944
T,P,T,2000-01-01,1562584.3736763776
T,P,T,2000-04-01,1508940.804211823
T,P,T,2000-07-01,1623956.6192322683
T,P,T,2000-10-01,1716248.1964717135
T,P,T,2001-01-01,1740759.8095111086
T,P,T,2001-04-01,1743866.3602585036
T,P,T,2001-07-01,1531869.9604698985
T,P,T,2001-10-01,1632551.2242292936
T,P,T,2002-01-01,1699574.5091021652
T,P,T,2002-04-01,1618399.985359037
T,P,T,2002-07-01,1511703.4254159087
T,P,T,2002-10-01,1542904.2726727803
T,P,T,2003-01-01,1482484.0614020121
T,P,T,2003-04-01,1578116.212531244
T,P,T,2003-07-01,1594934.383018816
T,P,T,2003-10-01,1649979.9947997076
T,P,T,2004-01-01,1771078.6379678778
T,P,T,2004-04-01,1785362.2497588382
T,P,T,2004-07-01,1741551.5501642183
T,P,T,2004-10-01,1757195.3853573885
T,P,T,2005-01-01,1835465.0080785516
T,P,T,2005-04-01,2014524.8761097144
T,P,T,2005-07-01,2142900.064440877
T,P,T,2005-10-01,2197227.94718421
T,P,T,2006-01-01,2360992.2830931316
T,P,T,2006-04-01,2327093.6558068315
T,P,T,2006-07-01,2445458.109311594
T,P,T,2006-10-01,2528255.4306252785
T,P,T,2007-01-01,2872814.185070708
T,P,T,2007-04-01,2952113.1522646844
T,P,T,2007-07-01,2931720.967622732
T,P,T,2007-10-01,3007096.1931437114
T,P,T,2008-01-01,2849172.263402016
T,P,T,2008-04-01,2716269.449334322
T,P,T,2008-07-01,2785908.792157108
T,P,T,2008-10-01,2569296.9384087673
T,P,T,2009-01-01,2561040.265064292
T,P,T,2009-04-01,2620440.271099301
T,P,T,2009-07-01,2650828.9942156947
T,P,T,2009-10-01,2708968.974274396
T,P,T,2010-01-01,2775520.5456213104
T,P,T,2010-04-01,2767603.4532527
T,P,T,2010-07-01,2728967.2848385186
T,P,T,2010-10-01,2753463.969866066
T,P,T,2011-01-01,2772572.0726107857
T,P,T,2011-04-01,2706361.325581361
T,P,T,2011-07-01,2793253.824207272
T,P,T,2011-10-01,2829954.534446596
T,P,T,2012-01-01,2871644.291405386
T,P,T,2012-04-01,2966737.9000480287
T,P,T,2012-07-01,3074280.78023188
T,P,T,2012-10-01,3159603.0766217853
T,P,T,2013-01-01,3306910.189038813
T,P,T,2013-04-01,3279292.931362667
T,P,T,2013-07-01,3303058.1007750384
T,P,T,2013-10-01,3332107.91865687
T,P,T,2014-01-01,3353597.8166351547
T,P,T,2014-04-01,3383682.4456685977
T,P,T,2014-07-01,3461681.673290659
T,P,T,2014-10-01,3681842.8012664192
T,P,T,2015-01-01,3754399.954560506
T,P,T,2015-04-01,3670636.171210791
T,P,T,2015-07-01,3704799.150754429
T,P,T,2015-10-01,3846192.3130376157
T,P,T,2016-01-01,3815331.314272478
T,P,T,2016-04-01,3959384.3177987556
T,P,T,2016-07-01,4077313.680206637
T,P,T,2016-10-01,4230735.006619716
T,P,T,2017-01-01,4287024.338253847
T,P,T,2017-04-01,4345665.8213840285
T,P,T,2017-07-01,4388523.931338743
T,P,T,2017-10-01,4481870.380774916
T,P,T,2018-01-01,4430295.62509018
T,P,T,2018-04-01,4404630.46514161
T,P,T,2018-07-01,4382748.381368705
T,P,T,2018-10-01,4259980.804805707
T,P,T,2019-01-01,4394322.799188224
T,P,T,2019-04-01,4461407.070438323
T,P,T,2019-07-01,4559389.397173725
T,P,T,2019-10-01,4669517.648047687
T,P,T,2020-01-01,4542508.555475509
T,P,T,2020-04-01,4510904.953036525
T,P,T,2020-07-01,4525253.481409002
T,P,T,2020-10-01,4573144.342754712
T,P,T,2021-01-01,4741895.4875977915
T,P,T,2021-04-01,4806335.383722648
T,P,T,2021-07-01,4793739.02575852
T,P,T,2021-10-01,4882255.128334628
T,P,T,2022-01-01,4885179.011549361
T,P,T,2022-04-01,4729981.987874265
T,P,T,2022-07-01,4639887.865962273
T,P,T,2022-10-01,4537106.193905579
T,P,T,2023-01-01,4517143.60072147
T,P,T,2023-04-01,4434282.255154554
T,P,T,2023-07-01,4320606.467419694
T,P,T,2023-10-01,4172868.173442653
T,P,T,2024-01-01,4371735.807519296
T,P,T,2024-04-01,4320188.335835255
T,P,T,2024-07-01,4322964.159886346
T,P,T,2024-10-01,4304143.870810762
T,P,T,2025-01-01,4395629.116936442
T,P,T,2025-04-01,4245914.6838506665
T,P,T,2025-07-01,4255231.684540656
T,P,T,2025-10-01,4391456.759132637
T,P,T,2026-01-01,4444887.408021692
T,P,UI,1985-01-01,202648.49951968493
T,P,UI,1985-04-01,199181.21596749942
T,P,UI,1985-07-01,193096.5138888482
T,P,UI,1985-10-01,189370.1127608052
T,P,UI,1986-01-01,192224.51479879417
T,P,UI,1986-04-01,194453.79351990152
T,P,UI,1986-07-01,193349.39093268407
T,P,UI,1986-10-01,202122.12825640512
T,P,UI,1987-01-01,203378.24094625184
T,P,UI,1987-04-01,206433.4744498898
T,P,UI,1987-07-01,213881.607458364
T,P,UI,1987-10-01,212868.9758765
T,P,UI,1988-01-01,217537.0933756716
T,P,UI,1988-04-01,225039.90661310268
T,P,UI,1988-07-01,237120.3878061691
T,P,UI,1988-10-01,238781.02695
T,P,UI,1989-01-01,250444.70242818905
T,P,UI,1989-04-01,265157.6561111052
T,P,UI,1989-07-01,270972.4560548727
T,P,UI,1989-10-01,280053.6267
T,P,UI,1990-01-01,286423.69249711913
T,P,UI,1990-04-01,292032.80992329156
T,P,UI,1990-07-01,295360.0312073106
T,P,UI,1990-10-01,301224.97120000003
T,P,UI,1991-01-01,306292.33172655833
T,P,UI,1991-04-01,314095.820978646
T,P,UI,1991-07-01,315584.30276566715
T,P,UI,1991-10-01,309150.85644400003
T,P,UI,1992-01-01,317419.24686372577
T,P,UI,1992-04-01,326109.35158314416
T,P,UI,1992-07-01,316935.83739815507
T,P,UI,1992-10-01,323895.0054
T,P,UI,1993-01-01,331148.3686555944
T,P,UI,1993-04-01,322510.23262074357
T,P,UI,1993-07-01,319507.2924388934
T,P,UI,1993-10-01,322145.394812
T,P,UI,1994-01-01,332634.39693374105
T,P,UI,1994-04-01,347020.6348488051
T,P,UI,1994-07-01,354400.2843307805
T,P,UI,1994-10-01,365114.4426
T,P,UI,1995-01-01,363080.7573395054
T,P,UI,1995-04-01,353248.7333988225
T,P,UI,1995-07-01,355834.7929624608
T,P,UI,1995-10-01,357068.295996
T,P,UI,1996-01-01,375801.88068215386
T,P,UI,1996-04-01,404879.9451792691
T,P,UI,1996-07-01,428595.1776982995
T,P,UI,1996-10-01,468632.37330000004
T,P,UI,1997-01-01,517133.6651774179
T,P,UI,1997-04-01,535704.2101652
T,P,UI,1997-07-01,551159.0329549796
T,P,UI,1997-10-01,563095.565384
T,P,UI,1998-01-01,577307.2128482495
T,P,UI,1998-04-01,592564.259803849
T,P,UI,1998-07-01,600659.7932069289
T,P,UI,1998-10-01,598406.7494999999
T,P,UI,1999-01-01,561085.5563168275
T,P,UI,1999-04-01,613528.5086773195
T,P,UI,1999-07-01,632468.5087716223
T,P,UI,1999-10-01,690474.673369
T,P,UI,2000-01-01,814226.1527
T,P,UI,2000-04-01,741876.468037
T,P,UI,2000-07-01,827379.198859
T,P,UI,2000-10-01,842798.5189
T,P,UI,2001-01-01,926344.092296
T,P,UI,2001-04-01,913648.9584
T,P,UI,2001-07-01,795312.741968
T,P,UI,2001-10-01,835134.816084
T,P,UI,2002-01-01,879232.3305
T,P,UI,2002-04-01,823117.1653
T,P,UI,2002-07-01,792244.2229
T,P,UI,2002-10-01,816963.8997
T,P,UI,2003-01-01,813084.1025
T,P,UI,2003-04-01,840798.6807
T,P,UI,2003-07-01,814748.46625834
T,P,UI,2003-10-01,810208.76511
T,P,UI,2004-01-01,905499.57491
T,P,UI,2004-04-01,886433.52233279
T,P,UI,2004-07-01,844747.54537
T,P,UI,2004-10-01,815655.439195
T,P,UI,2005-01-01,861070.064425
T,P,UI,2005-04-01,966604.803965
T,P,UI,2005-07-01,1036922.041805
T,P,UI,2005-10-01,1016527.01005717
T,P,UI,2006-01-01,1137191.12021092
T,P,UI,2006-04-01,1113535.1259964
T,P,UI,2006-07-01,1142034.12961314
T,P,UI,2006-10-01,1060557.08903441
T,P,UI,2007-01-01,1360067.42904549
T,P,UI,2007-04-01,1340705.410297083
T,P,UI,2007-07-01,1294050.9369014744
T,P,UI,2007-10-01,1408658.0855229152
T,P,UI,2008-01-01,1290672.112613207
T,P,UI,2008-04-01,1150848.3656072367
T,P,UI,2008-07-01,1197545.800865932
T,P,UI,2008-10-01,1062443.2772994926
T,P,UI,2009-01-01,1112731.40746458
T,P,UI,2009-04-01,1121806.0740830002
T,P,UI,2009-07-01,1032898.8975074715
T,P,UI,2009-10-01,1028491.3033551
T,P,UI,2010-01-01,1043998.61385431
T,P,UI,2010-04-01,1047934.8541606405
T,P,UI,2010-07-01,980691.3595379547
T,P,UI,2010-10-01,973112.3122450296
T,P,UI,2011-01-01,957068.3101736369
T,P,UI,2011-04-01,905985.3115393561
T,P,UI,2011-07-01,1025354.4911654147
T,P,UI,2011-10-01,1040357.954359084
T,P,UI,2012-01-01,1030168.5485815151
T,P,UI,2012-04-01,1099182.41586866
T,P,UI,2012-07-01,1157927.5527319002
T,P,UI,2012-10-01,1113649.8978363022
T,P,UI,2013-01-01,1158941.6372253655
T,P,UI,2013-04-01,1124263.330010633
T,P,UI,2013-07-01,1130894.5292958305
T,P,UI,2013-10-01,1149333.0629073363
T,P,UI,2014-01-01,1121550.1941484595
T,P,UI,2014-04-01,1111591.0283987918
T,P,UI,2014-07-01,1125873.8585782447
T,P,UI,2014-10-01,1147835.953557063
T,P,UI,2015-01-01,1158084.8008786188
T,P,UI,2015-04-01,1126727.7611578377
T,P,UI,2015-07-01,1155703.548704767
T,P,UI,2015-10-01,1181934.4755278141
T,P,UI,2016-01-01,1128849.0110804196
T,P,UI,2016-04-01,1182929.35183683
T,P,UI,2016-07-01,1207610.3993447858
T,P,UI,2016-10-01,1245576.3535101174
T,P,UI,2017-01-01,1225647.1473517576
T,P,UI,2017-04-01,1224426.7494943114
T,P,UI,2017-07-01,1243012.414814004
T,P,UI,2017-10-01,1254851.3919440894
T,P,UI,2018-01-01,1267344.172474855
T,P,UI,2018-04-01,1244503.4547870662
T,P,UI,2018-07-01,1197476.8388559334
T,P,UI,2018-10-01,1212157.7944923728
T,P,UI,2019-01-01,1206732.3627167398
T,P,UI,2019-04-01,1200791.5947595479
T,P,UI,2019-07-01,1218166.0383638104
T,P,UI,2019-10-01,1213357.815976818
T,P,UI,2020-01-01,1261238.9220366965
T,P,UI,2020-04-01,1288086.2311084007
T,P,UI,2020-07-01,1291299.4341380603
T,P,UI,2020-10-01,1290678.2550648693
T,P,UI,2021-01-01,1351030.6953446453
T,P,UI,2021-04-01,1349512.1286939683
T,P,UI,2021-07-01,1357794.616779463
T,P,UI,2021-10-01,1380426.70185602
T,P,UI,2022-01-01,1414625.060857896
T,P,UI,2022-04-01,1404653.011087032
T,P,UI,2022-07-01,1359397.7218758434
T,P,UI,2022-10-01,1298148.8893385679
T,P,UI,2023-01-01,1259526.984714439
T,P,UI,2023-04-01,1167802.102536946
T,P,UI,2023-07-01,1177123.0685334846
T,P,UI,2023-10-01,1113990.1507271437
T,P,UI,2024-01-01,1202647.7233437847
T,P,UI,2024-04-01,1196012.632193646
T,P,UI,2024-07-01,1178864.3230554643
T,P,UI,2024-10-01,1203441.247300318
T,P,UI,2025-01-01,1216617.7867696134
T,P,UI,2025-04-01,1169285.8134855488
T,P,UI,2025-07-01,1171470.3442964868
T,P,UI,2025-10-01,1154219.6732763473
T,P,UI,2026-01-01,1190753.4427391028
USD,A,D0,1985-01-01,13325.924884281352
USD,A,D0,1985-04-01,13616.488581573427
USD,A,D0,1985-07-01,13450.802047478603
USD,A,D0,1985-10-01,13272
USD,A,D0,1986-01-01,12910.843241241017
USD,A,D0,1986-04-01,12671.689365161195
USD,A,D0,1986-07-01,11963.708893392683
USD,A,D0,1986-10-01,12247.999999999998
USD,A,D0,1987-01-01,11729.493235871647
USD,A,D0,1987-04-01,11646.55268976083
USD,A,D0,1987-07-01,12303.138831755326
USD,A,D0,1987-10-01,11844
USD,A,D0,1988-01-01,11538.95091493308
USD,A,D0,1988-04-01,11894.952674741284
USD,A,D0,1988-07-01,13092.298647274485
USD,A,D0,1988-10-01,12563
USD,A,D0,1989-01-01,13934.169036717627
USD,A,D0,1989-04-01,15723.685035592149
USD,A,D0,1989-07-01,16188.17713767888
USD,A,D0,1989-10-01,16408
USD,A,D0,1990-01-01,16976.340507978617
USD,A,D0,1990-04-01,16147.10591747327
USD,A,D0,1990-07-01,14759.302501971026
USD,A,D0,1990-10-01,13763
USD,A,D0,1991-01-01,14337.246529070675
USD,A,D0,1991-04-01,16741.13899354856
USD,A,D0,1991-07-01,17869.618042387054
USD,A,D0,1991-10-01,17516
USD,A,D0,1992-01-01,19194.75777380195
USD,A,D0,1992-04-01,19527.012017980516
USD,A,D0,1992-07-01,17346.40080805255
USD,A,D0,1992-10-01,18547
USD,A,D0,1993-01-01,20536.031241765966
USD,A,D0,1993-04-01,20583.959905887248
USD,A,D0,1993-07-01,21545.492855528904
USD,A,D0,1993-10-01,22175.199999999997
USD,A,D0,1994-01-01,24383.716666514207
USD,A,D0,1994-04-01,25964.053854530895
USD,A,D0,1994-07-01,26513.714160608793
USD,A,D0,1994-10-01,28566.6
USD,A,D0,1995-01-01,29659.245145894238
USD,A,D0,1995-04-01,30022.228376354662
USD,A,D0,1995-07-01,33373.88595576493
USD,A,D0,1995-10-01,35339.6
USD,A,D0,1996-01-01,37498.34649098165
USD,A,D0,1996-04-01,40446.31360839004
USD,A,D0,1996-07-01,41190.57239717133
USD,A,D0,1996-10-01,44710.9
USD,A,D0,1997-01-01,49780.630593260954
USD,A,D0,1997-04-01,49836.944495686264
USD,A,D0,1997-07-01,50844.79228107185
USD,A,D0,1997-10-01,48409.8
USD,A,D0,1998-01-01,69707.1690862272
USD,A,D0,1998-04-01,71202.84306517545
USD,A,D0,1998-07-01,70962.60598983133
USD,A,D0,1998-10-01,66771.49999999999
USD,A,D0,1999-01-01,65345.798915817446
USD,A,D0,1999-04-01,71601.39434361378
USD,A,D0,1999-07-01,74695.6865220557
USD,A,D0,1999-10-01,77995.82032409491
USD,A,D0,2000-01-01,84575.61275081786
USD,A,D0,2000-04-01,89700.29249495962
USD,A,D0,2000-07-01,94293.19397799436
USD,A,D0,2000-10-01,103797.5825175203
USD,A,D0,2001-01-01,109953.11877671505
USD,A,D0,2001-04-01,115503.61649386492
USD,A,D0,2001-07-01,107212.60131188644
USD,A,D0,2001-10-01,113115.0067535694
USD,A,D0,2002-01-01,112971.01214238792
USD,A,D0,2002-04-01,101935.75787565878
USD,A,D0,2002-07-01,98919.77461403684
USD,A,D0,2002-10-01,93055.40879295394
USD,A,D0,2003-01-01,95177.52956423281
USD,A,D0,2003-04-01,99072.17271825418
USD,A,D0,2003-07-01,103176.92282086781
USD,A,D0,2003-10-01,109874.45884124615
USD,A,D0,2004-01-01,111235.3019536486
USD,A,D0,2004-04-01,117392.8913119265
USD,A,D0,2004-07-01,115317.92518861746
USD,A,D0,2004-10-01,116655.87881305937
USD,A,D0,2005-01-01,127667.5280097367
USD,A,D0,2005-04-01,141342.5844783034
USD,A,D0,2005-07-01,148484.1532978777
USD,A,D0,2005-10-01,167360.6223282857
USD,A,D0,2006-01-01,200398.7644854636
USD,A,D0,2006-04-01,200901.6587296067
USD,A,D0,2006-07-01,226516.3154386161
USD,A,D0,2006-10-01,205373.1660964501
USD,A,D0,2007-01-01,199568.6919036222
USD,A,D0,2007-04-01,214548.4253089377
USD,A,D0,2007-07-01,214849.6715137676
USD,A,D0,2007-10-01,222156.3266770267
USD,A,D0,2008-01-01,200892.5439451935
USD,A,D0,2008-04-01,197005.0919458849
USD,A,D0,2008-07-01,216034.9555538608
USD,A,D0,2008-10-01,208593.9647393942
USD,A,D0,2009-01-01,242204.1183494433
USD,A,D0,2009-04-01,265468.1133746348
USD,A,D0,2009-07-01,258546.5626541154
USD,A,D0,2009-10-01,259821.3859576281
USD,A,D0,2010-01-01,285722.738396029
USD,A,D0,2010-04-01,310827.27145169285
USD,A,D0,2010-07-01,296101.31689023116
USD,A,D0,2010-10-01,311650.374945
USD,A,D0,2011-01-01,302506.02590732905
USD,A,D0,2011-04-01,277938.58442965196
USD,A,D0,2011-07-01,305068.4432708131
USD,A,D0,2011-10-01,328706.83547106455
USD,A,D0,2012-01-01,348744.18917124043
USD,A,D0,2012-04-01,365099.747612802
USD,A,D0,2012-07-01,364525.89837409544
USD,A,D0,2012-10-01,352150.3062652062
USD,A,D0,2013-01-01,359465.04233773396
USD,A,D0,2013-04-01,357259.83024215186
USD,A,D0,2013-07-01,347449.00712023093
USD,A,D0,2013-10-01,330718.0794755795
USD,A,D0,2014-01-01,325323.63357117865
USD,A,D0,2014-04-01,335480.03327435453
USD,A,D0,2014-07-01,353148.8424866421
USD,A,D0,2014-10-01,376253.98698680074
USD,A,D0,2015-01-01,386569.1324294571
USD,A,D0,2015-04-01,379882.0499882871
USD,A,D0,2015-07-01,422444.19478852715
USD,A,D0,2015-10-01,452084.183636332
USD,A,D0,2016-01-01,484923.09829248476
USD,A,D0,2016-04-01,492637.39485094947
USD,A,D0,2016-07-01,508519.78547584225
USD,A,D0,2016-10-01,561972.6258312619
USD,A,D0,2017-01-01,538603.3513313477
USD,A,D0,2017-04-01,551453.6610099205
USD,A,D0,2017-07-01,557687.3534750338
USD,A,D0,2017-10-01,577440.7226632329
USD,A,D0,2018-01-01,583030.3023141584
USD,A,D0,2018-04-01,610353.6728911257
USD,A,D0,2018-07-01,605899.6020378708
USD,A,D0,2018-10-01,559031.2167161355
USD,A,D0,2019-01-01,580715.0192548936
USD,A,D0,2019-04-01,562131.9669055513
USD,A,D0,2019-07-01,573199.9293915827
USD,A,D0,2019-10-01,641140.9269331318
USD,A,D0,2020-01-01,642217.9498201035
USD,A,D0,2020-04-01,551828.4430394884
USD,A,D0,2020-07-01,558428.5494206228
USD,A,D0,2020-10-01,549050.6124978691
USD,A,D0,2021-01-01,594789.6986088408
USD,A,D0,2021-04-01,587372.0568541124
USD,A,D0,2021-07-01,618332.4625707741
USD,A,D0,2021-10-01,593152.7954167248
USD,A,D0,2022-01-01,596364.6307404339
USD,A,D0,2022-04-01,608302.5238683947
USD,A,D0,2022-07-01,613766.2630605196
USD,A,D0,2022-10-01,568511.5981990437
USD,A,D0,2023-01-01,567311.032479565
USD,A,D0,2023-04-01,545017.3056477808
USD,A,D0,2023-07-01,590063.4614893537
USD,A,D0,2023-10-01,546168.7641517937
USD,A,D0,2024-01-01,589260.5800472599
USD,A,D0,2024-04-01,607403.9718595864
USD,A,D0,2024-07-01,578277.128408191
USD,A,D0,2024-10-01,603715.558077102
USD,A,D0,2025-01-01,611236.6687702507
USD,A,D0,2025-04-01,558491.3612732985
USD,A,D0,2025-07-01,565241.5165387132
USD,A,D0,2025-10-01,569161.4860868397
USD,A,D0,2026-01-01,611156.0182314793
USD,A,D1,2004-04-01,1446
USD,A,D1,2004-07-01,789
USD,A,D1,2004-10-01,1674
USD,A,D1,2005-01-01,1729
USD,A,D1,2005-04-01,2644.6
USD,A,D1,2005-07-01,2004.1
USD,A,D1,2005-10-01,1953.2
USD,A,D1,2006-01-01,2614.7
USD,A,D1,2006-04-01,2910.7
USD,A,D1,2006-07-01,2565.4
USD,A,D1,2006-10-01,2757.7
USD,A,D1,2007-01-01,2416.1
USD,A,D1,2007-04-01,1925.3
USD,A,D1,2007-07-01,2918.3
USD,A,D1,2007-10-01,3183.2
USD,A,D1,2008-01-01,18717.9
USD,A,D1,2008-04-01,29615.599999999995
USD,A,D1,2008-07-01,30553.899999999994
USD,A,D1,2008-10-01,39053.576151243
USD,A,D1,2009-01-01,32041.68433063
USD,A,D1,2009-04-01,21053.92390176
USD,A,D1,2009-07-01,22267.63910865
USD,A,D1,2009-10-01,19957.03372196
USD,A,D1,2010-01-01,17147.90503491
USD,A,D1,2010-04-01,20452.199999999997
USD,A,D1,2010-07-01,18015.13383381
USD,A,D1,2010-10-01,18844.97161449
USD,A,D1,2011-01-01,19317.533137
USD,A,D1,2011-04-01,16706.49669978
USD,A,D1,2011-07-01,21889.76641527
USD,A,D1,2011-10-01,18826.44583025
USD,A,D1,2012-01-01,16859.999999999996
USD,A,D1,2012-04-01,20491.185400779996
USD,A,D1,2012-07-01,17129.6
USD,A,D1,2012-10-01,16153.4
USD,A,D1,2013-01-01,16801.40832577
USD,A,D1,2013-04-01,17548.15612825
USD,A,D1,2013-07-01,14140.7
USD,A,D1,2013-10-01,14089.3
USD,A,D1,2014-01-01,14408.5
USD,A,D1,2014-04-01,14740.9
USD,A,D1,2014-07-01,15866.911546950896
USD,A,D1,2014-10-01,16351.883531520722
USD,A,D1,2015-01-01,18136.554321782092
USD,A,D1,2015-04-01,15585.901199280102
USD,A,D1,2015-07-01,18140.43034246451
USD,A,D1,2015-10-01,15213.683233017444
USD,A,D1,2016-01-01,14719.4444204817
USD,A,D1,2016-04-01,13692.958226779465
USD,A,D1,2016-07-01,14148.505361356594
USD,A,D1,2016-10-01,14719.063566716111
USD,A,D1,2017-01-01,12182.772791744941
USD,A,D1,2017-04-01,10433.320739255507
USD,A,D1,2017-07-01,11229.824316632987
USD,A,D1,2017-10-01,8826.157165682736
USD,A,D1,2018-01-01,14247.449279307652
USD,A,D1,2018-04-01,18563.1925775078
USD,A,D1,2018-07-01,19298.605002103734
USD,A,D1,2018-10-01,22944.877106034364
USD,A,D1,2019-01-01,15810.199905122923
USD,A,D1,2019-04-01,16363.535624041266
USD,A,D1,2019-07-01,16890.29080866656
USD,A,D1,2019-10-01,13317.695027587522
USD,A,D1,2020-01-01,29190.51181424709
USD,A,D1,2020-04-01,20339.73086164167
USD,A,D1,2020-07-01,18827.569239397613
USD,A,D1,2020-10-01,22422.931928680977
USD,A,D1,2021-01-01,25139.59604046758
USD,A,D1,2021-04-01,25977.726144269745
USD,A,D1,2021-07-01,31460.081709528244
USD,A,D1,2021-10-01,28457.66166348718
USD,A,D1,2022-01-01,35448.40754343223
USD,A,D1,2022-04-01,37701.44172911545
USD,A,D1,2022-07-01,36137.6164626919
USD,A,D1,2022-10-01,28138.64293709718
USD,A,D1,2023-01-01,26201.03858805958
USD,A,D1,2023-04-01,29094.10776004793
USD,A,D1,2023-07-01,26973.444644762687
USD,A,D1,2023-10-01,19477.99241542232
USD,A,D1,2024-01-01,22136.39559727954
USD,A,D1,2024-04-01,21178.905287464226
USD,A,D1,2024-07-01,19978.32797124109
USD,A,D1,2024-10-01,21684.994505622442
USD,A,D1,2025-01-01,20894.82914334691
USD,A,D1,2025-04-01,17164.879400127076
USD,A,D1,2025-07-01,17037.63731252514
USD,A,D1,2025-10-01,18786.38031642951
USD,A,D1,2026-01-01,29412.47530740179
USD,A,P,1985-01-01,65479.22891968772
USD,A,P,1985-04-01,61601.81016541481
USD,A,P,1985-07-01,53847.48346438856
USD,A,P,1985-10-01,50578.199999999895
USD,A,P,1986-01-01,51812.612518870825
USD,A,P,1986-04-01,52236.30594164509
USD,A,P,1986-07-01,48076.05567662375
USD,A,P,1986-10-01,50206.600000000006
USD,A,P,1987-01-01,52783.02389824468
USD,A,P,1987-04-01,53504.07317874267
USD,A,P,1987-07-01,57598.80338372786
USD,A,P,1987-10-01,51688
USD,A,P,1988-01-01,53756.18482685969
USD,A,P,1988-04-01,58401.67490310881
USD,A,P,1988-07-01,66768.70900636437
USD,A,P,1988-10-01,66146.9
USD,A,P,1989-01-01,70154.13611709441
USD,A,P,1989-04-01,78472.35858757762
USD,A,P,1989-07-01,77293.77125371077
USD,A,P,1989-10-01,73685.1
USD,A,P,1990-01-01,64302.06766282032
USD,A,P,1990-04-01,60657.594735239225
USD,A,P,1990-07-01,49950.11706587562
USD,A,P,1990-10-01,47213.5
USD,A,P,1991-01-01,50223.49768268438
USD,A,P,1991-04-01,54531.84501217483
USD,A,P,1991-07-01,56542.480300918076
USD,A,P,1991-10-01,54158.2
USD,A,P,1992-01-01,54769.36894789353
USD,A,P,1992-04-01,57593.25550344761
USD,A,P,1992-07-01,53351.98298950823
USD,A,P,1992-10-01,59225.3
USD,A,P,1993-01-01,70679.91505879075
USD,A,P,1993-04-01,73590.21613552354
USD,A,P,1993-07-01,80669.59256540888
USD,A,P,1993-10-01,84988.6
USD,A,P,1994-01-01,85760.91625091659
USD,A,P,1994-04-01,86636.87683200692
USD,A,P,1994-07-01,86569.92893839059
USD,A,P,1994-10-01,89338
USD,A,P,1995-01-01,89147.75874702107
USD,A,P,1995-04-01,86889.20808514373
USD,A,P,1995-07-01,90725.73659211323
USD,A,P,1995-10-01,90306.6
USD,A,P,1996-01-01,95570.73924873013
USD,A,P,1996-04-01,103143.98543657703
USD,A,P,1996-07-01,105087.1881059287
USD,A,P,1996-10-01,116570.70000000001
USD,A,P,1997-01-01,125554.60873350654
USD,A,P,1997-04-01,132062.01457434334
USD,A,P,1997-07-01,137226.11129262086
USD,A,P,1997-10-01,129592.5
USD,A,P,1998-01-01,166679.66632066577
USD,A,P,1998-04-01,175307.36613434998
USD,A,P,1998-07-01,170365.66469612042
USD,A,P,1998-10-01,180229.03499999992
USD,A,P,1999-01-01,195299.58191804495
USD,A,P,1999-04-01,215740.95047383
USD,A,P,1999-07-01,214876.992363734
USD,A,P,1999-10-01,235651.4553591
USD,A,P,2000-01-01,267343.84502518
USD,A,P,2000-04-01,263479.23420094
USD,A,P,2000-07-01,274134.18626911
USD,A,P,2000-10-01,246730.28822958
USD,A,P,2001-01-01,257687.8745563
USD,A,P,2001-04-01,270821.0053785
USD,A,P,2001-07-01,233988.6683015
USD,A,P,2001-10-01,249288.67788952
USD,A,P,2002-01-01,258652.60078908998
USD,A,P,2002-04-01,216362.44309518
USD,A,P,2002-07-01,204032.511533241
USD,A,P,2002-10-01,200504.02901279
USD,A,P,2003-01-01,195535.14970185
USD,A,P,2003-04-01,204512.77904512
USD,A,P,2003-07-01,204572.31472837998
USD,A,P,2003-10-01,207094.112783229
USD,A,P,2004-01-01,218342.337
USD,A,P,2004-04-01,219027.286
USD,A,P,2004-07-01,223711.567
USD,A,P,2004-10-01,209115.08200000002
USD,A,P,2005-01-01,216014.382
USD,A,P,2005-04-01,233291.232
USD,A,P,2005-07-01,244794.201
USD,A,P,2005-10-01,256989.092
USD,A,P,2006-01-01,273683.06
USD,A,P,2006-04-01,263908.842
USD,A,P,2006-07-01,279057.728
USD,A,P,2006-10-01,281740.371
USD,A,P,2007-01-01,295366.793
USD,A,P,2007-04-01,314369.256
USD,A,P,2007-07-01,311703.924
USD,A,P,2007-10-01,310446.114
USD,A,P,2008-01-01,267946.965
USD,A,P,2008-04-01,273370.954
USD,A,P,2008-07-01,273937.67
USD,A,P,2008-10-01,241807.4997598937
USD,A,P,2009-01-01,251757.7059524197
USD,A,P,2009-04-01,262676.2513811866
USD,A,P,2009-07-01,258708.9697282387
USD,A,P,2009-10-01,275857.0767379433
USD,A,P,2010-01-01,285267.6922247984
USD,A,P,2010-04-01,279361.9384162762
USD,A,P,2010-07-01,275216.5272751669
USD,A,P,2010-10-01,267612.6304528105
USD,A,P,2011-01-01,271957.1490544868
USD,A,P,2011-04-01,255498.682865495
USD,A,P,2011-07-01,253154.7266921393
USD,A,P,2011-10-01,267647.6636110994
USD,A,P,2012-01-01,274498.0621228563
USD,A,P,2012-04-01,292603.631267767
USD,A,P,2012-07-01,308795.4371767063
USD,A,P,2012-10-01,310961.9179136853
USD,A,P,2013-01-01,341875.8732446627
USD,A,P,2013-04-01,333630.6087603146
USD,A,P,2013-07-01,331070.1750163676
USD,A,P,2013-10-01,344774.888
USD,A,P,2014-01-01,351157.178
USD,A,P,2014-04-01,368041.348
USD,A,P,2014-07-01,398483.21560199215
USD,A,P,2014-10-01,426245.1397715216
USD,A,P,2015-01-01,453094.1724662906
USD,A,P,2015-04-01,442970.43547351105
USD,A,P,2015-07-01,451812.0274380912
USD,A,P,2015-10-01,471026.94117299776
USD,A,P,2016-01-01,468937.7420590989
USD,A,P,2016-04-01,492630.78097826254
USD,A,P,2016-07-01,506736.7400479426
USD,A,P,2016-10-01,528324.246040563
USD,A,P,2017-01-01,540973.8903820505
USD,A,P,2017-04-01,527736.0020103795
USD,A,P,2017-07-01,542294.7831615248
USD,A,P,2017-10-01,556205.7405810847
USD,A,P,2018-01-01,548675.3380921549
USD,A,P,2018-04-01,563159.0292774698
USD,A,P,2018-07-01,564858.189208597
USD,A,P,2018-10-01,536043.5117827595
USD,A,P,2019-01-01,576470.1820352154
USD,A,P,2019-04-01,575042.0049442096
USD,A,P,2019-07-01,591890.6806038722
USD,A,P,2019-10-01,600758.0902904772
USD,A,P,2020-01-01,547019.8031526138
USD,A,P,2020-04-01,602930.5747162661
USD,A,P,2020-07-01,618441.6249325887
USD,A,P,2020-10-01,644977.4543176001
USD,A,P,2021-01-01,704913.4333229808
USD,A,P,2021-04-01,730098.8236409026
USD,A,P,2021-07-01,737137.7689656097
USD,A,P,2021-10-01,741746.6230155427
USD,A,P,2022-01-01,724250.4096763518
USD,A,P,2022-04-01,680202.5775202133
USD,A,P,2022-07-01,679147.1203407099
USD,A,P,2022-10-01,672542.6283506113
USD,A,P,2023-01-01,692850.6782442003
USD,A,P,2023-04-01,699613.817197549
USD,A,P,2023-07-01,707536.9824090718
USD,A,P,2023-10-01,705201.5042274044
USD,A,P,2024-01-01,784598.8418770764
USD,A,P,2024-04-01,793719.2336400071
USD,A,P,2024-07-01,788439.504451678
USD,A,P,2024-10-01,846006.290785049
USD,A,P,2025-01-01,819028.9981659055
USD,A,P,2025-04-01,802211.0690767141
USD,A,P,2025-07-01,838970.6007861351
USD,A,P,2025-10-01,848796.9622463046
USD,A,P,2026-01-01,851120.2911956479
USD,A,T,1985-01-01,211743.3405074967
USD,A,T,1985-04-01,204234.90453484314
USD,A,T,1985-07-01,188040.72175049444
USD,A,T,1985-10-01,176827.1999999999
USD,A,T,1986-01-01,173719.5403913666
USD,A,T,1986-04-01,171550.9281729612
USD,A,T,1986-07-01,160285.54080420968
USD,A,T,1986-10-01,165940.4
USD,A,T,1987-01-01,165087.97999152067
USD,A,T,1987-04-01,167056.1370986071
USD,A,T,1987-07-01,178752.30905036785
USD,A,T,1987-10-01,167229.9
USD,A,T,1988-01-01,168883.00098205515
USD,A,T,1988-04-01,178271.39138968798
USD,A,T,1988-07-01,199879.90107797942
USD,A,T,1988-10-01,195266.6
USD,A,T,1989-01-01,207003.99244672564
USD,A,T,1989-04-01,227284.8833360562
USD,A,T,1989-07-01,226012.38590754833
USD,A,T,1989-10-01,222297.1
USD,A,T,1990-01-01,213502.23290970654
USD,A,T,1990-04-01,211412.93587377848
USD,A,T,1990-07-01,196071.86689080382
USD,A,T,1990-10-01,190876.5
USD,A,T,1991-01-01,195350.77604859564
USD,A,T,1991-04-01,214933.29882198956
USD,A,T,1991-07-01,218556.15813257344
USD,A,T,1991-10-01,205013.2
USD,A,T,1992-01-01,215897.0169632863
USD,A,T,1992-04-01,228784.8353586033
USD,A,T,1992-07-01,211754.15101952164
USD,A,T,1992-10-01,233811.3
USD,A,T,1993-01-01,257287.79644474623
USD,A,T,1993-04-01,251178.03352147463
USD,A,T,1993-07-01,257254.31973566738
USD,A,T,1993-10-01,258766.8
USD,A,T,1994-01-01,268050.899851543
USD,A,T,1994-04-01,275047.88756740105
USD,A,T,1994-07-01,273512.2774402555
USD,A,T,1994-10-01,283518.6
USD,A,T,1995-01-01,280302.47095669515
USD,A,T,1995-04-01,267817.43307082186
USD,A,T,1995-07-01,279918.77765388804
USD,A,T,1995-10-01,281931.2
USD,A,T,1996-01-01,300826.10268804413
USD,A,T,1996-04-01,329102.7297000967
USD,A,T,1996-07-01,341239.14682997594
USD,A,T,1996-10-01,378226.5
USD,A,T,1997-01-01,428854.00442357355
USD,A,T,1997-04-01,445565.0003195355
USD,A,T,1997-07-01,466175.3870905174
USD,A,T,1997-10-01,452038.3
USD,A,T,1998-01-01,508886.91114628577
USD,A,T,1998-04-01,526572.6915696763
USD,A,T,1998-07-01,521593.88893431035
USD,A,T,1998-10-01,510557.8349999999
USD,A,T,1999-01-01,543127.5882506964
USD,A,T,1999-04-01,601066.9643236919
USD,A,T,1999-07-01,598121.6544373395
USD,A,T,1999-10-01,659374.7486521949
USD,A,T,2000-01-01,765492.3077759979
USD,A,T,2000-04-01,705610.1466958995
USD,A,T,2000-07-01,784734.9837311043
USD,A,T,2000-10-01,732938.6863841004
USD,A,T,2001-01-01,741747.9243330151
USD,A,T,2001-04-01,821010.4628723649
USD,A,T,2001-07-01,658252.4886133864
USD,A,T,2001-10-01,720665.9330900894
USD,A,T,2002-01-01,810352.4429314779
USD,A,T,2002-04-01,708224.9509708388
USD,A,T,2002-07-01,682552.3561472779
USD,A,T,2002-10-01,694874.827805744
USD,A,T,2003-01-01,667807.8792660828
USD,A,T,2003-04-01,684990.4617633742
USD,A,T,2003-07-01,677147.4763129433
USD,A,T,2003-10-01,702924.9716244751
USD,A,T,2004-01-01,771576.1789536485
USD,A,T,2004-04-01,753370.5216508764
USD,A,T,2004-07-01,738848.1721886175
USD,A,T,2004-10-01,727264.2008130593
USD,A,T,2005-01-01,766917.2876973269
USD,A,T,2005-04-01,876746.0264783034
USD,A,T,2005-07-01,968871.4167531221
USD,A,T,2005-10-01,986562.5998140574
USD,A,T,2006-01-01,1084769.6660404855
USD,A,T,2006-04-01,1021637.2036862056
USD,A,T,2006-07-01,1099948.2943929804
USD,A,T,2006-10-01,1038622.4730510982
USD,A,T,2007-01-01,1079844.0034860063
USD,A,T,2007-04-01,1099289.7997447038
USD,A,T,2007-07-01,1053993.6144651806
USD,A,T,2007-10-01,1040370.5269252746
USD,A,T,2008-01-01,903757.8743061883
USD,A,T,2008-04-01,890198.2532027606
USD,A,T,2008-07-01,973828.3875162323
USD,A,T,2008-10-01,843839.9118901527
USD,A,T,2009-01-01,918443.8667278246
USD,A,T,2009-04-01,912042.6937797563
USD,A,T,2009-07-01,871181.7503717461
USD,A,T,2009-10-01,916798.7941639404
USD,A,T,2010-01-01,918343.309735582
USD,A,T,2010-04-01,959561.5519266163
USD,A,T,2010-07-01,951781.5166049516
USD,A,T,2010-10-01,933338.0041533954
USD,A,T,2011-01-01,947968.598528106
USD,A,T,2011-04-01,894647.1719707805
USD,A,T,2011-07-01,1003492.674644438
USD,A,T,2011-10-01,1014095.4380939328
USD,A,T,2012-01-01,1057841.694234611
USD,A,T,2012-04-01,1118237.6786399835
USD,A,T,2012-07-01,1183777.8151769515
USD,A,T,2012-10-01,1155297.3699332834
USD,A,T,2013-01-01,1214873.0112973992
USD,A,T,2013-04-01,1188483.1881148256
USD,A,T,2013-07-01,1183335.848011976
USD,A,T,2013-10-01,1168958.829232365
USD,A,T,2014-01-01,1161667.2146015987
USD,A,T,2014-04-01,1162568.073114176
USD,A,T,2014-07-01,1288461.2220963766
USD,A,T,2014-10-01,1407917.697943271
USD,A,T,2015-01-01,1449243.2824801425
USD,A,T,2015-04-01,1404985.9973440405
USD,A,T,2015-07-01,1483330.9630281853
USD,A,T,2015-10-01,1541423.1279484227
USD,A,T,2016-01-01,1580302.316302514
USD,A,T,2016-04-01,1662080.959117773
USD,A,T,2016-07-01,1722724.2959763843
USD,A,T,2016-10-01,1861055.1152694162
USD,A,T,2017-01-01,1857897.3427637354
USD,A,T,2017-04-01,1870589.9249984887
USD,A,T,2017-07-01,1918382.1594519902
USD,A,T,2017-10-01,1981981.5532574633
USD,A,T,2018-01-01,1954041.3806286848
USD,A,T,2018-04-01,1988298.3857770092
USD,A,T,2018-07-01,1947682.3173911776
USD,A,T,2018-10-01,1859708.7780083115
USD,A,T,2019-01-01,1915023.3056730775
USD,A,T,2019-04-01,1895839.5112397068
USD,A,T,2019-07-01,1935418.6448963948
USD,A,T,2019-10-01,1991990.7546894674
USD,A,T,2020-01-01,1968242.6698461804
USD,A,T,2020-04-01,1933920.4369140782
USD,A,T,2020-07-01,1937255.613869982
USD,A,T,2020-10-01,1944382.7111101062
USD,A,T,2021-01-01,2142953.044310144
USD,A,T,2021-04-01,2167268.19741197
USD,A,T,2021-07-01,2210703.530336797
USD,A,T,2021-10-01,2182571.7072696383
USD,A,T,2022-01-01,2213598.6914885724
USD,A,T,2022-04-01,2153128.02893879
USD,A,T,2022-07-01,2147266.8505536118
USD,A,T,2022-10-01,2075731.5878861272
USD,A,T,2023-01-01,2097083.0951276806
USD,A,T,2023-04-01,2036543.0559580887
USD,A,T,2023-07-01,2056417.2546321638
USD,A,T,2023-10-01,1932213.1326017943
USD,A,T,2024-01-01,2117043.4048710684
USD,A,T,2024-04-01,2118425.201350649
USD,A,T,2024-07-01,2050816.5657615517
USD,A,T,2024-10-01,2193355.2997347144
USD,A,T,2025-01-01,2159205.5209874315
USD,A,T,2025-04-01,2038289.464113368
USD,A,T,2025-07-01,2086947.9620841665
USD,A,T,2025-10-01,2103587.1578749907
USD,A,T,2026-01-01,2164188.895182266
USD,A,UI,1985-01-01,92317.37949730303
USD,A,UI,1985-04-01,89153.80554485414
USD,A,UI,1985-07-01,83608.12412434517
USD,A,UI,1985-10-01,78680
USD,A,UI,1986-01-01,75618.60146771683
USD,A,UI,1986-04-01,73616.34458637192
USD,A,UI,1986-07-01,68842.64515282193
USD,A,UI,1986-10-01,70653.8
USD,A,UI,1987-01-01,68228.55788810577
USD,A,UI,1987-04-01,68653.80926981824
USD,A,UI,1987-07-01,72845.38988850437
USD,A,UI,1987-10-01,69106.9
USD,A,UI,1988-01-01,70622.85378611919
USD,A,UI,1988-04-01,75184.96361675039
USD,A,UI,1988-07-01,84952.12069468971
USD,A,UI,1988-10-01,83355.7
USD,A,UI,1989-01-01,87830.90911456801
USD,A,UI,1989-04-01,94992.16287255319
USD,A,UI,1989-07-01,94988.09775126222
USD,A,UI,1989-10-01,96260
USD,A,UI,1990-01-01,96580.13270251981
USD,A,UI,1990-04-01,99291.44554903377
USD,A,UI,1990-07-01,97901.71300926432
USD,A,UI,1990-10-01,97136
USD,A,UI,1991-01-01,98283.62886853874
USD,A,UI,1991-04-01,107495.81287917732
USD,A,UI,1991-07-01,106872.62042171822
USD,A,UI,1991-10-01,97728
USD,A,UI,1992-01-01,103903.09757839053
USD,A,UI,1992-04-01,111129.97714388973
USD,A,UI,1992-07-01,103468.61333762854
USD,A,UI,1992-10-01,114696
USD,A,UI,1993-01-01,121217.58724063153
USD,A,UI,1993-04-01,113926.7868571028
USD,A,UI,1993-07-01,112172.27145032982
USD,A,UI,1993-10-01,109843.2
USD,A,UI,1994-01-01,115093.78599813889
USD,A,UI,1994-04-01,119661.73036693042
USD,A,UI,1994-07-01,119745.29384531158
USD,A,UI,1994-10-01,125227
USD,A,UI,1995-01-01,122813.14597300882
USD,A,UI,1995-04-01,115366.5935161866
USD,A,UI,1995-07-01,119453.7423695111
USD,A,UI,1995-10-01,119724
USD,A,UI,1996-01-01,130379.88506640706
USD,A,UI,1996-04-01,146020.75656220334
USD,A,UI,1996-07-01,155411.18981559915
USD,A,UI,1996-10-01,175288.5
USD,A,UI,1997-01-01,207128.05387606705
USD,A,UI,1997-04-01,217849.49368635862
USD,A,UI,1997-07-01,232411.71389859097
USD,A,UI,1997-10-01,231847.8
USD,A,UI,1998-01-01,242482.8357571623
USD,A,UI,1998-04-01,249710.46136966068
USD,A,UI,1998-07-01,250473.72843792167
USD,A,UI,1998-10-01,236120.5
USD,A,UI,1999-01-01,254230.98598692042
USD,A,UI,1999-04-01,284213.3462225215
USD,A,UI,1999-07-01,279204.80523593747
USD,A,UI,1999-10-01,316574.272969
USD,A,UI,2000-01-01,393886.06
USD,A,UI,2000-04-01,333797.18
USD,A,UI,2000-07-01,395808.523484
USD,A,UI,2000-10-01,361883.915637
USD,A,UI,2001-01-01,355007.531
USD,A,UI,2001-04-01,414281.171
USD,A,UI,2001-07-01,296421.449
USD,A,UI,2001-10-01,337506.178447
USD,A,UI,2002-01-01,416541.9
USD,A,UI,2002-04-01,371004.4
USD,A,UI,2002-07-01,358488.2
USD,A,UI,2002-10-01,380563
USD,A,UI,2003-01-01,356253
USD,A,UI,2003-04-01,360118.7
USD,A,UI,2003-07-01,348630.2
USD,A,UI,2003-10-01,365550.4
USD,A,UI,2004-01-01,418217.2
USD,A,UI,2004-04-01,393950.5
USD,A,UI,2004-07-01,378300
USD,A,UI,2004-10-01,379414.2
USD,A,UI,2005-01-01,398706.6
USD,A,UI,2005-04-01,482908.2
USD,A,UI,2005-07-01,557503.1024552444
USD,A,UI,2005-10-01,543927.4648205917
USD,A,UI,2006-01-01,592175.7871138519
USD,A,UI,2006-04-01,538680.4730693888
USD,A,UI,2006-07-01,576700.9511996242
USD,A,UI,2006-10-01,533795.2096962581
USD,A,UI,2007-01-01,568509.0165556741
USD,A,UI,2007-04-01,554238.3993412261
USD,A,UI,2007-07-01,509450.9379149929
USD,A,UI,2007-10-01,488874.0404931678
USD,A,UI,2008-01-01,403198.8075197248
USD,A,UI,2008-04-01,376753.00511846575
USD,A,UI,2008-07-01,439907.6864004015
USD,A,UI,2008-10-01,340897.7908929248
USD,A,UI,2009-01-01,377447.57187586144
USD,A,UI,2009-04-01,341236.5855508149
USD,A,UI,2009-07-01,310280.23966800194
USD,A,UI,2009-10-01,332637.921576759
USD,A,UI,2010-01-01,302612.6915774947
USD,A,UI,2010-04-01,300424.1165738573
USD,A,UI,2010-07-01,308963.33880633366
USD,A,UI,2010-10-01,284614.9551144049
USD,A,UI,2011-01-01,302649.2149319902
USD,A,UI,2011-04-01,295626.9873039735
USD,A,UI,2011-07-01,321689.74241924123
USD,A,UI,2011-10-01,339900.35635785887
USD,A,UI,2012-01-01,354252.1258691843
USD,A,UI,2012-04-01,360724.64485536463
USD,A,UI,2012-07-01,374844.6390120498
USD,A,UI,2012-10-01,358573.31259568204
USD,A,UI,2013-01-01,377065.9091072625
USD,A,UI,2013-04-01,361635.690304889
USD,A,UI,2013-07-01,376302.0294520876
USD,A,UI,2013-10-01,364589.1507265654
USD,A,UI,2014-01-01,353709.7733725388
USD,A,UI,2014-04-01,324076.3803337426
USD,A,UI,2014-07-01,385561.0145796913
USD,A,UI,2014-10-01,447112.54111285775
USD,A,UI,2015-01-01,423009.98454537196
USD,A,UI,2015-04-01,400290.7734959389
USD,A,UI,2015-07-01,413076.30273901176
USD,A,UI,2015-10-01,421579.7607044961
USD,A,UI,2016-01-01,420983.23538699513
USD,A,UI,2016-04-01,456801.755703083
USD,A,UI,2016-07-01,482699.38024089794
USD,A,UI,2016-10-01,535111.0822050135
USD,A,UI,2017-01-01,525265.9372325506
USD,A,UI,2017-04-01,539561.0357907786
USD,A,UI,2017-07-01,550442.8491260603
USD,A,UI,2017-10-01,576943.4334814397
USD,A,UI,2018-01-01,544079.9869575654
USD,A,UI,2018-04-01,521216.46733178856
USD,A,UI,2018-07-01,498000.8715001657
USD,A,UI,2018-10-01,489538.9003042668
USD,A,UI,2019-01-01,480318.7579617384
USD,A,UI,2019-04-01,480107.0221494336
USD,A,UI,2019-07-01,482753.1317728608
USD,A,UI,2019-10-01,470178.18930127047
USD,A,UI,2020-01-01,480745.9111910519
USD,A,UI,2020-04-01,453594.9096138159
USD,A,UI,2020-07-01,423561.6587663337
USD,A,UI,2020-10-01,409057.923626843
USD,A,UI,2021-01-01,462690.1944447943
USD,A,UI,2021-04-01,460307.939972282
USD,A,UI,2021-07-01,462134.667096953
USD,A,UI,2021-10-01,458467.5625460943
USD,A,UI,2022-01-01,499528.20118439547
USD,A,UI,2022-04-01,496646.77811137756
USD,A,UI,2022-07-01,504917.471628406
USD,A,UI,2022-10-01,509225.1823211981
USD,A,UI,2023-01-01,521253.46099266945
USD,A,UI,2023-04-01,482516.6847851165
USD,A,UI,2023-07-01,467307.8818900064
USD,A,UI,2023-10-01,408420.6133540035
USD,A,UI,2024-01-01,442657.0890489566
USD,A,UI,2024-04-01,415865.14213491563
USD,A,UI,2024-07-01,386476.3129949452
USD,A,UI,2024-10-01,431492.187831605
USD,A,UI,2025-01-01,428601.48302195646
USD,A,UI,2025-04-01,395299.0666450993
USD,A,UI,2025-07-01,394378.4110309244
USD,A,UI,2025-10-01,400023.0919013102
USD,A,UI,2026-01-01,405559.04316626635
USD,A,W,1985-01-01,40620.807206224614
USD,A,W,1985-04-01,39862.800243000755
USD,A,W,1985-07-01,37134.31211428209
USD,A,W,1985-10-01,34297
USD,A,W,1986-01-01,33377.48316353795
USD,A,W,1986-04-01,33026.588279783
USD,A,W,1986-07-01,31403.131081371313
USD,A,W,1986-10-01,32832
USD,A,W,1987-01-01,32346.904969298572
USD,A,W,1987-04-01,33251.70196028538
USD,A,W,1987-07-01,36004.97694638032
USD,A,W,1987-10-01,34591
USD,A,W,1988-01-01,32965.01145414317
USD,A,W,1988-04-01,32789.80019508749
USD,A,W,1988-07-01,35066.772729650875
USD,A,W,1988-10-01,33201
USD,A,W,1989-01-01,35084.778178345594
USD,A,W,1989-04-01,38096.67684033324
USD,A,W,1989-07-01,37542.33976489646
USD,A,W,1989-10-01,35944
USD,A,W,1990-01-01,35643.69203638779
USD,A,W,1990-04-01,35316.78967203222
USD,A,W,1990-07-01,33460.73431369284
USD,A,W,1990-10-01,32764
USD,A,W,1991-01-01,32506.402968301827
USD,A,W,1991-04-01,36164.50193708883
USD,A,W,1991-07-01,37271.43936755011
USD,A,W,1991-10-01,35611
USD,A,W,1992-01-01,38029.792663200285
USD,A,W,1992-04-01,40534.59069328544
USD,A,W,1992-07-01,37587.153884332336
USD,A,W,1992-10-01,41343
USD,A,W,1993-01-01,44854.262903557974
USD,A,W,1993-04-01,43077.07062296103
USD,A,W,1993-07-01,42866.962864399786
USD,A,W,1993-10-01,41759.8
USD,A,W,1994-01-01,42812.48093597333
USD,A,W,1994-04-01,42785.2265139328
USD,A,W,1994-07-01,40683.34049594456
USD,A,W,1994-10-01,40387
USD,A,W,1995-01-01,38682.321090771045
USD,A,W,1995-04-01,35539.40309313688
USD,A,W,1995-07-01,36365.41273649879
USD,A,W,1995-10-01,36561
USD,A,W,1996-01-01,37377.13188192527
USD,A,W,1996-04-01,39491.674092926274
USD,A,W,1996-07-01,39550.196511276736
USD,A,W,1996-10-01,41656.4
USD,A,W,1997-01-01,46390.71122073903
USD,A,W,1997-04-01,45816.547563147244
USD,A,W,1997-07-01,45692.76961823371
USD,A,W,1997-10-01,42188.200000000004
USD,A,W,1998-01-01,30017.239982230512
USD,A,W,1998-04-01,30352.02100049015
USD,A,W,1998-07-01,29791.88981043695
USD,A,W,1998-10-01,27436.8
USD,A,W,1999-01-01,28251.221429913632
USD,A,W,1999-04-01,29511.273283726638
USD,A,W,1999-07-01,29344.170315612366
USD,A,W,1999-10-01,29153.2
USD,A,W,2000-01-01,19686.79
USD,A,W,2000-04-01,18633.44
USD,A,W,2000-07-01,20499.079999999998
USD,A,W,2000-10-01,20526.899999999998
USD,A,W,2001-01-01,19099.4
USD,A,W,2001-04-01,20404.67
USD,A,W,2001-07-01,20629.77
USD,A,W,2001-10-01,20756.07
USD,A,W,2002-01-01,22186.929999999997
USD,A,W,2002-04-01,18922.350000000002
USD,A,W,2002-07-01,21111.870000000003
USD,A,W,2002-10-01,20752.39
USD,A,W,2003-01-01,20842.2
USD,A,W,2003-04-01,21286.81
USD,A,W,2003-07-01,20768.038763695487
USD,A,W,2003-10-01,20406
USD,A,W,2004-01-01,23781.34
USD,A,W,2004-04-01,21553.84433894987
USD,A,W,2004-07-01,20729.68
USD,A,W,2004-10-01,20405.04
USD,A,W,2005-01-01,22799.77768759
USD,A,W,2005-04-01,16559.41
USD,A,W,2005-07-01,16085.86
USD,A,W,2005-10-01,16332.22066518
USD,A,W,2006-01-01,15897.35444117
USD,A,W,2006-04-01,15235.529887210001
USD,A,W,2006-07-01,15107.89975474
USD,A,W,2006-10-01,14956.02625839
USD,A,W,2007-01-01,13983.402026710002
USD,A,W,2007-04-01,14208.41909454
USD,A,W,2007-07-01,15070.781036419998
USD,A,W,2007-10-01,15710.84575508
USD,A,W,2008-01-01,13001.65784127
USD,A,W,2008-04-01,13453.602138409997
USD,A,W,2008-07-01,13394.17556197
USD,A,W,2008-10-01,13487.080346697003
USD,A,W,2009-01-01,14992.78621947
USD,A,W,2009-04-01,21607.81957136
USD,A,W,2009-07-01,21378.33921274
USD,A,W,2009-10-01,28525.37616965
USD,A,W,2010-01-01,27592.28250235
USD,A,W,2010-04-01,48496.02548479
USD,A,W,2010-07-01,53485.19979941
USD,A,W,2010-10-01,50615.07202669
USD,A,W,2011-01-01,51538.6754973
USD,A,W,2011-04-01,48876.42067187999
USD,A,W,2011-07-01,101689.99584697424
USD,A,W,2011-10-01,59014.13682366
USD,A,W,2012-01-01,63487.31707133
USD,A,W,2012-04-01,79318.46950327
USD,A,W,2012-07-01,118482.24061409998
USD,A,W,2012-10-01,117458.43315871
USD,A,W,2013-01-01,119664.77828197
USD,A,W,2013-04-01,118408.90267922
USD,A,W,2013-07-01,114373.93642329003
USD,A,W,2013-10-01,114787.41103022
USD,A,W,2014-01-01,117068.12965788138
USD,A,W,2014-04-01,120229.411506079
USD,A,W,2014-07-01,135401.2378811
USD,A,W,2014-10-01,141954.14654057
USD,A,W,2015-01-01,168433.43871724085
USD,A,W,2015-04-01,166256.8371870234
USD,A,W,2015-07-01,177858.00772009065
USD,A,W,2015-10-01,181518.55920157922
USD,A,W,2016-01-01,190738.79614345345
USD,A,W,2016-04-01,206318.06935869865
USD,A,W,2016-07-01,210619.88485034503
USD,A,W,2016-10-01,220928.09762586164
USD,A,W,2017-01-01,240871.39102604202
USD,A,W,2017-04-01,241405.90544815463
USD,A,W,2017-07-01,256727.34937273816
USD,A,W,2017-10-01,262565.4993660231
USD,A,W,2018-01-01,264008.30398549826
USD,A,W,2018-04-01,275006.0236991173
USD,A,W,2018-07-01,259625.04964244075
USD,A,W,2018-10-01,252150.2720991156
USD,A,W,2019-01-01,261709.1465161072
USD,A,W,2019-04-01,262194.981616471
USD,A,W,2019-07-01,270684.6123194124
USD,A,W,2019-10-01,266595.8531370002
USD,A,W,2020-01-01,269068.493868164
USD,A,W,2020-04-01,305226.77868286613
USD,A,W,2020-07-01,317996.2115110394
USD,A,W,2020-10-01,318873.7887391129
USD,A,W,2021-01-01,355420.121893061
USD,A,W,2021-04-01,363511.65080040327
USD,A,W,2021-07-01,361638.54999393196
USD,A,W,2021-10-01,360747.0646277893
USD,A,W,2022-01-01,358007.04234395904
USD,A,W,2022-04-01,330274.707709689
USD,A,W,2022-07-01,313298.3790612843
USD,A,W,2022-10-01,297313.5360781769
USD,A,W,2023-01-01,289466.8848231863
USD,A,W,2023-04-01,280301.1405675945
USD,A,W,2023-07-01,264535.4841989694
USD,A,W,2023-10-01,252944.25845317025
USD,A,W,2024-01-01,278390.4983004958
USD,A,W,2024-04-01,280257.9484286756
USD,A,W,2024-07-01,277645.2919354965
USD,A,W,2024-10-01,290456.26853533613
USD,A,W,2025-01-01,279443.5418859723
USD,A,W,2025-04-01,265123.0877181289
USD,A,W,2025-07-01,271319.79641586874
USD,A,W,2025-10-01,266819.23732410674
USD,A,W,2026-01-01,266941.0672814705
USD,N,D0,1985-01-01,13325.924884281352
USD,N,D0,1985-04-01,13616.488581573427
USD,N,D0,1985-07-01,13450.802047478603
USD,N,D0,1985-10-01,13272
USD,N,D0,1986-01-01,12910.843241241017
USD,N,D0,1986-04-01,12671.689365161195
USD,N,D0,1986-07-01,11963.708893392683
USD,N,D0,1986-10-01,12247.999999999998
USD,N,D0,1987-01-01,11729.493235871647
USD,N,D0,1987-04-01,11646.55268976083
USD,N,D0,1987-07-01,12303.138831755326
USD,N,D0,1987-10-01,11844
USD,N,D0,1988-01-01,11538.95091493308
USD,N,D0,1988-04-01,11894.952674741284
USD,N,D0,1988-07-01,13092.298647274485
USD,N,D0,1988-10-01,12563
USD,N,D0,1989-01-01,13934.169036717627
USD,N,D0,1989-04-01,15723.685035592149
USD,N,D0,1989-07-01,16188.17713767888
USD,N,D0,1989-10-01,16408
USD,N,D0,1990-01-01,16976.340507978617
USD,N,D0,1990-04-01,16147.10591747327
USD,N,D0,1990-07-01,14759.302501971026
USD,N,D0,1990-10-01,13763
USD,N,D0,1991-01-01,14337.246529070675
USD,N,D0,1991-04-01,16741.13899354856
USD,N,D0,1991-07-01,17869.618042387054
USD,N,D0,1991-10-01,17516
USD,N,D0,1992-01-01,19194.75777380195
USD,N,D0,1992-04-01,19527.012017980516
USD,N,D0,1992-07-01,17346.40080805255
USD,N,D0,1992-10-01,18547
USD,N,D0,1993-01-01,20536.031241765966
USD,N,D0,1993-04-01,20583.959905887248
USD,N,D0,1993-07-01,21545.492855528904
USD,N,D0,1993-10-01,22175.199999999997
USD,N,D0,1994-01-01,24383.716666514207
USD,N,D0,1994-04-01,25964.053854530895
USD,N,D0,1994-07-01,26513.714160608793
USD,N,D0,1994-10-01,28566.6
USD,N,D0,1995-01-01,29659.245145894238
USD,N,D0,1995-04-01,30022.228376354662
USD,N,D0,1995-07-01,33373.88595576493
USD,N,D0,1995-10-01,35339.6
USD,N,D0,1996-01-01,37498.34649098165
USD,N,D0,1996-04-01,40446.31360839004
USD,N,D0,1996-07-01,41190.57239717133
USD,N,D0,1996-10-01,44710.9
USD,N,D0,1997-01-01,49780.630593260954
USD,N,D0,1997-04-01,49836.944495686264
USD,N,D0,1997-07-01,50844.79228107185
USD,N,D0,1997-10-01,48409.8
USD,N,D0,1998-01-01,62506.87452746474
USD,N,D0,1998-04-01,62967.89070957377
USD,N,D0,1998-07-01,61932.036693852715
USD,N,D0,1998-10-01,57574.099999999984
USD,N,D0,1999-01-01,55904.55355337262
USD,N,D0,1999-04-01,62395.12508164766
USD,N,D0,1999-07-01,66339.89650078147
USD,N,D0,1999-10-01,70592.56101612697
USD,N,D0,2000-01-01,75070.55697867829
USD,N,D0,2000-04-01,82410.8925718634
USD,N,D0,2000-07-01,83060.44172994402
USD,N,D0,2000-10-01,94522.08240111312
USD,N,D0,2001-01-01,100899.9430696835
USD,N,D0,2001-04-01,102773.51582556202
USD,N,D0,2001-07-01,92103.78885952877
USD,N,D0,2001-10-01,100444.33698841791
USD,N,D0,2002-01-01,99168.05920982202
USD,N,D0,2002-04-01,90215.16485896846
USD,N,D0,2002-07-01,84939.26933566273
USD,N,D0,2002-10-01,78414.38255275854
USD,N,D0,2003-01-01,80798.71432487687
USD,N,D0,2003-04-01,82716.60440324756
USD,N,D0,2003-07-01,82466.63438083365
USD,N,D0,2003-10-01,85614.60678464125
USD,N,D0,2004-01-01,87363.5188094502
USD,N,D0,2004-04-01,92815.6176381902
USD,N,D0,2004-07-01,84528.77400113356
USD,N,D0,2004-10-01,81659.18098357457
USD,N,D0,2005-01-01,96147.3242194796
USD,N,D0,2005-04-01,107551.77380546951
USD,N,D0,2005-07-01,118669.263670216
USD,N,D0,2005-10-01,130865.1581432177
USD,N,D0,2006-01-01,162845.3772571634
USD,N,D0,2006-04-01,159940.837435911
USD,N,D0,2006-07-01,183344.0695158101
USD,N,D0,2006-10-01,133822.50884462218
USD,N,D0,2007-01-01,123808.34354490021
USD,N,D0,2007-04-01,125649.4342443547
USD,N,D0,2007-07-01,118873.4988554583
USD,N,D0,2007-10-01,120414.01269871269
USD,N,D0,2008-01-01,108916.8544193365
USD,N,D0,2008-04-01,106818.86364254629
USD,N,D0,2008-07-01,121811.06283928081
USD,N,D0,2008-10-01,120645.3124928374
USD,N,D0,2009-01-01,137786.27552320092
USD,N,D0,2009-04-01,146135.40776513162
USD,N,D0,2009-07-01,146454.54298961232
USD,N,D0,2009-10-01,153516.33964492072
USD,N,D0,2010-01-01,163382.28356515878
USD,N,D0,2010-04-01,177524.52891213493
USD,N,D0,2010-07-01,165325.45545578055
USD,N,D0,2010-10-01,170960.80862899998
USD,N,D0,2011-01-01,166269.61080731882
USD,N,D0,2011-04-01,151174.79852331168
USD,N,D0,2011-07-01,173997.46290622719
USD,N,D0,2011-10-01,192491.39809130193
USD,N,D0,2012-01-01,189102.5409190437
USD,N,D0,2012-04-01,201802.24008343546
USD,N,D0,2012-07-01,197432.89688221403
USD,N,D0,2012-10-01,185492.689083589
USD,N,D0,2013-01-01,197932.64318403552
USD,N,D0,2013-04-01,198890.5976754493
USD,N,D0,2013-07-01,199763.95667855447
USD,N,D0,2013-10-01,190969.27298077298
USD,N,D0,2014-01-01,189389.87480977064
USD,N,D0,2014-04-01,192771.16788472535
USD,N,D0,2014-07-01,207884.2093691385
USD,N,D0,2014-10-01,142589.786734053
USD,N,D0,2015-01-01,163993.86577374022
USD,N,D0,2015-04-01,161743.24349964844
USD,N,D0,2015-07-01,197827.57442393524
USD,N,D0,2015-10-01,207001.22858435154
USD,N,D0,2016-01-01,232401.381701028
USD,N,D0,2016-04-01,246233.8483957969
USD,N,D0,2016-07-01,262997.5006930154
USD,N,D0,2016-10-01,288427.6148519638
USD,N,D0,2017-01-01,262024.9367393463
USD,N,D0,2017-04-01,271416.34484507295
USD,N,D0,2017-07-01,274193.3038298202
USD,N,D0,2017-10-01,251819.1236659421
USD,N,D0,2018-01-01,262722.1387962224
USD,N,D0,2018-04-01,323365.75338541967
USD,N,D0,2018-07-01,331005.7000133825
USD,N,D0,2018-10-01,294584.2015306933
USD,N,D0,2019-01-01,292740.4180404278
USD,N,D0,2019-04-01,267023.44006858993
USD,N,D0,2019-07-01,255545.9830003726
USD,N,D0,2019-10-01,290828.64830204693
USD,N,D0,2020-01-01,295631.47337808
USD,N,D0,2020-04-01,229918.68354215886
USD,N,D0,2020-07-01,245217.3002220638
USD,N,D0,2020-10-01,257180.60929301084
USD,N,D0,2021-01-01,294686.3817228215
USD,N,D0,2021-04-01,278007.68218506145
USD,N,D0,2021-07-01,282830.44992715237
USD,N,D0,2021-10-01,268864.9558296949
USD,N,D0,2022-01-01,255461.87063816615
USD,N,D0,2022-04-01,241950.28115100868
USD,N,D0,2022-07-01,237066.71342057176
USD,N,D0,2022-10-01,222768.0373636458
USD,N,D0,2023-01-01,230346.14444512653
USD,N,D0,2023-04-01,225824.67525196512
USD,N,D0,2023-07-01,266084.373408495
USD,N,D0,2023-10-01,267401.2659277724
USD,N,D0,2024-01-01,302770.0322742753
USD,N,D0,2024-04-01,308627.9950174865
USD,N,D0,2024-07-01,288104.3151665081
USD,N,D0,2024-10-01,318321.1471798857
USD,N,D0,2025-01-01,328989.5067726523
USD,N,D0,2025-04-01,294595.77944131347
USD,N,D0,2025-07-01,295624.30855633516
USD,N,D0,2025-10-01,289695.0131479529
USD,N,D0,2026-01-01,322514.6618302861
USD,N,D1,2004-04-01,302
USD,N,D1,2004-07-01,-50
USD,N,D1,2004-10-01,-78
USD,N,D1,2005-01-01,-2576.2
USD,N,D1,2005-04-01,-3618.9
USD,N,D1,2005-07-01,-2962.0000000000005
USD,N,D1,2005-10-01,-1952.8
USD,N,D1,2006-01-01,-1880.1999999999998
USD,N,D1,2006-04-01,1361.7999999999997
USD,N,D1,2006-07-01,616.2
USD,N,D1,2006-10-01,1253.2999999999997
USD,N,D1,2007-01-01,920.3
USD,N,D1,2007-04-01,258.20000000000005
USD,N,D1,2007-07-01,161.5
USD,N,D1,2007-10-01,18.09999999999991
USD,N,D1,2008-01-01,539
USD,N,D1,2008-04-01,2865.8999999999905
USD,N,D1,2008-07-01,4170.299999999996
USD,N,D1,2008-10-01,7315.9605122830035
USD,N,D1,2009-01-01,2388.46914261
USD,N,D1,2009-04-01,-2285.5901492899975
USD,N,D1,2009-07-01,1774.4088156500038
USD,N,D1,2009-10-01,635.3975926499988
USD,N,D1,2010-01-01,1150.8110716600004
USD,N,D1,2010-04-01,2911.1347071299933
USD,N,D1,2010-07-01,1066.3075042599994
USD,N,D1,2010-10-01,2624.67161449
USD,N,D1,2011-01-01,879.2614549999998
USD,N,D1,2011-04-01,2335.7666997800006
USD,N,D1,2011-07-01,2955.2664152700017
USD,N,D1,2011-10-01,3931.445830249997
USD,N,D1,2012-01-01,4454.471263179996
USD,N,D1,2012-04-01,6898.921993229998
USD,N,D1,2012-07-01,3730.732215529997
USD,N,D1,2012-10-01,6020.8317588400005
USD,N,D1,2013-01-01,4959.491658570001
USD,N,D1,2013-04-01,7362.95612825
USD,N,D1,2013-07-01,4758.1
USD,N,D1,2013-10-01,5757.1
USD,N,D1,2014-01-01,5796.6
USD,N,D1,2014-04-01,4882.9
USD,N,D1,2014-07-01,4656.485433916985
USD,N,D1,2014-10-01,-428.34533581183496
USD,N,D1,2015-01-01,-1405.0771776202164
USD,N,D1,2015-04-01,-2189.9440629398778
USD,N,D1,2015-07-01,892.586053459836
USD,N,D1,2015-10-01,1870.4166435235693
USD,N,D1,2016-01-01,1400.249926668479
USD,N,D1,2016-04-01,430.9557073682772
USD,N,D1,2016-07-01,-511.04130581360005
USD,N,D1,2016-10-01,-3165.543824696506
USD,N,D1,2017-01-01,-2464.6776686787416
USD,N,D1,2017-04-01,-2062.6603060978723
USD,N,D1,2017-07-01,-2922.3844265142907
USD,N,D1,2017-10-01,-3765.412041967591
USD,N,D1,2018-01-01,1343.520592545572
USD,N,D1,2018-04-01,2128.7780532586985
USD,N,D1,2018-07-01,2477.246868445378
USD,N,D1,2018-10-01,5715.015242238536
USD,N,D1,2019-01-01,1214.7498945457046
USD,N,D1,2019-04-01,2040.2251126236006
USD,N,D1,2019-07-01,1267.4757403150616
USD,N,D1,2019-10-01,2604.4984289448657
USD,N,D1,2020-01-01,6175.417008481007
USD,N,D1,2020-04-01,2089.159441854663
USD,N,D1,2020-07-01,2037.8594132372418
USD,N,D1,2020-10-01,1897.1075920305157
USD,N,D1,2021-01-01,2362.350210974928
USD,N,D1,2021-04-01,2766.663832934075
USD,N,D1,2021-07-01,-1588.4827242317078
USD,N,D1,2021-10-01,-2814.8846844631953
USD,N,D1,2022-01-01,-2520.119056249372
USD,N,D1,2022-04-01,7697.282166516048
USD,N,D1,2022-07-01,8280.396602260902
USD,N,D1,2022-10-01,3094.2976624125986
USD,N,D1,2023-01-01,6180.798040049765
USD,N,D1,2023-04-01,9273.79927574647
USD,N,D1,2023-07-01,10907.812956743252
USD,N,D1,2023-10-01,2937.2826661133804
USD,N,D1,2024-01-01,7612.953343851694
USD,N,D1,2024-04-01,2908.560604891685
USD,N,D1,2024-07-01,824.7166405169992
USD,N,D1,2024-10-01,6940.207831210806
USD,N,D1,2025-01-01,3744.5117410693747
USD,N,D1,2025-04-01,-589.6233117819138
USD,N,D1,2025-07-01,-599.8452978803834
USD,N,D1,2025-10-01,-991.2749322204763
USD,N,D1,2026-01-01,3988.5975213049715
USD,N,P,1985-01-01,64257.2913041818
USD,N,P,1985-04-01,60429.72076770114
USD,N,P,1985-07-01,52760.11534909036
USD,N,P,1985-10-01,49564.4999999999
USD,N,P,1986-01-01,50850.4147694146
USD,N,P,1986-04-01,51307.51011186586
USD,N,P,1986-07-01,47214.50415832044
USD,N,P,1986-10-01,49332.200000000004
USD,N,P,1987-01-01,51952.892866793896
USD,N,P,1987-04-01,52702.07817136409
USD,N,P,1987-07-01,56776.67487428705
USD,N,P,1987-10-01,50872
USD,N,P,1988-01-01,52872.30360437593
USD,N,P,1988-04-01,57413.137196151954
USD,N,P,1988-07-01,65594.41929933742
USD,N,P,1988-10-01,64953.899999999994
USD,N,P,1989-01-01,68900.93367557964
USD,N,P,1989-04-01,77097.57374567357
USD,N,P,1989-07-01,75981.54544593545
USD,N,P,1989-10-01,72440.1
USD,N,P,1990-01-01,63186.54818489593
USD,N,P,1990-04-01,59604.92272599072
USD,N,P,1990-07-01,49006.763849108705
USD,N,P,1990-10-01,46316.5
USD,N,P,1991-01-01,49342.25848812354
USD,N,P,1991-04-01,53599.97322992849
USD,N,P,1991-07-01,55631.021638176404
USD,N,P,1991-10-01,53355.2
USD,N,P,1992-01-01,53840.99872832085
USD,N,P,1992-04-01,56506.27637608237
USD,N,P,1992-07-01,52247.43175176303
USD,N,P,1992-10-01,57911.3
USD,N,P,1993-01-01,69277.76132690451
USD,N,P,1993-04-01,72263.24091251998
USD,N,P,1993-07-01,79364.8517180494
USD,N,P,1993-10-01,83768.6
USD,N,P,1994-01-01,84484.74650030538
USD,N,P,1994-04-01,85327.0696656509
USD,N,P,1994-07-01,85272.16436813395
USD,N,P,1994-10-01,87992
USD,N,P,1995-01-01,87852.95491513575
USD,N,P,1995-04-01,85672.77858770563
USD,N,P,1995-07-01,89506.22657062481
USD,N,P,1995-10-01,89122.6
USD,N,P,1996-01-01,94426.3975524312
USD,N,P,1996-04-01,102004.15245880985
USD,N,P,1996-07-01,104005.56280914175
USD,N,P,1996-10-01,115464.50000000001
USD,N,P,1997-01-01,124294.58939143209
USD,N,P,1997-04-01,130728.24582653007
USD,N,P,1997-07-01,135784.02777261203
USD,N,P,1997-10-01,128143.1
USD,N,P,1998-01-01,151445.52969493598
USD,N,P,1998-04-01,158938.35204211014
USD,N,P,1998-07-01,153254.18947966545
USD,N,P,1998-10-01,163525.6629999999
USD,N,P,1999-01-01,174656.62072667782
USD,N,P,1999-04-01,192880.93552533217
USD,N,P,1999-07-01,190777.99040047458
USD,N,P,1999-10-01,207330.94535909998
USD,N,P,2000-01-01,235272.55102518003
USD,N,P,2000-04-01,233959.94320094
USD,N,P,2000-07-01,242652.74926911
USD,N,P,2000-10-01,219558.42422958
USD,N,P,2001-01-01,228940.4375563
USD,N,P,2001-04-01,240326.90737849998
USD,N,P,2001-07-01,207709.5633015
USD,N,P,2001-10-01,218437.90788952002
USD,N,P,2002-01-01,227652.69178909
USD,N,P,2002-04-01,190299.69909518
USD,N,P,2002-07-01,177580.706533241
USD,N,P,2002-10-01,172788.27101279
USD,N,P,2003-01-01,167100.92270185
USD,N,P,2003-04-01,172544.26204512
USD,N,P,2003-07-01,176800.39372837998
USD,N,P,2003-10-01,176945.938783229
USD,N,P,2004-01-01,183546.152
USD,N,P,2004-04-01,186501.321
USD,N,P,2004-07-01,190304.008
USD,N,P,2004-10-01,175896.39400000003
USD,N,P,2005-01-01,173980.25300000003
USD,N,P,2005-04-01,188486.85499999998
USD,N,P,2005-07-01,203232.011
USD,N,P,2005-10-01,215094.076
USD,N,P,2006-01-01,230700.318
USD,N,P,2006-04-01,223237.439
USD,N,P,2006-07-01,241250.736
USD,N,P,2006-10-01,240564.40499999997
USD,N,P,2007-01-01,247401.90000000002
USD,N,P,2007-04-01,264914.341
USD,N,P,2007-07-01,262497.238
USD,N,P,2007-10-01,263035.007
USD,N,P,2008-01-01,224747.87300000002
USD,N,P,2008-04-01,224690.89800000004
USD,N,P,2008-07-01,224349.35099999997
USD,N,P,2008-10-01,180648.7767598937
USD,N,P,2009-01-01,190802.0669524197
USD,N,P,2009-04-01,165497.97503523
USD,N,P,2009-07-01,160443.8692930892
USD,N,P,2009-10-01,130067.54066505199
USD,N,P,2010-01-01,134488.8416654799
USD,N,P,2010-04-01,141864.18258493775
USD,N,P,2010-07-01,140309.16011905664
USD,N,P,2010-10-01,123934.58102053415
USD,N,P,2011-01-01,120407.8862914368
USD,N,P,2011-04-01,119041.58732024397
USD,N,P,2011-07-01,126053.49455217493
USD,N,P,2011-10-01,137806.91522525682
USD,N,P,2012-01-01,125893.97697790072
USD,N,P,2012-04-01,143282.47697780727
USD,N,P,2012-07-01,155500.18289357086
USD,N,P,2012-10-01,167140.77811444883
USD,N,P,2013-01-01,187888.78011913548
USD,N,P,2013-04-01,180796.8506920696
USD,N,P,2013-07-01,177721.7746415328
USD,N,P,2013-10-01,194930.9635737695
USD,N,P,2014-01-01,201431.09264394274
USD,N,P,2014-04-01,217214.68738335712
USD,N,P,2014-07-01,243999.09224560915
USD,N,P,2014-10-01,290152.7832646317
USD,N,P,2015-01-01,318035.88498955953
USD,N,P,2015-04-01,321068.07625019434
USD,N,P,2015-07-01,329875.60351770895
USD,N,P,2015-10-01,339133.0110017463
USD,N,P,2016-01-01,326772.8976449542
USD,N,P,2016-04-01,342419.8051515346
USD,N,P,2016-07-01,355040.26593702973
USD,N,P,2016-10-01,363727.4262072462
USD,N,P,2017-01-01,375279.22200477344
USD,N,P,2017-04-01,362588.5286111068
USD,N,P,2017-07-01,376985.2182736244
USD,N,P,2017-10-01,382439.7331441612
USD,N,P,2018-01-01,379585.7715111573
USD,N,P,2018-04-01,394762.4727787798
USD,N,P,2018-07-01,391137.6126170886
USD,N,P,2018-10-01,380346.4220247457
USD,N,P,2019-01-01,404047.3415406008
USD,N,P,2019-04-01,400053.58815270365
USD,N,P,2019-07-01,406381.4033789282
USD,N,P,2019-10-01,414118.49807419686
USD,N,P,2020-01-01,403466.49889627425
USD,N,P,2020-04-01,439125.7499968729
USD,N,P,2020-07-01,456536.48601244646
USD,N,P,2020-10-01,458412.9028598219
USD,N,P,2021-01-01,499701.65021738876
USD,N,P,2021-04-01,523155.26816491666
USD,N,P,2021-07-01,520181.9627387512
USD,N,P,2021-10-01,522005.62809467834
USD,N,P,2022-01-01,503410.94242141524
USD,N,P,2022-04-01,477809.766077866
USD,N,P,2022-07-01,486900.38319952216
USD,N,P,2022-10-01,467393.83563065645
USD,N,P,2023-01-01,505143.85243208497
USD,N,P,2023-04-01,498710.3995251071
USD,N,P,2023-07-01,505766.4823509932
USD,N,P,2023-10-01,491818.1078392921
USD,N,P,2024-01-01,516688.9222525068
USD,N,P,2024-04-01,527130.6706393452
USD,N,P,2024-07-01,522235.60698736686
USD,N,P,2024-10-01,598210.696433923
USD,N,P,2025-01-01,574864.6913626713
USD,N,P,2025-04-01,575391.566822393
USD,N,P,2025-07-01,597945.8560863924
USD,N,P,2025-10-01,597330.6089112798
USD,N,P,2026-01-01,587697.8190146325
USD,N,T,1985-01-01,128884.04768162055
USD,N,T,1985-04-01,124236.33815014386
USD,N,T,1985-07-01,113214.45887156339
USD,N,T,1985-10-01,106796.4999999999
USD,N,T,1986-01-01,104826.80515206732
USD,N,T,1986-04-01,102834.82278326164
USD,N,T,1986-07-01,94377.79136661676
USD,N,T,1986-10-01,96559.29999999999
USD,N,T,1987-01-01,100145.01682365878
USD,N,T,1987-04-01,103781.25971657003
USD,N,T,1987-07-01,113611.2537968742
USD,N,T,1987-10-01,106962.9
USD,N,T,1988-01-01,106387.73950857829
USD,N,T,1988-04-01,110385.22891789081
USD,N,T,1988-07-01,121457.50381269927
USD,N,T,1988-10-01,116462.1
USD,N,T,1989-01-01,122520.81854713928
USD,N,T,1989-04-01,134952.37865687767
USD,N,T,1989-07-01,133815.48658341257
USD,N,T,1989-10-01,130834.1
USD,N,T,1990-01-01,124478.34210571607
USD,N,T,1990-04-01,122740.02327283676
USD,N,T,1990-07-01,110987.36742048625
USD,N,T,1990-10-01,107808.5
USD,N,T,1991-01-01,111508.55872019404
USD,N,T,1991-04-01,123315.87380757972
USD,N,T,1991-07-01,127300.04513960886
USD,N,T,1991-10-01,121510.20000000001
USD,N,T,1992-01-01,128489.11976064165
USD,N,T,1992-04-01,137010.3200198809
USD,N,T,1992-07-01,127957.1700999431
USD,N,T,1992-10-01,142615.3
USD,N,T,1993-01-01,159632.7668124089
USD,N,T,1993-04-01,157887.75850949506
USD,N,T,1993-07-01,163497.14067990668
USD,N,T,1993-10-01,164501.8
USD,N,T,1994-01-01,167941.66819237283
USD,N,T,1994-04-01,169773.1280425641
USD,N,T,1994-07-01,167382.5672652877
USD,N,T,1994-10-01,171823.09999999998
USD,N,T,1995-01-01,173338.88052992237
USD,N,T,1995-04-01,169604.40420042066
USD,N,T,1995-07-01,180462.0254209563
USD,N,T,1995-10-01,184379.7
USD,N,T,1996-01-01,192047.25876078047
USD,N,T,1996-04-01,204340.28697198603
USD,N,T,1996-07-01,205236.72083618428
USD,N,T,1996-10-01,220820.9
USD,N,T,1997-01-01,241348.69264453
USD,N,T,1997-04-01,246856.63554421448
USD,N,T,1997-07-01,253051.9592531095
USD,N,T,1997-10-01,239601.4
USD,N,T,1998-01-01,263838.92240124
USD,N,T,1998-04-01,270960.25776671304
USD,N,T,1998-07-01,260432.14462068578
USD,N,T,1998-10-01,256654.96299999993
USD,N,T,1999-01-01,288076.99353249196
USD,N,T,1999-04-01,295748.780797802
USD,N,T,1999-07-01,287338.645301468
USD,N,T,1999-10-01,346513.7263752269
USD,N,T,2000-01-01,342056.9720038583
USD,N,T,2000-04-01,348812.94977280335
USD,N,T,2000-07-01,377966.59306805395
USD,N,T,2000-10-01,374684.88331169315
USD,N,T,2001-01-01,318968.1906259836
USD,N,T,2001-04-01,348416.063204062
USD,N,T,2001-07-01,289979.60786102875
USD,N,T,2001-10-01,329441.2540909379
USD,N,T,2002-01-01,358588.86499891203
USD,N,T,2002-04-01,303799.73895414843
USD,N,T,2002-07-01,308378.31086890376
USD,N,T,2002-10-01,299506.55156554864
USD,N,T,2003-01-01,286121.18702672684
USD,N,T,2003-04-01,294352.81544836756
USD,N,T,2003-07-01,305543.5498413691
USD,N,T,2003-10-01,342740.76556787017
USD,N,T,2004-01-01,341657.15280945017
USD,N,T,2004-04-01,344107.58497714007
USD,N,T,2004-07-01,314644.3645011336
USD,N,T,2004-10-01,313908.19798357453
USD,N,T,2005-01-01,330270.8749070698
USD,N,T,2005-04-01,375232.0428054695
USD,N,T,2005-07-01,393895.6257122449
USD,N,T,2005-10-01,421705.65542373806
USD,N,T,2006-01-01,455507.15827416617
USD,N,T,2006-04-01,454604.3558537392
USD,N,T,2006-07-01,485577.3566107177
USD,N,T,2006-10-01,490874.32641987177
USD,N,T,2007-01-01,434874.6159212558
USD,N,T,2007-04-01,431574.14464499766
USD,N,T,2007-07-01,398301.6807925502
USD,N,T,2007-10-01,369016.7539379045
USD,N,T,2008-01-01,288239.2995668347
USD,N,T,2008-04-01,320803.78832377226
USD,N,T,2008-07-01,394240.20950247126
USD,N,T,2008-10-01,301265.5263182528
USD,N,T,2009-01-01,312052.30765227624
USD,N,T,2009-04-01,303648.78916418273
USD,N,T,2009-07-01,283688.4748813545
USD,N,T,2009-10-01,294030.21470591216
USD,N,T,2010-01-01,289428.2924005524
USD,N,T,2010-04-01,328170.6234013048
USD,N,T,2010-07-01,352860.1165218912
USD,N,T,2010-10-01,320773.9555209229
USD,N,T,2011-01-01,309899.93100222375
USD,N,T,2011-04-01,312194.12558850634
USD,N,T,2011-07-01,361568.862430905
USD,N,T,2011-10-01,372785.6095310238
USD,N,T,2012-01-01,384051.1350336948
USD,N,T,2012-04-01,436512.14863904694
USD,N,T,2012-07-01,483704.2094855958
USD,N,T,2012-10-01,483437.9237300933
USD,N,T,2013-01-01,505676.1048963885
USD,N,T,2013-04-01,478688.3187510149
USD,N,T,2013-07-01,472596.9047566416
USD,N,T,2013-10-01,471961.6824247014
USD,N,T,2014-01-01,475132.15843283315
USD,N,T,2014-04-01,475813.25484407507
USD,N,T,2014-07-01,583891.0755343828
USD,N,T,2014-10-01,592068.1869577863
USD,N,T,2015-01-01,643061.1906747726
USD,N,T,2015-04-01,622411.7046430423
USD,N,T,2015-07-01,665137.3896326434
USD,N,T,2015-10-01,682658.7659149675
USD,N,T,2016-01-01,716295.2401949725
USD,N,T,2016-04-01,778159.4382056367
USD,N,T,2016-07-01,811576.7300169645
USD,N,T,2016-10-01,878225.7396230391
USD,N,T,2017-01-01,916268.9644389172
USD,N,T,2017-04-01,932885.4434030013
USD,N,T,2017-07-01,972033.2563261505
USD,N,T,2017-10-01,1013750.5452864944
USD,N,T,2018-01-01,979496.7786346045
USD,N,T,2018-04-01,1050747.0201180833
USD,N,T,2018-07-01,1065754.7851381782
USD,N,T,2018-10-01,995250.5590535498
USD,N,T,2019-01-01,1006732.9373880391
USD,N,T,2019-04-01,991793.9931200887
USD,N,T,2019-07-01,989896.0558303464
USD,N,T,2019-10-01,1016104.0071118847
USD,N,T,2020-01-01,987011.3521958768
USD,N,T,2020-04-01,914031.1260351058
USD,N,T,2020-07-01,934146.0579091314
USD,N,T,2020-10-01,967948.3687938155
USD,N,T,2021-01-01,1093093.4612841594
USD,N,T,2021-04-01,1108080.808552449
USD,N,T,2021-07-01,1111996.1540761262
USD,N,T,2021-10-01,1103786.5756832703
USD,N,T,2022-01-01,1057160.8889005175
USD,N,T,2022-04-01,1024729.0123282685
USD,N,T,2022-07-01,1043817.573599315
USD,N,T,2022-10-01,1041481.6240829667
USD,N,T,2023-01-01,1096330.49433706
USD,N,T,2023-04-01,1092754.4777637203
USD,N,T,2023-07-01,1086178.5345981063
USD,N,T,2023-10-01,1028095.48842091
USD,N,T,2024-01-01,1092327.9452646975
USD,N,T,2024-04-01,1083475.9139717803
USD,N,T,2024-07-01,1028085.1136960055
USD,N,T,2024-10-01,1187384.2916894485
USD,N,T,2025-01-01,1166547.622191484
USD,N,T,2025-04-01,1110482.7793090749
USD,N,T,2025-07-01,1140352.6187669598
USD,N,T,2025-10-01,1147015.3455653866
USD,N,T,2026-01-01,1170524.7236925217
USD,N,UI,1985-01-01,10680.024286932792
USD,N,UI,1985-04-01,10327.328557868532
USD,N,UI,1985-07-01,9869.229360712314
USD,N,UI,1985-10-01,9663
USD,N,UI,1986-01-01,7688.063977873753
USD,N,UI,1986-04-01,5829.035026451602
USD,N,UI,1986-07-01,3796.44723353233
USD,N,UI,1986-10-01,2147.100000000006
USD,N,UI,1987-01-01,4115.72575169467
USD,N,UI,1987-04-01,6180.926895159748
USD,N,UI,1987-07-01,8526.46314445154
USD,N,UI,1987-10-01,9655.899999999994
USD,N,UI,1988-01-01,9011.47353512609
USD,N,UI,1988-04-01,8287.33885191007
USD,N,UI,1988-07-01,7704.013136436508
USD,N,UI,1988-10-01,5744.199999999997
USD,N,UI,1989-01-01,4600.937656496433
USD,N,UI,1989-04-01,4034.4430352787313
USD,N,UI,1989-07-01,4103.424234901788
USD,N,UI,1989-10-01,6042
USD,N,UI,1990-01-01,8671.761376453738
USD,N,UI,1990-04-01,11671.204957340553
USD,N,UI,1990-07-01,13760.566755713648
USD,N,UI,1990-10-01,14965
USD,N,UI,1991-01-01,15322.650734697978
USD,N,UI,1991-04-01,16810.25964701381
USD,N,UI,1991-07-01,16527.966091495313
USD,N,UI,1991-10-01,15028
USD,N,UI,1992-01-01,17423.570595318568
USD,N,UI,1992-04-01,20442.44093253254
USD,N,UI,1992-07-01,20776.183655795205
USD,N,UI,1992-10-01,24814
USD,N,UI,1993-01-01,24964.711340180453
USD,N,UI,1993-04-01,21963.487068126793
USD,N,UI,1993-07-01,19719.8332419286
USD,N,UI,1993-10-01,16798.199999999997
USD,N,UI,1994-01-01,16260.724089579919
USD,N,UI,1994-04-01,15696.778008449459
USD,N,UI,1994-07-01,14913.348240600433
USD,N,UI,1994-10-01,14877.5
USD,N,UI,1995-01-01,17144.35937812137
USD,N,UI,1995-04-01,18369.994143223477
USD,N,UI,1995-07-01,21216.500158067793
USD,N,UI,1995-10-01,23356.5
USD,N,UI,1996-01-01,22745.38283544233
USD,N,UI,1996-04-01,22398.146811859842
USD,N,UI,1996-07-01,20490.389118594438
USD,N,UI,1996-10-01,18989.100000000006
USD,N,UI,1997-01-01,20882.761439097958
USD,N,UI,1997-04-01,20474.89765885088
USD,N,UI,1997-07-01,20730.369581191917
USD,N,UI,1997-10-01,20860.29999999999
USD,N,UI,1998-01-01,19869.278196608793
USD,N,UI,1998-04-01,18701.99401453897
USD,N,UI,1998-07-01,15454.028636730684
USD,N,UI,1998-10-01,8118.400000000023
USD,N,UI,1999-01-01,29264.597822527925
USD,N,UI,1999-04-01,10961.446907095553
USD,N,UI,1999-07-01,876.5880845995853
USD,N,UI,1999-10-01,39437.01999999996
USD,N,UI,2000-01-01,12027.074000000022
USD,N,UI,2000-04-01,13808.673999999999
USD,N,UI,2000-07-01,31754.322068999987
USD,N,UI,2000-10-01,40077.47668099997
USD,N,UI,2001-01-01,-29971.589999999967
USD,N,UI,2001-04-01,-15089.030000000028
USD,N,UI,2001-07-01,-30463.51429999998
USD,N,UI,2001-10-01,-10197.060786999995
USD,N,UI,2002-01-01,9581.184000000008
USD,N,UI,2002-04-01,4362.525000000023
USD,N,UI,2002-07-01,24746.465000000026
USD,N,UI,2002-10-01,27551.507999999973
USD,N,UI,2003-01-01,17379.349999999977
USD,N,UI,2003-04-01,17805.139000000025
USD,N,UI,2003-07-01,25508.48296846001
USD,N,UI,2003-10-01,59774.22000000003
USD,N,UI,2004-01-01,46966.14199999999
USD,N,UI,2004-04-01,42934.802000000025
USD,N,UI,2004-07-01,19131.902500000026
USD,N,UI,2004-10-01,36025.582999999984
USD,N,UI,2005-01-01,39919.71999999997
USD,N,UI,2005-04-01,66252.90400000004
USD,N,UI,2005-07-01,58870.49104202888
USD,N,UI,2005-10-01,61367.000615340425
USD,N,UI,2006-01-01,47944.30857583275
USD,N,UI,2006-04-01,54828.74953061808
USD,N,UI,2006-07-01,45258.45134016755
USD,N,UI,2006-10-01,100278.08631685958
USD,N,UI,2007-01-01,48760.67034964566
USD,N,UI,2007-04-01,26543.750306102913
USD,N,UI,2007-07-01,1698.6629006718285
USD,N,UI,2007-10-01,-30161.211515888397
USD,N,UI,2008-01-01,-58966.085693771834
USD,N,UI,2008-04-01,-27025.475457184017
USD,N,UI,2008-07-01,30515.320101220394
USD,N,UI,2008-10-01,-20831.603793458256
USD,N,UI,2009-01-01,-33917.29018542444
USD,N,UI,2009-04-01,-27306.823058248847
USD,N,UI,2009-07-01,-46362.68542973709
USD,N,UI,2009-10-01,-18714.439366360486
USD,N,UI,2010-01-01,-37185.92640409607
USD,N,UI,2010-04-01,-42625.248287687835
USD,N,UI,2010-07-01,-7326.006356615864
USD,N,UI,2010-10-01,-27361.177769791277
USD,N,UI,2011-01-01,-29195.503048831713
USD,N,UI,2011-04-01,-9234.447626709298
USD,N,UI,2011-07-01,-43127.35728974157
USD,N,UI,2011-10-01,-20458.286439444986
USD,N,UI,2012-01-01,1112.8288022404304
USD,N,UI,2012-04-01,5210.040081304382
USD,N,UI,2012-07-01,8558.15688018105
USD,N,UI,2012-10-01,7325.191614505602
USD,N,UI,2013-01-01,-4769.588347322599
USD,N,UI,2013-04-01,-26770.988423974195
USD,N,UI,2013-07-01,-24020.86298673571
USD,N,UI,2013-10-01,-34483.065160061
USD,N,UI,2014-01-01,-38553.5386787614
USD,N,UI,2014-04-01,-59284.911930086324
USD,N,UI,2014-07-01,-8049.949395381904
USD,N,UI,2014-10-01,17799.815754343406
USD,N,UI,2015-01-01,-5996.921628147655
USD,N,UI,2015-04-01,-24466.508230883977
USD,N,UI,2015-07-01,-41316.38208255131
USD,N,UI,2015-10-01,-46864.44951623329
USD,N,UI,2016-01-01,-35018.08522113168
USD,N,UI,2016-04-01,-17243.240407761477
USD,N,UI,2016-07-01,-16569.880157611973
USD,N,UI,2016-10-01,8308.144762663753
USD,N,UI,2017-01-01,40558.09233743447
USD,N,UI,2017-04-01,59537.324804764765
USD,N,UI,2017-07-01,67049.76927648188
USD,N,UI,2017-10-01,120691.60115233553
USD,N,UI,2018-01-01,71837.04374918097
USD,N,UI,2018-04-01,55483.99220150773
USD,N,UI,2018-07-01,81509.17599682132
USD,N,UI,2018-10-01,62454.648156756826
USD,N,UI,2019-01-01,47021.28139635769
USD,N,UI,2019-04-01,60481.75816970045
USD,N,UI,2019-07-01,56016.58139131806
USD,N,UI,2019-10-01,41956.50916969543
USD,N,UI,2020-01-01,12669.469044877507
USD,N,UI,2020-04-01,-62329.24562864675
USD,N,UI,2020-07-01,-87641.79924965539
USD,N,UI,2020-10-01,-68416.03969016077
USD,N,UI,2021-01-01,-59077.04276008636
USD,N,UI,2021-04-01,-59360.456430866034
USD,N,UI,2021-07-01,-51066.32585947722
USD,N,UI,2021-10-01,-45016.188184429135
USD,N,UI,2022-01-01,-57198.84744677332
USD,N,UI,2022-04-01,-33003.02477681107
USD,N,UI,2022-07-01,-1728.298684324196
USD,N,UI,2022-10-01,50911.9173480749
USD,N,UI,2023-01-01,65192.81459661253
USD,N,UI,2023-04-01,78644.46314330737
USD,N,UI,2023-07-01,38884.3816829056
USD,N,UI,2023-10-01,12994.573534561729
USD,N,UI,2024-01-01,-13134.460906432243
USD,N,UI,2024-04-01,-35449.26071861846
USD,N,UI,2024-07-01,-60724.81703388272
USD,N,UI,2024-10-01,-26544.028290907096
USD,N,UI,2025-01-01,-20494.629570881138
USD,N,UI,2025-04-01,-24038.031360978726
USD,N,UI,2025-07-01,-23937.496993755864
USD,N,UI,2025-10-01,-5838.238885732251
USD,N,UI,2026-01-01,-10617.421955172496
USD,N,W,1985-01-01,40620.807206224614
USD,N,W,1985-04-01,39862.800243000755
USD,N,W,1985-07-01,37134.31211428209
USD,N,W,1985-10-01,34297
USD,N,W,1986-01-01,33377.48316353795
USD,N,W,1986-04-01,33026.588279783
USD,N,W,1986-07-01,31403.131081371313
USD,N,W,1986-10-01,32832
USD,N,W,1987-01-01,32346.904969298572
USD,N,W,1987-04-01,33251.70196028538
USD,N,W,1987-07-01,36004.97694638032
USD,N,W,1987-10-01,34591
USD,N,W,1988-01-01,32965.01145414317
USD,N,W,1988-04-01,32789.80019508749
USD,N,W,1988-07-01,35066.772729650875
USD,N,W,1988-10-01,33201
USD,N,W,1989-01-01,35084.778178345594
USD,N,W,1989-04-01,38096.67684033324
USD,N,W,1989-07-01,37542.33976489646
USD,N,W,1989-10-01,35944
USD,N,W,1990-01-01,35643.69203638779
USD,N,W,1990-04-01,35316.78967203222
USD,N,W,1990-07-01,33460.73431369284
USD,N,W,1990-10-01,32764
USD,N,W,1991-01-01,32506.402968301827
USD,N,W,1991-04-01,36164.50193708883
USD,N,W,1991-07-01,37271.43936755011
USD,N,W,1991-10-01,35611
USD,N,W,1992-01-01,38029.792663200285
USD,N,W,1992-04-01,40534.59069328544
USD,N,W,1992-07-01,37587.153884332336
USD,N,W,1992-10-01,41343
USD,N,W,1993-01-01,44854.262903557974
USD,N,W,1993-04-01,43077.07062296103
USD,N,W,1993-07-01,42866.962864399786
USD,N,W,1993-10-01,41759.8
USD,N,W,1994-01-01,42812.48093597333
USD,N,W,1994-04-01,42785.2265139328
USD,N,W,1994-07-01,40683.34049594456
USD,N,W,1994-10-01,40387
USD,N,W,1995-01-01,38682.321090771045
USD,N,W,1995-04-01,35539.40309313688
USD,N,W,1995-07-01,36365.41273649879
USD,N,W,1995-10-01,36561
USD,N,W,1996-01-01,37377.13188192527
USD,N,W,1996-04-01,39491.674092926274
USD,N,W,1996-07-01,39550.196511276736
USD,N,W,1996-10-01,41656.4
USD,N,W,1997-01-01,46390.71122073903
USD,N,W,1997-04-01,45816.547563147244
USD,N,W,1997-07-01,45692.76961823371
USD,N,W,1997-10-01,42188.200000000004
USD,N,W,1998-01-01,30017.239982230512
USD,N,W,1998-04-01,30352.02100049015
USD,N,W,1998-07-01,29791.88981043695
USD,N,W,1998-10-01,27436.8
USD,N,W,1999-01-01,28251.221429913632
USD,N,W,1999-04-01,29511.273283726638
USD,N,W,1999-07-01,29344.170315612366
USD,N,W,1999-10-01,29153.2
USD,N,W,2000-01-01,19686.79
USD,N,W,2000-04-01,18633.44
USD,N,W,2000-07-01,20499.079999999998
USD,N,W,2000-10-01,20526.899999999998
USD,N,W,2001-01-01,19099.4
USD,N,W,2001-04-01,20404.67
USD,N,W,2001-07-01,20629.77
USD,N,W,2001-10-01,20756.07
USD,N,W,2002-01-01,22186.929999999997
USD,N,W,2002-04-01,18922.350000000002
USD,N,W,2002-07-01,21111.870000000003
USD,N,W,2002-10-01,20752.39
USD,N,W,2003-01-01,20842.2
USD,N,W,2003-04-01,21286.81
USD,N,W,2003-07-01,20768.038763695487
USD,N,W,2003-10-01,20406
USD,N,W,2004-01-01,23781.34
USD,N,W,2004-04-01,21553.84433894987
USD,N,W,2004-07-01,20729.68
USD,N,W,2004-10-01,20405.04
USD,N,W,2005-01-01,22799.77768759
USD,N,W,2005-04-01,16559.41
USD,N,W,2005-07-01,16085.86
USD,N,W,2005-10-01,16332.22066518
USD,N,W,2006-01-01,15897.35444117
USD,N,W,2006-04-01,15235.529887210001
USD,N,W,2006-07-01,15107.89975474
USD,N,W,2006-10-01,14956.02625839
USD,N,W,2007-01-01,13983.402026710002
USD,N,W,2007-04-01,14208.41909454
USD,N,W,2007-07-01,15070.781036419998
USD,N,W,2007-10-01,15710.84575508
USD,N,W,2008-01-01,13001.65784127
USD,N,W,2008-04-01,13453.602138409997
USD,N,W,2008-07-01,13394.17556197
USD,N,W,2008-10-01,13487.080346697003
USD,N,W,2009-01-01,14992.78621947
USD,N,W,2009-04-01,21607.81957136
USD,N,W,2009-07-01,21378.33921274
USD,N,W,2009-10-01,28525.37616965
USD,N,W,2010-01-01,27592.28250235
USD,N,W,2010-04-01,48496.02548479
USD,N,W,2010-07-01,53485.19979941
USD,N,W,2010-10-01,50615.07202669
USD,N,W,2011-01-01,51538.6754973
USD,N,W,2011-04-01,48876.42067187999
USD,N,W,2011-07-01,101689.99584697424
USD,N,W,2011-10-01,59014.13682366
USD,N,W,2012-01-01,63487.31707133
USD,N,W,2012-04-01,79318.46950327
USD,N,W,2012-07-01,118482.24061409998
USD,N,W,2012-10-01,117458.43315871
USD,N,W,2013-01-01,119664.77828197
USD,N,W,2013-04-01,118408.90267922
USD,N,W,2013-07-01,114373.93642329003
USD,N,W,2013-10-01,114787.41103022
USD,N,W,2014-01-01,117068.12965788138
USD,N,W,2014-04-01,120229.411506079
USD,N,W,2014-07-01,135401.2378811
USD,N,W,2014-10-01,141954.14654057
USD,N,W,2015-01-01,168433.43871724085
USD,N,W,2015-04-01,166256.8371870234
USD,N,W,2015-07-01,177858.00772009065
USD,N,W,2015-10-01,181518.55920157922
USD,N,W,2016-01-01,190738.79614345345
USD,N,W,2016-04-01,206318.06935869865
USD,N,W,2016-07-01,210619.88485034503
USD,N,W,2016-10-01,220928.09762586164
USD,N,W,2017-01-01,240871.39102604202
USD,N,W,2017-04-01,241405.90544815463
USD,N,W,2017-07-01,256727.34937273816
USD,N,W,2017-10-01,262565.4993660231
USD,N,W,2018-01-01,264008.30398549826
USD,N,W,2018-04-01,275006.0236991173
USD,N,W,2018-07-01,259625.04964244075
USD,N,W,2018-10-01,252150.2720991156
USD,N,W,2019-01-01,261709.1465161072
USD,N,W,2019-04-01,262194.981616471
USD,N,W,2019-07-01,270684.6123194124
USD,N,W,2019-10-01,266595.8531370002
USD,N,W,2020-01-01,269068.493868164
USD,N,W,2020-04-01,305226.77868286613
USD,N,W,2020-07-01,317996.2115110394
USD,N,W,2020-10-01,318873.7887391129
USD,N,W,2021-01-01,355420.121893061
USD,N,W,2021-04-01,363511.65080040327
USD,N,W,2021-07-01,361638.54999393196
USD,N,W,2021-10-01,360747.0646277893
USD,N,W,2022-01-01,358007.04234395904
USD,N,W,2022-04-01,330274.707709689
USD,N,W,2022-07-01,313298.3790612843
USD,N,W,2022-10-01,297313.5360781769
USD,N,W,2023-01-01,289466.8848231863
USD,N,W,2023-04-01,280301.1405675945
USD,N,W,2023-07-01,264535.4841989694
USD,N,W,2023-10-01,252944.25845317025
USD,N,W,2024-01-01,278390.4983004958
USD,N,W,2024-04-01,280257.9484286756
USD,N,W,2024-07-01,277645.2919354965
USD,N,W,2024-10-01,290456.26853533613
USD,N,W,2025-01-01,279443.5418859723
USD,N,W,2025-04-01,265123.0877181289
USD,N,W,2025-07-01,271319.79641586874
USD,N,W,2025-10-01,266819.23732410674
USD,N,W,2026-01-01,266941.0672814705
USD,P,D0,1985-01-01,0
USD,P,D0,1985-04-01,0
USD,P,D0,1985-07-01,0
USD,P,D0,1985-10-01,0
USD,P,D0,1986-01-01,0
USD,P,D0,1986-04-01,0
USD,P,D0,1986-07-01,0
USD,P,D0,1986-10-01,0
USD,P,D0,1987-01-01,0
USD,P,D0,1987-04-01,0
USD,P,D0,1987-07-01,0
USD,P,D0,1987-10-01,0
USD,P,D0,1988-01-01,0
USD,P,D0,1988-04-01,0
USD,P,D0,1988-07-01,0
USD,P,D0,1988-10-01,0
USD,P,D0,1989-01-01,0
USD,P,D0,1989-04-01,0
USD,P,D0,1989-07-01,0
USD,P,D0,1989-10-01,0
USD,P,D0,1990-01-01,0
USD,P,D0,1990-04-01,0
USD,P,D0,1990-07-01,0
USD,P,D0,1990-10-01,0
USD,P,D0,1991-01-01,0
USD,P,D0,1991-04-01,0
USD,P,D0,1991-07-01,0
USD,P,D0,1991-10-01,0
USD,P,D0,1992-01-01,0
USD,P,D0,1992-04-01,0
USD,P,D0,1992-07-01,0
USD,P,D0,1992-10-01,0
USD,P,D0,1993-01-01,0
USD,P,D0,1993-04-01,0
USD,P,D0,1993-07-01,0
USD,P,D0,1993-10-01,0
USD,P,D0,1994-01-01,0
USD,P,D0,1994-04-01,0
USD,P,D0,1994-07-01,0
USD,P,D0,1994-10-01,0
USD,P,D0,1995-01-01,0
USD,P,D0,1995-04-01,0
USD,P,D0,1995-07-01,0
USD,P,D0,1995-10-01,0
USD,P,D0,1996-01-01,0
USD,P,D0,1996-04-01,0
USD,P,D0,1996-07-01,0
USD,P,D0,1996-10-01,0
USD,P,D0,1997-01-01,0
USD,P,D0,1997-04-01,0
USD,P,D0,1997-07-01,0
USD,P,D0,1997-10-01,0
USD,P,D0,1998-01-01,7200.294558762455
USD,P,D0,1998-04-01,8234.95235560168
USD,P,D0,1998-07-01,9030.569295978612
USD,P,D0,1998-10-01,9197.4
USD,P,D0,1999-01-01,9441.245362444826
USD,P,D0,1999-04-01,9206.26926196612
USD,P,D0,1999-07-01,8355.79002127423
USD,P,D0,1999-10-01,7403.25930796794
USD,P,D0,2000-01-01,9505.05577213958
USD,P,D0,2000-04-01,7289.39992309622
USD,P,D0,2000-07-01,11232.75224805034
USD,P,D0,2000-10-01,9275.50011640719
USD,P,D0,2001-01-01,9053.17570703155
USD,P,D0,2001-04-01,12730.1006683029
USD,P,D0,2001-07-01,15108.81245235767
USD,P,D0,2001-10-01,12670.66976515148
USD,P,D0,2002-01-01,13802.95293256589
USD,P,D0,2002-04-01,11720.59301669032
USD,P,D0,2002-07-01,13980.50527837411
USD,P,D0,2002-10-01,14641.0262401954
USD,P,D0,2003-01-01,14378.81523935595
USD,P,D0,2003-04-01,16355.56831500661
USD,P,D0,2003-07-01,20710.28844003415
USD,P,D0,2003-10-01,24259.8520566049
USD,P,D0,2004-01-01,23871.7831441984
USD,P,D0,2004-04-01,24577.2736737363
USD,P,D0,2004-07-01,30789.1511874839
USD,P,D0,2004-10-01,34996.6978294848
USD,P,D0,2005-01-01,31520.2037902571
USD,P,D0,2005-04-01,33790.8106728339
USD,P,D0,2005-07-01,29814.8896276617
USD,P,D0,2005-10-01,36495.464185068
USD,P,D0,2006-01-01,37553.3872283002
USD,P,D0,2006-04-01,40960.8212936957
USD,P,D0,2006-07-01,43172.245922806
USD,P,D0,2006-10-01,71550.6572518279
USD,P,D0,2007-01-01,75760.348358722
USD,P,D0,2007-04-01,88898.991064583
USD,P,D0,2007-07-01,95976.1726583093
USD,P,D0,2007-10-01,101742.313978314
USD,P,D0,2008-01-01,91975.689525857
USD,P,D0,2008-04-01,90186.2283033386
USD,P,D0,2008-07-01,94223.89271458
USD,P,D0,2008-10-01,87948.6522465568
USD,P,D0,2009-01-01,104417.8428262424
USD,P,D0,2009-04-01,119332.7056095032
USD,P,D0,2009-07-01,112092.0196645031
USD,P,D0,2009-10-01,106305.0463127074
USD,P,D0,2010-01-01,122340.45483087022
USD,P,D0,2010-04-01,133302.74253955792
USD,P,D0,2010-07-01,130775.86143445062
USD,P,D0,2010-10-01,140689.566316
USD,P,D0,2011-01-01,136236.41510001023
USD,P,D0,2011-04-01,126763.7859063403
USD,P,D0,2011-07-01,131070.9803645859
USD,P,D0,2011-10-01,136215.43737976262
USD,P,D0,2012-01-01,159641.64825219673
USD,P,D0,2012-04-01,163297.50752936656
USD,P,D0,2012-07-01,167093.0014918814
USD,P,D0,2012-10-01,166657.61718161718
USD,P,D0,2013-01-01,161532.39915369844
USD,P,D0,2013-04-01,158369.23256670256
USD,P,D0,2013-07-01,147685.05044167646
USD,P,D0,2013-10-01,139748.80649480651
USD,P,D0,2014-01-01,135933.758761408
USD,P,D0,2014-04-01,142708.86538962918
USD,P,D0,2014-07-01,145264.63311750363
USD,P,D0,2014-10-01,233664.20025274775
USD,P,D0,2015-01-01,222575.26665571687
USD,P,D0,2015-04-01,218138.80648863866
USD,P,D0,2015-07-01,224616.62036459192
USD,P,D0,2015-10-01,245082.95505198045
USD,P,D0,2016-01-01,252521.71659145676
USD,P,D0,2016-04-01,246403.54645515257
USD,P,D0,2016-07-01,245522.28478282684
USD,P,D0,2016-10-01,273545.01097929804
USD,P,D0,2017-01-01,276578.4145920014
USD,P,D0,2017-04-01,280037.3161648476
USD,P,D0,2017-07-01,283494.0496452136
USD,P,D0,2017-10-01,325621.5989972908
USD,P,D0,2018-01-01,320308.163517936
USD,P,D0,2018-04-01,286987.919505706
USD,P,D0,2018-07-01,274893.9020244883
USD,P,D0,2018-10-01,264447.01518544223
USD,P,D0,2019-01-01,287974.60121446586
USD,P,D0,2019-04-01,295108.52683696133
USD,P,D0,2019-07-01,317653.94639121013
USD,P,D0,2019-10-01,350312.27863108483
USD,P,D0,2020-01-01,346586.4764420235
USD,P,D0,2020-04-01,321909.75949732953
USD,P,D0,2020-07-01,313211.249198559
USD,P,D0,2020-10-01,291870.0032048582
USD,P,D0,2021-01-01,300103.3168860193
USD,P,D0,2021-04-01,309364.374669051
USD,P,D0,2021-07-01,335502.01264362177
USD,P,D0,2021-10-01,324287.8395870298
USD,P,D0,2022-01-01,340902.7601022678
USD,P,D0,2022-04-01,366352.242717386
USD,P,D0,2022-07-01,376699.5496399478
USD,P,D0,2022-10-01,345743.56083539786
USD,P,D0,2023-01-01,336964.8880344385
USD,P,D0,2023-04-01,319192.63039581565
USD,P,D0,2023-07-01,323979.0880808587
USD,P,D0,2023-10-01,278767.4982240213
USD,P,D0,2024-01-01,286490.5477729846
USD,P,D0,2024-04-01,298775.9768420999
USD,P,D0,2024-07-01,290172.81324168295
USD,P,D0,2024-10-01,285394.41089721624
USD,P,D0,2025-01-01,282247.1619975984
USD,P,D0,2025-04-01,263895.58183198504
USD,P,D0,2025-07-01,269617.2079823781
USD,P,D0,2025-10-01,279466.4729388868
USD,P,D0,2026-01-01,288641.35640119325
USD,P,D1,2004-04-01,1144
USD,P,D1,2004-07-01,839
USD,P,D1,2004-10-01,1752
USD,P,D1,2005-01-01,4305.2
USD,P,D1,2005-04-01,6263.5
USD,P,D1,2005-07-01,4966.1
USD,P,D1,2005-10-01,3906
USD,P,D1,2006-01-01,4494.9
USD,P,D1,2006-04-01,1548.9
USD,P,D1,2006-07-01,1949.2
USD,P,D1,2006-10-01,1504.4
USD,P,D1,2007-01-01,1495.8
USD,P,D1,2007-04-01,1667.1
USD,P,D1,2007-07-01,2756.8
USD,P,D1,2007-10-01,3165.1
USD,P,D1,2008-01-01,18178.9
USD,P,D1,2008-04-01,26749.700000000004
USD,P,D1,2008-07-01,26383.6
USD,P,D1,2008-10-01,31737.61563896
USD,P,D1,2009-01-01,29653.21518802
USD,P,D1,2009-04-01,23339.51405105
USD,P,D1,2009-07-01,20493.230292999997
USD,P,D1,2009-10-01,19321.63612931
USD,P,D1,2010-01-01,15997.09396325
USD,P,D1,2010-04-01,17541.065292870004
USD,P,D1,2010-07-01,16948.82632955
USD,P,D1,2010-10-01,16220.300000000001
USD,P,D1,2011-01-01,18438.271682
USD,P,D1,2011-04-01,14370.73
USD,P,D1,2011-07-01,18934.5
USD,P,D1,2011-10-01,14895.000000000002
USD,P,D1,2012-01-01,12405.52873682
USD,P,D1,2012-04-01,13592.263407549997
USD,P,D1,2012-07-01,13398.867784470001
USD,P,D1,2012-10-01,10132.56824116
USD,P,D1,2013-01-01,11841.9166672
USD,P,D1,2013-04-01,10185.2
USD,P,D1,2013-07-01,9382.6
USD,P,D1,2013-10-01,8332.199999999999
USD,P,D1,2014-01-01,8611.9
USD,P,D1,2014-04-01,9858
USD,P,D1,2014-07-01,11210.426113033911
USD,P,D1,2014-10-01,16780.228867332557
USD,P,D1,2015-01-01,19541.63149940231
USD,P,D1,2015-04-01,17775.84526221998
USD,P,D1,2015-07-01,17247.844289004675
USD,P,D1,2015-10-01,13343.266589493875
USD,P,D1,2016-01-01,13319.19449381322
USD,P,D1,2016-04-01,13262.002519411188
USD,P,D1,2016-07-01,14659.546667170194
USD,P,D1,2016-10-01,17884.607391412617
USD,P,D1,2017-01-01,14647.450460423683
USD,P,D1,2017-04-01,12495.98104535338
USD,P,D1,2017-07-01,14152.208743147277
USD,P,D1,2017-10-01,12591.569207650327
USD,P,D1,2018-01-01,12903.92868676208
USD,P,D1,2018-04-01,16434.414524249103
USD,P,D1,2018-07-01,16821.358133658356
USD,P,D1,2018-10-01,17229.861863795828
USD,P,D1,2019-01-01,14595.450010577219
USD,P,D1,2019-04-01,14323.310511417665
USD,P,D1,2019-07-01,15622.815068351498
USD,P,D1,2019-10-01,10713.196598642657
USD,P,D1,2020-01-01,23015.094805766083
USD,P,D1,2020-04-01,18250.571419787007
USD,P,D1,2020-07-01,16789.70982616037
USD,P,D1,2020-10-01,20525.82433665046
USD,P,D1,2021-01-01,22777.24582949265
USD,P,D1,2021-04-01,23211.06231133567
USD,P,D1,2021-07-01,33048.56443375995
USD,P,D1,2021-10-01,31272.546347950374
USD,P,D1,2022-01-01,37968.5265996816
USD,P,D1,2022-04-01,30004.159562599405
USD,P,D1,2022-07-01,27857.219860430996
USD,P,D1,2022-10-01,25044.34527468458
USD,P,D1,2023-01-01,20020.240548009813
USD,P,D1,2023-04-01,19820.30848430146
USD,P,D1,2023-07-01,16065.631688019435
USD,P,D1,2023-10-01,16540.70974930894
USD,P,D1,2024-01-01,14523.442253427847
USD,P,D1,2024-04-01,18270.34468257254
USD,P,D1,2024-07-01,19153.611330724092
USD,P,D1,2024-10-01,14744.786674411636
USD,P,D1,2025-01-01,17150.317402277535
USD,P,D1,2025-04-01,17754.50271190899
USD,P,D1,2025-07-01,17637.482610405525
USD,P,D1,2025-10-01,19777.655248649986
USD,P,D1,2026-01-01,25423.87778609682
USD,P,P,1985-01-01,1221.937615505916
USD,P,P,1985-04-01,1172.0893977136698
USD,P,P,1985-07-01,1087.368115298204
USD,P,P,1985-10-01,1013.7
USD,P,P,1986-01-01,962.197749456226
USD,P,P,1986-04-01,928.795829779233
USD,P,P,1986-07-01,861.5515183033166
USD,P,P,1986-10-01,874.4
USD,P,P,1987-01-01,830.1310314507896
USD,P,P,1987-04-01,801.99500737858
USD,P,P,1987-07-01,822.1285094408132
USD,P,P,1987-10-01,816
USD,P,P,1988-01-01,883.8812224837599
USD,P,P,1988-04-01,988.5377069568532
USD,P,P,1988-07-01,1174.289707026947
USD,P,P,1988-10-01,1193
USD,P,P,1989-01-01,1253.2024415147805
USD,P,P,1989-04-01,1374.7848419040545
USD,P,P,1989-07-01,1312.2258077753218
USD,P,P,1989-10-01,1245
USD,P,P,1990-01-01,1115.5194779243893
USD,P,P,1990-04-01,1052.6720092485048
USD,P,P,1990-07-01,943.3532167669108
USD,P,P,1990-10-01,897
USD,P,P,1991-01-01,881.2391945608396
USD,P,P,1991-04-01,931.8717822463412
USD,P,P,1991-07-01,911.458662741675
USD,P,P,1991-10-01,803
USD,P,P,1992-01-01,928.3702195726778
USD,P,P,1992-04-01,1086.979127365236
USD,P,P,1992-07-01,1104.5512377451942
USD,P,P,1992-10-01,1314
USD,P,P,1993-01-01,1402.1537318862463
USD,P,P,1993-04-01,1326.975223003568
USD,P,P,1993-07-01,1304.7408473594814
USD,P,P,1993-10-01,1220
USD,P,P,1994-01-01,1276.1697506112139
USD,P,P,1994-04-01,1309.807166356022
USD,P,P,1994-07-01,1297.7645702566426
USD,P,P,1994-10-01,1346
USD,P,P,1995-01-01,1294.8038318853255
USD,P,P,1995-04-01,1216.4294974381023
USD,P,P,1995-07-01,1219.5100214884123
USD,P,P,1995-10-01,1184
USD,P,P,1996-01-01,1144.3416962989281
USD,P,P,1996-04-01,1139.8329777671718
USD,P,P,1996-07-01,1081.6252967869514
USD,P,P,1996-10-01,1106.2
USD,P,P,1997-01-01,1260.019342074449
USD,P,P,1997-04-01,1333.7687478132787
USD,P,P,1997-07-01,1442.083520008831
USD,P,P,1997-10-01,1449.4
USD,P,P,1998-01-01,15234.1366257298
USD,P,P,1998-04-01,16369.01409223984
USD,P,P,1998-07-01,17111.475216454965
USD,P,P,1998-10-01,16703.372
USD,P,P,1999-01-01,20642.96119136712
USD,P,P,1999-04-01,22860.014948497832
USD,P,P,1999-07-01,24099.00196325943
USD,P,P,1999-10-01,28320.51
USD,P,P,2000-01-01,32071.294
USD,P,P,2000-04-01,29519.291
USD,P,P,2000-07-01,31481.437
USD,P,P,2000-10-01,27171.864
USD,P,P,2001-01-01,28747.437
USD,P,P,2001-04-01,30494.098
USD,P,P,2001-07-01,26279.105
USD,P,P,2001-10-01,30850.77
USD,P,P,2002-01-01,30999.909
USD,P,P,2002-04-01,26062.744
USD,P,P,2002-07-01,26451.805
USD,P,P,2002-10-01,27715.758
USD,P,P,2003-01-01,28434.227
USD,P,P,2003-04-01,31968.517
USD,P,P,2003-07-01,27771.921
USD,P,P,2003-10-01,30148.174
USD,P,P,2004-01-01,34796.185
USD,P,P,2004-04-01,32525.965
USD,P,P,2004-07-01,33407.559
USD,P,P,2004-10-01,33218.688
USD,P,P,2005-01-01,42034.129
USD,P,P,2005-04-01,44804.377
USD,P,P,2005-07-01,41562.19
USD,P,P,2005-10-01,41895.016
USD,P,P,2006-01-01,42982.742
USD,P,P,2006-04-01,40671.403
USD,P,P,2006-07-01,37806.992
USD,P,P,2006-10-01,41175.966
USD,P,P,2007-01-01,47964.893
USD,P,P,2007-04-01,49454.915
USD,P,P,2007-07-01,49206.686
USD,P,P,2007-10-01,47411.107
USD,P,P,2008-01-01,43199.092
USD,P,P,2008-04-01,48680.056
USD,P,P,2008-07-01,49588.319
USD,P,P,2008-10-01,61158.723
USD,P,P,2009-01-01,60955.639
USD,P,P,2009-04-01,97178.2763459566
USD,P,P,2009-07-01,98265.10043514949
USD,P,P,2009-10-01,145789.5360728913
USD,P,P,2010-01-01,150778.85055931847
USD,P,P,2010-04-01,137497.75583133844
USD,P,P,2010-07-01,134907.36715611024
USD,P,P,2010-10-01,143678.04943227634
USD,P,P,2011-01-01,151549.26276305004
USD,P,P,2011-04-01,136457.09554525104
USD,P,P,2011-07-01,127101.23213996436
USD,P,P,2011-10-01,129840.74838584258
USD,P,P,2012-01-01,148604.0851449556
USD,P,P,2012-04-01,149321.15428995973
USD,P,P,2012-07-01,153295.25428313547
USD,P,P,2012-10-01,143821.1397992365
USD,P,P,2013-01-01,153987.09312552723
USD,P,P,2013-04-01,152833.758068245
USD,P,P,2013-07-01,153348.40037483477
USD,P,P,2013-10-01,149843.9244262305
USD,P,P,2014-01-01,149726.08535605727
USD,P,P,2014-04-01,150826.66061664288
USD,P,P,2014-07-01,154484.123356383
USD,P,P,2014-10-01,136092.35650688992
USD,P,P,2015-01-01,135058.2874767311
USD,P,P,2015-04-01,121902.3592233167
USD,P,P,2015-07-01,121936.42392038219
USD,P,P,2015-10-01,131893.93017125144
USD,P,P,2016-01-01,142164.8444141447
USD,P,P,2016-04-01,150210.97582672795
USD,P,P,2016-07-01,151696.47411091288
USD,P,P,2016-10-01,164596.81983331678
USD,P,P,2017-01-01,165694.66837727706
USD,P,P,2017-04-01,165147.47339927265
USD,P,P,2017-07-01,165309.56488790037
USD,P,P,2017-10-01,173766.00743692357
USD,P,P,2018-01-01,169089.56658099766
USD,P,P,2018-04-01,168396.55649869007
USD,P,P,2018-07-01,173720.57659150835
USD,P,P,2018-10-01,155697.0897580137
USD,P,P,2019-01-01,172422.84049461462
USD,P,P,2019-04-01,174988.41679150594
USD,P,P,2019-07-01,185509.277224944
USD,P,P,2019-10-01,186639.5922162803
USD,P,P,2020-01-01,143553.30425633956
USD,P,P,2020-04-01,163804.82471939322
USD,P,P,2020-07-01,161905.13892014217
USD,P,P,2020-10-01,186564.5514577782
USD,P,P,2021-01-01,205211.783105592
USD,P,P,2021-04-01,206943.555475986
USD,P,P,2021-07-01,216955.80622685852
USD,P,P,2021-10-01,219740.9949208644
USD,P,P,2022-01-01,220839.46725493658
USD,P,P,2022-04-01,202392.8114423473
USD,P,P,2022-07-01,192246.7371411878
USD,P,P,2022-10-01,205148.79271995483
USD,P,P,2023-01-01,187706.82581211536
USD,P,P,2023-04-01,200903.41767244192
USD,P,P,2023-07-01,201770.50005807859
USD,P,P,2023-10-01,213383.39638811228
USD,P,P,2024-01-01,267909.91962456965
USD,P,P,2024-04-01,266588.56300066196
USD,P,P,2024-07-01,266203.89746431116
USD,P,P,2024-10-01,247795.594351126
USD,P,P,2025-01-01,244164.30680323415
USD,P,P,2025-04-01,226819.50225432112
USD,P,P,2025-07-01,241024.7446997427
USD,P,P,2025-10-01,251466.35333502482
USD,P,P,2026-01-01,263422.4721810154
USD,P,T,1985-01-01,82859.29282587615
USD,P,T,1985-04-01,79998.56638469928
USD,P,T,1985-07-01,74826.26287893105
USD,P,T,1985-10-01,70030.7
USD,P,T,1986-01-01,68892.73523929929
USD,P,T,1986-04-01,68716.10538969956
USD,P,T,1986-07-01,65907.74943759292
USD,P,T,1986-10-01,69381.1
USD,P,T,1987-01-01,64942.96316786189
USD,P,T,1987-04-01,63274.87738203708
USD,P,T,1987-07-01,65141.05525349365
USD,P,T,1987-10-01,60267
USD,P,T,1988-01-01,62495.26147347686
USD,P,T,1988-04-01,67886.16247179717
USD,P,T,1988-07-01,78422.39726528015
USD,P,T,1988-10-01,78804.5
USD,P,T,1989-01-01,84483.17389958636
USD,P,T,1989-04-01,92332.50467917851
USD,P,T,1989-07-01,92196.89932413575
USD,P,T,1989-10-01,91463
USD,P,T,1990-01-01,89023.89080399046
USD,P,T,1990-04-01,88672.91260094172
USD,P,T,1990-07-01,85084.49947031758
USD,P,T,1990-10-01,83068
USD,P,T,1991-01-01,83842.2173284016
USD,P,T,1991-04-01,91617.42501440985
USD,P,T,1991-07-01,91256.11299296458
USD,P,T,1991-10-01,83503
USD,P,T,1992-01-01,87407.89720264464
USD,P,T,1992-04-01,91774.51533872243
USD,P,T,1992-07-01,83796.98091957853
USD,P,T,1992-10-01,91196
USD,P,T,1993-01-01,97655.02963233733
USD,P,T,1993-04-01,93290.27501197957
USD,P,T,1993-07-01,93757.1790557607
USD,P,T,1993-10-01,94265
USD,P,T,1994-01-01,100109.23165917018
USD,P,T,1994-04-01,105274.75952483698
USD,P,T,1994-07-01,106129.7101749678
USD,P,T,1994-10-01,111695.5
USD,P,T,1995-01-01,106963.59042677277
USD,P,T,1995-04-01,98213.02887040122
USD,P,T,1995-07-01,99456.75223293173
USD,P,T,1995-10-01,97551.5
USD,P,T,1996-01-01,108778.84392726366
USD,P,T,1996-04-01,124762.44272811068
USD,P,T,1996-07-01,136002.42599379166
USD,P,T,1996-10-01,157405.6
USD,P,T,1997-01-01,187505.31177904355
USD,P,T,1997-04-01,198708.364775321
USD,P,T,1997-07-01,213123.4278374079
USD,P,T,1997-10-01,212436.9
USD,P,T,1998-01-01,245047.98874504576
USD,P,T,1998-04-01,255612.43380296323
USD,P,T,1998-07-01,261161.74431362457
USD,P,T,1998-10-01,253902.87199999997
USD,P,T,1999-01-01,255050.59471820443
USD,P,T,1999-04-01,305318.1835258899
USD,P,T,1999-07-01,310783.00913587154
USD,P,T,1999-10-01,312861.02227696794
USD,P,T,2000-01-01,423435.3357721396
USD,P,T,2000-04-01,356797.1969230962
USD,P,T,2000-07-01,406768.39066305035
USD,P,T,2000-10-01,358253.8030724072
USD,P,T,2001-01-01,422779.7337070315
USD,P,T,2001-04-01,472594.3996683029
USD,P,T,2001-07-01,368272.88075235765
USD,P,T,2001-10-01,391224.67899915145
USD,P,T,2002-01-01,451763.5779325659
USD,P,T,2002-04-01,404425.21201669035
USD,P,T,2002-07-01,374174.0452783741
USD,P,T,2002-10-01,395368.2762401954
USD,P,T,2003-01-01,381686.69223935594
USD,P,T,2003-04-01,390637.6463150066
USD,P,T,2003-07-01,371603.9264715742
USD,P,T,2003-10-01,360184.2060566049
USD,P,T,2004-01-01,429919.0261441984
USD,P,T,2004-04-01,409262.9366737363
USD,P,T,2004-07-01,424203.8076874839
USD,P,T,2004-10-01,413356.0028294848
USD,P,T,2005-01-01,436646.4127902571
USD,P,T,2005-04-01,501513.9836728339
USD,P,T,2005-07-01,574975.7910408772
USD,P,T,2005-10-01,564856.9443903193
USD,P,T,2006-01-01,629262.5077663193
USD,P,T,2006-04-01,567032.8478324664
USD,P,T,2006-07-01,614370.9377822627
USD,P,T,2006-10-01,547748.1466312264
USD,P,T,2007-01-01,644969.3875647505
USD,P,T,2007-04-01,667715.6550997061
USD,P,T,2007-07-01,655691.9336726303
USD,P,T,2007-10-01,671353.7729873701
USD,P,T,2008-01-01,615518.5747393536
USD,P,T,2008-04-01,569394.4648789883
USD,P,T,2008-07-01,579588.1780137611
USD,P,T,2008-10-01,542574.3855718999
USD,P,T,2009-01-01,606391.5590755483
USD,P,T,2009-04-01,608393.9046155736
USD,P,T,2009-07-01,587493.2754903917
USD,P,T,2009-10-01,622768.5794580282
USD,P,T,2010-01-01,628915.0173350296
USD,P,T,2010-04-01,631390.9285253115
USD,P,T,2010-07-01,598921.4000830604
USD,P,T,2010-10-01,612564.0486324725
USD,P,T,2011-01-01,638068.6675258823
USD,P,T,2011-04-01,582453.0463822741
USD,P,T,2011-07-01,641923.812213533
USD,P,T,2011-10-01,641309.828562909
USD,P,T,2012-01-01,673790.5592009162
USD,P,T,2012-04-01,681725.5300009366
USD,P,T,2012-07-01,700073.6056913557
USD,P,T,2012-10-01,671859.4462031901
USD,P,T,2013-01-01,709196.9064010107
USD,P,T,2013-04-01,709794.8693638108
USD,P,T,2013-07-01,710738.9432553345
USD,P,T,2013-10-01,696997.1468076635
USD,P,T,2014-01-01,686535.0561687655
USD,P,T,2014-04-01,686754.818270101
USD,P,T,2014-07-01,704570.1465619938
USD,P,T,2014-10-01,815849.5109854846
USD,P,T,2015-01-01,806182.09180537
USD,P,T,2015-04-01,782574.2927009983
USD,P,T,2015-07-01,818193.5733955419
USD,P,T,2015-10-01,858764.3620334552
USD,P,T,2016-01-01,864007.0761075414
USD,P,T,2016-04-01,883921.5209121363
USD,P,T,2016-07-01,911147.5659594198
USD,P,T,2016-10-01,982829.3756463771
USD,P,T,2017-01-01,941628.3783248182
USD,P,T,2017-04-01,937704.4815954875
USD,P,T,2017-07-01,946348.9031258397
USD,P,T,2017-10-01,968231.0079709688
USD,P,T,2018-01-01,974544.6019940802
USD,P,T,2018-04-01,937551.365658926
USD,P,T,2018-07-01,881927.5322529994
USD,P,T,2018-10-01,864458.2189547617
USD,P,T,2019-01-01,908290.3682850384
USD,P,T,2019-04-01,904045.5181196181
USD,P,T,2019-07-01,945522.5890660484
USD,P,T,2019-10-01,975886.7475775827
USD,P,T,2020-01-01,981231.3176503036
USD,P,T,2020-04-01,1019889.3108789724
USD,P,T,2020-07-01,1003109.5559608507
USD,P,T,2020-10-01,976434.3423162907
USD,P,T,2021-01-01,1049859.5830259847
USD,P,T,2021-04-01,1059187.3888595207
USD,P,T,2021-07-01,1098707.3762606706
USD,P,T,2021-10-01,1078785.131586368
USD,P,T,2022-01-01,1156437.802588055
USD,P,T,2022-04-01,1128399.0166105214
USD,P,T,2022-07-01,1103449.2769542967
USD,P,T,2022-10-01,1034249.9638031605
USD,P,T,2023-01-01,1000752.6007906205
USD,P,T,2023-04-01,943788.5781943683
USD,P,T,2023-07-01,970238.7200340575
USD,P,T,2023-10-01,904117.6441808844
USD,P,T,2024-01-01,1024715.4596063708
USD,P,T,2024-04-01,1034949.2873788684
USD,P,T,2024-07-01,1022731.4520655462
USD,P,T,2024-10-01,1005971.008045266
USD,P,T,2025-01-01,992657.8987959475
USD,P,T,2025-04-01,927806.6848042932
USD,P,T,2025-07-01,946595.3433172067
USD,P,T,2025-10-01,956571.812309604
USD,P,T,2026-01-01,993664.1714897442
USD,P,UI,1985-01-01,81637.35521037024
USD,P,UI,1985-04-01,78826.47698698561
USD,P,UI,1985-07-01,73738.89476363285
USD,P,UI,1985-10-01,69017
USD,P,UI,1986-01-01,67930.53748984307
USD,P,UI,1986-04-01,67787.30955992032
USD,P,UI,1986-07-01,65046.1979192896
USD,P,UI,1986-10-01,68506.7
USD,P,UI,1987-01-01,64112.8321364111
USD,P,UI,1987-04-01,62472.8823746585
USD,P,UI,1987-07-01,64318.926744052835
USD,P,UI,1987-10-01,59451
USD,P,UI,1988-01-01,61611.3802509931
USD,P,UI,1988-04-01,66897.62476484032
USD,P,UI,1988-07-01,77248.1075582532
USD,P,UI,1988-10-01,77611.5
USD,P,UI,1989-01-01,83229.97145807158
USD,P,UI,1989-04-01,90957.71983727446
USD,P,UI,1989-07-01,90884.67351636043
USD,P,UI,1989-10-01,90218
USD,P,UI,1990-01-01,87908.37132606607
USD,P,UI,1990-04-01,87620.24059169322
USD,P,UI,1990-07-01,84141.14625355067
USD,P,UI,1990-10-01,82171
USD,P,UI,1991-01-01,82960.97813384076
USD,P,UI,1991-04-01,90685.55323216351
USD,P,UI,1991-07-01,90344.65433022291
USD,P,UI,1991-10-01,82700
USD,P,UI,1992-01-01,86479.52698307196
USD,P,UI,1992-04-01,90687.53621135719
USD,P,UI,1992-07-01,82692.42968183334
USD,P,UI,1992-10-01,89882
USD,P,UI,1993-01-01,96252.87590045108
USD,P,UI,1993-04-01,91963.299788976
USD,P,UI,1993-07-01,92452.43820840122
USD,P,UI,1993-10-01,93045
USD,P,UI,1994-01-01,98833.06190855897
USD,P,UI,1994-04-01,103964.95235848096
USD,P,UI,1994-07-01,104831.94560471115
USD,P,UI,1994-10-01,110349.5
USD,P,UI,1995-01-01,105668.78659488745
USD,P,UI,1995-04-01,96996.59937296312
USD,P,UI,1995-07-01,98237.24221144331
USD,P,UI,1995-10-01,96367.5
USD,P,UI,1996-01-01,107634.50223096473
USD,P,UI,1996-04-01,123622.6097503435
USD,P,UI,1996-07-01,134920.8006970047
USD,P,UI,1996-10-01,156299.4
USD,P,UI,1997-01-01,186245.2924369691
USD,P,UI,1997-04-01,197374.59602750774
USD,P,UI,1997-07-01,211681.34431739905
USD,P,UI,1997-10-01,210987.5
USD,P,UI,1998-01-01,222613.5575605535
USD,P,UI,1998-04-01,231008.4673551217
USD,P,UI,1998-07-01,235019.699801191
USD,P,UI,1998-10-01,228002.09999999998
USD,P,UI,1999-01-01,224966.3881643925
USD,P,UI,1999-04-01,273251.89931542595
USD,P,UI,1999-07-01,278328.2171513379
USD,P,UI,1999-10-01,277137.252969
USD,P,UI,2000-01-01,381858.986
USD,P,UI,2000-04-01,319988.506
USD,P,UI,2000-07-01,364054.201415
USD,P,UI,2000-10-01,321806.438956
USD,P,UI,2001-01-01,384979.121
USD,P,UI,2001-04-01,429370.201
USD,P,UI,2001-07-01,326884.9633
USD,P,UI,2001-10-01,347703.239234
USD,P,UI,2002-01-01,406960.716
USD,P,UI,2002-04-01,366641.875
USD,P,UI,2002-07-01,333741.735
USD,P,UI,2002-10-01,353011.492
USD,P,UI,2003-01-01,338873.65
USD,P,UI,2003-04-01,342313.561
USD,P,UI,2003-07-01,323121.71703154
USD,P,UI,2003-10-01,305776.18
USD,P,UI,2004-01-01,371251.058
USD,P,UI,2004-04-01,351015.698
USD,P,UI,2004-07-01,359168.0975
USD,P,UI,2004-10-01,343388.617
USD,P,UI,2005-01-01,358786.88
USD,P,UI,2005-04-01,416655.296
USD,P,UI,2005-07-01,498632.6114132155
USD,P,UI,2005-10-01,482560.4642052513
USD,P,UI,2006-01-01,544231.4785380191
USD,P,UI,2006-04-01,483851.7235387707
USD,P,UI,2006-07-01,531442.4998594567
USD,P,UI,2006-10-01,433517.1233793985
USD,P,UI,2007-01-01,519748.3462060285
USD,P,UI,2007-04-01,527694.6490351232
USD,P,UI,2007-07-01,507752.2750143211
USD,P,UI,2007-10-01,519035.2520090562
USD,P,UI,2008-01-01,462164.89321349666
USD,P,UI,2008-04-01,403778.48057564977
USD,P,UI,2008-07-01,409392.3662991811
USD,P,UI,2008-10-01,361729.3946863831
USD,P,UI,2009-01-01,411364.8620612859
USD,P,UI,2009-04-01,368543.4086090638
USD,P,UI,2009-07-01,356642.92509773903
USD,P,UI,2009-10-01,351352.3609431195
USD,P,UI,2010-01-01,339798.6179815908
USD,P,UI,2010-04-01,343049.36486154515
USD,P,UI,2010-07-01,316289.3451629495
USD,P,UI,2010-10-01,311976.1328841962
USD,P,UI,2011-01-01,331844.7179808219
USD,P,UI,2011-04-01,304861.4349306828
USD,P,UI,2011-07-01,364817.0997089828
USD,P,UI,2011-10-01,360358.64279730385
USD,P,UI,2012-01-01,353139.2970669439
USD,P,UI,2012-04-01,355514.60477406025
USD,P,UI,2012-07-01,366286.4821318688
USD,P,UI,2012-10-01,351248.12098117644
USD,P,UI,2013-01-01,381835.4974545851
USD,P,UI,2013-04-01,388406.6787288632
USD,P,UI,2013-07-01,400322.8924388233
USD,P,UI,2013-10-01,399072.2158866264
USD,P,UI,2014-01-01,392263.3120513002
USD,P,UI,2014-04-01,383361.2922638289
USD,P,UI,2014-07-01,393610.9639750732
USD,P,UI,2014-10-01,429312.72535851435
USD,P,UI,2015-01-01,429006.9061735196
USD,P,UI,2015-04-01,424757.2817268229
USD,P,UI,2015-07-01,454392.6848215631
USD,P,UI,2015-10-01,468444.2102207294
USD,P,UI,2016-01-01,456001.3206081268
USD,P,UI,2016-04-01,474044.9961108445
USD,P,UI,2016-07-01,499269.2603985099
USD,P,UI,2016-10-01,526802.9374423497
USD,P,UI,2017-01-01,484707.8448951161
USD,P,UI,2017-04-01,480023.7109860138
USD,P,UI,2017-07-01,483393.0798495784
USD,P,UI,2017-10-01,456251.8323291042
USD,P,UI,2018-01-01,472242.94320838444
USD,P,UI,2018-04-01,465732.47513028083
USD,P,UI,2018-07-01,416491.6955033444
USD,P,UI,2018-10-01,427084.25214750995
USD,P,UI,2019-01-01,433297.4765653807
USD,P,UI,2019-04-01,419625.26397973316
USD,P,UI,2019-07-01,426736.55038154277
USD,P,UI,2019-10-01,428221.68013157503
USD,P,UI,2020-01-01,468076.4421461744
USD,P,UI,2020-04-01,515924.15524246264
USD,P,UI,2020-07-01,511203.4580159891
USD,P,UI,2020-10-01,477473.9633170038
USD,P,UI,2021-01-01,521767.2372048807
USD,P,UI,2021-04-01,519668.396403148
USD,P,UI,2021-07-01,513200.99295643024
USD,P,UI,2021-10-01,503483.75073052343
USD,P,UI,2022-01-01,556727.0486311688
USD,P,UI,2022-04-01,529649.8028881886
USD,P,UI,2022-07-01,506645.7703127302
USD,P,UI,2022-10-01,458313.2649731232
USD,P,UI,2023-01-01,456060.6463960569
USD,P,UI,2023-04-01,403872.22164180916
USD,P,UI,2023-07-01,428423.5002071008
USD,P,UI,2023-10-01,395426.0398194418
USD,P,UI,2024-01-01,455791.5499553888
USD,P,UI,2024-04-01,451314.4028535341
USD,P,UI,2024-07-01,447201.13002882793
USD,P,UI,2024-10-01,458036.2161225121
USD,P,UI,2025-01-01,449096.1125928376
USD,P,UI,2025-04-01,419337.09800607804
USD,P,UI,2025-07-01,418315.9080246803
USD,P,UI,2025-10-01,405861.33078704245
USD,P,UI,2026-01-01,416176.46512143884
UW,A,D0,1985-01-01,27054.501377582215
UW,A,D0,1985-04-01,28147.624300117543
UW,A,D0,1985-07-01,28722.418251812636
UW,A,D0,1985-10-01,29442.4
UW,A,D0,1986-01-01,32532.047433975848
UW,A,D0,1986-04-01,32847.54034522118
UW,A,D0,1986-07-01,32492.038134018912
UW,A,D0,1986-10-01,33783
UW,A,D0,1987-01-01,34621.27270846365
UW,A,D0,1987-04-01,34725.18787560677
UW,A,D0,1987-07-01,35558.78674732682
UW,A,D0,1987-10-01,36095
UW,A,D0,1988-01-01,37757.59156452767
UW,A,D0,1988-04-01,40867.09374678749
UW,A,D0,1988-07-01,44237.58760554876
UW,A,D0,1988-10-01,47975.5
UW,A,D0,1989-01-01,50962.281191894566
UW,A,D0,1989-04-01,54004.73453879987
UW,A,D0,1989-07-01,54675.61085721337
UW,A,D0,1989-10-01,56591.99999999999
UW,A,D0,1990-01-01,58104.273442929334
UW,A,D0,1990-04-01,58142.144725787424
UW,A,D0,1990-07-01,58339.080537988295
UW,A,D0,1990-10-01,59196
UW,A,D0,1991-01-01,62533.216279194254
UW,A,D0,1991-04-01,64829.39977505317
UW,A,D0,1991-07-01,68621.22414810088
UW,A,D0,1991-10-01,71573
UW,A,D0,1992-01-01,75256.5889515878
UW,A,D0,1992-04-01,77179.01548813592
UW,A,D0,1992-07-01,74586.66186193991
UW,A,D0,1992-10-01,73102
UW,A,D0,1993-01-01,79542.94323306429
UW,A,D0,1993-04-01,83578.5782087516
UW,A,D0,1993-07-01,86232.37474196374
UW,A,D0,1993-10-01,91117.09999999999
UW,A,D0,1994-01-01,91383.09601279633
UW,A,D0,1994-04-01,94028.95031440751
UW,A,D0,1994-07-01,94794.9314022977
UW,A,D0,1994-10-01,96864.4
UW,A,D0,1995-01-01,100517.59561492832
UW,A,D0,1995-04-01,100974.72035190901
UW,A,D0,1995-07-01,104982.95174828802
UW,A,D0,1995-10-01,106178.8
UW,A,D0,1996-01-01,110758.42459531293
UW,A,D0,1996-04-01,115757.43516507704
UW,A,D0,1996-07-01,118888.1358330383
UW,A,D0,1996-10-01,127263.90000000001
UW,A,D0,1997-01-01,142546.83705468546
UW,A,D0,1997-04-01,148914.8498937484
UW,A,D0,1997-07-01,156157.27962349303
UW,A,D0,1997-10-01,164141.6
UW,A,D0,1998-01-01,184112.16122325548
UW,A,D0,1998-04-01,190177.11535446005
UW,A,D0,1998-07-01,192309.38407401604
UW,A,D0,1998-10-01,190875.7
UW,A,D0,1999-01-01,113512.04414849229
UW,A,D0,1999-04-01,119351.47303326846
UW,A,D0,1999-07-01,124737.41250148216
UW,A,D0,1999-10-01,131413.73618478834
UW,A,D0,2000-01-01,137060.32348448542
UW,A,D0,2000-04-01,139173.84727047436
UW,A,D0,2000-07-01,146391.78708132636
UW,A,D0,2000-10-01,166134.12517392574
UW,A,D0,2001-01-01,170286.7738517021
UW,A,D0,2001-04-01,177994.29428309674
UW,A,D0,2001-07-01,180716.32314822977
UW,A,D0,2001-10-01,191539.73671896267
UW,A,D0,2002-01-01,189083.96256142535
UW,A,D0,2002-04-01,185606.68552020186
UW,A,D0,2002-07-01,189086.50134160882
UW,A,D0,2002-10-01,192687.74258413987
UW,A,D0,2003-01-01,195136.51241463833
UW,A,D0,2003-04-01,201943.38032893918
UW,A,D0,2003-07-01,204725.21467376142
UW,A,D0,2003-10-01,211203.95714484356
UW,A,D0,2004-01-01,218997.92448376384
UW,A,D0,2004-04-01,223468.43649895058
UW,A,D0,2004-07-01,230107.56331582845
UW,A,D0,2004-10-01,234656.76429209983
UW,A,D0,2005-01-01,246674.69132262253
UW,A,D0,2005-04-01,258741.26215718582
UW,A,D0,2005-07-01,270050.13296946266
UW,A,D0,2005-10-01,278700.44107686495
UW,A,D0,2006-01-01,301144.1784549462
UW,A,D0,2006-04-01,311588.0782630205
UW,A,D0,2006-07-01,331506.98781123385
UW,A,D0,2006-10-01,348569.60549053655
UW,A,D0,2007-01-01,366054.1049172629
UW,A,D0,2007-04-01,379213.9394739143
UW,A,D0,2007-07-01,390401.2223818637
UW,A,D0,2007-10-01,403089.6206423206
UW,A,D0,2008-01-01,398971.33835487434
UW,A,D0,2008-04-01,409626.41940880887
UW,A,D0,2008-07-01,416490.44983971666
UW,A,D0,2008-10-01,420764.7998954996
UW,A,D0,2009-01-01,439961.5066442909
UW,A,D0,2009-04-01,462883.2494491358
UW,A,D0,2009-07-01,471532.2845456879
UW,A,D0,2009-10-01,483684.8337997323
UW,A,D0,2010-01-01,497283.7341577319
UW,A,D0,2010-04-01,515645.42873201333
UW,A,D0,2010-07-01,533885.0717029115
UW,A,D0,2010-10-01,537050.1426815001
UW,A,D0,2011-01-01,533552.1474928585
UW,A,D0,2011-04-01,516898.5345832967
UW,A,D0,2011-07-01,509669.3072097707
UW,A,D0,2011-10-01,506132.0056857942
UW,A,D0,2012-01-01,517641.83472550195
UW,A,D0,2012-04-01,539488.0508836124
UW,A,D0,2012-07-01,554483.8951467687
UW,A,D0,2012-10-01,571033.7868210868
UW,A,D0,2013-01-01,560442.2802557951
UW,A,D0,2013-04-01,555494.8766038528
UW,A,D0,2013-07-01,548567.6133818098
UW,A,D0,2013-10-01,544021.6441709442
UW,A,D0,2014-01-01,549597.9037651015
UW,A,D0,2014-04-01,550756.3353006329
UW,A,D0,2014-07-01,541913.1617047479
UW,A,D0,2014-10-01,502307.1088547886
UW,A,D0,2015-01-01,499058.9640150104
UW,A,D0,2015-04-01,515741.31452547444
UW,A,D0,2015-07-01,525252.3919312949
UW,A,D0,2015-10-01,502047.74141938036
UW,A,D0,2016-01-01,506527.1961219141
UW,A,D0,2016-04-01,515934.73717701476
UW,A,D0,2016-07-01,509407.920430629
UW,A,D0,2016-10-01,516546.2878625138
UW,A,D0,2017-01-01,519362.27998777066
UW,A,D0,2017-04-01,521593.22704532
UW,A,D0,2017-07-01,521700.85732273245
UW,A,D0,2017-10-01,536476.0174937274
UW,A,D0,2018-01-01,547448.0902134562
UW,A,D0,2018-04-01,514840.741678142
UW,A,D0,2018-07-01,521739.829559193
UW,A,D0,2018-10-01,542115.1453705094
UW,A,D0,2019-01-01,545287.2073502087
UW,A,D0,2019-04-01,571533.6057995841
UW,A,D0,2019-07-01,590632.5111129065
UW,A,D0,2019-10-01,624641.2079205567
UW,A,D0,2020-01-01,624937.2665388283
UW,A,D0,2020-04-01,653539.0339476392
UW,A,D0,2020-07-01,672063.6827713125
UW,A,D0,2020-10-01,653635.1146338386
UW,A,D0,2021-01-01,683479.5271095897
UW,A,D0,2021-04-01,685667.5083160248
UW,A,D0,2021-07-01,692502.1331124733
UW,A,D0,2021-10-01,654945.2244254084
UW,A,D0,2022-01-01,648569.8570775184
UW,A,D0,2022-04-01,634292.6084872112
UW,A,D0,2022-07-01,619968.6042447306
UW,A,D0,2022-10-01,593758.9521584577
UW,A,D0,2023-01-01,594536.2344524361
UW,A,D0,2023-04-01,578313.8718268487
UW,A,D0,2023-07-01,561839.6043924381
UW,A,D0,2023-10-01,536075.6853112914
UW,A,D0,2024-01-01,556620.9022829839
UW,A,D0,2024-04-01,529162.8455879358
UW,A,D0,2024-07-01,528826.8903663829
UW,A,D0,2024-10-01,520358.48442676425
UW,A,D0,2025-01-01,536511.1917695936
UW,A,D0,2025-04-01,528619.556680566
UW,A,D0,2025-07-01,522388.96005077445
UW,A,D0,2025-10-01,530520.0311831952
UW,A,D0,2026-01-01,533971.2816170371
UW,A,D1,2004-04-01,300
UW,A,D1,2004-07-01,586
UW,A,D1,2004-10-01,411
UW,A,D1,2005-01-01,4230.3
UW,A,D1,2005-04-01,910.2
UW,A,D1,2005-07-01,778.8
UW,A,D1,2005-10-01,529.5
UW,A,D1,2006-01-01,988.5
UW,A,D1,2006-04-01,426.7
UW,A,D1,2006-07-01,1219.1
UW,A,D1,2006-10-01,568.8
UW,A,D1,2007-01-01,689.7
UW,A,D1,2007-04-01,817.4
UW,A,D1,2007-07-01,1164.1
UW,A,D1,2007-10-01,991.9
UW,A,D1,2008-01-01,6508.9000000000005
UW,A,D1,2008-04-01,6420.0999999999995
UW,A,D1,2008-07-01,8783.800000000001
UW,A,D1,2008-10-01,7054.4
UW,A,D1,2009-01-01,18451.5
UW,A,D1,2009-04-01,6624.5999999999995
UW,A,D1,2009-07-01,17406.9
UW,A,D1,2009-10-01,16892.8
UW,A,D1,2010-01-01,19147.9
UW,A,D1,2010-04-01,20416.2
UW,A,D1,2010-07-01,19829
UW,A,D1,2010-10-01,15746.999999999998
UW,A,D1,2011-01-01,17340.9
UW,A,D1,2011-04-01,15508.41
UW,A,D1,2011-07-01,17115.2
UW,A,D1,2011-10-01,17122.38757331
UW,A,D1,2012-01-01,14728.7
UW,A,D1,2012-04-01,15345.16464111
UW,A,D1,2012-07-01,15740.599999999999
UW,A,D1,2012-10-01,14701.6
UW,A,D1,2013-01-01,14702.70165478
UW,A,D1,2013-04-01,12561.08771591
UW,A,D1,2013-07-01,12126.2
UW,A,D1,2013-10-01,11204.599999999999
UW,A,D1,2014-01-01,12179.6
UW,A,D1,2014-04-01,11408
UW,A,D1,2014-07-01,11147.651333329575
UW,A,D1,2014-10-01,4918.639853979603
UW,A,D1,2015-01-01,4562.487110804922
UW,A,D1,2015-04-01,4058.527452826985
UW,A,D1,2015-07-01,3245.685404087257
UW,A,D1,2015-10-01,2250.3770822497922
UW,A,D1,2016-01-01,3114.864252885446
UW,A,D1,2016-04-01,3788.5602132572035
UW,A,D1,2016-07-01,2694.8303881789902
UW,A,D1,2016-10-01,2936.401301231217
UW,A,D1,2017-01-01,2390.5925906015123
UW,A,D1,2017-04-01,2511.714742207049
UW,A,D1,2017-07-01,2552.662831007807
UW,A,D1,2017-10-01,2967.171099241983
UW,A,D1,2018-01-01,3133.4304782199806
UW,A,D1,2018-04-01,3474.927124556981
UW,A,D1,2018-07-01,2950.45983152231
UW,A,D1,2018-10-01,2212.1438851742055
UW,A,D1,2019-01-01,2310.195163602648
UW,A,D1,2019-04-01,2912.462893007714
UW,A,D1,2019-07-01,2800.154828007685
UW,A,D1,2019-10-01,2546.3217299197236
UW,A,D1,2020-01-01,4849.041448082017
UW,A,D1,2020-04-01,5106.94258763952
UW,A,D1,2020-07-01,5275.724807983788
UW,A,D1,2020-10-01,6423.187028811936
UW,A,D1,2021-01-01,5099.348394447845
UW,A,D1,2021-04-01,4502.023455715669
UW,A,D1,2021-07-01,4729.728086539343
UW,A,D1,2021-10-01,4949.648373443251
UW,A,D1,2022-01-01,12040.662186120875
UW,A,D1,2022-04-01,11946.923714081306
UW,A,D1,2022-07-01,11937.959038509101
UW,A,D1,2022-10-01,5283.46593378004
UW,A,D1,2023-01-01,5095.037222408193
UW,A,D1,2023-04-01,5091.275416952263
UW,A,D1,2023-07-01,4971.50808237451
UW,A,D1,2023-10-01,6151.078956674981
UW,A,D1,2024-01-01,4770.423056249728
UW,A,D1,2024-04-01,5205.976910440525
UW,A,D1,2024-07-01,5991.555185630415
UW,A,D1,2024-10-01,6608.45069712973
UW,A,D1,2025-01-01,5829.340098844992
UW,A,D1,2025-04-01,8572.987610833168
UW,A,D1,2025-07-01,7170.936952183336
UW,A,D1,2025-10-01,7134.026738846605
UW,A,D1,2026-01-01,8028.97711514845
UW,A,P,1985-01-01,44454.78588638634
UW,A,P,1985-04-01,49147.30026564655
UW,A,P,1985-07-01,52500.38212461678
UW,A,P,1985-10-01,57688.2
UW,A,P,1986-01-01,61441.43444449675
UW,A,P,1986-04-01,62487.171804147496
UW,A,P,1986-07-01,63824.30754407579
UW,A,P,1986-10-01,68044.7
UW,A,P,1987-01-01,67381.41354123893
UW,A,P,1987-04-01,64882.392251815494
UW,A,P,1987-07-01,63212.73710570517
UW,A,P,1987-10-01,61308.00000000001
UW,A,P,1988-01-01,66919.76707020044
UW,A,P,1988-04-01,72203.5007358639
UW,A,P,1988-07-01,77622.44614347289
UW,A,P,1988-10-01,83145.4
UW,A,P,1989-01-01,87980.46334177832
UW,A,P,1989-04-01,92612.83185601604
UW,A,P,1989-07-01,94142.98250572773
UW,A,P,1989-10-01,91385.2
UW,A,P,1990-01-01,96141.26252568088
UW,A,P,1990-04-01,96963.95572478652
UW,A,P,1990-07-01,99083.48258082598
UW,A,P,1990-10-01,105011.5
UW,A,P,1991-01-01,109448.2638845057
UW,A,P,1991-04-01,113112.36327390389
UW,A,P,1991-07-01,119720.20720007694
UW,A,P,1991-10-01,123505.80000000002
UW,A,P,1992-01-01,131404.11181438927
UW,A,P,1992-04-01,138405.74894021093
UW,A,P,1992-07-01,135493.45886113084
UW,A,P,1992-10-01,139662.00000000003
UW,A,P,1993-01-01,159680.53996921834
UW,A,P,1993-04-01,172090.1296028167
UW,A,P,1993-07-01,184508.70409505005
UW,A,P,1993-10-01,197635.89999999994
UW,A,P,1994-01-01,191162.32505802592
UW,A,P,1994-04-01,186997.611851574
UW,A,P,1994-07-01,177274.87812488503
UW,A,P,1994-10-01,172822.00000000003
UW,A,P,1995-01-01,172811.16634752983
UW,A,P,1995-04-01,170958.71429237415
UW,A,P,1995-07-01,173468.3765900117
UW,A,P,1995-10-01,173445.90000000002
UW,A,P,1996-01-01,182831.44379538053
UW,A,P,1996-04-01,194243.6965805718
UW,A,P,1996-07-01,203396.85886782513
UW,A,P,1996-10-01,222423.19999999998
UW,A,P,1997-01-01,239749.64890917632
UW,A,P,1997-04-01,245788.05996683583
UW,A,P,1997-07-01,254580.36278388265
UW,A,P,1997-10-01,263653.999999999
UW,A,P,1998-01-01,293777.7384098068
UW,A,P,1998-04-01,303109.2610914994
UW,A,P,1998-07-01,303877.99848723237
UW,A,P,1998-10-01,301984.071
UW,A,P,1999-01-01,103389.94728612709
UW,A,P,1999-04-01,106707.23227448072
UW,A,P,1999-07-01,109108.12456017038
UW,A,P,1999-10-01,112732.29336862
UW,A,P,2000-01-01,121078.77023174
UW,A,P,2000-04-01,108225.86144596
UW,A,P,2000-07-01,110023.7710418
UW,A,P,2000-10-01,98349.979628294
UW,A,P,2001-01-01,103664.8976532
UW,A,P,2001-04-01,106764.8444508
UW,A,P,2001-07-01,88351.48986013
UW,A,P,2001-10-01,82177.35192631
UW,A,P,2002-01-01,83440.61282792999
UW,A,P,2002-04-01,75053.87762290999
UW,A,P,2002-07-01,67778.91687456
UW,A,P,2002-10-01,67060.8043281
UW,A,P,2003-01-01,65599.5351963
UW,A,P,2003-04-01,75671.88184353
UW,A,P,2003-07-01,76916.77593062
UW,A,P,2003-10-01,84035.51065547
UW,A,P,2004-01-01,93192.302
UW,A,P,2004-04-01,92861.082
UW,A,P,2004-07-01,96452.772
UW,A,P,2004-10-01,94455.339
UW,A,P,2005-01-01,98288.218
UW,A,P,2005-04-01,102451.692
UW,A,P,2005-07-01,117528.356
UW,A,P,2005-10-01,129502.084
UW,A,P,2006-01-01,136634.808
UW,A,P,2006-04-01,126948.533
UW,A,P,2006-07-01,130395.891
UW,A,P,2006-10-01,137389.56
UW,A,P,2007-01-01,149489.312
UW,A,P,2007-04-01,158026.877
UW,A,P,2007-07-01,164045.923
UW,A,P,2007-10-01,150839.205
UW,A,P,2008-01-01,123741.211
UW,A,P,2008-04-01,124350.475
UW,A,P,2008-07-01,114087.996
UW,A,P,2008-10-01,95943.1979315573
UW,A,P,2009-01-01,93072.4385020113
UW,A,P,2009-04-01,110981.1474779314
UW,A,P,2009-07-01,113256.4530975623
UW,A,P,2009-10-01,120426.0495321157
UW,A,P,2010-01-01,131286.9521876336
UW,A,P,2010-04-01,133135.4744206498
UW,A,P,2010-07-01,140187.6186015201
UW,A,P,2010-10-01,139031.5682671045
UW,A,P,2011-01-01,143908.3641250772
UW,A,P,2011-04-01,160409.630663355
UW,A,P,2011-07-01,156829.2642149997
UW,A,P,2011-10-01,163787.9765575626
UW,A,P,2012-01-01,168532.0104681927
UW,A,P,2012-04-01,167744.278287643
UW,A,P,2012-07-01,178411.8087498427
UW,A,P,2012-10-01,181745.9055710337
UW,A,P,2013-01-01,188640.1855266583
UW,A,P,2013-04-01,174946.5595942434
UW,A,P,2013-07-01,183015.0190013804
UW,A,P,2013-10-01,181757.215
UW,A,P,2014-01-01,180683.982
UW,A,P,2014-04-01,193092.786
UW,A,P,2014-07-01,193533.43731740746
UW,A,P,2014-10-01,181416.77455646827
UW,A,P,2015-01-01,179388.0440917248
UW,A,P,2015-04-01,171296.95070040203
UW,A,P,2015-07-01,156618.97315542123
UW,A,P,2015-10-01,164011.16166347242
UW,A,P,2016-01-01,162232.92502474092
UW,A,P,2016-04-01,165075.34546559514
UW,A,P,2016-07-01,171565.03680818217
UW,A,P,2016-10-01,170992.84597953406
UW,A,P,2017-01-01,179229.77419940822
UW,A,P,2017-04-01,177600.94089596628
UW,A,P,2017-07-01,190173.10020895582
UW,A,P,2017-10-01,197337.04208225894
UW,A,P,2018-01-01,192620.30622550135
UW,A,P,2018-04-01,191483.36330836779
UW,A,P,2018-07-01,185011.74493405828
UW,A,P,2018-10-01,174295.19398312137
UW,A,P,2019-01-01,191003.68218915202
UW,A,P,2019-04-01,189753.23059082322
UW,A,P,2019-07-01,192615.7048106612
UW,A,P,2019-10-01,199080.75607718166
UW,A,P,2020-01-01,158870.1654075594
UW,A,P,2020-04-01,174360.64600438715
UW,A,P,2020-07-01,178266.8547143307
UW,A,P,2020-10-01,202567.00031552094
UW,A,P,2021-01-01,216089.782391787
UW,A,P,2021-04-01,217658.17500217847
UW,A,P,2021-07-01,215475.9515131248
UW,A,P,2021-10-01,211785.50161403327
UW,A,P,2022-01-01,207072.67486934987
UW,A,P,2022-04-01,183662.9003705546
UW,A,P,2022-07-01,172444.94475145196
UW,A,P,2022-10-01,181948.68895348386
UW,A,P,2023-01-01,186832.79147931174
UW,A,P,2023-04-01,185621.08046747444
UW,A,P,2023-07-01,185167.46923122922
UW,A,P,2023-10-01,186153.36084793028
UW,A,P,2024-01-01,201783.08832133297
UW,A,P,2024-04-01,202901.94341811715
UW,A,P,2024-07-01,204949.33536499357
UW,A,P,2024-10-01,200206.70636584095
UW,A,P,2025-01-01,198980.76362812737
UW,A,P,2025-04-01,197858.5042852607
UW,A,P,2025-07-01,210224.05891613875
UW,A,P,2025-10-01,217290.68063099144
UW,A,P,2026-01-01,219496.14164076786
UW,A,T,1985-01-01,120601.45214016241
UW,A,T,1985-04-01,126810.71300856624
UW,A,T,1985-07-01,130724.62664335637
UW,A,T,1985-10-01,137729.6
UW,A,T,1986-01-01,148376.62451963668
UW,A,T,1986-04-01,150093.2721226906
UW,A,T,1986-07-01,150715.1973104701
UW,A,T,1986-10-01,159167.2
UW,A,T,1987-01-01,162142.051557199
UW,A,T,1987-04-01,161932.37280605503
UW,A,T,1987-07-01,164124.10283200507
UW,A,T,1987-10-01,164331
UW,A,T,1988-01-01,175306.31406709555
UW,A,T,1988-04-01,187447.11172675912
UW,A,T,1988-07-01,199767.2598646602
UW,A,T,1988-10-01,211891
UW,A,T,1989-01-01,225385.05005780005
UW,A,T,1989-04-01,238881.2538156415
UW,A,T,1989-07-01,245255.17236933674
UW,A,T,1989-10-01,253175.19999999995
UW,A,T,1990-01-01,264559.25139825506
UW,A,T,1990-04-01,269034.3180177387
UW,A,T,1990-07-01,277281.2119228282
UW,A,T,1990-10-01,291853.5
UW,A,T,1991-01-01,303793.15289110376
UW,A,T,1991-04-01,309844.814051742
UW,A,T,1991-07-01,322427.5713043222
UW,A,T,1991-10-01,331009.80000000005
UW,A,T,1992-01-01,348353.94856253976
UW,A,T,1992-04-01,363355.46956851275
UW,A,T,1992-07-01,356017.1150556806
UW,A,T,1992-10-01,357924.00000000006
UW,A,T,1993-01-01,386478.781290816
UW,A,T,1993-04-01,399631.51199241454
UW,A,T,1993-07-01,413016.4765464739
UW,A,T,1993-10-01,432061.69999999995
UW,A,T,1994-01-01,419054.3145572178
UW,A,T,1994-04-01,417442.22421986074
UW,A,T,1994-07-01,410579.0777575708
UW,A,T,1994-10-01,415217.4
UW,A,T,1995-01-01,419127.2991477212
UW,A,T,1995-04-01,415503.6979134201
UW,A,T,1995-07-01,422631.6754721307
UW,A,T,1995-10-01,424583.7
UW,A,T,1996-01-01,449496.6803753061
UW,A,T,1996-04-01,483025.555795621
UW,A,T,1996-07-01,511889.2212237226
UW,A,T,1996-10-01,565477.6
UW,A,T,1997-01-01,615901.926888101
UW,A,T,1997-04-01,631282.0106047809
UW,A,T,1997-07-01,651167.7188329382
UW,A,T,1997-10-01,672587.599999999
UW,A,T,1998-01-01,746425.2674560947
UW,A,T,1998-04-01,788636.5704934327
UW,A,T,1998-07-01,812353.8770304249
UW,A,T,1998-10-01,826709.571
UW,A,T,1999-01-01,337171.6586110349
UW,A,T,1999-04-01,380018.4924638206
UW,A,T,1999-07-01,393040.86072338576
UW,A,T,1999-10-01,423864.3001833583
UW,A,T,2000-01-01,425773.7530564854
UW,A,T,2000-04-01,433690.15693094436
UW,A,T,2000-07-01,455161.0662635564
UW,A,T,2000-10-01,516747.3446476398
UW,A,T,2001-01-01,540396.8013350822
UW,A,T,2001-04-01,511232.1080896568
UW,A,T,2001-07-01,471967.9584190998
UW,A,T,2001-10-01,494729.6430602527
UW,A,T,2002-01-01,431060.0003404054
UW,A,T,2002-04-01,436260.5640559819
UW,A,T,2002-07-01,431479.2797779188
UW,A,T,2002-10-01,424986.8778185699
UW,A,T,2003-01-01,408913.81345498835
UW,A,T,2003-04-01,436306.2249748292
UW,A,T,2003-07-01,435802.6315733705
UW,A,T,2003-10-01,439433.03154586355
UW,A,T,2004-01-01,485654.3828943538
UW,A,T,2004-04-01,479368.66875752754
UW,A,T,2004-07-01,484282.1693424184
UW,A,T,2004-10-01,469283.3627118798
UW,A,T,2005-01-01,492069.3504339525
UW,A,T,2005-04-01,524313.5454226459
UW,A,T,2005-07-01,542610.6141600301
UW,A,T,2005-10-01,557739.6506776849
UW,A,T,2006-01-01,592989.5010902323
UW,A,T,2006-04-01,594211.2734726833
UW,A,T,2006-07-01,633450.9604436456
UW,A,T,2006-10-01,646168.7653349492
UW,A,T,2007-01-01,858759.724789724
UW,A,T,2007-04-01,851807.6631114414
UW,A,T,2007-07-01,904394.5522926913
UW,A,T,2007-10-01,1025784.8863728885
UW,A,T,2008-01-01,972656.3430899092
UW,A,T,2008-04-01,863203.375398279
UW,A,T,2008-07-01,852654.7299004564
UW,A,T,2008-10-01,789321.9576645207
UW,A,T,2009-01-01,779281.4868810886
UW,A,T,2009-04-01,839077.1620600865
UW,A,T,2009-07-01,844007.534220593
UW,A,T,2009-10-01,817070.4561923471
UW,A,T,2010-01-01,865832.550836801
UW,A,T,2010-04-01,880198.7455290948
UW,A,T,2010-07-01,903237.9955972582
UW,A,T,2010-10-01,921881.1883441546
UW,A,T,2011-01-01,869471.3439944593
UW,A,T,2011-04-01,868252.7625325231
UW,A,T,2011-07-01,866546.4890454
UW,A,T,2011-10-01,867962.2810400091
UW,A,T,2012-01-01,873026.0284443378
UW,A,T,2012-04-01,918136.7054414402
UW,A,T,2012-07-01,977602.0675111485
UW,A,T,2012-10-01,986265.9224406128
UW,A,T,2013-01-01,997532.8417069267
UW,A,T,2013-04-01,975133.634996069
UW,A,T,2013-07-01,978018.3520870575
UW,A,T,2013-10-01,977926.0011869485
UW,A,T,2014-01-01,990054.6473750387
UW,A,T,2014-04-01,1014167.3595468535
UW,A,T,2014-07-01,1002447.6066696971
UW,A,T,2014-10-01,947185.9122223188
UW,A,T,2015-01-01,945704.1672238888
UW,A,T,2015-04-01,948270.0403078669
UW,A,T,2015-07-01,961320.5895135646
UW,A,T,2015-10-01,962479.9507668614
UW,A,T,2016-01-01,921818.7634907512
UW,A,T,2016-04-01,945499.9193840668
UW,A,T,2016-07-01,953238.4411119741
UW,A,T,2016-10-01,961684.0779250241
UW,A,T,2017-01-01,981812.078661559
UW,A,T,2017-04-01,987643.562442366
UW,A,T,2017-07-01,1011674.9361830686
UW,A,T,2017-10-01,1040854.2606016573
UW,A,T,2018-01-01,1052543.841220901
UW,A,T,2018-04-01,1014571.7645775492
UW,A,T,2018-07-01,1016193.4795439561
UW,A,T,2018-10-01,1024366.2745044004
UW,A,T,2019-01-01,1064463.532753397
UW,A,T,2019-04-01,1084659.0032778706
UW,A,T,2019-07-01,1111533.182786594
UW,A,T,2019-10-01,1145184.22186875
UW,A,T,2020-01-01,1087065.3841886502
UW,A,T,2020-04-01,1153141.5700523092
UW,A,T,2020-07-01,1180482.5917781624
UW,A,T,2020-10-01,1195636.195837237
UW,A,T,2021-01-01,1261332.2138070257
UW,A,T,2021-04-01,1264889.5554908086
UW,A,T,2021-07-01,1271446.2473433898
UW,A,T,2021-10-01,1232915.1699521486
UW,A,T,2022-01-01,1212987.867422033
UW,A,T,2022-04-01,1156053.1991423692
UW,A,T,2022-07-01,1114791.540333676
UW,A,T,2022-10-01,1099208.2466635543
UW,A,T,2023-01-01,1102862.367969024
UW,A,T,2023-04-01,1062722.6392586585
UW,A,T,2023-07-01,1049246.3303073999
UW,A,T,2023-10-01,1018572.6206806095
UW,A,T,2024-01-01,1061992.5768774857
UW,A,T,2024-04-01,1019500.1310029723
UW,A,T,2024-07-01,1027933.5842628663
UW,A,T,2024-10-01,1011442.827198175
UW,A,T,2025-01-01,1033145.2913102953
UW,A,T,2025-04-01,1016220.9000003866
UW,A,T,2025-07-01,1019330.3895585183
UW,A,T,2025-10-01,1041947.7712136076
UW,A,T,2026-01-01,1040415.0222453747
UW,A,UI,1985-01-01,44852.24123546304
UW,A,UI,1985-04-01,45352.03322246965
UW,A,UI,1985-07-01,45518.1162098542
UW,A,UI,1985-10-01,46755
UW,A,UI,1986-01-01,49325.20448418571
UW,A,UI,1986-04-01,50286.06471972109
UW,A,UI,1986-07-01,50574.64925032902
UW,A,UI,1986-10-01,53909.5
UW,A,UI,1987-01-01,56841.52550947693
UW,A,UI,1987-04-01,59169.62087535173
UW,A,UI,1987-07-01,62303.63510171638
UW,A,UI,1987-10-01,64061
UW,A,UI,1988-01-01,67795.1958951201
UW,A,UI,1988-04-01,71573.92255070871
UW,A,UI,1988-07-01,75111.24547068555
UW,A,UI,1988-10-01,77994.1
UW,A,UI,1989-01-01,83424.34192990973
UW,A,UI,1989-04-01,88977.06184451155
UW,A,UI,1989-07-01,92899.92003975247
UW,A,UI,1989-10-01,101311
UW,A,UI,1990-01-01,106171.48003362594
UW,A,UI,1990-04-01,109754.12757920095
UW,A,UI,1990-07-01,115592.50288478227
UW,A,UI,1990-10-01,123087
UW,A,UI,1991-01-01,127278.23400626567
UW,A,UI,1991-04-01,127372.51037983796
UW,A,UI,1991-07-01,129399.03549976175
UW,A,UI,1991-10-01,131095
UW,A,UI,1992-01-01,136663.47977615078
UW,A,UI,1992-04-01,142489.17960580182
UW,A,UI,1992-07-01,140477.61934512656
UW,A,UI,1992-10-01,139210
UW,A,UI,1993-01-01,140629.06723522666
UW,A,UI,1993-04-01,137138.49312522932
UW,A,UI,1993-07-01,135369.4087739165
UW,A,UI,1993-10-01,136264.3
UW,A,UI,1994-01-01,129440.78758031047
UW,A,UI,1994-04-01,129249.7654451399
UW,A,UI,1994-07-01,131377.38919745514
UW,A,UI,1994-10-01,138255
UW,A,UI,1995-01-01,138611.93196869147
UW,A,UI,1995-04-01,136364.60919284134
UW,A,UI,1995-07-01,136922.4290588292
UW,A,UI,1995-10-01,137533
UW,A,UI,1996-01-01,148152.117520941
UW,A,UI,1996-04-01,164593.5372670446
UW,A,UI,1996-07-01,180597.15671205265
UW,A,UI,1996-10-01,205663.7
UW,A,UI,1997-01-01,221708.86186240666
UW,A,UI,1997-04-01,223720.48831250434
UW,A,UI,1997-07-01,226606.54385310865
UW,A,UI,1997-10-01,230278.8
UW,A,UI,1998-01-01,246127.04680797417
UW,A,UI,1998-04-01,269886.74892146385
UW,A,UI,1998-07-01,288597.51851391984
UW,A,UI,1998-10-01,304250.9
UW,A,UI,1999-01-01,111342.05206216479
UW,A,UI,1999-04-01,144970.94886166876
UW,A,UI,1999-07-01,150308.74162483274
UW,A,UI,1999-10-01,170873.45
UW,A,UI,2000-01-01,157029.29019194
UW,A,UI,2000-04-01,175927.313061
UW,A,UI,2000-07-01,188188.3032403
UW,A,UI,2000-10-01,241911.1841211
UW,A,UI,2001-01-01,256127.02908824
UW,A,UI,2001-04-01,215084.62411622
UW,A,UI,2001-07-01,192565.81399261
UW,A,UI,2001-10-01,210906.6054242
UW,A,UI,2002-01-01,149546.05135368
UW,A,UI,2002-04-01,166520.92470252
UW,A,UI,2002-07-01,164763.23652484
UW,A,UI,2002-10-01,155943.10219077
UW,A,UI,2003-01-01,139238.62249444
UW,A,UI,2003-04-01,148947.05357166
UW,A,UI,2003-07-01,144502.15729747
UW,A,UI,2003-10-01,135000.35849899
UW,A,UI,2004-01-01,164153.34748526
UW,A,UI,2004-04-01,153862.39127633
UW,A,UI,2004-07-01,143423.73480389
UW,A,UI,2004-10-01,126196.94356315
UW,A,UI,2005-01-01,129713.30234103
UW,A,UI,2005-04-01,152202.99245382
UW,A,UI,2005-07-01,144373.0457494074
UW,A,UI,2005-10-01,139131.11484878996
UW,A,UI,2006-01-01,145317.12091359618
UW,A,UI,2006-04-01,146547.3447545029
UW,A,UI,2006-07-01,160469.5594273417
UW,A,UI,2006-10-01,149592.63912518285
UW,A,UI,2007-01-01,331812.7184124511
UW,A,UI,2007-04-01,302643.4113489672
UW,A,UI,2007-07-01,337207.93314551754
UW,A,UI,2007-10-01,459369.0240043579
UW,A,UI,2008-01-01,431392.17943019484
UW,A,UI,2008-04-01,310662.14797658025
UW,A,UI,2008-07-01,300276.9529724596
UW,A,UI,2008-10-01,254462.95478343373
UW,A,UI,2009-01-01,216534.02866956632
UW,A,UI,2009-04-01,245992.70339576932
UW,A,UI,2009-07-01,223846.5815928029
UW,A,UI,2009-10-01,178140.69267599905
UW,A,UI,2010-01-01,194517.77257624554
UW,A,UI,2010-04-01,186341.29654590174
UW,A,UI,2010-07-01,160939.5490033866
UW,A,UI,2010-10-01,183100.8332176698
UW,A,UI,2011-01-01,128032.61832755365
UW,A,UI,2011-04-01,130300.12324503154
UW,A,UI,2011-07-01,130163.07446206955
UW,A,UI,2011-10-01,122647.13403215227
UW,A,UI,2012-01-01,112844.12893079304
UW,A,UI,2012-04-01,121569.96572162461
UW,A,UI,2012-07-01,120568.32358406711
UW,A,UI,2012-10-01,113374.83396159235
UW,A,UI,2013-01-01,115619.75827325328
UW,A,UI,2013-04-01,117864.39148987283
UW,A,UI,2013-07-01,118257.52448606744
UW,A,UI,2013-10-01,124754.31642364446
UW,A,UI,2014-01-01,126771.50207554722
UW,A,UI,2014-04-01,132481.37028207065
UW,A,UI,2014-07-01,128346.75229575226
UW,A,UI,2014-10-01,129000.04368459227
UW,A,UI,2015-01-01,123512.11159854603
UW,A,UI,2015-04-01,120533.02814710223
UW,A,UI,2015-07-01,134180.59784307296
UW,A,UI,2015-10-01,146051.86094079906
UW,A,UI,2016-01-01,100752.8690597454
UW,A,UI,2016-04-01,101966.72984176665
UW,A,UI,2016-07-01,108801.31847329113
UW,A,UI,2016-10-01,112565.88177183266
UW,A,UI,2017-01-01,108332.68292302154
UW,A,UI,2017-04-01,112869.75420887828
UW,A,UI,2017-07-01,116543.59082357585
UW,A,UI,2017-10-01,117202.8327116869
UW,A,UI,2018-01-01,118924.66704034105
UW,A,UI,2018-04-01,113361.19483484142
UW,A,UI,2018-07-01,108202.147207205
UW,A,UI,2018-10-01,109569.49546719532
UW,A,UI,2019-01-01,115670.86700645089
UW,A,UI,2019-04-01,114723.8459541806
UW,A,UI,2019-07-01,113386.09790016535
UW,A,UI,2019-10-01,106609.46494264928
UW,A,UI,2020-01-01,104240.6868104689
UW,A,UI,2020-04-01,107926.26672285696
UW,A,UI,2020-07-01,105179.98543019664
UW,A,UI,2020-10-01,106715.22211875048
UW,A,UI,2021-01-01,114385.4368425504
UW,A,UI,2021-04-01,117250.46002649333
UW,A,UI,2021-07-01,113750.79898118676
UW,A,UI,2021-10-01,119198.05170980094
UW,A,UI,2022-01-01,113203.59063306027
UW,A,UI,2022-04-01,108500.01093962933
UW,A,UI,2022-07-01,107049.637416045
UW,A,UI,2022-10-01,112788.37439785145
UW,A,UI,2023-01-01,116427.4123683484
UW,A,UI,2023-04-01,107580.93303513706
UW,A,UI,2023-07-01,121027.71458667424
UW,A,UI,2023-10-01,119883.44958830636
UW,A,UI,2024-01-01,115430.24289253655
UW,A,UI,2024-04-01,101604.8846376039
UW,A,UI,2024-07-01,105151.74187552094
UW,A,UI,2024-10-01,101966.37990006938
UW,A,UI,2025-01-01,106867.08504794668
UW,A,UI,2025-04-01,100100.40293618417
UW,A,UI,2025-07-01,94758.88966554742
UW,A,UI,2025-10-01,100477.09091181104
UW,A,UI,2026-01-01,94321.01589928639
UW,A,W,1985-01-01,4239.923640730805
UW,A,W,1985-04-01,4163.755220332478
UW,A,W,1985-07-01,3983.7100570727653
UW,A,W,1985-10-01,3844
UW,A,W,1986-01-01,5077.938156978384
UW,A,W,1986-04-01,4472.495253600857
UW,A,W,1986-07-01,3824.2023820463783
UW,A,W,1986-10-01,3430
UW,A,W,1987-01-01,3297.8397980195023
UW,A,W,1987-04-01,3155.171803281037
UW,A,W,1987-07-01,3048.943877256701
UW,A,W,1987-10-01,2867
UW,A,W,1988-01-01,2833.7595372473133
UW,A,W,1988-04-01,2802.594693399009
UW,A,W,1988-07-01,2795.980644953015
UW,A,W,1988-10-01,2776
UW,A,W,1989-01-01,3017.9635942174136
UW,A,W,1989-04-01,3286.625576314036
UW,A,W,1989-07-01,3536.65896664319
UW,A,W,1989-10-01,3887
UW,A,W,1990-01-01,4142.235396018927
UW,A,W,1990-04-01,4174.089987963778
UW,A,W,1990-07-01,4266.145919231638
UW,A,W,1990-10-01,4559
UW,A,W,1991-01-01,4533.438721138158
UW,A,W,1991-04-01,4530.540622946966
UW,A,W,1991-07-01,4687.104456382684
UW,A,W,1991-10-01,4836
UW,A,W,1992-01-01,5029.768020411975
UW,A,W,1992-04-01,5281.525534364089
UW,A,W,1992-07-01,5459.374987483341
UW,A,W,1992-10-01,5950
UW,A,W,1993-01-01,6626.230853306712
UW,A,W,1993-04-01,6824.311055616945
UW,A,W,1993-07-01,6905.988935543606
UW,A,W,1993-10-01,7044.4000000000015
UW,A,W,1994-01-01,7068.105906085177
UW,A,W,1994-04-01,7165.896608739356
UW,A,W,1994-07-01,7131.87903293292
UW,A,W,1994-10-01,7276
UW,A,W,1995-01-01,7186.605216571621
UW,A,W,1995-04-01,7205.654076295574
UW,A,W,1995-07-01,7257.9180750018095
UW,A,W,1995-10-01,7426
UW,A,W,1996-01-01,7754.694463671669
UW,A,W,1996-04-01,8430.886782927526
UW,A,W,1996-07-01,9007.069810806526
UW,A,W,1996-10-01,10126.8
UW,A,W,1997-01-01,11896.579061832668
UW,A,W,1997-04-01,12858.612431692294
UW,A,W,1997-07-01,13823.532572453794
UW,A,W,1997-10-01,14513.2
UW,A,W,1998-01-01,22408.321015058318
UW,A,W,1998-04-01,25463.445126009392
UW,A,W,1998-07-01,27568.975955256567
UW,A,W,1998-10-01,29598.9
UW,A,W,1999-01-01,8927.61511425078
UW,A,W,1999-04-01,8988.838294402576
UW,A,W,1999-07-01,8886.58203690052
UW,A,W,1999-10-01,8844.82062995
UW,A,W,2000-01-01,10605.36914832
UW,A,W,2000-04-01,10363.13515351
UW,A,W,2000-07-01,10557.204900129995
UW,A,W,2000-10-01,10352.055724319996
UW,A,W,2001-01-01,10318.10074194
UW,A,W,2001-04-01,11388.34523954
UW,A,W,2001-07-01,10334.331418129994
UW,A,W,2001-10-01,10105.94899078
UW,A,W,2002-01-01,8989.37359737
UW,A,W,2002-04-01,9079.076210350004
UW,A,W,2002-07-01,9850.625036910002
UW,A,W,2002-10-01,9295.22871556
UW,A,W,2003-01-01,8939.14334961
UW,A,W,2003-04-01,9743.9092307
UW,A,W,2003-07-01,9658.483671519018
UW,A,W,2003-10-01,9193.20524656
UW,A,W,2004-01-01,9310.80892533
UW,A,W,2004-04-01,8876.758982246967
UW,A,W,2004-07-01,13712.0992227
UW,A,W,2004-10-01,13563.31585663
UW,A,W,2005-01-01,13162.8387703
UW,A,W,2005-04-01,10007.398811639998
UW,A,W,2005-07-01,9880.27944116
UW,A,W,2005-10-01,9876.510752030003
UW,A,W,2006-01-01,8904.89372169
UW,A,W,2006-04-01,8700.617455159992
UW,A,W,2006-07-01,9859.42220507
UW,A,W,2006-10-01,10048.16071923
UW,A,W,2007-01-01,10713.88946001
UW,A,W,2007-04-01,11106.03528856
UW,A,W,2007-07-01,11575.37376531
UW,A,W,2007-10-01,11495.136726209996
UW,A,W,2008-01-01,12042.714304839996
UW,A,W,2008-04-01,12144.23301289
UW,A,W,2008-07-01,13015.531088280004
UW,A,W,2008-10-01,11096.60505403
UW,A,W,2009-01-01,11262.01306522
UW,A,W,2009-04-01,12595.46173725
UW,A,W,2009-07-01,17965.314984539993
UW,A,W,2009-10-01,17926.0801845
UW,A,W,2010-01-01,23596.191915190004
UW,A,W,2010-04-01,24660.34583053
UW,A,W,2010-07-01,48396.75628944
UW,A,W,2010-10-01,46951.64417788
UW,A,W,2011-01-01,46637.31404897
UW,A,W,2011-04-01,45136.06404083999
UW,A,W,2011-07-01,52769.64315856
UW,A,W,2011-10-01,58272.77719119
UW,A,W,2012-01-01,59279.35431985001
UW,A,W,2012-04-01,73989.24590745
UW,A,W,2012-07-01,108397.44003047001
UW,A,W,2012-10-01,105409.7960869
UW,A,W,2013-01-01,118127.91599644
UW,A,W,2013-04-01,114266.71959219
UW,A,W,2013-07-01,116051.9952178
UW,A,W,2013-10-01,116188.22559236
UW,A,W,2014-01-01,120821.65953439
UW,A,W,2014-04-01,126428.86796415
UW,A,W,2014-07-01,127506.60401846
UW,A,W,2014-10-01,129543.34527249
UW,A,W,2015-01-01,139182.56040780255
UW,A,W,2015-04-01,136640.2194820611
UW,A,W,2015-07-01,142022.94117968812
UW,A,W,2015-10-01,148118.80966095976
UW,A,W,2016-01-01,149190.90903146536
UW,A,W,2016-04-01,158734.54668643308
UW,A,W,2016-07-01,160769.33501169283
UW,A,W,2016-10-01,158642.66100991247
UW,A,W,2017-01-01,172496.74896075687
UW,A,W,2017-04-01,173067.9255499943
UW,A,W,2017-07-01,180704.72499679634
UW,A,W,2017-10-01,186871.19721474213
UW,A,W,2018-01-01,190417.34726338278
UW,A,W,2018-04-01,191411.5376316409
UW,A,W,2018-07-01,198289.2980119777
UW,A,W,2018-10-01,196174.29579840004
UW,A,W,2019-01-01,210191.58104398288
UW,A,W,2019-04-01,205735.85804027494
UW,A,W,2019-07-01,212098.71413485322
UW,A,W,2019-10-01,212306.4711984426
UW,A,W,2020-01-01,194168.2239837117
UW,A,W,2020-04-01,212208.6807897863
UW,A,W,2020-07-01,219696.34405433908
UW,A,W,2020-10-01,226295.6717403149
UW,A,W,2021-01-01,242278.1190686508
UW,A,W,2021-04-01,239811.38869039627
UW,A,W,2021-07-01,244987.6356500654
UW,A,W,2021-10-01,242036.7438294631
UW,A,W,2022-01-01,232101.0826559836
UW,A,W,2022-04-01,217650.7556308927
UW,A,W,2022-07-01,203390.3948829393
UW,A,W,2022-10-01,205428.76521998114
UW,A,W,2023-01-01,199970.89244651972
UW,A,W,2023-04-01,186115.47851224607
UW,A,W,2023-07-01,176240.0340146839
UW,A,W,2023-10-01,170309.04597640657
UW,A,W,2024-01-01,183387.9203243826
UW,A,W,2024-04-01,180624.48044887494
UW,A,W,2024-07-01,183014.06147033835
UW,A,W,2024-10-01,182302.8058083708
UW,A,W,2025-01-01,184956.9107657827
UW,A,W,2025-04-01,181069.44848754274
UW,A,W,2025-07-01,184787.5439738744
UW,A,W,2025-10-01,186525.941748763
UW,A,W,2026-01-01,184597.60597313484
UW,N,D0,1985-01-01,27054.501377582215
UW,N,D0,1985-04-01,28147.624300117543
UW,N,D0,1985-07-01,28722.418251812636
UW,N,D0,1985-10-01,29442.4
UW,N,D0,1986-01-01,32532.047433975848
UW,N,D0,1986-04-01,32847.54034522118
UW,N,D0,1986-07-01,32492.038134018912
UW,N,D0,1986-10-01,33783
UW,N,D0,1987-01-01,34621.27270846365
UW,N,D0,1987-04-01,34725.18787560677
UW,N,D0,1987-07-01,35558.78674732682
UW,N,D0,1987-10-01,36095
UW,N,D0,1988-01-01,37757.59156452767
UW,N,D0,1988-04-01,40867.09374678749
UW,N,D0,1988-07-01,44237.58760554876
UW,N,D0,1988-10-01,47975.5
UW,N,D0,1989-01-01,50962.281191894566
UW,N,D0,1989-04-01,54004.73453879987
UW,N,D0,1989-07-01,54675.61085721337
UW,N,D0,1989-10-01,56591.99999999999
UW,N,D0,1990-01-01,58104.273442929334
UW,N,D0,1990-04-01,58142.144725787424
UW,N,D0,1990-07-01,58339.080537988295
UW,N,D0,1990-10-01,59196
UW,N,D0,1991-01-01,62533.216279194254
UW,N,D0,1991-04-01,64829.39977505317
UW,N,D0,1991-07-01,68621.22414810088
UW,N,D0,1991-10-01,71573
UW,N,D0,1992-01-01,75256.5889515878
UW,N,D0,1992-04-01,77179.01548813592
UW,N,D0,1992-07-01,74586.66186193991
UW,N,D0,1992-10-01,73102
UW,N,D0,1993-01-01,79542.94323306429
UW,N,D0,1993-04-01,83578.5782087516
UW,N,D0,1993-07-01,86232.37474196374
UW,N,D0,1993-10-01,91117.09999999999
UW,N,D0,1994-01-01,91383.09601279633
UW,N,D0,1994-04-01,94028.95031440751
UW,N,D0,1994-07-01,94794.9314022977
UW,N,D0,1994-10-01,96864.4
UW,N,D0,1995-01-01,100517.59561492832
UW,N,D0,1995-04-01,100974.72035190901
UW,N,D0,1995-07-01,104982.95174828802
UW,N,D0,1995-10-01,106178.8
UW,N,D0,1996-01-01,110758.42459531293
UW,N,D0,1996-04-01,115757.43516507704
UW,N,D0,1996-07-01,118888.1358330383
UW,N,D0,1996-10-01,127263.90000000001
UW,N,D0,1997-01-01,142546.83705468546
UW,N,D0,1997-04-01,148914.8498937484
UW,N,D0,1997-07-01,156157.27962349303
UW,N,D0,1997-10-01,164141.6
UW,N,D0,1998-01-01,181759.25230744624
UW,N,D0,1998-04-01,187636.14887212525
UW,N,D0,1998-07-01,189619.49546181268
UW,N,D0,1998-10-01,188099.90000000002
UW,N,D0,1999-01-01,112669.82270513696
UW,N,D0,1999-04-01,118456.7674561658
UW,N,D0,1999-07-01,123804.85193303387
UW,N,D0,1999-10-01,130434.38061153752
UW,N,D0,2000-01-01,136073.18573605182
UW,N,D0,2000-04-01,138305.60701379486
UW,N,D0,2000-07-01,145092.09160368127
UW,N,D0,2000-10-01,164748.77845254782
UW,N,D0,2001-01-01,168422.561878488
UW,N,D0,2001-04-01,176138.98952129466
UW,N,D0,2001-07-01,178822.88690270725
UW,N,D0,2001-10-01,190328.86613754046
UW,N,D0,2002-01-01,187399.98497711655
UW,N,D0,2002-04-01,183965.1050453018
UW,N,D0,2002-07-01,187329.4911739367
UW,N,D0,2002-10-01,190802.47674968053
UW,N,D0,2003-01-01,193274.61983126358
UW,N,D0,2003-04-01,199748.4226700617
UW,N,D0,2003-07-01,202577.18007922315
UW,N,D0,2003-10-01,207686.7838097338
UW,N,D0,2004-01-01,215889.71753283052
UW,N,D0,2004-04-01,220137.4488578876
UW,N,D0,2004-07-01,226946.5457858407
UW,N,D0,2004-10-01,231290.46635550458
UW,N,D0,2005-01-01,241795.0804617786
UW,N,D0,2005-04-01,253760.24891557943
UW,N,D0,2005-07-01,266044.7029618816
UW,N,D0,2005-10-01,272144.75055937504
UW,N,D0,2006-01-01,295522.2931997885
UW,N,D0,2006-04-01,307176.8961079756
UW,N,D0,2006-07-01,327305.9646938183
UW,N,D0,2006-10-01,341337.11853567715
UW,N,D0,2007-01-01,355399.32108987594
UW,N,D0,2007-04-01,367744.2901056698
UW,N,D0,2007-07-01,377095.8610462966
UW,N,D0,2007-10-01,390358.15759045753
UW,N,D0,2008-01-01,387066.5864219287
UW,N,D0,2008-04-01,397677.4431562523
UW,N,D0,2008-07-01,403785.9991378684
UW,N,D0,2008-10-01,402148.0010821032
UW,N,D0,2009-01-01,419149.22125777625
UW,N,D0,2009-04-01,444918.87422263593
UW,N,D0,2009-07-01,449397.54263254703
UW,N,D0,2009-10-01,462346.7380725238
UW,N,D0,2010-01-01,472976.68834137515
UW,N,D0,2010-04-01,493906.13679556595
UW,N,D0,2010-07-01,510295.63960873196
UW,N,D0,2010-10-01,515287.4315243001
UW,N,D0,2011-01-01,510214.10572105175
UW,N,D0,2011-04-01,489958.7262919603
UW,N,D0,2011-07-01,485904.6330603937
UW,N,D0,2011-10-01,484724.44827895163
UW,N,D0,2012-01-01,496905.0769525563
UW,N,D0,2012-04-01,517034.4574668622
UW,N,D0,2012-07-01,531145.8256543089
UW,N,D0,2012-10-01,547507.5697928697
UW,N,D0,2013-01-01,535747.7509833203
UW,N,D0,2013-04-01,529776.5657048222
UW,N,D0,2013-07-01,525938.5539640171
UW,N,D0,2013-10-01,523431.88611718616
UW,N,D0,2014-01-01,528113.7327725387
UW,N,D0,2014-04-01,528374.0490185681
UW,N,D0,2014-07-01,519130.0318955514
UW,N,D0,2014-10-01,481062.4548324347
UW,N,D0,2015-01-01,480629.96925484156
UW,N,D0,2015-04-01,496231.12012052594
UW,N,D0,2015-07-01,505639.88391600025
UW,N,D0,2015-10-01,482670.2508775592
UW,N,D0,2016-01-01,485944.33630150143
UW,N,D0,2016-04-01,495923.49743662175
UW,N,D0,2016-07-01,489391.42003529426
UW,N,D0,2016-10-01,496798.53879815235
UW,N,D0,2017-01-01,497453.6511444131
UW,N,D0,2017-04-01,501069.1869369888
UW,N,D0,2017-07-01,500502.67320839857
UW,N,D0,2017-10-01,513058.28753986803
UW,N,D0,2018-01-01,523290.369472666
UW,N,D0,2018-04-01,487037.0170163506
UW,N,D0,2018-07-01,496442.1991771365
UW,N,D0,2018-10-01,508676.77340158855
UW,N,D0,2019-01-01,509970.4923938032
UW,N,D0,2019-04-01,534923.5162494964
UW,N,D0,2019-07-01,551900.3927740143
UW,N,D0,2019-10-01,582134.7843933066
UW,N,D0,2020-01-01,587042.0191492217
UW,N,D0,2020-04-01,611852.8958721593
UW,N,D0,2020-07-01,630983.490846457
UW,N,D0,2020-10-01,611574.6874059853
UW,N,D0,2021-01-01,637173.731405417
UW,N,D0,2021-04-01,641024.3911166162
UW,N,D0,2021-07-01,649490.8243006167
UW,N,D0,2021-10-01,614066.1662804799
UW,N,D0,2022-01-01,606303.9400749787
UW,N,D0,2022-04-01,590969.3630854399
UW,N,D0,2022-07-01,575347.6500534903
UW,N,D0,2022-10-01,550250.2399336929
UW,N,D0,2023-01-01,549598.2988782186
UW,N,D0,2023-04-01,532803.2547492108
UW,N,D0,2023-07-01,516244.2028329441
UW,N,D0,2023-10-01,494867.1755264461
UW,N,D0,2024-01-01,512792.2304671072
UW,N,D0,2024-04-01,484843.3370945363
UW,N,D0,2024-07-01,485086.4876704323
UW,N,D0,2024-10-01,477904.7654308549
UW,N,D0,2025-01-01,493404.9277870132
UW,N,D0,2025-04-01,487690.77430418617
UW,N,D0,2025-07-01,480447.2434602813
UW,N,D0,2025-10-01,485294.18113257963
UW,N,D0,2026-01-01,488508.8839526562
UW,N,D1,2004-04-01,101
UW,N,D1,2004-07-01,450
UW,N,D1,2004-10-01,154
UW,N,D1,2005-01-01,2997.9
UW,N,D1,2005-04-01,357.20000000000005
UW,N,D1,2005-07-01,-347
UW,N,D1,2005-10-01,59
UW,N,D1,2006-01-01,564.7
UW,N,D1,2006-04-01,-134.09999999999997
UW,N,D1,2006-07-01,738.4999999999999
UW,N,D1,2006-10-01,-11.800000000000068
UW,N,D1,2007-01-01,144.80000000000007
UW,N,D1,2007-04-01,-129.80000000000007
UW,N,D1,2007-07-01,-19.40000000000009
UW,N,D1,2007-10-01,47.69999999999993
UW,N,D1,2008-01-01,-2149.1000000000013
UW,N,D1,2008-04-01,-60.100000000000364
UW,N,D1,2008-07-01,2224.800000000002
UW,N,D1,2008-10-01,-2470.699999999999
UW,N,D1,2009-01-01,10818.699999999999
UW,N,D1,2009-04-01,-447.7000000000007
UW,N,D1,2009-07-01,9998.500000000004
UW,N,D1,2009-10-01,8148.6
UW,N,D1,2010-01-01,10199.000000000002
UW,N,D1,2010-04-01,9540.9
UW,N,D1,2010-07-01,9545.2
UW,N,D1,2010-10-01,8253.899999999998
UW,N,D1,2011-01-01,8967.500000000002
UW,N,D1,2011-04-01,8503.64
UW,N,D1,2011-07-01,9041.3
UW,N,D1,2011-10-01,7523.916073309998
UW,N,D1,2012-01-01,7440.069414870001
UW,N,D1,2012-04-01,8699.889460089998
UW,N,D1,2012-07-01,8496.855669279998
UW,N,D1,2012-10-01,7985.652942840001
UW,N,D1,2013-01-01,8219.371113099998
UW,N,D1,2013-04-01,8168.78771591
UW,N,D1,2013-07-01,8716
UW,N,D1,2013-10-01,7383.199999999999
UW,N,D1,2014-01-01,6592.000000000001
UW,N,D1,2014-04-01,5706.5999999999995
UW,N,D1,2014-07-01,6408.336982129576
UW,N,D1,2014-10-01,375.71424544561614
UW,N,D1,2015-01-01,144.21111907970862
UW,N,D1,2015-04-01,527.6742001317762
UW,N,D1,2015-07-01,365.6657785578536
UW,N,D1,2015-10-01,211.36685871036434
UW,N,D1,2016-01-01,-316.7523274745058
UW,N,D1,2016-04-01,-546.6742644752462
UW,N,D1,2016-07-01,-425.9806321183637
UW,N,D1,2016-10-01,-782.7686817703684
UW,N,D1,2017-01-01,-1377.5348901641132
UW,N,D1,2017-04-01,-773.8366975790418
UW,N,D1,2017-07-01,-518.2099091487703
UW,N,D1,2017-10-01,-427.6289630466649
UW,N,D1,2018-01-01,50.27437140158963
UW,N,D1,2018-04-01,375.70186027353384
UW,N,D1,2018-07-01,-1172.8568163279997
UW,N,D1,2018-10-01,-1735.681519847943
UW,N,D1,2019-01-01,-973.0241249330229
UW,N,D1,2019-04-01,-245.46190282026055
UW,N,D1,2019-07-01,-1220.3467543453062
UW,N,D1,2019-10-01,-670.0303277703665
UW,N,D1,2020-01-01,-936.9643128717362
UW,N,D1,2020-04-01,-844.9454640376125
UW,N,D1,2020-07-01,-161.80186071301705
UW,N,D1,2020-10-01,10.881311661417385
UW,N,D1,2021-01-01,-834.0824849041119
UW,N,D1,2021-04-01,-718.1515711445772
UW,N,D1,2021-07-01,-551.7650599696308
UW,N,D1,2021-10-01,721.62089180364
UW,N,D1,2022-01-01,-1194.5380854266168
UW,N,D1,2022-04-01,-63.24334868158803
UW,N,D1,2022-07-01,16.297166218802886
UW,N,D1,2022-10-01,236.80099309678644
UW,N,D1,2023-01-01,-252.2569968857324
UW,N,D1,2023-04-01,110.23981378765166
UW,N,D1,2023-07-01,-420.3162593681409
UW,N,D1,2023-10-01,1103.8626092787617
UW,N,D1,2024-01-01,-198.17588827291002
UW,N,D1,2024-04-01,-228.6111718618804
UW,N,D1,2024-07-01,748.6725117934602
UW,N,D1,2024-10-01,170.16327478294897
UW,N,D1,2025-01-01,303.7314942472012
UW,N,D1,2025-04-01,1315.2937847645953
UW,N,D1,2025-07-01,1117.7860614917
UW,N,D1,2025-10-01,1144.3784940746345
UW,N,D1,2026-01-01,202.44285583362216
UW,N,P,1985-01-01,40016.48130279494
UW,N,P,1985-04-01,44622.2471343324
UW,N,P,1985-07-01,47946.90386036225
UW,N,P,1985-10-01,53006.899999999994
UW,N,P,1986-01-01,56858.71483084394
UW,N,P,1986-04-01,58129.989502457785
UW,N,P,1986-07-01,59745.89660352191
UW,N,P,1986-10-01,64014.1
UW,N,P,1987-01-01,63131.2217747066
UW,N,P,1987-04-01,60443.85327628623
UW,N,P,1987-07-01,58463.64791938874
UW,N,P,1987-10-01,56254.00000000001
UW,N,P,1988-01-01,61388.32984642769
UW,N,P,1988-04-01,66077.11493715986
UW,N,P,1988-07-01,70905.0761257843
UW,N,P,1988-10-01,75918.4
UW,N,P,1989-01-01,80086.33778597382
UW,N,P,1989-04-01,84110.79516823124
UW,N,P,1989-07-01,85335.74457725984
UW,N,P,1989-10-01,82020.2
UW,N,P,1990-01-01,86625.8727266773
UW,N,P,1990-04-01,87570.45828639423
UW,N,P,1990-07-01,89567.1758477207
UW,N,P,1990-10-01,94971.5
UW,N,P,1991-01-01,98679.62772012083
UW,N,P,1991-04-01,101604.71491684244
UW,N,P,1991-07-01,107213.08035485259
UW,N,P,1991-10-01,110244.80000000002
UW,N,P,1992-01-01,117289.24415077892
UW,N,P,1992-04-01,123549.01126221186
UW,N,P,1992-07-01,120563.95219737549
UW,N,P,1992-10-01,124104.00000000003
UW,N,P,1993-01-01,143284.51671021577
UW,N,P,1993-04-01,155357.49045281994
UW,N,P,1993-07-01,167618.5091717346
UW,N,P,1993-10-01,180417.89999999994
UW,N,P,1994-01-01,173483.28315040807
UW,N,P,1994-04-01,168672.68292273325
UW,N,P,1994-07-01,158851.11248525942
UW,N,P,1994-10-01,154198.00000000003
UW,N,P,1995-01-01,154480.30533766936
UW,N,P,1995-04-01,153152.71644205195
UW,N,P,1995-07-01,155742.49328507422
UW,N,P,1995-10-01,156118.90000000002
UW,N,P,1996-01-01,165209.19984060142
UW,N,P,1996-04-01,176005.294010784
UW,N,P,1996-07-01,184766.5361524503
UW,N,P,1996-10-01,202483.49999999997
UW,N,P,1997-01-01,219149.37074320135
UW,N,P,1997-04-01,225729.55403408862
UW,N,P,1997-07-01,234898.00556669233
UW,N,P,1997-10-01,244276.69999999902
UW,N,P,1998-01-01,257327.11400970083
UW,N,P,1998-04-01,264500.30188330146
UW,N,P,1998-07-01,264177.5704976721
UW,N,P,1998-10-01,261992.59600000005
UW,N,P,1999-01-01,86152.86475611765
UW,N,P,1999-04-01,88954.91591640867
UW,N,P,1999-07-01,91136.3862616782
UW,N,P,1999-10-01,94395.42436862
UW,N,P,2000-01-01,103712.63623174
UW,N,P,2000-04-01,92687.971445960007
UW,N,P,2000-07-01,94815.74204180001
UW,N,P,2000-10-01,82173.37962829399
UW,N,P,2001-01-01,89454.4376532
UW,N,P,2001-04-01,92653.2934508
UW,N,P,2001-07-01,76188.99386013
UW,N,P,2001-10-01,70348.16492631
UW,N,P,2002-01-01,72173.67082793
UW,N,P,2002-04-01,65621.25662290999
UW,N,P,2002-07-01,58426.58487456
UW,N,P,2002-10-01,57856.121328099995
UW,N,P,2003-01-01,55959.0701963
UW,N,P,2003-04-01,65820.23784353
UW,N,P,2003-07-01,67397.91193062
UW,N,P,2003-10-01,75075.54165547
UW,N,P,2004-01-01,83291.371
UW,N,P,2004-04-01,82963.098
UW,N,P,2004-07-01,86683.739
UW,N,P,2004-10-01,84247.98500000002
UW,N,P,2005-01-01,86485.82299999999
UW,N,P,2005-04-01,89702.858
UW,N,P,2005-07-01,103837.266
UW,N,P,2005-10-01,113777.471
UW,N,P,2006-01-01,122729.366
UW,N,P,2006-04-01,113578.383
UW,N,P,2006-07-01,116792.655
UW,N,P,2006-10-01,122854.557
UW,N,P,2007-01-01,134365.691
UW,N,P,2007-04-01,141180.078
UW,N,P,2007-07-01,147972.98200000002
UW,N,P,2007-10-01,134988.70299999998
UW,N,P,2008-01-01,108965.908
UW,N,P,2008-04-01,108159.94600000001
UW,N,P,2008-07-01,100256.274
UW,N,P,2008-10-01,84652.49193155729
UW,N,P,2009-01-01,80702.47150201129
UW,N,P,2009-04-01,98169.3534779314
UW,N,P,2009-07-01,100704.9320975623
UW,N,P,2009-10-01,107681.21753211571
UW,N,P,2010-01-01,117773.1321876336
UW,N,P,2010-04-01,119920.86342064981
UW,N,P,2010-07-01,127492.77760152011
UW,N,P,2010-10-01,126686.1662671045
UW,N,P,2011-01-01,130650.47212507721
UW,N,P,2011-04-01,148329.919663355
UW,N,P,2011-07-01,145196.00021499972
UW,N,P,2011-10-01,152362.34155756258
UW,N,P,2012-01-01,156784.4124681927
UW,N,P,2012-04-01,156114.431287643
UW,N,P,2012-07-01,166891.82574984268
UW,N,P,2012-10-01,171278.73957103372
UW,N,P,2013-01-01,178224.4485266583
UW,N,P,2013-04-01,165461.72059424338
UW,N,P,2013-07-01,173191.3640013804
UW,N,P,2013-10-01,172836.078
UW,N,P,2014-01-01,172516.14299999998
UW,N,P,2014-04-01,184721.027
UW,N,P,2014-07-01,184049.64807110745
UW,N,P,2014-10-01,177834.5492109038
UW,N,P,2015-01-01,176410.2553231148
UW,N,P,2015-04-01,168213.08070152445
UW,N,P,2015-07-01,153697.85185695122
UW,N,P,2015-10-01,160660.8537997624
UW,N,P,2016-01-01,158778.95244599093
UW,N,P,2016-04-01,161958.81581325515
UW,N,P,2016-07-01,168468.69016889218
UW,N,P,2016-10-01,165665.5944074819
UW,N,P,2017-01-01,173310.65035893876
UW,N,P,2017-04-01,171976.07021810403
UW,N,P,2017-07-01,183300.8677632996
UW,N,P,2017-10-01,191086.9512675236
UW,N,P,2018-01-01,185788.85811782174
UW,N,P,2018-04-01,185490.52358707905
UW,N,P,2018-07-01,179438.93858949753
UW,N,P,2018-10-01,167473.05571986487
UW,N,P,2019-01-01,184231.34840353852
UW,N,P,2019-04-01,182344.12571955062
UW,N,P,2019-07-01,185517.12600728715
UW,N,P,2019-10-01,191548.49564386124
UW,N,P,2020-01-01,152041.6451251681
UW,N,P,2020-04-01,166148.82245336229
UW,N,P,2020-07-01,169785.81081153563
UW,N,P,2020-10-01,187716.84667779808
UW,N,P,2021-01-01,201954.06299623853
UW,N,P,2021-04-01,208415.34255036287
UW,N,P,2021-07-01,206533.84558101653
UW,N,P,2021-10-01,199371.8102525205
UW,N,P,2022-01-01,197667.80732148443
UW,N,P,2022-04-01,175050.17656159648
UW,N,P,2022-07-01,162856.88102733777
UW,N,P,2022-10-01,172507.7667926852
UW,N,P,2023-01-01,177428.34289015678
UW,N,P,2023-04-01,176293.05324697582
UW,N,P,2023-07-01,174606.8273509794
UW,N,P,2023-10-01,176925.00172938028
UW,N,P,2024-01-01,191372.70726886933
UW,N,P,2024-04-01,193289.94026902472
UW,N,P,2024-07-01,196640.65099978208
UW,N,P,2024-10-01,191816.06951790937
UW,N,P,2025-01-01,190429.89660025976
UW,N,P,2025-04-01,189312.80110948795
UW,N,P,2025-07-01,201158.14012206878
UW,N,P,2025-10-01,208044.75748803702
UW,N,P,2026-01-01,205537.25597922615
UW,N,T,1985-01-01,58299.63896245655
UW,N,T,1985-04-01,67195.64996594485
UW,N,T,1985-07-01,74565.45793538712
UW,N,T,1985-10-01,83995.3
UW,N,T,1986-01-01,91925.05545820514
UW,N,T,1986-04-01,92274.07325865503
UW,N,T,1986-07-01,92130.22655818137
UW,N,T,1986-10-01,96129.40000000001
UW,N,T,1987-01-01,96329.437865726
UW,N,T,1987-04-01,94291.76297595722
UW,N,T,1987-07-01,93633.73088909431
UW,N,T,1987-10-01,92256.6
UW,N,T,1988-01-01,100964.88030634997
UW,N,T,1988-04-01,110378.95581926517
UW,N,T,1988-07-01,120191.78404830315
UW,N,T,1988-10-01,130415.1
UW,N,T,1989-01-01,139600.89332459064
UW,N,T,1989-04-01,148572.62375119777
UW,N,T,1989-07-01,152419.84106787652
UW,N,T,1989-10-01,154220.19999999995
UW,N,T,1990-01-01,162166.97117335792
UW,N,T,1990-04-01,166342.61408814855
UW,N,T,1990-07-01,172827.25242571355
UW,N,T,1990-10-01,183464.5
UW,N,T,1991-01-01,192644.5002251155
UW,N,T,1991-04-01,198469.04244905745
UW,N,T,1991-07-01,208468.32412737742
UW,N,T,1991-10-01,215436.80000000005
UW,N,T,1992-01-01,228368.19164438001
UW,N,T,1992-04-01,239272.69026803135
UW,N,T,1992-07-01,233989.81287887265
UW,N,T,1992-10-01,235886.00000000006
UW,N,T,1993-01-01,259734.00363865355
UW,N,T,1993-04-01,274012.7916924355
UW,N,T,1993-07-01,288639.2268050367
UW,N,T,1993-10-01,304561.69999999995
UW,N,T,1994-01-01,292421.70887061424
UW,N,T,1994-04-01,288099.55297869927
UW,N,T,1994-07-01,281627.7881775894
UW,N,T,1994-10-01,286336.2
UW,N,T,1995-01-01,288189.4736275133
UW,N,T,1995-04-01,285093.11053663027
UW,N,T,1995-07-01,289977.05568825186
UW,N,T,1995-10-01,290035.5
UW,N,T,1996-01-01,308283.5502112333
UW,N,T,1996-04-01,330712.9743385761
UW,N,T,1996-07-01,349909.4973786372
UW,N,T,1996-10-01,386383
UW,N,T,1997-01-01,425923.0136737866
UW,N,T,1997-04-01,442288.67805972684
UW,N,T,1997-07-01,468727.1477754138
UW,N,T,1997-10-01,484491.299999999
UW,N,T,1998-01-01,539203.5442126156
UW,N,T,1998-04-01,575290.6781275515
UW,N,T,1998-07-01,597785.0473491887
UW,N,T,1998-10-01,612966.2960000001
UW,N,T,1999-01-01,237337.94493647182
UW,N,T,1999-04-01,286546.4728646159
UW,N,T,1999-07-01,287467.63896388403
UW,N,T,1999-10-01,285383.9996101075
UW,N,T,2000-01-01,284169.40930805187
UW,N,T,2000-04-01,296153.78507426486
UW,N,T,2000-07-01,276098.4194929113
UW,N,T,2000-10-01,288112.7697992618
UW,N,T,2001-01-01,328106.477616868
UW,N,T,2001-04-01,349515.1113278546
UW,N,T,2001-07-01,331615.2261735773
UW,N,T,2001-10-01,345869.3875008305
UW,N,T,2002-01-01,302693.2007560966
UW,N,T,2002-04-01,316661.88658108184
UW,N,T,2002-07-01,310560.80761024676
UW,N,T,2002-10-01,311462.7509841105
UW,N,T,2003-01-01,313813.3858716136
UW,N,T,2003-04-01,323778.1233159517
UW,N,T,2003-07-01,337132.14386685216
UW,N,T,2003-10-01,332435.40121075383
UW,N,T,2004-01-01,350624.39494342054
UW,N,T,2004-04-01,349822.71211646457
UW,N,T,2004-07-01,396682.2188124307
UW,N,T,2004-10-01,389507.6107752845
UW,N,T,2005-01-01,405386.4445731086
UW,N,T,2005-04-01,414289.5981810395
UW,N,T,2005-07-01,424289.1950057044
UW,N,T,2005-10-01,437746.2939856792
UW,N,T,2006-01-01,463387.8742806448
UW,N,T,2006-04-01,453687.2748062434
UW,N,T,2006-07-01,484665.047845552
UW,N,T,2006-10-01,506067.7085303257
UW,N,T,2007-01-01,549736.364122889
UW,N,T,2007-04-01,577199.6977963857
UW,N,T,2007-07-01,634485.9705503341
UW,N,T,2007-10-01,641295.554770817
UW,N,T,2008-01-01,619794.011990272
UW,N,T,2008-04-01,610065.180692197
UW,N,T,2008-07-01,599999.7446273975
UW,N,T,2008-10-01,571556.4278112369
UW,N,T,2009-01-01,559067.4293830534
UW,N,T,2009-04-01,574057.7817428531
UW,N,T,2009-07-01,606814.3561330542
UW,N,T,2009-10-01,611455.1056839769
UW,N,T,2010-01-01,641202.0424588234
UW,N,T,2010-04-01,655693.2467476736
UW,N,T,2010-07-01,703806.9145273882
UW,N,T,2010-10-01,732526.0636172417
UW,N,T,2011-01-01,711629.9268477231
UW,N,T,2011-04-01,708302.5199644691
UW,N,T,2011-07-01,706216.639616055
UW,N,T,2011-10-01,702956.8116900392
UW,N,T,2012-01-01,715256.4471613114
UW,N,T,2012-04-01,741426.4674192572
UW,N,T,2012-07-01,801560.6491779027
UW,N,T,2012-10-01,825795.9306207824
UW,N,T,2013-01-01,826816.9764761252
UW,N,T,2013-04-01,812701.5021477211
UW,N,T,2013-07-01,819899.1356727454
UW,N,T,2013-10-01,826546.1420075517
UW,N,T,2014-01-01,833259.9247698619
UW,N,T,2014-04-01,854040.9696208659
UW,N,T,2014-07-01,833728.7533315268
UW,N,T,2014-10-01,791789.363741283
UW,N,T,2015-01-01,795887.87488935
UW,N,T,2015-04-01,811257.4275464262
UW,N,T,2015-07-01,824943.3759817109
UW,N,T,2015-10-01,828383.2950715548
UW,N,T,2016-01-01,793991.1389954807
UW,N,T,2016-04-01,816266.0711429198
UW,N,T,2016-07-01,825530.4598588463
UW,N,T,2016-10-01,831383.3056677221
UW,N,T,2017-01-01,848462.365709182
UW,N,T,2017-04-01,856096.2583539115
UW,N,T,2017-07-01,877799.6747974845
UW,N,T,2017-10-01,903868.2410079757
UW,N,T,2018-01-01,918520.3180916905
UW,N,T,2018-04-01,880173.5362920747
UW,N,T,2018-07-01,884697.3933812424
UW,N,T,2018-10-01,879735.1302142319
UW,N,T,2019-01-01,922062.2300584244
UW,N,T,2019-04-01,939316.71675092
UW,N,T,2019-07-01,965535.7639665448
UW,N,T,2019-10-01,1001119.6831276597
UW,N,T,2020-01-01,942916.7116769409
UW,N,T,2020-04-01,1005192.3154022434
UW,N,T,2020-07-01,1028186.108836841
UW,N,T,2020-10-01,1034325.61881024
UW,N,T,2021-01-01,1086231.9841462884
UW,N,T,2021-04-01,1097795.397240671
UW,N,T,2021-07-01,1097670.230027528
UW,N,T,2021-10-01,1057494.4295878522
UW,N,T,2022-01-01,1030593.819011572
UW,N,T,2022-04-01,975552.6835223287
UW,N,T,2022-07-01,946243.0652784997
UW,N,T,2022-10-01,936876.6296558199
UW,N,T,2023-01-01,930817.0744548804
UW,N,T,2023-04-01,896846.407527647
UW,N,T,2023-07-01,880285.2537629157
UW,N,T,2023-10-01,858904.4574986487
UW,N,T,2024-01-01,899034.4913163101
UW,N,T,2024-04-01,860336.9270711592
UW,N,T,2024-07-01,870151.9520078858
UW,N,T,2024-10-01,854487.5337044828
UW,N,T,2025-01-01,876463.4252668616
UW,N,T,2025-04-01,862847.1805006386
UW,N,T,2025-07-01,864908.800893616
UW,N,T,2025-10-01,881937.0873157809
UW,N,T,2026-01-01,872444.0750687302
UW,N,UI,1985-01-01,-13011.267358651407
UW,N,UI,1985-04-01,-9737.976688837596
UW,N,UI,1985-07-01,-6087.57423386052
UW,N,UI,1985-10-01,-2298
UW,N,UI,1986-01-01,-2543.644963593004
UW,N,UI,1986-04-01,-3175.9518426247596
UW,N,UI,1986-07-01,-3931.9105614058426
UW,N,UI,1986-10-01,-5097.699999999997
UW,N,UI,1987-01-01,-4720.896415463758
UW,N,UI,1987-04-01,-4032.449979216828
UW,N,UI,1987-07-01,-3437.647654877932
UW,N,UI,1987-10-01,-2959.399999999994
UW,N,UI,1988-01-01,-1014.8006418527366
UW,N,UI,1988-04-01,632.1524419188063
UW,N,UI,1988-07-01,2253.1396720170887
UW,N,UI,1988-10-01,3745.2000000000116
UW,N,UI,1989-01-01,5534.310752504811
UW,N,UI,1989-04-01,7170.468467852625
UW,N,UI,1989-07-01,8871.826666760142
UW,N,UI,1989-10-01,11721
UW,N,UI,1990-01-01,13294.5896077324
UW,N,UI,1990-04-01,16455.921088003088
UW,N,UI,1990-07-01,20654.85012077287
UW,N,UI,1990-10-01,24738
UW,N,UI,1991-01-01,26898.217504662316
UW,N,UI,1991-04-01,27504.38713421482
UW,N,UI,1991-07-01,27946.91516804132
UW,N,UI,1991-10-01,28783
UW,N,UI,1992-01-01,30792.590521601378
UW,N,UI,1992-04-01,33263.137983319495
UW,N,UI,1992-07-01,33379.82383207393
UW,N,UI,1992-10-01,32730
UW,N,UI,1993-01-01,30280.31284206675
UW,N,UI,1993-04-01,28252.411975247058
UW,N,UI,1993-07-01,27882.353955794737
UW,N,UI,1993-10-01,25982.29999999999
UW,N,UI,1994-01-01,20487.22380132474
UW,N,UI,1994-04-01,18232.02313281916
UW,N,UI,1994-07-01,20849.865257099416
UW,N,UI,1994-10-01,27997.800000000003
UW,N,UI,1995-01-01,26004.967458344006
UW,N,UI,1995-04-01,23760.019666373657
UW,N,UI,1995-07-01,21993.692579887836
UW,N,UI,1995-10-01,20311.800000000003
UW,N,UI,1996-01-01,24561.231311647338
UW,N,UI,1996-04-01,30519.358379787416
UW,N,UI,1996-07-01,37247.75558234204
UW,N,UI,1996-10-01,46508.79999999999
UW,N,UI,1997-01-01,52330.226814067195
UW,N,UI,1997-04-01,54785.661700197525
UW,N,UI,1997-07-01,63848.33001277459
UW,N,UI,1997-10-01,61559.79999999999
UW,N,UI,1998-01-01,77708.85688041017
UW,N,UI,1998-04-01,97690.78224611533
UW,N,UI,1998-07-01,116419.00543444729
UW,N,UI,1998-10-01,133274.90000000002
UW,N,UI,1999-01-01,29587.642360966463
UW,N,UI,1999-04-01,70145.95119763876
UW,N,UI,1999-07-01,63639.81873227151
UW,N,UI,1999-10-01,51709.37400000001
UW,N,UI,2000-01-01,33778.21819194
UW,N,UI,2000-04-01,54797.071461
UW,N,UI,2000-07-01,25633.3809473
UW,N,UI,2000-10-01,30838.555994099996
UW,N,UI,2001-01-01,59911.37734323999
UW,N,UI,2001-04-01,69334.48311621998
UW,N,UI,2001-07-01,66269.01399261
UW,N,UI,2001-10-01,75086.4074462
UW,N,UI,2002-01-01,34130.171353679994
UW,N,UI,2002-04-01,57996.44870251999
UW,N,UI,2002-07-01,54954.10652484
UW,N,UI,2002-10-01,53508.924190770005
UW,N,UI,2003-01-01,55640.552494439995
UW,N,UI,2003-04-01,48465.55357166001
UW,N,UI,2003-07-01,57498.56818548999
UW,N,UI,2003-10-01,40479.870498990014
UW,N,UI,2004-01-01,42132.497485259984
UW,N,UI,2004-04-01,37744.40627632999
UW,N,UI,2004-07-01,68889.83480389
UW,N,UI,2004-10-01,60251.84356314999
UW,N,UI,2005-01-01,60944.802341029994
UW,N,UI,2005-04-01,60461.89245382001
UW,N,UI,2005-07-01,44873.94660266275
UW,N,UI,2005-10-01,41888.56167427414
UW,N,UI,2006-01-01,35666.621359166384
UW,N,UI,2006-04-01,24365.478243107806
UW,N,UI,2006-07-01,29968.50594666369
UW,N,UI,2006-10-01,31839.67227541862
UW,N,UI,2007-01-01,49112.66257300321
UW,N,UI,2007-04-01,57299.094402155984
UW,N,UI,2007-07-01,97861.15373872741
UW,N,UI,2007-10-01,104405.85745414952
UW,N,UI,2008-01-01,113867.90326350322
UW,N,UI,2008-04-01,92143.65852305462
UW,N,UI,2008-07-01,80717.140401249
UW,N,UI,2008-10-01,76130.0297435463
UW,N,UI,2009-01-01,37135.023558045854
UW,N,UI,2009-04-01,18821.79230503575
UW,N,UI,2009-07-01,28748.066418404924
UW,N,UI,2009-10-01,15352.469894837326
UW,N,UI,2010-01-01,16657.030014624674
UW,N,UI,2010-04-01,7665.000700927922
UW,N,UI,2010-07-01,8076.541027696221
UW,N,UI,2010-10-01,35346.92164795706
UW,N,UI,2011-01-01,15160.53495262425
UW,N,UI,2011-04-01,16374.169968313829
UW,N,UI,2011-07-01,13305.06318210173
UW,N,UI,2011-10-01,73.32858902492444
UW,N,UI,2012-01-01,-5152.465994157639
UW,N,UI,2012-04-01,-14411.556702788337
UW,N,UI,2012-07-01,-13371.297925999068
UW,N,UI,2012-10-01,-6385.827772861157
UW,N,UI,2013-01-01,-13502.510143393563
UW,N,UI,2013-04-01,-4972.291459444474
UW,N,UI,2013-07-01,-3998.777510452026
UW,N,UI,2013-10-01,6706.752298005551
UW,N,UI,2014-01-01,5216.389462933221
UW,N,UI,2014-04-01,8810.425638147775
UW,N,UI,2014-07-01,-3365.8676357215736
UW,N,UI,2014-10-01,2973.300180008926
UW,N,UI,2015-01-01,-479.12121548876166
UW,N,UI,2015-04-01,9645.333042182756
UW,N,UI,2015-07-01,23217.033250513385
UW,N,UI,2015-10-01,36722.013874563054
UW,N,UI,2016-01-01,393.69354399749136
UW,N,UI,2016-04-01,195.88547108511557
UW,N,UI,2016-07-01,7326.995275085443
UW,N,UI,2016-10-01,11059.280133945955
UW,N,UI,2017-01-01,6578.850135237342
UW,N,UI,2017-04-01,10756.912346403304
UW,N,UI,2017-07-01,13809.61873813864
UW,N,UI,2017-10-01,13279.433948888647
UW,N,UI,2018-01-01,18973.46886641848
UW,N,UI,2018-04-01,15858.75619673048
UW,N,UI,2018-07-01,11699.814418958791
UW,N,UI,2018-10-01,9146.68681422621
UW,N,UI,2019-01-01,18641.832342032896
UW,N,UI,2019-04-01,16558.67864441825
UW,N,UI,2019-07-01,17239.87780473547
UW,N,UI,2019-10-01,15799.96221981963
UW,N,UI,2020-01-01,10601.787731710981
UW,N,UI,2020-04-01,15826.861750973083
UW,N,UI,2020-07-01,7882.264985222428
UW,N,UI,2020-10-01,8727.53167448008
UW,N,UI,2021-01-01,5660.153160886184
UW,N,UI,2021-04-01,9262.426454440501
UW,N,UI,2021-07-01,-2790.3104442011827
UW,N,UI,2021-10-01,1298.0883335854305
UW,N,UI,2022-01-01,-4284.472955448378
UW,N,UI,2022-04-01,-8054.368406918758
UW,N,UI,2022-07-01,4631.842148513475
UW,N,UI,2022-10-01,8453.056716363819
UW,N,UI,2023-01-01,4071.7972368709598
UW,N,UI,2023-04-01,1524.3812054268346
UW,N,UI,2023-07-01,13614.50582367659
UW,N,UI,2023-10-01,15699.371657137017
UW,N,UI,2024-01-01,11679.80914422407
UW,N,UI,2024-04-01,1807.7804305851168
UW,N,UI,2024-07-01,4662.079355539623
UW,N,UI,2024-10-01,2293.7296725647175
UW,N,UI,2025-01-01,7367.958619558645
UW,N,UI,2025-04-01,3458.8628146573174
UW,N,UI,2025-07-01,-2601.9127241002716
UW,N,UI,2025-10-01,927.8284523266193
UW,N,UI,2026-01-01,-6402.113692120474
UW,N,W,1985-01-01,4239.923640730805
UW,N,W,1985-04-01,4163.755220332478
UW,N,W,1985-07-01,3983.7100570727653
UW,N,W,1985-10-01,3844
UW,N,W,1986-01-01,5077.938156978384
UW,N,W,1986-04-01,4472.495253600857
UW,N,W,1986-07-01,3824.2023820463783
UW,N,W,1986-10-01,3430
UW,N,W,1987-01-01,3297.8397980195023
UW,N,W,1987-04-01,3155.171803281037
UW,N,W,1987-07-01,3048.943877256701
UW,N,W,1987-10-01,2867
UW,N,W,1988-01-01,2833.7595372473133
UW,N,W,1988-04-01,2802.594693399009
UW,N,W,1988-07-01,2795.980644953015
UW,N,W,1988-10-01,2776
UW,N,W,1989-01-01,3017.9635942174136
UW,N,W,1989-04-01,3286.625576314036
UW,N,W,1989-07-01,3536.65896664319
UW,N,W,1989-10-01,3887
UW,N,W,1990-01-01,4142.235396018927
UW,N,W,1990-04-01,4174.089987963778
UW,N,W,1990-07-01,4266.145919231638
UW,N,W,1990-10-01,4559
UW,N,W,1991-01-01,4533.438721138158
UW,N,W,1991-04-01,4530.540622946966
UW,N,W,1991-07-01,4687.104456382684
UW,N,W,1991-10-01,4836
UW,N,W,1992-01-01,5029.768020411975
UW,N,W,1992-04-01,5281.525534364089
UW,N,W,1992-07-01,5459.374987483341
UW,N,W,1992-10-01,5950
UW,N,W,1993-01-01,6626.230853306712
UW,N,W,1993-04-01,6824.311055616945
UW,N,W,1993-07-01,6905.988935543606
UW,N,W,1993-10-01,7044.4000000000015
UW,N,W,1994-01-01,7068.105906085177
UW,N,W,1994-04-01,7165.896608739356
UW,N,W,1994-07-01,7131.87903293292
UW,N,W,1994-10-01,7276
UW,N,W,1995-01-01,7186.605216571621
UW,N,W,1995-04-01,7205.654076295574
UW,N,W,1995-07-01,7257.9180750018095
UW,N,W,1995-10-01,7426
UW,N,W,1996-01-01,7754.694463671669
UW,N,W,1996-04-01,8430.886782927526
UW,N,W,1996-07-01,9007.069810806526
UW,N,W,1996-10-01,10126.8
UW,N,W,1997-01-01,11896.579061832668
UW,N,W,1997-04-01,12858.612431692294
UW,N,W,1997-07-01,13823.532572453794
UW,N,W,1997-10-01,14513.2
UW,N,W,1998-01-01,22408.321015058318
UW,N,W,1998-04-01,25463.445126009392
UW,N,W,1998-07-01,27568.975955256567
UW,N,W,1998-10-01,29598.9
UW,N,W,1999-01-01,8927.61511425078
UW,N,W,1999-04-01,8988.838294402576
UW,N,W,1999-07-01,8886.58203690052
UW,N,W,1999-10-01,8844.82062995
UW,N,W,2000-01-01,10605.36914832
UW,N,W,2000-04-01,10363.13515351
UW,N,W,2000-07-01,10557.204900129995
UW,N,W,2000-10-01,10352.055724319996
UW,N,W,2001-01-01,10318.10074194
UW,N,W,2001-04-01,11388.34523954
UW,N,W,2001-07-01,10334.331418129994
UW,N,W,2001-10-01,10105.94899078
UW,N,W,2002-01-01,8989.37359737
UW,N,W,2002-04-01,9079.076210350004
UW,N,W,2002-07-01,9850.625036910002
UW,N,W,2002-10-01,9295.22871556
UW,N,W,2003-01-01,8939.14334961
UW,N,W,2003-04-01,9743.9092307
UW,N,W,2003-07-01,9658.483671519018
UW,N,W,2003-10-01,9193.20524656
UW,N,W,2004-01-01,9310.80892533
UW,N,W,2004-04-01,8876.758982246967
UW,N,W,2004-07-01,13712.0992227
UW,N,W,2004-10-01,13563.31585663
UW,N,W,2005-01-01,13162.8387703
UW,N,W,2005-04-01,10007.398811639998
UW,N,W,2005-07-01,9880.27944116
UW,N,W,2005-10-01,9876.510752030003
UW,N,W,2006-01-01,8904.89372169
UW,N,W,2006-04-01,8700.617455159992
UW,N,W,2006-07-01,9859.42220507
UW,N,W,2006-10-01,10048.16071923
UW,N,W,2007-01-01,10713.88946001
UW,N,W,2007-04-01,11106.03528856
UW,N,W,2007-07-01,11575.37376531
UW,N,W,2007-10-01,11495.136726209996
UW,N,W,2008-01-01,12042.714304839996
UW,N,W,2008-04-01,12144.23301289
UW,N,W,2008-07-01,13015.531088280004
UW,N,W,2008-10-01,11096.60505403
UW,N,W,2009-01-01,11262.01306522
UW,N,W,2009-04-01,12595.46173725
UW,N,W,2009-07-01,17965.314984539993
UW,N,W,2009-10-01,17926.0801845
UW,N,W,2010-01-01,23596.191915190004
UW,N,W,2010-04-01,24660.34583053
UW,N,W,2010-07-01,48396.75628944
UW,N,W,2010-10-01,46951.64417788
UW,N,W,2011-01-01,46637.31404897
UW,N,W,2011-04-01,45136.06404083999
UW,N,W,2011-07-01,52769.64315856
UW,N,W,2011-10-01,58272.77719119
UW,N,W,2012-01-01,59279.35431985001
UW,N,W,2012-04-01,73989.24590745
UW,N,W,2012-07-01,108397.44003047001
UW,N,W,2012-10-01,105409.7960869
UW,N,W,2013-01-01,118127.91599644
UW,N,W,2013-04-01,114266.71959219
UW,N,W,2013-07-01,116051.9952178
UW,N,W,2013-10-01,116188.22559236
UW,N,W,2014-01-01,120821.65953439
UW,N,W,2014-04-01,126428.86796415
UW,N,W,2014-07-01,127506.60401846
UW,N,W,2014-10-01,129543.34527249
UW,N,W,2015-01-01,139182.56040780255
UW,N,W,2015-04-01,136640.2194820611
UW,N,W,2015-07-01,142022.94117968812
UW,N,W,2015-10-01,148118.80966095976
UW,N,W,2016-01-01,149190.90903146536
UW,N,W,2016-04-01,158734.54668643308
UW,N,W,2016-07-01,160769.33501169283
UW,N,W,2016-10-01,158642.66100991247
UW,N,W,2017-01-01,172496.74896075687
UW,N,W,2017-04-01,173067.9255499943
UW,N,W,2017-07-01,180704.72499679634
UW,N,W,2017-10-01,186871.19721474213
UW,N,W,2018-01-01,190417.34726338278
UW,N,W,2018-04-01,191411.5376316409
UW,N,W,2018-07-01,198289.2980119777
UW,N,W,2018-10-01,196174.29579840004
UW,N,W,2019-01-01,210191.58104398288
UW,N,W,2019-04-01,205735.85804027494
UW,N,W,2019-07-01,212098.71413485322
UW,N,W,2019-10-01,212306.4711984426
UW,N,W,2020-01-01,194168.2239837117
UW,N,W,2020-04-01,212208.6807897863
UW,N,W,2020-07-01,219696.34405433908
UW,N,W,2020-10-01,226295.6717403149
UW,N,W,2021-01-01,242278.1190686508
UW,N,W,2021-04-01,239811.38869039627
UW,N,W,2021-07-01,244987.6356500654
UW,N,W,2021-10-01,242036.7438294631
UW,N,W,2022-01-01,232101.0826559836
UW,N,W,2022-04-01,217650.7556308927
UW,N,W,2022-07-01,203390.3948829393
UW,N,W,2022-10-01,205428.76521998114
UW,N,W,2023-01-01,199970.89244651972
UW,N,W,2023-04-01,186115.47851224607
UW,N,W,2023-07-01,176240.0340146839
UW,N,W,2023-10-01,170309.04597640657
UW,N,W,2024-01-01,183387.9203243826
UW,N,W,2024-04-01,180624.48044887494
UW,N,W,2024-07-01,183014.06147033835
UW,N,W,2024-10-01,182302.8058083708
UW,N,W,2025-01-01,184956.9107657827
UW,N,W,2025-04-01,181069.44848754274
UW,N,W,2025-07-01,184787.5439738744
UW,N,W,2025-10-01,186525.941748763
UW,N,W,2026-01-01,184597.60597313484
UW,P,D0,1985-01-01,0
UW,P,D0,1985-04-01,0
UW,P,D0,1985-07-01,0
UW,P,D0,1985-10-01,0
UW,P,D0,1986-01-01,0
UW,P,D0,1986-04-01,0
UW,P,D0,1986-07-01,0
UW,P,D0,1986-10-01,0
UW,P,D0,1987-01-01,0
UW,P,D0,1987-04-01,0
UW,P,D0,1987-07-01,0
UW,P,D0,1987-10-01,0
UW,P,D0,1988-01-01,0
UW,P,D0,1988-04-01,0
UW,P,D0,1988-07-01,0
UW,P,D0,1988-10-01,0
UW,P,D0,1989-01-01,0
UW,P,D0,1989-04-01,0
UW,P,D0,1989-07-01,0
UW,P,D0,1989-10-01,0
UW,P,D0,1990-01-01,0
UW,P,D0,1990-04-01,0
UW,P,D0,1990-07-01,0
UW,P,D0,1990-10-01,0
UW,P,D0,1991-01-01,0
UW,P,D0,1991-04-01,0
UW,P,D0,1991-07-01,0
UW,P,D0,1991-10-01,0
UW,P,D0,1992-01-01,0
UW,P,D0,1992-04-01,0
UW,P,D0,1992-07-01,0
UW,P,D0,1992-10-01,0
UW,P,D0,1993-01-01,0
UW,P,D0,1993-04-01,0
UW,P,D0,1993-07-01,0
UW,P,D0,1993-10-01,0
UW,P,D0,1994-01-01,0
UW,P,D0,1994-04-01,0
UW,P,D0,1994-07-01,0
UW,P,D0,1994-10-01,0
UW,P,D0,1995-01-01,0
UW,P,D0,1995-04-01,0
UW,P,D0,1995-07-01,0
UW,P,D0,1995-10-01,0
UW,P,D0,1996-01-01,0
UW,P,D0,1996-04-01,0
UW,P,D0,1996-07-01,0
UW,P,D0,1996-10-01,0
UW,P,D0,1997-01-01,0
UW,P,D0,1997-04-01,0
UW,P,D0,1997-07-01,0
UW,P,D0,1997-10-01,0
UW,P,D0,1998-01-01,2352.9089158092424
UW,P,D0,1998-04-01,2540.9664823347894
UW,P,D0,1998-07-01,2689.8886122033537
UW,P,D0,1998-10-01,2775.7999999999997
UW,P,D0,1999-01-01,842.2214433553332
UW,P,D0,1999-04-01,894.7055771026534
UW,P,D0,1999-07-01,932.5605684482906
UW,P,D0,1999-10-01,979.3555732508206
UW,P,D0,2000-01-01,987.1377484336034
UW,P,D0,2000-04-01,868.2402566795083
UW,P,D0,2000-07-01,1299.695477645097
UW,P,D0,2000-10-01,1385.3467213779115
UW,P,D0,2001-01-01,1864.211973214124
UW,P,D0,2001-04-01,1855.3047618020787
UW,P,D0,2001-07-01,1893.4362455225164
UW,P,D0,2001-10-01,1210.8705814221914
UW,P,D0,2002-01-01,1683.9775843087875
UW,P,D0,2002-04-01,1641.5804749000386
UW,P,D0,2002-07-01,1757.010167672118
UW,P,D0,2002-10-01,1885.2658344593283
UW,P,D0,2003-01-01,1861.8925833747444
UW,P,D0,2003-04-01,2194.957658877492
UW,P,D0,2003-07-01,2148.0345945382805
UW,P,D0,2003-10-01,3517.1733351097473
UW,P,D0,2004-01-01,3108.2069509333337
UW,P,D0,2004-04-01,3330.987641062991
UW,P,D0,2004-07-01,3161.017529987758
UW,P,D0,2004-10-01,3366.2979365952506
UW,P,D0,2005-01-01,4879.610860843948
UW,P,D0,2005-04-01,4981.013241606396
UW,P,D0,2005-07-01,4005.4300075810497
UW,P,D0,2005-10-01,6555.690517489887
UW,P,D0,2006-01-01,5621.88525515773
UW,P,D0,2006-04-01,4411.182155044838
UW,P,D0,2006-07-01,4201.023117415536
UW,P,D0,2006-10-01,7232.4869548594115
UW,P,D0,2007-01-01,10654.78382738698
UW,P,D0,2007-04-01,11469.64936824448
UW,P,D0,2007-07-01,13305.36133556707
UW,P,D0,2007-10-01,12731.46305186305
UW,P,D0,2008-01-01,11904.7519329456
UW,P,D0,2008-04-01,11948.97625255653
UW,P,D0,2008-07-01,12704.45070184826
UW,P,D0,2008-10-01,18616.79881339643
UW,P,D0,2009-01-01,20812.2853865146
UW,P,D0,2009-04-01,17964.37522649987
UW,P,D0,2009-07-01,22134.74191314087
UW,P,D0,2009-10-01,21338.095727208543
UW,P,D0,2010-01-01,24307.045816356735
UW,P,D0,2010-04-01,21739.291936447396
UW,P,D0,2010-07-01,23589.43209417956
UW,P,D0,2010-10-01,21762.7111572
UW,P,D0,2011-01-01,23338.041771806722
UW,P,D0,2011-04-01,26939.808291336416
UW,P,D0,2011-07-01,23764.674149377046
UW,P,D0,2011-10-01,21407.557406842596
UW,P,D0,2012-01-01,20736.75777294565
UW,P,D0,2012-04-01,22453.593416750125
UW,P,D0,2012-07-01,23338.069492459712
UW,P,D0,2012-10-01,23526.217028217023
UW,P,D0,2013-01-01,24694.529272474803
UW,P,D0,2013-04-01,25718.310899030625
UW,P,D0,2013-07-01,22629.05941779272
UW,P,D0,2013-10-01,20589.758053758054
UW,P,D0,2014-01-01,21484.170992562827
UW,P,D0,2014-04-01,22382.286282064746
UW,P,D0,2014-07-01,22783.12980919649
UW,P,D0,2014-10-01,21244.654022353894
UW,P,D0,2015-01-01,18428.994760168862
UW,P,D0,2015-04-01,19510.194404948503
UW,P,D0,2015-07-01,19612.50801529469
UW,P,D0,2015-10-01,19377.49054182117
UW,P,D0,2016-01-01,20582.859820412665
UW,P,D0,2016-04-01,20011.239740393023
UW,P,D0,2016-07-01,20016.500395334748
UW,P,D0,2016-10-01,19747.749064361466
UW,P,D0,2017-01-01,21908.628843357536
UW,P,D0,2017-04-01,20524.040108331184
UW,P,D0,2017-07-01,21198.184114333893
UW,P,D0,2017-10-01,23417.72995385937
UW,P,D0,2018-01-01,24157.720740790188
UW,P,D0,2018-04-01,27803.72466179139
UW,P,D0,2018-07-01,25297.63038205646
UW,P,D0,2018-10-01,33438.37196892084
UW,P,D0,2019-01-01,35316.714956405434
UW,P,D0,2019-04-01,36610.08955008769
UW,P,D0,2019-07-01,38732.11833889225
UW,P,D0,2019-10-01,42506.423527250125
UW,P,D0,2020-01-01,37895.2473896065
UW,P,D0,2020-04-01,41686.138075479896
UW,P,D0,2020-07-01,41080.19192485561
UW,P,D0,2020-10-01,42060.427227853375
UW,P,D0,2021-01-01,46305.79570417266
UW,P,D0,2021-04-01,44643.11719940863
UW,P,D0,2021-07-01,43011.30881185657
UW,P,D0,2021-10-01,40879.05814492853
UW,P,D0,2022-01-01,42265.91700253957
UW,P,D0,2022-04-01,43323.24540177131
UW,P,D0,2022-07-01,44620.9541912402
UW,P,D0,2022-10-01,43508.712224764924
UW,P,D0,2023-01-01,44937.93557421746
UW,P,D0,2023-04-01,45510.61707763799
UW,P,D0,2023-07-01,45595.40155949399
UW,P,D0,2023-10-01,41208.50978484528
UW,P,D0,2024-01-01,43828.67181587666
UW,P,D0,2024-04-01,44319.5084933995
UW,P,D0,2024-07-01,43740.40269595061
UW,P,D0,2024-10-01,42453.71899590932
UW,P,D0,2025-01-01,43106.26398258043
UW,P,D0,2025-04-01,40928.782376379866
UW,P,D0,2025-07-01,41941.716590493146
UW,P,D0,2025-10-01,45225.85005061556
UW,P,D0,2026-01-01,45462.39766438098
UW,P,D1,2004-04-01,199
UW,P,D1,2004-07-01,136
UW,P,D1,2004-10-01,257
UW,P,D1,2005-01-01,1232.4
UW,P,D1,2005-04-01,553
UW,P,D1,2005-07-01,1125.8
UW,P,D1,2005-10-01,470.5
UW,P,D1,2006-01-01,423.8
UW,P,D1,2006-04-01,560.8
UW,P,D1,2006-07-01,480.6
UW,P,D1,2006-10-01,580.6
UW,P,D1,2007-01-01,544.9
UW,P,D1,2007-04-01,947.2
UW,P,D1,2007-07-01,1183.5
UW,P,D1,2007-10-01,944.2
UW,P,D1,2008-01-01,8658.000000000002
UW,P,D1,2008-04-01,6480.2
UW,P,D1,2008-07-01,6558.999999999999
UW,P,D1,2008-10-01,9525.099999999999
UW,P,D1,2009-01-01,7632.800000000001
UW,P,D1,2009-04-01,7072.3
UW,P,D1,2009-07-01,7408.399999999999
UW,P,D1,2009-10-01,8744.199999999999
UW,P,D1,2010-01-01,8948.9
UW,P,D1,2010-04-01,10875.300000000001
UW,P,D1,2010-07-01,10283.8
UW,P,D1,2010-10-01,7493.0999999999995
UW,P,D1,2011-01-01,8373.4
UW,P,D1,2011-04-01,7004.7699999999995
UW,P,D1,2011-07-01,8073.9000000000005
UW,P,D1,2011-10-01,9598.471500000001
UW,P,D1,2012-01-01,7288.630585129999
UW,P,D1,2012-04-01,6645.275181020001
UW,P,D1,2012-07-01,7243.74433072
UW,P,D1,2012-10-01,6715.9470571599995
UW,P,D1,2013-01-01,6483.33054168
UW,P,D1,2013-04-01,4392.3
UW,P,D1,2013-07-01,3410.2000000000003
UW,P,D1,2013-10-01,3821.399999999999
UW,P,D1,2014-01-01,5587.5999999999995
UW,P,D1,2014-04-01,5701.4000000000005
UW,P,D1,2014-07-01,4739.314351199999
UW,P,D1,2014-10-01,4542.925608533987
UW,P,D1,2015-01-01,4418.275991725213
UW,P,D1,2015-04-01,3530.853252695209
UW,P,D1,2015-07-01,2880.0196255294036
UW,P,D1,2015-10-01,2039.010223539428
UW,P,D1,2016-01-01,3431.616580359952
UW,P,D1,2016-04-01,4335.23447773245
UW,P,D1,2016-07-01,3120.811020297354
UW,P,D1,2016-10-01,3719.1699830015855
UW,P,D1,2017-01-01,3768.1274807656255
UW,P,D1,2017-04-01,3285.5514397860907
UW,P,D1,2017-07-01,3070.8727401565775
UW,P,D1,2017-10-01,3394.800062288648
UW,P,D1,2018-01-01,3083.156106818391
UW,P,D1,2018-04-01,3099.2252642834474
UW,P,D1,2018-07-01,4123.31664785031
UW,P,D1,2018-10-01,3947.8254050221485
UW,P,D1,2019-01-01,3283.219288535671
UW,P,D1,2019-04-01,3157.9247958279743
UW,P,D1,2019-07-01,4020.501582352991
UW,P,D1,2019-10-01,3216.35205769009
UW,P,D1,2020-01-01,5786.005760953753
UW,P,D1,2020-04-01,5951.888051677132
UW,P,D1,2020-07-01,5437.526668696805
UW,P,D1,2020-10-01,6412.305717150519
UW,P,D1,2021-01-01,5933.430879351957
UW,P,D1,2021-04-01,5220.175026860246
UW,P,D1,2021-07-01,5281.493146508974
UW,P,D1,2021-10-01,4228.027481639611
UW,P,D1,2022-01-01,13235.200271547492
UW,P,D1,2022-04-01,12010.167062762894
UW,P,D1,2022-07-01,11921.661872290299
UW,P,D1,2022-10-01,5046.664940683254
UW,P,D1,2023-01-01,5347.294219293925
UW,P,D1,2023-04-01,4981.0356031646115
UW,P,D1,2023-07-01,5391.824341742651
UW,P,D1,2023-10-01,5047.216347396219
UW,P,D1,2024-01-01,4968.598944522638
UW,P,D1,2024-04-01,5434.588082302405
UW,P,D1,2024-07-01,5242.882673836954
UW,P,D1,2024-10-01,6438.287422346781
UW,P,D1,2025-01-01,5525.608604597791
UW,P,D1,2025-04-01,7257.693826068573
UW,P,D1,2025-07-01,6053.150890691636
UW,P,D1,2025-10-01,5989.648244771971
UW,P,D1,2026-01-01,7826.534259314828
UW,P,P,1985-01-01,4438.304583591398
UW,P,P,1985-04-01,4525.05313131415
UW,P,P,1985-07-01,4553.478264254532
UW,P,P,1985-10-01,4681.3
UW,P,P,1986-01-01,4582.719613652809
UW,P,P,1986-04-01,4357.182301689711
UW,P,P,1986-07-01,4078.4109405538793
UW,P,P,1986-10-01,4030.6
UW,P,P,1987-01-01,4250.191766532329
UW,P,P,1987-04-01,4438.538975529262
UW,P,P,1987-07-01,4749.089186316432
UW,P,P,1987-10-01,5054
UW,P,P,1988-01-01,5531.437223772754
UW,P,P,1988-04-01,6126.385798704036
UW,P,P,1988-07-01,6717.370017688587
UW,P,P,1988-10-01,7226.999999999999
UW,P,P,1989-01-01,7894.1255558044895
UW,P,P,1989-04-01,8502.036687784796
UW,P,P,1989-07-01,8807.237928467888
UW,P,P,1989-10-01,9365
UW,P,P,1990-01-01,9515.389799003582
UW,P,P,1990-04-01,9393.497438392276
UW,P,P,1990-07-01,9516.306733105275
UW,P,P,1990-10-01,10040
UW,P,P,1991-01-01,10768.636164384872
UW,P,P,1991-04-01,11507.648357061444
UW,P,P,1991-07-01,12507.126845224357
UW,P,P,1991-10-01,13261.000000000002
UW,P,P,1992-01-01,14114.86766361035
UW,P,P,1992-04-01,14856.737677999068
UW,P,P,1992-07-01,14929.506663755357
UW,P,P,1992-10-01,15558
UW,P,P,1993-01-01,16396.02325900258
UW,P,P,1993-04-01,16732.639149996783
UW,P,P,1993-07-01,16890.194923315452
UW,P,P,1993-10-01,17218
UW,P,P,1994-01-01,17679.041907617862
UW,P,P,1994-04-01,18324.92892884075
UW,P,P,1994-07-01,18423.765639625613
UW,P,P,1994-10-01,18624
UW,P,P,1995-01-01,18330.861009860477
UW,P,P,1995-04-01,17805.997850322186
UW,P,P,1995-07-01,17725.883304937473
UW,P,P,1995-10-01,17327
UW,P,P,1996-01-01,17622.24395477912
UW,P,P,1996-04-01,18238.402569787773
UW,P,P,1996-07-01,18630.3227153748
UW,P,P,1996-10-01,19939.7
UW,P,P,1997-01-01,20600.27816597497
UW,P,P,1997-04-01,20058.50593274721
UW,P,P,1997-07-01,19682.357217190325
UW,P,P,1997-10-01,19377.300000000003
UW,P,P,1998-01-01,36450.62440010597
UW,P,P,1998-04-01,38608.959208197964
UW,P,P,1998-07-01,39700.42798956029
UW,P,P,1998-10-01,39991.47499999994
UW,P,P,1999-01-01,17237.082530009448
UW,P,P,1999-04-01,17752.316358072036
UW,P,P,1999-07-01,17971.738298492186
UW,P,P,1999-10-01,18336.869
UW,P,P,2000-01-01,17366.134
UW,P,P,2000-04-01,15537.89
UW,P,P,2000-07-01,15208.029
UW,P,P,2000-10-01,16176.6
UW,P,P,2001-01-01,14210.46
UW,P,P,2001-04-01,14111.551
UW,P,P,2001-07-01,12162.496
UW,P,P,2001-10-01,11829.187
UW,P,P,2002-01-01,11266.942
UW,P,P,2002-04-01,9432.621
UW,P,P,2002-07-01,9352.332
UW,P,P,2002-10-01,9204.683
UW,P,P,2003-01-01,9640.465
UW,P,P,2003-04-01,9851.644
UW,P,P,2003-07-01,9518.864
UW,P,P,2003-10-01,8959.969
UW,P,P,2004-01-01,9900.931
UW,P,P,2004-04-01,9897.984
UW,P,P,2004-07-01,9769.033
UW,P,P,2004-10-01,10207.354
UW,P,P,2005-01-01,11802.395
UW,P,P,2005-04-01,12748.834
UW,P,P,2005-07-01,13691.09
UW,P,P,2005-10-01,15724.613
UW,P,P,2006-01-01,13905.442
UW,P,P,2006-04-01,13370.15
UW,P,P,2006-07-01,13603.236
UW,P,P,2006-10-01,14535.003
UW,P,P,2007-01-01,15123.621
UW,P,P,2007-04-01,16846.799
UW,P,P,2007-07-01,16072.941
UW,P,P,2007-10-01,15850.502
UW,P,P,2008-01-01,14775.303
UW,P,P,2008-04-01,16190.529
UW,P,P,2008-07-01,13831.722
UW,P,P,2008-10-01,11290.706
UW,P,P,2009-01-01,12369.967
UW,P,P,2009-04-01,12811.794
UW,P,P,2009-07-01,12551.521
UW,P,P,2009-10-01,12744.832
UW,P,P,2010-01-01,13513.82
UW,P,P,2010-04-01,13214.611
UW,P,P,2010-07-01,12694.841
UW,P,P,2010-10-01,12345.402
UW,P,P,2011-01-01,13257.892
UW,P,P,2011-04-01,12079.711
UW,P,P,2011-07-01,11633.264
UW,P,P,2011-10-01,11425.635
UW,P,P,2012-01-01,11747.598
UW,P,P,2012-04-01,11629.847
UW,P,P,2012-07-01,11519.983
UW,P,P,2012-10-01,10467.166
UW,P,P,2013-01-01,10415.737
UW,P,P,2013-04-01,9484.839
UW,P,P,2013-07-01,9823.655
UW,P,P,2013-10-01,8921.137
UW,P,P,2014-01-01,8167.839
UW,P,P,2014-04-01,8371.759
UW,P,P,2014-07-01,9483.7892463
UW,P,P,2014-10-01,3582.2253455644886
UW,P,P,2015-01-01,2977.78876861
UW,P,P,2015-04-01,3083.8699988775775
UW,P,P,2015-07-01,2921.12129847
UW,P,P,2015-10-01,3350.30786371
UW,P,P,2016-01-01,3453.97257875
UW,P,P,2016-04-01,3116.52965234
UW,P,P,2016-07-01,3096.34663929
UW,P,P,2016-10-01,5327.251572052158
UW,P,P,2017-01-01,5919.12384046947
UW,P,P,2017-04-01,5624.870677862251
UW,P,P,2017-07-01,6872.232445656217
UW,P,P,2017-10-01,6250.090814735345
UW,P,P,2018-01-01,6831.44810767961
UW,P,P,2018-04-01,5992.839721288738
UW,P,P,2018-07-01,5572.806344560757
UW,P,P,2018-10-01,6822.138263256495
UW,P,P,2019-01-01,6772.333785613515
UW,P,P,2019-04-01,7409.104871272593
UW,P,P,2019-07-01,7098.578803374066
UW,P,P,2019-10-01,7532.260433320435
UW,P,P,2020-01-01,6828.520282391275
UW,P,P,2020-04-01,8211.82355102485
UW,P,P,2020-07-01,8481.043902795049
UW,P,P,2020-10-01,14850.15363772286
UW,P,P,2021-01-01,14135.719395548489
UW,P,P,2021-04-01,9242.832451815602
UW,P,P,2021-07-01,8942.105932108283
UW,P,P,2021-10-01,12413.691361512789
UW,P,P,2022-01-01,9404.867547865448
UW,P,P,2022-04-01,8612.723808958102
UW,P,P,2022-07-01,9588.063724114183
UW,P,P,2022-10-01,9440.92216079867
UW,P,P,2023-01-01,9404.448589154965
UW,P,P,2023-04-01,9328.027220498629
UW,P,P,2023-07-01,10560.641880249803
UW,P,P,2023-10-01,9228.35911855
UW,P,P,2024-01-01,10410.381052463645
UW,P,P,2024-04-01,9612.003149092418
UW,P,P,2024-07-01,8308.68436521148
UW,P,P,2024-10-01,8390.636847931579
UW,P,P,2025-01-01,8550.867027867618
UW,P,P,2025-04-01,8545.7031757727491
UW,P,P,2025-07-01,9065.918794069972
UW,P,P,2025-10-01,9245.923142954412
UW,P,P,2026-01-01,13958.885661541712
UW,P,T,1985-01-01,62301.81317770585
UW,P,T,1985-04-01,59615.06304262139
UW,P,T,1985-07-01,56159.16870796925
UW,P,T,1985-10-01,53734.3
UW,P,T,1986-01-01,56451.56906143153
UW,P,T,1986-04-01,57819.19886403556
UW,P,T,1986-07-01,58584.97075228874
UW,P,T,1986-10-01,63037.8
UW,P,T,1987-01-01,65812.61369147302
UW,P,T,1987-04-01,67640.60983009782
UW,P,T,1987-07-01,70490.37194291076
UW,P,T,1987-10-01,72074.4
UW,P,T,1988-01-01,74341.43376074558
UW,P,T,1988-04-01,77068.15590749394
UW,P,T,1988-07-01,79575.47581635705
UW,P,T,1988-10-01,81475.9
UW,P,T,1989-01-01,85784.15673320941
UW,P,T,1989-04-01,90308.63006444373
UW,P,T,1989-07-01,92835.33130146022
UW,P,T,1989-10-01,98955
UW,P,T,1990-01-01,102392.28022489713
UW,P,T,1990-04-01,102691.70392959015
UW,P,T,1990-07-01,104453.95949711467
UW,P,T,1990-10-01,108389
UW,P,T,1991-01-01,111148.65266598824
UW,P,T,1991-04-01,111375.77160268459
UW,P,T,1991-07-01,113959.24717694479
UW,P,T,1991-10-01,115573
UW,P,T,1992-01-01,119985.75691815975
UW,P,T,1992-04-01,124082.7793004814
UW,P,T,1992-07-01,122027.30217680798
UW,P,T,1992-10-01,122038
UW,P,T,1993-01-01,126744.77765216248
UW,P,T,1993-04-01,125618.72029997905
UW,P,T,1993-07-01,124377.24974143722
UW,P,T,1993-10-01,127500
UW,P,T,1994-01-01,126632.6056866036
UW,P,T,1994-04-01,129342.67124116149
UW,P,T,1994-07-01,128951.28957998133
UW,P,T,1994-10-01,128881.2
UW,P,T,1995-01-01,130937.82552020793
UW,P,T,1995-04-01,130410.58737678986
UW,P,T,1995-07-01,132654.61978387885
UW,P,T,1995-10-01,134548.2
UW,P,T,1996-01-01,141213.1301640728
UW,P,T,1996-04-01,152312.58145704496
UW,P,T,1996-07-01,161979.7238450854
UW,P,T,1996-10-01,179094.6
UW,P,T,1997-01-01,189978.91321431444
UW,P,T,1997-04-01,188993.33254505403
UW,P,T,1997-07-01,182440.5710575244
UW,P,T,1997-10-01,188096.30000000002
UW,P,T,1998-01-01,207221.7232434792
UW,P,T,1998-04-01,213345.89236588127
UW,P,T,1998-07-01,214568.8296812362
UW,P,T,1998-10-01,213743.27499999994
UW,P,T,1999-01-01,99833.71367456311
UW,P,T,1999-04-01,93472.0195992047
UW,P,T,1999-07-01,105573.2217595017
UW,P,T,1999-10-01,138480.3005732508
UW,P,T,2000-01-01,141604.3437484336
UW,P,T,2000-04-01,137536.3718566795
UW,P,T,2000-07-01,179062.64677064505
UW,P,T,2000-10-01,228634.57484837793
UW,P,T,2001-01-01,212290.32371821412
UW,P,T,2001-04-01,161716.9967618021
UW,P,T,2001-07-01,140352.73224552252
UW,P,T,2001-10-01,148860.2555594222
UW,P,T,2002-01-01,128366.79958430878
UW,P,T,2002-04-01,119598.67747490005
UW,P,T,2002-07-01,120918.47216767212
UW,P,T,2002-10-01,113524.12683445933
UW,P,T,2003-01-01,95100.42758337475
UW,P,T,2003-04-01,112528.1016588775
UW,P,T,2003-07-01,98670.48770651827
UW,P,T,2003-10-01,106997.63033510974
UW,P,T,2004-01-01,135029.98795093334
UW,P,T,2004-04-01,129545.956641063
UW,P,T,2004-07-01,87599.95052998776
UW,P,T,2004-10-01,79775.75193659525
UW,P,T,2005-01-01,86682.90586084394
UW,P,T,2005-04-01,110023.9472416064
UW,P,T,2005-07-01,118321.4191543257
UW,P,T,2005-10-01,119993.3566920057
UW,P,T,2006-01-01,129601.62680958753
UW,P,T,2006-04-01,140523.99866643996
UW,P,T,2006-07-01,148785.91259809356
UW,P,T,2006-10-01,140101.05680462363
UW,P,T,2007-01-01,309023.36066683487
UW,P,T,2007-04-01,274607.9653150557
UW,P,T,2007-07-01,269908.5817423572
UW,P,T,2007-10-01,384489.3316020714
UW,P,T,2008-01-01,352862.33109963726
UW,P,T,2008-04-01,253138.19470608217
UW,P,T,2008-07-01,252654.9852730589
UW,P,T,2008-10-01,217765.52985328386
UW,P,T,2009-01-01,220214.05749803508
UW,P,T,2009-04-01,265019.38031723344
UW,P,T,2009-07-01,237193.17808753884
UW,P,T,2009-10-01,205615.35050837026
UW,P,T,2010-01-01,224630.50837797762
UW,P,T,2010-04-01,224505.49878142122
UW,P,T,2010-07-01,199431.08106986998
UW,P,T,2010-10-01,189355.12472691273
UW,P,T,2011-01-01,157841.41714673614
UW,P,T,2011-04-01,159950.24256805415
UW,P,T,2011-07-01,160329.84942934487
UW,P,T,2011-10-01,165005.46934996994
UW,P,T,2012-01-01,157769.58128302635
UW,P,T,2012-04-01,176710.23802218307
UW,P,T,2012-07-01,176041.41833324588
UW,P,T,2012-10-01,160469.99181983052
UW,P,T,2013-01-01,170715.86523080163
UW,P,T,2013-04-01,162432.1328483479
UW,P,T,2013-07-01,158119.2164143122
UW,P,T,2013-10-01,151379.85917939694
UW,P,T,2014-01-01,156794.72260517682
UW,P,T,2014-04-01,160126.38992598763
UW,P,T,2014-07-01,168718.8533381703
UW,P,T,2014-10-01,155396.54848103572
UW,P,T,2015-01-01,149816.29233453888
UW,P,T,2015-04-01,137012.61276144077
UW,P,T,2015-07-01,136377.2135318537
UW,P,T,2015-10-01,134096.6556953066
UW,P,T,2016-01-01,127827.62449527055
UW,P,T,2016-04-01,129233.848241147
UW,P,T,2016-07-01,127707.98125312776
UW,P,T,2016-10-01,130300.77225730193
UW,P,T,2017-01-01,133349.71295237684
UW,P,T,2017-04-01,131547.3040884545
UW,P,T,2017-07-01,133875.26138558393
UW,P,T,2017-10-01,136986.01959368165
UW,P,T,2018-01-01,134023.52312921078
UW,P,T,2018-04-01,134398.22828547453
UW,P,T,2018-07-01,131496.08616271373
UW,P,T,2018-10-01,144631.1442901686
UW,P,T,2019-01-01,142401.3026949726
UW,P,T,2019-04-01,145342.2865269506
UW,P,T,2019-07-01,145997.41882004915
UW,P,T,2019-10-01,144064.5387410903
UW,P,T,2020-01-01,144148.67251170948
UW,P,T,2020-04-01,147949.25465006573
UW,P,T,2020-07-01,152296.4829413217
UW,P,T,2020-10-01,161310.57702699714
UW,P,T,2021-01-01,175100.22966073733
UW,P,T,2021-04-01,167094.1582501373
UW,P,T,2021-07-01,173776.01731586174
UW,P,T,2021-10-01,175420.74036429645
UW,P,T,2022-01-01,182394.04841046117
UW,P,T,2022-04-01,180500.5156200404
UW,P,T,2022-07-01,168548.47505517624
UW,P,T,2022-10-01,162331.6170077345
UW,P,T,2023-01-01,172045.2935141438
UW,P,T,2023-04-01,165876.23173101147
UW,P,T,2023-07-01,168961.0765444841
UW,P,T,2023-10-01,159668.16318196087
UW,P,T,2024-01-01,162958.08556117545
UW,P,T,2024-04-01,159163.20393181313
UW,P,T,2024-07-01,157781.63225498036
UW,P,T,2024-10-01,156955.29349369236
UW,P,T,2025-01-01,156681.86604343387
UW,P,T,2025-04-01,153373.71949974805
UW,P,T,2025-07-01,154421.58866490243
UW,P,T,2025-10-01,160010.68389782638
UW,P,T,2026-01-01,167970.94717664437
UW,P,UI,1985-01-01,57863.50859411445
UW,P,UI,1985-04-01,55090.00991130724
UW,P,UI,1985-07-01,51605.69044371472
UW,P,UI,1985-10-01,49053
UW,P,UI,1986-01-01,51868.84944777872
UW,P,UI,1986-04-01,53462.01656234585
UW,P,UI,1986-07-01,54506.55981173486
UW,P,UI,1986-10-01,59007.2
UW,P,UI,1987-01-01,61562.42192494069
UW,P,UI,1987-04-01,63202.070854568556
UW,P,UI,1987-07-01,65741.28275659432
UW,P,UI,1987-10-01,67020.4
UW,P,UI,1988-01-01,68809.99653697283
UW,P,UI,1988-04-01,70941.7701087899
UW,P,UI,1988-07-01,72858.10579866846
UW,P,UI,1988-10-01,74248.9
UW,P,UI,1989-01-01,77890.03117740492
UW,P,UI,1989-04-01,81806.59337665893
UW,P,UI,1989-07-01,84028.09337299233
UW,P,UI,1989-10-01,89590
UW,P,UI,1990-01-01,92876.89042589354
UW,P,UI,1990-04-01,93298.20649119787
UW,P,UI,1990-07-01,94937.6527640094
UW,P,UI,1990-10-01,98349
UW,P,UI,1991-01-01,100380.01650160336
UW,P,UI,1991-04-01,99868.12324562314
UW,P,UI,1991-07-01,101452.12033172043
UW,P,UI,1991-10-01,102312
UW,P,UI,1992-01-01,105870.8892545494
UW,P,UI,1992-04-01,109226.04162248233
UW,P,UI,1992-07-01,107097.79551305262
UW,P,UI,1992-10-01,106480
UW,P,UI,1993-01-01,110348.7543931599
UW,P,UI,1993-04-01,108886.08114998226
UW,P,UI,1993-07-01,107487.05481812177
UW,P,UI,1993-10-01,110282
UW,P,UI,1994-01-01,108953.56377898573
UW,P,UI,1994-04-01,111017.74231232074
UW,P,UI,1994-07-01,110527.52394035572
UW,P,UI,1994-10-01,110257.2
UW,P,UI,1995-01-01,112606.96451034746
UW,P,UI,1995-04-01,112604.58952646768
UW,P,UI,1995-07-01,114928.73647894137
UW,P,UI,1995-10-01,117221.2
UW,P,UI,1996-01-01,123590.88620929368
UW,P,UI,1996-04-01,134074.17888725718
UW,P,UI,1996-07-01,143349.4011297106
UW,P,UI,1996-10-01,159154.90000000002
UW,P,UI,1997-01-01,169378.63504833946
UW,P,UI,1997-04-01,168934.82661230682
UW,P,UI,1997-07-01,162758.21384033407
UW,P,UI,1997-10-01,168719
UW,P,UI,1998-01-01,168418.189927564
UW,P,UI,1998-04-01,172195.96667534852
UW,P,UI,1998-07-01,172178.51307947256
UW,P,UI,1998-10-01,170976
UW,P,UI,1999-01-01,81754.40970119832
UW,P,UI,1999-04-01,74824.99766403
UW,P,UI,1999-07-01,86668.92289256123
UW,P,UI,1999-10-01,119164.076
UW,P,UI,2000-01-01,123251.072
UW,P,UI,2000-04-01,121130.2416
UW,P,UI,2000-07-01,162554.922293
UW,P,UI,2000-10-01,211072.628127
UW,P,UI,2001-01-01,196215.651745
UW,P,UI,2001-04-01,145750.141
UW,P,UI,2001-07-01,126296.8
UW,P,UI,2001-10-01,135820.197978
UW,P,UI,2002-01-01,115415.88
UW,P,UI,2002-04-01,108524.476
UW,P,UI,2002-07-01,109809.13
UW,P,UI,2002-10-01,102434.178
UW,P,UI,2003-01-01,83598.07
UW,P,UI,2003-04-01,100481.5
UW,P,UI,2003-07-01,87003.58911198
UW,P,UI,2003-10-01,94520.488
UW,P,UI,2004-01-01,122020.85
UW,P,UI,2004-04-01,116117.985
UW,P,UI,2004-07-01,74533.9
UW,P,UI,2004-10-01,65945.1
UW,P,UI,2005-01-01,68768.5
UW,P,UI,2005-04-01,91741.1
UW,P,UI,2005-07-01,99499.09914674466
UW,P,UI,2005-10-01,97242.55317451582
UW,P,UI,2006-01-01,109650.4995544298
UW,P,UI,2006-04-01,122181.8665113951
UW,P,UI,2006-07-01,130501.05348067802
UW,P,UI,2006-10-01,117752.96684976423
UW,P,UI,2007-01-01,282700.0558394479
UW,P,UI,2007-04-01,245344.3169468112
UW,P,UI,2007-07-01,239346.77940679013
UW,P,UI,2007-10-01,354963.1665502084
UW,P,UI,2008-01-01,317524.2761666916
UW,P,UI,2008-04-01,218518.48945352563
UW,P,UI,2008-07-01,219559.8125712106
UW,P,UI,2008-10-01,178332.92503988743
UW,P,UI,2009-01-01,179399.00511152047
UW,P,UI,2009-04-01,227170.91109073357
UW,P,UI,2009-07-01,195098.51517439797
UW,P,UI,2009-10-01,162788.22278116172
UW,P,UI,2010-01-01,177860.74256162086
UW,P,UI,2010-04-01,178676.29584497382
UW,P,UI,2010-07-01,152863.0079756904
UW,P,UI,2010-10-01,147753.91156971274
UW,P,UI,2011-01-01,112872.0833749294
UW,P,UI,2011-04-01,113925.95327671772
UW,P,UI,2011-07-01,116858.01127996782
UW,P,UI,2011-10-01,122573.80544312735
UW,P,UI,2012-01-01,117996.59492495068
UW,P,UI,2012-04-01,135981.52242441295
UW,P,UI,2012-07-01,133939.62151006618
UW,P,UI,2012-10-01,119760.6617344535
UW,P,UI,2013-01-01,129122.26841664684
UW,P,UI,2013-04-01,122836.6829493173
UW,P,UI,2013-07-01,122256.30199651947
UW,P,UI,2013-10-01,118047.5641256389
UW,P,UI,2014-01-01,121555.112612614
UW,P,UI,2014-04-01,123670.94464392288
UW,P,UI,2014-07-01,131712.61993147383
UW,P,UI,2014-10-01,126026.74350458334
UW,P,UI,2015-01-01,123991.2328140348
UW,P,UI,2015-04-01,110887.69510491948
UW,P,UI,2015-07-01,110963.56459255957
UW,P,UI,2015-10-01,109329.847066236
UW,P,UI,2016-01-01,100359.1755157479
UW,P,UI,2016-04-01,101770.84437068153
UW,P,UI,2016-07-01,101474.32319820569
UW,P,UI,2016-10-01,101506.6016378867
UW,P,UI,2017-01-01,101753.8327877842
UW,P,UI,2017-04-01,102112.84186247498
UW,P,UI,2017-07-01,102733.97208543721
UW,P,UI,2017-10-01,103923.39876279826
UW,P,UI,2018-01-01,99951.19817392257
UW,P,UI,2018-04-01,97502.43863811094
UW,P,UI,2018-07-01,96502.3327882462
UW,P,UI,2018-10-01,100422.8086529691
UW,P,UI,2019-01-01,97029.034664418
UW,P,UI,2019-04-01,98165.16730976234
UW,P,UI,2019-07-01,96146.22009542988
UW,P,UI,2019-10-01,90809.50272282965
UW,P,UI,2020-01-01,93638.89907875792
UW,P,UI,2020-04-01,92099.40497188388
UW,P,UI,2020-07-01,97297.72044497421
UW,P,UI,2020-10-01,97987.6904442704
UW,P,UI,2021-01-01,108725.28368166422
UW,P,UI,2021-04-01,107988.03357205282
UW,P,UI,2021-07-01,116541.10942538794
UW,P,UI,2021-10-01,117899.96337621551
UW,P,UI,2022-01-01,117488.06358850865
UW,P,UI,2022-04-01,116554.37934654808
UW,P,UI,2022-07-01,102417.79526753153
UW,P,UI,2022-10-01,104335.31768148764
UW,P,UI,2023-01-01,112355.61513147745
UW,P,UI,2023-04-01,106056.55182971022
UW,P,UI,2023-07-01,107413.20876299764
UW,P,UI,2023-10-01,104184.07793116935
UW,P,UI,2024-01-01,103750.43374831248
UW,P,UI,2024-04-01,99797.10420701878
UW,P,UI,2024-07-01,100489.66251998131
UW,P,UI,2024-10-01,99672.65022750467
UW,P,UI,2025-01-01,99499.12642838803
UW,P,UI,2025-04-01,96641.54012152685
UW,P,UI,2025-07-01,97360.8023896477
UW,P,UI,2025-10-01,99549.26245948442
UW,P,UI,2026-01-01,100723.12959140686
