D0,D1,date,value
M0,ARS1,1999-01-01,138.279
M0,ARS1,1999-02-01,142.593
M0,ARS1,1999-03-01,146.5009
M0,ARS1,1999-04-01,149.655
M0,ARS1,1999-05-01,150.7474
M0,ARS1,1999-06-01,153.6036
M0,ARS1,1999-07-01,155.0209
M0,ARS1,1999-08-01,150.9214
M0,ARS1,1999-09-01,152.4973
M0,ARS1,1999-10-01,148.7919
M0,ARS1,1999-11-01,155.0782
M0,ARS1,1999-12-01,158.2345
M0,ARS1,2000-01-01,158.5786
M0,ARS1,2000-02-01,163.2138
M0,ARS1,2000-03-01,166.1983
M0,ARS1,2000-04-01,166.0933
M0,ARS1,2000-05-01,171.6868
M0,ARS1,2000-06-01,164.232
M0,ARS1,2000-07-01,164.9248
M0,ARS1,2000-08-01,171.5823
M0,ARS1,2000-09-01,175.5676
M0,ARS1,2000-10-01,176.9064
M0,ARS1,2000-11-01,177.7432
M0,ARS1,2000-12-01,168.8237
M0,ARS1,2001-01-01,162.9538
M0,ARS1,2001-02-01,166.6355
M0,ARS1,2001-03-01,168.8082
M0,ARS1,2001-04-01,171.2737
M0,ARS1,2001-05-01,175.2476
M0,ARS1,2001-06-01,178.3085
M0,ARS1,2001-07-01,176.1023
M0,ARS1,2001-08-01,168.0818
M0,ARS1,2001-09-01,163.917
M0,ARS1,2001-10-01,163.3526
M0,ARS1,2001-11-01,165.3236
M0,ARS1,2001-12-01,164.8917
M0,ARS1,2002-01-01,114.021
M0,ARS1,2002-02-01,83.2805
M0,ARS1,2002-03-01,69.4385
M0,ARS1,2002-04-01,56.091
M0,ARS1,2002-05-01,47.582
M0,ARS1,2002-06-01,42.269
M0,ARS1,2002-07-01,40.5265
M0,ARS1,2002-08-01,41.319
M0,ARS1,2002-09-01,40.9371
M0,ARS1,2002-10-01,40.7109
M0,ARS1,2002-11-01,41.4519
M0,ARS1,2002-12-01,41.05
M0,ARS1,2003-01-01,42.1
M0,ARS1,2003-02-01,42.971
M0,ARS1,2003-03-01,44.1143
M0,ARS1,2003-04-01,47.369
M0,ARS1,2003-05-01,46.123
M0,ARS1,2003-06-01,46.826
M0,ARS1,2003-07-01,48.573
M0,ARS1,2003-08-01,47.1555
M0,ARS1,2003-09-01,47.0782
M0,ARS1,2003-10-01,46.1652
M0,ARS1,2003-11-01,46.2
M0,ARS1,2003-12-01,42.7048
M0,ARS1,2004-01-01,42.821
M0,ARS1,2004-02-01,42.386
M0,ARS1,2004-03-01,43.9422
M0,ARS1,2004-04-01,45.6
M0,ARS1,2004-05-01,44.0242
M0,ARS1,2004-06-01,42.2245
M0,ARS1,2004-07-01,42.0468
M0,ARS1,2004-08-01,41.8964
M0,ARS1,2004-09-01,42.1114
M0,ARS1,2004-10-01,41.55
M0,ARS1,2004-11-01,39.6541
M0,ARS1,2004-12-01,38.5257
M0,ARS1,2005-01-01,39.9314
M0,ARS1,2005-02-01,40.781
M0,ARS1,2005-03-01,40.0257
M0,ARS1,2005-04-01,41.1462
M0,ARS1,2005-05-01,42.0655
M0,ARS1,2005-06-01,43.8109
M0,ARS1,2005-07-01,45.0195
M0,ARS1,2005-08-01,43.6791
M0,ARS1,2005-09-01,43.3536
M0,ARS1,2005-10-01,43.4367
M0,ARS1,2005-11-01,44.1027
M0,ARS1,2005-12-01,43.3043
M0,ARS1,2006-01-01,41.9048
M0,ARS1,2006-02-01,42.437
M0,ARS1,2006-03-01,42.3604
M0,ARS1,2006-04-01,41.7856
M0,ARS1,2006-05-01,39.8719
M0,ARS1,2006-06-01,39.9438
M0,ARS1,2006-07-01,40.069
M0,ARS1,2006-08-01,39.9186
M0,ARS1,2006-09-01,40.0605
M0,ARS1,2006-10-01,40.6082
M0,ARS1,2006-11-01,40.1355
M0,ARS1,2006-12-01,39.4368
M0,ARS1,2007-01-01,40.2724
M0,ARS1,2007-02-01,39.9225
M0,ARS1,2007-03-01,39.2305
M0,ARS1,2007-04-01,39.16
M0,ARS1,2007-05-01,39.595
M0,ARS1,2007-06-01,40.0181
M0,ARS1,2007-07-01,38.765
M0,ARS1,2007-08-01,38.0982
M0,ARS1,2007-09-01,37.64
M0,ARS1,2007-10-01,37.1226
M0,ARS1,2007-11-01,35.7873
M0,ARS1,2007-12-01,36.2453
M0,ARS1,2008-01-01,34.9657
M0,ARS1,2008-02-01,34.4967
M0,ARS1,2008-03-01,32.0368
M0,ARS1,2008-04-01,31.9318
M0,ARS1,2008-05-01,33.066
M0,ARS1,2008-06-01,33.9881
M0,ARS1,2008-07-01,33.92
M0,ARS1,2008-08-01,35.694
M0,ARS1,2008-09-01,36.0118
M0,ARS1,2008-10-01,35.3257
M0,ARS1,2008-11-01,35.7195
M0,ARS1,2008-12-01,33.4605
M0,ARS1,2009-01-01,32.5585
M0,ARS1,2009-02-01,33.1715
M0,ARS1,2009-03-01,31.6205
M0,ARS1,2009-04-01,31.0585
M0,ARS1,2009-05-01,29.7395
M0,ARS1,2009-06-01,28.6681
M0,ARS1,2009-07-01,28.3304
M0,ARS1,2009-08-01,27.8186
M0,ARS1,2009-09-01,27.0545
M0,ARS1,2009-10-01,26.6664
M0,ARS1,2009-11-01,26.5362
M0,ARS1,2009-12-01,26.9882
M0,ARS1,2010-01-01,27.1585
M0,ARS1,2010-02-01,27.812
M0,ARS1,2010-03-01,27.6157
M0,ARS1,2010-04-01,27.5435
M0,ARS1,2010-05-01,28.9037
M0,ARS1,2010-06-01,28.7168
M0,ARS1,2010-07-01,26.7882
M0,ARS1,2010-08-01,26.3864
M0,ARS1,2010-09-01,25.3423
M0,ARS1,2010-10-01,24.4557
M0,ARS1,2010-11-01,24.7545
M0,ARS1,2010-12-01,24.3252
M0,ARS1,2011-01-01,24.0143
M0,ARS1,2011-02-01,23.6045
M0,ARS1,2011-03-01,22.7709
M0,ARS1,2011-04-01,22.0916
M0,ARS1,2011-05-01,21.3732
M0,ARS1,2011-06-01,20.5005
M0,ARS1,2011-07-01,19.9624
M0,ARS1,2011-08-01,18.7259
M0,ARS1,2011-09-01,20.7445
M0,ARS1,2011-10-01,21.2586
M0,ARS1,2011-11-01,21.3164
M0,ARS1,2011-12-01,21.7277
M0,ARS1,2012-01-01,21.7086
M0,ARS1,2012-02-01,20.9843
M0,ARS1,2012-03-01,20.9691
M0,ARS1,2012-04-01,20.7833
M0,ARS1,2012-05-01,21.0761
M0,ARS1,2012-06-01,21.3214
M0,ARS1,2012-07-01,21.4645
M0,ARS1,2012-08-01,21.0252
M0,ARS1,2012-09-01,20.143
M0,ARS1,2012-10-01,19.7374
M0,ARS1,2012-11-01,19.5841
M0,ARS1,2012-12-01,18.8814
M0,ARS1,2013-01-01,18.677
M0,ARS1,2013-02-01,18.373
M0,ARS1,2013-03-01,18.601
M0,ARS1,2013-04-01,18.2045
M0,ARS1,2013-05-01,18.2396
M0,ARS1,2013-06-01,17.5165
M0,ARS1,2013-07-01,17.39
M0,ARS1,2013-08-01,16.6145
M0,ARS1,2013-09-01,16.1238
M0,ARS1,2013-10-01,15.4478
M0,ARS1,2013-11-01,15.1938
M0,ARS1,2013-12-01,14.1386
M0,ARS1,2014-01-01,12.9522
M0,ARS1,2014-02-01,11.3795
M0,ARS1,2014-03-01,11.121
M0,ARS1,2014-04-01,11.0277
M0,ARS1,2014-05-01,11.0486
M0,ARS1,2014-06-01,11.0286
M0,ARS1,2014-07-01,10.9978
M0,ARS1,2014-08-01,10.9538
M0,ARS1,2014-09-01,11.1127
M0,ARS1,2014-10-01,11.2296
M0,ARS1,2014-11-01,11.3295
M0,ARS1,2014-12-01,11.4187
M0,ARS1,2015-01-01,11.0173
M0,ARS1,2015-02-01,10.773
M0,ARS1,2015-03-01,11.1595
M0,ARS1,2015-04-01,10.8527
M0,ARS1,2015-05-01,10.4057
M0,ARS1,2015-06-01,10.2968
M0,ARS1,2015-07-01,10.4217
M0,ARS1,2015-08-01,10.47
M0,ARS1,2015-09-01,10.3759
M0,ARS1,2015-10-01,10.2259
M0,ARS1,2015-11-01,10.4914
M0,ARS1,2015-12-01,9.11
M0,ARS1,2016-01-01,7.4229
M0,ARS1,2016-02-01,6.7633
M0,ARS1,2016-03-01,6.5774
M0,ARS1,2016-04-01,6.6895
M0,ARS1,2016-05-01,6.9145
M0,ARS1,2016-06-01,6.88
M0,ARS1,2016-07-01,6.5967
M0,ARS1,2016-08-01,6.54
M0,ARS1,2016-09-01,6.4541
M0,ARS1,2016-10-01,6.4962
M0,ARS1,2016-11-01,6.4991
M0,ARS1,2016-12-01,6.4318
M0,ARS1,2017-01-01,6.3405
M0,ARS1,2017-02-01,6.4225
M0,ARS1,2017-03-01,6.4487
M0,ARS1,2017-04-01,6.5255
M0,ARS1,2017-05-01,6.2935
M0,ARS1,2017-06-01,6.0136
M0,ARS1,2017-07-01,5.6062
M0,ARS1,2017-08-01,5.5348
M0,ARS1,2017-09-01,5.5829
M0,ARS1,2017-10-01,5.6318
M0,ARS1,2017-11-01,5.6691
M0,ARS1,2017-12-01,5.5971
M0,ARS1,2018-01-01,5.0659
M0,ARS1,2018-02-01,4.713
M0,ARS1,2018-03-01,4.6832
M0,ARS1,2018-04-01,1.1675
M0,ARS1,2018-05-01,0.04281
M0,ARS1,2018-06-01,0.03744
M0,ARS1,2018-07-01,0.03597
M0,ARS1,2018-08-01,0.03343
M0,ARS1,2018-09-01,0.02522
M0,ARS1,2018-10-01,0.02668
M0,ARS1,2018-11-01,0.02753
M0,ARS1,2018-12-01,0.02621
M0,ARS1,2019-01-01,0.02643
M0,ARS1,2019-02-01,0.02616
M0,ARS1,2019-03-01,0.02434
M0,ARS1,2019-04-01,0.02341
M0,ARS1,2019-05-01,0.02255
M0,ARS1,2019-06-01,0.02257
M0,ARS1,2019-07-01,0.02328
M0,ARS1,2019-08-01,0.01909
M0,ARS1,2019-09-01,0.01749
M0,ARS1,2019-10-01,0.01703
M0,ARS1,2019-11-01,0.01664
M0,ARS1,2019-12-01,0.01644
M0,ARS1,2020-01-01,0.01619
M0,ARS1,2020-02-01,0.01594
M0,ARS1,2020-03-01,0.01518
M0,ARS1,2020-04-01,0.01482
M0,ARS1,2020-05-01,0.01436
M0,ARS1,2020-06-01,0.01369
M0,ARS1,2020-07-01,0.0131
M0,ARS1,2020-08-01,0.01243
M0,ARS1,2020-09-01,0.01217
M0,ARS1,2020-10-01,0.01179
M0,ARS1,2020-11-01,0.01142
M0,ARS1,2020-12-01,0.01077
M0,ARS1,2021-01-01,0.01033
M0,ARS1,2021-02-01,0.01013
M0,ARS1,2021-03-01,0.01021
M0,ARS1,2021-04-01,0.00993
M0,ARS1,2021-05-01,0.0096
M0,ARS1,2021-06-01,0.00954
M0,ARS1,2021-07-01,0.00955
M0,ARS1,2021-08-01,0.00941
M0,ARS1,2021-09-01,0.00939
M0,ARS1,2021-10-01,0.00931
M0,ARS1,2021-11-01,0.00919
M0,ARS1,2021-12-01,0.00904
M0,ARS1,2022-01-01,0.00885
M0,ARS1,2022-02-01,0.00869
M0,ARS1,2022-03-01,0.00851
M0,ARS1,2022-04-01,0.00834
M0,ARS1,2022-05-01,0.00834
M0,ARS1,2022-06-01,0.00791
M0,ARS1,2022-07-01,0.00757
M0,ARS1,2022-08-01,0.00709
M0,ARS1,2022-09-01,0.0068
M0,ARS1,2022-10-01,0.00656
M0,ARS1,2022-11-01,0.00598
M0,ARS1,2022-12-01,0.00542
M0,ARS1,2023-01-01,0.00508
M0,ARS1,2023-02-01,0.00483
M0,ARS1,2023-03-01,0.00457
M0,ARS1,2023-04-01,0.00416
M0,ARS1,2023-05-01,0.00389
M0,ARS1,2023-06-01,0.00363
M0,ARS1,2023-07-01,0.00329
M0,ARS1,2023-08-01,0.00276
M0,ARS1,2023-09-01,0.00257
M0,ARS1,2023-10-01,0.00258
M0,ARS1,2023-11-01,0.00253
M0,ARS1,2023-12-01,0.0017
M0,ARS1,2024-01-01,0.00105
M0,ARS1,2024-02-01,0.00105
M0,ARS1,2024-03-01,0.00105
M0,ARS1,2024-04-01,0.00105
M0,ARS1,2024-05-01,0.00103
M0,ARS1,2024-06-01,9.9e-4
M0,ARS1,2024-07-01,9.7e-4
M0,ARS1,2024-08-01,9.1e-4
M0,ARS1,2024-09-01,8.8e-4
M0,ARS1,2024-10-01,8.8e-4
M0,ARS1,2024-11-01,8.8e-4
M0,ARS1,2024-12-01,8.8e-4
M0,ARS1,2025-01-01,8.7e-4
M0,ARS1,2025-02-01,8.5e-4
M0,ARS1,2025-03-01,8.3e-4
M0,ARS1,2025-04-01,7.5e-4
M0,ARS1,2025-05-01,7.2e-4
M0,ARS1,2025-06-01,6.9e-4
M0,ARS1,2025-07-01,6.3e-4
M0,ARS1,2025-08-01,6.1e-4
M0,ARS1,2025-09-01,5.7e-4
M0,ARS1,2025-10-01,5.6e-4
M0,ARS1,2025-11-01,5.6e-4
M0,ARS1,2025-12-01,5.5e-4
M0,ARS1,2026-01-01,5.4e-4
M0,ARS1,2026-02-01,5.5e-4
M0,ARS1,2026-03-01,5.6e-4
M0,ARS1,2026-04-01,5.7e-4
M0,ARS1,2026-05-01,5.6e-4
M0,ARS1,2026-06-01,5.5e-4
M0,ARS1,2026-07-01,5.5e-4
M0,AUD1,1992-01-01,1.04798
M0,AUD1,1992-02-01,1.09315
M0,AUD1,1992-03-01,1.14309
M0,AUD1,1992-04-01,1.15555
M0,AUD1,1992-05-01,1.1264
M0,AUD1,1992-06-01,1.07833
M0,AUD1,1992-07-01,0.99339
M0,AUD1,1992-08-01,0.9428
M0,AUD1,1992-09-01,0.92291
M0,AUD1,1992-10-01,0.93831
M0,AUD1,1992-11-01,0.98503
M0,AUD1,1992-12-01,0.9802
M0,AUD1,1993-01-01,0.99438
M0,AUD1,1993-02-01,1.03233
M0,AUD1,1993-03-01,1.07518
M0,AUD1,1993-04-01,1.03779
M0,AUD1,1993-05-01,1.01238
M0,AUD1,1993-06-01,0.99306
M0,AUD1,1993-07-01,1.02584
M0,AUD1,1993-08-01,1.01618
M0,AUD1,1993-09-01,0.92485
M0,AUD1,1993-10-01,0.95035
M0,AUD1,1993-11-01,0.99481
M0,AUD1,1993-12-01,0.98506
M0,AUD1,1994-01-01,1.02322
M0,AUD1,1994-02-01,1.04369
M0,AUD1,1994-03-01,1.01704
M0,AUD1,1994-04-01,1.03056
M0,AUD1,1994-05-01,1.02228
M0,AUD1,1994-06-01,1.0087
M0,AUD1,1994-07-01,0.97297
M0,AUD1,1994-08-01,0.97502
M0,AUD1,1994-09-01,0.95747
M0,AUD1,1994-10-01,0.93343
M0,AUD1,1994-11-01,0.97616
M0,AUD1,1994-12-01,1.02836
M0,AUD1,1995-01-01,0.98403
M0,AUD1,1995-02-01,0.94653
M0,AUD1,1995-03-01,0.86029
M0,AUD1,1995-04-01,0.83431
M0,AUD1,1995-05-01,0.84874
M0,AUD1,1995-06-01,0.83333
M0,AUD1,1995-07-01,0.8399
M0,AUD1,1995-08-01,0.88762
M0,AUD1,1995-09-01,0.89673
M0,AUD1,1995-10-01,0.86771
M0,AUD1,1995-11-01,0.85105
M0,AUD1,1995-12-01,0.86223
M0,AUD1,1996-01-01,0.87411
M0,AUD1,1996-02-01,0.90252
M0,AUD1,1996-03-01,0.92221
M0,AUD1,1996-04-01,0.9579
M0,AUD1,1996-05-01,0.99828
M0,AUD1,1996-06-01,0.99376
M0,AUD1,1996-07-01,0.97317
M0,AUD1,1996-08-01,0.94151
M0,AUD1,1996-09-01,0.97562
M0,AUD1,1996-10-01,0.99528
M0,AUD1,1996-11-01,1.01424
M0,AUD1,1996-12-01,1.05805
M0,AUD1,1997-01-01,1.08139
M0,AUD1,1997-02-01,1.1144
M0,AUD1,1997-03-01,1.15468
M0,AUD1,1997-04-01,1.1371
M0,AUD1,1997-05-01,1.11008
M0,AUD1,1997-06-01,1.0864
M0,AUD1,1997-07-01,1.09839
M0,AUD1,1997-08-01,1.12213
M0,AUD1,1997-09-01,1.06474
M0,AUD1,1997-10-01,1.04691
M0,AUD1,1997-11-01,0.97805
M0,AUD1,1997-12-01,0.95301
M0,AUD1,1998-01-01,0.96669
M0,AUD1,1998-02-01,0.98706
M0,AUD1,1998-03-01,0.99589
M0,AUD1,1998-04-01,0.98159
M0,AUD1,1998-05-01,0.93296
M0,AUD1,1998-06-01,0.90047
M0,AUD1,1998-07-01,0.93515
M0,AUD1,1998-08-01,0.88104
M0,AUD1,1998-09-01,0.82485
M0,AUD1,1998-10-01,0.82632
M0,AUD1,1998-11-01,0.87704
M0,AUD1,1998-12-01,0.84101
M0,AUD1,1999-01-01,0.87332
M0,AUD1,1999-02-01,0.91147
M0,AUD1,1999-03-01,0.92303
M0,AUD1,1999-04-01,0.96087
M0,AUD1,1999-05-01,0.99716
M0,AUD1,1999-06-01,1.00748
M0,AUD1,1999-07-01,1.01882
M0,AUD1,1999-08-01,0.97205
M0,AUD1,1999-09-01,0.98881
M0,AUD1,1999-10-01,0.96951
M0,AUD1,1999-11-01,0.9911
M0,AUD1,1999-12-01,1.01217
M0,AUD1,2000-01-01,1.04161
M0,AUD1,2000-02-01,1.02587
M0,AUD1,2000-03-01,1.01252
M0,AUD1,2000-04-01,0.99062
M0,AUD1,2000-05-01,0.99111
M0,AUD1,2000-06-01,0.97656
M0,AUD1,2000-07-01,0.97028
M0,AUD1,2000-08-01,0.99649
M0,AUD1,2000-09-01,0.97218
M0,AUD1,2000-10-01,0.93423
M0,AUD1,2000-11-01,0.92807
M0,AUD1,2000-12-01,0.92215
M0,AUD1,2001-01-01,0.90379
M0,AUD1,2001-02-01,0.8902
M0,AUD1,2001-03-01,0.85048
M0,AUD1,2001-04-01,0.85564
M0,AUD1,2001-05-01,0.91208
M0,AUD1,2001-06-01,0.92404
M0,AUD1,2001-07-01,0.89675
M0,AUD1,2001-08-01,0.88177
M0,AUD1,2001-09-01,0.82913
M0,AUD1,2001-10-01,0.8235
M0,AUD1,2001-11-01,0.85329
M0,AUD1,2001-12-01,0.8489
M0,AUD1,2002-01-01,0.86279
M0,AUD1,2002-02-01,0.87052
M0,AUD1,2002-03-01,0.87784
M0,AUD1,2002-04-01,0.88598
M0,AUD1,2002-05-01,0.87383
M0,AUD1,2002-06-01,0.8764
M0,AUD1,2002-07-01,0.8162
M0,AUD1,2002-08-01,0.81109
M0,AUD1,2002-09-01,0.81678
M0,AUD1,2002-10-01,0.82103
M0,AUD1,2002-11-01,0.82217
M0,AUD1,2002-12-01,0.81238
M0,AUD1,2003-01-01,0.80333
M0,AUD1,2003-02-01,0.80973
M0,AUD1,2003-03-01,0.81855
M0,AUD1,2003-04-01,0.83851
M0,AUD1,2003-05-01,0.84836
M0,AUD1,2003-06-01,0.87652
M0,AUD1,2003-07-01,0.90033
M0,AUD1,2003-08-01,0.8997
M0,AUD1,2003-09-01,0.91133
M0,AUD1,2003-10-01,0.91689
M0,AUD1,2003-11-01,0.95356
M0,AUD1,2003-12-01,0.9353
M0,AUD1,2004-01-01,0.95731
M0,AUD1,2004-02-01,0.9671
M0,AUD1,2004-03-01,0.9567
M0,AUD1,2004-04-01,0.9636
M0,AUD1,2004-05-01,0.90543
M0,AUD1,2004-06-01,0.86844
M0,AUD1,2004-07-01,0.89032
M0,AUD1,2004-08-01,0.8964
M0,AUD1,2004-09-01,0.88638
M0,AUD1,2004-10-01,0.90444
M0,AUD1,2004-11-01,0.90216
M0,AUD1,2004-12-01,0.87944
M0,AUD1,2005-01-01,0.90104
M0,AUD1,2005-02-01,0.92964
M0,AUD1,2005-03-01,0.92068
M0,AUD1,2005-04-01,0.92364
M0,AUD1,2005-05-01,0.93262
M0,AUD1,2005-06-01,0.96896
M0,AUD1,2005-07-01,0.97319
M0,AUD1,2005-08-01,0.96142
M0,AUD1,2005-09-01,0.96713
M0,AUD1,2005-10-01,0.97165
M0,AUD1,2005-11-01,0.96321
M0,AUD1,2005-12-01,0.96868
M0,AUD1,2006-01-01,0.95817
M0,AUD1,2006-02-01,0.96679
M0,AUD1,2006-03-01,0.94846
M0,AUD1,2006-04-01,0.94442
M0,AUD1,2006-05-01,0.9307
M0,AUD1,2006-06-01,0.91175
M0,AUD1,2006-07-01,0.92948
M0,AUD1,2006-08-01,0.93899
M0,AUD1,2006-09-01,0.93968
M0,AUD1,2006-10-01,0.94914
M0,AUD1,2006-11-01,0.9538
M0,AUD1,2006-12-01,0.94949
M0,AUD1,2007-01-01,0.97312
M0,AUD1,2007-02-01,0.96983
M0,AUD1,2007-03-01,0.96513
M0,AUD1,2007-04-01,1.00164
M0,AUD1,2007-05-01,1.00725
M0,AUD1,2007-06-01,1.03856
M0,AUD1,2007-07-01,1.04771
M0,AUD1,2007-08-01,0.9958
M0,AUD1,2007-09-01,1.00225
M0,AUD1,2007-10-01,1.05496
M0,AUD1,2007-11-01,1.01
M0,AUD1,2007-12-01,0.99383
M0,AUD1,2008-01-01,0.97026
M0,AUD1,2008-02-01,0.99591
M0,AUD1,2008-03-01,0.93689
M0,AUD1,2008-04-01,0.94174
M0,AUD1,2008-05-01,0.99106
M0,AUD1,2008-06-01,0.98711
M0,AUD1,2008-07-01,0.98772
M0,AUD1,2008-08-01,0.95399
M0,AUD1,2008-09-01,0.90871
M0,AUD1,2008-10-01,0.78706
M0,AUD1,2008-11-01,0.7801
M0,AUD1,2008-12-01,0.76586
M0,AUD1,2009-01-01,0.76158
M0,AUD1,2009-02-01,0.75519
M0,AUD1,2009-03-01,0.76781
M0,AUD1,2009-04-01,0.81877
M0,AUD1,2009-05-01,0.84727
M0,AUD1,2009-06-01,0.86708
M0,AUD1,2009-07-01,0.86792
M0,AUD1,2009-08-01,0.89212
M0,AUD1,2009-09-01,0.89599
M0,AUD1,2009-10-01,0.92668
M0,AUD1,2009-11-01,0.93058
M0,AUD1,2009-12-01,0.92768
M0,AUD1,2010-01-01,0.9447
M0,AUD1,2010-02-01,0.95008
M0,AUD1,2010-03-01,0.97278
M0,AUD1,2010-04-01,0.99014
M0,AUD1,2010-05-01,0.98357000000000006
M0,AUD1,2010-06-01,0.9612
M0,AUD1,2010-07-01,0.92329
M0,AUD1,2010-08-01,0.93606
M0,AUD1,2010-09-01,0.93808
M0,AUD1,2010-10-01,0.94989
M0,AUD1,2010-11-01,0.97297
M0,AUD1,2010-12-01,0.96191
M0,AUD1,2011-01-01,0.95263
M0,AUD1,2011-02-01,0.95726
M0,AUD1,2011-03-01,0.92945
M0,AUD1,2011-04-01,0.94921
M0,AUD1,2011-05-01,0.93333
M0,AUD1,2011-06-01,0.89056
M0,AUD1,2011-07-01,0.88723
M0,AUD1,2011-08-01,0.82118
M0,AUD1,2011-09-01,0.89279
M0,AUD1,2011-10-01,0.90863
M0,AUD1,2011-11-01,0.91646
M0,AUD1,2011-12-01,0.94351
M0,AUD1,2012-01-01,0.97551
M0,AUD1,2012-02-01,0.97884
M0,AUD1,2012-03-01,0.96213
M0,AUD1,2012-04-01,0.94472
M0,AUD1,2012-05-01,0.93568
M0,AUD1,2012-06-01,0.95587
M0,AUD1,2012-07-01,1.00539
M0,AUD1,2012-08-01,1.01447
M0,AUD1,2012-09-01,0.97722
M0,AUD1,2012-10-01,0.96067
M0,AUD1,2012-11-01,0.97738
M0,AUD1,2012-12-01,0.96398
M0,AUD1,2013-01-01,0.97002
M0,AUD1,2013-02-01,0.94904
M0,AUD1,2013-03-01,0.97811
M0,AUD1,2013-04-01,0.97392
M0,AUD1,2013-05-01,0.94584
M0,AUD1,2013-06-01,0.88095
M0,AUD1,2013-07-01,0.86651
M0,AUD1,2013-08-01,0.83677
M0,AUD1,2013-09-01,0.85774
M0,AUD1,2013-10-01,0.85901
M0,AUD1,2013-11-01,0.85132
M0,AUD1,2013-12-01,0.80291
M0,AUD1,2014-01-01,0.79990000000000006
M0,AUD1,2014-02-01,0.80233
M0,AUD1,2014-03-01,0.80025
M0,AUD1,2014-04-01,0.82247
M0,AUD1,2014-05-01,0.82653
M0,AUD1,2014-06-01,0.8392
M0,AUD1,2014-07-01,0.84218
M0,AUD1,2014-08-01,0.84672
M0,AUD1,2014-09-01,0.84705
M0,AUD1,2014-10-01,0.83638
M0,AUD1,2014-11-01,0.83351
M0,AUD1,2014-12-01,0.80502
M0,AUD1,2015-01-01,0.75979
M0,AUD1,2015-02-01,0.72853
M0,AUD1,2015-03-01,0.75735
M0,AUD1,2015-04-01,0.74287
M0,AUD1,2015-05-01,0.73516
M0,AUD1,2015-06-01,0.71895
M0,AUD1,2015-07-01,0.70652
M0,AUD1,2015-08-01,0.7061
M0,AUD1,2015-09-01,0.68602
M0,AUD1,2015-10-01,0.69806
M0,AUD1,2015-11-01,0.72153
M0,AUD1,2015-12-01,0.72187
M0,AUD1,2016-01-01,0.70618
M0,AUD1,2016-02-01,0.70807
M0,AUD1,2016-03-01,0.7364
M0,AUD1,2016-04-01,0.73899
M0,AUD1,2016-05-01,0.71507
M0,AUD1,2016-06-01,0.71772
M0,AUD1,2016-07-01,0.7395
M0,AUD1,2016-08-01,0.74053
M0,AUD1,2016-09-01,0.73961
M0,AUD1,2016-10-01,0.75175
M0,AUD1,2016-11-01,0.75085
M0,AUD1,2016-12-01,0.74822
M0,AUD1,2017-01-01,0.75088
M0,AUD1,2017-02-01,0.76768
M0,AUD1,2017-03-01,0.76364
M0,AUD1,2017-04-01,0.75416
M0,AUD1,2017-05-01,0.73357000000000006
M0,AUD1,2017-06-01,0.73176
M0,AUD1,2017-07-01,0.74848
M0,AUD1,2017-08-01,0.76367
M0,AUD1,2017-09-01,0.76699
M0,AUD1,2017-10-01,0.76435
M0,AUD1,2017-11-01,0.7561
M0,AUD1,2017-12-01,0.75532
M0,AUD1,2018-01-01,0.76443
M0,AUD1,2018-02-01,0.73606
M0,AUD1,2018-03-01,0.73466
M0,AUD1,2018-04-01,0.74355
M0,AUD1,2018-05-01,0.75066
M0,AUD1,2018-06-01,0.74179
M0,AUD1,2018-07-01,0.73598
M0,AUD1,2018-08-01,0.72383
M0,AUD1,2018-09-01,0.69717
M0,AUD1,2018-10-01,0.7058
M0,AUD1,2018-11-01,0.72545
M0,AUD1,2018-12-01,0.71304
M0,AUD1,2019-01-01,0.70746
M0,AUD1,2019-02-01,0.71491
M0,AUD1,2019-03-01,0.70863
M0,AUD1,2019-04-01,0.7159
M0,AUD1,2019-05-01,0.70181
M0,AUD1,2019-06-01,0.68653
M0,AUD1,2019-07-01,0.68962
M0,AUD1,2019-08-01,0.66226
M0,AUD1,2019-09-01,0.67432
M0,AUD1,2019-10-01,0.67492
M0,AUD1,2019-11-01,0.67832
M0,AUD1,2019-12-01,0.67644
M0,AUD1,2020-01-01,0.66473
M0,AUD1,2020-02-01,0.65098
M0,AUD1,2020-03-01,0.5969
M0,AUD1,2020-04-01,0.611
M0,AUD1,2020-05-01,0.63215
M0,AUD1,2020-06-01,0.65658
M0,AUD1,2020-07-01,0.65658
M0,AUD1,2020-08-01,0.65493
M0,AUD1,2020-09-01,0.66159
M0,AUD1,2020-10-01,0.65061
M0,AUD1,2020-11-01,0.66258
M0,AUD1,2020-12-01,0.66876
M0,AUD1,2021-01-01,0.68486
M0,AUD1,2021-02-01,0.69602
M0,AUD1,2021-03-01,0.71622
M0,AUD1,2021-04-01,0.70973
M0,AUD1,2021-05-01,0.70088
M0,AUD1,2021-06-01,0.69401
M0,AUD1,2021-07-01,0.68158
M0,AUD1,2021-08-01,0.66746
M0,AUD1,2021-09-01,0.67549
M0,AUD1,2021-10-01,0.68326
M0,AUD1,2021-11-01,0.67368
M0,AUD1,2021-12-01,0.65938
M0,AUD1,2022-01-01,0.65982
M0,AUD1,2022-02-01,0.66085
M0,AUD1,2022-03-01,0.68516
M0,AUD1,2022-04-01,0.69682
M0,AUD1,2022-05-01,0.69113
M0,AUD1,2022-06-01,0.68082
M0,AUD1,2022-07-01,0.66437
M0,AUD1,2022-08-01,0.66613
M0,AUD1,2022-09-01,0.65041
M0,AUD1,2022-10-01,0.63286
M0,AUD1,2022-11-01,0.63698
M0,AUD1,2022-12-01,0.62919
M0,AUD1,2023-01-01,0.64224
M0,AUD1,2023-02-01,0.63852
M0,AUD1,2023-03-01,0.61791
M0,AUD1,2023-04-01,0.60022
M0,AUD1,2023-05-01,0.59669
M0,AUD1,2023-06-01,0.60452
M0,AUD1,2023-07-01,0.58847
M0,AUD1,2023-08-01,0.56924
M0,AUD1,2023-09-01,0.57701
M0,AUD1,2023-10-01,0.57427
M0,AUD1,2023-11-01,0.57891
M0,AUD1,2023-12-01,0.57869
M0,AUD1,2024-01-01,0.57019
M0,AUD1,2024-02-01,0.57223
M0,AUD1,2024-03-01,0.58202
M0,AUD1,2024-04-01,0.59254
M0,AUD1,2024-05-01,0.60223
M0,AUD1,2024-06-01,0.59373
M0,AUD1,2024-07-01,0.59562
M0,AUD1,2024-08-01,0.57081
M0,AUD1,2024-09-01,0.57361
M0,AUD1,2024-10-01,0.5775
M0,AUD1,2024-11-01,0.57504
M0,AUD1,2024-12-01,0.56522
M0,AUD1,2025-01-01,0.56641
M0,AUD1,2025-02-01,0.56951
M0,AUD1,2025-03-01,0.5566
M0,AUD1,2025-04-01,0.52599
M0,AUD1,2025-05-01,0.53417
M0,AUD1,2025-06-01,0.52878
M0,AUD1,2025-07-01,0.52177
M0,AUD1,2025-08-01,0.52363
M0,AUD1,2025-09-01,0.52527
M0,AUD1,2025-10-01,0.52197
M0,AUD1,2025-11-01,0.52285
M0,AUD1,2025-12-01,0.52921
M0,AUD1,2026-01-01,0.53606
M0,AUD1,2026-02-01,0.54546
M0,AUD1,2026-03-01,0.55223
M0,AUD1,2026-04-01,0.55863
M0,AUD1,2026-05-01,0.56248
M0,AUD1,2026-06-01,0.56142
M0,AUD1,2026-07-01,0.56415
M0,BRL100,1999-01-01,95.0595
M0,BRL100,1999-02-01,75.158
M0,BRL100,1999-03-01,77.7378
M0,BRL100,1999-04-01,88.4635
M0,BRL100,1999-05-01,89.6321
M0,BRL100,1999-06-01,87.1527
M0,BRL100,1999-07-01,86.1436
M0,BRL100,1999-08-01,80.3
M0,BRL100,1999-09-01,80.3218
M0,BRL100,1999-10-01,75.6695
M0,BRL100,1999-11-01,80.3541
M0,BRL100,1999-12-01,85.8127
M0,BRL100,2000-01-01,87.9886
M0,BRL100,2000-02-01,91.871
M0,BRL100,2000-03-01,95.2652
M0,BRL100,2000-04-01,94.0389
M0,BRL100,2000-05-01,93.8909
M0,BRL100,2000-06-01,90.66
M0,BRL100,2000-07-01,91.5762
M0,BRL100,2000-08-01,94.7591
M0,BRL100,2000-09-01,95.5143
M0,BRL100,2000-10-01,94.1955
M0,BRL100,2000-11-01,91.2727
M0,BRL100,2000-12-01,85.8263
M0,BRL100,2001-01-01,83.2381
M0,BRL100,2001-02-01,83.105
M0,BRL100,2001-03-01,80.8409
M0,BRL100,2001-04-01,77.9895
M0,BRL100,2001-05-01,76.5762
M0,BRL100,2001-06-01,74.885
M0,BRL100,2001-07-01,71.6091
M0,BRL100,2001-08-01,66.9455
M0,BRL100,2001-09-01,61.68
M0,BRL100,2001-10-01,59.6565
M0,BRL100,2001-11-01,64.6364
M0,BRL100,2001-12-01,69.4889
M0,BRL100,2002-01-01,70.1381
M0,BRL100,2002-02-01,70.065
M0,BRL100,2002-03-01,71.355
M0,BRL100,2002-04-01,71.3429
M0,BRL100,2002-05-01,64.055
M0,BRL100,2002-06-01,57.05
M0,BRL100,2002-07-01,50.5
M0,BRL100,2002-08-01,48.2095
M0,BRL100,2002-09-01,45.3238
M0,BRL100,2002-10-01,39.2739
M0,BRL100,2002-11-01,40.8619
M0,BRL100,2002-12-01,39.545
M0,BRL100,2003-01-01,40.1048
M0,BRL100,2003-02-01,37.895
M0,BRL100,2003-03-01,39.219
M0,BRL100,2003-04-01,43.985
M0,BRL100,2003-05-01,44.26
M0,BRL100,2003-06-01,45.635
M0,BRL100,2003-07-01,47.2783
M0,BRL100,2003-08-01,45.965
M0,BRL100,2003-09-01,47.0909
M0,BRL100,2003-10-01,46.2304
M0,BRL100,2003-11-01,45.715
M0,BRL100,2003-12-01,43.219
M0,BRL100,2004-01-01,43.56
M0,BRL100,2004-02-01,42.38
M0,BRL100,2004-03-01,43.9087
M0,BRL100,2004-04-01,44.535
M0,BRL100,2004-05-01,41.4842
M0,BRL100,2004-06-01,39.9045
M0,BRL100,2004-07-01,40.8773
M0,BRL100,2004-08-01,41.9727
M0,BRL100,2004-09-01,43.5955
M0,BRL100,2004-10-01,43.2619
M0,BRL100,2004-11-01,41.9182
M0,BRL100,2004-12-01,42.0826
M0,BRL100,2005-01-01,43.6762
M0,BRL100,2005-02-01,45.745
M0,BRL100,2005-03-01,43.3857
M0,BRL100,2005-04-01,46.2143
M0,BRL100,2005-05-01,49.635
M0,BRL100,2005-06-01,52.3
M0,BRL100,2005-07-01,54.5143
M0,BRL100,2005-08-01,53.4364
M0,BRL100,2005-09-01,54.9318
M0,BRL100,2005-10-01,57.1
M0,BRL100,2005-11-01,59.1636
M0,BRL100,2005-12-01,57.2905
M0,BRL100,2006-01-01,56.1476
M0,BRL100,2006-02-01,60.215
M0,BRL100,2006-03-01,60.6348
M0,BRL100,2006-04-01,60.1667
M0,BRL100,2006-05-01,56.3857
M0,BRL100,2006-06-01,54.6524
M0,BRL100,2006-07-01,56.4524
M0,BRL100,2006-08-01,56.9636
M0,BRL100,2006-09-01,57.4
M0,BRL100,2006-10-01,58.5591
M0,BRL100,2006-11-01,57.2909
M0,BRL100,2006-12-01,56.1316
M0,BRL100,2007-01-01,58.0952
M0,BRL100,2007-02-01,59.07
M0,BRL100,2007-03-01,58.2045
M0,BRL100,2007-04-01,59.5579
M0,BRL100,2007-05-01,61.405
M0,BRL100,2007-06-01,63.7048
M0,BRL100,2007-07-01,64.0364
M0,BRL100,2007-08-01,61.1364
M0,BRL100,2007-09-01,62.14
M0,BRL100,2007-10-01,65.1174
M0,BRL100,2007-11-01,63.5045
M0,BRL100,2007-12-01,63.7632
M0,BRL100,2008-01-01,62.0667
M0,BRL100,2008-02-01,62.8857
M0,BRL100,2008-03-01,59.3737
M0,BRL100,2008-04-01,59.8636
M0,BRL100,2008-05-01,62.87
M0,BRL100,2008-06-01,63.9952
M0,BRL100,2008-07-01,64.3478
M0,BRL100,2008-08-01,67.235
M0,BRL100,2008-09-01,62.3
M0,BRL100,2008-10-01,52.6913
M0,BRL100,2008-11-01,52.635
M0,BRL100,2008-12-01,47.7095
M0,BRL100,2009-01-01,48.88
M0,BRL100,2009-02-01,50.245
M0,BRL100,2009-03-01,49.8727
M0,BRL100,2009-04-01,51.84
M0,BRL100,2009-05-01,53.3947
M0,BRL100,2009-06-01,55.1714
M0,BRL100,2009-07-01,55.7957
M0,BRL100,2009-08-01,57.919
M0,BRL100,2009-09-01,56.9727
M0,BRL100,2009-10-01,58.6682
M0,BRL100,2009-11-01,58.5048
M0,BRL100,2009-12-01,58.6682
M0,BRL100,2010-01-01,58.235
M0,BRL100,2010-02-01,58.085
M0,BRL100,2010-03-01,59.6739
M0,BRL100,2010-04-01,60.85
M0,BRL100,2010-05-01,62.3789
M0,BRL100,2010-06-01,62.45
M0,BRL100,2010-07-01,59.5455
M0,BRL100,2010-08-01,59.1
M0,BRL100,2010-09-01,58.1955
M0,BRL100,2010-10-01,57.5286
M0,BRL100,2010-11-01,57.4045
M0,BRL100,2010-12-01,57.1
M0,BRL100,2011-01-01,57.1048
M0,BRL100,2011-02-01,56.84
M0,BRL100,2011-03-01,55.4217
M0,BRL100,2011-04-01,56.5947
M0,BRL100,2011-05-01,54.1364
M0,BRL100,2011-06-01,52.93
M0,BRL100,2011-07-01,52.719
M0,BRL100,2011-08-01,48.8727
M0,BRL100,2011-09-01,50.2136
M0,BRL100,2011-10-01,50.4905
M0,BRL100,2011-11-01,50.8182
M0,BRL100,2011-12-01,50.6455
M0,BRL100,2012-01-01,52.25
M0,BRL100,2012-02-01,53.0381
M0,BRL100,2012-03-01,51.0273
M0,BRL100,2012-04-01,49.3476
M0,BRL100,2012-05-01,47.3652
M0,BRL100,2012-06-01,46.7
M0,BRL100,2012-07-01,48.1591
M0,BRL100,2012-08-01,47.6957
M0,BRL100,2012-09-01,46.355
M0,BRL100,2012-10-01,45.9174
M0,BRL100,2012-11-01,45.5
M0,BRL100,2012-12-01,44.2714
M0,BRL100,2013-01-01,45.4609
M0,BRL100,2013-02-01,46.565
M0,BRL100,2013-03-01,47.6333
M0,BRL100,2013-04-01,46.7773
M0,BRL100,2013-05-01,46.9391
M0,BRL100,2013-06-01,43.03
M0,BRL100,2013-07-01,42.0217
M0,BRL100,2013-08-01,39.5909
M0,BRL100,2013-09-01,40.6476
M0,BRL100,2013-10-01,41.2087
M0,BRL100,2013-11-01,39.7667
M0,BRL100,2013-12-01,37.95
M0,BRL100,2014-01-01,37.9565
M0,BRL100,2014-02-01,37.51
M0,BRL100,2014-03-01,37.8143
M0,BRL100,2014-04-01,39.4955
M0,BRL100,2014-05-01,39.9727
M0,BRL100,2014-06-01,40.0762
M0,BRL100,2014-07-01,40.3652
M0,BRL100,2014-08-01,40.1048
M0,BRL100,2014-09-01,40.2182
M0,BRL100,2014-10-01,38.9043
M0,BRL100,2014-11-01,37.89
M0,BRL100,2014-12-01,36.9304
M0,BRL100,2015-01-01,35.7409
M0,BRL100,2015-02-01,33.285
M0,BRL100,2015-03-01,31.3045
M0,BRL100,2015-04-01,31.5273
M0,BRL100,2015-05-01,30.5333
M0,BRL100,2015-06-01,29.9091
M0,BRL100,2015-07-01,29.6652
M0,BRL100,2015-08-01,27.6476
M0,BRL100,2015-09-01,25.0091
M0,BRL100,2015-10-01,24.9364
M0,BRL100,2015-11-01,26.6571
M0,BRL100,2015-12-01,25.6957
M0,BRL100,2016-01-01,24.8238
M0,BRL100,2016-02-01,25.0333
M0,BRL100,2016-03-01,26.5296
M0,BRL100,2016-04-01,27.1
M0,BRL100,2016-05-01,27.6864
M0,BRL100,2016-06-01,28.2682
M0,BRL100,2016-07-01,29.9476
M0,BRL100,2016-08-01,30.2304
M0,BRL100,2016-09-01,29.9727
M0,BRL100,2016-10-01,30.9381
M0,BRL100,2016-11-01,29.7818
M0,BRL100,2016-12-01,30.3318
M0,BRL100,2017-01-01,31.4955
M0,BRL100,2017-02-01,32.255
M0,BRL100,2017-03-01,32.0435
M0,BRL100,2017-04-01,31.915
M0,BRL100,2017-05-01,30.8087
M0,BRL100,2017-06-01,29.4045
M0,BRL100,2017-07-01,29.9333
M0,BRL100,2017-08-01,30.5957
M0,BRL100,2017-09-01,30.7048
M0,BRL100,2017-10-01,30.7727
M0,BRL100,2017-11-01,30.3909
M0,BRL100,2017-12-01,29.9429
M0,BRL100,2018-01-01,29.8435
M0,BRL100,2018-02-01,28.74
M0,BRL100,2018-03-01,28.9
M0,BRL100,2018-04-01,28.46353
M0,BRL100,2018-05-01,27.52074
M0,BRL100,2018-06-01,26.20636
M0,BRL100,2018-07-01,25.98102
M0,BRL100,2018-08-01,25.22432
M0,BRL100,2018-09-01,23.56711
M0,BRL100,2018-10-01,26.31704
M0,BRL100,2018-11-01,26.4802
M0,BRL100,2018-12-01,25.53979
M0,BRL100,2019-01-01,26.46126
M0,BRL100,2019-02-01,26.9361
M0,BRL100,2019-03-01,26.11411
M0,BRL100,2019-04-01,25.84738
M0,BRL100,2019-05-01,25.27666
M0,BRL100,2019-06-01,25.60378
M0,BRL100,2019-07-01,26.09828
M0,BRL100,2019-08-01,24.34499
M0,BRL100,2019-09-01,24.03376
M0,BRL100,2019-10-01,24.28246
M0,BRL100,2019-11-01,23.93489
M0,BRL100,2019-12-01,23.89135
M0,BRL100,2020-01-01,23.40454
M0,BRL100,2020-02-01,22.48709
M0,BRL100,2020-03-01,19.72251
M0,BRL100,2020-04-01,18.24955
M0,BRL100,2020-05-01,17.22675
M0,BRL100,2020-06-01,18.38785
M0,BRL100,2020-07-01,17.65137
M0,BRL100,2020-08-01,16.71485
M0,BRL100,2020-09-01,16.95348
M0,BRL100,2020-10-01,16.23415
M0,BRL100,2020-11-01,16.70825
M0,BRL100,2020-12-01,17.24938
M0,BRL100,2021-01-01,16.57994
M0,BRL100,2021-02-01,16.58829
M0,BRL100,2021-03-01,16.47986
M0,BRL100,2021-04-01,16.56554
M0,BRL100,2021-05-01,17.02507
M0,BRL100,2021-06-01,18.02775
M0,BRL100,2021-07-01,17.8162
M0,BRL100,2021-08-01,17.39887
M0,BRL100,2021-09-01,17.52316
M0,BRL100,2021-10-01,16.70066
M0,BRL100,2021-11-01,16.58544
M0,BRL100,2021-12-01,16.28731
M0,BRL100,2022-01-01,16.58074
M0,BRL100,2022-02-01,17.75218
M0,BRL100,2022-03-01,18.65366
M0,BRL100,2022-04-01,19.92795
M0,BRL100,2022-05-01,19.73513
M0,BRL100,2022-06-01,19.2346
M0,BRL100,2022-07-01,18.04921
M0,BRL100,2022-08-01,18.61382
M0,BRL100,2022-09-01,18.62051
M0,BRL100,2022-10-01,18.91138
M0,BRL100,2022-11-01,18.32133
M0,BRL100,2022-12-01,17.76749
M0,BRL100,2023-01-01,17.79058
M0,BRL100,2023-02-01,17.89159
M0,BRL100,2023-03-01,17.76368
M0,BRL100,2023-04-01,17.89625
M0,BRL100,2023-05-01,18.02273
M0,BRL100,2023-06-01,18.53437
M0,BRL100,2023-07-01,18.18351
M0,BRL100,2023-08-01,17.91147
M0,BRL100,2023-09-01,18.17607
M0,BRL100,2023-10-01,17.8534
M0,BRL100,2023-11-01,18.17612
M0,BRL100,2023-12-01,17.66104
M0,BRL100,2024-01-01,17.47957
M0,BRL100,2024-02-01,17.66882
M0,BRL100,2024-03-01,17.8384
M0,BRL100,2024-04-01,17.75941
M0,BRL100,2024-05-01,17.6874
M0,BRL100,2024-06-01,16.62053
M0,BRL100,2024-07-01,16.10825
M0,BRL100,2024-08-01,15.44905
M0,BRL100,2024-09-01,15.27289
M0,BRL100,2024-10-01,15.34413
M0,BRL100,2024-11-01,15.1956
M0,BRL100,2024-12-01,14.6259
M0,BRL100,2025-01-01,15.1065
M0,BRL100,2025-02-01,15.68208
M0,BRL100,2025-03-01,15.32263
M0,BRL100,2025-04-01,14.4949
M0,BRL100,2025-05-01,14.63379
M0,BRL100,2025-06-01,14.65737
M0,BRL100,2025-07-01,14.44395
M0,BRL100,2025-08-01,14.80997
M0,BRL100,2025-09-01,14.82875
M0,BRL100,2025-10-01,14.81056
M0,BRL100,2025-11-01,15.04943
M0,BRL100,2025-12-01,14.63028
M0,BRL100,2026-01-01,14.81067
M0,BRL100,2026-02-01,14.83924
M0,BRL100,2026-03-01,15.05188
M0,BRL100,2026-04-01,15.65144
M0,BRL100,2026-05-01,15.74908
M0,BRL100,2026-06-01,15.60348
M0,BRL100,2026-07-01,15.82971
M0,CAD1,1950-01-01,3.833
M0,CAD1,1950-02-01,3.862
M0,CAD1,1950-03-01,3.878
M0,CAD1,1950-04-01,3.874
M0,CAD1,1950-05-01,3.87
M0,CAD1,1950-06-01,3.913
M0,CAD1,1950-07-01,3.941
M0,CAD1,1950-08-01,3.949
M0,CAD1,1950-09-01,3.958
M0,CAD1,1950-10-01,4.131
M0,CAD1,1950-11-01,4.186
M0,CAD1,1950-12-01,4.094
M0,CAD1,1951-01-01,4.078
M0,CAD1,1951-02-01,4.094
M0,CAD1,1951-03-01,4.117
M0,CAD1,1951-04-01,4.079
M0,CAD1,1951-05-01,4.067
M0,CAD1,1951-06-01,4.06
M0,CAD1,1951-07-01,4.087
M0,CAD1,1951-08-01,4.114
M0,CAD1,1951-09-01,4.122
M0,CAD1,1951-10-01,4.149
M0,CAD1,1951-11-01,4.183
M0,CAD1,1951-12-01,4.249
M0,CAD1,1952-01-01,4.345
M0,CAD1,1952-02-01,4.365
M0,CAD1,1952-03-01,4.371
M0,CAD1,1952-04-01,4.425
M0,CAD1,1952-05-01,4.4
M0,CAD1,1952-06-01,4.41
M0,CAD1,1952-07-01,4.435
M0,CAD1,1952-08-01,4.463
M0,CAD1,1952-09-01,4.465
M0,CAD1,1952-10-01,4.443
M0,CAD1,1952-11-01,4.387
M0,CAD1,1952-12-01,4.413
M0,CAD1,1953-01-01,4.416
M0,CAD1,1953-02-01,4.386
M0,CAD1,1953-03-01,4.358
M0,CAD1,1953-04-01,4.356
M0,CAD1,1953-05-01,4.311
M0,CAD1,1953-06-01,4.308
M0,CAD1,1953-07-01,4.317
M0,CAD1,1953-08-01,4.334
M0,CAD1,1953-09-01,4.351
M0,CAD1,1953-10-01,4.364
M0,CAD1,1953-11-01,4.396
M0,CAD1,1953-12-01,4.411
M0,CAD1,1954-01-01,4.408
M0,CAD1,1954-02-01,4.435
M0,CAD1,1954-03-01,4.419
M0,CAD1,1954-04-01,4.365
M0,CAD1,1954-05-01,4.351
M0,CAD1,1954-06-01,4.365
M0,CAD1,1954-07-01,4.396
M0,CAD1,1954-08-01,4.417
M0,CAD1,1954-09-01,4.419
M0,CAD1,1954-10-01,4.419
M0,CAD1,1954-11-01,4.421
M0,CAD1,1954-12-01,4.424
M0,CAD1,1955-01-01,4.435
M0,CAD1,1955-02-01,4.388
M0,CAD1,1955-03-01,4.353
M0,CAD1,1955-04-01,4.345
M0,CAD1,1955-05-01,4.345
M0,CAD1,1955-06-01,4.351
M0,CAD1,1955-07-01,4.351
M0,CAD1,1955-08-01,4.349
M0,CAD1,1955-09-01,4.337
M0,CAD1,1955-10-01,4.306
M0,CAD1,1955-11-01,4.286
M0,CAD1,1955-12-01,4.286
M0,CAD1,1956-01-01,4.289
M0,CAD1,1956-02-01,4.287
M0,CAD1,1956-03-01,4.289
M0,CAD1,1956-04-01,4.297
M0,CAD1,1956-05-01,4.32
M0,CAD1,1956-06-01,4.348
M0,CAD1,1956-07-01,4.364
M0,CAD1,1956-08-01,4.366
M0,CAD1,1956-09-01,4.382
M0,CAD1,1956-10-01,4.401
M0,CAD1,1956-11-01,4.44
M0,CAD1,1956-12-01,4.46
M0,CAD1,1957-01-01,4.461
M0,CAD1,1957-02-01,4.475
M0,CAD1,1957-03-01,4.484
M0,CAD1,1957-04-01,4.465
M0,CAD1,1957-05-01,4.484
M0,CAD1,1957-06-01,4.495
M0,CAD1,1957-07-01,4.506
M0,CAD1,1957-08-01,4.521
M0,CAD1,1957-09-01,4.469
M0,CAD1,1957-10-01,4.438
M0,CAD1,1957-11-01,4.452
M0,CAD1,1957-12-01,4.384
M0,CAD1,1958-01-01,4.35
M0,CAD1,1958-02-01,4.367
M0,CAD1,1958-03-01,4.383
M0,CAD1,1958-04-01,4.413
M0,CAD1,1958-05-01,4.431
M0,CAD1,1958-06-01,4.454
M0,CAD1,1958-07-01,4.464
M0,CAD1,1958-08-01,4.442
M0,CAD1,1958-09-01,4.389
M0,CAD1,1958-10-01,4.418
M0,CAD1,1958-11-01,4.43
M0,CAD1,1958-12-01,4.443
M0,CAD1,1959-01-01,4.457
M0,CAD1,1959-02-01,4.422
M0,CAD1,1959-03-01,4.454
M0,CAD1,1959-04-01,4.484
M0,CAD1,1959-05-01,4.488
M0,CAD1,1959-06-01,4.495
M0,CAD1,1959-07-01,4.501
M0,CAD1,1959-08-01,4.518
M0,CAD1,1959-09-01,4.543
M0,CAD1,1959-10-01,4.577
M0,CAD1,1959-11-01,4.567
M0,CAD1,1959-12-01,4.544
M0,CAD1,1960-01-01,4.539
M0,CAD1,1960-02-01,4.556
M0,CAD1,1960-03-01,4.56
M0,CAD1,1960-04-01,4.485
M0,CAD1,1960-05-01,4.422
M0,CAD1,1960-06-01,4.392
M0,CAD1,1960-07-01,4.405
M0,CAD1,1960-08-01,4.443
M0,CAD1,1960-09-01,4.428
M0,CAD1,1960-10-01,4.401
M0,CAD1,1960-11-01,4.409
M0,CAD1,1960-12-01,4.382
M0,CAD1,1961-01-01,4.334
M0,CAD1,1961-02-01,4.364
M0,CAD1,1961-03-01,4.376
M0,CAD1,1961-04-01,4.372
M0,CAD1,1961-05-01,4.382
M0,CAD1,1961-06-01,4.304
M0,CAD1,1961-07-01,4.173
M0,CAD1,1961-08-01,4.184
M0,CAD1,1961-09-01,4.186
M0,CAD1,1961-10-01,4.194
M0,CAD1,1961-11-01,4.173
M0,CAD1,1961-12-01,4.137
M0,CAD1,1962-01-01,4.13
M0,CAD1,1962-02-01,4.124
M0,CAD1,1962-03-01,4.133
M0,CAD1,1962-04-01,4.137
M0,CAD1,1962-05-01,3.997
M0,CAD1,1962-06-01,3.965
M0,CAD1,1962-07-01,3.999
M0,CAD1,1962-08-01,4.008
M0,CAD1,1962-09-01,4.013
M0,CAD1,1962-10-01,4.014
M0,CAD1,1962-11-01,4.006
M0,CAD1,1962-12-01,4.01
M0,CAD1,1963-01-01,4.013
M0,CAD1,1963-02-01,4.011
M0,CAD1,1963-03-01,4.013
M0,CAD1,1963-04-01,4.018
M0,CAD1,1963-05-01,4.012
M0,CAD1,1963-06-01,4.007
M0,CAD1,1963-07-01,4.003
M0,CAD1,1963-08-01,3.984
M0,CAD1,1963-09-01,3.994
M0,CAD1,1963-10-01,4.002
M0,CAD1,1963-11-01,4.004
M0,CAD1,1963-12-01,3.998
M0,CAD1,1964-01-01,3.994
M0,CAD1,1964-02-01,4.003
M0,CAD1,1964-03-01,4.003
M0,CAD1,1964-04-01,3.997
M0,CAD1,1964-05-01,3.991
M0,CAD1,1964-06-01,3.991
M0,CAD1,1964-07-01,3.995
M0,CAD1,1964-08-01,4.004
M0,CAD1,1964-09-01,4.013
M0,CAD1,1964-10-01,4.013
M0,CAD1,1964-11-01,4.017
M0,CAD1,1964-12-01,4.014
M0,CAD1,1965-01-01,4.021
M0,CAD1,1965-02-01,4.022
M0,CAD1,1965-03-01,4.016
M0,CAD1,1965-04-01,4.023
M0,CAD1,1965-05-01,4.024
M0,CAD1,1965-06-01,4.003
M0,CAD1,1965-07-01,3.99
M0,CAD1,1965-08-01,4.001
M0,CAD1,1965-09-01,4.009
M0,CAD1,1965-10-01,4.016
M0,CAD1,1965-11-01,4.017
M0,CAD1,1965-12-01,4.011
M0,CAD1,1966-01-01,4.026
M0,CAD1,1966-02-01,4.024
M0,CAD1,1966-03-01,4.031
M0,CAD1,1966-04-01,4.018
M0,CAD1,1966-05-01,4.008
M0,CAD1,1966-06-01,4.007
M0,CAD1,1966-07-01,4.014
M0,CAD1,1966-08-01,4.023
M0,CAD1,1966-09-01,4.02
M0,CAD1,1966-10-01,4.14
M0,CAD1,1966-11-01,3.992
M0,CAD1,1966-12-01,3.99
M0,CAD1,1967-01-01,4.009
M0,CAD1,1967-02-01,4.012
M0,CAD1,1967-03-01,4.003
M0,CAD1,1967-04-01,3.994
M0,CAD1,1967-05-01,3.987
M0,CAD1,1967-06-01,3.994
M0,CAD1,1967-07-01,4.009
M0,CAD1,1967-08-01,4.029
M0,CAD1,1967-09-01,4.036
M0,CAD1,1967-10-01,4.043
M0,CAD1,1967-11-01,4.018
M0,CAD1,1967-12-01,3.996
M0,CAD1,1968-01-01,4.004
M0,CAD1,1968-02-01,3.998
M0,CAD1,1968-03-01,3.994
M0,CAD1,1968-04-01,4.014
M0,CAD1,1968-05-01,4.011
M0,CAD1,1968-06-01,3.996
M0,CAD1,1968-07-01,4.001
M0,CAD1,1968-08-01,4.013
M0,CAD1,1968-09-01,4.006
M0,CAD1,1968-10-01,4.004
M0,CAD1,1968-11-01,4.006
M0,CAD1,1968-12-01,4.004
M0,CAD1,1969-01-01,4.026
M0,CAD1,1969-02-01,4.02
M0,CAD1,1969-03-01,3.991
M0,CAD1,1969-04-01,4.015
M0,CAD1,1969-05-01,4.015
M0,CAD1,1969-06-01,3.995
M0,CAD1,1969-07-01,3.987
M0,CAD1,1969-08-01,3.991
M0,CAD1,1969-09-01,3.986
M0,CAD1,1969-10-01,3.991
M0,CAD1,1969-11-01,4.019
M0,CAD1,1969-12-01,4.009
M0,CAD1,1970-01-01,4.0196
M0,CAD1,1970-02-01,4.0053
M0,CAD1,1970-03-01,4.0161
M0,CAD1,1970-04-01,4.0088
M0,CAD1,1970-05-01,4.0163
M0,CAD1,1970-06-01,4.1561
M0,CAD1,1970-07-01,4.1673
M0,CAD1,1970-08-01,4.2088
M0,CAD1,1970-09-01,4.2359
M0,CAD1,1970-10-01,4.2367
M0,CAD1,1970-11-01,4.2316
M0,CAD1,1970-12-01,4.2357
M0,CAD1,1971-01-01,4.2515
M0,CAD1,1971-02-01,4.2631
M0,CAD1,1971-03-01,4.2714
M0,CAD1,1971-04-01,4.2645
M0,CAD1,1971-05-01,4.0777
M0,CAD1,1971-06-01,4.008
M0,CAD1,1971-07-01,4.0077
M0,CAD1,1971-08-01,3.966
M0,CAD1,1971-09-01,3.9268
M0,CAD1,1971-10-01,3.9533
M0,CAD1,1971-11-01,3.9645
M0,CAD1,1971-12-01,3.9045
M0,CAD1,1972-01-01,3.8679
M0,CAD1,1972-02-01,3.8387
M0,CAD1,1972-03-01,3.855
M0,CAD1,1972-04-01,3.8712
M0,CAD1,1972-05-01,3.902
M0,CAD1,1972-06-01,3.9038
M0,CAD1,1972-07-01,3.8242
M0,CAD1,1972-08-01,3.8478
M0,CAD1,1972-09-01,3.8513
M0,CAD1,1972-10-01,3.8628
M0,CAD1,1972-11-01,3.8458
M0,CAD1,1972-12-01,3.7832
M0,CAD1,1973-01-01,3.7324
M0,CAD1,1973-02-01,3.4262
M0,CAD1,1973-03-01,3.2178
M0,CAD1,1973-04-01,3.2373
M0,CAD1,1973-05-01,3.1704
M0,CAD1,1973-06-01,3.0551
M0,CAD1,1973-07-01,2.8164
M0,CAD1,1973-08-01,2.959
M0,CAD1,1973-09-01,2.989
M0,CAD1,1973-10-01,3.021
M0,CAD1,1973-11-01,3.1633
M0,CAD1,1973-12-01,3.1977
M0,CAD1,1974-01-01,3.3968
M0,CAD1,1974-02-01,3.246
M0,CAD1,1974-03-01,3.1711
M0,CAD1,1974-04-01,3.1226
M0,CAD1,1974-05-01,3.0203
M0,CAD1,1974-06-01,3.0939
M0,CAD1,1974-07-01,3.038
M0,CAD1,1974-08-01,3.0431
M0,CAD1,1974-09-01,3.0382
M0,CAD1,1974-10-01,2.9482
M0,CAD1,1974-11-01,2.788
M0,CAD1,1974-12-01,2.6497
M0,CAD1,1975-01-01,2.5343
M0,CAD1,1975-02-01,2.4755
M0,CAD1,1975-03-01,2.4737
M0,CAD1,1975-04-01,2.5307
M0,CAD1,1975-05-01,2.4324
M0,CAD1,1975-06-01,2.43
M0,CAD1,1975-07-01,2.5302
M0,CAD1,1975-08-01,2.5889
M0,CAD1,1975-09-01,2.6361
M0,CAD1,1975-10-01,2.598
M0,CAD1,1975-11-01,2.6139
M0,CAD1,1975-12-01,2.6013
M0,CAD1,1976-01-01,2.586
M0,CAD1,1976-02-01,2.5836
M0,CAD1,1976-03-01,2.6018
M0,CAD1,1976-04-01,2.5714
M0,CAD1,1976-05-01,2.5376
M0,CAD1,1976-06-01,2.5356
M0,CAD1,1976-07-01,2.5553
M0,CAD1,1976-08-01,2.5159
M0,CAD1,1976-09-01,2.5356
M0,CAD1,1976-10-01,2.5138
M0,CAD1,1976-11-01,2.4789
M0,CAD1,1976-12-01,2.402
M0,CAD1,1977-01-01,2.4623
M0,CAD1,1977-02-01,2.4507
M0,CAD1,1977-03-01,2.4284
M0,CAD1,1977-04-01,2.4026
M0,CAD1,1977-05-01,2.4025
M0,CAD1,1977-06-01,2.3535
M0,CAD1,1977-07-01,2.2736
M0,CAD1,1977-08-01,2.2392
M0,CAD1,1977-09-01,2.2135
M0,CAD1,1977-10-01,2.0741
M0,CAD1,1977-11-01,1.9818
M0,CAD1,1977-12-01,1.8922
M0,CAD1,1978-01-01,1.805
M0,CAD1,1978-02-01,1.7102
M0,CAD1,1978-03-01,1.6854
M0,CAD1,1978-04-01,1.6665
M0,CAD1,1978-05-01,1.7561
M0,CAD1,1978-06-01,1.6793
M0,CAD1,1978-07-01,1.6013
M0,CAD1,1978-08-01,1.4588
M0,CAD1,1978-09-01,1.3494
M0,CAD1,1978-10-01,1.2985
M0,CAD1,1978-11-01,1.4238
M0,CAD1,1978-12-01,1.4221
M0,CAD1,1979-01-01,1.4055
M0,CAD1,1979-02-01,1.3994
M0,CAD1,1979-03-01,1.4302
M0,CAD1,1979-04-01,1.4942
M0,CAD1,1979-05-01,1.4929
M0,CAD1,1979-06-01,1.4493
M0,CAD1,1979-07-01,1.4141
M0,CAD1,1979-08-01,1.4139
M0,CAD1,1979-09-01,1.3849
M0,CAD1,1979-10-01,1.3829
M0,CAD1,1979-11-01,1.3952
M0,CAD1,1979-12-01,1.3687
M0,CAD1,1980-01-01,1.3683
M0,CAD1,1980-02-01,1.4152
M0,CAD1,1980-03-01,1.5006
M0,CAD1,1980-04-01,1.4787
M0,CAD1,1980-05-01,1.4164
M0,CAD1,1980-06-01,1.4174
M0,CAD1,1980-07-01,1.3938
M0,CAD1,1980-08-01,1.4242
M0,CAD1,1980-09-01,1.4074
M0,CAD1,1980-10-01,1.4191
M0,CAD1,1980-11-01,1.455
M0,CAD1,1980-12-01,1.4907
M0,CAD1,1981-01-01,1.5259
M0,CAD1,1981-02-01,1.6275
M0,CAD1,1981-03-01,1.6125
M0,CAD1,1981-04-01,1.654
M0,CAD1,1981-05-01,1.7171
M0,CAD1,1981-06-01,1.7193
M0,CAD1,1981-07-01,1.7304
M0,CAD1,1981-08-01,1.7708
M0,CAD1,1981-09-01,1.6901
M0,CAD1,1981-10-01,1.5669
M0,CAD1,1981-11-01,1.5006
M0,CAD1,1981-12-01,1.5318
M0,CAD1,1982-01-01,1.5449
M0,CAD1,1982-02-01,1.5577
M0,CAD1,1982-03-01,1.5455
M0,CAD1,1982-04-01,1.599
M0,CAD1,1982-05-01,1.5778
M0,CAD1,1982-06-01,1.6293
M0,CAD1,1982-07-01,1.6475
M0,CAD1,1982-08-01,1.6911
M0,CAD1,1982-09-01,1.7261
M0,CAD1,1982-10-01,1.7624
M0,CAD1,1982-11-01,1.7911
M0,CAD1,1982-12-01,1.655
M0,CAD1,1983-01-01,1.6005
M0,CAD1,1983-02-01,1.641
M0,CAD1,1983-03-01,1.6808
M0,CAD1,1983-04-01,1.666
M0,CAD1,1983-05-01,1.6758
M0,CAD1,1983-06-01,1.7129
M0,CAD1,1983-07-01,1.7168
M0,CAD1,1983-08-01,1.7531
M0,CAD1,1983-09-01,1.7548
M0,CAD1,1983-10-01,1.7119
M0,CAD1,1983-11-01,1.7546
M0,CAD1,1983-12-01,1.7605
M0,CAD1,1984-01-01,1.7909
M0,CAD1,1984-02-01,1.7684
M0,CAD1,1984-03-01,1.6905
M0,CAD1,1984-04-01,1.7082
M0,CAD1,1984-05-01,1.7509
M0,CAD1,1984-06-01,1.7502
M0,CAD1,1984-07-01,1.8158
M0,CAD1,1984-08-01,1.8525
M0,CAD1,1984-09-01,1.9018
M0,CAD1,1984-10-01,1.9135
M0,CAD1,1984-11-01,1.8702
M0,CAD1,1984-12-01,1.9355
M0,CAD1,1985-01-01,2.0081
M0,CAD1,1985-02-01,2.0693
M0,CAD1,1985-03-01,2.0278
M0,CAD1,1985-04-01,1.8927
M0,CAD1,1985-05-01,1.9031
M0,CAD1,1985-06-01,1.8789
M0,CAD1,1985-07-01,1.7868
M0,CAD1,1985-08-01,1.6868
M0,CAD1,1985-09-01,1.7035
M0,CAD1,1985-10-01,1.5847
M0,CAD1,1985-11-01,1.5465
M0,CAD1,1985-12-01,1.5079
M0,CAD1,1986-01-01,1.469
M0,CAD1,1986-02-01,1.3908
M0,CAD1,1986-03-01,1.3566
M0,CAD1,1986-04-01,1.3712
M0,CAD1,1986-05-01,1.3473
M0,CAD1,1986-06-01,1.3254
M0,CAD1,1986-07-01,1.2647
M0,CAD1,1986-08-01,1.1956
M0,CAD1,1986-09-01,1.1913
M0,CAD1,1986-10-01,1.1815
M0,CAD1,1986-11-01,1.2159
M0,CAD1,1986-12-01,1.2076
M0,CAD1,1987-01-01,1.1435
M0,CAD1,1987-02-01,1.1556
M0,CAD1,1987-03-01,1.1637
M0,CAD1,1987-04-01,1.1337
M0,CAD1,1987-05-01,1.0931
M0,CAD1,1987-06-01,1.1265
M0,CAD1,1987-07-01,1.1568
M0,CAD1,1987-08-01,1.1591
M0,CAD1,1987-09-01,1.1402
M0,CAD1,1987-10-01,1.1428
M0,CAD1,1987-11-01,1.0498
M0,CAD1,1987-12-01,1.0164
M0,CAD1,1988-01-01,1.0444
M0,CAD1,1988-02-01,1.0953
M0,CAD1,1988-03-01,1.1087
M0,CAD1,1988-04-01,1.1193
M0,CAD1,1988-05-01,1.1394
M0,CAD1,1988-06-01,1.1973
M0,CAD1,1988-07-01,1.266
M0,CAD1,1988-08-01,1.2938
M0,CAD1,1988-09-01,1.2829
M0,CAD1,1988-10-01,1.2776
M0,CAD1,1988-11-01,1.2059
M0,CAD1,1988-12-01,1.2346
M0,CAD1,1989-01-01,1.3058
M0,CAD1,1989-02-01,1.3246
M0,CAD1,1989-03-01,1.3419
M0,CAD1,1989-04-01,1.3832
M0,CAD1,1989-05-01,1.4518
M0,CAD1,1989-06-01,1.4263
M0,CAD1,1989-07-01,1.3706
M0,CAD1,1989-08-01,1.4138
M0,CAD1,1989-09-01,1.4272
M0,CAD1,1989-10-01,1.3887
M0,CAD1,1989-11-01,1.3833
M0,CAD1,1989-12-01,1.3491
M0,CAD1,1990-01-01,1.2944
M0,CAD1,1990-02-01,1.2431
M0,CAD1,1990-03-01,1.2791
M0,CAD1,1990-04-01,1.2768
M0,CAD1,1990-05-01,1.2074
M0,CAD1,1990-06-01,1.2139
M0,CAD1,1990-07-01,1.2028
M0,CAD1,1990-08-01,1.1422
M0,CAD1,1990-09-01,1.1272
M0,CAD1,1990-10-01,1.1047
M0,CAD1,1990-11-01,1.0803
M0,CAD1,1990-12-01,1.1007
M0,CAD1,1991-01-01,1.1009
M0,CAD1,1991-02-01,1.0951
M0,CAD1,1991-03-01,1.1944
M0,CAD1,1991-04-01,1.2486
M0,CAD1,1991-05-01,1.2638
M0,CAD1,1991-06-01,1.3366
M0,CAD1,1991-07-01,1.3492
M0,CAD1,1991-08-01,1.3281
M0,CAD1,1991-09-01,1.3049
M0,CAD1,1991-10-01,1.3105
M0,CAD1,1991-11-01,1.2718
M0,CAD1,1991-12-01,1.2123
M0,CAD1,1992-01-01,1.2124
M0,CAD1,1992-02-01,1.2303
M0,CAD1,1992-03-01,1.2645
M0,CAD1,1992-04-01,1.2751
M0,CAD1,1992-05-01,1.2428
M0,CAD1,1992-06-01,1.1922
M0,CAD1,1992-07-01,1.1181
M0,CAD1,1992-08-01,1.0927
M0,CAD1,1992-09-01,1.047
M0,CAD1,1992-10-01,1.0539
M0,CAD1,1992-11-01,1.1265
M0,CAD1,1992-12-01,1.1174
M0,CAD1,1993-01-01,1.1556
M0,CAD1,1993-02-01,1.2025
M0,CAD1,1993-03-01,1.2189
M0,CAD1,1993-04-01,1.1556
M0,CAD1,1993-05-01,1.1409
M0,CAD1,1993-06-01,1.1508
M0,CAD1,1993-07-01,1.1814
M0,CAD1,1993-08-01,1.146
M0,CAD1,1993-09-01,1.0742
M0,CAD1,1993-10-01,1.0853
M0,CAD1,1993-11-01,1.1368
M0,CAD1,1993-12-01,1.099
M0,CAD1,1994-01-01,1.1168
M0,CAD1,1994-02-01,1.0871
M0,CAD1,1994-03-01,1.0487
M0,CAD1,1994-04-01,1.0409
M0,CAD1,1994-05-01,1.0236
M0,CAD1,1994-06-01,0.9946
M0,CAD1,1994-07-01,0.9581
M0,CAD1,1994-08-01,0.9557
M0,CAD1,1994-09-01,0.9537
M0,CAD1,1994-10-01,0.9369
M0,CAD1,1994-11-01,0.9484
M0,CAD1,1994-12-01,0.957
M0,CAD1,1995-01-01,0.9106
M0,CAD1,1995-02-01,0.907
M0,CAD1,1995-03-01,0.8327
M0,CAD1,1995-04-01,0.8233
M0,CAD1,1995-05-01,0.8571
M0,CAD1,1995-06-01,0.84
M0,CAD1,1995-07-01,0.8487
M0,CAD1,1995-08-01,0.884
M0,CAD1,1995-09-01,0.8812
M0,CAD1,1995-10-01,0.8509
M0,CAD1,1995-11-01,0.8438
M0,CAD1,1995-12-01,0.8497
M0,CAD1,1996-01-01,0.8632
M0,CAD1,1996-02-01,0.8686
M0,CAD1,1996-03-01,0.8758
M0,CAD1,1996-04-01,0.8969
M0,CAD1,1996-05-01,0.9157
M0,CAD1,1996-06-01,0.9196
M0,CAD1,1996-07-01,0.9009
M0,CAD1,1996-08-01,0.8761
M0,CAD1,1996-09-01,0.8985
M0,CAD1,1996-10-01,0.9302
M0,CAD1,1996-11-01,0.9516
M0,CAD1,1996-12-01,0.9746
M0,CAD1,1997-01-01,1.0322
M0,CAD1,1997-02-01,1.0717
M0,CAD1,1997-03-01,1.0691
M0,CAD1,1997-04-01,1.0474
M0,CAD1,1997-05-01,1.0373000000000001
M0,CAD1,1997-06-01,1.0407
M0,CAD1,1997-07-01,1.0751
M0,CAD1,1997-08-01,1.09
M0,CAD1,1997-09-01,1.0612
M0,CAD1,1997-10-01,1.0479
M0,CAD1,1997-11-01,0.9959
M0,CAD1,1997-12-01,1.0085
M0,CAD1,1998-01-01,1.0234
M0,CAD1,1998-02-01,1.0199
M0,CAD1,1998-03-01,1.0497
M0,CAD1,1998-04-01,1.0533
M0,CAD1,1998-05-01,1.0236
M0,CAD1,1998-06-01,1.0193
M0,CAD1,1998-07-01,1.0191
M0,CAD1,1998-08-01,0.9746
M0,CAD1,1998-09-01,0.9209
M0,CAD1,1998-10-01,0.8672
M0,CAD1,1998-11-01,0.8975
M0,CAD1,1998-12-01,0.8811
M0,CAD1,1999-01-01,0.909
M0,CAD1,1999-02-01,0.9518
M0,CAD1,1999-03-01,0.9654
M0,CAD1,1999-04-01,1.0052
M0,CAD1,1999-05-01,1.0311
M0,CAD1,1999-06-01,1.0449
M0,CAD1,1999-07-01,1.0431
M0,CAD1,1999-08-01,1.0102
M0,CAD1,1999-09-01,1.0314
M0,CAD1,1999-10-01,1.0073
M0,CAD1,1999-11-01,1.0563
M0,CAD1,1999-12-01,1.0727
M0,CAD1,2000-01-01,1.0946
M0,CAD1,2000-02-01,1.124
M0,CAD1,2000-03-01,1.1376
M0,CAD1,2000-04-01,1.1321
M0,CAD1,2000-05-01,1.1476
M0,CAD1,2000-06-01,1.1116
M0,CAD1,2000-07-01,1.1153
M0,CAD1,2000-08-01,1.157
M0,CAD1,2000-09-01,1.1826
M0,CAD1,2000-10-01,1.1702
M0,CAD1,2000-11-01,1.1523
M0,CAD1,2000-12-01,1.1066
M0,CAD1,2001-01-01,1.0836
M0,CAD1,2001-02-01,1.0949
M0,CAD1,2001-03-01,1.0844
M0,CAD1,2001-04-01,1.0977
M0,CAD1,2001-05-01,1.1366
M0,CAD1,2001-06-01,1.1691
M0,CAD1,2001-07-01,1.1514
M0,CAD1,2001-08-01,1.0917
M0,CAD1,2001-09-01,1.0468
M0,CAD1,2001-10-01,1.0397
M0,CAD1,2001-11-01,1.036
M0,CAD1,2001-12-01,1.0467
M0,CAD1,2002-01-01,1.0426
M0,CAD1,2002-02-01,1.0638
M0,CAD1,2002-03-01,1.0554
M0,CAD1,2002-04-01,1.046
M0,CAD1,2002-05-01,1.0241
M0,CAD1,2002-06-01,1.006
M0,CAD1,2002-07-01,0.9555
M0,CAD1,2002-08-01,0.9547
M0,CAD1,2002-09-01,0.9493
M0,CAD1,2002-10-01,0.9458
M0,CAD1,2002-11-01,0.9325
M0,CAD1,2002-12-01,0.9243
M0,CAD1,2003-01-01,0.8934
M0,CAD1,2003-02-01,0.8997
M0,CAD1,2003-03-01,0.9212
M0,CAD1,2003-04-01,0.9428
M0,CAD1,2003-05-01,0.9477
M0,CAD1,2003-06-01,0.9746
M0,CAD1,2003-07-01,0.9862
M0,CAD1,2003-08-01,0.9889
M0,CAD1,2003-09-01,1.0089
M0,CAD1,2003-10-01,0.9983
M0,CAD1,2003-11-01,1.0135
M0,CAD1,2003-12-01,0.9639
M0,CAD1,2004-01-01,0.9576
M0,CAD1,2004-02-01,0.9358
M0,CAD1,2004-03-01,0.9597
M0,CAD1,2004-04-01,0.9672
M0,CAD1,2004-05-01,0.9302
M0,CAD1,2004-06-01,0.9199
M0,CAD1,2004-07-01,0.9403
M0,CAD1,2004-08-01,0.961
M0,CAD1,2004-09-01,0.9785
M0,CAD1,2004-10-01,0.9882
M0,CAD1,2004-11-01,0.9796
M0,CAD1,2004-12-01,0.9411
M0,CAD1,2005-01-01,0.9625
M0,CAD1,2005-02-01,0.9612
M0,CAD1,2005-03-01,0.9635
M0,CAD1,2005-04-01,0.968
M0,CAD1,2005-05-01,0.9692
M0,CAD1,2005-06-01,1.0172
M0,CAD1,2005-07-01,1.0573
M0,CAD1,2005-08-01,1.0469
M0,CAD1,2005-09-01,1.0718
M0,CAD1,2005-10-01,1.0948
M0,CAD1,2005-11-01,1.1074
M0,CAD1,2005-12-01,1.1231
M0,CAD1,2006-01-01,1.1031
M0,CAD1,2006-02-01,1.1343
M0,CAD1,2006-03-01,1.1279
M0,CAD1,2006-04-01,1.12
M0,CAD1,2006-05-01,1.0975
M0,CAD1,2006-06-01,1.1064
M0,CAD1,2006-07-01,1.0959
M0,CAD1,2006-08-01,1.1
M0,CAD1,2006-09-01,1.1144
M0,CAD1,2006-10-01,1.1163
M0,CAD1,2006-11-01,1.0879
M0,CAD1,2006-12-01,1.049
M0,CAD1,2007-01-01,1.0578
M0,CAD1,2007-02-01,1.0582
M0,CAD1,2007-03-01,1.0416
M0,CAD1,2007-04-01,1.0669
M0,CAD1,2007-05-01,1.1141
M0,CAD1,2007-06-01,1.1573
M0,CAD1,2007-07-01,1.1495
M0,CAD1,2007-08-01,1.135
M0,CAD1,2007-09-01,1.1534
M0,CAD1,2007-10-01,1.2014
M0,CAD1,2007-11-01,1.1679
M0,CAD1,2007-12-01,1.1351
M0,CAD1,2008-01-01,1.0885
M0,CAD1,2008-02-01,1.0904
M0,CAD1,2008-03-01,1.0141
M0,CAD1,2008-04-01,0.9986
M0,CAD1,2008-05-01,1.0439
M0,CAD1,2008-06-01,1.0211
M0,CAD1,2008-07-01,1.0126
M0,CAD1,2008-08-01,1.0285
M0,CAD1,2008-09-01,1.0484
M0,CAD1,2008-10-01,0.9735
M0,CAD1,2008-11-01,0.977
M0,CAD1,2008-12-01,0.926
M0,CAD1,2009-01-01,0.9213
M0,CAD1,2009-02-01,0.9358
M0,CAD1,2009-03-01,0.9141
M0,CAD1,2009-04-01,0.9355
M0,CAD1,2009-05-01,0.9618
M0,CAD1,2009-06-01,0.9603
M0,CAD1,2009-07-01,0.9596
M0,CAD1,2009-08-01,0.9819
M0,CAD1,2009-09-01,0.9615
M0,CAD1,2009-10-01,0.9693
M0,CAD1,2009-11-01,0.9552
M0,CAD1,2009-12-01,0.9741
M0,CAD1,2010-01-01,0.9922
M0,CAD1,2010-02-01,1.0143
M0,CAD1,2010-03-01,1.0414
M0,CAD1,2010-04-01,1.0643
M0,CAD1,2010-05-01,1.0845
M0,CAD1,2010-06-01,1.086
M0,CAD1,2010-07-01,1.0108
M0,CAD1,2010-08-01,1.0008
M0,CAD1,2010-09-01,0.968
M0,CAD1,2010-10-01,0.9506
M0,CAD1,2010-11-01,0.9711
M0,CAD1,2010-12-01,0.9603
M0,CAD1,2011-01-01,0.9625
M0,CAD1,2011-02-01,0.9609
M0,CAD1,2011-03-01,0.9422
M0,CAD1,2011-04-01,0.9377
M0,CAD1,2011-05-01,0.9031
M0,CAD1,2011-06-01,0.8596
M0,CAD1,2011-07-01,0.8618
M0,CAD1,2011-08-01,0.7968
M0,CAD1,2011-09-01,0.8711
M0,CAD1,2011-10-01,0.8787
M0,CAD1,2011-11-01,0.885
M0,CAD1,2011-12-01,0.9106
M0,CAD1,2012-01-01,0.9255
M0,CAD1,2012-02-01,0.9146
M0,CAD1,2012-03-01,0.9189
M0,CAD1,2012-04-01,0.9198
M0,CAD1,2012-05-01,0.9291
M0,CAD1,2012-06-01,0.9321
M0,CAD1,2012-07-01,0.9627
M0,CAD1,2012-08-01,0.975
M0,CAD1,2012-09-01,0.9608
M0,CAD1,2012-10-01,0.9459
M0,CAD1,2012-11-01,0.9423
M0,CAD1,2012-12-01,0.9309
M0,CAD1,2013-01-01,0.9318
M0,CAD1,2013-02-01,0.9124
M0,CAD1,2013-03-01,0.9232
M0,CAD1,2013-04-01,0.9204
M0,CAD1,2013-05-01,0.9358
M0,CAD1,2013-06-01,0.9061
M0,CAD1,2013-07-01,0.908
M0,CAD1,2013-08-01,0.8904
M0,CAD1,2013-09-01,0.8923
M0,CAD1,2013-10-01,0.8711
M0,CAD1,2013-11-01,0.8707
M0,CAD1,2013-12-01,0.8404
M0,CAD1,2014-01-01,0.8269
M0,CAD1,2014-02-01,0.8092
M0,CAD1,2014-03-01,0.7932
M0,CAD1,2014-04-01,0.8027
M0,CAD1,2014-05-01,0.8153
M0,CAD1,2014-06-01,0.827
M0,CAD1,2014-07-01,0.8361
M0,CAD1,2014-08-01,0.8327
M0,CAD1,2014-09-01,0.8501
M0,CAD1,2014-10-01,0.8494
M0,CAD1,2014-11-01,0.8508
M0,CAD1,2014-12-01,0.846
M0,CAD1,2015-01-01,0.7857
M0,CAD1,2015-02-01,0.7477
M0,CAD1,2015-03-01,0.7769
M0,CAD1,2015-04-01,0.7781
M0,CAD1,2015-05-01,0.7656
M0,CAD1,2015-06-01,0.754
M0,CAD1,2015-07-01,0.7423
M0,CAD1,2015-08-01,0.7364
M0,CAD1,2015-09-01,0.7328
M0,CAD1,2015-10-01,0.7408
M0,CAD1,2015-11-01,0.7602
M0,CAD1,2015-12-01,0.7271
M0,CAD1,2016-01-01,0.7076
M0,CAD1,2016-02-01,0.7189
M0,CAD1,2016-03-01,0.7424
M0,CAD1,2016-04-01,0.7509
M0,CAD1,2016-05-01,0.7557
M0,CAD1,2016-06-01,0.7523
M0,CAD1,2016-07-01,0.7534
M0,CAD1,2016-08-01,0.7468
M0,CAD1,2016-09-01,0.7444
M0,CAD1,2016-10-01,0.7453
M0,CAD1,2016-11-01,0.7406
M0,CAD1,2016-12-01,0.7636
M0,CAD1,2017-01-01,0.7633
M0,CAD1,2017-02-01,0.7646
M0,CAD1,2017-03-01,0.7486
M0,CAD1,2017-04-01,0.7457
M0,CAD1,2017-05-01,0.7252
M0,CAD1,2017-06-01,0.7277
M0,CAD1,2017-07-01,0.7549
M0,CAD1,2017-08-01,0.7652
M0,CAD1,2017-09-01,0.7829
M0,CAD1,2017-10-01,0.78
M0,CAD1,2017-11-01,0.7769
M0,CAD1,2017-12-01,0.7726
M0,CAD1,2018-01-01,0.7726
M0,CAD1,2018-02-01,0.7437
M0,CAD1,2018-03-01,0.7326
M0,CAD1,2018-04-01,0.75949
M0,CAD1,2018-05-01,0.77479
M0,CAD1,2018-06-01,0.75408
M0,CAD1,2018-07-01,0.75667
M0,CAD1,2018-08-01,0.758
M0,CAD1,2018-09-01,0.74217
M0,CAD1,2018-10-01,0.76391
M0,CAD1,2018-11-01,0.7587
M0,CAD1,2018-12-01,0.7395
M0,CAD1,2019-01-01,0.74409
M0,CAD1,2019-02-01,0.75827
M0,CAD1,2019-03-01,0.74903
M0,CAD1,2019-04-01,0.75244
M0,CAD1,2019-05-01,0.75102
M0,CAD1,2019-06-01,0.74361
M0,CAD1,2019-07-01,0.75388
M0,CAD1,2019-08-01,0.7375
M0,CAD1,2019-09-01,0.74765
M0,CAD1,2019-10-01,0.75311
M0,CAD1,2019-11-01,0.7502
M0,CAD1,2019-12-01,0.74641
M0,CAD1,2020-01-01,0.74131
M0,CAD1,2020-02-01,0.73484
M0,CAD1,2020-03-01,0.68807
M0,CAD1,2020-04-01,0.6902
M0,CAD1,2020-05-01,0.69451
M0,CAD1,2020-06-01,0.70219
M0,CAD1,2020-07-01,0.69181
M0,CAD1,2020-08-01,0.68753
M0,CAD1,2020-09-01,0.69199
M0,CAD1,2020-10-01,0.69094
M0,CAD1,2020-11-01,0.6965
M0,CAD1,2020-12-01,0.69343
M0,CAD1,2021-01-01,0.69679
M0,CAD1,2021-02-01,0.70691
M0,CAD1,2021-03-01,0.73898
M0,CAD1,2021-04-01,0.73686
M0,CAD1,2021-05-01,0.74392
M0,CAD1,2021-06-01,0.74305
M0,CAD1,2021-07-01,0.73309
M0,CAD1,2021-08-01,0.72575
M0,CAD1,2021-09-01,0.72861
M0,CAD1,2021-10-01,0.74204
M0,CAD1,2021-11-01,0.73375
M0,CAD1,2021-12-01,0.71976
M0,CAD1,2022-01-01,0.72822
M0,CAD1,2022-02-01,0.7253
M0,CAD1,2022-03-01,0.73428
M0,CAD1,2022-04-01,0.74814
M0,CAD1,2022-05-01,0.76282
M0,CAD1,2022-06-01,0.75647
M0,CAD1,2022-07-01,0.74919
M0,CAD1,2022-08-01,0.74116
M0,CAD1,2022-09-01,0.73088
M0,CAD1,2022-10-01,0.72599
M0,CAD1,2022-11-01,0.71855
M0,CAD1,2022-12-01,0.68622
M0,CAD1,2023-01-01,0.68812
M0,CAD1,2023-02-01,0.68785
M0,CAD1,2023-03-01,0.67641
M0,CAD1,2023-04-01,0.66574
M0,CAD1,2023-05-01,0.66373
M0,CAD1,2023-06-01,0.67764
M0,CAD1,2023-07-01,0.66112
M0,CAD1,2023-08-01,0.65156
M0,CAD1,2023-09-01,0.66347
M0,CAD1,2023-10-01,0.65986
M0,CAD1,2023-11-01,0.64981
M0,CAD1,2023-12-01,0.64442
M0,CAD1,2024-01-01,0.64004
M0,CAD1,2024-02-01,0.64976
M0,CAD1,2024-03-01,0.65566
M0,CAD1,2024-04-01,0.66565
M0,CAD1,2024-05-01,0.665
M0,CAD1,2024-06-01,0.65205
M0,CAD1,2024-07-01,0.65102
M0,CAD1,2024-08-01,0.62763
M0,CAD1,2024-09-01,0.6258
M0,CAD1,2024-10-01,0.62595
M0,CAD1,2024-11-01,0.62994000000000006
M0,CAD1,2024-12-01,0.62614
M0,CAD1,2025-01-01,0.63189
M0,CAD1,2025-02-01,0.632
M0,CAD1,2025-03-01,0.61557
M0,CAD1,2025-04-01,0.59769
M0,CAD1,2025-05-01,0.59794
M0,CAD1,2025-06-01,0.59489
M0,CAD1,2025-07-01,0.58305
M0,CAD1,2025-08-01,0.58429
M0,CAD1,2025-09-01,0.57605
M0,CAD1,2025-10-01,0.57011
M0,CAD1,2025-11-01,0.57186
M0,CAD1,2025-12-01,0.5771
M0,CAD1,2026-01-01,0.57307
M0,CAD1,2026-02-01,0.56628
M0,CAD1,2026-03-01,0.57377
M0,CAD1,2026-04-01,0.57243
M0,CAD1,2026-05-01,0.57107
M0,CAD1,2026-06-01,0.56942
M0,CAD1,2026-07-01,0.57392
M0,CNY100,1999-01-01,16.73052
M0,CNY100,1999-02-01,17.24225
M0,CNY100,1999-03-01,17.69948
M0,CNY100,1999-04-01,18.04732
M0,CNY100,1999-05-01,18.21795
M0,CNY100,1999-06-01,18.56645
M0,CNY100,1999-07-01,18.6885
M0,CNY100,1999-08-01,18.24086
M0,CNY100,1999-09-01,18.43641
M0,CNY100,1999-10-01,18.01714
M0,CNY100,1999-11-01,18.78295
M0,CNY100,1999-12-01,19.12948
M0,CNY100,2000-01-01,19.20681
M0,CNY100,2000-02-01,19.72805
M0,CNY100,2000-03-01,20.0893
M0,CNY100,2000-04-01,20.1089
M0,CNY100,2000-05-01,20.72752
M0,CNY100,2000-06-01,19.84473
M0,CNY100,2000-07-01,19.93529
M0,CNY100,2000-08-01,20.72087
M0,CNY100,2000-09-01,21.22024
M0,CNY100,2000-10-01,21.42236
M0,CNY100,2000-11-01,21.48791
M0,CNY100,2000-12-01,20.31814
M0,CNY100,2001-01-01,19.6753
M0,CNY100,2001-02-01,20.15145
M0,CNY100,2001-03-01,20.43436
M0,CNY100,2001-04-01,20.69019
M0,CNY100,2001-05-01,21.17961
M0,CNY100,2001-06-01,21.56724
M0,CNY100,2001-07-01,21.24191
M0,CNY100,2001-08-01,20.29491
M0,CNY100,2001-09-01,19.75935
M0,CNY100,2001-10-01,19.73922
M0,CNY100,2001-11-01,19.94041
M0,CNY100,2001-12-01,20.03229
M0,CNY100,2002-01-01,20.17748
M0,CNY100,2002-02-01,20.5054
M0,CNY100,2002-03-01,20.23138
M0,CNY100,2002-04-01,19.97732
M0,CNY100,2002-05-01,19.18352
M0,CNY100,2002-06-01,18.59635
M0,CNY100,2002-07-01,17.79626
M0,CNY100,2002-08-01,18.08309
M0,CNY100,2002-09-01,18.0511
M0,CNY100,2002-10-01,18.03609
M0,CNY100,2002-11-01,17.70781
M0,CNY100,2002-12-01,17.35582
M0,CNY100,2003-01-01,16.61987
M0,CNY100,2003-02-01,16.439
M0,CNY100,2003-03-01,16.4449
M0,CNY100,2003-04-01,16.649
M0,CNY100,2003-05-01,15.82109
M0,CNY100,2003-06-01,15.93552
M0,CNY100,2003-07-01,16.42465
M0,CNY100,2003-08-01,16.69057
M0,CNY100,2003-09-01,16.60377
M0,CNY100,2003-10-01,15.98791
M0,CNY100,2003-11-01,16.09155
M0,CNY100,2003-12-01,15.26139
M0,CNY100,2004-01-01,14.99023
M0,CNY100,2004-02-01,15.03665
M0,CNY100,2004-03-01,15.4283
M0,CNY100,2004-04-01,15.66368
M0,CNY100,2004-05-01,15.48543
M0,CNY100,2004-06-01,15.10368
M0,CNY100,2004-07-01,15.03855
M0,CNY100,2004-08-01,15.25
M0,CNY100,2004-09-01,15.25582
M0,CNY100,2004-10-01,14.91414
M0,CNY100,2004-11-01,14.14364
M0,CNY100,2004-12-01,13.85039
M0,CNY100,2005-01-01,14.25833
M0,CNY100,2005-02-01,14.3881
M0,CNY100,2005-03-01,14.20661
M0,CNY100,2005-04-01,14.44729
M0,CNY100,2005-05-01,14.71873
M0,CNY100,2005-06-01,15.30582
M0,CNY100,2005-07-01,15.74862
M0,CNY100,2005-08-01,15.58935
M0,CNY100,2005-09-01,15.64182
M0,CNY100,2005-10-01,15.92514
M0,CNY100,2005-11-01,16.224
M0,CNY100,2005-12-01,16.16923
M0,CNY100,2006-01-01,15.85032
M0,CNY100,2006-02-01,16.21775
M0,CNY100,2006-03-01,16.23974
M0,CNY100,2006-04-01,16.002
M0,CNY100,2006-05-01,15.21235
M0,CNY100,2006-06-01,15.38795
M0,CNY100,2006-07-01,15.47995
M0,CNY100,2006-08-01,15.45309
M0,CNY100,2006-09-01,15.68233
M0,CNY100,2006-10-01,15.94382
M0,CNY100,2006-11-01,15.70964
M0,CNY100,2006-12-01,15.47395
M0,CNY100,2007-01-01,15.95096
M0,CNY100,2007-02-01,15.9846
M0,CNY100,2007-03-01,15.74277
M0,CNY100,2007-04-01,15.6981
M0,CNY100,2007-05-01,15.91435
M0,CNY100,2007-06-01,16.15367
M0,CNY100,2007-07-01,15.93677
M0,CNY100,2007-08-01,15.88152
M0,CNY100,2007-09-01,15.7549
M0,CNY100,2007-10-01,15.65804
M0,CNY100,2007-11-01,15.13241
M0,CNY100,2007-12-01,15.48614
M0,CNY100,2008-01-01,15.23435
M0,CNY100,2008-02-01,15.22314
M0,CNY100,2008-03-01,14.30611
M0,CNY100,2008-04-01,14.46691
M0,CNY100,2008-05-01,14.97035
M0,CNY100,2008-06-01,15.03686
M0,CNY100,2008-07-01,15.00796
M0,CNY100,2008-08-01,15.8147
M0,CNY100,2008-09-01,16.22959
M0,CNY100,2008-10-01,16.70752
M0,CNY100,2008-11-01,17.4164
M0,CNY100,2008-12-01,16.71781
M0,CNY100,2009-01-01,16.50775
M0,CNY100,2009-02-01,17.0445
M0,CNY100,2009-03-01,16.89936
M0,CNY100,2009-04-01,16.80835
M0,CNY100,2009-05-01,16.24547
M0,CNY100,2009-06-01,15.81757
M0,CNY100,2009-07-01,15.80313
M0,CNY100,2009-08-01,15.64529
M0,CNY100,2009-09-01,15.24086
M0,CNY100,2009-10-01,14.96464
M0,CNY100,2009-11-01,14.82767
M0,CNY100,2009-12-01,15.06159
M0,CNY100,2010-01-01,15.1418
M0,CNY100,2010-02-01,15.69065
M0,CNY100,2010-03-01,15.62865
M0,CNY100,2010-04-01,15.65345
M0,CNY100,2010-05-01,16.52826
M0,CNY100,2010-06-01,16.54523
M0,CNY100,2010-07-01,15.56827
M0,CNY100,2010-08-01,15.32041
M0,CNY100,2010-09-01,14.86686
M0,CNY100,2010-10-01,14.50671
M0,CNY100,2010-11-01,14.80286
M0,CNY100,2010-12-01,14.54213
M0,CNY100,2011-01-01,14.48729
M0,CNY100,2011-02-01,14.42415
M0,CNY100,2011-03-01,13.98943
M0,CNY100,2011-04-01,13.73314
M0,CNY100,2011-05-01,13.44005
M0,CNY100,2011-06-01,12.97168
M0,CNY100,2011-07-01,12.73148
M0,CNY100,2011-08-01,12.18004
M0,CNY100,2011-09-01,13.6765
M0,CNY100,2011-10-01,14.1059
M0,CNY100,2011-11-01,14.31805
M0,CNY100,2011-12-01,14.74923
M0,CNY100,2012-01-01,14.85805
M0,CNY100,2012-02-01,14.4751
M0,CNY100,2012-03-01,14.47168
M0,CNY100,2012-04-01,14.50357
M0,CNY100,2012-05-01,14.89626
M0,CNY100,2012-06-01,15.16219
M0,CNY100,2012-07-01,15.45427
M0,CNY100,2012-08-01,15.27122
M0,CNY100,2012-09-01,14.8212
M0,CNY100,2012-10-01,14.75313
M0,CNY100,2012-11-01,14.91582
M0,CNY100,2012-12-01,14.64124
M0,CNY100,2013-01-01,14.70635
M0,CNY100,2013-02-01,14.6638
M0,CNY100,2013-03-01,15.08571
M0,CNY100,2013-04-01,14.99827
M0,CNY100,2013-05-01,15.42609
M0,CNY100,2013-06-01,15.1227
M0,CNY100,2013-07-01,15.31109
M0,CNY100,2013-08-01,15.0055
M0,CNY100,2013-09-01,14.99871
M0,CNY100,2013-10-01,14.70383
M0,CNY100,2013-11-01,14.877
M0,CNY100,2013-12-01,14.60436
M0,CNY100,2014-01-01,14.80174
M0,CNY100,2014-02-01,14.6223
M0,CNY100,2014-03-01,14.34595
M0,CNY100,2014-04-01,14.34323
M0,CNY100,2014-05-01,14.42173
M0,CNY100,2014-06-01,14.55052
M0,CNY100,2014-07-01,14.58257
M0,CNY100,2014-08-01,14.76962
M0,CNY100,2014-09-01,15.21673
M0,CNY100,2014-10-01,15.50278
M0,CNY100,2014-11-01,15.6972
M0,CNY100,2014-12-01,15.95091
M0,CNY100,2015-01-01,15.41714
M0,CNY100,2015-02-01,15.25755
M0,CNY100,2015-03-01,15.93818
M0,CNY100,2015-04-01,15.65341
M0,CNY100,2015-05-01,15.25
M0,CNY100,2015-06-01,15.23964
M0,CNY100,2015-07-01,15.60343
M0,CNY100,2015-08-01,15.3691
M0,CNY100,2015-09-01,15.26914
M0,CNY100,2015-10-01,15.25045
M0,CNY100,2015-11-01,15.86776
M0,CNY100,2015-12-01,15.425
M0,CNY100,2016-01-01,15.38371
M0,CNY100,2016-02-01,15.18605
M0,CNY100,2016-03-01,15.07735
M0,CNY100,2016-04-01,14.87981
M0,CNY100,2016-05-01,14.98445
M0,CNY100,2016-06-01,14.72073
M0,CNY100,2016-07-01,14.70981
M0,CNY100,2016-08-01,14.61139
M0,CNY100,2016-09-01,14.59509
M0,CNY100,2016-10-01,14.6759
M0,CNY100,2016-11-01,14.57818
M0,CNY100,2016-12-01,14.73886
M0,CNY100,2017-01-01,14.63364
M0,CNY100,2017-02-01,14.5826
M0,CNY100,2017-03-01,14.538
M0,CNY100,2017-04-01,14.53885
M0,CNY100,2017-05-01,14.3327
M0,CNY100,2017-06-01,14.23155
M0,CNY100,2017-07-01,14.19876
M0,CNY100,2017-08-01,14.46622
M0,CNY100,2017-09-01,14.66752
M0,CNY100,2017-10-01,14.83391
M0,CNY100,2017-11-01,14.97659
M0,CNY100,2017-12-01,14.97162
M0,CNY100,2018-01-01,14.92335
M0,CNY100,2018-02-01,14.78685
M0,CNY100,2018-03-01,14.99727
M0,CNY100,2018-04-01,15.37064
M0,CNY100,2018-05-01,15.63992
M0,CNY100,2018-06-01,15.30532
M0,CNY100,2018-07-01,14.80734
M0,CNY100,2018-08-01,14.42599
M0,CNY100,2018-09-01,14.11727
M0,CNY100,2018-10-01,14.35271
M0,CNY100,2018-11-01,14.4246
M0,CNY100,2018-12-01,14.41024
M0,CNY100,2019-01-01,14.58121
M0,CNY100,2019-02-01,14.86124
M0,CNY100,2019-03-01,14.90908
M0,CNY100,2019-04-01,14.98483
M0,CNY100,2019-05-01,14.74244
M0,CNY100,2019-06-01,14.33237
M0,CNY100,2019-07-01,14.35722
M0,CNY100,2019-08-01,13.84419
M0,CNY100,2019-09-01,13.91616
M0,CNY100,2019-10-01,14.00003
M0,CNY100,2019-11-01,14.14842
M0,CNY100,2019-12-01,14.01753
M0,CNY100,2020-01-01,14.03277
M0,CNY100,2020-02-01,13.94961
M0,CNY100,2020-03-01,13.63297
M0,CNY100,2020-04-01,13.72071
M0,CNY100,2020-05-01,13.65617
M0,CNY100,2020-06-01,13.42799
M0,CNY100,2020-07-01,13.33015
M0,CNY100,2020-08-01,13.1368
M0,CNY100,2020-09-01,13.42445
M0,CNY100,2020-10-01,13.56803
M0,CNY100,2020-11-01,13.79631
M0,CNY100,2020-12-01,13.58844
M0,CNY100,2021-01-01,13.70628
M0,CNY100,2021-02-01,13.89589
M0,CNY100,2021-03-01,14.27819
M0,CNY100,2021-04-01,14.13592
M0,CNY100,2021-05-01,14.0439
M0,CNY100,2021-06-01,14.13304
M0,CNY100,2021-07-01,14.18181
M0,CNY100,2021-08-01,14.11566
M0,CNY100,2021-09-01,14.28441
M0,CNY100,2021-10-01,14.38428
M0,CNY100,2021-11-01,14.4293
M0,CNY100,2021-12-01,14.46188
M0,CNY100,2022-01-01,14.45474
M0,CNY100,2022-02-01,14.54277
M0,CNY100,2022-03-01,14.65311
M0,CNY100,2022-04-01,14.66993
M0,CNY100,2022-05-01,14.63506
M0,CNY100,2022-06-01,14.47895
M0,CNY100,2022-07-01,14.40007
M0,CNY100,2022-08-01,14.06791
M0,CNY100,2022-09-01,13.85476
M0,CNY100,2022-10-01,13.83964
M0,CNY100,2022-11-01,13.45553
M0,CNY100,2022-12-01,13.35874
M0,CNY100,2023-01-01,13.60888
M0,CNY100,2023-02-01,13.52017
M0,CNY100,2023-03-01,13.41733
M0,CNY100,2023-04-01,13.0293
M0,CNY100,2023-05-01,12.84086
M0,CNY100,2023-06-01,12.57606
M0,CNY100,2023-07-01,12.15522
M0,CNY100,2023-08-01,12.10677
M0,CNY100,2023-09-01,12.30869
M0,CNY100,2023-10-01,12.36889
M0,CNY100,2023-11-01,12.33963
M0,CNY100,2023-12-01,12.12405
M0,CNY100,2024-01-01,11.97519
M0,CNY100,2024-02-01,12.18672
M0,CNY100,2024-03-01,12.32845
M0,CNY100,2024-04-01,12.56652
M0,CNY100,2024-05-01,12.56685
M0,CNY100,2024-06-01,12.32098
M0,CNY100,2024-07-01,12.28777
M0,CNY100,2024-08-01,11.99358
M0,CNY100,2024-09-01,11.96862
M0,CNY100,2024-10-01,12.14234
M0,CNY100,2024-11-01,12.21271
M0,CNY100,2024-12-01,12.23695
M0,CNY100,2025-01-01,12.45953
M0,CNY100,2025-02-01,12.42677
M0,CNY100,2025-03-01,12.18519
M0,CNY100,2025-04-01,11.46118
M0,CNY100,2025-05-01,11.49497
M0,CNY100,2025-06-01,11.33098
M0,CNY100,2025-07-01,11.12389
M0,CNY100,2025-08-01,11.24384
M0,CNY100,2025-09-01,11.18146
M0,CNY100,2025-10-01,11.20319
M0,CNY100,2025-11-01,11.30979
M0,CNY100,2025-12-01,11.31454
M0,CNY100,2026-01-01,11.34082
M0,CNY100,2026-02-01,11.18798
M0,CNY100,2026-03-01,11.41046
M0,CNY100,2026-04-01,11.51681
M0,CNY100,2026-05-01,11.52706
M0,CNY100,2026-06-01,11.79397
M0,CNY100,2026-07-01,11.95218
M0,CZK100,1999-01-01,4.4847
M0,CZK100,1999-02-01,4.2296
M0,CZK100,1999-03-01,4.1952
M0,CZK100,1999-04-01,4.2244
M0,CZK100,1999-05-01,4.2503
M0,CZK100,1999-06-01,4.3022
M0,CZK100,1999-07-01,4.4021
M0,CZK100,1999-08-01,4.3971
M0,CZK100,1999-09-01,4.4147
M0,CZK100,1999-10-01,4.3442
M0,CZK100,1999-11-01,4.4067
M0,CZK100,1999-12-01,4.4408
M0,CZK100,2000-01-01,4.4629
M0,CZK100,2000-02-01,4.4982
M0,CZK100,2000-03-01,4.5025
M0,CZK100,2000-04-01,4.3325
M0,CZK100,2000-05-01,4.2565
M0,CZK100,2000-06-01,4.3317
M0,CZK100,2000-07-01,4.3543
M0,CZK100,2000-08-01,4.3864
M0,CZK100,2000-09-01,4.3169
M0,CZK100,2000-10-01,4.2901
M0,CZK100,2000-11-01,4.3929
M0,CZK100,2000-12-01,4.3438
M0,CZK100,2001-01-01,4.3513
M0,CZK100,2001-02-01,4.4306
M0,CZK100,2001-03-01,4.4388
M0,CZK100,2001-04-01,4.423
M0,CZK100,2001-05-01,4.4596
M0,CZK100,2001-06-01,4.4819
M0,CZK100,2001-07-01,4.4685
M0,CZK100,2001-08-01,4.4455
M0,CZK100,2001-09-01,4.3653
M0,CZK100,2001-10-01,4.4079
M0,CZK100,2001-11-01,4.4024
M0,CZK100,2001-12-01,4.5312
M0,CZK100,2002-01-01,4.5957
M0,CZK100,2002-02-01,4.645
M0,CZK100,2002-03-01,4.6695
M0,CZK100,2002-04-01,4.8249
M0,CZK100,2002-05-01,4.7637
M0,CZK100,2002-06-01,4.8488
M0,CZK100,2002-07-01,4.9211
M0,CZK100,2002-08-01,4.7469
M0,CZK100,2002-09-01,4.8464
M0,CZK100,2002-10-01,4.7738
M0,CZK100,2002-11-01,4.7697
M0,CZK100,2002-12-01,4.7065
M0,CZK100,2003-01-01,4.6413
M0,CZK100,2003-02-01,4.6345
M0,CZK100,2003-03-01,4.6238
M0,CZK100,2003-04-01,4.7245
M0,CZK100,2003-05-01,4.8223
M0,CZK100,2003-06-01,4.899
M0,CZK100,2003-07-01,4.8503
M0,CZK100,2003-08-01,4.7695
M0,CZK100,2003-09-01,4.7758
M0,CZK100,2003-10-01,4.8365
M0,CZK100,2003-11-01,4.8729
M0,CZK100,2003-12-01,4.8072
M0,CZK100,2004-01-01,4.7799
M0,CZK100,2004-02-01,4.7872
M0,CZK100,2004-03-01,4.7472
M0,CZK100,2004-04-01,4.7781
M0,CZK100,2004-05-01,4.8101
M0,CZK100,2004-06-01,4.7975
M0,CZK100,2004-07-01,4.8377
M0,CZK100,2004-08-01,4.8584
M0,CZK100,2004-09-01,4.8793
M0,CZK100,2004-10-01,4.8973
M0,CZK100,2004-11-01,4.861
M0,CZK100,2004-12-01,5.0051
M0,CZK100,2005-01-01,5.0993
M0,CZK100,2005-02-01,5.1667
M0,CZK100,2005-03-01,5.198
M0,CZK100,2005-04-01,5.1336
M0,CZK100,2005-05-01,5.1017
M0,CZK100,2005-06-01,5.1184
M0,CZK100,2005-07-01,5.1574
M0,CZK100,2005-08-01,5.2459
M0,CZK100,2005-09-01,5.2793
M0,CZK100,2005-10-01,5.2164
M0,CZK100,2005-11-01,5.2726
M0,CZK100,2005-12-01,5.3418
M0,CZK100,2006-01-01,5.3932
M0,CZK100,2006-02-01,5.4813
M0,CZK100,2006-03-01,5.4752
M0,CZK100,2006-04-01,5.5207
M0,CZK100,2006-05-01,5.5009
M0,CZK100,2006-06-01,5.4973
M0,CZK100,2006-07-01,5.511
M0,CZK100,2006-08-01,5.5942
M0,CZK100,2006-09-01,5.5761
M0,CZK100,2006-10-01,5.6168
M0,CZK100,2006-11-01,5.6772
M0,CZK100,2006-12-01,5.7401
M0,CZK100,2007-01-01,5.7973
M0,CZK100,2007-02-01,5.7388
M0,CZK100,2007-03-01,5.743
M0,CZK100,2007-04-01,5.8443
M0,CZK100,2007-05-01,5.84
M0,CZK100,2007-06-01,5.7924
M0,CZK100,2007-07-01,5.8381
M0,CZK100,2007-08-01,5.8757
M0,CZK100,2007-09-01,5.971
M0,CZK100,2007-10-01,6.1034
M0,CZK100,2007-11-01,6.1629
M0,CZK100,2007-12-01,6.3038
M0,CZK100,2008-01-01,6.2134
M0,CZK100,2008-02-01,6.3307
M0,CZK100,2008-03-01,6.2305
M0,CZK100,2008-04-01,6.3571
M0,CZK100,2008-05-01,6.4621
M0,CZK100,2008-06-01,6.6278
M0,CZK100,2008-07-01,6.8688
M0,CZK100,2008-08-01,6.6645
M0,CZK100,2008-09-01,6.5093
M0,CZK100,2008-10-01,6.1281
M0,CZK100,2008-11-01,6.018
M0,CZK100,2008-12-01,5.8934
M0,CZK100,2009-01-01,5.4944
M0,CZK100,2009-02-01,5.2273
M0,CZK100,2009-03-01,5.5266
M0,CZK100,2009-04-01,5.6471
M0,CZK100,2009-05-01,5.6494
M0,CZK100,2009-06-01,5.7044
M0,CZK100,2009-07-01,5.8866
M0,CZK100,2009-08-01,5.936
M0,CZK100,2009-09-01,5.9676
M0,CZK100,2009-10-01,5.8541
M0,CZK100,2009-11-01,5.8438
M0,CZK100,2009-12-01,5.7576
M0,CZK100,2010-01-01,5.6489
M0,CZK100,2010-02-01,5.6496
M0,CZK100,2010-03-01,5.6646
M0,CZK100,2010-04-01,5.6675
M0,CZK100,2010-05-01,5.5331
M0,CZK100,2010-06-01,5.3431
M0,CZK100,2010-07-01,5.3157
M0,CZK100,2010-08-01,5.4115
M0,CZK100,2010-09-01,5.3017
M0,CZK100,2010-10-01,5.4825
M0,CZK100,2010-11-01,5.4563
M0,CZK100,2010-12-01,5.0866
M0,CZK100,2011-01-01,5.2229
M0,CZK100,2011-02-01,5.3386
M0,CZK100,2011-03-01,5.2752
M0,CZK100,2011-04-01,5.3391
M0,CZK100,2011-05-01,5.1398
M0,CZK100,2011-06-01,4.9792
M0,CZK100,2011-07-01,4.8369
M0,CZK100,2011-08-01,4.616
M0,CZK100,2011-09-01,4.8921
M0,CZK100,2011-10-01,4.954
M0,CZK100,2011-11-01,4.837
M0,CZK100,2011-12-01,4.8108
M0,CZK100,2012-01-01,4.7449
M0,CZK100,2012-02-01,4.8216
M0,CZK100,2012-03-01,4.8862
M0,CZK100,2012-04-01,4.8486
M0,CZK100,2012-05-01,4.7501
M0,CZK100,2012-06-01,4.6852
M0,CZK100,2012-07-01,4.7179
M0,CZK100,2012-08-01,4.8003
M0,CZK100,2012-09-01,4.8851
M0,CZK100,2012-10-01,4.8507
M0,CZK100,2012-11-01,4.7546
M0,CZK100,2012-12-01,4.7975
M0,CZK100,2013-01-01,4.8106
M0,CZK100,2013-02-01,4.8282
M0,CZK100,2013-03-01,4.7802
M0,CZK100,2013-04-01,4.7199
M0,CZK100,2013-05-01,4.7912
M0,CZK100,2013-06-01,4.7894
M0,CZK100,2013-07-01,4.7661
M0,CZK100,2013-08-01,4.7779
M0,CZK100,2013-09-01,4.7841
M0,CZK100,2013-10-01,4.7976
M0,CZK100,2013-11-01,4.5876
M0,CZK100,2013-12-01,4.4528
M0,CZK100,2014-01-01,4.4824
M0,CZK100,2014-02-01,4.45
M0,CZK100,2014-03-01,4.4452
M0,CZK100,2014-04-01,4.4403
M0,CZK100,2014-05-01,4.4474
M0,CZK100,2014-06-01,4.4362
M0,CZK100,2014-07-01,4.4244
M0,CZK100,2014-08-01,4.3579
M0,CZK100,2014-09-01,4.3754
M0,CZK100,2014-10-01,4.3777
M0,CZK100,2014-11-01,4.3451
M0,CZK100,2014-12-01,4.3498
M0,CZK100,2015-01-01,3.9589
M0,CZK100,2015-02-01,3.8464
M0,CZK100,2015-03-01,3.8741
M0,CZK100,2015-04-01,3.7829
M0,CZK100,2015-05-01,3.7937
M0,CZK100,2015-06-01,3.8244
M0,CZK100,2015-07-01,3.8698
M0,CZK100,2015-08-01,3.9865
M0,CZK100,2015-09-01,4.0299
M0,CZK100,2015-10-01,4.0125
M0,CZK100,2015-11-01,4.0042
M0,CZK100,2015-12-01,4.0066
M0,CZK100,2016-01-01,4.0412
M0,CZK100,2016-02-01,4.0749
M0,CZK100,2016-03-01,4.0364
M0,CZK100,2016-04-01,4.0435
M0,CZK100,2016-05-01,4.0896
M0,CZK100,2016-06-01,4.0285
M0,CZK100,2016-07-01,4.0186
M0,CZK100,2016-08-01,4.0241
M0,CZK100,2016-09-01,4.0416
M0,CZK100,2016-10-01,4.0273
M0,CZK100,2016-11-01,3.979
M0,CZK100,2016-12-01,3.9785
M0,CZK100,2017-01-01,3.9643
M0,CZK100,2017-02-01,3.9447
M0,CZK100,2017-03-01,3.9619
M0,CZK100,2017-04-01,3.9959
M0,CZK100,2017-05-01,4.0955
M0,CZK100,2017-06-01,4.1401
M0,CZK100,2017-07-01,4.2377
M0,CZK100,2017-08-01,4.3639
M0,CZK100,2017-09-01,4.397
M0,CZK100,2017-10-01,4.4774
M0,CZK100,2017-11-01,4.5577
M0,CZK100,2017-12-01,4.5523
M0,CZK100,2018-01-01,4.6051
M0,CZK100,2018-02-01,4.5593
M0,CZK100,2018-03-01,4.5944
M0,CZK100,2018-04-01,4.68582
M0,CZK100,2018-05-01,4.59836
M0,CZK100,2018-06-01,4.48094
M0,CZK100,2018-07-01,4.49362
M0,CZK100,2018-08-01,4.43934
M0,CZK100,2018-09-01,4.40765
M0,CZK100,2018-10-01,4.41849
M0,CZK100,2018-11-01,4.38578
M0,CZK100,2018-12-01,4.37203
M0,CZK100,2019-01-01,4.40536
M0,CZK100,2019-02-01,4.4181
M0,CZK100,2019-03-01,4.40732
M0,CZK100,2019-04-01,4.40673
M0,CZK100,2019-05-01,4.38903
M0,CZK100,2019-06-01,4.36008
M0,CZK100,2019-07-01,4.3371
M0,CZK100,2019-08-01,4.22089
M0,CZK100,2019-09-01,4.21641
M0,CZK100,2019-10-01,4.27289
M0,CZK100,2019-11-01,4.29952
M0,CZK100,2019-12-01,4.2871
M0,CZK100,2020-01-01,4.26998
M0,CZK100,2020-02-01,4.24988
M0,CZK100,2020-03-01,3.99434
M0,CZK100,2020-04-01,3.86821
M0,CZK100,2020-05-01,3.87334
M0,CZK100,2020-06-01,4.02055
M0,CZK100,2020-07-01,4.03661
M0,CZK100,2020-08-01,4.11513
M0,CZK100,2020-09-01,4.03623
M0,CZK100,2020-10-01,3.94606
M0,CZK100,2020-11-01,4.07133
M0,CZK100,2020-12-01,4.11161
M0,CZK100,2021-01-01,4.12933
M0,CZK100,2021-02-01,4.19592
M0,CZK100,2021-03-01,4.22369
M0,CZK100,2021-04-01,4.25505
M0,CZK100,2021-05-01,4.28878
M0,CZK100,2021-06-01,4.29922
M0,CZK100,2021-07-01,4.23432
M0,CZK100,2021-08-01,4.22482
M0,CZK100,2021-09-01,4.27845
M0,CZK100,2021-10-01,4.2023
M0,CZK100,2021-11-01,4.14278
M0,CZK100,2021-12-01,4.12174
M0,CZK100,2022-01-01,4.2518
M0,CZK100,2022-02-01,4.28312
M0,CZK100,2022-03-01,4.10213
M0,CZK100,2022-04-01,4.18104
M0,CZK100,2022-05-01,4.18452
M0,CZK100,2022-06-01,4.14539
M0,CZK100,2022-07-01,4.01505
M0,CZK100,2022-08-01,3.94514
M0,CZK100,2022-09-01,3.92288
M0,CZK100,2022-10-01,3.98994
M0,CZK100,2022-11-01,4.03946
M0,CZK100,2022-12-01,4.06462
M0,CZK100,2023-01-01,4.15871
M0,CZK100,2023-02-01,4.17426
M0,CZK100,2023-03-01,4.18025
M0,CZK100,2023-04-01,4.20058
M0,CZK100,2023-05-01,4.13438
M0,CZK100,2023-06-01,4.11796
M0,CZK100,2023-07-01,4.04406
M0,CZK100,2023-08-01,3.97315
M0,CZK100,2023-09-01,3.93741
M0,CZK100,2023-10-01,3.88537
M0,CZK100,2023-11-01,3.93438
M0,CZK100,2023-12-01,3.85846
M0,CZK100,2024-01-01,3.7888
M0,CZK100,2024-02-01,3.74971
M0,CZK100,2024-03-01,3.81642
M0,CZK100,2024-04-01,3.86082
M0,CZK100,2024-05-01,3.9596
M0,CZK100,2024-06-01,3.88326
M0,CZK100,2024-07-01,3.82691
M0,CZK100,2024-08-01,3.75497
M0,CZK100,2024-09-01,3.74907
M0,CZK100,2024-10-01,3.71029
M0,CZK100,2024-11-01,3.6963
M0,CZK100,2024-12-01,3.71591
M0,CZK100,2025-01-01,3.74265
M0,CZK100,2025-02-01,3.75307
M0,CZK100,2025-03-01,3.81862
M0,CZK100,2025-04-01,3.745
M0,CZK100,2025-05-01,3.75546
M0,CZK100,2025-06-01,3.78079
M0,CZK100,2025-07-01,3.78631
M0,CZK100,2025-08-01,3.82938
M0,CZK100,2025-09-01,3.83955
M0,CZK100,2025-10-01,3.81913
M0,CZK100,2025-11-01,3.83201
M0,CZK100,2025-12-01,3.84657
M0,CZK100,2026-01-01,3.82044
M0,CZK100,2026-02-01,3.76823
M0,CZK100,2026-03-01,3.72058
M0,CZK100,2026-04-01,3.77782
M0,CZK100,2026-05-01,3.76308
M0,CZK100,2026-06-01,3.80219
M0,CZK100,2026-07-01,3.82249
M0,DKK100,1952-03-01,63.27
M0,DKK100,1952-04-01,63.275
M0,DKK100,1952-05-01,63.275
M0,DKK100,1952-06-01,63.275
M0,DKK100,1952-07-01,63.275
M0,DKK100,1952-08-01,63.275
M0,DKK100,1952-09-01,63.275
M0,DKK100,1952-10-01,63.275
M0,DKK100,1952-11-01,63.293
M0,DKK100,1952-12-01,63.3
M0,DKK100,1953-01-01,63.3
M0,DKK100,1953-02-01,63.3
M0,DKK100,1953-03-01,63.3
M0,DKK100,1953-04-01,63.277
M0,DKK100,1953-05-01,63.219
M0,DKK100,1953-06-01,63.038
M0,DKK100,1953-07-01,62.946
M0,DKK100,1953-08-01,62.913
M0,DKK100,1953-09-01,62.888
M0,DKK100,1953-10-01,62.861
M0,DKK100,1953-11-01,62.949
M0,DKK100,1953-12-01,63.062
M0,DKK100,1954-01-01,63.103
M0,DKK100,1954-02-01,62.956
M0,DKK100,1954-03-01,62.889
M0,DKK100,1954-04-01,62.891
M0,DKK100,1954-05-01,62.928
M0,DKK100,1954-06-01,62.855
M0,DKK100,1954-07-01,62.859
M0,DKK100,1954-08-01,62.847
M0,DKK100,1954-09-01,62.839
M0,DKK100,1954-10-01,62.902
M0,DKK100,1954-11-01,63.009
M0,DKK100,1954-12-01,63.093
M0,DKK100,1955-01-01,63.206
M0,DKK100,1955-02-01,63.191
M0,DKK100,1955-03-01,63.284
M0,DKK100,1955-04-01,63.297
M0,DKK100,1955-05-01,63.09
M0,DKK100,1955-06-01,63
M0,DKK100,1955-07-01,62.901
M0,DKK100,1955-08-01,62.876
M0,DKK100,1955-09-01,62.946
M0,DKK100,1955-10-01,63.16
M0,DKK100,1955-11-01,63.305
M0,DKK100,1955-12-01,63.34
M0,DKK100,1956-01-01,63.383
M0,DKK100,1956-02-01,63.296
M0,DKK100,1956-03-01,63.246
M0,DKK100,1956-04-01,63.289
M0,DKK100,1956-05-01,63.199
M0,DKK100,1956-06-01,63.065
M0,DKK100,1956-07-01,63.01
M0,DKK100,1956-08-01,62.927
M0,DKK100,1956-09-01,63.053
M0,DKK100,1956-10-01,63.24
M0,DKK100,1956-11-01,63.174
M0,DKK100,1956-12-01,63.195
M0,DKK100,1957-01-01,63.239
M0,DKK100,1957-02-01,63.26
M0,DKK100,1957-03-01,63.148
M0,DKK100,1957-04-01,63.09
M0,DKK100,1957-05-01,63.007
M0,DKK100,1957-06-01,62.973
M0,DKK100,1957-07-01,63.045
M0,DKK100,1957-08-01,62.901
M0,DKK100,1957-09-01,62.926
M0,DKK100,1957-10-01,63.25
M0,DKK100,1957-11-01,63.295
M0,DKK100,1957-12-01,63.358
M0,DKK100,1958-01-01,63.334
M0,DKK100,1958-02-01,63.42
M0,DKK100,1958-03-01,63.403
M0,DKK100,1958-04-01,63.271
M0,DKK100,1958-05-01,63.211
M0,DKK100,1958-06-01,63.22
M0,DKK100,1958-07-01,63.091
M0,DKK100,1958-08-01,63.118
M0,DKK100,1958-09-01,63.1
M0,DKK100,1958-10-01,63.156
M0,DKK100,1958-11-01,63.224
M0,DKK100,1958-12-01,63.044
M0,DKK100,1959-01-01,62.502
M0,DKK100,1959-02-01,62.517
M0,DKK100,1959-03-01,62.742
M0,DKK100,1959-04-01,62.793
M0,DKK100,1959-05-01,62.738
M0,DKK100,1959-06-01,62.624
M0,DKK100,1959-07-01,62.584
M0,DKK100,1959-08-01,62.588
M0,DKK100,1959-09-01,62.703
M0,DKK100,1959-10-01,62.954
M0,DKK100,1959-11-01,62.913
M0,DKK100,1959-12-01,62.628
M0,DKK100,1960-01-01,62.62
M0,DKK100,1960-02-01,62.82
M0,DKK100,1960-03-01,62.887
M0,DKK100,1960-04-01,62.957
M0,DKK100,1960-05-01,62.616
M0,DKK100,1960-06-01,62.52
M0,DKK100,1960-07-01,62.595
M0,DKK100,1960-08-01,62.554
M0,DKK100,1960-09-01,62.61
M0,DKK100,1960-10-01,62.577
M0,DKK100,1960-11-01,62.557
M0,DKK100,1960-12-01,62.472
M0,DKK100,1961-01-01,62.444
M0,DKK100,1961-02-01,62.51
M0,DKK100,1961-03-01,62.541
M0,DKK100,1961-04-01,62.554
M0,DKK100,1961-05-01,62.483
M0,DKK100,1961-06-01,62.344
M0,DKK100,1961-07-01,62.262
M0,DKK100,1961-08-01,62.522
M0,DKK100,1961-09-01,62.649
M0,DKK100,1961-10-01,62.767
M0,DKK100,1961-11-01,62.756
M0,DKK100,1961-12-01,62.746
M0,DKK100,1962-01-01,62.724
M0,DKK100,1962-02-01,62.826
M0,DKK100,1962-03-01,63.064
M0,DKK100,1962-04-01,63.05
M0,DKK100,1962-05-01,62.757
M0,DKK100,1962-06-01,62.612
M0,DKK100,1962-07-01,62.522
M0,DKK100,1962-08-01,62.482
M0,DKK100,1962-09-01,62.435
M0,DKK100,1962-10-01,62.41
M0,DKK100,1962-11-01,62.37
M0,DKK100,1962-12-01,62.56
M0,DKK100,1963-01-01,62.646
M0,DKK100,1963-02-01,62.615
M0,DKK100,1963-03-01,62.718
M0,DKK100,1963-04-01,62.726
M0,DKK100,1963-05-01,62.6
M0,DKK100,1963-06-01,62.652
M0,DKK100,1963-07-01,62.641
M0,DKK100,1963-08-01,62.463
M0,DKK100,1963-09-01,62.507
M0,DKK100,1963-10-01,62.481
M0,DKK100,1963-11-01,62.506
M0,DKK100,1963-12-01,62.53
M0,DKK100,1964-01-01,62.45
M0,DKK100,1964-02-01,62.514
M0,DKK100,1964-03-01,62.66
M0,DKK100,1964-04-01,62.623
M0,DKK100,1964-05-01,62.49
M0,DKK100,1964-06-01,62.438
M0,DKK100,1964-07-01,62.481
M0,DKK100,1964-08-01,62.379
M0,DKK100,1964-09-01,62.351
M0,DKK100,1964-10-01,62.294
M0,DKK100,1964-11-01,62.268
M0,DKK100,1964-12-01,62.389
M0,DKK100,1965-01-01,62.452
M0,DKK100,1965-02-01,62.583
M0,DKK100,1965-03-01,62.767
M0,DKK100,1965-04-01,62.81
M0,DKK100,1965-05-01,62.827
M0,DKK100,1965-06-01,62.524
M0,DKK100,1965-07-01,62.352
M0,DKK100,1965-08-01,62.191
M0,DKK100,1965-09-01,62.403
M0,DKK100,1965-10-01,62.637
M0,DKK100,1965-11-01,62.653
M0,DKK100,1965-12-01,62.679
M0,DKK100,1966-01-01,62.828
M0,DKK100,1966-02-01,62.805
M0,DKK100,1966-03-01,62.882
M0,DKK100,1966-04-01,62.693
M0,DKK100,1966-05-01,62.405
M0,DKK100,1966-06-01,62.394
M0,DKK100,1966-07-01,62.359
M0,DKK100,1966-08-01,62.453
M0,DKK100,1966-09-01,62.614
M0,DKK100,1966-10-01,62.801
M0,DKK100,1966-11-01,62.537
M0,DKK100,1966-12-01,62.608
M0,DKK100,1967-01-01,62.653
M0,DKK100,1967-02-01,62.623
M0,DKK100,1967-03-01,62.678
M0,DKK100,1967-04-01,62.582
M0,DKK100,1967-05-01,62.37
M0,DKK100,1967-06-01,62.327
M0,DKK100,1967-07-01,62.309
M0,DKK100,1967-08-01,62.446
M0,DKK100,1967-09-01,62.598
M0,DKK100,1967-10-01,62.587
M0,DKK100,1967-12-01,57.868
M0,DKK100,1968-01-01,58.252
M0,DKK100,1968-02-01,58.312
M0,DKK100,1968-03-01,58.204
M0,DKK100,1968-04-01,58.172
M0,DKK100,1968-05-01,57.934
M0,DKK100,1968-06-01,57.502
M0,DKK100,1968-07-01,57.232
M0,DKK100,1968-08-01,57.276
M0,DKK100,1968-09-01,57.272
M0,DKK100,1968-10-01,57.244
M0,DKK100,1968-11-01,57.215
M0,DKK100,1968-12-01,57.354
M0,DKK100,1969-01-01,57.522
M0,DKK100,1969-02-01,57.401
M0,DKK100,1969-03-01,57.268
M0,DKK100,1969-04-01,57.414
M0,DKK100,1969-05-01,57.39
M0,DKK100,1969-06-01,57.293
M0,DKK100,1969-07-01,57.257
M0,DKK100,1969-08-01,57.171
M0,DKK100,1969-09-01,57.11
M0,DKK100,1969-10-01,57.22
M0,DKK100,1969-11-01,57.676
M0,DKK100,1969-12-01,57.51
M0,DKK100,1970-01-01,57.54
M0,DKK100,1970-02-01,57.3375
M0,DKK100,1970-03-01,57.4884
M0,DKK100,1970-04-01,57.3259
M0,DKK100,1970-05-01,57.435
M0,DKK100,1970-06-01,57.5273
M0,DKK100,1970-07-01,57.373
M0,DKK100,1970-08-01,57.3324
M0,DKK100,1970-09-01,57.4023
M0,DKK100,1970-10-01,57.7055
M0,DKK100,1970-11-01,57.5986
M0,DKK100,1970-12-01,57.5886
M0,DKK100,1971-01-01,57.5205
M0,DKK100,1971-02-01,57.4095
M0,DKK100,1971-03-01,57.483
M0,DKK100,1971-04-01,57.4005
M0,DKK100,1971-05-01,54.87
M0,DKK100,1971-06-01,54.6018
M0,DKK100,1971-07-01,54.6023
M0,DKK100,1971-08-01,54.0512
M0,DKK100,1971-09-01,54.435
M0,DKK100,1971-10-01,54.7119
M0,DKK100,1971-11-01,54.8291
M0,DKK100,1971-12-01,54.6391
M0,DKK100,1972-01-01,55.3238
M0,DKK100,1972-02-01,55.1838
M0,DKK100,1972-03-01,55.3077
M0,DKK100,1972-04-01,55.1568
M0,DKK100,1972-05-01,55.336
M0,DKK100,1972-06-01,55.0313
M0,DKK100,1972-07-01,54.0752
M0,DKK100,1972-08-01,54.5845
M0,DKK100,1972-09-01,54.8188
M0,DKK100,1972-10-01,54.9219
M0,DKK100,1972-11-01,55.0518
M0,DKK100,1972-12-01,55.0495
M0,DKK100,1973-01-01,54.2024
M0,DKK100,1973-02-01,52.4
M0,DKK100,1973-03-01,52.2762
M0,DKK100,1973-04-01,52.1442
M0,DKK100,1973-05-01,51.5105
M0,DKK100,1973-06-01,52.2735
M0,DKK100,1973-07-01,50.6305
M0,DKK100,1973-08-01,51.9214
M0,DKK100,1973-09-01,52.684
M0,DKK100,1973-10-01,53.5017
M0,DKK100,1973-11-01,52.9795
M0,DKK100,1973-12-01,51.4912
M0,DKK100,1974-01-01,50.4586
M0,DKK100,1974-02-01,49.309
M0,DKK100,1974-03-01,49.3652
M0,DKK100,1974-04-01,49.8425
M0,DKK100,1974-05-01,49.4929
M0,DKK100,1974-06-01,50.0816
M0,DKK100,1974-07-01,49.95
M0,DKK100,1974-08-01,49.381
M0,DKK100,1974-09-01,48.3595
M0,DKK100,1974-10-01,48.0813
M0,DKK100,1974-11-01,46.7857
M0,DKK100,1974-12-01,45.2632
M0,DKK100,1975-01-01,44.9405
M0,DKK100,1975-02-01,44.795
M0,DKK100,1975-03-01,45.5263
M0,DKK100,1975-04-01,46.325
M0,DKK100,1975-05-01,45.8526
M0,DKK100,1975-06-01,45.8524
M0,DKK100,1975-07-01,45.713
M0,DKK100,1975-08-01,45.0025
M0,DKK100,1975-09-01,44.6068
M0,DKK100,1975-10-01,44.2457
M0,DKK100,1975-11-01,43.962
M0,DKK100,1975-12-01,42.8795
M0,DKK100,1976-01-01,42.2575
M0,DKK100,1976-02-01,41.845
M0,DKK100,1976-03-01,41.7217
M0,DKK100,1976-04-01,41.8575
M0,DKK100,1976-05-01,41.03
M0,DKK100,1976-06-01,40.3086
M0,DKK100,1976-07-01,40.3091
M0,DKK100,1976-08-01,40.7886
M0,DKK100,1976-09-01,41.2614
M0,DKK100,1976-10-01,41.5071
M0,DKK100,1976-11-01,41.3273
M0,DKK100,1976-12-01,41.9587
M0,DKK100,1977-01-01,42.2476
M0,DKK100,1977-02-01,42.5475
M0,DKK100,1977-03-01,43.4891
M0,DKK100,1977-04-01,42.2158
M0,DKK100,1977-05-01,41.9325
M0,DKK100,1977-06-01,41.1659
M0,DKK100,1977-07-01,40.4286
M0,DKK100,1977-08-01,39.9205
M0,DKK100,1977-09-01,38.45
M0,DKK100,1977-10-01,37.2381
M0,DKK100,1977-11-01,35.9091
M0,DKK100,1977-12-01,34.919
M0,DKK100,1978-01-01,34.3929
M0,DKK100,1978-02-01,33.5375
M0,DKK100,1978-03-01,33.875
M0,DKK100,1978-04-01,33.8368
M0,DKK100,1978-05-01,34.42
M0,DKK100,1978-06-01,33.3727
M0,DKK100,1978-07-01,32.119
M0,DKK100,1978-08-01,30.2455
M0,DKK100,1978-09-01,28.8881
M0,DKK100,1978-10-01,29.9818
M0,DKK100,1978-11-01,31.7636
M0,DKK100,1978-12-01,31.9447
M0,DKK100,1979-01-01,32.55
M0,DKK100,1979-02-01,32.5175
M0,DKK100,1979-03-01,32.3364
M0,DKK100,1979-04-01,32.4816
M0,DKK100,1979-05-01,32.019
M0,DKK100,1979-06-01,31.275
M0,DKK100,1979-07-01,31.3636
M0,DKK100,1979-08-01,31.3818
M0,DKK100,1979-09-01,31.0725
M0,DKK100,1979-10-01,31.0326
M0,DKK100,1979-11-01,31.2818
M0,DKK100,1979-12-01,29.7471
M0,DKK100,1980-01-01,29.5524
M0,DKK100,1980-02-01,29.9762
M0,DKK100,1980-03-01,30.481
M0,DKK100,1980-04-01,30.0135
M0,DKK100,1980-05-01,29.65
M0,DKK100,1980-06-01,29.7095
M0,DKK100,1980-07-01,29.6543
M0,DKK100,1980-08-01,29.8079
M0,DKK100,1980-09-01,29.5818
M0,DKK100,1980-10-01,29.2717
M0,DKK100,1980-11-01,29.23
M0,DKK100,1980-12-01,29.4833
M0,DKK100,1981-01-01,29.4225
M0,DKK100,1981-02-01,29.4525
M0,DKK100,1981-03-01,29.0068
M0,DKK100,1981-04-01,28.945
M0,DKK100,1981-05-01,28.5868
M0,DKK100,1981-06-01,27.719
M0,DKK100,1981-07-01,27.3739
M0,DKK100,1981-08-01,27.5571
M0,DKK100,1981-09-01,27.4
M0,DKK100,1981-10-01,26.0727
M0,DKK100,1981-11-01,24.8905
M0,DKK100,1981-12-01,24.7341
M0,DKK100,1982-01-01,24.595
M0,DKK100,1982-02-01,24.25
M0,DKK100,1982-03-01,23.4674
M0,DKK100,1982-04-01,24.0025
M0,DKK100,1982-05-01,24.8026
M0,DKK100,1982-06-01,24.8545
M0,DKK100,1982-07-01,24.5318
M0,DKK100,1982-08-01,24.3909
M0,DKK100,1982-09-01,24.2568
M0,DKK100,1982-10-01,24.3095
M0,DKK100,1982-11-01,24.4818
M0,DKK100,1982-12-01,24.0043
M0,DKK100,1983-01-01,23.3571
M0,DKK100,1983-02-01,23.465
M0,DKK100,1983-03-01,23.8935
M0,DKK100,1983-04-01,23.6921
M0,DKK100,1983-05-01,23.37
M0,DKK100,1983-06-01,23.1227
M0,DKK100,1983-07-01,22.7381
M0,DKK100,1983-08-01,22.425
M0,DKK100,1983-09-01,22.5227
M0,DKK100,1983-10-01,22.3786
M0,DKK100,1983-11-01,22.4
M0,DKK100,1983-12-01,22.0429
M0,DKK100,1984-01-01,21.9705
M0,DKK100,1984-02-01,22.3652
M0,DKK100,1984-03-01,22.555
M0,DKK100,1984-04-01,22.5232
M0,DKK100,1984-05-01,22.5114
M0,DKK100,1984-06-01,22.704
M0,DKK100,1984-07-01,23.1027
M0,DKK100,1984-08-01,22.9532
M0,DKK100,1984-09-01,22.801
M0,DKK100,1984-10-01,22.7491
M0,DKK100,1984-11-01,22.7986
M0,DKK100,1984-12-01,23.0029
M0,DKK100,1985-01-01,23.4671
M0,DKK100,1985-02-01,23.7285
M0,DKK100,1985-03-01,23.7414
M0,DKK100,1985-04-01,23.342
M0,DKK100,1985-05-01,23.388
M0,DKK100,1985-06-01,23.37
M0,DKK100,1985-07-01,23.05
M0,DKK100,1985-08-01,22.669
M0,DKK100,1985-09-01,22.6729
M0,DKK100,1985-10-01,22.5909
M0,DKK100,1985-11-01,22.6695
M0,DKK100,1985-12-01,23.0545
M0,DKK100,1986-01-01,23.0876
M0,DKK100,1986-02-01,22.7125
M0,DKK100,1986-03-01,22.7921
M0,DKK100,1986-04-01,22.6695
M0,DKK100,1986-05-01,22.4642
M0,DKK100,1986-06-01,22.2219
M0,DKK100,1986-07-01,21.6735
M0,DKK100,1986-08-01,21.405
M0,DKK100,1986-09-01,21.3986
M0,DKK100,1986-10-01,21.7196
M0,DKK100,1986-11-01,22.053
M0,DKK100,1986-12-01,22.1376
M0,DKK100,1987-01-01,22.117
M0,DKK100,1987-02-01,22.344
M0,DKK100,1987-03-01,22.2532
M0,DKK100,1987-04-01,21.881
M0,DKK100,1987-05-01,21.8221
M0,DKK100,1987-06-01,22.0133
M0,DKK100,1987-07-01,21.8965
M0,DKK100,1987-08-01,21.581
M0,DKK100,1987-09-01,21.4918
M0,DKK100,1987-10-01,21.5868
M0,DKK100,1987-11-01,21.289
M0,DKK100,1987-12-01,21.105
M0,DKK100,1988-01-01,21.182
M0,DKK100,1988-02-01,21.439
M0,DKK100,1988-03-01,21.573
M0,DKK100,1988-04-01,21.5321
M0,DKK100,1988-05-01,21.732
M0,DKK100,1988-06-01,21.8655
M0,DKK100,1988-07-01,21.8367
M0,DKK100,1988-08-01,21.9255
M0,DKK100,1988-09-01,21.9764
M0,DKK100,1988-10-01,21.96
M0,DKK100,1988-11-01,21.7395
M0,DKK100,1988-12-01,21.7948
M0,DKK100,1989-01-01,21.9471
M0,DKK100,1989-02-01,21.856
M0,DKK100,1989-03-01,22.0695
M0,DKK100,1989-04-01,22.6205
M0,DKK100,1989-05-01,22.7945
M0,DKK100,1989-06-01,22.1795
M0,DKK100,1989-07-01,22.1538
M0,DKK100,1989-08-01,22.1732
M0,DKK100,1989-09-01,22.2333
M0,DKK100,1989-10-01,22.4173
M0,DKK100,1989-11-01,22.7586
M0,DKK100,1989-12-01,23.1658
M0,DKK100,1990-01-01,23.0814
M0,DKK100,1990-02-01,22.999
M0,DKK100,1990-03-01,23.1405
M0,DKK100,1990-04-01,23.0947
M0,DKK100,1990-05-01,22.4014
M0,DKK100,1990-06-01,22.214
M0,DKK100,1990-07-01,22.3036
M0,DKK100,1990-08-01,21.8255
M0,DKK100,1990-09-01,21.782
M0,DKK100,1990-10-01,22.0091
M0,DKK100,1990-11-01,22.0486
M0,DKK100,1990-12-01,22.1917
M0,DKK100,1991-01-01,21.8629
M0,DKK100,1991-02-01,22.2255
M0,DKK100,1991-03-01,22.491
M0,DKK100,1991-04-01,22.0876
M0,DKK100,1991-05-01,22.1385
M0,DKK100,1991-06-01,22.262
M0,DKK100,1991-07-01,22.4035
M0,DKK100,1991-08-01,22.5305
M0,DKK100,1991-09-01,22.6252
M0,DKK100,1991-10-01,22.6478
M0,DKK100,1991-11-01,22.7848
M0,DKK100,1991-12-01,22.7495
M0,DKK100,1992-01-01,22.8814
M0,DKK100,1992-02-01,23.1885
M0,DKK100,1992-03-01,23.3905
M0,DKK100,1992-04-01,23.6995
M0,DKK100,1992-05-01,23.8037
M0,DKK100,1992-06-01,23.5057
M0,DKK100,1992-07-01,23.2352
M0,DKK100,1992-08-01,23.2124
M0,DKK100,1992-09-01,22.7523
M0,DKK100,1992-10-01,22.9636
M0,DKK100,1992-11-01,23.3805
M0,DKK100,1992-12-01,23.2264
M0,DKK100,1993-01-01,23.69
M0,DKK100,1993-02-01,24.049
M0,DKK100,1993-03-01,24.0248
M0,DKK100,1993-04-01,23.7925
M0,DKK100,1993-05-01,23.4721
M0,DKK100,1993-06-01,23.29
M0,DKK100,1993-07-01,22.8168
M0,DKK100,1993-08-01,21.6473
M0,DKK100,1993-09-01,21.3505
M0,DKK100,1993-10-01,21.7238
M0,DKK100,1993-11-01,22.1118
M0,DKK100,1993-12-01,21.8335
M0,DKK100,1994-01-01,21.7233
M0,DKK100,1994-02-01,21.52
M0,DKK100,1994-03-01,21.5548
M0,DKK100,1994-04-01,21.5895
M0,DKK100,1994-05-01,21.763
M0,DKK100,1994-06-01,21.52
M0,DKK100,1994-07-01,21.4686
M0,DKK100,1994-08-01,21.2932
M0,DKK100,1994-09-01,21.1277
M0,DKK100,1994-10-01,21.2424
M0,DKK100,1994-11-01,21.4814
M0,DKK100,1994-12-01,21.559
M0,DKK100,1995-01-01,21.319
M0,DKK100,1995-02-01,21.4285
M0,DKK100,1995-03-01,20.7904
M0,DKK100,1995-04-01,20.88
M0,DKK100,1995-05-01,21.1638
M0,DKK100,1995-06-01,21.1681
M0,DKK100,1995-07-01,21.351
M0,DKK100,1995-08-01,21.3436
M0,DKK100,1995-09-01,20.971
M0,DKK100,1995-10-01,20.85
M0,DKK100,1995-11-01,20.8005
M0,DKK100,1995-12-01,20.8505
M0,DKK100,1996-01-01,20.8538
M0,DKK100,1996-02-01,21.069
M0,DKK100,1996-03-01,20.9514
M0,DKK100,1996-04-01,20.984
M0,DKK100,1996-05-01,21.1771
M0,DKK100,1996-06-01,21.33
M0,DKK100,1996-07-01,21.2578
M0,DKK100,1996-08-01,20.9762
M0,DKK100,1996-09-01,21.2238
M0,DKK100,1996-10-01,21.4609
M0,DKK100,1996-11-01,21.9457
M0,DKK100,1996-12-01,22.3405
M0,DKK100,1997-01-01,22.7333
M0,DKK100,1997-02-01,22.7425
M0,DKK100,1997-03-01,22.6332
M0,DKK100,1997-04-01,22.4141
M0,DKK100,1997-05-01,22.0695
M0,DKK100,1997-06-01,21.9229
M0,DKK100,1997-07-01,21.7152
M0,DKK100,1997-08-01,21.571
M0,DKK100,1997-09-01,21.6086
M0,DKK100,1997-10-01,21.6943
M0,DKK100,1997-11-01,21.3295
M0,DKK100,1997-12-01,21.2448
M0,DKK100,1998-01-01,21.3125
M0,DKK100,1998-02-01,21.17
M0,DKK100,1998-03-01,21.3623
M0,DKK100,1998-04-01,21.759
M0,DKK100,1998-05-01,21.8525
M0,DKK100,1998-06-01,21.881
M0,DKK100,1998-07-01,22.0826
M0,DKK100,1998-08-01,21.9248
M0,DKK100,1998-09-01,21.6055
M0,DKK100,1998-10-01,21.4573
M0,DKK100,1998-11-01,21.6348
M0,DKK100,1998-12-01,21.3982
M0,DKK100,1999-01-01,21.564
M0,DKK100,1999-02-01,21.4925
M0,DKK100,1999-03-01,21.4483
M0,DKK100,1999-04-01,21.547
M0,DKK100,1999-05-01,21.5605
M0,DKK100,1999-06-01,21.4532
M0,DKK100,1999-07-01,21.5595
M0,DKK100,1999-08-01,21.5109
M0,DKK100,1999-09-01,21.5377
M0,DKK100,1999-10-01,21.4395
M0,DKK100,1999-11-01,21.5755
M0,DKK100,1999-12-01,21.5173
M0,DKK100,2000-01-01,21.6195
M0,DKK100,2000-02-01,21.5724
M0,DKK100,2000-03-01,21.5396
M0,DKK100,2000-04-01,21.1206
M0,DKK100,2000-05-01,20.8682
M0,DKK100,2000-06-01,20.907
M0,DKK100,2000-07-01,20.7857
M0,DKK100,2000-08-01,20.7964
M0,DKK100,2000-09-01,20.4981
M0,DKK100,2000-10-01,20.3155
M0,DKK100,2000-11-01,20.3995
M0,DKK100,2000-12-01,20.2921
M0,DKK100,2001-01-01,20.481
M0,DKK100,2001-02-01,20.567
M0,DKK100,2001-03-01,20.5673
M0,DKK100,2001-04-01,20.4774
M0,DKK100,2001-05-01,20.551
M0,DKK100,2001-06-01,20.421
M0,DKK100,2001-07-01,20.3245
M0,DKK100,2001-08-01,20.3355
M0,DKK100,2001-09-01,20.0405
M0,DKK100,2001-10-01,19.89
M0,DKK100,2001-11-01,19.6927
M0,DKK100,2001-12-01,19.8017
M0,DKK100,2002-01-01,19.8229
M0,DKK100,2002-02-01,19.879
M0,DKK100,2002-03-01,19.746
M0,DKK100,2002-04-01,19.7162
M0,DKK100,2002-05-01,19.5835
M0,DKK100,2002-06-01,19.7935
M0,DKK100,2002-07-01,19.6826
M0,DKK100,2002-08-01,19.7038
M0,DKK100,2002-09-01,19.7229
M0,DKK100,2002-10-01,19.713
M0,DKK100,2002-11-01,19.749
M0,DKK100,2002-12-01,19.763
M0,DKK100,2003-01-01,19.6695
M0,DKK100,2003-02-01,19.7365
M0,DKK100,2003-03-01,19.7743
M0,DKK100,2003-04-01,20.1335
M0,DKK100,2003-05-01,20.397
M0,DKK100,2003-06-01,20.7345
M0,DKK100,2003-07-01,20.8057
M0,DKK100,2003-08-01,20.7205
M0,DKK100,2003-09-01,20.8241
M0,DKK100,2003-10-01,20.83
M0,DKK100,2003-11-01,20.955
M0,DKK100,2003-12-01,20.8886
M0,DKK100,2004-01-01,21.02
M0,DKK100,2004-02-01,21.108
M0,DKK100,2004-03-01,21.0248
M0,DKK100,2004-04-01,20.883
M0,DKK100,2004-05-01,20.7026
M0,DKK100,2004-06-01,20.425
M0,DKK100,2004-07-01,20.5305
M0,DKK100,2004-08-01,20.6791
M0,DKK100,2004-09-01,20.7427
M0,DKK100,2004-10-01,20.7343
M0,DKK100,2004-11-01,20.4768
M0,DKK100,2004-12-01,20.6548
M0,DKK100,2005-01-01,20.7824
M0,DKK100,2005-02-01,20.8205
M0,DKK100,2005-03-01,20.7962
M0,DKK100,2005-04-01,20.7629
M0,DKK100,2005-05-01,20.7485
M0,DKK100,2005-06-01,20.6582
M0,DKK100,2005-07-01,20.8886
M0,DKK100,2005-08-01,20.81
M0,DKK100,2005-09-01,20.7668
M0,DKK100,2005-10-01,20.7543
M0,DKK100,2005-11-01,20.7091
M0,DKK100,2005-12-01,20.7605
M0,DKK100,2006-01-01,20.7576
M0,DKK100,2006-02-01,20.8675
M0,DKK100,2006-03-01,21.0243
M0,DKK100,2006-04-01,21.1033
M0,DKK100,2006-05-01,20.871
M0,DKK100,2006-06-01,20.919
M0,DKK100,2006-07-01,21.0248
M0,DKK100,2006-08-01,21.1418
M0,DKK100,2006-09-01,21.2267
M0,DKK100,2006-10-01,21.3182
M0,DKK100,2006-11-01,21.3509
M0,DKK100,2006-12-01,21.4137
M0,DKK100,2007-01-01,21.6719
M0,DKK100,2007-02-01,21.7485
M0,DKK100,2007-03-01,21.6432
M0,DKK100,2007-04-01,21.9674
M0,DKK100,2007-05-01,22.141
M0,DKK100,2007-06-01,22.2152
M0,DKK100,2007-07-01,22.2614
M0,DKK100,2007-08-01,21.9991
M0,DKK100,2007-09-01,22.1065
M0,DKK100,2007-10-01,22.4065
M0,DKK100,2007-11-01,22.11
M0,DKK100,2007-12-01,22.23
M0,DKK100,2008-01-01,21.7243
M0,DKK100,2008-02-01,21.5776
M0,DKK100,2008-03-01,21.0668
M0,DKK100,2008-04-01,21.3786
M0,DKK100,2008-05-01,21.7695
M0,DKK100,2008-06-01,21.6324
M0,DKK100,2008-07-01,21.6948
M0,DKK100,2008-08-01,21.721
M0,DKK100,2008-09-01,21.3745
M0,DKK100,2008-10-01,20.3891
M0,DKK100,2008-11-01,20.339
M0,DKK100,2008-12-01,20.6619
M0,DKK100,2009-01-01,20.046
M0,DKK100,2009-02-01,19.999
M0,DKK100,2009-03-01,20.2195
M0,DKK100,2009-04-01,20.3375
M0,DKK100,2009-05-01,20.2974
M0,DKK100,2009-06-01,20.34
M0,DKK100,2009-07-01,20.413
M0,DKK100,2009-08-01,20.4686
M0,DKK100,2009-09-01,20.3486
M0,DKK100,2009-10-01,20.3355
M0,DKK100,2009-11-01,20.2924
M0,DKK100,2009-12-01,20.1864
M0,DKK100,2010-01-01,19.8375
M0,DKK100,2010-02-01,19.7075
M0,DKK100,2010-03-01,19.4596
M0,DKK100,2010-04-01,19.261
M0,DKK100,2010-05-01,19.0768
M0,DKK100,2010-06-01,18.5077
M0,DKK100,2010-07-01,18.0727
M0,DKK100,2010-08-01,18.0223
M0,DKK100,2010-09-01,17.5655
M0,DKK100,2010-10-01,18.0486
M0,DKK100,2010-11-01,18.0314
M0,DKK100,2010-12-01,17.1809
M0,DKK100,2011-01-01,17.1448
M0,DKK100,2011-02-01,17.3875
M0,DKK100,2011-03-01,17.2688
M0,DKK100,2011-04-01,17.3995
M0,DKK100,2011-05-01,16.8145
M0,DKK100,2011-06-01,16.2105
M0,DKK100,2011-07-01,15.7929
M0,DKK100,2011-08-01,15.053
M0,DKK100,2011-09-01,16.1305
M0,DKK100,2011-10-01,16.519
M0,DKK100,2011-11-01,16.55
M0,DKK100,2011-12-01,16.5109
M0,DKK100,2012-01-01,16.2882
M0,DKK100,2012-02-01,16.2386
M0,DKK100,2012-03-01,16.221800000000002
M0,DKK100,2012-04-01,16.159
M0,DKK100,2012-05-01,16.1583
M0,DKK100,2012-06-01,16.1595
M0,DKK100,2012-07-01,16.1455
M0,DKK100,2012-08-01,16.1304
M0,DKK100,2012-09-01,16.219
M0,DKK100,2012-10-01,16.2217
M0,DKK100,2012-11-01,16.1568
M0,DKK100,2012-12-01,16.2062
M0,DKK100,2013-01-01,16.4561
M0,DKK100,2013-02-01,16.4835
M0,DKK100,2013-03-01,16.449
M0,DKK100,2013-04-01,16.3614
M0,DKK100,2013-05-01,16.6452
M0,DKK100,2013-06-01,16.527
M0,DKK100,2013-07-01,16.5796
M0,DKK100,2013-08-01,16.5382
M0,DKK100,2013-09-01,16.5424
M0,DKK100,2013-10-01,16.5083
M0,DKK100,2013-11-01,16.5162
M0,DKK100,2013-12-01,16.4168
M0,DKK100,2014-01-01,16.5017
M0,DKK100,2014-02-01,16.367
M0,DKK100,2014-03-01,16.3138
M0,DKK100,2014-04-01,16.3277
M0,DKK100,2014-05-01,16.3505
M0,DKK100,2014-06-01,16.33
M0,DKK100,2014-07-01,16.2939
M0,DKK100,2014-08-01,16.2548
M0,DKK100,2014-09-01,16.221800000000002
M0,DKK100,2014-10-01,16.2222
M0,DKK100,2014-11-01,16.16
M0,DKK100,2014-12-01,16.1609
M0,DKK100,2015-01-01,14.8409
M0,DKK100,2015-02-01,14.2605
M0,DKK100,2015-03-01,14.2232
M0,DKK100,2015-04-01,13.9055
M0,DKK100,2015-05-01,13.9376
M0,DKK100,2015-06-01,14.005
M0,DKK100,2015-07-01,14.0552
M0,DKK100,2015-08-01,14.4452
M0,DKK100,2015-09-01,14.6345
M0,DKK100,2015-10-01,14.5818
M0,DKK100,2015-11-01,14.5176
M0,DKK100,2015-12-01,14.517
M0,DKK100,2016-01-01,14.6357
M0,DKK100,2016-02-01,14.7648
M0,DKK100,2016-03-01,14.6457
M0,DKK100,2016-04-01,14.6867
M0,DKK100,2016-05-01,14.8595
M0,DKK100,2016-06-01,14.6586
M0,DKK100,2016-07-01,14.6067
M0,DKK100,2016-08-01,14.617
M0,DKK100,2016-09-01,14.6659
M0,DKK100,2016-10-01,14.6267
M0,DKK100,2016-11-01,14.46
M0,DKK100,2016-12-01,14.4627
M0,DKK100,2017-01-01,14.4077
M0,DKK100,2017-02-01,14.337
M0,DKK100,2017-03-01,14.3996
M0,DKK100,2017-04-01,14.4175
M0,DKK100,2017-05-01,14.6474
M0,DKK100,2017-06-01,14.6214
M0,DKK100,2017-07-01,14.8648
M0,DKK100,2017-08-01,15.3209
M0,DKK100,2017-09-01,15.4152
M0,DKK100,2017-10-01,15.5086
M0,DKK100,2017-11-01,15.6468
M0,DKK100,2017-12-01,15.6962
M0,DKK100,2018-01-01,15.7459
M0,DKK100,2018-02-01,15.5045
M0,DKK100,2018-03-01,15.6818
M0,DKK100,2018-04-01,15.9527
M0,DKK100,2018-05-01,15.82485
M0,DKK100,2018-06-01,15.51209
M0,DKK100,2018-07-01,15.59219
M0,DKK100,2018-08-01,15.29694
M0,DKK100,2018-09-01,15.13567
M0,DKK100,2018-10-01,15.29852
M0,DKK100,2018-11-01,15.24531
M0,DKK100,2018-12-01,15.13215
M0,DKK100,2019-01-01,15.13067
M0,DKK100,2019-02-01,15.23041
M0,DKK100,2019-03-01,15.16202
M0,DKK100,2019-04-01,15.1587
M0,DKK100,2019-05-01,15.14356
M0,DKK100,2019-06-01,14.95301
M0,DKK100,2019-07-01,14.84085
M0,DKK100,2019-08-01,14.60216
M0,DKK100,2019-09-01,14.61206
M0,DKK100,2019-10-01,14.69907
M0,DKK100,2019-11-01,14.6921
M0,DKK100,2019-12-01,14.62927
M0,DKK100,2020-01-01,14.40388
M0,DKK100,2020-02-01,14.2549
M0,DKK100,2020-03-01,14.1761
M0,DKK100,2020-04-01,14.13143
M0,DKK100,2020-05-01,14.16988
M0,DKK100,2020-06-01,14.37663
M0,DKK100,2020-07-01,14.37678
M0,DKK100,2020-08-01,14.46122
M0,DKK100,2020-09-01,14.49105
M0,DKK100,2020-10-01,14.43135
M0,DKK100,2020-11-01,14.47698
M0,DKK100,2020-12-01,14.53502
M0,DKK100,2021-01-01,14.50958
M0,DKK100,2021-02-01,14.59703
M0,DKK100,2021-03-01,14.87645
M0,DKK100,2021-04-01,14.83537
M0,DKK100,2021-05-01,14.74952
M0,DKK100,2021-06-01,14.71126
M0,DKK100,2021-07-01,14.59438
M0,DKK100,2021-08-01,14.46858
M0,DKK100,2021-09-01,14.60398
M0,DKK100,2021-10-01,14.40046
M0,DKK100,2021-11-01,14.14731
M0,DKK100,2021-12-01,13.99625
M0,DKK100,2022-01-01,13.97931
M0,DKK100,2022-02-01,14.05885
M0,DKK100,2022-03-01,13.77083
M0,DKK100,2022-04-01,13.73474
M0,DKK100,2022-05-01,13.92306
M0,DKK100,2022-06-01,13.77732
M0,DKK100,2022-07-01,13.2707
M0,DKK100,2022-08-01,13.0253
M0,DKK100,2022-09-01,12.96564
M0,DKK100,2022-10-01,13.16062
M0,DKK100,2022-11-01,13.23148
M0,DKK100,2022-12-01,13.26406
M0,DKK100,2023-01-01,13.39202
M0,DKK100,2023-02-01,13.30322
M0,DKK100,2023-03-01,13.30277
M0,DKK100,2023-04-01,13.21569
M0,DKK100,2023-05-01,13.09446
M0,DKK100,2023-06-01,13.10236
M0,DKK100,2023-07-01,12.96625
M0,DKK100,2023-08-01,12.86015
M0,DKK100,2023-09-01,12.87107
M0,DKK100,2023-10-01,12.80336
M0,DKK100,2023-11-01,12.91541
M0,DKK100,2023-12-01,12.66354
M0,DKK100,2024-01-01,12.55771
M0,DKK100,2024-02-01,12.68899
M0,DKK100,2024-03-01,12.94548
M0,DKK100,2024-04-01,13.08354
M0,DKK100,2024-05-01,13.17365
M0,DKK100,2024-06-01,12.89532
M0,DKK100,2024-07-01,12.97271
M0,DKK100,2024-08-01,12.66426
M0,DKK100,2024-09-01,12.61399
M0,DKK100,2024-10-01,12.58383
M0,DKK100,2024-11-01,12.54173
M0,DKK100,2024-12-01,12.52015
M0,DKK100,2025-01-01,12.62055
M0,DKK100,2025-02-01,12.61708
M0,DKK100,2025-03-01,12.80071
M0,DKK100,2025-04-01,12.56531
M0,DKK100,2025-05-01,12.54397
M0,DKK100,2025-06-01,12.57
M0,DKK100,2025-07-01,12.49525
M0,DKK100,2025-08-01,12.57762
M0,DKK100,2025-09-01,12.52379
M0,DKK100,2025-10-01,12.43428
M0,DKK100,2025-11-01,12.43825
M0,DKK100,2025-12-01,12.4928
M0,DKK100,2026-01-01,12.4133
M0,DKK100,2026-02-01,12.23616
M0,DKK100,2026-03-01,12.16752
M0,DKK100,2026-04-01,12.32668
M0,DKK100,2026-05-01,12.24504
M0,DKK100,2026-06-01,12.31486
M0,DKK100,2026-07-01,12.3796
M0,EUR1,1999-01-01,1.6052
M0,EUR1,1999-02-01,1.5983
M0,EUR1,1999-03-01,1.5948
M0,EUR1,1999-04-01,1.6019
M0,EUR1,1999-05-01,1.6028
M0,EUR1,1999-06-01,1.5948
M0,EUR1,1999-07-01,1.6041
M0,EUR1,1999-08-01,1.6003
M0,EUR1,1999-09-01,1.6016
M0,EUR1,1999-10-01,1.594
M0,EUR1,1999-11-01,1.6049
M0,EUR1,1999-12-01,1.6012
M0,EUR1,2000-01-01,1.6097
M0,EUR1,2000-02-01,1.6069
M0,EUR1,2000-03-01,1.6046
M0,EUR1,2000-04-01,1.5738
M0,EUR1,2000-05-01,1.5565
M0,EUR1,2000-06-01,1.5598
M0,EUR1,2000-07-01,1.5508
M0,EUR1,2000-08-01,1.5512
M0,EUR1,2000-09-01,1.53
M0,EUR1,2000-10-01,1.5133
M0,EUR1,2000-11-01,1.5213
M0,EUR1,2000-12-01,1.5135
M0,EUR1,2001-01-01,1.5291
M0,EUR1,2001-02-01,1.5355
M0,EUR1,2001-03-01,1.5357
M0,EUR1,2001-04-01,1.5287
M0,EUR1,2001-05-01,1.5337
M0,EUR1,2001-06-01,1.5225
M0,EUR1,2001-07-01,1.5134
M0,EUR1,2001-08-01,1.5144
M0,EUR1,2001-09-01,1.4919
M0,EUR1,2001-10-01,1.4796
M0,EUR1,2001-11-01,1.4665
M0,EUR1,2001-12-01,1.4743
M0,EUR1,2002-01-01,1.4738
M0,EUR1,2002-02-01,1.4774
M0,EUR1,2002-03-01,1.468
M0,EUR1,2002-04-01,1.466
M0,EUR1,2002-05-01,1.4567
M0,EUR1,2002-06-01,1.4716
M0,EUR1,2002-07-01,1.4626
M0,EUR1,2002-08-01,1.4639
M0,EUR1,2002-09-01,1.4651
M0,EUR1,2002-10-01,1.4649
M0,EUR1,2002-11-01,1.4673
M0,EUR1,2002-12-01,1.468
M0,EUR1,2003-01-01,1.4623
M0,EUR1,2003-02-01,1.4672
M0,EUR1,2003-03-01,1.469
M0,EUR1,2003-04-01,1.4954
M0,EUR1,2003-05-01,1.5148
M0,EUR1,2003-06-01,1.5399
M0,EUR1,2003-07-01,1.5471
M0,EUR1,2003-08-01,1.5404
M0,EUR1,2003-09-01,1.5469
M0,EUR1,2003-10-01,1.5481
M0,EUR1,2003-11-01,1.5587
M0,EUR1,2003-12-01,1.5549
M0,EUR1,2004-01-01,1.5661
M0,EUR1,2004-02-01,1.5731
M0,EUR1,2004-03-01,1.5666
M0,EUR1,2004-04-01,1.5547
M0,EUR1,2004-05-01,1.5408
M0,EUR1,2004-06-01,1.5187
M0,EUR1,2004-07-01,1.5268
M0,EUR1,2004-08-01,1.5381
M0,EUR1,2004-09-01,1.5431
M0,EUR1,2004-10-01,1.5427
M0,EUR1,2004-11-01,1.5221
M0,EUR1,2004-12-01,1.5359
M0,EUR1,2005-01-01,1.5467
M0,EUR1,2005-02-01,1.5499
M0,EUR1,2005-03-01,1.5489
M0,EUR1,2005-04-01,1.5471
M0,EUR1,2005-05-01,1.5448
M0,EUR1,2005-06-01,1.5382
M0,EUR1,2005-07-01,1.5581
M0,EUR1,2005-08-01,1.5526
M0,EUR1,2005-09-01,1.5491
M0,EUR1,2005-10-01,1.5489
M0,EUR1,2005-11-01,1.5452
M0,EUR1,2005-12-01,1.5478
M0,EUR1,2006-01-01,1.5491
M0,EUR1,2006-02-01,1.5578
M0,EUR1,2006-03-01,1.5688
M0,EUR1,2006-04-01,1.5749
M0,EUR1,2006-05-01,1.5565
M0,EUR1,2006-06-01,1.56
M0,EUR1,2006-07-01,1.5686
M0,EUR1,2006-08-01,1.5775
M0,EUR1,2006-09-01,1.5837
M0,EUR1,2006-10-01,1.5897
M0,EUR1,2006-11-01,1.5922
M0,EUR1,2006-12-01,1.5966
M0,EUR1,2007-01-01,1.6157
M0,EUR1,2007-02-01,1.6213
M0,EUR1,2007-03-01,1.6126
M0,EUR1,2007-04-01,1.6374
M0,EUR1,2007-05-01,1.65
M0,EUR1,2007-06-01,1.6542
M0,EUR1,2007-07-01,1.6567
M0,EUR1,2007-08-01,1.6377
M0,EUR1,2007-09-01,1.6475
M0,EUR1,2007-10-01,1.6704
M0,EUR1,2007-11-01,1.6485
M0,EUR1,2007-12-01,1.6586
M0,EUR1,2008-01-01,1.6189
M0,EUR1,2008-02-01,1.6087
M0,EUR1,2008-03-01,1.5711
M0,EUR1,2008-04-01,1.5954
M0,EUR1,2008-05-01,1.6245
M0,EUR1,2008-06-01,1.6138
M0,EUR1,2008-07-01,1.6186
M0,EUR1,2008-08-01,1.6204
M0,EUR1,2008-09-01,1.5945
M0,EUR1,2008-10-01,1.5202
M0,EUR1,2008-11-01,1.5152
M0,EUR1,2008-12-01,1.5397
M0,EUR1,2009-01-01,1.494
M0,EUR1,2009-02-01,1.4905
M0,EUR1,2009-03-01,1.5068
M0,EUR1,2009-04-01,1.5151
M0,EUR1,2009-05-01,1.5118
M0,EUR1,2009-06-01,1.5145
M0,EUR1,2009-07-01,1.5202
M0,EUR1,2009-08-01,1.524
M0,EUR1,2009-09-01,1.5148
M0,EUR1,2009-10-01,1.514
M0,EUR1,2009-11-01,1.5104
M0,EUR1,2009-12-01,1.5025
M0,EUR1,2010-01-01,1.4767
M0,EUR1,2010-02-01,1.4673
M0,EUR1,2010-03-01,1.4484
M0,EUR1,2010-04-01,1.4339
M0,EUR1,2010-05-01,1.4199
M0,EUR1,2010-06-01,1.3774
M0,EUR1,2010-07-01,1.3471
M0,EUR1,2010-08-01,1.3428
M0,EUR1,2010-09-01,1.3085
M0,EUR1,2010-10-01,1.3461
M0,EUR1,2010-11-01,1.3445
M0,EUR1,2010-12-01,1.2806
M0,EUR1,2011-01-01,1.2779
M0,EUR1,2011-02-01,1.2966
M0,EUR1,2011-03-01,1.2879
M0,EUR1,2011-04-01,1.2978
M0,EUR1,2011-05-01,1.254
M0,EUR1,2011-06-01,1.2093
M0,EUR1,2011-07-01,1.1778
M0,EUR1,2011-08-01,1.1205
M0,EUR1,2011-09-01,1.201
M0,EUR1,2011-10-01,1.2298
M0,EUR1,2011-11-01,1.2315
M0,EUR1,2011-12-01,1.2276
M0,EUR1,2012-01-01,1.2111
M0,EUR1,2012-02-01,1.2072
M0,EUR1,2012-03-01,1.2063
M0,EUR1,2012-04-01,1.2022
M0,EUR1,2012-05-01,1.2012
M0,EUR1,2012-06-01,1.201
M0,EUR1,2012-07-01,1.201
M0,EUR1,2012-08-01,1.2011
M0,EUR1,2012-09-01,1.2089
M0,EUR1,2012-10-01,1.2098
M0,EUR1,2012-11-01,1.2052
M0,EUR1,2012-12-01,1.2091
M0,EUR1,2013-01-01,1.228
M0,EUR1,2013-02-01,1.2298
M0,EUR1,2013-03-01,1.2264
M0,EUR1,2013-04-01,1.2198
M0,EUR1,2013-05-01,1.2406
M0,EUR1,2013-06-01,1.2326
M0,EUR1,2013-07-01,1.2364
M0,EUR1,2013-08-01,1.2334
M0,EUR1,2013-09-01,1.2338
M0,EUR1,2013-10-01,1.2314
M0,EUR1,2013-11-01,1.2319
M0,EUR1,2013-12-01,1.2249
M0,EUR1,2014-01-01,1.2312
M0,EUR1,2014-02-01,1.2213
M0,EUR1,2014-03-01,1.2178
M0,EUR1,2014-04-01,1.2191
M0,EUR1,2014-05-01,1.2204
M0,EUR1,2014-06-01,1.2181
M0,EUR1,2014-07-01,1.215
M0,EUR1,2014-08-01,1.2119
M0,EUR1,2014-09-01,1.2077
M0,EUR1,2014-10-01,1.2078
M0,EUR1,2014-11-01,1.2026
M0,EUR1,2014-12-01,1.2024
M0,EUR1,2015-01-01,1.0983
M0,EUR1,2015-02-01,1.0623
M0,EUR1,2015-03-01,1.0609
M0,EUR1,2015-04-01,1.0382
M0,EUR1,2015-05-01,1.0398
M0,EUR1,2015-06-01,1.0448
M0,EUR1,2015-07-01,1.0488
M0,EUR1,2015-08-01,1.0782
M0,EUR1,2015-09-01,1.0918
M0,EUR1,2015-10-01,1.0879
M0,EUR1,2015-11-01,1.083
M0,EUR1,2015-12-01,1.083
M0,EUR1,2016-01-01,1.0932
M0,EUR1,2016-02-01,1.1018
M0,EUR1,2016-03-01,1.0921
M0,EUR1,2016-04-01,1.0931
M0,EUR1,2016-05-01,1.1054
M0,EUR1,2016-06-01,1.0901
M0,EUR1,2016-07-01,1.0867
M0,EUR1,2016-08-01,1.0876
M0,EUR1,2016-09-01,1.0922
M0,EUR1,2016-10-01,1.0883
M0,EUR1,2016-11-01,1.0759
M0,EUR1,2016-12-01,1.0754
M0,EUR1,2017-01-01,1.0713
M0,EUR1,2017-02-01,1.0659
M0,EUR1,2017-03-01,1.0706
M0,EUR1,2017-04-01,1.0723
M0,EUR1,2017-05-01,1.0897
M0,EUR1,2017-06-01,1.0875
M0,EUR1,2017-07-01,1.1054
M0,EUR1,2017-08-01,1.1396
M0,EUR1,2017-09-01,1.1468
M0,EUR1,2017-10-01,1.1542
M0,EUR1,2017-11-01,1.1643
M0,EUR1,2017-12-01,1.169
M0,EUR1,2018-01-01,1.1725
M0,EUR1,2018-02-01,1.1544
M0,EUR1,2018-03-01,1.1682
M0,EUR1,2018-04-01,1.18815
M0,EUR1,2018-05-01,1.17862
M0,EUR1,2018-06-01,1.15552
M0,EUR1,2018-07-01,1.16196
M0,EUR1,2018-08-01,1.14049
M0,EUR1,2018-09-01,1.12882
M0,EUR1,2018-10-01,1.14121
M0,EUR1,2018-11-01,1.13746
M0,EUR1,2018-12-01,1.12961
M0,EUR1,2019-01-01,1.12959
M0,EUR1,2019-02-01,1.1366
M0,EUR1,2019-03-01,1.13145
M0,EUR1,2019-04-01,1.13157
M0,EUR1,2019-05-01,1.13077
M0,EUR1,2019-06-01,1.1165
M0,EUR1,2019-07-01,1.10792
M0,EUR1,2019-08-01,1.08933
M0,EUR1,2019-09-01,1.09055
M0,EUR1,2019-10-01,1.0979
M0,EUR1,2019-11-01,1.09778
M0,EUR1,2019-12-01,1.09305
M0,EUR1,2020-01-01,1.07638
M0,EUR1,2020-02-01,1.06504
M0,EUR1,2020-03-01,1.05902
M0,EUR1,2020-04-01,1.05442
M0,EUR1,2020-05-01,1.05675
M0,EUR1,2020-06-01,1.07173
M0,EUR1,2020-07-01,1.07056
M0,EUR1,2020-08-01,1.07678
M0,EUR1,2020-09-01,1.07837
M0,EUR1,2020-10-01,1.07399
M0,EUR1,2020-11-01,1.07798
M0,EUR1,2020-12-01,1.08156
M0,EUR1,2021-01-01,1.07931
M0,EUR1,2021-02-01,1.08554
M0,EUR1,2021-03-01,1.10624
M0,EUR1,2021-04-01,1.10326
M0,EUR1,2021-05-01,1.09679
M0,EUR1,2021-06-01,1.09398
M0,EUR1,2021-07-01,1.0854
M0,EUR1,2021-08-01,1.07602
M0,EUR1,2021-09-01,1.08595
M0,EUR1,2021-10-01,1.07137
M0,EUR1,2021-11-01,1.05217
M0,EUR1,2021-12-01,1.04078
M0,EUR1,2022-01-01,1.04018
M0,EUR1,2022-02-01,1.04611
M0,EUR1,2022-03-01,1.02458
M0,EUR1,2022-04-01,1.02172
M0,EUR1,2022-05-01,1.03591
M0,EUR1,2022-06-01,1.02495
M0,EUR1,2022-07-01,0.98765
M0,EUR1,2022-08-01,0.96899
M0,EUR1,2022-09-01,0.96419
M0,EUR1,2022-10-01,0.97899
M0,EUR1,2022-11-01,0.9843
M0,EUR1,2022-12-01,0.98654
M0,EUR1,2023-01-01,0.99615
M0,EUR1,2023-02-01,0.99045
M0,EUR1,2023-03-01,0.99051
M0,EUR1,2023-04-01,0.98479
M0,EUR1,2023-05-01,0.97533
M0,EUR1,2023-06-01,0.97602
M0,EUR1,2023-07-01,0.9661
M0,EUR1,2023-08-01,0.95835
M0,EUR1,2023-09-01,0.95969
M0,EUR1,2023-10-01,0.95518
M0,EUR1,2023-11-01,0.96324
M0,EUR1,2023-12-01,0.94415
M0,EUR1,2024-01-01,0.93645
M0,EUR1,2024-02-01,0.946
M0,EUR1,2024-03-01,0.96527
M0,EUR1,2024-04-01,0.97598
M0,EUR1,2024-05-01,0.9828
M0,EUR1,2024-06-01,0.9619
M0,EUR1,2024-07-01,0.96782
M0,EUR1,2024-08-01,0.94494
M0,EUR1,2024-09-01,0.94101
M0,EUR1,2024-10-01,0.93867
M0,EUR1,2024-11-01,0.9354
M0,EUR1,2024-12-01,0.93383
M0,EUR1,2025-01-01,0.94162
M0,EUR1,2025-02-01,0.94114
M0,EUR1,2025-03-01,0.95488
M0,EUR1,2025-04-01,0.93799
M0,EUR1,2025-05-01,0.93578
M0,EUR1,2025-06-01,0.93766
M0,EUR1,2025-07-01,0.93245
M0,EUR1,2025-08-01,0.93875
M0,EUR1,2025-09-01,0.93483
M0,EUR1,2025-10-01,0.92857
M0,EUR1,2025-11-01,0.92887
M0,EUR1,2025-12-01,0.93313
M0,EUR1,2026-01-01,0.92732
M0,EUR1,2026-02-01,0.91406
M0,EUR1,2026-03-01,0.90912
M0,EUR1,2026-04-01,0.92116
M0,EUR1,2026-05-01,0.91503
M0,EUR1,2026-06-01,0.92045
M0,EUR1,2026-07-01,0.92538
M0,GBP1,1914-01-01,25.28
M0,GBP1,1914-02-01,25.195
M0,GBP1,1914-03-01,25.207
M0,GBP1,1914-04-01,25.18
M0,GBP1,1914-05-01,25.195
M0,GBP1,1914-06-01,25.207
M0,GBP1,1914-07-01,25.18
M0,GBP1,1914-08-01,25.005
M0,GBP1,1914-09-01,25.295
M0,GBP1,1914-10-01,25.292
M0,GBP1,1914-11-01,25.432
M0,GBP1,1914-12-01,25.467
M0,GBP1,1915-01-01,25.56
M0,GBP1,1915-02-01,26.012
M0,GBP1,1915-03-01,25.95
M0,GBP1,1915-04-01,25.607
M0,GBP1,1915-05-01,25.4
M0,GBP1,1915-06-01,25.44
M0,GBP1,1915-07-01,25.66
M0,GBP1,1915-08-01,25.285
M0,GBP1,1915-09-01,24.955
M0,GBP1,1915-10-01,24.925
M0,GBP1,1915-11-01,24.932
M0,GBP1,1915-12-01,25.015
M0,GBP1,1916-01-01,24.692
M0,GBP1,1916-02-01,24.952
M0,GBP1,1916-03-01,24.955
M0,GBP1,1916-04-01,24.7
M0,GBP1,1916-05-01,24.852
M0,GBP1,1916-06-01,25.087
M0,GBP1,1916-07-01,25.21
M0,GBP1,1916-08-01,25.24
M0,GBP1,1916-09-01,25.382
M0,GBP1,1916-10-01,25.122
M0,GBP1,1916-11-01,24.72
M0,GBP1,1916-12-01,23.902
M0,GBP1,1917-01-01,23.93
M0,GBP1,1917-02-01,23.84
M0,GBP1,1917-03-01,23.98
M0,GBP1,1917-04-01,24.327
M0,GBP1,1917-05-01,24.297
M0,GBP1,1917-06-01,23.56
M0,GBP1,1917-07-01,22.067
M0,GBP1,1917-08-01,21.212
M0,GBP1,1917-09-01,22.412
M0,GBP1,1917-10-01,22.07
M0,GBP1,1917-11-01,20.965
M0,GBP1,1917-12-01,20.745
M0,GBP1,1918-01-01,21.18
M0,GBP1,1918-02-01,21.29
M0,GBP1,1918-03-01,20.907
M0,GBP1,1918-04-01,20.167
M0,GBP1,1918-05-01,19.447
M0,GBP1,1918-06-01,18.807
M0,GBP1,1918-07-01,18.817
M0,GBP1,1918-08-01,19.437
M0,GBP1,1918-09-01,21.127
M0,GBP1,1918-10-01,23.165
M0,GBP1,1918-11-01,23.55
M0,GBP1,1918-12-01,23.1
M0,GBP1,1919-01-01,23.112
M0,GBP1,1919-02-01,23.202
M0,GBP1,1919-03-01,23.095
M0,GBP1,1919-04-01,23.032
M0,GBP1,1919-05-01,23.507
M0,GBP1,1919-06-01,24.6
M0,GBP1,1919-07-01,24.822
M0,GBP1,1919-08-01,24.152
M0,GBP1,1919-09-01,23.407
M0,GBP1,1919-10-01,23.42
M0,GBP1,1919-11-01,22.685
M0,GBP1,1919-12-01,20.665
M0,GBP1,1920-01-01,20.59
M0,GBP1,1920-02-01,20.512
M0,GBP1,1920-03-01,21.8
M0,GBP1,1920-04-01,21.93
M0,GBP1,1920-05-01,21.725
M0,GBP1,1920-06-01,21.672
M0,GBP1,1920-07-01,21.94
M0,GBP1,1920-08-01,21.757
M0,GBP1,1920-09-01,21.622
M0,GBP1,1920-10-01,21.82
M0,GBP1,1920-11-01,22.1
M0,GBP1,1920-12-01,22.647
M0,GBP1,1921-01-01,23.835
M0,GBP1,1921-02-01,23.69
M0,GBP1,1921-03-01,22.96
M0,GBP1,1921-04-01,22.62
M0,GBP1,1921-05-01,22.26
M0,GBP1,1921-06-01,22.235
M0,GBP1,1921-07-01,21.945
M0,GBP1,1921-08-01,21.69
M0,GBP1,1921-09-01,21.645
M0,GBP1,1921-10-01,21.165
M0,GBP1,1921-11-01,21.055
M0,GBP1,1921-12-01,21.337
M0,GBP1,1922-01-01,21.707
M0,GBP1,1922-02-01,22.275
M0,GBP1,1922-03-01,22.47
M0,GBP1,1922-04-01,22.657
M0,GBP1,1922-05-01,23.105
M0,GBP1,1922-06-01,23.355
M0,GBP1,1922-07-01,23.255
M0,GBP1,1922-08-01,23.42
M0,GBP1,1922-09-01,23.555
M0,GBP1,1922-10-01,24.01
M0,GBP1,1922-11-01,24.28
M0,GBP1,1922-12-01,24.317
M0,GBP1,1923-01-01,24.735
M0,GBP1,1923-02-01,24.907
M0,GBP1,1923-03-01,25.227
M0,GBP1,1923-04-01,25.507
M0,GBP1,1923-05-01,25.64
M0,GBP1,1923-06-01,25.695
M0,GBP1,1923-07-01,26.09
M0,GBP1,1923-08-01,25.242
M0,GBP1,1923-09-01,25.397
M0,GBP1,1923-10-01,25.31
M0,GBP1,1923-11-01,24.98
M0,GBP1,1923-12-01,24.975
M0,GBP1,1924-01-01,24.565
M0,GBP1,1924-02-01,27.777
M0,GBP1,1924-03-01,24.81
M0,GBP1,1924-04-01,24.692
M0,GBP1,1924-05-01,24.587
M0,GBP1,1924-06-01,24.445
M0,GBP1,1924-07-01,24.03
M0,GBP1,1924-08-01,23.885
M0,GBP1,1924-09-01,23.635
M0,GBP1,1924-10-01,23.367
M0,GBP1,1924-11-01,23.852
M0,GBP1,1924-12-01,24.192
M0,GBP1,1925-01-01,24.695
M0,GBP1,1925-02-01,24.777
M0,GBP1,1925-03-01,24.782
M0,GBP1,1925-04-01,24.79
M0,GBP1,1925-05-01,25.075
M0,GBP1,1925-06-01,25.035
M0,GBP1,1925-07-01,25.025
M0,GBP1,1925-08-01,25.022
M0,GBP1,1925-09-01,25.095
M0,GBP1,1925-10-01,25.115
M0,GBP1,1925-11-01,25.142
M0,GBP1,1925-12-01,25.127
M0,GBP1,1926-01-01,25.151
M0,GBP1,1926-02-01,25.249
M0,GBP1,1926-03-01,25.247
M0,GBP1,1926-04-01,25.184
M0,GBP1,1926-05-01,25.12
M0,GBP1,1926-06-01,25.132
M0,GBP1,1926-07-01,25.121
M0,GBP1,1926-08-01,25.144
M0,GBP1,1926-09-01,25.12
M0,GBP1,1926-10-01,25.12
M0,GBP1,1926-11-01,25.14
M0,GBP1,1926-12-01,25.11
M0,GBP1,1927-01-01,25.18
M0,GBP1,1927-02-01,25.22
M0,GBP1,1927-03-01,25.24
M0,GBP1,1927-04-01,25.25
M0,GBP1,1927-05-01,25.25
M0,GBP1,1927-06-01,25.24
M0,GBP1,1927-07-01,25.22
M0,GBP1,1927-08-01,25.21
M0,GBP1,1927-09-01,25.22
M0,GBP1,1927-10-01,25.25
M0,GBP1,1927-11-01,25.27
M0,GBP1,1927-12-01,25.28
M0,GBP1,1928-01-01,25.3
M0,GBP1,1928-02-01,25.345
M0,GBP1,1928-03-01,25.34
M0,GBP1,1928-04-01,25.331
M0,GBP1,1928-05-01,25.327
M0,GBP1,1928-06-01,25.317
M0,GBP1,1928-07-01,25.254
M0,GBP1,1928-08-01,25.211
M0,GBP1,1928-09-01,25.2
M0,GBP1,1928-10-01,25.199
M0,GBP1,1928-11-01,25.19
M0,GBP1,1928-12-01,25.178
M0,GBP1,1929-01-01,25.207
M0,GBP1,1929-02-01,25.23
M0,GBP1,1929-03-01,25.23
M0,GBP1,1929-04-01,25.214
M0,GBP1,1929-05-01,25.19
M0,GBP1,1929-06-01,25.197
M0,GBP1,1929-07-01,25.218
M0,GBP1,1929-08-01,25.202
M0,GBP1,1929-09-01,25.164
M0,GBP1,1929-10-01,25.175
M0,GBP1,1929-11-01,25.15
M0,GBP1,1929-12-01,25.108
M0,GBP1,1930-01-01,25.162
M0,GBP1,1930-02-01,25.198
M0,GBP1,1930-03-01,25.136
M0,GBP1,1930-04-01,25.094
M0,GBP1,1930-05-01,25.106
M0,GBP1,1930-06-01,25.083
M0,GBP1,1930-07-01,25.043
M0,GBP1,1930-08-01,25.047
M0,GBP1,1930-09-01,25.048
M0,GBP1,1930-10-01,25.02
M0,GBP1,1930-11-01,25.048
M0,GBP1,1930-12-01,25.037
M0,GBP1,1931-01-01,25.077
M0,GBP1,1931-02-01,25.179
M0,GBP1,1931-03-01,25.245
M0,GBP1,1931-04-01,25.232
M0,GBP1,1931-05-01,25.217
M0,GBP1,1931-06-01,25.08
M0,GBP1,1931-07-01,24.995
M0,GBP1,1931-08-01,24.927
M0,GBP1,1931-09-01,23.163
M0,GBP1,1931-10-01,19.786
M0,GBP1,1931-11-01,19.115
M0,GBP1,1931-12-01,17.243
M0,GBP1,1932-01-01,17.555
M0,GBP1,1932-02-01,17.72
M0,GBP1,1932-03-01,18.692
M0,GBP1,1932-04-01,19.29
M0,GBP1,1932-05-01,18.786
M0,GBP1,1932-06-01,18.692
M0,GBP1,1932-07-01,18.24
M0,GBP1,1932-08-01,17.904
M0,GBP1,1932-09-01,17.978
M0,GBP1,1932-10-01,17.604
M0,GBP1,1932-11-01,17.018
M0,GBP1,1932-12-01,17.017
M0,GBP1,1933-01-01,17.409
M0,GBP1,1933-02-01,17.654
M0,GBP1,1933-03-01,17.742
M0,GBP1,1933-04-01,17.754
M0,GBP1,1933-05-01,17.421
M0,GBP1,1933-06-01,17.535
M0,GBP1,1933-07-01,17.258
M0,GBP1,1933-08-01,16.993
M0,GBP1,1933-09-01,16.242
M0,GBP1,1933-10-01,16.195
M0,GBP1,1933-11-01,16.566
M0,GBP1,1933-12-01,16.912
M0,GBP1,1934-01-01,16.466
M0,GBP1,1934-02-01,15.832
M0,GBP1,1934-03-01,15.754
M0,GBP1,1934-04-01,15.871
M0,GBP1,1934-05-01,15.687
M0,GBP1,1934-06-01,15.529
M0,GBP1,1934-07-01,15.472
M0,GBP1,1934-08-01,15.368
M0,GBP1,1934-09-01,15.114
M0,GBP1,1934-10-01,15.053
M0,GBP1,1934-11-01,15.359
M0,GBP1,1934-12-01,15.262
M0,GBP1,1935-01-01,15.137
M0,GBP1,1935-02-01,15.061
M0,GBP1,1935-03-01,14.659
M0,GBP1,1935-04-01,14.921
M0,GBP1,1935-05-01,15.112
M0,GBP1,1935-06-01,15.092
M0,GBP1,1935-07-01,15.127
M0,GBP1,1935-08-01,15.186
M0,GBP1,1935-09-01,15.173
M0,GBP1,1935-10-01,15.08
M0,GBP1,1935-11-01,15.175
M0,GBP1,1935-12-01,15.195
M0,GBP1,1936-01-01,15.187
M0,GBP1,1936-02-01,15.132
M0,GBP1,1936-03-01,15.14
M0,GBP1,1936-04-01,15.172
M0,GBP1,1936-05-01,15.352
M0,GBP1,1936-06-01,15.479
M0,GBP1,1936-07-01,15.346
M0,GBP1,1936-08-01,15.418
M0,GBP1,1936-09-01,15.511
M0,GBP1,1936-10-01,21.301
M0,GBP1,1936-11-01,21.262
M0,GBP1,1936-12-01,21.348
M0,GBP1,1937-01-01,21.395
M0,GBP1,1937-02-01,21.435
M0,GBP1,1937-03-01,21.432
M0,GBP1,1937-04-01,21.533
M0,GBP1,1937-05-01,21.599
M0,GBP1,1937-06-01,21.568
M0,GBP1,1937-07-01,21.666
M0,GBP1,1937-08-01,21.694
M0,GBP1,1937-09-01,21.566
M0,GBP1,1937-10-01,21.519
M0,GBP1,1937-11-01,21.578
M0,GBP1,1937-12-01,21.605
M0,GBP1,1938-01-01,21.62
M0,GBP1,1938-02-01,21.601
M0,GBP1,1938-03-01,21.629
M0,GBP1,1938-04-01,21.665
M0,GBP1,1938-05-01,21.746
M0,GBP1,1938-06-01,21.66
M0,GBP1,1938-07-01,21.541
M0,GBP1,1938-08-01,21.328
M0,GBP1,1938-09-01,21.253
M0,GBP1,1938-10-01,20.988
M0,GBP1,1938-11-01,20.787
M0,GBP1,1938-12-01,20.651
M0,GBP1,1939-01-01,20.667
M0,GBP1,1939-02-01,20.665
M0,GBP1,1939-03-01,20.706
M0,GBP1,1939-04-01,20.86
M0,GBP1,1939-05-01,20.819
M0,GBP1,1939-06-01,20.766
M0,GBP1,1939-07-01,20.758
M0,GBP1,1939-08-01,20.43
M0,GBP1,1939-09-01,17.632
M0,GBP1,1939-10-01,17.868
M0,GBP1,1939-11-01,17.499
M0,GBP1,1939-12-01,17.511
M0,GBP1,1940-01-01,17.663
M0,GBP1,1940-02-01,17.678
M0,GBP1,1940-03-01,16.821
M0,GBP1,1940-04-01,15.717
M0,GBP1,1940-05-01,14.603
M0,GBP1,1940-06-01,15.818
M0,GBP1,1940-07-01,16.739
M0,GBP1,1940-08-01,17.583
M0,GBP1,1940-09-01,16.976
M0,GBP1,1940-10-01,17.017
M0,GBP1,1940-11-01,16.972
M0,GBP1,1940-12-01,16.032
M0,GBP1,1941-01-01,16.007
M0,GBP1,1941-02-01,16.265
M0,GBP1,1941-03-01,17.106
M0,GBP1,1941-04-01,17.277
M0,GBP1,1941-05-01,17.246
M0,GBP1,1941-06-01,17.117
M0,GBP1,1941-07-01,17.194
M0,GBP1,1941-08-01,17.225
M0,GBP1,1941-09-01,17.237
M0,GBP1,1941-10-01,17.265
M0,GBP1,1941-11-01,17.279
M0,GBP1,1941-12-01,17.182
M0,GBP1,1942-01-01,17.235
M0,GBP1,1942-02-01,17.249
M0,GBP1,1942-03-01,17.227
M0,GBP1,1942-04-01,17.249
M0,GBP1,1942-05-01,17.25
M0,GBP1,1942-06-01,17.26
M0,GBP1,1942-07-01,17.277
M0,GBP1,1942-08-01,17.29
M0,GBP1,1942-09-01,17.305
M0,GBP1,1942-10-01,17.3
M0,GBP1,1942-11-01,17.313
M0,GBP1,1942-12-01,17.333
M0,GBP1,1943-01-01,17.339
M0,GBP1,1943-02-01,17.318
M0,GBP1,1943-03-01,17.309
M0,GBP1,1943-04-01,17.29
M0,GBP1,1943-05-01,17.295
M0,GBP1,1943-06-01,17.283
M0,GBP1,1943-07-01,17.28
M0,GBP1,1943-08-01,17.28
M0,GBP1,1943-09-01,17.3
M0,GBP1,1943-10-01,17.3
M0,GBP1,1943-11-01,17.3
M0,GBP1,1943-12-01,17.3
M0,GBP1,1944-01-01,17.3
M0,GBP1,1944-02-01,17.322
M0,GBP1,1944-03-01,17.346
M0,GBP1,1944-04-01,17.35
M0,GBP1,1944-05-01,17.35
M0,GBP1,1944-06-01,17.303
M0,GBP1,1944-07-01,17.3
M0,GBP1,1944-08-01,17.3
M0,GBP1,1944-09-01,17.3
M0,GBP1,1944-10-01,17.3
M0,GBP1,1944-11-01,17.298
M0,GBP1,1944-12-01,17.29
M0,GBP1,1945-01-01,17.29
M0,GBP1,1945-02-01,17.29
M0,GBP1,1945-03-01,17.29
M0,GBP1,1945-04-01,17.29
M0,GBP1,1945-05-01,17.29
M0,GBP1,1945-06-01,17.29
M0,GBP1,1945-07-01,17.292
M0,GBP1,1945-08-01,17.296
M0,GBP1,1945-09-01,17.294
M0,GBP1,1945-10-01,17.3
M0,GBP1,1945-11-01,17.372
M0,GBP1,1945-12-01,17.395
M0,GBP1,1946-01-01,17.391
M0,GBP1,1946-02-01,17.39
M0,GBP1,1946-03-01,17.363
M0,GBP1,1946-04-01,17.34
M0,GBP1,1946-05-01,17.34
M0,GBP1,1946-06-01,17.34
M0,GBP1,1946-07-01,17.34
M0,GBP1,1946-08-01,17.34
M0,GBP1,1946-09-01,17.34
M0,GBP1,1946-10-01,17.34
M0,GBP1,1946-11-01,17.34
M0,GBP1,1946-12-01,17.34
M0,GBP1,1947-01-01,17.34
M0,GBP1,1947-02-01,17.34
M0,GBP1,1947-03-01,17.34
M0,GBP1,1947-04-01,17.34
M0,GBP1,1947-05-01,17.34
M0,GBP1,1947-06-01,17.34
M0,GBP1,1947-07-01,17.34
M0,GBP1,1947-08-01,17.34
M0,GBP1,1947-09-01,17.34
M0,GBP1,1947-10-01,17.34
M0,GBP1,1947-11-01,17.34
M0,GBP1,1947-12-01,17.34
M0,GBP1,1948-01-01,17.34
M0,GBP1,1948-02-01,17.34
M0,GBP1,1948-03-01,17.34
M0,GBP1,1948-04-01,17.34
M0,GBP1,1948-05-01,17.34
M0,GBP1,1948-06-01,17.34
M0,GBP1,1948-07-01,17.34
M0,GBP1,1948-08-01,17.34
M0,GBP1,1948-09-01,17.34
M0,GBP1,1948-10-01,17.34
M0,GBP1,1948-11-01,17.34
M0,GBP1,1948-12-01,17.34
M0,GBP1,1949-01-01,17.34
M0,GBP1,1949-02-01,17.34
M0,GBP1,1949-03-01,17.34
M0,GBP1,1949-04-01,17.34
M0,GBP1,1949-05-01,17.34
M0,GBP1,1949-06-01,17.34
M0,GBP1,1949-07-01,17.34
M0,GBP1,1949-08-01,17.34
M0,GBP1,1949-09-01,15.25
M0,GBP1,1949-10-01,12.19
M0,GBP1,1949-11-01,12.23
M0,GBP1,1949-12-01,12.23
M0,GBP1,1952-01-01,12.194
M0,GBP1,1952-02-01,12.19
M0,GBP1,1952-03-01,12.208
M0,GBP1,1952-04-01,12.218
M0,GBP1,1952-05-01,12.232
M0,GBP1,1952-06-01,12.206
M0,GBP1,1952-07-01,12.2
M0,GBP1,1952-08-01,12.192
M0,GBP1,1952-09-01,12.19
M0,GBP1,1952-10-01,12.19
M0,GBP1,1952-11-01,12.188
M0,GBP1,1952-12-01,12.186
M0,GBP1,1953-01-01,12.193
M0,GBP1,1953-02-01,12.193
M0,GBP1,1953-03-01,12.19
M0,GBP1,1953-04-01,12.179
M0,GBP1,1953-05-01,12.202
M0,GBP1,1953-06-01,12.202
M0,GBP1,1953-07-01,12.181
M0,GBP1,1953-08-01,12.173
M0,GBP1,1953-09-01,12.172
M0,GBP1,1953-10-01,12.183
M0,GBP1,1953-11-01,12.216
M0,GBP1,1953-12-01,12.226
M0,GBP1,1954-01-01,12.214
M0,GBP1,1954-02-01,12.206
M0,GBP1,1954-03-01,12.21
M0,GBP1,1954-04-01,12.229
M0,GBP1,1954-05-01,12.239
M0,GBP1,1954-06-01,12.223
M0,GBP1,1954-07-01,12.204
M0,GBP1,1954-08-01,12.201
M0,GBP1,1954-09-01,12.202
M0,GBP1,1954-10-01,12.226
M0,GBP1,1954-11-01,12.248
M0,GBP1,1954-12-01,12.242
M0,GBP1,1955-01-01,12.247
M0,GBP1,1955-02-01,12.248
M0,GBP1,1955-03-01,12.272
M0,GBP1,1955-04-01,12.283
M0,GBP1,1955-05-01,12.252
M0,GBP1,1955-06-01,12.222
M0,GBP1,1955-07-01,12.169
M0,GBP1,1955-08-01,12.16
M0,GBP1,1955-09-01,12.172
M0,GBP1,1955-10-01,12.21
M0,GBP1,1955-11-01,12.241
M0,GBP1,1955-12-01,12.25
M0,GBP1,1956-01-01,12.248
M0,GBP1,1956-02-01,12.239
M0,GBP1,1956-03-01,12.242
M0,GBP1,1956-04-01,12.263
M0,GBP1,1956-05-01,12.264
M0,GBP1,1956-06-01,12.212
M0,GBP1,1956-07-01,12.186
M0,GBP1,1956-08-01,12.177
M0,GBP1,1956-09-01,12.195
M0,GBP1,1956-10-01,12.232
M0,GBP1,1956-11-01,12.215
M0,GBP1,1956-12-01,12.242
M0,GBP1,1957-01-01,12.264
M0,GBP1,1957-02-01,12.276
M0,GBP1,1957-03-01,12.268
M0,GBP1,1957-04-01,12.272
M0,GBP1,1957-05-01,12.255
M0,GBP1,1957-06-01,12.223
M0,GBP1,1957-07-01,12.197
M0,GBP1,1957-08-01,12.165
M0,GBP1,1957-09-01,12.172
M0,GBP1,1957-10-01,12.255
M0,GBP1,1957-11-01,12.266
M0,GBP1,1957-12-01,12.261
M0,GBP1,1958-01-01,12.258
M0,GBP1,1958-02-01,12.276
M0,GBP1,1958-03-01,12.273
M0,GBP1,1958-04-01,12.246
M0,GBP1,1958-05-01,12.233
M0,GBP1,1958-06-01,12.229
M0,GBP1,1958-07-01,12.2
M0,GBP1,1958-08-01,12.205
M0,GBP1,1958-09-01,12.201
M0,GBP1,1958-10-01,12.212
M0,GBP1,1958-11-01,12.234
M0,GBP1,1958-12-01,12.189
M0,GBP1,1959-01-01,12.101
M0,GBP1,1959-02-01,12.116
M0,GBP1,1959-03-01,12.157
M0,GBP1,1959-04-01,12.173
M0,GBP1,1959-05-01,12.164
M0,GBP1,1959-06-01,12.125
M0,GBP1,1959-07-01,12.116
M0,GBP1,1959-08-01,12.121
M0,GBP1,1959-09-01,12.124
M0,GBP1,1959-10-01,12.175
M0,GBP1,1959-11-01,12.164
M0,GBP1,1959-12-01,12.1
M0,GBP1,1960-01-01,12.112
M0,GBP1,1960-02-01,12.158
M0,GBP1,1960-03-01,12.166
M0,GBP1,1960-04-01,12.187
M0,GBP1,1960-05-01,12.134
M0,GBP1,1960-06-01,12.092
M0,GBP1,1960-07-01,12.113
M0,GBP1,1960-08-01,12.111
M0,GBP1,1960-09-01,12.113
M0,GBP1,1960-10-01,12.11
M0,GBP1,1960-11-01,12.119
M0,GBP1,1960-12-01,12.087
M0,GBP1,1961-01-01,12.085
M0,GBP1,1961-02-01,12.097
M0,GBP1,1961-03-01,12.089
M0,GBP1,1961-04-01,12.1
M0,GBP1,1961-05-01,12.093
M0,GBP1,1961-06-01,12.053
M0,GBP1,1961-07-01,12.027
M0,GBP1,1961-08-01,12.097
M0,GBP1,1961-09-01,12.134
M0,GBP1,1961-10-01,12.168
M0,GBP1,1961-11-01,12.166
M0,GBP1,1961-12-01,12.124
M0,GBP1,1962-01-01,12.136
M0,GBP1,1962-02-01,12.176
M0,GBP1,1962-03-01,12.215
M0,GBP1,1962-04-01,12.221
M0,GBP1,1962-05-01,12.174
M0,GBP1,1962-06-01,12.118
M0,GBP1,1962-07-01,12.115
M0,GBP1,1962-08-01,12.117
M0,GBP1,1962-09-01,12.109
M0,GBP1,1962-10-01,12.107
M0,GBP1,1962-11-01,12.091
M0,GBP1,1962-12-01,12.099
M0,GBP1,1963-01-01,12.13
M0,GBP1,1963-02-01,12.122
M0,GBP1,1963-03-01,12.121
M0,GBP1,1963-04-01,12.124
M0,GBP1,1963-05-01,12.104
M0,GBP1,1963-06-01,12.107
M0,GBP1,1963-07-01,12.109
M0,GBP1,1963-08-01,12.084
M0,GBP1,1963-09-01,12.073
M0,GBP1,1963-10-01,12.073
M0,GBP1,1963-11-01,12.076
M0,GBP1,1963-12-01,12.069
M0,GBP1,1964-01-01,12.076
M0,GBP1,1964-02-01,12.093
M0,GBP1,1964-03-01,12.1
M0,GBP1,1964-04-01,12.094
M0,GBP1,1964-05-01,12.08
M0,GBP1,1964-06-01,12.057
M0,GBP1,1964-07-01,12.055
M0,GBP1,1964-08-01,12.04
M0,GBP1,1964-09-01,12.023
M0,GBP1,1964-10-01,12.015
M0,GBP1,1964-11-01,12.019
M0,GBP1,1964-12-01,12.04
M0,GBP1,1965-01-01,12.055
M0,GBP1,1965-02-01,12.096
M0,GBP1,1965-03-01,12.125
M0,GBP1,1965-04-01,12.141
M0,GBP1,1965-05-01,12.155
M0,GBP1,1965-06-01,12.099
M0,GBP1,1965-07-01,12.068
M0,GBP1,1965-08-01,12.048
M0,GBP1,1965-09-01,12.071
M0,GBP1,1965-10-01,12.106
M0,GBP1,1965-11-01,12.11
M0,GBP1,1965-12-01,12.095
M0,GBP1,1966-01-01,12.133
M0,GBP1,1966-02-01,12.143
M0,GBP1,1966-03-01,12.13
M0,GBP1,1966-04-01,12.091
M0,GBP1,1966-05-01,12.052
M0,GBP1,1966-06-01,12.04
M0,GBP1,1966-07-01,12.038
M0,GBP1,1966-08-01,12.065
M0,GBP1,1966-09-01,12.07
M0,GBP1,1966-10-01,12.101
M0,GBP1,1966-11-01,12.057
M0,GBP1,1966-12-01,12.06
M0,GBP1,1967-01-01,12.084
M0,GBP1,1967-02-01,12.114
M0,GBP1,1967-03-01,12.114
M0,GBP1,1967-04-01,12.104
M0,GBP1,1967-05-01,12.07
M0,GBP1,1967-06-01,12.048
M0,GBP1,1967-07-01,12.049
M0,GBP1,1967-08-01,12.076
M0,GBP1,1967-09-01,12.087
M0,GBP1,1967-10-01,12.082
M0,GBP1,1967-12-01,10.392
M0,GBP1,1968-01-01,10.466
M0,GBP1,1968-02-01,10.478
M0,GBP1,1968-03-01,10.398
M0,GBP1,1968-04-01,10.417
M0,GBP1,1968-05-01,10.333
M0,GBP1,1968-06-01,10.264
M0,GBP1,1968-07-01,10.268
M0,GBP1,1968-08-01,10.297
M0,GBP1,1968-09-01,10.264
M0,GBP1,1968-10-01,10.268
M0,GBP1,1968-11-01,10.266
M0,GBP1,1968-12-01,10.249
M0,GBP1,1969-01-01,10.31
M0,GBP1,1969-02-01,10.33
M0,GBP1,1969-03-01,10.28
M0,GBP1,1969-04-01,10.342
M0,GBP1,1969-05-01,10.322
M0,GBP1,1969-06-01,10.308
M0,GBP1,1969-07-01,10.304
M0,GBP1,1969-08-01,10.266
M0,GBP1,1969-09-01,10.246
M0,GBP1,1969-10-01,10.284
M0,GBP1,1969-11-01,10.365
M0,GBP1,1969-12-01,10.327
M0,GBP1,1970-01-01,10.3534
M0,GBP1,1970-02-01,10.3361
M0,GBP1,1970-03-01,10.3678
M0,GBP1,1970-04-01,10.3499
M0,GBP1,1970-05-01,10.3598
M0,GBP1,1970-06-01,10.3445
M0,GBP1,1970-07-01,10.2879
M0,GBP1,1970-08-01,10.2706
M0,GBP1,1970-09-01,10.2682
M0,GBP1,1970-10-01,10.3357
M0,GBP1,1970-11-01,10.3223
M0,GBP1,1970-12-01,10.3082
M0,GBP1,1971-01-01,10.3529
M0,GBP1,1971-02-01,10.387
M0,GBP1,1971-03-01,10.3988
M0,GBP1,1971-04-01,10.3923
M0,GBP1,1971-05-01,9.953
M0,GBP1,1971-06-01,9.8975
M0,GBP1,1971-07-01,9.9021
M0,GBP1,1971-08-01,9.7998
M0,GBP1,1971-09-01,9.8278
M0,GBP1,1971-10-01,9.8962
M0,GBP1,1971-11-01,9.9229
M0,GBP1,1971-12-01,9.8617
M0,GBP1,1972-01-01,9.9993
M0,GBP1,1972-02-01,10.0408
M0,GBP1,1972-03-01,10.0782
M0,GBP1,1972-04-01,10.0641
M0,GBP1,1972-05-01,10.0816
M0,GBP1,1972-06-01,9.9433
M0,GBP1,1972-07-01,9.1915
M0,GBP1,1972-08-01,9.2614
M0,GBP1,1972-09-01,9.2453
M0,GBP1,1972-10-01,9.0965
M0,GBP1,1972-11-01,8.9237
M0,GBP1,1972-12-01,8.8422
M0,GBP1,1973-01-01,8.7848
M0,GBP1,1973-02-01,8.2851
M0,GBP1,1973-03-01,7.9306
M0,GBP1,1973-04-01,8.0418
M0,GBP1,1973-05-01,8.0315
M0,GBP1,1973-06-01,7.8566
M0,GBP1,1973-07-01,7.1533
M0,GBP1,1973-08-01,7.349
M0,GBP1,1973-09-01,7.2837
M0,GBP1,1973-10-01,7.3445
M0,GBP1,1973-11-01,7.5537
M0,GBP1,1973-12-01,7.413
M0,GBP1,1974-01-01,7.4756
M0,GBP1,1974-02-01,7.2166
M0,GBP1,1974-03-01,7.2047
M0,GBP1,1974-04-01,7.2179
M0,GBP1,1974-05-01,7.0113
M0,GBP1,1974-06-01,7.1438
M0,GBP1,1974-07-01,7.0812
M0,GBP1,1974-08-01,6.992
M0,GBP1,1974-09-01,6.9422
M0,GBP1,1974-10-01,6.7611
M0,GBP1,1974-11-01,6.4072
M0,GBP1,1974-12-01,6.093
M0,GBP1,1975-01-01,5.958
M0,GBP1,1975-02-01,5.9275
M0,GBP1,1975-03-01,5.9845
M0,GBP1,1975-04-01,6.0606
M0,GBP1,1975-05-01,5.8124
M0,GBP1,1975-06-01,5.6934
M0,GBP1,1975-07-01,5.6978
M0,GBP1,1975-08-01,5.6619
M0,GBP1,1975-09-01,5.6459
M0,GBP1,1975-10-01,5.4781
M0,GBP1,1975-11-01,5.4376
M0,GBP1,1975-12-01,5.3281
M0,GBP1,1976-01-01,5.2775
M0,GBP1,1976-02-01,5.2047
M0,GBP1,1976-03-01,4.9912
M0,GBP1,1976-04-01,4.6698
M0,GBP1,1976-05-01,4.5068
M0,GBP1,1976-06-01,4.3626
M0,GBP1,1976-07-01,4.4367
M0,GBP1,1976-08-01,4.4178
M0,GBP1,1976-09-01,4.2786
M0,GBP1,1976-10-01,4.0064
M0,GBP1,1976-11-01,3.9935
M0,GBP1,1976-12-01,4.109
M0,GBP1,1977-01-01,4.262
M0,GBP1,1977-02-01,4.3076
M0,GBP1,1977-03-01,4.3821
M0,GBP1,1977-04-01,4.3409
M0,GBP1,1977-05-01,4.3297
M0,GBP1,1977-06-01,4.2788
M0,GBP1,1977-07-01,4.1531
M0,GBP1,1977-08-01,4.1868
M0,GBP1,1977-09-01,4.1419
M0,GBP1,1977-10-01,4.0334
M0,GBP1,1977-11-01,4.0017
M0,GBP1,1977-12-01,3.8518
M0,GBP1,1978-01-01,3.844
M0,GBP1,1978-02-01,3.696
M0,GBP1,1978-03-01,3.6198
M0,GBP1,1978-04-01,3.5199
M0,GBP1,1978-05-01,3.5662
M0,GBP1,1978-06-01,3.4586
M0,GBP1,1978-07-01,3.4117
M0,GBP1,1978-08-01,3.2287
M0,GBP1,1978-09-01,3.0737
M0,GBP1,1978-10-01,3.0829
M0,GBP1,1978-11-01,3.2715
M0,GBP1,1978-12-01,3.3285
M0,GBP1,1979-01-01,3.348
M0,GBP1,1979-02-01,3.3548
M0,GBP1,1979-03-01,3.4223
M0,GBP1,1979-04-01,3.5537
M0,GBP1,1979-05-01,3.5516
M0,GBP1,1979-06-01,3.5862
M0,GBP1,1979-07-01,3.7185
M0,GBP1,1979-08-01,3.703
M0,GBP1,1979-09-01,3.5497
M0,GBP1,1979-10-01,3.4874
M0,GBP1,1979-11-01,3.5075
M0,GBP1,1979-12-01,3.5131
M0,GBP1,1980-01-01,3.6083
M0,GBP1,1980-02-01,3.7471
M0,GBP1,1980-03-01,3.8822
M0,GBP1,1980-04-01,3.8806
M0,GBP1,1980-05-01,3.8264
M0,GBP1,1980-06-01,3.8162
M0,GBP1,1980-07-01,3.8086
M0,GBP1,1980-08-01,3.9141
M0,GBP1,1980-09-01,3.936
M0,GBP1,1980-10-01,4.0081
M0,GBP1,1980-11-01,4.1357
M0,GBP1,1980-12-01,4.1833
M0,GBP1,1981-01-01,4.3732
M0,GBP1,1981-02-01,4.4734
M0,GBP1,1981-03-01,4.2875
M0,GBP1,1981-04-01,4.291
M0,GBP1,1981-05-01,4.3099
M0,GBP1,1981-06-01,4.0959
M0,GBP1,1981-07-01,3.9313
M0,GBP1,1981-08-01,3.9436
M0,GBP1,1981-09-01,3.683
M0,GBP1,1981-10-01,3.4736
M0,GBP1,1981-11-01,3.3938
M0,GBP1,1981-12-01,3.4597
M0,GBP1,1982-01-01,3.4767
M0,GBP1,1982-02-01,3.494
M0,GBP1,1982-03-01,3.4093
M0,GBP1,1982-04-01,3.4679
M0,GBP1,1982-05-01,3.5264
M0,GBP1,1982-06-01,3.6454
M0,GBP1,1982-07-01,3.6341
M0,GBP1,1982-08-01,3.6379
M0,GBP1,1982-09-01,3.6587
M0,GBP1,1982-10-01,3.6807
M0,GBP1,1982-11-01,3.5853
M0,GBP1,1982-12-01,3.3147
M0,GBP1,1983-01-01,3.1014
M0,GBP1,1983-02-01,3.0865
M0,GBP1,1983-03-01,3.0734
M0,GBP1,1983-04-01,3.1649
M0,GBP1,1983-05-01,3.2434
M0,GBP1,1983-06-01,3.2725
M0,GBP1,1983-07-01,3.2334
M0,GBP1,1983-08-01,3.2455
M0,GBP1,1983-09-01,3.2413
M0,GBP1,1983-10-01,3.1575
M0,GBP1,1983-11-01,3.2039
M0,GBP1,1983-12-01,3.1475
M0,GBP1,1984-01-01,3.1487
M0,GBP1,1984-02-01,3.1727
M0,GBP1,1984-03-01,3.1269
M0,GBP1,1984-04-01,3.1108
M0,GBP1,1984-05-01,3.1492
M0,GBP1,1984-06-01,3.141
M0,GBP1,1984-07-01,3.176
M0,GBP1,1984-08-01,3.1729
M0,GBP1,1984-09-01,3.1453
M0,GBP1,1984-10-01,3.0781
M0,GBP1,1984-11-01,3.0583
M0,GBP1,1984-12-01,3.0426
M0,GBP1,1985-01-01,2.9961
M0,GBP1,1985-02-01,3.0627
M0,GBP1,1985-03-01,3.1418
M0,GBP1,1985-04-01,3.2114
M0,GBP1,1985-05-01,3.2607
M0,GBP1,1985-06-01,3.2898
M0,GBP1,1985-07-01,3.3245
M0,GBP1,1985-08-01,3.1737
M0,GBP1,1985-09-01,3.1843
M0,GBP1,1985-10-01,3.0816
M0,GBP1,1985-11-01,3.0625
M0,GBP1,1985-12-01,3.0438
M0,GBP1,1986-01-01,2.9469
M0,GBP1,1986-02-01,2.791
M0,GBP1,1986-03-01,2.7951
M0,GBP1,1986-04-01,2.8455
M0,GBP1,1986-05-01,2.8157
M0,GBP1,1986-06-01,2.7752
M0,GBP1,1986-07-01,2.6351
M0,GBP1,1986-08-01,2.467
M0,GBP1,1986-09-01,2.4332
M0,GBP1,1986-10-01,2.3434
M0,GBP1,1986-11-01,2.4
M0,GBP1,1986-12-01,2.393
M0,GBP1,1987-01-01,2.3444
M0,GBP1,1987-02-01,2.3525
M0,GBP1,1987-03-01,2.4447
M0,GBP1,1987-04-01,2.4346
M0,GBP1,1987-05-01,2.4488
M0,GBP1,1987-06-01,2.4567
M0,GBP1,1987-07-01,2.4704
M0,GBP1,1987-08-01,2.4543
M0,GBP1,1987-09-01,2.4687
M0,GBP1,1987-10-01,2.4823
M0,GBP1,1987-11-01,2.4515
M0,GBP1,1987-12-01,2.4302
M0,GBP1,1988-01-01,2.4226
M0,GBP1,1988-02-01,2.4432
M0,GBP1,1988-03-01,2.5368
M0,GBP1,1988-04-01,2.5934
M0,GBP1,1988-05-01,2.6341
M0,GBP1,1988-06-01,2.5999
M0,GBP1,1988-07-01,2.6097
M0,GBP1,1988-08-01,2.6878
M0,GBP1,1988-09-01,2.6513
M0,GBP1,1988-10-01,2.6727
M0,GBP1,1988-11-01,2.652
M0,GBP1,1988-12-01,2.6983
M0,GBP1,1989-01-01,2.7664
M0,GBP1,1989-02-01,2.7612
M0,GBP1,1989-03-01,2.7527
M0,GBP1,1989-04-01,2.7981
M0,GBP1,1989-05-01,2.8137
M0,GBP1,1989-06-01,2.6546
M0,GBP1,1989-07-01,2.643
M0,GBP1,1989-08-01,2.6479
M0,GBP1,1989-09-01,2.6495
M0,GBP1,1989-10-01,2.5892
M0,GBP1,1989-11-01,2.5443
M0,GBP1,1989-12-01,2.5006
M0,GBP1,1990-01-01,2.5026
M0,GBP1,1990-02-01,2.5216
M0,GBP1,1990-03-01,2.4558
M0,GBP1,1990-04-01,2.4336
M0,GBP1,1990-05-01,2.3795
M0,GBP1,1990-06-01,2.4341
M0,GBP1,1990-07-01,2.515
M0,GBP1,1990-08-01,2.4874
M0,GBP1,1990-09-01,2.4553
M0,GBP1,1990-10-01,2.491
M0,GBP1,1990-11-01,2.467
M0,GBP1,1990-12-01,2.4617
M0,GBP1,1991-01-01,2.4591
M0,GBP1,1991-02-01,2.4875
M0,GBP1,1991-03-01,2.5307
M0,GBP1,1991-04-01,2.5187
M0,GBP1,1991-05-01,2.5097
M0,GBP1,1991-06-01,2.5208
M0,GBP1,1991-07-01,2.5523
M0,GBP1,1991-08-01,2.5572
M0,GBP1,1991-09-01,2.558
M0,GBP1,1991-10-01,2.5459
M0,GBP1,1991-11-01,2.5528
M0,GBP1,1991-12-01,2.5289
M0,GBP1,1992-01-01,2.5365
M0,GBP1,1992-02-01,2.5847
M0,GBP1,1992-03-01,2.5993
M0,GBP1,1992-04-01,2.6612
M0,GBP1,1992-05-01,2.6997
M0,GBP1,1992-06-01,2.643
M0,GBP1,1992-07-01,2.5585
M0,GBP1,1992-08-01,2.5222
M0,GBP1,1992-09-01,2.3734
M0,GBP1,1992-10-01,2.1762
M0,GBP1,1992-11-01,2.1816
M0,GBP1,1992-12-01,2.2048
M0,GBP1,1993-01-01,2.2645
M0,GBP1,1993-02-01,2.1823
M0,GBP1,1993-03-01,2.2175
M0,GBP1,1993-04-01,2.2532
M0,GBP1,1993-05-01,2.2436
M0,GBP1,1993-06-01,2.2241
M0,GBP1,1993-07-01,2.2648
M0,GBP1,1993-08-01,2.2343
M0,GBP1,1993-09-01,2.1629
M0,GBP1,1993-10-01,2.164
M0,GBP1,1993-11-01,2.2157
M0,GBP1,1993-12-01,2.1824
M0,GBP1,1994-01-01,2.1946
M0,GBP1,1994-02-01,2.1565
M0,GBP1,1994-03-01,2.132
M0,GBP1,1994-04-01,2.1312
M0,GBP1,1994-05-01,2.1249
M0,GBP1,1994-06-01,2.097
M0,GBP1,1994-07-01,2.0463
M0,GBP1,1994-08-01,2.0314
M0,GBP1,1994-09-01,2.0186
M0,GBP1,1994-10-01,2.0301
M0,GBP1,1994-11-01,2.057
M0,GBP1,1994-12-01,2.0708
M0,GBP1,1995-01-01,2.0254
M0,GBP1,1995-02-01,1.9973
M0,GBP1,1995-03-01,1.8739
M0,GBP1,1995-04-01,1.8246
M0,GBP1,1995-05-01,1.8527
M0,GBP1,1995-06-01,1.8457
M0,GBP1,1995-07-01,1.8429
M0,GBP1,1995-08-01,1.8763
M0,GBP1,1995-09-01,1.8526
M0,GBP1,1995-10-01,1.8067
M0,GBP1,1995-11-01,1.785
M0,GBP1,1995-12-01,1.7907
M0,GBP1,1996-01-01,1.8036
M0,GBP1,1996-02-01,1.8353
M0,GBP1,1996-03-01,1.8258
M0,GBP1,1996-04-01,1.8465
M0,GBP1,1996-05-01,1.8971
M0,GBP1,1996-06-01,1.9367
M0,GBP1,1996-07-01,1.9156
M0,GBP1,1996-08-01,1.8627
M0,GBP1,1996-09-01,1.9184
M0,GBP1,1996-10-01,1.9921
M0,GBP1,1996-11-01,2.1184
M0,GBP1,1996-12-01,2.2088
M0,GBP1,1997-01-01,2.3096
M0,GBP1,1997-02-01,2.3601
M0,GBP1,1997-03-01,2.3518
M0,GBP1,1997-04-01,2.3779
M0,GBP1,1997-05-01,2.3368
M0,GBP1,1997-06-01,2.3675
M0,GBP1,1997-07-01,2.474
M0,GBP1,1997-08-01,2.4246
M0,GBP1,1997-09-01,2.3556
M0,GBP1,1997-10-01,2.3687
M0,GBP1,1997-11-01,2.3737
M0,GBP1,1997-12-01,2.3896
M0,GBP1,1998-01-01,2.411
M0,GBP1,1998-02-01,2.3984
M0,GBP1,1998-03-01,2.4684
M0,GBP1,1998-04-01,2.5163
M0,GBP1,1998-05-01,2.4223
M0,GBP1,1998-06-01,2.4637
M0,GBP1,1998-07-01,2.4873
M0,GBP1,1998-08-01,2.4389
M0,GBP1,1998-09-01,2.3544
M0,GBP1,1998-10-01,2.2639
M0,GBP1,1998-11-01,2.2978
M0,GBP1,1998-12-01,2.2685
M0,GBP1,1999-01-01,2.281
M0,GBP1,1999-02-01,2.3215
M0,GBP1,1999-03-01,2.3724
M0,GBP1,1999-04-01,2.41
M0,GBP1,1999-05-01,2.4329
M0,GBP1,1999-06-01,2.4517
M0,GBP1,1999-07-01,2.4389
M0,GBP1,1999-08-01,2.4231
M0,GBP1,1999-09-01,2.4733
M0,GBP1,1999-10-01,2.4656
M0,GBP1,1999-11-01,2.517
M0,GBP1,1999-12-01,2.5526
M0,GBP1,2000-01-01,2.6003
M0,GBP1,2000-02-01,2.6126
M0,GBP1,2000-03-01,2.6253
M0,GBP1,2000-04-01,2.6286
M0,GBP1,2000-05-01,2.5885
M0,GBP1,2000-06-01,2.4785
M0,GBP1,2000-07-01,2.4875
M0,GBP1,2000-08-01,2.5538
M0,GBP1,2000-09-01,2.5164
M0,GBP1,2000-10-01,2.5671
M0,GBP1,2000-11-01,2.5338
M0,GBP1,2000-12-01,2.4655
M0,GBP1,2001-01-01,2.407
M0,GBP1,2001-02-01,2.422
M0,GBP1,2001-03-01,2.4395
M0,GBP1,2001-04-01,2.4563
M0,GBP1,2001-05-01,2.4975
M0,GBP1,2001-06-01,2.4986
M0,GBP1,2001-07-01,2.4867
M0,GBP1,2001-08-01,2.4137
M0,GBP1,2001-09-01,2.3951
M0,GBP1,2001-10-01,2.3698
M0,GBP1,2001-11-01,2.3717
M0,GBP1,2001-12-01,2.3743
M0,GBP1,2002-01-01,2.3891
M0,GBP1,2002-02-01,2.4155
M0,GBP1,2002-03-01,2.3822
M0,GBP1,2002-04-01,2.3871000000000002
M0,GBP1,2002-05-01,2.3175
M0,GBP1,2002-06-01,2.2844
M0,GBP1,2002-07-01,2.29
M0,GBP1,2002-08-01,2.2998
M0,GBP1,2002-09-01,2.323
M0,GBP1,2002-10-01,2.3242
M0,GBP1,2002-11-01,2.3028
M0,GBP1,2002-12-01,2.2855
M0,GBP1,2003-01-01,2.2242
M0,GBP1,2003-02-01,2.1922
M0,GBP1,2003-03-01,2.1505
M0,GBP1,2003-04-01,2.1676
M0,GBP1,2003-05-01,2.125
M0,GBP1,2003-06-01,2.1914
M0,GBP1,2003-07-01,2.2091
M0,GBP1,2003-08-01,2.2021
M0,GBP1,2003-09-01,2.2198
M0,GBP1,2003-10-01,2.2172
M0,GBP1,2003-11-01,2.2487
M0,GBP1,2003-12-01,2.2137
M0,GBP1,2004-01-01,2.2621000000000002
M0,GBP1,2004-02-01,2.3222
M0,GBP1,2004-03-01,2.3328
M0,GBP1,2004-04-01,2.3375
M0,GBP1,2004-05-01,2.2908
M0,GBP1,2004-06-01,2.2867
M0,GBP1,2004-07-01,2.2912
M0,GBP1,2004-08-01,2.2976
M0,GBP1,2004-09-01,2.2641
M0,GBP1,2004-10-01,2.2314
M0,GBP1,2004-11-01,2.1785
M0,GBP1,2004-12-01,2.2103
M0,GBP1,2005-01-01,2.2128
M0,GBP1,2005-02-01,2.2468
M0,GBP1,2005-03-01,2.2354
M0,GBP1,2005-04-01,2.2645
M0,GBP1,2005-05-01,2.2575
M0,GBP1,2005-06-01,2.3004
M0,GBP1,2005-07-01,2.2651
M0,GBP1,2005-08-01,2.2652
M0,GBP1,2005-09-01,2.285
M0,GBP1,2005-10-01,2.2721
M0,GBP1,2005-11-01,2.2732
M0,GBP1,2005-12-01,2.2788
M0,GBP1,2006-01-01,2.2569
M0,GBP1,2006-02-01,2.2785
M0,GBP1,2006-03-01,2.2753
M0,GBP1,2006-04-01,2.2669
M0,GBP1,2006-05-01,2.2772
M0,GBP1,2006-06-01,2.2708
M0,GBP1,2006-07-01,2.2796
M0,GBP1,2006-08-01,2.3302
M0,GBP1,2006-09-01,2.345
M0,GBP1,2006-10-01,2.3622
M0,GBP1,2006-11-01,2.3624
M0,GBP1,2006-12-01,2.373
M0,GBP1,2007-01-01,2.4367
M0,GBP1,2007-02-01,2.4271
M0,GBP1,2007-03-01,2.3708
M0,GBP1,2007-04-01,2.4104
M0,GBP1,2007-05-01,2.4217
M0,GBP1,2007-06-01,2.4486
M0,GBP1,2007-07-01,2.4562
M0,GBP1,2007-08-01,2.4154
M0,GBP1,2007-09-01,2.3924
M0,GBP1,2007-10-01,2.3991
M0,GBP1,2007-11-01,2.3281
M0,GBP1,2007-12-01,2.302
M0,GBP1,2008-01-01,2.1669
M0,GBP1,2008-02-01,2.1416
M0,GBP1,2008-03-01,2.0274
M0,GBP1,2008-04-01,2.0034
M0,GBP1,2008-05-01,2.0503
M0,GBP1,2008-06-01,2.0369
M0,GBP1,2008-07-01,2.0397
M0,GBP1,2008-08-01,2.0434
M0,GBP1,2008-09-01,1.9954
M0,GBP1,2008-10-01,1.9298
M0,GBP1,2008-11-01,1.8251
M0,GBP1,2008-12-01,1.7075
M0,GBP1,2009-01-01,1.6274
M0,GBP1,2009-02-01,1.678
M0,GBP1,2009-03-01,1.639
M0,GBP1,2009-04-01,1.6873
M0,GBP1,2009-05-01,1.7077
M0,GBP1,2009-06-01,1.7693
M0,GBP1,2009-07-01,1.7649
M0,GBP1,2009-08-01,1.7675
M0,GBP1,2009-09-01,1.6987
M0,GBP1,2009-10-01,1.653
M0,GBP1,2009-11-01,1.6807
M0,GBP1,2009-12-01,1.6694
M0,GBP1,2010-01-01,1.6728
M0,GBP1,2010-02-01,1.6748
M0,GBP1,2010-03-01,1.6053
M0,GBP1,2010-04-01,1.639
M0,GBP1,2010-05-01,1.6551
M0,GBP1,2010-06-01,1.6624
M0,GBP1,2010-07-01,1.6111
M0,GBP1,2010-08-01,1.6285
M0,GBP1,2010-09-01,1.5594
M0,GBP1,2010-10-01,1.5349
M0,GBP1,2010-11-01,1.5703
M0,GBP1,2010-12-01,1.511
M0,GBP1,2011-01-01,1.5079
M0,GBP1,2011-02-01,1.5327
M0,GBP1,2011-03-01,1.4864
M0,GBP1,2011-04-01,1.47
M0,GBP1,2011-05-01,1.4274
M0,GBP1,2011-06-01,1.3617
M0,GBP1,2011-07-01,1.3289
M0,GBP1,2011-08-01,1.2787
M0,GBP1,2011-09-01,1.3768
M0,GBP1,2011-10-01,1.4125
M0,GBP1,2011-11-01,1.4347
M0,GBP1,2011-12-01,1.4538
M0,GBP1,2012-01-01,1.4549
M0,GBP1,2012-02-01,1.4416
M0,GBP1,2012-03-01,1.4448
M0,GBP1,2012-04-01,1.4621
M0,GBP1,2012-05-01,1.4929
M0,GBP1,2012-06-01,1.4891
M0,GBP1,2012-07-01,1.5219
M0,GBP1,2012-08-01,1.5213
M0,GBP1,2012-09-01,1.5148
M0,GBP1,2012-10-01,1.5002
M0,GBP1,2012-11-01,1.4997
M0,GBP1,2012-12-01,1.4877
M0,GBP1,2013-01-01,1.4768
M0,GBP1,2013-02-01,1.4248
M0,GBP1,2013-03-01,1.427
M0,GBP1,2013-04-01,1.4347
M0,GBP1,2013-05-01,1.4611
M0,GBP1,2013-06-01,1.4463
M0,GBP1,2013-07-01,1.435
M0,GBP1,2013-08-01,1.4354
M0,GBP1,2013-09-01,1.4653
M0,GBP1,2013-10-01,1.4533
M0,GBP1,2013-11-01,1.4693
M0,GBP1,2013-12-01,1.4656
M0,GBP1,2014-01-01,1.4884
M0,GBP1,2014-02-01,1.4801
M0,GBP1,2014-03-01,1.4646
M0,GBP1,2014-04-01,1.4779
M0,GBP1,2014-05-01,1.4964
M0,GBP1,2014-06-01,1.5147
M0,GBP1,2014-07-01,1.5316
M0,GBP1,2014-08-01,1.5201
M0,GBP1,2014-09-01,1.5254
M0,GBP1,2014-10-01,1.5308
M0,GBP1,2014-11-01,1.5219
M0,GBP1,2014-12-01,1.5256
M0,GBP1,2015-01-01,1.4241
M0,GBP1,2015-02-01,1.4328
M0,GBP1,2015-03-01,1.4679
M0,GBP1,2015-04-01,1.4362
M0,GBP1,2015-05-01,1.4401
M0,GBP1,2015-06-01,1.4495
M0,GBP1,2015-07-01,1.4828
M0,GBP1,2015-08-01,1.5102
M0,GBP1,2015-09-01,1.4918
M0,GBP1,2015-10-01,1.4847
M0,GBP1,2015-11-01,1.5332
M0,GBP1,2015-12-01,1.4925
M0,GBP1,2016-01-01,1.4501
M0,GBP1,2016-02-01,1.4214
M0,GBP1,2016-03-01,1.3975
M0,GBP1,2016-04-01,1.379
M0,GBP1,2016-05-01,1.42
M0,GBP1,2016-06-01,1.38
M0,GBP1,2016-07-01,1.2917
M0,GBP1,2016-08-01,1.2728
M0,GBP1,2016-09-01,1.282
M0,GBP1,2016-10-01,1.2185
M0,GBP1,2016-11-01,1.2374
M0,GBP1,2016-12-01,1.2719
M0,GBP1,2017-01-01,1.2439
M0,GBP1,2017-02-01,1.2509
M0,GBP1,2017-03-01,1.2365
M0,GBP1,2017-04-01,1.2637
M0,GBP1,2017-05-01,1.2754
M0,GBP1,2017-06-01,1.239
M0,GBP1,2017-07-01,1.2475
M0,GBP1,2017-08-01,1.2513
M0,GBP1,2017-09-01,1.2797
M0,GBP1,2017-10-01,1.2958
M0,GBP1,2017-11-01,1.3116
M0,GBP1,2017-12-01,1.3237
M0,GBP1,2018-01-01,1.3268
M0,GBP1,2018-02-01,1.3068
M0,GBP1,2018-03-01,1.3229
M0,GBP1,2018-04-01,1.36177
M0,GBP1,2018-05-01,1.34237
M0,GBP1,2018-06-01,1.31505
M0,GBP1,2018-07-01,1.31
M0,GBP1,2018-08-01,1.27171
M0,GBP1,2018-09-01,1.26337
M0,GBP1,2018-10-01,1.29296
M0,GBP1,2018-11-01,1.29055
M0,GBP1,2018-12-01,1.25792
M0,GBP1,2019-01-01,1.27585
M0,GBP1,2019-02-01,1.30204
M0,GBP1,2019-03-01,1.31835
M0,GBP1,2019-04-01,1.31258
M0,GBP1,2019-05-01,1.29894
M0,GBP1,2019-06-01,1.25329
M0,GBP1,2019-07-01,1.2315
M0,GBP1,2019-08-01,1.1889
M0,GBP1,2019-09-01,1.22218
M0,GBP1,2019-10-01,1.25433
M0,GBP1,2019-11-01,1.27973
M0,GBP1,2019-12-01,1.29006
M0,GBP1,2020-01-01,1.26692
M0,GBP1,2020-02-01,1.26605
M0,GBP1,2020-03-01,1.18516
M0,GBP1,2020-04-01,1.20439
M0,GBP1,2020-05-01,1.19284
M0,GBP1,2020-06-01,1.19224
M0,GBP1,2020-07-01,1.18276
M0,GBP1,2020-08-01,1.19565
M0,GBP1,2020-09-01,1.1861
M0,GBP1,2020-10-01,1.1849
M0,GBP1,2020-11-01,1.20291
M0,GBP1,2020-12-01,1.19369
M0,GBP1,2021-01-01,1.2092
M0,GBP1,2021-02-01,1.24399
M0,GBP1,2021-03-01,1.28826
M0,GBP1,2021-04-01,1.27488
M0,GBP1,2021-05-01,1.27102
M0,GBP1,2021-06-01,1.27357
M0,GBP1,2021-07-01,1.26725
M0,GBP1,2021-08-01,1.26153
M0,GBP1,2021-09-01,1.26734
M0,GBP1,2021-10-01,1.26398
M0,GBP1,2021-11-01,1.24082
M0,GBP1,2021-12-01,1.2259
M0,GBP1,2022-01-01,1.24588
M0,GBP1,2022-02-01,1.24925
M0,GBP1,2022-03-01,1.22444
M0,GBP1,2022-04-01,1.22122
M0,GBP1,2022-05-01,1.21942
M0,GBP1,2022-06-01,1.19485
M0,GBP1,2022-07-01,1.16254
M0,GBP1,2022-08-01,1.14693
M0,GBP1,2022-09-01,1.10347
M0,GBP1,2022-10-01,1.12398
M0,GBP1,2022-11-01,1.13286
M0,GBP1,2022-12-01,1.13487
M0,GBP1,2023-01-01,1.1296
M0,GBP1,2023-02-01,1.11787
M0,GBP1,2023-03-01,1.12331
M0,GBP1,2023-04-01,1.11735
M0,GBP1,2023-05-01,1.1199
M0,GBP1,2023-06-01,1.13719
M0,GBP1,2023-07-01,1.12533
M0,GBP1,2023-08-01,1.11603
M0,GBP1,2023-09-01,1.11365
M0,GBP1,2023-10-01,1.10018
M0,GBP1,2023-11-01,1.10675
M0,GBP1,2023-12-01,1.09558
M0,GBP1,2024-01-01,1.0911
M0,GBP1,2024-02-01,1.10711
M0,GBP1,2024-03-01,1.12857
M0,GBP1,2024-04-01,1.13956
M0,GBP1,2024-05-01,1.14898
M0,GBP1,2024-06-01,1.13646
M0,GBP1,2024-07-01,1.14718
M0,GBP1,2024-08-01,1.10943
M0,GBP1,2024-09-01,1.1195600000000001
M0,GBP1,2024-10-01,1.12372
M0,GBP1,2024-11-01,1.12169
M0,GBP1,2024-12-01,1.12782
M0,GBP1,2025-01-01,1.12201
M0,GBP1,2025-02-01,1.13291
M0,GBP1,2025-03-01,1.14062
M0,GBP1,2025-04-01,1.09923
M0,GBP1,2025-05-01,1.10814
M0,GBP1,2025-06-01,1.10318
M0,GBP1,2025-07-01,1.07794
M0,GBP1,2025-08-01,1.08509
M0,GBP1,2025-09-01,1.07581
M0,GBP1,2025-10-01,1.0655
M0,GBP1,2025-11-01,1.05529
M0,GBP1,2025-12-01,1.0662
M0,GBP1,2026-01-01,1.06864
M0,GBP1,2026-02-01,1.05012
M0,GBP1,2026-03-01,1.04908
M0,GBP1,2026-04-01,1.05937
M0,GBP1,2026-05-01,1.05676
M0,GBP1,2026-06-01,1.06551
M0,GBP1,2026-07-01,1.08371
M0,HKD100,1999-01-01,17.84295
M0,HKD100,1999-02-01,18.39981
M0,HKD100,1999-03-01,18.90279
M0,HKD100,1999-04-01,19.30946
M0,HKD100,1999-05-01,19.4407
M0,HKD100,1999-06-01,19.79744
M0,HKD100,1999-07-01,19.97291
M0,HKD100,1999-08-01,19.43613
M0,HKD100,1999-09-01,19.63166
M0,HKD100,1999-10-01,19.14783
M0,HKD100,1999-11-01,19.95169
M0,HKD100,1999-12-01,20.35332
M0,HKD100,2000-01-01,20.38223
M0,HKD100,2000-02-01,20.96831
M0,HKD100,2000-03-01,21.34397
M0,HKD100,2000-04-01,21.32101
M0,HKD100,2000-05-01,22.03063
M0,HKD100,2000-06-01,21.06594
M0,HKD100,2000-07-01,21.14608
M0,HKD100,2000-08-01,21.99241
M0,HKD100,2000-09-01,22.50588
M0,HKD100,2000-10-01,22.67839
M0,HKD100,2000-11-01,22.78036
M0,HKD100,2000-12-01,21.63531
M0,HKD100,2001-01-01,20.88582
M0,HKD100,2001-02-01,21.36015
M0,HKD100,2001-03-01,21.63908
M0,HKD100,2001-04-01,21.94927
M0,HKD100,2001-05-01,22.46043
M0,HKD100,2001-06-01,22.85631
M0,HKD100,2001-07-01,22.56568
M0,HKD100,2001-08-01,21.53757
M0,HKD100,2001-09-01,21.00698
M0,HKD100,2001-10-01,20.93379
M0,HKD100,2001-11-01,21.16596
M0,HKD100,2001-12-01,21.15354
M0,HKD100,2002-01-01,21.38904
M0,HKD100,2002-02-01,21.76928
M0,HKD100,2002-03-01,21.47951
M0,HKD100,2002-04-01,21.21726
M0,HKD100,2002-05-01,20.35422
M0,HKD100,2002-06-01,19.7543
M0,HKD100,2002-07-01,18.89706
M0,HKD100,2002-08-01,19.20039
M0,HKD100,2002-09-01,19.15126
M0,HKD100,2002-10-01,19.14077
M0,HKD100,2002-11-01,18.78512
M0,HKD100,2002-12-01,18.47728
M0,HKD100,2003-01-01,17.64113
M0,HKD100,2003-02-01,17.45763
M0,HKD100,2003-03-01,17.42697
M0,HKD100,2003-04-01,17.65831
M0,HKD100,2003-05-01,16.79267
M0,HKD100,2003-06-01,16.91158
M0,HKD100,2003-07-01,17.43862
M0,HKD100,2003-08-01,17.71475
M0,HKD100,2003-09-01,17.70567
M0,HKD100,2003-10-01,17.07585
M0,HKD100,2003-11-01,17.15209
M0,HKD100,2003-12-01,16.30933
M0,HKD100,2004-01-01,15.98811
M0,HKD100,2004-02-01,15.99572
M0,HKD100,2004-03-01,16.38375
M0,HKD100,2004-04-01,16.62787
M0,HKD100,2004-05-01,16.45075
M0,HKD100,2004-06-01,16.04318
M0,HKD100,2004-07-01,15.94586
M0,HKD100,2004-08-01,16.19171
M0,HKD100,2004-09-01,16.19457
M0,HKD100,2004-10-01,15.85463
M0,HKD100,2004-11-01,15.08459
M0,HKD100,2004-12-01,14.72666
M0,HKD100,2005-01-01,15.10725
M0,HKD100,2005-02-01,15.26528
M0,HKD100,2005-03-01,15.03469
M0,HKD100,2005-04-01,15.32118
M0,HKD100,2005-05-01,15.62493
M0,HKD100,2005-06-01,16.25809
M0,HKD100,2005-07-01,16.6359
M0,HKD100,2005-08-01,16.24236
M0,HKD100,2005-09-01,16.28023
M0,HKD100,2005-10-01,16.60384
M0,HKD100,2005-11-01,16.89001
M0,HKD100,2005-12-01,16.82622
M0,HKD100,2006-01-01,16.47949
M0,HKD100,2006-02-01,16.80431
M0,HKD100,2006-03-01,16.8123
M0,HKD100,2006-04-01,16.54509
M0,HKD100,2006-05-01,15.71704
M0,HKD100,2006-06-01,15.87373
M0,HKD100,2006-07-01,15.90272
M0,HKD100,2006-08-01,15.82218
M0,HKD100,2006-09-01,15.97455
M0,HKD100,2006-10-01,16.18111
M0,HKD100,2006-11-01,15.87793
M0,HKD100,2006-12-01,15.53811
M0,HKD100,2007-01-01,15.94576
M0,HKD100,2007-02-01,15.87629
M0,HKD100,2007-03-01,15.58752
M0,HKD100,2007-04-01,15.5017
M0,HKD100,2007-05-01,15.6154
M0,HKD100,2007-06-01,15.78239
M0,HKD100,2007-07-01,15.44378
M0,HKD100,2007-08-01,15.38834
M0,HKD100,2007-09-01,15.2381
M0,HKD100,2007-10-01,15.14104
M0,HKD100,2007-11-01,14.44173
M0,HKD100,2007-12-01,14.60661
M0,HKD100,2008-01-01,14.1043
M0,HKD100,2008-02-01,13.98817
M0,HKD100,2008-03-01,13.00337
M0,HKD100,2008-04-01,12.99391
M0,HKD100,2008-05-01,13.37797
M0,HKD100,2008-06-01,13.28567
M0,HKD100,2008-07-01,13.1544
M0,HKD100,2008-08-01,13.8793
M0,HKD100,2008-09-01,14.24633
M0,HKD100,2008-10-01,14.71751
M0,HKD100,2008-11-01,15.34456
M0,HKD100,2008-12-01,14.78975
M0,HKD100,2009-01-01,14.54986
M0,HKD100,2009-02-01,15.02612
M0,HKD100,2009-03-01,14.89998
M0,HKD100,2009-04-01,14.81435
M0,HKD100,2009-05-01,14.30196
M0,HKD100,2009-06-01,13.94555
M0,HKD100,2009-07-01,13.9297
M0,HKD100,2009-08-01,13.7899
M0,HKD100,2009-09-01,13.42618
M0,HKD100,2009-10-01,13.18093
M0,HKD100,2009-11-01,13.06094
M0,HKD100,2009-12-01,13.26257
M0,HKD100,2010-01-01,13.31582
M0,HKD100,2010-02-01,13.79338
M0,HKD100,2010-03-01,13.74443
M0,HKD100,2010-04-01,13.76329
M0,HKD100,2010-05-01,14.49117
M0,HKD100,2010-06-01,14.4841
M0,HKD100,2010-07-01,13.56258
M0,HKD100,2010-08-01,13.38039
M0,HKD100,2010-09-01,12.90571
M0,HKD100,2010-10-01,12.48176
M0,HKD100,2010-11-01,12.67531
M0,HKD100,2010-12-01,12.4545
M0,HKD100,2011-01-01,12.297180000000001
M0,HKD100,2011-02-01,12.19403
M0,HKD100,2011-03-01,11.8012
M0,HKD100,2011-04-01,11.55862
M0,HKD100,2011-05-01,11.23478
M0,HKD100,2011-06-01,10.79167
M0,HKD100,2011-07-01,10.58304
M0,HKD100,2011-08-01,10.01272
M0,HKD100,2011-09-01,11.19166
M0,HKD100,2011-10-01,11.53832
M0,HKD100,2011-11-01,11.66954
M0,HKD100,2011-12-01,11.97649
M0,HKD100,2012-01-01,12.07806
M0,HKD100,2012-02-01,11.7613
M0,HKD100,2012-03-01,11.76516
M0,HKD100,2012-04-01,11.76894
M0,HKD100,2012-05-01,12.07814
M0,HKD100,2012-06-01,12.35168
M0,HKD100,2012-07-01,12.59132
M0,HKD100,2012-08-01,12.48677
M0,HKD100,2012-09-01,12.12798
M0,HKD100,2012-10-01,12.03354
M0,HKD100,2012-11-01,12.11781
M0,HKD100,2012-12-01,11.88997
M0,HKD100,2013-01-01,11.91839
M0,HKD100,2013-02-01,11.86465
M0,HKD100,2013-03-01,12.19293
M0,HKD100,2013-04-01,12.07996
M0,HKD100,2013-05-01,12.30295
M0,HKD100,2013-06-01,12.03865
M0,HKD100,2013-07-01,12.18619
M0,HKD100,2013-08-01,11.94533
M0,HKD100,2013-09-01,11.91932
M0,HKD100,2013-10-01,11.6418
M0,HKD100,2013-11-01,11.77358
M0,HKD100,2013-12-01,11.53211
M0,HKD100,2014-01-01,11.64653
M0,HKD100,2014-02-01,11.52652
M0,HKD100,2014-03-01,11.35247
M0,HKD100,2014-04-01,11.38129
M0,HKD100,2014-05-01,11.45411
M0,HKD100,2014-06-01,11.55842
M0,HKD100,2014-07-01,11.57258
M0,HKD100,2014-08-01,11.73871
M0,HKD100,2014-09-01,12.06497
M0,HKD100,2014-10-01,12.27818
M0,HKD100,2014-11-01,12.43904
M0,HKD100,2014-12-01,12.5837
M0,HKD100,2015-01-01,12.20181
M0,HKD100,2015-02-01,12.05854
M0,HKD100,2015-03-01,12.62967
M0,HKD100,2015-04-01,12.41342
M0,HKD100,2015-05-01,12.01701
M0,HKD100,2015-06-01,12.01814
M0,HKD100,2015-07-01,12.2932
M0,HKD100,2015-08-01,12.48798
M0,HKD100,2015-09-01,12.5369
M0,HKD100,2015-10-01,12.49221
M0,HKD100,2015-11-01,13.01549
M0,HKD100,2015-12-01,12.8466
M0,HKD100,2016-01-01,12.92541
M0,HKD100,2016-02-01,12.76198
M0,HKD100,2016-03-01,12.66932
M0,HKD100,2016-04-01,12.42746
M0,HKD100,2016-05-01,12.58771
M0,HKD100,2016-06-01,12.4978
M0,HKD100,2016-07-01,12.66086
M0,HKD100,2016-08-01,12.512
M0,HKD100,2016-09-01,12.561
M0,HKD100,2016-10-01,12.72032
M0,HKD100,2016-11-01,12.84192
M0,HKD100,2016-12-01,13.13666
M0,HKD100,2017-01-01,13.00397
M0,HKD100,2017-02-01,12.91038
M0,HKD100,2017-03-01,12.90316
M0,HKD100,2017-04-01,12.87353
M0,HKD100,2017-05-01,12.67364
M0,HKD100,2017-06-01,12.41427
M0,HKD100,2017-07-01,12.30242
M0,HKD100,2017-08-01,12.33549
M0,HKD100,2017-09-01,12.31497
M0,HKD100,2017-10-01,12.57775
M0,HKD100,2017-11-01,12.71043
M0,HKD100,2017-12-01,12.62995
M0,HKD100,2018-01-01,12.30219
M0,HKD100,2018-02-01,11.94241
M0,HKD100,2018-03-01,12.07861
M0,HKD100,2018-04-01,12.32817
M0,HKD100,2018-05-01,12.70108
M0,HKD100,2018-06-01,12.61
M0,HKD100,2018-07-01,12.67386
M0,HKD100,2018-08-01,12.59374
M0,HKD100,2018-09-01,12.34888
M0,HKD100,2018-10-01,12.67509
M0,HKD100,2018-11-01,12.78563
M0,HKD100,2018-12-01,12.68946
M0,HKD100,2019-01-01,12.61306
M0,HKD100,2019-02-01,12.76182
M0,HKD100,2019-03-01,12.74765
M0,HKD100,2019-04-01,12.83025
M0,HKD100,2019-05-01,12.87911
M0,HKD100,2019-06-01,12.63784
M0,HKD100,2019-07-01,12.64003
M0,HKD100,2019-08-01,12.48356
M0,HKD100,2019-09-01,12.64053
M0,HKD100,2019-10-01,12.67011
M0,HKD100,2019-11-01,12.68511
M0,HKD100,2019-12-01,12.59991
M0,HKD100,2020-01-01,12.48193
M0,HKD100,2020-02-01,12.55417
M0,HKD100,2020-03-01,12.32581
M0,HKD100,2020-04-01,12.52634
M0,HKD100,2020-05-01,12.52201
M0,HKD100,2020-06-01,12.2714
M0,HKD100,2020-07-01,12.05816
M0,HKD100,2020-08-01,11.74249
M0,HKD100,2020-09-01,11.79802
M0,HKD100,2020-10-01,11.77725
M0,HKD100,2020-11-01,11.74932
M0,HKD100,2020-12-01,11.46601
M0,HKD100,2021-01-01,11.43635
M0,HKD100,2021-02-01,11.57295
M0,HKD100,2021-03-01,11.96933
M0,HKD100,2021-04-01,11.85796
M0,HKD100,2021-05-01,11.62675
M0,HKD100,2021-06-01,11.69718
M0,HKD100,2021-07-01,11.81348
M0,HKD100,2021-08-01,11.74486
M0,HKD100,2021-09-01,11.85431
M0,HKD100,2021-10-01,11.87079
M0,HKD100,2021-11-01,11.8332
M0,HKD100,2021-12-01,11.80821
M0,HKD100,2022-01-01,11.78955
M0,HKD100,2022-02-01,11.82933
M0,HKD100,2022-03-01,11.88409
M0,HKD100,2022-04-01,12.03787
M0,HKD100,2022-05-01,12.48849
M0,HKD100,2022-06-01,12.35462
M0,HKD100,2022-07-01,12.35213
M0,HKD100,2022-08-01,12.1992
M0,HKD100,2022-09-01,12.39519
M0,HKD100,2022-10-01,12.68395
M0,HKD100,2022-11-01,12.33599
M0,HKD100,2022-12-01,11.97113
M0,HKD100,2023-01-01,11.81537
M0,HKD100,2023-02-01,11.77914
M0,HKD100,2023-03-01,11.79177
M0,HKD100,2023-04-01,11.43582
M0,HKD100,2023-05-01,11.44547
M0,HKD100,2023-06-01,11.50173
M0,HKD100,2023-07-01,11.18089
M0,HKD100,2023-08-01,11.22558
M0,HKD100,2023-09-01,11.47406
M0,HKD100,2023-10-01,11.55126
M0,HKD100,2023-11-01,11.422790000000001
M0,HKD100,2023-12-01,11.08977
M0,HKD100,2024-01-01,10.98783
M0,HKD100,2024-02-01,11.20811
M0,HKD100,2024-03-01,11.3506
M0,HKD100,2024-04-01,11.61756
M0,HKD100,2024-05-01,11.63808
M0,HKD100,2024-06-01,11.44657
M0,HKD100,2024-07-01,11.4281
M0,HKD100,2024-08-01,10.99883
M0,HKD100,2024-09-01,10.87318
M0,HKD100,2024-10-01,11.07543
M0,HKD100,2024-11-01,11.31575
M0,HKD100,2024-12-01,11.46391
M0,HKD100,2025-01-01,11.67982
M0,HKD100,2025-02-01,11.61589
M0,HKD100,2025-03-01,11.36625
M0,HKD100,2025-04-01,10.77888
M0,HKD100,2025-05-01,10.62893
M0,HKD100,2025-06-01,10.36815
M0,HKD100,2025-07-01,10.16417
M0,HKD100,2025-08-01,10.30556
M0,HKD100,2025-09-01,10.23243
M0,HKD100,2025-10-01,10.26035
M0,HKD100,2025-11-01,10.33568
M0,HKD100,2025-12-01,10.24324
M0,HKD100,2026-01-01,10.1343
M0,HKD100,2026-02-01,9.88604
M0,HKD100,2026-03-01,10.05175
M0,HKD100,2026-04-01,10.04731
M0,HKD100,2026-05-01,10.00526
M0,HKD100,2026-06-01,10.19692
M0,HKD100,2026-07-01,10.32988
M0,HUF100,1999-01-01,0.6397
M0,HUF100,1999-02-01,0.6388
M0,HUF100,1999-03-01,0.629
M0,HUF100,1999-04-01,0.6349
M0,HUF100,1999-05-01,0.6405
M0,HUF100,1999-06-01,0.6398
M0,HUF100,1999-07-01,0.6414
M0,HUF100,1999-08-01,0.6313
M0,HUF100,1999-09-01,0.6277
M0,HUF100,1999-10-01,0.6187
M0,HUF100,1999-11-01,0.6284
M0,HUF100,1999-12-01,0.6298
M0,HUF100,2000-01-01,0.6303
M0,HUF100,2000-02-01,0.6273
M0,HUF100,2000-03-01,0.6236
M0,HUF100,2000-04-01,0.6085
M0,HUF100,2000-05-01,0.6006
M0,HUF100,2000-06-01,0.6002
M0,HUF100,2000-07-01,0.5958
M0,HUF100,2000-08-01,0.5943
M0,HUF100,2000-09-01,0.5831
M0,HUF100,2000-10-01,0.5752
M0,HUF100,2000-11-01,0.5758
M0,HUF100,2000-12-01,0.5709
M0,HUF100,2001-01-01,0.5767
M0,HUF100,2001-02-01,0.5777
M0,HUF100,2001-03-01,0.5761
M0,HUF100,2001-04-01,0.5723
M0,HUF100,2001-05-01,0.5929
M0,HUF100,2001-06-01,0.6153
M0,HUF100,2001-07-01,0.6074
M0,HUF100,2001-08-01,0.6077
M0,HUF100,2001-09-01,0.5824
M0,HUF100,2001-10-01,0.5795
M0,HUF100,2001-11-01,0.5828
M0,HUF100,2001-12-01,0.5947
M0,HUF100,2002-01-01,0.6038
M0,HUF100,2002-02-01,0.606
M0,HUF100,2002-03-01,0.5989
M0,HUF100,2002-04-01,0.6044
M0,HUF100,2002-05-01,0.5971
M0,HUF100,2002-06-01,0.6058
M0,HUF100,2002-07-01,0.5927
M0,HUF100,2002-08-01,0.5965
M0,HUF100,2002-09-01,0.6005
M0,HUF100,2002-10-01,0.6013
M0,HUF100,2002-11-01,0.6154
M0,HUF100,2002-12-01,0.621
M0,HUF100,2003-01-01,0.6075
M0,HUF100,2003-02-01,0.5981
M0,HUF100,2003-03-01,0.5975
M0,HUF100,2003-04-01,0.6081
M0,HUF100,2003-05-01,0.6165
M0,HUF100,2003-06-01,0.5894
M0,HUF100,2003-07-01,0.5855
M0,HUF100,2003-08-01,0.5932
M0,HUF100,2003-09-01,0.605
M0,HUF100,2003-10-01,0.6051
M0,HUF100,2003-11-01,0.5999
M0,HUF100,2003-12-01,0.5874
M0,HUF100,2004-01-01,0.5917
M0,HUF100,2004-02-01,0.5977
M0,HUF100,2004-03-01,0.6176
M0,HUF100,2004-04-01,0.6203
M0,HUF100,2004-05-01,0.6088
M0,HUF100,2004-06-01,0.5993
M0,HUF100,2004-07-01,0.6106
M0,HUF100,2004-08-01,0.6173
M0,HUF100,2004-09-01,0.6226
M0,HUF100,2004-10-01,0.6247
M0,HUF100,2004-11-01,0.62
M0,HUF100,2004-12-01,0.6241
M0,HUF100,2005-01-01,0.6268
M0,HUF100,2005-02-01,0.6352
M0,HUF100,2005-03-01,0.632
M0,HUF100,2005-04-01,0.623
M0,HUF100,2005-05-01,0.612
M0,HUF100,2005-06-01,0.6175
M0,HUF100,2005-07-01,0.6317
M0,HUF100,2005-08-01,0.6348
M0,HUF100,2005-09-01,0.6295
M0,HUF100,2005-10-01,0.6148
M0,HUF100,2005-11-01,0.6151
M0,HUF100,2005-12-01,0.6122
M0,HUF100,2006-01-01,0.6174
M0,HUF100,2006-02-01,0.6187
M0,HUF100,2006-03-01,0.6012
M0,HUF100,2006-04-01,0.5932
M0,HUF100,2006-05-01,0.5926
M0,HUF100,2006-06-01,0.5733
M0,HUF100,2006-07-01,0.5649
M0,HUF100,2006-08-01,0.5749
M0,HUF100,2006-09-01,0.576
M0,HUF100,2006-10-01,0.595
M0,HUF100,2006-11-01,0.6146
M0,HUF100,2006-12-01,0.6282
M0,HUF100,2007-01-01,0.6358
M0,HUF100,2007-02-01,0.6396
M0,HUF100,2007-03-01,0.6453
M0,HUF100,2007-04-01,0.6652
M0,HUF100,2007-05-01,0.6637
M0,HUF100,2007-06-01,0.6604
M0,HUF100,2007-07-01,0.6708
M0,HUF100,2007-08-01,0.6413
M0,HUF100,2007-09-01,0.65
M0,HUF100,2007-10-01,0.6654
M0,HUF100,2007-11-01,0.6478
M0,HUF100,2007-12-01,0.6548
M0,HUF100,2008-01-01,0.6319
M0,HUF100,2008-02-01,0.6134
M0,HUF100,2008-03-01,0.6029
M0,HUF100,2008-04-01,0.6282
M0,HUF100,2008-05-01,0.6556
M0,HUF100,2008-06-01,0.6651
M0,HUF100,2008-07-01,0.6974
M0,HUF100,2008-08-01,0.6856
M0,HUF100,2008-09-01,0.6622
M0,HUF100,2008-10-01,0.5862
M0,HUF100,2008-11-01,0.5711
M0,HUF100,2008-12-01,0.5823
M0,HUF100,2009-01-01,0.5341
M0,HUF100,2009-02-01,0.4992
M0,HUF100,2009-03-01,0.4949
M0,HUF100,2009-04-01,0.512
M0,HUF100,2009-05-01,0.5355
M0,HUF100,2009-06-01,0.5394
M0,HUF100,2009-07-01,0.5582
M0,HUF100,2009-08-01,0.5646
M0,HUF100,2009-09-01,0.5565
M0,HUF100,2009-10-01,0.5636
M0,HUF100,2009-11-01,0.5571
M0,HUF100,2009-12-01,0.5496
M0,HUF100,2010-01-01,0.5479
M0,HUF100,2010-02-01,0.5407
M0,HUF100,2010-03-01,0.5454
M0,HUF100,2010-04-01,0.5402
M0,HUF100,2010-05-01,0.5134
M0,HUF100,2010-06-01,0.4898
M0,HUF100,2010-07-01,0.4746
M0,HUF100,2010-08-01,0.4773
M0,HUF100,2010-09-01,0.4634
M0,HUF100,2010-10-01,0.4903
M0,HUF100,2010-11-01,0.4878
M0,HUF100,2010-12-01,0.4611
M0,HUF100,2011-01-01,0.4637
M0,HUF100,2011-02-01,0.478
M0,HUF100,2011-03-01,0.4751
M0,HUF100,2011-04-01,0.4885
M0,HUF100,2011-05-01,0.4698
M0,HUF100,2011-06-01,0.4531
M0,HUF100,2011-07-01,0.44
M0,HUF100,2011-08-01,0.4112
M0,HUF100,2011-09-01,0.4221
M0,HUF100,2011-10-01,0.4145
M0,HUF100,2011-11-01,0.3978
M0,HUF100,2011-12-01,0.4033
M0,HUF100,2012-01-01,0.3944
M0,HUF100,2012-02-01,0.4156
M0,HUF100,2012-03-01,0.413
M0,HUF100,2012-04-01,0.4073
M0,HUF100,2012-05-01,0.4097
M0,HUF100,2012-06-01,0.4091
M0,HUF100,2012-07-01,0.4195
M0,HUF100,2012-08-01,0.431
M0,HUF100,2012-09-01,0.4256
M0,HUF100,2012-10-01,0.4291
M0,HUF100,2012-11-01,0.427
M0,HUF100,2012-12-01,0.4223
M0,HUF100,2013-01-01,0.4183
M0,HUF100,2013-02-01,0.4201
M0,HUF100,2013-03-01,0.4047
M0,HUF100,2013-04-01,0.4081
M0,HUF100,2013-05-01,0.4239
M0,HUF100,2013-06-01,0.4168
M0,HUF100,2013-07-01,0.4193
M0,HUF100,2013-08-01,0.4119
M0,HUF100,2013-09-01,0.4117
M0,HUF100,2013-10-01,0.4176
M0,HUF100,2013-11-01,0.4138
M0,HUF100,2013-12-01,0.4086
M0,HUF100,2014-01-01,0.4077
M0,HUF100,2014-02-01,0.394
M0,HUF100,2014-03-01,0.3909
M0,HUF100,2014-04-01,0.3968
M0,HUF100,2014-05-01,0.4008
M0,HUF100,2014-06-01,0.3982
M0,HUF100,2014-07-01,0.3922
M0,HUF100,2014-08-01,0.3862
M0,HUF100,2014-09-01,0.3856
M0,HUF100,2014-10-01,0.3924
M0,HUF100,2014-11-01,0.3919
M0,HUF100,2014-12-01,0.3865
M0,HUF100,2015-01-01,0.3468
M0,HUF100,2015-02-01,0.3461
M0,HUF100,2015-03-01,0.3498
M0,HUF100,2015-04-01,0.3466
M0,HUF100,2015-05-01,0.3396
M0,HUF100,2015-06-01,0.3348
M0,HUF100,2015-07-01,0.3368
M0,HUF100,2015-08-01,0.3461
M0,HUF100,2015-09-01,0.3488
M0,HUF100,2015-10-01,0.3497
M0,HUF100,2015-11-01,0.3469
M0,HUF100,2015-12-01,0.3447
M0,HUF100,2016-01-01,0.3477
M0,HUF100,2016-02-01,0.3554
M0,HUF100,2016-03-01,0.351
M0,HUF100,2016-04-01,0.3509
M0,HUF100,2016-05-01,0.3515
M0,HUF100,2016-06-01,0.3473
M0,HUF100,2016-07-01,0.3456
M0,HUF100,2016-08-01,0.3505
M0,HUF100,2016-09-01,0.3538
M0,HUF100,2016-10-01,0.3546
M0,HUF100,2016-11-01,0.3485
M0,HUF100,2016-12-01,0.3446
M0,HUF100,2017-01-01,0.3467
M0,HUF100,2017-02-01,0.3456
M0,HUF100,2017-03-01,0.3457
M0,HUF100,2017-04-01,0.3442
M0,HUF100,2017-05-01,0.3515
M0,HUF100,2017-06-01,0.3528
M0,HUF100,2017-07-01,0.3604
M0,HUF100,2017-08-01,0.3746
M0,HUF100,2017-09-01,0.3719
M0,HUF100,2017-10-01,0.3724
M0,HUF100,2017-11-01,0.3734
M0,HUF100,2017-12-01,0.3736
M0,HUF100,2018-01-01,0.3795
M0,HUF100,2018-02-01,0.3705
M0,HUF100,2018-03-01,0.3742
M0,HUF100,2018-04-01,0.38124
M0,HUF100,2018-05-01,0.37214
M0,HUF100,2018-06-01,0.35812
M0,HUF100,2018-07-01,0.35779
M0,HUF100,2018-08-01,0.35306
M0,HUF100,2018-09-01,0.3475
M0,HUF100,2018-10-01,0.35232
M0,HUF100,2018-11-01,0.35286
M0,HUF100,2018-12-01,0.35003
M0,HUF100,2019-01-01,0.35315
M0,HUF100,2019-02-01,0.35734
M0,HUF100,2019-03-01,0.35821
M0,HUF100,2019-04-01,0.35232
M0,HUF100,2019-05-01,0.34777
M0,HUF100,2019-06-01,0.34592
M0,HUF100,2019-07-01,0.34059
M0,HUF100,2019-08-01,0.33325
M0,HUF100,2019-09-01,0.32808
M0,HUF100,2019-10-01,0.3311
M0,HUF100,2019-11-01,0.32911
M0,HUF100,2019-12-01,0.33039
M0,HUF100,2020-01-01,0.32182
M0,HUF100,2020-02-01,0.3156
M0,HUF100,2020-03-01,0.30692
M0,HUF100,2020-04-01,0.29594
M0,HUF100,2020-05-01,0.30103
M0,HUF100,2020-06-01,0.30837
M0,HUF100,2020-07-01,0.30497
M0,HUF100,2020-08-01,0.30854
M0,HUF100,2020-09-01,0.29919
M0,HUF100,2020-10-01,0.29614
M0,HUF100,2020-11-01,0.29943
M0,HUF100,2020-12-01,0.30116
M0,HUF100,2021-01-01,0.30062
M0,HUF100,2021-02-01,0.30307
M0,HUF100,2021-03-01,0.30249
M0,HUF100,2021-04-01,0.30578
M0,HUF100,2021-05-01,0.30983
M0,HUF100,2021-06-01,0.31283
M0,HUF100,2021-07-01,0.30378
M0,HUF100,2021-08-01,0.30582
M0,HUF100,2021-09-01,0.30827
M0,HUF100,2021-10-01,0.29682
M0,HUF100,2021-11-01,0.28869
M0,HUF100,2021-12-01,0.2833
M0,HUF100,2022-01-01,0.29001
M0,HUF100,2022-02-01,0.29317
M0,HUF100,2022-03-01,0.27214
M0,HUF100,2022-04-01,0.27238
M0,HUF100,2022-05-01,0.26978
M0,HUF100,2022-06-01,0.25822
M0,HUF100,2022-07-01,0.24444
M0,HUF100,2022-08-01,0.24092
M0,HUF100,2022-09-01,0.23873
M0,HUF100,2022-10-01,0.23419
M0,HUF100,2022-11-01,0.24179
M0,HUF100,2022-12-01,0.24231
M0,HUF100,2023-01-01,0.2519
M0,HUF100,2023-02-01,0.25737
M0,HUF100,2023-03-01,0.25728
M0,HUF100,2023-04-01,0.26199
M0,HUF100,2023-05-01,0.26186
M0,HUF100,2023-06-01,0.26329
M0,HUF100,2023-07-01,0.25497
M0,HUF100,2023-08-01,0.24872
M0,HUF100,2023-09-01,0.24833
M0,HUF100,2023-10-01,0.24786
M0,HUF100,2023-11-01,0.25408
M0,HUF100,2023-12-01,0.24733
M0,HUF100,2024-01-01,0.24508
M0,HUF100,2024-02-01,0.24375
M0,HUF100,2024-03-01,0.24429
M0,HUF100,2024-04-01,0.24865
M0,HUF100,2024-05-01,0.25376
M0,HUF100,2024-06-01,0.24384
M0,HUF100,2024-07-01,0.24645
M0,HUF100,2024-08-01,0.23933
M0,HUF100,2024-09-01,0.23828
M0,HUF100,2024-10-01,0.23367
M0,HUF100,2024-11-01,0.22843
M0,HUF100,2024-12-01,0.22677
M0,HUF100,2025-01-01,0.22862
M0,HUF100,2025-02-01,0.23344
M0,HUF100,2025-03-01,0.23889
M0,HUF100,2025-04-01,0.23071
M0,HUF100,2025-05-01,0.23168
M0,HUF100,2025-06-01,0.23323
M0,HUF100,2025-07-01,0.23359
M0,HUF100,2025-08-01,0.23683
M0,HUF100,2025-09-01,0.23862
M0,HUF100,2025-10-01,0.23808000000000001
M0,HUF100,2025-11-01,0.24166
M0,HUF100,2025-12-01,0.24249
M0,HUF100,2026-01-01,0.24134
M0,HUF100,2026-02-01,0.2415
M0,HUF100,2026-03-01,0.23369
M0,HUF100,2026-04-01,0.24961
M0,HUF100,2026-05-01,0.25534
M0,HUF100,2026-06-01,0.26017
M0,HUF100,2026-07-01,0.25763
M0,JPY100,1972-01-01,1.24537
M0,JPY100,1972-02-01,1.26496
M0,JPY100,1972-03-01,1.27371
M0,JPY100,1972-04-01,1.27065
M0,JPY100,1972-05-01,1.26764
M0,JPY100,1972-06-01,1.25669
M0,JPY100,1972-07-01,1.24973
M0,JPY100,1972-08-01,1.25546
M0,JPY100,1972-09-01,1.25717
M0,JPY100,1972-10-01,1.26072
M0,JPY100,1972-11-01,1.26061
M0,JPY100,1972-12-01,1.25186
M0,JPY100,1973-01-01,1.23531
M0,JPY100,1973-02-01,1.22217
M0,JPY100,1973-03-01,1.2273
M0,JPY100,1973-04-01,1.22007
M0,JPY100,1973-05-01,1.19805
M0,JPY100,1973-06-01,1.1525
M0,JPY100,1973-07-01,1.06483
M0,JPY100,1973-08-01,1.12005
M0,JPY100,1973-09-01,1.13478
M0,JPY100,1973-10-01,1.13595
M0,JPY100,1973-11-01,1.13645
M0,JPY100,1973-12-01,1.14123
M0,JPY100,1974-01-01,1.12768
M0,JPY100,1974-02-01,1.08778
M0,JPY100,1974-03-01,1.09103
M0,JPY100,1974-04-01,1.08797
M0,JPY100,1974-05-01,1.04075
M0,JPY100,1974-06-01,1.05487
M0,JPY100,1974-07-01,1.01815
M0,JPY100,1974-08-01,0.98417
M0,JPY100,1974-09-01,0.99981
M0,JPY100,1974-10-01,0.96752
M0,JPY100,1974-11-01,0.91688
M0,JPY100,1974-12-01,0.87068
M0,JPY100,1975-01-01,0.84083
M0,JPY100,1975-02-01,0.84583
M0,JPY100,1975-03-01,0.86074
M0,JPY100,1975-04-01,0.87496
M0,JPY100,1975-05-01,0.85858
M0,JPY100,1975-06-01,0.84948
M0,JPY100,1975-07-01,0.87991
M0,JPY100,1975-08-01,0.89915
M0,JPY100,1975-09-01,0.90271
M0,JPY100,1975-10-01,0.88111
M0,JPY100,1975-11-01,0.87602
M0,JPY100,1975-12-01,0.86145
M0,JPY100,1976-01-01,0.85393
M0,JPY100,1976-02-01,0.85085
M0,JPY100,1976-03-01,0.85233
M0,JPY100,1976-04-01,0.84438
M0,JPY100,1976-05-01,0.83135
M0,JPY100,1976-06-01,0.82486
M0,JPY100,1976-07-01,0.84239
M0,JPY100,1976-08-01,0.85259
M0,JPY100,1976-09-01,0.8603
M0,JPY100,1976-10-01,0.8399
M0,JPY100,1976-11-01,0.82652
M0,JPY100,1976-12-01,0.83074
M0,JPY100,1977-01-01,0.85481
M0,JPY100,1977-02-01,0.88383
M0,JPY100,1977-03-01,0.91044
M0,JPY100,1977-04-01,0.91676
M0,JPY100,1977-05-01,0.90773
M0,JPY100,1977-06-01,0.91202
M0,JPY100,1977-07-01,0.91091
M0,JPY100,1977-08-01,0.90227
M0,JPY100,1977-09-01,0.89007
M0,JPY100,1977-10-01,0.89305
M0,JPY100,1977-11-01,0.8988
M0,JPY100,1977-12-01,0.86133
M0,JPY100,1978-01-01,0.82433
M0,JPY100,1978-02-01,0.79268
M0,JPY100,1978-03-01,0.81813
M0,JPY100,1978-04-01,0.85808
M0,JPY100,1978-05-01,0.86733
M0,JPY100,1978-06-01,0.87955
M0,JPY100,1978-07-01,0.90130999999999994
M0,JPY100,1978-08-01,0.88164
M0,JPY100,1978-09-01,0.82648
M0,JPY100,1978-10-01,0.83514
M0,JPY100,1978-11-01,0.87143
M0,JPY100,1978-12-01,0.85511
M0,JPY100,1979-01-01,0.84574
M0,JPY100,1979-02-01,0.83524
M0,JPY100,1979-03-01,0.81461
M0,JPY100,1979-04-01,0.79258
M0,JPY100,1979-05-01,0.79124
M0,JPY100,1979-06-01,0.77703
M0,JPY100,1979-07-01,0.76002
M0,JPY100,1979-08-01,0.75959
M0,JPY100,1979-09-01,0.72655
M0,JPY100,1979-10-01,0.70546
M0,JPY100,1979-11-01,0.67241
M0,JPY100,1979-12-01,0.66421
M0,JPY100,1980-01-01,0.66991
M0,JPY100,1980-02-01,0.67029
M0,JPY100,1980-03-01,0.70745
M0,JPY100,1980-04-01,0.70173
M0,JPY100,1980-05-01,0.72784
M0,JPY100,1980-06-01,0.74917
M0,JPY100,1980-07-01,0.72641
M0,JPY100,1980-08-01,0.73703
M0,JPY100,1980-09-01,0.763
M0,JPY100,1980-10-01,0.79252
M0,JPY100,1980-11-01,0.81032
M0,JPY100,1980-12-01,0.8506
M0,JPY100,1981-01-01,0.89905
M0,JPY100,1981-02-01,0.9481
M0,JPY100,1981-03-01,0.92055
M0,JPY100,1981-04-01,0.91738
M0,JPY100,1981-05-01,0.93513
M0,JPY100,1981-06-01,0.92437
M0,JPY100,1981-07-01,0.90226
M0,JPY100,1981-08-01,0.92748
M0,JPY100,1981-09-01,0.88316
M0,JPY100,1981-10-01,0.81423
M0,JPY100,1981-11-01,0.79874
M0,JPY100,1981-12-01,0.82925
M0,JPY100,1982-01-01,0.82048
M0,JPY100,1982-02-01,0.8025
M0,JPY100,1982-03-01,0.78304
M0,JPY100,1982-04-01,0.80253
M0,JPY100,1982-05-01,0.82218
M0,JPY100,1982-06-01,0.82589
M0,JPY100,1982-07-01,0.82111
M0,JPY100,1982-08-01,0.81409
M0,JPY100,1982-09-01,0.81227
M0,JPY100,1982-10-01,0.80012
M0,JPY100,1982-11-01,0.82952
M0,JPY100,1982-12-01,0.84565
M0,JPY100,1983-01-01,0.84481
M0,JPY100,1983-02-01,0.85295
M0,JPY100,1983-03-01,0.8658
M0,JPY100,1983-04-01,0.86426
M0,JPY100,1983-05-01,0.8757
M0,JPY100,1983-06-01,0.8788
M0,JPY100,1983-07-01,0.87957
M0,JPY100,1983-08-01,0.88416
M0,JPY100,1983-09-01,0.89107
M0,JPY100,1983-10-01,0.90552
M0,JPY100,1983-11-01,0.92232
M0,JPY100,1983-12-01,0.93645
M0,JPY100,1984-01-01,0.95635
M0,JPY100,1984-02-01,0.94478
M0,JPY100,1984-03-01,0.9519
M0,JPY100,1984-04-01,0.97123
M0,JPY100,1984-05-01,0.98292
M0,JPY100,1984-06-01,0.97744
M0,JPY100,1984-07-01,0.99023
M0,JPY100,1984-08-01,0.99738
M0,JPY100,1984-09-01,1.01815
M0,JPY100,1984-10-01,1.02211
M0,JPY100,1984-11-01,1.01125
M0,JPY100,1984-12-01,1.03199
M0,JPY100,1985-01-01,1.04573
M0,JPY100,1985-02-01,1.07354
M0,JPY100,1985-03-01,1.0869
M0,JPY100,1985-04-01,1.02731
M0,JPY100,1985-05-01,1.04008
M0,JPY100,1985-06-01,1.03231
M0,JPY100,1985-07-01,1.00058
M0,JPY100,1985-08-01,0.96497
M0,JPY100,1985-09-01,0.98534
M0,JPY100,1985-10-01,1.00867
M0,JPY100,1985-11-01,1.04333
M0,JPY100,1985-12-01,1.03741
M0,JPY100,1986-01-01,1.03239
M0,JPY100,1986-02-01,1.05839
M0,JPY100,1986-03-01,1.06714
M0,JPY100,1986-04-01,1.08609
M0,JPY100,1986-05-01,1.10995
M0,JPY100,1986-06-01,1.0977
M0,JPY100,1986-07-01,1.09992
M0,JPY100,1986-08-01,1.07762
M0,JPY100,1986-09-01,1.06813
M0,JPY100,1986-10-01,1.05093
M0,JPY100,1986-11-01,1.03499
M0,JPY100,1986-12-01,1.02633
M0,JPY100,1987-01-01,1.00776
M0,JPY100,1987-02-01,1.00465
M0,JPY100,1987-03-01,1.01433
M0,JPY100,1987-04-01,1.04565
M0,JPY100,1987-05-01,1.04518
M0,JPY100,1987-06-01,1.04331
M0,JPY100,1987-07-01,1.02144
M0,JPY100,1987-08-01,1.0416
M0,JPY100,1987-09-01,1.04818
M0,JPY100,1987-10-01,1.04302
M0,JPY100,1987-11-01,1.02122
M0,JPY100,1987-12-01,1.03611
M0,JPY100,1988-01-01,1.05439
M0,JPY100,1988-02-01,1.07613
M0,JPY100,1988-03-01,1.08995
M0,JPY100,1988-04-01,1.10602
M0,JPY100,1988-05-01,1.12971
M0,JPY100,1988-06-01,1.1463699999999999
M0,JPY100,1988-07-01,1.14951
M0,JPY100,1988-08-01,1.18383
M0,JPY100,1988-09-01,1.17182
M0,JPY100,1988-10-01,1.1947
M0,JPY100,1988-11-01,1.19141
M0,JPY100,1988-12-01,1.19474
M0,JPY100,1989-01-01,1.2248000000000001
M0,JPY100,1989-02-01,1.23271
M0,JPY100,1989-03-01,1.23128
M0,JPY100,1989-04-01,1.24598
M0,JPY100,1989-05-01,1.25268
M0,JPY100,1989-06-01,1.1874
M0,JPY100,1989-07-01,1.16003
M0,JPY100,1989-08-01,1.17453
M0,JPY100,1989-09-01,1.16237
M0,JPY100,1989-10-01,1.14736
M0,JPY100,1989-11-01,1.12688
M0,JPY100,1989-12-01,1.09083
M0,JPY100,1990-01-01,1.04432
M0,JPY100,1990-02-01,1.02181
M0,JPY100,1990-03-01,0.98644
M0,JPY100,1990-04-01,0.93861000000000006
M0,JPY100,1990-05-01,0.92265
M0,JPY100,1990-06-01,0.92552
M0,JPY100,1990-07-01,0.93338
M0,JPY100,1990-08-01,0.88626
M0,JPY100,1990-09-01,0.94129
M0,JPY100,1990-10-01,0.98608
M0,JPY100,1990-11-01,0.97468
M0,JPY100,1990-12-01,0.95651
M0,JPY100,1991-01-01,0.95127
M0,JPY100,1991-02-01,0.97055
M0,JPY100,1991-03-01,1.00821
M0,JPY100,1991-04-01,1.05059
M0,JPY100,1991-05-01,1.05216
M0,JPY100,1991-06-01,1.09349
M0,JPY100,1991-07-01,1.12328
M0,JPY100,1991-08-01,1.11136
M0,JPY100,1991-09-01,1.10313
M0,JPY100,1991-10-01,1.1310500000000001
M0,JPY100,1991-11-01,1.10806
M0,JPY100,1991-12-01,1.08252
M0,JPY100,1992-01-01,1.11947
M0,JPY100,1992-02-01,1.14029
M0,JPY100,1992-03-01,1.13502
M0,JPY100,1992-04-01,1.1352
M0,JPY100,1992-05-01,1.14054
M0,JPY100,1992-06-01,1.1238
M0,JPY100,1992-07-01,1.06128
M0,JPY100,1992-08-01,1.02893
M0,JPY100,1992-09-01,1.04121
M0,JPY100,1992-10-01,1.08322
M0,JPY100,1992-11-01,1.15289
M0,JPY100,1992-12-01,1.14628
M0,JPY100,1993-01-01,1.18057
M0,JPY100,1993-02-01,1.25427
M0,JPY100,1993-03-01,1.2984
M0,JPY100,1993-04-01,1.29836
M0,JPY100,1993-05-01,1.31145
M0,JPY100,1993-06-01,1.37289
M0,JPY100,1993-07-01,1.40573
M0,JPY100,1993-08-01,1.44381
M0,JPY100,1993-09-01,1.34651
M0,JPY100,1993-10-01,1.34579
M0,JPY100,1993-11-01,1.38737
M0,JPY100,1993-12-01,1.33232
M0,JPY100,1994-01-01,1.31953
M0,JPY100,1994-02-01,1.37104
M0,JPY100,1994-03-01,1.35981
M0,JPY100,1994-04-01,1.39004
M0,JPY100,1994-05-01,1.36292
M0,JPY100,1994-06-01,1.33922
M0,JPY100,1994-07-01,1.34381
M0,JPY100,1994-08-01,1.31852
M0,JPY100,1994-09-01,1.3072
M0,JPY100,1994-10-01,1.28388
M0,JPY100,1994-11-01,1.32023
M0,JPY100,1994-12-01,1.32625
M0,JPY100,1995-01-01,1.28998
M0,JPY100,1995-02-01,1.29313
M0,JPY100,1995-03-01,1.29208
M0,JPY100,1995-04-01,1.35653
M0,JPY100,1995-05-01,1.37165
M0,JPY100,1995-06-01,1.36869
M0,JPY100,1995-07-01,1.32416
M0,JPY100,1995-08-01,1.26216
M0,JPY100,1995-09-01,1.18374
M0,JPY100,1995-10-01,1.1371
M0,JPY100,1995-11-01,1.12037
M0,JPY100,1995-12-01,1.14267
M0,JPY100,1996-01-01,1.11599
M0,JPY100,1996-02-01,1.13038
M0,JPY100,1996-03-01,1.12932
M0,JPY100,1996-04-01,1.13588
M0,JPY100,1996-05-01,1.17925
M0,JPY100,1996-06-01,1.15369
M0,JPY100,1996-07-01,1.12892
M0,JPY100,1996-08-01,1.11431
M0,JPY100,1996-09-01,1.12038
M0,JPY100,1996-10-01,1.11971
M0,JPY100,1996-11-01,1.13398
M0,JPY100,1996-12-01,1.16539
M0,JPY100,1997-01-01,1.1807
M0,JPY100,1997-02-01,1.18112
M0,JPY100,1997-03-01,1.1952
M0,JPY100,1997-04-01,1.16252
M0,JPY100,1997-05-01,1.20287
M0,JPY100,1997-06-01,1.26043
M0,JPY100,1997-07-01,1.2853
M0,JPY100,1997-08-01,1.2847
M0,JPY100,1997-09-01,1.2184
M0,JPY100,1997-10-01,1.19948
M0,JPY100,1997-11-01,1.12432
M0,JPY100,1997-12-01,1.11136
M0,JPY100,1998-01-01,1.13943
M0,JPY100,1998-02-01,1.16405
M0,JPY100,1998-03-01,1.15291
M0,JPY100,1998-04-01,1.13945
M0,JPY100,1998-05-01,1.09622
M0,JPY100,1998-06-01,1.0638
M0,JPY100,1998-07-01,1.07592
M0,JPY100,1998-08-01,1.03219
M0,JPY100,1998-09-01,1.04243
M0,JPY100,1998-10-01,1.10573
M0,JPY100,1998-11-01,1.14902
M0,JPY100,1998-12-01,1.15926
M0,JPY100,1999-01-01,1.22263
M0,JPY100,1999-02-01,1.22186
M0,JPY100,1999-03-01,1.22419
M0,JPY100,1999-04-01,1.25205
M0,JPY100,1999-05-01,1.23737
M0,JPY100,1999-06-01,1.27095
M0,JPY100,1999-07-01,1.29502
M0,JPY100,1999-08-01,1.33158
M0,JPY100,1999-09-01,1.42426
M0,JPY100,1999-10-01,1.40333
M0,JPY100,1999-11-01,1.48016
M0,JPY100,1999-12-01,1.54231
M0,JPY100,2000-01-01,1.5097
M0,JPY100,2000-02-01,1.49102
M0,JPY100,2000-03-01,1.55919
M0,JPY100,2000-04-01,1.57567
M0,JPY100,2000-05-01,1.58662
M0,JPY100,2000-06-01,1.5488
M0,JPY100,2000-07-01,1.52732
M0,JPY100,2000-08-01,1.58833
M0,JPY100,2000-09-01,1.64365
M0,JPY100,2000-10-01,1.63107
M0,JPY100,2000-11-01,1.63159
M0,JPY100,2000-12-01,1.50517
M0,JPY100,2001-01-01,1.39328
M0,JPY100,2001-02-01,1.43408
M0,JPY100,2001-03-01,1.39119
M0,JPY100,2001-04-01,1.38344
M0,JPY100,2001-05-01,1.43826
M0,JPY100,2001-06-01,1.45711
M0,JPY100,2001-07-01,1.41294
M0,JPY100,2001-08-01,1.38413
M0,JPY100,2001-09-01,1.37878
M0,JPY100,2001-10-01,1.3461
M0,JPY100,2001-11-01,1.34847
M0,JPY100,2001-12-01,1.29877
M0,JPY100,2002-01-01,1.2579
M0,JPY100,2002-02-01,1.27102
M0,JPY100,2002-03-01,1.27779
M0,JPY100,2002-04-01,1.26536
M0,JPY100,2002-05-01,1.25664
M0,JPY100,2002-06-01,1.24792
M0,JPY100,2002-07-01,1.24822
M0,JPY100,2002-08-01,1.25794
M0,JPY100,2002-09-01,1.23741
M0,JPY100,2002-10-01,1.20505
M0,JPY100,2002-11-01,1.20533
M0,JPY100,2002-12-01,1.18103
M0,JPY100,2003-01-01,1.15862
M0,JPY100,2003-02-01,1.14057
M0,JPY100,2003-03-01,1.14575
M0,JPY100,2003-04-01,1.14924
M0,JPY100,2003-05-01,1.11749
M0,JPY100,2003-06-01,1.11502
M0,JPY100,2003-07-01,1.14627
M0,JPY100,2003-08-01,1.16368
M0,JPY100,2003-09-01,1.19873
M0,JPY100,2003-10-01,1.2074
M0,JPY100,2003-11-01,1.21915
M0,JPY100,2003-12-01,1.174
M0,JPY100,2004-01-01,1.16718
M0,JPY100,2004-02-01,1.16717
M0,JPY100,2004-03-01,1.17637
M0,JPY100,2004-04-01,1.20503
M0,JPY100,2004-05-01,1.1453
M0,JPY100,2004-06-01,1.14313
M0,JPY100,2004-07-01,1.13789
M0,JPY100,2004-08-01,1.1435
M0,JPY100,2004-09-01,1.14734
M0,JPY100,2004-10-01,1.13381
M0,JPY100,2004-11-01,1.11828
M0,JPY100,2004-12-01,1.1033
M0,JPY100,2005-01-01,1.13926
M0,JPY100,2005-02-01,1.13513
M0,JPY100,2005-03-01,1.11468
M0,JPY100,2005-04-01,1.11403
M0,JPY100,2005-05-01,1.14102
M0,JPY100,2005-06-01,1.16352
M0,JPY100,2005-07-01,1.15517
M0,JPY100,2005-08-01,1.14146
M0,JPY100,2005-09-01,1.1377
M0,JPY100,2005-10-01,1.12217
M0,JPY100,2005-11-01,1.10619
M0,JPY100,2005-12-01,1.10026
M0,JPY100,2006-01-01,1.10749
M0,JPY100,2006-02-01,1.10643
M0,JPY100,2006-03-01,1.11224
M0,JPY100,2006-04-01,1.09673
M0,JPY100,2006-05-01,1.09088
M0,JPY100,2006-06-01,1.07456
M0,JPY100,2006-07-01,1.06904
M0,JPY100,2006-08-01,1.06131
M0,JPY100,2006-09-01,1.06191
M0,JPY100,2006-10-01,1.0618
M0,JPY100,2006-11-01,1.05327
M0,JPY100,2006-12-01,1.0311
M0,JPY100,2007-01-01,1.03274
M0,JPY100,2007-02-01,1.0284
M0,JPY100,2007-03-01,1.03799
M0,JPY100,2007-04-01,1.01964
M0,JPY100,2007-05-01,1.01117
M0,JPY100,2007-06-01,1.0054
M0,JPY100,2007-07-01,0.99335
M0,JPY100,2007-08-01,1.0306
M0,JPY100,2007-09-01,1.03086
M0,JPY100,2007-10-01,1.01333
M0,JPY100,2007-11-01,1.01126
M0,JPY100,2007-12-01,1.01543
M0,JPY100,2008-01-01,1.02226
M0,JPY100,2008-02-01,1.01781
M0,JPY100,2008-03-01,1.00386
M0,JPY100,2008-04-01,0.98736
M0,JPY100,2008-05-01,1.00075
M0,JPY100,2008-06-01,0.97087
M0,JPY100,2008-07-01,0.96109
M0,JPY100,2008-08-01,0.99102
M0,JPY100,2008-09-01,1.04063
M0,JPY100,2008-10-01,1.14274
M0,JPY100,2008-11-01,1.22785
M0,JPY100,2008-12-01,1.25702
M0,JPY100,2009-01-01,1.25024
M0,JPY100,2009-02-01,1.26193
M0,JPY100,2009-03-01,1.18227
M0,JPY100,2009-04-01,1.16334
M0,JPY100,2009-05-01,1.14548
M0,JPY100,2009-06-01,1.1188
M0,JPY100,2009-07-01,1.14258
M0,JPY100,2009-08-01,1.12622
M0,JPY100,2009-09-01,1.13848
M0,JPY100,2009-10-01,1.13215
M0,JPY100,2009-11-01,1.13619
M0,JPY100,2009-12-01,1.14631
M0,JPY100,2010-01-01,1.1327
M0,JPY100,2010-02-01,1.18696
M0,JPY100,2010-03-01,1.17784
M0,JPY100,2010-04-01,1.14381
M0,JPY100,2010-05-01,1.2247
M0,JPY100,2010-06-01,1.2408
M0,JPY100,2010-07-01,1.20379
M0,JPY100,2010-08-01,1.21711
M0,JPY100,2010-09-01,1.18768
M0,JPY100,2010-10-01,1.18405
M0,JPY100,2010-11-01,1.19287
M0,JPY100,2010-12-01,1.16296
M0,JPY100,2011-01-01,1.15801
M0,JPY100,2011-02-01,1.15001
M0,JPY100,2011-03-01,1.12459
M0,JPY100,2011-04-01,1.07783
M0,JPY100,2011-05-01,1.07577
M0,JPY100,2011-06-01,1.04421
M0,JPY100,2011-07-01,1.03811
M0,JPY100,2011-08-01,1.01362
M0,JPY100,2011-09-01,1.13615
M0,JPY100,2011-10-01,1.17077
M0,JPY100,2011-11-01,1.17221
M0,JPY100,2011-12-01,1.19705
M0,JPY100,2012-01-01,1.21897
M0,JPY100,2012-02-01,1.16283
M0,JPY100,2012-03-01,1.10781
M0,JPY100,2012-04-01,1.12293
M0,JPY100,2012-05-01,1.17584
M0,JPY100,2012-06-01,1.20935
M0,JPY100,2012-07-01,1.23686
M0,JPY100,2012-08-01,1.23109
M0,JPY100,2012-09-01,1.20312
M0,JPY100,2012-10-01,1.1816
M0,JPY100,2012-11-01,1.1601
M0,JPY100,2012-12-01,1.10085
M0,JPY100,2013-01-01,1.03952
M0,JPY100,2013-02-01,0.98851
M0,JPY100,2013-03-01,0.99828
M0,JPY100,2013-04-01,0.9596
M0,JPY100,2013-05-01,0.94755
M0,JPY100,2013-06-01,0.95879
M0,JPY100,2013-07-01,0.94857
M0,JPY100,2013-08-01,0.94646
M0,JPY100,2013-09-01,0.93145
M0,JPY100,2013-10-01,0.92307
M0,JPY100,2013-11-01,0.91271
M0,JPY100,2013-12-01,0.8639
M0,JPY100,2014-01-01,0.86826
M0,JPY100,2014-02-01,0.8764
M0,JPY100,2014-03-01,0.8611
M0,JPY100,2014-04-01,0.8607
M0,JPY100,2014-05-01,0.87245
M0,JPY100,2014-06-01,0.87791
M0,JPY100,2014-07-01,0.88186
M0,JPY100,2014-08-01,0.88371
M0,JPY100,2014-09-01,0.87239
M0,JPY100,2014-10-01,0.88157
M0,JPY100,2014-11-01,0.82948
M0,JPY100,2014-12-01,0.8171
M0,JPY100,2015-01-01,0.79378
M0,JPY100,2015-02-01,0.78817
M0,JPY100,2015-03-01,0.81381
M0,JPY100,2015-04-01,0.80464
M0,JPY100,2015-05-01,0.77161
M0,JPY100,2015-06-01,0.75341
M0,JPY100,2015-07-01,0.77238
M0,JPY100,2015-08-01,0.78583
M0,JPY100,2015-09-01,0.80906
M0,JPY100,2015-10-01,0.80682
M0,JPY100,2015-11-01,0.82297
M0,JPY100,2015-12-01,0.81812
M0,JPY100,2016-01-01,0.85025
M0,JPY100,2016-02-01,0.86551
M0,JPY100,2016-03-01,0.87058
M0,JPY100,2016-04-01,0.87581
M0,JPY100,2016-05-01,0.89737
M0,JPY100,2016-06-01,0.9202
M0,JPY100,2016-07-01,0.94376
M0,JPY100,2016-08-01,0.95842
M0,JPY100,2016-09-01,0.95602
M0,JPY100,2016-10-01,0.95084
M0,JPY100,2016-11-01,0.92071
M0,JPY100,2016-12-01,0.87818
M0,JPY100,2017-01-01,0.87646
M0,JPY100,2017-02-01,0.88628
M0,JPY100,2017-03-01,0.88704
M0,JPY100,2017-04-01,0.90895
M0,JPY100,2017-05-01,0.87907
M0,JPY100,2017-06-01,0.87316
M0,JPY100,2017-07-01,0.85384
M0,JPY100,2017-08-01,0.87818
M0,JPY100,2017-09-01,0.86942
M0,JPY100,2017-10-01,0.86936
M0,JPY100,2017-11-01,0.87919
M0,JPY100,2017-12-01,0.87375
M0,JPY100,2018-01-01,0.86685
M0,JPY100,2018-02-01,0.86558
M0,JPY100,2018-03-01,0.89338
M0,JPY100,2018-04-01,0.89948
M0,JPY100,2018-05-01,0.90923
M0,JPY100,2018-06-01,0.89954
M0,JPY100,2018-07-01,0.89219
M0,JPY100,2018-08-01,0.8905
M0,JPY100,2018-09-01,0.86454
M0,JPY100,2018-10-01,0.8807
M0,JPY100,2018-11-01,0.88351
M0,JPY100,2018-12-01,0.88342
M0,JPY100,2019-01-01,0.90838
M0,JPY100,2019-02-01,0.90737
M0,JPY100,2019-03-01,0.89986
M0,JPY100,2019-04-01,0.90186
M0,JPY100,2019-05-01,0.91933
M0,JPY100,2019-06-01,0.91527
M0,JPY100,2019-07-01,0.91245
M0,JPY100,2019-08-01,0.92194
M0,JPY100,2019-09-01,0.9221
M0,JPY100,2019-10-01,0.91897
M0,JPY100,2019-11-01,0.91219
M0,JPY100,2019-12-01,0.90135
M0,JPY100,2020-01-01,0.8875
M0,JPY100,2020-02-01,0.8872
M0,JPY100,2020-03-01,0.89067
M0,JPY100,2020-04-01,0.9012
M0,JPY100,2020-05-01,0.9057
M0,JPY100,2020-06-01,0.88405
M0,JPY100,2020-07-01,0.87546
M0,JPY100,2020-08-01,0.85861
M0,JPY100,2020-09-01,0.86616
M0,JPY100,2020-10-01,0.86778
M0,JPY100,2020-11-01,0.87257
M0,JPY100,2020-12-01,0.8564
M0,JPY100,2021-01-01,0.85465
M0,JPY100,2021-02-01,0.8516
M0,JPY100,2021-03-01,0.85509
M0,JPY100,2021-04-01,0.84553
M0,JPY100,2021-05-01,0.82732000000000006
M0,JPY100,2021-06-01,0.82468
M0,JPY100,2021-07-01,0.83257
M0,JPY100,2021-08-01,0.83228
M0,JPY100,2021-09-01,0.83728
M0,JPY100,2021-10-01,0.81663
M0,JPY100,2021-11-01,0.80879
M0,JPY100,2021-12-01,0.80808
M0,JPY100,2022-01-01,0.79952
M0,JPY100,2022-02-01,0.80117
M0,JPY100,2022-03-01,0.78397
M0,JPY100,2022-04-01,0.7473
M0,JPY100,2022-05-01,0.76041
M0,JPY100,2022-06-01,0.72381
M0,JPY100,2022-07-01,0.70908
M0,JPY100,2022-08-01,0.70772
M0,JPY100,2022-09-01,0.68075
M0,JPY100,2022-10-01,0.67652
M0,JPY100,2022-11-01,0.67855
M0,JPY100,2022-12-01,0.69079
M0,JPY100,2023-01-01,0.70877
M0,JPY100,2023-02-01,0.6958
M0,JPY100,2023-03-01,0.69225
M0,JPY100,2023-04-01,0.672
M0,JPY100,2023-05-01,0.6553
M0,JPY100,2023-06-01,0.63779
M0,JPY100,2023-07-01,0.61949
M0,JPY100,2023-08-01,0.60668
M0,JPY100,2023-09-01,0.60817
M0,JPY100,2023-10-01,0.60428
M0,JPY100,2023-11-01,0.59514
M0,JPY100,2023-12-01,0.60067
M0,JPY100,2024-01-01,0.58702
M0,JPY100,2024-02-01,0.58649
M0,JPY100,2024-03-01,0.59308
M0,JPY100,2024-04-01,0.59156
M0,JPY100,2024-05-01,0.58319
M0,JPY100,2024-06-01,0.56619
M0,JPY100,2024-07-01,0.56548
M0,JPY100,2024-08-01,0.58674
M0,JPY100,2024-09-01,0.59182
M0,JPY100,2024-10-01,0.57536
M0,JPY100,2024-11-01,0.57306
M0,JPY100,2024-12-01,0.57998
M0,JPY100,2025-01-01,0.58142
M0,JPY100,2025-02-01,0.59539
M0,JPY100,2025-03-01,0.59254
M0,JPY100,2025-04-01,0.57933
M0,JPY100,2025-05-01,0.57335
M0,JPY100,2025-06-01,0.5633
M0,JPY100,2025-07-01,0.54317
M0,JPY100,2025-08-01,0.54669
M0,JPY100,2025-09-01,0.53878
M0,JPY100,2025-10-01,0.52708
M0,JPY100,2025-11-01,0.51814
M0,JPY100,2025-12-01,0.5114
M0,JPY100,2026-01-01,0.50424
M0,JPY100,2026-02-01,0.49808
M0,JPY100,2026-03-01,0.49584
M0,JPY100,2026-04-01,0.49427
M0,JPY100,2026-05-01,0.49554
M0,JPY100,2026-06-01,0.49732
M0,JPY100,2026-07-01,0.49875
M0,KRW100,1999-01-01,0.1179
M0,KRW100,1999-02-01,0.1202
M0,KRW100,1999-03-01,0.1196
M0,KRW100,1999-04-01,0.1249
M0,KRW100,1999-05-01,0.126
M0,KRW100,1999-06-01,0.1315
M0,KRW100,1999-07-01,0.1307
M0,KRW100,1999-08-01,0.1261
M0,KRW100,1999-09-01,0.1272
M0,KRW100,1999-10-01,0.1235
M0,KRW100,1999-11-01,0.1319
M0,KRW100,1999-12-01,0.1392
M0,KRW100,2000-01-01,0.1404
M0,KRW100,2000-02-01,0.1445
M0,KRW100,2000-03-01,0.1488
M0,KRW100,2000-04-01,0.1496
M0,KRW100,2000-05-01,0.1532
M0,KRW100,2000-06-01,0.147
M0,KRW100,2000-07-01,0.1479
M0,KRW100,2000-08-01,0.1539
M0,KRW100,2000-09-01,0.1572
M0,KRW100,2000-10-01,0.1543
M0,KRW100,2000-11-01,0.1537
M0,KRW100,2000-12-01,0.139
M0,KRW100,2001-01-01,0.128
M0,KRW100,2001-02-01,0.133
M0,KRW100,2001-03-01,0.1307
M0,KRW100,2001-04-01,0.1289
M0,KRW100,2001-05-01,0.135
M0,KRW100,2001-06-01,0.1375
M0,KRW100,2001-07-01,0.1348
M0,KRW100,2001-08-01,0.1306
M0,KRW100,2001-09-01,0.1265
M0,KRW100,2001-10-01,0.1252
M0,KRW100,2001-11-01,0.1287
M0,KRW100,2001-12-01,0.1282
M0,KRW100,2002-01-01,0.1267
M0,KRW100,2002-02-01,0.1287
M0,KRW100,2002-03-01,0.1267
M0,KRW100,2002-04-01,0.1254
M0,KRW100,2002-05-01,0.1258
M0,KRW100,2002-06-01,0.1261
M0,KRW100,2002-07-01,0.1244
M0,KRW100,2002-08-01,0.125
M0,KRW100,2002-09-01,0.1234
M0,KRW100,2002-10-01,0.1203
M0,KRW100,2002-11-01,0.1209
M0,KRW100,2002-12-01,0.1193
M0,KRW100,2003-01-01,0.1169
M0,KRW100,2003-02-01,0.1142
M0,KRW100,2003-03-01,0.1099
M0,KRW100,2003-04-01,0.1117
M0,KRW100,2003-05-01,0.1091
M0,KRW100,2003-06-01,0.1105
M0,KRW100,2003-07-01,0.1152
M0,KRW100,2003-08-01,0.1173
M0,KRW100,2003-09-01,0.1183
M0,KRW100,2003-10-01,0.1133
M0,KRW100,2003-11-01,0.1123
M0,KRW100,2003-12-01,0.1062
M0,KRW100,2004-01-01,0.105
M0,KRW100,2004-02-01,0.1066
M0,KRW100,2004-03-01,0.1095
M0,KRW100,2004-04-01,0.1124
M0,KRW100,2004-05-01,0.109
M0,KRW100,2004-06-01,0.108
M0,KRW100,2004-07-01,0.1074
M0,KRW100,2004-08-01,0.1091
M0,KRW100,2004-09-01,0.11
M0,KRW100,2004-10-01,0.1081
M0,KRW100,2004-11-01,0.1079
M0,KRW100,2004-12-01,0.109
M0,KRW100,2005-01-01,0.1134
M0,KRW100,2005-02-01,0.1164
M0,KRW100,2005-03-01,0.1164
M0,KRW100,2005-04-01,0.1183
M0,KRW100,2005-05-01,0.1214
M0,KRW100,2005-06-01,0.1249
M0,KRW100,2005-07-01,0.1247
M0,KRW100,2005-08-01,0.1236
M0,KRW100,2005-09-01,0.1227
M0,KRW100,2005-10-01,0.1231
M0,KRW100,2005-11-01,0.1258
M0,KRW100,2005-12-01,0.1276
M0,KRW100,2006-01-01,0.1301
M0,KRW100,2006-02-01,0.1344
M0,KRW100,2006-03-01,0.1338
M0,KRW100,2006-04-01,0.1347
M0,KRW100,2006-05-01,0.1295
M0,KRW100,2006-06-01,0.129
M0,KRW100,2006-07-01,0.13
M0,KRW100,2006-08-01,0.128
M0,KRW100,2006-09-01,0.1305
M0,KRW100,2006-10-01,0.1321
M0,KRW100,2006-11-01,0.1321
M0,KRW100,2006-12-01,0.1305
M0,KRW100,2007-01-01,0.1327
M0,KRW100,2007-02-01,0.1323
M0,KRW100,2007-03-01,0.1291
M0,KRW100,2007-04-01,0.1301
M0,KRW100,2007-05-01,0.1316
M0,KRW100,2007-06-01,0.1328
M0,KRW100,2007-07-01,0.1315
M0,KRW100,2007-08-01,0.1286
M0,KRW100,2007-09-01,0.1276
M0,KRW100,2007-10-01,0.1283
M0,KRW100,2007-11-01,0.1223
M0,KRW100,2007-12-01,0.1223
M0,KRW100,2008-01-01,0.1167
M0,KRW100,2008-02-01,0.1155
M0,KRW100,2008-03-01,0.1033
M0,KRW100,2008-04-01,0.1026
M0,KRW100,2008-05-01,0.1006
M0,KRW100,2008-06-01,0.1005
M0,KRW100,2008-07-01,0.1008
M0,KRW100,2008-08-01,0.1034
M0,KRW100,2008-09-01,0.0978
M0,KRW100,2008-10-01,0.0865
M0,KRW100,2008-11-01,0.085
M0,KRW100,2008-12-01,0.0838
M0,KRW100,2009-01-01,0.0829
M0,KRW100,2009-02-01,0.081
M0,KRW100,2009-03-01,0.0796
M0,KRW100,2009-04-01,0.0859
M0,KRW100,2009-05-01,0.0881
M0,KRW100,2009-06-01,0.0854
M0,KRW100,2009-07-01,0.0855
M0,KRW100,2009-08-01,0.0861
M0,KRW100,2009-09-01,0.0856
M0,KRW100,2009-10-01,0.0868
M0,KRW100,2009-11-01,0.0869
M0,KRW100,2009-12-01,0.0881
M0,KRW100,2010-01-01,0.0907
M0,KRW100,2010-02-01,0.0925
M0,KRW100,2010-03-01,0.0938
M0,KRW100,2010-04-01,0.0959
M0,KRW100,2010-05-01,0.0967
M0,KRW100,2010-06-01,0.0929
M0,KRW100,2010-07-01,0.0875
M0,KRW100,2010-08-01,0.0881
M0,KRW100,2010-09-01,0.0862
M0,KRW100,2010-10-01,0.0862
M0,KRW100,2010-11-01,0.087
M0,KRW100,2010-12-01,0.0845
M0,KRW100,2011-01-01,0.0855
M0,KRW100,2011-02-01,0.0849
M0,KRW100,2011-03-01,0.0821
M0,KRW100,2011-04-01,0.0828
M0,KRW100,2011-05-01,0.0806
M0,KRW100,2011-06-01,0.0778
M0,KRW100,2011-07-01,0.0779
M0,KRW100,2011-08-01,0.0726
M0,KRW100,2011-09-01,0.0776
M0,KRW100,2011-10-01,0.0779
M0,KRW100,2011-11-01,0.08
M0,KRW100,2011-12-01,0.0811
M0,KRW100,2012-01-01,0.082
M0,KRW100,2012-02-01,0.0812
M0,KRW100,2012-03-01,0.081
M0,KRW100,2012-04-01,0.0804
M0,KRW100,2012-05-01,0.081
M0,KRW100,2012-06-01,0.0823
M0,KRW100,2012-07-01,0.0855
M0,KRW100,2012-08-01,0.0856
M0,KRW100,2012-09-01,0.0837
M0,KRW100,2012-10-01,0.0843
M0,KRW100,2012-11-01,0.0863
M0,KRW100,2012-12-01,0.0856
M0,KRW100,2013-01-01,0.0866
M0,KRW100,2013-02-01,0.0846
M0,KRW100,2013-03-01,0.0857
M0,KRW100,2013-04-01,0.0836
M0,KRW100,2013-05-01,0.0858
M0,KRW100,2013-06-01,0.0823
M0,KRW100,2013-07-01,0.0839
M0,KRW100,2013-08-01,0.083
M0,KRW100,2013-09-01,0.0852
M0,KRW100,2013-10-01,0.0846
M0,KRW100,2013-11-01,0.0858
M0,KRW100,2013-12-01,0.0846
M0,KRW100,2014-01-01,0.0846
M0,KRW100,2014-02-01,0.0835
M0,KRW100,2014-03-01,0.0822
M0,KRW100,2014-04-01,0.0846
M0,KRW100,2014-05-01,0.0866
M0,KRW100,2014-06-01,0.0879
M0,KRW100,2014-07-01,0.0878
M0,KRW100,2014-08-01,0.0888
M0,KRW100,2014-09-01,0.0903
M0,KRW100,2014-10-01,0.0897
M0,KRW100,2014-11-01,0.0878
M0,KRW100,2014-12-01,0.0885
M0,KRW100,2015-01-01,0.0869
M0,KRW100,2015-02-01,0.0849
M0,KRW100,2015-03-01,0.0879
M0,KRW100,2015-04-01,0.0885
M0,KRW100,2015-05-01,0.0852
M0,KRW100,2015-06-01,0.0837
M0,KRW100,2015-07-01,0.0831
M0,KRW100,2015-08-01,0.082
M0,KRW100,2015-09-01,0.0819
M0,KRW100,2015-10-01,0.0845
M0,KRW100,2015-11-01,0.0873
M0,KRW100,2015-12-01,0.0848
M0,KRW100,2016-01-01,0.0836
M0,KRW100,2016-02-01,0.0816
M0,KRW100,2016-03-01,0.083
M0,KRW100,2016-04-01,0.084
M0,KRW100,2016-05-01,0.0831
M0,KRW100,2016-06-01,0.083
M0,KRW100,2016-07-01,0.0859
M0,KRW100,2016-08-01,0.0873
M0,KRW100,2016-09-01,0.0878
M0,KRW100,2016-10-01,0.0876
M0,KRW100,2016-11-01,0.0855
M0,KRW100,2016-12-01,0.086
M0,KRW100,2017-01-01,0.0853
M0,KRW100,2017-02-01,0.0876
M0,KRW100,2017-03-01,0.0883
M0,KRW100,2017-04-01,0.0882
M0,KRW100,2017-05-01,0.0875
M0,KRW100,2017-06-01,0.0855
M0,KRW100,2017-07-01,0.0847
M0,KRW100,2017-08-01,0.0852
M0,KRW100,2017-09-01,0.0849
M0,KRW100,2017-10-01,0.0866
M0,KRW100,2017-11-01,0.09
M0,KRW100,2017-12-01,0.091
M0,KRW100,2018-01-01,0.0901
M0,KRW100,2018-02-01,0.0866
M0,KRW100,2018-03-01,0.0883
M0,KRW100,2018-04-01,0.09057
M0,KRW100,2018-05-01,0.09259
M0,KRW100,2018-06-01,0.09047
M0,KRW100,2018-07-01,0.08857
M0,KRW100,2018-08-01,0.08814
M0,KRW100,2018-09-01,0.08642
M0,KRW100,2018-10-01,0.08775
M0,KRW100,2018-11-01,0.08879
M0,KRW100,2018-12-01,0.08844
M0,KRW100,2019-01-01,0.08818
M0,KRW100,2019-02-01,0.08917
M0,KRW100,2019-03-01,0.08843
M0,KRW100,2019-04-01,0.08805
M0,KRW100,2019-05-01,0.08536
M0,KRW100,2019-06-01,0.08428
M0,KRW100,2019-07-01,0.08389
M0,KRW100,2019-08-01,0.08078
M0,KRW100,2019-09-01,0.08286
M0,KRW100,2019-10-01,0.08393
M0,KRW100,2019-11-01,0.08499
M0,KRW100,2019-12-01,0.08367
M0,KRW100,2020-01-01,0.0831
M0,KRW100,2020-02-01,0.08167
M0,KRW100,2020-03-01,0.07844
M0,KRW100,2020-04-01,0.07931
M0,KRW100,2020-05-01,0.07896
M0,KRW100,2020-06-01,0.07878
M0,KRW100,2020-07-01,0.07796
M0,KRW100,2020-08-01,0.07671
M0,KRW100,2020-09-01,0.07767
M0,KRW100,2020-10-01,0.07978
M0,KRW100,2020-11-01,0.08169
M0,KRW100,2020-12-01,0.08125
M0,KRW100,2021-01-01,0.08068
M0,KRW100,2021-02-01,0.08073
M0,KRW100,2021-03-01,0.0822
M0,KRW100,2021-04-01,0.08246
M0,KRW100,2021-05-01,0.08039
M0,KRW100,2021-06-01,0.08092
M0,KRW100,2021-07-01,0.08018
M0,KRW100,2021-08-01,0.07874
M0,KRW100,2021-09-01,0.07867
M0,KRW100,2021-10-01,0.0781
M0,KRW100,2021-11-01,0.0779
M0,KRW100,2021-12-01,0.07778
M0,KRW100,2022-01-01,0.07682
M0,KRW100,2022-02-01,0.07697
M0,KRW100,2022-03-01,0.07615
M0,KRW100,2022-04-01,0.07641
M0,KRW100,2022-05-01,0.07732
M0,KRW100,2022-06-01,0.07582
M0,KRW100,2022-07-01,0.07414
M0,KRW100,2022-08-01,0.07249
M0,KRW100,2022-09-01,0.06972
M0,KRW100,2022-10-01,0.06979
M0,KRW100,2022-11-01,0.07112
M0,KRW100,2022-12-01,0.07205
M0,KRW100,2023-01-01,0.07437
M0,KRW100,2023-02-01,0.07243
M0,KRW100,2023-03-01,0.07089
M0,KRW100,2023-04-01,0.06788
M0,KRW100,2023-05-01,0.06761
M0,KRW100,2023-06-01,0.06948
M0,KRW100,2023-07-01,0.0681
M0,KRW100,2023-08-01,0.06638
M0,KRW100,2023-09-01,0.06735
M0,KRW100,2023-10-01,0.06687
M0,KRW100,2023-11-01,0.06819
M0,KRW100,2023-12-01,0.06636
M0,KRW100,2024-01-01,0.06473
M0,KRW100,2024-02-01,0.06584
M0,KRW100,2024-03-01,0.06671
M0,KRW100,2024-04-01,0.06645
M0,KRW100,2024-05-01,0.06661
M0,KRW100,2024-06-01,0.06481
M0,KRW100,2024-07-01,0.06452
M0,KRW100,2024-08-01,0.06345
M0,KRW100,2024-09-01,0.06362
M0,KRW100,2024-10-01,0.06323
M0,KRW100,2024-11-01,0.06311
M0,KRW100,2024-12-01,0.06197
M0,KRW100,2025-01-01,0.06263
M0,KRW100,2025-02-01,0.06255
M0,KRW100,2025-03-01,0.06061
M0,KRW100,2025-04-01,0.05797
M0,KRW100,2025-05-01,0.05963
M0,KRW100,2025-06-01,0.0596
M0,KRW100,2025-07-01,0.05792
M0,KRW100,2025-08-01,0.05804
M0,KRW100,2025-09-01,0.05721
M0,KRW100,2025-10-01,0.05605
M0,KRW100,2025-11-01,0.05504
M0,KRW100,2025-12-01,0.05433
M0,KRW100,2026-01-01,0.05421
M0,KRW100,2026-02-01,0.05337
M0,KRW100,2026-03-01,0.05279
M0,KRW100,2026-04-01,0.05311
M0,KRW100,2026-05-01,0.05261
M0,KRW100,2026-06-01,0.05226
M0,KRW100,2026-07-01,0.05437
M0,MXN100,1999-01-01,13.6595
M0,MXN100,1999-02-01,14.286
M0,MXN100,1999-03-01,15.0796
M0,MXN100,1999-04-01,15.904
M0,MXN100,1999-05-01,16.0421
M0,MXN100,1999-06-01,16.1773
M0,MXN100,1999-07-01,16.5618
M0,MXN100,1999-08-01,16.0832
M0,MXN100,1999-09-01,16.3336
M0,MXN100,1999-10-01,15.549
M0,MXN100,1999-11-01,16.4959
M0,MXN100,1999-12-01,16.8073
M0,MXN100,2000-01-01,16.7119
M0,MXN100,2000-02-01,17.3276
M0,MXN100,2000-03-01,17.8752
M0,MXN100,2000-04-01,17.685
M0,MXN100,2000-05-01,18.0545
M0,MXN100,2000-06-01,16.668
M0,MXN100,2000-07-01,17.47
M0,MXN100,2000-08-01,18.4918
M0,MXN100,2000-09-01,18.781
M0,MXN100,2000-10-01,18.5691
M0,MXN100,2000-11-01,18.6841
M0,MXN100,2000-12-01,17.8358
M0,MXN100,2001-01-01,16.6586
M0,MXN100,2001-02-01,17.1525
M0,MXN100,2001-03-01,17.5795
M0,MXN100,2001-04-01,18.3163
M0,MXN100,2001-05-01,19.14
M0,MXN100,2001-06-01,19.6065
M0,MXN100,2001-07-01,19.1977
M0,MXN100,2001-08-01,18.4068
M0,MXN100,2001-09-01,17.414
M0,MXN100,2001-10-01,17.4496
M0,MXN100,2001-11-01,17.8959
M0,MXN100,2001-12-01,17.9944
M0,MXN100,2002-01-01,18.1867
M0,MXN100,2002-02-01,18.6495
M0,MXN100,2002-03-01,18.466
M0,MXN100,2002-04-01,18.0748
M0,MXN100,2002-05-01,16.6645
M0,MXN100,2002-06-01,15.782
M0,MXN100,2002-07-01,15.0539
M0,MXN100,2002-08-01,15.2214
M0,MXN100,2002-09-01,14.84
M0,MXN100,2002-10-01,14.7904
M0,MXN100,2002-11-01,14.3686
M0,MXN100,2002-12-01,14.0975
M0,MXN100,2003-01-01,12.9533
M0,MXN100,2003-02-01,12.449
M0,MXN100,2003-03-01,12.4524
M0,MXN100,2003-04-01,12.982
M0,MXN100,2003-05-01,12.769
M0,MXN100,2003-06-01,12.56
M0,MXN100,2003-07-01,12.9961
M0,MXN100,2003-08-01,12.808
M0,MXN100,2003-09-01,12.6073
M0,MXN100,2003-10-01,11.8322
M0,MXN100,2003-11-01,11.9615
M0,MXN100,2003-12-01,11.2467
M0,MXN100,2004-01-01,11.368
M0,MXN100,2004-02-01,11.263
M0,MXN100,2004-03-01,11.5891
M0,MXN100,2004-04-01,11.506
M0,MXN100,2004-05-01,11.1347
M0,MXN100,2004-06-01,10.98
M0,MXN100,2004-07-01,10.8427
M0,MXN100,2004-08-01,11.0841
M0,MXN100,2004-09-01,10.9923
M0,MXN100,2004-10-01,10.84
M0,MXN100,2004-11-01,10.3027
M0,MXN100,2004-12-01,10.22
M0,MXN100,2005-01-01,10.4562
M0,MXN100,2005-02-01,10.6885
M0,MXN100,2005-03-01,10.5114
M0,MXN100,2005-04-01,10.7376
M0,MXN100,2005-05-01,11.0875
M0,MXN100,2005-06-01,11.6759
M0,MXN100,2005-07-01,12.0995
M0,MXN100,2005-08-01,11.8109
M0,MXN100,2005-09-01,11.7195
M0,MXN100,2005-10-01,11.8781
M0,MXN100,2005-11-01,12.2618
M0,MXN100,2005-12-01,12.2752
M0,MXN100,2006-01-01,12.1033
M0,MXN100,2006-02-01,12.428
M0,MXN100,2006-03-01,12.1387
M0,MXN100,2006-04-01,11.6322
M0,MXN100,2006-05-01,10.9952
M0,MXN100,2006-06-01,10.8105
M0,MXN100,2006-07-01,11.2405
M0,MXN100,2006-08-01,11.3141
M0,MXN100,2006-09-01,11.3162
M0,MXN100,2006-10-01,11.5509
M0,MXN100,2006-11-01,11.3259
M0,MXN100,2006-12-01,11.1153
M0,MXN100,2007-01-01,11.349
M0,MXN100,2007-02-01,11.2795
M0,MXN100,2007-03-01,10.9527
M0,MXN100,2007-04-01,11.02
M0,MXN100,2007-05-01,11.274
M0,MXN100,2007-06-01,11.369
M0,MXN100,2007-07-01,11.1718
M0,MXN100,2007-08-01,10.8755
M0,MXN100,2007-09-01,10.745
M0,MXN100,2007-10-01,10.8387
M0,MXN100,2007-11-01,10.3309
M0,MXN100,2007-12-01,10.4921
M0,MXN100,2008-01-01,10.081
M0,MXN100,2008-02-01,10.1229
M0,MXN100,2008-03-01,9.4147
M0,MXN100,2008-04-01,9.6245
M0,MXN100,2008-05-01,9.996
M0,MXN100,2008-06-01,10.04
M0,MXN100,2008-07-01,10.0391
M0,MXN100,2008-08-01,10.721
M0,MXN100,2008-09-01,10.4459
M0,MXN100,2008-10-01,9.0826
M0,MXN100,2008-11-01,9.057
M0,MXN100,2008-12-01,8.5162
M0,MXN100,2009-01-01,8.137
M0,MXN100,2009-02-01,7.9855
M0,MXN100,2009-03-01,7.8595
M0,MXN100,2009-04-01,8.511
M0,MXN100,2009-05-01,8.3926
M0,MXN100,2009-06-01,8.091
M0,MXN100,2009-07-01,8.0765
M0,MXN100,2009-08-01,8.2081
M0,MXN100,2009-09-01,7.7536
M0,MXN100,2009-10-01,7.7195
M0,MXN100,2009-11-01,7.7181
M0,MXN100,2009-12-01,8.0018
M0,MXN100,2010-01-01,8.0715
M0,MXN100,2010-02-01,8.275
M0,MXN100,2010-03-01,8.4761
M0,MXN100,2010-04-01,8.7305
M0,MXN100,2010-05-01,8.86
M0,MXN100,2010-06-01,8.8618
M0,MXN100,2010-07-01,8.2032
M0,MXN100,2010-08-01,8.1559
M0,MXN100,2010-09-01,7.8155
M0,MXN100,2010-10-01,7.779
M0,MXN100,2010-11-01,7.9732
M0,MXN100,2010-12-01,7.8135
M0,MXN100,2011-01-01,7.8871
M0,MXN100,2011-02-01,7.868
M0,MXN100,2011-03-01,7.6578
M0,MXN100,2011-04-01,7.6658
M0,MXN100,2011-05-01,7.4955
M0,MXN100,2011-06-01,7.113
M0,MXN100,2011-07-01,7.0648
M0,MXN100,2011-08-01,6.3727
M0,MXN100,2011-09-01,6.6973
M0,MXN100,2011-10-01,6.6795
M0,MXN100,2011-11-01,6.6336
M0,MXN100,2011-12-01,6.775
M0,MXN100,2012-01-01,6.9891
M0,MXN100,2012-02-01,7.1414
M0,MXN100,2012-03-01,7.1677
M0,MXN100,2012-04-01,7.0024
M0,MXN100,2012-05-01,6.8943
M0,MXN100,2012-06-01,6.8795
M0,MXN100,2012-07-01,7.31
M0,MXN100,2012-08-01,7.3439
M0,MXN100,2012-09-01,7.264
M0,MXN100,2012-10-01,7.2413
M0,MXN100,2012-11-01,7.1873
M0,MXN100,2012-12-01,7.1629
M0,MXN100,2013-01-01,7.2761
M0,MXN100,2013-02-01,7.237
M0,MXN100,2013-03-01,7.5629
M0,MXN100,2013-04-01,7.68
M0,MXN100,2013-05-01,7.7709
M0,MXN100,2013-06-01,7.223
M0,MXN100,2013-07-01,7.4152
M0,MXN100,2013-08-01,7.1791
M0,MXN100,2013-09-01,7.0724
M0,MXN100,2013-10-01,6.9391
M0,MXN100,2013-11-01,6.9829
M0,MXN100,2013-12-01,6.8764
M0,MXN100,2014-01-01,6.84
M0,MXN100,2014-02-01,6.728
M0,MXN100,2014-03-01,6.6729
M0,MXN100,2014-04-01,6.7559
M0,MXN100,2014-05-01,6.8645
M0,MXN100,2014-06-01,6.8995
M0,MXN100,2014-07-01,6.9109
M0,MXN100,2014-08-01,6.92
M0,MXN100,2014-09-01,7.0705
M0,MXN100,2014-10-01,7.073
M0,MXN100,2014-11-01,7.088
M0,MXN100,2014-12-01,6.7287
M0,MXN100,2015-01-01,6.3832
M0,MXN100,2015-02-01,6.274
M0,MXN100,2015-03-01,6.4364
M0,MXN100,2015-04-01,6.3227
M0,MXN100,2015-05-01,6.1048
M0,MXN100,2015-06-01,6.0218
M0,MXN100,2015-07-01,5.9804
M0,MXN100,2015-08-01,5.8543
M0,MXN100,2015-09-01,5.7732
M0,MXN100,2015-10-01,5.8395
M0,MXN100,2015-11-01,6.0667
M0,MXN100,2015-12-01,5.8465
M0,MXN100,2016-01-01,5.6005
M0,MXN100,2016-02-01,5.3862
M0,MXN100,2016-03-01,5.5696
M0,MXN100,2016-04-01,5.5124
M0,MXN100,2016-05-01,5.3923
M0,MXN100,2016-06-01,5.2005
M0,MXN100,2016-07-01,5.2857
M0,MXN100,2016-08-01,5.2478
M0,MXN100,2016-09-01,5.0873
M0,MXN100,2016-10-01,5.2214
M0,MXN100,2016-11-01,4.9618
M0,MXN100,2016-12-01,4.9682
M0,MXN100,2017-01-01,4.7205
M0,MXN100,2017-02-01,4.9305
M0,MXN100,2017-03-01,5.187
M0,MXN100,2017-04-01,5.3395
M0,MXN100,2017-05-01,5.2557
M0,MXN100,2017-06-01,5.3373
M0,MXN100,2017-07-01,5.3838
M0,MXN100,2017-08-01,5.4161
M0,MXN100,2017-09-01,5.3952
M0,MXN100,2017-10-01,5.2218
M0,MXN100,2017-11-01,5.2377
M0,MXN100,2017-12-01,5.1543
M0,MXN100,2018-01-01,5.0826
M0,MXN100,2018-02-01,5.0135
M0,MXN100,2018-03-01,5.0882
M0,MXN100,2018-04-01,5.26641
M0,MXN100,2018-05-01,5.10817
M0,MXN100,2018-06-01,4.86494
M0,MXN100,2018-07-01,5.22112
M0,MXN100,2018-08-01,5.24331
M0,MXN100,2018-09-01,5.08626
M0,MXN100,2018-10-01,5.18804
M0,MXN100,2018-11-01,4.9477
M0,MXN100,2018-12-01,4.9318
M0,MXN100,2019-01-01,5.15858
M0,MXN100,2019-02-01,5.21992
M0,MXN100,2019-03-01,5.20299
M0,MXN100,2019-04-01,5.29991
M0,MXN100,2019-05-01,5.28445
M0,MXN100,2019-06-01,5.12834
M0,MXN100,2019-07-01,5.17961
M0,MXN100,2019-08-01,4.96763
M0,MXN100,2019-09-01,5.05672
M0,MXN100,2019-10-01,5.13768
M0,MXN100,2019-11-01,5.1454
M0,MXN100,2019-12-01,5.13994
M0,MXN100,2020-01-01,5.15905
M0,MXN100,2020-02-01,5.18102
M0,MXN100,2020-03-01,4.32082
M0,MXN100,2020-04-01,3.99807
M0,MXN100,2020-05-01,4.13087
M0,MXN100,2020-06-01,4.27307
M0,MXN100,2020-07-01,4.16641
M0,MXN100,2020-08-01,4.09887
M0,MXN100,2020-09-01,4.22318
M0,MXN100,2020-10-01,4.28096
M0,MXN100,2020-11-01,4.46131
M0,MXN100,2020-12-01,4.45096
M0,MXN100,2021-01-01,4.4537
M0,MXN100,2021-02-01,4.4258
M0,MXN100,2021-03-01,4.4692
M0,MXN100,2021-04-01,4.59498
M0,MXN100,2021-05-01,4.51997
M0,MXN100,2021-06-01,4.53609
M0,MXN100,2021-07-01,4.59495
M0,MXN100,2021-08-01,4.55599
M0,MXN100,2021-09-01,4.60592
M0,MXN100,2021-10-01,4.51115
M0,MXN100,2021-11-01,4.41642
M0,MXN100,2021-12-01,4.40168
M0,MXN100,2022-01-01,4.48265
M0,MXN100,2022-02-01,4.50944
M0,MXN100,2022-03-01,4.51944
M0,MXN100,2022-04-01,4.7026
M0,MXN100,2022-05-01,4.88533
M0,MXN100,2022-06-01,4.84534
M0,MXN100,2022-07-01,4.72285
M0,MXN100,2022-08-01,4.75566
M0,MXN100,2022-09-01,4.84742
M0,MXN100,2022-10-01,4.9786
M0,MXN100,2022-11-01,4.96159
M0,MXN100,2022-12-01,4.75481
M0,MXN100,2023-01-01,4.87077
M0,MXN100,2023-02-01,4.96248
M0,MXN100,2023-03-01,5.02742
M0,MXN100,2023-04-01,4.96304
M0,MXN100,2023-05-01,5.05497
M0,MXN100,2023-06-01,5.21931
M0,MXN100,2023-07-01,5.16188
M0,MXN100,2023-08-01,5.16954
M0,MXN100,2023-09-01,5.1918
M0,MXN100,2023-10-01,5.00761
M0,MXN100,2023-11-01,5.12372
M0,MXN100,2023-12-01,5.03243
M0,MXN100,2024-01-01,5.02927
M0,MXN100,2024-02-01,5.12924
M0,MXN100,2024-03-01,5.28545
M0,MXN100,2024-04-01,5.42064
M0,MXN100,2024-05-01,5.41322
M0,MXN100,2024-06-01,4.91336
M0,MXN100,2024-07-01,4.92697
M0,MXN100,2024-08-01,4.47658
M0,MXN100,2024-09-01,4.32247
M0,MXN100,2024-10-01,4.37229
M0,MXN100,2024-11-01,4.32976
M0,MXN100,2024-12-01,4.39728
M0,MXN100,2025-01-01,4.42126
M0,MXN100,2025-02-01,4.4123
M0,MXN100,2025-03-01,4.36776
M0,MXN100,2025-04-01,4.16871
M0,MXN100,2025-05-01,4.26665
M0,MXN100,2025-06-01,4.27288
M0,MXN100,2025-07-01,4.26807
M0,MXN100,2025-08-01,4.31003
M0,MXN100,2025-09-01,4.30615
M0,MXN100,2025-10-01,4.32807
M0,MXN100,2025-11-01,4.36225
M0,MXN100,2025-12-01,4.40691
M0,MXN100,2026-01-01,4.47581
M0,MXN100,2026-02-01,4.48484
M0,MXN100,2026-03-01,4.42969
M0,MXN100,2026-04-01,4.51512
M0,MXN100,2026-05-01,4.52617
M0,MXN100,2026-06-01,4.59963
M0,MXN100,2026-07-01,4.63868
M0,MYR100,1999-01-01,36.403
M0,MYR100,1999-02-01,37.5425
M0,MYR100,1999-03-01,38.5509
M0,MYR100,1999-04-01,39.3765
M0,MYR100,1999-05-01,39.6626
M0,MYR100,1999-06-01,40.4155
M0,MYR100,1999-07-01,40.7864
M0,MYR100,1999-08-01,39.7086
M0,MYR100,1999-09-01,40.1223
M0,MYR100,1999-10-01,39.149
M0,MYR100,1999-11-01,40.8027
M0,MYR100,1999-12-01,41.6305
M0,MYR100,2000-01-01,41.7238
M0,MYR100,2000-02-01,42.9286
M0,MYR100,2000-03-01,43.7217
M0,MYR100,2000-04-01,43.6911
M0,MYR100,2000-05-01,45.1632
M0,MYR100,2000-06-01,43.2015
M0,MYR100,2000-07-01,43.3838
M0,MYR100,2000-08-01,45.1359
M0,MYR100,2000-09-01,46.1824
M0,MYR100,2000-10-01,46.5336
M0,MYR100,2000-11-01,46.7509
M0,MYR100,2000-12-01,44.3989
M0,MYR100,2001-01-01,42.8657
M0,MYR100,2001-02-01,43.84
M0,MYR100,2001-03-01,44.43
M0,MYR100,2001-04-01,45.0463
M0,MYR100,2001-05-01,46.0971
M0,MYR100,2001-06-01,46.9085
M0,MYR100,2001-07-01,46.3136
M0,MYR100,2001-08-01,44.2041
M0,MYR100,2001-09-01,43.1145
M0,MYR100,2001-10-01,42.9657
M0,MYR100,2001-11-01,43.4395
M0,MYR100,2001-12-01,43.4094
M0,MYR100,2002-01-01,43.8924
M0,MYR100,2002-02-01,44.6775
M0,MYR100,2002-03-01,44.0835
M0,MYR100,2002-04-01,43.5443
M0,MYR100,2002-05-01,41.7725
M0,MYR100,2002-06-01,40.544
M0,MYR100,2002-07-01,38.7843
M0,MYR100,2002-08-01,39.4067
M0,MYR100,2002-09-01,39.3071
M0,MYR100,2002-10-01,39.2813
M0,MYR100,2002-11-01,38.5524
M0,MYR100,2002-12-01,37.9165
M0,MYR100,2003-01-01,36.2048
M0,MYR100,2003-02-01,35.8275
M0,MYR100,2003-03-01,35.7629
M0,MYR100,2003-04-01,36.24
M0,MYR100,2003-05-01,34.461
M0,MYR100,2003-06-01,34.7035
M0,MYR100,2003-07-01,35.7865
M0,MYR100,2003-08-01,36.3555
M0,MYR100,2003-09-01,36.2782
M0,MYR100,2003-10-01,34.7961
M0,MYR100,2003-11-01,35.042
M0,MYR100,2003-12-01,33.321
M0,MYR100,2004-01-01,32.6705
M0,MYR100,2004-02-01,32.7215
M0,MYR100,2004-03-01,33.5939
M0,MYR100,2004-04-01,34.1135
M0,MYR100,2004-05-01,33.7537
M0,MYR100,2004-06-01,32.9173
M0,MYR100,2004-07-01,32.7286
M0,MYR100,2004-08-01,33.2305
M0,MYR100,2004-09-01,33.2382
M0,MYR100,2004-10-01,32.4967
M0,MYR100,2004-11-01,30.8695
M0,MYR100,2004-12-01,30.1365
M0,MYR100,2005-01-01,30.9886
M0,MYR100,2005-02-01,31.331
M0,MYR100,2005-03-01,30.8562
M0,MYR100,2005-04-01,31.4405
M0,MYR100,2005-05-01,32.03
M0,MYR100,2005-06-01,33.2659
M0,MYR100,2005-07-01,34.1548
M0,MYR100,2005-08-01,33.5636
M0,MYR100,2005-09-01,33.5277
M0,MYR100,2005-10-01,34.131
M0,MYR100,2005-11-01,34.6595
M0,MYR100,2005-12-01,34.5262
M0,MYR100,2006-01-01,34.0605
M0,MYR100,2006-02-01,34.9845
M0,MYR100,2006-03-01,35.2204
M0,MYR100,2006-04-01,35.0478
M0,MYR100,2006-05-01,33.749
M0,MYR100,2006-06-01,33.5876
M0,MYR100,2006-07-01,33.6852
M0,MYR100,2006-08-01,33.4677
M0,MYR100,2006-09-01,33.8438
M0,MYR100,2006-10-01,34.2427
M0,MYR100,2006-11-01,33.9027
M0,MYR100,2006-12-01,34.0047
M0,MYR100,2007-01-01,35.4581
M0,MYR100,2007-02-01,35.4625
M0,MYR100,2007-03-01,34.885
M0,MYR100,2007-04-01,35.2432
M0,MYR100,2007-05-01,35.877
M0,MYR100,2007-06-01,35.7614
M0,MYR100,2007-07-01,35.085
M0,MYR100,2007-08-01,34.5091
M0,MYR100,2007-09-01,34.127
M0,MYR100,2007-10-01,34.7587
M0,MYR100,2007-11-01,33.4545
M0,MYR100,2007-12-01,34.1584
M0,MYR100,2008-01-01,33.6957
M0,MYR100,2008-02-01,33.8219
M0,MYR100,2008-03-01,31.7679
M0,MYR100,2008-04-01,31.9973
M0,MYR100,2008-05-01,32.4055
M0,MYR100,2008-06-01,31.8124
M0,MYR100,2008-07-01,31.5596
M0,MYR100,2008-08-01,32.505
M0,MYR100,2008-09-01,32.23
M0,MYR100,2008-10-01,32.4213
M0,MYR100,2008-11-01,33.128
M0,MYR100,2008-12-01,32.2119
M0,MYR100,2009-01-01,31.52
M0,MYR100,2009-02-01,32.0425
M0,MYR100,2009-03-01,31.4032
M0,MYR100,2009-04-01,31.8145
M0,MYR100,2009-05-01,31.4595
M0,MYR100,2009-06-01,30.6938
M0,MYR100,2009-07-01,30.4209
M0,MYR100,2009-08-01,30.3686
M0,MYR100,2009-09-01,29.7664
M0,MYR100,2009-10-01,29.995
M0,MYR100,2009-11-01,29.8486
M0,MYR100,2009-12-01,30.1164
M0,MYR100,2010-01-01,30.6055
M0,MYR100,2010-02-01,31.3515
M0,MYR100,2010-03-01,32.083
M0,MYR100,2010-04-01,33.315
M0,MYR100,2010-05-01,34.6726
M0,MYR100,2010-06-01,34.5273
M0,MYR100,2010-07-01,32.8914
M0,MYR100,2010-08-01,32.96
M0,MYR100,2010-09-01,32.2545
M0,MYR100,2010-10-01,31.2252
M0,MYR100,2010-11-01,31.5423
M0,MYR100,2010-12-01,30.9561
M0,MYR100,2011-01-01,31.2486
M0,MYR100,2011-02-01,31.164
M0,MYR100,2011-03-01,30.2852
M0,MYR100,2011-04-01,29.8195
M0,MYR100,2011-05-01,28.9705
M0,MYR100,2011-06-01,27.732
M0,MYR100,2011-07-01,27.5205
M0,MYR100,2011-08-01,26.1359
M0,MYR100,2011-09-01,28.3127
M0,MYR100,2011-10-01,28.601
M0,MYR100,2011-11-01,28.7755
M0,MYR100,2011-12-01,29.4782
M0,MYR100,2012-01-01,30.1286
M0,MYR100,2012-02-01,30.1738
M0,MYR100,2012-03-01,29.9705
M0,MYR100,2012-04-01,29.8362
M0,MYR100,2012-05-01,30.2352
M0,MYR100,2012-06-01,30.1181
M0,MYR100,2012-07-01,30.8345
M0,MYR100,2012-08-01,31.0661
M0,MYR100,2012-09-01,30.523
M0,MYR100,2012-10-01,30.5248
M0,MYR100,2012-11-01,30.7073
M0,MYR100,2012-12-01,30.1462
M0,MYR100,2013-01-01,30.3561
M0,MYR100,2013-02-01,29.681
M0,MYR100,2013-03-01,30.4143
M0,MYR100,2013-04-01,30.755
M0,MYR100,2013-05-01,31.6087
M0,MYR100,2013-06-01,29.707
M0,MYR100,2013-07-01,29.6017
M0,MYR100,2013-08-01,28.2518
M0,MYR100,2013-09-01,28.4295
M0,MYR100,2013-10-01,28.4143
M0,MYR100,2013-11-01,28.5162
M0,MYR100,2013-12-01,27.4809
M0,MYR100,2014-01-01,27.3361
M0,MYR100,2014-02-01,27.0265
M0,MYR100,2014-03-01,26.8352
M0,MYR100,2014-04-01,27.1009
M0,MYR100,2014-05-01,27.4859
M0,MYR100,2014-06-01,27.8248
M0,MYR100,2014-07-01,28.173
M0,MYR100,2014-08-01,28.6295
M0,MYR100,2014-09-01,29.0664
M0,MYR100,2014-10-01,29.1257
M0,MYR100,2014-11-01,28.7995
M0,MYR100,2014-12-01,28.0352
M0,MYR100,2015-01-01,26.2382
M0,MYR100,2015-02-01,25.978
M0,MYR100,2015-03-01,26.6036
M0,MYR100,2015-04-01,26.4759
M0,MYR100,2015-05-01,25.8543
M0,MYR100,2015-06-01,24.9195
M0,MYR100,2015-07-01,25.0617
M0,MYR100,2015-08-01,23.8567
M0,MYR100,2015-09-01,22.58
M0,MYR100,2015-10-01,22.7564
M0,MYR100,2015-11-01,23.3876
M0,MYR100,2015-12-01,23.2522
M0,MYR100,2016-01-01,23.1757
M0,MYR100,2016-02-01,23.7424
M0,MYR100,2016-03-01,24.1552
M0,MYR100,2016-04-01,24.7124
M0,MYR100,2016-05-01,24.1495
M0,MYR100,2016-06-01,23.7664
M0,MYR100,2016-07-01,24.4262
M0,MYR100,2016-08-01,24.093
M0,MYR100,2016-09-01,23.6859
M0,MYR100,2016-10-01,23.6319
M0,MYR100,2016-11-01,22.9545
M0,MYR100,2016-12-01,22.8141
M0,MYR100,2017-01-01,22.6195
M0,MYR100,2017-02-01,22.538
M0,MYR100,2017-03-01,22.5774
M0,MYR100,2017-04-01,22.7155
M0,MYR100,2017-05-01,22.8543
M0,MYR100,2017-06-01,22.6286
M0,MYR100,2017-07-01,22.3895
M0,MYR100,2017-08-01,22.5191
M0,MYR100,2017-09-01,22.8286
M0,MYR100,2017-10-01,23.2091
M0,MYR100,2017-11-01,23.795
M0,MYR100,2017-12-01,24.1952
M0,MYR100,2018-01-01,24.3036
M0,MYR100,2018-02-01,23.867
M0,MYR100,2018-03-01,24.2591
M0,MYR100,2018-04-01,24.89409
M0,MYR100,2018-05-01,25.16152
M0,MYR100,2018-06-01,24.74653
M0,MYR100,2018-07-01,24.55318
M0,MYR100,2018-08-01,24.14593
M0,MYR100,2018-09-01,23.37661
M0,MYR100,2018-10-01,23.88884
M0,MYR100,2018-11-01,23.91752
M0,MYR100,2018-12-01,23.79429
M0,MYR100,2019-01-01,24.03215
M0,MYR100,2019-02-01,24.55299
M0,MYR100,2019-03-01,24.53106
M0,MYR100,2019-04-01,24.47243
M0,MYR100,2019-05-01,24.23625
M0,MYR100,2019-06-01,23.75568
M0,MYR100,2019-07-01,23.9396
M0,MYR100,2019-08-01,23.36141
M0,MYR100,2019-09-01,23.66584
M0,MYR100,2019-10-01,23.72637
M0,MYR100,2019-11-01,23.89206
M0,MYR100,2019-12-01,23.70972
M0,MYR100,2020-01-01,23.79051
M0,MYR100,2020-02-01,23.45052
M0,MYR100,2020-03-01,22.2707
M0,MYR100,2020-04-01,22.29309
M0,MYR100,2020-05-01,22.35367
M0,MYR100,2020-06-01,22.25367
M0,MYR100,2020-07-01,21.91446
M0,MYR100,2020-08-01,21.73602
M0,MYR100,2020-09-01,22.03616
M0,MYR100,2020-10-01,21.98309
M0,MYR100,2020-11-01,22.15538
M0,MYR100,2020-12-01,21.91408
M0,MYR100,2021-01-01,21.95528
M0,MYR100,2021-02-01,22.17867
M0,MYR100,2021-03-01,22.61039
M0,MYR100,2021-04-01,22.35603
M0,MYR100,2021-05-01,21.87165
M0,MYR100,2021-06-01,21.95766
M0,MYR100,2021-07-01,21.84979
M0,MYR100,2021-08-01,21.67136
M0,MYR100,2021-09-01,22.13273
M0,MYR100,2021-10-01,22.18013
M0,MYR100,2021-11-01,22.06395
M0,MYR100,2021-12-01,21.87046
M0,MYR100,2022-01-01,21.9261
M0,MYR100,2022-02-01,22.03235
M0,MYR100,2022-03-01,22.13094
M0,MYR100,2022-04-01,22.09732
M0,MYR100,2022-05-01,22.37555
M0,MYR100,2022-06-01,22.02477
M0,MYR100,2022-07-01,21.83229
M0,MYR100,2022-08-01,21.42617
M0,MYR100,2022-09-01,21.40682
M0,MYR100,2022-10-01,21.2069
M0,MYR100,2022-11-01,20.96009
M0,MYR100,2022-12-01,21.12426
M0,MYR100,2023-01-01,21.3763
M0,MYR100,2023-02-01,21.16146
M0,MYR100,2023-03-01,20.72094
M0,MYR100,2023-04-01,20.27909
M0,MYR100,2023-05-01,19.86371
M0,MYR100,2023-06-01,19.44907
M0,MYR100,2023-07-01,19.03768
M0,MYR100,2023-08-01,19.03935
M0,MYR100,2023-09-01,19.18531
M0,MYR100,2023-10-01,19.03957
M0,MYR100,2023-11-01,19.01988
M0,MYR100,2023-12-01,18.57613
M0,MYR100,2024-01-01,18.30878
M0,MYR100,2024-02-01,18.38726
M0,MYR100,2024-03-01,18.8261
M0,MYR100,2024-04-01,19.0796
M0,MYR100,2024-05-01,19.27862
M0,MYR100,2024-06-01,18.97707
M0,MYR100,2024-07-01,19.07512
M0,MYR100,2024-08-01,19.45343
M0,MYR100,2024-09-01,19.87728
M0,MYR100,2024-10-01,20.01728
M0,MYR100,2024-11-01,19.84594
M0,MYR100,2024-12-01,19.98138
M0,MYR100,2025-01-01,20.36653
M0,MYR100,2025-02-01,20.34668
M0,MYR100,2025-03-01,19.92189
M0,MYR100,2025-04-01,18.9478
M0,MYR100,2025-05-01,19.44773
M0,MYR100,2025-06-01,19.18247
M0,MYR100,2025-07-01,18.83314
M0,MYR100,2025-08-01,19.09008
M0,MYR100,2025-09-01,18.90983
M0,MYR100,2025-10-01,18.91929
M0,MYR100,2025-11-01,19.35109
M0,MYR100,2025-12-01,19.47613
M0,MYR100,2026-01-01,19.62933
M0,MYR100,2026-02-01,19.74899
M0,MYR100,2026-03-01,19.90736
M0,MYR100,2026-04-01,19.8191
M0,MYR100,2026-05-01,19.82605
M0,MYR100,2026-06-01,19.64311
M0,MYR100,2026-07-01,19.84199
M0,NOK100,1953-12-01,61.03
M0,NOK100,1954-01-01,61.013
M0,NOK100,1954-02-01,61.011
M0,NOK100,1954-03-01,61.01
M0,NOK100,1954-04-01,61.08
M0,NOK100,1954-05-01,61.134
M0,NOK100,1954-06-01,61.07
M0,NOK100,1954-07-01,60.979
M0,NOK100,1954-08-01,60.959
M0,NOK100,1954-09-01,60.952
M0,NOK100,1954-10-01,61.056
M0,NOK100,1954-11-01,61.171
M0,NOK100,1954-12-01,61.136
M0,NOK100,1955-01-01,61.159
M0,NOK100,1955-02-01,61.181
M0,NOK100,1955-03-01,61.298
M0,NOK100,1955-04-01,61.36
M0,NOK100,1955-05-01,61.209
M0,NOK100,1955-06-01,61.073
M0,NOK100,1955-07-01,60.822
M0,NOK100,1955-08-01,60.81
M0,NOK100,1955-09-01,60.864
M0,NOK100,1955-10-01,61.037
M0,NOK100,1955-11-01,61.176
M0,NOK100,1955-12-01,61.21
M0,NOK100,1956-01-01,61.2
M0,NOK100,1956-02-01,61.155
M0,NOK100,1956-03-01,61.173
M0,NOK100,1956-04-01,61.284
M0,NOK100,1956-05-01,61.287
M0,NOK100,1956-06-01,61.03
M0,NOK100,1956-07-01,60.938
M0,NOK100,1956-08-01,60.914
M0,NOK100,1956-09-01,61.034
M0,NOK100,1956-10-01,61.173
M0,NOK100,1956-11-01,61.22
M0,NOK100,1956-12-01,61.408
M0,NOK100,1957-01-01,61.38
M0,NOK100,1957-02-01,61.37
M0,NOK100,1957-03-01,61.373
M0,NOK100,1957-04-01,61.37
M0,NOK100,1957-05-01,61.285
M0,NOK100,1957-06-01,61.161
M0,NOK100,1957-07-01,61.026
M0,NOK100,1957-08-01,60.893
M0,NOK100,1957-09-01,61.016
M0,NOK100,1957-10-01,61.334
M0,NOK100,1957-11-01,61.314
M0,NOK100,1957-12-01,61.277
M0,NOK100,1958-01-01,61.257
M0,NOK100,1958-02-01,61.339
M0,NOK100,1958-03-01,61.327
M0,NOK100,1958-04-01,61.192
M0,NOK100,1958-05-01,61.128
M0,NOK100,1958-06-01,61.104
M0,NOK100,1958-07-01,60.999
M0,NOK100,1958-08-01,61.028
M0,NOK100,1958-09-01,60.997
M0,NOK100,1958-10-01,61.067
M0,NOK100,1958-11-01,61.142
M0,NOK100,1958-12-01,60.918
M0,NOK100,1959-01-01,60.447
M0,NOK100,1959-02-01,60.46
M0,NOK100,1959-03-01,60.651
M0,NOK100,1959-04-01,60.752
M0,NOK100,1959-05-01,60.707
M0,NOK100,1959-06-01,60.589
M0,NOK100,1959-07-01,60.542
M0,NOK100,1959-08-01,60.564
M0,NOK100,1959-09-01,60.59
M0,NOK100,1959-10-01,60.837
M0,NOK100,1959-11-01,60.794
M0,NOK100,1959-12-01,60.509
M0,NOK100,1960-01-01,60.497
M0,NOK100,1960-02-01,60.677
M0,NOK100,1960-03-01,60.729
M0,NOK100,1960-04-01,60.883
M0,NOK100,1960-05-01,60.617
M0,NOK100,1960-06-01,60.438
M0,NOK100,1960-07-01,60.463
M0,NOK100,1960-08-01,60.454
M0,NOK100,1960-09-01,60.465
M0,NOK100,1960-10-01,60.449
M0,NOK100,1960-11-01,60.464
M0,NOK100,1960-12-01,60.359
M0,NOK100,1961-01-01,60.298
M0,NOK100,1961-02-01,60.415
M0,NOK100,1961-03-01,60.429
M0,NOK100,1961-04-01,60.491
M0,NOK100,1961-05-01,60.439
M0,NOK100,1961-06-01,60.273
M0,NOK100,1961-07-01,60.18
M0,NOK100,1961-08-01,60.441
M0,NOK100,1961-09-01,60.599
M0,NOK100,1961-10-01,60.735
M0,NOK100,1961-11-01,60.714
M0,NOK100,1961-12-01,60.578
M0,NOK100,1962-01-01,60.563
M0,NOK100,1962-02-01,60.725
M0,NOK100,1962-03-01,60.91
M0,NOK100,1962-04-01,60.969
M0,NOK100,1962-05-01,60.705
M0,NOK100,1962-06-01,60.463
M0,NOK100,1962-07-01,60.453
M0,NOK100,1962-08-01,60.471
M0,NOK100,1962-09-01,60.441
M0,NOK100,1962-10-01,60.427
M0,NOK100,1962-11-01,60.36
M0,NOK100,1962-12-01,60.416
M0,NOK100,1963-01-01,60.541
M0,NOK100,1963-02-01,60.515
M0,NOK100,1963-03-01,60.567
M0,NOK100,1963-04-01,60.6
M0,NOK100,1963-05-01,60.506
M0,NOK100,1963-06-01,60.516
M0,NOK100,1963-07-01,60.495
M0,NOK100,1963-08-01,60.364
M0,NOK100,1963-09-01,60.29
M0,NOK100,1963-10-01,60.289
M0,NOK100,1963-11-01,60.294
M0,NOK100,1963-12-01,60.292
M0,NOK100,1964-01-01,60.282
M0,NOK100,1964-02-01,60.374
M0,NOK100,1964-03-01,60.459
M0,NOK100,1964-04-01,60.442
M0,NOK100,1964-05-01,60.378
M0,NOK100,1964-06-01,60.34
M0,NOK100,1964-07-01,60.373
M0,NOK100,1964-08-01,60.32
M0,NOK100,1964-09-01,60.285
M0,NOK100,1964-10-01,60.243
M0,NOK100,1964-11-01,60.228
M0,NOK100,1964-12-01,60.319
M0,NOK100,1965-01-01,60.369
M0,NOK100,1965-02-01,60.513
M0,NOK100,1965-03-01,60.697
M0,NOK100,1965-04-01,60.732
M0,NOK100,1965-05-01,60.764
M0,NOK100,1965-06-01,60.557
M0,NOK100,1965-07-01,60.431
M0,NOK100,1965-08-01,60.345
M0,NOK100,1965-09-01,60.391
M0,NOK100,1965-10-01,60.46
M0,NOK100,1965-11-01,60.471
M0,NOK100,1965-12-01,60.429
M0,NOK100,1966-01-01,60.573
M0,NOK100,1966-02-01,60.62
M0,NOK100,1966-03-01,60.666
M0,NOK100,1966-04-01,60.483
M0,NOK100,1966-05-01,60.296
M0,NOK100,1966-06-01,60.289
M0,NOK100,1966-07-01,60.316
M0,NOK100,1966-08-01,60.511
M0,NOK100,1966-09-01,60.54
M0,NOK100,1966-10-01,60.65
M0,NOK100,1966-11-01,60.471
M0,NOK100,1966-12-01,60.467
M0,NOK100,1967-01-01,60.525
M0,NOK100,1967-02-01,60.609
M0,NOK100,1967-03-01,60.585
M0,NOK100,1967-04-01,60.506
M0,NOK100,1967-05-01,60.378
M0,NOK100,1967-06-01,60.386
M0,NOK100,1967-07-01,60.459
M0,NOK100,1967-08-01,60.62
M0,NOK100,1967-09-01,60.689
M0,NOK100,1967-10-01,60.68
M0,NOK100,1967-11-01,60.412
M0,NOK100,1967-12-01,60.429
M0,NOK100,1968-01-01,60.8
M0,NOK100,1968-02-01,60.872
M0,NOK100,1968-03-01,60.678
M0,NOK100,1968-04-01,60.714
M0,NOK100,1968-05-01,60.521
M0,NOK100,1968-06-01,60.251
M0,NOK100,1968-07-01,60.155
M0,NOK100,1968-08-01,60.268
M0,NOK100,1968-09-01,60.186
M0,NOK100,1968-10-01,60.148
M0,NOK100,1968-11-01,60.188
M0,NOK100,1968-12-01,60.188
M0,NOK100,1969-01-01,60.42
M0,NOK100,1969-02-01,60.421
M0,NOK100,1969-03-01,60.184
M0,NOK100,1969-04-01,60.54
M0,NOK100,1969-05-01,60.543
M0,NOK100,1969-06-01,60.446
M0,NOK100,1969-07-01,60.373
M0,NOK100,1969-08-01,60.252
M0,NOK100,1969-09-01,60.129
M0,NOK100,1969-10-01,60.19
M0,NOK100,1969-11-01,60.509
M0,NOK100,1969-12-01,60.314
M0,NOK100,1970-01-01,60.313
M0,NOK100,1970-02-01,60.1435
M0,NOK100,1970-03-01,60.34
M0,NOK100,1970-04-01,60.2282
M0,NOK100,1970-05-01,60.2867
M0,NOK100,1970-06-01,60.3514
M0,NOK100,1970-07-01,60.2278
M0,NOK100,1970-08-01,60.211
M0,NOK100,1970-09-01,60.26
M0,NOK100,1970-10-01,60.5864
M0,NOK100,1970-11-01,60.4471
M0,NOK100,1970-12-01,60.46
M0,NOK100,1971-01-01,60.289
M0,NOK100,1971-02-01,60.167
M0,NOK100,1971-03-01,60.2422
M0,NOK100,1971-04-01,60.3084
M0,NOK100,1971-05-01,57.8793
M0,NOK100,1971-06-01,57.5464
M0,NOK100,1971-07-01,57.6191
M0,NOK100,1971-08-01,57.3888
M0,NOK100,1971-09-01,57.6923
M0,NOK100,1971-10-01,58.0143
M0,NOK100,1971-11-01,58.0455
M0,NOK100,1971-12-01,57.82
M0,NOK100,1972-01-01,58.029
M0,NOK100,1972-02-01,57.9971
M0,NOK100,1972-03-01,58.3941
M0,NOK100,1972-04-01,58.4242
M0,NOK100,1972-05-01,58.7305
M0,NOK100,1972-06-01,58.4256
M0,NOK100,1972-07-01,57.8452
M0,NOK100,1972-08-01,57.9868
M0,NOK100,1972-09-01,57.62
M0,NOK100,1972-10-01,57.4968
M0,NOK100,1972-11-01,57.4827
M0,NOK100,1972-12-01,57.3047
M0,NOK100,1973-01-01,56.42
M0,NOK100,1973-02-01,54.71
M0,NOK100,1973-03-01,54.4548
M0,NOK100,1973-04-01,54.7668
M0,NOK100,1973-05-01,54.5595
M0,NOK100,1973-06-01,55.34
M0,NOK100,1973-07-01,53.2891
M0,NOK100,1973-08-01,53.8
M0,NOK100,1973-09-01,54.374
M0,NOK100,1973-10-01,55.2913
M0,NOK100,1973-11-01,56.35
M0,NOK100,1973-12-01,56.5235
M0,NOK100,1974-01-01,56.3376
M0,NOK100,1974-02-01,54.9615
M0,NOK100,1974-03-01,54.571
M0,NOK100,1974-04-01,54.9415
M0,NOK100,1974-05-01,54.6686
M0,NOK100,1974-06-01,55.0895
M0,NOK100,1974-07-01,54.8957
M0,NOK100,1974-08-01,54.4119
M0,NOK100,1974-09-01,53.9595
M0,NOK100,1974-10-01,52.6543
M0,NOK100,1974-11-01,50.5833
M0,NOK100,1974-12-01,49.2158
M0,NOK100,1975-01-01,49.4119
M0,NOK100,1975-02-01,49.4425
M0,NOK100,1975-03-01,50.3921
M0,NOK100,1975-04-01,51.2773
M0,NOK100,1975-05-01,50.6105
M0,NOK100,1975-06-01,50.8643
M0,NOK100,1975-07-01,50.2957
M0,NOK100,1975-08-01,49.0675
M0,NOK100,1975-09-01,48.3432
M0,NOK100,1975-10-01,48.2022
M0,NOK100,1975-11-01,48.075
M0,NOK100,1975-12-01,47.4281
M0,NOK100,1976-01-01,46.8575
M0,NOK100,1976-02-01,46.505
M0,NOK100,1976-03-01,46.2196
M0,NOK100,1976-04-01,46.035
M0,NOK100,1976-05-01,45.2825
M0,NOK100,1976-06-01,44.5381
M0,NOK100,1976-07-01,44.4523
M0,NOK100,1976-08-01,45.0023
M0,NOK100,1976-09-01,45.5318
M0,NOK100,1976-10-01,46.0119
M0,NOK100,1976-11-01,46.3
M0,NOK100,1976-12-01,46.9891
M0,NOK100,1977-01-01,47.1929
M0,NOK100,1977-02-01,47.6225
M0,NOK100,1977-03-01,48.5783
M0,NOK100,1977-04-01,47.7658
M0,NOK100,1977-05-01,47.76
M0,NOK100,1977-06-01,47.0705
M0,NOK100,1977-07-01,45.8595
M0,NOK100,1977-08-01,45.4667
M0,NOK100,1977-09-01,43.3
M0,NOK100,1977-10-01,41.5119
M0,NOK100,1977-11-01,40.3
M0,NOK100,1977-12-01,39.5833
M0,NOK100,1978-01-01,38.569
M0,NOK100,1978-02-01,36.1775
M0,NOK100,1978-03-01,35.6075
M0,NOK100,1978-04-01,35.455
M0,NOK100,1978-05-01,36.0125
M0,NOK100,1978-06-01,34.8545
M0,NOK100,1978-07-01,33.3643
M0,NOK100,1978-08-01,31.6477
M0,NOK100,1978-09-01,30.1286
M0,NOK100,1978-10-01,31.1523
M0,NOK100,1978-11-01,32.9273
M0,NOK100,1978-12-01,32.9289
M0,NOK100,1979-01-01,32.9738
M0,NOK100,1979-02-01,32.835
M0,NOK100,1979-03-01,32.9455
M0,NOK100,1979-04-01,33.3237
M0,NOK100,1979-05-01,33.2548
M0,NOK100,1979-06-01,32.9225
M0,NOK100,1979-07-01,32.6091
M0,NOK100,1979-08-01,32.8845
M0,NOK100,1979-09-01,32.375
M0,NOK100,1979-10-01,32.6804
M0,NOK100,1979-11-01,32.7705
M0,NOK100,1979-12-01,32.1118
M0,NOK100,1980-01-01,32.4214
M0,NOK100,1980-02-01,33.5024
M0,NOK100,1980-03-01,34.8467
M0,NOK100,1980-04-01,34.5875
M0,NOK100,1980-05-01,33.8474
M0,NOK100,1980-06-01,33.6143
M0,NOK100,1980-07-01,33.3043
M0,NOK100,1980-08-01,33.91
M0,NOK100,1980-09-01,33.8523
M0,NOK100,1980-10-01,33.8587
M0,NOK100,1980-11-01,34.3925
M0,NOK100,1980-12-01,34.4881
M0,NOK100,1981-01-01,34.6825
M0,NOK100,1981-02-01,35.9775
M0,NOK100,1981-03-01,35.6227
M0,NOK100,1981-04-01,36.0025
M0,NOK100,1981-05-01,36.3921
M0,NOK100,1981-06-01,35.0452
M0,NOK100,1981-07-01,34.3339
M0,NOK100,1981-08-01,35.0571
M0,NOK100,1981-09-01,33.9636
M0,NOK100,1981-10-01,31.8682
M0,NOK100,1981-11-01,30.6643
M0,NOK100,1981-12-01,31.3318
M0,NOK100,1982-01-01,31.415
M0,NOK100,1982-02-01,31.665
M0,NOK100,1982-03-01,31.2957
M0,NOK100,1982-04-01,32.17
M0,NOK100,1982-05-01,32.5974
M0,NOK100,1982-06-01,33.525
M0,NOK100,1982-07-01,32.9591
M0,NOK100,1982-08-01,31.5318
M0,NOK100,1982-09-01,30.9364
M0,NOK100,1982-10-01,30.25
M0,NOK100,1982-11-01,30.2955
M0,NOK100,1982-12-01,29.1391
M0,NOK100,1983-01-01,27.9024
M0,NOK100,1983-02-01,28.3025
M0,NOK100,1983-03-01,28.6804
M0,NOK100,1983-04-01,28.7474
M0,NOK100,1983-05-01,28.9425
M0,NOK100,1983-06-01,29.0477
M0,NOK100,1983-07-01,28.8595
M0,NOK100,1983-08-01,28.9477
M0,NOK100,1983-09-01,29.0977
M0,NOK100,1983-10-01,28.7857
M0,NOK100,1983-11-01,29.0318
M0,NOK100,1983-12-01,28.4214
M0,NOK100,1984-01-01,28.3981
M0,NOK100,1984-02-01,28.6586
M0,NOK100,1984-03-01,28.6027
M0,NOK100,1984-04-01,28.7863
M0,NOK100,1984-05-01,29.0071
M0,NOK100,1984-06-01,29.1775
M0,NOK100,1984-07-01,29.3091
M0,NOK100,1984-08-01,29.1027
M0,NOK100,1984-09-01,29.0245
M0,NOK100,1984-10-01,28.4543
M0,NOK100,1984-11-01,28.2923
M0,NOK100,1984-12-01,28.5124
M0,NOK100,1985-01-01,28.9686
M0,NOK100,1985-02-01,29.583
M0,NOK100,1985-03-01,29.6367
M0,NOK100,1985-04-01,29
M0,NOK100,1985-05-01,29.2195
M0,NOK100,1985-06-01,29.1475
M0,NOK100,1985-07-01,28.5939
M0,NOK100,1985-08-01,27.7995
M0,NOK100,1985-09-01,27.9981
M0,NOK100,1985-10-01,27.4078
M0,NOK100,1985-11-01,27.2914
M0,NOK100,1985-12-01,27.511
M0,NOK100,1986-01-01,27.3671
M0,NOK100,1986-02-01,26.8355
M0,NOK100,1986-03-01,26.7242
M0,NOK100,1986-04-01,26.6027
M0,NOK100,1986-05-01,24.9316
M0,NOK100,1986-06-01,24.1867
M0,NOK100,1986-07-01,23.3674
M0,NOK100,1986-08-01,22.597
M0,NOK100,1986-09-01,22.5291
M0,NOK100,1986-10-01,22.3222
M0,NOK100,1986-11-01,22.388
M0,NOK100,1986-12-01,22.1362
M0,NOK100,1987-01-01,21.727
M0,NOK100,1987-02-01,21.992
M0,NOK100,1987-03-01,22.1795
M0,NOK100,1987-04-01,22.063
M0,NOK100,1987-05-01,22.0432
M0,NOK100,1987-06-01,22.4738
M0,NOK100,1987-07-01,22.71
M0,NOK100,1987-08-01,22.6219
M0,NOK100,1987-09-01,22.5909
M0,NOK100,1987-10-01,22.5673
M0,NOK100,1987-11-01,21.5362
M0,NOK100,1987-12-01,20.8536
M0,NOK100,1988-01-01,21.175
M0,NOK100,1988-02-01,21.6852
M0,NOK100,1988-03-01,21.8891
M0,NOK100,1988-04-01,22.2747
M0,NOK100,1988-05-01,22.8005
M0,NOK100,1988-06-01,22.8723
M0,NOK100,1988-07-01,22.8233
M0,NOK100,1988-08-01,22.9682
M0,NOK100,1988-09-01,22.8023
M0,NOK100,1988-10-01,22.8286
M0,NOK100,1988-11-01,22.3409
M0,NOK100,1988-12-01,22.6776
M0,NOK100,1989-01-01,23.349
M0,NOK100,1989-02-01,23.436
M0,NOK100,1989-03-01,23.6276
M0,NOK100,1989-04-01,24.224
M0,NOK100,1989-05-01,24.5735
M0,NOK100,1989-06-01,23.7959
M0,NOK100,1989-07-01,23.4543
M0,NOK100,1989-08-01,23.5823
M0,NOK100,1989-09-01,23.6867
M0,NOK100,1989-10-01,23.4864
M0,NOK100,1989-11-01,23.4582
M0,NOK100,1989-12-01,23.3805
M0,NOK100,1990-01-01,23.1533
M0,NOK100,1990-02-01,22.9845
M0,NOK100,1990-03-01,22.93
M0,NOK100,1990-04-01,22.7037
M0,NOK100,1990-05-01,22.0119
M0,NOK100,1990-06-01,22.0015
M0,NOK100,1990-07-01,22.0914
M0,NOK100,1990-08-01,21.4982
M0,NOK100,1990-09-01,21.5035
M0,NOK100,1990-10-01,21.6409
M0,NOK100,1990-11-01,21.6436
M0,NOK100,1990-12-01,21.7994
M0,NOK100,1991-01-01,21.53
M0,NOK100,1991-02-01,21.8585
M0,NOK100,1991-03-01,22.127
M0,NOK100,1991-04-01,21.7476
M0,NOK100,1991-05-01,21.754
M0,NOK100,1991-06-01,21.974
M0,NOK100,1991-07-01,22.207
M0,NOK100,1991-08-01,22.2962
M0,NOK100,1991-09-01,22.3471
M0,NOK100,1991-10-01,22.3383
M0,NOK100,1991-11-01,22.5319
M0,NOK100,1991-12-01,22.4815
M0,NOK100,1992-01-01,22.5929
M0,NOK100,1992-02-01,22.917
M0,NOK100,1992-03-01,23.1323
M0,NOK100,1992-04-01,23.4665
M0,NOK100,1992-05-01,23.5647
M0,NOK100,1992-06-01,23.1695
M0,NOK100,1992-07-01,22.7743
M0,NOK100,1992-08-01,22.7019
M0,NOK100,1992-09-01,22.0232
M0,NOK100,1992-10-01,21.7232
M0,NOK100,1992-11-01,22.079
M0,NOK100,1992-12-01,21.3073
M0,NOK100,1993-01-01,21.464
M0,NOK100,1993-02-01,21.731
M0,NOK100,1993-03-01,21.6948
M0,NOK100,1993-04-01,21.5385
M0,NOK100,1993-05-01,21.3153
M0,NOK100,1993-06-01,21.0909
M0,NOK100,1993-07-01,20.7327
M0,NOK100,1993-08-01,20.3341
M0,NOK100,1993-09-01,20.0427
M0,NOK100,1993-10-01,20.0948
M0,NOK100,1993-11-01,20.2505
M0,NOK100,1993-12-01,19.7287
M0,NOK100,1994-01-01,19.5881
M0,NOK100,1994-02-01,19.447
M0,NOK100,1994-03-01,19.4561
M0,NOK100,1994-04-01,19.5232
M0,NOK100,1994-05-01,19.656
M0,NOK100,1994-06-01,19.4295
M0,NOK100,1994-07-01,19.2857
M0,NOK100,1994-08-01,19.1977
M0,NOK100,1994-09-01,18.9864
M0,NOK100,1994-10-01,19.0957
M0,NOK100,1994-11-01,19.2359
M0,NOK100,1994-12-01,19.3748
M0,NOK100,1995-01-01,19.209
M0,NOK100,1995-02-01,19.2655
M0,NOK100,1995-03-01,18.6665
M0,NOK100,1995-04-01,18.3167
M0,NOK100,1995-05-01,18.5329
M0,NOK100,1995-06-01,18.5619
M0,NOK100,1995-07-01,18.7133
M0,NOK100,1995-08-01,18.8582
M0,NOK100,1995-09-01,18.5752
M0,NOK100,1995-10-01,18.3509
M0,NOK100,1995-11-01,18.27
M0,NOK100,1995-12-01,18.31
M0,NOK100,1996-01-01,18.3733
M0,NOK100,1996-02-01,18.6548
M0,NOK100,1996-03-01,18.6005
M0,NOK100,1996-04-01,18.762
M0,NOK100,1996-05-01,19.051
M0,NOK100,1996-06-01,19.232
M0,NOK100,1996-07-01,19.1178
M0,NOK100,1996-08-01,18.7471
M0,NOK100,1996-09-01,19.0619
M0,NOK100,1996-10-01,19.3852
M0,NOK100,1996-11-01,20.0471
M0,NOK100,1996-12-01,20.516
M0,NOK100,1997-01-01,21.5924
M0,NOK100,1997-02-01,21.904
M0,NOK100,1997-03-01,21.5163
M0,NOK100,1997-04-01,20.9368
M0,NOK100,1997-05-01,20.266
M0,NOK100,1997-06-01,19.9819
M0,NOK100,1997-07-01,19.9017
M0,NOK100,1997-08-01,19.835
M0,NOK100,1997-09-01,20.1145
M0,NOK100,1997-10-01,20.5135
M0,NOK100,1997-11-01,19.9265
M0,NOK100,1997-12-01,19.8357
M0,NOK100,1998-01-01,19.6695
M0,NOK100,1998-02-01,19.3685
M0,NOK100,1998-03-01,19.6173
M0,NOK100,1998-04-01,19.99
M0,NOK100,1998-05-01,19.851
M0,NOK100,1998-06-01,19.721
M0,NOK100,1998-07-01,19.84
M0,NOK100,1998-08-01,19.3667
M0,NOK100,1998-09-01,18.5009
M0,NOK100,1998-10-01,17.9927
M0,NOK100,1998-11-01,18.5657
M0,NOK100,1998-12-01,17.8955
M0,NOK100,1999-01-01,18.56
M0,NOK100,1999-02-01,18.4575
M0,NOK100,1999-03-01,18.7283
M0,NOK100,1999-04-01,19.252
M0,NOK100,1999-05-01,19.4526
M0,NOK100,1999-06-01,19.5168
M0,NOK100,1999-07-01,19.6095
M0,NOK100,1999-08-01,19.3568
M0,NOK100,1999-09-01,19.4632
M0,NOK100,1999-10-01,19.22
M0,NOK100,1999-11-01,19.5686
M0,NOK100,1999-12-01,19.755
M0,NOK100,2000-01-01,19.8033
M0,NOK100,2000-02-01,19.8338
M0,NOK100,2000-03-01,19.7713
M0,NOK100,2000-04-01,19.2956
M0,NOK100,2000-05-01,18.9714
M0,NOK100,2000-06-01,18.923
M0,NOK100,2000-07-01,18.9619
M0,NOK100,2000-08-01,19.155
M0,NOK100,2000-09-01,19.0462
M0,NOK100,2000-10-01,18.9027
M0,NOK100,2000-11-01,19.0314
M0,NOK100,2000-12-01,18.6058
M0,NOK100,2001-01-01,18.5705
M0,NOK100,2001-02-01,18.6965
M0,NOK100,2001-03-01,18.8114
M0,NOK100,2001-04-01,18.8347
M0,NOK100,2001-05-01,19.1705
M0,NOK100,2001-06-01,19.185
M0,NOK100,2001-07-01,18.9864
M0,NOK100,2001-08-01,18.7914
M0,NOK100,2001-09-01,18.6525
M0,NOK100,2001-10-01,18.5004
M0,NOK100,2001-11-01,18.5086
M0,NOK100,2001-12-01,18.4333
M0,NOK100,2002-01-01,18.6057
M0,NOK100,2002-02-01,18.9665
M0,NOK100,2002-03-01,19.012
M0,NOK100,2002-04-01,19.2162
M0,NOK100,2002-05-01,19.372
M0,NOK100,2002-06-01,19.8525
M0,NOK100,2002-07-01,19.7274
M0,NOK100,2002-08-01,19.6881
M0,NOK100,2002-09-01,19.8938
M0,NOK100,2002-10-01,19.9561
M0,NOK100,2002-11-01,20.0276
M0,NOK100,2002-12-01,20.1
M0,NOK100,2003-01-01,19.9181
M0,NOK100,2003-02-01,19.4405
M0,NOK100,2003-03-01,18.7267
M0,NOK100,2003-04-01,19.088
M0,NOK100,2003-05-01,19.2265
M0,NOK100,2003-06-01,18.8575
M0,NOK100,2003-07-01,18.6496
M0,NOK100,2003-08-01,18.6245
M0,NOK100,2003-09-01,18.8591
M0,NOK100,2003-10-01,18.7943
M0,NOK100,2003-11-01,19.0025
M0,NOK100,2003-12-01,18.871
M0,NOK100,2004-01-01,18.1935
M0,NOK100,2004-02-01,17.9115
M0,NOK100,2004-03-01,18.3248
M0,NOK100,2004-04-01,18.729
M0,NOK100,2004-05-01,18.7637
M0,NOK100,2004-06-01,18.3195
M0,NOK100,2004-07-01,18.0123
M0,NOK100,2004-08-01,18.4482
M0,NOK100,2004-09-01,18.4509
M0,NOK100,2004-10-01,18.7248
M0,NOK100,2004-11-01,18.6914
M0,NOK100,2004-12-01,18.667
M0,NOK100,2005-01-01,18.8105
M0,NOK100,2005-02-01,18.631
M0,NOK100,2005-03-01,18.9157
M0,NOK100,2005-04-01,18.9105
M0,NOK100,2005-05-01,19.103
M0,NOK100,2005-06-01,19.48
M0,NOK100,2005-07-01,19.6567
M0,NOK100,2005-08-01,19.5977
M0,NOK100,2005-09-01,19.8395
M0,NOK100,2005-10-01,19.7605
M0,NOK100,2005-11-01,19.7423
M0,NOK100,2005-12-01,19.4019
M0,NOK100,2006-01-01,19.2571
M0,NOK100,2006-02-01,19.323
M0,NOK100,2006-03-01,19.6648
M0,NOK100,2006-04-01,20.0789
M0,NOK100,2006-05-01,19.9548
M0,NOK100,2006-06-01,19.85
M0,NOK100,2006-07-01,19.7543
M0,NOK100,2006-08-01,19.7136
M0,NOK100,2006-09-01,19.1781
M0,NOK100,2006-10-01,18.94
M0,NOK100,2006-11-01,19.3082
M0,NOK100,2006-12-01,19.5532
M0,NOK100,2007-01-01,19.5176
M0,NOK100,2007-02-01,20.042
M0,NOK100,2007-03-01,19.8314
M0,NOK100,2007-04-01,20.1716
M0,NOK100,2007-05-01,20.269
M0,NOK100,2007-06-01,20.5224
M0,NOK100,2007-07-01,20.8723
M0,NOK100,2007-08-01,20.525
M0,NOK100,2007-09-01,21.032
M0,NOK100,2007-10-01,21.7113
M0,NOK100,2007-11-01,20.7727
M0,NOK100,2007-12-01,20.6826
M0,NOK100,2008-01-01,20.341
M0,NOK100,2008-02-01,20.2262
M0,NOK100,2008-03-01,19.7211
M0,NOK100,2008-04-01,20.0241
M0,NOK100,2008-05-01,20.618
M0,NOK100,2008-06-01,20.1871
M0,NOK100,2008-07-01,20.1022
M0,NOK100,2008-08-01,20.3135
M0,NOK100,2008-09-01,19.5655
M0,NOK100,2008-10-01,17.6883
M0,NOK100,2008-11-01,17.1625
M0,NOK100,2008-12-01,16.3381
M0,NOK100,2009-01-01,16.2165
M0,NOK100,2009-02-01,16.9325
M0,NOK100,2009-03-01,17.0423
M0,NOK100,2009-04-01,17.22
M0,NOK100,2009-05-01,17.1684
M0,NOK100,2009-06-01,16.9157
M0,NOK100,2009-07-01,16.9548
M0,NOK100,2009-08-01,17.5876
M0,NOK100,2009-09-01,17.5814
M0,NOK100,2009-10-01,18.0977
M0,NOK100,2009-11-01,17.9433
M0,NOK100,2009-12-01,17.8386
M0,NOK100,2010-01-01,18.027
M0,NOK100,2010-02-01,18.1045
M0,NOK100,2010-03-01,18.0078
M0,NOK100,2010-04-01,18.049
M0,NOK100,2010-05-01,17.9884
M0,NOK100,2010-06-01,17.3959
M0,NOK100,2010-07-01,16.7677
M0,NOK100,2010-08-01,16.92
M0,NOK100,2010-09-01,16.5173
M0,NOK100,2010-10-01,16.5919
M0,NOK100,2010-11-01,16.5109
M0,NOK100,2010-12-01,16.1804
M0,NOK100,2011-01-01,16.32
M0,NOK100,2011-02-01,16.5475
M0,NOK100,2011-03-01,16.4362
M0,NOK100,2011-04-01,16.6032
M0,NOK100,2011-05-01,15.9868
M0,NOK100,2011-06-01,15.4238
M0,NOK100,2011-07-01,15.1238
M0,NOK100,2011-08-01,14.38
M0,NOK100,2011-09-01,15.5459
M0,NOK100,2011-10-01,15.861
M0,NOK100,2011-11-01,15.8136
M0,NOK100,2011-12-01,15.8318
M0,NOK100,2012-01-01,15.7677
M0,NOK100,2012-02-01,15.9667
M0,NOK100,2012-03-01,16.02
M0,NOK100,2012-04-01,15.88
M0,NOK100,2012-05-01,15.8643
M0,NOK100,2012-06-01,15.9214
M0,NOK100,2012-07-01,16.1027
M0,NOK100,2012-08-01,16.3891
M0,NOK100,2012-09-01,16.344
M0,NOK100,2012-10-01,16.3361
M0,NOK100,2012-11-01,16.4164
M0,NOK100,2012-12-01,16.4224
M0,NOK100,2013-01-01,16.6422
M0,NOK100,2013-02-01,16.5575
M0,NOK100,2013-03-01,16.3814
M0,NOK100,2013-04-01,16.1736
M0,NOK100,2013-05-01,16.3978
M0,NOK100,2013-06-01,15.932
M0,NOK100,2013-07-01,15.6865
M0,NOK100,2013-08-01,15.5386
M0,NOK100,2013-09-01,15.4805
M0,NOK100,2013-10-01,15.1526
M0,NOK100,2013-11-01,14.9957
M0,NOK100,2013-12-01,14.555
M0,NOK100,2014-01-01,14.6557
M0,NOK100,2014-02-01,14.607
M0,NOK100,2014-03-01,14.6824
M0,NOK100,2014-04-01,14.7691
M0,NOK100,2014-05-01,14.9541
M0,NOK100,2014-06-01,14.83
M0,NOK100,2014-07-01,14.4757
M0,NOK100,2014-08-01,14.6819
M0,NOK100,2014-09-01,14.7595
M0,NOK100,2014-10-01,14.5361
M0,NOK100,2014-11-01,14.158
M0,NOK100,2014-12-01,13.3726
M0,NOK100,2015-01-01,12.3145
M0,NOK100,2015-02-01,12.3235
M0,NOK100,2015-03-01,12.2782
M0,NOK100,2015-04-01,12.1745
M0,NOK100,2015-05-01,12.3586
M0,NOK100,2015-06-01,11.9291
M0,NOK100,2015-07-01,11.7348
M0,NOK100,2015-08-01,11.7362
M0,NOK100,2015-09-01,11.7273
M0,NOK100,2015-10-01,11.7127
M0,NOK100,2015-11-01,11.689
M0,NOK100,2015-12-01,11.4609
M0,NOK100,2016-01-01,11.3819
M0,NOK100,2016-02-01,11.5319
M0,NOK100,2016-03-01,11.577
M0,NOK100,2016-04-01,11.7281
M0,NOK100,2016-05-01,11.8741
M0,NOK100,2016-06-01,11.6777
M0,NOK100,2016-07-01,11.5976
M0,NOK100,2016-08-01,11.6826
M0,NOK100,2016-09-01,11.8741
M0,NOK100,2016-10-01,12.0867
M0,NOK100,2016-11-01,11.8477
M0,NOK100,2016-12-01,11.9077
M0,NOK100,2017-01-01,11.9
M0,NOK100,2017-02-01,12.027
M0,NOK100,2017-03-01,11.7843
M0,NOK100,2017-04-01,11.67
M0,NOK100,2017-05-01,11.6
M0,NOK100,2017-06-01,11.4491
M0,NOK100,2017-07-01,11.7576
M0,NOK100,2017-08-01,12.2257
M0,NOK100,2017-09-01,12.2876
M0,NOK100,2017-10-01,12.2791
M0,NOK100,2017-11-01,12.1209
M0,NOK100,2017-12-01,11.8662
M0,NOK100,2018-01-01,12.1523
M0,NOK100,2018-02-01,11.9325
M0,NOK100,2018-03-01,12.1809
M0,NOK100,2018-04-01,12.34118
M0,NOK100,2018-05-01,12.30857
M0,NOK100,2018-06-01,12.19559
M0,NOK100,2018-07-01,12.2288
M0,NOK100,2018-08-01,11.85617
M0,NOK100,2018-09-01,11.7262
M0,NOK100,2018-10-01,12.03523
M0,NOK100,2018-11-01,11.81303
M0,NOK100,2018-12-01,11.5257
M0,NOK100,2019-01-01,11.57456
M0,NOK100,2019-02-01,11.66234
M0,NOK100,2019-03-01,11.64094
M0,NOK100,2019-04-01,11.75357
M0,NOK100,2019-05-01,11.56228
M0,NOK100,2019-06-01,11.45662
M0,NOK100,2019-07-01,11.46412
M0,NOK100,2019-08-01,10.9152
M0,NOK100,2019-09-01,10.98585
M0,NOK100,2019-10-01,10.85341
M0,NOK100,2019-11-01,10.85294
M0,NOK100,2019-12-01,10.8823
M0,NOK100,2020-01-01,10.82823
M0,NOK100,2020-02-01,10.50356
M0,NOK100,2020-03-01,9.41136
M0,NOK100,2020-04-01,9.29542
M0,NOK100,2020-05-01,9.59359
M0,NOK100,2020-06-01,9.99728
M0,NOK100,2020-07-01,10.0433
M0,NOK100,2020-08-01,10.16996
M0,NOK100,2020-09-01,10.01625
M0,NOK100,2020-10-01,9.8309
M0,NOK100,2020-11-01,10.02261
M0,NOK100,2020-12-01,10.20189
M0,NOK100,2021-01-01,10.41457
M0,NOK100,2021-02-01,10.56249
M0,NOK100,2021-03-01,10.90131
M0,NOK100,2021-04-01,10.98858
M0,NOK100,2021-05-01,10.8777
M0,NOK100,2021-06-01,10.78565
M0,NOK100,2021-07-01,10.45764
M0,NOK100,2021-08-01,10.32178
M0,NOK100,2021-09-01,10.65417
M0,NOK100,2021-10-01,10.90088
M0,NOK100,2021-11-01,10.56299
M0,NOK100,2021-12-01,10.26689
M0,NOK100,2022-01-01,10.39293
M0,NOK100,2022-02-01,10.39822
M0,NOK100,2022-03-01,10.52065
M0,NOK100,2022-04-01,10.61003
M0,NOK100,2022-05-01,10.21936
M0,NOK100,2022-06-01,9.94607
M0,NOK100,2022-07-01,9.68793
M0,NOK100,2022-08-01,9.8602
M0,NOK100,2022-09-01,9.50279
M0,NOK100,2022-10-01,9.41809
M0,NOK100,2022-11-01,9.51697
M0,NOK100,2022-12-01,9.43884
M0,NOK100,2023-01-01,9.3013
M0,NOK100,2023-02-01,9.04817
M0,NOK100,2023-03-01,8.78479
M0,NOK100,2023-04-01,8.54636
M0,NOK100,2023-05-01,8.3128
M0,NOK100,2023-06-01,8.33852
M0,NOK100,2023-07-01,8.50804
M0,NOK100,2023-08-01,8.38882
M0,NOK100,2023-09-01,8.3766
M0,NOK100,2023-10-01,8.22272
M0,NOK100,2023-11-01,8.16249
M0,NOK100,2023-12-01,8.1897
M0,NOK100,2024-01-01,8.2532
M0,NOK100,2024-02-01,8.30688
M0,NOK100,2024-03-01,8.38177
M0,NOK100,2024-04-01,8.35451
M0,NOK100,2024-05-01,8.47458
M0,NOK100,2024-06-01,8.42565
M0,NOK100,2024-07-01,8.27054
M0,NOK100,2024-08-01,8.01461
M0,NOK100,2024-09-01,7.98581
M0,NOK100,2024-10-01,7.95869
M0,NOK100,2024-11-01,7.96342
M0,NOK100,2024-12-01,7.95615
M0,NOK100,2025-01-01,8.01414
M0,NOK100,2025-02-01,8.0731
M0,NOK100,2025-03-01,8.26861
M0,NOK100,2025-04-01,7.93362
M0,NOK100,2025-05-01,8.06451
M0,NOK100,2025-06-01,8.09352
M0,NOK100,2025-07-01,7.86063
M0,NOK100,2025-08-01,7.90953
M0,NOK100,2025-09-01,8.01101
M0,NOK100,2025-10-01,7.95535
M0,NOK100,2025-11-01,7.91461
M0,NOK100,2025-12-01,7.88348
M0,NOK100,2026-01-01,7.94367
M0,NOK100,2026-02-01,8.07176
M0,NOK100,2026-03-01,8.14175
M0,NOK100,2026-04-01,8.3464
M0,NOK100,2026-05-01,8.46781
M0,NOK100,2026-06-01,8.346
M0,NOK100,2026-07-01,8.34064
M0,NZD1,1999-01-01,0.7439
M0,NZD1,1999-02-01,0.7745
M0,NZD1,1999-03-01,0.779
M0,NZD1,1999-04-01,0.8127
M0,NZD1,1999-05-01,0.8321
M0,NZD1,1999-06-01,0.8178
M0,NZD1,1999-07-01,0.8157
M0,NZD1,1999-08-01,0.7933
M0,NZD1,1999-09-01,0.7967
M0,NZD1,1999-10-01,0.7656
M0,NZD1,1999-11-01,0.7939
M0,NZD1,1999-12-01,0.8042
M0,NZD1,2000-01-01,0.8148
M0,NZD1,2000-02-01,0.8
M0,NZD1,2000-03-01,0.8141
M0,NZD1,2000-04-01,0.8233
M0,NZD1,2000-05-01,0.8059
M0,NZD1,2000-06-01,0.7729
M0,NZD1,2000-07-01,0.7599
M0,NZD1,2000-08-01,0.7638
M0,NZD1,2000-09-01,0.7332
M0,NZD1,2000-10-01,0.7081
M0,NZD1,2000-11-01,0.7098
M0,NZD1,2000-12-01,0.7241
M0,NZD1,2001-01-01,0.7236
M0,NZD1,2001-02-01,0.7241
M0,NZD1,2001-03-01,0.7058
M0,NZD1,2001-04-01,0.6949
M0,NZD1,2001-05-01,0.7396
M0,NZD1,2001-06-01,0.7386
M0,NZD1,2001-07-01,0.7184
M0,NZD1,2001-08-01,0.7251
M0,NZD1,2001-09-01,0.6863
M0,NZD1,2001-10-01,0.6761
M0,NZD1,2001-11-01,0.6871
M0,NZD1,2001-12-01,0.6857
M0,NZD1,2002-01-01,0.7082
M0,NZD1,2002-02-01,0.711
M0,NZD1,2002-03-01,0.7237
M0,NZD1,2002-04-01,0.7326
M0,NZD1,2002-05-01,0.7334
M0,NZD1,2002-06-01,0.7536
M0,NZD1,2002-07-01,0.7082
M0,NZD1,2002-08-01,0.6948
M0,NZD1,2002-09-01,0.7021
M0,NZD1,2002-10-01,0.7183
M0,NZD1,2002-11-01,0.7273
M0,NZD1,2002-12-01,0.7355
M0,NZD1,2003-01-01,0.7448
M0,NZD1,2003-02-01,0.7538
M0,NZD1,2003-03-01,0.7537
M0,NZD1,2003-04-01,0.7583
M0,NZD1,2003-05-01,0.755
M0,NZD1,2003-06-01,0.7667
M0,NZD1,2003-07-01,0.7973
M0,NZD1,2003-08-01,0.8045
M0,NZD1,2003-09-01,0.8051
M0,NZD1,2003-10-01,0.795
M0,NZD1,2003-11-01,0.837
M0,NZD1,2003-12-01,0.8191
M0,NZD1,2004-01-01,0.8354
M0,NZD1,2004-02-01,0.8596
M0,NZD1,2004-03-01,0.8432
M0,NZD1,2004-04-01,0.8303
M0,NZD1,2004-05-01,0.7902
M0,NZD1,2004-06-01,0.7863
M0,NZD1,2004-07-01,0.8044
M0,NZD1,2004-08-01,0.8261
M0,NZD1,2004-09-01,0.8319
M0,NZD1,2004-10-01,0.8436
M0,NZD1,2004-11-01,0.8205
M0,NZD1,2004-12-01,0.8193
M0,NZD1,2005-01-01,0.8303
M0,NZD1,2005-02-01,0.8512
M0,NZD1,2005-03-01,0.8562
M0,NZD1,2005-04-01,0.8602
M0,NZD1,2005-05-01,0.8745
M0,NZD1,2005-06-01,0.8954
M0,NZD1,2005-07-01,0.8783
M0,NZD1,2005-08-01,0.8787
M0,NZD1,2005-09-01,0.8836
M0,NZD1,2005-10-01,0.8996
M0,NZD1,2005-11-01,0.9035
M0,NZD1,2005-12-01,0.9067
M0,NZD1,2006-01-01,0.8781
M0,NZD1,2006-02-01,0.8775
M0,NZD1,2006-03-01,0.8276
M0,NZD1,2006-04-01,0.7975
M0,NZD1,2006-05-01,0.7679
M0,NZD1,2006-06-01,0.7617
M0,NZD1,2006-07-01,0.7629
M0,NZD1,2006-08-01,0.7799
M0,NZD1,2006-09-01,0.8123
M0,NZD1,2006-10-01,0.8322
M0,NZD1,2006-11-01,0.826
M0,NZD1,2006-12-01,0.8361
M0,NZD1,2007-01-01,0.864
M0,NZD1,2007-02-01,0.8593
M0,NZD1,2007-03-01,0.8506
M0,NZD1,2007-04-01,0.8899
M0,NZD1,2007-05-01,0.8943
M0,NZD1,2007-06-01,0.9324
M0,NZD1,2007-07-01,0.949
M0,NZD1,2007-08-01,0.8706
M0,NZD1,2007-09-01,0.851
M0,NZD1,2007-10-01,0.8913
M0,NZD1,2007-11-01,0.8587
M0,NZD1,2007-12-01,0.8761
M0,NZD1,2008-01-01,0.8497
M0,NZD1,2008-02-01,0.8691
M0,NZD1,2008-03-01,0.8115
M0,NZD1,2008-04-01,0.7991
M0,NZD1,2008-05-01,0.8114
M0,NZD1,2008-06-01,0.7903
M0,NZD1,2008-07-01,0.7742
M0,NZD1,2008-08-01,0.7669
M0,NZD1,2008-09-01,0.7484
M0,NZD1,2008-10-01,0.6948
M0,NZD1,2008-11-01,0.6713
M0,NZD1,2008-12-01,0.6383
M0,NZD1,2009-01-01,0.6193
M0,NZD1,2009-02-01,0.5991
M0,NZD1,2009-03-01,0.6134
M0,NZD1,2009-04-01,0.6554
M0,NZD1,2009-05-01,0.6666
M0,NZD1,2009-06-01,0.6892
M0,NZD1,2009-07-01,0.6948
M0,NZD1,2009-08-01,0.7215
M0,NZD1,2009-09-01,0.732
M0,NZD1,2009-10-01,0.7549
M0,NZD1,2009-11-01,0.7389
M0,NZD1,2009-12-01,0.7366
M0,NZD1,2010-01-01,0.7513
M0,NZD1,2010-02-01,0.7475
M0,NZD1,2010-03-01,0.7502
M0,NZD1,2010-04-01,0.761
M0,NZD1,2010-05-01,0.7886
M0,NZD1,2010-06-01,0.7786
M0,NZD1,2010-07-01,0.751
M0,NZD1,2010-08-01,0.743
M0,NZD1,2010-09-01,0.7282
M0,NZD1,2010-10-01,0.7269
M0,NZD1,2010-11-01,0.7587
M0,NZD1,2010-12-01,0.7276
M0,NZD1,2011-01-01,0.7323
M0,NZD1,2011-02-01,0.7234
M0,NZD1,2011-03-01,0.6818
M0,NZD1,2011-04-01,0.7073
M0,NZD1,2011-05-01,0.6957
M0,NZD1,2011-06-01,0.6844
M0,NZD1,2011-07-01,0.6963
M0,NZD1,2011-08-01,0.6531
M0,NZD1,2011-09-01,0.7093
M0,NZD1,2011-10-01,0.7082
M0,NZD1,2011-11-01,0.6997
M0,NZD1,2011-12-01,0.7178
M0,NZD1,2012-01-01,0.7502
M0,NZD1,2012-02-01,0.7614
M0,NZD1,2012-03-01,0.749
M0,NZD1,2012-04-01,0.747
M0,NZD1,2012-05-01,0.7263
M0,NZD1,2012-06-01,0.747
M0,NZD1,2012-07-01,0.7794
M0,NZD1,2012-08-01,0.7848
M0,NZD1,2012-09-01,0.769
M0,NZD1,2012-10-01,0.765
M0,NZD1,2012-11-01,0.7697
M0,NZD1,2012-12-01,0.7656
M0,NZD1,2013-01-01,0.7734
M0,NZD1,2013-02-01,0.7719
M0,NZD1,2013-03-01,0.7834
M0,NZD1,2013-04-01,0.7947
M0,NZD1,2013-05-01,0.7875
M0,NZD1,2013-06-01,0.7384
M0,NZD1,2013-07-01,0.7457
M0,NZD1,2013-08-01,0.7333
M0,NZD1,2013-09-01,0.7518
M0,NZD1,2013-10-01,0.7529
M0,NZD1,2013-11-01,0.7542
M0,NZD1,2013-12-01,0.7349
M0,NZD1,2014-01-01,0.7473
M0,NZD1,2014-02-01,0.7418
M0,NZD1,2014-03-01,0.7519
M0,NZD1,2014-04-01,0.7597
M0,NZD1,2014-05-01,0.7643
M0,NZD1,2014-06-01,0.7725
M0,NZD1,2014-07-01,0.7795
M0,NZD1,2014-08-01,0.7675
M0,NZD1,2014-09-01,0.7618
M0,NZD1,2014-10-01,0.7504
M0,NZD1,2014-11-01,0.755
M0,NZD1,2014-12-01,0.7575
M0,NZD1,2015-01-01,0.7197
M0,NZD1,2015-02-01,0.6966
M0,NZD1,2015-03-01,0.7312
M0,NZD1,2015-04-01,0.7291
M0,NZD1,2015-05-01,0.6884
M0,NZD1,2015-06-01,0.6511
M0,NZD1,2015-07-01,0.6338
M0,NZD1,2015-08-01,0.6339
M0,NZD1,2015-09-01,0.6153
M0,NZD1,2015-10-01,0.6477
M0,NZD1,2015-11-01,0.6619
M0,NZD1,2015-12-01,0.6718
M0,NZD1,2016-01-01,0.6576
M0,NZD1,2016-02-01,0.6585
M0,NZD1,2016-03-01,0.6616
M0,NZD1,2016-04-01,0.6643
M0,NZD1,2016-05-01,0.6646
M0,NZD1,2016-06-01,0.6821
M0,NZD1,2016-07-01,0.7005
M0,NZD1,2016-08-01,0.7022
M0,NZD1,2016-09-01,0.7125
M0,NZD1,2016-10-01,0.7063
M0,NZD1,2016-11-01,0.7123
M0,NZD1,2016-12-01,0.7173
M0,NZD1,2017-01-01,0.7174
M0,NZD1,2017-02-01,0.7235
M0,NZD1,2017-03-01,0.7018
M0,NZD1,2017-04-01,0.6978
M0,NZD1,2017-05-01,0.685
M0,NZD1,2017-06-01,0.6996
M0,NZD1,2017-07-01,0.7061
M0,NZD1,2017-08-01,0.7048
M0,NZD1,2017-09-01,0.6979
M0,NZD1,2017-10-01,0.6913
M0,NZD1,2017-11-01,0.6832
M0,NZD1,2017-12-01,0.688
M0,NZD1,2018-01-01,0.6978
M0,NZD1,2018-02-01,0.6833
M0,NZD1,2018-03-01,0.6871
M0,NZD1,2018-04-01,0.70108
M0,NZD1,2018-05-01,0.69306
M0,NZD1,2018-06-01,0.68706
M0,NZD1,2018-07-01,0.67503
M0,NZD1,2018-08-01,0.65856
M0,NZD1,2018-09-01,0.63857
M0,NZD1,2018-10-01,0.64876
M0,NZD1,2018-11-01,0.67794
M0,NZD1,2018-12-01,0.67766
M0,NZD1,2019-01-01,0.6705
M0,NZD1,2019-02-01,0.68435
M0,NZD1,2019-03-01,0.68367
M0,NZD1,2019-04-01,0.67682
M0,NZD1,2019-05-01,0.6632
M0,NZD1,2019-06-01,0.65226
M0,NZD1,2019-07-01,0.65978
M0,NZD1,2019-08-01,0.62871
M0,NZD1,2019-09-01,0.62836
M0,NZD1,2019-10-01,0.62917
M0,NZD1,2019-11-01,0.63591
M0,NZD1,2019-12-01,0.64797
M0,NZD1,2020-01-01,0.64036
M0,NZD1,2020-02-01,0.62403
M0,NZD1,2020-03-01,0.58
M0,NZD1,2020-04-01,0.58247
M0,NZD1,2020-05-01,0.59049
M0,NZD1,2020-06-01,0.61351
M0,NZD1,2020-07-01,0.6151
M0,NZD1,2020-08-01,0.6003
M0,NZD1,2020-09-01,0.61025
M0,NZD1,2020-10-01,0.60583
M0,NZD1,2020-11-01,0.62527
M0,NZD1,2020-12-01,0.63016
M0,NZD1,2021-01-01,0.63784
M0,NZD1,2021-02-01,0.65021
M0,NZD1,2021-03-01,0.66308
M0,NZD1,2021-04-01,0.65705
M0,NZD1,2021-05-01,0.65228
M0,NZD1,2021-06-01,0.6457
M0,NZD1,2021-07-01,0.64108
M0,NZD1,2021-08-01,0.63756
M0,NZD1,2021-09-01,0.65154
M0,NZD1,2021-10-01,0.65092
M0,NZD1,2021-11-01,0.64708
M0,NZD1,2021-12-01,0.62512
M0,NZD1,2022-01-01,0.61981
M0,NZD1,2022-02-01,0.6157
M0,NZD1,2022-03-01,0.63815
M0,NZD1,2022-04-01,0.63928
M0,NZD1,2022-05-01,0.6274
M0,NZD1,2022-06-01,0.61565
M0,NZD1,2022-07-01,0.60063
M0,NZD1,2022-08-01,0.59962
M0,NZD1,2022-09-01,0.57777
M0,NZD1,2022-10-01,0.56614
M0,NZD1,2022-11-01,0.58513
M0,NZD1,2022-12-01,0.59208
M0,NZD1,2023-01-01,0.5913
M0,NZD1,2023-02-01,0.58216
M0,NZD1,2023-03-01,0.57444
M0,NZD1,2023-04-01,0.55697
M0,NZD1,2023-05-01,0.55788
M0,NZD1,2023-06-01,0.55226
M0,NZD1,2023-07-01,0.54412
M0,NZD1,2023-08-01,0.52617
M0,NZD1,2023-09-01,0.5326
M0,NZD1,2023-10-01,0.53332
M0,NZD1,2023-11-01,0.53409
M0,NZD1,2023-12-01,0.53796
M0,NZD1,2024-01-01,0.53002
M0,NZD1,2024-02-01,0.53695
M0,NZD1,2024-03-01,0.54028
M0,NZD1,2024-04-01,0.5424
M0,NZD1,2024-05-01,0.5517
M0,NZD1,2024-06-01,0.54843
M0,NZD1,2024-07-01,0.53837
M0,NZD1,2024-08-01,0.5217
M0,NZD1,2024-09-01,0.52716
M0,NZD1,2024-10-01,0.52375
M0,NZD1,2024-11-01,0.52062
M0,NZD1,2024-12-01,0.51296
M0,NZD1,2025-01-01,0.51208
M0,NZD1,2025-02-01,0.51338
M0,NZD1,2025-03-01,0.50581
M0,NZD1,2025-04-01,0.48727
M0,NZD1,2025-05-01,0.49242
M0,NZD1,2025-06-01,0.49033
M0,NZD1,2025-07-01,0.47869
M0,NZD1,2025-08-01,0.47573
M0,NZD1,2025-09-01,0.46888
M0,NZD1,2025-10-01,0.45956
M0,NZD1,2025-11-01,0.45456
M0,NZD1,2025-12-01,0.46092
M0,NZD1,2026-01-01,0.46168
M0,NZD1,2026-02-01,0.46444
M0,NZD1,2026-03-01,0.46013
M0,NZD1,2026-04-01,0.46055
M0,NZD1,2026-05-01,0.46239
M0,NZD1,2026-06-01,0.46211
M0,NZD1,2026-07-01,0.46811
M0,PLN100,1999-01-01,39.142
M0,PLN100,1999-02-01,37.6395
M0,PLN100,1999-03-01,37.1878
M0,PLN100,1999-04-01,37.553
M0,PLN100,1999-05-01,38.3684
M0,PLN100,1999-06-01,38.99
M0,PLN100,1999-07-01,39.9777
M0,PLN100,1999-08-01,38.1795
M0,PLN100,1999-09-01,37.3864
M0,PLN100,1999-10-01,36.1814
M0,PLN100,1999-11-01,36.5136
M0,PLN100,1999-12-01,38.0173
M0,PLN100,2000-01-01,38.659
M0,PLN100,2000-02-01,39.3719
M0,PLN100,2000-03-01,40.5983
M0,PLN100,2000-04-01,39.3133
M0,PLN100,2000-05-01,38.1714
M0,PLN100,2000-06-01,37.3225
M0,PLN100,2000-07-01,38.1705
M0,PLN100,2000-08-01,39.3332
M0,PLN100,2000-09-01,39.0529
M0,PLN100,2000-10-01,38.115
M0,PLN100,2000-11-01,38.9518
M0,PLN100,2000-12-01,38.9774
M0,PLN100,2001-01-01,39.5819
M0,PLN100,2001-02-01,40.711
M0,PLN100,2001-03-01,41.5214
M0,PLN100,2001-04-01,42.52
M0,PLN100,2001-05-01,43.9586
M0,PLN100,2001-06-01,44.883
M0,PLN100,2001-07-01,41.9923
M0,PLN100,2001-08-01,39.5591
M0,PLN100,2001-09-01,38.7905
M0,PLN100,2001-10-01,39.4748
M0,PLN100,2001-11-01,40.325
M0,PLN100,2001-12-01,41.0494
M0,PLN100,2002-01-01,41.0262
M0,PLN100,2002-02-01,40.5345
M0,PLN100,2002-03-01,40.4415
M0,PLN100,2002-04-01,40.7567
M0,PLN100,2002-05-01,39.2035
M0,PLN100,2002-06-01,38.2505
M0,PLN100,2002-07-01,35.7648
M0,PLN100,2002-08-01,35.8714
M0,PLN100,2002-09-01,35.9757
M0,PLN100,2002-10-01,36.2287
M0,PLN100,2002-11-01,37.0652
M0,PLN100,2002-12-01,36.7995
M0,PLN100,2003-01-01,35.8971
M0,PLN100,2003-02-01,35.2135
M0,PLN100,2003-03-01,33.8876
M0,PLN100,2003-04-01,34.732
M0,PLN100,2003-05-01,34.9885
M0,PLN100,2003-06-01,34.67
M0,PLN100,2003-07-01,34.8257
M0,PLN100,2003-08-01,35.245
M0,PLN100,2003-09-01,34.6509
M0,PLN100,2003-10-01,33.693
M0,PLN100,2003-11-01,33.7475
M0,PLN100,2003-12-01,33.3562
M0,PLN100,2004-01-01,33.2105
M0,PLN100,2004-02-01,32.396
M0,PLN100,2004-03-01,32.84
M0,PLN100,2004-04-01,32.6285
M0,PLN100,2004-05-01,32.5421
M0,PLN100,2004-06-01,33.0514
M0,PLN100,2004-07-01,34.1495
M0,PLN100,2004-08-01,34.6827
M0,PLN100,2004-09-01,35.2495
M0,PLN100,2004-10-01,35.6848
M0,PLN100,2004-11-01,35.7014
M0,PLN100,2004-12-01,37.0896
M0,PLN100,2005-01-01,37.8781
M0,PLN100,2005-02-01,38.865
M0,PLN100,2005-03-01,38.5986
M0,PLN100,2005-04-01,37.2281
M0,PLN100,2005-05-01,36.9275
M0,PLN100,2005-06-01,37.8759
M0,PLN100,2005-07-01,37.9919
M0,PLN100,2005-08-01,38.3668
M0,PLN100,2005-09-01,39.4695
M0,PLN100,2005-10-01,39.4757
M0,PLN100,2005-11-01,38.8955
M0,PLN100,2005-12-01,40.16
M0,PLN100,2006-01-01,40.5157
M0,PLN100,2006-02-01,41.0285
M0,PLN100,2006-03-01,40.4161
M0,PLN100,2006-04-01,40.1711
M0,PLN100,2006-05-01,39.9652
M0,PLN100,2006-06-01,38.7495
M0,PLN100,2006-07-01,39.2357
M0,PLN100,2006-08-01,40.4109
M0,PLN100,2006-09-01,39.8748
M0,PLN100,2006-10-01,40.7077
M0,PLN100,2006-11-01,41.5882
M0,PLN100,2006-12-01,41.8663
M0,PLN100,2007-01-01,41.6067
M0,PLN100,2007-02-01,41.6145
M0,PLN100,2007-03-01,41.4782
M0,PLN100,2007-04-01,42.8958
M0,PLN100,2007-05-01,43.6515
M0,PLN100,2007-06-01,43.4319
M0,PLN100,2007-07-01,43.9486
M0,PLN100,2007-08-01,42.9509
M0,PLN100,2007-09-01,43.4655
M0,PLN100,2007-10-01,45.0474
M0,PLN100,2007-11-01,45.0841
M0,PLN100,2007-12-01,46.0311
M0,PLN100,2008-01-01,44.8229
M0,PLN100,2008-02-01,44.9467
M0,PLN100,2008-03-01,44.3658
M0,PLN100,2008-04-01,46.2886
M0,PLN100,2008-05-01,47.6705
M0,PLN100,2008-06-01,47.7824
M0,PLN100,2008-07-01,49.6043
M0,PLN100,2008-08-01,49.1795
M0,PLN100,2008-09-01,47.2805
M0,PLN100,2008-10-01,42.6135
M0,PLN100,2008-11-01,40.649
M0,PLN100,2008-12-01,38.4257
M0,PLN100,2009-01-01,35.427
M0,PLN100,2009-02-01,32.0325
M0,PLN100,2009-03-01,32.5845
M0,PLN100,2009-04-01,34.1295
M0,PLN100,2009-05-01,34.2521
M0,PLN100,2009-06-01,33.5933
M0,PLN100,2009-07-01,35.3387
M0,PLN100,2009-08-01,36.8848
M0,PLN100,2009-09-01,36.3927
M0,PLN100,2009-10-01,35.9282
M0,PLN100,2009-11-01,36.2295
M0,PLN100,2009-12-01,36.2568
M0,PLN100,2010-01-01,36.2905
M0,PLN100,2010-02-01,36.543
M0,PLN100,2010-03-01,37.1896
M0,PLN100,2010-04-01,36.9915
M0,PLN100,2010-05-01,35.0232
M0,PLN100,2010-06-01,33.5718
M0,PLN100,2010-07-01,33.0155
M0,PLN100,2010-08-01,33.6718
M0,PLN100,2010-09-01,33.0691
M0,PLN100,2010-10-01,34.0381
M0,PLN100,2010-11-01,34.0259
M0,PLN100,2010-12-01,32.0365
M0,PLN100,2011-01-01,32.8481
M0,PLN100,2011-02-01,33.026
M0,PLN100,2011-03-01,32.0913
M0,PLN100,2011-04-01,32.6526
M0,PLN100,2011-05-01,31.8227
M0,PLN100,2011-06-01,30.445
M0,PLN100,2011-07-01,29.4919
M0,PLN100,2011-08-01,27.1709
M0,PLN100,2011-09-01,27.7077
M0,PLN100,2011-10-01,28.2424
M0,PLN100,2011-11-01,27.7877
M0,PLN100,2011-12-01,27.4273
M0,PLN100,2012-01-01,27.6691
M0,PLN100,2012-02-01,28.8562
M0,PLN100,2012-03-01,29.1541
M0,PLN100,2012-04-01,28.7852
M0,PLN100,2012-05-01,28.0148
M0,PLN100,2012-06-01,27.9157
M0,PLN100,2012-07-01,28.68
M0,PLN100,2012-08-01,29.347
M0,PLN100,2012-09-01,29.2355
M0,PLN100,2012-10-01,29.4457
M0,PLN100,2012-11-01,29.1591
M0,PLN100,2012-12-01,29.52
M0,PLN100,2013-01-01,29.6748
M0,PLN100,2013-02-01,29.4755
M0,PLN100,2013-03-01,29.5119
M0,PLN100,2013-04-01,29.4618
M0,PLN100,2013-05-01,29.6791
M0,PLN100,2013-06-01,28.784
M0,PLN100,2013-07-01,28.9122
M0,PLN100,2013-08-01,29.1668
M0,PLN100,2013-09-01,29.1286
M0,PLN100,2013-10-01,29.3813
M0,PLN100,2013-11-01,29.4033
M0,PLN100,2013-12-01,29.3395
M0,PLN100,2014-01-01,29.463
M0,PLN100,2014-02-01,29.2505
M0,PLN100,2014-03-01,28.9871
M0,PLN100,2014-04-01,29.1305
M0,PLN100,2014-05-01,29.1945
M0,PLN100,2014-06-01,29.4529
M0,PLN100,2014-07-01,29.3126
M0,PLN100,2014-08-01,28.9138
M0,PLN100,2014-09-01,28.8173
M0,PLN100,2014-10-01,28.7165
M0,PLN100,2014-11-01,28.5465
M0,PLN100,2014-12-01,28.4648
M0,PLN100,2015-01-01,25.775
M0,PLN100,2015-02-01,25.4235
M0,PLN100,2015-03-01,25.7023
M0,PLN100,2015-04-01,25.785
M0,PLN100,2015-05-01,25.4862
M0,PLN100,2015-06-01,25.105
M0,PLN100,2015-07-01,25.2443
M0,PLN100,2015-08-01,25.701
M0,PLN100,2015-09-01,25.8818
M0,PLN100,2015-10-01,25.605
M0,PLN100,2015-11-01,25.4848
M0,PLN100,2015-12-01,25.2574
M0,PLN100,2016-01-01,24.82
M0,PLN100,2016-02-01,25.0557
M0,PLN100,2016-03-01,25.4478
M0,PLN100,2016-04-01,25.3724
M0,PLN100,2016-05-01,25.0895
M0,PLN100,2016-06-01,24.7786
M0,PLN100,2016-07-01,24.7048
M0,PLN100,2016-08-01,25.2743
M0,PLN100,2016-09-01,25.2668
M0,PLN100,2016-10-01,25.2629
M0,PLN100,2016-11-01,24.5223
M0,PLN100,2016-12-01,24.2427
M0,PLN100,2017-01-01,24.5173
M0,PLN100,2017-02-01,24.7345
M0,PLN100,2017-03-01,24.9613
M0,PLN100,2017-04-01,25.2885
M0,PLN100,2017-05-01,25.9274
M0,PLN100,2017-06-01,25.83
M0,PLN100,2017-07-01,26.091
M0,PLN100,2017-08-01,26.7117
M0,PLN100,2017-09-01,26.8505
M0,PLN100,2017-10-01,27.0591
M0,PLN100,2017-11-01,27.5364
M0,PLN100,2017-12-01,27.7971
M0,PLN100,2018-01-01,28.1536
M0,PLN100,2018-02-01,27.708
M0,PLN100,2018-03-01,27.7477
M0,PLN100,2018-04-01,28.32322
M0,PLN100,2018-05-01,27.50724
M0,PLN100,2018-06-01,26.84383
M0,PLN100,2018-07-01,26.83988
M0,PLN100,2018-08-01,26.59927
M0,PLN100,2018-09-01,26.24427
M0,PLN100,2018-10-01,26.50748
M0,PLN100,2018-11-01,26.4335
M0,PLN100,2018-12-01,26.32943
M0,PLN100,2019-01-01,26.30421
M0,PLN100,2019-02-01,26.32435
M0,PLN100,2019-03-01,26.32191
M0,PLN100,2019-04-01,26.38761
M0,PLN100,2019-05-01,26.31042
M0,PLN100,2019-06-01,26.17883
M0,PLN100,2019-07-01,26.00613
M0,PLN100,2019-08-01,25.04583
M0,PLN100,2019-09-01,25.04754
M0,PLN100,2019-10-01,25.51566
M0,PLN100,2019-11-01,25.61498
M0,PLN100,2019-12-01,25.58311
M0,PLN100,2020-01-01,25.32432
M0,PLN100,2020-02-01,24.89281
M0,PLN100,2020-03-01,23.87084
M0,PLN100,2020-04-01,23.21129
M0,PLN100,2020-05-01,23.33323
M0,PLN100,2020-06-01,24.11807
M0,PLN100,2020-07-01,24.05507
M0,PLN100,2020-08-01,24.46304
M0,PLN100,2020-09-01,24.11155
M0,PLN100,2020-10-01,23.64597
M0,PLN100,2020-11-01,23.96187
M0,PLN100,2020-12-01,24.15173
M0,PLN100,2021-01-01,23.8027
M0,PLN100,2021-02-01,24.13525
M0,PLN100,2021-03-01,24.05762
M0,PLN100,2021-04-01,24.16934
M0,PLN100,2021-05-01,24.2087
M0,PLN100,2021-06-01,24.30604
M0,PLN100,2021-07-01,23.78405
M0,PLN100,2021-08-01,23.55002
M0,PLN100,2021-09-01,23.77532
M0,PLN100,2021-10-01,23.32327
M0,PLN100,2021-11-01,22.63431
M0,PLN100,2021-12-01,22.5478
M0,PLN100,2022-01-01,22.84826
M0,PLN100,2022-02-01,22.99345
M0,PLN100,2022-03-01,21.55273
M0,PLN100,2022-04-01,21.97446
M0,PLN100,2022-05-01,22.26913
M0,PLN100,2022-06-01,22.05405
M0,PLN100,2022-07-01,20.69005
M0,PLN100,2022-08-01,20.52874
M0,PLN100,2022-09-01,20.32739
M0,PLN100,2022-10-01,20.36972
M0,PLN100,2022-11-01,20.96683
M0,PLN100,2022-12-01,21.06493
M0,PLN100,2023-01-01,21.19802
M0,PLN100,2023-02-01,20.88237
M0,PLN100,2023-03-01,21.11561
M0,PLN100,2023-04-01,21.23988
M0,PLN100,2023-05-01,21.50253
M0,PLN100,2023-06-01,21.87033
M0,PLN100,2023-07-01,21.74485
M0,PLN100,2023-08-01,21.47783
M0,PLN100,2023-09-01,20.87711
M0,PLN100,2023-10-01,21.16628
M0,PLN100,2023-11-01,21.88145
M0,PLN100,2023-12-01,21.79434
M0,PLN100,2024-01-01,21.44783
M0,PLN100,2024-02-01,21.86062
M0,PLN100,2024-03-01,22.40791
M0,PLN100,2024-04-01,22.68381
M0,PLN100,2024-05-01,22.94823
M0,PLN100,2024-06-01,22.26512
M0,PLN100,2024-07-01,22.60184
M0,PLN100,2024-08-01,22.01625
M0,PLN100,2024-09-01,21.99999
M0,PLN100,2024-10-01,21.74647
M0,PLN100,2024-11-01,21.57432
M0,PLN100,2024-12-01,21.86461
M0,PLN100,2025-01-01,22.17575
M0,PLN100,2025-02-01,22.55001
M0,PLN100,2025-03-01,22.8318
M0,PLN100,2025-04-01,21.99663
M0,PLN100,2025-05-01,21.99494
M0,PLN100,2025-06-01,21.98641
M0,PLN100,2025-07-01,21.91656
M0,PLN100,2025-08-01,22.02424
M0,PLN100,2025-09-01,21.94901
M0,PLN100,2025-10-01,21.85281
M0,PLN100,2025-11-01,21.91476
M0,PLN100,2025-12-01,22.08736
M0,PLN100,2026-01-01,22.01307
M0,PLN100,2026-02-01,21.67345
M0,PLN100,2026-03-01,21.28167
M0,PLN100,2026-04-01,21.66613
M0,PLN100,2026-05-01,21.56953
M0,PLN100,2026-06-01,21.62046
M0,PLN100,2026-07-01,21.43088
M0,RUB1,1998-01-01,0.2447
M0,RUB1,1998-02-01,0.2419
M0,RUB1,1998-03-01,0.2448
M0,RUB1,1998-04-01,0.2457
M0,RUB1,1998-05-01,0.2404
M0,RUB1,1998-06-01,0.2408
M0,RUB1,1998-07-01,0.2425
M0,RUB1,1998-08-01,0.2093
M0,RUB1,1998-09-01,0.0988
M0,RUB1,1998-10-01,0.0832
M0,RUB1,1998-11-01,0.0809
M0,RUB1,1998-12-01,0.0659
M0,RUB1,1999-01-01,0.0603
M0,RUB1,1999-02-01,0.0615
M0,RUB1,1999-03-01,0.0606
M0,RUB1,1999-04-01,0.0589
M0,RUB1,1999-05-01,0.0609
M0,RUB1,1999-06-01,0.0627
M0,RUB1,1999-07-01,0.0635
M0,RUB1,1999-08-01,0.0605
M0,RUB1,1999-09-01,0.0594
M0,RUB1,1999-10-01,0.0573
M0,RUB1,1999-11-01,0.0586
M0,RUB1,1999-12-01,0.0586
M0,RUB1,2000-01-01,0.0559
M0,RUB1,2000-02-01,0.0567
M0,RUB1,2000-03-01,0.0583
M0,RUB1,2000-04-01,0.0579
M0,RUB1,2000-05-01,0.0604
M0,RUB1,2000-06-01,0.0578
M0,RUB1,2000-07-01,0.0592
M0,RUB1,2000-08-01,0.0616
M0,RUB1,2000-09-01,0.0628
M0,RUB1,2000-10-01,0.0634
M0,RUB1,2000-11-01,0.0638
M0,RUB1,2000-12-01,0.0601
M0,RUB1,2001-01-01,0.0573
M0,RUB1,2001-02-01,0.0582
M0,RUB1,2001-03-01,0.0588
M0,RUB1,2001-04-01,0.0592
M0,RUB1,2001-05-01,0.0603
M0,RUB1,2001-06-01,0.0611
M0,RUB1,2001-07-01,0.0602
M0,RUB1,2001-08-01,0.0572
M0,RUB1,2001-09-01,0.0556
M0,RUB1,2001-10-01,0.0552
M0,RUB1,2001-11-01,0.0553
M0,RUB1,2001-12-01,0.0546
M0,RUB1,2002-01-01,0.0545
M0,RUB1,2002-02-01,0.055
M0,RUB1,2002-03-01,0.0538
M0,RUB1,2002-04-01,0.053
M0,RUB1,2002-05-01,0.0507
M0,RUB1,2002-06-01,0.049
M0,RUB1,2002-07-01,0.0467
M0,RUB1,2002-08-01,0.0474
M0,RUB1,2002-09-01,0.0472
M0,RUB1,2002-10-01,0.047
M0,RUB1,2002-11-01,0.046
M0,RUB1,2002-12-01,0.0452
M0,RUB1,2003-01-01,0.0432
M0,RUB1,2003-02-01,0.043
M0,RUB1,2003-03-01,0.0432
M0,RUB1,2003-04-01,0.0441
M0,RUB1,2003-05-01,0.0423
M0,RUB1,2003-06-01,0.0433
M0,RUB1,2003-07-01,0.0448
M0,RUB1,2003-08-01,0.0455
M0,RUB1,2003-09-01,0.045
M0,RUB1,2003-10-01,0.0439
M0,RUB1,2003-11-01,0.0447
M0,RUB1,2003-12-01,0.043
M0,RUB1,2004-01-01,0.0431
M0,RUB1,2004-02-01,0.0436
M0,RUB1,2004-03-01,0.0447
M0,RUB1,2004-04-01,0.0451
M0,RUB1,2004-05-01,0.0442
M0,RUB1,2004-06-01,0.0431
M0,RUB1,2004-07-01,0.0428
M0,RUB1,2004-08-01,0.0432
M0,RUB1,2004-09-01,0.0432
M0,RUB1,2004-10-01,0.0425
M0,RUB1,2004-11-01,0.041
M0,RUB1,2004-12-01,0.041
M0,RUB1,2005-01-01,0.0421
M0,RUB1,2005-02-01,0.0426
M0,RUB1,2005-03-01,0.0424
M0,RUB1,2005-04-01,0.043
M0,RUB1,2005-05-01,0.0435
M0,RUB1,2005-06-01,0.0443
M0,RUB1,2005-07-01,0.0451
M0,RUB1,2005-08-01,0.0443
M0,RUB1,2005-09-01,0.0445
M0,RUB1,2005-10-01,0.0451
M0,RUB1,2005-11-01,0.0455
M0,RUB1,2005-12-01,0.0453
M0,RUB1,2006-01-01,0.0451
M0,RUB1,2006-02-01,0.0462
M0,RUB1,2006-03-01,0.0468
M0,RUB1,2006-04-01,0.0466
M0,RUB1,2006-05-01,0.045
M0,RUB1,2006-06-01,0.0456
M0,RUB1,2006-07-01,0.0459
M0,RUB1,2006-08-01,0.046
M0,RUB1,2006-09-01,0.0465
M0,RUB1,2006-10-01,0.0469
M0,RUB1,2006-11-01,0.0464
M0,RUB1,2006-12-01,0.0459
M0,RUB1,2007-01-01,0.0469
M0,RUB1,2007-02-01,0.0471
M0,RUB1,2007-03-01,0.0467
M0,RUB1,2007-04-01,0.0469
M0,RUB1,2007-05-01,0.0473
M0,RUB1,2007-06-01,0.0476
M0,RUB1,2007-07-01,0.0473
M0,RUB1,2007-08-01,0.0469
M0,RUB1,2007-09-01,0.0468
M0,RUB1,2007-10-01,0.0472
M0,RUB1,2007-11-01,0.0459
M0,RUB1,2007-12-01,0.0463
M0,RUB1,2008-01-01,0.045
M0,RUB1,2008-02-01,0.0445
M0,RUB1,2008-03-01,0.0426
M0,RUB1,2008-04-01,0.043
M0,RUB1,2008-05-01,0.044
M0,RUB1,2008-06-01,0.0439
M0,RUB1,2008-07-01,0.0439
M0,RUB1,2008-08-01,0.0447
M0,RUB1,2008-09-01,0.0439
M0,RUB1,2008-10-01,0.0432
M0,RUB1,2008-11-01,0.0435
M0,RUB1,2008-12-01,0.0407
M0,RUB1,2009-01-01,0.0354
M0,RUB1,2009-02-01,0.0325
M0,RUB1,2009-03-01,0.0334
M0,RUB1,2009-04-01,0.0342
M0,RUB1,2009-05-01,0.0347
M0,RUB1,2009-06-01,0.0347
M0,RUB1,2009-07-01,0.0343
M0,RUB1,2009-08-01,0.0338
M0,RUB1,2009-09-01,0.0338
M0,RUB1,2009-10-01,0.0347
M0,RUB1,2009-11-01,0.035
M0,RUB1,2009-12-01,0.0342
M0,RUB1,2010-01-01,0.0346
M0,RUB1,2010-02-01,0.0355
M0,RUB1,2010-03-01,0.0361
M0,RUB1,2010-04-01,0.0366
M0,RUB1,2010-05-01,0.0371
M0,RUB1,2010-06-01,0.0361
M0,RUB1,2010-07-01,0.0344
M0,RUB1,2010-08-01,0.0342
M0,RUB1,2010-09-01,0.0326
M0,RUB1,2010-10-01,0.0319
M0,RUB1,2010-11-01,0.0317
M0,RUB1,2010-12-01,0.0314
M0,RUB1,2011-01-01,0.0317
M0,RUB1,2011-02-01,0.0325
M0,RUB1,2011-03-01,0.0324
M0,RUB1,2011-04-01,0.032
M0,RUB1,2011-05-01,0.0313
M0,RUB1,2011-06-01,0.03
M0,RUB1,2011-07-01,0.0295
M0,RUB1,2011-08-01,0.0271
M0,RUB1,2011-09-01,0.0284
M0,RUB1,2011-10-01,0.0287
M0,RUB1,2011-11-01,0.0294
M0,RUB1,2011-12-01,0.0296
M0,RUB1,2012-01-01,0.0299
M0,RUB1,2012-02-01,0.0306
M0,RUB1,2012-03-01,0.0311
M0,RUB1,2012-04-01,0.031
M0,RUB1,2012-05-01,0.0304
M0,RUB1,2012-06-01,0.0291
M0,RUB1,2012-07-01,0.03
M0,RUB1,2012-08-01,0.0303
M0,RUB1,2012-09-01,0.0299
M0,RUB1,2012-10-01,0.03
M0,RUB1,2012-11-01,0.0299
M0,RUB1,2012-12-01,0.03
M0,RUB1,2013-01-01,0.0306
M0,RUB1,2013-02-01,0.0305
M0,RUB1,2013-03-01,0.0307
M0,RUB1,2013-04-01,0.0299
M0,RUB1,2013-05-01,0.0305
M0,RUB1,2013-06-01,0.0289
M0,RUB1,2013-07-01,0.0289
M0,RUB1,2013-08-01,0.0281
M0,RUB1,2013-09-01,0.0283
M0,RUB1,2013-10-01,0.0281
M0,RUB1,2013-11-01,0.0279
M0,RUB1,2013-12-01,0.0272
M0,RUB1,2014-01-01,0.0268
M0,RUB1,2014-02-01,0.0254
M0,RUB1,2014-03-01,0.0244
M0,RUB1,2014-04-01,0.0247
M0,RUB1,2014-05-01,0.0255
M0,RUB1,2014-06-01,0.026
M0,RUB1,2014-07-01,0.0258
M0,RUB1,2014-08-01,0.0252
M0,RUB1,2014-09-01,0.0246
M0,RUB1,2014-10-01,0.0233
M0,RUB1,2014-11-01,0.0209
M0,RUB1,2014-12-01,0.0174
M0,RUB1,2015-01-01,0.0147
M0,RUB1,2015-02-01,0.0146
M0,RUB1,2015-03-01,0.0163
M0,RUB1,2015-04-01,0.0182
M0,RUB1,2015-05-01,0.0184
M0,RUB1,2015-06-01,0.0171
M0,RUB1,2015-07-01,0.0166
M0,RUB1,2015-08-01,0.0147
M0,RUB1,2015-09-01,0.0146
M0,RUB1,2015-10-01,0.0153
M0,RUB1,2015-11-01,0.0155
M0,RUB1,2015-12-01,0.0142
M0,RUB1,2016-01-01,0.0131
M0,RUB1,2016-02-01,0.0129
M0,RUB1,2016-03-01,0.014
M0,RUB1,2016-04-01,0.0145
M0,RUB1,2016-05-01,0.0149
M0,RUB1,2016-06-01,0.0149
M0,RUB1,2016-07-01,0.0153
M0,RUB1,2016-08-01,0.0149
M0,RUB1,2016-09-01,0.0151
M0,RUB1,2016-10-01,0.0158
M0,RUB1,2016-11-01,0.0155
M0,RUB1,2016-12-01,0.0165
M0,RUB1,2017-01-01,0.0169
M0,RUB1,2017-02-01,0.0172
M0,RUB1,2017-03-01,0.0173
M0,RUB1,2017-04-01,0.0177
M0,RUB1,2017-05-01,0.0173
M0,RUB1,2017-06-01,0.0167
M0,RUB1,2017-07-01,0.0161
M0,RUB1,2017-08-01,0.0162
M0,RUB1,2017-09-01,0.0167
M0,RUB1,2017-10-01,0.017
M0,RUB1,2017-11-01,0.0168
M0,RUB1,2017-12-01,0.0169
M0,RUB1,2018-01-01,0.017
M0,RUB1,2018-02-01,0.0165
M0,RUB1,2018-03-01,0.0166
M0,RUB1,2018-04-01,0.01592
M0,RUB1,2018-05-01,0.01599
M0,RUB1,2018-06-01,0.01576
M0,RUB1,2018-07-01,0.01583
M0,RUB1,2018-08-01,0.014880000000000001
M0,RUB1,2018-09-01,0.01431
M0,RUB1,2018-10-01,0.01509
M0,RUB1,2018-11-01,0.01507
M0,RUB1,2018-12-01,0.01476
M0,RUB1,2019-01-01,0.01482
M0,RUB1,2019-02-01,0.01521
M0,RUB1,2019-03-01,0.01537
M0,RUB1,2019-04-01,0.01557
M0,RUB1,2019-05-01,0.01557
M0,RUB1,2019-06-01,0.01543
M0,RUB1,2019-07-01,0.01561
M0,RUB1,2019-08-01,0.01487
M0,RUB1,2019-09-01,0.01525
M0,RUB1,2019-10-01,0.01544
M0,RUB1,2019-11-01,0.01555
M0,RUB1,2019-12-01,0.01562
M0,RUB1,2020-01-01,0.01567
M0,RUB1,2020-02-01,0.01522
M0,RUB1,2020-03-01,0.01293
M0,RUB1,2020-04-01,0.01291
M0,RUB1,2020-05-01,0.01332
M0,RUB1,2020-06-01,0.01374
M0,RUB1,2020-07-01,0.01308
M0,RUB1,2020-08-01,0.01233
M0,RUB1,2020-09-01,0.01204
M0,RUB1,2020-10-01,0.01175
M0,RUB1,2020-11-01,0.01185
M0,RUB1,2020-12-01,0.01198
M0,RUB1,2021-01-01,0.01192
M0,RUB1,2021-02-01,0.012070000000000001
M0,RUB1,2021-03-01,0.01248
M0,RUB1,2021-04-01,0.01211
M0,RUB1,2021-05-01,0.0122
M0,RUB1,2021-06-01,0.01251
M0,RUB1,2021-07-01,0.01242
M0,RUB1,2021-08-01,0.01243
M0,RUB1,2021-09-01,0.01265
M0,RUB1,2021-10-01,0.01294
M0,RUB1,2021-11-01,0.01266
M0,RUB1,2021-12-01,0.01248
M0,RUB1,2022-01-01,0.01202
M0,RUB1,2022-02-01,0.01183
M0,RUB1,2022-03-01,0.00872
M0,RUB1,2022-04-01,0.01191
M0,RUB1,2022-05-01,0.01523
M0,RUB1,2022-06-01,0.01703
M0,RUB1,2022-07-01,0.01642
M0,RUB1,2022-08-01,0.01576
M0,RUB1,2022-09-01,0.0162
M0,RUB1,2022-10-01,0.01614
M0,RUB1,2022-11-01,0.01584
M0,RUB1,2022-12-01,0.01415
M0,RUB1,2023-01-01,0.01328
M0,RUB1,2023-02-01,0.01261
M0,RUB1,2023-03-01,0.01213
M0,RUB1,2023-04-01,0.01107
M0,RUB1,2023-05-01,0.01136
M0,RUB1,2023-06-01,0.01078
M0,RUB1,2023-07-01,0.00966
M0,RUB1,2023-08-01,0.00919
M0,RUB1,2023-09-01,0.00929
M0,RUB1,2023-10-01,0.00934
M0,RUB1,2023-11-01,0.00987
M0,RUB1,2023-12-01,0.00952
M0,RUB1,2024-01-01,0.00963
M0,RUB1,2024-02-01,0.00955
M0,RUB1,2024-03-01,0.00968
M0,RUB1,2024-04-01,0.00977
M0,RUB1,2024-05-01,0.01002
M0,RUB1,2024-06-01,0.01019
M0,RUB1,2024-07-01,0.01021
M0,RUB1,2024-08-01,0.00958
M0,RUB1,2024-09-01,0.00926
M0,RUB1,2024-10-01,0.00892
M0,RUB1,2024-11-01,0.00872
M0,RUB1,2024-12-01,0.00861
M0,RUB1,2025-01-01,0.00895
M0,RUB1,2025-02-01,0.00982
M0,RUB1,2025-03-01,0.01029
M0,RUB1,2025-04-01,0.01003
M0,RUB1,2025-05-01,0.01028
M0,RUB1,2025-06-01,0.01033
M0,RUB1,2025-07-01,0.01011
M0,RUB1,2025-08-01,0.01006
M0,RUB1,2025-09-01,0.00962
M0,RUB1,2025-10-01,0.00988
M0,RUB1,2025-11-01,0.01002
M0,RUB1,2025-12-01,0.01016
M0,RUB1,2026-01-01,0.01013
M0,RUB1,2026-02-01,0.01005
M0,RUB1,2026-03-01,0.00978
M0,RUB1,2026-04-01,0.01031
M0,RUB1,2026-05-01,0.01077
M0,RUB1,2026-06-01,0.01085
M0,RUB1,2026-07-01,0.0104
M0,SEK100,1952-03-01,84.442
M0,SEK100,1952-04-01,84.459
M0,SEK100,1952-05-01,84.475
M0,SEK100,1952-06-01,84.475
M0,SEK100,1952-07-01,84.475
M0,SEK100,1952-08-01,84.475
M0,SEK100,1952-09-01,84.477
M0,SEK100,1952-10-01,84.475
M0,SEK100,1952-11-01,84.475
M0,SEK100,1952-12-01,84.465
M0,SEK100,1953-01-01,84.45
M0,SEK100,1953-02-01,84.45
M0,SEK100,1953-03-01,84.45
M0,SEK100,1953-04-01,84.192
M0,SEK100,1953-05-01,84.216
M0,SEK100,1953-06-01,84.058
M0,SEK100,1953-07-01,83.918
M0,SEK100,1953-08-01,84.121
M0,SEK100,1953-09-01,84.222
M0,SEK100,1953-10-01,84.379
M0,SEK100,1953-11-01,84.468
M0,SEK100,1953-12-01,84.368
M0,SEK100,1954-01-01,84.23
M0,SEK100,1954-02-01,84.035
M0,SEK100,1954-03-01,83.984
M0,SEK100,1954-04-01,83.972
M0,SEK100,1954-05-01,84.067
M0,SEK100,1954-06-01,84.26
M0,SEK100,1954-07-01,84.026
M0,SEK100,1954-08-01,84.043
M0,SEK100,1954-09-01,84.136
M0,SEK100,1954-10-01,84.11
M0,SEK100,1954-11-01,84.112
M0,SEK100,1954-12-01,84.214
M0,SEK100,1955-01-01,84.372
M0,SEK100,1955-02-01,84.367
M0,SEK100,1955-03-01,84.359
M0,SEK100,1955-04-01,84.403
M0,SEK100,1955-05-01,84.347
M0,SEK100,1955-06-01,84.491
M0,SEK100,1955-07-01,84.408
M0,SEK100,1955-08-01,84.523
M0,SEK100,1955-09-01,84.507
M0,SEK100,1955-10-01,84.588
M0,SEK100,1955-11-01,84.373
M0,SEK100,1955-12-01,84.352
M0,SEK100,1956-01-01,84.239
M0,SEK100,1956-02-01,84.23
M0,SEK100,1956-03-01,84.236
M0,SEK100,1956-04-01,84.307
M0,SEK100,1956-05-01,84.316
M0,SEK100,1956-06-01,84.291
M0,SEK100,1956-07-01,84.489
M0,SEK100,1956-08-01,84.529
M0,SEK100,1956-09-01,84.631
M0,SEK100,1956-10-01,84.548
M0,SEK100,1956-11-01,84.753
M0,SEK100,1956-12-01,84.726
M0,SEK100,1957-01-01,84.61
M0,SEK100,1957-02-01,84.64
M0,SEK100,1957-03-01,84.692
M0,SEK100,1957-04-01,84.61
M0,SEK100,1957-05-01,84.685
M0,SEK100,1957-06-01,84.596
M0,SEK100,1957-07-01,84.409
M0,SEK100,1957-08-01,84.275
M0,SEK100,1957-09-01,84.236
M0,SEK100,1957-10-01,84.601
M0,SEK100,1957-11-01,84.6
M0,SEK100,1957-12-01,84.654
M0,SEK100,1958-01-01,84.536
M0,SEK100,1958-02-01,84.537
M0,SEK100,1958-03-01,84.496
M0,SEK100,1958-04-01,84.391
M0,SEK100,1958-05-01,84.431
M0,SEK100,1958-06-01,84.527
M0,SEK100,1958-07-01,84.525
M0,SEK100,1958-08-01,84.583
M0,SEK100,1958-09-01,84.339
M0,SEK100,1958-10-01,84.296
M0,SEK100,1958-11-01,84.474
M0,SEK100,1958-12-01,84.171
M0,SEK100,1959-01-01,83.341
M0,SEK100,1959-02-01,83.363
M0,SEK100,1959-03-01,83.543
M0,SEK100,1959-04-01,83.552
M0,SEK100,1959-05-01,83.538
M0,SEK100,1959-06-01,83.32
M0,SEK100,1959-07-01,83.296
M0,SEK100,1959-08-01,83.374
M0,SEK100,1959-09-01,83.571
M0,SEK100,1959-10-01,83.833
M0,SEK100,1959-11-01,83.792
M0,SEK100,1959-12-01,83.467
M0,SEK100,1960-01-01,83.5
M0,SEK100,1960-02-01,83.757
M0,SEK100,1960-03-01,83.744
M0,SEK100,1960-04-01,83.977
M0,SEK100,1960-05-01,83.632
M0,SEK100,1960-06-01,83.56
M0,SEK100,1960-07-01,83.533
M0,SEK100,1960-08-01,83.579
M0,SEK100,1960-09-01,83.462
M0,SEK100,1960-10-01,83.421
M0,SEK100,1960-11-01,83.375
M0,SEK100,1960-12-01,83.233
M0,SEK100,1961-01-01,83.279
M0,SEK100,1961-02-01,83.561
M0,SEK100,1961-03-01,83.628
M0,SEK100,1961-04-01,83.692
M0,SEK100,1961-05-01,83.876
M0,SEK100,1961-06-01,83.657
M0,SEK100,1961-07-01,83.531
M0,SEK100,1961-08-01,83.601
M0,SEK100,1961-09-01,83.422
M0,SEK100,1961-10-01,83.647
M0,SEK100,1961-11-01,83.614
M0,SEK100,1961-12-01,83.475
M0,SEK100,1962-01-01,83.53
M0,SEK100,1962-02-01,83.869
M0,SEK100,1962-03-01,84.209
M0,SEK100,1962-04-01,84.384
M0,SEK100,1962-05-01,84.109
M0,SEK100,1962-06-01,83.866
M0,SEK100,1962-07-01,83.868
M0,SEK100,1962-08-01,83.972
M0,SEK100,1962-09-01,83.91
M0,SEK100,1962-10-01,83.876
M0,SEK100,1962-11-01,83.562
M0,SEK100,1962-12-01,83.202
M0,SEK100,1963-01-01,83.517
M0,SEK100,1963-02-01,83.418
M0,SEK100,1963-03-01,83.377
M0,SEK100,1963-04-01,83.328
M0,SEK100,1963-05-01,83.303
M0,SEK100,1963-06-01,83.383
M0,SEK100,1963-07-01,83.451
M0,SEK100,1963-08-01,83.16
M0,SEK100,1963-09-01,83.14
M0,SEK100,1963-10-01,83.069
M0,SEK100,1963-11-01,83.124
M0,SEK100,1963-12-01,83.069
M0,SEK100,1964-01-01,83.174
M0,SEK100,1964-02-01,83.414
M0,SEK100,1964-03-01,84.047
M0,SEK100,1964-04-01,84.042
M0,SEK100,1964-05-01,83.99
M0,SEK100,1964-06-01,84.004
M0,SEK100,1964-07-01,84.006
M0,SEK100,1964-08-01,84.092
M0,SEK100,1964-09-01,84.064
M0,SEK100,1964-10-01,83.64
M0,SEK100,1964-11-01,83.671
M0,SEK100,1964-12-01,83.864
M0,SEK100,1965-01-01,84.068
M0,SEK100,1965-02-01,84.257
M0,SEK100,1965-03-01,84.546
M0,SEK100,1965-04-01,84.418
M0,SEK100,1965-05-01,84.356
M0,SEK100,1965-06-01,83.917
M0,SEK100,1965-07-01,83.686
M0,SEK100,1965-08-01,83.46
M0,SEK100,1965-09-01,83.532
M0,SEK100,1965-10-01,83.489
M0,SEK100,1965-11-01,83.48
M0,SEK100,1965-12-01,83.427
M0,SEK100,1966-01-01,83.689
M0,SEK100,1966-02-01,83.816
M0,SEK100,1966-03-01,84.099
M0,SEK100,1966-04-01,83.896
M0,SEK100,1966-05-01,83.723
M0,SEK100,1966-06-01,83.65
M0,SEK100,1966-07-01,83.54
M0,SEK100,1966-08-01,83.748
M0,SEK100,1966-09-01,83.714
M0,SEK100,1966-10-01,83.792
M0,SEK100,1966-11-01,83.542
M0,SEK100,1966-12-01,83.547
M0,SEK100,1967-01-01,83.73
M0,SEK100,1967-02-01,83.91
M0,SEK100,1967-03-01,83.905
M0,SEK100,1967-04-01,83.878
M0,SEK100,1967-05-01,83.719
M0,SEK100,1967-06-01,83.793
M0,SEK100,1967-07-01,83.913
M0,SEK100,1967-08-01,84.1
M0,SEK100,1967-09-01,84.148
M0,SEK100,1967-10-01,83.969
M0,SEK100,1967-11-01,83.498
M0,SEK100,1967-12-01,83.502
M0,SEK100,1968-01-01,84.128
M0,SEK100,1968-02-01,84.189
M0,SEK100,1968-03-01,83.844
M0,SEK100,1968-04-01,83.871
M0,SEK100,1968-05-01,83.661
M0,SEK100,1968-06-01,83.281
M0,SEK100,1968-07-01,83.156
M0,SEK100,1968-08-01,83.387
M0,SEK100,1968-09-01,83.296
M0,SEK100,1968-10-01,83.081
M0,SEK100,1968-11-01,83.087
M0,SEK100,1968-12-01,83.076
M0,SEK100,1969-01-01,83.541
M0,SEK100,1969-02-01,83.484
M0,SEK100,1969-03-01,83.135
M0,SEK100,1969-04-01,83.627
M0,SEK100,1969-05-01,83.634
M0,SEK100,1969-06-01,83.363
M0,SEK100,1969-07-01,83.35
M0,SEK100,1969-08-01,83.297
M0,SEK100,1969-09-01,83.081
M0,SEK100,1969-10-01,83.329
M0,SEK100,1969-11-01,83.711
M0,SEK100,1969-12-01,83.375
M0,SEK100,1970-01-01,83.488
M0,SEK100,1970-02-01,83.0053
M0,SEK100,1970-03-01,82.8855
M0,SEK100,1970-04-01,82.7395
M0,SEK100,1970-05-01,82.8972
M0,SEK100,1970-06-01,83.1073
M0,SEK100,1970-07-01,82.9843
M0,SEK100,1970-08-01,83.0481
M0,SEK100,1970-09-01,82.7886
M0,SEK100,1970-10-01,83.4909
M0,SEK100,1970-11-01,83.4552
M0,SEK100,1970-12-01,83.3833
M0,SEK100,1971-01-01,83.3735
M0,SEK100,1971-02-01,83.066
M0,SEK100,1971-03-01,83.2874
M0,SEK100,1971-04-01,83.26
M0,SEK100,1971-05-01,79.6788
M0,SEK100,1971-06-01,79.2605
M0,SEK100,1971-07-01,79.3386
M0,SEK100,1971-08-01,78.5182
M0,SEK100,1971-09-01,78.5518
M0,SEK100,1971-10-01,79.141
M0,SEK100,1971-11-01,79.5718
M0,SEK100,1971-12-01,79.7541
M0,SEK100,1972-01-01,80.639
M0,SEK100,1972-02-01,80.4767
M0,SEK100,1972-03-01,80.6964
M0,SEK100,1972-04-01,80.6226
M0,SEK100,1972-05-01,81.195
M0,SEK100,1972-06-01,80.5938
M0,SEK100,1972-07-01,79.5671
M0,SEK100,1972-08-01,79.9936
M0,SEK100,1972-09-01,80.0638
M0,SEK100,1972-10-01,80.0214
M0,SEK100,1972-11-01,80
M0,SEK100,1972-12-01,79.4926
M0,SEK100,1973-01-01,78.6524
M0,SEK100,1973-02-01,75.1316
M0,SEK100,1973-03-01,72.395
M0,SEK100,1973-04-01,71.79
M0,SEK100,1973-05-01,71.5129
M0,SEK100,1973-06-01,72.389
M0,SEK100,1973-07-01,69.65
M0,SEK100,1973-08-01,71.4441
M0,SEK100,1973-09-01,71.648
M0,SEK100,1973-10-01,72.3887
M0,SEK100,1973-11-01,72.8
M0,SEK100,1973-12-01,70.5882
M0,SEK100,1974-01-01,70.0476
M0,SEK100,1974-02-01,67.7765
M0,SEK100,1974-03-01,67.4424
M0,SEK100,1974-04-01,68.648
M0,SEK100,1974-05-01,68.0143
M0,SEK100,1974-06-01,68.4237
M0,SEK100,1974-07-01,67.7196
M0,SEK100,1974-08-01,67.4095
M0,SEK100,1974-09-01,66.9571
M0,SEK100,1974-10-01,65.9652
M0,SEK100,1974-11-01,63.7657
M0,SEK100,1974-12-01,62.4083
M0,SEK100,1975-01-01,62.4595
M0,SEK100,1975-02-01,62.195
M0,SEK100,1975-03-01,63.0842
M0,SEK100,1975-04-01,64.3477
M0,SEK100,1975-05-01,63.6658
M0,SEK100,1975-06-01,63.6952
M0,SEK100,1975-07-01,63.3717
M0,SEK100,1975-08-01,62.12
M0,SEK100,1975-09-01,60.9636
M0,SEK100,1975-10-01,60.6435
M0,SEK100,1975-11-01,60.4565
M0,SEK100,1975-12-01,59.7881
M0,SEK100,1976-01-01,59.46
M0,SEK100,1976-02-01,58.7175
M0,SEK100,1976-03-01,58.2457
M0,SEK100,1976-04-01,57.4395
M0,SEK100,1976-05-01,56.395
M0,SEK100,1976-06-01,55.5286
M0,SEK100,1976-07-01,55.5977
M0,SEK100,1976-08-01,56.2068
M0,SEK100,1976-09-01,56.8364
M0,SEK100,1976-10-01,57.4929
M0,SEK100,1976-11-01,57.8886
M0,SEK100,1976-12-01,58.8674
M0,SEK100,1977-01-01,59.1095
M0,SEK100,1977-02-01,59.3
M0,SEK100,1977-03-01,60.5478
M0,SEK100,1977-04-01,58.1316
M0,SEK100,1977-05-01,57.875
M0,SEK100,1977-06-01,56.325
M0,SEK100,1977-07-01,55.4238
M0,SEK100,1977-08-01,54.0273
M0,SEK100,1977-09-01,48.925
M0,SEK100,1977-10-01,47.4643
M0,SEK100,1977-11-01,45.8545
M0,SEK100,1977-12-01,43.7048
M0,SEK100,1978-01-01,42.5695
M0,SEK100,1978-02-01,41.015
M0,SEK100,1978-03-01,41.0952
M0,SEK100,1978-04-01,41.3225
M0,SEK100,1978-05-01,42.1475
M0,SEK100,1978-06-01,40.8477
M0,SEK100,1978-07-01,39.681
M0,SEK100,1978-08-01,37.4727
M0,SEK100,1978-09-01,35.5286
M0,SEK100,1978-10-01,35.7909
M0,SEK100,1978-11-01,38.2114
M0,SEK100,1978-12-01,38.2447
M0,SEK100,1979-01-01,38.4333
M0,SEK100,1979-02-01,38.325
M0,SEK100,1979-03-01,38.4568
M0,SEK100,1979-04-01,39.0237
M0,SEK100,1979-05-01,39.269
M0,SEK100,1979-06-01,39.124
M0,SEK100,1979-07-01,38.9841
M0,SEK100,1979-08-01,39.2091
M0,SEK100,1979-09-01,38.5275
M0,SEK100,1979-10-01,38.5957
M0,SEK100,1979-11-01,38.9568
M0,SEK100,1979-12-01,38.2294
M0,SEK100,1980-01-01,38.3952
M0,SEK100,1980-02-01,39.2238
M0,SEK100,1980-03-01,40.4905
M0,SEK100,1980-04-01,40.13
M0,SEK100,1980-05-01,39.4289
M0,SEK100,1980-06-01,39.1738
M0,SEK100,1980-07-01,38.8913
M0,SEK100,1980-08-01,39.5125
M0,SEK100,1980-09-01,39.4159
M0,SEK100,1980-10-01,39.5587
M0,SEK100,1980-11-01,40.0775
M0,SEK100,1980-12-01,40.4619
M0,SEK100,1981-01-01,40.8975
M0,SEK100,1981-02-01,42.28
M0,SEK100,1981-03-01,41.7068
M0,SEK100,1981-04-01,41.975
M0,SEK100,1981-05-01,42.1211
M0,SEK100,1981-06-01,40.9952
M0,SEK100,1981-07-01,40.4022
M0,SEK100,1981-08-01,40.8548
M0,SEK100,1981-09-01,37.4705
M0,SEK100,1981-10-01,34.0114
M0,SEK100,1981-11-01,32.5214
M0,SEK100,1981-12-01,32.7114
M0,SEK100,1982-01-01,32.795
M0,SEK100,1982-02-01,32.8025
M0,SEK100,1982-03-01,32.3304
M0,SEK100,1982-04-01,33.1025
M0,SEK100,1982-05-01,33.6447
M0,SEK100,1982-06-01,34.4527
M0,SEK100,1982-07-01,34.25
M0,SEK100,1982-08-01,34.3068
M0,SEK100,1982-09-01,34.2977
M0,SEK100,1982-10-01,30.4952
M0,SEK100,1982-11-01,29.2227
M0,SEK100,1982-12-01,27.8457
M0,SEK100,1983-01-01,26.8548
M0,SEK100,1983-02-01,27.0775
M0,SEK100,1983-03-01,27.5348
M0,SEK100,1983-04-01,27.4053
M0,SEK100,1983-05-01,27.455
M0,SEK100,1983-06-01,27.6318
M0,SEK100,1983-07-01,27.5
M0,SEK100,1983-08-01,27.4818
M0,SEK100,1983-09-01,27.4432
M0,SEK100,1983-10-01,27.0833
M0,SEK100,1983-11-01,27.3864
M0,SEK100,1983-12-01,27.2119
M0,SEK100,1984-01-01,27.3414
M0,SEK100,1984-02-01,27.5524
M0,SEK100,1984-03-01,27.7495
M0,SEK100,1984-04-01,27.9068
M0,SEK100,1984-05-01,28.0467
M0,SEK100,1984-06-01,28.1595
M0,SEK100,1984-07-01,28.9677
M0,SEK100,1984-08-01,28.9105
M0,SEK100,1984-09-01,29.1355
M0,SEK100,1984-10-01,29.0509
M0,SEK100,1984-11-01,28.7064
M0,SEK100,1984-12-01,28.8965
M0,SEK100,1985-01-01,29.3029
M0,SEK100,1985-02-01,30.0105
M0,SEK100,1985-03-01,29.8138
M0,SEK100,1985-04-01,28.8225
M0,SEK100,1985-05-01,29.0905
M0,SEK100,1985-06-01,29.0275
M0,SEK100,1985-07-01,28.4591
M0,SEK100,1985-08-01,27.5667
M0,SEK100,1985-09-01,27.8052
M0,SEK100,1985-10-01,27.2296
M0,SEK100,1985-11-01,27.2605
M0,SEK100,1985-12-01,27.394
M0,SEK100,1986-01-01,27.2138
M0,SEK100,1986-02-01,26.418
M0,SEK100,1986-03-01,26.3421
M0,SEK100,1986-04-01,26.2732
M0,SEK100,1986-05-01,25.9153
M0,SEK100,1986-06-01,25.539
M0,SEK100,1986-07-01,24.7091
M0,SEK100,1986-08-01,23.9705
M0,SEK100,1986-09-01,23.9105
M0,SEK100,1986-10-01,23.8409
M0,SEK100,1986-11-01,24.2065
M0,SEK100,1986-12-01,24.1219
M0,SEK100,1987-01-01,23.5665
M0,SEK100,1987-02-01,23.694
M0,SEK100,1987-03-01,23.95
M0,SEK100,1987-04-01,23.6675
M0,SEK100,1987-05-01,23.4589
M0,SEK100,1987-06-01,23.7733
M0,SEK100,1987-07-01,23.837
M0,SEK100,1987-08-01,23.691
M0,SEK100,1987-09-01,23.5368
M0,SEK100,1987-10-01,23.5373
M0,SEK100,1987-11-01,22.7586
M0,SEK100,1987-12-01,22.3786
M0,SEK100,1988-01-01,22.5225
M0,SEK100,1988-02-01,22.9852
M0,SEK100,1988-03-01,23.3017
M0,SEK100,1988-04-01,23.4889
M0,SEK100,1988-05-01,23.8775
M0,SEK100,1988-06-01,23.9527
M0,SEK100,1988-07-01,24.1348
M0,SEK100,1988-08-01,24.4368
M0,SEK100,1988-09-01,24.4605
M0,SEK100,1988-10-01,24.5538
M0,SEK100,1988-11-01,24.1036
M0,SEK100,1988-12-01,24.2962
M0,SEK100,1989-01-01,24.8814
M0,SEK100,1989-02-01,24.923
M0,SEK100,1989-03-01,25.1557
M0,SEK100,1989-04-01,25.8485
M0,SEK100,1989-05-01,26.29
M0,SEK100,1989-06-01,25.5741
M0,SEK100,1989-07-01,25.2014
M0,SEK100,1989-08-01,25.385
M0,SEK100,1989-09-01,25.5352
M0,SEK100,1989-10-01,25.2845
M0,SEK100,1989-11-01,25.1814
M0,SEK100,1989-12-01,24.9105
M0,SEK100,1990-01-01,24.5462
M0,SEK100,1990-02-01,24.3055
M0,SEK100,1990-03-01,24.5191
M0,SEK100,1990-04-01,24.3047
M0,SEK100,1990-05-01,23.4324
M0,SEK100,1990-06-01,23.38
M0,SEK100,1990-07-01,23.3977
M0,SEK100,1990-08-01,22.6441
M0,SEK100,1990-09-01,22.648
M0,SEK100,1990-10-01,22.6961
M0,SEK100,1990-11-01,22.5809
M0,SEK100,1990-12-01,22.73
M0,SEK100,1991-01-01,22.5548
M0,SEK100,1991-02-01,22.86
M0,SEK100,1991-03-01,23.5105
M0,SEK100,1991-04-01,23.5329
M0,SEK100,1991-05-01,23.647
M0,SEK100,1991-06-01,23.793
M0,SEK100,1991-07-01,23.937
M0,SEK100,1991-08-01,23.9914
M0,SEK100,1991-09-01,24.0129
M0,SEK100,1991-10-01,24.0065
M0,SEK100,1991-11-01,24.2086
M0,SEK100,1991-12-01,24.2065
M0,SEK100,1992-01-01,24.3895
M0,SEK100,1992-02-01,24.755
M0,SEK100,1992-03-01,25.0218
M0,SEK100,1992-04-01,25.405
M0,SEK100,1992-05-01,25.5242
M0,SEK100,1992-06-01,25.0881
M0,SEK100,1992-07-01,24.6657
M0,SEK100,1992-08-01,24.5819
M0,SEK100,1992-09-01,23.8318
M0,SEK100,1992-10-01,23.5005
M0,SEK100,1992-11-01,23.0071
M0,SEK100,1992-12-01,20.6177
M0,SEK100,1993-01-01,20.3545
M0,SEK100,1993-02-01,20.15
M0,SEK100,1993-03-01,19.64
M0,SEK100,1993-04-01,19.594
M0,SEK100,1993-05-01,19.7526
M0,SEK100,1993-06-01,19.8136
M0,SEK100,1993-07-01,19.0468
M0,SEK100,1993-08-01,18.5905
M0,SEK100,1993-09-01,17.7064
M0,SEK100,1993-10-01,17.9514
M0,SEK100,1993-11-01,18.1018
M0,SEK100,1993-12-01,17.5196
M0,SEK100,1994-01-01,18.08
M0,SEK100,1994-02-01,18.2465
M0,SEK100,1994-03-01,18.0604
M0,SEK100,1994-04-01,18.2389
M0,SEK100,1994-05-01,18.2985
M0,SEK100,1994-06-01,17.6118
M0,SEK100,1994-07-01,17.0667
M0,SEK100,1994-08-01,17.0182
M0,SEK100,1994-09-01,17.1309
M0,SEK100,1994-10-01,17.409
M0,SEK100,1994-11-01,17.5973
M0,SEK100,1994-12-01,17.6586
M0,SEK100,1995-01-01,17.2233
M0,SEK100,1995-02-01,17.1965
M0,SEK100,1995-03-01,16.1117
M0,SEK100,1995-04-01,15.4433
M0,SEK100,1995-05-01,15.9805
M0,SEK100,1995-06-01,15.9324
M0,SEK100,1995-07-01,16.0838
M0,SEK100,1995-08-01,16.5455
M0,SEK100,1995-09-01,16.6538
M0,SEK100,1995-10-01,16.7482
M0,SEK100,1995-11-01,17.2936
M0,SEK100,1995-12-01,17.5363
M0,SEK100,1996-01-01,17.5267
M0,SEK100,1996-02-01,17.3495
M0,SEK100,1996-03-01,17.7505
M0,SEK100,1996-04-01,18.125
M0,SEK100,1996-05-01,18.4229
M0,SEK100,1996-06-01,18.795
M0,SEK100,1996-07-01,18.5609
M0,SEK100,1996-08-01,18.1481
M0,SEK100,1996-09-01,18.519
M0,SEK100,1996-10-01,19.0391
M0,SEK100,1996-11-01,19.2233
M0,SEK100,1996-12-01,19.434
M0,SEK100,1997-01-01,19.7052
M0,SEK100,1997-02-01,19.6085
M0,SEK100,1997-03-01,19.12
M0,SEK100,1997-04-01,18.9955
M0,SEK100,1997-05-01,18.636
M0,SEK100,1997-06-01,18.6019
M0,SEK100,1997-07-01,18.9413
M0,SEK100,1997-08-01,18.93
M0,SEK100,1997-09-01,19.1086
M0,SEK100,1997-10-01,19.1665
M0,SEK100,1997-11-01,18.596
M0,SEK100,1997-12-01,18.4671
M0,SEK100,1998-01-01,18.391
M0,SEK100,1998-02-01,18.114
M0,SEK100,1998-03-01,18.6518
M0,SEK100,1998-04-01,19.2335
M0,SEK100,1998-05-01,19.2035
M0,SEK100,1998-06-01,18.8833
M0,SEK100,1998-07-01,18.9365
M0,SEK100,1998-08-01,18.3771
M0,SEK100,1998-09-01,17.7405
M0,SEK100,1998-10-01,17.0395
M0,SEK100,1998-11-01,17.3033
M0,SEK100,1998-12-01,16.8586
M0,SEK100,1999-01-01,17.6655
M0,SEK100,1999-02-01,17.925
M0,SEK100,1999-03-01,17.8178
M0,SEK100,1999-04-01,17.9625
M0,SEK100,1999-05-01,17.8542
M0,SEK100,1999-06-01,18.0509
M0,SEK100,1999-07-01,18.3291
M0,SEK100,1999-08-01,18.2636
M0,SEK100,1999-09-01,18.5391
M0,SEK100,1999-10-01,18.2462
M0,SEK100,1999-11-01,18.5805
M0,SEK100,1999-12-01,18.6295
M0,SEK100,2000-01-01,18.7119
M0,SEK100,2000-02-01,18.8671
M0,SEK100,2000-03-01,19.103
M0,SEK100,2000-04-01,19.025
M0,SEK100,2000-05-01,18.8809
M0,SEK100,2000-06-01,18.7555
M0,SEK100,2000-07-01,18.4352
M0,SEK100,2000-08-01,18.4732
M0,SEK100,2000-09-01,18.181
M0,SEK100,2000-10-01,17.7427
M0,SEK100,2000-11-01,17.6264
M0,SEK100,2000-12-01,17.4653
M0,SEK100,2001-01-01,17.1767
M0,SEK100,2001-02-01,17.1045
M0,SEK100,2001-03-01,16.8123
M0,SEK100,2001-04-01,16.7737
M0,SEK100,2001-05-01,16.9252
M0,SEK100,2001-06-01,16.536
M0,SEK100,2001-07-01,16.3423
M0,SEK100,2001-08-01,16.2623
M0,SEK100,2001-09-01,15.4205
M0,SEK100,2001-10-01,15.4465
M0,SEK100,2001-11-01,15.5759
M0,SEK100,2001-12-01,15.6161
M0,SEK100,2002-01-01,15.9614
M0,SEK100,2002-02-01,16.0795
M0,SEK100,2002-03-01,16.1995
M0,SEK100,2002-04-01,16.0495
M0,SEK100,2002-05-01,15.795
M0,SEK100,2002-06-01,16.1385
M0,SEK100,2002-07-01,15.7717
M0,SEK100,2002-08-01,15.829
M0,SEK100,2002-09-01,15.9752
M0,SEK100,2002-10-01,16.0848
M0,SEK100,2002-11-01,16.1524
M0,SEK100,2002-12-01,16.1295
M0,SEK100,2003-01-01,15.9343
M0,SEK100,2003-02-01,16.0285
M0,SEK100,2003-03-01,15.9252
M0,SEK100,2003-04-01,16.3265
M0,SEK100,2003-05-01,16.5365
M0,SEK100,2003-06-01,16.892
M0,SEK100,2003-07-01,16.8191
M0,SEK100,2003-08-01,16.674
M0,SEK100,2003-09-01,17.0441
M0,SEK100,2003-10-01,17.1787
M0,SEK100,2003-11-01,17.325
M0,SEK100,2003-12-01,17.2281
M0,SEK100,2004-01-01,17.1255
M0,SEK100,2004-02-01,17.133
M0,SEK100,2004-03-01,16.9596
M0,SEK100,2004-04-01,16.9475
M0,SEK100,2004-05-01,16.8679
M0,SEK100,2004-06-01,16.6005
M0,SEK100,2004-07-01,16.5914
M0,SEK100,2004-08-01,16.7264
M0,SEK100,2004-09-01,16.96
M0,SEK100,2004-10-01,17.0229
M0,SEK100,2004-11-01,16.9014
M0,SEK100,2004-12-01,17.0935
M0,SEK100,2005-01-01,17.0738
M0,SEK100,2005-02-01,17.056
M0,SEK100,2005-03-01,17.0367
M0,SEK100,2005-04-01,16.8762
M0,SEK100,2005-05-01,16.798
M0,SEK100,2005-06-01,16.6059
M0,SEK100,2005-07-01,16.5243
M0,SEK100,2005-08-01,16.6182
M0,SEK100,2005-09-01,16.5855
M0,SEK100,2005-10-01,16.4319
M0,SEK100,2005-11-01,16.1468
M0,SEK100,2005-12-01,16.4029
M0,SEK100,2006-01-01,16.6305
M0,SEK100,2006-02-01,16.6705
M0,SEK100,2006-03-01,16.6926
M0,SEK100,2006-04-01,16.8711
M0,SEK100,2006-05-01,16.6705
M0,SEK100,2006-06-01,16.8862
M0,SEK100,2006-07-01,17.0162
M0,SEK100,2006-08-01,17.1273
M0,SEK100,2006-09-01,17.0805
M0,SEK100,2006-10-01,17.1718
M0,SEK100,2006-11-01,17.4873
M0,SEK100,2006-12-01,17.6568
M0,SEK100,2007-01-01,17.7838
M0,SEK100,2007-02-01,17.6455
M0,SEK100,2007-03-01,17.3332
M0,SEK100,2007-04-01,17.7111
M0,SEK100,2007-05-01,17.9245
M0,SEK100,2007-06-01,17.7281
M0,SEK100,2007-07-01,18.0377
M0,SEK100,2007-08-01,17.56
M0,SEK100,2007-09-01,17.731
M0,SEK100,2007-10-01,18.1996
M0,SEK100,2007-11-01,17.7445
M0,SEK100,2007-12-01,17.5837
M0,SEK100,2008-01-01,17.1571
M0,SEK100,2008-02-01,17.1729
M0,SEK100,2008-03-01,16.6984
M0,SEK100,2008-04-01,17.0127
M0,SEK100,2008-05-01,17.4295
M0,SEK100,2008-06-01,17.2143
M0,SEK100,2008-07-01,17.1035
M0,SEK100,2008-08-01,17.2455
M0,SEK100,2008-09-01,16.6677
M0,SEK100,2008-10-01,15.4452
M0,SEK100,2008-11-01,14.956
M0,SEK100,2008-12-01,14.2871
M0,SEK100,2009-01-01,13.935
M0,SEK100,2009-02-01,13.6705
M0,SEK100,2009-03-01,13.4805
M0,SEK100,2009-04-01,13.919
M0,SEK100,2009-05-01,14.2737
M0,SEK100,2009-06-01,13.8995
M0,SEK100,2009-07-01,14.0239
M0,SEK100,2009-08-01,14.9124
M0,SEK100,2009-09-01,14.8409
M0,SEK100,2009-10-01,14.6809
M0,SEK100,2009-11-01,14.6148
M0,SEK100,2009-12-01,14.4205
M0,SEK100,2010-01-01,14.4825
M0,SEK100,2010-02-01,14.7395
M0,SEK100,2010-03-01,14.8839
M0,SEK100,2010-04-01,14.826
M0,SEK100,2010-05-01,14.6737
M0,SEK100,2010-06-01,14.3836
M0,SEK100,2010-07-01,14.1723
M0,SEK100,2010-08-01,14.2436
M0,SEK100,2010-09-01,14.175
M0,SEK100,2010-10-01,14.5057
M0,SEK100,2010-11-01,14.4286
M0,SEK100,2010-12-01,14.1265
M0,SEK100,2011-01-01,14.32
M0,SEK100,2011-02-01,14.7355
M0,SEK100,2011-03-01,14.4887
M0,SEK100,2011-04-01,14.4521
M0,SEK100,2011-05-01,13.9959
M0,SEK100,2011-06-01,13.259
M0,SEK100,2011-07-01,12.8914
M0,SEK100,2011-08-01,12.2274
M0,SEK100,2011-09-01,13.1473
M0,SEK100,2011-10-01,13.4905
M0,SEK100,2011-11-01,13.4741
M0,SEK100,2011-12-01,13.6068
M0,SEK100,2012-01-01,13.6855
M0,SEK100,2012-02-01,13.6833
M0,SEK100,2012-03-01,13.5723
M0,SEK100,2012-04-01,13.5681
M0,SEK100,2012-05-01,13.3557
M0,SEK100,2012-06-01,13.5276
M0,SEK100,2012-07-01,14.0441
M0,SEK100,2012-08-01,14.4961
M0,SEK100,2012-09-01,14.2185
M0,SEK100,2012-10-01,14.0517
M0,SEK100,2012-11-01,13.9986
M0,SEK100,2012-12-01,13.9743
M0,SEK100,2013-01-01,14.2378
M0,SEK100,2013-02-01,14.4525
M0,SEK100,2013-03-01,14.6938
M0,SEK100,2013-04-01,14.4532
M0,SEK100,2013-05-01,14.4665
M0,SEK100,2013-06-01,14.208
M0,SEK100,2013-07-01,14.2813
M0,SEK100,2013-08-01,14.1791
M0,SEK100,2013-09-01,14.2229
M0,SEK100,2013-10-01,14.0739
M0,SEK100,2013-11-01,13.8624
M0,SEK100,2013-12-01,13.6627
M0,SEK100,2014-01-01,13.9222
M0,SEK100,2014-02-01,13.7675
M0,SEK100,2014-03-01,13.7319
M0,SEK100,2014-04-01,13.4836
M0,SEK100,2014-05-01,13.5195
M0,SEK100,2014-06-01,13.4038
M0,SEK100,2014-07-01,13.1583
M0,SEK100,2014-08-01,13.189
M0,SEK100,2014-09-01,13.1327
M0,SEK100,2014-10-01,13.1578
M0,SEK100,2014-11-01,13.016
M0,SEK100,2014-12-01,12.7835
M0,SEK100,2015-01-01,11.7118
M0,SEK100,2015-02-01,11.1955
M0,SEK100,2015-03-01,11.485
M0,SEK100,2015-04-01,11.1318
M0,SEK100,2015-05-01,11.1805
M0,SEK100,2015-06-01,11.2655
M0,SEK100,2015-07-01,11.1783
M0,SEK100,2015-08-01,11.3314
M0,SEK100,2015-09-01,11.6186
M0,SEK100,2015-10-01,11.6423
M0,SEK100,2015-11-01,11.6286
M0,SEK100,2015-12-01,11.7196
M0,SEK100,2016-01-01,11.7752
M0,SEK100,2016-02-01,11.7205
M0,SEK100,2016-03-01,11.7652
M0,SEK100,2016-04-01,11.8748
M0,SEK100,2016-05-01,11.8982
M0,SEK100,2016-06-01,11.6823
M0,SEK100,2016-07-01,11.4705
M0,SEK100,2016-08-01,11.4596
M0,SEK100,2016-09-01,11.4168
M0,SEK100,2016-10-01,11.2214
M0,SEK100,2016-11-01,10.925
M0,SEK100,2016-12-01,11.0741
M0,SEK100,2017-01-01,11.2655
M0,SEK100,2017-02-01,11.2525
M0,SEK100,2017-03-01,11.2365
M0,SEK100,2017-04-01,11.178
M0,SEK100,2017-05-01,11.2309
M0,SEK100,2017-06-01,11.1491
M0,SEK100,2017-07-01,11.53
M0,SEK100,2017-08-01,11.9322
M0,SEK100,2017-09-01,12.03
M0,SEK100,2017-10-01,12.0068
M0,SEK100,2017-11-01,11.8264
M0,SEK100,2017-12-01,11.7629
M0,SEK100,2018-01-01,11.9317
M0,SEK100,2018-02-01,11.6225
M0,SEK100,2018-03-01,11.4909
M0,SEK100,2018-04-01,11.45645
M0,SEK100,2018-05-01,11.38375
M0,SEK100,2018-06-01,11.24077
M0,SEK100,2018-07-01,11.27253
M0,SEK100,2018-08-01,10.8971
M0,SEK100,2018-09-01,10.80495
M0,SEK100,2018-10-01,10.99274
M0,SEK100,2018-11-01,11.04743
M0,SEK100,2018-12-01,10.99179
M0,SEK100,2019-01-01,10.9987
M0,SEK100,2019-02-01,10.82993
M0,SEK100,2019-03-01,10.77495
M0,SEK100,2019-04-01,10.79728
M0,SEK100,2019-05-01,10.52733
M0,SEK100,2019-06-01,10.51128
M0,SEK100,2019-07-01,10.48997
M0,SEK100,2019-08-01,10.14683
M0,SEK100,2019-09-01,10.19374
M0,SEK100,2019-10-01,10.16586
M0,SEK100,2019-11-01,10.30513
M0,SEK100,2019-12-01,10.42864
M0,SEK100,2020-01-01,10.19394
M0,SEK100,2020-02-01,10.07556
M0,SEK100,2020-03-01,9.75557
M0,SEK100,2020-04-01,9.68887
M0,SEK100,2020-05-01,9.96007
M0,SEK100,2020-06-01,10.22319
M0,SEK100,2020-07-01,10.33778
M0,SEK100,2020-08-01,10.44616
M0,SEK100,2020-09-01,10.34543
M0,SEK100,2020-10-01,10.32666
M0,SEK100,2020-11-01,10.5348
M0,SEK100,2020-12-01,10.62872
M0,SEK100,2021-01-01,10.69221
M0,SEK100,2021-02-01,10.76438
M0,SEK100,2021-03-01,10.87807
M0,SEK100,2021-04-01,10.85842
M0,SEK100,2021-05-01,10.81189
M0,SEK100,2021-06-01,10.81675
M0,SEK100,2021-07-01,10.64391
M0,SEK100,2021-08-01,10.53222
M0,SEK100,2021-09-01,10.67276
M0,SEK100,2021-10-01,10.64842
M0,SEK100,2021-11-01,10.47546
M0,SEK100,2021-12-01,10.13557
M0,SEK100,2022-01-01,10.05149
M0,SEK100,2022-02-01,9.92367
M0,SEK100,2022-03-01,9.7168
M0,SEK100,2022-04-01,9.90104
M0,SEK100,2022-05-01,9.87572
M0,SEK100,2022-06-01,9.66685
M0,SEK100,2022-07-01,9.33381
M0,SEK100,2022-08-01,9.21974
M0,SEK100,2022-09-01,8.94482
M0,SEK100,2022-10-01,8.94175
M0,SEK100,2022-11-01,9.04706
M0,SEK100,2022-12-01,8.98384
M0,SEK100,2023-01-01,8.89424
M0,SEK100,2023-02-01,8.86279
M0,SEK100,2023-03-01,8.82636
M0,SEK100,2023-04-01,8.68226
M0,SEK100,2023-05-01,8.58591
M0,SEK100,2023-06-01,8.36268
M0,SEK100,2023-07-01,8.30282
M0,SEK100,2023-08-01,8.1092
M0,SEK100,2023-09-01,8.10249
M0,SEK100,2023-10-01,8.20288
M0,SEK100,2023-11-01,8.33915
M0,SEK100,2023-12-01,8.4252300000000009
M0,SEK100,2024-01-01,8.29486
M0,SEK100,2024-02-01,8.40986
M0,SEK100,2024-03-01,8.54012
M0,SEK100,2024-04-01,8.4224
M0,SEK100,2024-05-01,8.45885
M0,SEK100,2024-06-01,8.52495
M0,SEK100,2024-07-01,8.39229
M0,SEK100,2024-08-01,8.25208
M0,SEK100,2024-09-01,8.28394
M0,SEK100,2024-10-01,8.23001
M0,SEK100,2024-11-01,8.07525
M0,SEK100,2024-12-01,8.1154
M0,SEK100,2025-01-01,8.2002
M0,SEK100,2025-02-01,8.36523
M0,SEK100,2025-03-01,8.708
M0,SEK100,2025-04-01,8.55182
M0,SEK100,2025-05-01,8.59568
M0,SEK100,2025-06-01,8.5199
M0,SEK100,2025-07-01,8.32884
M0,SEK100,2025-08-01,8.41276
M0,SEK100,2025-09-01,8.49996
M0,SEK100,2025-10-01,8.46117
M0,SEK100,2025-11-01,8.45338
M0,SEK100,2025-12-01,8.56667
M0,SEK100,2026-01-01,8.68205
M0,SEK100,2026-02-01,8.60235
M0,SEK100,2026-03-01,8.44483
M0,SEK100,2026-04-01,8.49915
M0,SEK100,2026-05-01,8.42272
M0,SEK100,2026-06-01,8.40545
M0,SEK100,2026-07-01,8.37448
M0,SGD1,1999-01-01,0.8236
M0,SGD1,1999-02-01,0.8391
M0,SGD1,1999-03-01,0.8474
M0,SGD1,1999-04-01,0.8749
M0,SGD1,1999-05-01,0.88
M0,SGD1,1999-06-01,0.8982
M0,SGD1,1999-07-01,0.9145
M0,SGD1,1999-08-01,0.8991
M0,SGD1,1999-09-01,0.8992
M0,SGD1,1999-10-01,0.8884
M0,SGD1,1999-11-01,0.9284
M0,SGD1,1999-12-01,0.9452
M0,SGD1,2000-01-01,0.9464
M0,SGD1,2000-02-01,0.9591
M0,SGD1,2000-03-01,0.9681
M0,SGD1,2000-04-01,0.9707
M0,SGD1,2000-05-01,0.9928
M0,SGD1,2000-06-01,0.95
M0,SGD1,2000-07-01,0.947
M0,SGD1,2000-08-01,0.9971
M0,SGD1,2000-09-01,1.0091
M0,SGD1,2000-10-01,1.0094
M0,SGD1,2000-11-01,1.0165
M0,SGD1,2000-12-01,0.9709
M0,SGD1,2001-01-01,0.9373
M0,SGD1,2001-02-01,0.9555
M0,SGD1,2001-03-01,0.9525
M0,SGD1,2001-04-01,0.9445
M0,SGD1,2001-05-01,0.9655
M0,SGD1,2001-06-01,0.9815
M0,SGD1,2001-07-01,0.9651
M0,SGD1,2001-08-01,0.9543
M0,SGD1,2001-09-01,0.9371
M0,SGD1,2001-10-01,0.9023
M0,SGD1,2001-11-01,0.9019
M0,SGD1,2001-12-01,0.8981
M0,SGD1,2002-01-01,0.9072
M0,SGD1,2002-02-01,0.9269
M0,SGD1,2002-03-01,0.9159
M0,SGD1,2002-04-01,0.905
M0,SGD1,2002-05-01,0.882
M0,SGD1,2002-06-01,0.8641
M0,SGD1,2002-07-01,0.8404
M0,SGD1,2002-08-01,0.8528
M0,SGD1,2002-09-01,0.8459
M0,SGD1,2002-10-01,0.836
M0,SGD1,2002-11-01,0.8303
M0,SGD1,2002-12-01,0.8214
M0,SGD1,2003-01-01,0.7928
M0,SGD1,2003-02-01,0.7801
M0,SGD1,2003-03-01,0.775
M0,SGD1,2003-04-01,0.775
M0,SGD1,2003-05-01,0.7553
M0,SGD1,2003-06-01,0.76
M0,SGD1,2003-07-01,0.7747
M0,SGD1,2003-08-01,0.788
M0,SGD1,2003-09-01,0.7894
M0,SGD1,2003-10-01,0.7624
M0,SGD1,2003-11-01,0.7698
M0,SGD1,2003-12-01,0.7399
M0,SGD1,2004-01-01,0.7311
M0,SGD1,2004-02-01,0.7373
M0,SGD1,2004-03-01,0.7509
M0,SGD1,2004-04-01,0.7692
M0,SGD1,2004-05-01,0.7499
M0,SGD1,2004-06-01,0.7303
M0,SGD1,2004-07-01,0.7266
M0,SGD1,2004-08-01,0.7363
M0,SGD1,2004-09-01,0.7445
M0,SGD1,2004-10-01,0.7361
M0,SGD1,2004-11-01,0.7102
M0,SGD1,2004-12-01,0.6976
M0,SGD1,2005-01-01,0.7184
M0,SGD1,2005-02-01,0.7262
M0,SGD1,2005-03-01,0.7189
M0,SGD1,2005-04-01,0.7228
M0,SGD1,2005-05-01,0.7371
M0,SGD1,2005-06-01,0.756
M0,SGD1,2005-07-01,0.7679
M0,SGD1,2005-08-01,0.7591
M0,SGD1,2005-09-01,0.7515
M0,SGD1,2005-10-01,0.7614
M0,SGD1,2005-11-01,0.7711
M0,SGD1,2005-12-01,0.7789
M0,SGD1,2006-01-01,0.783
M0,SGD1,2006-02-01,0.8003
M0,SGD1,2006-03-01,0.8043
M0,SGD1,2006-04-01,0.8012
M0,SGD1,2006-05-01,0.7731
M0,SGD1,2006-06-01,0.7745
M0,SGD1,2006-07-01,0.7806
M0,SGD1,2006-08-01,0.7811
M0,SGD1,2006-09-01,0.7872
M0,SGD1,2006-10-01,0.798
M0,SGD1,2006-11-01,0.7935
M0,SGD1,2006-12-01,0.7839
M0,SGD1,2007-01-01,0.8088
M0,SGD1,2007-02-01,0.8085
M0,SGD1,2007-03-01,0.7987
M0,SGD1,2007-04-01,0.7994
M0,SGD1,2007-05-01,0.8015
M0,SGD1,2007-06-01,0.8023
M0,SGD1,2007-07-01,0.7965
M0,SGD1,2007-08-01,0.7896
M0,SGD1,2007-09-01,0.7841
M0,SGD1,2007-10-01,0.8008
M0,SGD1,2007-11-01,0.7763
M0,SGD1,2007-12-01,0.7858
M0,SGD1,2008-01-01,0.7692
M0,SGD1,2008-02-01,0.7726
M0,SGD1,2008-03-01,0.7304
M0,SGD1,2008-04-01,0.7419
M0,SGD1,2008-05-01,0.7632
M0,SGD1,2008-06-01,0.7579
M0,SGD1,2008-07-01,0.7547
M0,SGD1,2008-08-01,0.7709
M0,SGD1,2008-09-01,0.7756
M0,SGD1,2008-10-01,0.7731
M0,SGD1,2008-11-01,0.7888
M0,SGD1,2008-12-01,0.7734
M0,SGD1,2009-01-01,0.7558
M0,SGD1,2009-02-01,0.7673
M0,SGD1,2009-03-01,0.7542
M0,SGD1,2009-04-01,0.7634
M0,SGD1,2009-05-01,0.7583
M0,SGD1,2009-06-01,0.7439
M0,SGD1,2009-07-01,0.7444
M0,SGD1,2009-08-01,0.7408
M0,SGD1,2009-09-01,0.7307
M0,SGD1,2009-10-01,0.7304
M0,SGD1,2009-11-01,0.7285
M0,SGD1,2009-12-01,0.7364
M0,SGD1,2010-01-01,0.7399
M0,SGD1,2010-02-01,0.7585
M0,SGD1,2010-03-01,0.7618
M0,SGD1,2010-04-01,0.7736
M0,SGD1,2010-05-01,0.8094
M0,SGD1,2010-06-01,0.8062
M0,SGD1,2010-07-01,0.7655
M0,SGD1,2010-08-01,0.7668
M0,SGD1,2010-09-01,0.7503
M0,SGD1,2010-10-01,0.7426
M0,SGD1,2010-11-01,0.7571
M0,SGD1,2010-12-01,0.741
M0,SGD1,2011-01-01,0.7431
M0,SGD1,2011-02-01,0.7437
M0,SGD1,2011-03-01,0.725
M0,SGD1,2011-04-01,0.7198
M0,SGD1,2011-05-01,0.7054
M0,SGD1,2011-06-01,0.6805
M0,SGD1,2011-07-01,0.6772
M0,SGD1,2011-08-01,0.6459
M0,SGD1,2011-09-01,0.6976
M0,SGD1,2011-10-01,0.7026
M0,SGD1,2011-11-01,0.7042
M0,SGD1,2011-12-01,0.719
M0,SGD1,2012-01-01,0.7327
M0,SGD1,2012-02-01,0.7274
M0,SGD1,2012-03-01,0.7252
M0,SGD1,2012-04-01,0.7299
M0,SGD1,2012-05-01,0.7431
M0,SGD1,2012-06-01,0.7494
M0,SGD1,2012-07-01,0.7743
M0,SGD1,2012-08-01,0.7758
M0,SGD1,2012-09-01,0.7633
M0,SGD1,2012-10-01,0.762
M0,SGD1,2012-11-01,0.7677
M0,SGD1,2012-12-01,0.7549
M0,SGD1,2013-01-01,0.7524
M0,SGD1,2013-02-01,0.743
M0,SGD1,2013-03-01,0.759
M0,SGD1,2013-04-01,0.7575
M0,SGD1,2013-05-01,0.7649
M0,SGD1,2013-06-01,0.7415
M0,SGD1,2013-07-01,0.7452
M0,SGD1,2013-08-01,0.728
M0,SGD1,2013-09-01,0.7315
M0,SGD1,2013-10-01,0.7257
M0,SGD1,2013-11-01,0.7315
M0,SGD1,2013-12-01,0.71
M0,SGD1,2014-01-01,0.7098
M0,SGD1,2014-02-01,0.7062
M0,SGD1,2014-03-01,0.6952
M0,SGD1,2014-04-01,0.7031
M0,SGD1,2014-05-01,0.7094
M0,SGD1,2014-06-01,0.7159
M0,SGD1,2014-07-01,0.7217
M0,SGD1,2014-08-01,0.7288
M0,SGD1,2014-09-01,0.7406
M0,SGD1,2014-10-01,0.7473
M0,SGD1,2014-11-01,0.7437
M0,SGD1,2014-12-01,0.7418
M0,SGD1,2015-01-01,0.7081
M0,SGD1,2015-02-01,0.69
M0,SGD1,2015-03-01,0.7114
M0,SGD1,2015-04-01,0.7128
M0,SGD1,2015-05-01,0.6981
M0,SGD1,2015-06-01,0.6924
M0,SGD1,2015-07-01,0.7
M0,SGD1,2015-08-01,0.6923
M0,SGD1,2015-09-01,0.6868
M0,SGD1,2015-10-01,0.6912
M0,SGD1,2015-11-01,0.7135
M0,SGD1,2015-12-01,0.7068
M0,SGD1,2016-01-01,0.7019
M0,SGD1,2016-02-01,0.7067
M0,SGD1,2016-03-01,0.7156
M0,SGD1,2016-04-01,0.714
M0,SGD1,2016-05-01,0.7135
M0,SGD1,2016-06-01,0.7162
M0,SGD1,2016-07-01,0.7269
M0,SGD1,2016-08-01,0.7202
M0,SGD1,2016-09-01,0.7163
M0,SGD1,2016-10-01,0.7131
M0,SGD1,2016-11-01,0.7061
M0,SGD1,2016-12-01,0.7098
M0,SGD1,2017-01-01,0.7055
M0,SGD1,2017-02-01,0.708
M0,SGD1,2017-03-01,0.713
M0,SGD1,2017-04-01,0.7157
M0,SGD1,2017-05-01,0.7073
M0,SGD1,2017-06-01,0.6997
M0,SGD1,2017-07-01,0.7001
M0,SGD1,2017-08-01,0.7088
M0,SGD1,2017-09-01,0.7127
M0,SGD1,2017-10-01,0.7217
M0,SGD1,2017-11-01,0.7316
M0,SGD1,2017-12-01,0.7329
M0,SGD1,2018-01-01,0.7273
M0,SGD1,2018-02-01,0.7081
M0,SGD1,2018-03-01,0.7202
M0,SGD1,2018-04-01,0.73544
M0,SGD1,2018-05-01,0.74462
M0,SGD1,2018-06-01,0.73432
M0,SGD1,2018-07-01,0.72964
M0,SGD1,2018-08-01,0.72194
M0,SGD1,2018-09-01,0.7059
M0,SGD1,2018-10-01,0.72007
M0,SGD1,2018-11-01,0.7278
M0,SGD1,2018-12-01,0.7243
M0,SGD1,2019-01-01,0.7294
M0,SGD1,2019-02-01,0.73977
M0,SGD1,2019-03-01,0.73896
M0,SGD1,2019-04-01,0.74233
M0,SGD1,2019-05-01,0.73728
M0,SGD1,2019-06-01,0.72564
M0,SGD1,2019-07-01,0.72547
M0,SGD1,2019-08-01,0.70644
M0,SGD1,2019-09-01,0.71773
M0,SGD1,2019-10-01,0.72468
M0,SGD1,2019-11-01,0.72933
M0,SGD1,2019-12-01,0.72472
M0,SGD1,2020-01-01,0.71778
M0,SGD1,2020-02-01,0.70233
M0,SGD1,2020-03-01,0.67567
M0,SGD1,2020-04-01,0.68165
M0,SGD1,2020-05-01,0.68419
M0,SGD1,2020-06-01,0.68276
M0,SGD1,2020-07-01,0.67334
M0,SGD1,2020-08-01,0.66465
M0,SGD1,2020-09-01,0.66964
M0,SGD1,2020-10-01,0.67142
M0,SGD1,2020-11-01,0.67618
M0,SGD1,2020-12-01,0.66687
M0,SGD1,2021-01-01,0.6687
M0,SGD1,2021-02-01,0.67603
M0,SGD1,2021-03-01,0.69227
M0,SGD1,2021-04-01,0.69067
M0,SGD1,2021-05-01,0.67893
M0,SGD1,2021-06-01,0.68088
M0,SGD1,2021-07-01,0.67758
M0,SGD1,2021-08-01,0.67467
M0,SGD1,2021-09-01,0.68449
M0,SGD1,2021-10-01,0.6836
M0,SGD1,2021-11-01,0.67931
M0,SGD1,2021-12-01,0.67564
M0,SGD1,2022-01-01,0.68021
M0,SGD1,2022-02-01,0.68504
M0,SGD1,2022-03-01,0.68398
M0,SGD1,2022-04-01,0.69102
M0,SGD1,2022-05-01,0.70881
M0,SGD1,2022-06-01,0.70067
M0,SGD1,2022-07-01,0.69464
M0,SGD1,2022-08-01,0.69142
M0,SGD1,2022-09-01,0.68832
M0,SGD1,2022-10-01,0.6987
M0,SGD1,2022-11-01,0.69628
M0,SGD1,2022-12-01,0.68937
M0,SGD1,2023-01-01,0.69731
M0,SGD1,2023-02-01,0.69441
M0,SGD1,2023-03-01,0.6902
M0,SGD1,2023-04-01,0.67397
M0,SGD1,2023-05-01,0.66999
M0,SGD1,2023-06-01,0.66902
M0,SGD1,2023-07-01,0.65485
M0,SGD1,2023-08-01,0.65007
M0,SGD1,2023-09-01,0.65892
M0,SGD1,2023-10-01,0.66025
M0,SGD1,2023-11-01,0.66104
M0,SGD1,2023-12-01,0.64977
M0,SGD1,2024-01-01,0.64281
M0,SGD1,2024-02-01,0.65197
M0,SGD1,2024-03-01,0.6624
M0,SGD1,2024-04-01,0.67066
M0,SGD1,2024-05-01,0.67294
M0,SGD1,2024-06-01,0.66122
M0,SGD1,2024-07-01,0.66276
M0,SGD1,2024-08-01,0.65198
M0,SGD1,2024-09-01,0.65357
M0,SGD1,2024-10-01,0.65711
M0,SGD1,2024-11-01,0.65852
M0,SGD1,2024-12-01,0.66009
M0,SGD1,2025-01-01,0.66813
M0,SGD1,2025-02-01,0.6712
M0,SGD1,2025-03-01,0.66125
M0,SGD1,2025-04-01,0.63166
M0,SGD1,2025-05-01,0.6409
M0,SGD1,2025-06-01,0.63418
M0,SGD1,2025-07-01,0.6229
M0,SGD1,2025-08-01,0.6276
M0,SGD1,2025-09-01,0.62009
M0,SGD1,2025-10-01,0.6157
M0,SGD1,2025-11-01,0.61691
M0,SGD1,2025-12-01,0.61719
M0,SGD1,2026-01-01,0.61731
M0,SGD1,2026-02-01,0.61009
M0,SGD1,2026-03-01,0.61475
M0,SGD1,2026-04-01,0.61695
M0,SGD1,2026-05-01,0.61443
M0,SGD1,2026-06-01,0.62054
M0,SGD1,2026-07-01,0.62733
M0,THB100,1999-01-01,3.7834
M0,THB100,1999-02-01,3.8474
M0,THB100,1999-03-01,3.9124
M0,THB100,1999-04-01,3.9846
M0,THB100,1999-05-01,4.0749
M0,THB100,1999-06-01,4.164
M0,THB100,1999-07-01,4.1794
M0,THB100,1999-08-01,3.9689
M0,THB100,1999-09-01,3.8169
M0,THB100,1999-10-01,3.7812
M0,THB100,1999-11-01,4.0036
M0,THB100,1999-12-01,4.1435
M0,THB100,2000-01-01,4.2461
M0,THB100,2000-02-01,4.3222
M0,THB100,2000-03-01,4.3816
M0,THB100,2000-04-01,4.3705
M0,THB100,2000-05-01,4.4053
M0,THB100,2000-06-01,4.2018
M0,THB100,2000-07-01,4.0954
M0,THB100,2000-08-01,4.1991
M0,THB100,2000-09-01,4.1865
M0,THB100,2000-10-01,4.0871
M0,THB100,2000-11-01,4.0601
M0,THB100,2000-12-01,3.8987
M0,THB100,2001-01-01,3.7771
M0,THB100,2001-02-01,3.9048
M0,THB100,2001-03-01,3.8412
M0,THB100,2001-04-01,3.7619
M0,THB100,2001-05-01,3.8495
M0,THB100,2001-06-01,3.9388
M0,THB100,2001-07-01,3.8575
M0,THB100,2001-08-01,3.7428
M0,THB100,2001-09-01,3.6946
M0,THB100,2001-10-01,3.6493
M0,THB100,2001-11-01,3.7171
M0,THB100,2001-12-01,3.7565
M0,THB100,2002-01-01,3.789
M0,THB100,2002-02-01,3.8728
M0,THB100,2002-03-01,3.8592
M0,THB100,2002-04-01,3.8096
M0,THB100,2002-05-01,3.7066
M0,THB100,2002-06-01,3.6548
M0,THB100,2002-07-01,3.5736
M0,THB100,2002-08-01,3.5477
M0,THB100,2002-09-01,3.486
M0,THB100,2002-10-01,3.4188
M0,THB100,2002-11-01,3.3817
M0,THB100,2002-12-01,3.3254
M0,THB100,2003-01-01,3.2181
M0,THB100,2003-02-01,3.1737
M0,THB100,2003-03-01,3.1781
M0,THB100,2003-04-01,3.2083
M0,THB100,2003-05-01,3.1032
M0,THB100,2003-06-01,3.165
M0,THB100,2003-07-01,3.2538
M0,THB100,2003-08-01,3.3157
M0,THB100,2003-09-01,3.4045
M0,THB100,2003-10-01,3.3275
M0,THB100,2003-11-01,3.3361
M0,THB100,2003-12-01,3.1856
M0,THB100,2004-01-01,3.1758
M0,THB100,2004-02-01,3.1798
M0,THB100,2004-03-01,3.2346
M0,THB100,2004-04-01,3.2853
M0,THB100,2004-05-01,3.1663
M0,THB100,2004-06-01,3.0646
M0,THB100,2004-07-01,3.0379
M0,THB100,2004-08-01,3.0421
M0,THB100,2004-09-01,3.0448
M0,THB100,2004-10-01,2.9898
M0,THB100,2004-11-01,2.9077
M0,THB100,2004-12-01,2.9192
M0,THB100,2005-01-01,3.0382
M0,THB100,2005-02-01,3.0941
M0,THB100,2005-03-01,3.0398
M0,THB100,2005-04-01,3.0212
M0,THB100,2005-05-01,3.0535
M0,THB100,2005-06-01,3.0875
M0,THB100,2005-07-01,3.0991
M0,THB100,2005-08-01,3.0669
M0,THB100,2005-09-01,3.0774
M0,THB100,2005-10-01,3.1481
M0,THB100,2005-11-01,3.1841
M0,THB100,2005-12-01,3.1729
M0,THB100,2006-01-01,3.2271
M0,THB100,2006-02-01,3.3097
M0,THB100,2006-03-01,3.347
M0,THB100,2006-04-01,3.3757
M0,THB100,2006-05-01,3.2083
M0,THB100,2006-06-01,3.2111
M0,THB100,2006-07-01,3.253
M0,THB100,2006-08-01,3.2712
M0,THB100,2006-09-01,3.3192
M0,THB100,2006-10-01,3.3745
M0,THB100,2006-11-01,3.3811
M0,THB100,2006-12-01,3.3769
M0,THB100,2007-01-01,3.4718
M0,THB100,2007-02-01,3.5194
M0,THB100,2007-03-01,3.552
M0,THB100,2007-04-01,3.533
M0,THB100,2007-05-01,3.5628
M0,THB100,2007-06-01,3.6052
M0,THB100,2007-07-01,3.6129
M0,THB100,2007-08-01,3.5771
M0,THB100,2007-09-01,3.4921
M0,THB100,2007-10-01,3.4949
M0,THB100,2007-11-01,3.325
M0,THB100,2007-12-01,3.4375
M0,THB100,2008-01-01,3.3457
M0,THB100,2008-02-01,3.3673
M0,THB100,2008-03-01,3.2151
M0,THB100,2008-04-01,3.2032
M0,THB100,2008-05-01,3.2496
M0,THB100,2008-06-01,3.1223
M0,THB100,2008-07-01,3.0619
M0,THB100,2008-08-01,3.1984
M0,THB100,2008-09-01,3.2336
M0,THB100,2008-10-01,3.3131
M0,THB100,2008-11-01,3.3882
M0,THB100,2008-12-01,3.2649
M0,THB100,2009-01-01,3.2297
M0,THB100,2009-02-01,3.2966
M0,THB100,2009-03-01,3.2261
M0,THB100,2009-04-01,3.2382
M0,THB100,2009-05-01,3.2004
M0,THB100,2009-06-01,3.1652
M0,THB100,2009-07-01,3.1686
M0,THB100,2009-08-01,3.1401
M0,THB100,2009-09-01,3.0753
M0,THB100,2009-10-01,3.0555
M0,THB100,2009-11-01,3.0397
M0,THB100,2009-12-01,3.094
M0,THB100,2010-01-01,3.128
M0,THB100,2010-02-01,3.231
M0,THB100,2010-03-01,3.2793
M0,THB100,2010-04-01,3.3078
M0,THB100,2010-05-01,3.4814
M0,THB100,2010-06-01,3.4726
M0,THB100,2010-07-01,3.2615
M0,THB100,2010-08-01,3.2735
M0,THB100,2010-09-01,3.2502
M0,THB100,2010-10-01,3.2309
M0,THB100,2010-11-01,3.2882
M0,THB100,2010-12-01,3.2149
M0,THB100,2011-01-01,3.1295
M0,THB100,2011-02-01,3.0916
M0,THB100,2011-03-01,3.0277
M0,THB100,2011-04-01,2.9855
M0,THB100,2011-05-01,2.8873
M0,THB100,2011-06-01,2.7503
M0,THB100,2011-07-01,2.7362
M0,THB100,2011-08-01,2.6103
M0,THB100,2011-09-01,2.8655
M0,THB100,2011-10-01,2.9057
M0,THB100,2011-11-01,2.9326
M0,THB100,2011-12-01,2.9864
M0,THB100,2012-01-01,2.9715
M0,THB100,2012-02-01,2.9688
M0,THB100,2012-03-01,2.9725
M0,THB100,2012-04-01,2.9576
M0,THB100,2012-05-01,2.9937
M0,THB100,2012-06-01,3.0266
M0,THB100,2012-07-01,3.0849
M0,THB100,2012-08-01,3.0806
M0,THB100,2012-09-01,3.0337
M0,THB100,2012-10-01,3.0387
M0,THB100,2012-11-01,3.0577
M0,THB100,2012-12-01,3.007
M0,THB100,2013-01-01,3.0718
M0,THB100,2013-02-01,3.0849
M0,THB100,2013-03-01,3.2053
M0,THB100,2013-04-01,3.2227
M0,THB100,2013-05-01,3.2076
M0,THB100,2013-06-01,3.0308
M0,THB100,2013-07-01,3.0369
M0,THB100,2013-08-01,2.9311
M0,THB100,2013-09-01,2.915
M0,THB100,2013-10-01,2.8917
M0,THB100,2013-11-01,2.8838
M0,THB100,2013-12-01,2.7599
M0,THB100,2014-01-01,2.7431
M0,THB100,2014-02-01,2.7406
M0,THB100,2014-03-01,2.7199
M0,THB100,2014-04-01,2.7301
M0,THB100,2014-05-01,2.73
M0,THB100,2014-06-01,2.7553
M0,THB100,2014-07-01,2.7932
M0,THB100,2014-08-01,2.8419
M0,THB100,2014-09-01,2.9052
M0,THB100,2014-10-01,2.9337
M0,THB100,2014-11-01,2.9394
M0,THB100,2014-12-01,2.9638
M0,THB100,2015-01-01,2.8821
M0,THB100,2015-02-01,2.8701
M0,THB100,2015-03-01,3.0008
M0,THB100,2015-04-01,2.9572
M0,THB100,2015-05-01,2.7784
M0,THB100,2015-06-01,2.7615
M0,THB100,2015-07-01,2.7744
M0,THB100,2015-08-01,2.7323
M0,THB100,2015-09-01,2.6972
M0,THB100,2015-10-01,2.7125
M0,THB100,2015-11-01,2.8173
M0,THB100,2015-12-01,2.7637
M0,THB100,2016-01-01,2.7811
M0,THB100,2016-02-01,2.7884
M0,THB100,2016-03-01,2.7905
M0,THB100,2016-04-01,2.747
M0,THB100,2016-05-01,2.7585
M0,THB100,2016-06-01,2.7483
M0,THB100,2016-07-01,2.8011
M0,THB100,2016-08-01,2.7952
M0,THB100,2016-09-01,2.8045
M0,THB100,2016-10-01,2.8133
M0,THB100,2016-11-01,2.8175
M0,THB100,2016-12-01,2.8466
M0,THB100,2017-01-01,2.8432
M0,THB100,2017-02-01,2.8608
M0,THB100,2017-03-01,2.8721
M0,THB100,2017-04-01,2.904
M0,THB100,2017-05-01,2.862
M0,THB100,2017-06-01,2.8469
M0,THB100,2017-07-01,2.8464
M0,THB100,2017-08-01,2.9003
M0,THB100,2017-09-01,2.9028
M0,THB100,2017-10-01,2.9542
M0,THB100,2017-11-01,3.0144
M0,THB100,2017-12-01,3.0227
M0,THB100,2018-01-01,3.0139
M0,THB100,2018-02-01,2.967
M0,THB100,2018-03-01,3.0281
M0,THB100,2018-04-01,3.09016
M0,THB100,2018-05-01,3.11916
M0,THB100,2018-06-01,3.04672
M0,THB100,2018-07-01,2.98785
M0,THB100,2018-08-01,2.99291
M0,THB100,2018-09-01,2.96879
M0,THB100,2018-10-01,3.03043
M0,THB100,2018-11-01,3.03651
M0,THB100,2018-12-01,3.03376
M0,THB100,2019-01-01,3.1117
M0,THB100,2019-02-01,3.19915
M0,THB100,2019-03-01,3.15437
M0,THB100,2019-04-01,3.16023
M0,THB100,2019-05-01,3.17917
M0,THB100,2019-06-01,3.17857
M0,THB100,2019-07-01,3.20629
M0,THB100,2019-08-01,3.18281
M0,THB100,2019-09-01,3.2406
M0,THB100,2019-10-01,3.27296
M0,THB100,2019-11-01,3.28394
M0,THB100,2019-12-01,3.25624
M0,THB100,2020-01-01,3.18409
M0,THB100,2020-02-01,3.11646
M0,THB100,2020-03-01,2.98049
M0,THB100,2020-04-01,2.97611
M0,THB100,2020-05-01,3.02612
M0,THB100,2020-06-01,3.05446
M0,THB100,2020-07-01,2.97486
M0,THB100,2020-08-01,2.91617
M0,THB100,2020-09-01,2.91539
M0,THB100,2020-10-01,2.92081
M0,THB100,2020-11-01,2.99025
M0,THB100,2020-12-01,2.95494
M0,THB100,2021-01-01,2.95486
M0,THB100,2021-02-01,2.99003
M0,THB100,2021-03-01,3.01906
M0,THB100,2021-04-01,2.93898
M0,THB100,2021-05-01,2.88732
M0,THB100,2021-06-01,2.8879
M0,THB100,2021-07-01,2.81308
M0,THB100,2021-08-01,2.76201
M0,THB100,2021-09-01,2.79031
M0,THB100,2021-10-01,2.76053
M0,THB100,2021-11-01,2.78574
M0,THB100,2021-12-01,2.74434
M0,THB100,2022-01-01,2.76562
M0,THB100,2022-02-01,2.82734
M0,THB100,2022-03-01,2.79513
M0,THB100,2022-04-01,2.79307
M0,THB100,2022-05-01,2.84735
M0,THB100,2022-06-01,2.77386
M0,THB100,2022-07-01,2.66648
M0,THB100,2022-08-01,2.67159
M0,THB100,2022-09-01,2.62679
M0,THB100,2022-10-01,2.6245
M0,THB100,2022-11-01,2.65458
M0,THB100,2022-12-01,2.67903
M0,THB100,2023-01-01,2.78207
M0,THB100,2023-02-01,2.71518
M0,THB100,2023-03-01,2.68352
M0,THB100,2023-04-01,2.62203
M0,THB100,2023-05-01,2.62406
M0,THB100,2023-06-01,2.57994
M0,THB100,2023-07-01,2.52524
M0,THB100,2023-08-01,2.50709
M0,THB100,2023-09-01,2.50546
M0,THB100,2023-10-01,2.47618
M0,THB100,2023-11-01,2.51409
M0,THB100,2023-12-01,2.47366
M0,THB100,2024-01-01,2.43661
M0,THB100,2024-02-01,2.44528
M0,THB100,2024-03-01,2.47106
M0,THB100,2024-04-01,2.47412
M0,THB100,2024-05-01,2.48133
M0,THB100,2024-06-01,2.43506
M0,THB100,2024-07-01,2.46096
M0,THB100,2024-08-01,2.46884
M0,THB100,2024-09-01,2.54235
M0,THB100,2024-10-01,2.57707
M0,THB100,2024-11-01,2.55552
M0,THB100,2024-12-01,2.60849
M0,THB100,2025-01-01,2.65448
M0,THB100,2025-02-01,2.67538
M0,THB100,2025-03-01,2.6135100000000002
M0,THB100,2025-04-01,2.47505
M0,THB100,2025-05-01,2.5179
M0,THB100,2025-06-01,2.4959
M0,THB100,2025-07-01,2.45959
M0,THB100,2025-08-01,2.48664
M0,THB100,2025-09-01,2.48948
M0,THB100,2025-10-01,2.45007
M0,THB100,2025-11-01,2.48152
M0,THB100,2025-12-01,2.52151
M0,THB100,2026-01-01,2.52637
M0,THB100,2026-02-01,2.47321
M0,THB100,2026-03-01,2.43743
M0,THB100,2026-04-01,2.43783
M0,THB100,2026-05-01,2.40977
M0,THB100,2026-06-01,2.43009
M0,THB100,2026-07-01,2.41791
M0,TRY100,1999-01-01,4.3e-4
M0,TRY100,1999-02-01,4.2e-4
M0,TRY100,1999-03-01,4e-4
M0,TRY100,1999-04-01,3.9e-4
M0,TRY100,1999-05-01,3.8e-4
M0,TRY100,1999-06-01,3.7e-4
M0,TRY100,1999-07-01,3.6e-4
M0,TRY100,1999-08-01,3.5e-4
M0,TRY100,1999-09-01,3.4e-4
M0,TRY100,1999-10-01,3.2e-4
M0,TRY100,1999-11-01,3.1e-4
M0,TRY100,1999-12-01,3e-4
M0,TRY100,2000-01-01,2.9e-4
M0,TRY100,2000-02-01,2.9e-4
M0,TRY100,2000-03-01,2.9e-4
M0,TRY100,2000-04-01,2.8e-4
M0,TRY100,2000-05-01,2.8e-4
M0,TRY100,2000-06-01,2.7e-4
M0,TRY100,2000-07-01,2.6e-4
M0,TRY100,2000-08-01,2.7e-4
M0,TRY100,2000-09-01,2.6e-4
M0,TRY100,2000-10-01,2.6e-4
M0,TRY100,2000-11-01,2.6e-4
M0,TRY100,2000-12-01,2.5e-4
M0,TRY100,2001-01-01,2.4e-4
M0,TRY100,2001-02-01,2.2e-4
M0,TRY100,2001-03-01,1.7e-4
M0,TRY100,2001-04-01,1.4e-4
M0,TRY100,2001-05-01,1.5e-4
M0,TRY100,2001-06-01,1.5e-4
M0,TRY100,2001-07-01,1.3e-4
M0,TRY100,2001-08-01,1.2e-4
M0,TRY100,2001-09-01,1.1e-4
M0,TRY100,2001-10-01,1e-4
M0,TRY100,2001-11-01,1.1e-4
M0,TRY100,2001-12-01,1.1e-4
M0,TRY100,2002-01-01,1.2e-4
M0,TRY100,2002-02-01,1.2e-4
M0,TRY100,2002-03-01,1.2e-4
M0,TRY100,2002-04-01,1.3e-4
M0,TRY100,2002-05-01,1.1e-4
M0,TRY100,2002-06-01,1e-4
M0,TRY100,2002-07-01,9e-5
M0,TRY100,2002-08-01,9e-5
M0,TRY100,2002-09-01,9e-5
M0,TRY100,2002-10-01,9e-5
M0,TRY100,2002-11-01,9e-5
M0,TRY100,2002-12-01,9e-5
M0,TRY100,2003-01-01,8e-5
M0,TRY100,2003-02-01,8e-5
M0,TRY100,2003-03-01,8e-5
M0,TRY100,2003-04-01,8e-5
M0,TRY100,2003-05-01,9e-5
M0,TRY100,2003-06-01,9e-5
M0,TRY100,2003-07-01,1e-4
M0,TRY100,2003-08-01,1e-4
M0,TRY100,2003-09-01,1e-4
M0,TRY100,2003-10-01,9e-5
M0,TRY100,2003-11-01,9e-5
M0,TRY100,2003-12-01,9e-5
M0,TRY100,2004-01-01,9e-5
M0,TRY100,2004-02-01,9e-5
M0,TRY100,2004-03-01,1e-4
M0,TRY100,2004-04-01,1e-4
M0,TRY100,2004-05-01,9e-5
M0,TRY100,2004-06-01,8e-5
M0,TRY100,2004-07-01,9e-5
M0,TRY100,2004-08-01,9e-5
M0,TRY100,2004-09-01,8e-5
M0,TRY100,2004-10-01,8e-5
M0,TRY100,2004-11-01,8e-5
M0,TRY100,2004-12-01,8e-5
M0,TRY100,2005-01-01,86.77714
M0,TRY100,2005-02-01,90.407
M0,TRY100,2005-03-01,89.480950000000007
M0,TRY100,2005-04-01,87.60714
M0,TRY100,2005-05-01,88.653
M0,TRY100,2005-06-01,92.79409
M0,TRY100,2005-07-01,96.53571
M0,TRY100,2005-08-01,93.55364
M0,TRY100,2005-09-01,94.09045
M0,TRY100,2005-10-01,94.8319
M0,TRY100,2005-11-01,96.21591
M0,TRY100,2005-12-01,96.4
M0,TRY100,2006-01-01,95.69381
M0,TRY100,2006-02-01,98.212
M0,TRY100,2006-03-01,97.53348
M0,TRY100,2006-04-01,96.07611
M0,TRY100,2006-05-01,85.2881
M0,TRY100,2006-06-01,76.93667
M0,TRY100,2006-07-01,79.40667
M0,TRY100,2006-08-01,83.76409
M0,TRY100,2006-09-01,83.80286
M0,TRY100,2006-10-01,85.02182
M0,TRY100,2006-11-01,84.65682
M0,TRY100,2006-12-01,84.21579
M0,TRY100,2007-01-01,87.04571
M0,TRY100,2007-02-01,88.6105
M0,TRY100,2007-03-01,86.38045
M0,TRY100,2007-04-01,88.96684
M0,TRY100,2007-05-01,91.2555
M0,TRY100,2007-06-01,93.20667
M0,TRY100,2007-07-01,94.21227
M0,TRY100,2007-08-01,91.36318
M0,TRY100,2007-09-01,93.772
M0,TRY100,2007-10-01,97.67391
M0,TRY100,2007-11-01,94.34682
M0,TRY100,2007-12-01,96.40579
M0,TRY100,2008-01-01,93.4519
M0,TRY100,2008-02-01,91.18
M0,TRY100,2008-03-01,81.32
M0,TRY100,2008-04-01,77.68682
M0,TRY100,2008-05-01,83.5885
M0,TRY100,2008-06-01,83.89429
M0,TRY100,2008-07-01,84.44565
M0,TRY100,2008-08-01,91.7445
M0,TRY100,2008-09-01,89.27136
M0,TRY100,2008-10-01,77.97957
M0,TRY100,2008-11-01,74.5485
M0,TRY100,2008-12-01,73.71619
M0,TRY100,2009-01-01,70.3015
M0,TRY100,2009-02-01,70.0095
M0,TRY100,2009-03-01,67.40636
M0,TRY100,2009-04-01,71.0795
M0,TRY100,2009-05-01,71.15684
M0,TRY100,2009-06-01,69.73238
M0,TRY100,2009-07-01,71.00043
M0,TRY100,2009-08-01,71.7781
M0,TRY100,2009-09-01,69.71773
M0,TRY100,2009-10-01,69.37
M0,TRY100,2009-11-01,67.78714
M0,TRY100,2009-12-01,68.13227
M0,TRY100,2010-01-01,70.1215
M0,TRY100,2010-02-01,70.667
M0,TRY100,2010-03-01,69.47478
M0,TRY100,2010-04-01,71.6235
M0,TRY100,2010-05-01,72.81789
M0,TRY100,2010-06-01,71.41545
M0,TRY100,2010-07-01,68.39818
M0,TRY100,2010-08-01,68.84
M0,TRY100,2010-09-01,67.01455
M0,TRY100,2010-10-01,67.8781
M0,TRY100,2010-11-01,68.15636
M0,TRY100,2010-12-01,63.62913
M0,TRY100,2011-01-01,61.13619
M0,TRY100,2011-02-01,59.7105
M0,TRY100,2011-03-01,58.15609
M0,TRY100,2011-04-01,58.96105
M0,TRY100,2011-05-01,55.44955
M0,TRY100,2011-06-01,52.3685
M0,TRY100,2011-07-01,49.7381
M0,TRY100,2011-08-01,44.45545
M0,TRY100,2011-09-01,48.54682
M0,TRY100,2011-10-01,49.04048
M0,TRY100,2011-11-01,50.08545
M0,TRY100,2011-12-01,49.79545
M0,TRY100,2012-01-01,50.88273
M0,TRY100,2012-02-01,51.88714
M0,TRY100,2012-03-01,51.02818
M0,TRY100,2012-04-01,51.0819
M0,TRY100,2012-05-01,51.86522
M0,TRY100,2012-06-01,52.55286
M0,TRY100,2012-07-01,53.86818
M0,TRY100,2012-08-01,53.88391
M0,TRY100,2012-09-01,52.1515
M0,TRY100,2012-10-01,51.73
M0,TRY100,2012-11-01,52.36
M0,TRY100,2012-12-01,51.55095
M0,TRY100,2013-01-01,52.14739
M0,TRY100,2013-02-01,51.7865
M0,TRY100,2013-03-01,52.27762
M0,TRY100,2013-04-01,52.15591
M0,TRY100,2013-05-01,52.30783
M0,TRY100,2013-06-01,49.2425
M0,TRY100,2013-07-01,48.92739
M0,TRY100,2013-08-01,47.265
M0,TRY100,2013-09-01,45.79286
M0,TRY100,2013-10-01,45.42
M0,TRY100,2013-11-01,45.08762
M0,TRY100,2013-12-01,43.34682
M0,TRY100,2014-01-01,40.68957
M0,TRY100,2014-02-01,40.4325
M0,TRY100,2014-03-01,39.73429
M0,TRY100,2014-04-01,41.46682
M0,TRY100,2014-05-01,42.44273
M0,TRY100,2014-06-01,42.28143
M0,TRY100,2014-07-01,42.32609
M0,TRY100,2014-08-01,42.09143
M0,TRY100,2014-09-01,42.30545
M0,TRY100,2014-10-01,42.23696
M0,TRY100,2014-11-01,43.1265
M0,TRY100,2014-12-01,42.55565
M0,TRY100,2015-01-01,40.67091
M0,TRY100,2015-02-01,37.986
M0,TRY100,2015-03-01,37.82545
M0,TRY100,2015-04-01,36.2
M0,TRY100,2015-05-01,35.2119
M0,TRY100,2015-06-01,34.42682
M0,TRY100,2015-07-01,35.28913
M0,TRY100,2015-08-01,33.95381
M0,TRY100,2015-09-01,32.21773
M0,TRY100,2015-10-01,33.06727
M0,TRY100,2015-11-01,35.08238
M0,TRY100,2015-12-01,34.09435
M0,TRY100,2016-01-01,33.43619
M0,TRY100,2016-02-01,33.7281
M0,TRY100,2016-03-01,34.03913
M0,TRY100,2016-04-01,33.97571
M0,TRY100,2016-05-01,33.26864
M0,TRY100,2016-06-01,33.26
M0,TRY100,2016-07-01,33.15381
M0,TRY100,2016-08-01,32.75435
M0,TRY100,2016-09-01,32.82455
M0,TRY100,2016-10-01,32.0719
M0,TRY100,2016-11-01,30.32591
M0,TRY100,2016-12-01,29.14318
M0,TRY100,2017-01-01,26.87773
M0,TRY100,2017-02-01,27.314
M0,TRY100,2017-03-01,27.29739
M0,TRY100,2017-04-01,27.386
M0,TRY100,2017-05-01,27.64174
M0,TRY100,2017-06-01,27.50091
M0,TRY100,2017-07-01,26.95095
M0,TRY100,2017-08-01,27.4787
M0,TRY100,2017-09-01,27.69762
M0,TRY100,2017-10-01,26.69818
M0,TRY100,2017-11-01,25.49182
M0,TRY100,2017-12-01,25.67524
M0,TRY100,2018-01-01,25.47364
M0,TRY100,2018-02-01,24.687
M0,TRY100,2018-03-01,24.32727
M0,TRY100,2018-04-01,23.8008
M0,TRY100,2018-05-01,22.49651
M0,TRY100,2018-06-01,21.30499
M0,TRY100,2018-07-01,20.86484
M0,TRY100,2018-08-01,16.73794
M0,TRY100,2018-09-01,15.26578
M0,TRY100,2018-10-01,17.03515
M0,TRY100,2018-11-01,18.65889
M0,TRY100,2018-12-01,18.64053
M0,TRY100,2019-01-01,18.40345
M0,TRY100,2019-02-01,18.97608
M0,TRY100,2019-03-01,18.29063
M0,TRY100,2019-04-01,17.4621
M0,TRY100,2019-05-01,16.66652
M0,TRY100,2019-06-01,17.02132
M0,TRY100,2019-07-01,17.39197
M0,TRY100,2019-08-01,17.31693
M0,TRY100,2019-09-01,17.33105
M0,TRY100,2019-10-01,17.15
M0,TRY100,2019-11-01,17.2959
M0,TRY100,2019-12-01,16.82328
M0,TRY100,2020-01-01,16.3683
M0,TRY100,2020-02-01,16.08833
M0,TRY100,2020-03-01,15.1078
M0,TRY100,2020-04-01,14.13949
M0,TRY100,2020-05-01,13.98901
M0,TRY100,2020-06-01,13.94022
M0,TRY100,2020-07-01,13.59488
M0,TRY100,2020-08-01,12.49916
M0,TRY100,2020-09-01,12.10543
M0,TRY100,2020-10-01,11.48677
M0,TRY100,2020-11-01,11.41188
M0,TRY100,2020-12-01,11.51838
M0,TRY100,2021-01-01,11.99406
M0,TRY100,2021-02-01,12.67175
M0,TRY100,2021-03-01,12.11563
M0,TRY100,2021-04-01,11.27475
M0,TRY100,2021-05-01,10.78434
M0,TRY100,2021-06-01,10.53531
M0,TRY100,2021-07-01,10.66861
M0,TRY100,2021-08-01,10.78453
M0,TRY100,2021-09-01,10.7955
M0,TRY100,2021-10-01,10.04283
M0,TRY100,2021-11-01,8.70018
M0,TRY100,2021-12-01,6.86317
M0,TRY100,2022-01-01,6.77205
M0,TRY100,2022-02-01,6.7559
M0,TRY100,2022-03-01,6.35487
M0,TRY100,2022-04-01,6.41082
M0,TRY100,2022-05-01,6.2913
M0,TRY100,2022-06-01,5.69668
M0,TRY100,2022-07-01,5.54941
M0,TRY100,2022-08-01,5.30527
M0,TRY100,2022-09-01,5.31038
M0,TRY100,2022-10-01,5.35473
M0,TRY100,2022-11-01,5.18798
M0,TRY100,2022-12-01,4.99415
M0,TRY100,2023-01-01,4.91825
M0,TRY100,2023-02-01,4.90303
M0,TRY100,2023-03-01,4.86973
M0,TRY100,2023-04-01,4.63803
M0,TRY100,2023-05-01,4.54068
M0,TRY100,2023-06-01,3.81098
M0,TRY100,2023-07-01,3.29707
M0,TRY100,2023-08-01,3.25731
M0,TRY100,2023-09-01,3.32477
M0,TRY100,2023-10-01,3.24237
M0,TRY100,2023-11-01,3.11173
M0,TRY100,2023-12-01,2.97656
M0,TRY100,2024-01-01,2.85205
M0,TRY100,2024-02-01,2.84515
M0,TRY100,2024-03-01,2.77122
M0,TRY100,2024-04-01,2.81272
M0,TRY100,2024-05-01,2.81851
M0,TRY100,2024-06-01,2.74282
M0,TRY100,2024-07-01,2.71117
M0,TRY100,2024-08-01,2.54181
M0,TRY100,2024-09-01,2.48702
M0,TRY100,2024-10-01,2.51244
M0,TRY100,2024-11-01,2.5544
M0,TRY100,2024-12-01,2.54723
M0,TRY100,2025-01-01,2.55688
M0,TRY100,2025-02-01,2.49694
M0,TRY100,2025-03-01,2.37529
M0,TRY100,2025-04-01,2.19389
M0,TRY100,2025-05-01,2.13684
M0,TRY100,2025-06-01,2.062
M0,TRY100,2025-07-01,1.9824
M0,TRY100,2025-08-01,1.97389
M0,TRY100,2025-09-01,1.92697
M0,TRY100,2025-10-01,1.90612
M0,TRY100,2025-11-01,1.9004
M0,TRY100,2025-12-01,1.86747
M0,TRY100,2026-01-01,1.82737
M0,TRY100,2026-02-01,1.76807
M0,TRY100,2026-03-01,1.77973
M0,TRY100,2026-04-01,1.7566
M0,TRY100,2026-05-01,1.72092
M0,TRY100,2026-06-01,1.72658
M0,TRY100,2026-07-01,1.7201
M0,USD1,1914-01-01,5.186
M0,USD1,1914-02-01,5.178
M0,USD1,1914-03-01,5.177
M0,USD1,1914-04-01,5.163
M0,USD1,1914-05-01,5.154
M0,USD1,1914-06-01,5.15
M0,USD1,1914-07-01,5.154
M0,USD1,1914-08-01,5.08
M0,USD1,1914-09-01,5.1
M0,USD1,1914-10-01,5.101
M0,USD1,1914-11-01,5.197
M0,USD1,1914-12-01,5.213
M0,USD1,1915-01-01,5.278
M0,USD1,1915-02-01,5.392
M0,USD1,1915-03-01,5.398
M0,USD1,1915-04-01,5.332
M0,USD1,1915-05-01,5.29
M0,USD1,1915-06-01,5.312
M0,USD1,1915-07-01,5.369
M0,USD1,1915-08-01,5.347
M0,USD1,1915-09-01,5.332
M0,USD1,1915-10-01,5.309
M0,USD1,1915-11-01,5.34
M0,USD1,1915-12-01,5.291
M0,USD1,1916-01-01,5.174
M0,USD1,1916-02-01,5.226
M0,USD1,1916-03-01,5.228
M0,USD1,1916-04-01,5.181
M0,USD1,1916-05-01,5.208
M0,USD1,1916-06-01,5.262
M0,USD1,1916-07-01,5.287
M0,USD1,1916-08-01,5.296
M0,USD1,1916-09-01,5.327
M0,USD1,1916-10-01,5.271
M0,USD1,1916-11-01,5.189
M0,USD1,1916-12-01,5.026
M0,USD1,1917-01-01,5.016
M0,USD1,1917-02-01,5.002
M0,USD1,1917-03-01,5.03
M0,USD1,1917-04-01,5.102
M0,USD1,1917-05-01,5.1
M0,USD1,1917-06-01,4.947
M0,USD1,1917-07-01,4.622
M0,USD1,1917-08-01,4.452
M0,USD1,1917-09-01,4.712
M0,USD1,1917-10-01,4.636
M0,USD1,1917-11-01,4.402
M0,USD1,1917-12-01,4.355
M0,USD1,1918-01-01,4.447
M0,USD1,1918-02-01,4.469
M0,USD1,1918-03-01,4.391
M0,USD1,1918-04-01,4.234
M0,USD1,1918-05-01,4.082
M0,USD1,1918-06-01,3.943
M0,USD1,1918-07-01,3.945
M0,USD1,1918-08-01,4.081
M0,USD1,1918-09-01,4.432
M0,USD1,1918-10-01,4.86
M0,USD1,1918-11-01,4.942
M0,USD1,1918-12-01,4.846
M0,USD1,1919-01-01,4.85
M0,USD1,1919-02-01,4.869
M0,USD1,1919-03-01,4.897
M0,USD1,1919-04-01,4.946
M0,USD1,1919-05-01,5.029
M0,USD1,1919-06-01,5.306
M0,USD1,1919-07-01,5.54
M0,USD1,1919-08-01,5.626
M0,USD1,1919-09-01,5.585
M0,USD1,1919-10-01,5.575
M0,USD1,1919-11-01,5.503
M0,USD1,1919-12-01,5.383
M0,USD1,1920-01-01,5.564
M0,USD1,1920-02-01,6.037
M0,USD1,1920-03-01,5.906
M0,USD1,1920-04-01,5.558
M0,USD1,1920-05-01,5.641
M0,USD1,1920-06-01,5.489
M0,USD1,1920-07-01,5.642
M0,USD1,1920-08-01,5.994
M0,USD1,1920-09-01,6.139
M0,USD1,1920-10-01,6.276
M0,USD1,1920-11-01,6.427
M0,USD1,1920-12-01,6.488
M0,USD1,1921-01-01,6.401
M0,USD1,1921-02-01,6.108
M0,USD1,1921-03-01,5.872
M0,USD1,1921-04-01,5.756
M0,USD1,1921-05-01,5.594
M0,USD1,1921-06-01,5.865
M0,USD1,1921-07-01,6.017
M0,USD1,1921-08-01,5.938
M0,USD1,1921-09-01,5.805
M0,USD1,1921-10-01,5.484
M0,USD1,1921-11-01,5.307
M0,USD1,1921-12-01,5.152
M0,USD1,1922-01-01,5.142
M0,USD1,1922-02-01,5.116
M0,USD1,1922-03-01,5.132
M0,USD1,1922-04-01,5.138
M0,USD1,1922-05-01,5.193
M0,USD1,1922-06-01,5.246
M0,USD1,1922-07-01,5.23
M0,USD1,1922-08-01,5.247
M0,USD1,1922-09-01,5.307
M0,USD1,1922-10-01,5.411
M0,USD1,1922-11-01,5.421
M0,USD1,1922-12-01,5.28
M0,USD1,1923-01-01,5.314
M0,USD1,1923-02-01,5.313
M0,USD1,1923-03-01,5.366
M0,USD1,1923-04-01,5.469
M0,USD1,1923-05-01,5.537
M0,USD1,1923-06-01,5.562
M0,USD1,1923-07-01,5.687
M0,USD1,1923-08-01,5.527
M0,USD1,1923-09-01,5.587
M0,USD1,1923-10-01,5.587
M0,USD1,1923-11-01,5.687
M0,USD1,1923-12-01,5.724
M0,USD1,1924-01-01,5.764
M0,USD1,1924-02-01,5.749
M0,USD1,1924-03-01,5.777
M0,USD1,1924-04-01,5.676
M0,USD1,1924-05-01,5.629
M0,USD1,1924-06-01,5.652
M0,USD1,1924-07-01,5.498
M0,USD1,1924-08-01,5.304
M0,USD1,1924-09-01,5.291
M0,USD1,1924-10-01,5.207
M0,USD1,1924-11-01,5.183
M0,USD1,1924-12-01,5.159
M0,USD1,1925-01-01,5.166
M0,USD1,1925-02-01,5.19
M0,USD1,1925-03-01,5.187
M0,USD1,1925-04-01,5.17
M0,USD1,1925-05-01,5.166
M0,USD1,1925-06-01,5.151
M0,USD1,1925-07-01,5.149
M0,USD1,1925-08-01,5.151
M0,USD1,1925-09-01,5.175
M0,USD1,1925-10-01,5.184
M0,USD1,1925-11-01,5.187
M0,USD1,1925-12-01,5.18
M0,USD1,1926-01-01,5.177
M0,USD1,1926-02-01,5.191
M0,USD1,1926-03-01,5.193
M0,USD1,1926-04-01,5.179
M0,USD1,1926-05-01,5.168
M0,USD1,1926-06-01,5.164
M0,USD1,1926-07-01,5.165
M0,USD1,1926-08-01,5.174
M0,USD1,1926-09-01,5.174
M0,USD1,1926-10-01,5.177
M0,USD1,1926-11-01,5.185
M0,USD1,1926-12-01,5.175
M0,USD1,1927-01-01,5.188
M0,USD1,1927-02-01,5.198
M0,USD1,1927-03-01,5.198
M0,USD1,1927-04-01,5.199
M0,USD1,1927-05-01,5.199
M0,USD1,1927-06-01,5.198
M0,USD1,1927-07-01,5.194
M0,USD1,1927-08-01,5.187
M0,USD1,1927-09-01,5.186
M0,USD1,1927-10-01,5.185
M0,USD1,1927-11-01,5.185
M0,USD1,1927-12-01,5.177
M0,USD1,1928-01-01,5.189
M0,USD1,1928-02-01,5.197
M0,USD1,1928-03-01,5.192
M0,USD1,1928-04-01,5.188
M0,USD1,1928-05-01,5.188
M0,USD1,1928-06-01,5.187
M0,USD1,1928-07-01,5.191
M0,USD1,1928-08-01,5.194
M0,USD1,1928-09-01,5.195
M0,USD1,1928-10-01,5.196
M0,USD1,1928-11-01,5.194
M0,USD1,1928-12-01,5.188
M0,USD1,1929-01-01,5.197
M0,USD1,1929-02-01,5.199
M0,USD1,1929-03-01,5.199
M0,USD1,1929-04-01,5.195
M0,USD1,1929-05-01,5.193
M0,USD1,1929-06-01,5.197
M0,USD1,1929-07-01,5.198
M0,USD1,1929-08-01,5.198
M0,USD1,1929-09-01,5.191
M0,USD1,1929-10-01,5.17
M0,USD1,1929-11-01,5.156
M0,USD1,1929-12-01,5.144
M0,USD1,1930-01-01,5.168
M0,USD1,1930-02-01,5.182
M0,USD1,1930-03-01,5.169
M0,USD1,1930-04-01,5.16
M0,USD1,1930-05-01,5.166
M0,USD1,1930-06-01,5.163
M0,USD1,1930-07-01,5.147
M0,USD1,1930-08-01,5.142
M0,USD1,1930-09-01,5.152
M0,USD1,1930-10-01,5.149
M0,USD1,1930-11-01,5.158
M0,USD1,1930-12-01,5.155
M0,USD1,1931-01-01,5.165
M0,USD1,1931-02-01,5.182
M0,USD1,1931-03-01,5.196
M0,USD1,1931-04-01,5.192
M0,USD1,1931-05-01,5.184
M0,USD1,1931-06-01,5.156
M0,USD1,1931-07-01,5.146
M0,USD1,1931-08-01,5.131
M0,USD1,1931-09-01,5.123
M0,USD1,1931-10-01,5.104
M0,USD1,1931-11-01,5.136
M0,USD1,1931-12-01,5.132
M0,USD1,1932-01-01,5.126
M0,USD1,1932-02-01,5.127
M0,USD1,1932-03-01,5.168
M0,USD1,1932-04-01,5.141
M0,USD1,1932-05-01,5.111
M0,USD1,1932-06-01,5.121
M0,USD1,1932-07-01,5.133
M0,USD1,1932-08-01,5.138
M0,USD1,1932-09-01,5.179
M0,USD1,1932-10-01,5.178
M0,USD1,1932-11-01,5.193
M0,USD1,1932-12-01,5.197
M0,USD1,1933-01-01,5.185
M0,USD1,1933-02-01,5.161
M0,USD1,1933-03-01,5.159
M0,USD1,1933-04-01,4.944
M0,USD1,1933-05-01,4.411
M0,USD1,1933-06-01,4.23
M0,USD1,1933-07-01,3.708
M0,USD1,1933-08-01,3.766
M0,USD1,1933-09-01,3.479
M0,USD1,1933-10-01,3.463
M0,USD1,1933-11-01,3.225
M0,USD1,1933-12-01,3.295
M0,USD1,1934-01-01,3.252
M0,USD1,1934-02-01,3.143
M0,USD1,1934-03-01,3.095
M0,USD1,1934-04-01,3.078
M0,USD1,1934-05-01,3.071
M0,USD1,1934-06-01,3.075
M0,USD1,1934-07-01,3.068
M0,USD1,1934-08-01,3.032
M0,USD1,1934-09-01,3.025
M0,USD1,1934-10-01,3.048
M0,USD1,1934-11-01,3.077
M0,USD1,1934-12-01,3.085
M0,USD1,1935-01-01,3.093
M0,USD1,1935-02-01,3.089
M0,USD1,1935-03-01,3.071
M0,USD1,1935-04-01,3.087
M0,USD1,1935-05-01,3.092
M0,USD1,1935-06-01,3.058
M0,USD1,1935-07-01,3.052
M0,USD1,1935-08-01,3.055
M0,USD1,1935-09-01,3.075
M0,USD1,1935-10-01,3.072
M0,USD1,1935-11-01,3.08
M0,USD1,1935-12-01,3.083
M0,USD1,1936-01-01,3.061
M0,USD1,1936-02-01,3.026
M0,USD1,1936-03-01,3.045
M0,USD1,1936-04-01,3.068
M0,USD1,1936-05-01,3.088
M0,USD1,1936-06-01,3.083
M0,USD1,1936-07-01,3.055
M0,USD1,1936-08-01,3.067
M0,USD1,1936-09-01,3.069
M0,USD1,1936-10-01,4.346
M0,USD1,1936-11-01,4.35
M0,USD1,1936-12-01,4.35
M0,USD1,1937-01-01,4.359
M0,USD1,1937-02-01,4.38
M0,USD1,1937-03-01,4.386
M0,USD1,1937-04-01,4.38
M0,USD1,1937-05-01,4.372
M0,USD1,1937-06-01,4.37
M0,USD1,1937-07-01,4.363
M0,USD1,1937-08-01,4.354
M0,USD1,1937-09-01,4.354
M0,USD1,1937-10-01,4.342
M0,USD1,1937-11-01,4.32
M0,USD1,1937-12-01,4.323
M0,USD1,1938-01-01,4.324
M0,USD1,1938-02-01,4.304
M0,USD1,1938-03-01,4.338
M0,USD1,1938-04-01,4.35
M0,USD1,1938-05-01,4.375
M0,USD1,1938-06-01,4.367
M0,USD1,1938-07-01,4.368
M0,USD1,1938-08-01,4.368
M0,USD1,1938-09-01,4.424
M0,USD1,1938-10-01,4.4
M0,USD1,1938-11-01,4.413
M0,USD1,1938-12-01,4.421
M0,USD1,1939-01-01,4.427
M0,USD1,1939-02-01,4.41
M0,USD1,1939-03-01,4.419
M0,USD1,1939-04-01,4.456
M0,USD1,1939-05-01,4.446
M0,USD1,1939-06-01,4.434
M0,USD1,1939-07-01,4.433
M0,USD1,1939-08-01,4.432
M0,USD1,1939-09-01,4.426
M0,USD1,1939-10-01,4.455
M0,USD1,1939-11-01,4.457
M0,USD1,1939-12-01,4.458
M0,USD1,1940-01-01,4.459
M0,USD1,1940-02-01,4.459
M0,USD1,1940-03-01,4.459
M0,USD1,1940-04-01,4.458
M0,USD1,1940-05-01,4.459
M0,USD1,1940-06-01,4.447
M0,USD1,1940-07-01,4.406
M0,USD1,1940-08-01,4.391
M0,USD1,1940-09-01,4.384
M0,USD1,1940-10-01,4.318
M0,USD1,1940-11-01,4.309
M0,USD1,1940-12-01,4.309
M0,USD1,1941-01-01,4.309
M0,USD1,1941-02-01,4.309
M0,USD1,1941-03-01,4.309
M0,USD1,1941-04-01,4.309
M0,USD1,1941-05-01,4.309
M0,USD1,1941-06-01,4.309
M0,USD1,1941-07-01,4.306
M0,USD1,1941-08-01,4.305
M0,USD1,1941-09-01,4.305
M0,USD1,1941-10-01,4.305
M0,USD1,1941-11-01,4.305
M0,USD1,1941-12-01,4.305
M0,USD1,1942-01-01,4.3
M0,USD1,1942-02-01,4.3
M0,USD1,1942-03-01,4.3
M0,USD1,1942-04-01,4.3
M0,USD1,1942-05-01,4.3
M0,USD1,1942-06-01,4.3
M0,USD1,1942-07-01,4.3
M0,USD1,1942-08-01,4.3
M0,USD1,1942-09-01,4.3
M0,USD1,1942-10-01,4.3
M0,USD1,1942-11-01,4.3
M0,USD1,1942-12-01,4.3
M0,USD1,1943-01-01,4.3
M0,USD1,1943-02-01,4.3
M0,USD1,1943-03-01,4.3
M0,USD1,1943-04-01,4.3
M0,USD1,1943-05-01,4.3
M0,USD1,1943-06-01,4.3
M0,USD1,1943-07-01,4.3
M0,USD1,1943-08-01,4.3
M0,USD1,1943-09-01,4.3
M0,USD1,1943-10-01,4.29
M0,USD1,1943-11-01,4.29
M0,USD1,1943-12-01,4.29
M0,USD1,1944-01-01,4.29
M0,USD1,1944-02-01,4.29
M0,USD1,1944-03-01,4.29
M0,USD1,1944-04-01,4.29
M0,USD1,1944-05-01,4.29
M0,USD1,1944-06-01,4.29
M0,USD1,1944-07-01,4.29
M0,USD1,1944-08-01,4.29
M0,USD1,1944-09-01,4.29
M0,USD1,1944-10-01,4.29
M0,USD1,1944-11-01,4.29
M0,USD1,1944-12-01,4.29
M0,USD1,1945-01-01,4.29
M0,USD1,1945-02-01,4.29
M0,USD1,1945-03-01,4.29
M0,USD1,1945-04-01,4.29
M0,USD1,1945-05-01,4.29
M0,USD1,1945-06-01,4.29
M0,USD1,1945-07-01,4.29
M0,USD1,1945-08-01,4.29
M0,USD1,1945-09-01,4.29
M0,USD1,1945-10-01,4.29
M0,USD1,1945-11-01,4.29
M0,USD1,1945-12-01,4.29
M0,USD1,1946-01-01,4.28
M0,USD1,1946-02-01,4.28
M0,USD1,1946-03-01,4.28
M0,USD1,1946-04-01,4.28
M0,USD1,1946-05-01,4.28
M0,USD1,1946-06-01,4.28
M0,USD1,1946-07-01,4.28
M0,USD1,1946-08-01,4.28
M0,USD1,1946-09-01,4.28
M0,USD1,1946-10-01,4.28
M0,USD1,1946-11-01,4.28
M0,USD1,1946-12-01,4.28
M0,USD1,1947-01-01,4.28
M0,USD1,1947-02-01,4.28
M0,USD1,1947-03-01,4.28
M0,USD1,1947-04-01,4.28
M0,USD1,1947-05-01,4.28
M0,USD1,1947-06-01,4.28
M0,USD1,1947-07-01,4.28
M0,USD1,1947-08-01,4.28
M0,USD1,1947-09-01,4.28
M0,USD1,1947-10-01,4.28
M0,USD1,1947-11-01,4.28
M0,USD1,1947-12-01,4.28
M0,USD1,1948-01-01,4.28
M0,USD1,1948-02-01,4.28
M0,USD1,1948-03-01,4.28
M0,USD1,1948-04-01,4.28
M0,USD1,1948-05-01,4.28
M0,USD1,1948-06-01,4.28
M0,USD1,1948-07-01,4.28
M0,USD1,1948-08-01,4.28
M0,USD1,1948-09-01,4.28
M0,USD1,1948-10-01,4.28
M0,USD1,1948-11-01,4.28
M0,USD1,1948-12-01,4.28
M0,USD1,1949-01-01,4.28
M0,USD1,1949-02-01,4.28
M0,USD1,1949-03-01,4.28
M0,USD1,1949-04-01,4.28
M0,USD1,1949-05-01,4.28
M0,USD1,1949-06-01,4.28
M0,USD1,1949-07-01,4.28
M0,USD1,1949-08-01,4.28
M0,USD1,1949-09-01,4.29
M0,USD1,1949-10-01,4.33
M0,USD1,1949-11-01,4.314
M0,USD1,1949-12-01,4.291
M0,USD1,1950-01-01,4.293
M0,USD1,1950-02-01,4.296
M0,USD1,1950-03-01,4.295
M0,USD1,1950-04-01,4.293
M0,USD1,1950-05-01,4.292
M0,USD1,1950-06-01,4.318
M0,USD1,1950-07-01,4.337
M0,USD1,1950-08-01,4.344
M0,USD1,1950-09-01,4.353
M0,USD1,1950-10-01,4.357
M0,USD1,1950-11-01,4.357
M0,USD1,1950-12-01,4.31
M0,USD1,1951-01-01,4.289
M0,USD1,1951-02-01,4.296
M0,USD1,1951-03-01,4.312
M0,USD1,1951-04-01,4.322
M0,USD1,1951-05-01,4.328
M0,USD1,1951-06-01,4.343
M0,USD1,1951-07-01,4.339
M0,USD1,1951-08-01,4.343
M0,USD1,1951-09-01,4.353
M0,USD1,1951-10-01,4.362
M0,USD1,1951-11-01,4.369
M0,USD1,1951-12-01,4.366
M0,USD1,1952-01-01,4.369
M0,USD1,1952-02-01,4.369
M0,USD1,1952-03-01,4.358
M0,USD1,1952-04-01,4.345
M0,USD1,1952-05-01,4.332
M0,USD1,1952-06-01,4.32
M0,USD1,1952-07-01,4.302
M0,USD1,1952-08-01,4.293
M0,USD1,1952-09-01,4.287
M0,USD1,1952-10-01,4.285
M0,USD1,1952-11-01,4.285
M0,USD1,1952-12-01,4.284
M0,USD1,1953-01-01,4.289
M0,USD1,1953-02-01,4.287
M0,USD1,1953-03-01,4.287
M0,USD1,1953-04-01,4.285
M0,USD1,1953-05-01,4.285
M0,USD1,1953-06-01,4.285
M0,USD1,1953-07-01,4.284
M0,USD1,1953-08-01,4.284
M0,USD1,1953-09-01,4.284
M0,USD1,1953-10-01,4.289
M0,USD1,1953-11-01,4.299
M0,USD1,1953-12-01,4.293
M0,USD1,1954-01-01,4.289
M0,USD1,1954-02-01,4.288
M0,USD1,1954-03-01,4.289
M0,USD1,1954-04-01,4.288
M0,USD1,1954-05-01,4.285
M0,USD1,1954-06-01,4.284
M0,USD1,1954-07-01,4.287
M0,USD1,1954-08-01,4.287
M0,USD1,1954-09-01,4.286
M0,USD1,1954-10-01,4.287
M0,USD1,1954-11-01,4.285
M0,USD1,1954-12-01,4.284
M0,USD1,1955-01-01,4.286
M0,USD1,1955-02-01,4.287
M0,USD1,1955-03-01,4.286
M0,USD1,1955-04-01,4.285
M0,USD1,1955-05-01,4.285
M0,USD1,1955-06-01,4.284
M0,USD1,1955-07-01,4.285
M0,USD1,1955-08-01,4.286
M0,USD1,1955-09-01,4.285
M0,USD1,1955-10-01,4.285
M0,USD1,1955-11-01,4.284
M0,USD1,1955-12-01,4.284
M0,USD1,1956-01-01,4.284
M0,USD1,1956-02-01,4.284
M0,USD1,1956-03-01,4.285
M0,USD1,1956-04-01,4.285
M0,USD1,1956-05-01,4.285
M0,USD1,1956-06-01,4.285
M0,USD1,1956-07-01,4.284
M0,USD1,1956-08-01,4.284
M0,USD1,1956-09-01,4.284
M0,USD1,1956-10-01,4.286
M0,USD1,1956-11-01,4.284
M0,USD1,1956-12-01,4.285
M0,USD1,1957-01-01,4.286
M0,USD1,1957-02-01,4.29
M0,USD1,1957-03-01,4.288
M0,USD1,1957-04-01,4.286
M0,USD1,1957-05-01,4.285
M0,USD1,1957-06-01,4.284
M0,USD1,1957-07-01,4.285
M0,USD1,1957-08-01,4.285
M0,USD1,1957-09-01,4.285
M0,USD1,1957-10-01,4.285
M0,USD1,1957-11-01,4.284
M0,USD1,1957-12-01,4.284
M0,USD1,1958-01-01,4.285
M0,USD1,1958-02-01,4.284
M0,USD1,1958-03-01,4.284
M0,USD1,1958-04-01,4.284
M0,USD1,1958-05-01,4.284
M0,USD1,1958-06-01,4.284
M0,USD1,1958-07-01,4.285
M0,USD1,1958-08-01,4.284
M0,USD1,1958-09-01,4.284
M0,USD1,1958-10-01,4.29
M0,USD1,1958-11-01,4.291
M0,USD1,1958-12-01,4.287
M0,USD1,1959-01-01,4.311
M0,USD1,1959-02-01,4.312
M0,USD1,1959-03-01,4.322
M0,USD1,1959-04-01,4.322
M0,USD1,1959-05-01,4.322
M0,USD1,1959-06-01,4.311
M0,USD1,1959-07-01,4.309
M0,USD1,1959-08-01,4.314
M0,USD1,1959-09-01,4.324
M0,USD1,1959-10-01,4.338
M0,USD1,1959-11-01,4.34
M0,USD1,1959-12-01,4.323
M0,USD1,1960-01-01,4.326
M0,USD1,1960-02-01,4.337
M0,USD1,1960-03-01,4.336
M0,USD1,1960-04-01,4.338
M0,USD1,1960-05-01,4.324
M0,USD1,1960-06-01,4.314
M0,USD1,1960-07-01,4.313
M0,USD1,1960-08-01,4.31
M0,USD1,1960-09-01,4.306
M0,USD1,1960-10-01,4.308
M0,USD1,1960-11-01,4.307
M0,USD1,1960-12-01,4.305
M0,USD1,1961-01-01,4.306
M0,USD1,1961-02-01,4.32
M0,USD1,1961-03-01,4.321
M0,USD1,1961-04-01,4.324
M0,USD1,1961-05-01,4.328
M0,USD1,1961-06-01,4.32
M0,USD1,1961-07-01,4.315
M0,USD1,1961-08-01,4.317
M0,USD1,1961-09-01,4.316
M0,USD1,1961-10-01,4.322
M0,USD1,1961-11-01,4.322
M0,USD1,1961-12-01,4.316
M0,USD1,1962-01-01,4.318
M0,USD1,1962-02-01,4.326
M0,USD1,1962-03-01,4.339
M0,USD1,1962-04-01,4.344
M0,USD1,1962-05-01,4.329
M0,USD1,1962-06-01,4.315
M0,USD1,1962-07-01,4.317
M0,USD1,1962-08-01,4.322
M0,USD1,1962-09-01,4.323
M0,USD1,1962-10-01,4.322
M0,USD1,1962-11-01,4.316
M0,USD1,1962-12-01,4.316
M0,USD1,1963-01-01,4.324
M0,USD1,1963-02-01,4.324
M0,USD1,1963-03-01,4.328
M0,USD1,1963-04-01,4.329
M0,USD1,1963-05-01,4.324
M0,USD1,1963-06-01,4.324
M0,USD1,1963-07-01,4.323
M0,USD1,1963-08-01,4.316
M0,USD1,1963-09-01,4.315
M0,USD1,1963-10-01,4.315
M0,USD1,1963-11-01,4.316
M0,USD1,1963-12-01,4.316
M0,USD1,1964-01-01,4.316
M0,USD1,1964-02-01,4.324
M0,USD1,1964-03-01,4.327
M0,USD1,1964-04-01,4.321
M0,USD1,1964-05-01,4.315
M0,USD1,1964-06-01,4.315
M0,USD1,1964-07-01,4.321
M0,USD1,1964-08-01,4.32
M0,USD1,1964-09-01,4.32
M0,USD1,1964-10-01,4.317
M0,USD1,1964-11-01,4.315
M0,USD1,1964-12-01,4.315
M0,USD1,1965-01-01,4.319
M0,USD1,1965-02-01,4.328
M0,USD1,1965-03-01,4.343
M0,USD1,1965-04-01,4.343
M0,USD1,1965-05-01,4.346
M0,USD1,1965-06-01,4.333
M0,USD1,1965-07-01,4.324
M0,USD1,1965-08-01,4.317
M0,USD1,1965-09-01,4.317
M0,USD1,1965-10-01,4.319
M0,USD1,1965-11-01,4.319
M0,USD1,1965-12-01,4.317
M0,USD1,1966-01-01,4.327
M0,USD1,1966-02-01,4.333
M0,USD1,1966-03-01,4.339
M0,USD1,1966-04-01,4.328
M0,USD1,1966-05-01,4.316
M0,USD1,1966-06-01,4.316
M0,USD1,1966-07-01,4.317
M0,USD1,1966-08-01,4.326
M0,USD1,1966-09-01,4.328
M0,USD1,1966-10-01,4.334
M0,USD1,1966-11-01,4.321
M0,USD1,1966-12-01,4.323
M0,USD1,1967-01-01,4.33
M0,USD1,1967-02-01,4.336
M0,USD1,1967-03-01,4.333
M0,USD1,1967-04-01,4.324
M0,USD1,1967-05-01,4.316
M0,USD1,1967-06-01,4.316
M0,USD1,1967-07-01,4.323
M0,USD1,1967-08-01,4.336
M0,USD1,1967-09-01,4.342
M0,USD1,1967-10-01,4.341
M0,USD1,1967-11-01,4.321
M0,USD1,1967-12-01,4.318
M0,USD1,1968-01-01,4.344
M0,USD1,1968-02-01,4.348
M0,USD1,1968-03-01,4.332
M0,USD1,1968-04-01,4.338
M0,USD1,1968-05-01,4.324
M0,USD1,1968-06-01,4.304
M0,USD1,1968-07-01,4.297
M0,USD1,1968-08-01,4.306
M0,USD1,1968-09-01,4.3
M0,USD1,1968-10-01,4.297
M0,USD1,1968-11-01,4.3
M0,USD1,1968-12-01,4.299
M0,USD1,1969-01-01,4.32
M0,USD1,1969-02-01,4.32
M0,USD1,1969-03-01,4.299
M0,USD1,1969-04-01,4.322
M0,USD1,1969-05-01,4.325
M0,USD1,1969-06-01,4.313
M0,USD1,1969-07-01,4.311
M0,USD1,1969-08-01,4.304
M0,USD1,1969-09-01,4.298
M0,USD1,1969-10-01,4.303
M0,USD1,1969-11-01,4.325
M0,USD1,1969-12-01,4.308
M0,USD1,1970-01-01,4.3134
M0,USD1,1970-02-01,4.2988
M0,USD1,1970-03-01,4.3093
M0,USD1,1970-04-01,4.3015
M0,USD1,1970-05-01,4.31
M0,USD1,1970-06-01,4.314
M0,USD1,1970-07-01,4.3034
M0,USD1,1970-08-01,4.3012
M0,USD1,1970-09-01,4.3058
M0,USD1,1970-10-01,4.3296
M0,USD1,1970-11-01,4.3187
M0,USD1,1970-12-01,4.3119
M0,USD1,1971-01-01,4.3049
M0,USD1,1971-02-01,4.2973
M0,USD1,1971-03-01,4.2998
M0,USD1,1971-04-01,4.2985
M0,USD1,1971-05-01,4.1153
M0,USD1,1971-06-01,4.0921
M0,USD1,1971-07-01,4.0942
M0,USD1,1971-08-01,4.0266
M0,USD1,1971-09-01,3.9806
M0,USD1,1971-10-01,3.9734
M0,USD1,1971-11-01,3.9778
M0,USD1,1971-12-01,3.9035
M0,USD1,1972-01-01,3.8901
M0,USD1,1972-02-01,3.8577
M0,USD1,1972-03-01,3.8503
M0,USD1,1972-04-01,3.8562
M0,USD1,1972-05-01,3.8597
M0,USD1,1972-06-01,3.82
M0,USD1,1972-07-01,3.7635
M0,USD1,1972-08-01,3.7802
M0,USD1,1972-09-01,3.7858
M0,USD1,1972-10-01,3.7961
M0,USD1,1972-11-01,3.8039
M0,USD1,1972-12-01,3.7712
M0,USD1,1973-01-01,3.7294
M0,USD1,1973-02-01,3.4186
M0,USD1,1973-03-01,3.207
M0,USD1,1973-04-01,3.2387
M0,USD1,1973-05-01,3.1716
M0,USD1,1973-06-01,3.0498
M0,USD1,1973-07-01,2.814
M0,USD1,1973-08-01,2.9709
M0,USD1,1973-09-01,3.0126
M0,USD1,1973-10-01,3.0253
M0,USD1,1973-11-01,3.1604
M0,USD1,1973-12-01,3.1968
M0,USD1,1974-01-01,3.3672
M0,USD1,1974-02-01,3.172
M0,USD1,1974-03-01,3.082
M0,USD1,1974-04-01,3.0197
M0,USD1,1974-05-01,2.9078
M0,USD1,1974-06-01,2.9901
M0,USD1,1974-07-01,2.9646
M0,USD1,1974-08-01,2.9812
M0,USD1,1974-09-01,2.9973
M0,USD1,1974-10-01,2.8997
M0,USD1,1974-11-01,2.7521
M0,USD1,1974-12-01,2.6174
M0,USD1,1975-01-01,2.5215
M0,USD1,1975-02-01,2.4771
M0,USD1,1975-03-01,2.4744
M0,USD1,1975-04-01,2.5578
M0,USD1,1975-05-01,2.5037
M0,USD1,1975-06-01,2.4944
M0,USD1,1975-07-01,2.6082
M0,USD1,1975-08-01,2.6803
M0,USD1,1975-09-01,2.707
M0,USD1,1975-10-01,2.6645
M0,USD1,1975-11-01,2.6511
M0,USD1,1975-12-01,2.6363
M0,USD1,1976-01-01,2.6015
M0,USD1,1976-02-01,2.5703
M0,USD1,1976-03-01,2.5637
M0,USD1,1976-04-01,2.5285
M0,USD1,1976-05-01,2.4876
M0,USD1,1976-06-01,2.4699
M0,USD1,1976-07-01,2.4834
M0,USD1,1976-08-01,2.4788
M0,USD1,1976-09-01,2.4732
M0,USD1,1976-10-01,2.4449
M0,USD1,1976-11-01,2.4405
M0,USD1,1976-12-01,2.4491
M0,USD1,1977-01-01,2.4882
M0,USD1,1977-02-01,2.519
M0,USD1,1977-03-01,2.5522
M0,USD1,1977-04-01,2.5251
M0,USD1,1977-05-01,2.5196
M0,USD1,1977-06-01,2.4896
M0,USD1,1977-07-01,2.4121
M0,USD1,1977-08-01,2.4061
M0,USD1,1977-09-01,2.3761
M0,USD1,1977-10-01,2.2784
M0,USD1,1977-11-01,2.1987
M0,USD1,1977-12-01,2.0766
M0,USD1,1978-01-01,1.9875
M0,USD1,1978-02-01,1.9043
M0,USD1,1978-03-01,1.8962
M0,USD1,1978-04-01,1.9023
M0,USD1,1978-05-01,1.9628
M0,USD1,1978-06-01,1.8836
M0,USD1,1978-07-01,1.801
M0,USD1,1978-08-01,1.6632
M0,USD1,1978-09-01,1.5714
M0,USD1,1978-10-01,1.537
M0,USD1,1978-11-01,1.6695
M0,USD1,1978-12-01,1.6773
M0,USD1,1979-01-01,1.6723
M0,USD1,1979-02-01,1.6739
M0,USD1,1979-03-01,1.6798
M0,USD1,1979-04-01,1.7139
M0,USD1,1979-05-01,1.7264
M0,USD1,1979-06-01,1.699
M0,USD1,1979-07-01,1.6456
M0,USD1,1979-08-01,1.6556
M0,USD1,1979-09-01,1.6132
M0,USD1,1979-10-01,1.6247
M0,USD1,1979-11-01,1.6472
M0,USD1,1979-12-01,1.5988
M0,USD1,1980-01-01,1.5929
M0,USD1,1980-02-01,1.6363
M0,USD1,1980-03-01,1.7584
M0,USD1,1980-04-01,1.753
M0,USD1,1980-05-01,1.6624
M0,USD1,1980-06-01,1.6331
M0,USD1,1980-07-01,1.6056
M0,USD1,1980-08-01,1.651
M0,USD1,1980-09-01,1.6384
M0,USD1,1980-10-01,1.6587
M0,USD1,1980-11-01,1.7249
M0,USD1,1980-12-01,1.7836
M0,USD1,1981-01-01,1.8165
M0,USD1,1981-02-01,1.95
M0,USD1,1981-03-01,1.9225
M0,USD1,1981-04-01,1.9693
M0,USD1,1981-05-01,2.0618
M0,USD1,1981-06-01,2.07
M0,USD1,1981-07-01,2.0941
M0,USD1,1981-08-01,2.1671
M0,USD1,1981-09-01,2.0283
M0,USD1,1981-10-01,1.8842
M0,USD1,1981-11-01,1.7844
M0,USD1,1981-12-01,1.8147
M0,USD1,1982-01-01,1.8422
M0,USD1,1982-02-01,1.89
M0,USD1,1982-03-01,1.8863
M0,USD1,1982-04-01,1.9586
M0,USD1,1982-05-01,1.9443
M0,USD1,1982-06-01,2.0748
M0,USD1,1982-07-01,2.0953
M0,USD1,1982-08-01,2.107
M0,USD1,1982-09-01,2.1347
M0,USD1,1982-10-01,2.1683
M0,USD1,1982-11-01,2.1956
M0,USD1,1982-12-01,2.0486
M0,USD1,1983-01-01,1.9668
M0,USD1,1983-02-01,2.0144
M0,USD1,1983-03-01,2.0607
M0,USD1,1983-04-01,2.0529
M0,USD1,1983-05-01,2.0594
M0,USD1,1983-06-01,2.1107
M0,USD1,1983-07-01,2.1152
M0,USD1,1983-08-01,2.1626
M0,USD1,1983-09-01,2.1623
M0,USD1,1983-10-01,2.1088
M0,USD1,1983-11-01,2.1687
M0,USD1,1983-12-01,2.1946
M0,USD1,1984-01-01,2.2363
M0,USD1,1984-02-01,2.2071
M0,USD1,1984-03-01,2.1454
M0,USD1,1984-04-01,2.1858
M0,USD1,1984-05-01,2.2669
M0,USD1,1984-06-01,2.2821
M0,USD1,1984-07-01,2.4046
M0,USD1,1984-08-01,2.415
M0,USD1,1984-09-01,2.4974
M0,USD1,1984-10-01,2.5234
M0,USD1,1984-11-01,2.4623
M0,USD1,1984-12-01,2.5561
M0,USD1,1985-01-01,2.6574
M0,USD1,1985-02-01,2.7959
M0,USD1,1985-03-01,2.8092
M0,USD1,1985-04-01,2.5829
M0,USD1,1985-05-01,2.6195
M0,USD1,1985-06-01,2.5702
M0,USD1,1985-07-01,2.4182
M0,USD1,1985-08-01,2.2889
M0,USD1,1985-09-01,2.3345
M0,USD1,1985-10-01,2.1664
M0,USD1,1985-11-01,2.1281
M0,USD1,1985-12-01,2.1033
M0,USD1,1986-01-01,2.0668
M0,USD1,1986-02-01,1.9557
M0,USD1,1986-03-01,1.9066
M0,USD1,1986-04-01,1.9034
M0,USD1,1986-05-01,1.8539
M0,USD1,1986-06-01,1.8417
M0,USD1,1986-07-01,1.7457
M0,USD1,1986-08-01,1.6607
M0,USD1,1986-09-01,1.6528
M0,USD1,1986-10-01,1.6407
M0,USD1,1986-11-01,1.6859
M0,USD1,1986-12-01,1.6664
M0,USD1,1987-01-01,1.5568
M0,USD1,1987-02-01,1.5425
M0,USD1,1987-03-01,1.5366
M0,USD1,1987-04-01,1.4948
M0,USD1,1987-05-01,1.4662
M0,USD1,1987-06-01,1.5087
M0,USD1,1987-07-01,1.5345
M0,USD1,1987-08-01,1.5371
M0,USD1,1987-09-01,1.501
M0,USD1,1987-10-01,1.4961
M0,USD1,1987-11-01,1.3812
M0,USD1,1987-12-01,1.3297
M0,USD1,1988-01-01,1.3437
M0,USD1,1988-02-01,1.3908
M0,USD1,1988-03-01,1.3863
M0,USD1,1988-04-01,1.3829
M0,USD1,1988-05-01,1.4098
M0,USD1,1988-06-01,1.4584
M0,USD1,1988-07-01,1.53
M0,USD1,1988-08-01,1.5835
M0,USD1,1988-09-01,1.5753
M0,USD1,1988-10-01,1.5417
M0,USD1,1988-11-01,1.4678
M0,USD1,1988-12-01,1.4771
M0,USD1,1989-01-01,1.5569
M0,USD1,1989-02-01,1.5745
M0,USD1,1989-03-01,1.6044
M0,USD1,1989-04-01,1.6452
M0,USD1,1989-05-01,1.7325
M0,USD1,1989-06-01,1.7098
M0,USD1,1989-07-01,1.6307
M0,USD1,1989-08-01,1.6623000000000001
M0,USD1,1989-09-01,1.6873
M0,USD1,1989-10-01,1.6312
M0,USD1,1989-11-01,1.6181
M0,USD1,1989-12-01,1.5679
M0,USD1,1990-01-01,1.5155
M0,USD1,1990-02-01,1.4875
M0,USD1,1990-03-01,1.5114
M0,USD1,1990-04-01,1.4873
M0,USD1,1990-05-01,1.4181
M0,USD1,1990-06-01,1.4244
M0,USD1,1990-07-01,1.3927
M0,USD1,1990-08-01,1.3077
M0,USD1,1990-09-01,1.3061
M0,USD1,1990-10-01,1.2809
M0,USD1,1990-11-01,1.257
M0,USD1,1990-12-01,1.2776
M0,USD1,1991-01-01,1.2725
M0,USD1,1991-02-01,1.265
M0,USD1,1991-03-01,1.3821
M0,USD1,1991-04-01,1.4403
M0,USD1,1991-05-01,1.4527
M0,USD1,1991-06-01,1.5292
M0,USD1,1991-07-01,1.5501
M0,USD1,1991-08-01,1.5208
M0,USD1,1991-09-01,1.4843
M0,USD1,1991-10-01,1.4791
M0,USD1,1991-11-01,1.4374
M0,USD1,1991-12-01,1.3877
M0,USD1,1992-01-01,1.4018
M0,USD1,1992-02-01,1.455
M0,USD1,1992-03-01,1.5081
M0,USD1,1992-04-01,1.5156
M0,USD1,1992-05-01,1.4903
M0,USD1,1992-06-01,1.4266
M0,USD1,1992-07-01,1.3332
M0,USD1,1992-08-01,1.3002
M0,USD1,1992-09-01,1.2777
M0,USD1,1992-10-01,1.3122
M0,USD1,1992-11-01,1.4281
M0,USD1,1992-12-01,1.422
M0,USD1,1993-01-01,1.4764
M0,USD1,1993-02-01,1.5169
M0,USD1,1993-03-01,1.52
M0,USD1,1993-04-01,1.4586
M0,USD1,1993-05-01,1.4482
M0,USD1,1993-06-01,1.4722
M0,USD1,1993-07-01,1.5149
M0,USD1,1993-08-01,1.498
M0,USD1,1993-09-01,1.4192
M0,USD1,1993-10-01,1.4394
M0,USD1,1993-11-01,1.4964
M0,USD1,1993-12-01,1.464
M0,USD1,1994-01-01,1.4711
M0,USD1,1994-02-01,1.4576
M0,USD1,1994-03-01,1.4301
M0,USD1,1994-04-01,1.4383
M0,USD1,1994-05-01,1.413
M0,USD1,1994-06-01,1.3757
M0,USD1,1994-07-01,1.3248
M0,USD1,1994-08-01,1.3173
M0,USD1,1994-09-01,1.292
M0,USD1,1994-10-01,1.2648
M0,USD1,1994-11-01,1.2941
M0,USD1,1994-12-01,1.3289
M0,USD1,1995-01-01,1.2866
M0,USD1,1995-02-01,1.2705
M0,USD1,1995-03-01,1.1714
M0,USD1,1995-04-01,1.1342
M0,USD1,1995-05-01,1.1663
M0,USD1,1995-06-01,1.1575
M0,USD1,1995-07-01,1.1558
M0,USD1,1995-08-01,1.198
M0,USD1,1995-09-01,1.1891
M0,USD1,1995-10-01,1.145
M0,USD1,1995-11-01,1.1419
M0,USD1,1995-12-01,1.1639
M0,USD1,1996-01-01,1.18
M0,USD1,1996-02-01,1.1952
M0,USD1,1996-03-01,1.1962
M0,USD1,1996-04-01,1.2189
M0,USD1,1996-05-01,1.2533
M0,USD1,1996-06-01,1.2561
M0,USD1,1996-07-01,1.2334
M0,USD1,1996-08-01,1.2022
M0,USD1,1996-09-01,1.2309
M0,USD1,1996-10-01,1.2574
M0,USD1,1996-11-01,1.2738
M0,USD1,1996-12-01,1.3271
M0,USD1,1997-01-01,1.3925
M0,USD1,1997-02-01,1.4526
M0,USD1,1997-03-01,1.4653
M0,USD1,1997-04-01,1.4599
M0,USD1,1997-05-01,1.4324
M0,USD1,1997-06-01,1.4411
M0,USD1,1997-07-01,1.4802
M0,USD1,1997-08-01,1.5145
M0,USD1,1997-09-01,1.472
M0,USD1,1997-10-01,1.4523
M0,USD1,1997-11-01,1.407
M0,USD1,1997-12-01,1.4387
M0,USD1,1998-01-01,1.4739
M0,USD1,1998-02-01,1.4637
M0,USD1,1998-03-01,1.4872
M0,USD1,1998-04-01,1.5054
M0,USD1,1998-05-01,1.4784
M0,USD1,1998-06-01,1.4935
M0,USD1,1998-07-01,1.5133
M0,USD1,1998-08-01,1.4939
M0,USD1,1998-09-01,1.4022
M0,USD1,1998-10-01,1.3376
M0,USD1,1998-11-01,1.3833
M0,USD1,1998-12-01,1.3588
M0,USD1,1999-01-01,1.3824
M0,USD1,1999-02-01,1.4256
M0,USD1,1999-03-01,1.4647
M0,USD1,1999-04-01,1.4962
M0,USD1,1999-05-01,1.5071
M0,USD1,1999-06-01,1.5357
M0,USD1,1999-07-01,1.5499
M0,USD1,1999-08-01,1.5089
M0,USD1,1999-09-01,1.5246
M0,USD1,1999-10-01,1.4876
M0,USD1,1999-11-01,1.5504
M0,USD1,1999-12-01,1.5819
M0,USD1,2000-01-01,1.5854
M0,USD1,2000-02-01,1.6316
M0,USD1,2000-03-01,1.6616
M0,USD1,2000-04-01,1.6605
M0,USD1,2000-05-01,1.7164
M0,USD1,2000-06-01,1.6419
M0,USD1,2000-07-01,1.6488
M0,USD1,2000-08-01,1.7154
M0,USD1,2000-09-01,1.7552
M0,USD1,2000-10-01,1.7685
M0,USD1,2000-11-01,1.7767
M0,USD1,2000-12-01,1.6874
M0,USD1,2001-01-01,1.6291
M0,USD1,2001-02-01,1.6661
M0,USD1,2001-03-01,1.6878
M0,USD1,2001-04-01,1.712
M0,USD1,2001-05-01,1.7519
M0,USD1,2001-06-01,1.7827
M0,USD1,2001-07-01,1.7602
M0,USD1,2001-08-01,1.6799
M0,USD1,2001-09-01,1.6386
M0,USD1,2001-10-01,1.6329
M0,USD1,2001-11-01,1.6509
M0,USD1,2001-12-01,1.6498
M0,USD1,2002-01-01,1.6681
M0,USD1,2002-02-01,1.6979
M0,USD1,2002-03-01,1.6753
M0,USD1,2002-04-01,1.6549
M0,USD1,2002-05-01,1.5876
M0,USD1,2002-06-01,1.5408
M0,USD1,2002-07-01,1.474
M0,USD1,2002-08-01,1.4977
M0,USD1,2002-09-01,1.4938
M0,USD1,2002-10-01,1.4929
M0,USD1,2002-11-01,1.4651
M0,USD1,2002-12-01,1.441
M0,USD1,2003-01-01,1.3759
M0,USD1,2003-02-01,1.3616
M0,USD1,2003-03-01,1.3592
M0,USD1,2003-04-01,1.3773
M0,USD1,2003-05-01,1.3097
M0,USD1,2003-06-01,1.3189
M0,USD1,2003-07-01,1.3601
M0,USD1,2003-08-01,1.3816
M0,USD1,2003-09-01,1.3788
M0,USD1,2003-10-01,1.3224
M0,USD1,2003-11-01,1.3318
M0,USD1,2003-12-01,1.2664
M0,USD1,2004-01-01,1.2417
M0,USD1,2004-02-01,1.2436
M0,USD1,2004-03-01,1.2767
M0,USD1,2004-04-01,1.2965
M0,USD1,2004-05-01,1.2828
M0,USD1,2004-06-01,1.251
M0,USD1,2004-07-01,1.2438
M0,USD1,2004-08-01,1.2629
M0,USD1,2004-09-01,1.2631
M0,USD1,2004-10-01,1.235
M0,USD1,2004-11-01,1.1732
M0,USD1,2004-12-01,1.1453
M0,USD1,2005-01-01,1.1777
M0,USD1,2005-02-01,1.1907
M0,USD1,2005-03-01,1.1727
M0,USD1,2005-04-01,1.1949
M0,USD1,2005-05-01,1.2173
M0,USD1,2005-06-01,1.2643
M0,USD1,2005-07-01,1.2937
M0,USD1,2005-08-01,1.2623
M0,USD1,2005-09-01,1.2638
M0,USD1,2005-10-01,1.288
M0,USD1,2005-11-01,1.3098
M0,USD1,2005-12-01,1.3047
M0,USD1,2006-01-01,1.2779
M0,USD1,2006-02-01,1.3041
M0,USD1,2006-03-01,1.3047
M0,USD1,2006-04-01,1.2834
M0,USD1,2006-05-01,1.2188
M0,USD1,2006-06-01,1.2324
M0,USD1,2006-07-01,1.2363
M0,USD1,2006-08-01,1.2305
M0,USD1,2006-09-01,1.2433
M0,USD1,2006-10-01,1.26
M0,USD1,2006-11-01,1.2358
M0,USD1,2006-12-01,1.2078
M0,USD1,2007-01-01,1.2439
M0,USD1,2007-02-01,1.2402
M0,USD1,2007-03-01,1.218
M0,USD1,2007-04-01,1.2116
M0,USD1,2007-05-01,1.221
M0,USD1,2007-06-01,1.2332
M0,USD1,2007-07-01,1.2076
M0,USD1,2007-08-01,1.2027
M0,USD1,2007-09-01,1.1861
M0,USD1,2007-10-01,1.1742
M0,USD1,2007-11-01,1.1234
M0,USD1,2007-12-01,1.1391
M0,USD1,2008-01-01,1.1008
M0,USD1,2008-02-01,1.0908
M0,USD1,2008-03-01,1.012
M0,USD1,2008-04-01,1.0125
M0,USD1,2008-05-01,1.0435
M0,USD1,2008-06-01,1.0373000000000001
M0,USD1,2008-07-01,1.0261
M0,USD1,2008-08-01,1.0839
M0,USD1,2008-09-01,1.1097
M0,USD1,2008-10-01,1.1421
M0,USD1,2008-11-01,1.1894
M0,USD1,2008-12-01,1.1463
M0,USD1,2009-01-01,1.1287
M0,USD1,2009-02-01,1.1651
M0,USD1,2009-03-01,1.1553
M0,USD1,2009-04-01,1.1482
M0,USD1,2009-05-01,1.1086
M0,USD1,2009-06-01,1.081
M0,USD1,2009-07-01,1.0796
M0,USD1,2009-08-01,1.0689
M0,USD1,2009-09-01,1.0406
M0,USD1,2009-10-01,1.0216
M0,USD1,2009-11-01,1.0123
M0,USD1,2009-12-01,1.0283
M0,USD1,2010-01-01,1.0337
M0,USD1,2010-02-01,1.0715
M0,USD1,2010-03-01,1.0668
M0,USD1,2010-04-01,1.0684
M0,USD1,2010-05-01,1.1284
M0,USD1,2010-06-01,1.1282
M0,USD1,2010-07-01,1.0549
M0,USD1,2010-08-01,1.0398
M0,USD1,2010-09-01,1.0023
M0,USD1,2010-10-01,0.9685
M0,USD1,2010-11-01,0.9831
M0,USD1,2010-12-01,0.9683
M0,USD1,2011-01-01,0.9569
M0,USD1,2011-02-01,0.9499
M0,USD1,2011-03-01,0.9197
M0,USD1,2011-04-01,0.8987
M0,USD1,2011-05-01,0.8735
M0,USD1,2011-06-01,0.8403
M0,USD1,2011-07-01,0.8244
M0,USD1,2011-08-01,0.7812
M0,USD1,2011-09-01,0.8723
M0,USD1,2011-10-01,0.8975
M0,USD1,2011-11-01,0.9082
M0,USD1,2011-12-01,0.9316
M0,USD1,2012-01-01,0.9378
M0,USD1,2012-02-01,0.9119
M0,USD1,2012-03-01,0.9133
M0,USD1,2012-04-01,0.9136
M0,USD1,2012-05-01,0.9377
M0,USD1,2012-06-01,0.9584
M0,USD1,2012-07-01,0.9766
M0,USD1,2012-08-01,0.9685
M0,USD1,2012-09-01,0.9405
M0,USD1,2012-10-01,0.9328
M0,USD1,2012-11-01,0.9392
M0,USD1,2012-12-01,0.9216
M0,USD1,2013-01-01,0.9241
M0,USD1,2013-02-01,0.9202
M0,USD1,2013-03-01,0.946
M0,USD1,2013-04-01,0.9377
M0,USD1,2013-05-01,0.955
M0,USD1,2013-06-01,0.9343
M0,USD1,2013-07-01,0.9452
M0,USD1,2013-08-01,0.9264
M0,USD1,2013-09-01,0.9244
M0,USD1,2013-10-01,0.9027
M0,USD1,2013-11-01,0.9128
M0,USD1,2013-12-01,0.8942
M0,USD1,2014-01-01,0.9035
M0,USD1,2014-02-01,0.8942
M0,USD1,2014-03-01,0.8811
M0,USD1,2014-04-01,0.8826
M0,USD1,2014-05-01,0.888
M0,USD1,2014-06-01,0.896
M0,USD1,2014-07-01,0.8969
M0,USD1,2014-08-01,0.9098
M0,USD1,2014-09-01,0.9354
M0,USD1,2014-10-01,0.9526
M0,USD1,2014-11-01,0.9646
M0,USD1,2014-12-01,0.9759
M0,USD1,2015-01-01,0.9422
M0,USD1,2015-02-01,0.9353
M0,USD1,2015-03-01,0.9798
M0,USD1,2015-04-01,0.9621
M0,USD1,2015-05-01,0.9316
M0,USD1,2015-06-01,0.9319
M0,USD1,2015-07-01,0.953
M0,USD1,2015-08-01,0.9681
M0,USD1,2015-09-01,0.9716
M0,USD1,2015-10-01,0.9681
M0,USD1,2015-11-01,1.0087
M0,USD1,2015-12-01,0.9958
M0,USD1,2016-01-01,1.0054
M0,USD1,2016-02-01,0.993
M0,USD1,2016-03-01,0.9833
M0,USD1,2016-04-01,0.964
M0,USD1,2016-05-01,0.9772
M0,USD1,2016-06-01,0.97
M0,USD1,2016-07-01,0.9821
M0,USD1,2016-08-01,0.9703
M0,USD1,2016-09-01,0.9743
M0,USD1,2016-10-01,0.9867
M0,USD1,2016-11-01,0.9958
M0,USD1,2016-12-01,1.0193
M0,USD1,2017-01-01,1.0086
M0,USD1,2017-02-01,1.0017
M0,USD1,2017-03-01,1.0021
M0,USD1,2017-04-01,1.0008
M0,USD1,2017-05-01,0.9867
M0,USD1,2017-06-01,0.9682
M0,USD1,2017-07-01,0.9607
M0,USD1,2017-08-01,0.9648
M0,USD1,2017-09-01,0.9622
M0,USD1,2017-10-01,0.9817
M0,USD1,2017-11-01,0.9919
M0,USD1,2017-12-01,0.9869
M0,USD1,2018-01-01,0.9616
M0,USD1,2018-02-01,0.9341
M0,USD1,2018-03-01,0.9471
M0,USD1,2018-04-01,0.96756
M0,USD1,2018-05-01,0.99689
M0,USD1,2018-06-01,0.98954
M0,USD1,2018-07-01,0.99462
M0,USD1,2018-08-01,0.98857
M0,USD1,2018-09-01,0.9679
M0,USD1,2018-10-01,0.99346
M0,USD1,2018-11-01,1.00105
M0,USD1,2018-12-01,0.99231
M0,USD1,2019-01-01,0.9892
M0,USD1,2019-02-01,1.00153
M0,USD1,2019-03-01,1.00062
M0,USD1,2019-04-01,1.00654
M0,USD1,2019-05-01,1.01077
M0,USD1,2019-06-01,0.9889
M0,USD1,2019-07-01,0.98737
M0,USD1,2019-08-01,0.97886
M0,USD1,2019-09-01,0.9905
M0,USD1,2019-10-01,0.99361
M0,USD1,2019-11-01,0.99306
M0,USD1,2019-12-01,0.98355
M0,USD1,2020-01-01,0.97017
M0,USD1,2020-02-01,0.97608
M0,USD1,2020-03-01,0.95701
M0,USD1,2020-04-01,0.97097
M0,USD1,2020-05-01,0.97072
M0,USD1,2020-06-01,0.95106
M0,USD1,2020-07-01,0.93462
M0,USD1,2020-08-01,0.91007
M0,USD1,2020-09-01,0.91437
M0,USD1,2020-10-01,0.91277
M0,USD1,2020-11-01,0.91087
M0,USD1,2020-12-01,0.88887
M0,USD1,2021-01-01,0.88663
M0,USD1,2021-02-01,0.89725
M0,USD1,2021-03-01,0.92945
M0,USD1,2021-04-01,0.92125
M0,USD1,2021-05-01,0.90282
M0,USD1,2021-06-01,0.9079
M0,USD1,2021-07-01,0.91801
M0,USD1,2021-08-01,0.91421
M0,USD1,2021-09-01,0.92233
M0,USD1,2021-10-01,0.92356
M0,USD1,2021-11-01,0.92184
M0,USD1,2021-12-01,0.9209
M0,USD1,2022-01-01,0.91868
M0,USD1,2022-02-01,0.92266
M0,USD1,2022-03-01,0.92967
M0,USD1,2022-04-01,0.94391
M0,USD1,2022-05-01,0.98024
M0,USD1,2022-06-01,0.96962
M0,USD1,2022-07-01,0.96954
M0,USD1,2022-08-01,0.95717
M0,USD1,2022-09-01,0.97293
M0,USD1,2022-10-01,0.99564
M0,USD1,2022-11-01,0.96588
M0,USD1,2022-12-01,0.93205
M0,USD1,2023-01-01,0.92411
M0,USD1,2023-02-01,0.92427
M0,USD1,2023-03-01,0.92552
M0,USD1,2023-04-01,0.89768
M0,USD1,2023-05-01,0.89699
M0,USD1,2023-06-01,0.90083
M0,USD1,2023-07-01,0.87398
M0,USD1,2023-08-01,0.87859
M0,USD1,2023-09-01,0.89823
M0,USD1,2023-10-01,0.90385
M0,USD1,2023-11-01,0.8918
M0,USD1,2023-12-01,0.86603
M0,USD1,2024-01-01,0.85893
M0,USD1,2024-02-01,0.87667
M0,USD1,2024-03-01,0.8879
M0,USD1,2024-04-01,0.90975
M0,USD1,2024-05-01,0.90912
M0,USD1,2024-06-01,0.89391
M0,USD1,2024-07-01,0.89244
M0,USD1,2024-08-01,0.85732
M0,USD1,2024-09-01,0.84719
M0,USD1,2024-10-01,0.86059
M0,USD1,2024-11-01,0.88034
M0,USD1,2024-12-01,0.89113
M0,USD1,2025-01-01,0.90933
M0,USD1,2025-02-01,0.90396
M0,USD1,2025-03-01,0.88351
M0,USD1,2025-04-01,0.83684
M0,USD1,2025-05-01,0.82921
M0,USD1,2025-06-01,0.81376
M0,USD1,2025-07-01,0.79786
M0,USD1,2025-08-01,0.80649
M0,USD1,2025-09-01,0.79661
M0,USD1,2025-10-01,0.79772
M0,USD1,2025-11-01,0.80389
M0,USD1,2025-12-01,0.79709
M0,USD1,2026-01-01,0.79023
M0,USD1,2026-02-01,0.77275
M0,USD1,2026-03-01,0.78678
M0,USD1,2026-04-01,0.78713
M0,USD1,2026-05-01,0.78369
M0,USD1,2026-06-01,0.7992
M0,USD1,2026-07-01,0.81002
M0,USD3M,2008-01-01,1.0972
M0,USD3M,2008-02-01,1.0897
M0,USD3M,2008-03-01,1.0118
M0,USD3M,2008-04-01,1.0119
M0,USD3M,2008-05-01,1.0429000000000002
M0,USD3M,2008-06-01,1.0366000000000002
M0,USD3M,2008-07-01,1.0252000000000001
M0,USD3M,2008-08-01,1.0830000000000002
M0,USD3M,2008-09-01,1.1067
M0,USD3M,2008-10-01,1.1378
M0,USD3M,2008-11-01,1.1861
M0,USD3M,2008-12-01,1.1420000000000001
M0,USD3M,2009-01-01,1.1271
M0,USD3M,2009-02-01,1.1627
M0,USD3M,2009-03-01,1.1526
M0,USD3M,2009-04-01,1.1463
M0,USD3M,2009-05-01,1.1072
M0,USD3M,2009-06-01,1.0796999999999999
M0,USD3M,2009-07-01,1.0782999999999998
M0,USD3M,2009-08-01,1.0679
M0,USD3M,2009-09-01,1.0398
M0,USD3M,2009-10-01,1.0209000000000001
M0,USD3M,2009-11-01,1.0117
M0,USD3M,2009-12-01,1.0276
M0,USD3M,2010-01-01,1.0331000000000001
M0,USD3M,2010-02-01,1.0708
M0,USD3M,2010-03-01,1.066
M0,USD3M,2010-04-01,1.0673
M0,USD3M,2010-05-01,1.1256000000000002
M0,USD3M,2010-06-01,1.1257000000000001
M0,USD3M,2010-07-01,1.0534
M0,USD3M,2010-08-01,1.0387
M0,USD3M,2010-09-01,1.0014
M0,USD3M,2010-10-01,0.9677
M0,USD3M,2010-11-01,0.9822
M0,USD3M,2010-12-01,0.9670000000000001
M0,USD3M,2011-01-01,0.956
M0,USD3M,2011-02-01,0.949
M0,USD3M,2011-03-01,0.9189999999999999
M0,USD3M,2011-04-01,0.8982000000000001
M0,USD3M,2011-05-01,0.8730000000000001
M0,USD3M,2011-06-01,0.8397
M0,USD3M,2011-07-01,0.8238
M0,USD3M,2011-08-01,0.7787000000000001
M0,USD3M,2011-09-01,0.8698
M0,USD3M,2011-10-01,0.8956999999999999
M0,USD3M,2011-11-01,0.9064
M0,USD3M,2011-12-01,0.9296
M0,USD3M,2012-01-01,0.9363
M0,USD3M,2012-02-01,0.9107000000000001
M0,USD3M,2012-03-01,0.9123
M0,USD3M,2012-04-01,0.9123
M0,USD3M,2012-05-01,0.9362
M0,USD3M,2012-06-01,0.9562
M0,USD3M,2012-07-01,0.9743
M0,USD3M,2012-08-01,0.9665
M0,USD3M,2012-09-01,0.9391
M0,USD3M,2012-10-01,0.9314
M0,USD3M,2012-11-01,0.9378000000000001
M0,USD3M,2012-12-01,0.9199999999999999
M0,USD3M,2013-01-01,0.923
M0,USD3M,2013-02-01,0.9192
M0,USD3M,2013-03-01,0.9449
M0,USD3M,2013-04-01,0.9367
M0,USD3M,2013-05-01,0.9541
M0,USD3M,2013-06-01,0.9334
M0,USD3M,2013-07-01,0.9444
M0,USD3M,2013-08-01,0.9257
M0,USD3M,2013-09-01,0.9237
M0,USD3M,2013-10-01,0.9018999999999999
M0,USD3M,2013-11-01,0.9120999999999999
M0,USD3M,2013-12-01,0.8934
M0,USD3M,2014-01-01,0.9027999999999999
M0,USD3M,2014-02-01,0.8935
M0,USD3M,2014-03-01,0.8804
M0,USD3M,2014-04-01,0.8819
M0,USD3M,2014-05-01,0.8873
M0,USD3M,2014-06-01,0.8952
M0,USD3M,2014-07-01,0.8962
M0,USD3M,2014-08-01,0.9091
M0,USD3M,2014-09-01,0.9345
M0,USD3M,2014-10-01,0.9517
M0,USD3M,2014-11-01,0.9635
M0,USD3M,2014-12-01,0.9742999999999999
M0,USD3M,2015-01-01,0.9391
M0,USD3M,2015-02-01,0.9312
M0,USD3M,2015-03-01,0.9762
M0,USD3M,2015-04-01,0.9584999999999999
M0,USD3M,2015-05-01,0.9282
M0,USD3M,2015-06-01,0.9287
M0,USD3M,2015-07-01,0.9498
M0,USD3M,2015-08-01,0.965
M0,USD3M,2015-09-01,0.9683
M0,USD3M,2015-10-01,0.9648
M0,USD3M,2015-11-01,1.0043
M0,USD3M,2015-12-01,0.9914000000000001
M0,USD3M,2016-01-01,1.0014
M0,USD3M,2016-02-01,0.9889
M0,USD3M,2016-03-01,0.9792
M0,USD3M,2016-04-01,0.9601999999999999
M0,USD3M,2016-05-01,0.9731
M0,USD3M,2016-06-01,0.9652999999999999
M0,USD3M,2016-07-01,0.977
M0,USD3M,2016-08-01,0.9652000000000001
M0,USD3M,2016-09-01,0.9694
M0,USD3M,2016-10-01,0.9814
M0,USD3M,2016-11-01,0.9902
M0,USD3M,2016-12-01,1.0133
M0,USD3M,2017-01-01,1.0030999999999999
M0,USD3M,2017-02-01,0.9965
M0,USD3M,2017-03-01,0.9964999999999999
M0,USD3M,2017-04-01,0.9951999999999999
M0,USD3M,2017-05-01,0.981
M0,USD3M,2017-06-01,0.9624999999999999
M0,USD3M,2017-07-01,0.955
M0,USD3M,2017-08-01,0.9591
M0,USD3M,2017-09-01,0.9565
M0,USD3M,2017-10-01,0.9754
M0,USD3M,2017-11-01,0.985
M0,USD3M,2017-12-01,0.9794
M0,USD3M,2018-01-01,0.9551000000000001
M0,USD3M,2018-02-01,0.9272
M0,USD3M,2018-03-01,0.9396000000000001
M0,USD3M,2018-04-01,0.9598
M0,USD3M,2018-05-01,0.9892
M0,USD3M,2018-06-01,0.9816
M0,USD3M,2018-07-01,0.9868
M0,USD3M,2018-08-01,0.9808
M0,USD3M,2018-09-01,0.96
M0,USD3M,2018-10-01,0.9843000000000001
M0,USD3M,2018-11-01,0.9914999999999999
M0,USD3M,2018-12-01,0.983
M0,USD3M,2019-01-01,0.98
M0,USD3M,2019-02-01,0.9929
M0,USD3M,2019-03-01,0.9919999999999999
M0,USD3M,2019-04-01,0.9985
M0,USD3M,2019-05-01,1.0022
M0,USD3M,2019-06-01,0.9808
M0,USD3M,2019-07-01,0.9791
M0,USD3M,2019-08-01,0.9716
M0,USD3M,2019-09-01,0.9827
M0,USD3M,2019-10-01,0.986
M0,USD3M,2019-11-01,0.986
M0,USD3M,2019-12-01,0.9764999999999999
M0,USD3M,2020-01-01,0.9636
M0,USD3M,2020-02-01,0.97
M0,USD3M,2020-03-01,0.9517
M0,USD3M,2020-04-01,0.9674
M0,USD3M,2020-05-01,0.9674999999999999
M0,USD3M,2020-06-01,0.9487
M0,USD3M,2020-07-01,0.9321
M0,USD3M,2020-08-01,0.9077000000000001
M0,USD3M,2020-09-01,0.9118
M0,USD3M,2020-10-01,0.9100999999999999
M0,USD3M,2020-11-01,0.9082
M0,USD3M,2020-12-01,0.886
M0,USD3M,2021-01-01,0.884
M0,USD3M,2021-02-01,0.895
M0,USD3M,2021-03-01,0.927
M0,USD3M,2021-04-01,0.9207000000000001
M0,USD3M,2021-05-01,0.9006000000000001
M0,USD3M,2021-06-01,0.9057000000000001
M0,USD3M,2021-07-01,0.9158000000000001
M0,USD3M,2021-08-01,0.912
M0,USD3M,2021-09-01,0.9202
M0,USD3M,2021-10-01,0.921
M0,USD3M,2021-11-01,0.9190999999999999
M0,USD3M,2021-12-01,0.9183
M0,USD3M,2022-01-01,0.9162
M0,USD3M,2022-02-01,0.9197
M0,USD3M,2022-03-01,0.9259999999999999
M0,USD3M,2022-04-01,0.9394
M0,USD3M,2022-05-01,0.9740000000000001
M0,USD3M,2022-06-01,0.9631
M0,USD3M,2022-07-01,0.9626
M0,USD3M,2022-08-01,0.9497
M0,USD3M,2022-09-01,0.9651
M0,USD3M,2022-10-01,0.9847999999999999
M0,USD3M,2022-11-01,0.9549
M0,USD3M,2022-12-01,0.9223
M0,USD3M,2023-01-01,0.9152
M0,USD3M,2023-02-01,0.9155
M0,USD3M,2023-03-01,0.9159
M0,USD3M,2023-04-01,0.8894
M0,USD3M,2023-05-01,0.8879
M0,USD3M,2023-06-01,0.892
M0,USD3M,2023-07-01,0.8654000000000001
M0,USD3M,2023-08-01,0.8697999999999999
M0,USD3M,2023-09-01,0.8895
M0,USD3M,2023-10-01,0.8945000000000001
M0,USD3M,2023-11-01,0.8828
M0,USD3M,2023-12-01,0.8567
M0,USD3M,2024-01-01,0.8494
M0,USD3M,2024-02-01,0.8681000000000001
M0,USD3M,2024-03-01,0.8795999999999999
M0,USD3M,2024-04-01,0.9
M0,USD3M,2024-05-01,0.9000999999999999
M0,USD3M,2024-06-01,0.8843
M0,USD3M,2024-07-01,0.8826999999999999
M0,USD3M,2024-08-01,0.8488
M0,USD3M,2024-09-01,0.8383999999999999
M0,USD3M,2024-10-01,0.8517
M0,USD3M,2024-11-01,0.8711
M0,USD3M,2024-12-01,0.8827
M0,USD3M,2025-01-01,0.8996000000000001
M0,USD3M,2025-02-01,0.8945000000000001
M0,USD3M,2025-03-01,0.874
M0,USD3M,2025-04-01,0.8254
M0,USD3M,2025-05-01,0.8199000000000001
M0,USD3M,2025-06-01,0.8046
M0,USD3M,2025-07-01,0.7887
M0,USD3M,2025-08-01,0.7978999999999999
M0,USD3M,2025-09-01,0.7881
M0,USD3M,2025-10-01,0.7892
M0,USD3M,2025-11-01,0.7954
M0,USD3M,2025-12-01,0.7884
M0,USD3M,2026-01-01,0.7827999999999999
M0,USD3M,2026-02-01,0.7653000000000001
M0,USD3M,2026-03-01,0.7789
M0,USD3M,2026-04-01,0.7803
M0,USD3M,2026-05-01,0.7756
M0,USD3M,2026-06-01,0.7912
M0,USD3M,2026-07-01,0.8018000000000001
M0,USD6M,2008-01-01,1.0951
M0,USD6M,2008-02-01,1.0893
M0,USD6M,2008-03-01,1.0126
M0,USD6M,2008-04-01,1.0123
M0,USD6M,2008-05-01,1.0431000000000001
M0,USD6M,2008-06-01,1.0358
M0,USD6M,2008-07-01,1.0242
M0,USD6M,2008-08-01,1.0817
M0,USD6M,2008-09-01,1.105
M0,USD6M,2008-10-01,1.1354
M0,USD6M,2008-11-01,1.1826
M0,USD6M,2008-12-01,1.1373000000000002
M0,USD6M,2009-01-01,1.1249
M0,USD6M,2009-02-01,1.1596
M0,USD6M,2009-03-01,1.149
M0,USD6M,2009-04-01,1.1438000000000001
M0,USD6M,2009-05-01,1.1054
M0,USD6M,2009-06-01,1.078
M0,USD6M,2009-07-01,1.0766
M0,USD6M,2009-08-01,1.0665
M0,USD6M,2009-09-01,1.0386
M0,USD6M,2009-10-01,1.02
M0,USD6M,2009-11-01,1.011
M0,USD6M,2009-12-01,1.0267
M0,USD6M,2010-01-01,1.0324
M0,USD6M,2010-02-01,1.0699999999999998
M0,USD6M,2010-03-01,1.0651
M0,USD6M,2010-04-01,1.0663
M0,USD6M,2010-05-01,1.1226
M0,USD6M,2010-06-01,1.1226
M0,USD6M,2010-07-01,1.0515999999999999
M0,USD6M,2010-08-01,1.0375
M0,USD6M,2010-09-01,1.0004
M0,USD6M,2010-10-01,0.9669
M0,USD6M,2010-11-01,0.9812
M0,USD6M,2010-12-01,0.9656
M0,USD6M,2011-01-01,0.955
M0,USD6M,2011-02-01,0.9480999999999999
M0,USD6M,2011-03-01,0.9183
M0,USD6M,2011-04-01,0.8979
M0,USD6M,2011-05-01,0.8726
M0,USD6M,2011-06-01,0.8390000000000001
M0,USD6M,2011-07-01,0.8228
M0,USD6M,2011-08-01,0.7765
M0,USD6M,2011-09-01,0.8671
M0,USD6M,2011-10-01,0.8934
M0,USD6M,2011-11-01,0.9039
M0,USD6M,2011-12-01,0.9272
M0,USD6M,2012-01-01,0.9343
M0,USD6M,2012-02-01,0.9091
M0,USD6M,2012-03-01,0.9109
M0,USD6M,2012-04-01,0.9107
M0,USD6M,2012-05-01,0.9340999999999999
M0,USD6M,2012-06-01,0.9533
M0,USD6M,2012-07-01,0.9714
M0,USD6M,2012-08-01,0.9639
M0,USD6M,2012-09-01,0.9374
M0,USD6M,2012-10-01,0.9298
M0,USD6M,2012-11-01,0.9362
M0,USD6M,2012-12-01,0.9182
M0,USD6M,2013-01-01,0.9216000000000001
M0,USD6M,2013-02-01,0.9181
M0,USD6M,2013-03-01,0.9436
M0,USD6M,2013-04-01,0.9354
M0,USD6M,2013-05-01,0.9529
M0,USD6M,2013-06-01,0.9323
M0,USD6M,2013-07-01,0.9433
M0,USD6M,2013-08-01,0.9247
M0,USD6M,2013-09-01,0.9228
M0,USD6M,2013-10-01,0.9010999999999999
M0,USD6M,2013-11-01,0.9113
M0,USD6M,2013-12-01,0.8926
M0,USD6M,2014-01-01,0.9021
M0,USD6M,2014-02-01,0.8927
M0,USD6M,2014-03-01,0.8796
M0,USD6M,2014-04-01,0.8811000000000001
M0,USD6M,2014-05-01,0.8863
M0,USD6M,2014-06-01,0.8943
M0,USD6M,2014-07-01,0.8953
M0,USD6M,2014-08-01,0.9082
M0,USD6M,2014-09-01,0.9332
M0,USD6M,2014-10-01,0.9507
M0,USD6M,2014-11-01,0.9622
M0,USD6M,2014-12-01,0.9726
M0,USD6M,2015-01-01,0.9359000000000001
M0,USD6M,2015-02-01,0.9269000000000001
M0,USD6M,2015-03-01,0.9721
M0,USD6M,2015-04-01,0.9542999999999999
M0,USD6M,2015-05-01,0.9243
M0,USD6M,2015-06-01,0.9247
M0,USD6M,2015-07-01,0.9459
M0,USD6M,2015-08-01,0.9611999999999999
M0,USD6M,2015-09-01,0.9645
M0,USD6M,2015-10-01,0.9611
M0,USD6M,2015-11-01,0.9994999999999999
M0,USD6M,2015-12-01,0.9867
M0,USD6M,2016-01-01,0.9967
M0,USD6M,2016-02-01,0.984
M0,USD6M,2016-03-01,0.9744999999999999
M0,USD6M,2016-04-01,0.9557
M0,USD6M,2016-05-01,0.9684999999999999
M0,USD6M,2016-06-01,0.9601999999999999
M0,USD6M,2016-07-01,0.9716
M0,USD6M,2016-08-01,0.9597
M0,USD6M,2016-09-01,0.9639000000000001
M0,USD6M,2016-10-01,0.976
M0,USD6M,2016-11-01,0.9845
M0,USD6M,2016-12-01,1.0073
M0,USD6M,2017-01-01,0.9971
M0,USD6M,2017-02-01,0.9904000000000001
M0,USD6M,2017-03-01,0.9904
M0,USD6M,2017-04-01,0.9889999999999999
M0,USD6M,2017-05-01,0.9749
M0,USD6M,2017-06-01,0.9564999999999999
M0,USD6M,2017-07-01,0.9489
M0,USD6M,2017-08-01,0.9529
M0,USD6M,2017-09-01,0.9503
M0,USD6M,2017-10-01,0.9691000000000001
M0,USD6M,2017-11-01,0.9784
M0,USD6M,2017-12-01,0.9723
M0,USD6M,2018-01-01,0.9480000000000001
M0,USD6M,2018-02-01,0.9198000000000001
M0,USD6M,2018-03-01,0.9318000000000001
M0,USD6M,2018-04-01,0.9517
M0,USD6M,2018-05-01,0.9808
M0,USD6M,2018-06-01,0.9733
M0,USD6M,2018-07-01,0.9780000000000001
M0,USD6M,2018-08-01,0.972
M0,USD6M,2018-09-01,0.9511999999999999
M0,USD6M,2018-10-01,0.9755
M0,USD6M,2018-11-01,0.9825999999999999
M0,USD6M,2018-12-01,0.9741
M0,USD6M,2019-01-01,0.9714
M0,USD6M,2019-02-01,0.9842000000000001
M0,USD6M,2019-03-01,0.9833999999999999
M0,USD6M,2019-04-01,0.9899000000000001
M0,USD6M,2019-05-01,0.9937999999999999
M0,USD6M,2019-06-01,0.9732999999999999
M0,USD6M,2019-07-01,0.9708
M0,USD6M,2019-08-01,0.9635
M0,USD6M,2019-09-01,0.9749000000000001
M0,USD6M,2019-10-01,0.9795
M0,USD6M,2019-11-01,0.9797
M0,USD6M,2019-12-01,0.9702
M0,USD6M,2020-01-01,0.9575
M0,USD6M,2020-02-01,0.9642
M0,USD6M,2020-03-01,0.948
M0,USD6M,2020-04-01,0.9642000000000001
M0,USD6M,2020-05-01,0.9647
M0,USD6M,2020-06-01,0.9459000000000001
M0,USD6M,2020-07-01,0.9291
M0,USD6M,2020-08-01,0.905
M0,USD6M,2020-09-01,0.9091
M0,USD6M,2020-10-01,0.9077
M0,USD6M,2020-11-01,0.9058
M0,USD6M,2020-12-01,0.8836
M0,USD6M,2021-01-01,0.8816999999999999
M0,USD6M,2021-02-01,0.8927
M0,USD6M,2021-03-01,0.9246
M0,USD6M,2021-04-01,0.9183
M0,USD6M,2021-05-01,0.8985000000000001
M0,USD6M,2021-06-01,0.9035000000000001
M0,USD6M,2021-07-01,0.9132
M0,USD6M,2021-08-01,0.9096
M0,USD6M,2021-09-01,0.9178000000000001
M0,USD6M,2021-10-01,0.9188
M0,USD6M,2021-11-01,0.9167
M0,USD6M,2021-12-01,0.9157000000000001
M0,USD6M,2022-01-01,0.9132
M0,USD6M,2022-02-01,0.9157
M0,USD6M,2022-03-01,0.9208999999999999
M0,USD6M,2022-04-01,0.9330999999999999
M0,USD6M,2022-05-01,0.9670000000000001
M0,USD6M,2022-06-01,0.9558
M0,USD6M,2022-07-01,0.9540000000000001
M0,USD6M,2022-08-01,0.9410999999999999
M0,USD6M,2022-09-01,0.9566
M0,USD6M,2022-10-01,0.9751
M0,USD6M,2022-11-01,0.9448
M0,USD6M,2022-12-01,0.9129
M0,USD6M,2023-01-01,0.9064
M0,USD6M,2023-02-01,0.9066000000000001
M0,USD6M,2023-03-01,0.9076
M0,USD6M,2023-04-01,0.8815
M0,USD6M,2023-05-01,0.8797
M0,USD6M,2023-06-01,0.8835000000000001
M0,USD6M,2023-07-01,0.8564
M0,USD6M,2023-08-01,0.8605999999999999
M0,USD6M,2023-09-01,0.8803
M0,USD6M,2023-10-01,0.8855000000000001
M0,USD6M,2023-11-01,0.8742000000000001
M0,USD6M,2023-12-01,0.8485
M0,USD6M,2024-01-01,0.8417
M0,USD6M,2024-02-01,0.8598
M0,USD6M,2024-03-01,0.8709
M0,USD6M,2024-04-01,0.8906
M0,USD6M,2024-05-01,0.8907999999999999
M0,USD6M,2024-06-01,0.8751
M0,USD6M,2024-07-01,0.8732
M0,USD6M,2024-08-01,0.8403999999999999
M0,USD6M,2024-09-01,0.8309
M0,USD6M,2024-10-01,0.8437
M0,USD6M,2024-11-01,0.86239999999999994
M0,USD6M,2024-12-01,0.8734000000000001
M0,USD6M,2025-01-01,0.8902
M0,USD6M,2025-02-01,0.885
M0,USD6M,2025-03-01,0.865
M0,USD6M,2025-04-01,0.8167
M0,USD6M,2025-05-01,0.8106
M0,USD6M,2025-06-01,0.7956
M0,USD6M,2025-07-01,0.7798999999999999
M0,USD6M,2025-08-01,0.7894
M0,USD6M,2025-09-01,0.7804
M0,USD6M,2025-10-01,0.7818999999999999
M0,USD6M,2025-11-01,0.7878
M0,USD6M,2025-12-01,0.781
M0,USD6M,2026-01-01,0.7755
M0,USD6M,2026-02-01,0.7581000000000001
M0,USD6M,2026-03-01,0.7713000000000001
M0,USD6M,2026-04-01,0.7727
M0,USD6M,2026-05-01,0.768
M0,USD6M,2026-06-01,0.7832
M0,USD6M,2026-07-01,0.7933
M0,XDR1,1978-01-01,2.41448
M0,XDR1,1978-02-01,2.32368
M0,XDR1,1978-03-01,2.3357
M0,XDR1,1978-04-01,2.34385
M0,XDR1,1978-05-01,2.39011
M0,XDR1,1978-06-01,2.31776
M0,XDR1,1978-07-01,2.25186
M0,XDR1,1978-08-01,2.11602
M0,XDR1,1978-09-01,2.01151
M0,XDR1,1978-10-01,2.01089
M0,XDR1,1978-11-01,2.14268
M0,XDR1,1978-12-01,2.15364
M0,XDR1,1979-01-01,2.16029
M0,XDR1,1979-02-01,2.15672
M0,XDR1,1979-03-01,2.16285
M0,XDR1,1979-04-01,2.19167
M0,XDR1,1979-05-01,2.1951
M0,XDR1,1979-06-01,2.17075
M0,XDR1,1979-07-01,2.14614
M0,XDR1,1979-08-01,2.15339
M0,XDR1,1979-09-01,2.10217
M0,XDR1,1979-10-01,2.11304
M0,XDR1,1979-11-01,2.13039
M0,XDR1,1979-12-01,2.09924
M0,XDR1,1980-01-01,2.10426
M0,XDR1,1980-02-01,2.14913
M0,XDR1,1980-03-01,2.24992
M0,XDR1,1980-04-01,2.22693
M0,XDR1,1980-05-01,2.16915
M0,XDR1,1980-06-01,2.1566
M0,XDR1,1980-07-01,2.13318
M0,XDR1,1980-08-01,2.16883
M0,XDR1,1980-09-01,2.16051
M0,XDR1,1980-10-01,2.17222
M0,XDR1,1980-11-01,2.21548
M0,XDR1,1980-12-01,2.2614
M0,XDR1,1981-01-01,2.3079
M0,XDR1,1981-02-01,2.39853
M0,XDR1,1981-03-01,2.36371
M0,XDR1,1981-04-01,2.3859
M0,XDR1,1981-05-01,2.42985
M0,XDR1,1981-06-01,2.39514
M0,XDR1,1981-07-01,2.38049
M0,XDR1,1981-08-01,2.43468
M0,XDR1,1981-09-01,2.31798
M0,XDR1,1981-10-01,2.1751
M0,XDR1,1981-11-01,2.0824
M0,XDR1,1981-12-01,2.11228
M0,XDR1,1982-01-01,2.12651
M0,XDR1,1982-02-01,2.14232
M0,XDR1,1982-03-01,2.12005
M0,XDR1,1982-04-01,2.18608
M0,XDR1,1982-05-01,2.20706
M0,XDR1,1982-06-01,2.28989
M0,XDR1,1982-07-01,2.28619
M0,XDR1,1982-08-01,2.28998
M0,XDR1,1982-09-01,2.30598
M0,XDR1,1982-10-01,2.32493
M0,XDR1,1982-11-01,2.34414
M0,XDR1,1982-12-01,2.24333
M0,XDR1,1983-01-01,2.16447
M0,XDR1,1983-02-01,2.19638
M0,XDR1,1983-03-01,2.23796
M0,XDR1,1983-04-01,2.2251
M0,XDR1,1983-05-01,2.22977
M0,XDR1,1983-06-01,2.2563
M0,XDR1,1983-07-01,2.24983
M0,XDR1,1983-08-01,2.27091
M0,XDR1,1983-09-01,2.27325
M0,XDR1,1983-10-01,2.24153
M0,XDR1,1983-11-01,2.28137
M0,XDR1,1983-12-01,2.28978
M0,XDR1,1984-01-01,2.31565
M0,XDR1,1984-02-01,2.31068
M0,XDR1,1984-03-01,2.28541
M0,XDR1,1984-04-01,2.31276
M0,XDR1,1984-05-01,2.36002
M0,XDR1,1984-06-01,2.37296
M0,XDR1,1984-07-01,2.45538
M0,XDR1,1984-08-01,2.45672
M0,XDR1,1984-09-01,2.49871
M0,XDR1,1984-10-01,2.5059
M0,XDR1,1984-11-01,2.46948
M0,XDR1,1984-12-01,2.5259
M0,XDR1,1985-01-01,2.59282
M0,XDR1,1985-02-01,2.68989
M0,XDR1,1985-03-01,2.70928
M0,XDR1,1985-04-01,2.56417
M0,XDR1,1985-05-01,2.59189
M0,XDR1,1985-06-01,2.56275
M0,XDR1,1985-07-01,2.46334
M0,XDR1,1985-08-01,2.36793
M0,XDR1,1985-09-01,2.39765
M0,XDR1,1985-10-01,2.30919
M0,XDR1,1985-11-01,2.29946
M0,XDR1,1985-12-01,2.29375
M0,XDR1,1986-01-01,2.27115
M0,XDR1,1986-02-01,2.20676
M0,XDR1,1986-03-01,2.19142
M0,XDR1,1986-04-01,2.18959
M0,XDR1,1986-05-01,2.1648
M0,XDR1,1986-06-01,2.14494
M0,XDR1,1986-07-01,2.07613
M0,XDR1,1986-08-01,2.00885
M0,XDR1,1986-09-01,2.00045
M0,XDR1,1986-10-01,1.98924
M0,XDR1,1986-11-01,2.02071
M0,XDR1,1986-12-01,2.00982
M0,XDR1,1987-01-01,1.94864
M0,XDR1,1987-02-01,1.94663
M0,XDR1,1987-03-01,1.951
M0,XDR1,1987-04-01,1.93208
M0,XDR1,1987-05-01,1.91632
M0,XDR1,1987-06-01,1.94041
M0,XDR1,1987-07-01,1.94804
M0,XDR1,1987-08-01,1.95284
M0,XDR1,1987-09-01,1.93974
M0,XDR1,1987-10-01,1.93722
M0,XDR1,1987-11-01,1.8653
M0,XDR1,1987-12-01,1.83843
M0,XDR1,1988-01-01,1.85042
M0,XDR1,1988-02-01,1.88718
M0,XDR1,1988-03-01,1.90177
M0,XDR1,1988-04-01,1.91125
M0,XDR1,1988-05-01,1.93926
M0,XDR1,1988-06-01,1.96538
M0,XDR1,1988-07-01,2.00044
M0,XDR1,1988-08-01,2.04664
M0,XDR1,1988-09-01,2.04018
M0,XDR1,1988-10-01,2.03362
M0,XDR1,1988-11-01,1.99286
M0,XDR1,1988-12-01,2.00417
M0,XDR1,1989-01-01,2.06274
M0,XDR1,1989-02-01,2.07406
M0,XDR1,1989-03-01,2.09611
M0,XDR1,1989-04-01,2.1422
M0,XDR1,1989-05-01,2.1881
M0,XDR1,1989-06-01,2.12213
M0,XDR1,1989-07-01,2.07405
M0,XDR1,1989-08-01,2.09479
M0,XDR1,1989-09-01,2.10446
M0,XDR1,1989-10-01,2.07465
M0,XDR1,1989-11-01,2.06705
M0,XDR1,1989-12-01,2.0417
M0,XDR1,1990-01-01,1.99748
M0,XDR1,1990-02-01,1.97348
M0,XDR1,1990-03-01,1.9677
M0,XDR1,1990-04-01,1.93567
M0,XDR1,1990-05-01,1.86944
M0,XDR1,1990-06-01,1.87377
M0,XDR1,1990-07-01,1.87333
M0,XDR1,1990-08-01,1.80158
M0,XDR1,1990-09-01,1.81599
M0,XDR1,1990-10-01,1.83086
M0,XDR1,1990-11-01,1.81619
M0,XDR1,1990-12-01,1.82436
M0,XDR1,1991-01-01,1.81083
M0,XDR1,1991-02-01,1.8241
M0,XDR1,1991-03-01,1.91332
M0,XDR1,1991-04-01,1.94603
M0,XDR1,1991-05-01,1.9542
M0,XDR1,1991-06-01,2.01983
M0,XDR1,1991-07-01,2.04757
M0,XDR1,1991-08-01,2.03065
M0,XDR1,1991-09-01,2.00814
M0,XDR1,1991-10-01,2.01368
M0,XDR1,1991-11-01,1.99087
M0,XDR1,1991-12-01,1.95256
M0,XDR1,1992-01-01,1.97621
M0,XDR1,1992-02-01,2.02488
M0,XDR1,1992-03-01,2.0598
M0,XDR1,1992-04-01,2.07995
M0,XDR1,1992-05-01,2.0699
M0,XDR1,1992-06-01,2.01338
M0,XDR1,1992-07-01,1.92529
M0,XDR1,1992-08-01,1.8919
M0,XDR1,1992-09-01,1.85952
M0,XDR1,1992-10-01,1.88497
M0,XDR1,1992-11-01,1.98133
M0,XDR1,1992-12-01,1.97418
M0,XDR1,1993-01-01,2.03505
M0,XDR1,1993-02-01,2.08322
M0,XDR1,1993-03-01,2.09945
M0,XDR1,1993-04-01,2.06181
M0,XDR1,1993-05-01,2.05016
M0,XDR1,1993-06-01,2.07703
M0,XDR1,1993-07-01,2.10601
M0,XDR1,1993-08-01,2.09833
M0,XDR1,1993-09-01,2.01273
M0,XDR1,1993-10-01,2.02688
M0,XDR1,1993-11-01,2.07747
M0,XDR1,1993-12-01,2.02605
M0,XDR1,1994-01-01,2.02091
M0,XDR1,1994-02-01,2.02373
M0,XDR1,1994-03-01,2.00457
M0,XDR1,1994-04-01,2.0202
M0,XDR1,1994-05-01,1.99989
M0,XDR1,1994-06-01,1.96352
M0,XDR1,1994-07-01,1.9307
M0,XDR1,1994-08-01,1.91657
M0,XDR1,1994-09-01,1.88977
M0,XDR1,1994-10-01,1.86765
M0,XDR1,1994-11-01,1.90297
M0,XDR1,1994-12-01,1.93047
M0,XDR1,1995-01-01,1.88601
M0,XDR1,1995-02-01,1.87964
M0,XDR1,1995-03-01,1.79886
M0,XDR1,1995-04-01,1.79156
M0,XDR1,1995-05-01,1.81949
M0,XDR1,1995-06-01,1.81114
M0,XDR1,1995-07-01,1.80099
M0,XDR1,1995-08-01,1.80698
M0,XDR1,1995-09-01,1.76459
M0,XDR1,1995-10-01,1.71693
M0,XDR1,1995-11-01,1.70778
M0,XDR1,1995-12-01,1.72842
M0,XDR1,1996-01-01,1.7364
M0,XDR1,1996-02-01,1.75347
M0,XDR1,1996-03-01,1.7483
M0,XDR1,1996-04-01,1.76898
M0,XDR1,1996-05-01,1.81165
M0,XDR1,1996-06-01,1.81369
M0,XDR1,1996-07-01,1.78819
M0,XDR1,1996-08-01,1.75449
M0,XDR1,1996-09-01,1.78487
M0,XDR1,1996-10-01,1.81191
M0,XDR1,1996-11-01,1.84942
M0,XDR1,1996-12-01,1.90868
M0,XDR1,1997-01-01,1.96916
M0,XDR1,1997-02-01,2.01074
M0,XDR1,1997-03-01,2.01787
M0,XDR1,1997-04-01,2.00494
M0,XDR1,1997-05-01,1.98442
M0,XDR1,1997-06-01,2.00504
M0,XDR1,1997-07-01,2.04057
M0,XDR1,1997-08-01,2.05039
M0,XDR1,1997-09-01,2.00155
M0,XDR1,1997-10-01,1.98973
M0,XDR1,1997-11-01,1.9326
M0,XDR1,1997-12-01,1.94755
M0,XDR1,1998-01-01,1.98035
M0,XDR1,1998-02-01,1.97633
M0,XDR1,1998-03-01,2.00093
M0,XDR1,1998-04-01,2.02289
M0,XDR1,1998-05-01,1.98848
M0,XDR1,1998-06-01,1.99194
M0,XDR1,1998-07-01,2.01369
M0,XDR1,1998-08-01,1.98332
M0,XDR1,1998-09-01,1.91387
M0,XDR1,1998-10-01,1.87794
M0,XDR1,1998-11-01,1.92484
M0,XDR1,1998-12-01,1.9049
M0,XDR1,1999-01-01,1.94329
M0,XDR1,1999-02-01,1.96888
M0,XDR1,1999-03-01,1.99756
M0,XDR1,1999-04-01,2.02992
M0,XDR1,1999-05-01,2.03247
M0,XDR1,1999-06-01,2.05995
M0,XDR1,1999-07-01,2.07484
M0,XDR1,1999-08-01,2.05858
M0,XDR1,1999-09-01,2.09876
M0,XDR1,1999-10-01,2.06941
M0,XDR1,1999-11-01,2.13329
M0,XDR1,1999-12-01,2.17346
M0,XDR1,2000-01-01,2.17525
M0,XDR1,2000-02-01,2.1976
M0,XDR1,2000-03-01,2.23457
M0,XDR1,2000-04-01,2.22656
M0,XDR1,2000-05-01,2.25268
M0,XDR1,2000-06-01,2.18746
M0,XDR1,2000-07-01,2.18364
M0,XDR1,2000-08-01,2.24309
M0,XDR1,2000-09-01,2.27431
M0,XDR1,2000-10-01,2.27716
M0,XDR1,2000-11-01,2.2784
M0,XDR1,2000-12-01,2.18441
M0,XDR1,2001-01-01,2.1217
M0,XDR1,2001-02-01,2.1561
M0,XDR1,2001-03-01,2.16061
M0,XDR1,2001-04-01,2.17255
M0,XDR1,2001-05-01,2.21202
M0,XDR1,2001-06-01,2.23012
M0,XDR1,2001-07-01,2.19947
M0,XDR1,2001-08-01,2.1437
M0,XDR1,2001-09-01,2.1019
M0,XDR1,2001-10-01,2.09004
M0,XDR1,2001-11-01,2.09432
M0,XDR1,2001-12-01,2.08857
M0,XDR1,2002-01-01,2.09281
M0,XDR1,2002-02-01,2.11396
M0,XDR1,2002-03-01,2.09582
M0,XDR1,2002-04-01,2.08011
M0,XDR1,2002-05-01,2.03007
M0,XDR1,2002-06-01,2.00338
M0,XDR1,2002-07-01,1.96031
M0,XDR1,2002-08-01,1.97891
M0,XDR1,2002-09-01,1.97415
M0,XDR1,2002-10-01,1.96845
M0,XDR1,2002-11-01,1.94982
M0,XDR1,2002-12-01,1.92988
M0,XDR1,2003-01-01,1.87996
M0,XDR1,2003-02-01,1.86578
M0,XDR1,2003-03-01,1.86292
M0,XDR1,2003-04-01,1.88839
M0,XDR1,2003-05-01,1.84538
M0,XDR1,2003-06-01,1.86896
M0,XDR1,2003-07-01,1.90317
M0,XDR1,2003-08-01,1.91651
M0,XDR1,2003-09-01,1.92482
M0,XDR1,2003-10-01,1.89542
M0,XDR1,2003-11-01,1.91456
M0,XDR1,2003-12-01,1.85786
M0,XDR1,2004-01-01,1.8506
M0,XDR1,2004-02-01,1.86255
M0,XDR1,2004-03-01,1.88171
M0,XDR1,2004-04-01,1.89366
M0,XDR1,2004-05-01,1.8631
M0,XDR1,2004-06-01,1.83534
M0,XDR1,2004-07-01,1.83449
M0,XDR1,2004-08-01,1.85092
M0,XDR1,2004-09-01,1.85047
M0,XDR1,2004-10-01,1.82696
M0,XDR1,2004-11-01,1.77604
M0,XDR1,2004-12-01,1.76587
M0,XDR1,2005-01-01,1.79509
M0,XDR1,2005-02-01,1.80781
M0,XDR1,2005-03-01,1.79152
M0,XDR1,2005-04-01,1.80643
M0,XDR1,2005-05-01,1.82207
M0,XDR1,2005-06-01,1.85588
M0,XDR1,2005-07-01,1.87594
M0,XDR1,2005-08-01,1.85279
M0,XDR1,2005-09-01,1.85526
M0,XDR1,2005-10-01,1.86346
M0,XDR1,2005-11-01,1.87032
M0,XDR1,2005-12-01,1.868
M0,XDR1,2006-01-01,1.85123
M0,XDR1,2006-02-01,1.87296
M0,XDR1,2006-03-01,1.87904
M0,XDR1,2006-04-01,1.86405
M0,XDR1,2006-05-01,1.81481
M0,XDR1,2006-06-01,1.82263
M0,XDR1,2006-07-01,1.82866
M0,XDR1,2006-08-01,1.83095
M0,XDR1,2006-09-01,1.84372
M0,XDR1,2006-10-01,1.85786
M0,XDR1,2006-11-01,1.84211
M0,XDR1,2006-12-01,1.82316
M0,XDR1,2007-01-01,1.85962
M0,XDR1,2007-02-01,1.85806
M0,XDR1,2007-03-01,1.83678
M0,XDR1,2007-04-01,1.84246
M0,XDR1,2007-05-01,1.85396
M0,XDR1,2007-06-01,1.86439
M0,XDR1,2007-07-01,1.8477
M0,XDR1,2007-08-01,1.83982
M0,XDR1,2007-09-01,1.82984
M0,XDR1,2007-10-01,1.83044
M0,XDR1,2007-11-01,1.78506
M0,XDR1,2007-12-01,1.79472
M0,XDR1,2008-01-01,1.74248
M0,XDR1,2008-02-01,1.72942
M0,XDR1,2008-03-01,1.6512
M0,XDR1,2008-04-01,1.6578
M0,XDR1,2008-05-01,1.69621
M0,XDR1,2008-06-01,1.68075
M0,XDR1,2008-07-01,1.67381
M0,XDR1,2008-08-01,1.71772
M0,XDR1,2008-09-01,1.72755
M0,XDR1,2008-10-01,1.72823
M0,XDR1,2008-11-01,1.76186
M0,XDR1,2008-12-01,1.74088
M0,XDR1,2009-01-01,1.70407
M0,XDR1,2009-02-01,1.73157
M0,XDR1,2009-03-01,1.71385
M0,XDR1,2009-04-01,1.71359
M0,XDR1,2009-05-01,1.6865
M0,XDR1,2009-06-01,1.67055
M0,XDR1,2009-07-01,1.67473
M0,XDR1,2009-08-01,1.66719
M0,XDR1,2009-09-01,1.64113
M0,XDR1,2009-10-01,1.6239
M0,XDR1,2009-11-01,1.62019
M0,XDR1,2009-12-01,1.62753
M0,XDR1,2010-01-01,1.61929
M0,XDR1,2010-02-01,1.64836
M0,XDR1,2010-03-01,1.62998
M0,XDR1,2010-04-01,1.62232
M0,XDR1,2010-05-01,1.6675
M0,XDR1,2010-06-01,1.65648
M0,XDR1,2010-07-01,1.58428
M0,XDR1,2010-08-01,1.57911
M0,XDR1,2010-09-01,1.52841
M0,XDR1,2010-10-01,1.5197
M0,XDR1,2010-11-01,1.53381
M0,XDR1,2010-12-01,1.48864
M0,XDR1,2011-01-01,1.47892
M0,XDR1,2011-02-01,1.48628
M0,XDR1,2011-03-01,1.45212
M0,XDR1,2011-04-01,1.43587
M0,XDR1,2011-05-01,1.39647
M0,XDR1,2011-06-01,1.34591
M0,XDR1,2011-07-01,1.31491
M0,XDR1,2011-08-01,1.2539
M0,XDR1,2011-09-01,1.38183
M0,XDR1,2011-10-01,1.40992
M0,XDR1,2011-11-01,1.41984
M0,XDR1,2011-12-01,1.4403
M0,XDR1,2012-01-01,1.43957
M0,XDR1,2012-02-01,1.41367
M0,XDR1,2012-03-01,1.40752
M0,XDR1,2012-04-01,1.4091
M0,XDR1,2012-05-01,1.43577
M0,XDR1,2012-06-01,1.45225
M0,XDR1,2012-07-01,1.47303
M0,XDR1,2012-08-01,1.46491
M0,XDR1,2012-09-01,1.44528
M0,XDR1,2012-10-01,1.43632
M0,XDR1,2012-11-01,1.43676
M0,XDR1,2012-12-01,1.41973
M0,XDR1,2013-01-01,1.41937
M0,XDR1,2013-02-01,1.40551
M0,XDR1,2013-03-01,1.42248
M0,XDR1,2013-04-01,1.40844
M0,XDR1,2013-05-01,1.43303
M0,XDR1,2013-06-01,1.41425
M0,XDR1,2013-07-01,1.42016
M0,XDR1,2013-08-01,1.40775
M0,XDR1,2013-09-01,1.40718
M0,XDR1,2013-10-01,1.38984
M0,XDR1,2013-11-01,1.39777
M0,XDR1,2013-12-01,1.37516
M0,XDR1,2014-01-01,1.38738
M0,XDR1,2014-02-01,1.37723
M0,XDR1,2014-03-01,1.36361
M0,XDR1,2014-04-01,1.366
M0,XDR1,2014-05-01,1.3738
M0,XDR1,2014-06-01,1.38108
M0,XDR1,2014-07-01,1.38302
M0,XDR1,2014-08-01,1.38875
M0,XDR1,2014-09-01,1.40389
M0,XDR1,2014-10-01,1.4168
M0,XDR1,2014-11-01,1.41502
M0,XDR1,2014-12-01,1.4206
M0,XDR1,2015-01-01,1.33766
M0,XDR1,2015-02-01,1.32237
M0,XDR1,2015-03-01,1.35732
M0,XDR1,2015-04-01,1.33114
M0,XDR1,2015-05-01,1.30624
M0,XDR1,2015-06-01,1.30946
M0,XDR1,2015-07-01,1.33193
M0,XDR1,2015-08-01,1.3574
M0,XDR1,2015-09-01,1.36698
M0,XDR1,2015-10-01,1.3626
M0,XDR1,2015-11-01,1.39232
M0,XDR1,2015-12-01,1.37987
M0,XDR1,2016-01-01,1.39155
M0,XDR1,2016-02-01,1.38486
M0,XDR1,2016-03-01,1.37141
M0,XDR1,2016-04-01,1.35843
M0,XDR1,2016-05-01,1.37899
M0,XDR1,2016-06-01,1.36554
M0,XDR1,2016-07-01,1.36521
M0,XDR1,2016-08-01,1.3581
M0,XDR1,2016-09-01,1.36242
M0,XDR1,2016-10-01,1.36293
M0,XDR1,2016-11-01,1.35839
M0,XDR1,2016-12-01,1.37346
M0,XDR1,2017-01-01,1.36253
M0,XDR1,2017-02-01,1.35773
M0,XDR1,2017-03-01,1.35761
M0,XDR1,2017-04-01,1.36224
M0,XDR1,2017-05-01,1.35687
M0,XDR1,2017-06-01,1.34021
M0,XDR1,2017-07-01,1.34163
M0,XDR1,2017-08-01,1.36224
M0,XDR1,2017-09-01,1.36736
M0,XDR1,2017-10-01,1.38425
M0,XDR1,2017-11-01,1.39838
M0,XDR1,2017-12-01,1.39717
M0,XDR1,2018-01-01,1.38253
M0,XDR1,2018-02-01,1.35705
M0,XDR1,2018-03-01,1.37563
M0,XDR1,2018-04-01,1.40388
M0,XDR1,2018-05-01,1.42031
M0,XDR1,2018-06-01,1.39998
M0,XDR1,2018-07-01,1.39773
M0,XDR1,2018-08-01,1.37825
M0,XDR1,2018-09-01,1.35551
M0,XDR1,2018-10-01,1.38243
M0,XDR1,2018-11-01,1.38595
M0,XDR1,2018-12-01,1.37306
M0,XDR1,2019-01-01,1.37927
M0,XDR1,2019-02-01,1.3939
M0,XDR1,2019-03-01,1.3919
M0,XDR1,2019-04-01,1.39802
M0,XDR1,2019-05-01,1.39681
M0,XDR1,2019-06-01,1.36921
M0,XDR1,2019-07-01,1.36457
M0,XDR1,2019-08-01,1.34496
M0,XDR1,2019-09-01,1.35562
M0,XDR1,2019-10-01,1.36302
M0,XDR1,2019-11-01,1.36574
M0,XDR1,2019-12-01,1.35506
M0,XDR1,2020-01-01,1.3379
M0,XDR1,2020-02-01,1.33672
M0,XDR1,2020-03-01,1.31438
M0,XDR1,2020-04-01,1.32292
M0,XDR1,2020-05-01,1.32194
M0,XDR1,2020-06-01,1.31299
M0,XDR1,2020-07-01,1.2986
M0,XDR1,2020-08-01,1.28496
M0,XDR1,2020-09-01,1.29238
M0,XDR1,2020-10-01,1.28988
M0,XDR1,2020-11-01,1.29553
M0,XDR1,2020-12-01,1.27741
M0,XDR1,2021-01-01,1.27895
M0,XDR1,2021-02-01,1.29246
M0,XDR1,2021-03-01,1.3275
M0,XDR1,2021-04-01,1.31872
M0,XDR1,2021-05-01,1.30051
M0,XDR1,2021-06-01,1.30273
M0,XDR1,2021-07-01,1.30625
M0,XDR1,2021-08-01,1.29987
M0,XDR1,2021-09-01,1.31085
M0,XDR1,2021-10-01,1.30324
M0,XDR1,2021-11-01,1.29376
M0,XDR1,2021-12-01,1.28692
M0,XDR1,2022-01-01,1.28656
M0,XDR1,2022-02-01,1.29276
M0,XDR1,2022-03-01,1.2849
M0,XDR1,2022-04-01,1.2891
M0,XDR1,2022-05-01,1.31461
M0,XDR1,2022-06-01,1.2963
M0,XDR1,2022-07-01,1.27828
M0,XDR1,2022-08-01,1.2583
M0,XDR1,2022-09-01,1.25636
M0,XDR1,2022-10-01,1.27656
M0,XDR1,2022-11-01,1.2543
M0,XDR1,2022-12-01,1.238
M0,XDR1,2023-01-01,1.24262
M0,XDR1,2023-02-01,1.23844
M0,XDR1,2023-03-01,1.23632
M0,XDR1,2023-04-01,1.21172
M0,XDR1,2023-05-01,1.20408
M0,XDR1,2023-06-01,1.20113
M0,XDR1,2023-07-01,1.17381
M0,XDR1,2023-08-01,1.17098
M0,XDR1,2023-09-01,1.18616
M0,XDR1,2023-10-01,1.1857
M0,XDR1,2023-11-01,1.17952
M0,XDR1,2023-12-01,1.1544
M0,XDR1,2024-01-01,1.14366
M0,XDR1,2024-02-01,1.16334
M0,XDR1,2024-03-01,1.18159
M0,XDR1,2024-04-01,1.20062
M0,XDR1,2024-05-01,1.20179
M0,XDR1,2024-06-01,1.179
M0,XDR1,2024-07-01,1.18021
M0,XDR1,2024-08-01,1.15054
M0,XDR1,2024-09-01,1.14415
M0,XDR1,2024-10-01,1.15022
M0,XDR1,2024-11-01,1.1607
M0,XDR1,2024-12-01,1.16838
M0,XDR1,2025-01-01,1.18247
M0,XDR1,2025-02-01,1.18209
M0,XDR1,2025-03-01,1.17323
M0,XDR1,2025-04-01,1.12462
M0,XDR1,2025-05-01,1.12173
M0,XDR1,2025-06-01,1.1109
M0,XDR1,2025-07-01,1.09367
M0,XDR1,2025-08-01,1.10101
M0,XDR1,2025-09-01,1.09138
M0,XDR1,2025-10-01,1.08857
M0,XDR1,2025-11-01,1.09075
M0,XDR1,2025-12-01,1.08806
M0,XDR1,2026-01-01,1.08011
M0,XDR1,2026-02-01,1.06331
M0,XDR1,2026-03-01,1.07182
M0,XDR1,2026-04-01,1.07863
M0,XDR1,2026-05-01,1.07401
M0,XDR1,2026-06-01,1.08918
M0,XDR1,2026-07-01,1.1004
M0,ZAR1,1992-07-01,0.4761
M0,ZAR1,1992-08-01,0.4704
M0,ZAR1,1992-09-01,0.4565
M0,ZAR1,1992-10-01,0.4546
M0,ZAR1,1992-11-01,0.4766
M0,ZAR1,1992-12-01,0.4719
M0,ZAR1,1993-01-01,0.481
M0,ZAR1,1993-02-01,0.486
M0,ZAR1,1993-03-01,0.4781
M0,ZAR1,1993-04-01,0.4602
M0,ZAR1,1993-05-01,0.4559
M0,ZAR1,1993-06-01,0.455
M0,ZAR1,1993-07-01,0.452
M0,ZAR1,1993-08-01,0.4451
M0,ZAR1,1993-09-01,0.4164
M0,ZAR1,1993-10-01,0.4239
M0,ZAR1,1993-11-01,0.4447
M0,ZAR1,1993-12-01,0.4336
M0,ZAR1,1994-01-01,0.4314
M0,ZAR1,1994-02-01,0.4226
M0,ZAR1,1994-03-01,0.414
M0,ZAR1,1994-04-01,0.4015
M0,ZAR1,1994-05-01,0.3898
M0,ZAR1,1994-06-01,0.3794
M0,ZAR1,1994-07-01,0.361
M0,ZAR1,1994-08-01,0.3661
M0,ZAR1,1994-09-01,0.3631
M0,ZAR1,1994-10-01,0.3571
M0,ZAR1,1994-11-01,0.367
M0,ZAR1,1994-12-01,0.3732
M0,ZAR1,1995-01-01,0.3636
M0,ZAR1,1995-02-01,0.3568
M0,ZAR1,1995-03-01,0.3252
M0,ZAR1,1995-04-01,0.3148
M0,ZAR1,1995-05-01,0.3189
M0,ZAR1,1995-06-01,0.316
M0,ZAR1,1995-07-01,0.3174
M0,ZAR1,1995-08-01,0.329
M0,ZAR1,1995-09-01,0.3247
M0,ZAR1,1995-10-01,0.3136
M0,ZAR1,1995-11-01,0.313
M0,ZAR1,1995-12-01,0.3175
M0,ZAR1,1996-01-01,0.324
M0,ZAR1,1996-02-01,0.3191
M0,ZAR1,1996-03-01,0.3045
M0,ZAR1,1996-04-01,0.2894
M0,ZAR1,1996-05-01,0.2863
M0,ZAR1,1996-06-01,0.2886
M0,ZAR1,1996-07-01,0.281
M0,ZAR1,1996-08-01,0.2656
M0,ZAR1,1996-09-01,0.2736
M0,ZAR1,1996-10-01,0.2749
M0,ZAR1,1996-11-01,0.2734
M0,ZAR1,1996-12-01,0.2831
M0,ZAR1,1997-01-01,0.3
M0,ZAR1,1997-02-01,0.3263
M0,ZAR1,1997-03-01,0.3302
M0,ZAR1,1997-04-01,0.3286
M0,ZAR1,1997-05-01,0.3206
M0,ZAR1,1997-06-01,0.3202
M0,ZAR1,1997-07-01,0.3247
M0,ZAR1,1997-08-01,0.323
M0,ZAR1,1997-09-01,0.3137
M0,ZAR1,1997-10-01,0.3083
M0,ZAR1,1997-11-01,0.2908
M0,ZAR1,1997-12-01,0.2952
M0,ZAR1,1998-01-01,0.2981
M0,ZAR1,1998-02-01,0.2965
M0,ZAR1,1998-03-01,0.299
M0,ZAR1,1998-04-01,0.2982
M0,ZAR1,1998-05-01,0.2904
M0,ZAR1,1998-06-01,0.2779
M0,ZAR1,1998-07-01,0.2421
M0,ZAR1,1998-08-01,0.2359
M0,ZAR1,1998-09-01,0.2292
M0,ZAR1,1998-10-01,0.23
M0,ZAR1,1998-11-01,0.2441
M0,ZAR1,1998-12-01,0.2302
M0,ZAR1,1999-01-01,0.2306
M0,ZAR1,1999-02-01,0.2328
M0,ZAR1,1999-03-01,0.2356
M0,ZAR1,1999-04-01,0.2445
M0,ZAR1,1999-05-01,0.2437
M0,ZAR1,1999-06-01,0.2517
M0,ZAR1,1999-07-01,0.2536
M0,ZAR1,1999-08-01,0.2459
M0,ZAR1,1999-09-01,0.2514
M0,ZAR1,1999-10-01,0.2439
M0,ZAR1,1999-11-01,0.2524
M0,ZAR1,1999-12-01,0.2571
M0,ZAR1,2000-01-01,0.2588
M0,ZAR1,2000-02-01,0.2581
M0,ZAR1,2000-03-01,0.2568
M0,ZAR1,2000-04-01,0.2505
M0,ZAR1,2000-05-01,0.2442
M0,ZAR1,2000-06-01,0.2373
M0,ZAR1,2000-07-01,0.2396
M0,ZAR1,2000-08-01,0.2465
M0,ZAR1,2000-09-01,0.2448
M0,ZAR1,2000-10-01,0.2366
M0,ZAR1,2000-11-01,0.2313
M0,ZAR1,2000-12-01,0.2207
M0,ZAR1,2001-01-01,0.209
M0,ZAR1,2001-02-01,0.2132
M0,ZAR1,2001-03-01,0.2139
M0,ZAR1,2001-04-01,0.2117
M0,ZAR1,2001-05-01,0.2197
M0,ZAR1,2001-06-01,0.2211
M0,ZAR1,2001-07-01,0.2146
M0,ZAR1,2001-08-01,0.2021
M0,ZAR1,2001-09-01,0.1898
M0,ZAR1,2001-10-01,0.1761
M0,ZAR1,2001-11-01,0.1698
M0,ZAR1,2001-12-01,0.1426
M0,ZAR1,2002-01-01,0.144
M0,ZAR1,2002-02-01,0.1477
M0,ZAR1,2002-03-01,0.1452
M0,ZAR1,2002-04-01,0.1493
M0,ZAR1,2002-05-01,0.1563
M0,ZAR1,2002-06-01,0.1514
M0,ZAR1,2002-07-01,0.1455
M0,ZAR1,2002-08-01,0.141
M0,ZAR1,2002-09-01,0.1406
M0,ZAR1,2002-10-01,0.1444
M0,ZAR1,2002-11-01,0.1517
M0,ZAR1,2002-12-01,0.1608
M0,ZAR1,2003-01-01,0.158
M0,ZAR1,2003-02-01,0.1636
M0,ZAR1,2003-03-01,0.1686
M0,ZAR1,2003-04-01,0.1791
M0,ZAR1,2003-05-01,0.1711
M0,ZAR1,2003-06-01,0.1669
M0,ZAR1,2003-07-01,0.1798
M0,ZAR1,2003-08-01,0.1866
M0,ZAR1,2003-09-01,0.188
M0,ZAR1,2003-10-01,0.1896
M0,ZAR1,2003-11-01,0.1974
M0,ZAR1,2003-12-01,0.1942
M0,ZAR1,2004-01-01,0.1781
M0,ZAR1,2004-02-01,0.1833
M0,ZAR1,2004-03-01,0.1921
M0,ZAR1,2004-04-01,0.1973
M0,ZAR1,2004-05-01,0.1884
M0,ZAR1,2004-06-01,0.1939
M0,ZAR1,2004-07-01,0.2025
M0,ZAR1,2004-08-01,0.1956
M0,ZAR1,2004-09-01,0.1927
M0,ZAR1,2004-10-01,0.1928
M0,ZAR1,2004-11-01,0.1933
M0,ZAR1,2004-12-01,0.1995
M0,ZAR1,2005-01-01,0.197
M0,ZAR1,2005-02-01,0.1975
M0,ZAR1,2005-03-01,0.1944
M0,ZAR1,2005-04-01,0.1938
M0,ZAR1,2005-05-01,0.1916
M0,ZAR1,2005-06-01,0.187
M0,ZAR1,2005-07-01,0.1927
M0,ZAR1,2005-08-01,0.195
M0,ZAR1,2005-09-01,0.1984
M0,ZAR1,2005-10-01,0.1956
M0,ZAR1,2005-11-01,0.1965
M0,ZAR1,2005-12-01,0.2049
M0,ZAR1,2006-01-01,0.2095
M0,ZAR1,2006-02-01,0.2128
M0,ZAR1,2006-03-01,0.2085
M0,ZAR1,2006-04-01,0.211
M0,ZAR1,2006-05-01,0.1931
M0,ZAR1,2006-06-01,0.1767
M0,ZAR1,2006-07-01,0.1744
M0,ZAR1,2006-08-01,0.177
M0,ZAR1,2006-09-01,0.1674
M0,ZAR1,2006-10-01,0.1645
M0,ZAR1,2006-11-01,0.17
M0,ZAR1,2006-12-01,0.1712
M0,ZAR1,2007-01-01,0.1724
M0,ZAR1,2007-02-01,0.1727
M0,ZAR1,2007-03-01,0.1655
M0,ZAR1,2007-04-01,0.17
M0,ZAR1,2007-05-01,0.1737
M0,ZAR1,2007-06-01,0.1718
M0,ZAR1,2007-07-01,0.173
M0,ZAR1,2007-08-01,0.1662
M0,ZAR1,2007-09-01,0.1664
M0,ZAR1,2007-10-01,0.1732
M0,ZAR1,2007-11-01,0.1675
M0,ZAR1,2007-12-01,0.1665
M0,ZAR1,2008-01-01,0.1571
M0,ZAR1,2008-02-01,0.1425
M0,ZAR1,2008-03-01,0.1266
M0,ZAR1,2008-04-01,0.13
M0,ZAR1,2008-05-01,0.1368
M0,ZAR1,2008-06-01,0.1307
M0,ZAR1,2008-07-01,0.1342
M0,ZAR1,2008-08-01,0.1411
M0,ZAR1,2008-09-01,0.1377
M0,ZAR1,2008-10-01,0.118
M0,ZAR1,2008-11-01,0.1173
M0,ZAR1,2008-12-01,0.1146
M0,ZAR1,2009-01-01,0.1134
M0,ZAR1,2009-02-01,0.1162
M0,ZAR1,2009-03-01,0.1157
M0,ZAR1,2009-04-01,0.1273
M0,ZAR1,2009-05-01,0.1322
M0,ZAR1,2009-06-01,0.134
M0,ZAR1,2009-07-01,0.1355
M0,ZAR1,2009-08-01,0.1344
M0,ZAR1,2009-09-01,0.1382
M0,ZAR1,2009-10-01,0.1363
M0,ZAR1,2009-11-01,0.1344
M0,ZAR1,2009-12-01,0.1373
M0,ZAR1,2010-01-01,0.1384
M0,ZAR1,2010-02-01,0.1396
M0,ZAR1,2010-03-01,0.1435
M0,ZAR1,2010-04-01,0.1454
M0,ZAR1,2010-05-01,0.1476
M0,ZAR1,2010-06-01,0.1474
M0,ZAR1,2010-07-01,0.1397
M0,ZAR1,2010-08-01,0.1422
M0,ZAR1,2010-09-01,0.1402
M0,ZAR1,2010-10-01,0.1398
M0,ZAR1,2010-11-01,0.1406
M0,ZAR1,2010-12-01,0.1416
M0,ZAR1,2011-01-01,0.1382
M0,ZAR1,2011-02-01,0.1318
M0,ZAR1,2011-03-01,0.1327
M0,ZAR1,2011-04-01,0.1335
M0,ZAR1,2011-05-01,0.1274
M0,ZAR1,2011-06-01,0.1236
M0,ZAR1,2011-07-01,0.1213
M0,ZAR1,2011-08-01,0.1104
M0,ZAR1,2011-09-01,0.1157
M0,ZAR1,2011-10-01,0.1127
M0,ZAR1,2011-11-01,0.1113
M0,ZAR1,2011-12-01,0.1138
M0,ZAR1,2012-01-01,0.1169
M0,ZAR1,2012-02-01,0.1191
M0,ZAR1,2012-03-01,0.1201
M0,ZAR1,2012-04-01,0.1166
M0,ZAR1,2012-05-01,0.1151
M0,ZAR1,2012-06-01,0.1141
M0,ZAR1,2012-07-01,0.1184
M0,ZAR1,2012-08-01,0.1171
M0,ZAR1,2012-09-01,0.1135
M0,ZAR1,2012-10-01,0.1079
M0,ZAR1,2012-11-01,0.1067
M0,ZAR1,2012-12-01,0.1067
M0,ZAR1,2013-01-01,0.1053
M0,ZAR1,2013-02-01,0.1034
M0,ZAR1,2013-03-01,0.1029
M0,ZAR1,2013-04-01,0.1029
M0,ZAR1,2013-05-01,0.1022
M0,ZAR1,2013-06-01,0.0932
M0,ZAR1,2013-07-01,0.0953
M0,ZAR1,2013-08-01,0.092
M0,ZAR1,2013-09-01,0.0926
M0,ZAR1,2013-10-01,0.091
M0,ZAR1,2013-11-01,0.0895
M0,ZAR1,2013-12-01,0.0862
M0,ZAR1,2014-01-01,0.0831
M0,ZAR1,2014-02-01,0.0815
M0,ZAR1,2014-03-01,0.0819
M0,ZAR1,2014-04-01,0.0837
M0,ZAR1,2014-05-01,0.0853
M0,ZAR1,2014-06-01,0.0839
M0,ZAR1,2014-07-01,0.0841
M0,ZAR1,2014-08-01,0.0853
M0,ZAR1,2014-09-01,0.0852
M0,ZAR1,2014-10-01,0.0861
M0,ZAR1,2014-11-01,0.0869
M0,ZAR1,2014-12-01,0.0849
M0,ZAR1,2015-01-01,0.0813
M0,ZAR1,2015-02-01,0.0808
M0,ZAR1,2015-03-01,0.0812
M0,ZAR1,2015-04-01,0.0801
M0,ZAR1,2015-05-01,0.0778
M0,ZAR1,2015-06-01,0.0756
M0,ZAR1,2015-07-01,0.0765
M0,ZAR1,2015-08-01,0.075
M0,ZAR1,2015-09-01,0.0713
M0,ZAR1,2015-10-01,0.0717
M0,ZAR1,2015-11-01,0.0714
M0,ZAR1,2015-12-01,0.0665
M0,ZAR1,2016-01-01,0.0616
M0,ZAR1,2016-02-01,0.063
M0,ZAR1,2016-03-01,0.0637
M0,ZAR1,2016-04-01,0.0659
M0,ZAR1,2016-05-01,0.0638
M0,ZAR1,2016-06-01,0.0643
M0,ZAR1,2016-07-01,0.0681
M0,ZAR1,2016-08-01,0.0706
M0,ZAR1,2016-09-01,0.0694
M0,ZAR1,2016-10-01,0.0708
M0,ZAR1,2016-11-01,0.0715
M0,ZAR1,2016-12-01,0.0735
M0,ZAR1,2017-01-01,0.0743
M0,ZAR1,2017-02-01,0.0759
M0,ZAR1,2017-03-01,0.0776
M0,ZAR1,2017-04-01,0.0743
M0,ZAR1,2017-05-01,0.0743
M0,ZAR1,2017-06-01,0.0751
M0,ZAR1,2017-07-01,0.0731
M0,ZAR1,2017-08-01,0.0729
M0,ZAR1,2017-09-01,0.0732
M0,ZAR1,2017-10-01,0.0717
M0,ZAR1,2017-11-01,0.0704
M0,ZAR1,2017-12-01,0.0753
M0,ZAR1,2018-01-01,0.0789
M0,ZAR1,2018-02-01,0.0791
M0,ZAR1,2018-03-01,0.0799
M0,ZAR1,2018-04-01,0.08
M0,ZAR1,2018-05-01,0.07959
M0,ZAR1,2018-06-01,0.07443
M0,ZAR1,2018-07-01,0.07412
M0,ZAR1,2018-08-01,0.07013
M0,ZAR1,2018-09-01,0.06559
M0,ZAR1,2018-10-01,0.06853
M0,ZAR1,2018-11-01,0.07098
M0,ZAR1,2018-12-01,0.06985
M0,ZAR1,2019-01-01,0.07148
M0,ZAR1,2019-02-01,0.07256
M0,ZAR1,2019-03-01,0.06963
M0,ZAR1,2019-04-01,0.07112
M0,ZAR1,2019-05-01,0.07007
M0,ZAR1,2019-06-01,0.06787
M0,ZAR1,2019-07-01,0.07028
M0,ZAR1,2019-08-01,0.06449
M0,ZAR1,2019-09-01,0.06672
M0,ZAR1,2019-10-01,0.06663
M0,ZAR1,2019-11-01,0.06713
M0,ZAR1,2019-12-01,0.06816
M0,ZAR1,2020-01-01,0.06725
M0,ZAR1,2020-02-01,0.06496
M0,ZAR1,2020-03-01,0.05761
M0,ZAR1,2020-04-01,0.05223
M0,ZAR1,2020-05-01,0.05347
M0,ZAR1,2020-06-01,0.05563
M0,ZAR1,2020-07-01,0.05573
M0,ZAR1,2020-08-01,0.05277
M0,ZAR1,2020-09-01,0.05467
M0,ZAR1,2020-10-01,0.05544
M0,ZAR1,2020-11-01,0.05858
M0,ZAR1,2020-12-01,0.05962
M0,ZAR1,2021-01-01,0.05863
M0,ZAR1,2021-02-01,0.06081
M0,ZAR1,2021-03-01,0.06201
M0,ZAR1,2021-04-01,0.06395
M0,ZAR1,2021-05-01,0.06419
M0,ZAR1,2021-06-01,0.06526
M0,ZAR1,2021-07-01,0.06321
M0,ZAR1,2021-08-01,0.06186
M0,ZAR1,2021-09-01,0.06338
M0,ZAR1,2021-10-01,0.06218
M0,ZAR1,2021-11-01,0.05941
M0,ZAR1,2021-12-01,0.05802
M0,ZAR1,2022-01-01,0.05935
M0,ZAR1,2022-02-01,0.0606
M0,ZAR1,2022-03-01,0.06202
M0,ZAR1,2022-04-01,0.06282
M0,ZAR1,2022-05-01,0.06161
M0,ZAR1,2022-06-01,0.06138
M0,ZAR1,2022-07-01,0.05752
M0,ZAR1,2022-08-01,0.05734
M0,ZAR1,2022-09-01,0.05544
M0,ZAR1,2022-10-01,0.05492
M0,ZAR1,2022-11-01,0.05519
M0,ZAR1,2022-12-01,0.05398
M0,ZAR1,2023-01-01,0.05403
M0,ZAR1,2023-02-01,0.05164
M0,ZAR1,2023-03-01,0.0506
M0,ZAR1,2023-04-01,0.0494
M0,ZAR1,2023-05-01,0.0472
M0,ZAR1,2023-06-01,0.0481
M0,ZAR1,2023-07-01,0.04803
M0,ZAR1,2023-08-01,0.04676
M0,ZAR1,2023-09-01,0.04734
M0,ZAR1,2023-10-01,0.04743
M0,ZAR1,2023-11-01,0.04808
M0,ZAR1,2023-12-01,0.04646
M0,ZAR1,2024-01-01,0.04566
M0,ZAR1,2024-02-01,0.04611
M0,ZAR1,2024-03-01,0.04708
M0,ZAR1,2024-04-01,0.04821
M0,ZAR1,2024-05-01,0.04935
M0,ZAR1,2024-06-01,0.04857
M0,ZAR1,2024-07-01,0.04894
M0,ZAR1,2024-08-01,0.04754
M0,ZAR1,2024-09-01,0.0481
M0,ZAR1,2024-10-01,0.049
M0,ZAR1,2024-11-01,0.04911
M0,ZAR1,2024-12-01,0.04904
M0,ZAR1,2025-01-01,0.04856
M0,ZAR1,2025-02-01,0.04889
M0,ZAR1,2025-03-01,0.04836
M0,ZAR1,2025-04-01,0.04428
M0,ZAR1,2025-05-01,0.0458
M0,ZAR1,2025-06-01,0.0456
M0,ZAR1,2025-07-01,0.04492
M0,ZAR1,2025-08-01,0.04555
M0,ZAR1,2025-09-01,0.04565
M0,ZAR1,2025-10-01,0.04615
M0,ZAR1,2025-11-01,0.04665
M0,ZAR1,2025-12-01,0.0473
M0,ZAR1,2026-01-01,0.04855
M0,ZAR1,2026-02-01,0.0483
M0,ZAR1,2026-03-01,0.04702
M0,ZAR1,2026-04-01,0.04759
M0,ZAR1,2026-05-01,0.04753
M0,ZAR1,2026-06-01,0.04876
M0,ZAR1,2026-07-01,0.04922
M1,ARS1,1999-01-01,141.63
M1,ARS1,1999-02-01,144.26
M1,ARS1,1999-03-01,148.87
M1,ARS1,1999-04-01,152.14
M1,ARS1,1999-05-01,152.33
M1,ARS1,1999-06-01,154.96
M1,ARS1,1999-07-01,149.03
M1,ARS1,1999-08-01,151.94
M1,ARS1,1999-09-01,149.62
M1,ARS1,1999-10-01,152.49
M1,ARS1,1999-11-01,158.8
M1,ARS1,1999-12-01,159.83
M1,ARS1,2000-01-01,164.08
M1,ARS1,2000-02-01,162.44
M1,ARS1,2000-03-01,166.28
M1,ARS1,2000-04-01,172.94
M1,ARS1,2000-05-01,168.62
M1,ARS1,2000-06-01,162.53
M1,ARS1,2000-07-01,167.66
M1,ARS1,2000-08-01,173.26
M1,ARS1,2000-09-01,173
M1,ARS1,2000-10-01,180.9
M1,ARS1,2000-11-01,173.23
M1,ARS1,2000-12-01,163.79
M1,ARS1,2001-01-01,164.27
M1,ARS1,2001-02-01,167.25
M1,ARS1,2001-03-01,172.82
M1,ARS1,2001-04-01,172.62
M1,ARS1,2001-05-01,179.61
M1,ARS1,2001-06-01,179.62
M1,ARS1,2001-07-01,172.62
M1,ARS1,2001-08-01,165.16
M1,ARS1,2001-09-01,161.34
M1,ARS1,2001-10-01,162.39
M1,ARS1,2001-11-01,166.51
M1,ARS1,2001-12-01,167.95
M1,ARS1,2002-01-01,87.57
M1,ARS1,2002-02-01,78.58
M1,ARS1,2002-03-01,56.59
M1,ARS1,2002-04-01,55.49
M1,ARS1,2002-05-01,43.01
M1,ARS1,2002-06-01,38.53
M1,ARS1,2002-07-01,40.72
M1,ARS1,2002-08-01,41.2
M1,ARS1,2002-09-01,40.01
M1,ARS1,2002-10-01,41.75
M1,ARS1,2002-11-01,41.65
M1,ARS1,2002-12-01,41.16
M1,ARS1,2003-01-01,41.6
M1,ARS1,2003-02-01,42.65
M1,ARS1,2003-03-01,45.57
M1,ARS1,2003-04-01,47.53
M1,ARS1,2003-05-01,44.86
M1,ARS1,2003-06-01,48.26
M1,ARS1,2003-07-01,47.11
M1,ARS1,2003-08-01,47.61
M1,ARS1,2003-09-01,45.33
M1,ARS1,2003-10-01,46.38
M1,ARS1,2003-11-01,43.56
M1,ARS1,2003-12-01,42.04
M1,ARS1,2004-01-01,42.73
M1,ARS1,2004-02-01,43.34
M1,ARS1,2004-03-01,44.46
M1,ARS1,2004-04-01,45.3
M1,ARS1,2004-05-01,41.92
M1,ARS1,2004-06-01,42.5
M1,ARS1,2004-07-01,42.91
M1,ARS1,2004-08-01,42.44
M1,ARS1,2004-09-01,42.19
M1,ARS1,2004-10-01,40.15
M1,ARS1,2004-11-01,38.64
M1,ARS1,2004-12-01,38.02
M1,ARS1,2005-01-01,40.68
M1,ARS1,2005-02-01,39.51
M1,ARS1,2005-03-01,40.92
M1,ARS1,2005-04-01,40.72
M1,ARS1,2005-05-01,43.12
M1,ARS1,2005-06-01,44.29
M1,ARS1,2005-07-01,45.06
M1,ARS1,2005-08-01,43.53
M1,ARS1,2005-09-01,44.32
M1,ARS1,2005-10-01,42.38
M1,ARS1,2005-11-01,44.1
M1,ARS1,2005-12-01,43.37
M1,ARS1,2006-01-01,41.89
M1,ARS1,2006-02-01,42.83
M1,ARS1,2006-03-01,42.24
M1,ARS1,2006-04-01,41.2
M1,ARS1,2006-05-01,39.17
M1,ARS1,2006-06-01,39.86
M1,ARS1,2006-07-01,40.02
M1,ARS1,2006-08-01,39.56
M1,ARS1,2006-09-01,40.32
M1,ARS1,2006-10-01,40.39
M1,ARS1,2006-11-01,39.19
M1,ARS1,2006-12-01,39.65
M1,ARS1,2007-01-01,40.38
M1,ARS1,2007-02-01,39.36
M1,ARS1,2007-03-01,39.31
M1,ARS1,2007-04-01,39.09
M1,ARS1,2007-05-01,39.75
M1,ARS1,2007-06-01,39.82
M1,ARS1,2007-07-01,38.46
M1,ARS1,2007-08-01,38.16
M1,ARS1,2007-09-01,37.15
M1,ARS1,2007-10-01,36.76
M1,ARS1,2007-11-01,35.54
M1,ARS1,2007-12-01,35.73
M1,ARS1,2008-01-01,34.25
M1,ARS1,2008-02-01,33.17
M1,ARS1,2008-03-01,31.35
M1,ARS1,2008-04-01,32.75
M1,ARS1,2008-05-01,33.75
M1,ARS1,2008-06-01,33.51
M1,ARS1,2008-07-01,34.55
M1,ARS1,2008-08-01,36.09
M1,ARS1,2008-09-01,35.18
M1,ARS1,2008-10-01,33.89
M1,ARS1,2008-11-01,35.77
M1,ARS1,2008-12-01,30.57
M1,ARS1,2009-01-01,33.1
M1,ARS1,2009-02-01,32.9
M1,ARS1,2009-03-01,30.69
M1,ARS1,2009-04-01,30.35
M1,ARS1,2009-05-01,28.84
M1,ARS1,2009-06-01,28.52
M1,ARS1,2009-07-01,28.4
M1,ARS1,2009-08-01,27.56
M1,ARS1,2009-09-01,26.84
M1,ARS1,2009-10-01,26.63
M1,ARS1,2009-11-01,26.28
M1,ARS1,2009-12-01,27.05
M1,ARS1,2010-01-01,27.48
M1,ARS1,2010-02-01,27.89
M1,ARS1,2010-03-01,27.46
M1,ARS1,2010-04-01,27.76
M1,ARS1,2010-05-01,29.48
M1,ARS1,2010-06-01,27.47
M1,ARS1,2010-07-01,26.34
M1,ARS1,2010-08-01,25.83
M1,ARS1,2010-09-01,24.63
M1,ARS1,2010-10-01,24.97
M1,ARS1,2010-11-01,25.05
M1,ARS1,2010-12-01,23.53
M1,ARS1,2011-01-01,23.54
M1,ARS1,2011-02-01,22.97
M1,ARS1,2011-03-01,22.59
M1,ARS1,2011-04-01,21.28
M1,ARS1,2011-05-01,20.8
M1,ARS1,2011-06-01,20.28
M1,ARS1,2011-07-01,19.34
M1,ARS1,2011-08-01,19.35
M1,ARS1,2011-09-01,21.43
M1,ARS1,2011-10-01,20.57
M1,ARS1,2011-11-01,21.57
M1,ARS1,2011-12-01,21.86
M1,ARS1,2012-01-01,21.07
M1,ARS1,2012-02-01,20.55
M1,ARS1,2012-03-01,20.64
M1,ARS1,2012-04-01,20.55
M1,ARS1,2012-05-01,21.64
M1,ARS1,2012-06-01,21.11
M1,ARS1,2012-07-01,21.4
M1,ARS1,2012-08-01,20.69
M1,ARS1,2012-09-01,19.91
M1,ARS1,2012-10-01,19.49
M1,ARS1,2012-11-01,19.13
M1,ARS1,2012-12-01,18.63
M1,ARS1,2013-01-01,18.3
M1,ARS1,2013-02-01,18.44
M1,ARS1,2013-03-01,18.53
M1,ARS1,2013-04-01,18.1
M1,ARS1,2013-05-01,18.05
M1,ARS1,2013-06-01,17.59
M1,ARS1,2013-07-01,16.84
M1,ARS1,2013-08-01,16.43
M1,ARS1,2013-09-01,15.62
M1,ARS1,2013-10-01,15.24
M1,ARS1,2013-11-01,14.77
M1,ARS1,2013-12-01,13.66
M1,ARS1,2014-01-01,11.28
M1,ARS1,2014-02-01,11.23
M1,ARS1,2014-03-01,11.08
M1,ARS1,2014-04-01,11.05
M1,ARS1,2014-05-01,11.11
M1,ARS1,2014-06-01,10.94
M1,ARS1,2014-07-01,11.09
M1,ARS1,2014-08-01,10.89
M1,ARS1,2014-09-01,11.23
M1,ARS1,2014-10-01,11.29
M1,ARS1,2014-11-01,11.34
M1,ARS1,2014-12-01,11.69
M1,ARS1,2015-01-01,10.71
M1,ARS1,2015-02-01,10.88
M1,ARS1,2015-03-01,11.06
M1,ARS1,2015-04-01,10.51
M1,ARS1,2015-05-01,10.49
M1,ARS1,2015-06-01,10.25
M1,ARS1,2015-07-01,10.47
M1,ARS1,2015-08-01,10.36
M1,ARS1,2015-09-01,10.33
M1,ARS1,2015-10-01,10.37
M1,ARS1,2015-11-01,10.61
M1,ARS1,2015-12-01,7.65
M1,ARS1,2016-01-01,7.37
M1,ARS1,2016-02-01,6.47
M1,ARS1,2016-03-01,6.59
M1,ARS1,2016-04-01,6.72
M1,ARS1,2016-05-01,7.1
M1,ARS1,2016-06-01,6.54
M1,ARS1,2016-07-01,6.5
M1,ARS1,2016-08-01,6.54
M1,ARS1,2016-09-01,6.31
M1,ARS1,2016-10-01,6.51
M1,ARS1,2016-11-01,6.46
M1,ARS1,2016-12-01,6.38
M1,ARS1,2017-01-01,6.25
M1,ARS1,2017-02-01,6.5
M1,ARS1,2017-03-01,6.48
M1,ARS1,2017-04-01,6.44
M1,ARS1,2017-05-01,6.03
M1,ARS1,2017-06-01,5.81
M1,ARS1,2017-07-01,5.45
M1,ARS1,2017-08-01,5.54
M1,ARS1,2017-09-01,5.54
M1,ARS1,2017-10-01,5.64
M1,ARS1,2017-11-01,5.67
M1,ARS1,2017-12-01,5.09
M1,ARS1,2018-01-01,4.75
M1,ARS1,2018-02-01,4.66
M1,ARS1,2018-03-01,4.73
M1,ARS1,2018-04-01,0.04820000000000001
M1,ARS1,2018-05-01,0.0396
M1,ARS1,2018-06-01,0.0354
M1,ARS1,2018-07-01,0.03625
M1,ARS1,2018-08-01,0.025
M1,ARS1,2018-09-01,0.0245
M1,ARS1,2018-10-01,0.027400000000000004
M1,ARS1,2018-11-01,0.026400000000000003
M1,ARS1,2018-12-01,0.026099999999999998
M1,ARS1,2019-01-01,0.0265
M1,ARS1,2019-02-01,0.0257
M1,ARS1,2019-03-01,0.022799999999999997
M1,ARS1,2019-04-01,0.023
M1,ARS1,2019-05-01,0.0226
M1,ARS1,2019-06-01,0.022799999999999997
M1,ARS1,2019-07-01,0.0226
M1,ARS1,2019-08-01,0.0171
M1,ARS1,2019-09-01,0.0173
M1,ARS1,2019-10-01,0.0165
M1,ARS1,2019-11-01,0.0167
M1,ARS1,2019-12-01,0.016200000000000003
M1,ARS1,2020-01-01,0.0161
M1,ARS1,2020-02-01,0.015500000000000002
M1,ARS1,2020-03-01,0.015
M1,ARS1,2020-04-01,0.0146
M1,ARS1,2020-05-01,0.01405
M1,ARS1,2020-06-01,0.01352
M1,ARS1,2020-07-01,0.01256
M1,ARS1,2020-08-01,0.01221
M1,ARS1,2020-09-01,0.01213
M1,ARS1,2020-10-01,0.0117
M1,ARS1,2020-11-01,0.01114
M1,ARS1,2020-12-01,0.01047
M1,ARS1,2021-01-01,0.0102
M1,ARS1,2021-02-01,0.01007
M1,ARS1,2021-03-01,0.01024
M1,ARS1,2021-04-01,0.00973
M1,ARS1,2021-05-01,0.00952
M1,ARS1,2021-06-01,0.00964
M1,ARS1,2021-07-01,0.00937
M1,ARS1,2021-08-01,0.00936
M1,ARS1,2021-09-01,0.00947
M1,ARS1,2021-10-01,0.00915
M1,ARS1,2021-11-01,0.0091
M1,ARS1,2021-12-01,0.00888
M1,ARS1,2022-01-01,0.00889
M1,ARS1,2022-02-01,0.00859
M1,ARS1,2022-03-01,0.00834
M1,ARS1,2022-04-01,0.00841
M1,ARS1,2022-05-01,0.00801
M1,ARS1,2022-06-01,0.00764
M1,ARS1,2022-07-01,0.00727
M1,ARS1,2022-08-01,0.00705
M1,ARS1,2022-09-01,0.00664
M1,ARS1,2022-10-01,0.0064
M1,ARS1,2022-11-01,0.00569
M1,ARS1,2022-12-01,0.00522
M1,ARS1,2023-01-01,0.00497
M1,ARS1,2023-02-01,0.00477
M1,ARS1,2023-03-01,0.00439
M1,ARS1,2023-04-01,0.00404
M1,ARS1,2023-05-01,0.00382
M1,ARS1,2023-06-01,0.00352
M1,ARS1,2023-07-01,0.00318
M1,ARS1,2023-08-01,0.00252
M1,ARS1,2023-09-01,0.0026
M1,ARS1,2023-10-01,0.00258
M1,ARS1,2023-11-01,0.00243
M1,ARS1,2023-12-01,0.00104
M1,ARS1,2024-01-01,0.00104
M1,ARS1,2024-02-01,0.00104
M1,ARS1,2024-03-01,0.00106
M1,ARS1,2024-04-01,0.00104
M1,ARS1,2024-05-01,0.00101
M1,ARS1,2024-06-01,9.9e-4
M1,ARS1,2024-07-01,9.5e-4
M1,ARS1,2024-08-01,8.9e-4
M1,ARS1,2024-09-01,8.7e-4
M1,ARS1,2024-10-01,8.8e-4
M1,ARS1,2024-11-01,8.7e-4
M1,ARS1,2024-12-01,8.8e-4
M1,ARS1,2025-01-01,8.7e-4
M1,ARS1,2025-02-01,8.5e-4
M1,ARS1,2025-03-01,8.2e-4
M1,ARS1,2025-04-01,7.1e-4
M1,ARS1,2025-05-01,7e-4
M1,ARS1,2025-06-01,6.7e-4
M1,ARS1,2025-07-01,6.2e-4
M1,ARS1,2025-08-01,6e-4
M1,ARS1,2025-09-01,5.9e-4
M1,ARS1,2025-10-01,5.6e-4
M1,ARS1,2025-11-01,5.6e-4
M1,ARS1,2025-12-01,5.5e-4
M1,ARS1,2026-01-01,5.3e-4
M1,ARS1,2026-02-01,5.5e-4
M1,ARS1,2026-03-01,5.7e-4
M1,ARS1,2026-04-01,5.7e-4
M1,ARS1,2026-05-01,5.6e-4
M1,ARS1,2026-06-01,5.5e-4
M1,ARS1,2026-07-01,5.4e-4
M1,AUD1,1992-01-01,1.071
M1,AUD1,1992-02-01,1.1185
M1,AUD1,1992-03-01,1.152
M1,AUD1,1992-04-01,1.154
M1,AUD1,1992-05-01,1.106
M1,AUD1,1992-06-01,1.0275
M1,AUD1,1992-07-01,0.9802
M1,AUD1,1992-08-01,0.899
M1,AUD1,1992-09-01,0.8826
M1,AUD1,1992-10-01,0.9512
M1,AUD1,1992-11-01,0.9879
M1,AUD1,1992-12-01,1.0012
M1,AUD1,1993-01-01,0.9937
M1,AUD1,1993-02-01,1.0536
M1,AUD1,1993-03-01,1.0555
M1,AUD1,1993-04-01,1.0127
M1,AUD1,1993-05-01,0.9904
M1,AUD1,1993-06-01,1.0005
M1,AUD1,1993-07-01,1.0462
M1,AUD1,1993-08-01,0.9828
M1,AUD1,1993-09-01,0.9106
M1,AUD1,1993-10-01,0.9836
M1,AUD1,1993-11-01,0.9815
M1,AUD1,1993-12-01,1.0025
M1,AUD1,1994-01-01,1.0388
M1,AUD1,1994-02-01,1.0209
M1,AUD1,1994-03-01,0.9904
M1,AUD1,1994-04-01,1.0078
M1,AUD1,1994-05-01,1.03
M1,AUD1,1994-06-01,0.9792
M1,AUD1,1994-07-01,0.9956
M1,AUD1,1994-08-01,0.9858
M1,AUD1,1994-09-01,0.9492
M1,AUD1,1994-10-01,0.937
M1,AUD1,1994-11-01,1.0215
M1,AUD1,1994-12-01,1.0181
M1,AUD1,1995-01-01,0.957
M1,AUD1,1995-02-01,0.9172
M1,AUD1,1995-03-01,0.8367
M1,AUD1,1995-04-01,0.8262
M1,AUD1,1995-05-01,0.8182
M1,AUD1,1995-06-01,0.8177
M1,AUD1,1995-07-01,0.8476
M1,AUD1,1995-08-01,0.9064
M1,AUD1,1995-09-01,0.86
M1,AUD1,1995-10-01,0.865
M1,AUD1,1995-11-01,0.8652
M1,AUD1,1995-12-01,0.8579
M1,AUD1,1996-01-01,0.9039
M1,AUD1,1996-02-01,0.9137
M1,AUD1,1996-03-01,0.9281
M1,AUD1,1996-04-01,0.9718
M1,AUD1,1996-05-01,1.0056
M1,AUD1,1996-06-01,0.9879
M1,AUD1,1996-07-01,0.9154
M1,AUD1,1996-08-01,0.9469
M1,AUD1,1996-09-01,0.9955
M1,AUD1,1996-10-01,0.9956
M1,AUD1,1996-11-01,1.0495
M1,AUD1,1996-12-01,1.0746
M1,AUD1,1997-01-01,1.0831
M1,AUD1,1997-02-01,1.1443
M1,AUD1,1997-03-01,1.1456
M1,AUD1,1997-04-01,1.1443
M1,AUD1,1997-05-01,1.0747
M1,AUD1,1997-06-01,1.0827
M1,AUD1,1997-07-01,1.1245
M1,AUD1,1997-08-01,1.0895
M1,AUD1,1997-09-01,1.048
M1,AUD1,1997-10-01,0.9873
M1,AUD1,1997-11-01,0.9737
M1,AUD1,1997-12-01,0.9493
M1,AUD1,1998-01-01,0.986
M1,AUD1,1998-02-01,0.992
M1,AUD1,1998-03-01,1.0074
M1,AUD1,1998-04-01,0.9741
M1,AUD1,1998-05-01,0.927
M1,AUD1,1998-06-01,0.9348
M1,AUD1,1998-07-01,0.908
M1,AUD1,1998-08-01,0.8242
M1,AUD1,1998-09-01,0.8218
M1,AUD1,1998-10-01,0.8398
M1,AUD1,1998-11-01,0.8891
M1,AUD1,1998-12-01,0.8449
M1,AUD1,1999-01-01,0.8912
M1,AUD1,1999-02-01,0.8941
M1,AUD1,1999-03-01,0.9361
M1,AUD1,1999-04-01,1.0007
M1,AUD1,1999-05-01,0.9884
M1,AUD1,1999-06-01,1.0229
M1,AUD1,1999-07-01,0.9713
M1,AUD1,1999-08-01,0.9688
M1,AUD1,1999-09-01,0.9761
M1,AUD1,1999-10-01,0.9816
M1,AUD1,1999-11-01,1.0114
M1,AUD1,1999-12-01,1.043
M1,AUD1,2000-01-01,1.0427
M1,AUD1,2000-02-01,1.0101
M1,AUD1,2000-03-01,1.0035
M1,AUD1,2000-04-01,1.0167
M1,AUD1,2000-05-01,0.9656
M1,AUD1,2000-06-01,0.9726
M1,AUD1,2000-07-01,0.9687
M1,AUD1,2000-08-01,0.9973
M1,AUD1,2000-09-01,0.939
M1,AUD1,2000-10-01,0.9287
M1,AUD1,2000-11-01,0.9076
M1,AUD1,2000-12-01,0.9074
M1,AUD1,2001-01-01,0.8976
M1,AUD1,2001-02-01,0.8783
M1,AUD1,2001-03-01,0.843
M1,AUD1,2001-04-01,0.8781
M1,AUD1,2001-05-01,0.9147
M1,AUD1,2001-06-01,0.9093
M1,AUD1,2001-07-01,0.874
M1,AUD1,2001-08-01,0.8807
M1,AUD1,2001-09-01,0.7978
M1,AUD1,2001-10-01,0.8197
M1,AUD1,2001-11-01,0.86240000000000006
M1,AUD1,2001-12-01,0.855
M1,AUD1,2002-01-01,0.868
M1,AUD1,2002-02-01,0.8799
M1,AUD1,2002-03-01,0.8929
M1,AUD1,2002-04-01,0.8719
M1,AUD1,2002-05-01,0.8864
M1,AUD1,2002-06-01,0.8346
M1,AUD1,2002-07-01,0.8116
M1,AUD1,2002-08-01,0.8249
M1,AUD1,2002-09-01,0.8103
M1,AUD1,2002-10-01,0.8207
M1,AUD1,2002-11-01,0.8312
M1,AUD1,2002-12-01,0.7852
M1,AUD1,2003-01-01,0.7993
M1,AUD1,2003-02-01,0.8233
M1,AUD1,2003-03-01,0.82
M1,AUD1,2003-04-01,0.8483
M1,AUD1,2003-05-01,0.8417
M1,AUD1,2003-06-01,0.906
M1,AUD1,2003-07-01,0.8897
M1,AUD1,2003-08-01,0.9056
M1,AUD1,2003-09-01,0.899
M1,AUD1,2003-10-01,0.9378
M1,AUD1,2003-11-01,0.9371
M1,AUD1,2003-12-01,0.9277
M1,AUD1,2004-01-01,0.9578
M1,AUD1,2004-02-01,0.9766
M1,AUD1,2004-03-01,0.9682
M1,AUD1,2004-04-01,0.9345
M1,AUD1,2004-05-01,0.892
M1,AUD1,2004-06-01,0.8701
M1,AUD1,2004-07-01,0.8942
M1,AUD1,2004-08-01,0.8934
M1,AUD1,2004-09-01,0.9016
M1,AUD1,2004-10-01,0.8941
M1,AUD1,2004-11-01,0.8823
M1,AUD1,2004-12-01,0.8818
M1,AUD1,2005-01-01,0.9211
M1,AUD1,2005-02-01,0.9196
M1,AUD1,2005-03-01,0.9252
M1,AUD1,2005-04-01,0.9269
M1,AUD1,2005-05-01,0.9429
M1,AUD1,2005-06-01,0.9775
M1,AUD1,2005-07-01,0.9801
M1,AUD1,2005-08-01,0.9493
M1,AUD1,2005-09-01,0.984
M1,AUD1,2005-10-01,0.9613
M1,AUD1,2005-11-01,0.9707
M1,AUD1,2005-12-01,0.9646
M1,AUD1,2006-01-01,0.9668
M1,AUD1,2006-02-01,0.9741
M1,AUD1,2006-03-01,0.9324
M1,AUD1,2006-04-01,0.9471
M1,AUD1,2006-05-01,0.9222
M1,AUD1,2006-06-01,0.9147
M1,AUD1,2006-07-01,0.9446
M1,AUD1,2006-08-01,0.9361
M1,AUD1,2006-09-01,0.9335
M1,AUD1,2006-10-01,0.9613
M1,AUD1,2006-11-01,0.9492
M1,AUD1,2006-12-01,0.9634
M1,AUD1,2007-01-01,0.9679
M1,AUD1,2007-02-01,0.9631
M1,AUD1,2007-03-01,0.9851
M1,AUD1,2007-04-01,0.9995
M1,AUD1,2007-05-01,1.011
M1,AUD1,2007-06-01,1.0462
M1,AUD1,2007-07-01,1.036
M1,AUD1,2007-08-01,0.9929
M1,AUD1,2007-09-01,1.0332
M1,AUD1,2007-10-01,1.0689
M1,AUD1,2007-11-01,0.994
M1,AUD1,2007-12-01,0.9906
M1,AUD1,2008-01-01,0.9631
M1,AUD1,2008-02-01,0.9907
M1,AUD1,2008-03-01,0.9078
M1,AUD1,2008-04-01,0.9684
M1,AUD1,2008-05-01,1.0027
M1,AUD1,2008-06-01,0.9808
M1,AUD1,2008-07-01,0.99
M1,AUD1,2008-08-01,0.9454
M1,AUD1,2008-09-01,0.8846
M1,AUD1,2008-10-01,0.7578
M1,AUD1,2008-11-01,0.7917
M1,AUD1,2008-12-01,0.7302
M1,AUD1,2009-01-01,0.7437
M1,AUD1,2009-02-01,0.751
M1,AUD1,2009-03-01,0.7871
M1,AUD1,2009-04-01,0.8325
M1,AUD1,2009-05-01,0.8562
M1,AUD1,2009-06-01,0.8777
M1,AUD1,2009-07-01,0.8997
M1,AUD1,2009-08-01,0.8888
M1,AUD1,2009-09-01,0.9094
M1,AUD1,2009-10-01,0.9315
M1,AUD1,2009-11-01,0.9162
M1,AUD1,2009-12-01,0.9253
M1,AUD1,2010-01-01,0.939
M1,AUD1,2010-02-01,0.9601
M1,AUD1,2010-03-01,0.9739
M1,AUD1,2010-04-01,1.0049
M1,AUD1,2010-05-01,0.9792
M1,AUD1,2010-06-01,0.9236
M1,AUD1,2010-07-01,0.9331
M1,AUD1,2010-08-01,0.9084
M1,AUD1,2010-09-01,0.9461
M1,AUD1,2010-10-01,0.9608
M1,AUD1,2010-11-01,0.9565
M1,AUD1,2010-12-01,0.9532
M1,AUD1,2011-01-01,0.9361
M1,AUD1,2011-02-01,0.9417
M1,AUD1,2011-03-01,0.9457
M1,AUD1,2011-04-01,0.9489
M1,AUD1,2011-05-01,0.9105
M1,AUD1,2011-06-01,0.8941
M1,AUD1,2011-07-01,0.8773
M1,AUD1,2011-08-01,0.8683
M1,AUD1,2011-09-01,0.8777
M1,AUD1,2011-10-01,0.9203
M1,AUD1,2011-11-01,0.9205
M1,AUD1,2011-12-01,0.9548
M1,AUD1,2012-01-01,0.9755
M1,AUD1,2012-02-01,0.9685
M1,AUD1,2012-03-01,0.9393
M1,AUD1,2012-04-01,0.9476
M1,AUD1,2012-05-01,0.9431
M1,AUD1,2012-06-01,0.9714
M1,AUD1,2012-07-01,1.0294
M1,AUD1,2012-08-01,0.9885
M1,AUD1,2012-09-01,0.9773
M1,AUD1,2012-10-01,0.9653
M1,AUD1,2012-11-01,0.9658
M1,AUD1,2012-12-01,0.95
M1,AUD1,2013-01-01,0.9492
M1,AUD1,2013-02-01,0.9546
M1,AUD1,2013-03-01,0.9888
M1,AUD1,2013-04-01,0.9703
M1,AUD1,2013-05-01,0.9155
M1,AUD1,2013-06-01,0.8747
M1,AUD1,2013-07-01,0.8368
M1,AUD1,2013-08-01,0.8302
M1,AUD1,2013-09-01,0.8446
M1,AUD1,2013-10-01,0.8558
M1,AUD1,2013-11-01,0.8247
M1,AUD1,2013-12-01,0.7941
M1,AUD1,2014-01-01,0.791
M1,AUD1,2014-02-01,0.7939
M1,AUD1,2014-03-01,0.8184
M1,AUD1,2014-04-01,0.8209
M1,AUD1,2014-05-01,0.836
M1,AUD1,2014-06-01,0.8366
M1,AUD1,2014-07-01,0.844
M1,AUD1,2014-08-01,0.8559
M1,AUD1,2014-09-01,0.8318
M1,AUD1,2014-10-01,0.8458
M1,AUD1,2014-11-01,0.8229
M1,AUD1,2014-12-01,0.8106
M1,AUD1,2015-01-01,0.7164
M1,AUD1,2015-02-01,0.7432
M1,AUD1,2015-03-01,0.74
M1,AUD1,2015-04-01,0.7432
M1,AUD1,2015-05-01,0.722
M1,AUD1,2015-06-01,0.715
M1,AUD1,2015-07-01,0.7004
M1,AUD1,2015-08-01,0.6864
M1,AUD1,2015-09-01,0.6846
M1,AUD1,2015-10-01,0.7014
M1,AUD1,2015-11-01,0.7419
M1,AUD1,2015-12-01,0.7246
M1,AUD1,2016-01-01,0.7229
M1,AUD1,2016-02-01,0.7135
M1,AUD1,2016-03-01,0.7391
M1,AUD1,2016-04-01,0.7348
M1,AUD1,2016-05-01,0.7173
M1,AUD1,2016-06-01,0.728
M1,AUD1,2016-07-01,0.7331
M1,AUD1,2016-08-01,0.7393
M1,AUD1,2016-09-01,0.73740000000000006
M1,AUD1,2016-10-01,0.752
M1,AUD1,2016-11-01,0.7563
M1,AUD1,2016-12-01,0.7338
M1,AUD1,2017-01-01,0.752
M1,AUD1,2017-02-01,0.772
M1,AUD1,2017-03-01,0.765
M1,AUD1,2017-04-01,0.7429
M1,AUD1,2017-05-01,0.7254
M1,AUD1,2017-06-01,0.7357
M1,AUD1,2017-07-01,0.7733
M1,AUD1,2017-08-01,0.7612
M1,AUD1,2017-09-01,0.7608
M1,AUD1,2017-10-01,0.765
M1,AUD1,2017-11-01,0.7462
M1,AUD1,2017-12-01,0.7618
M1,AUD1,2018-01-01,0.7543
M1,AUD1,2018-02-01,0.7362
M1,AUD1,2018-03-01,0.7338
M1,AUD1,2018-04-01,0.74675
M1,AUD1,2018-05-01,0.74895
M1,AUD1,2018-06-01,0.73431
M1,AUD1,2018-07-01,0.73306
M1,AUD1,2018-08-01,0.70083
M1,AUD1,2018-09-01,0.70557
M1,AUD1,2018-10-01,0.71198
M1,AUD1,2018-11-01,0.72733
M1,AUD1,2018-12-01,0.69546
M1,AUD1,2019-01-01,0.72212
M1,AUD1,2019-02-01,0.71096
M1,AUD1,2019-03-01,0.70542
M1,AUD1,2019-04-01,0.71822
M1,AUD1,2019-05-01,0.69542
M1,AUD1,2019-06-01,0.68292
M1,AUD1,2019-07-01,0.68284
M1,AUD1,2019-08-01,0.66424
M1,AUD1,2019-09-01,0.67046
M1,AUD1,2019-10-01,0.68024
M1,AUD1,2019-11-01,0.67746
M1,AUD1,2019-12-01,0.67884
M1,AUD1,2020-01-01,0.64885
M1,AUD1,2020-02-01,0.62925
M1,AUD1,2020-03-01,0.5927
M1,AUD1,2020-04-01,0.63542
M1,AUD1,2020-05-01,0.63942
M1,AUD1,2020-06-01,0.65185
M1,AUD1,2020-07-01,0.65288
M1,AUD1,2020-08-01,0.66446
M1,AUD1,2020-09-01,0.65695
M1,AUD1,2020-10-01,0.64502
M1,AUD1,2020-11-01,0.66707
M1,AUD1,2020-12-01,0.67874
M1,AUD1,2021-01-01,0.67994
M1,AUD1,2021-02-01,0.70623
M1,AUD1,2021-03-01,0.71772
M1,AUD1,2021-04-01,0.70655
M1,AUD1,2021-05-01,0.69621
M1,AUD1,2021-06-01,0.69213
M1,AUD1,2021-07-01,0.66973
M1,AUD1,2021-08-01,0.67015
M1,AUD1,2021-09-01,0.67312
M1,AUD1,2021-10-01,0.68696
M1,AUD1,2021-11-01,0.65416
M1,AUD1,2021-12-01,0.66344
M1,AUD1,2022-01-01,0.65709
M1,AUD1,2022-02-01,0.66435
M1,AUD1,2022-03-01,0.69158
M1,AUD1,2022-04-01,0.69236
M1,AUD1,2022-05-01,0.69092
M1,AUD1,2022-06-01,0.65824
M1,AUD1,2022-07-01,0.66653
M1,AUD1,2022-08-01,0.67146
M1,AUD1,2022-09-01,0.63585
M1,AUD1,2022-10-01,0.63984
M1,AUD1,2022-11-01,0.63914
M1,AUD1,2022-12-01,0.62703
M1,AUD1,2023-01-01,0.64981
M1,AUD1,2023-02-01,0.63028
M1,AUD1,2023-03-01,0.61283
M1,AUD1,2023-04-01,0.5897
M1,AUD1,2023-05-01,0.59033
M1,AUD1,2023-06-01,0.59636
M1,AUD1,2023-07-01,0.58276
M1,AUD1,2023-08-01,0.57014
M1,AUD1,2023-09-01,0.58964
M1,AUD1,2023-10-01,0.57451
M1,AUD1,2023-11-01,0.57854
M1,AUD1,2023-12-01,0.57165
M1,AUD1,2024-01-01,0.56805
M1,AUD1,2024-02-01,0.57103
M1,AUD1,2024-03-01,0.58785
M1,AUD1,2024-04-01,0.59563
M1,AUD1,2024-05-01,0.60152
M1,AUD1,2024-06-01,0.59758
M1,AUD1,2024-07-01,0.57225
M1,AUD1,2024-08-01,0.57766
M1,AUD1,2024-09-01,0.58407
M1,AUD1,2024-10-01,0.56842
M1,AUD1,2024-11-01,0.57342
M1,AUD1,2024-12-01,0.56207
M1,AUD1,2025-01-01,0.56676
M1,AUD1,2025-02-01,0.56053
M1,AUD1,2025-03-01,0.55119
M1,AUD1,2025-04-01,0.52764
M1,AUD1,2025-05-01,0.52868
M1,AUD1,2025-06-01,0.52146
M1,AUD1,2025-07-01,0.52497
M1,AUD1,2025-08-01,0.5233
M1,AUD1,2025-09-01,0.5263
M1,AUD1,2025-10-01,0.52427
M1,AUD1,2025-11-01,0.52614
M1,AUD1,2025-12-01,0.53032
M1,AUD1,2026-01-01,0.53678
M1,AUD1,2026-02-01,0.54984
M1,AUD1,2026-03-01,0.5488
M1,AUD1,2026-04-01,0.56305
M1,AUD1,2026-05-01,0.56107
M1,AUD1,2026-06-01,0.55702
M1,AUD1,2026-07-01,0.56771
M1,BRL100,1999-01-01,68.39
M1,BRL100,1999-02-01,71.04
M1,BRL100,1999-03-01,86.74
M1,BRL100,1999-04-01,91.39
M1,BRL100,1999-05-01,88.6
M1,BRL100,1999-06-01,88.44
M1,BRL100,1999-07-01,82.67
M1,BRL100,1999-08-01,79.25
M1,BRL100,1999-09-01,77.27
M1,BRL100,1999-10-01,78.28
M1,BRL100,1999-11-01,82.61
M1,BRL100,1999-12-01,88.58
M1,BRL100,2000-01-01,92.01
M1,BRL100,2000-02-01,92.4
M1,BRL100,2000-03-01,95.2
M1,BRL100,2000-04-01,95.7
M1,BRL100,2000-05-01,92
M1,BRL100,2000-06-01,89.5
M1,BRL100,2000-07-01,93.7
M1,BRL100,2000-08-01,94.9
M1,BRL100,2000-09-01,93.8
M1,BRL100,2000-10-01,94.5
M1,BRL100,2000-11-01,88.5
M1,BRL100,2000-12-01,83.8
M1,BRL100,2001-01-01,83.6
M1,BRL100,2001-02-01,81.8
M1,BRL100,2001-03-01,80.2
M1,BRL100,2001-04-01,78.3
M1,BRL100,2001-05-01,76.7
M1,BRL100,2001-06-01,77.6
M1,BRL100,2001-07-01,71.1
M1,BRL100,2001-08-01,65.2
M1,BRL100,2001-09-01,60.3
M1,BRL100,2001-10-01,59.6
M1,BRL100,2001-11-01,65.2
M1,BRL100,2001-12-01,72
M1,BRL100,2002-01-01,70.2
M1,BRL100,2002-02-01,72.3
M1,BRL100,2002-03-01,72.3
M1,BRL100,2002-04-01,68.5
M1,BRL100,2002-05-01,62.1
M1,BRL100,2002-06-01,52.5
M1,BRL100,2002-07-01,44.3
M1,BRL100,2002-08-01,48.5
M1,BRL100,2002-09-01,38.4
M1,BRL100,2002-10-01,40
M1,BRL100,2002-11-01,41.7
M1,BRL100,2002-12-01,39.1
M1,BRL100,2003-01-01,38.1
M1,BRL100,2003-02-01,38.2
M1,BRL100,2003-03-01,40.4
M1,BRL100,2003-04-01,46.6
M1,BRL100,2003-05-01,43.9
M1,BRL100,2003-06-01,47
M1,BRL100,2003-07-01,46
M1,BRL100,2003-08-01,47.6
M1,BRL100,2003-09-01,45.1
M1,BRL100,2003-10-01,46.7
M1,BRL100,2003-11-01,43.9
M1,BRL100,2003-12-01,42.5
M1,BRL100,2004-01-01,43.1
M1,BRL100,2004-02-01,43.2
M1,BRL100,2004-03-01,43.8
M1,BRL100,2004-04-01,43.7
M1,BRL100,2004-05-01,39.9
M1,BRL100,2004-06-01,40.5
M1,BRL100,2004-07-01,42
M1,BRL100,2004-08-01,43.3
M1,BRL100,2004-09-01,44.1
M1,BRL100,2004-10-01,41.6
M1,BRL100,2004-11-01,41.5
M1,BRL100,2004-12-01,42.6
M1,BRL100,2005-01-01,45
M1,BRL100,2005-02-01,44.3
M1,BRL100,2005-03-01,44.6
M1,BRL100,2005-04-01,46.6
M1,BRL100,2005-05-01,52.5
M1,BRL100,2005-06-01,54.4
M1,BRL100,2005-07-01,53.6
M1,BRL100,2005-08-01,53.2
M1,BRL100,2005-09-01,58.4
M1,BRL100,2005-10-01,56.5
M1,BRL100,2005-11-01,60
M1,BRL100,2005-12-01,56.5
M1,BRL100,2006-01-01,57.9
M1,BRL100,2006-02-01,61.6
M1,BRL100,2006-03-01,59.5
M1,BRL100,2006-04-01,59.1
M1,BRL100,2006-05-01,52.4
M1,BRL100,2006-06-01,56.6
M1,BRL100,2006-07-01,56.6
M1,BRL100,2006-08-01,57.3
M1,BRL100,2006-09-01,57.6
M1,BRL100,2006-10-01,58.1
M1,BRL100,2006-11-01,55.7
M1,BRL100,2006-12-01,57.1
M1,BRL100,2007-01-01,58.9
M1,BRL100,2007-02-01,56.9
M1,BRL100,2007-03-01,59.7
M1,BRL100,2007-04-01,59.5
M1,BRL100,2007-05-01,63.1
M1,BRL100,2007-06-01,63.9
M1,BRL100,2007-07-01,64.1
M1,BRL100,2007-08-01,61.3
M1,BRL100,2007-09-01,63.4
M1,BRL100,2007-10-01,66
M1,BRL100,2007-11-01,62.7
M1,BRL100,2007-12-01,63.2
M1,BRL100,2008-01-01,61.5
M1,BRL100,2008-02-01,62.7
M1,BRL100,2008-03-01,56.9
M1,BRL100,2008-04-01,60.8
M1,BRL100,2008-05-01,64.2
M1,BRL100,2008-06-01,63.6
M1,BRL100,2008-07-01,67
M1,BRL100,2008-08-01,66.9
M1,BRL100,2008-09-01,56
M1,BRL100,2008-10-01,54.5
M1,BRL100,2008-11-01,52.3
M1,BRL100,2008-12-01,45.3
M1,BRL100,2009-01-01,50.3
M1,BRL100,2009-02-01,49.8
M1,BRL100,2009-03-01,49
M1,BRL100,2009-04-01,51.9
M1,BRL100,2009-05-01,53.6
M1,BRL100,2009-06-01,55.3
M1,BRL100,2009-07-01,57.8
M1,BRL100,2009-08-01,56.4
M1,BRL100,2009-09-01,57.7
M1,BRL100,2009-10-01,58.7
M1,BRL100,2009-11-01,57.4
M1,BRL100,2009-12-01,59.1
M1,BRL100,2010-01-01,56.1
M1,BRL100,2010-02-01,59
M1,BRL100,2010-03-01,59.4
M1,BRL100,2010-04-01,62.4
M1,BRL100,2010-05-01,63.7
M1,BRL100,2010-06-01,59.8
M1,BRL100,2010-07-01,59
M1,BRL100,2010-08-01,58
M1,BRL100,2010-09-01,57.4
M1,BRL100,2010-10-01,58
M1,BRL100,2010-11-01,58.1
M1,BRL100,2010-12-01,56.4
M1,BRL100,2011-01-01,55.9
M1,BRL100,2011-02-01,55.7
M1,BRL100,2011-03-01,56.2
M1,BRL100,2011-04-01,54.9
M1,BRL100,2011-05-01,53.5
M1,BRL100,2011-06-01,53.2
M1,BRL100,2011-07-01,51.1
M1,BRL100,2011-08-01,50.9
M1,BRL100,2011-09-01,49
M1,BRL100,2011-10-01,52
M1,BRL100,2011-11-01,49.9
M1,BRL100,2011-12-01,50.4
M1,BRL100,2012-01-01,52.3
M1,BRL100,2012-02-01,52.7
M1,BRL100,2012-03-01,49.5
M1,BRL100,2012-04-01,48
M1,BRL100,2012-05-01,48
M1,BRL100,2012-06-01,45.9
M1,BRL100,2012-07-01,48
M1,BRL100,2012-08-01,46.7
M1,BRL100,2012-09-01,46
M1,BRL100,2012-10-01,45.7
M1,BRL100,2012-11-01,44.1
M1,BRL100,2012-12-01,44.7
M1,BRL100,2013-01-01,45.8
M1,BRL100,2013-02-01,47
M1,BRL100,2013-03-01,46.9
M1,BRL100,2013-04-01,46.6
M1,BRL100,2013-05-01,45.2
M1,BRL100,2013-06-01,43
M1,BRL100,2013-07-01,40.6
M1,BRL100,2013-08-01,39.4
M1,BRL100,2013-09-01,40.1
M1,BRL100,2013-10-01,41.2
M1,BRL100,2013-11-01,39
M1,BRL100,2013-12-01,37.7
M1,BRL100,2014-01-01,37.4
M1,BRL100,2014-02-01,38.1
M1,BRL100,2014-03-01,39.2
M1,BRL100,2014-04-01,39.5
M1,BRL100,2014-05-01,40.3
M1,BRL100,2014-06-01,40.5
M1,BRL100,2014-07-01,40.4
M1,BRL100,2014-08-01,40.8
M1,BRL100,2014-09-01,39
M1,BRL100,2014-10-01,39.9
M1,BRL100,2014-11-01,38.2
M1,BRL100,2014-12-01,37.2
M1,BRL100,2015-01-01,35.6
M1,BRL100,2015-02-01,32.7
M1,BRL100,2015-03-01,30.2
M1,BRL100,2015-04-01,31.6
M1,BRL100,2015-05-01,29.9
M1,BRL100,2015-06-01,29.8
M1,BRL100,2015-07-01,28.6
M1,BRL100,2015-08-01,26.9
M1,BRL100,2015-09-01,24
M1,BRL100,2015-10-01,25.6
M1,BRL100,2015-11-01,26.8
M1,BRL100,2015-12-01,25
M1,BRL100,2016-01-01,25
M1,BRL100,2016-02-01,25
M1,BRL100,2016-03-01,26.8
M1,BRL100,2016-04-01,27.6
M1,BRL100,2016-05-01,27.8
M1,BRL100,2016-06-01,30.2
M1,BRL100,2016-07-01,29.7
M1,BRL100,2016-08-01,30.4
M1,BRL100,2016-09-01,29.7
M1,BRL100,2016-10-01,30.8
M1,BRL100,2016-11-01,29.3
M1,BRL100,2016-12-01,31.2
M1,BRL100,2017-01-01,31.8
M1,BRL100,2017-02-01,32.3
M1,BRL100,2017-03-01,31.7
M1,BRL100,2017-04-01,31.2
M1,BRL100,2017-05-01,29.9
M1,BRL100,2017-06-01,29
M1,BRL100,2017-07-01,30.9
M1,BRL100,2017-08-01,30.5
M1,BRL100,2017-09-01,30.5
M1,BRL100,2017-10-01,30.3
M1,BRL100,2017-11-01,30.4
M1,BRL100,2017-12-01,29.5
M1,BRL100,2018-01-01,29.3
M1,BRL100,2018-02-01,29
M1,BRL100,2018-03-01,28.8
M1,BRL100,2018-04-01,28.61108
M1,BRL100,2018-05-01,26.50565
M1,BRL100,2018-06-01,25.71987
M1,BRL100,2018-07-01,26.47555
M1,BRL100,2018-08-01,23.32217
M1,BRL100,2018-09-01,24.37215
M1,BRL100,2018-10-01,27.19751
M1,BRL100,2018-11-01,25.85468
M1,BRL100,2018-12-01,25.41214
M1,BRL100,2019-01-01,26.97867
M1,BRL100,2019-02-01,26.70322
M1,BRL100,2019-03-01,25.52537
M1,BRL100,2019-04-01,25.82556
M1,BRL100,2019-05-01,25.24991
M1,BRL100,2019-06-01,25.49138
M1,BRL100,2019-07-01,26.13037
M1,BRL100,2019-08-01,23.7063
M1,BRL100,2019-09-01,23.88403
M1,BRL100,2019-10-01,24.74363
M1,BRL100,2019-11-01,23.73676
M1,BRL100,2019-12-01,24.06726
M1,BRL100,2020-01-01,22.84285
M1,BRL100,2020-02-01,21.46421
M1,BRL100,2020-03-01,18.56227
M1,BRL100,2020-04-01,18.19144
M1,BRL100,2020-05-01,17.79009
M1,BRL100,2020-06-01,17.61032
M1,BRL100,2020-07-01,17.60252
M1,BRL100,2020-08-01,16.75137
M1,BRL100,2020-09-01,16.36815
M1,BRL100,2020-10-01,15.84986
M1,BRL100,2020-11-01,16.92784
M1,BRL100,2020-12-01,16.96508
M1,BRL100,2021-01-01,16.35169
M1,BRL100,2021-02-01,16.38279
M1,BRL100,2021-03-01,16.31223
M1,BRL100,2021-04-01,17.01688
M1,BRL100,2021-05-01,17.22099
M1,BRL100,2021-06-01,18.62713
M1,BRL100,2021-07-01,17.81342
M1,BRL100,2021-08-01,17.63509
M1,BRL100,2021-09-01,17.25857
M1,BRL100,2021-10-01,16.1466
M1,BRL100,2021-11-01,16.37714
M1,BRL100,2021-12-01,16.38541
M1,BRL100,2022-01-01,17.31741
M1,BRL100,2022-02-01,17.90858
M1,BRL100,2022-03-01,19.38472
M1,BRL100,2022-04-01,19.60643
M1,BRL100,2022-05-01,20.22282
M1,BRL100,2022-06-01,18.44909
M1,BRL100,2022-07-01,18.38074
M1,BRL100,2022-08-01,19.07951
M1,BRL100,2022-09-01,18.07577
M1,BRL100,2022-10-01,18.89847
M1,BRL100,2022-11-01,17.99765
M1,BRL100,2022-12-01,17.48778
M1,BRL100,2023-01-01,18.09793
M1,BRL100,2023-02-01,18.03072
M1,BRL100,2023-03-01,17.98367
M1,BRL100,2023-04-01,17.99269
M1,BRL100,2023-05-01,18.08378
M1,BRL100,2023-06-01,18.561889999999998
M1,BRL100,2023-07-01,18.40609
M1,BRL100,2023-08-01,18.0178
M1,BRL100,2023-09-01,18.07192
M1,BRL100,2023-10-01,17.88455
M1,BRL100,2023-11-01,17.8377
M1,BRL100,2023-12-01,17.30064
M1,BRL100,2024-01-01,17.4281
M1,BRL100,2024-02-01,17.66516
M1,BRL100,2024-03-01,18.17708
M1,BRL100,2024-04-01,17.82401
M1,BRL100,2024-05-01,17.40342
M1,BRL100,2024-06-01,16.35551
M1,BRL100,2024-07-01,15.69535
M1,BRL100,2024-08-01,15.07935
M1,BRL100,2024-09-01,15.51838
M1,BRL100,2024-10-01,15.01371
M1,BRL100,2024-11-01,14.65057
M1,BRL100,2024-12-01,14.63028
M1,BRL100,2025-01-01,15.50107
M1,BRL100,2025-02-01,15.46388
M1,BRL100,2025-03-01,15.28967
M1,BRL100,2025-04-01,14.68752
M1,BRL100,2025-05-01,14.54032
M1,BRL100,2025-06-01,14.54357
M1,BRL100,2025-07-01,14.5919
M1,BRL100,2025-08-01,14.79572
M1,BRL100,2025-09-01,14.95866
M1,BRL100,2025-10-01,14.90093
M1,BRL100,2025-11-01,15.06183
M1,BRL100,2025-12-01,14.47628
M1,BRL100,2026-01-01,14.83351
M1,BRL100,2026-02-01,15.04399
M1,BRL100,2026-03-01,15.23606
M1,BRL100,2026-04-01,15.80453
M1,BRL100,2026-05-01,15.56733
M1,BRL100,2026-06-01,15.64342
M1,BRL100,2026-07-01,15.94211
M1,CAD1,1970-01-01,4.0125
M1,CAD1,1970-02-01,4.01125
M1,CAD1,1970-03-01,4.01625
M1,CAD1,1970-04-01,4.00875
M1,CAD1,1970-05-01,4.02375
M1,CAD1,1970-06-01,4.1675
M1,CAD1,1970-07-01,4.19125
M1,CAD1,1970-08-01,4.2275
M1,CAD1,1970-09-01,4.24325
M1,CAD1,1970-10-01,4.24325
M1,CAD1,1970-11-01,4.22875
M1,CAD1,1970-12-01,4.27
M1,CAD1,1971-01-01,4.2575
M1,CAD1,1971-02-01,4.27625
M1,CAD1,1971-03-01,4.26
M1,CAD1,1971-04-01,4.2575
M1,CAD1,1971-05-01,4.05875
M1,CAD1,1971-06-01,4.005
M1,CAD1,1971-07-01,4.01
M1,CAD1,1971-08-01,3.9325
M1,CAD1,1971-09-01,3.91
M1,CAD1,1971-10-01,3.97875
M1,CAD1,1971-11-01,3.94
M1,CAD1,1971-12-01,3.90875
M1,CAD1,1972-01-01,3.8545
M1,CAD1,1972-02-01,3.8605
M1,CAD1,1972-03-01,3.853
M1,CAD1,1972-04-01,3.892
M1,CAD1,1972-05-01,3.9135
M1,CAD1,1972-07-01,3.8375
M1,CAD1,1972-08-01,3.8425
M1,CAD1,1972-09-01,3.864
M1,CAD1,1972-10-01,3.8645
M1,CAD1,1972-11-01,3.8015
M1,CAD1,1972-12-01,3.7885
M1,CAD1,1973-01-01,3.6235
M1,CAD1,1973-02-01,3.1395
M1,CAD1,1973-03-01,3.2425
M1,CAD1,1973-04-01,3.229
M1,CAD1,1973-05-01,3.1025
M1,CAD1,1973-06-01,2.967
M1,CAD1,1973-07-01,2.8625
M1,CAD1,1973-08-01,3.013
M1,CAD1,1973-09-01,3.007
M1,CAD1,1973-10-01,3.103
M1,CAD1,1973-11-01,3.202
M1,CAD1,1973-12-01,3.2555
M1,CAD1,1974-01-01,3.3264
M1,CAD1,1974-02-01,3.2245
M1,CAD1,1974-03-01,3.0805
M1,CAD1,1974-04-01,3.0315
M1,CAD1,1974-05-01,3.0935
M1,CAD1,1974-06-01,3.0875
M1,CAD1,1974-07-01,3.039
M1,CAD1,1974-08-01,3.048
M1,CAD1,1974-09-01,2.9895
M1,CAD1,1974-10-01,2.9145
M1,CAD1,1974-11-01,2.7495
M1,CAD1,1974-12-01,2.5665
M1,CAD1,1975-01-01,2.501
M1,CAD1,1975-02-01,2.399
M1,CAD1,1975-03-01,2.5225
M1,CAD1,1975-04-01,2.5075
M1,CAD1,1975-05-01,2.4495
M1,CAD1,1975-06-01,2.434
M1,CAD1,1975-07-01,2.629
M1,CAD1,1975-08-01,2.596
M1,CAD1,1975-09-01,2.68
M1,CAD1,1975-10-01,2.572
M1,CAD1,1975-11-01,2.649
M1,CAD1,1975-12-01,2.5785
M1,CAD1,1976-01-01,2.5985
M1,CAD1,1976-02-01,2.601
M1,CAD1,1976-03-01,2.5755
M1,CAD1,1976-04-01,2.562
M1,CAD1,1976-05-01,2.488
M1,CAD1,1976-06-01,2.554
M1,CAD1,1976-07-01,2.545
M1,CAD1,1976-08-01,2.5255
M1,CAD1,1976-09-01,2.5225
M1,CAD1,1976-10-01,2.5085
M1,CAD1,1976-11-01,2.373
M1,CAD1,1976-12-01,2.423
M1,CAD1,1977-01-01,2.461
M1,CAD1,1977-02-01,2.4345
M1,CAD1,1977-03-01,2.4065
M1,CAD1,1977-04-01,2.4085
M1,CAD1,1977-05-01,2.3835
M1,CAD1,1977-06-01,2.316
M1,CAD1,1977-07-01,2.2475
M1,CAD1,1977-08-01,2.2255
M1,CAD1,1977-09-01,2.178
M1,CAD1,1977-10-01,2.0135
M1,CAD1,1977-11-01,1.95
M1,CAD1,1977-12-01,1.827
M1,CAD1,1978-01-01,1.7885
M1,CAD1,1978-02-01,1.6795
M1,CAD1,1978-03-01,1.649
M1,CAD1,1978-04-01,1.7065
M1,CAD1,1978-05-01,1.7015
M1,CAD1,1978-06-01,1.6535
M1,CAD1,1978-07-01,1.5385
M1,CAD1,1978-08-01,1.4285
M1,CAD1,1978-09-01,1.3115
M1,CAD1,1978-10-01,1.263
M1,CAD1,1978-11-01,1.4665
M1,CAD1,1978-12-01,1.3645
M1,CAD1,1979-01-01,1.4125
M1,CAD1,1979-02-01,1.3955
M1,CAD1,1979-03-01,1.4575
M1,CAD1,1979-04-01,1.5105
M1,CAD1,1979-05-01,1.4835
M1,CAD1,1979-06-01,1.422
M1,CAD1,1979-07-01,1.425
M1,CAD1,1979-08-01,1.417
M1,CAD1,1979-09-01,1.338
M1,CAD1,1979-10-01,1.4025
M1,CAD1,1979-11-01,1.379
M1,CAD1,1979-12-01,1.3465
M1,CAD1,1980-01-01,1.3995
M1,CAD1,1980-02-01,1.474
M1,CAD1,1980-03-01,1.5405
M1,CAD1,1980-04-01,1.405
M1,CAD1,1980-05-01,1.4315
M1,CAD1,1980-06-01,1.41
M1,CAD1,1980-07-01,1.4135
M1,CAD1,1980-08-01,1.426
M1,CAD1,1980-09-01,1.406
M1,CAD1,1980-10-01,1.46
M1,CAD1,1980-11-01,1.464
M1,CAD1,1980-12-01,1.479
M1,CAD1,1981-01-01,1.5965
M1,CAD1,1981-02-01,1.637
M1,CAD1,1981-03-01,1.612
M1,CAD1,1981-04-01,1.6905
M1,CAD1,1981-05-01,1.719
M1,CAD1,1981-06-01,1.691
M1,CAD1,1981-07-01,1.729
M1,CAD1,1981-08-01,1.768
M1,CAD1,1981-09-01,1.642
M1,CAD1,1981-10-01,1.533
M1,CAD1,1981-11-01,1.5025
M1,CAD1,1981-12-01,1.514
M1,CAD1,1982-01-01,1.5385
M1,CAD1,1982-02-01,1.539
M1,CAD1,1982-03-01,1.578
M1,CAD1,1982-04-01,1.602
M1,CAD1,1982-05-01,1.6045
M1,CAD1,1982-06-01,1.623
M1,CAD1,1982-07-01,1.6635
M1,CAD1,1982-08-01,1.719
M1,CAD1,1982-09-01,1.7575
M1,CAD1,1982-10-01,1.799
M1,CAD1,1982-11-01,1.7215
M1,CAD1,1982-12-01,1.6155
M1,CAD1,1983-01-01,1.619
M1,CAD1,1983-02-01,1.664
M1,CAD1,1983-03-01,1.69
M1,CAD1,1983-04-01,1.681
M1,CAD1,1983-05-01,1.7005
M1,CAD1,1983-06-01,1.713
M1,CAD1,1983-07-01,1.725
M1,CAD1,1983-08-01,1.778
M1,CAD1,1983-09-01,1.726
M1,CAD1,1983-10-01,1.7345
M1,CAD1,1983-11-01,1.751
M1,CAD1,1983-12-01,1.7475
M1,CAD1,1984-01-01,1.796
M1,CAD1,1984-02-01,1.729
M1,CAD1,1984-03-01,1.6815
M1,CAD1,1984-04-01,1.7485
M1,CAD1,1984-05-01,1.7445
M1,CAD1,1984-06-01,1.766
M1,CAD1,1984-07-01,1.873
M1,CAD1,1984-08-01,1.8515
M1,CAD1,1984-09-01,1.896
M1,CAD1,1984-10-01,1.8895
M1,CAD1,1984-11-01,1.9225
M1,CAD1,1984-12-01,1.9655
M1,CAD1,1985-01-01,2.0155
M1,CAD1,1985-02-01,2.053
M1,CAD1,1985-03-01,1.8925
M1,CAD1,1985-04-01,1.889
M1,CAD1,1985-05-01,1.892
M1,CAD1,1985-06-01,1.8725
M1,CAD1,1985-07-01,1.6875
M1,CAD1,1985-08-01,1.674
M1,CAD1,1985-09-01,1.5875
M1,CAD1,1985-10-01,1.569
M1,CAD1,1985-11-01,1.509
M1,CAD1,1985-12-01,1.482
M1,CAD1,1986-01-01,1.4155
M1,CAD1,1986-02-01,1.313
M1,CAD1,1986-03-01,1.3875
M1,CAD1,1986-04-01,1.326
M1,CAD1,1986-05-01,1.388
M1,CAD1,1986-06-01,1.291
M1,CAD1,1986-07-01,1.221
M1,CAD1,1986-08-01,1.1875
M1,CAD1,1986-09-01,1.1815
M1,CAD1,1986-10-01,1.234
M1,CAD1,1986-11-01,1.1895
M1,CAD1,1986-12-01,1.175
M1,CAD1,1987-01-01,1.1235
M1,CAD1,1987-02-01,1.153
M1,CAD1,1987-03-01,1.146
M1,CAD1,1987-04-01,1.0935
M1,CAD1,1987-05-01,1.1295
M1,CAD1,1987-06-01,1.139
M1,CAD1,1987-07-01,1.154
M1,CAD1,1987-08-01,1.132
M1,CAD1,1987-09-01,1.163
M1,CAD1,1987-10-01,1.091
M1,CAD1,1987-11-01,1.0275
M1,CAD1,1987-12-01,0.9815
M1,CAD1,1988-01-01,1.068
M1,CAD1,1988-02-01,1.098
M1,CAD1,1988-03-01,1.1075
M1,CAD1,1988-04-01,1.127
M1,CAD1,1988-05-01,1.1625
M1,CAD1,1988-06-01,1.238
M1,CAD1,1988-07-01,1.2905
M1,CAD1,1988-08-01,1.2755
M1,CAD1,1988-09-01,1.3055
M1,CAD1,1988-10-01,1.22
M1,CAD1,1988-11-01,1.221
M1,CAD1,1988-12-01,1.2665
M1,CAD1,1989-01-01,1.339
M1,CAD1,1989-02-01,1.298
M1,CAD1,1989-03-01,1.3865
M1,CAD1,1989-04-01,1.3955
M1,CAD1,1989-05-01,1.432
M1,CAD1,1989-06-01,1.3985
M1,CAD1,1989-07-01,1.362
M1,CAD1,1989-08-01,1.435
M1,CAD1,1989-09-01,1.374
M1,CAD1,1989-10-01,1.375
M1,CAD1,1989-11-01,1.366
M1,CAD1,1989-12-01,1.3365
M1,CAD1,1990-01-01,1.2515
M1,CAD1,1990-02-01,1.248
M1,CAD1,1990-03-01,1.276
M1,CAD1,1990-04-01,1.2525
M1,CAD1,1990-05-01,1.2085
M1,CAD1,1990-06-01,1.2105
M1,CAD1,1990-07-01,1.179
M1,CAD1,1990-08-01,1.1265
M1,CAD1,1990-09-01,1.1215
M1,CAD1,1990-10-01,1.1005
M1,CAD1,1990-11-01,1.1015
M1,CAD1,1990-12-01,1.1155
M1,CAD1,1991-01-01,1.0885
M1,CAD1,1991-02-01,1.1375
M1,CAD1,1991-03-01,1.2615
M1,CAD1,1991-04-01,1.2745
M1,CAD1,1991-05-01,1.2825
M1,CAD1,1991-06-01,1.3635
M1,CAD1,1991-07-01,1.3215
M1,CAD1,1991-08-01,1.3335
M1,CAD1,1991-09-01,1.279
M1,CAD1,1991-10-01,1.312
M1,CAD1,1991-11-01,1.268
M1,CAD1,1991-12-01,1.17
M1,CAD1,1992-01-01,1.2215
M1,CAD1,1992-02-01,1.2575
M1,CAD1,1992-03-01,1.259
M1,CAD1,1992-04-01,1.274
M1,CAD1,1992-05-01,1.2115
M1,CAD1,1992-06-01,1.149
M1,CAD1,1992-07-01,1.1144
M1,CAD1,1992-08-01,1.0555
M1,CAD1,1992-09-01,0.9815
M1,CAD1,1992-10-01,1.102
M1,CAD1,1992-11-01,1.1273
M1,CAD1,1992-12-01,1.1471
M1,CAD1,1993-01-01,1.1512
M1,CAD1,1993-02-01,1.215
M1,CAD1,1993-03-01,1.1938
M1,CAD1,1993-04-01,1.1199
M1,CAD1,1993-05-01,1.1313
M1,CAD1,1993-06-01,1.1713
M1,CAD1,1993-07-01,1.185
M1,CAD1,1993-08-01,1.1095
M1,CAD1,1993-09-01,1.064
M1,CAD1,1993-10-01,1.1188
M1,CAD1,1993-11-01,1.1135
M1,CAD1,1993-12-01,1.1135
M1,CAD1,1994-01-01,1.106
M1,CAD1,1994-02-01,1.0594
M1,CAD1,1994-03-01,1.0203
M1,CAD1,1994-04-01,1.0221
M1,CAD1,1994-05-01,1.0089
M1,CAD1,1994-06-01,0.9695
M1,CAD1,1994-07-01,0.9745
M1,CAD1,1994-08-01,0.9696
M1,CAD1,1994-09-01,0.9549
M1,CAD1,1994-10-01,0.9314
M1,CAD1,1994-11-01,0.9648
M1,CAD1,1994-12-01,0.9341
M1,CAD1,1995-01-01,0.8891
M1,CAD1,1995-02-01,0.8943
M1,CAD1,1995-03-01,0.8219
M1,CAD1,1995-04-01,0.8311
M1,CAD1,1995-05-01,0.8353
M1,CAD1,1995-06-01,0.8369
M1,CAD1,1995-07-01,0.8384
M1,CAD1,1995-08-01,0.8988
M1,CAD1,1995-09-01,0.8445
M1,CAD1,1995-10-01,0.8511
M1,CAD1,1995-11-01,0.8564
M1,CAD1,1995-12-01,0.8452
M1,CAD1,1996-01-01,0.8793
M1,CAD1,1996-02-01,0.8717
M1,CAD1,1996-03-01,0.8723
M1,CAD1,1996-04-01,0.9094
M1,CAD1,1996-05-01,0.9179
M1,CAD1,1996-06-01,0.9175
M1,CAD1,1996-07-01,0.8619
M1,CAD1,1996-08-01,0.8775
M1,CAD1,1996-09-01,0.9217
M1,CAD1,1996-10-01,0.9374
M1,CAD1,1996-11-01,0.9618
M1,CAD1,1996-12-01,0.9853
M1,CAD1,1997-01-01,1.0528
M1,CAD1,1997-02-01,1.0785
M1,CAD1,1997-03-01,1.0617
M1,CAD1,1997-04-01,1.0484
M1,CAD1,1997-05-01,1.0215
M1,CAD1,1997-06-01,1.0534
M1,CAD1,1997-07-01,1.0935
M1,CAD1,1997-08-01,1.0669
M1,CAD1,1997-09-01,1.0534
M1,CAD1,1997-10-01,1.0017
M1,CAD1,1997-11-01,1.0015
M1,CAD1,1997-12-01,1.0147
M1,CAD1,1998-01-01,1.0075
M1,CAD1,1998-02-01,1.0318
M1,CAD1,1998-03-01,1.0717
M1,CAD1,1998-04-01,1.0433
M1,CAD1,1998-05-01,1.0206
M1,CAD1,1998-06-01,1.0373000000000001
M1,CAD1,1998-07-01,0.9937
M1,CAD1,1998-08-01,0.9354
M1,CAD1,1998-09-01,0.9132
M1,CAD1,1998-10-01,0.8705
M1,CAD1,1998-11-01,0.916
M1,CAD1,1998-12-01,0.8891
M1,CAD1,1999-01-01,0.9326
M1,CAD1,1999-02-01,0.9535
M1,CAD1,1999-03-01,0.9849
M1,CAD1,1999-04-01,1.0381
M1,CAD1,1999-05-01,1.0327
M1,CAD1,1999-06-01,1.0501
M1,CAD1,1999-07-01,0.9902
M1,CAD1,1999-08-01,1.0175
M1,CAD1,1999-09-01,1.0203
M1,CAD1,1999-10-01,1.0354
M1,CAD1,1999-11-01,1.0766
M1,CAD1,1999-12-01,1.1004
M1,CAD1,2000-01-01,1.1337
M1,CAD1,2000-02-01,1.1311
M1,CAD1,2000-03-01,1.1421
M1,CAD1,2000-04-01,1.1712
M1,CAD1,2000-05-01,1.1204
M1,CAD1,2000-06-01,1.0961
M1,CAD1,2000-07-01,1.1327
M1,CAD1,2000-08-01,1.1738
M1,CAD1,2000-09-01,1.1522
M1,CAD1,2000-10-01,1.1808
M1,CAD1,2000-11-01,1.1235
M1,CAD1,2000-12-01,1.09
M1,CAD1,2001-01-01,1.0927
M1,CAD1,2001-02-01,1.0947
M1,CAD1,2001-03-01,1.0975
M1,CAD1,2001-04-01,1.1179
M1,CAD1,2001-05-01,1.1613
M1,CAD1,2001-06-01,1.1786
M1,CAD1,2001-07-01,1.1296
M1,CAD1,2001-08-01,1.0691
M1,CAD1,2001-09-01,1.023
M1,CAD1,2001-10-01,1.0282
M1,CAD1,2001-11-01,1.0523
M1,CAD1,2001-12-01,1.0507
M1,CAD1,2002-01-01,1.0772
M1,CAD1,2002-02-01,1.061
M1,CAD1,2002-03-01,1.0553
M1,CAD1,2002-04-01,1.0334
M1,CAD1,2002-05-01,1.0177
M1,CAD1,2002-06-01,0.9828
M1,CAD1,2002-07-01,0.9454
M1,CAD1,2002-08-01,0.9575
M1,CAD1,2002-09-01,0.9439
M1,CAD1,2002-10-01,0.9454
M1,CAD1,2002-11-01,0.9442
M1,CAD1,2002-12-01,0.88
M1,CAD1,2003-01-01,0.8876
M1,CAD1,2003-02-01,0.9108
M1,CAD1,2003-03-01,0.9253
M1,CAD1,2003-04-01,0.9441
M1,CAD1,2003-05-01,0.9459
M1,CAD1,2003-06-01,1.0049
M1,CAD1,2003-07-01,0.9736
M1,CAD1,2003-08-01,1.0106
M1,CAD1,2003-09-01,0.9796
M1,CAD1,2003-10-01,1.011
M1,CAD1,2003-11-01,0.9941
M1,CAD1,2003-12-01,0.9572
M1,CAD1,2004-01-01,0.9479
M1,CAD1,2004-02-01,0.9442
M1,CAD1,2004-03-01,0.9774
M1,CAD1,2004-04-01,0.9451
M1,CAD1,2004-05-01,0.9167
M1,CAD1,2004-06-01,0.9354
M1,CAD1,2004-07-01,0.9647
M1,CAD1,2004-08-01,0.9709
M1,CAD1,2004-09-01,0.9906
M1,CAD1,2004-10-01,0.9816
M1,CAD1,2004-11-01,0.9605
M1,CAD1,2004-12-01,0.9402
M1,CAD1,2005-01-01,0.96
M1,CAD1,2005-02-01,0.9429
M1,CAD1,2005-03-01,0.9849
M1,CAD1,2005-04-01,0.9493
M1,CAD1,2005-05-01,0.9877
M1,CAD1,2005-06-01,1.0429
M1,CAD1,2005-07-01,1.0497
M1,CAD1,2005-08-01,1.065
M1,CAD1,2005-09-01,1.1057
M1,CAD1,2005-10-01,1.0898
M1,CAD1,2005-11-01,1.1247
M1,CAD1,2005-12-01,1.1324
M1,CAD1,2006-01-01,1.1209
M1,CAD1,2006-02-01,1.157
M1,CAD1,2006-03-01,1.1219
M1,CAD1,2006-04-01,1.1167
M1,CAD1,2006-05-01,1.1049
M1,CAD1,2006-06-01,1.1101
M1,CAD1,2006-07-01,1.0929
M1,CAD1,2006-08-01,1.1079
M1,CAD1,2006-09-01,1.1225
M1,CAD1,2006-10-01,1.1093
M1,CAD1,2006-11-01,1.0588
M1,CAD1,2006-12-01,1.0504
M1,CAD1,2007-01-01,1.0636
M1,CAD1,2007-02-01,1.0472
M1,CAD1,2007-03-01,1.0567
M1,CAD1,2007-04-01,1.0817
M1,CAD1,2007-05-01,1.1434
M1,CAD1,2007-06-01,1.1681
M1,CAD1,2007-07-01,1.133
M1,CAD1,2007-08-01,1.1447
M1,CAD1,2007-09-01,1.1724
M1,CAD1,2007-10-01,1.2128
M1,CAD1,2007-11-01,1.1251
M1,CAD1,2007-12-01,1.1501
M1,CAD1,2008-01-01,1.086
M1,CAD1,2008-02-01,1.0734
M1,CAD1,2008-03-01,0.9729
M1,CAD1,2008-04-01,1.0251
M1,CAD1,2008-05-01,1.0601
M1,CAD1,2008-06-01,1.0063
M1,CAD1,2008-07-01,1.024
M1,CAD1,2008-08-01,1.0434
M1,CAD1,2008-09-01,1.0498
M1,CAD1,2008-10-01,0.9318
M1,CAD1,2008-11-01,0.9734
M1,CAD1,2008-12-01,0.8643
M1,CAD1,2009-01-01,0.9383
M1,CAD1,2009-02-01,0.9313
M1,CAD1,2009-03-01,0.9113
M1,CAD1,2009-04-01,0.9513
M1,CAD1,2009-05-01,0.978
M1,CAD1,2009-06-01,0.9372
M1,CAD1,2009-07-01,1.0067
M1,CAD1,2009-08-01,0.966
M1,CAD1,2009-09-01,0.9585
M1,CAD1,2009-10-01,0.9543
M1,CAD1,2009-11-01,0.9489
M1,CAD1,2009-12-01,0.9784
M1,CAD1,2010-01-01,0.98740000000000006
M1,CAD1,2010-02-01,1.0177
M1,CAD1,2010-03-01,1.0466
M1,CAD1,2010-04-01,1.0749
M1,CAD1,2010-05-01,1.1013
M1,CAD1,2010-06-01,1.0296
M1,CAD1,2010-07-01,1.0041
M1,CAD1,2010-08-01,0.9629
M1,CAD1,2010-09-01,0.9466
M1,CAD1,2010-10-01,0.9661
M1,CAD1,2010-11-01,0.9769
M1,CAD1,2010-12-01,0.9376
M1,CAD1,2011-01-01,0.942
M1,CAD1,2011-02-01,0.9487
M1,CAD1,2011-03-01,0.9425
M1,CAD1,2011-04-01,0.9124
M1,CAD1,2011-05-01,0.8767
M1,CAD1,2011-06-01,0.8636
M1,CAD1,2011-07-01,0.8431
M1,CAD1,2011-08-01,0.8307
M1,CAD1,2011-09-01,0.8634
M1,CAD1,2011-10-01,0.8736
M1,CAD1,2011-11-01,0.893
M1,CAD1,2011-12-01,0.9205
M1,CAD1,2012-01-01,0.9151
M1,CAD1,2012-02-01,0.9026
M1,CAD1,2012-03-01,0.9057
M1,CAD1,2012-04-01,0.9243
M1,CAD1,2012-05-01,0.9422
M1,CAD1,2012-06-01,0.9316
M1,CAD1,2012-07-01,0.9779
M1,CAD1,2012-08-01,0.9653
M1,CAD1,2012-09-01,0.9553
M1,CAD1,2012-10-01,0.931
M1,CAD1,2012-11-01,0.9318
M1,CAD1,2012-12-01,0.9201
M1,CAD1,2013-01-01,0.9088
M1,CAD1,2013-02-01,0.9091
M1,CAD1,2013-03-01,0.9335
M1,CAD1,2013-04-01,0.9267
M1,CAD1,2013-05-01,0.9224
M1,CAD1,2013-06-01,0.9028
M1,CAD1,2013-07-01,0.8995
M1,CAD1,2013-08-01,0.8834
M1,CAD1,2013-09-01,0.8782
M1,CAD1,2013-10-01,0.8606
M1,CAD1,2013-11-01,0.8543
M1,CAD1,2013-12-01,0.8366
M1,CAD1,2014-01-01,0.8074
M1,CAD1,2014-02-01,0.7958
M1,CAD1,2014-03-01,0.8015
M1,CAD1,2014-04-01,0.8069
M1,CAD1,2014-05-01,0.8286
M1,CAD1,2014-06-01,0.8329
M1,CAD1,2014-07-01,0.8321
M1,CAD1,2014-08-01,0.843
M1,CAD1,2014-09-01,0.8545
M1,CAD1,2014-10-01,0.857
M1,CAD1,2014-11-01,0.8496
M1,CAD1,2014-12-01,0.8534
M1,CAD1,2015-01-01,0.729
M1,CAD1,2015-02-01,0.7618
M1,CAD1,2015-03-01,0.7643
M1,CAD1,2015-04-01,0.7787
M1,CAD1,2015-05-01,0.758
M1,CAD1,2015-06-01,0.7508
M1,CAD1,2015-07-01,0.7388
M1,CAD1,2015-08-01,0.7258
M1,CAD1,2015-09-01,0.7261
M1,CAD1,2015-10-01,0.7513
M1,CAD1,2015-11-01,0.77
M1,CAD1,2015-12-01,0.7132
M1,CAD1,2016-01-01,0.7266
M1,CAD1,2016-02-01,0.7366
M1,CAD1,2016-03-01,0.7429
M1,CAD1,2016-04-01,0.7685
M1,CAD1,2016-05-01,0.7586
M1,CAD1,2016-06-01,0.7558
M1,CAD1,2016-07-01,0.7419
M1,CAD1,2016-08-01,0.7506
M1,CAD1,2016-09-01,0.7357
M1,CAD1,2016-10-01,0.7382
M1,CAD1,2016-11-01,0.7551
M1,CAD1,2016-12-01,0.7532
M1,CAD1,2017-01-01,0.759
M1,CAD1,2017-02-01,0.7633
M1,CAD1,2017-03-01,0.7494
M1,CAD1,2017-04-01,0.7281
M1,CAD1,2017-05-01,0.7241
M1,CAD1,2017-06-01,0.738
M1,CAD1,2017-07-01,0.7774
M1,CAD1,2017-08-01,0.7633
M1,CAD1,2017-09-01,0.7811
M1,CAD1,2017-10-01,0.7768
M1,CAD1,2017-11-01,0.7657
M1,CAD1,2017-12-01,0.7777
M1,CAD1,2018-01-01,0.7582
M1,CAD1,2018-02-01,0.7384
M1,CAD1,2018-03-01,0.7407
M1,CAD1,2018-04-01,0.76964
M1,CAD1,2018-05-01,0.76872
M1,CAD1,2018-06-01,0.75138
M1,CAD1,2018-07-01,0.7571
M1,CAD1,2018-08-01,0.74369
M1,CAD1,2018-09-01,0.75089
M1,CAD1,2018-10-01,0.76579
M1,CAD1,2018-11-01,0.74839
M1,CAD1,2018-12-01,0.72355
M1,CAD1,2019-01-01,0.75587
M1,CAD1,2019-02-01,0.75631
M1,CAD1,2019-03-01,0.74126
M1,CAD1,2019-04-01,0.75687
M1,CAD1,2019-05-01,0.74263
M1,CAD1,2019-06-01,0.74368
M1,CAD1,2019-07-01,0.7533
M1,CAD1,2019-08-01,0.74317
M1,CAD1,2019-09-01,0.75001
M1,CAD1,2019-10-01,0.74906
M1,CAD1,2019-11-01,0.75224
M1,CAD1,2019-12-01,0.74295
M1,CAD1,2020-01-01,0.73326
M1,CAD1,2020-02-01,0.71675
M1,CAD1,2020-03-01,0.67929
M1,CAD1,2020-04-01,0.69985
M1,CAD1,2020-05-01,0.69831
M1,CAD1,2020-06-01,0.69547
M1,CAD1,2020-07-01,0.67644
M1,CAD1,2020-08-01,0.691
M1,CAD1,2020-09-01,0.68857
M1,CAD1,2020-10-01,0.68769
M1,CAD1,2020-11-01,0.69611
M1,CAD1,2020-12-01,0.69114
M1,CAD1,2021-01-01,0.69213
M1,CAD1,2021-02-01,0.71653
M1,CAD1,2021-03-01,0.74785
M1,CAD1,2021-04-01,0.74093
M1,CAD1,2021-05-01,0.74566
M1,CAD1,2021-06-01,0.74311
M1,CAD1,2021-07-01,0.72816
M1,CAD1,2021-08-01,0.7263
M1,CAD1,2021-09-01,0.73464
M1,CAD1,2021-10-01,0.73778
M1,CAD1,2021-11-01,0.71797
M1,CAD1,2021-12-01,0.71756
M1,CAD1,2022-01-01,0.73184
M1,CAD1,2022-02-01,0.72257
M1,CAD1,2022-03-01,0.73861
M1,CAD1,2022-04-01,0.76002
M1,CAD1,2022-05-01,0.75848
M1,CAD1,2022-06-01,0.74008
M1,CAD1,2022-07-01,0.74323
M1,CAD1,2022-08-01,0.74554
M1,CAD1,2022-09-01,0.7143
M1,CAD1,2022-10-01,0.73242
M1,CAD1,2022-11-01,0.70248
M1,CAD1,2022-12-01,0.68139
M1,CAD1,2023-01-01,0.68914
M1,CAD1,2023-02-01,0.69018
M1,CAD1,2023-03-01,0.67592
M1,CAD1,2023-04-01,0.65586
M1,CAD1,2023-05-01,0.66797
M1,CAD1,2023-06-01,0.67965
M1,CAD1,2023-07-01,0.65793
M1,CAD1,2023-08-01,0.65044
M1,CAD1,2023-09-01,0.67634
M1,CAD1,2023-10-01,0.65279
M1,CAD1,2023-11-01,0.64299
M1,CAD1,2023-12-01,0.6339
M1,CAD1,2024-01-01,0.6429
M1,CAD1,2024-02-01,0.64637
M1,CAD1,2024-03-01,0.66574
M1,CAD1,2024-04-01,0.6662
M1,CAD1,2024-05-01,0.66327
M1,CAD1,2024-06-01,0.65633
M1,CAD1,2024-07-01,0.63648
M1,CAD1,2024-08-01,0.62964
M1,CAD1,2024-09-01,0.62383
M1,CAD1,2024-10-01,0.62171
M1,CAD1,2024-11-01,0.62942
M1,CAD1,2024-12-01,0.62899
M1,CAD1,2025-01-01,0.62899
M1,CAD1,2025-02-01,0.62471
M1,CAD1,2025-03-01,0.61386
M1,CAD1,2025-04-01,0.59645
M1,CAD1,2025-05-01,0.59632
M1,CAD1,2025-06-01,0.58324
M1,CAD1,2025-07-01,0.58736
M1,CAD1,2025-08-01,0.58271
M1,CAD1,2025-09-01,0.57232
M1,CAD1,2025-10-01,0.5724
M1,CAD1,2025-11-01,0.57434
M1,CAD1,2025-12-01,0.57901
M1,CAD1,2026-01-01,0.56816
M1,CAD1,2026-02-01,0.5654
M1,CAD1,2026-03-01,0.57389
M1,CAD1,2026-04-01,0.57766
M1,CAD1,2026-05-01,0.56819
M1,CAD1,2026-06-01,0.56875
M1,CAD1,2026-07-01,0.57555
M1,CNY100,1998-12-01,16.596
M1,CNY100,1999-01-01,17.108
M1,CNY100,1999-02-01,17.478
M1,CNY100,1999-03-01,17.841
M1,CNY100,1999-04-01,18.397
M1,CNY100,1999-05-01,18.391
M1,CNY100,1999-06-01,18.786
M1,CNY100,1999-07-01,18.03
M1,CNY100,1999-08-01,18.252
M1,CNY100,1999-09-01,18.109
M1,CNY100,1999-10-01,18.424
M1,CNY100,1999-11-01,19.224
M1,CNY100,1999-12-01,19.204
M1,CNY100,2000-01-01,20.008
M1,CNY100,2000-02-01,20.075
M1,CNY100,2000-03-01,20.085
M1,CNY100,2000-04-01,20.774
M1,CNY100,2000-05-01,20.324
M1,CNY100,2000-06-01,19.702
M1,CNY100,2000-07-01,20.138
M1,CNY100,2000-08-01,21.064
M1,CNY100,2000-09-01,20.83
M1,CNY100,2000-10-01,21.724
M1,CNY100,2000-11-01,20.936
M1,CNY100,2000-12-01,19.51
M1,CNY100,2001-01-01,19.834
M1,CNY100,2001-02-01,20.149
M1,CNY100,2001-03-01,20.965
M1,CNY100,2001-04-01,20.976
M1,CNY100,2001-05-01,21.71
M1,CNY100,2001-06-01,21.715
M1,CNY100,2001-07-01,20.904
M1,CNY100,2001-08-01,20.132
M1,CNY100,2001-09-01,19.573
M1,CNY100,2001-10-01,19.697
M1,CNY100,2001-11-01,19.813
M1,CNY100,2001-12-01,20.053
M1,CNY100,2002-01-01,20.743
M1,CNY100,2002-02-01,20.553
M1,CNY100,2002-03-01,20.326
M1,CNY100,2002-04-01,19.562
M1,CNY100,2002-05-01,19.035
M1,CNY100,2002-06-01,17.951
M1,CNY100,2002-07-01,17.925
M1,CNY100,2002-08-01,18.127
M1,CNY100,2002-09-01,17.822
M1,CNY100,2002-10-01,17.856
M1,CNY100,2002-11-01,17.931
M1,CNY100,2002-12-01,16.693
M1,CNY100,2003-01-01,16.532
M1,CNY100,2003-02-01,16.365
M1,CNY100,2003-03-01,16.352
M1,CNY100,2003-04-01,16.389
M1,CNY100,2003-05-01,15.717
M1,CNY100,2003-06-01,16.349
M1,CNY100,2003-07-01,16.565
M1,CNY100,2003-08-01,16.959
M1,CNY100,2003-09-01,15.932
M1,CNY100,2003-10-01,16.177
M1,CNY100,2003-11-01,15.617
M1,CNY100,2003-12-01,15.008
M1,CNY100,2004-01-01,15.209
M1,CNY100,2004-02-01,15.264
M1,CNY100,2004-03-01,15.314
M1,CNY100,2004-04-01,15.676
M1,CNY100,2004-05-01,15.154
M1,CNY100,2004-06-01,15.144
M1,CNY100,2004-07-01,15.496
M1,CNY100,2004-08-01,15.287
M1,CNY100,2004-09-01,15.053
M1,CNY100,2004-10-01,14.464
M1,CNY100,2004-11-01,13.768
M1,CNY100,2004-12-01,13.781
M1,CNY100,2005-01-01,14.352
M1,CNY100,2005-02-01,14.02
M1,CNY100,2005-03-01,14.448
M1,CNY100,2005-04-01,14.402
M1,CNY100,2005-05-01,15.045
M1,CNY100,2005-06-01,15.508
M1,CNY100,2005-07-01,15.891
M1,CNY100,2005-08-01,15.488
M1,CNY100,2005-09-01,15.974
M1,CNY100,2005-10-01,15.963
M1,CNY100,2005-11-01,16.274
M1,CNY100,2005-12-01,16.297
M1,CNY100,2006-01-01,15.826
M1,CNY100,2006-02-01,16.312
M1,CNY100,2006-03-01,16.248
M1,CNY100,2006-04-01,15.479
M1,CNY100,2006-05-01,15.173
M1,CNY100,2006-06-01,15.316
M1,CNY100,2006-07-01,15.454
M1,CNY100,2006-08-01,15.507
M1,CNY100,2006-09-01,15.817
M1,CNY100,2006-10-01,15.763
M1,CNY100,2006-11-01,15.287
M1,CNY100,2006-12-01,15.63
M1,CNY100,2007-01-01,16.026
M1,CNY100,2007-02-01,15.747
M1,CNY100,2007-03-01,15.695
M1,CNY100,2007-04-01,15.64
M1,CNY100,2007-05-01,16.02
M1,CNY100,2007-06-01,16.047
M1,CNY100,2007-07-01,15.892
M1,CNY100,2007-08-01,15.997
M1,CNY100,2007-09-01,15.538
M1,CNY100,2007-10-01,15.529
M1,CNY100,2007-11-01,15.246
M1,CNY100,2007-12-01,15.568
M1,CNY100,2008-01-01,15.076
M1,CNY100,2008-02-01,14.76
M1,CNY100,2008-03-01,14.161
M1,CNY100,2008-04-01,14.837
M1,CNY100,2008-05-01,15.142
M1,CNY100,2008-06-01,14.814
M1,CNY100,2008-07-01,15.333
M1,CNY100,2008-08-01,15.987
M1,CNY100,2008-09-01,16.054
M1,CNY100,2008-10-01,16.801
M1,CNY100,2008-11-01,17.596
M1,CNY100,2008-12-01,15.482
M1,CNY100,2009-01-01,16.891
M1,CNY100,2009-02-01,17.138
M1,CNY100,2009-03-01,16.701
M1,CNY100,2009-04-01,16.57
M1,CNY100,2009-05-01,15.829
M1,CNY100,2009-06-01,15.833
M1,CNY100,2009-07-01,15.93
M1,CNY100,2009-08-01,15.545
M1,CNY100,2009-09-01,15.128
M1,CNY100,2009-10-01,14.909
M1,CNY100,2009-11-01,14.674
M1,CNY100,2009-12-01,15.079
M1,CNY100,2010-01-01,15.386
M1,CNY100,2010-02-01,15.78
M1,CNY100,2010-03-01,15.597
M1,CNY100,2010-04-01,15.814
M1,CNY100,2010-05-01,16.936
M1,CNY100,2010-06-01,15.93
M1,CNY100,2010-07-01,15.323
M1,CNY100,2010-08-01,14.987
M1,CNY100,2010-09-01,14.619
M1,CNY100,2010-10-01,14.699
M1,CNY100,2010-11-01,15.001
M1,CNY100,2010-12-01,14.101
M1,CNY100,2011-01-01,14.28
M1,CNY100,2011-02-01,14.136
M1,CNY100,2011-03-01,13.968
M1,CNY100,2011-04-01,13.327
M1,CNY100,2011-05-01,13.159
M1,CNY100,2011-06-01,13.011
M1,CNY100,2011-07-01,12.225
M1,CNY100,2011-08-01,12.593
M1,CNY100,2011-09-01,14.228
M1,CNY100,2011-10-01,13.79
M1,CNY100,2011-11-01,14.357
M1,CNY100,2011-12-01,14.898
M1,CNY100,2012-01-01,14.596
M1,CNY100,2012-02-01,14.342
M1,CNY100,2012-03-01,14.345
M1,CNY100,2012-04-01,14.465
M1,CNY100,2012-05-01,15.333
M1,CNY100,2012-06-01,15.011
M1,CNY100,2012-07-01,15.415
M1,CNY100,2012-08-01,15.056
M1,CNY100,2012-09-01,14.805
M1,CNY100,2012-10-01,14.773
M1,CNY100,2012-11-01,14.738
M1,CNY100,2012-12-01,14.551
M1,CNY100,2013-01-01,14.469
M1,CNY100,2013-02-01,14.874
M1,CNY100,2013-03-01,15.138
M1,CNY100,2013-04-01,14.964
M1,CNY100,2013-05-01,15.524
M1,CNY100,2013-06-01,15.312
M1,CNY100,2013-07-01,15.026
M1,CNY100,2013-08-01,15.089
M1,CNY100,2013-09-01,14.71
M1,CNY100,2013-10-01,14.729
M1,CNY100,2013-11-01,14.784
M1,CNY100,2013-12-01,14.575
M1,CNY100,2014-01-01,14.822
M1,CNY100,2014-02-01,14.379
M1,CNY100,2014-03-01,14.372
M1,CNY100,2014-04-01,14.297
M1,CNY100,2014-05-01,14.496
M1,CNY100,2014-06-01,14.418
M1,CNY100,2014-07-01,14.737
M1,CNY100,2014-08-01,14.885
M1,CNY100,2014-09-01,15.517
M1,CNY100,2014-10-01,15.657
M1,CNY100,2014-11-01,15.75
M1,CNY100,2014-12-01,16.243
M1,CNY100,2015-01-01,14.985
M1,CNY100,2015-02-01,15.501
M1,CNY100,2015-03-01,15.838
M1,CNY100,2015-04-01,15.346
M1,CNY100,2015-05-01,15.395
M1,CNY100,2015-06-01,15.297
M1,CNY100,2015-07-01,15.788
M1,CNY100,2015-08-01,15.135
M1,CNY100,2015-09-01,15.325
M1,CNY100,2015-10-01,15.543
M1,CNY100,2015-11-01,16.064
M1,CNY100,2015-12-01,15.395
M1,CNY100,2016-01-01,15.602
M1,CNY100,2016-02-01,15.226
M1,CNY100,2016-03-01,14.841
M1,CNY100,2016-04-01,14.855
M1,CNY100,2016-05-01,15.095
M1,CNY100,2016-06-01,14.738
M1,CNY100,2016-07-01,14.584
M1,CNY100,2016-08-01,14.686
M1,CNY100,2016-09-01,14.556
M1,CNY100,2016-10-01,14.639
M1,CNY100,2016-11-01,14.781
M1,CNY100,2016-12-01,14.663
M1,CNY100,2017-01-01,14.443
M1,CNY100,2017-02-01,14.591
M1,CNY100,2017-03-01,14.493
M1,CNY100,2017-04-01,14.416
M1,CNY100,2017-05-01,14.105
M1,CNY100,2017-06-01,14.156
M1,CNY100,2017-07-01,14.366
M1,CNY100,2017-08-01,14.571
M1,CNY100,2017-09-01,14.605
M1,CNY100,2017-10-01,15.008
M1,CNY100,2017-11-01,14.904
M1,CNY100,2017-12-01,14.9
M1,CNY100,2018-01-01,14.727
M1,CNY100,2018-02-01,14.919
M1,CNY100,2018-03-01,15.159
M1,CNY100,2018-04-01,15.62757
M1,CNY100,2018-05-01,15.41338
M1,CNY100,2018-06-01,15.0099
M1,CNY100,2018-07-01,14.46574
M1,CNY100,2018-08-01,14.15616
M1,CNY100,2018-09-01,14.19493
M1,CNY100,2018-10-01,14.42647
M1,CNY100,2018-11-01,14.34125
M1,CNY100,2018-12-01,14.32082
M1,CNY100,2019-01-01,14.79762
M1,CNY100,2019-02-01,14.89605
M1,CNY100,2019-03-01,14.82915
M1,CNY100,2019-04-01,15.1125
M1,CNY100,2019-05-01,14.5664
M1,CNY100,2019-06-01,14.18667
M1,CNY100,2019-07-01,14.38707
M1,CNY100,2019-08-01,13.8318
M1,CNY100,2019-09-01,13.90573
M1,CNY100,2019-10-01,14.00582
M1,CNY100,2019-11-01,14.24145
M1,CNY100,2019-12-01,13.90924
M1,CNY100,2020-01-01,14.02866
M1,CNY100,2020-02-01,13.79809
M1,CNY100,2020-03-01,13.5908
M1,CNY100,2020-04-01,13.76795
M1,CNY100,2020-05-01,13.46536
M1,CNY100,2020-06-01,13.4542
M1,CNY100,2020-07-01,13.01372
M1,CNY100,2020-08-01,13.18471
M1,CNY100,2020-09-01,13.54683
M1,CNY100,2020-10-01,13.69632
M1,CNY100,2020-11-01,13.73661
M1,CNY100,2020-12-01,13.4703
M1,CNY100,2021-01-01,13.80083
M1,CNY100,2021-02-01,13.98855
M1,CNY100,2021-03-01,14.37236
M1,CNY100,2021-04-01,14.0612
M1,CNY100,2021-05-01,14.13914
M1,CNY100,2021-06-01,14.28682
M1,CNY100,2021-07-01,14.02017
M1,CNY100,2021-08-01,14.149
M1,CNY100,2021-09-01,14.46012
M1,CNY100,2021-10-01,14.25188
M1,CNY100,2021-11-01,14.41364
M1,CNY100,2021-12-01,14.36305
M1,CNY100,2022-01-01,14.64851
M1,CNY100,2022-02-01,14.62643
M1,CNY100,2022-03-01,14.58163
M1,CNY100,2022-04-01,14.7049
M1,CNY100,2022-05-01,14.4384
M1,CNY100,2022-06-01,14.27675
M1,CNY100,2022-07-01,14.14297
M1,CNY100,2022-08-01,14.16354
M1,CNY100,2022-09-01,13.75743
M1,CNY100,2022-10-01,13.69274
M1,CNY100,2022-11-01,13.39477
M1,CNY100,2022-12-01,13.31329
M1,CNY100,2023-01-01,13.71778
M1,CNY100,2023-02-01,13.52012
M1,CNY100,2023-03-01,13.33231
M1,CNY100,2023-04-01,12.94162
M1,CNY100,2023-05-01,12.81985
M1,CNY100,2023-06-01,12.39988
M1,CNY100,2023-07-01,12.18393
M1,CNY100,2023-08-01,12.08264
M1,CNY100,2023-09-01,12.46386
M1,CNY100,2023-10-01,12.32794
M1,CNY100,2023-11-01,12.26362
M1,CNY100,2023-12-01,11.81438
M1,CNY100,2024-01-01,12.02363
M1,CNY100,2024-02-01,12.20482
M1,CNY100,2024-03-01,12.53302
M1,CNY100,2024-04-01,12.60046
M1,CNY100,2024-05-01,12.50777
M1,CNY100,2024-06-01,12.38284
M1,CNY100,2024-07-01,12.193
M1,CNY100,2024-08-01,11.96553
M1,CNY100,2024-09-01,12.02533
M1,CNY100,2024-10-01,12.15702
M1,CNY100,2024-11-01,12.17073
M1,CNY100,2024-12-01,12.38201
M1,CNY100,2025-01-01,12.57143
M1,CNY100,2025-02-01,12.38755
M1,CNY100,2025-03-01,12.14306
M1,CNY100,2025-04-01,11.36658
M1,CNY100,2025-05-01,11.45017
M1,CNY100,2025-06-01,11.13313
M1,CNY100,2025-07-01,11.30064
M1,CNY100,2025-08-01,11.22576
M1,CNY100,2025-09-01,11.18165
M1,CNY100,2025-10-01,11.27028
M1,CNY100,2025-11-01,11.39685
M1,CNY100,2025-12-01,11.35069
M1,CNY100,2026-01-01,11.07164
M1,CNY100,2026-02-01,11.26742
M1,CNY100,2026-03-01,11.58346
M1,CNY100,2026-04-01,11.55912
M1,CNY100,2026-05-01,11.58977
M1,CNY100,2026-06-01,11.92862
M1,CNY100,2026-07-01,11.95038
M1,CZK100,1999-01-01,4.3765
M1,CZK100,1999-02-01,4.2058
M1,CZK100,1999-03-01,4.1682
M1,CZK100,1999-04-01,4.2744
M1,CZK100,1999-05-01,4.2234
M1,CZK100,1999-06-01,4.4178
M1,CZK100,1999-07-01,4.3528
M1,CZK100,1999-08-01,4.3858
M1,CZK100,1999-09-01,4.4691
M1,CZK100,1999-10-01,4.3781
M1,CZK100,1999-11-01,4.4385
M1,CZK100,1999-12-01,4.4505
M1,CZK100,2000-01-01,4.4698
M1,CZK100,2000-02-01,4.4057
M1,CZK100,2000-03-01,4.3916
M1,CZK100,2000-04-01,4.3383
M1,CZK100,2000-05-01,4.3478
M1,CZK100,2000-06-01,4.3621
M1,CZK100,2000-07-01,4.3651
M1,CZK100,2000-08-01,4.3747
M1,CZK100,2000-09-01,4.2851
M1,CZK100,2000-10-01,4.3549
M1,CZK100,2000-11-01,4.3467
M1,CZK100,2000-12-01,4.3381
M1,CZK100,2001-01-01,4.3913
M1,CZK100,2001-02-01,4.4424
M1,CZK100,2001-03-01,4.4098
M1,CZK100,2001-04-01,4.4468
M1,CZK100,2001-05-01,4.4561
M1,CZK100,2001-06-01,4.5005
M1,CZK100,2001-07-01,4.4489
M1,CZK100,2001-08-01,4.4142
M1,CZK100,2001-09-01,4.3516
M1,CZK100,2001-10-01,4.3722
M1,CZK100,2001-11-01,4.4412
M1,CZK100,2001-12-01,4.6181
M1,CZK100,2002-01-01,4.6178
M1,CZK100,2002-02-01,4.6588
M1,CZK100,2002-03-01,4.7023
M1,CZK100,2002-04-01,4.783
M1,CZK100,2002-05-01,4.8039
M1,CZK100,2002-06-01,4.9929
M1,CZK100,2002-07-01,4.7956
M1,CZK100,2002-08-01,4.8187
M1,CZK100,2002-09-01,4.8399
M1,CZK100,2002-10-01,4.73
M1,CZK100,2002-11-01,4.7815
M1,CZK100,2002-12-01,4.6079
M1,CZK100,2003-01-01,4.6382
M1,CZK100,2003-02-01,4.606
M1,CZK100,2003-03-01,4.6197
M1,CZK100,2003-04-01,4.8019
M1,CZK100,2003-05-01,4.8766
M1,CZK100,2003-06-01,4.9163
M1,CZK100,2003-07-01,4.8079
M1,CZK100,2003-08-01,4.7387
M1,CZK100,2003-09-01,4.8269
M1,CZK100,2003-10-01,4.8331
M1,CZK100,2003-11-01,4.83
M1,CZK100,2003-12-01,4.7788
M1,CZK100,2004-01-01,4.6736
M1,CZK100,2004-02-01,4.8469
M1,CZK100,2004-03-01,4.7322
M1,CZK100,2004-04-01,4.7528
M1,CZK100,2004-05-01,4.8078
M1,CZK100,2004-06-01,4.7991
M1,CZK100,2004-07-01,4.8448
M1,CZK100,2004-08-01,4.8383
M1,CZK100,2004-09-01,4.9073
M1,CZK100,2004-10-01,4.8362
M1,CZK100,2004-11-01,4.8866
M1,CZK100,2004-12-01,5.066
M1,CZK100,2005-01-01,5.1205
M1,CZK100,2005-02-01,5.1778
M1,CZK100,2005-03-01,5.1782
M1,CZK100,2005-04-01,5.0419
M1,CZK100,2005-05-01,5.0484
M1,CZK100,2005-06-01,5.1507
M1,CZK100,2005-07-01,5.1675
M1,CZK100,2005-08-01,5.2279
M1,CZK100,2005-09-01,5.2548
M1,CZK100,2005-10-01,5.2177
M1,CZK100,2005-11-01,5.3347
M1,CZK100,2005-12-01,5.3553
M1,CZK100,2006-01-01,5.469
M1,CZK100,2006-02-01,5.5413
M1,CZK100,2006-03-01,5.5231
M1,CZK100,2006-04-01,5.5379
M1,CZK100,2006-05-01,5.532
M1,CZK100,2006-06-01,5.5037
M1,CZK100,2006-07-01,5.5115
M1,CZK100,2006-08-01,5.5766
M1,CZK100,2006-09-01,5.6069
M1,CZK100,2006-10-01,5.6273
M1,CZK100,2006-11-01,5.6886
M1,CZK100,2006-12-01,5.836
M1,CZK100,2007-01-01,5.7348
M1,CZK100,2007-02-01,5.6812
M1,CZK100,2007-03-01,5.7904
M1,CZK100,2007-04-01,5.837
M1,CZK100,2007-05-01,5.8068
M1,CZK100,2007-06-01,5.7679
M1,CZK100,2007-07-01,5.8799
M1,CZK100,2007-08-01,5.9372
M1,CZK100,2007-09-01,6.0136
M1,CZK100,2007-10-01,6.1978
M1,CZK100,2007-11-01,6.2737
M1,CZK100,2007-12-01,6.2235
M1,CZK100,2008-01-01,6.1712
M1,CZK100,2008-02-01,6.341
M1,CZK100,2008-03-01,6.1998
M1,CZK100,2008-04-01,6.3985
M1,CZK100,2008-05-01,6.4769
M1,CZK100,2008-06-01,6.7056
M1,CZK100,2008-07-01,6.8208
M1,CZK100,2008-08-01,6.5287
M1,CZK100,2008-09-01,6.3787
M1,CZK100,2008-10-01,6.0418
M1,CZK100,2008-11-01,6.1423
M1,CZK100,2008-12-01,5.5689
M1,CZK100,2009-01-01,5.3242
M1,CZK100,2009-02-01,5.2776
M1,CZK100,2009-03-01,5.5057
M1,CZK100,2009-04-01,5.6547
M1,CZK100,2009-05-01,5.6418
M1,CZK100,2009-06-01,5.8768
M1,CZK100,2009-07-01,5.9869
M1,CZK100,2009-08-01,5.9638
M1,CZK100,2009-09-01,5.9811
M1,CZK100,2009-10-01,5.7068
M1,CZK100,2009-11-01,5.7681
M1,CZK100,2009-12-01,5.6007
M1,CZK100,2010-01-01,5.5899
M1,CZK100,2010-02-01,5.6345
M1,CZK100,2010-03-01,5.6194
M1,CZK100,2010-04-01,5.6216
M1,CZK100,2010-05-01,5.5932
M1,CZK100,2010-06-01,5.1269
M1,CZK100,2010-07-01,5.4535
M1,CZK100,2010-08-01,5.2123
M1,CZK100,2010-09-01,5.4001
M1,CZK100,2010-10-01,5.5515
M1,CZK100,2010-11-01,5.2591
M1,CZK100,2010-12-01,4.9891
M1,CZK100,2011-01-01,5.2943
M1,CZK100,2011-02-01,5.2414
M1,CZK100,2011-03-01,5.283
M1,CZK100,2011-04-01,5.3419
M1,CZK100,2011-05-01,5.0055
M1,CZK100,2011-06-01,4.966
M1,CZK100,2011-07-01,4.7317
M1,CZK100,2011-08-01,4.8688
M1,CZK100,2011-09-01,4.9528
M1,CZK100,2011-10-01,4.9156
M1,CZK100,2011-11-01,4.7953
M1,CZK100,2011-12-01,4.7073
M1,CZK100,2012-01-01,4.792
M1,CZK100,2012-02-01,4.8366
M1,CZK100,2012-03-01,4.8583
M1,CZK100,2012-04-01,4.845
M1,CZK100,2012-05-01,4.6748
M1,CZK100,2012-06-01,4.6901
M1,CZK100,2012-07-01,4.7424
M1,CZK100,2012-08-01,4.8326
M1,CZK100,2012-09-01,4.8041
M1,CZK100,2012-10-01,4.8189
M1,CZK100,2012-11-01,4.7795
M1,CZK100,2012-12-01,4.8107
M1,CZK100,2013-01-01,4.8232
M1,CZK100,2013-02-01,4.7583
M1,CZK100,2013-03-01,4.722
M1,CZK100,2013-04-01,4.7527
M1,CZK100,2013-05-01,4.8172
M1,CZK100,2013-06-01,4.7568
M1,CZK100,2013-07-01,4.7709
M1,CZK100,2013-08-01,4.7822
M1,CZK100,2013-09-01,4.7596
M1,CZK100,2013-10-01,4.793
M1,CZK100,2013-11-01,4.5003
M1,CZK100,2013-12-01,4.4748
M1,CZK100,2014-01-01,4.4465
M1,CZK100,2014-02-01,4.4444
M1,CZK100,2014-03-01,4.4466
M1,CZK100,2014-04-01,4.4431
M1,CZK100,2014-05-01,4.444
M1,CZK100,2014-06-01,4.4243
M1,CZK100,2014-07-01,4.4168
M1,CZK100,2014-08-01,4.3403
M1,CZK100,2014-09-01,4.387
M1,CZK100,2014-10-01,4.3421
M1,CZK100,2014-11-01,4.3444
M1,CZK100,2014-12-01,4.3351
M1,CZK100,2015-01-01,3.7587
M1,CZK100,2015-02-01,3.8724
M1,CZK100,2015-03-01,3.7978
M1,CZK100,2015-04-01,3.8257
M1,CZK100,2015-05-01,3.774
M1,CZK100,2015-06-01,3.8049
M1,CZK100,2015-07-01,3.8962
M1,CZK100,2015-08-01,3.9926
M1,CZK100,2015-09-01,4.0209
M1,CZK100,2015-10-01,4.0085
M1,CZK100,2015-11-01,4.0338
M1,CZK100,2015-12-01,4.0014
M1,CZK100,2016-01-01,4.113
M1,CZK100,2016-02-01,4.0342
M1,CZK100,2016-03-01,4.0406
M1,CZK100,2016-04-01,4.0512
M1,CZK100,2016-05-01,4.0838
M1,CZK100,2016-06-01,4.0157
M1,CZK100,2016-07-01,4.0109
M1,CZK100,2016-08-01,4.0545
M1,CZK100,2016-09-01,4.0069
M1,CZK100,2016-10-01,4.0069
M1,CZK100,2016-11-01,3.9832
M1,CZK100,2016-12-01,3.9758
M1,CZK100,2017-01-01,3.9434
M1,CZK100,2017-02-01,3.9408
M1,CZK100,2017-03-01,3.9522
M1,CZK100,2017-04-01,4.0185
M1,CZK100,2017-05-01,4.1151
M1,CZK100,2017-06-01,4.1648
M1,CZK100,2017-07-01,4.3664
M1,CZK100,2017-08-01,4.3897
M1,CZK100,2017-09-01,4.3976
M1,CZK100,2017-10-01,4.5238
M1,CZK100,2017-11-01,4.5805
M1,CZK100,2017-12-01,4.5726
M1,CZK100,2018-01-01,4.5842
M1,CZK100,2018-02-01,4.5328
M1,CZK100,2018-03-01,4.6308
M1,CZK100,2018-04-01,4.69927
M1,CZK100,2018-05-01,4.48016
M1,CZK100,2018-06-01,4.46465
M1,CZK100,2018-07-01,4.52432
M1,CZK100,2018-08-01,4.38796
M1,CZK100,2018-09-01,4.42037
M1,CZK100,2018-10-01,4.40483
M1,CZK100,2018-11-01,4.36442
M1,CZK100,2018-12-01,4.38271
M1,CZK100,2019-01-01,4.42665
M1,CZK100,2019-02-01,4.42731
M1,CZK100,2019-03-01,4.32701
M1,CZK100,2019-04-01,4.44647
M1,CZK100,2019-05-01,4.33745
M1,CZK100,2019-06-01,4.36194
M1,CZK100,2019-07-01,4.30262
M1,CZK100,2019-08-01,4.2186
M1,CZK100,2019-09-01,4.20406
M1,CZK100,2019-10-01,4.3212
M1,CZK100,2019-11-01,4.30646
M1,CZK100,2019-12-01,4.27393
M1,CZK100,2020-01-01,4.23953
M1,CZK100,2020-02-01,4.17975
M1,CZK100,2020-03-01,3.87284
M1,CZK100,2020-04-01,3.89734
M1,CZK100,2020-05-01,3.96216
M1,CZK100,2020-06-01,3.98323
M1,CZK100,2020-07-01,4.11488
M1,CZK100,2020-08-01,4.10455
M1,CZK100,2020-09-01,3.97752
M1,CZK100,2020-10-01,3.91529
M1,CZK100,2020-11-01,4.13632
M1,CZK100,2020-12-01,4.11222
M1,CZK100,2021-01-01,4.1396
M1,CZK100,2021-02-01,4.19254
M1,CZK100,2021-03-01,4.23386
M1,CZK100,2021-04-01,4.25386
M1,CZK100,2021-05-01,4.30498
M1,CZK100,2021-06-01,4.30489
M1,CZK100,2021-07-01,4.23037
M1,CZK100,2021-08-01,4.23231
M1,CZK100,2021-09-01,4.24979
M1,CZK100,2021-10-01,4.13537
M1,CZK100,2021-11-01,4.08002
M1,CZK100,2021-12-01,4.15835
M1,CZK100,2022-01-01,4.25989
M1,CZK100,2022-02-01,4.13965
M1,CZK100,2022-03-01,4.2104799999999996
M1,CZK100,2022-04-01,4.17221
M1,CZK100,2022-05-01,4.17213
M1,CZK100,2022-06-01,4.03382
M1,CZK100,2022-07-01,3.95731
M1,CZK100,2022-08-01,3.97789
M1,CZK100,2022-09-01,3.90432
M1,CZK100,2022-10-01,4.05523
M1,CZK100,2022-11-01,4.04227
M1,CZK100,2022-12-01,4.07445
M1,CZK100,2023-01-01,4.2104799999999996
M1,CZK100,2023-02-01,4.21538
M1,CZK100,2023-03-01,4.24019
M1,CZK100,2023-04-01,4.19266
M1,CZK100,2023-05-01,4.09712
M1,CZK100,2023-06-01,4.11425
M1,CZK100,2023-07-01,4.01798
M1,CZK100,2023-08-01,3.97545
M1,CZK100,2023-09-01,3.95911
M1,CZK100,2023-10-01,3.91836
M1,CZK100,2023-11-01,3.92861
M1,CZK100,2023-12-01,3.75381
M1,CZK100,2024-01-01,3.76962
M1,CZK100,2024-02-01,3.76187
M1,CZK100,2024-03-01,3.85443
M1,CZK100,2024-04-01,3.88364
M1,CZK100,2024-05-01,3.9671
M1,CZK100,2024-06-01,3.84632
M1,CZK100,2024-07-01,3.74864
M1,CZK100,2024-08-01,3.75379
M1,CZK100,2024-09-01,3.75257
M1,CZK100,2024-10-01,3.70683
M1,CZK100,2024-11-01,3.68262
M1,CZK100,2024-12-01,3.74483
M1,CZK100,2025-01-01,3.76253
M1,CZK100,2025-02-01,3.74447
M1,CZK100,2025-03-01,3.82213
M1,CZK100,2025-04-01,3.76644
M1,CZK100,2025-05-01,3.74234
M1,CZK100,2025-06-01,3.78324
M1,CZK100,2025-07-01,3.7848
M1,CZK100,2025-08-01,3.81493
M1,CZK100,2025-09-01,3.84617
M1,CZK100,2025-10-01,3.81466
M1,CZK100,2025-11-01,3.85889
M1,CZK100,2025-12-01,3.84669
M1,CZK100,2026-01-01,3.76497
M1,CZK100,2026-02-01,3.75999
M1,CZK100,2026-03-01,3.74066
M1,CZK100,2026-04-01,3.78374
M1,CZK100,2026-05-01,3.75582
M1,CZK100,2026-06-01,3.80315
M1,CZK100,2026-07-01,3.83819
M1,DKK100,1970-01-01,57.42
M1,DKK100,1970-02-01,57.4
M1,DKK100,1970-03-01,57.48
M1,DKK100,1970-04-01,57.28
M1,DKK100,1970-05-01,57.65
M1,DKK100,1970-06-01,57.57
M1,DKK100,1970-07-01,57.35
M1,DKK100,1970-08-01,57.35
M1,DKK100,1970-09-01,57.71
M1,DKK100,1970-10-01,57.8
M1,DKK100,1970-11-01,57.57
M1,DKK100,1970-12-01,57.66
M1,DKK100,1971-01-01,57.4
M1,DKK100,1971-02-01,57.56
M1,DKK100,1971-03-01,57.44
M1,DKK100,1971-04-01,57.29
M1,DKK100,1971-05-01,54.69
M1,DKK100,1971-06-01,54.66
M1,DKK100,1971-07-01,54.49
M1,DKK100,1971-08-01,54.14
M1,DKK100,1971-09-01,54.28
M1,DKK100,1971-10-01,55
M1,DKK100,1971-11-01,54.75
M1,DKK100,1971-12-01,55.43
M1,DKK100,1972-01-01,55.33
M1,DKK100,1972-02-01,55.36
M1,DKK100,1972-03-01,55.07
M1,DKK100,1972-04-01,55.21
M1,DKK100,1972-05-01,55.51
M1,DKK100,1972-07-01,54.21
M1,DKK100,1972-08-01,54.86
M1,DKK100,1972-09-01,54.71
M1,DKK100,1972-10-01,54.93
M1,DKK100,1972-11-01,54.96
M1,DKK100,1972-12-01,55.08
M1,DKK100,1973-01-01,53.05
M1,DKK100,1973-02-01,50.55
M1,DKK100,1973-03-01,52.25
M1,DKK100,1973-04-01,51.96
M1,DKK100,1973-05-01,51.25
M1,DKK100,1973-06-01,52.95
M1,DKK100,1973-07-01,51.63
M1,DKK100,1973-08-01,52.15
M1,DKK100,1973-09-01,52.8
M1,DKK100,1973-10-01,54.15
M1,DKK100,1973-11-01,52.15
M1,DKK100,1973-12-01,51.6
M1,DKK100,1974-01-01,49.72
M1,DKK100,1974-02-01,49.75
M1,DKK100,1974-03-01,49.55
M1,DKK100,1974-04-01,49.55
M1,DKK100,1974-05-01,50.45
M1,DKK100,1974-06-01,49.8
M1,DKK100,1974-07-01,49.75
M1,DKK100,1974-08-01,49.1
M1,DKK100,1974-09-01,48.1
M1,DKK100,1974-10-01,48.2
M1,DKK100,1974-11-01,46.65
M1,DKK100,1974-12-01,45.15
M1,DKK100,1975-01-01,44.8
M1,DKK100,1975-02-01,44.3
M1,DKK100,1975-03-01,46.45
M1,DKK100,1975-04-01,46.6
M1,DKK100,1975-05-01,46.05
M1,DKK100,1975-06-01,45.7
M1,DKK100,1975-07-01,45.5
M1,DKK100,1975-08-01,44.95
M1,DKK100,1975-09-01,44.25
M1,DKK100,1975-10-01,43.9
M1,DKK100,1975-11-01,43.7
M1,DKK100,1975-12-01,42.45
M1,DKK100,1976-01-01,42.2
M1,DKK100,1976-02-01,41.55
M1,DKK100,1976-03-01,41.7
M1,DKK100,1976-04-01,41.75
M1,DKK100,1976-05-01,39.75
M1,DKK100,1976-06-01,40.2
M1,DKK100,1976-07-01,40.55
M1,DKK100,1976-08-01,40.9
M1,DKK100,1976-09-01,41.65
M1,DKK100,1976-10-01,41.35
M1,DKK100,1976-11-01,41.5
M1,DKK100,1976-12-01,42.25
M1,DKK100,1977-01-01,42.4
M1,DKK100,1977-02-01,43.35
M1,DKK100,1977-03-01,43.45
M1,DKK100,1977-04-01,42.35
M1,DKK100,1977-05-01,41.65
M1,DKK100,1977-06-01,40.8
M1,DKK100,1977-07-01,40.1
M1,DKK100,1977-08-01,38.6
M1,DKK100,1977-09-01,38
M1,DKK100,1977-10-01,36.65
M1,DKK100,1977-11-01,35.1
M1,DKK100,1977-12-01,34.65
M1,DKK100,1978-01-01,34.6
M1,DKK100,1978-02-01,33.55
M1,DKK100,1978-03-01,33.55
M1,DKK100,1978-04-01,34.2
M1,DKK100,1978-05-01,33.65
M1,DKK100,1978-06-01,32.9
M1,DKK100,1978-07-01,31.4
M1,DKK100,1978-08-01,29.95
M1,DKK100,1978-09-01,28.8
M1,DKK100,1978-10-01,30.8
M1,DKK100,1978-11-01,32.3
M1,DKK100,1978-12-01,31.8
M1,DKK100,1979-01-01,32.7
M1,DKK100,1979-02-01,32.2
M1,DKK100,1979-03-01,32.5
M1,DKK100,1979-04-01,32.4
M1,DKK100,1979-05-01,31.45
M1,DKK100,1979-06-01,31.2
M1,DKK100,1979-07-01,31.45
M1,DKK100,1979-08-01,31.4
M1,DKK100,1979-09-01,30.5
M1,DKK100,1979-10-01,31.25
M1,DKK100,1979-11-01,30.15
M1,DKK100,1979-12-01,29.6
M1,DKK100,1980-01-01,29.85
M1,DKK100,1980-02-01,30.5
M1,DKK100,1980-03-01,30.4
M1,DKK100,1980-04-01,29.55
M1,DKK100,1980-05-01,29.8
M1,DKK100,1980-06-01,29.7
M1,DKK100,1980-07-01,29.85
M1,DKK100,1980-08-01,29.7
M1,DKK100,1980-09-01,29.4
M1,DKK100,1980-10-01,29.25
M1,DKK100,1980-11-01,29.4
M1,DKK100,1980-12-01,29.25
M1,DKK100,1981-01-01,29.4
M1,DKK100,1981-02-01,29.45
M1,DKK100,1981-03-01,28.9
M1,DKK100,1981-04-01,28.95
M1,DKK100,1981-05-01,28.25
M1,DKK100,1981-06-01,27.05
M1,DKK100,1981-07-01,27.5
M1,DKK100,1981-08-01,27.85
M1,DKK100,1981-09-01,27.05
M1,DKK100,1981-10-01,25.45
M1,DKK100,1981-11-01,24.85
M1,DKK100,1981-12-01,24.5
M1,DKK100,1982-01-01,24.35
M1,DKK100,1982-02-01,23.65
M1,DKK100,1982-03-01,23.5
M1,DKK100,1982-04-01,24.5
M1,DKK100,1982-05-01,24.95
M1,DKK100,1982-06-01,24.7
M1,DKK100,1982-07-01,24.5
M1,DKK100,1982-08-01,24.35
M1,DKK100,1982-09-01,24.45
M1,DKK100,1982-10-01,24.5
M1,DKK100,1982-11-01,24.35
M1,DKK100,1982-12-01,23.75
M1,DKK100,1983-01-01,23.25
M1,DKK100,1983-02-01,23.7
M1,DKK100,1983-03-01,24.2
M1,DKK100,1983-04-01,23.55
M1,DKK100,1983-05-01,23.15
M1,DKK100,1983-06-01,23
M1,DKK100,1983-07-01,22.35
M1,DKK100,1983-08-01,22.5
M1,DKK100,1983-09-01,22.35
M1,DKK100,1983-10-01,22.5
M1,DKK100,1983-11-01,22.2
M1,DKK100,1983-12-01,22.05
M1,DKK100,1984-01-01,21.98
M1,DKK100,1984-02-01,22.63
M1,DKK100,1984-03-01,22.55
M1,DKK100,1984-04-01,22.48
M1,DKK100,1984-05-01,22.5
M1,DKK100,1984-06-01,22.8
M1,DKK100,1984-07-01,23.26
M1,DKK100,1984-08-01,22.85
M1,DKK100,1984-09-01,22.79
M1,DKK100,1984-10-01,22.75
M1,DKK100,1984-11-01,22.81
M1,DKK100,1984-12-01,23.03
M1,DKK100,1985-01-01,23.66
M1,DKK100,1985-02-01,23.72
M1,DKK100,1985-03-01,23.6
M1,DKK100,1985-04-01,23.16
M1,DKK100,1985-05-01,23.48
M1,DKK100,1985-06-01,23.31
M1,DKK100,1985-07-01,22.74
M1,DKK100,1985-08-01,22.56
M1,DKK100,1985-09-01,22.43
M1,DKK100,1985-10-01,22.62
M1,DKK100,1985-11-01,22.78
M1,DKK100,1985-12-01,23.12
M1,DKK100,1986-01-01,22.98
M1,DKK100,1986-02-01,22.86
M1,DKK100,1986-03-01,22.6
M1,DKK100,1986-04-01,22.61
M1,DKK100,1986-05-01,22.41
M1,DKK100,1986-06-01,22
M1,DKK100,1986-07-01,21.33
M1,DKK100,1986-08-01,21.34
M1,DKK100,1986-09-01,21.44
M1,DKK100,1986-10-01,22.02
M1,DKK100,1986-11-01,22.03
M1,DKK100,1986-12-01,22.06
M1,DKK100,1987-01-01,22.18
M1,DKK100,1987-02-01,22.3
M1,DKK100,1987-03-01,22.06
M1,DKK100,1987-04-01,21.75
M1,DKK100,1987-05-01,22.06
M1,DKK100,1987-06-01,21.88
M1,DKK100,1987-07-01,21.83
M1,DKK100,1987-08-01,21.4
M1,DKK100,1987-09-01,21.61
M1,DKK100,1987-10-01,21.4
M1,DKK100,1987-11-01,21.2
M1,DKK100,1987-12-01,20.94
M1,DKK100,1988-01-01,21.24
M1,DKK100,1988-02-01,21.53
M1,DKK100,1988-03-01,21.49
M1,DKK100,1988-04-01,21.58
M1,DKK100,1988-05-01,21.93
M1,DKK100,1988-06-01,21.81
M1,DKK100,1988-07-01,21.93
M1,DKK100,1988-08-01,21.93
M1,DKK100,1988-09-01,22.03
M1,DKK100,1988-10-01,21.83
M1,DKK100,1988-11-01,21.71
M1,DKK100,1988-12-01,21.89
M1,DKK100,1989-01-01,21.86
M1,DKK100,1989-02-01,21.89
M1,DKK100,1989-03-01,22.49
M1,DKK100,1989-04-01,22.73
M1,DKK100,1989-05-01,22.32
M1,DKK100,1989-06-01,22
M1,DKK100,1989-07-01,22.15
M1,DKK100,1989-08-01,22.2
M1,DKK100,1989-09-01,22.22
M1,DKK100,1989-10-01,22.54
M1,DKK100,1989-11-01,22.89
M1,DKK100,1989-12-01,23.44
M1,DKK100,1990-01-01,22.85
M1,DKK100,1990-02-01,22.84
M1,DKK100,1990-03-01,23.11
M1,DKK100,1990-04-01,22.78
M1,DKK100,1990-05-01,22.08
M1,DKK100,1990-06-01,22.2
M1,DKK100,1990-07-01,22.22
M1,DKK100,1990-08-01,21.63
M1,DKK100,1990-09-01,21.7
M1,DKK100,1990-10-01,22.18
M1,DKK100,1990-11-01,22.21
M1,DKK100,1990-12-01,22.11
M1,DKK100,1991-01-01,22.07
M1,DKK100,1991-02-01,22.49
M1,DKK100,1991-03-01,22.2
M1,DKK100,1991-04-01,22.08
M1,DKK100,1991-05-01,22.16
M1,DKK100,1991-06-01,22.29
M1,DKK100,1991-07-01,22.55
M1,DKK100,1991-08-01,22.65
M1,DKK100,1991-09-01,22.57
M1,DKK100,1991-10-01,22.65
M1,DKK100,1991-11-01,22.69
M1,DKK100,1991-12-01,22.9
M1,DKK100,1992-01-01,22.9
M1,DKK100,1992-02-01,23.38
M1,DKK100,1992-03-01,23.49
M1,DKK100,1992-04-01,23.72
M1,DKK100,1992-05-01,23.51
M1,DKK100,1992-06-01,23.5
M1,DKK100,1992-07-01,23.14
M1,DKK100,1992-08-01,23.12
M1,DKK100,1992-09-01,22.49
M1,DKK100,1992-10-01,23.22
M1,DKK100,1992-11-01,23.38
M1,DKK100,1992-12-01,23.32
M1,DKK100,1993-01-01,23.85
M1,DKK100,1993-02-01,24.13
M1,DKK100,1993-03-01,24.07
M1,DKK100,1993-04-01,23.41
M1,DKK100,1993-05-01,23.31
M1,DKK100,1993-06-01,23.08
M1,DKK100,1993-07-01,22.49
M1,DKK100,1993-08-01,21.4
M1,DKK100,1993-09-01,21.65
M1,DKK100,1993-10-01,21.89
M1,DKK100,1993-11-01,21.99
M1,DKK100,1993-12-01,21.85
M1,DKK100,1994-01-01,21.67
M1,DKK100,1994-02-01,21.27
M1,DKK100,1994-03-01,21.51
M1,DKK100,1994-04-01,21.63
M1,DKK100,1994-05-01,21.71
M1,DKK100,1994-06-01,21.41
M1,DKK100,1994-07-01,21.59
M1,DKK100,1994-08-01,21.35
M1,DKK100,1994-09-01,21.14
M1,DKK100,1994-10-01,21.32
M1,DKK100,1994-11-01,21.63
M1,DKK100,1994-12-01,21.55
M1,DKK100,1995-01-01,21.29
M1,DKK100,1995-02-01,21.34
M1,DKK100,1995-03-01,20.89
M1,DKK100,1995-04-01,20.94
M1,DKK100,1995-05-01,21.1
M1,DKK100,1995-06-01,21.3
M1,DKK100,1995-07-01,21.36
M1,DKK100,1995-08-01,21.15
M1,DKK100,1995-09-01,20.65
M1,DKK100,1995-10-01,20.81
M1,DKK100,1995-11-01,20.92
M1,DKK100,1995-12-01,20.72
M1,DKK100,1996-01-01,21.04
M1,DKK100,1996-02-01,21.1
M1,DKK100,1996-03-01,20.88
M1,DKK100,1996-04-01,21.02
M1,DKK100,1996-05-01,21.25
M1,DKK100,1996-06-01,21.34
M1,DKK100,1996-07-01,20.92
M1,DKK100,1996-08-01,20.96
M1,DKK100,1996-09-01,21.42
M1,DKK100,1996-10-01,21.64
M1,DKK100,1996-11-01,22.06
M1,DKK100,1996-12-01,22.71
M1,DKK100,1997-01-01,22.75
M1,DKK100,1997-02-01,22.87
M1,DKK100,1997-03-01,22.73
M1,DKK100,1997-04-01,22.28
M1,DKK100,1997-05-01,21.81
M1,DKK100,1997-06-01,21.96
M1,DKK100,1997-07-01,21.63
M1,DKK100,1997-08-01,21.7
M1,DKK100,1997-09-01,21.59
M1,DKK100,1997-10-01,21.42
M1,DKK100,1997-11-01,21.21
M1,DKK100,1997-12-01,21.32
M1,DKK100,1998-01-01,21.16
M1,DKK100,1998-02-01,21.25
M1,DKK100,1998-03-01,21.62
M1,DKK100,1998-04-01,21.87
M1,DKK100,1998-05-01,21.81
M1,DKK100,1998-06-01,22.14
M1,DKK100,1998-07-01,21.99
M1,DKK100,1998-08-01,21.59
M1,DKK100,1998-09-01,21.75
M1,DKK100,1998-10-01,21.42
M1,DKK100,1998-11-01,21.66
M1,DKK100,1998-12-01,21.56
M1,DKK100,1999-01-01,21.69
M1,DKK100,1999-02-01,21.36
M1,DKK100,1999-03-01,21.48
M1,DKK100,1999-04-01,21.71
M1,DKK100,1999-05-01,21.43
M1,DKK100,1999-06-01,21.54
M1,DKK100,1999-07-01,21.44
M1,DKK100,1999-08-01,21.52
M1,DKK100,1999-09-01,21.5
M1,DKK100,1999-10-01,21.57
M1,DKK100,1999-11-01,21.53
M1,DKK100,1999-12-01,21.58
M1,DKK100,2000-01-01,21.62
M1,DKK100,2000-02-01,21.56
M1,DKK100,2000-03-01,21.37
M1,DKK100,2000-04-01,21.11
M1,DKK100,2000-05-01,21.03
M1,DKK100,2000-06-01,20.87
M1,DKK100,2000-07-01,20.76
M1,DKK100,2000-08-01,20.75
M1,DKK100,2000-09-01,20.43
M1,DKK100,2000-10-01,20.42
M1,DKK100,2000-11-01,20.19
M1,DKK100,2000-12-01,20.42
M1,DKK100,2001-01-01,20.46
M1,DKK100,2001-02-01,20.63
M1,DKK100,2001-03-01,20.44
M1,DKK100,2001-04-01,20.59
M1,DKK100,2001-05-01,20.38
M1,DKK100,2001-06-01,20.44
M1,DKK100,2001-07-01,20.28
M1,DKK100,2001-08-01,20.36
M1,DKK100,2001-09-01,19.85
M1,DKK100,2001-10-01,19.74
M1,DKK100,2001-11-01,19.77
M1,DKK100,2001-12-01,19.91
M1,DKK100,2002-01-01,19.84
M1,DKK100,2002-02-01,19.86
M1,DKK100,2002-03-01,19.71
M1,DKK100,2002-04-01,19.69
M1,DKK100,2002-05-01,19.68
M1,DKK100,2002-06-01,19.81
M1,DKK100,2002-07-01,19.58
M1,DKK100,2002-08-01,19.78
M1,DKK100,2002-09-01,19.71
M1,DKK100,2002-10-01,19.67
M1,DKK100,2002-11-01,19.87
M1,DKK100,2002-12-01,19.57
M1,DKK100,2003-01-01,19.73
M1,DKK100,2003-02-01,19.69
M1,DKK100,2003-03-01,19.88
M1,DKK100,2003-04-01,20.36
M1,DKK100,2003-05-01,20.59
M1,DKK100,2003-06-01,20.88
M1,DKK100,2003-07-01,20.83
M1,DKK100,2003-08-01,20.68
M1,DKK100,2003-09-01,20.71
M1,DKK100,2003-10-01,20.83
M1,DKK100,2003-11-01,20.81
M1,DKK100,2003-12-01,20.93
M1,DKK100,2004-01-01,20.95
M1,DKK100,2004-02-01,21.14
M1,DKK100,2004-03-01,20.94
M1,DKK100,2004-04-01,20.85
M1,DKK100,2004-05-01,20.57
M1,DKK100,2004-06-01,20.56
M1,DKK100,2004-07-01,20.71
M1,DKK100,2004-08-01,20.74
M1,DKK100,2004-09-01,20.88
M1,DKK100,2004-10-01,20.55
M1,DKK100,2004-11-01,20.38
M1,DKK100,2004-12-01,20.74
M1,DKK100,2005-01-01,20.81
M1,DKK100,2005-02-01,20.68
M1,DKK100,2005-03-01,20.81
M1,DKK100,2005-04-01,20.64
M1,DKK100,2005-05-01,20.72
M1,DKK100,2005-06-01,20.79
M1,DKK100,2005-07-01,20.92
M1,DKK100,2005-08-01,20.78
M1,DKK100,2005-09-01,20.85
M1,DKK100,2005-10-01,20.7
M1,DKK100,2005-11-01,20.77
M1,DKK100,2005-12-01,20.86
M1,DKK100,2006-01-01,20.81
M1,DKK100,2006-02-01,20.98
M1,DKK100,2006-03-01,21.17
M1,DKK100,2006-04-01,21.12
M1,DKK100,2006-05-01,20.89
M1,DKK100,2006-06-01,21.01
M1,DKK100,2006-07-01,21.07
M1,DKK100,2006-08-01,21.13
M1,DKK100,2006-09-01,21.27
M1,DKK100,2006-10-01,21.3
M1,DKK100,2006-11-01,21.35
M1,DKK100,2006-12-01,21.54
M1,DKK100,2007-01-01,21.78
M1,DKK100,2007-02-01,21.63
M1,DKK100,2007-03-01,21.8
M1,DKK100,2007-04-01,22.05
M1,DKK100,2007-05-01,22.1
M1,DKK100,2007-06-01,22.26
M1,DKK100,2007-07-01,22.18
M1,DKK100,2007-08-01,22.11
M1,DKK100,2007-09-01,22.25
M1,DKK100,2007-10-01,22.44
M1,DKK100,2007-11-01,22.16
M1,DKK100,2007-12-01,22.21
M1,DKK100,2008-01-01,21.55
M1,DKK100,2008-02-01,21.4
M1,DKK100,2008-03-01,21.04
M1,DKK100,2008-04-01,21.62
M1,DKK100,2008-05-01,21.82
M1,DKK100,2008-06-01,21.53
M1,DKK100,2008-07-01,21.9
M1,DKK100,2008-08-01,21.63
M1,DKK100,2008-09-01,21.15
M1,DKK100,2008-10-01,19.64
M1,DKK100,2008-11-01,20.77
M1,DKK100,2008-12-01,19.96
M1,DKK100,2009-01-01,19.94
M1,DKK100,2009-02-01,19.93
M1,DKK100,2009-03-01,20.35
M1,DKK100,2009-04-01,20.27
M1,DKK100,2009-05-01,20.32
M1,DKK100,2009-06-01,20.47
M1,DKK100,2009-07-01,20.6
M1,DKK100,2009-08-01,20.37
M1,DKK100,2009-09-01,20.27
M1,DKK100,2009-10-01,20.29
M1,DKK100,2009-11-01,20.24
M1,DKK100,2009-12-01,19.94
M1,DKK100,2010-01-01,19.71
M1,DKK100,2010-02-01,19.66
M1,DKK100,2010-03-01,19.22
M1,DKK100,2010-04-01,19.28
M1,DKK100,2010-05-01,19.13
M1,DKK100,2010-06-01,17.74
M1,DKK100,2010-07-01,18.15
M1,DKK100,2010-08-01,17.38
M1,DKK100,2010-09-01,17.85
M1,DKK100,2010-10-01,18.35
M1,DKK100,2010-11-01,17.43
M1,DKK100,2010-12-01,16.78
M1,DKK100,2011-01-01,17.24
M1,DKK100,2011-02-01,17.17
M1,DKK100,2011-03-01,17.41
M1,DKK100,2011-04-01,17.29
M1,DKK100,2011-05-01,16.44
M1,DKK100,2011-06-01,16.19
M1,DKK100,2011-07-01,15.37
M1,DKK100,2011-08-01,15.75
M1,DKK100,2011-09-01,16.39
M1,DKK100,2011-10-01,16.39
M1,DKK100,2011-11-01,16.48
M1,DKK100,2011-12-01,16.35
M1,DKK100,2012-01-01,16.22
M1,DKK100,2012-02-01,16.21
M1,DKK100,2012-03-01,16.2
M1,DKK100,2012-04-01,16.15
M1,DKK100,2012-05-01,16.16
M1,DKK100,2012-06-01,16.16
M1,DKK100,2012-07-01,16.14
M1,DKK100,2012-08-01,16.12
M1,DKK100,2012-09-01,16.23
M1,DKK100,2012-10-01,16.18
M1,DKK100,2012-11-01,16.15
M1,DKK100,2012-12-01,16.18
M1,DKK100,2013-01-01,16.55
M1,DKK100,2013-02-01,16.37
M1,DKK100,2013-03-01,16.33
M1,DKK100,2013-04-01,16.43
M1,DKK100,2013-05-01,16.65
M1,DKK100,2013-06-01,16.55
M1,DKK100,2013-07-01,16.51
M1,DKK100,2013-08-01,16.51
M1,DKK100,2013-09-01,16.39
M1,DKK100,2013-10-01,16.53
M1,DKK100,2013-11-01,16.52
M1,DKK100,2013-12-01,16.44
M1,DKK100,2014-01-01,16.39
M1,DKK100,2014-02-01,16.3
M1,DKK100,2014-03-01,16.34
M1,DKK100,2014-04-01,16.34
M1,DKK100,2014-05-01,16.36
M1,DKK100,2014-06-01,16.29
M1,DKK100,2014-07-01,16.31
M1,DKK100,2014-08-01,16.18
M1,DKK100,2014-09-01,16.21
M1,DKK100,2014-10-01,16.2
M1,DKK100,2014-11-01,16.15
M1,DKK100,2014-12-01,16.15
M1,DKK100,2015-01-01,14.03
M1,DKK100,2015-02-01,14.28
M1,DKK100,2015-03-01,13.99
M1,DKK100,2015-04-01,14.06
M1,DKK100,2015-05-01,13.87
M1,DKK100,2015-06-01,13.91
M1,DKK100,2015-07-01,14.13
M1,DKK100,2015-08-01,14.46
M1,DKK100,2015-09-01,14.65
M1,DKK100,2015-10-01,14.57
M1,DKK100,2015-11-01,14.62
M1,DKK100,2015-12-01,14.5
M1,DKK100,2016-01-01,14.9
M1,DKK100,2016-02-01,14.64
M1,DKK100,2016-03-01,14.68
M1,DKK100,2016-04-01,14.73
M1,DKK100,2016-05-01,14.84
M1,DKK100,2016-06-01,14.63
M1,DKK100,2016-07-01,14.58
M1,DKK100,2016-08-01,14.72
M1,DKK100,2016-09-01,14.53
M1,DKK100,2016-10-01,14.56
M1,DKK100,2016-11-01,14.49
M1,DKK100,2016-12-01,14.45
M1,DKK100,2017-01-01,14.33
M1,DKK100,2017-02-01,14.33
M1,DKK100,2017-03-01,14.38
M1,DKK100,2017-04-01,14.55
M1,DKK100,2017-05-01,14.63
M1,DKK100,2017-06-01,14.7
M1,DKK100,2017-07-01,15.31
M1,DKK100,2017-08-01,15.41
M1,DKK100,2017-09-01,15.39
M1,DKK100,2017-10-01,15.6
M1,DKK100,2017-11-01,15.69
M1,DKK100,2017-12-01,15.7
M1,DKK100,2018-01-01,15.59
M1,DKK100,2018-02-01,15.47
M1,DKK100,2018-03-01,15.76
M1,DKK100,2018-04-01,16.07616
M1,DKK100,2018-05-01,15.5387
M1,DKK100,2018-06-01,15.52705
M1,DKK100,2018-07-01,15.55059
M1,DKK100,2018-08-01,15.14684
M1,DKK100,2018-09-01,15.22018
M1,DKK100,2018-10-01,15.28317
M1,DKK100,2018-11-01,15.17911
M1,DKK100,2018-12-01,15.08654
M1,DKK100,2019-01-01,15.27956
M1,DKK100,2019-02-01,15.20407
M1,DKK100,2019-03-01,14.96248
M1,DKK100,2019-04-01,15.28399
M1,DKK100,2019-05-01,15.00728
M1,DKK100,2019-06-01,14.86308
M1,DKK100,2019-07-01,14.78532
M1,DKK100,2019-08-01,14.63779
M1,DKK100,2019-09-01,14.54454
M1,DKK100,2019-10-01,14.74947
M1,DKK100,2019-11-01,14.72455
M1,DKK100,2019-12-01,14.53403
M1,DKK100,2020-01-01,14.31776
M1,DKK100,2020-02-01,14.24401
M1,DKK100,2020-03-01,14.17773
M1,DKK100,2020-04-01,14.16982
M1,DKK100,2020-05-01,14.34292
M1,DKK100,2020-06-01,14.32981
M1,DKK100,2020-07-01,14.46116
M1,DKK100,2020-08-01,14.44694
M1,DKK100,2020-09-01,14.51315
M1,DKK100,2020-10-01,14.35794
M1,DKK100,2020-11-01,14.54466
M1,DKK100,2020-12-01,14.54437
M1,DKK100,2021-01-01,14.49111
M1,DKK100,2021-02-01,14.74322
M1,DKK100,2021-03-01,14.87697
M1,DKK100,2021-04-01,14.79394
M1,DKK100,2021-05-01,14.76105
M1,DKK100,2021-06-01,14.75283
M1,DKK100,2021-07-01,14.48589
M1,DKK100,2021-08-01,14.53746
M1,DKK100,2021-09-01,14.58322
M1,DKK100,2021-10-01,14.27967
M1,DKK100,2021-11-01,14.02958
M1,DKK100,2021-12-01,13.90177
M1,DKK100,2022-01-01,13.9908
M1,DKK100,2022-02-01,13.86099
M1,DKK100,2022-03-01,13.83912
M1,DKK100,2022-04-01,13.76046
M1,DKK100,2022-05-01,13.86041
M1,DKK100,2022-06-01,13.41286
M1,DKK100,2022-07-01,13.07897
M1,DKK100,2022-08-01,13.11359
M1,DKK100,2022-09-01,12.91338
M1,DKK100,2022-10-01,13.34812
M1,DKK100,2022-11-01,13.24223
M1,DKK100,2022-12-01,13.23077
M1,DKK100,2023-01-01,13.49336
M1,DKK100,2023-02-01,13.36559
M1,DKK100,2023-03-01,13.39508
M1,DKK100,2023-04-01,13.20755
M1,DKK100,2023-05-01,13.04454
M1,DKK100,2023-06-01,13.11496
M1,DKK100,2023-07-01,12.89067
M1,DKK100,2023-08-01,12.85839
M1,DKK100,2023-09-01,12.94461
M1,DKK100,2023-10-01,12.88447
M1,DKK100,2023-11-01,12.82104
M1,DKK100,2023-12-01,12.45081
M1,DKK100,2024-01-01,12.52686
M1,DKK100,2024-02-01,12.78138
M1,DKK100,2024-03-01,13.09396
M1,DKK100,2024-04-01,13.10169
M1,DKK100,2024-05-01,13.16113
M1,DKK100,2024-06-01,12.90503
M1,DKK100,2024-07-01,12.7813
M1,DKK100,2024-08-01,12.60351
M1,DKK100,2024-09-01,12.67215
M1,DKK100,2024-10-01,12.6025
M1,DKK100,2024-11-01,12.4739
M1,DKK100,2024-12-01,12.62917
M1,DKK100,2025-01-01,12.67333
M1,DKK100,2025-02-01,12.57161
M1,DKK100,2025-03-01,12.78053
M1,DKK100,2025-04-01,12.57521
M1,DKK100,2025-05-01,12.51196
M1,DKK100,2025-06-01,12.53871
M1,DKK100,2025-07-01,12.47037
M1,DKK100,2025-08-01,12.52327
M1,DKK100,2025-09-01,12.5379
M1,DKK100,2025-10-01,12.42474
M1,DKK100,2025-11-01,12.49235
M1,DKK100,2025-12-01,12.4667
M1,DKK100,2026-01-01,12.27154
M1,DKK100,2026-02-01,12.20182
M1,DKK100,2026-03-01,12.28152
M1,DKK100,2026-04-01,12.34275
M1,DKK100,2026-05-01,12.20537
M1,DKK100,2026-06-01,12.33806
M1,DKK100,2026-07-01,12.42967
M1,EUR1,1999-01-01,1.6131
M1,EUR1,1999-02-01,1.5886
M1,EUR1,1999-03-01,1.5967
M1,EUR1,1999-04-01,1.6128
M1,EUR1,1999-05-01,1.5935
M1,EUR1,1999-06-01,1.6017
M1,EUR1,1999-07-01,1.5961
M1,EUR1,1999-08-01,1.6003
M1,EUR1,1999-09-01,1.5978
M1,EUR1,1999-10-01,1.6041
M1,EUR1,1999-11-01,1.6024
M1,EUR1,1999-12-01,1.6059
M1,EUR1,2000-01-01,1.6093
M1,EUR1,2000-02-01,1.6066
M1,EUR1,2000-03-01,1.5918
M1,EUR1,2000-04-01,1.5721
M1,EUR1,2000-05-01,1.5701
M1,EUR1,2000-06-01,1.5583
M1,EUR1,2000-07-01,1.5483
M1,EUR1,2000-08-01,1.5476
M1,EUR1,2000-09-01,1.5245
M1,EUR1,2000-10-01,1.5195
M1,EUR1,2000-11-01,1.5066
M1,EUR1,2000-12-01,1.5245
M1,EUR1,2001-01-01,1.5271
M1,EUR1,2001-02-01,1.54
M1,EUR1,2001-03-01,1.5265
M1,EUR1,2001-04-01,1.5371
M1,EUR1,2001-05-01,1.5207
M1,EUR1,2001-06-01,1.5214
M1,EUR1,2001-07-01,1.5107
M1,EUR1,2001-08-01,1.5159
M1,EUR1,2001-09-01,1.4766
M1,EUR1,2001-10-01,1.4692
M1,EUR1,2001-11-01,1.4717
M1,EUR1,2001-12-01,1.4813
M1,EUR1,2002-01-01,1.4745
M1,EUR1,2002-02-01,1.4766
M1,EUR1,2002-03-01,1.4656
M1,EUR1,2002-04-01,1.4636
M1,EUR1,2002-05-01,1.4635
M1,EUR1,2002-06-01,1.4725
M1,EUR1,2002-07-01,1.4547
M1,EUR1,2002-08-01,1.4688
M1,EUR1,2002-09-01,1.4637
M1,EUR1,2002-10-01,1.4627
M1,EUR1,2002-11-01,1.4756
M1,EUR1,2002-12-01,1.4525
M1,EUR1,2003-01-01,1.4671
M1,EUR1,2003-02-01,1.463
M1,EUR1,2003-03-01,1.4765
M1,EUR1,2003-04-01,1.5116
M1,EUR1,2003-05-01,1.5292
M1,EUR1,2003-06-01,1.5518
M1,EUR1,2003-07-01,1.5479
M1,EUR1,2003-08-01,1.5373000000000001
M1,EUR1,2003-09-01,1.5383
M1,EUR1,2003-10-01,1.5492
M1,EUR1,2003-11-01,1.5485
M1,EUR1,2003-12-01,1.5586
M1,EUR1,2004-01-01,1.5612
M1,EUR1,2004-02-01,1.5758
M1,EUR1,2004-03-01,1.5588
M1,EUR1,2004-04-01,1.5521
M1,EUR1,2004-05-01,1.5301
M1,EUR1,2004-06-01,1.5281
M1,EUR1,2004-07-01,1.5399
M1,EUR1,2004-08-01,1.5426
M1,EUR1,2004-09-01,1.5535
M1,EUR1,2004-10-01,1.5277
M1,EUR1,2004-11-01,1.5141
M1,EUR1,2004-12-01,1.5431
M1,EUR1,2005-01-01,1.5493
M1,EUR1,2005-02-01,1.5394
M1,EUR1,2005-03-01,1.55
M1,EUR1,2005-04-01,1.5372
M1,EUR1,2005-05-01,1.5425
M1,EUR1,2005-06-01,1.5489
M1,EUR1,2005-07-01,1.5606
M1,EUR1,2005-08-01,1.5497
M1,EUR1,2005-09-01,1.5556
M1,EUR1,2005-10-01,1.545
M1,EUR1,2005-11-01,1.5482
M1,EUR1,2005-12-01,1.5561
M1,EUR1,2006-01-01,1.5538
M1,EUR1,2006-02-01,1.5655
M1,EUR1,2006-03-01,1.5796
M1,EUR1,2006-04-01,1.5755
M1,EUR1,2006-05-01,1.5582
M1,EUR1,2006-06-01,1.5673
M1,EUR1,2006-07-01,1.5726
M1,EUR1,2006-08-01,1.576
M1,EUR1,2006-09-01,1.5868
M1,EUR1,2006-10-01,1.5881
M1,EUR1,2006-11-01,1.5917
M1,EUR1,2006-12-01,1.6059
M1,EUR1,2007-01-01,1.6242
M1,EUR1,2007-02-01,1.6128
M1,EUR1,2007-03-01,1.6247
M1,EUR1,2007-04-01,1.6435
M1,EUR1,2007-05-01,1.647
M1,EUR1,2007-06-01,1.6568
M1,EUR1,2007-07-01,1.6504
M1,EUR1,2007-08-01,1.6467
M1,EUR1,2007-09-01,1.6594
M1,EUR1,2007-10-01,1.6735
M1,EUR1,2007-11-01,1.6522
M1,EUR1,2007-12-01,1.6571
M1,EUR1,2008-01-01,1.6066
M1,EUR1,2008-02-01,1.5952
M1,EUR1,2008-03-01,1.5698
M1,EUR1,2008-04-01,1.6141
M1,EUR1,2008-05-01,1.6275
M1,EUR1,2008-06-01,1.6057
M1,EUR1,2008-07-01,1.6345
M1,EUR1,2008-08-01,1.6134
M1,EUR1,2008-09-01,1.5781
M1,EUR1,2008-10-01,1.4629
M1,EUR1,2008-11-01,1.5478
M1,EUR1,2008-12-01,1.4873
M1,EUR1,2009-01-01,1.4866
M1,EUR1,2009-02-01,1.4852
M1,EUR1,2009-03-01,1.516
M1,EUR1,2009-04-01,1.5103
M1,EUR1,2009-05-01,1.5135
M1,EUR1,2009-06-01,1.5241
M1,EUR1,2009-07-01,1.5342
M1,EUR1,2009-08-01,1.5162
M1,EUR1,2009-09-01,1.5096
M1,EUR1,2009-10-01,1.5102
M1,EUR1,2009-11-01,1.5073
M1,EUR1,2009-12-01,1.4844
M1,EUR1,2010-01-01,1.4678
M1,EUR1,2010-02-01,1.4633
M1,EUR1,2010-03-01,1.4308
M1,EUR1,2010-04-01,1.4348
M1,EUR1,2010-05-01,1.4231
M1,EUR1,2010-06-01,1.3225
M1,EUR1,2010-07-01,1.3531
M1,EUR1,2010-08-01,1.2936
M1,EUR1,2010-09-01,1.3302
M1,EUR1,2010-10-01,1.3687
M1,EUR1,2010-11-01,1.2996
M1,EUR1,2010-12-01,1.2507
M1,EUR1,2011-01-01,1.2852
M1,EUR1,2011-02-01,1.2806
M1,EUR1,2011-03-01,1.29873
M1,EUR1,2011-04-01,1.2899
M1,EUR1,2011-05-01,1.226
M1,EUR1,2011-06-01,1.208
M1,EUR1,2011-07-01,1.1454
M1,EUR1,2011-08-01,1.1722
M1,EUR1,2011-09-01,1.21932
M1,EUR1,2011-10-01,1.21964
M1,EUR1,2011-11-01,1.226
M1,EUR1,2011-12-01,1.2158
M1,EUR1,2012-01-01,1.20571
M1,EUR1,2012-02-01,1.20534
M1,EUR1,2012-03-01,1.2048
M1,EUR1,2012-04-01,1.20129
M1,EUR1,2012-05-01,1.20105
M1,EUR1,2012-06-01,1.20128
M1,EUR1,2012-07-01,1.20105
M1,EUR1,2012-08-01,1.20085
M1,EUR1,2012-09-01,1.2098
M1,EUR1,2012-10-01,1.20774
M1,EUR1,2012-11-01,1.20443
M1,EUR1,2012-12-01,1.2072
M1,EUR1,2013-01-01,1.23542
M1,EUR1,2013-02-01,1.22002
M1,EUR1,2013-03-01,1.21708
M1,EUR1,2013-04-01,1.2252
M1,EUR1,2013-05-01,1.24137
M1,EUR1,2013-06-01,1.23481
M1,EUR1,2013-07-01,1.23092
M1,EUR1,2013-08-01,1.23157
M1,EUR1,2013-09-01,1.2223
M1,EUR1,2013-10-01,1.2331
M1,EUR1,2013-11-01,1.23227
M1,EUR1,2013-12-01,1.2264
M1,EUR1,2014-01-01,1.22314
M1,EUR1,2014-02-01,1.21603
M1,EUR1,2014-03-01,1.21993
M1,EUR1,2014-04-01,1.21947
M1,EUR1,2014-05-01,1.22099
M1,EUR1,2014-06-01,1.21507
M1,EUR1,2014-07-01,1.21652
M1,EUR1,2014-08-01,1.20607
M1,EUR1,2014-09-01,1.20652
M1,EUR1,2014-10-01,1.20588
M1,EUR1,2014-11-01,1.20182
M1,EUR1,2014-12-01,1.20253
M1,EUR1,2015-01-01,1.04424
M1,EUR1,2015-02-01,1.06676
M1,EUR1,2015-03-01,1.04547
M1,EUR1,2015-04-01,1.04929
M1,EUR1,2015-05-01,1.03424
M1,EUR1,2015-06-01,1.03768
M1,EUR1,2015-07-01,1.05362
M1,EUR1,2015-08-01,1.0793
M1,EUR1,2015-09-01,1.09255
M1,EUR1,2015-10-01,1.08667
M1,EUR1,2015-11-01,1.09055
M1,EUR1,2015-12-01,1.08169
M1,EUR1,2016-01-01,1.11123
M1,EUR1,2016-02-01,1.09145
M1,EUR1,2016-03-01,1.09356
M1,EUR1,2016-04-01,1.09594
M1,EUR1,2016-05-01,1.10358
M1,EUR1,2016-06-01,1.08836
M1,EUR1,2016-07-01,1.08441
M1,EUR1,2016-08-01,1.09561
M1,EUR1,2016-09-01,1.08288
M1,EUR1,2016-10-01,1.08275
M1,EUR1,2016-11-01,1.07818
M1,EUR1,2016-12-01,1.07371
M1,EUR1,2017-01-01,1.06539
M1,EUR1,2017-02-01,1.06478
M1,EUR1,2017-03-01,1.06958
M1,EUR1,2017-04-01,1.08241
M1,EUR1,2017-05-01,1.08883
M1,EUR1,2017-06-01,1.09297
M1,EUR1,2017-07-01,1.13765
M1,EUR1,2017-08-01,1.14606
M1,EUR1,2017-09-01,1.14531
M1,EUR1,2017-10-01,1.16066
M1,EUR1,2017-11-01,1.16782
M1,EUR1,2017-12-01,1.16905
M1,EUR1,2018-01-01,1.16
M1,EUR1,2018-02-01,1.15179
M1,EUR1,2018-03-01,1.1752
M1,EUR1,2018-04-01,1.19776
M1,EUR1,2018-05-01,1.15669
M1,EUR1,2018-06-01,1.15714
M1,EUR1,2018-07-01,1.15843
M1,EUR1,2018-08-01,1.12928
M1,EUR1,2018-09-01,1.13493
M1,EUR1,2018-10-01,1.14034
M1,EUR1,2018-11-01,1.1327
M1,EUR1,2018-12-01,1.1265
M1,EUR1,2019-01-01,1.14065
M1,EUR1,2019-02-01,1.13444
M1,EUR1,2019-03-01,1.11686
M1,EUR1,2019-04-01,1.141
M1,EUR1,2019-05-01,1.12076
M1,EUR1,2019-06-01,1.10934
M1,EUR1,2019-07-01,1.10402
M1,EUR1,2019-08-01,1.09136
M1,EUR1,2019-09-01,1.08585
M1,EUR1,2019-10-01,1.10187
M1,EUR1,2019-11-01,1.10006
M1,EUR1,2019-12-01,1.08584
M1,EUR1,2020-01-01,1.06994
M1,EUR1,2020-02-01,1.06436
M1,EUR1,2020-03-01,1.05882
M1,EUR1,2020-04-01,1.05685
M1,EUR1,2020-05-01,1.06913
M1,EUR1,2020-06-01,1.06791
M1,EUR1,2020-07-01,1.07648
M1,EUR1,2020-08-01,1.07537
M1,EUR1,2020-09-01,1.08069
M1,EUR1,2020-10-01,1.06927
M1,EUR1,2020-11-01,1.08232
M1,EUR1,2020-12-01,1.08216
M1,EUR1,2021-01-01,1.07766
M1,EUR1,2021-02-01,1.09633
M1,EUR1,2021-03-01,1.10646
M1,EUR1,2021-04-01,1.10003
M1,EUR1,2021-05-01,1.09774
M1,EUR1,2021-06-01,1.09701
M1,EUR1,2021-07-01,1.07739
M1,EUR1,2021-08-01,1.08102
M1,EUR1,2021-09-01,1.08444
M1,EUR1,2021-10-01,1.06223
M1,EUR1,2021-11-01,1.04336
M1,EUR1,2021-12-01,1.03391
M1,EUR1,2022-01-01,1.0413
M1,EUR1,2022-02-01,1.03138
M1,EUR1,2022-03-01,1.02939
M1,EUR1,2022-04-01,1.02399
M1,EUR1,2022-05-01,1.03112
M1,EUR1,2022-06-01,0.9978
M1,EUR1,2022-07-01,0.97365
M1,EUR1,2022-08-01,0.97534
M1,EUR1,2022-09-01,0.96029
M1,EUR1,2022-10-01,0.9936
M1,EUR1,2022-11-01,0.98477
M1,EUR1,2022-12-01,0.98386
M1,EUR1,2023-01-01,1.0037
M1,EUR1,2023-02-01,0.99482
M1,EUR1,2023-03-01,0.99775
M1,EUR1,2023-04-01,0.98448
M1,EUR1,2023-05-01,0.97154
M1,EUR1,2023-06-01,0.97665
M1,EUR1,2023-07-01,0.96064
M1,EUR1,2023-08-01,0.95822
M1,EUR1,2023-09-01,0.96523
M1,EUR1,2023-10-01,0.9617
M1,EUR1,2023-11-01,0.95577
M1,EUR1,2023-12-01,0.92809
M1,EUR1,2024-01-01,0.93392
M1,EUR1,2024-02-01,0.95274
M1,EUR1,2024-03-01,0.97652
M1,EUR1,2024-04-01,0.9772
M1,EUR1,2024-05-01,0.98163
M1,EUR1,2024-06-01,0.96241
M1,EUR1,2024-07-01,0.95381
M1,EUR1,2024-08-01,0.94005
M1,EUR1,2024-09-01,0.94483
M1,EUR1,2024-10-01,0.94023
M1,EUR1,2024-11-01,0.93031
M1,EUR1,2024-12-01,0.94185
M1,EUR1,2025-01-01,0.94563
M1,EUR1,2025-02-01,0.93762
M1,EUR1,2025-03-01,0.95353
M1,EUR1,2025-04-01,0.93879
M1,EUR1,2025-05-01,0.93326
M1,EUR1,2025-06-01,0.93546
M1,EUR1,2025-07-01,0.93053
M1,EUR1,2025-08-01,0.93482
M1,EUR1,2025-09-01,0.9359
M1,EUR1,2025-10-01,0.92781
M1,EUR1,2025-11-01,0.93303
M1,EUR1,2025-12-01,0.9311
M1,EUR1,2026-01-01,0.91637
M1,EUR1,2026-02-01,0.91171
M1,EUR1,2026-03-01,0.91752
M1,EUR1,2026-04-01,0.92225
M1,EUR1,2026-05-01,0.91206
M1,EUR1,2026-06-01,0.92218
M1,EUR1,2026-07-01,0.92913
M1,GBP1,1970-01-01,10.34
M1,GBP1,1970-02-01,10.361
M1,GBP1,1970-03-01,10.37
M1,GBP1,1970-04-01,10.346
M1,GBP1,1970-05-01,10.3815
M1,GBP1,1970-06-01,10.3415
M1,GBP1,1970-07-01,10.2885
M1,GBP1,1970-08-01,10.254
M1,GBP1,1970-09-01,10.333
M1,GBP1,1970-10-01,10.3605
M1,GBP1,1970-11-01,10.3
M1,GBP1,1970-12-01,10.3295
M1,GBP1,1971-01-01,10.381
M1,GBP1,1971-02-01,10.4045
M1,GBP1,1971-03-01,10.3885
M1,GBP1,1971-04-01,10.39
M1,GBP1,1971-05-01,9.9135
M1,GBP1,1971-06-01,9.9135
M1,GBP1,1971-07-01,9.882
M1,GBP1,1971-08-01,9.8065
M1,GBP1,1971-09-01,9.809
M1,GBP1,1971-10-01,9.946
M1,GBP1,1971-11-01,9.856
M1,GBP1,1971-12-01,9.999
M1,GBP1,1972-01-01,10.0455
M1,GBP1,1972-02-01,10.084
M1,GBP1,1972-03-01,10.0405
M1,GBP1,1972-04-01,10.0825
M1,GBP1,1972-05-01,10.0475
M1,GBP1,1972-07-01,9.2435
M1,GBP1,1972-08-01,9.253
M1,GBP1,1972-09-01,9.202
M1,GBP1,1972-10-01,8.8525
M1,GBP1,1972-11-01,8.878
M1,GBP1,1972-12-01,8.8375
M1,GBP1,1973-01-01,8.619
M1,GBP1,1973-02-01,7.745
M1,GBP1,1973-03-01,8.018
M1,GBP1,1973-04-01,8.0585
M1,GBP1,1973-05-01,7.9395
M1,GBP1,1973-06-01,7.6275
M1,GBP1,1973-07-01,7.1495
M1,GBP1,1973-08-01,7.439
M1,GBP1,1973-09-01,7.29
M1,GBP1,1973-10-01,7.5405
M1,GBP1,1973-11-01,7.5165
M1,GBP1,1973-12-01,7.519
M1,GBP1,1974-01-01,7.441
M1,GBP1,1974-02-01,7.198
M1,GBP1,1974-03-01,7.2075
M1,GBP1,1974-04-01,7.0875
M1,GBP1,1974-05-01,7.126
M1,GBP1,1974-06-01,7.173
M1,GBP1,1974-07-01,7.064
M1,GBP1,1974-08-01,6.968
M1,GBP1,1974-09-01,6.876
M1,GBP1,1974-10-01,6.6965
M1,GBP1,1974-11-01,6.3095
M1,GBP1,1974-12-01,5.961
M1,GBP1,1975-01-01,5.9395
M1,GBP1,1975-02-01,5.8075
M1,GBP1,1975-03-01,6.0865
M1,GBP1,1975-04-01,6.0085
M1,GBP1,1975-05-01,5.8015
M1,GBP1,1975-06-01,5.528
M1,GBP1,1975-07-01,5.827
M1,GBP1,1975-08-01,5.664
M1,GBP1,1975-09-01,5.6115
M1,GBP1,1975-10-01,5.438
M1,GBP1,1975-11-01,5.411
M1,GBP1,1975-12-01,5.3015
M1,GBP1,1976-01-01,5.279
M1,GBP1,1976-02-01,5.1955
M1,GBP1,1976-03-01,4.854
M1,GBP1,1976-04-01,4.631
M1,GBP1,1976-05-01,4.276
M1,GBP1,1976-06-01,4.4075
M1,GBP1,1976-07-01,4.421
M1,GBP1,1976-08-01,4.396
M1,GBP1,1976-09-01,4.092
M1,GBP1,1976-10-01,3.9095
M1,GBP1,1976-11-01,4.031
M1,GBP1,1976-12-01,4.1685
M1,GBP1,1977-01-01,4.314
M1,GBP1,1977-02-01,4.3625
M1,GBP1,1977-03-01,4.3715
M1,GBP1,1977-04-01,4.339
M1,GBP1,1977-05-01,4.3005
M1,GBP1,1977-06-01,4.2335
M1,GBP1,1977-07-01,4.1695
M1,GBP1,1977-08-01,4.17
M1,GBP1,1977-09-01,4.0825
M1,GBP1,1977-10-01,4.082
M1,GBP1,1977-11-01,3.9195
M1,GBP1,1977-12-01,3.812
M1,GBP1,1978-01-01,3.8615
M1,GBP1,1978-02-01,3.6195
M1,GBP1,1978-03-01,3.4675
M1,GBP1,1978-04-01,3.5405
M1,GBP1,1978-05-01,3.473
M1,GBP1,1978-06-01,3.456
M1,GBP1,1978-07-01,3.366
M1,GBP1,1978-08-01,3.193
M1,GBP1,1978-09-01,3.0405
M1,GBP1,1978-10-01,3.085
M1,GBP1,1978-11-01,3.341
M1,GBP1,1978-12-01,3.2925
M1,GBP1,1979-01-01,3.367
M1,GBP1,1979-02-01,3.373
M1,GBP1,1979-03-01,3.4885
M1,GBP1,1979-04-01,3.545
M1,GBP1,1979-05-01,3.558
M1,GBP1,1979-06-01,3.601
M1,GBP1,1979-07-01,3.795
M1,GBP1,1979-08-01,3.725
M1,GBP1,1979-09-01,3.415
M1,GBP1,1979-10-01,3.447
M1,GBP1,1979-11-01,3.544
M1,GBP1,1979-12-01,3.5375
M1,GBP1,1980-01-01,3.685
M1,GBP1,1980-02-01,3.846
M1,GBP1,1980-03-01,3.98
M1,GBP1,1980-04-01,3.7765
M1,GBP1,1980-05-01,3.868
M1,GBP1,1980-06-01,3.8255
M1,GBP1,1980-07-01,3.856
M1,GBP1,1980-08-01,3.944
M1,GBP1,1980-09-01,3.937
M1,GBP1,1980-10-01,4.196
M1,GBP1,1980-11-01,4.1005
M1,GBP1,1980-12-01,4.204
M1,GBP1,1981-01-01,4.5555
M1,GBP1,1981-02-01,4.3445
M1,GBP1,1981-03-01,4.297
M1,GBP1,1981-04-01,4.327
M1,GBP1,1981-05-01,4.2825
M1,GBP1,1981-06-01,3.9495
M1,GBP1,1981-07-01,3.9655
M1,GBP1,1981-08-01,3.9345
M1,GBP1,1981-09-01,3.5545
M1,GBP1,1981-10-01,3.4095
M1,GBP1,1981-11-01,3.4665
M1,GBP1,1981-12-01,3.4375
M1,GBP1,1982-01-01,3.472
M1,GBP1,1982-02-01,3.4425
M1,GBP1,1982-03-01,3.453
M1,GBP1,1982-04-01,3.5005
M1,GBP1,1982-05-01,3.572
M1,GBP1,1982-06-01,3.655
M1,GBP1,1982-07-01,3.6345
M1,GBP1,1982-08-01,3.6515
M1,GBP1,1982-09-01,3.668
M1,GBP1,1982-10-01,3.698
M1,GBP1,1982-11-01,3.4485
M1,GBP1,1982-12-01,3.2165
M1,GBP1,1983-01-01,3.072
M1,GBP1,1983-02-01,3.1115
M1,GBP1,1983-03-01,3.068
M1,GBP1,1983-04-01,3.218
M1,GBP1,1983-05-01,3.37
M1,GBP1,1983-06-01,3.211
M1,GBP1,1983-07-01,3.2315
M1,GBP1,1983-08-01,3.269
M1,GBP1,1983-09-01,3.181
M1,GBP1,1983-10-01,3.1935
M1,GBP1,1983-11-01,3.173
M1,GBP1,1983-12-01,3.1485
M1,GBP1,1984-01-01,3.154
M1,GBP1,1984-02-01,3.221
M1,GBP1,1984-03-01,3.104
M1,GBP1,1984-04-01,3.1305
M1,GBP1,1984-05-01,3.1275
M1,GBP1,1984-06-01,3.1435
M1,GBP1,1984-07-01,3.2185
M1,GBP1,1984-08-01,3.1495
M1,GBP1,1984-09-01,3.112
M1,GBP1,1984-10-01,3.028
M1,GBP1,1984-11-01,3.0535
M1,GBP1,1984-12-01,3.0125
M1,GBP1,1985-01-01,3.015
M1,GBP1,1985-02-01,3.08
M1,GBP1,1985-03-01,3.223
M1,GBP1,1985-04-01,3.2055
M1,GBP1,1985-05-01,3.319
M1,GBP1,1985-06-01,3.309
M1,GBP1,1985-07-01,3.261
M1,GBP1,1985-08-01,3.1945
M1,GBP1,1985-09-01,3.052
M1,GBP1,1985-10-01,3.0945
M1,GBP1,1985-11-01,3.0805
M1,GBP1,1985-12-01,2.9845
M1,GBP1,1986-01-01,2.8555
M1,GBP1,1986-02-01,2.75
M1,GBP1,1986-03-01,2.879
M1,GBP1,1986-04-01,2.8245
M1,GBP1,1986-05-01,2.8405
M1,GBP1,1986-06-01,2.7485
M1,GBP1,1986-07-01,2.515
M1,GBP1,1986-08-01,2.4465
M1,GBP1,1986-09-01,2.3685
M1,GBP1,1986-10-01,2.404
M1,GBP1,1986-11-01,2.366
M1,GBP1,1986-12-01,2.3945
M1,GBP1,1987-01-01,2.3125
M1,GBP1,1987-02-01,2.3735
M1,GBP1,1987-03-01,2.4135
M1,GBP1,1987-04-01,2.434
M1,GBP1,1987-05-01,2.4585
M1,GBP1,1987-06-01,2.443
M1,GBP1,1987-07-01,2.445
M1,GBP1,1987-08-01,2.436
M1,GBP1,1987-09-01,2.488
M1,GBP1,1987-10-01,2.467
M1,GBP1,1987-11-01,2.4535
M1,GBP1,1987-12-01,2.3925
M1,GBP1,1988-01-01,2.416
M1,GBP1,1988-02-01,2.461
M1,GBP1,1988-03-01,2.5715
M1,GBP1,1988-04-01,2.596
M1,GBP1,1988-05-01,2.654
M1,GBP1,1988-06-01,2.5835
M1,GBP1,1988-07-01,2.679
M1,GBP1,1988-08-01,2.664
M1,GBP1,1988-09-01,2.6805
M1,GBP1,1988-10-01,2.6475
M1,GBP1,1988-11-01,2.6805
M1,GBP1,1988-12-01,2.7145
M1,GBP1,1989-01-01,2.789
M1,GBP1,1989-02-01,2.712
M1,GBP1,1989-03-01,2.7975
M1,GBP1,1989-04-01,2.8095
M1,GBP1,1989-05-01,2.7175
M1,GBP1,1989-06-01,2.594
M1,GBP1,1989-07-01,2.6715
M1,GBP1,1989-08-01,2.656
M1,GBP1,1989-09-01,2.6305
M1,GBP1,1989-10-01,2.5485
M1,GBP1,1989-11-01,2.494
M1,GBP1,1989-12-01,2.477
M1,GBP1,1990-01-01,2.5025
M1,GBP1,1990-02-01,2.5075
M1,GBP1,1990-03-01,2.459
M1,GBP1,1990-04-01,2.378
M1,GBP1,1990-05-01,2.394
M1,GBP1,1990-06-01,2.4635
M1,GBP1,1990-07-01,2.5145
M1,GBP1,1990-08-01,2.4735
M1,GBP1,1990-09-01,2.432
M1,GBP1,1990-10-01,2.505
M1,GBP1,1990-11-01,2.4805
M1,GBP1,1990-12-01,2.46
M1,GBP1,1991-01-01,2.479
M1,GBP1,1991-02-01,2.519
M1,GBP1,1991-03-01,2.536
M1,GBP1,1991-04-01,2.504
M1,GBP1,1991-05-01,2.509
M1,GBP1,1991-06-01,2.531
M1,GBP1,1991-07-01,2.5675
M1,GBP1,1991-08-01,2.568
M1,GBP1,1991-09-01,2.5365
M1,GBP1,1991-10-01,2.5585
M1,GBP1,1991-11-01,2.529
M1,GBP1,1991-12-01,2.5315
M1,GBP1,1992-01-01,2.556
M1,GBP1,1992-02-01,2.6105
M1,GBP1,1992-03-01,2.6065
M1,GBP1,1992-04-01,2.691
M1,GBP1,1992-05-01,2.6585
M1,GBP1,1992-06-01,2.6155
M1,GBP1,1992-07-01,2.5308
M1,GBP1,1992-08-01,2.4986
M1,GBP1,1992-09-01,2.1917
M1,GBP1,1992-10-01,2.1443
M1,GBP1,1992-11-01,2.1812
M1,GBP1,1992-12-01,2.2076
M1,GBP1,1993-01-01,2.2018
M1,GBP1,1993-02-01,2.1687
M1,GBP1,1993-03-01,2.2311
M1,GBP1,1993-04-01,2.2365
M1,GBP1,1993-05-01,2.2274
M1,GBP1,1993-06-01,2.2613
M1,GBP1,1993-07-01,2.2579
M1,GBP1,1993-08-01,2.2028
M1,GBP1,1993-09-01,2.139
M1,GBP1,1993-10-01,2.1982
M1,GBP1,1993-11-01,2.2161
M1,GBP1,1993-12-01,2.1888
M1,GBP1,1994-01-01,2.1938
M1,GBP1,1994-02-01,2.1228
M1,GBP1,1994-03-01,2.0969
M1,GBP1,1994-04-01,2.1329
M1,GBP1,1994-05-01,2.1115
M1,GBP1,1994-06-01,2.0623
M1,GBP1,1994-07-01,2.0597
M1,GBP1,1994-08-01,2.0397
M1,GBP1,1994-09-01,2.0289
M1,GBP1,1994-10-01,2.0458
M1,GBP1,1994-11-01,2.0789
M1,GBP1,1994-12-01,2.0477
M1,GBP1,1995-01-01,2.0206
M1,GBP1,1995-02-01,1.9657
M1,GBP1,1995-03-01,1.8509
M1,GBP1,1995-04-01,1.8332
M1,GBP1,1995-05-01,1.8382
M1,GBP1,1995-06-01,1.8334
M1,GBP1,1995-07-01,1.8385
M1,GBP1,1995-08-01,1.8678
M1,GBP1,1995-09-01,1.8022
M1,GBP1,1995-10-01,1.7944
M1,GBP1,1995-11-01,1.7821
M1,GBP1,1995-12-01,1.7832
M1,GBP1,1996-01-01,1.8277
M1,GBP1,1996-02-01,1.8317
M1,GBP1,1996-03-01,1.815
M1,GBP1,1996-04-01,1.8649
M1,GBP1,1996-05-01,1.9359
M1,GBP1,1996-06-01,1.9379
M1,GBP1,1996-07-01,1.8475
M1,GBP1,1996-08-01,1.867
M1,GBP1,1996-09-01,1.9631
M1,GBP1,1996-10-01,2.0424
M1,GBP1,1996-11-01,2.1835
M1,GBP1,1996-12-01,2.2895
M1,GBP1,1997-01-01,2.2673
M1,GBP1,1997-02-01,2.3993
M1,GBP1,1997-03-01,2.3757
M1,GBP1,1997-04-01,2.3884
M1,GBP1,1997-05-01,2.314
M1,GBP1,1997-06-01,2.4147
M1,GBP1,1997-07-01,2.4758
M1,GBP1,1997-08-01,2.4042
M1,GBP1,1997-09-01,2.351
M1,GBP1,1997-10-01,2.3515
M1,GBP1,1997-11-01,2.3888
M1,GBP1,1997-12-01,2.4082
M1,GBP1,1998-01-01,2.4075
M1,GBP1,1998-02-01,2.4184
M1,GBP1,1998-03-01,2.5509
M1,GBP1,1998-04-01,2.5002
M1,GBP1,1998-05-01,2.4092
M1,GBP1,1998-06-01,2.5404
M1,GBP1,1998-07-01,2.4413
M1,GBP1,1998-08-01,2.4202
M1,GBP1,1998-09-01,2.3559
M1,GBP1,1998-10-01,2.2675
M1,GBP1,1998-11-01,2.3254
M1,GBP1,1998-12-01,2.2826
M1,GBP1,1999-01-01,2.3307
M1,GBP1,1999-02-01,2.3107
M1,GBP1,1999-03-01,2.3913
M1,GBP1,1999-04-01,2.4514
M1,GBP1,1999-05-01,2.4408
M1,GBP1,1999-06-01,2.4388
M1,GBP1,1999-07-01,2.415
M1,GBP1,1999-08-01,2.4271
M1,GBP1,1999-09-01,2.4624
M1,GBP1,1999-10-01,2.4971
M1,GBP1,1999-11-01,2.5451
M1,GBP1,1999-12-01,2.5844
M1,GBP1,2000-01-01,2.665
M1,GBP1,2000-02-01,2.6235
M1,GBP1,2000-03-01,2.6508
M1,GBP1,2000-04-01,2.7156
M1,GBP1,2000-05-01,2.5202
M1,GBP1,2000-06-01,2.458
M1,GBP1,2000-07-01,2.5115
M1,GBP1,2000-08-01,2.5189
M1,GBP1,2000-09-01,2.5336
M1,GBP1,2000-10-01,2.6214
M1,GBP1,2000-11-01,2.4624
M1,GBP1,2000-12-01,2.4464
M1,GBP1,2001-01-01,2.4016
M1,GBP1,2001-02-01,2.4143
M1,GBP1,2001-03-01,2.4683
M1,GBP1,2001-04-01,2.4766
M1,GBP1,2001-05-01,2.5449
M1,GBP1,2001-06-01,2.527
M1,GBP1,2001-07-01,2.4602
M1,GBP1,2001-08-01,2.4112
M1,GBP1,2001-09-01,2.3714
M1,GBP1,2001-10-01,2.3624
M1,GBP1,2001-11-01,2.3663
M1,GBP1,2001-12-01,2.4304
M1,GBP1,2002-01-01,2.4106
M1,GBP1,2002-02-01,2.4188
M1,GBP1,2002-03-01,2.3925
M1,GBP1,2002-04-01,2.3614
M1,GBP1,2002-05-01,2.2887
M1,GBP1,2002-06-01,2.2721
M1,GBP1,2002-07-01,2.3261
M1,GBP1,2002-08-01,2.3178
M1,GBP1,2002-09-01,2.327
M1,GBP1,2002-10-01,2.3116
M1,GBP1,2002-11-01,2.3029
M1,GBP1,2002-12-01,2.2323
M1,GBP1,2003-01-01,2.2436
M1,GBP1,2003-02-01,2.147
M1,GBP1,2003-03-01,2.1395
M1,GBP1,2003-04-01,2.1658
M1,GBP1,2003-05-01,2.1295
M1,GBP1,2003-06-01,2.2359
M1,GBP1,2003-07-01,2.2017
M1,GBP1,2003-08-01,2.2282
M1,GBP1,2003-09-01,2.2083
M1,GBP1,2003-10-01,2.2535
M1,GBP1,2003-11-01,2.2229
M1,GBP1,2003-12-01,2.204
M1,GBP1,2004-01-01,2.2825
M1,GBP1,2004-02-01,2.3548
M1,GBP1,2004-03-01,2.336
M1,GBP1,2004-04-01,2.2948
M1,GBP1,2004-05-01,2.2914
M1,GBP1,2004-06-01,2.2786
M1,GBP1,2004-07-01,2.3188
M1,GBP1,2004-08-01,2.2915
M1,GBP1,2004-09-01,2.2651
M1,GBP1,2004-10-01,2.195
M1,GBP1,2004-11-01,2.1638
M1,GBP1,2004-12-01,2.183
M1,GBP1,2005-01-01,2.2428
M1,GBP1,2005-02-01,2.2345
M1,GBP1,2005-03-01,2.2487
M1,GBP1,2005-04-01,2.2676
M1,GBP1,2005-05-01,2.2636
M1,GBP1,2005-06-01,2.3118
M1,GBP1,2005-07-01,2.2651
M1,GBP1,2005-08-01,2.2643
M1,GBP1,2005-09-01,2.2749
M1,GBP1,2005-10-01,2.2779
M1,GBP1,2005-11-01,2.2629
M1,GBP1,2005-12-01,2.2687
M1,GBP1,2006-01-01,2.276
M1,GBP1,2006-02-01,2.2969
M1,GBP1,2006-03-01,2.2654
M1,GBP1,2006-04-01,2.2644
M1,GBP1,2006-05-01,2.2759
M1,GBP1,2006-06-01,2.2579
M1,GBP1,2006-07-01,2.2998
M1,GBP1,2006-08-01,2.3383
M1,GBP1,2006-09-01,2.3402
M1,GBP1,2006-10-01,2.3784
M1,GBP1,2006-11-01,2.3586
M1,GBP1,2006-12-01,2.3918
M1,GBP1,2007-01-01,2.4523
M1,GBP1,2007-02-01,2.3889
M1,GBP1,2007-03-01,2.3882
M1,GBP1,2007-04-01,2.4069
M1,GBP1,2007-05-01,2.4205
M1,GBP1,2007-06-01,2.4656
M1,GBP1,2007-07-01,2.4429
M1,GBP1,2007-08-01,2.4284
M1,GBP1,2007-09-01,2.3746
M1,GBP1,2007-10-01,2.4016
M1,GBP1,2007-11-01,2.314
M1,GBP1,2007-12-01,2.2495
M1,GBP1,2008-01-01,2.1498
M1,GBP1,2008-02-01,2.0812
M1,GBP1,2008-03-01,1.9716
M1,GBP1,2008-04-01,2.0401
M1,GBP1,2008-05-01,2.0727
M1,GBP1,2008-06-01,2.0248
M1,GBP1,2008-07-01,2.0725
M1,GBP1,2008-08-01,2.0009
M1,GBP1,2008-09-01,1.985
M1,GBP1,2008-10-01,1.8595
M1,GBP1,2008-11-01,1.8497
M1,GBP1,2008-12-01,1.5272
M1,GBP1,2009-01-01,1.6518
M1,GBP1,2009-02-01,1.6643
M1,GBP1,2009-03-01,1.6289
M1,GBP1,2009-04-01,1.6845
M1,GBP1,2009-05-01,1.7353
M1,GBP1,2009-06-01,1.798
M1,GBP1,2009-07-01,1.7997
M1,GBP1,2009-08-01,1.7205
M1,GBP1,2009-09-01,1.66
M1,GBP1,2009-10-01,1.6856
M1,GBP1,2009-11-01,1.655
M1,GBP1,2009-12-01,1.66
M1,GBP1,2010-01-01,1.6959
M1,GBP1,2010-02-01,1.6483
M1,GBP1,2010-03-01,1.6078
M1,GBP1,2010-04-01,1.6574
M1,GBP1,2010-05-01,1.6764
M1,GBP1,2010-06-01,1.6261
M1,GBP1,2010-07-01,1.6211
M1,GBP1,2010-08-01,1.5744
M1,GBP1,2010-09-01,1.551
M1,GBP1,2010-10-01,1.5706
M1,GBP1,2010-11-01,1.55
M1,GBP1,2010-12-01,1.4489
M1,GBP1,2011-01-01,1.4953
M1,GBP1,2011-02-01,1.4996
M1,GBP1,2011-03-01,1.4761
M1,GBP1,2011-04-01,1.4487
M1,GBP1,2011-05-01,1.4041
M1,GBP1,2011-06-01,1.3355
M1,GBP1,2011-07-01,1.3054
M1,GBP1,2011-08-01,1.3218
M1,GBP1,2011-09-01,1.4051
M1,GBP1,2011-10-01,1.395
M1,GBP1,2011-11-01,1.4344
M1,GBP1,2011-12-01,1.4502
M1,GBP1,2012-01-01,1.4399
M1,GBP1,2012-02-01,1.4267
M1,GBP1,2012-03-01,1.4446
M1,GBP1,2012-04-01,1.4773
M1,GBP1,2012-05-01,1.5011
M1,GBP1,2012-06-01,1.4919
M1,GBP1,2012-07-01,1.5367
M1,GBP1,2012-08-01,1.5151
M1,GBP1,2012-09-01,1.5175
M1,GBP1,2012-10-01,1.4965
M1,GBP1,2012-11-01,1.4852
M1,GBP1,2012-12-01,1.4794
M1,GBP1,2013-01-01,1.4423
M1,GBP1,2013-02-01,1.4093
M1,GBP1,2013-03-01,1.4432
M1,GBP1,2013-04-01,1.4529
M1,GBP1,2013-05-01,1.4511
M1,GBP1,2013-06-01,1.4422
M1,GBP1,2013-07-01,1.409
M1,GBP1,2013-08-01,1.4413
M1,GBP1,2013-09-01,1.4633
M1,GBP1,2013-10-01,1.4425
M1,GBP1,2013-11-01,1.4773
M1,GBP1,2013-12-01,1.4734
M1,GBP1,2014-01-01,1.486
M1,GBP1,2014-02-01,1.482
M1,GBP1,2014-03-01,1.4749
M1,GBP1,2014-04-01,1.4859
M1,GBP1,2014-05-01,1.5016
M1,GBP1,2014-06-01,1.5151
M1,GBP1,2014-07-01,1.5333
M1,GBP1,2014-08-01,1.5189
M1,GBP1,2014-09-01,1.548
M1,GBP1,2014-10-01,1.5345
M1,GBP1,2014-11-01,1.5182
M1,GBP1,2014-12-01,1.5416
M1,GBP1,2015-01-01,1.3915
M1,GBP1,2015-02-01,1.4629
M1,GBP1,2015-03-01,1.438
M1,GBP1,2015-04-01,1.447
M1,GBP1,2015-05-01,1.4429
M1,GBP1,2015-06-01,1.4647
M1,GBP1,2015-07-01,1.4993
M1,GBP1,2015-08-01,1.4849
M1,GBP1,2015-09-01,1.478
M1,GBP1,2015-10-01,1.5138
M1,GBP1,2015-11-01,1.5471
M1,GBP1,2015-12-01,1.4677
M1,GBP1,2016-01-01,1.4624
M1,GBP1,2016-02-01,1.3873
M1,GBP1,2016-03-01,1.3855
M1,GBP1,2016-04-01,1.4057
M1,GBP1,2016-05-01,1.4486
M1,GBP1,2016-06-01,1.3189
M1,GBP1,2016-07-01,1.2884
M1,GBP1,2016-08-01,1.2925
M1,GBP1,2016-09-01,1.2558
M1,GBP1,2016-10-01,1.2023
M1,GBP1,2016-11-01,1.265
M1,GBP1,2016-12-01,1.2498
M1,GBP1,2017-01-01,1.2375
M1,GBP1,2017-02-01,1.2505
M1,GBP1,2017-03-01,1.2453
M1,GBP1,2017-04-01,1.2856
M1,GBP1,2017-05-01,1.2456
M1,GBP1,2017-06-01,1.2453
M1,GBP1,2017-07-01,1.2713
M1,GBP1,2017-08-01,1.2433
M1,GBP1,2017-09-01,1.2992
M1,GBP1,2017-10-01,1.317
M1,GBP1,2017-11-01,1.3286
M1,GBP1,2017-12-01,1.3173
M1,GBP1,2018-01-01,1.3176
M1,GBP1,2018-02-01,1.3101
M1,GBP1,2018-03-01,1.3392
M1,GBP1,2018-04-01,1.35922
M1,GBP1,2018-05-01,1.31627
M1,GBP1,2018-06-01,1.30801
M1,GBP1,2018-07-01,1.29939
M1,GBP1,2018-08-01,1.25945
M1,GBP1,2018-09-01,1.27746
M1,GBP1,2018-10-01,1.28076
M1,GBP1,2018-11-01,1.27229
M1,GBP1,2018-12-01,1.25464
M1,GBP1,2019-01-01,1.30245
M1,GBP1,2019-02-01,1.32471
M1,GBP1,2019-03-01,1.29689
M1,GBP1,2019-04-01,1.32087
M1,GBP1,2019-05-01,1.26824
M1,GBP1,2019-06-01,1.23489
M1,GBP1,2019-07-01,1.20466
M1,GBP1,2019-08-01,1.20313
M1,GBP1,2019-09-01,1.22398
M1,GBP1,2019-10-01,1.27708
M1,GBP1,2019-11-01,1.28855
M1,GBP1,2019-12-01,1.27393
M1,GBP1,2020-01-01,1.27263
M1,GBP1,2020-02-01,1.24404
M1,GBP1,2020-03-01,1.18728
M1,GBP1,2020-04-01,1.21127
M1,GBP1,2020-05-01,1.18257
M1,GBP1,2020-06-01,1.16837
M1,GBP1,2020-07-01,1.19137
M1,GBP1,2020-08-01,1.20239
M1,GBP1,2020-09-01,1.18329
M1,GBP1,2020-10-01,1.18678
M1,GBP1,2020-11-01,1.20379
M1,GBP1,2020-12-01,1.20359
M1,GBP1,2021-01-01,1.2157
M1,GBP1,2021-02-01,1.26048
M1,GBP1,2021-03-01,1.29787
M1,GBP1,2021-04-01,1.26473
M1,GBP1,2021-05-01,1.27502
M1,GBP1,2021-06-01,1.27697
M1,GBP1,2021-07-01,1.26506
M1,GBP1,2021-08-01,1.25933
M1,GBP1,2021-09-01,1.25578
M1,GBP1,2021-10-01,1.25562
M1,GBP1,2021-11-01,1.22701
M1,GBP1,2021-12-01,1.23297
M1,GBP1,2022-01-01,1.25287
M1,GBP1,2022-02-01,1.234
M1,GBP1,2022-03-01,1.21342
M1,GBP1,2022-04-01,1.21632
M1,GBP1,2022-05-01,1.2122
M1,GBP1,2022-06-01,1.16046
M1,GBP1,2022-07-01,1.15903
M1,GBP1,2022-08-01,1.13764
M1,GBP1,2022-09-01,1.09505
M1,GBP1,2022-10-01,1.15533
M1,GBP1,2022-11-01,1.14153
M1,GBP1,2022-12-01,1.11076
M1,GBP1,2023-01-01,1.14228
M1,GBP1,2023-02-01,1.1325
M1,GBP1,2023-03-01,1.13294
M1,GBP1,2023-04-01,1.11588
M1,GBP1,2023-05-01,1.12575
M1,GBP1,2023-06-01,1.13667
M1,GBP1,2023-07-01,1.11881
M1,GBP1,2023-08-01,1.11835
M1,GBP1,2023-09-01,1.11305
M1,GBP1,2023-10-01,1.09951
M1,GBP1,2023-11-01,1.10682
M1,GBP1,2023-12-01,1.0672
M1,GBP1,2024-01-01,1.09329
M1,GBP1,2024-02-01,1.1122
M1,GBP1,2024-03-01,1.14118
M1,GBP1,2024-04-01,1.14409
M1,GBP1,2024-05-01,1.15158
M1,GBP1,2024-06-01,1.13686
M1,GBP1,2024-07-01,1.13049
M1,GBP1,2024-08-01,1.1187
M1,GBP1,2024-09-01,1.13171
M1,GBP1,2024-10-01,1.1232
M1,GBP1,2024-11-01,1.11851
M1,GBP1,2024-12-01,1.13499
M1,GBP1,2025-01-01,1.13111
M1,GBP1,2025-02-01,1.13603
M1,GBP1,2025-03-01,1.14015
M1,GBP1,2025-04-01,1.10379
M1,GBP1,2025-05-01,1.10976
M1,GBP1,2025-06-01,1.09277
M1,GBP1,2025-07-01,1.07705
M1,GBP1,2025-08-01,1.0791
M1,GBP1,2025-09-01,1.07067
M1,GBP1,2025-10-01,1.05367
M1,GBP1,2025-11-01,1.06543
M1,GBP1,2025-12-01,1.06623
M1,GBP1,2026-01-01,1.05701
M1,GBP1,2026-02-01,1.04233
M1,GBP1,2026-03-01,1.05704
M1,GBP1,2026-04-01,1.06501
M1,GBP1,2026-05-01,1.05201
M1,GBP1,2026-06-01,1.07105
M1,GBP1,2026-07-01,1.08537
M1,HKD100,1999-01-01,18.2711
M1,HKD100,1999-02-01,18.6149
M1,HKD100,1999-03-01,19.1973
M1,HKD100,1999-04-01,19.6212
M1,HKD100,1999-05-01,19.6402
M1,HKD100,1999-06-01,19.9716
M1,HKD100,1999-07-01,19.1935
M1,HKD100,1999-08-01,19.5652
M1,HKD100,1999-09-01,19.2592
M1,HKD100,1999-10-01,19.6228
M1,HKD100,1999-11-01,20.4442
M1,HKD100,1999-12-01,20.557
M1,HKD100,2000-01-01,21.0858
M1,HKD100,2000-02-01,21.1224
M1,HKD100,2000-03-01,21.351
M1,HKD100,2000-04-01,22.197
M1,HKD100,2000-05-01,21.6354
M1,HKD100,2000-06-01,20.8459
M1,HKD100,2000-07-01,21.4869
M1,HKD100,2000-08-01,22.2107
M1,HKD100,2000-09-01,22.1857
M1,HKD100,2000-10-01,23.1878
M1,HKD100,2000-11-01,22.2046
M1,HKD100,2000-12-01,20.9648
M1,HKD100,2001-01-01,21.0621
M1,HKD100,2001-02-01,21.4397
M1,HKD100,2001-03-01,22.1489
M1,HKD100,2001-04-01,22.1184
M1,HKD100,2001-05-01,23.0248
M1,HKD100,2001-06-01,23.0248
M1,HKD100,2001-07-01,22.1239
M1,HKD100,2001-08-01,21.1702
M1,HKD100,2001-09-01,20.6839
M1,HKD100,2001-10-01,20.812
M1,HKD100,2001-11-01,21.303
M1,HKD100,2001-12-01,21.5231
M1,HKD100,2002-01-01,21.8947
M1,HKD100,2002-02-01,21.8632
M1,HKD100,2002-03-01,21.547
M1,HKD100,2002-04-01,20.7765
M1,HKD100,2002-05-01,20.0169
M1,HKD100,2002-06-01,19.0195
M1,HKD100,2002-07-01,19.0564
M1,HKD100,2002-08-01,19.12
M1,HKD100,2002-09-01,19.0838
M1,HKD100,2002-10-01,19.0043
M1,HKD100,2002-11-01,19.0668
M1,HKD100,2002-12-01,17.7871
M1,HKD100,2003-01-01,17.387
M1,HKD100,2003-02-01,17.4454
M1,HKD100,2003-03-01,17.4114
M1,HKD100,2003-04-01,17.4304
M1,HKD100,2003-05-01,16.5669
M1,HKD100,2003-06-01,17.3892
M1,HKD100,2003-07-01,17.5178
M1,HKD100,2003-08-01,18.0691
M1,HKD100,2003-09-01,17.0397
M1,HKD100,2003-10-01,17.1357
M1,HKD100,2003-11-01,16.6647
M1,HKD100,2003-12-01,15.9204
M1,HKD100,2004-01-01,16.2435
M1,HKD100,2004-02-01,16.2952
M1,HKD100,2004-03-01,16.349
M1,HKD100,2004-04-01,16.638
M1,HKD100,2004-05-01,15.986
M1,HKD100,2004-06-01,16.1688
M1,HKD100,2004-07-01,16.3637
M1,HKD100,2004-08-01,16.3761
M1,HKD100,2004-09-01,16.1644
M1,HKD100,2004-10-01,15.392
M1,HKD100,2004-11-01,14.6827
M1,HKD100,2004-12-01,14.5576
M1,HKD100,2005-01-01,15.2789
M1,HKD100,2005-02-01,14.8945
M1,HKD100,2005-03-01,15.3343
M1,HKD100,2005-04-01,15.2141
M1,HKD100,2005-05-01,16.0076
M1,HKD100,2005-06-01,16.5097
M1,HKD100,2005-07-01,16.606
M1,HKD100,2005-08-01,16.3246
M1,HKD100,2005-09-01,16.6839
M1,HKD100,2005-10-01,16.4953
M1,HKD100,2005-11-01,16.9469
M1,HKD100,2005-12-01,16.9607
M1,HKD100,2006-01-01,16.5513
M1,HKD100,2006-02-01,16.9882
M1,HKD100,2006-03-01,16.7899
M1,HKD100,2006-04-01,16.191
M1,HKD100,2006-05-01,15.6146
M1,HKD100,2006-06-01,15.8685
M1,HKD100,2006-07-01,15.86
M1,HKD100,2006-08-01,15.7684
M1,HKD100,2006-09-01,16.0799
M1,HKD100,2006-10-01,16.0847
M1,HKD100,2006-11-01,15.5095
M1,HKD100,2006-12-01,15.677
M1,HKD100,2007-01-01,16.0839
M1,HKD100,2007-02-01,15.648
M1,HKD100,2007-03-01,15.6176
M1,HKD100,2007-04-01,15.4561
M1,HKD100,2007-05-01,15.6899
M1,HKD100,2007-06-01,15.7547
M1,HKD100,2007-07-01,15.3832
M1,HKD100,2007-08-01,15.4642
M1,HKD100,2007-09-01,15.0889
M1,HKD100,2007-10-01,14.9515
M1,HKD100,2007-11-01,14.3798
M1,HKD100,2007-12-01,14.4412
M1,HKD100,2008-01-01,13.8739
M1,HKD100,2008-02-01,13.4705
M1,HKD100,2008-03-01,12.754
M1,HKD100,2008-04-01,13.3068
M1,HKD100,2008-05-01,13.4705
M1,HKD100,2008-06-01,13.0199
M1,HKD100,2008-07-01,13.4177
M1,HKD100,2008-08-01,14.005
M1,HKD100,2008-09-01,14.1468
M1,HKD100,2008-10-01,14.8218
M1,HKD100,2008-11-01,15.5166
M1,HKD100,2008-12-01,13.6277
M1,HKD100,2009-01-01,14.8947
M1,HKD100,2009-02-01,15.1166
M1,HKD100,2009-03-01,14.7279
M1,HKD100,2009-04-01,14.5878
M1,HKD100,2009-05-01,13.9402
M1,HKD100,2009-06-01,13.9538
M1,HKD100,2009-07-01,14.0417
M1,HKD100,2009-08-01,13.6987
M1,HKD100,2009-09-01,13.3243
M1,HKD100,2009-10-01,13.1317
M1,HKD100,2009-11-01,12.9255
M1,HKD100,2009-12-01,13.2722
M1,HKD100,2010-01-01,13.5213
M1,HKD100,2010-02-01,13.8759
M1,HKD100,2010-03-01,13.7122
M1,HKD100,2010-04-01,13.9017
M1,HKD100,2010-05-01,14.8405
M1,HKD100,2010-06-01,13.8866
M1,HKD100,2010-07-01,13.3606
M1,HKD100,2010-08-01,13.1134
M1,HKD100,2010-09-01,12.5905
M1,HKD100,2010-10-01,12.7498
M1,HKD100,2010-11-01,12.8577
M1,HKD100,2010-12-01,12.048
M1,HKD100,2011-01-01,12.0885
M1,HKD100,2011-02-01,11.8868
M1,HKD100,2011-03-01,11.7589
M1,HKD100,2011-04-01,11.182
M1,HKD100,2011-05-01,10.9341
M1,HKD100,2011-06-01,10.7165
M1,HKD100,2011-07-01,10.285
M1,HKD100,2011-08-01,10.4249
M1,HKD100,2011-09-01,11.5678
M1,HKD100,2011-10-01,11.2172
M1,HKD100,2011-11-01,11.8554
M1,HKD100,2011-12-01,12.1045
M1,HKD100,2012-01-01,11.7812
M1,HKD100,2012-02-01,11.5464
M1,HKD100,2012-03-01,11.632
M1,HKD100,2012-04-01,11.6925
M1,HKD100,2012-05-01,12.4661
M1,HKD100,2012-06-01,12.3127
M1,HKD100,2012-07-01,12.635
M1,HKD100,2012-08-01,12.3393
M1,HKD100,2012-09-01,12.0604
M1,HKD100,2012-10-01,11.984
M1,HKD100,2012-11-01,11.934
M1,HKD100,2012-12-01,11.8083
M1,HKD100,2013-01-01,11.7413
M1,HKD100,2013-02-01,11.9875
M1,HKD100,2013-03-01,12.2329
M1,HKD100,2013-04-01,12.086
M1,HKD100,2013-05-01,12.2888
M1,HKD100,2013-06-01,12.1948
M1,HKD100,2013-07-01,11.9444
M1,HKD100,2013-08-01,11.9917
M1,HKD100,2013-09-01,11.6729
M1,HKD100,2013-10-01,11.6126
M1,HKD100,2013-11-01,11.6707
M1,HKD100,2013-12-01,11.4871
M1,HKD100,2014-01-01,11.6293
M1,HKD100,2014-02-01,11.4128
M1,HKD100,2014-03-01,11.4372
M1,HKD100,2014-04-01,11.4023
M1,HKD100,2014-05-01,11.5747
M1,HKD100,2014-06-01,11.4788
M1,HKD100,2014-07-01,11.72
M1,HKD100,2014-08-01,11.8081
M1,HKD100,2014-09-01,12.2733
M1,HKD100,2014-10-01,12.3731
M1,HKD100,2014-11-01,12.4651
M1,HKD100,2014-12-01,12.7556
M1,HKD100,2015-01-01,11.9246
M1,HKD100,2015-02-01,12.2521
M1,HKD100,2015-03-01,12.565
M1,HKD100,2015-04-01,12.0775
M1,HKD100,2015-05-01,12.1768
M1,HKD100,2015-06-01,12.0153
M1,HKD100,2015-07-01,12.4275
M1,HKD100,2015-08-01,12.4304
M1,HKD100,2015-09-01,12.5572
M1,HKD100,2015-10-01,12.7352
M1,HKD100,2015-11-01,13.3
M1,HKD100,2015-12-01,12.7763
M1,HKD100,2016-01-01,13.0867
M1,HKD100,2016-02-01,12.8698
M1,HKD100,2016-03-01,12.4174
M1,HKD100,2016-04-01,12.4174
M1,HKD100,2016-05-01,12.7614
M1,HKD100,2016-06-01,12.6094
M1,HKD100,2016-07-01,12.6009
M1,HKD100,2016-08-01,12.6688
M1,HKD100,2016-09-01,12.495
M1,HKD100,2016-10-01,12.7452
M1,HKD100,2016-11-01,13.0693
M1,HKD100,2016-12-01,13.0875
M1,HKD100,2017-01-01,12.8266
M1,HKD100,2017-02-01,12.9585
M1,HKD100,2017-03-01,12.8689
M1,HKD100,2017-04-01,12.7702
M1,HKD100,2017-05-01,12.5012
M1,HKD100,2017-06-01,12.2772
M1,HKD100,2017-07-01,12.42
M1,HKD100,2017-08-01,12.3131
M1,HKD100,2017-09-01,12.4285
M1,HKD100,2017-10-01,12.7895
M1,HKD100,2017-11-01,12.6412
M1,HKD100,2017-12-01,12.4884
M1,HKD100,2018-01-01,11.9182
M1,HKD100,2018-02-01,12.0442
M1,HKD100,2018-03-01,12.1444
M1,HKD100,2018-04-01,12.6083
M1,HKD100,2018-05-01,12.57772
M1,HKD100,2018-06-01,12.65786
M1,HKD100,2018-07-01,12.58409
M1,HKD100,2018-08-01,12.33055
M1,HKD100,2018-09-01,12.48962
M1,HKD100,2018-10-01,12.82071
M1,HKD100,2018-11-01,12.73364
M1,HKD100,2018-12-01,12.57741
M1,HKD100,2019-01-01,12.65614
M1,HKD100,2019-02-01,12.68758
M1,HKD100,2019-03-01,12.6879
M1,HKD100,2019-04-01,12.9801
M1,HKD100,2019-05-01,12.81649
M1,HKD100,2019-06-01,12.47614
M1,HKD100,2019-07-01,12.65507
M1,HKD100,2019-08-01,12.60471
M1,HKD100,2019-09-01,12.66548
M1,HKD100,2019-10-01,12.59267
M1,HKD100,2019-11-01,12.77279
M1,HKD100,2019-12-01,12.43562
M1,HKD100,2020-01-01,12.49131
M1,HKD100,2020-02-01,12.36337
M1,HKD100,2020-03-01,12.43438
M1,HKD100,2020-04-01,12.52919
M1,HKD100,2020-05-01,12.40536
M1,HKD100,2020-06-01,12.28033
M1,HKD100,2020-07-01,11.71404
M1,HKD100,2020-08-01,11.65275
M1,HKD100,2020-09-01,11.90952
M1,HKD100,2020-10-01,11.81227
M1,HKD100,2020-11-01,11.65095
M1,HKD100,2020-12-01,11.36739
M1,HKD100,2021-01-01,11.47263
M1,HKD100,2021-02-01,11.65562
M1,HKD100,2021-03-01,12.11698
M1,HKD100,2021-04-01,11.71292
M1,HKD100,2021-05-01,11.59605
M1,HKD100,2021-06-01,11.886
M1,HKD100,2021-07-01,11.6449
M1,HKD100,2021-08-01,11.75084
M1,HKD100,2021-09-01,11.99923
M1,HKD100,2021-10-01,11.72639
M1,HKD100,2021-11-01,11.77621
M1,HKD100,2021-12-01,11.70638
M1,HKD100,2022-01-01,11.94848
M1,HKD100,2022-02-01,11.8069
M1,HKD100,2022-03-01,11.81444
M1,HKD100,2022-04-01,12.34599
M1,HKD100,2022-05-01,12.24738
M1,HKD100,2022-06-01,12.18213
M1,HKD100,2022-07-01,12.13503
M1,HKD100,2022-08-01,12.45062
M1,HKD100,2022-09-01,12.43599
M1,HKD100,2022-10-01,12.72899
M1,HKD100,2022-11-01,12.18671
M1,HKD100,2022-12-01,11.83639
M1,HKD100,2023-01-01,11.82238
M1,HKD100,2023-02-01,11.94789
M1,HKD100,2023-03-01,11.67197
M1,HKD100,2023-04-01,11.41416
M1,HKD100,2023-05-01,11.63356
M1,HKD100,2023-06-01,11.49944
M1,HKD100,2023-07-01,11.16025
M1,HKD100,2023-08-01,11.22782
M1,HKD100,2023-09-01,11.61839
M1,HKD100,2023-10-01,11.52676
M1,HKD100,2023-11-01,11.20253
M1,HKD100,2023-12-01,10.75443
M1,HKD100,2024-01-01,11.03537
M1,HKD100,2024-02-01,11.21843
M1,HKD100,2024-03-01,11.58305
M1,HKD100,2024-04-01,11.66596
M1,HKD100,2024-05-01,11.58988
M1,HKD100,2024-06-01,11.52162
M1,HKD100,2024-07-01,11.27893
M1,HKD100,2024-08-01,10.88281
M1,HKD100,2024-09-01,10.85622
M1,HKD100,2024-10-01,11.13169
M1,HKD100,2024-11-01,11.32025
M1,HKD100,2024-12-01,11.63776
M1,HKD100,2025-01-01,11.68722
M1,HKD100,2025-02-01,11.59523
M1,HKD100,2025-03-01,11.32122
M1,HKD100,2025-04-01,10.6448
M1,HKD100,2025-05-01,10.50632
M1,HKD100,2025-06-01,10.16191
M1,HKD100,2025-07-01,10.35541
M1,HKD100,2025-08-01,10.27447
M1,HKD100,2025-09-01,10.23212
M1,HKD100,2025-10-01,10.31709
M1,HKD100,2025-11-01,10.3588
M1,HKD100,2025-12-01,10.19181
M1,HKD100,2026-01-01,9.85912
M1,HKD100,2026-02-01,9.87769
M1,HKD100,2026-03-01,10.20564
M1,HKD100,2026-04-01,10.08067
M1,HKD100,2026-05-01,10.01251
M1,HKD100,2026-06-01,10.32302
M1,HKD100,2026-07-01,10.28296
M1,HUF100,1999-01-01,0.6461
M1,HUF100,1999-02-01,0.6263
M1,HUF100,1999-03-01,0.6302
M1,HUF100,1999-04-01,0.6429
M1,HUF100,1999-05-01,0.6373
M1,HUF100,1999-06-01,0.643
M1,HUF100,1999-07-01,0.629
M1,HUF100,1999-08-01,0.6325
M1,HUF100,1999-09-01,0.6201
M1,HUF100,1999-10-01,0.6274
M1,HUF100,1999-11-01,0.631
M1,HUF100,1999-12-01,0.6328
M1,HUF100,2000-01-01,0.6231
M1,HUF100,2000-02-01,0.6104
M1,HUF100,2000-03-01,0.6159
M1,HUF100,2000-04-01,0.6082
M1,HUF100,2000-05-01,0.6051
M1,HUF100,2000-06-01,0.598
M1,HUF100,2000-07-01,0.5942
M1,HUF100,2000-08-01,0.5919
M1,HUF100,2000-09-01,0.5777
M1,HUF100,2000-10-01,0.5771
M1,HUF100,2000-11-01,0.5674
M1,HUF100,2000-12-01,0.5747
M1,HUF100,2001-01-01,0.5756
M1,HUF100,2001-02-01,0.5782
M1,HUF100,2001-03-01,0.5718
M1,HUF100,2001-04-01,0.5749
M1,HUF100,2001-05-01,0.5992
M1,HUF100,2001-06-01,0.6234
M1,HUF100,2001-07-01,0.6091
M1,HUF100,2001-08-01,0.5964
M1,HUF100,2001-09-01,0.572
M1,HUF100,2001-10-01,0.5746
M1,HUF100,2001-11-01,0.5844
M1,HUF100,2001-12-01,0.5991
M1,HUF100,2002-01-01,0.6048
M1,HUF100,2002-02-01,0.5999
M1,HUF100,2002-03-01,0.6013
M1,HUF100,2002-04-01,0.6001
M1,HUF100,2002-05-01,0.6012
M1,HUF100,2002-06-01,0.601
M1,HUF100,2002-07-01,0.5935
M1,HUF100,2002-08-01,0.5981
M1,HUF100,2002-09-01,0.6009
M1,HUF100,2002-10-01,0.6048
M1,HUF100,2002-11-01,0.6206
M1,HUF100,2002-12-01,0.6153
M1,HUF100,2003-01-01,0.6
M1,HUF100,2003-02-01,0.6004
M1,HUF100,2003-03-01,0.5975
M1,HUF100,2003-04-01,0.6142
M1,HUF100,2003-05-01,0.6141
M1,HUF100,2003-06-01,0.5839
M1,HUF100,2003-07-01,0.5854
M1,HUF100,2003-08-01,0.5968
M1,HUF100,2003-09-01,0.6033
M1,HUF100,2003-10-01,0.5957
M1,HUF100,2003-11-01,0.5854
M1,HUF100,2003-12-01,0.5949
M1,HUF100,2004-01-01,0.588
M1,HUF100,2004-02-01,0.6108
M1,HUF100,2004-03-01,0.6251
M1,HUF100,2004-04-01,0.6148
M1,HUF100,2004-05-01,0.6091
M1,HUF100,2004-06-01,0.6033
M1,HUF100,2004-07-01,0.6193
M1,HUF100,2004-08-01,0.6176
M1,HUF100,2004-09-01,0.6289
M1,HUF100,2004-10-01,0.6199
M1,HUF100,2004-11-01,0.6132
M1,HUF100,2004-12-01,0.6274
M1,HUF100,2005-01-01,0.6311
M1,HUF100,2005-02-01,0.6351
M1,HUF100,2005-03-01,0.6265
M1,HUF100,2005-04-01,0.6085
M1,HUF100,2005-05-01,0.6057
M1,HUF100,2005-06-01,0.6254
M1,HUF100,2005-07-01,0.6365
M1,HUF100,2005-08-01,0.6328
M1,HUF100,2005-09-01,0.6225
M1,HUF100,2005-10-01,0.6156
M1,HUF100,2005-11-01,0.6125
M1,HUF100,2005-12-01,0.6154
M1,HUF100,2006-01-01,0.6161
M1,HUF100,2006-02-01,0.6197
M1,HUF100,2006-03-01,0.5947
M1,HUF100,2006-04-01,0.597
M1,HUF100,2006-05-01,0.5927
M1,HUF100,2006-06-01,0.5539
M1,HUF100,2006-07-01,0.579
M1,HUF100,2006-08-01,0.5726
M1,HUF100,2006-09-01,0.5795
M1,HUF100,2006-10-01,0.605
M1,HUF100,2006-11-01,0.6213
M1,HUF100,2006-12-01,0.6388
M1,HUF100,2007-01-01,0.6296
M1,HUF100,2007-02-01,0.632
M1,HUF100,2007-03-01,0.6555
M1,HUF100,2007-04-01,0.6639
M1,HUF100,2007-05-01,0.657
M1,HUF100,2007-06-01,0.6733
M1,HUF100,2007-07-01,0.6569
M1,HUF100,2007-08-01,0.6472
M1,HUF100,2007-09-01,0.6615
M1,HUF100,2007-10-01,0.6664
M1,HUF100,2007-11-01,0.6501
M1,HUF100,2007-12-01,0.6548
M1,HUF100,2008-01-01,0.618
M1,HUF100,2008-02-01,0.6086
M1,HUF100,2008-03-01,0.6036
M1,HUF100,2008-04-01,0.636
M1,HUF100,2008-05-01,0.676
M1,HUF100,2008-06-01,0.6759
M1,HUF100,2008-07-01,0.706
M1,HUF100,2008-08-01,0.6761
M1,HUF100,2008-09-01,0.6469
M1,HUF100,2008-10-01,0.5582
M1,HUF100,2008-11-01,0.5952
M1,HUF100,2008-12-01,0.5608
M1,HUF100,2009-01-01,0.5057
M1,HUF100,2009-02-01,0.4976
M1,HUF100,2009-03-01,0.4894
M1,HUF100,2009-04-01,0.5241
M1,HUF100,2009-05-01,0.535
M1,HUF100,2009-06-01,0.5583
M1,HUF100,2009-07-01,0.5759
M1,HUF100,2009-08-01,0.5571
M1,HUF100,2009-09-01,0.5577
M1,HUF100,2009-10-01,0.5536
M1,HUF100,2009-11-01,0.553
M1,HUF100,2009-12-01,0.5472
M1,HUF100,2010-01-01,0.5409
M1,HUF100,2010-02-01,0.5405
M1,HUF100,2010-03-01,0.5365
M1,HUF100,2010-04-01,0.5379
M1,HUF100,2010-05-01,0.5168
M1,HUF100,2010-06-01,0.4615
M1,HUF100,2010-07-01,0.4756
M1,HUF100,2010-08-01,0.4505
M1,HUF100,2010-09-01,0.4794
M1,HUF100,2010-10-01,0.4999
M1,HUF100,2010-11-01,0.4567
M1,HUF100,2010-12-01,0.4481
M1,HUF100,2011-01-01,0.4698
M1,HUF100,2011-02-01,0.4702
M1,HUF100,2011-03-01,0.4872
M1,HUF100,2011-04-01,0.4875
M1,HUF100,2011-05-01,0.4598
M1,HUF100,2011-06-01,0.4542
M1,HUF100,2011-07-01,0.4236
M1,HUF100,2011-08-01,0.4317
M1,HUF100,2011-09-01,0.4174
M1,HUF100,2011-10-01,0.4004
M1,HUF100,2011-11-01,0.394
M1,HUF100,2011-12-01,0.3908
M1,HUF100,2012-01-01,0.4108
M1,HUF100,2012-02-01,0.4162
M1,HUF100,2012-03-01,0.4076
M1,HUF100,2012-04-01,0.4202
M1,HUF100,2012-05-01,0.4
M1,HUF100,2012-06-01,0.417
M1,HUF100,2012-07-01,0.4311
M1,HUF100,2012-08-01,0.4237
M1,HUF100,2012-09-01,0.4265
M1,HUF100,2012-10-01,0.4258
M1,HUF100,2012-11-01,0.4306
M1,HUF100,2012-12-01,0.4132
M1,HUF100,2013-01-01,0.4228
M1,HUF100,2013-02-01,0.4119
M1,HUF100,2013-03-01,0.4002
M1,HUF100,2013-04-01,0.4085
M1,HUF100,2013-05-01,0.4189
M1,HUF100,2013-06-01,0.4186
M1,HUF100,2013-07-01,0.4103
M1,HUF100,2013-08-01,0.4098
M1,HUF100,2013-09-01,0.4095
M1,HUF100,2013-10-01,0.4187
M1,HUF100,2013-11-01,0.4095
M1,HUF100,2013-12-01,0.4131
M1,HUF100,2014-01-01,0.3927
M1,HUF100,2014-02-01,0.392
M1,HUF100,2014-03-01,0.3975
M1,HUF100,2014-04-01,0.3963
M1,HUF100,2014-05-01,0.4034
M1,HUF100,2014-06-01,0.3919
M1,HUF100,2014-07-01,0.3899
M1,HUF100,2014-08-01,0.383
M1,HUF100,2014-09-01,0.3889
M1,HUF100,2014-10-01,0.3926
M1,HUF100,2014-11-01,0.391
M1,HUF100,2014-12-01,0.3819
M1,HUF100,2015-01-01,0.3362
M1,HUF100,2015-02-01,0.352
M1,HUF100,2015-03-01,0.3498
M1,HUF100,2015-04-01,0.3464
M1,HUF100,2015-05-01,0.3346
M1,HUF100,2015-06-01,0.3293
M1,HUF100,2015-07-01,0.3412
M1,HUF100,2015-08-01,0.3433
M1,HUF100,2015-09-01,0.349
M1,HUF100,2015-10-01,0.351
M1,HUF100,2015-11-01,0.3502
M1,HUF100,2015-12-01,0.3455
M1,HUF100,2016-01-01,0.356
M1,HUF100,2016-02-01,0.3513
M1,HUF100,2016-03-01,0.3481
M1,HUF100,2016-04-01,0.3516
M1,HUF100,2016-05-01,0.3513
M1,HUF100,2016-06-01,0.3441
M1,HUF100,2016-07-01,0.3474
M1,HUF100,2016-08-01,0.3536
M1,HUF100,2016-09-01,0.3505
M1,HUF100,2016-10-01,0.3507
M1,HUF100,2016-11-01,0.3468
M1,HUF100,2016-12-01,0.3456
M1,HUF100,2017-01-01,0.3427
M1,HUF100,2017-02-01,0.3461
M1,HUF100,2017-03-01,0.3465
M1,HUF100,2017-04-01,0.3474
M1,HUF100,2017-05-01,0.3537
M1,HUF100,2017-06-01,0.3541
M1,HUF100,2017-07-01,0.3734
M1,HUF100,2017-08-01,0.3744
M1,HUF100,2017-09-01,0.368
M1,HUF100,2017-10-01,0.3728
M1,HUF100,2017-11-01,0.3736
M1,HUF100,2017-12-01,0.3771
M1,HUF100,2018-01-01,0.3736
M1,HUF100,2018-02-01,0.3665
M1,HUF100,2018-03-01,0.3764
M1,HUF100,2018-04-01,0.38265
M1,HUF100,2018-05-01,0.36271
M1,HUF100,2018-06-01,0.35208
M1,HUF100,2018-07-01,0.36053
M1,HUF100,2018-08-01,0.3461
M1,HUF100,2018-09-01,0.35052
M1,HUF100,2018-10-01,0.35139
M1,HUF100,2018-11-01,0.35006
M1,HUF100,2018-12-01,0.3509
M1,HUF100,2019-01-01,0.36115
M1,HUF100,2019-02-01,0.35858
M1,HUF100,2019-03-01,0.34814
M1,HUF100,2019-04-01,0.35339
M1,HUF100,2019-05-01,0.34497
M1,HUF100,2019-06-01,0.34281
M1,HUF100,2019-07-01,0.3375
M1,HUF100,2019-08-01,0.32959
M1,HUF100,2019-09-01,0.32445
M1,HUF100,2019-10-01,0.33408
M1,HUF100,2019-11-01,0.3287
M1,HUF100,2019-12-01,0.32858
M1,HUF100,2020-01-01,0.31791
M1,HUF100,2020-02-01,0.31315
M1,HUF100,2020-03-01,0.29492
M1,HUF100,2020-04-01,0.29939
M1,HUF100,2020-05-01,0.30687
M1,HUF100,2020-06-01,0.29941
M1,HUF100,2020-07-01,0.31224
M1,HUF100,2020-08-01,0.30374
M1,HUF100,2020-09-01,0.29629
M1,HUF100,2020-10-01,0.29073
M1,HUF100,2020-11-01,0.30045
M1,HUF100,2020-12-01,0.29637
M1,HUF100,2021-01-01,0.3006
M1,HUF100,2021-02-01,0.30369
M1,HUF100,2021-03-01,0.30423
M1,HUF100,2021-04-01,0.30588
M1,HUF100,2021-05-01,0.31521
M1,HUF100,2021-06-01,0.31184
M1,HUF100,2021-07-01,0.30124
M1,HUF100,2021-08-01,0.31014
M1,HUF100,2021-09-01,0.30086
M1,HUF100,2021-10-01,0.29439
M1,HUF100,2021-11-01,0.28452
M1,HUF100,2021-12-01,0.28017
M1,HUF100,2022-01-01,0.29075
M1,HUF100,2022-02-01,0.27869
M1,HUF100,2022-03-01,0.27851
M1,HUF100,2022-04-01,0.27146
M1,HUF100,2022-05-01,0.26174
M1,HUF100,2022-06-01,0.2515
M1,HUF100,2022-07-01,0.24091
M1,HUF100,2022-08-01,0.24096
M1,HUF100,2022-09-01,0.22786
M1,HUF100,2022-10-01,0.24174
M1,HUF100,2022-11-01,0.24154
M1,HUF100,2022-12-01,0.24582
M1,HUF100,2023-01-01,0.25808
M1,HUF100,2023-02-01,0.26187
M1,HUF100,2023-03-01,0.26182
M1,HUF100,2023-04-01,0.26396
M1,HUF100,2023-05-01,0.26193
M1,HUF100,2023-06-01,0.26313
M1,HUF100,2023-07-01,0.2494
M1,HUF100,2023-08-01,0.25214
M1,HUF100,2023-09-01,0.24669
M1,HUF100,2023-10-01,0.25145
M1,HUF100,2023-11-01,0.25181
M1,HUF100,2023-12-01,0.24245
M1,HUF100,2024-01-01,0.24259
M1,HUF100,2024-02-01,0.24183
M1,HUF100,2024-03-01,0.24675
M1,HUF100,2024-04-01,0.25003
M1,HUF100,2024-05-01,0.25204
M1,HUF100,2024-06-01,0.24356
M1,HUF100,2024-07-01,0.24105
M1,HUF100,2024-08-01,0.23944
M1,HUF100,2024-09-01,0.23766
M1,HUF100,2024-10-01,0.23022
M1,HUF100,2024-11-01,0.22533
M1,HUF100,2024-12-01,0.22966
M1,HUF100,2025-01-01,0.23181
M1,HUF100,2025-02-01,0.23411
M1,HUF100,2025-03-01,0.23727
M1,HUF100,2025-04-01,0.23206
M1,HUF100,2025-05-01,0.23098
M1,HUF100,2025-06-01,0.23431
M1,HUF100,2025-07-01,0.23277
M1,HUF100,2025-08-01,0.2355
M1,HUF100,2025-09-01,0.23946
M1,HUF100,2025-10-01,0.23907
M1,HUF100,2025-11-01,0.24468
M1,HUF100,2025-12-01,0.24175
M1,HUF100,2026-01-01,0.23994
M1,HUF100,2026-02-01,0.24263
M1,HUF100,2026-03-01,0.23785
M1,HUF100,2026-04-01,0.25191
M1,HUF100,2026-05-01,0.25727
M1,HUF100,2026-06-01,0.25974
M1,HUF100,2026-07-01,0.25598
M1,JPY100,1972-01-01,1.2476
M1,JPY100,1972-02-01,1.2758
M1,JPY100,1972-03-01,1.268
M1,JPY100,1972-04-01,1.2692
M1,JPY100,1972-05-01,1.2612
M1,JPY100,1972-07-01,1.2531
M1,JPY100,1972-08-01,1.2549
M1,JPY100,1972-09-01,1.2621
M1,JPY100,1972-10-01,1.261
M1,JPY100,1972-11-01,1.2541
M1,JPY100,1972-12-01,1.2525
M1,JPY100,1973-01-01,1.203
M1,JPY100,1973-02-01,1.163
M1,JPY100,1973-03-01,1.217
M1,JPY100,1973-04-01,1.2205
M1,JPY100,1973-05-01,1.1687
M1,JPY100,1973-06-01,1.1155
M1,JPY100,1973-07-01,1.0881
M1,JPY100,1973-08-01,1.1415
M1,JPY100,1973-09-01,1.138
M1,JPY100,1973-10-01,1.1595
M1,JPY100,1973-11-01,1.1435
M1,JPY100,1973-12-01,1.159
M1,JPY100,1974-01-01,1.1
M1,JPY100,1974-02-01,1.083
M1,JPY100,1974-03-01,1.09
M1,JPY100,1974-04-01,1.04
M1,JPY100,1974-05-01,1.055
M1,JPY100,1974-06-01,1.05
M1,JPY100,1974-07-01,0.9975
M1,JPY100,1974-08-01,0.9925
M1,JPY100,1974-09-01,0.985
M1,JPY100,1974-10-01,0.957
M1,JPY100,1974-11-01,0.9045
M1,JPY100,1974-12-01,0.844
M1,JPY100,1975-01-01,0.837
M1,JPY100,1975-02-01,0.8345
M1,JPY100,1975-03-01,0.8665
M1,JPY100,1975-04-01,0.8735
M1,JPY100,1975-05-01,0.861
M1,JPY100,1975-06-01,0.8465
M1,JPY100,1975-07-01,0.912
M1,JPY100,1975-08-01,0.8995
M1,JPY100,1975-09-01,0.9075
M1,JPY100,1975-10-01,0.8695
M1,JPY100,1975-11-01,0.8835
M1,JPY100,1975-12-01,0.858
M1,JPY100,1976-01-01,0.856
M1,JPY100,1976-02-01,0.8475
M1,JPY100,1976-03-01,0.8455
M1,JPY100,1976-04-01,0.8395
M1,JPY100,1976-05-01,0.8115
M1,JPY100,1976-06-01,0.8305
M1,JPY100,1976-07-01,0.8455
M1,JPY100,1976-08-01,0.858
M1,JPY100,1976-09-01,0.854
M1,JPY100,1976-10-01,0.828
M1,JPY100,1976-11-01,0.824
M1,JPY100,1976-12-01,0.8355
M1,JPY100,1977-01-01,0.873
M1,JPY100,1977-02-01,0.9005
M1,JPY100,1977-03-01,0.9155
M1,JPY100,1977-04-01,0.9095
M1,JPY100,1977-05-01,0.903
M1,JPY100,1977-06-01,0.921
M1,JPY100,1977-07-01,0.9015
M1,JPY100,1977-08-01,0.8945
M1,JPY100,1977-09-01,0.8875
M1,JPY100,1977-10-01,0.8925
M1,JPY100,1977-11-01,0.8845
M1,JPY100,1977-12-01,0.8335
M1,JPY100,1978-01-01,0.8195
M1,JPY100,1978-02-01,0.7845
M1,JPY100,1978-03-01,0.838
M1,JPY100,1978-04-01,0.864
M1,JPY100,1978-05-01,0.856
M1,JPY100,1978-06-01,0.9075
M1,JPY100,1978-07-01,0.9165
M1,JPY100,1978-08-01,0.864
M1,JPY100,1978-09-01,0.8155
M1,JPY100,1978-10-01,0.8315
M1,JPY100,1978-11-01,0.87
M1,JPY100,1978-12-01,0.832
M1,JPY100,1979-01-01,0.838
M1,JPY100,1979-02-01,0.823
M1,JPY100,1979-03-01,0.8065
M1,JPY100,1979-04-01,0.7755
M1,JPY100,1979-05-01,0.7825
M1,JPY100,1979-06-01,0.7645
M1,JPY100,1979-07-01,0.76
M1,JPY100,1979-08-01,0.7515
M1,JPY100,1979-09-01,0.695
M1,JPY100,1979-10-01,0.6965
M1,JPY100,1979-11-01,0.647
M1,JPY100,1979-12-01,0.6595
M1,JPY100,1980-01-01,0.6795
M1,JPY100,1980-02-01,0.674
M1,JPY100,1980-03-01,0.7335
M1,JPY100,1980-04-01,0.6995
M1,JPY100,1980-05-01,0.74
M1,JPY100,1980-06-01,0.744
M1,JPY100,1980-07-01,0.725
M1,JPY100,1980-08-01,0.752
M1,JPY100,1980-09-01,0.779
M1,JPY100,1980-10-01,0.8115
M1,JPY100,1980-11-01,0.803
M1,JPY100,1980-12-01,0.8685
M1,JPY100,1981-01-01,0.9295
M1,JPY100,1981-02-01,0.942
M1,JPY100,1981-03-01,0.9055
M1,JPY100,1981-04-01,0.942
M1,JPY100,1981-05-01,0.923
M1,JPY100,1981-06-01,0.898
M1,JPY100,1981-07-01,0.89
M1,JPY100,1981-08-01,0.9255
M1,JPY100,1981-09-01,0.8505
M1,JPY100,1981-10-01,0.792
M1,JPY100,1981-11-01,0.824
M1,JPY100,1981-12-01,0.8165
M1,JPY100,1982-01-01,0.807
M1,JPY100,1982-02-01,0.795
M1,JPY100,1982-03-01,0.7815
M1,JPY100,1982-04-01,0.828
M1,JPY100,1982-05-01,0.8175
M1,JPY100,1982-06-01,0.821
M1,JPY100,1982-07-01,0.8165
M1,JPY100,1982-08-01,0.8195
M1,JPY100,1982-09-01,0.8075
M1,JPY100,1982-10-01,0.7955
M1,JPY100,1982-11-01,0.8465
M1,JPY100,1982-12-01,0.848
M1,JPY100,1983-01-01,0.84
M1,JPY100,1983-02-01,0.865
M1,JPY100,1983-03-01,0.8695
M1,JPY100,1983-04-01,0.8675
M1,JPY100,1983-05-01,0.877
M1,JPY100,1983-06-01,0.878
M1,JPY100,1983-07-01,0.8795
M1,JPY100,1983-08-01,0.888
M1,JPY100,1983-09-01,0.901
M1,JPY100,1983-10-01,0.914
M1,JPY100,1983-11-01,0.9275
M1,JPY100,1983-12-01,0.939
M1,JPY100,1984-01-01,0.9555
M1,JPY100,1984-02-01,0.9272
M1,JPY100,1984-03-01,0.9573
M1,JPY100,1984-04-01,0.9894
M1,JPY100,1984-05-01,0.9753
M1,JPY100,1984-06-01,0.9835
M1,JPY100,1984-07-01,1.0033
M1,JPY100,1984-08-01,0.9947
M1,JPY100,1984-09-01,1.0175
M1,JPY100,1984-10-01,1.0145
M1,JPY100,1984-11-01,1.0303
M1,JPY100,1984-12-01,1.0369
M1,JPY100,1985-01-01,1.0506
M1,JPY100,1985-02-01,1.0914
M1,JPY100,1985-03-01,1.0306
M1,JPY100,1985-04-01,1.0249
M1,JPY100,1985-05-01,1.035
M1,JPY100,1985-06-01,1.0255
M1,JPY100,1985-07-01,0.9654
M1,JPY100,1985-08-01,0.9626
M1,JPY100,1985-09-01,1.009
M1,JPY100,1985-10-01,1.0147
M1,JPY100,1985-11-01,1.0302
M1,JPY100,1985-12-01,1.0323
M1,JPY100,1986-01-01,1.0476
M1,JPY100,1986-02-01,1.0399
M1,JPY100,1986-03-01,1.082
M1,JPY100,1986-04-01,1.0849
M1,JPY100,1986-05-01,1.1029
M1,JPY100,1986-06-01,1.0938
M1,JPY100,1986-07-01,1.0926
M1,JPY100,1986-08-01,1.0611
M1,JPY100,1986-09-01,1.067
M1,JPY100,1986-10-01,1.0523
M1,JPY100,1986-11-01,1.0154
M1,JPY100,1986-12-01,1.0146
M1,JPY100,1987-01-01,0.9894
M1,JPY100,1987-02-01,1.0032
M1,JPY100,1987-03-01,1.0322
M1,JPY100,1987-04-01,1.048
M1,JPY100,1987-05-01,1.0499
M1,JPY100,1987-06-01,1.0336
M1,JPY100,1987-07-01,1.0295
M1,JPY100,1987-08-01,1.0504
M1,JPY100,1987-09-01,1.0455
M1,JPY100,1987-10-01,1.0356
M1,JPY100,1987-11-01,1.0155
M1,JPY100,1987-12-01,1.051
M1,JPY100,1988-01-01,1.0669
M1,JPY100,1988-02-01,1.0819
M1,JPY100,1988-03-01,1.1004
M1,JPY100,1988-04-01,1.1118
M1,JPY100,1988-05-01,1.1512
M1,JPY100,1988-06-01,1.1344
M1,JPY100,1988-07-01,1.1753
M1,JPY100,1988-08-01,1.159
M1,JPY100,1988-09-01,1.1822
M1,JPY100,1988-10-01,1.1917
M1,JPY100,1988-11-01,1.1902
M1,JPY100,1988-12-01,1.2013
M1,JPY100,1989-01-01,1.224
M1,JPY100,1989-02-01,1.2251
M1,JPY100,1989-03-01,1.2495
M1,JPY100,1989-04-01,1.2529
M1,JPY100,1989-05-01,1.2116
M1,JPY100,1989-06-01,1.1616
M1,JPY100,1989-07-01,1.1686
M1,JPY100,1989-08-01,1.1687
M1,JPY100,1989-09-01,1.161
M1,JPY100,1989-10-01,1.132
M1,JPY100,1989-11-01,1.1155
M1,JPY100,1989-12-01,1.0768
M1,JPY100,1990-01-01,1.0321
M1,JPY100,1990-02-01,1.0008
M1,JPY100,1990-03-01,0.95
M1,JPY100,1990-04-01,0.9161
M1,JPY100,1990-05-01,0.9358
M1,JPY100,1990-06-01,0.9285
M1,JPY100,1990-07-01,0.9248
M1,JPY100,1990-08-01,0.8977
M1,JPY100,1990-09-01,0.9401
M1,JPY100,1990-10-01,0.9919
M1,JPY100,1990-11-01,0.9635
M1,JPY100,1990-12-01,0.9536
M1,JPY100,1991-01-01,0.9605
M1,JPY100,1991-02-01,0.9911
M1,JPY100,1991-03-01,1.0409
M1,JPY100,1991-04-01,1.0692
M1,JPY100,1991-05-01,1.0635
M1,JPY100,1991-06-01,1.1271
M1,JPY100,1991-07-01,1.1067
M1,JPY100,1991-08-01,1.1124
M1,JPY100,1991-09-01,1.0907
M1,JPY100,1991-10-01,1.1245
M1,JPY100,1991-11-01,1.106
M1,JPY100,1991-12-01,1.0815
M1,JPY100,1992-01-01,1.1405
M1,JPY100,1992-02-01,1.146
M1,JPY100,1992-03-01,1.1283
M1,JPY100,1992-04-01,1.1394
M1,JPY100,1992-05-01,1.1375
M1,JPY100,1992-06-01,1.0942
M1,JPY100,1992-07-01,1.0353
M1,JPY100,1992-08-01,1.0212
M1,JPY100,1992-09-01,1.0309
M1,JPY100,1992-10-01,1.1104
M1,JPY100,1992-11-01,1.1603
M1,JPY100,1992-12-01,1.1664
M1,JPY100,1993-01-01,1.1765
M1,JPY100,1993-02-01,1.2887
M1,JPY100,1993-03-01,1.2923
M1,JPY100,1993-04-01,1.2799
M1,JPY100,1993-05-01,1.3351
M1,JPY100,1993-06-01,1.4066
M1,JPY100,1993-07-01,1.4565
M1,JPY100,1993-08-01,1.4091
M1,JPY100,1993-09-01,1.347
M1,JPY100,1993-10-01,1.3651
M1,JPY100,1993-11-01,1.3672
M1,JPY100,1993-12-01,1.3242
M1,JPY100,1994-01-01,1.3396
M1,JPY100,1994-02-01,1.3699
M1,JPY100,1994-03-01,1.3773
M1,JPY100,1994-04-01,1.3956
M1,JPY100,1994-05-01,1.3365
M1,JPY100,1994-06-01,1.3536
M1,JPY100,1994-07-01,1.3495
M1,JPY100,1994-08-01,1.3304
M1,JPY100,1994-09-01,1.3031
M1,JPY100,1994-10-01,1.2945
M1,JPY100,1994-11-01,1.3439
M1,JPY100,1994-12-01,1.3151
M1,JPY100,1995-01-01,1.2826
M1,JPY100,1995-02-01,1.2814
M1,JPY100,1995-03-01,1.3053
M1,JPY100,1995-04-01,1.351
M1,JPY100,1995-05-01,1.3791
M1,JPY100,1995-06-01,1.3566
M1,JPY100,1995-07-01,1.3011
M1,JPY100,1995-08-01,1.2359
M1,JPY100,1995-09-01,1.1597
M1,JPY100,1995-10-01,1.1159
M1,JPY100,1995-11-01,1.1444
M1,JPY100,1995-12-01,1.1177
M1,JPY100,1996-01-01,1.1353
M1,JPY100,1996-02-01,1.1423
M1,JPY100,1996-03-01,1.117
M1,JPY100,1996-04-01,1.1848
M1,JPY100,1996-05-01,1.1603
M1,JPY100,1996-06-01,1.1394
M1,JPY100,1996-07-01,1.1096
M1,JPY100,1996-08-01,1.106
M1,JPY100,1996-09-01,1.1277
M1,JPY100,1996-10-01,1.1074
M1,JPY100,1996-11-01,1.1413
M1,JPY100,1996-12-01,1.1611
M1,JPY100,1997-01-01,1.1683
M1,JPY100,1997-02-01,1.2236
M1,JPY100,1997-03-01,1.1784
M1,JPY100,1997-04-01,1.1549
M1,JPY100,1997-05-01,1.2127
M1,JPY100,1997-06-01,1.2711
M1,JPY100,1997-07-01,1.2806
M1,JPY100,1997-08-01,1.2432
M1,JPY100,1997-09-01,1.2
M1,JPY100,1997-10-01,1.1711
M1,JPY100,1997-11-01,1.1147
M1,JPY100,1997-12-01,1.1196
M1,JPY100,1998-01-01,1.1588
M1,JPY100,1998-02-01,1.1601
M1,JPY100,1998-03-01,1.1411
M1,JPY100,1998-04-01,1.1328
M1,JPY100,1998-05-01,1.0671
M1,JPY100,1998-06-01,1.0887
M1,JPY100,1998-07-01,1.0357
M1,JPY100,1998-08-01,1.0243
M1,JPY100,1998-09-01,1.0214
M1,JPY100,1998-10-01,1.1558
M1,JPY100,1998-11-01,1.1377
M1,JPY100,1998-12-01,1.211
M1,JPY100,1999-01-01,1.2161
M1,JPY100,1999-02-01,1.1967
M1,JPY100,1999-03-01,1.2415
M1,JPY100,1999-04-01,1.2714
M1,JPY100,1999-05-01,1.2545
M1,JPY100,1999-06-01,1.2798
M1,JPY100,1999-07-01,1.293
M1,JPY100,1999-08-01,1.3792
M1,JPY100,1999-09-01,1.4135
M1,JPY100,1999-10-01,1.4524
M1,JPY100,1999-11-01,1.5576
M1,JPY100,1999-12-01,1.5653
M1,JPY100,2000-01-01,1.5362
M1,JPY100,2000-02-01,1.4931
M1,JPY100,2000-03-01,1.5816
M1,JPY100,2000-04-01,1.6239
M1,JPY100,2000-05-01,1.5719
M1,JPY100,2000-06-01,1.5406
M1,JPY100,2000-07-01,1.5298
M1,JPY100,2000-08-01,1.6273
M1,JPY100,2000-09-01,1.6053
M1,JPY100,2000-10-01,1.6596
M1,JPY100,2000-11-01,1.5653
M1,JPY100,2000-12-01,1.4242
M1,JPY100,2001-01-01,1.4139
M1,JPY100,2001-02-01,1.4297
M1,JPY100,2001-03-01,1.3795
M1,JPY100,2001-04-01,1.3941
M1,JPY100,2001-05-01,1.5101
M1,JPY100,2001-06-01,1.4438
M1,JPY100,2001-07-01,1.383
M1,JPY100,2001-08-01,1.3918
M1,JPY100,2001-09-01,1.3528
M1,JPY100,2001-10-01,1.3323
M1,JPY100,2001-11-01,1.3406
M1,JPY100,2001-12-01,1.2774
M1,JPY100,2002-01-01,1.2845
M1,JPY100,2002-02-01,1.2742
M1,JPY100,2002-03-01,1.2676
M1,JPY100,2002-04-01,1.2661
M1,JPY100,2002-05-01,1.2611
M1,JPY100,2002-06-01,1.245
M1,JPY100,2002-07-01,1.2425
M1,JPY100,2002-08-01,1.2641
M1,JPY100,2002-09-01,1.2226
M1,JPY100,2002-10-01,1.2091
M1,JPY100,2002-11-01,1.213
M1,JPY100,2002-12-01,1.169
M1,JPY100,2003-01-01,1.1387
M1,JPY100,2003-02-01,1.1554
M1,JPY100,2003-03-01,1.1428
M1,JPY100,2003-04-01,1.1375
M1,JPY100,2003-05-01,1.0886
M1,JPY100,2003-06-01,1.1318
M1,JPY100,2003-07-01,1.1369
M1,JPY100,2003-08-01,1.2037
M1,JPY100,2003-09-01,1.1947
M1,JPY100,2003-10-01,1.2199
M1,JPY100,2003-11-01,1.1841
M1,JPY100,2003-12-01,1.1554
M1,JPY100,2004-01-01,1.1929
M1,JPY100,2004-02-01,1.1632
M1,JPY100,2004-03-01,1.2292
M1,JPY100,2004-04-01,1.1759
M1,JPY100,2004-05-01,1.1269
M1,JPY100,2004-06-01,1.1587
M1,JPY100,2004-07-01,1.1466
M1,JPY100,2004-08-01,1.1624
M1,JPY100,2004-09-01,1.1359
M1,JPY100,2004-10-01,1.1296
M1,JPY100,2004-11-01,1.108
M1,JPY100,2004-12-01,1.1033
M1,JPY100,2005-01-01,1.1485
M1,JPY100,2005-02-01,1.1121
M1,JPY100,2005-03-01,1.1185
M1,JPY100,2005-04-01,1.126
M1,JPY100,2005-05-01,1.1527
M1,JPY100,2005-06-01,1.1614
M1,JPY100,2005-07-01,1.1485
M1,JPY100,2005-08-01,1.139
M1,JPY100,2005-09-01,1.142
M1,JPY100,2005-10-01,1.1056
M1,JPY100,2005-11-01,1.0986
M1,JPY100,2005-12-01,1.1195
M1,JPY100,2006-01-01,1.0962
M1,JPY100,2006-02-01,1.1338
M1,JPY100,2006-03-01,1.1089
M1,JPY100,2006-04-01,1.0982
M1,JPY100,2006-05-01,1.0818
M1,JPY100,2006-06-01,1.074
M1,JPY100,2006-07-01,1.0777
M1,JPY100,2006-08-01,1.0458
M1,JPY100,2006-09-01,1.0606
M1,JPY100,2006-10-01,1.0628
M1,JPY100,2006-11-01,1.0379
M1,JPY100,2006-12-01,1.0251
M1,JPY100,2007-01-01,1.0343
M1,JPY100,2007-02-01,1.0326
M1,JPY100,2007-03-01,1.0333
M1,JPY100,2007-04-01,1.0104
M1,JPY100,2007-05-01,1.007
M1,JPY100,2007-06-01,0.9976
M1,JPY100,2007-07-01,1.0109
M1,JPY100,2007-08-01,1.037
M1,JPY100,2007-09-01,1.0151
M1,JPY100,2007-10-01,1.006
M1,JPY100,2007-11-01,1.0166
M1,JPY100,2007-12-01,1.0046
M1,JPY100,2008-01-01,1.0166
M1,JPY100,2008-02-01,1.004
M1,JPY100,2008-03-01,1
M1,JPY100,2008-04-01,0.9961
M1,JPY100,2008-05-01,0.9965
M1,JPY100,2008-06-01,0.9652
M1,JPY100,2008-07-01,0.9678
M1,JPY100,2008-08-01,1.0075
M1,JPY100,2008-09-01,1.0482
M1,JPY100,2008-10-01,1.1853
M1,JPY100,2008-11-01,1.2619
M1,JPY100,2008-12-01,1.1698
M1,JPY100,2009-01-01,1.291
M1,JPY100,2009-02-01,1.2042
M1,JPY100,2009-03-01,1.1618
M1,JPY100,2009-04-01,1.1575
M1,JPY100,2009-05-01,1.121
M1,JPY100,2009-06-01,1.1326
M1,JPY100,2009-07-01,1.1374
M1,JPY100,2009-08-01,1.1431
M1,JPY100,2009-09-01,1.1521
M1,JPY100,2009-10-01,1.1194
M1,JPY100,2009-11-01,1.1629
M1,JPY100,2009-12-01,1.1153
M1,JPY100,2010-01-01,1.1634
M1,JPY100,2010-02-01,1.2072
M1,JPY100,2010-03-01,1.1413
M1,JPY100,2010-04-01,1.1455
M1,JPY100,2010-05-01,1.2641
M1,JPY100,2010-06-01,1.2194
M1,JPY100,2010-07-01,1.2028
M1,JPY100,2010-08-01,1.21
M1,JPY100,2010-09-01,1.173
M1,JPY100,2010-10-01,1.2257
M1,JPY100,2010-11-01,1.1877
M1,JPY100,2010-12-01,1.1503
M1,JPY100,2011-01-01,1.1467
M1,JPY100,2011-02-01,1.1324
M1,JPY100,2011-03-01,1.1059
M1,JPY100,2011-04-01,1.0664
M1,JPY100,2011-05-01,1.0422
M1,JPY100,2011-06-01,1.0371
M1,JPY100,2011-07-01,1.0334
M1,JPY100,2011-08-01,1.0605
M1,JPY100,2011-09-01,1.1721
M1,JPY100,2011-10-01,1.1173
M1,JPY100,2011-11-01,1.1822
M1,JPY100,2011-12-01,1.2132
M1,JPY100,2012-01-01,1.198
M1,JPY100,2012-02-01,1.111
M1,JPY100,2012-03-01,1.0984
M1,JPY100,2012-04-01,1.1318
M1,JPY100,2012-05-01,1.2271
M1,JPY100,2012-06-01,1.2012
M1,JPY100,2012-07-01,1.2512
M1,JPY100,2012-08-01,1.2187
M1,JPY100,2012-09-01,1.2043
M1,JPY100,2012-10-01,1.1642
M1,JPY100,2012-11-01,1.1213
M1,JPY100,2012-12-01,1.0631
M1,JPY100,2013-01-01,1.0012
M1,JPY100,2013-02-01,1.01
M1,JPY100,2013-03-01,1.0094
M1,JPY100,2013-04-01,0.9607
M1,JPY100,2013-05-01,0.9499
M1,JPY100,2013-06-01,0.9549
M1,JPY100,2013-07-01,0.948
M1,JPY100,2013-08-01,0.9482
M1,JPY100,2013-09-01,0.9247
M1,JPY100,2013-10-01,0.9164
M1,JPY100,2013-11-01,0.884
M1,JPY100,2013-12-01,0.8482
M1,JPY100,2014-01-01,0.8806
M1,JPY100,2014-02-01,0.8709
M1,JPY100,2014-03-01,0.8605
M1,JPY100,2014-04-01,0.86240000000000006
M1,JPY100,2014-05-01,0.8824
M1,JPY100,2014-06-01,0.8777
M1,JPY100,2014-07-01,0.8836
M1,JPY100,2014-08-01,0.8807
M1,JPY100,2014-09-01,0.8699
M1,JPY100,2014-10-01,0.8588
M1,JPY100,2014-11-01,0.817
M1,JPY100,2014-12-01,0.827
M1,JPY100,2015-01-01,0.7857
M1,JPY100,2015-02-01,0.7956
M1,JPY100,2015-03-01,0.8112
M1,JPY100,2015-04-01,0.7871
M1,JPY100,2015-05-01,0.7625
M1,JPY100,2015-06-01,0.7634
M1,JPY100,2015-07-01,0.7756
M1,JPY100,2015-08-01,0.7945
M1,JPY100,2015-09-01,0.8093
M1,JPY100,2015-10-01,0.8194
M1,JPY100,2015-11-01,0.8375
M1,JPY100,2015-12-01,0.8226
M1,JPY100,2016-01-01,0.8431
M1,JPY100,2016-02-01,0.8859
M1,JPY100,2016-03-01,0.8572
M1,JPY100,2016-04-01,0.8995
M1,JPY100,2016-05-01,0.8934
M1,JPY100,2016-06-01,0.9516
M1,JPY100,2016-07-01,0.9419
M1,JPY100,2016-08-01,0.9532
M1,JPY100,2016-09-01,0.9588
M1,JPY100,2016-10-01,0.9413
M1,JPY100,2016-11-01,0.8967
M1,JPY100,2016-12-01,0.8685
M1,JPY100,2017-01-01,0.8744
M1,JPY100,2017-02-01,0.8948
M1,JPY100,2017-03-01,0.8938
M1,JPY100,2017-04-01,0.8929
M1,JPY100,2017-05-01,0.8786
M1,JPY100,2017-06-01,0.8567
M1,JPY100,2017-07-01,0.8767
M1,JPY100,2017-08-01,0.8717
M1,JPY100,2017-09-01,0.8625
M1,JPY100,2017-10-01,0.8811
M1,JPY100,2017-11-01,0.8786
M1,JPY100,2017-12-01,0.8666
M1,JPY100,2018-01-01,0.857
M1,JPY100,2018-02-01,0.8804
M1,JPY100,2018-03-01,0.8977
M1,JPY100,2018-04-01,0.90527
M1,JPY100,2018-05-01,0.90618
M1,JPY100,2018-06-01,0.89696
M1,JPY100,2018-07-01,0.88552
M1,JPY100,2018-08-01,0.87366
M1,JPY100,2018-09-01,0.86109
M1,JPY100,2018-10-01,0.88911
M1,JPY100,2018-11-01,0.87765
M1,JPY100,2018-12-01,0.89419
M1,JPY100,2019-01-01,0.9147
M1,JPY100,2019-02-01,0.89891
M1,JPY100,2019-03-01,0.89896
M1,JPY100,2019-04-01,0.91421
M1,JPY100,2019-05-01,0.92403
M1,JPY100,2019-06-01,0.90474
M1,JPY100,2019-07-01,0.9124
M1,JPY100,2019-08-01,0.92905
M1,JPY100,2019-09-01,0.92043
M1,JPY100,2019-10-01,0.91118
M1,JPY100,2019-11-01,0.91246
M1,JPY100,2019-12-01,0.89162
M1,JPY100,2020-01-01,0.89042
M1,JPY100,2020-02-01,0.88677
M1,JPY100,2020-03-01,0.88853
M1,JPY100,2020-04-01,0.9103
M1,JPY100,2020-05-01,0.89678
M1,JPY100,2020-06-01,0.88383
M1,JPY100,2020-07-01,0.86714
M1,JPY100,2020-08-01,0.85291
M1,JPY100,2020-09-01,0.8736
M1,JPY100,2020-10-01,0.87713
M1,JPY100,2020-11-01,0.86803
M1,JPY100,2020-12-01,0.85537
M1,JPY100,2021-01-01,0.84819
M1,JPY100,2021-02-01,0.84965
M1,JPY100,2021-03-01,0.85217
M1,JPY100,2021-04-01,0.83509
M1,JPY100,2021-05-01,0.82048
M1,JPY100,2021-06-01,0.83551
M1,JPY100,2021-07-01,0.82654
M1,JPY100,2021-08-01,0.83204
M1,JPY100,2021-09-01,0.83486
M1,JPY100,2021-10-01,0.80179
M1,JPY100,2021-11-01,0.81365
M1,JPY100,2021-12-01,0.79293
M1,JPY100,2022-01-01,0.80732
M1,JPY100,2022-02-01,0.79845
M1,JPY100,2022-03-01,0.75705
M1,JPY100,2022-04-01,0.74457
M1,JPY100,2022-05-01,0.7514
M1,JPY100,2022-06-01,0.70156
M1,JPY100,2022-07-01,0.71603000000000006
M1,JPY100,2022-08-01,0.70498
M1,JPY100,2022-09-01,0.67672
M1,JPY100,2022-10-01,0.67322
M1,JPY100,2022-11-01,0.68489
M1,JPY100,2022-12-01,0.69925
M1,JPY100,2023-01-01,0.71073
M1,JPY100,2023-02-01,0.68589
M1,JPY100,2023-03-01,0.68646
M1,JPY100,2023-04-01,0.66045
M1,JPY100,2023-05-01,0.65141
M1,JPY100,2023-06-01,0.6229
M1,JPY100,2023-07-01,0.61125
M1,JPY100,2023-08-01,0.60362
M1,JPY100,2023-09-01,0.6103
M1,JPY100,2023-10-01,0.59857
M1,JPY100,2023-11-01,0.5934
M1,JPY100,2023-12-01,0.59208
M1,JPY100,2024-01-01,0.58395
M1,JPY100,2024-02-01,0.58636
M1,JPY100,2024-03-01,0.59827
M1,JPY100,2024-04-01,0.58149
M1,JPY100,2024-05-01,0.57594
M1,JPY100,2024-06-01,0.55913
M1,JPY100,2024-07-01,0.58416
M1,JPY100,2024-08-01,0.58485
M1,JPY100,2024-09-01,0.59162
M1,JPY100,2024-10-01,0.56743
M1,JPY100,2024-11-01,0.58664
M1,JPY100,2024-12-01,0.57705
M1,JPY100,2025-01-01,0.58883
M1,JPY100,2025-02-01,0.60023
M1,JPY100,2025-03-01,0.59103000000000006
M1,JPY100,2025-04-01,0.57775
M1,JPY100,2025-05-01,0.57208
M1,JPY100,2025-06-01,0.5535
M1,JPY100,2025-07-01,0.54316
M1,JPY100,2025-08-01,0.5449
M1,JPY100,2025-09-01,0.53841
M1,JPY100,2025-10-01,0.52008
M1,JPY100,2025-11-01,0.51582
M1,JPY100,2025-12-01,0.50646
M1,JPY100,2026-01-01,0.49908
M1,JPY100,2026-02-01,0.49519
M1,JPY100,2026-03-01,0.50128
M1,JPY100,2026-04-01,0.49513
M1,JPY100,2026-05-01,0.49247
M1,JPY100,2026-06-01,0.49864000000000003
M1,JPY100,2026-07-01,0.50693
M1,KRW100,1999-01-01,0.1206
M1,KRW100,1999-02-01,0.118
M1,KRW100,1999-03-01,0.1213
M1,KRW100,1999-04-01,0.128
M1,KRW100,1999-05-01,0.1284
M1,KRW100,1999-06-01,0.1339
M1,KRW100,1999-07-01,0.1238
M1,KRW100,1999-08-01,0.1287
M1,KRW100,1999-09-01,0.123
M1,KRW100,1999-10-01,0.1271
M1,KRW100,1999-11-01,0.137
M1,KRW100,1999-12-01,0.1411
M1,KRW100,2000-01-01,0.1461
M1,KRW100,2000-02-01,0.1453
M1,KRW100,2000-03-01,0.1503
M1,KRW100,2000-04-01,0.1559
M1,KRW100,2000-05-01,0.1493
M1,KRW100,2000-06-01,0.1457
M1,KRW100,2000-07-01,0.15
M1,KRW100,2000-08-01,0.1562
M1,KRW100,2000-09-01,0.1551
M1,KRW100,2000-10-01,0.1586
M1,KRW100,2000-11-01,0.1426
M1,KRW100,2000-12-01,0.1292
M1,KRW100,2001-01-01,0.1304
M1,KRW100,2001-02-01,0.1334
M1,KRW100,2001-03-01,0.1302
M1,KRW100,2001-04-01,0.1303
M1,KRW100,2001-05-01,0.14
M1,KRW100,2001-06-01,0.1379
M1,KRW100,2001-07-01,0.1322
M1,KRW100,2001-08-01,0.1286
M1,KRW100,2001-09-01,0.1232
M1,KRW100,2001-10-01,0.1252
M1,KRW100,2001-11-01,0.1309
M1,KRW100,2001-12-01,0.1268
M1,KRW100,2002-01-01,0.1303
M1,KRW100,2002-02-01,0.1288
M1,KRW100,2002-03-01,0.1266
M1,KRW100,2002-04-01,0.1253
M1,KRW100,2002-05-01,0.1277
M1,KRW100,2002-06-01,0.1234
M1,KRW100,2002-07-01,0.1251
M1,KRW100,2002-08-01,0.1241
M1,KRW100,2002-09-01,0.1212
M1,KRW100,2002-10-01,0.1213
M1,KRW100,2002-11-01,0.123
M1,KRW100,2002-12-01,0.1169
M1,KRW100,2003-01-01,0.1164
M1,KRW100,2003-02-01,0.114
M1,KRW100,2003-03-01,0.1082
M1,KRW100,2003-04-01,0.1119
M1,KRW100,2003-05-01,0.1071
M1,KRW100,2003-06-01,0.1136
M1,KRW100,2003-07-01,0.1158
M1,KRW100,2003-08-01,0.1196
M1,KRW100,2003-09-01,0.1147
M1,KRW100,2003-10-01,0.1125
M1,KRW100,2003-11-01,0.1076
M1,KRW100,2003-12-01,0.1036
M1,KRW100,2004-01-01,0.1076
M1,KRW100,2004-02-01,0.10780000000000001
M1,KRW100,2004-03-01,0.1111
M1,KRW100,2004-04-01,0.1106
M1,KRW100,2004-05-01,0.1069
M1,KRW100,2004-06-01,0.1091
M1,KRW100,2004-07-01,0.1091
M1,KRW100,2004-08-01,0.1109
M1,KRW100,2004-09-01,0.1094
M1,KRW100,2004-10-01,0.1069
M1,KRW100,2004-11-01,0.1089
M1,KRW100,2004-12-01,0.1093
M1,KRW100,2005-01-01,0.1162
M1,KRW100,2005-02-01,0.1154
M1,KRW100,2005-03-01,0.1178
M1,KRW100,2005-04-01,0.1189
M1,KRW100,2005-05-01,0.1235
M1,KRW100,2005-06-01,0.1251
M1,KRW100,2005-07-01,0.1257
M1,KRW100,2005-08-01,0.1222
M1,KRW100,2005-09-01,0.1243
M1,KRW100,2005-10-01,0.1229
M1,KRW100,2005-11-01,0.1271
M1,KRW100,2005-12-01,0.1309
M1,KRW100,2006-01-01,0.1331
M1,KRW100,2006-02-01,0.1357
M1,KRW100,2006-03-01,0.1341
M1,KRW100,2006-04-01,0.1331
M1,KRW100,2006-05-01,0.128
M1,KRW100,2006-06-01,0.1299
M1,KRW100,2006-07-01,0.129
M1,KRW100,2006-08-01,0.1276
M1,KRW100,2006-09-01,0.1324
M1,KRW100,2006-10-01,0.1327
M1,KRW100,2006-11-01,0.1297
M1,KRW100,2006-12-01,0.131
M1,KRW100,2007-01-01,0.1334
M1,KRW100,2007-02-01,0.1298
M1,KRW100,2007-03-01,0.1297
M1,KRW100,2007-04-01,0.1298
M1,KRW100,2007-05-01,0.132
M1,KRW100,2007-06-01,0.1332
M1,KRW100,2007-07-01,0.1309
M1,KRW100,2007-08-01,0.1285
M1,KRW100,2007-09-01,0.128
M1,KRW100,2007-10-01,0.1286
M1,KRW100,2007-11-01,0.1216
M1,KRW100,2007-12-01,0.1203
M1,KRW100,2008-01-01,0.1146
M1,KRW100,2008-02-01,0.1116
M1,KRW100,2008-03-01,0.1001
M1,KRW100,2008-04-01,0.1033
M1,KRW100,2008-05-01,0.102
M1,KRW100,2008-06-01,0.0971
M1,KRW100,2008-07-01,0.1035
M1,KRW100,2008-08-01,0.1004
M1,KRW100,2008-09-01,0.091
M1,KRW100,2008-10-01,0.0883
M1,KRW100,2008-11-01,0.0818
M1,KRW100,2008-12-01,0.0835
M1,KRW100,2009-01-01,0.0837
M1,KRW100,2009-02-01,0.0764
M1,KRW100,2009-03-01,0.0825
M1,KRW100,2009-04-01,0.088
M1,KRW100,2009-05-01,0.0853
M1,KRW100,2009-06-01,0.0849
M1,KRW100,2009-07-01,0.0883
M1,KRW100,2009-08-01,0.0848
M1,KRW100,2009-09-01,0.0876
M1,KRW100,2009-10-01,0.0858
M1,KRW100,2009-11-01,0.0861
M1,KRW100,2009-12-01,0.0881
M1,KRW100,2010-01-01,0.0904
M1,KRW100,2010-02-01,0.0928
M1,KRW100,2010-03-01,0.0941
M1,KRW100,2010-04-01,0.0976
M1,KRW100,2010-05-01,0.0962
M1,KRW100,2010-06-01,0.0883
M1,KRW100,2010-07-01,0.0875
M1,KRW100,2010-08-01,0.0851
M1,KRW100,2010-09-01,0.0857
M1,KRW100,2010-10-01,0.0879
M1,KRW100,2010-11-01,0.0858
M1,KRW100,2010-12-01,0.0835
M1,KRW100,2011-01-01,0.0841
M1,KRW100,2011-02-01,0.0822
M1,KRW100,2011-03-01,0.0835
M1,KRW100,2011-04-01,0.0813
M1,KRW100,2011-05-01,0.0788
M1,KRW100,2011-06-01,0.0781
M1,KRW100,2011-07-01,0.076
M1,KRW100,2011-08-01,0.0762
M1,KRW100,2011-09-01,0.0765
M1,KRW100,2011-10-01,0.0785
M1,KRW100,2011-11-01,0.0806
M1,KRW100,2011-12-01,0.0809
M1,KRW100,2012-01-01,0.0814
M1,KRW100,2012-02-01,0.0802
M1,KRW100,2012-03-01,0.0797
M1,KRW100,2012-04-01,0.0804
M1,KRW100,2012-05-01,0.0821
M1,KRW100,2012-06-01,0.0833
M1,KRW100,2012-07-01,0.0868
M1,KRW100,2012-08-01,0.0845
M1,KRW100,2012-09-01,0.084
M1,KRW100,2012-10-01,0.0852
M1,KRW100,2012-11-01,0.0854
M1,KRW100,2012-12-01,0.0859
M1,KRW100,2013-01-01,0.0836
M1,KRW100,2013-02-01,0.0857
M1,KRW100,2013-03-01,0.0854
M1,KRW100,2013-04-01,0.085
M1,KRW100,2013-05-01,0.0843
M1,KRW100,2013-06-01,0.0828
M1,KRW100,2013-07-01,0.0824
M1,KRW100,2013-08-01,0.0839
M1,KRW100,2013-09-01,0.0842
M1,KRW100,2013-10-01,0.0848
M1,KRW100,2013-11-01,0.0855
M1,KRW100,2013-12-01,0.0846
M1,KRW100,2014-01-01,0.0834
M1,KRW100,2014-02-01,0.083
M1,KRW100,2014-03-01,0.0834
M1,KRW100,2014-04-01,0.0856
M1,KRW100,2014-05-01,0.0878
M1,KRW100,2014-06-01,0.0878
M1,KRW100,2014-07-01,0.0881
M1,KRW100,2014-08-01,0.0902
M1,KRW100,2014-09-01,0.0902
M1,KRW100,2014-10-01,0.0899
M1,KRW100,2014-11-01,0.0872
M1,KRW100,2014-12-01,0.0908
M1,KRW100,2015-01-01,0.0842
M1,KRW100,2015-02-01,0.0863
M1,KRW100,2015-03-01,0.0878
M1,KRW100,2015-04-01,0.0871
M1,KRW100,2015-05-01,0.0851
M1,KRW100,2015-06-01,0.0834
M1,KRW100,2015-07-01,0.0821
M1,KRW100,2015-08-01,0.0813
M1,KRW100,2015-09-01,0.0824
M1,KRW100,2015-10-01,0.0867
M1,KRW100,2015-11-01,0.0889
M1,KRW100,2015-12-01,0.0841
M1,KRW100,2016-01-01,0.0846
M1,KRW100,2016-02-01,0.0808
M1,KRW100,2016-03-01,0.0845
M1,KRW100,2016-04-01,0.0844
M1,KRW100,2016-05-01,0.0832
M1,KRW100,2016-06-01,0.0847
M1,KRW100,2016-07-01,0.087
M1,KRW100,2016-08-01,0.0883
M1,KRW100,2016-09-01,0.0879
M1,KRW100,2016-10-01,0.0863
M1,KRW100,2016-11-01,0.0864
M1,KRW100,2016-12-01,0.0844
M1,KRW100,2017-01-01,0.0854
M1,KRW100,2017-02-01,0.089
M1,KRW100,2017-03-01,0.0893
M1,KRW100,2017-04-01,0.0873
M1,KRW100,2017-05-01,0.087
M1,KRW100,2017-06-01,0.0836
M1,KRW100,2017-07-01,0.0866
M1,KRW100,2017-08-01,0.0856
M1,KRW100,2017-09-01,0.0848
M1,KRW100,2017-10-01,0.0891
M1,KRW100,2017-11-01,0.0907
M1,KRW100,2017-12-01,0.0916
M1,KRW100,2018-01-01,0.0873
M1,KRW100,2018-02-01,0.0871
M1,KRW100,2018-03-01,0.0896
M1,KRW100,2018-04-01,0.09264
M1,KRW100,2018-05-01,0.09168
M1,KRW100,2018-06-01,0.08911
M1,KRW100,2018-07-01,0.0883
M1,KRW100,2018-08-01,0.08693
M1,KRW100,2018-09-01,0.08811
M1,KRW100,2018-10-01,0.08826
M1,KRW100,2018-11-01,0.08887
M1,KRW100,2018-12-01,0.08865
M1,KRW100,2019-01-01,0.08925
M1,KRW100,2019-02-01,0.08859
M1,KRW100,2019-03-01,0.08772
M1,KRW100,2019-04-01,0.08718
M1,KRW100,2019-05-01,0.08443
M1,KRW100,2019-06-01,0.08435
M1,KRW100,2019-07-01,0.08373
M1,KRW100,2019-08-01,0.0816
M1,KRW100,2019-09-01,0.08303
M1,KRW100,2019-10-01,0.08479
M1,KRW100,2019-11-01,0.08458
M1,KRW100,2019-12-01,0.08377
M1,KRW100,2020-01-01,0.08143
M1,KRW100,2020-02-01,0.07931
M1,KRW100,2020-03-01,0.07907
M1,KRW100,2020-04-01,0.08063
M1,KRW100,2020-05-01,0.07776
M1,KRW100,2020-06-01,0.07914
M1,KRW100,2020-07-01,0.07622
M1,KRW100,2020-08-01,0.07605
M1,KRW100,2020-09-01,0.07888
M1,KRW100,2020-10-01,0.08075
M1,KRW100,2020-11-01,0.08166
M1,KRW100,2020-12-01,0.0811
M1,KRW100,2021-01-01,0.07952
M1,KRW100,2021-02-01,0.08047
M1,KRW100,2021-03-01,0.08322
M1,KRW100,2021-04-01,0.08177
M1,KRW100,2021-05-01,0.08099
M1,KRW100,2021-06-01,0.08195
M1,KRW100,2021-07-01,0.0787
M1,KRW100,2021-08-01,0.07887
M1,KRW100,2021-09-01,0.07894
M1,KRW100,2021-10-01,0.07803
M1,KRW100,2021-11-01,0.07732
M1,KRW100,2021-12-01,0.07669
M1,KRW100,2022-01-01,0.07704
M1,KRW100,2022-02-01,0.07673
M1,KRW100,2022-03-01,0.07634
M1,KRW100,2022-04-01,0.07714
M1,KRW100,2022-05-01,0.0777
M1,KRW100,2022-06-01,0.07357
M1,KRW100,2022-07-01,0.07331
M1,KRW100,2022-08-01,0.07298
M1,KRW100,2022-09-01,0.06818
M1,KRW100,2022-10-01,0.07013
M1,KRW100,2022-11-01,0.07218
M1,KRW100,2022-12-01,0.07325
M1,KRW100,2023-01-01,0.07521
M1,KRW100,2023-02-01,0.07085
M1,KRW100,2023-03-01,0.07042
M1,KRW100,2023-04-01,0.06693
M1,KRW100,2023-05-01,0.06878
M1,KRW100,2023-06-01,0.06837
M1,KRW100,2023-07-01,0.06835
M1,KRW100,2023-08-01,0.0666
M1,KRW100,2023-09-01,0.06747
M1,KRW100,2023-10-01,0.06675
M1,KRW100,2023-11-01,0.06781
M1,KRW100,2023-12-01,0.06506
M1,KRW100,2024-01-01,0.06464
M1,KRW100,2024-02-01,0.06591
M1,KRW100,2024-03-01,0.06732
M1,KRW100,2024-04-01,0.06602
M1,KRW100,2024-05-01,0.06538
M1,KRW100,2024-06-01,0.06535
M1,KRW100,2024-07-01,0.06407
M1,KRW100,2024-08-01,0.06361
M1,KRW100,2024-09-01,0.06433
M1,KRW100,2024-10-01,0.06279
M1,KRW100,2024-11-01,0.06311
M1,KRW100,2024-12-01,0.06143
M1,KRW100,2025-01-01,0.06279
M1,KRW100,2025-02-01,0.06177
M1,KRW100,2025-03-01,0.05979
M1,KRW100,2025-04-01,0.05807
M1,KRW100,2025-05-01,0.0597
M1,KRW100,2025-06-01,0.05891
M1,KRW100,2025-07-01,0.05836
M1,KRW100,2025-08-01,0.05755
M1,KRW100,2025-09-01,0.0568
M1,KRW100,2025-10-01,0.05618
M1,KRW100,2025-11-01,0.05481
M1,KRW100,2025-12-01,0.05481
M1,KRW100,2026-01-01,0.05325
M1,KRW100,2026-02-01,0.05366
M1,KRW100,2026-03-01,0.05226
M1,KRW100,2026-04-01,0.05334
M1,KRW100,2026-05-01,0.05196
M1,KRW100,2026-06-01,0.05216
M1,KRW100,2026-07-01,0.05641
M1,MXN100,1999-01-01,13.93
M1,MXN100,1999-02-01,14.6
M1,MXN100,1999-03-01,15.64
M1,MXN100,1999-04-01,16.37
M1,MXN100,1999-05-01,15.69
M1,MXN100,1999-06-01,16.55
M1,MXN100,1999-07-01,15.86
M1,MXN100,1999-08-01,16.26
M1,MXN100,1999-09-01,15.97
M1,MXN100,1999-10-01,15.89
M1,MXN100,1999-11-01,16.83
M1,MXN100,1999-12-01,16.87
M1,MXN100,2000-01-01,17.13
M1,MXN100,2000-02-01,17.52
M1,MXN100,2000-03-01,17.88
M1,MXN100,2000-04-01,18.34
M1,MXN100,2000-05-01,17.72
M1,MXN100,2000-06-01,16.4
M1,MXN100,2000-07-01,17.92
M1,MXN100,2000-08-01,18.89
M1,MXN100,2000-09-01,18.29
M1,MXN100,2000-10-01,18.92
M1,MXN100,2000-11-01,18.39
M1,MXN100,2000-12-01,17.05
M1,MXN100,2001-01-01,16.95
M1,MXN100,2001-02-01,17.24
M1,MXN100,2001-03-01,18.11
M1,MXN100,2001-04-01,18.59
M1,MXN100,2001-05-01,19.54
M1,MXN100,2001-06-01,19.76
M1,MXN100,2001-07-01,18.81
M1,MXN100,2001-08-01,18.05
M1,MXN100,2001-09-01,16.96
M1,MXN100,2001-10-01,17.54
M1,MXN100,2001-11-01,17.86
M1,MXN100,2001-12-01,18.32
M1,MXN100,2002-01-01,18.56
M1,MXN100,2002-02-01,18.74
M1,MXN100,2002-03-01,18.7
M1,MXN100,2002-04-01,17.29
M1,MXN100,2002-05-01,16.1
M1,MXN100,2002-06-01,14.89
M1,MXN100,2002-07-01,15.24
M1,MXN100,2002-08-01,15.04
M1,MXN100,2002-09-01,14.6
M1,MXN100,2002-10-01,14.55
M1,MXN100,2002-11-01,14.69
M1,MXN100,2002-12-01,13.25
M1,MXN100,2003-01-01,12.4
M1,MXN100,2003-02-01,12.34
M1,MXN100,2003-03-01,12.69
M1,MXN100,2003-04-01,13.16
M1,MXN100,2003-05-01,12.52
M1,MXN100,2003-06-01,13.01
M1,MXN100,2003-07-01,13.02
M1,MXN100,2003-08-01,12.77
M1,MXN100,2003-09-01,12
M1,MXN100,2003-10-01,12.05
M1,MXN100,2003-11-01,11.4
M1,MXN100,2003-12-01,11.01
M1,MXN100,2004-01-01,11.37
M1,MXN100,2004-02-01,11.46
M1,MXN100,2004-03-01,11.38
M1,MXN100,2004-04-01,11.35
M1,MXN100,2004-05-01,10.9
M1,MXN100,2004-06-01,10.95
M1,MXN100,2004-07-01,11.19
M1,MXN100,2004-08-01,11.21
M1,MXN100,2004-09-01,11.04
M1,MXN100,2004-10-01,10.37
M1,MXN100,2004-11-01,10.13
M1,MXN100,2004-12-01,10.13
M1,MXN100,2005-01-01,10.59
M1,MXN100,2005-02-01,10.48
M1,MXN100,2005-03-01,10.67
M1,MXN100,2005-04-01,10.67
M1,MXN100,2005-05-01,11.44
M1,MXN100,2005-06-01,11.92
M1,MXN100,2005-07-01,12.16
M1,MXN100,2005-08-01,11.72
M1,MXN100,2005-09-01,11.98
M1,MXN100,2005-10-01,11.79
M1,MXN100,2005-11-01,12.39
M1,MXN100,2005-12-01,12.33
M1,MXN100,2006-01-01,12.28
M1,MXN100,2006-02-01,12.58
M1,MXN100,2006-03-01,11.93
M1,MXN100,2006-04-01,11.29
M1,MXN100,2006-05-01,10.71
M1,MXN100,2006-06-01,10.89
M1,MXN100,2006-07-01,11.34
M1,MXN100,2006-08-01,11.27
M1,MXN100,2006-09-01,11.36
M1,MXN100,2006-10-01,11.58
M1,MXN100,2006-11-01,10.97
M1,MXN100,2006-12-01,11.23
M1,MXN100,2007-01-01,11.38
M1,MXN100,2007-02-01,10.92
M1,MXN100,2007-03-01,11.08
M1,MXN100,2007-04-01,11.07
M1,MXN100,2007-05-01,11.38
M1,MXN100,2007-06-01,11.39
M1,MXN100,2007-07-01,11.03
M1,MXN100,2007-08-01,10.89
M1,MXN100,2007-09-01,10.72
M1,MXN100,2007-10-01,10.81
M1,MXN100,2007-11-01,10.27
M1,MXN100,2007-12-01,10.33
M1,MXN100,2008-01-01,9.97
M1,MXN100,2008-02-01,9.81
M1,MXN100,2008-03-01,9.28
M1,MXN100,2008-04-01,9.84
M1,MXN100,2008-05-01,10.17
M1,MXN100,2008-06-01,9.86
M1,MXN100,2008-07-01,10.43
M1,MXN100,2008-08-01,10.68
M1,MXN100,2008-09-01,9.98
M1,MXN100,2008-10-01,9.06
M1,MXN100,2008-11-01,9.08
M1,MXN100,2008-12-01,7.65
M1,MXN100,2009-01-01,8.11
M1,MXN100,2009-02-01,7.81
M1,MXN100,2009-03-01,8.01
M1,MXN100,2009-04-01,8.21
M1,MXN100,2009-05-01,8.21
M1,MXN100,2009-06-01,8.22
M1,MXN100,2009-07-01,8.22
M1,MXN100,2009-08-01,8.01
M1,MXN100,2009-09-01,7.65
M1,MXN100,2009-10-01,7.81
M1,MXN100,2009-11-01,7.77
M1,MXN100,2009-12-01,7.87
M1,MXN100,2010-01-01,8.06
M1,MXN100,2010-02-01,8.42
M1,MXN100,2010-03-01,8.61
M1,MXN100,2010-04-01,8.84
M1,MXN100,2010-05-01,8.96
M1,MXN100,2010-06-01,8.43
M1,MXN100,2010-07-01,8.17
M1,MXN100,2010-08-01,7.76
M1,MXN100,2010-09-01,7.81
M1,MXN100,2010-10-01,7.97
M1,MXN100,2010-11-01,7.96
M1,MXN100,2010-12-01,7.56
M1,MXN100,2011-01-01,7.73
M1,MXN100,2011-02-01,7.64
M1,MXN100,2011-03-01,7.7
M1,MXN100,2011-04-01,7.52
M1,MXN100,2011-05-01,7.35
M1,MXN100,2011-06-01,7.1
M1,MXN100,2011-07-01,6.82
M1,MXN100,2011-08-01,6.52
M1,MXN100,2011-09-01,6.58
M1,MXN100,2011-10-01,6.65
M1,MXN100,2011-11-01,6.68
M1,MXN100,2011-12-01,6.72
M1,MXN100,2012-01-01,7.08
M1,MXN100,2012-02-01,6.98
M1,MXN100,2012-03-01,7.07
M1,MXN100,2012-04-01,7
M1,MXN100,2012-05-01,6.86
M1,MXN100,2012-06-01,7.11
M1,MXN100,2012-07-01,7.39
M1,MXN100,2012-08-01,7.18
M1,MXN100,2012-09-01,7.3
M1,MXN100,2012-10-01,7.12
M1,MXN100,2012-11-01,7.16
M1,MXN100,2012-12-01,7.03
M1,MXN100,2013-01-01,7.17
M1,MXN100,2013-02-01,7.29
M1,MXN100,2013-03-01,7.7
M1,MXN100,2013-04-01,7.69
M1,MXN100,2013-05-01,7.41
M1,MXN100,2013-06-01,7.28
M1,MXN100,2013-07-01,7.25
M1,MXN100,2013-08-01,6.97
M1,MXN100,2013-09-01,6.86
M1,MXN100,2013-10-01,6.96
M1,MXN100,2013-11-01,6.92
M1,MXN100,2013-12-01,6.81
M1,MXN100,2014-01-01,6.76
M1,MXN100,2014-02-01,6.68
M1,MXN100,2014-03-01,6.78
M1,MXN100,2014-04-01,6.75
M1,MXN100,2014-05-01,6.99
M1,MXN100,2014-06-01,6.85
M1,MXN100,2014-07-01,6.89
M1,MXN100,2014-08-01,6.99
M1,MXN100,2014-09-01,7.08
M1,MXN100,2014-10-01,7.15
M1,MXN100,2014-11-01,7.01
M1,MXN100,2014-12-01,6.73
M1,MXN100,2015-01-01,6.25
M1,MXN100,2015-02-01,6.34
M1,MXN100,2015-03-01,6.36
M1,MXN100,2015-04-01,6.14
M1,MXN100,2015-05-01,6.16
M1,MXN100,2015-06-01,5.93
M1,MXN100,2015-07-01,5.93
M1,MXN100,2015-08-01,5.73
M1,MXN100,2015-09-01,5.75
M1,MXN100,2015-10-01,5.96
M1,MXN100,2015-11-01,6.2
M1,MXN100,2015-12-01,5.69
M1,MXN100,2016-01-01,5.6
M1,MXN100,2016-02-01,5.47
M1,MXN100,2016-03-01,5.59
M1,MXN100,2016-04-01,5.6
M1,MXN100,2016-05-01,5.37
M1,MXN100,2016-06-01,5.28
M1,MXN100,2016-07-01,5.15
M1,MXN100,2016-08-01,5.24
M1,MXN100,2016-09-01,4.94
M1,MXN100,2016-10-01,5.23
M1,MXN100,2016-11-01,4.93
M1,MXN100,2016-12-01,4.9
M1,MXN100,2017-01-01,4.78
M1,MXN100,2017-02-01,5.05
M1,MXN100,2017-03-01,5.36
M1,MXN100,2017-04-01,5.22
M1,MXN100,2017-05-01,5.22
M1,MXN100,2017-06-01,5.31
M1,MXN100,2017-07-01,5.46
M1,MXN100,2017-08-01,5.43
M1,MXN100,2017-09-01,5.34
M1,MXN100,2017-10-01,5.18
M1,MXN100,2017-11-01,5.31
M1,MXN100,2017-12-01,4.96
M1,MXN100,2018-01-01,5
M1,MXN100,2018-02-01,5.02
M1,MXN100,2018-03-01,5.25
M1,MXN100,2018-04-01,5.30315
M1,MXN100,2018-05-01,4.98168
M1,MXN100,2018-06-01,5.04326
M1,MXN100,2018-07-01,5.32684
M1,MXN100,2018-08-01,5.07049
M1,MXN100,2018-09-01,5.19963
M1,MXN100,2018-10-01,4.99407
M1,MXN100,2018-11-01,4.90873
M1,MXN100,2018-12-01,5.01548
M1,MXN100,2019-01-01,5.19954
M1,MXN100,2019-02-01,5.18856
M1,MXN100,2019-03-01,5.15584
M1,MXN100,2019-04-01,5.3511
M1,MXN100,2019-05-01,5.1031
M1,MXN100,2019-06-01,5.07575
M1,MXN100,2019-07-01,5.19766
M1,MXN100,2019-08-01,4.91462
M1,MXN100,2019-09-01,5.04102
M1,MXN100,2019-10-01,5.1531
M1,MXN100,2019-11-01,5.14247
M1,MXN100,2019-12-01,5.12293
M1,MXN100,2020-01-01,5.15907
M1,MXN100,2020-02-01,4.85591
M1,MXN100,2020-03-01,4.02979
M1,MXN100,2020-04-01,4.09702
M1,MXN100,2020-05-01,4.33082
M1,MXN100,2020-06-01,4.11283
M1,MXN100,2020-07-01,4.1005
M1,MXN100,2020-08-01,4.135
M1,MXN100,2020-09-01,4.12662
M1,MXN100,2020-10-01,4.29343
M1,MXN100,2020-11-01,4.50076
M1,MXN100,2020-12-01,4.4338
M1,MXN100,2021-01-01,4.39567
M1,MXN100,2021-02-01,4.31845
M1,MXN100,2021-03-01,4.58828
M1,MXN100,2021-04-01,4.52645
M1,MXN100,2021-05-01,4.51469
M1,MXN100,2021-06-01,4.652
M1,MXN100,2021-07-01,4.55619
M1,MXN100,2021-08-01,4.54889
M1,MXN100,2021-09-01,4.56268
M1,MXN100,2021-10-01,4.45054
M1,MXN100,2021-11-01,4.22816
M1,MXN100,2021-12-01,4.46505
M1,MXN100,2022-01-01,4.49182
M1,MXN100,2022-02-01,4.48404
M1,MXN100,2022-03-01,4.65479
M1,MXN100,2022-04-01,4.75967
M1,MXN100,2022-05-01,4.90971
M1,MXN100,2022-06-01,4.73213
M1,MXN100,2022-07-01,4.70834
M1,MXN100,2022-08-01,4.83782
M1,MXN100,2022-09-01,4.85718
M1,MXN100,2022-10-01,5.02881
M1,MXN100,2022-11-01,4.94144
M1,MXN100,2022-12-01,4.72758
M1,MXN100,2023-01-01,4.92307
M1,MXN100,2023-02-01,5.11059
M1,MXN100,2023-03-01,5.06392
M1,MXN100,2023-04-01,4.95356
M1,MXN100,2023-05-01,5.16042
M1,MXN100,2023-06-01,5.26693
M1,MXN100,2023-07-01,5.19691
M1,MXN100,2023-08-01,5.26143
M1,MXN100,2023-09-01,5.21708
M1,MXN100,2023-10-01,5.00727
M1,MXN100,2023-11-01,5.01019
M1,MXN100,2023-12-01,4.9559
M1,MXN100,2024-01-01,5.03689
M1,MXN100,2024-02-01,5.14179
M1,MXN100,2024-03-01,5.46022
M1,MXN100,2024-04-01,5.3643
M1,MXN100,2024-05-01,5.31862
M1,MXN100,2024-06-01,4.90492
M1,MXN100,2024-07-01,4.67505
M1,MXN100,2024-08-01,4.2921
M1,MXN100,2024-09-01,4.28689
M1,MXN100,2024-10-01,4.29803
M1,MXN100,2024-11-01,4.31358
M1,MXN100,2024-12-01,4.36416
M1,MXN100,2025-01-01,4.40519
M1,MXN100,2025-02-01,4.41204
M1,MXN100,2025-03-01,4.3187
M1,MXN100,2025-04-01,4.223
M1,MXN100,2025-05-01,4.26645
M1,MXN100,2025-06-01,4.23365
M1,MXN100,2025-07-01,4.31576
M1,MXN100,2025-08-01,4.28289
M1,MXN100,2025-09-01,4.34277
M1,MXN100,2025-10-01,4.32288
M1,MXN100,2025-11-01,4.39461
M1,MXN100,2025-12-01,4.4136
M1,MXN100,2026-01-01,4.43955
M1,MXN100,2026-02-01,4.49499
M1,MXN100,2026-03-01,4.42512
M1,MXN100,2026-04-01,4.50321
M1,MXN100,2026-05-01,4.52349
M1,MXN100,2026-06-01,4.6352
M1,MXN100,2026-07-01,4.65584
M1,MYR100,1999-01-01,37.26
M1,MYR100,1999-02-01,37.95
M1,MYR100,1999-03-01,39.15
M1,MYR100,1999-04-01,40.02
M1,MYR100,1999-05-01,40.08
M1,MYR100,1999-06-01,40.78
M1,MYR100,1999-07-01,39.2
M1,MYR100,1999-08-01,39.98
M1,MYR100,1999-09-01,39.37
M1,MYR100,1999-10-01,40.12
M1,MYR100,1999-11-01,41.78
M1,MYR100,1999-12-01,42.05
M1,MYR100,2000-01-01,43.17
M1,MYR100,2000-02-01,42.74
M1,MYR100,2000-03-01,43.75
M1,MYR100,2000-04-01,45.5
M1,MYR100,2000-05-01,44.36
M1,MYR100,2000-06-01,42.76
M1,MYR100,2000-07-01,44.09
M1,MYR100,2000-08-01,45.59
M1,MYR100,2000-09-01,45.52
M1,MYR100,2000-10-01,47.59
M1,MYR100,2000-11-01,45.57
M1,MYR100,2000-12-01,43.03
M1,MYR100,2001-01-01,43.22
M1,MYR100,2001-02-01,44
M1,MYR100,2001-03-01,45.45
M1,MYR100,2001-04-01,45.39
M1,MYR100,2001-05-01,47.26
M1,MYR100,2001-06-01,47.26
M1,MYR100,2001-07-01,45.4
M1,MYR100,2001-08-01,43.45
M1,MYR100,2001-09-01,42.45
M1,MYR100,2001-10-01,42.72
M1,MYR100,2001-11-01,43.72
M1,MYR100,2001-12-01,44.16
M1,MYR100,2002-01-01,44.93
M1,MYR100,2002-02-01,44.87
M1,MYR100,2002-03-01,44.22
M1,MYR100,2002-04-01,42.64
M1,MYR100,2002-05-01,41.08
M1,MYR100,2002-06-01,39.03
M1,MYR100,2002-07-01,39.11
M1,MYR100,2002-08-01,39.24
M1,MYR100,2002-09-01,39.17
M1,MYR100,2002-10-01,39
M1,MYR100,2002-11-01,39.13
M1,MYR100,2002-12-01,36.5
M1,MYR100,2003-01-01,35.68
M1,MYR100,2003-02-01,35.8
M1,MYR100,2003-03-01,35.73
M1,MYR100,2003-04-01,35.77
M1,MYR100,2003-05-01,34
M1,MYR100,2003-06-01,35.68
M1,MYR100,2003-07-01,35.95
M1,MYR100,2003-08-01,37.08
M1,MYR100,2003-09-01,34.71
M1,MYR100,2003-10-01,35.02
M1,MYR100,2003-11-01,34.04
M1,MYR100,2003-12-01,32.52
M1,MYR100,2004-01-01,33.23
M1,MYR100,2004-02-01,33.36
M1,MYR100,2004-03-01,33.52
M1,MYR100,2004-04-01,34.15
M1,MYR100,2004-05-01,32.79
M1,MYR100,2004-06-01,33.19
M1,MYR100,2004-07-01,33.59
M1,MYR100,2004-08-01,33.61
M1,MYR100,2004-09-01,33.17
M1,MYR100,2004-10-01,31.51
M1,MYR100,2004-11-01,30.04
M1,MYR100,2004-12-01,29.78
M1,MYR100,2005-01-01,31.36
M1,MYR100,2005-02-01,30.57
M1,MYR100,2005-03-01,31.47
M1,MYR100,2005-04-01,31.21
M1,MYR100,2005-05-01,32.76
M1,MYR100,2005-06-01,33.76
M1,MYR100,2005-07-01,34.42
M1,MYR100,2005-08-01,33.63
M1,MYR100,2005-09-01,34.33
M1,MYR100,2005-10-01,33.87
M1,MYR100,2005-11-01,34.79
M1,MYR100,2005-12-01,34.8
M1,MYR100,2006-01-01,34.22
M1,MYR100,2006-02-01,35.47
M1,MYR100,2006-03-01,35.37
M1,MYR100,2006-04-01,34.62
M1,MYR100,2006-05-01,33.34
M1,MYR100,2006-06-01,33.49
M1,MYR100,2006-07-01,33.69
M1,MYR100,2006-08-01,33.31
M1,MYR100,2006-09-01,33.95
M1,MYR100,2006-10-01,34.24
M1,MYR100,2006-11-01,33.34
M1,MYR100,2006-12-01,34.51
M1,MYR100,2007-01-01,35.87
M1,MYR100,2007-02-01,34.87
M1,MYR100,2007-03-01,35.29
M1,MYR100,2007-04-01,35.3
M1,MYR100,2007-05-01,36.01
M1,MYR100,2007-06-01,35.67
M1,MYR100,2007-07-01,34.83
M1,MYR100,2007-08-01,34.42
M1,MYR100,2007-09-01,34.31
M1,MYR100,2007-10-01,34.69
M1,MYR100,2007-11-01,33.29
M1,MYR100,2007-12-01,34.04
M1,MYR100,2008-01-01,33.44
M1,MYR100,2008-02-01,32.81
M1,MYR100,2008-03-01,31.05
M1,MYR100,2008-04-01,32.84
M1,MYR100,2008-05-01,32.41
M1,MYR100,2008-06-01,31.07
M1,MYR100,2008-07-01,32.14
M1,MYR100,2008-08-01,32.23
M1,MYR100,2008-09-01,31.98
M1,MYR100,2008-10-01,32.35
M1,MYR100,2008-11-01,33.16
M1,MYR100,2008-12-01,30.51
M1,MYR100,2009-01-01,32
M1,MYR100,2009-02-01,31.61
M1,MYR100,2009-03-01,31.29
M1,MYR100,2009-04-01,31.76
M1,MYR100,2009-05-01,30.89
M1,MYR100,2009-06-01,30.76
M1,MYR100,2009-07-01,30.87
M1,MYR100,2009-08-01,30.14
M1,MYR100,2009-09-01,29.77
M1,MYR100,2009-10-01,29.8
M1,MYR100,2009-11-01,29.51
M1,MYR100,2009-12-01,30.04
M1,MYR100,2010-01-01,30.79
M1,MYR100,2010-02-01,31.64
M1,MYR100,2010-03-01,32.59
M1,MYR100,2010-04-01,33.86
M1,MYR100,2010-05-01,35.46
M1,MYR100,2010-06-01,33.38
M1,MYR100,2010-07-01,32.6
M1,MYR100,2010-08-01,32.41
M1,MYR100,2010-09-01,31.66
M1,MYR100,2010-10-01,31.77
M1,MYR100,2010-11-01,31.5
M1,MYR100,2010-12-01,30.36
M1,MYR100,2011-01-01,30.78
M1,MYR100,2011-02-01,30.36
M1,MYR100,2011-03-01,30.24
M1,MYR100,2011-04-01,29.31
M1,MYR100,2011-05-01,28.22
M1,MYR100,2011-06-01,27.59
M1,MYR100,2011-07-01,27.02
M1,MYR100,2011-08-01,27.34
M1,MYR100,2011-09-01,28.26
M1,MYR100,2011-10-01,28.33
M1,MYR100,2011-11-01,29.04
M1,MYR100,2011-12-01,29.64
M1,MYR100,2012-01-01,30.02
M1,MYR100,2012-02-01,29.9
M1,MYR100,2012-03-01,29.46
M1,MYR100,2012-04-01,29.96
M1,MYR100,2012-05-01,30.49
M1,MYR100,2012-06-01,30.07
M1,MYR100,2012-07-01,31.29
M1,MYR100,2012-08-01,30.67
M1,MYR100,2012-09-01,30.55
M1,MYR100,2012-10-01,30.47
M1,MYR100,2012-11-01,30.43
M1,MYR100,2012-12-01,29.88
M1,MYR100,2013-01-01,29.32
M1,MYR100,2013-02-01,30.07
M1,MYR100,2013-03-01,30.69
M1,MYR100,2013-04-01,30.83
M1,MYR100,2013-05-01,30.83
M1,MYR100,2013-06-01,29.94
M1,MYR100,2013-07-01,28.53
M1,MYR100,2013-08-01,28.3
M1,MYR100,2013-09-01,27.76
M1,MYR100,2013-10-01,28.5
M1,MYR100,2013-11-01,28.05
M1,MYR100,2013-12-01,27.16
M1,MYR100,2014-01-01,27.05
M1,MYR100,2014-02-01,27.01
M1,MYR100,2014-03-01,27.16
M1,MYR100,2014-04-01,27.06
M1,MYR100,2014-05-01,27.94
M1,MYR100,2014-06-01,27.69
M1,MYR100,2014-07-01,28.4
M1,MYR100,2014-08-01,29.03
M1,MYR100,2014-09-01,29.06
M1,MYR100,2014-10-01,29.15
M1,MYR100,2014-11-01,28.51
M1,MYR100,2014-12-01,28.25
M1,MYR100,2015-01-01,25.38
M1,MYR100,2015-02-01,26.32
M1,MYR100,2015-03-01,26.32
M1,MYR100,2015-04-01,26.29
M1,MYR100,2015-05-01,25.75
M1,MYR100,2015-06-01,24.7
M1,MYR100,2015-07-01,25.14
M1,MYR100,2015-08-01,22.97
M1,MYR100,2015-09-01,22.12
M1,MYR100,2015-10-01,22.95
M1,MYR100,2015-11-01,24.2
M1,MYR100,2015-12-01,23.07
M1,MYR100,2016-01-01,24.55
M1,MYR100,2016-02-01,23.75
M1,MYR100,2016-03-01,24.72
M1,MYR100,2016-04-01,24.65
M1,MYR100,2016-05-01,23.99
M1,MYR100,2016-06-01,24.28
M1,MYR100,2016-07-01,23.96
M1,MYR100,2016-08-01,24.16
M1,MYR100,2016-09-01,23.4
M1,MYR100,2016-10-01,23.55
M1,MYR100,2016-11-01,22.7
M1,MYR100,2016-12-01,22.62
M1,MYR100,2017-01-01,22.46
M1,MYR100,2017-02-01,22.64
M1,MYR100,2017-03-01,22.6
M1,MYR100,2017-04-01,22.88
M1,MYR100,2017-05-01,22.71
M1,MYR100,2017-06-01,22.32
M1,MYR100,2017-07-01,22.62
M1,MYR100,2017-08-01,22.54
M1,MYR100,2017-09-01,22.99
M1,MYR100,2017-10-01,23.58
M1,MYR100,2017-11-01,24.12
M1,MYR100,2017-12-01,24.09
M1,MYR100,2018-01-01,23.87
M1,MYR100,2018-02-01,24.06
M1,MYR100,2018-03-01,24.67
M1,MYR100,2018-04-01,25.24168
M1,MYR100,2018-05-01,24.81087
M1,MYR100,2018-06-01,24.59331
M1,MYR100,2018-07-01,24.2965
M1,MYR100,2018-08-01,23.54916
M1,MYR100,2018-09-01,23.62105
M1,MYR100,2018-10-01,24.04159
M1,MYR100,2018-11-01,23.80099
M1,MYR100,2018-12-01,23.82968
M1,MYR100,2019-01-01,24.25497
M1,MYR100,2019-02-01,24.47894
M1,MYR100,2019-03-01,24.40339
M1,MYR100,2019-04-01,24.6186
M1,MYR100,2019-05-01,23.99112
M1,MYR100,2019-06-01,23.54477
M1,MYR100,2019-07-01,23.98717
M1,MYR100,2019-08-01,23.45099
M1,MYR100,2019-09-01,23.69991
M1,MYR100,2019-10-01,23.62807
M1,MYR100,2019-11-01,23.92767
M1,MYR100,2019-12-01,23.65509
M1,MYR100,2020-01-01,23.67676
M1,MYR100,2020-02-01,22.86412
M1,MYR100,2020-03-01,22.36775
M1,MYR100,2020-04-01,22.56704
M1,MYR100,2020-05-01,22.10767
M1,MYR100,2020-06-01,22.22624
M1,MYR100,2020-07-01,21.41509
M1,MYR100,2020-08-01,21.68828
M1,MYR100,2020-09-01,22.21046
M1,MYR100,2020-10-01,22.04491
M1,MYR100,2020-11-01,22.1723
M1,MYR100,2020-12-01,21.91931
M1,MYR100,2021-01-01,22.01554
M1,MYR100,2021-02-01,22.32524
M1,MYR100,2021-03-01,22.71784
M1,MYR100,2021-04-01,22.15739
M1,MYR100,2021-05-01,21.7904
M1,MYR100,2021-06-01,22.2241
M1,MYR100,2021-07-01,21.41488
M1,MYR100,2021-08-01,22.00736
M1,MYR100,2021-09-01,22.31162
M1,MYR100,2021-10-01,22.00859
M1,MYR100,2021-11-01,21.84333
M1,MYR100,2021-12-01,21.91357
M1,MYR100,2022-01-01,22.26111
M1,MYR100,2022-02-01,21.97152
M1,MYR100,2022-03-01,21.99501
M1,MYR100,2022-04-01,22.27625
M1,MYR100,2022-05-01,21.94056
M1,MYR100,2022-06-01,21.67956
M1,MYR100,2022-07-01,21.4053
M1,MYR100,2022-08-01,21.82976
M1,MYR100,2022-09-01,21.06194
M1,MYR100,2022-10-01,21.13725
M1,MYR100,2022-11-01,21.3916
M1,MYR100,2022-12-01,20.9639
M1,MYR100,2023-01-01,21.70039
M1,MYR100,2023-02-01,20.90149
M1,MYR100,2023-03-01,20.74466
M1,MYR100,2023-04-01,20.0996
M1,MYR100,2023-05-01,19.719360000000002
M1,MYR100,2023-06-01,19.31594
M1,MYR100,2023-07-01,19.34459
M1,MYR100,2023-08-01,18.98767
M1,MYR100,2023-09-01,19.39387
M1,MYR100,2023-10-01,18.93435
M1,MYR100,2023-11-01,18.76595
M1,MYR100,2023-12-01,18.28302
M1,MYR100,2024-01-01,18.23234
M1,MYR100,2024-02-01,18.51321
M1,MYR100,2024-03-01,19.14116
M1,MYR100,2024-04-01,19.12557
M1,MYR100,2024-05-01,19.2458
M1,MYR100,2024-06-01,19.06306
M1,MYR100,2024-07-01,19.18279
M1,MYR100,2024-08-01,19.65941
M1,MYR100,2024-09-01,20.45703
M1,MYR100,2024-10-01,19.76428
M1,MYR100,2024-11-01,19.81113
M1,MYR100,2024-12-01,20.20884
M1,MYR100,2025-01-01,20.42498
M1,MYR100,2025-02-01,20.212
M1,MYR100,2025-03-01,19.84318
M1,MYR100,2025-04-01,19.11908
M1,MYR100,2025-05-01,19.40193
M1,MYR100,2025-06-01,18.9374
M1,MYR100,2025-07-01,19.06873
M1,MYR100,2025-08-01,18.95731
M1,MYR100,2025-09-01,18.91468
M1,MYR100,2025-10-01,19.13913
M1,MYR100,2025-11-01,19.5091
M1,MYR100,2025-12-01,19.53797
M1,MYR100,2026-01-01,19.51281
M1,MYR100,2026-02-01,19.85613
M1,MYR100,2026-03-01,19.77115
M1,MYR100,2026-04-01,19.8902
M1,MYR100,2026-05-01,19.75822
M1,MYR100,2026-06-01,19.8548
M1,MYR100,2026-07-01,19.74777
M1,NOK100,1970-01-01,60.18
M1,NOK100,1970-02-01,60.24
M1,NOK100,1970-03-01,60.34
M1,NOK100,1970-04-01,60.19
M1,NOK100,1970-05-01,60.48
M1,NOK100,1970-06-01,60.41
M1,NOK100,1970-07-01,60.24
M1,NOK100,1970-08-01,60.23
M1,NOK100,1970-09-01,60.55
M1,NOK100,1970-10-01,60.65
M1,NOK100,1970-11-01,60.36
M1,NOK100,1970-12-01,60.51
M1,NOK100,1971-01-01,60.13
M1,NOK100,1971-02-01,60.3
M1,NOK100,1971-03-01,60.23
M1,NOK100,1971-04-01,60.25
M1,NOK100,1971-05-01,57.66
M1,NOK100,1971-06-01,57.66
M1,NOK100,1971-07-01,57.51
M1,NOK100,1971-08-01,57.71
M1,NOK100,1971-09-01,57.54
M1,NOK100,1971-10-01,58.21
M1,NOK100,1971-11-01,57.86
M1,NOK100,1971-12-01,58.41
M1,NOK100,1972-01-01,57.87
M1,NOK100,1972-02-01,58.42
M1,NOK100,1972-03-01,58.18
M1,NOK100,1972-04-01,58.48
M1,NOK100,1972-05-01,58.89
M1,NOK100,1972-07-01,57.85
M1,NOK100,1972-08-01,57.84
M1,NOK100,1972-09-01,57.42
M1,NOK100,1972-10-01,57.22
M1,NOK100,1972-11-01,57.47
M1,NOK100,1972-12-01,56.77
M1,NOK100,1973-01-01,55.4
M1,NOK100,1973-02-01,52.3
M1,NOK100,1973-03-01,54.85
M1,NOK100,1973-04-01,54.55
M1,NOK100,1973-05-01,54.48
M1,NOK100,1973-06-01,55.1
M1,NOK100,1973-07-01,53.37
M1,NOK100,1973-08-01,54.15
M1,NOK100,1973-09-01,54.65
M1,NOK100,1973-10-01,55.85
M1,NOK100,1973-11-01,57.05
M1,NOK100,1973-12-01,56.6
M1,NOK100,1974-01-01,55.37
M1,NOK100,1974-02-01,54.9
M1,NOK100,1974-03-01,54.75
M1,NOK100,1974-04-01,54.6
M1,NOK100,1974-05-01,55
M1,NOK100,1974-06-01,55.15
M1,NOK100,1974-07-01,54.95
M1,NOK100,1974-08-01,54.05
M1,NOK100,1974-09-01,53.25
M1,NOK100,1974-10-01,52.1
M1,NOK100,1974-11-01,50.45
M1,NOK100,1974-12-01,48.75
M1,NOK100,1975-01-01,49.35
M1,NOK100,1975-02-01,48.85
M1,NOK100,1975-03-01,51.4
M1,NOK100,1975-04-01,50.9
M1,NOK100,1975-05-01,50.95
M1,NOK100,1975-06-01,50.7
M1,NOK100,1975-07-01,49.85
M1,NOK100,1975-08-01,48.75
M1,NOK100,1975-09-01,48.3
M1,NOK100,1975-10-01,47.95
M1,NOK100,1975-11-01,48
M1,NOK100,1975-12-01,46.95
M1,NOK100,1976-01-01,46.8
M1,NOK100,1976-02-01,46.2
M1,NOK100,1976-03-01,45.95
M1,NOK100,1976-04-01,45.85
M1,NOK100,1976-05-01,44
M1,NOK100,1976-06-01,44.45
M1,NOK100,1976-07-01,44.85
M1,NOK100,1976-08-01,45
M1,NOK100,1976-09-01,46
M1,NOK100,1976-10-01,46.15
M1,NOK100,1976-11-01,46.6
M1,NOK100,1976-12-01,47.3
M1,NOK100,1977-01-01,47.2
M1,NOK100,1977-02-01,48.35
M1,NOK100,1977-03-01,48.55
M1,NOK100,1977-04-01,47.85
M1,NOK100,1977-05-01,47.55
M1,NOK100,1977-06-01,46.3
M1,NOK100,1977-07-01,45.5
M1,NOK100,1977-08-01,43.8
M1,NOK100,1977-09-01,42.5
M1,NOK100,1977-10-01,40.9
M1,NOK100,1977-11-01,40
M1,NOK100,1977-12-01,38.9
M1,NOK100,1978-01-01,38.6
M1,NOK100,1978-02-01,35.15
M1,NOK100,1978-03-01,35.25
M1,NOK100,1978-04-01,35.8
M1,NOK100,1978-05-01,35.1
M1,NOK100,1978-06-01,34.35
M1,NOK100,1978-07-01,32.45
M1,NOK100,1978-08-01,31.4
M1,NOK100,1978-09-01,30
M1,NOK100,1978-10-01,31.75
M1,NOK100,1978-11-01,33.6
M1,NOK100,1978-12-01,32.3
M1,NOK100,1979-01-01,33
M1,NOK100,1979-02-01,32.8
M1,NOK100,1979-03-01,33.1
M1,NOK100,1979-04-01,33.25
M1,NOK100,1979-05-01,33.25
M1,NOK100,1979-06-01,32.6
M1,NOK100,1979-07-01,32.75
M1,NOK100,1979-08-01,32.9
M1,NOK100,1979-09-01,31.75
M1,NOK100,1979-10-01,33.1
M1,NOK100,1979-11-01,32.55
M1,NOK100,1979-12-01,32
M1,NOK100,1980-01-01,33.25
M1,NOK100,1980-02-01,34.35
M1,NOK100,1980-03-01,35.5
M1,NOK100,1980-04-01,33.75
M1,NOK100,1980-05-01,34
M1,NOK100,1980-06-01,33.5
M1,NOK100,1980-07-01,33.6
M1,NOK100,1980-08-01,34.05
M1,NOK100,1980-09-01,33.85
M1,NOK100,1980-10-01,34.6
M1,NOK100,1980-11-01,34.45
M1,NOK100,1980-12-01,33.95
M1,NOK100,1981-01-01,34.8
M1,NOK100,1981-02-01,36.05
M1,NOK100,1981-03-01,35.65
M1,NOK100,1981-04-01,36.45
M1,NOK100,1981-05-01,36.1
M1,NOK100,1981-06-01,33.8
M1,NOK100,1981-07-01,34.7
M1,NOK100,1981-08-01,35.05
M1,NOK100,1981-09-01,33.2
M1,NOK100,1981-10-01,31
M1,NOK100,1981-11-01,31.1
M1,NOK100,1981-12-01,30.9
M1,NOK100,1982-01-01,31.3
M1,NOK100,1982-02-01,31.4
M1,NOK100,1982-03-01,31.65
M1,NOK100,1982-04-01,32.6
M1,NOK100,1982-05-01,33.05
M1,NOK100,1982-06-01,33.7
M1,NOK100,1982-07-01,32.45
M1,NOK100,1982-08-01,31.6
M1,NOK100,1982-09-01,31.15
M1,NOK100,1982-10-01,30.4
M1,NOK100,1982-11-01,30.15
M1,NOK100,1982-12-01,28.2
M1,NOK100,1983-01-01,28
M1,NOK100,1983-02-01,28.6
M1,NOK100,1983-03-01,28.9
M1,NOK100,1983-04-01,28.95
M1,NOK100,1983-05-01,29.25
M1,NOK100,1983-06-01,28.8
M1,NOK100,1983-07-01,28.75
M1,NOK100,1983-08-01,29.15
M1,NOK100,1983-09-01,28.9
M1,NOK100,1983-10-01,28.95
M1,NOK100,1983-11-01,28.9
M1,NOK100,1983-12-01,28.25
M1,NOK100,1984-01-01,28.5
M1,NOK100,1984-02-01,28.81
M1,NOK100,1984-03-01,28.62
M1,NOK100,1984-04-01,28.98
M1,NOK100,1984-05-01,28.98
M1,NOK100,1984-06-01,29.15
M1,NOK100,1984-07-01,29.54
M1,NOK100,1984-08-01,28.97
M1,NOK100,1984-09-01,28.49
M1,NOK100,1984-10-01,28.28
M1,NOK100,1984-11-01,28.45
M1,NOK100,1984-12-01,28.56
M1,NOK100,1985-01-01,29.2
M1,NOK100,1985-02-01,29.62
M1,NOK100,1985-03-01,29.2
M1,NOK100,1985-04-01,28.93
M1,NOK100,1985-05-01,29.38
M1,NOK100,1985-06-01,29.02
M1,NOK100,1985-07-01,27.93
M1,NOK100,1985-08-01,27.77
M1,NOK100,1985-09-01,27.35
M1,NOK100,1985-10-01,27.29
M1,NOK100,1985-11-01,27.44
M1,NOK100,1985-12-01,27.33
M1,NOK100,1986-01-01,27.15
M1,NOK100,1986-02-01,26.88
M1,NOK100,1986-03-01,26.74
M1,NOK100,1986-04-01,26.35
M1,NOK100,1986-05-01,24.56
M1,NOK100,1986-06-01,23.9
M1,NOK100,1986-07-01,22.74
M1,NOK100,1986-08-01,22.58
M1,NOK100,1986-09-01,22.28
M1,NOK100,1986-10-01,22.75
M1,NOK100,1986-11-01,21.92
M1,NOK100,1986-12-01,21.92
M1,NOK100,1987-01-01,21.7
M1,NOK100,1987-02-01,22
M1,NOK100,1987-03-01,22.06
M1,NOK100,1987-04-01,21.82
M1,NOK100,1987-05-01,22.39
M1,NOK100,1987-06-01,22.64
M1,NOK100,1987-07-01,22.61
M1,NOK100,1987-08-01,22.42
M1,NOK100,1987-09-01,22.76
M1,NOK100,1987-10-01,21.83
M1,NOK100,1987-11-01,21.04
M1,NOK100,1987-12-01,20.48
M1,NOK100,1988-01-01,21.38
M1,NOK100,1988-02-01,21.84
M1,NOK100,1988-03-01,21.9
M1,NOK100,1988-04-01,22.53
M1,NOK100,1988-05-01,23.04
M1,NOK100,1988-06-01,22.79
M1,NOK100,1988-07-01,23.04
M1,NOK100,1988-08-01,22.85
M1,NOK100,1988-09-01,22.97
M1,NOK100,1988-10-01,22.57
M1,NOK100,1988-11-01,22.39
M1,NOK100,1988-12-01,22.96
M1,NOK100,1989-01-01,23.51
M1,NOK100,1989-02-01,23.25
M1,NOK100,1989-03-01,24.08
M1,NOK100,1989-04-01,24.38
M1,NOK100,1989-05-01,24.11
M1,NOK100,1989-06-01,23.44
M1,NOK100,1989-07-01,23.48
M1,NOK100,1989-08-01,23.69
M1,NOK100,1989-09-01,23.46
M1,NOK100,1989-10-01,23.38
M1,NOK100,1989-11-01,23.3
M1,NOK100,1989-12-01,23.41
M1,NOK100,1990-01-01,22.89
M1,NOK100,1990-02-01,22.8
M1,NOK100,1990-03-01,22.81
M1,NOK100,1990-04-01,22.31
M1,NOK100,1990-05-01,21.91
M1,NOK100,1990-06-01,22
M1,NOK100,1990-07-01,21.97
M1,NOK100,1990-08-01,21.38
M1,NOK100,1990-09-01,21.4
M1,NOK100,1990-10-01,21.79
M1,NOK100,1990-11-01,21.83
M1,NOK100,1990-12-01,21.75
M1,NOK100,1991-01-01,21.73
M1,NOK100,1991-02-01,22.08
M1,NOK100,1991-03-01,21.88
M1,NOK100,1991-04-01,21.7
M1,NOK100,1991-05-01,21.84
M1,NOK100,1991-06-01,22.08
M1,NOK100,1991-07-01,22.34
M1,NOK100,1991-08-01,22.39
M1,NOK100,1991-09-01,22.25
M1,NOK100,1991-10-01,22.42
M1,NOK100,1991-11-01,22.42
M1,NOK100,1991-12-01,22.64
M1,NOK100,1992-01-01,22.64
M1,NOK100,1992-02-01,23.11
M1,NOK100,1992-03-01,23.22
M1,NOK100,1992-04-01,23.48
M1,NOK100,1992-05-01,23.23
M1,NOK100,1992-06-01,23.07
M1,NOK100,1992-07-01,22.65
M1,NOK100,1992-08-01,22.58
M1,NOK100,1992-09-01,21.48
M1,NOK100,1992-10-01,21.89
M1,NOK100,1992-11-01,22.09
M1,NOK100,1992-12-01,20.99
M1,NOK100,1993-01-01,21.6
M1,NOK100,1993-02-01,21.71
M1,NOK100,1993-03-01,21.71
M1,NOK100,1993-04-01,21.29
M1,NOK100,1993-05-01,21.03
M1,NOK100,1993-06-01,21.01
M1,NOK100,1993-07-01,20.44
M1,NOK100,1993-08-01,20.21
M1,NOK100,1993-09-01,20.03
M1,NOK100,1993-10-01,20.22
M1,NOK100,1993-11-01,20.04
M1,NOK100,1993-12-01,19.68
M1,NOK100,1994-01-01,19.57
M1,NOK100,1994-02-01,19.23
M1,NOK100,1994-03-01,19.42
M1,NOK100,1994-04-01,19.57
M1,NOK100,1994-05-01,19.65
M1,NOK100,1994-06-01,19.3
M1,NOK100,1994-07-01,19.45
M1,NOK100,1994-08-01,19.23
M1,NOK100,1994-09-01,18.96
M1,NOK100,1994-10-01,19.19
M1,NOK100,1994-11-01,19.45
M1,NOK100,1994-12-01,19.37
M1,NOK100,1995-01-01,19.17
M1,NOK100,1995-02-01,19.14
M1,NOK100,1995-03-01,18.47
M1,NOK100,1995-04-01,18.3
M1,NOK100,1995-05-01,18.53
M1,NOK100,1995-06-01,18.66
M1,NOK100,1995-07-01,18.74
M1,NOK100,1995-08-01,18.78
M1,NOK100,1995-09-01,18.23
M1,NOK100,1995-10-01,18.26
M1,NOK100,1995-11-01,18.36
M1,NOK100,1995-12-01,18.17
M1,NOK100,1996-01-01,18.6
M1,NOK100,1996-02-01,18.71
M1,NOK100,1996-03-01,18.56
M1,NOK100,1996-04-01,18.84
M1,NOK100,1996-05-01,19.19
M1,NOK100,1996-06-01,19.26
M1,NOK100,1996-07-01,18.69
M1,NOK100,1996-08-01,18.7
M1,NOK100,1996-09-01,19.31
M1,NOK100,1996-10-01,19.68
M1,NOK100,1996-11-01,20.23
M1,NOK100,1996-12-01,20.98
M1,NOK100,1997-01-01,21.82
M1,NOK100,1997-02-01,21.86
M1,NOK100,1997-03-01,21.96
M1,NOK100,1997-04-01,20.6
M1,NOK100,1997-05-01,19.9
M1,NOK100,1997-06-01,19.92
M1,NOK100,1997-07-01,19.86
M1,NOK100,1997-08-01,20.01
M1,NOK100,1997-09-01,20.49
M1,NOK100,1997-10-01,20.07
M1,NOK100,1997-11-01,19.79
M1,NOK100,1997-12-01,19.78
M1,NOK100,1998-01-01,19.42
M1,NOK100,1998-02-01,19.43
M1,NOK100,1998-03-01,20.01
M1,NOK100,1998-04-01,20.05
M1,NOK100,1998-05-01,19.6
M1,NOK100,1998-06-01,19.87
M1,NOK100,1998-07-01,19.76
M1,NOK100,1998-08-01,18.49
M1,NOK100,1998-09-01,18.73
M1,NOK100,1998-10-01,18.31
M1,NOK100,1998-11-01,18.72
M1,NOK100,1998-12-01,18.08
M1,NOK100,1999-01-01,18.84
M1,NOK100,1999-02-01,18.24
M1,NOK100,1999-03-01,19.11
M1,NOK100,1999-04-01,19.53
M1,NOK100,1999-05-01,19.32
M1,NOK100,1999-06-01,19.76
M1,NOK100,1999-07-01,19.14
M1,NOK100,1999-08-01,19.27
M1,NOK100,1999-09-01,19.37
M1,NOK100,1999-10-01,19.42
M1,NOK100,1999-11-01,19.7
M1,NOK100,1999-12-01,19.88
M1,NOK100,2000-01-01,19.9
M1,NOK100,2000-02-01,19.88
M1,NOK100,2000-03-01,19.69
M1,NOK100,2000-04-01,19.29
M1,NOK100,2000-05-01,18.91
M1,NOK100,2000-06-01,19
M1,NOK100,2000-07-01,18.89
M1,NOK100,2000-08-01,19.16
M1,NOK100,2000-09-01,18.99
M1,NOK100,2000-10-01,19.24
M1,NOK100,2000-11-01,18.69
M1,NOK100,2000-12-01,18.45
M1,NOK100,2001-01-01,18.64
M1,NOK100,2001-02-01,18.68
M1,NOK100,2001-03-01,18.95
M1,NOK100,2001-04-01,18.96
M1,NOK100,2001-05-01,19.23
M1,NOK100,2001-06-01,19.31
M1,NOK100,2001-07-01,18.91
M1,NOK100,2001-08-01,18.78
M1,NOK100,2001-09-01,18.21
M1,NOK100,2001-10-01,18.38
M1,NOK100,2001-11-01,18.54
M1,NOK100,2001-12-01,18.62
M1,NOK100,2002-01-01,18.83
M1,NOK100,2002-02-01,19.14
M1,NOK100,2002-03-01,19.01
M1,NOK100,2002-04-01,19.3
M1,NOK100,2002-05-01,19.61
M1,NOK100,2002-06-01,19.85
M1,NOK100,2002-07-01,19.57
M1,NOK100,2002-08-01,19.89
M1,NOK100,2002-09-01,19.89
M1,NOK100,2002-10-01,19.86
M1,NOK100,2002-11-01,20.24
M1,NOK100,2002-12-01,19.92
M1,NOK100,2003-01-01,19.68
M1,NOK100,2003-02-01,18.86
M1,NOK100,2003-03-01,18.68
M1,NOK100,2003-04-01,19.29
M1,NOK100,2003-05-01,19.36
M1,NOK100,2003-06-01,18.78
M1,NOK100,2003-07-01,18.98
M1,NOK100,2003-08-01,18.55
M1,NOK100,2003-09-01,18.84
M1,NOK100,2003-10-01,18.88
M1,NOK100,2003-11-01,18.96
M1,NOK100,2003-12-01,18.5
M1,NOK100,2004-01-01,17.8
M1,NOK100,2004-02-01,17.96
M1,NOK100,2004-03-01,18.49
M1,NOK100,2004-04-01,18.92
M1,NOK100,2004-05-01,18.61
M1,NOK100,2004-06-01,18.21
M1,NOK100,2004-07-01,18.27
M1,NOK100,2004-08-01,18.3
M1,NOK100,2004-09-01,18.59
M1,NOK100,2004-10-01,18.72
M1,NOK100,2004-11-01,18.7
M1,NOK100,2004-12-01,18.72
M1,NOK100,2005-01-01,18.76
M1,NOK100,2005-02-01,18.72
M1,NOK100,2005-03-01,18.9
M1,NOK100,2005-04-01,18.86
M1,NOK100,2005-05-01,19.37
M1,NOK100,2005-06-01,19.58
M1,NOK100,2005-07-01,19.76
M1,NOK100,2005-08-01,19.66
M1,NOK100,2005-09-01,19.79
M1,NOK100,2005-10-01,19.79
M1,NOK100,2005-11-01,19.5
M1,NOK100,2005-12-01,19.44
M1,NOK100,2006-01-01,19.16
M1,NOK100,2006-02-01,19.5
M1,NOK100,2006-03-01,19.83
M1,NOK100,2006-04-01,20.28
M1,NOK100,2006-05-01,19.86
M1,NOK100,2006-06-01,19.79
M1,NOK100,2006-07-01,19.98
M1,NOK100,2006-08-01,19.46
M1,NOK100,2006-09-01,19.24
M1,NOK100,2006-10-01,19.06
M1,NOK100,2006-11-01,19.41
M1,NOK100,2006-12-01,19.41
M1,NOK100,2007-01-01,19.92
M1,NOK100,2007-02-01,19.88
M1,NOK100,2007-03-01,20.01
M1,NOK100,2007-04-01,20.24
M1,NOK100,2007-05-01,20.25
M1,NOK100,2007-06-01,20.83
M1,NOK100,2007-07-01,20.68
M1,NOK100,2007-08-01,20.71
M1,NOK100,2007-09-01,21.55
M1,NOK100,2007-10-01,21.64
M1,NOK100,2007-11-01,20.36
M1,NOK100,2007-12-01,20.79
M1,NOK100,2008-01-01,19.93
M1,NOK100,2008-02-01,20.2
M1,NOK100,2008-03-01,19.52
M1,NOK100,2008-04-01,20.15
M1,NOK100,2008-05-01,20.55
M1,NOK100,2008-06-01,20.1
M1,NOK100,2008-07-01,20.37
M1,NOK100,2008-08-01,20.33
M1,NOK100,2008-09-01,19.01
M1,NOK100,2008-10-01,17.1
M1,NOK100,2008-11-01,17.39
M1,NOK100,2008-12-01,15.1
M1,NOK100,2009-01-01,16.76
M1,NOK100,2009-02-01,16.83
M1,NOK100,2009-03-01,16.95
M1,NOK100,2009-04-01,17.25
M1,NOK100,2009-05-01,16.88
M1,NOK100,2009-06-01,16.84
M1,NOK100,2009-07-01,17.53
M1,NOK100,2009-08-01,17.64
M1,NOK100,2009-09-01,17.74
M1,NOK100,2009-10-01,18.06
M1,NOK100,2009-11-01,17.75
M1,NOK100,2009-12-01,17.86
M1,NOK100,2010-01-01,17.88
M1,NOK100,2010-02-01,18.15
M1,NOK100,2010-03-01,17.82
M1,NOK100,2010-04-01,18.28
M1,NOK100,2010-05-01,17.9
M1,NOK100,2010-06-01,16.68
M1,NOK100,2010-07-01,16.97
M1,NOK100,2010-08-01,16.16
M1,NOK100,2010-09-01,16.62
M1,NOK100,2010-10-01,16.66
M1,NOK100,2010-11-01,16.1
M1,NOK100,2010-12-01,15.99
M1,NOK100,2011-01-01,16.19
M1,NOK100,2011-02-01,16.56
M1,NOK100,2011-03-01,16.53
M1,NOK100,2011-04-01,16.54
M1,NOK100,2011-05-01,15.83
M1,NOK100,2011-06-01,15.55
M1,NOK100,2011-07-01,14.79
M1,NOK100,2011-08-01,15.18
M1,NOK100,2011-09-01,15.45
M1,NOK100,2011-10-01,15.83
M1,NOK100,2011-11-01,15.71
M1,NOK100,2011-12-01,15.62
M1,NOK100,2012-01-01,15.74
M1,NOK100,2012-02-01,16.15
M1,NOK100,2012-03-01,15.85
M1,NOK100,2012-04-01,15.84
M1,NOK100,2012-05-01,15.98
M1,NOK100,2012-06-01,15.94
M1,NOK100,2012-07-01,16.2
M1,NOK100,2012-08-01,16.48
M1,NOK100,2012-09-01,16.44
M1,NOK100,2012-10-01,16.33
M1,NOK100,2012-11-01,16.3
M1,NOK100,2012-12-01,16.39
M1,NOK100,2013-01-01,16.6
M1,NOK100,2013-02-01,16.31
M1,NOK100,2013-03-01,16.27
M1,NOK100,2013-04-01,16.07
M1,NOK100,2013-05-01,16.28
M1,NOK100,2013-06-01,15.64
M1,NOK100,2013-07-01,15.61
M1,NOK100,2013-08-01,15.21
M1,NOK100,2013-09-01,15.04
M1,NOK100,2013-10-01,15.19
M1,NOK100,2013-11-01,14.77
M1,NOK100,2013-12-01,14.65
M1,NOK100,2014-01-01,14.44
M1,NOK100,2014-02-01,14.7
M1,NOK100,2014-03-01,14.77
M1,NOK100,2014-04-01,14.78
M1,NOK100,2014-05-01,15.02
M1,NOK100,2014-06-01,14.45
M1,NOK100,2014-07-01,14.49
M1,NOK100,2014-08-01,14.8
M1,NOK100,2014-09-01,14.86
M1,NOK100,2014-10-01,14.28
M1,NOK100,2014-11-01,13.82
M1,NOK100,2014-12-01,13.34
M1,NOK100,2015-01-01,11.85
M1,NOK100,2015-02-01,12.43
M1,NOK100,2015-03-01,12.02
M1,NOK100,2015-04-01,12.49
M1,NOK100,2015-05-01,12.16
M1,NOK100,2015-06-01,11.82
M1,NOK100,2015-07-01,11.76
M1,NOK100,2015-08-01,11.55
M1,NOK100,2015-09-01,11.54
M1,NOK100,2015-10-01,11.53
M1,NOK100,2015-11-01,11.84
M1,NOK100,2015-12-01,11.25
M1,NOK100,2016-01-01,11.76
M1,NOK100,2016-02-01,11.49
M1,NOK100,2016-03-01,11.62
M1,NOK100,2016-04-01,11.89
M1,NOK100,2016-05-01,11.84
M1,NOK100,2016-06-01,11.68
M1,NOK100,2016-07-01,11.43
M1,NOK100,2016-08-01,11.81
M1,NOK100,2016-09-01,12.05
M1,NOK100,2016-10-01,11.96
M1,NOK100,2016-11-01,11.91
M1,NOK100,2016-12-01,11.82
M1,NOK100,2017-01-01,11.97
M1,NOK100,2017-02-01,12
M1,NOK100,2017-03-01,11.66
M1,NOK100,2017-04-01,11.62
M1,NOK100,2017-05-01,11.54
M1,NOK100,2017-06-01,11.45
M1,NOK100,2017-07-01,12.24
M1,NOK100,2017-08-01,12.32
M1,NOK100,2017-09-01,12.21
M1,NOK100,2017-10-01,12.2
M1,NOK100,2017-11-01,11.87
M1,NOK100,2017-12-01,11.88
M1,NOK100,2018-01-01,12.12
M1,NOK100,2018-02-01,11.97
M1,NOK100,2018-03-01,12.18
M1,NOK100,2018-04-01,12.39138
M1,NOK100,2018-05-01,12.11049
M1,NOK100,2018-06-01,12.20329
M1,NOK100,2018-07-01,12.14915
M1,NOK100,2018-08-01,11.6117
M1,NOK100,2018-09-01,11.96598
M1,NOK100,2018-10-01,11.9239
M1,NOK100,2018-11-01,11.62804
M1,NOK100,2018-12-01,11.32926
M1,NOK100,2019-01-01,11.81268
M1,NOK100,2019-02-01,11.66013
M1,NOK100,2019-03-01,11.51312
M1,NOK100,2019-04-01,11.79281
M1,NOK100,2019-05-01,11.45028
M1,NOK100,2019-06-01,11.43823
M1,NOK100,2019-07-01,11.29978
M1,NOK100,2019-08-01,10.86911
M1,NOK100,2019-09-01,10.93957
M1,NOK100,2019-10-01,10.73211
M1,NOK100,2019-11-01,10.87593
M1,NOK100,2019-12-01,11.01398
M1,NOK100,2020-01-01,10.51385
M1,NOK100,2020-02-01,10.21745
M1,NOK100,2020-03-01,9.19246
M1,NOK100,2020-04-01,9.42014
M1,NOK100,2020-05-01,9.86218
M1,NOK100,2020-06-01,9.77357
M1,NOK100,2020-07-01,10.02186
M1,NOK100,2020-08-01,10.28389
M1,NOK100,2020-09-01,9.75811
M1,NOK100,2020-10-01,9.60204
M1,NOK100,2020-11-01,10.24876
M1,NOK100,2020-12-01,10.31814
M1,NOK100,2021-01-01,10.38495
M1,NOK100,2021-02-01,10.60102
M1,NOK100,2021-03-01,11.05536
M1,NOK100,2021-04-01,11.05634
M1,NOK100,2021-05-01,10.75856
M1,NOK100,2021-06-01,10.75842
M1,NOK100,2021-07-01,10.33762
M1,NOK100,2021-08-01,10.56069
M1,NOK100,2021-09-01,10.60618
M1,NOK100,2021-10-01,10.88774
M1,NOK100,2021-11-01,10.14293
M1,NOK100,2021-12-01,10.36158
M1,NOK100,2022-01-01,10.41045
M1,NOK100,2022-02-01,10.35917
M1,NOK100,2022-03-01,10.62925
M1,NOK100,2022-04-01,10.42846
M1,NOK100,2022-05-01,10.2099
M1,NOK100,2022-06-01,9.63728
M1,NOK100,2022-07-01,9.83065
M1,NOK100,2022-08-01,9.85964
M1,NOK100,2022-09-01,9.14962
M1,NOK100,2022-10-01,9.66653
M1,NOK100,2022-11-01,9.57774
M1,NOK100,2022-12-01,9.3579
M1,NOK100,2023-01-01,9.22067
M1,NOK100,2023-02-01,9.05776
M1,NOK100,2023-03-01,8.78492
M1,NOK100,2023-04-01,8.32869
M1,NOK100,2023-05-01,8.08099
M1,NOK100,2023-06-01,8.36249
M1,NOK100,2023-07-01,8.56499
M1,NOK100,2023-08-01,8.26367
M1,NOK100,2023-09-01,8.57473
M1,NOK100,2023-10-01,8.10413
M1,NOK100,2023-11-01,8.1725
M1,NOK100,2023-12-01,8.25529
M1,NOK100,2024-01-01,8.23519
M1,NOK100,2024-02-01,8.28584
M1,NOK100,2024-03-01,8.34892
M1,NOK100,2024-04-01,8.27409
M1,NOK100,2024-05-01,8.60942
M1,NOK100,2024-06-01,8.43767
M1,NOK100,2024-07-01,8.07477
M1,NOK100,2024-08-01,8.06383
M1,NOK100,2024-09-01,8.02944
M1,NOK100,2024-10-01,7.88917
M1,NOK100,2024-11-01,7.9536
M1,NOK100,2024-12-01,7.9884
M1,NOK100,2025-01-01,8.03953
M1,NOK100,2025-02-01,8.0082
M1,NOK100,2025-03-01,8.37916
M1,NOK100,2025-04-01,7.97204
M1,NOK100,2025-05-01,8.09001
M1,NOK100,2025-06-01,7.91833
M1,NOK100,2025-07-01,7.88657
M1,NOK100,2025-08-01,7.9583
M1,NOK100,2025-09-01,7.9708
M1,NOK100,2025-10-01,7.95519
M1,NOK100,2025-11-01,7.93004
M1,NOK100,2025-12-01,7.88052
M1,NOK100,2026-01-01,8.00766
M1,NOK100,2026-02-01,8.13408
M1,NOK100,2026-03-01,8.17896
M1,NOK100,2026-04-01,8.43578
M1,NOK100,2026-05-01,8.48962
M1,NOK100,2026-06-01,8.15905
M1,NOK100,2026-07-01,8.4633
M1,NZD1,1999-01-01,0.7609
M1,NZD1,1999-02-01,0.7551
M1,NZD1,1999-03-01,0.7926
M1,NZD1,1999-04-01,0.8477
M1,NZD1,1999-05-01,0.8154
M1,NZD1,1999-06-01,0.8207
M1,NZD1,1999-07-01,0.7897
M1,NZD1,1999-08-01,0.7851
M1,NZD1,1999-09-01,0.7752
M1,NZD1,1999-10-01,0.7786
M1,NZD1,1999-11-01,0.8121
M1,NZD1,1999-12-01,0.8313
M1,NZD1,2000-01-01,0.8099
M1,NZD1,2000-02-01,0.799
M1,NZD1,2000-03-01,0.8222
M1,NZD1,2000-04-01,0.8431
M1,NZD1,2000-05-01,0.7713
M1,NZD1,2000-06-01,0.762
M1,NZD1,2000-07-01,0.7604
M1,NZD1,2000-08-01,0.7459
M1,NZD1,2000-09-01,0.7067
M1,NZD1,2000-10-01,0.7119
M1,NZD1,2000-11-01,0.702
M1,NZD1,2000-12-01,0.7203
M1,NZD1,2001-01-01,0.7231
M1,NZD1,2001-02-01,0.7196
M1,NZD1,2001-03-01,0.6934
M1,NZD1,2001-04-01,0.7102
M1,NZD1,2001-05-01,0.7394
M1,NZD1,2001-06-01,0.7245
M1,NZD1,2001-07-01,0.7113
M1,NZD1,2001-08-01,0.7291
M1,NZD1,2001-09-01,0.6565
M1,NZD1,2001-10-01,0.6719
M1,NZD1,2001-11-01,0.6867
M1,NZD1,2001-12-01,0.6958
M1,NZD1,2002-01-01,0.7095
M1,NZD1,2002-02-01,0.7162
M1,NZD1,2002-03-01,0.7383
M1,NZD1,2002-04-01,0.7242
M1,NZD1,2002-05-01,0.7522
M1,NZD1,2002-06-01,0.7239
M1,NZD1,2002-07-01,0.6974
M1,NZD1,2002-08-01,0.7014
M1,NZD1,2002-09-01,0.7005
M1,NZD1,2002-10-01,0.7171
M1,NZD1,2002-11-01,0.7381
M1,NZD1,2002-12-01,0.7311
M1,NZD1,2003-01-01,0.7409
M1,NZD1,2003-02-01,0.7614
M1,NZD1,2003-03-01,0.7519
M1,NZD1,2003-04-01,0.7596
M1,NZD1,2003-05-01,0.746
M1,NZD1,2003-06-01,0.7914
M1,NZD1,2003-07-01,0.7944
M1,NZD1,2003-08-01,0.8091
M1,NZD1,2003-09-01,0.7856
M1,NZD1,2003-10-01,0.8134
M1,NZD1,2003-11-01,0.8269
M1,NZD1,2003-12-01,0.8102
M1,NZD1,2004-01-01,0.8409
M1,NZD1,2004-02-01,0.8702
M1,NZD1,2004-03-01,0.8451
M1,NZD1,2004-04-01,0.8062
M1,NZD1,2004-05-01,0.7851
M1,NZD1,2004-06-01,0.7943
M1,NZD1,2004-07-01,0.8087
M1,NZD1,2004-08-01,0.8312
M1,NZD1,2004-09-01,0.8428
M1,NZD1,2004-10-01,0.8177
M1,NZD1,2004-11-01,0.8138
M1,NZD1,2004-12-01,0.8138
M1,NZD1,2005-01-01,0.8468
M1,NZD1,2005-02-01,0.8432
M1,NZD1,2005-03-01,0.85
M1,NZD1,2005-04-01,0.8668
M1,NZD1,2005-05-01,0.881
M1,NZD1,2005-06-01,0.8937
M1,NZD1,2005-07-01,0.8816
M1,NZD1,2005-08-01,0.8745
M1,NZD1,2005-09-01,0.8949
M1,NZD1,2005-10-01,0.901
M1,NZD1,2005-11-01,0.924
M1,NZD1,2005-12-01,0.898
M1,NZD1,2006-01-01,0.8757
M1,NZD1,2006-02-01,0.8692
M1,NZD1,2006-03-01,0.7987
M1,NZD1,2006-04-01,0.7939
M1,NZD1,2006-05-01,0.7764
M1,NZD1,2006-06-01,0.7488
M1,NZD1,2006-07-01,0.7632
M1,NZD1,2006-08-01,0.7986
M1,NZD1,2006-09-01,0.8149
M1,NZD1,2006-10-01,0.8323
M1,NZD1,2006-11-01,0.8208
M1,NZD1,2006-12-01,0.861
M1,NZD1,2007-01-01,0.861
M1,NZD1,2007-02-01,0.8546
M1,NZD1,2007-03-01,0.8691
M1,NZD1,2007-04-01,0.8924
M1,NZD1,2007-05-01,0.8966
M1,NZD1,2007-06-01,0.9505
M1,NZD1,2007-07-01,0.9273
M1,NZD1,2007-08-01,0.8537
M1,NZD1,2007-09-01,0.8853
M1,NZD1,2007-10-01,0.8876
M1,NZD1,2007-11-01,0.8653
M1,NZD1,2007-12-01,0.8719
M1,NZD1,2008-01-01,0.847
M1,NZD1,2008-02-01,0.8529
M1,NZD1,2008-03-01,0.7842
M1,NZD1,2008-04-01,0.8052
M1,NZD1,2008-05-01,0.82
M1,NZD1,2008-06-01,0.7772
M1,NZD1,2008-07-01,0.7684
M1,NZD1,2008-08-01,0.7714
M1,NZD1,2008-09-01,0.7431
M1,NZD1,2008-10-01,0.6667
M1,NZD1,2008-11-01,0.6641
M1,NZD1,2008-12-01,0.612
M1,NZD1,2009-01-01,0.5918
M1,NZD1,2009-02-01,0.5899
M1,NZD1,2009-03-01,0.6494
M1,NZD1,2009-04-01,0.6473
M1,NZD1,2009-05-01,0.6818
M1,NZD1,2009-06-01,0.705
M1,NZD1,2009-07-01,0.7124
M1,NZD1,2009-08-01,0.7237
M1,NZD1,2009-09-01,0.7441
M1,NZD1,2009-10-01,0.745
M1,NZD1,2009-11-01,0.7175
M1,NZD1,2009-12-01,0.7479
M1,NZD1,2010-01-01,0.7427
M1,NZD1,2010-02-01,0.7484
M1,NZD1,2010-03-01,0.7544
M1,NZD1,2010-04-01,0.7838
M1,NZD1,2010-05-01,0.789
M1,NZD1,2010-06-01,0.7495
M1,NZD1,2010-07-01,0.7479
M1,NZD1,2010-08-01,0.7142
M1,NZD1,2010-09-01,0.7209
M1,NZD1,2010-10-01,0.7444
M1,NZD1,2010-11-01,0.7402
M1,NZD1,2010-12-01,0.7233
M1,NZD1,2011-01-01,0.725
M1,NZD1,2011-02-01,0.697
M1,NZD1,2011-03-01,0.6966
M1,NZD1,2011-04-01,0.6983
M1,NZD1,2011-05-01,0.701
M1,NZD1,2011-06-01,0.6908
M1,NZD1,2011-07-01,0.6945
M1,NZD1,2011-08-01,0.6943
M1,NZD1,2011-09-01,0.6878
M1,NZD1,2011-10-01,0.7069
M1,NZD1,2011-11-01,0.7004
M1,NZD1,2011-12-01,0.7266
M1,NZD1,2012-01-01,0.758
M1,NZD1,2012-02-01,0.7547
M1,NZD1,2012-03-01,0.7413
M1,NZD1,2012-04-01,0.7449
M1,NZD1,2012-05-01,0.732
M1,NZD1,2012-06-01,0.7626
M1,NZD1,2012-07-01,0.7927
M1,NZD1,2012-08-01,0.7672
M1,NZD1,2012-09-01,0.7795
M1,NZD1,2012-10-01,0.7638
M1,NZD1,2012-11-01,0.7616
M1,NZD1,2012-12-01,0.7526
M1,NZD1,2013-01-01,0.7629
M1,NZD1,2013-02-01,0.7727
M1,NZD1,2013-03-01,0.7942
M1,NZD1,2013-04-01,0.8014
M1,NZD1,2013-05-01,0.7641
M1,NZD1,2013-06-01,0.7383
M1,NZD1,2013-07-01,0.74
M1,NZD1,2013-08-01,0.7226
M1,NZD1,2013-09-01,0.7501
M1,NZD1,2013-10-01,0.7449
M1,NZD1,2013-11-01,0.7361
M1,NZD1,2013-12-01,0.7315
M1,NZD1,2014-01-01,0.7363
M1,NZD1,2014-02-01,0.7459
M1,NZD1,2014-03-01,0.7675
M1,NZD1,2014-04-01,0.7565
M1,NZD1,2014-05-01,0.7617
M1,NZD1,2014-06-01,0.7773
M1,NZD1,2014-07-01,0.771
M1,NZD1,2014-08-01,0.7677
M1,NZD1,2014-09-01,0.7394
M1,NZD1,2014-10-01,0.7538
M1,NZD1,2014-11-01,0.7587
M1,NZD1,2014-12-01,0.7759
M1,NZD1,2015-01-01,0.6702
M1,NZD1,2015-02-01,0.718
M1,NZD1,2015-03-01,0.7267
M1,NZD1,2015-04-01,0.7126
M1,NZD1,2015-05-01,0.6713
M1,NZD1,2015-06-01,0.6309
M1,NZD1,2015-07-01,0.6308
M1,NZD1,2015-08-01,0.6177
M1,NZD1,2015-09-01,0.6215
M1,NZD1,2015-10-01,0.6671
M1,NZD1,2015-11-01,0.6754
M1,NZD1,2015-12-01,0.6794
M1,NZD1,2016-01-01,0.663
M1,NZD1,2016-02-01,0.6596
M1,NZD1,2016-03-01,0.6665
M1,NZD1,2016-04-01,0.6709
M1,NZD1,2016-05-01,0.6662
M1,NZD1,2016-06-01,0.6956
M1,NZD1,2016-07-01,0.6936
M1,NZD1,2016-08-01,0.7129
M1,NZD1,2016-09-01,0.703
M1,NZD1,2016-10-01,0.707
M1,NZD1,2016-11-01,0.7247
M1,NZD1,2016-12-01,0.7065
M1,NZD1,2017-01-01,0.7249
M1,NZD1,2017-02-01,0.7233
M1,NZD1,2017-03-01,0.6988
M1,NZD1,2017-04-01,0.6821
M1,NZD1,2017-05-01,0.6912
M1,NZD1,2017-06-01,0.7021
M1,NZD1,2017-07-01,0.7267
M1,NZD1,2017-08-01,0.6901
M1,NZD1,2017-09-01,0.7002
M1,NZD1,2017-10-01,0.6822
M1,NZD1,2017-11-01,0.6746
M1,NZD1,2017-12-01,0.6945
M1,NZD1,2018-01-01,0.6889
M1,NZD1,2018-02-01,0.6805
M1,NZD1,2018-03-01,0.6906
M1,NZD1,2018-04-01,0.69806
M1,NZD1,2018-05-01,0.69066
M1,NZD1,2018-06-01,0.67238
M1,NZD1,2018-07-01,0.67325
M1,NZD1,2018-08-01,0.64344
M1,NZD1,2018-09-01,0.64596
M1,NZD1,2018-10-01,0.65685
M1,NZD1,2018-11-01,0.68351
M1,NZD1,2018-12-01,0.66103
M1,NZD1,2019-01-01,0.68608
M1,NZD1,2019-02-01,0.68133
M1,NZD1,2019-03-01,0.67623
M1,NZD1,2019-04-01,0.67958
M1,NZD1,2019-05-01,0.65525
M1,NZD1,2019-06-01,0.65326
M1,NZD1,2019-07-01,0.6546
M1,NZD1,2019-08-01,0.62287
M1,NZD1,2019-09-01,0.62185
M1,NZD1,2019-10-01,0.63124
M1,NZD1,2019-11-01,0.64322
M1,NZD1,2019-12-01,0.65197
M1,NZD1,2020-01-01,0.62639
M1,NZD1,2020-02-01,0.60251
M1,NZD1,2020-03-01,0.57602
M1,NZD1,2020-04-01,0.59434
M1,NZD1,2020-05-01,0.59643
M1,NZD1,2020-06-01,0.60917
M1,NZD1,2020-07-01,0.60649
M1,NZD1,2020-08-01,0.60797
M1,NZD1,2020-09-01,0.60715
M1,NZD1,2020-10-01,0.60784
M1,NZD1,2020-11-01,0.63583
M1,NZD1,2020-12-01,0.63614
M1,NZD1,2021-01-01,0.63725
M1,NZD1,2021-02-01,0.66206
M1,NZD1,2021-03-01,0.65889
M1,NZD1,2021-04-01,0.65794
M1,NZD1,2021-05-01,0.65324
M1,NZD1,2021-06-01,0.64414
M1,NZD1,2021-07-01,0.63511
M1,NZD1,2021-08-01,0.6451
M1,NZD1,2021-09-01,0.64214
M1,NZD1,2021-10-01,0.65459
M1,NZD1,2021-11-01,0.62657
M1,NZD1,2021-12-01,0.62447
M1,NZD1,2022-01-01,0.61306
M1,NZD1,2022-02-01,0.61961
M1,NZD1,2022-03-01,0.64144
M1,NZD1,2022-04-01,0.63195
M1,NZD1,2022-05-01,0.6271
M1,NZD1,2022-06-01,0.59554
M1,NZD1,2022-07-01,0.60014
M1,NZD1,2022-08-01,0.59886
M1,NZD1,2022-09-01,0.55907
M1,NZD1,2022-10-01,0.58098
M1,NZD1,2022-11-01,0.59294
M1,NZD1,2022-12-01,0.58479
M1,NZD1,2023-01-01,0.5957
M1,NZD1,2023-02-01,0.57631
M1,NZD1,2023-03-01,0.57371
M1,NZD1,2023-04-01,0.54902
M1,NZD1,2023-05-01,0.54658
M1,NZD1,2023-06-01,0.54779
M1,NZD1,2023-07-01,0.53914
M1,NZD1,2023-08-01,0.52425
M1,NZD1,2023-09-01,0.54852
M1,NZD1,2023-10-01,0.5277
M1,NZD1,2023-11-01,0.53838
M1,NZD1,2023-12-01,0.53024
M1,NZD1,2024-01-01,0.5287
M1,NZD1,2024-02-01,0.53468
M1,NZD1,2024-03-01,0.53991
M1,NZD1,2024-04-01,0.5423
M1,NZD1,2024-05-01,0.55504
M1,NZD1,2024-06-01,0.54612
M1,NZD1,2024-07-01,0.52123
M1,NZD1,2024-08-01,0.53142
M1,NZD1,2024-09-01,0.53617
M1,NZD1,2024-10-01,0.51684
M1,NZD1,2024-11-01,0.52108
M1,NZD1,2024-12-01,0.50875
M1,NZD1,2025-01-01,0.51466
M1,NZD1,2025-02-01,0.50515
M1,NZD1,2025-03-01,0.50112
M1,NZD1,2025-04-01,0.48875999999999997
M1,NZD1,2025-05-01,0.49053
M1,NZD1,2025-06-01,0.48404
M1,NZD1,2025-07-01,0.48075
M1,NZD1,2025-08-01,0.47189
M1,NZD1,2025-09-01,0.4619
M1,NZD1,2025-10-01,0.45873
M1,NZD1,2025-11-01,0.46035
M1,NZD1,2025-12-01,0.4575
M1,NZD1,2026-01-01,0.46457
M1,NZD1,2026-02-01,0.46274
M1,NZD1,2026-03-01,0.45712
M1,NZD1,2026-04-01,0.46116
M1,NZD1,2026-05-01,0.46752
M1,NZD1,2026-06-01,0.45745
M1,NZD1,2026-07-01,0.47449
M1,PLN100,1999-01-01,38.63
M1,PLN100,1999-02-01,36.6
M1,PLN100,1999-03-01,37.28
M1,PLN100,1999-04-01,38.49
M1,PLN100,1999-05-01,38.41
M1,PLN100,1999-06-01,39.63
M1,PLN100,1999-07-01,38.67
M1,PLN100,1999-08-01,38.27
M1,PLN100,1999-09-01,36.51
M1,PLN100,1999-10-01,36.14
M1,PLN100,1999-11-01,37.53
M1,PLN100,1999-12-01,38.6
M1,PLN100,2000-01-01,39
M1,PLN100,2000-02-01,39.04
M1,PLN100,2000-03-01,40.15
M1,PLN100,2000-04-01,39.39
M1,PLN100,2000-05-01,38.36
M1,PLN100,2000-06-01,36.92
M1,PLN100,2000-07-01,38.58
M1,PLN100,2000-08-01,39.6
M1,PLN100,2000-09-01,38.13
M1,PLN100,2000-10-01,38.65
M1,PLN100,2000-11-01,38.75
M1,PLN100,2000-12-01,39.45
M1,PLN100,2001-01-01,40.13
M1,PLN100,2001-02-01,41.02
M1,PLN100,2001-03-01,42.31
M1,PLN100,2001-04-01,43.33
M1,PLN100,2001-05-01,44.73
M1,PLN100,2001-06-01,45.01
M1,PLN100,2001-07-01,40.67
M1,PLN100,2001-08-01,38.99
M1,PLN100,2001-09-01,38.16
M1,PLN100,2001-10-01,39.57
M1,PLN100,2001-11-01,40.63
M1,PLN100,2001-12-01,42.33
M1,PLN100,2002-01-01,40.96
M1,PLN100,2002-02-01,40.55
M1,PLN100,2002-03-01,40.82
M1,PLN100,2002-04-01,40.71
M1,PLN100,2002-05-01,38.75
M1,PLN100,2002-06-01,36.63
M1,PLN100,2002-07-01,35.59
M1,PLN100,2002-08-01,35.99
M1,PLN100,2002-09-01,35.93
M1,PLN100,2002-10-01,36.75
M1,PLN100,2002-11-01,37.1
M1,PLN100,2002-12-01,36.08
M1,PLN100,2003-01-01,35.58
M1,PLN100,2003-02-01,34.74
M1,PLN100,2003-03-01,33.52
M1,PLN100,2003-04-01,35.35
M1,PLN100,2003-05-01,34.83
M1,PLN100,2003-06-01,34.84
M1,PLN100,2003-07-01,35.26
M1,PLN100,2003-08-01,35.25
M1,PLN100,2003-09-01,33.2
M1,PLN100,2003-10-01,33.01
M1,PLN100,2003-11-01,32.87
M1,PLN100,2003-12-01,33.08
M1,PLN100,2004-01-01,32.75
M1,PLN100,2004-02-01,32.27
M1,PLN100,2004-03-01,32.94
M1,PLN100,2004-04-01,32.2
M1,PLN100,2004-05-01,32.79
M1,PLN100,2004-06-01,33.64
M1,PLN100,2004-07-01,35.13
M1,PLN100,2004-08-01,34.68
M1,PLN100,2004-09-01,35.43
M1,PLN100,2004-10-01,35.25
M1,PLN100,2004-11-01,35.88
M1,PLN100,2004-12-01,37.85
M1,PLN100,2005-01-01,38.27
M1,PLN100,2005-02-01,39.37
M1,PLN100,2005-03-01,37.9
M1,PLN100,2005-04-01,35.9
M1,PLN100,2005-05-01,37.32
M1,PLN100,2005-06-01,38.28
M1,PLN100,2005-07-01,38.29
M1,PLN100,2005-08-01,38.27
M1,PLN100,2005-09-01,39.68
M1,PLN100,2005-10-01,38.72
M1,PLN100,2005-11-01,39.59
M1,PLN100,2005-12-01,40.27
M1,PLN100,2006-01-01,40.53
M1,PLN100,2006-02-01,41.5
M1,PLN100,2006-03-01,40.13
M1,PLN100,2006-04-01,40.64
M1,PLN100,2006-05-01,39.42
M1,PLN100,2006-06-01,38.73
M1,PLN100,2006-07-01,40
M1,PLN100,2006-08-01,39.96
M1,PLN100,2006-09-01,39.79
M1,PLN100,2006-10-01,40.81
M1,PLN100,2006-11-01,41.67
M1,PLN100,2006-12-01,41.92
M1,PLN100,2007-01-01,41.29
M1,PLN100,2007-02-01,41.14
M1,PLN100,2007-03-01,42.01
M1,PLN100,2007-04-01,43.35
M1,PLN100,2007-05-01,43.11
M1,PLN100,2007-06-01,43.98
M1,PLN100,2007-07-01,43.49
M1,PLN100,2007-08-01,43.05
M1,PLN100,2007-09-01,43.9
M1,PLN100,2007-10-01,46.08
M1,PLN100,2007-11-01,45.49
M1,PLN100,2007-12-01,46.11
M1,PLN100,2008-01-01,44.29
M1,PLN100,2008-02-01,45.28
M1,PLN100,2008-03-01,44.49
M1,PLN100,2008-04-01,46.64
M1,PLN100,2008-05-01,48.11
M1,PLN100,2008-06-01,47.84
M1,PLN100,2008-07-01,50.96
M1,PLN100,2008-08-01,48.11
M1,PLN100,2008-09-01,46.32
M1,PLN100,2008-10-01,40.2
M1,PLN100,2008-11-01,41.18
M1,PLN100,2008-12-01,35.63
M1,PLN100,2009-01-01,33.49
M1,PLN100,2009-02-01,31.69
M1,PLN100,2009-03-01,32.3
M1,PLN100,2009-04-01,34.54
M1,PLN100,2009-05-01,33.75
M1,PLN100,2009-06-01,34.1
M1,PLN100,2009-07-01,36.9
M1,PLN100,2009-08-01,36.95
M1,PLN100,2009-09-01,35.67
M1,PLN100,2009-10-01,35.62
M1,PLN100,2009-11-01,36.39
M1,PLN100,2009-12-01,36.08
M1,PLN100,2010-01-01,36.14
M1,PLN100,2010-02-01,36.75
M1,PLN100,2010-03-01,37
M1,PLN100,2010-04-01,36.77
M1,PLN100,2010-05-01,34.86
M1,PLN100,2010-06-01,31.9
M1,PLN100,2010-07-01,33.79
M1,PLN100,2010-08-01,32.33
M1,PLN100,2010-09-01,33.37
M1,PLN100,2010-10-01,34.3
M1,PLN100,2010-11-01,31.9
M1,PLN100,2010-12-01,31.52
M1,PLN100,2011-01-01,32.65
M1,PLN100,2011-02-01,32.24
M1,PLN100,2011-03-01,32.32
M1,PLN100,2011-04-01,32.74
M1,PLN100,2011-05-01,30.96
M1,PLN100,2011-06-01,30.3
M1,PLN100,2011-07-01,28.5
M1,PLN100,2011-08-01,28.33
M1,PLN100,2011-09-01,27.65
M1,PLN100,2011-10-01,28.08
M1,PLN100,2011-11-01,26.93
M1,PLN100,2011-12-01,27.51
M1,PLN100,2012-01-01,28.52
M1,PLN100,2012-02-01,29.13
M1,PLN100,2012-03-01,28.95
M1,PLN100,2012-04-01,28.79
M1,PLN100,2012-05-01,27.36
M1,PLN100,2012-06-01,28.18
M1,PLN100,2012-07-01,29.23
M1,PLN100,2012-08-01,28.7
M1,PLN100,2012-09-01,29.41
M1,PLN100,2012-10-01,29.2
M1,PLN100,2012-11-01,29.43
M1,PLN100,2012-12-01,29.53
M1,PLN100,2013-01-01,29.5
M1,PLN100,2013-02-01,29.35
M1,PLN100,2013-03-01,29.14
M1,PLN100,2013-04-01,29.57
M1,PLN100,2013-05-01,28.97
M1,PLN100,2013-06-01,28.52
M1,PLN100,2013-07-01,29.01
M1,PLN100,2013-08-01,28.86
M1,PLN100,2013-09-01,28.99
M1,PLN100,2013-10-01,29.51
M1,PLN100,2013-11-01,29.34
M1,PLN100,2013-12-01,29.56
M1,PLN100,2014-01-01,28.86
M1,PLN100,2014-02-01,29.23
M1,PLN100,2014-03-01,29.24
M1,PLN100,2014-04-01,29.04
M1,PLN100,2014-05-01,29.47
M1,PLN100,2014-06-01,29.2
M1,PLN100,2014-07-01,29.21
M1,PLN100,2014-08-01,28.62
M1,PLN100,2014-09-01,28.9
M1,PLN100,2014-10-01,28.69
M1,PLN100,2014-11-01,28.74
M1,PLN100,2014-12-01,28.22
M1,PLN100,2015-01-01,24.84
M1,PLN100,2015-02-01,25.69
M1,PLN100,2015-03-01,25.56
M1,PLN100,2015-04-01,26.02
M1,PLN100,2015-05-01,25.05
M1,PLN100,2015-06-01,24.74
M1,PLN100,2015-07-01,25.4
M1,PLN100,2015-08-01,25.5
M1,PLN100,2015-09-01,25.78
M1,PLN100,2015-10-01,25.47
M1,PLN100,2015-11-01,25.57
M1,PLN100,2015-12-01,25.38
M1,PLN100,2016-01-01,25.03
M1,PLN100,2016-02-01,25.04
M1,PLN100,2016-03-01,25.6
M1,PLN100,2016-04-01,24.86
M1,PLN100,2016-05-01,25.18
M1,PLN100,2016-06-01,24.58
M1,PLN100,2016-07-01,24.84
M1,PLN100,2016-08-01,25.15
M1,PLN100,2016-09-01,25.11
M1,PLN100,2016-10-01,25.03
M1,PLN100,2016-11-01,24.29
M1,PLN100,2016-12-01,24.28
M1,PLN100,2017-01-01,24.6
M1,PLN100,2017-02-01,24.67
M1,PLN100,2017-03-01,25.34
M1,PLN100,2017-04-01,25.67
M1,PLN100,2017-05-01,26.08
M1,PLN100,2017-06-01,25.85
M1,PLN100,2017-07-01,26.75
M1,PLN100,2017-08-01,26.89
M1,PLN100,2017-09-01,26.57
M1,PLN100,2017-10-01,27.32
M1,PLN100,2017-11-01,27.77
M1,PLN100,2017-12-01,28.03
M1,PLN100,2018-01-01,27.96
M1,PLN100,2018-02-01,27.57
M1,PLN100,2018-03-01,27.91
M1,PLN100,2018-04-01,28.38051
M1,PLN100,2018-05-01,26.85319
M1,PLN100,2018-06-01,26.5277
M1,PLN100,2018-07-01,27.08093
M1,PLN100,2018-08-01,26.29034
M1,PLN100,2018-09-01,26.56942
M1,PLN100,2018-10-01,26.33315
M1,PLN100,2018-11-01,26.39949
M1,PLN100,2018-12-01,26.19681
M1,PLN100,2019-01-01,26.64922
M1,PLN100,2019-02-01,26.3103
M1,PLN100,2019-03-01,25.96658
M1,PLN100,2019-04-01,26.59658
M1,PLN100,2019-05-01,26.11576
M1,PLN100,2019-06-01,26.09022
M1,PLN100,2019-07-01,25.72924
M1,PLN100,2019-08-01,24.8911
M1,PLN100,2019-09-01,24.82811
M1,PLN100,2019-10-01,25.85543
M1,PLN100,2019-11-01,25.44092
M1,PLN100,2019-12-01,25.49502
M1,PLN100,2020-01-01,24.87757
M1,PLN100,2020-02-01,24.55287
M1,PLN100,2020-03-01,23.25478
M1,PLN100,2020-04-01,23.26721
M1,PLN100,2020-05-01,24.02633
M1,PLN100,2020-06-01,23.90971
M1,PLN100,2020-07-01,24.42492
M1,PLN100,2020-08-01,24.45768
M1,PLN100,2020-09-01,23.87481
M1,PLN100,2020-10-01,23.15042
M1,PLN100,2020-11-01,24.17162
M1,PLN100,2020-12-01,23.47113
M1,PLN100,2021-01-01,23.7459
M1,PLN100,2021-02-01,24.26727
M1,PLN100,2021-03-01,23.73806
M1,PLN100,2021-04-01,24.09394
M1,PLN100,2021-05-01,24.49907
M1,PLN100,2021-06-01,24.26832
M1,PLN100,2021-07-01,23.5654
M1,PLN100,2021-08-01,23.82125
M1,PLN100,2021-09-01,23.40697
M1,PLN100,2021-10-01,22.98684
M1,PLN100,2021-11-01,22.27627
M1,PLN100,2021-12-01,22.48694
M1,PLN100,2022-01-01,22.64685
M1,PLN100,2022-02-01,21.98408
M1,PLN100,2022-03-01,22.12654
M1,PLN100,2022-04-01,21.98611
M1,PLN100,2022-05-01,22.5384
M1,PLN100,2022-06-01,21.31641
M1,PLN100,2022-07-01,20.54257
M1,PLN100,2022-08-01,20.63482
M1,PLN100,2022-09-01,19.71603
M1,PLN100,2022-10-01,21.1002
M1,PLN100,2022-11-01,21.09585
M1,PLN100,2022-12-01,20.97962
M1,PLN100,2023-01-01,21.31406
M1,PLN100,2023-02-01,21.09329
M1,PLN100,2023-03-01,21.3394
M1,PLN100,2023-04-01,21.45337
M1,PLN100,2023-05-01,21.41028
M1,PLN100,2023-06-01,21.94846
M1,PLN100,2023-07-01,21.76478
M1,PLN100,2023-08-01,21.44213
M1,PLN100,2023-09-01,20.82341
M1,PLN100,2023-10-01,21.62208
M1,PLN100,2023-11-01,21.97839
M1,PLN100,2023-12-01,21.34545
M1,PLN100,2024-01-01,21.50154
M1,PLN100,2024-02-01,22.05672
M1,PLN100,2024-03-01,22.60865
M1,PLN100,2024-04-01,22.6163
M1,PLN100,2024-05-01,23.00114
M1,PLN100,2024-06-01,22.31454
M1,PLN100,2024-07-01,22.20486
M1,PLN100,2024-08-01,21.96423
M1,PLN100,2024-09-01,22.07938
M1,PLN100,2024-10-01,21.60064
M1,PLN100,2024-11-01,21.61307
M1,PLN100,2024-12-01,22.04229
M1,PLN100,2025-01-01,22.44553
M1,PLN100,2025-02-01,22.55145
M1,PLN100,2025-03-01,22.79067
M1,PLN100,2025-04-01,21.94519
M1,PLN100,2025-05-01,21.95577
M1,PLN100,2025-06-01,22.05358
M1,PLN100,2025-07-01,21.81286
M1,PLN100,2025-08-01,21.90039
M1,PLN100,2025-09-01,21.92267
M1,PLN100,2025-10-01,21.80844
M1,PLN100,2025-11-01,22.02119
M1,PLN100,2025-12-01,22.02877
M1,PLN100,2026-01-01,21.75006
M1,PLN100,2026-02-01,21.58818
M1,PLN100,2026-03-01,21.39152
M1,PLN100,2026-04-01,21.65556
M1,PLN100,2026-05-01,21.55101
M1,PLN100,2026-06-01,21.46475
M1,PLN100,2026-07-01,21.54364
M1,RUB1,1998-01-01,0.24370000000000003
M1,RUB1,1998-02-01,0.2426
M1,RUB1,1998-03-01,0.2502
M1,RUB1,1998-04-01,0.2446
M1,RUB1,1998-05-01,0.24
M1,RUB1,1998-06-01,0.2447
M1,RUB1,1998-07-01,0.2379
M1,RUB1,1998-08-01,0.1452
M1,RUB1,1998-09-01,0.08800000000000001
M1,RUB1,1998-10-01,0.08130000000000001
M1,RUB1,1998-11-01,0.0776
M1,RUB1,1998-12-01,0.0689
M1,RUB1,1999-01-01,0.061399999999999996
M1,RUB1,1999-02-01,0.062400000000000004
M1,RUB1,1999-03-01,0.05940000000000001
M1,RUB1,1999-04-01,0.0618
M1,RUB1,1999-05-01,0.061200000000000004
M1,RUB1,1999-06-01,0.0638
M1,RUB1,1999-07-01,0.061200000000000004
M1,RUB1,1999-08-01,0.0596
M1,RUB1,1999-09-01,0.0593
M1,RUB1,1999-10-01,0.057999999999999996
M1,RUB1,1999-11-01,0.0593
M1,RUB1,1999-12-01,0.0578
M1,RUB1,2000-01-01,0.0572
M1,RUB1,2000-02-01,0.0572
M1,RUB1,2000-03-01,0.0576
M1,RUB1,2000-04-01,0.060700000000000004
M1,RUB1,2000-05-01,0.059000000000000004
M1,RUB1,2000-06-01,0.057800000000000004
M1,RUB1,2000-07-01,0.06
M1,RUB1,2000-08-01,0.06230000000000001
M1,RUB1,2000-09-01,0.0622
M1,RUB1,2000-10-01,0.0649
M1,RUB1,2000-11-01,0.062000000000000006
M1,RUB1,2000-12-01,0.057
M1,RUB1,2001-01-01,0.057699999999999994
M1,RUB1,2001-02-01,0.058300000000000005
M1,RUB1,2001-03-01,0.06
M1,RUB1,2001-04-01,0.0596
M1,RUB1,2001-05-01,0.061500000000000006
M1,RUB1,2001-06-01,0.0616
M1,RUB1,2001-07-01,0.0588
M1,RUB1,2001-08-01,0.056100000000000004
M1,RUB1,2001-09-01,0.0547
M1,RUB1,2001-10-01,0.0546
M1,RUB1,2001-11-01,0.0555
M1,RUB1,2001-12-01,0.055
M1,RUB1,2002-01-01,0.0555
M1,RUB1,2002-02-01,0.055
M1,RUB1,2002-03-01,0.053900000000000003
M1,RUB1,2002-04-01,0.0518
M1,RUB1,2002-05-01,0.049800000000000004
M1,RUB1,2002-06-01,0.0471
M1,RUB1,2002-07-01,0.0471
M1,RUB1,2002-08-01,0.0472
M1,RUB1,2002-09-01,0.046900000000000004
M1,RUB1,2002-10-01,0.0466
M1,RUB1,2002-11-01,0.0467
M1,RUB1,2002-12-01,0.0434
M1,RUB1,2003-01-01,0.0426
M1,RUB1,2003-02-01,0.0431
M1,RUB1,2003-03-01,0.0433
M1,RUB1,2003-04-01,0.0437
M1,RUB1,2003-05-01,0.0421
M1,RUB1,2003-06-01,0.0447
M1,RUB1,2003-07-01,0.0451
M1,RUB1,2003-08-01,0.046200000000000005
M1,RUB1,2003-09-01,0.0431
M1,RUB1,2003-10-01,0.044500000000000005
M1,RUB1,2003-11-01,0.0435
M1,RUB1,2003-12-01,0.0422
M1,RUB1,2004-01-01,0.0443
M1,RUB1,2004-02-01,0.0444
M1,RUB1,2004-03-01,0.0447
M1,RUB1,2004-04-01,0.044800000000000006
M1,RUB1,2004-05-01,0.0429
M1,RUB1,2004-06-01,0.0434
M1,RUB1,2004-07-01,0.0438
M1,RUB1,2004-08-01,0.04360000000000001
M1,RUB1,2004-09-01,0.0431
M1,RUB1,2004-10-01,0.041600000000000005
M1,RUB1,2004-11-01,0.0405
M1,RUB1,2004-12-01,0.0408
M1,RUB1,2005-01-01,0.0424
M1,RUB1,2005-02-01,0.04190000000000001
M1,RUB1,2005-03-01,0.0429
M1,RUB1,2005-04-01,0.042699999999999995
M1,RUB1,2005-05-01,0.0441
M1,RUB1,2005-06-01,0.044800000000000006
M1,RUB1,2005-07-01,0.045
M1,RUB1,2005-08-01,0.0444
M1,RUB1,2005-09-01,0.0453
M1,RUB1,2005-10-01,0.0449
M1,RUB1,2005-11-01,0.045599999999999995
M1,RUB1,2005-12-01,0.0458
M1,RUB1,2006-01-01,0.045599999999999995
M1,RUB1,2006-02-01,0.046900000000000004
M1,RUB1,2006-03-01,0.047
M1,RUB1,2006-04-01,0.0461
M1,RUB1,2006-05-01,0.0449
M1,RUB1,2006-06-01,0.0458
M1,RUB1,2006-07-01,0.046
M1,RUB1,2006-08-01,0.045899999999999996
M1,RUB1,2006-09-01,0.0467
M1,RUB1,2006-10-01,0.0467
M1,RUB1,2006-11-01,0.0458
M1,RUB1,2006-12-01,0.0463
M1,RUB1,2007-01-01,0.04730000000000001
M1,RUB1,2007-02-01,0.0467
M1,RUB1,2007-03-01,0.046900000000000004
M1,RUB1,2007-04-01,0.047
M1,RUB1,2007-05-01,0.04730000000000001
M1,RUB1,2007-06-01,0.0477
M1,RUB1,2007-07-01,0.0471
M1,RUB1,2007-08-01,0.0471
M1,RUB1,2007-09-01,0.046900000000000004
M1,RUB1,2007-10-01,0.047
M1,RUB1,2007-11-01,0.045899999999999996
M1,RUB1,2007-12-01,0.046
M1,RUB1,2008-01-01,0.0443
M1,RUB1,2008-02-01,0.0437
M1,RUB1,2008-03-01,0.042300000000000004
M1,RUB1,2008-04-01,0.0438
M1,RUB1,2008-05-01,0.0443
M1,RUB1,2008-06-01,0.0434
M1,RUB1,2008-07-01,0.0447
M1,RUB1,2008-08-01,0.0444
M1,RUB1,2008-09-01,0.0433
M1,RUB1,2008-10-01,0.0425
M1,RUB1,2008-11-01,0.0434
M1,RUB1,2008-12-01,0.0359
M1,RUB1,2009-01-01,0.0326
M1,RUB1,2009-02-01,0.032799999999999996
M1,RUB1,2009-03-01,0.0337
M1,RUB1,2009-04-01,0.034300000000000004
M1,RUB1,2009-05-01,0.0349
M1,RUB1,2009-06-01,0.0348
M1,RUB1,2009-07-01,0.0348
M1,RUB1,2009-08-01,0.0334
M1,RUB1,2009-09-01,0.0344
M1,RUB1,2009-10-01,0.0351
M1,RUB1,2009-11-01,0.0344
M1,RUB1,2009-12-01,0.034
M1,RUB1,2010-01-01,0.0346
M1,RUB1,2010-02-01,0.0359
M1,RUB1,2010-03-01,0.0361
M1,RUB1,2010-04-01,0.0371
M1,RUB1,2010-05-01,0.0376
M1,RUB1,2010-06-01,0.0346
M1,RUB1,2010-07-01,0.034300000000000004
M1,RUB1,2010-08-01,0.033100000000000004
M1,RUB1,2010-09-01,0.032
M1,RUB1,2010-10-01,0.032100000000000004
M1,RUB1,2010-11-01,0.0318
M1,RUB1,2010-12-01,0.030600000000000002
M1,RUB1,2011-01-01,0.0316
M1,RUB1,2011-02-01,0.032100000000000004
M1,RUB1,2011-03-01,0.0322
M1,RUB1,2011-04-01,0.0317
M1,RUB1,2011-05-01,0.0304
M1,RUB1,2011-06-01,0.029900000000000003
M1,RUB1,2011-07-01,0.028900000000000002
M1,RUB1,2011-08-01,0.0281
M1,RUB1,2011-09-01,0.0281
M1,RUB1,2011-10-01,0.028900000000000002
M1,RUB1,2011-11-01,0.0294
M1,RUB1,2011-12-01,0.0292
M1,RUB1,2012-01-01,0.030299999999999997
M1,RUB1,2012-02-01,0.0308
M1,RUB1,2012-03-01,0.030699999999999998
M1,RUB1,2012-04-01,0.0309
M1,RUB1,2012-05-01,0.0294
M1,RUB1,2012-06-01,0.028999999999999998
M1,RUB1,2012-07-01,0.0304
M1,RUB1,2012-08-01,0.029500000000000002
M1,RUB1,2012-09-01,0.0302
M1,RUB1,2012-10-01,0.029700000000000004
M1,RUB1,2012-11-01,0.03
M1,RUB1,2012-12-01,0.03
M1,RUB1,2013-01-01,0.030299999999999997
M1,RUB1,2013-02-01,0.0305
M1,RUB1,2013-03-01,0.030600000000000002
M1,RUB1,2013-04-01,0.0302
M1,RUB1,2013-05-01,0.03
M1,RUB1,2013-06-01,0.028900000000000002
M1,RUB1,2013-07-01,0.0281
M1,RUB1,2013-08-01,0.027999999999999997
M1,RUB1,2013-09-01,0.0279
M1,RUB1,2013-10-01,0.0281
M1,RUB1,2013-11-01,0.0273
M1,RUB1,2013-12-01,0.027000000000000003
M1,RUB1,2014-01-01,0.0257
M1,RUB1,2014-02-01,0.0245
M1,RUB1,2014-03-01,0.024900000000000002
M1,RUB1,2014-04-01,0.024700000000000003
M1,RUB1,2014-05-01,0.0258
M1,RUB1,2014-06-01,0.0262
M1,RUB1,2014-07-01,0.0256
M1,RUB1,2014-08-01,0.0248
M1,RUB1,2014-09-01,0.0242
M1,RUB1,2014-10-01,0.022799999999999997
M1,RUB1,2014-11-01,0.0194
M1,RUB1,2014-12-01,0.017
M1,RUB1,2015-01-01,0.013200000000000002
M1,RUB1,2015-02-01,0.015500000000000002
M1,RUB1,2015-03-01,0.0169
M1,RUB1,2015-04-01,0.0182
M1,RUB1,2015-05-01,0.0179
M1,RUB1,2015-06-01,0.0167
M1,RUB1,2015-07-01,0.0159
M1,RUB1,2015-08-01,0.0143
M1,RUB1,2015-09-01,0.0149
M1,RUB1,2015-10-01,0.0154
M1,RUB1,2015-11-01,0.015500000000000002
M1,RUB1,2015-12-01,0.0134
M1,RUB1,2016-01-01,0.013500000000000002
M1,RUB1,2016-02-01,0.0131
M1,RUB1,2016-03-01,0.014199999999999999
M1,RUB1,2016-04-01,0.0149
M1,RUB1,2016-05-01,0.015
M1,RUB1,2016-06-01,0.015300000000000001
M1,RUB1,2016-07-01,0.0146
M1,RUB1,2016-08-01,0.0151
M1,RUB1,2016-09-01,0.015300000000000001
M1,RUB1,2016-10-01,0.015700000000000002
M1,RUB1,2016-11-01,0.015600000000000001
M1,RUB1,2016-12-01,0.0165
M1,RUB1,2017-01-01,0.0166
M1,RUB1,2017-02-01,0.0174
M1,RUB1,2017-03-01,0.0178
M1,RUB1,2017-04-01,0.0174
M1,RUB1,2017-05-01,0.0172
M1,RUB1,2017-06-01,0.016200000000000003
M1,RUB1,2017-07-01,0.016200000000000003
M1,RUB1,2017-08-01,0.0165
M1,RUB1,2017-09-01,0.0168
M1,RUB1,2017-10-01,0.0171
M1,RUB1,2017-11-01,0.0168
M1,RUB1,2017-12-01,0.0169
M1,RUB1,2018-01-01,0.0166
M1,RUB1,2018-02-01,0.0168
M1,RUB1,2018-03-01,0.0166
M1,RUB1,2018-04-01,0.01578
M1,RUB1,2018-05-01,0.01592
M1,RUB1,2018-06-01,0.01585
M1,RUB1,2018-07-01,0.01585
M1,RUB1,2018-08-01,0.01422
M1,RUB1,2018-09-01,0.01489
M1,RUB1,2018-10-01,0.01531
M1,RUB1,2018-11-01,0.01491
M1,RUB1,2018-12-01,0.01417
M1,RUB1,2019-01-01,0.01522
M1,RUB1,2019-02-01,0.01513
M1,RUB1,2019-03-01,0.01539
M1,RUB1,2019-04-01,0.01578
M1,RUB1,2019-05-01,0.01534
M1,RUB1,2019-06-01,0.01544
M1,RUB1,2019-07-01,0.01562
M1,RUB1,2019-08-01,0.01486
M1,RUB1,2019-09-01,0.01534
M1,RUB1,2019-10-01,0.01542
M1,RUB1,2019-11-01,0.0156
M1,RUB1,2019-12-01,0.01559
M1,RUB1,2020-01-01,0.01533
M1,RUB1,2020-02-01,0.01428
M1,RUB1,2020-03-01,0.01228
M1,RUB1,2020-04-01,0.01336
M1,RUB1,2020-05-01,0.01359
M1,RUB1,2020-06-01,0.01347
M1,RUB1,2020-07-01,0.01229
M1,RUB1,2020-08-01,0.01224
M1,RUB1,2020-09-01,0.01176
M1,RUB1,2020-10-01,0.01158
M1,RUB1,2020-11-01,0.01187
M1,RUB1,2020-12-01,0.01174
M1,RUB1,2021-01-01,0.01167
M1,RUB1,2021-02-01,0.01212
M1,RUB1,2021-03-01,0.01247
M1,RUB1,2021-04-01,0.01213
M1,RUB1,2021-05-01,0.01227
M1,RUB1,2021-06-01,0.01261
M1,RUB1,2021-07-01,0.0124
M1,RUB1,2021-08-01,0.01248
M1,RUB1,2021-09-01,0.01286
M1,RUB1,2021-10-01,0.01293
M1,RUB1,2021-11-01,0.01228
M1,RUB1,2021-12-01,0.01218
M1,RUB1,2022-01-01,0.01203
M1,RUB1,2022-02-01,0.00903
M1,RUB1,2022-03-01,0.01137
M1,RUB1,2022-04-01,0.01362
M1,RUB1,2022-05-01,0.01541
M1,RUB1,2022-06-01,0.01772
M1,RUB1,2022-07-01,0.01538
M1,RUB1,2022-08-01,0.01603
M1,RUB1,2022-09-01,0.01674
M1,RUB1,2022-10-01,0.01614
M1,RUB1,2022-11-01,0.01557
M1,RUB1,2022-12-01,0.01265
M1,RUB1,2023-01-01,0.0131
M1,RUB1,2023-02-01,0.01253
M1,RUB1,2023-03-01,0.01187
M1,RUB1,2023-04-01,0.01103
M1,RUB1,2023-05-01,0.01126
M1,RUB1,2023-06-01,0.01026
M1,RUB1,2023-07-01,0.00951
M1,RUB1,2023-08-01,0.00913
M1,RUB1,2023-09-01,0.00935
M1,RUB1,2023-10-01,0.00981
M1,RUB1,2023-11-01,0.00988
M1,RUB1,2023-12-01,0.00936
M1,RUB1,2024-01-01,0.00962
M1,RUB1,2024-02-01,0.00967
M1,RUB1,2024-03-01,0.00981
M1,RUB1,2024-04-01,0.00977
M1,RUB1,2024-05-01,0.01004
M1,RUB1,2024-06-01,0.01049
M1,RUB1,2024-07-01,0.01023
M1,RUB1,2024-08-01,0.00929
M1,RUB1,2024-09-01,0.00902
M1,RUB1,2024-10-01,0.0089
M1,RUB1,2024-11-01,0.00818
M1,RUB1,2024-12-01,0.00824
M1,RUB1,2025-01-01,0.00927
M1,RUB1,2025-02-01,0.01022
M1,RUB1,2025-03-01,0.0103
M1,RUB1,2025-04-01,0.01012
M1,RUB1,2025-05-01,0.01046
M1,RUB1,2025-06-01,0.01016
M1,RUB1,2025-07-01,0.01019
M1,RUB1,2025-08-01,0.00993
M1,RUB1,2025-09-01,0.00962
M1,RUB1,2025-10-01,0.00993
M1,RUB1,2025-11-01,0.01036
M1,RUB1,2025-12-01,0.00978
M1,RUB1,2026-01-01,0.01019
M1,RUB1,2026-02-01,0.01001
M1,RUB1,2026-03-01,0.00982
M1,RUB1,2026-04-01,0.01055
M1,RUB1,2026-05-01,0.01103
M1,RUB1,2026-06-01,0.0104
M1,RUB1,2026-07-01,0.01016
M1,SEK100,1970-01-01,83.29
M1,SEK100,1970-02-01,82.73
M1,SEK100,1970-03-01,82.93
M1,SEK100,1970-04-01,82.72
M1,SEK100,1970-05-01,83.18
M1,SEK100,1970-06-01,83.23
M1,SEK100,1970-07-01,83.04
M1,SEK100,1970-08-01,82.98
M1,SEK100,1970-09-01,83.13
M1,SEK100,1970-10-01,83.64
M1,SEK100,1970-11-01,83.35
M1,SEK100,1970-12-01,83.57
M1,SEK100,1971-01-01,83.16
M1,SEK100,1971-02-01,83.4
M1,SEK100,1971-03-01,83.21
M1,SEK100,1971-04-01,83.22
M1,SEK100,1971-05-01,79.36
M1,SEK100,1971-06-01,79.44
M1,SEK100,1971-07-01,79.2
M1,SEK100,1971-08-01,78.43
M1,SEK100,1971-09-01,78.54
M1,SEK100,1971-10-01,79.5
M1,SEK100,1971-11-01,79.64
M1,SEK100,1971-12-01,80.55
M1,SEK100,1972-01-01,80.57
M1,SEK100,1972-02-01,80.76
M1,SEK100,1972-03-01,80.39
M1,SEK100,1972-04-01,80.84
M1,SEK100,1972-05-01,81.22
M1,SEK100,1972-07-01,79.83
M1,SEK100,1972-08-01,80
M1,SEK100,1972-09-01,80.12
M1,SEK100,1972-10-01,79.98
M1,SEK100,1972-11-01,79.68
M1,SEK100,1972-12-01,79.48
M1,SEK100,1973-01-01,77
M1,SEK100,1973-02-01,70
M1,SEK100,1973-03-01,72.05
M1,SEK100,1973-04-01,71.59
M1,SEK100,1973-05-01,71.54
M1,SEK100,1973-06-01,73.65
M1,SEK100,1973-07-01,70.45
M1,SEK100,1973-08-01,71.75
M1,SEK100,1973-09-01,71.95
M1,SEK100,1973-10-01,74
M1,SEK100,1973-11-01,72.45
M1,SEK100,1973-12-01,70.95
M1,SEK100,1974-01-01,68.8
M1,SEK100,1974-02-01,67.4
M1,SEK100,1974-03-01,68.4
M1,SEK100,1974-04-01,68.4
M1,SEK100,1974-05-01,68.9
M1,SEK100,1974-06-01,68.45
M1,SEK100,1974-07-01,67.95
M1,SEK100,1974-08-01,67.15
M1,SEK100,1974-09-01,66.1
M1,SEK100,1974-10-01,65.5
M1,SEK100,1974-11-01,63.4
M1,SEK100,1974-12-01,62.3
M1,SEK100,1975-01-01,62.05
M1,SEK100,1975-02-01,61.4
M1,SEK100,1975-03-01,64.1
M1,SEK100,1975-04-01,64.4
M1,SEK100,1975-05-01,63.75
M1,SEK100,1975-06-01,63.65
M1,SEK100,1975-07-01,63
M1,SEK100,1975-08-01,61.5
M1,SEK100,1975-09-01,60.9
M1,SEK100,1975-10-01,60.3
M1,SEK100,1975-11-01,60.55
M1,SEK100,1975-12-01,59.5
M1,SEK100,1976-01-01,59.3
M1,SEK100,1976-02-01,58.45
M1,SEK100,1976-03-01,57.6
M1,SEK100,1976-04-01,57.3
M1,SEK100,1976-05-01,54.8
M1,SEK100,1976-06-01,55.55
M1,SEK100,1976-07-01,55.85
M1,SEK100,1976-08-01,56.35
M1,SEK100,1976-09-01,57.5
M1,SEK100,1976-10-01,57.7
M1,SEK100,1976-11-01,58.3
M1,SEK100,1976-12-01,59.35
M1,SEK100,1977-01-01,58.95
M1,SEK100,1977-02-01,60.35
M1,SEK100,1977-03-01,60.55
M1,SEK100,1977-04-01,58.2
M1,SEK100,1977-05-01,57.25
M1,SEK100,1977-06-01,55.95
M1,SEK100,1977-07-01,55.15
M1,SEK100,1977-08-01,49.35
M1,SEK100,1977-09-01,48.35
M1,SEK100,1977-10-01,46.65
M1,SEK100,1977-11-01,44.95
M1,SEK100,1977-12-01,42.8
M1,SEK100,1978-01-01,42.6
M1,SEK100,1978-02-01,40.6
M1,SEK100,1978-03-01,40.7
M1,SEK100,1978-04-01,41.85
M1,SEK100,1978-05-01,40.95
M1,SEK100,1978-06-01,40.6
M1,SEK100,1978-07-01,38.6
M1,SEK100,1978-08-01,37.05
M1,SEK100,1978-09-01,35.05
M1,SEK100,1978-10-01,36.05
M1,SEK100,1978-11-01,38.85
M1,SEK100,1978-12-01,37.7
M1,SEK100,1979-01-01,38.55
M1,SEK100,1979-02-01,38.2
M1,SEK100,1979-03-01,38.7
M1,SEK100,1979-04-01,39.1
M1,SEK100,1979-05-01,39.35
M1,SEK100,1979-06-01,38.8
M1,SEK100,1979-07-01,39.55
M1,SEK100,1979-08-01,39.25
M1,SEK100,1979-09-01,37.6
M1,SEK100,1979-10-01,39
M1,SEK100,1979-11-01,38.6
M1,SEK100,1979-12-01,38.1
M1,SEK100,1980-01-01,39
M1,SEK100,1980-02-01,40.05
M1,SEK100,1980-03-01,41.1
M1,SEK100,1980-04-01,39.5
M1,SEK100,1980-05-01,39.55
M1,SEK100,1980-06-01,39.05
M1,SEK100,1980-07-01,39.5
M1,SEK100,1980-08-01,39.5
M1,SEK100,1980-09-01,39.55
M1,SEK100,1980-10-01,40.35
M1,SEK100,1980-11-01,40.1
M1,SEK100,1980-12-01,40.2
M1,SEK100,1981-01-01,41.8
M1,SEK100,1981-02-01,42.35
M1,SEK100,1981-03-01,41.65
M1,SEK100,1981-04-01,42.45
M1,SEK100,1981-05-01,41.8
M1,SEK100,1981-06-01,39.9
M1,SEK100,1981-07-01,40.75
M1,SEK100,1981-08-01,40.7
M1,SEK100,1981-09-01,35.3
M1,SEK100,1981-10-01,33.15
M1,SEK100,1981-11-01,32.55
M1,SEK100,1981-12-01,32.45
M1,SEK100,1982-01-01,32.55
M1,SEK100,1982-02-01,32.6
M1,SEK100,1982-03-01,32.6
M1,SEK100,1982-04-01,33.6
M1,SEK100,1982-05-01,34
M1,SEK100,1982-06-01,34.45
M1,SEK100,1982-07-01,34.35
M1,SEK100,1982-08-01,34.55
M1,SEK100,1982-09-01,34.45
M1,SEK100,1982-10-01,29.65
M1,SEK100,1982-11-01,28.65
M1,SEK100,1982-12-01,27.25
M1,SEK100,1983-01-01,26.85
M1,SEK100,1983-02-01,27.4
M1,SEK100,1983-03-01,27.65
M1,SEK100,1983-04-01,27.5
M1,SEK100,1983-05-01,27.75
M1,SEK100,1983-06-01,27.5
M1,SEK100,1983-07-01,27.4
M1,SEK100,1983-08-01,27.55
M1,SEK100,1983-09-01,27.2
M1,SEK100,1983-10-01,27.3
M1,SEK100,1983-11-01,27.25
M1,SEK100,1983-12-01,27.15
M1,SEK100,1984-01-01,27.42
M1,SEK100,1984-02-01,27.79
M1,SEK100,1984-03-01,27.85
M1,SEK100,1984-04-01,28.05
M1,SEK100,1984-05-01,27.96
M1,SEK100,1984-06-01,28.45
M1,SEK100,1984-07-01,29.32
M1,SEK100,1984-08-01,28.89
M1,SEK100,1984-09-01,29.08
M1,SEK100,1984-10-01,28.76
M1,SEK100,1984-11-01,28.89
M1,SEK100,1984-12-01,28.88
M1,SEK100,1985-01-01,29.61
M1,SEK100,1985-02-01,30.1
M1,SEK100,1985-03-01,29.12
M1,SEK100,1985-04-01,28.71
M1,SEK100,1985-05-01,29.2
M1,SEK100,1985-06-01,29.01
M1,SEK100,1985-07-01,27.71
M1,SEK100,1985-08-01,27.52
M1,SEK100,1985-09-01,27.04
M1,SEK100,1985-10-01,27.29
M1,SEK100,1985-11-01,27.23
M1,SEK100,1985-12-01,27.33
M1,SEK100,1986-01-01,26.85
M1,SEK100,1986-02-01,26.18
M1,SEK100,1986-03-01,26.56
M1,SEK100,1986-04-01,25.93
M1,SEK100,1986-05-01,26.06
M1,SEK100,1986-06-01,25.18
M1,SEK100,1986-07-01,24.17
M1,SEK100,1986-08-01,23.93
M1,SEK100,1986-09-01,23.73
M1,SEK100,1986-10-01,24.34
M1,SEK100,1986-11-01,23.93
M1,SEK100,1986-12-01,23.9
M1,SEK100,1987-01-01,23.35
M1,SEK100,1987-02-01,23.76
M1,SEK100,1987-03-01,23.78
M1,SEK100,1987-04-01,23.4
M1,SEK100,1987-05-01,23.81
M1,SEK100,1987-06-01,23.77
M1,SEK100,1987-07-01,23.75
M1,SEK100,1987-08-01,23.43
M1,SEK100,1987-09-01,23.71
M1,SEK100,1987-10-01,23.11
M1,SEK100,1987-11-01,22.52
M1,SEK100,1987-12-01,22.1
M1,SEK100,1988-01-01,22.64
M1,SEK100,1988-02-01,23.19
M1,SEK100,1988-03-01,23.28
M1,SEK100,1988-04-01,23.66
M1,SEK100,1988-05-01,24.08
M1,SEK100,1988-06-01,24.07
M1,SEK100,1988-07-01,24.35
M1,SEK100,1988-08-01,24.4
M1,SEK100,1988-09-01,24.69
M1,SEK100,1988-10-01,24.25
M1,SEK100,1988-11-01,24.07
M1,SEK100,1988-12-01,24.58
M1,SEK100,1989-01-01,25.01
M1,SEK100,1989-02-01,24.76
M1,SEK100,1989-03-01,25.78
M1,SEK100,1989-04-01,26.05
M1,SEK100,1989-05-01,25.82
M1,SEK100,1989-06-01,25.16
M1,SEK100,1989-07-01,25.21
M1,SEK100,1989-08-01,25.55
M1,SEK100,1989-09-01,25.22
M1,SEK100,1989-10-01,25.16
M1,SEK100,1989-11-01,24.88
M1,SEK100,1989-12-01,24.87
M1,SEK100,1990-01-01,24.23
M1,SEK100,1990-02-01,24.3
M1,SEK100,1990-03-01,24.42
M1,SEK100,1990-04-01,23.88
M1,SEK100,1990-05-01,23.3
M1,SEK100,1990-06-01,23.35
M1,SEK100,1990-07-01,23.24
M1,SEK100,1990-08-01,22.5
M1,SEK100,1990-09-01,22.51
M1,SEK100,1990-10-01,22.83
M1,SEK100,1990-11-01,22.77
M1,SEK100,1990-12-01,22.75
M1,SEK100,1991-01-01,22.75
M1,SEK100,1991-02-01,23.22
M1,SEK100,1991-03-01,23.64
M1,SEK100,1991-04-01,23.68
M1,SEK100,1991-05-01,23.74
M1,SEK100,1991-06-01,23.83
M1,SEK100,1991-07-01,24.06
M1,SEK100,1991-08-01,24.08
M1,SEK100,1991-09-01,23.87
M1,SEK100,1991-10-01,24.1
M1,SEK100,1991-11-01,24.08
M1,SEK100,1991-12-01,24.39
M1,SEK100,1992-01-01,24.45
M1,SEK100,1992-02-01,24.98
M1,SEK100,1992-03-01,25.13
M1,SEK100,1992-04-01,25.41
M1,SEK100,1992-05-01,25.14
M1,SEK100,1992-06-01,25
M1,SEK100,1992-07-01,24.51
M1,SEK100,1992-08-01,24.45
M1,SEK100,1992-09-01,23.27
M1,SEK100,1992-10-01,23.7
M1,SEK100,1992-11-01,21.06
M1,SEK100,1992-12-01,20.61
M1,SEK100,1993-01-01,20.25
M1,SEK100,1993-02-01,19.52
M1,SEK100,1993-03-01,19.32
M1,SEK100,1993-04-01,19.52
M1,SEK100,1993-05-01,19.69
M1,SEK100,1993-06-01,19.52
M1,SEK100,1993-07-01,18.48
M1,SEK100,1993-08-01,18.13
M1,SEK100,1993-09-01,17.59
M1,SEK100,1993-10-01,18.19
M1,SEK100,1993-11-01,17.57
M1,SEK100,1993-12-01,17.75
M1,SEK100,1994-01-01,18.38
M1,SEK100,1994-02-01,17.79
M1,SEK100,1994-03-01,18.03
M1,SEK100,1994-04-01,18.29
M1,SEK100,1994-05-01,17.99
M1,SEK100,1994-06-01,17.47
M1,SEK100,1994-07-01,17.34
M1,SEK100,1994-08-01,17.18
M1,SEK100,1994-09-01,17.13
M1,SEK100,1994-10-01,17.46
M1,SEK100,1994-11-01,17.59
M1,SEK100,1994-12-01,17.56
M1,SEK100,1995-01-01,17.03
M1,SEK100,1995-02-01,16.85
M1,SEK100,1995-03-01,15.5
M1,SEK100,1995-04-01,15.67
M1,SEK100,1995-05-01,15.82
M1,SEK100,1995-06-01,15.85
M1,SEK100,1995-07-01,16.25
M1,SEK100,1995-08-01,16.49
M1,SEK100,1995-09-01,16.45
M1,SEK100,1995-10-01,17.1
M1,SEK100,1995-11-01,17.81
M1,SEK100,1995-12-01,17.29
M1,SEK100,1996-01-01,17.47
M1,SEK100,1996-02-01,17.76
M1,SEK100,1996-03-01,17.74
M1,SEK100,1996-04-01,18.22
M1,SEK100,1996-05-01,18.66
M1,SEK100,1996-06-01,18.84
M1,SEK100,1996-07-01,18.01
M1,SEK100,1996-08-01,18.13
M1,SEK100,1996-09-01,18.93
M1,SEK100,1996-10-01,19.15
M1,SEK100,1996-11-01,19.35
M1,SEK100,1996-12-01,19.61
M1,SEK100,1997-01-01,19.65
M1,SEK100,1997-02-01,19.66
M1,SEK100,1997-03-01,19.19
M1,SEK100,1997-04-01,18.72
M1,SEK100,1997-05-01,18.26
M1,SEK100,1997-06-01,18.84
M1,SEK100,1997-07-01,19.01
M1,SEK100,1997-08-01,18.98
M1,SEK100,1997-09-01,19.16
M1,SEK100,1997-10-01,18.72
M1,SEK100,1997-11-01,18.39
M1,SEK100,1997-12-01,18.4
M1,SEK100,1998-01-01,18.18
M1,SEK100,1998-02-01,18.31
M1,SEK100,1998-03-01,19.1
M1,SEK100,1998-04-01,19.32
M1,SEK100,1998-05-01,18.87
M1,SEK100,1998-06-01,19.11
M1,SEK100,1998-07-01,18.79
M1,SEK100,1998-08-01,17.92
M1,SEK100,1998-09-01,17.67
M1,SEK100,1998-10-01,17.25
M1,SEK100,1998-11-01,17.29
M1,SEK100,1998-12-01,16.93
M1,SEK100,1999-01-01,18.18
M1,SEK100,1999-02-01,17.63
M1,SEK100,1999-03-01,17.93
M1,SEK100,1999-04-01,18.1
M1,SEK100,1999-05-01,17.73
M1,SEK100,1999-06-01,18.32
M1,SEK100,1999-07-01,18.19
M1,SEK100,1999-08-01,18.34
M1,SEK100,1999-09-01,18.34
M1,SEK100,1999-10-01,18.47
M1,SEK100,1999-11-01,18.65
M1,SEK100,1999-12-01,18.79
M1,SEK100,2000-01-01,18.71
M1,SEK100,2000-02-01,19.01
M1,SEK100,2000-03-01,19.17
M1,SEK100,2000-04-01,19.31
M1,SEK100,2000-05-01,18.77
M1,SEK100,2000-06-01,18.47
M1,SEK100,2000-07-01,18.19
M1,SEK100,2000-08-01,18.35
M1,SEK100,2000-09-01,17.88
M1,SEK100,2000-10-01,17.89
M1,SEK100,2000-11-01,17.29
M1,SEK100,2000-12-01,17.21
M1,SEK100,2001-01-01,17.24
M1,SEK100,2001-02-01,16.99
M1,SEK100,2001-03-01,16.66
M1,SEK100,2001-04-01,16.86
M1,SEK100,2001-05-01,16.64
M1,SEK100,2001-06-01,16.54
M1,SEK100,2001-07-01,16.31
M1,SEK100,2001-08-01,15.91
M1,SEK100,2001-09-01,15.13
M1,SEK100,2001-10-01,15.33
M1,SEK100,2001-11-01,15.57
M1,SEK100,2001-12-01,15.78
M1,SEK100,2002-01-01,16.09
M1,SEK100,2002-02-01,16.26
M1,SEK100,2002-03-01,16.24
M1,SEK100,2002-04-01,15.84
M1,SEK100,2002-05-01,16.05
M1,SEK100,2002-06-01,16.18
M1,SEK100,2002-07-01,15.73
M1,SEK100,2002-08-01,16.03
M1,SEK100,2002-09-01,16.02
M1,SEK100,2002-10-01,16.1
M1,SEK100,2002-11-01,16.27
M1,SEK100,2002-12-01,15.81
M1,SEK100,2003-01-01,15.94
M1,SEK100,2003-02-01,16.01
M1,SEK100,2003-03-01,15.98
M1,SEK100,2003-04-01,16.57
M1,SEK100,2003-05-01,16.73
M1,SEK100,2003-06-01,16.93
M1,SEK100,2003-07-01,16.86
M1,SEK100,2003-08-01,16.69
M1,SEK100,2003-09-01,17.23
M1,SEK100,2003-10-01,17.12
M1,SEK100,2003-11-01,17.17
M1,SEK100,2003-12-01,17.17
M1,SEK100,2004-01-01,16.99
M1,SEK100,2004-02-01,17.09
M1,SEK100,2004-03-01,16.82
M1,SEK100,2004-04-01,16.99
M1,SEK100,2004-05-01,16.82
M1,SEK100,2004-06-01,16.72
M1,SEK100,2004-07-01,16.67
M1,SEK100,2004-08-01,16.89
M1,SEK100,2004-09-01,17.13
M1,SEK100,2004-10-01,16.86
M1,SEK100,2004-11-01,16.96
M1,SEK100,2004-12-01,17.1
M1,SEK100,2005-01-01,17.01
M1,SEK100,2005-02-01,17.01
M1,SEK100,2005-03-01,16.95
M1,SEK100,2005-04-01,16.75
M1,SEK100,2005-05-01,16.85
M1,SEK100,2005-06-01,16.43
M1,SEK100,2005-07-01,16.62
M1,SEK100,2005-08-01,16.56
M1,SEK100,2005-09-01,16.66
M1,SEK100,2005-10-01,16.17
M1,SEK100,2005-11-01,16.25
M1,SEK100,2005-12-01,16.51
M1,SEK100,2006-01-01,16.82
M1,SEK100,2006-02-01,16.59
M1,SEK100,2006-03-01,16.79
M1,SEK100,2006-04-01,16.94
M1,SEK100,2006-05-01,16.79
M1,SEK100,2006-06-01,16.99
M1,SEK100,2006-07-01,17.02
M1,SEK100,2006-08-01,17.03
M1,SEK100,2006-09-01,17.1
M1,SEK100,2006-10-01,17.21
M1,SEK100,2006-11-01,17.56
M1,SEK100,2006-12-01,17.74
M1,SEK100,2007-01-01,17.95
M1,SEK100,2007-02-01,17.37
M1,SEK100,2007-03-01,17.39
M1,SEK100,2007-04-01,17.94
M1,SEK100,2007-05-01,17.73
M1,SEK100,2007-06-01,17.92
M1,SEK100,2007-07-01,17.94
M1,SEK100,2007-08-01,17.57
M1,SEK100,2007-09-01,18.01
M1,SEK100,2007-10-01,18.16
M1,SEK100,2007-11-01,17.6
M1,SEK100,2007-12-01,17.58
M1,SEK100,2008-01-01,17
M1,SEK100,2008-02-01,16.99
M1,SEK100,2008-03-01,16.72
M1,SEK100,2008-04-01,17.23
M1,SEK100,2008-05-01,17.4
M1,SEK100,2008-06-01,17
M1,SEK100,2008-07-01,17.27
M1,SEK100,2008-08-01,17.09
M1,SEK100,2008-09-01,16.11
M1,SEK100,2008-10-01,14.8
M1,SEK100,2008-11-01,14.98
M1,SEK100,2008-12-01,13.61
M1,SEK100,2009-01-01,14
M1,SEK100,2009-02-01,12.97
M1,SEK100,2009-03-01,13.78
M1,SEK100,2009-04-01,14.14
M1,SEK100,2009-05-01,14.1
M1,SEK100,2009-06-01,14.07
M1,SEK100,2009-07-01,14.78
M1,SEK100,2009-08-01,14.86
M1,SEK100,2009-09-01,14.75
M1,SEK100,2009-10-01,14.56
M1,SEK100,2009-11-01,14.42
M1,SEK100,2009-12-01,14.44
M1,SEK100,2010-01-01,14.32
M1,SEK100,2010-02-01,15.05
M1,SEK100,2010-03-01,14.72
M1,SEK100,2010-04-01,14.92
M1,SEK100,2010-05-01,14.76
M1,SEK100,2010-06-01,13.91
M1,SEK100,2010-07-01,14.32
M1,SEK100,2010-08-01,13.77
M1,SEK100,2010-09-01,14.5
M1,SEK100,2010-10-01,14.58
M1,SEK100,2010-11-01,14.16
M1,SEK100,2010-12-01,13.93
M1,SEK100,2011-01-01,14.45
M1,SEK100,2011-02-01,14.56
M1,SEK100,2011-03-01,14.55
M1,SEK100,2011-04-01,14.45
M1,SEK100,2011-05-01,13.78
M1,SEK100,2011-06-01,13.18
M1,SEK100,2011-07-01,12.6
M1,SEK100,2011-08-01,12.82
M1,SEK100,2011-09-01,13.17
M1,SEK100,2011-10-01,13.51
M1,SEK100,2011-11-01,13.34
M1,SEK100,2011-12-01,13.62
M1,SEK100,2012-01-01,13.56
M1,SEK100,2012-02-01,13.66
M1,SEK100,2012-03-01,13.62
M1,SEK100,2012-04-01,13.48
M1,SEK100,2012-05-01,13.38
M1,SEK100,2012-06-01,13.69
M1,SEK100,2012-07-01,14.38
M1,SEK100,2012-08-01,14.4
M1,SEK100,2012-09-01,14.35
M1,SEK100,2012-10-01,14.06
M1,SEK100,2012-11-01,13.91
M1,SEK100,2012-12-01,14.05
M1,SEK100,2013-01-01,14.33
M1,SEK100,2013-02-01,14.44
M1,SEK100,2013-03-01,14.57
M1,SEK100,2013-04-01,14.3
M1,SEK100,2013-05-01,14.44
M1,SEK100,2013-06-01,14.07
M1,SEK100,2013-07-01,14.11
M1,SEK100,2013-08-01,14.09
M1,SEK100,2013-09-01,14.09
M1,SEK100,2013-10-01,14
M1,SEK100,2013-11-01,13.81
M1,SEK100,2013-12-01,13.88
M1,SEK100,2014-01-01,13.83
M1,SEK100,2014-02-01,13.73
M1,SEK100,2014-03-01,13.63
M1,SEK100,2014-04-01,13.45
M1,SEK100,2014-05-01,13.46
M1,SEK100,2014-06-01,13.23
M1,SEK100,2014-07-01,13.2
M1,SEK100,2014-08-01,13.14
M1,SEK100,2014-09-01,13.15
M1,SEK100,2014-10-01,13.04
M1,SEK100,2014-11-01,12.99
M1,SEK100,2014-12-01,12.79
M1,SEK100,2015-01-01,11.2
M1,SEK100,2015-02-01,11.4
M1,SEK100,2015-03-01,11.27
M1,SEK100,2015-04-01,11.32
M1,SEK100,2015-05-01,11.12
M1,SEK100,2015-06-01,11.28
M1,SEK100,2015-07-01,11.19
M1,SEK100,2015-08-01,11.36
M1,SEK100,2015-09-01,11.64
M1,SEK100,2015-10-01,11.6
M1,SEK100,2015-11-01,11.82
M1,SEK100,2015-12-01,11.79
M1,SEK100,2016-01-01,11.94
M1,SEK100,2016-02-01,11.72
M1,SEK100,2016-03-01,11.85
M1,SEK100,2016-04-01,11.97
M1,SEK100,2016-05-01,11.88
M1,SEK100,2016-06-01,11.54
M1,SEK100,2016-07-01,11.32
M1,SEK100,2016-08-01,11.52
M1,SEK100,2016-09-01,11.26
M1,SEK100,2016-10-01,10.97
M1,SEK100,2016-11-01,11.06
M1,SEK100,2016-12-01,11.22
M1,SEK100,2017-01-01,11.28
M1,SEK100,2017-02-01,11.14
M1,SEK100,2017-03-01,11.2
M1,SEK100,2017-04-01,11.23
M1,SEK100,2017-05-01,11.15
M1,SEK100,2017-06-01,11.32
M1,SEK100,2017-07-01,11.93
M1,SEK100,2017-08-01,12.08
M1,SEK100,2017-09-01,11.94
M1,SEK100,2017-10-01,11.92
M1,SEK100,2017-11-01,11.77
M1,SEK100,2017-12-01,11.9
M1,SEK100,2018-01-01,11.88
M1,SEK100,2018-02-01,11.43
M1,SEK100,2018-03-01,11.44
M1,SEK100,2018-04-01,11.4046
M1,SEK100,2018-05-01,11.27604
M1,SEK100,2018-06-01,11.11602
M1,SEK100,2018-07-01,11.2856
M1,SEK100,2018-08-01,10.62186
M1,SEK100,2018-09-01,11.02344
M1,SEK100,2018-10-01,10.95537
M1,SEK100,2018-11-01,10.95806
M1,SEK100,2018-12-01,11.00989
M1,SEK100,2019-01-01,11.00648
M1,SEK100,2019-02-01,10.83603
M1,SEK100,2019-03-01,10.72478
M1,SEK100,2019-04-01,10.73854
M1,SEK100,2019-05-01,10.52626
M1,SEK100,2019-06-01,10.51597
M1,SEK100,2019-07-01,10.35112
M1,SEK100,2019-08-01,10.0784
M1,SEK100,2019-09-01,10.12077
M1,SEK100,2019-10-01,10.22738
M1,SEK100,2019-11-01,10.47193
M1,SEK100,2019-12-01,10.38438
M1,SEK100,2020-01-01,10.03143
M1,SEK100,2020-02-01,9.98374
M1,SEK100,2020-03-01,9.56892
M1,SEK100,2020-04-01,9.87995
M1,SEK100,2020-05-01,10.16929
M1,SEK100,2020-06-01,10.16588
M1,SEK100,2020-07-01,10.46248
M1,SEK100,2020-08-01,10.45315
M1,SEK100,2020-09-01,10.25464
M1,SEK100,2020-10-01,10.30073
M1,SEK100,2020-11-01,10.66221
M1,SEK100,2020-12-01,10.78633
M1,SEK100,2021-01-01,10.63897
M1,SEK100,2021-02-01,10.84724
M1,SEK100,2021-03-01,10.81682
M1,SEK100,2021-04-01,10.82356
M1,SEK100,2021-05-01,10.84348
M1,SEK100,2021-06-01,10.84183
M1,SEK100,2021-07-01,10.5908
M1,SEK100,2021-08-01,10.63252
M1,SEK100,2021-09-01,10.63491
M1,SEK100,2021-10-01,10.6766
M1,SEK100,2021-11-01,10.15966
M1,SEK100,2021-12-01,10.0872
M1,SEK100,2022-01-01,9.94154
M1,SEK100,2022-02-01,9.6969
M1,SEK100,2022-03-01,9.9652
M1,SEK100,2022-04-01,9.90706
M1,SEK100,2022-05-01,9.80315
M1,SEK100,2022-06-01,9.32108
M1,SEK100,2022-07-01,9.36336
M1,SEK100,2022-08-01,9.13271
M1,SEK100,2022-09-01,8.80451
M1,SEK100,2022-10-01,9.1006
M1,SEK100,2022-11-01,9.01
M1,SEK100,2022-12-01,8.83789
M1,SEK100,2023-01-01,8.85662
M1,SEK100,2023-02-01,8.99763
M1,SEK100,2023-03-01,8.86105
M1,SEK100,2023-04-01,8.66873
M1,SEK100,2023-05-01,8.32169
M1,SEK100,2023-06-01,8.26841
M1,SEK100,2023-07-01,8.28646
M1,SEK100,2023-08-01,8.06756
M1,SEK100,2023-09-01,8.39873
M1,SEK100,2023-10-01,8.12823
M1,SEK100,2023-11-01,8.37634
M1,SEK100,2023-12-01,8.3632
M1,SEK100,2024-01-01,8.28803
M1,SEK100,2024-02-01,8.5018
M1,SEK100,2024-03-01,8.4588
M1,SEK100,2024-04-01,8.30587
M1,SEK100,2024-05-01,8.57373
M1,SEK100,2024-06-01,8.45535
M1,SEK100,2024-07-01,8.19965
M1,SEK100,2024-08-01,8.29285
M1,SEK100,2024-09-01,8.36532
M1,SEK100,2024-10-01,8.10107
M1,SEK100,2024-11-01,8.08156
M1,SEK100,2024-12-01,8.22436
M1,SEK100,2025-01-01,8.24096
M1,SEK100,2025-02-01,8.39289
M1,SEK100,2025-03-01,8.81193
M1,SEK100,2025-04-01,8.56547
M1,SEK100,2025-05-01,8.58128
M1,SEK100,2025-06-01,8.40365
M1,SEK100,2025-07-01,8.34308
M1,SEK100,2025-08-01,8.45441
M1,SEK100,2025-09-01,8.46231
M1,SEK100,2025-10-01,8.48962
M1,SEK100,2025-11-01,8.48655
M1,SEK100,2025-12-01,8.60963
M1,SEK100,2026-01-01,8.68457
M1,SEK100,2026-02-01,8.55621
M1,SEK100,2026-03-01,8.38311
M1,SEK100,2026-04-01,8.4932
M1,SEK100,2026-05-01,8.46854
M1,SEK100,2026-06-01,8.31997
M1,SEK100,2026-07-01,8.47344
M1,SGD1,1999-01-01,0.837445
M1,SGD1,1999-02-01,0.8377
M1,SGD1,1999-03-01,0.8616280000000001
M1,SGD1,1999-04-01,0.896698
M1,SGD1,1999-05-01,0.8823869999999999
M1,SGD1,1999-06-01,0.911412
M1,SGD1,1999-07-01,0.885672
M1,SGD1,1999-08-01,0.9022450000000001
M1,SGD1,1999-09-01,0.881296
M1,SGD1,1999-10-01,0.917088
M1,SGD1,1999-11-01,0.944778
M1,SGD1,1999-12-01,0.95976
M1,SGD1,2000-01-01,0.964319
M1,SGD1,2000-02-01,0.9555
M1,SGD1,2000-03-01,0.9666
M1,SGD1,2000-04-01,1.0144
M1,SGD1,2000-05-01,0.9726
M1,SGD1,2000-06-01,0.9407
M1,SGD1,2000-07-01,0.9668000000000001
M1,SGD1,2000-08-01,1.0065000000000002
M1,SGD1,2000-09-01,0.993
M1,SGD1,2000-10-01,1.0298
M1,SGD1,2000-11-01,0.9856999999999999
M1,SGD1,2000-12-01,0.9425
M1,SGD1,2001-01-01,0.9422
M1,SGD1,2001-02-01,0.9593
M1,SGD1,2001-03-01,0.9579000000000001
M1,SGD1,2001-04-01,0.9481999999999999
M1,SGD1,2001-05-01,0.9938
M1,SGD1,2001-06-01,0.9856999999999999
M1,SGD1,2001-07-01,0.9568000000000001
M1,SGD1,2001-08-01,0.9501999999999999
M1,SGD1,2001-09-01,0.913
M1,SGD1,2001-10-01,0.8926999999999999
M1,SGD1,2001-11-01,0.9070999999999999
M1,SGD1,2001-12-01,0.9059
M1,SGD1,2002-01-01,0.9327
M1,SGD1,2002-02-01,0.9302
M1,SGD1,2002-03-01,0.9128
M1,SGD1,2002-04-01,0.8954000000000001
M1,SGD1,2002-05-01,0.8761
M1,SGD1,2002-06-01,0.8417
M1,SGD1,2002-07-01,0.8432
M1,SGD1,2002-08-01,0.8529000000000001
M1,SGD1,2002-09-01,0.8376000000000001
M1,SGD1,2002-10-01,0.8381000000000001
M1,SGD1,2002-11-01,0.8432
M1,SGD1,2002-12-01,0.7986
M1,SGD1,2003-01-01,0.7809999999999999
M1,SGD1,2003-02-01,0.7827
M1,SGD1,2003-03-01,0.7701000000000001
M1,SGD1,2003-04-01,0.7656999999999999
M1,SGD1,2003-05-01,0.7462000000000001
M1,SGD1,2003-06-01,0.7697
M1,SGD1,2003-07-01,0.7766
M1,SGD1,2003-08-01,0.8019
M1,SGD1,2003-09-01,0.763
M1,SGD1,2003-10-01,0.7656000000000001
M1,SGD1,2003-11-01,0.7503000000000001
M1,SGD1,2003-12-01,0.7267
M1,SGD1,2004-01-01,0.7426
M1,SGD1,2004-02-01,0.7464000000000001
M1,SGD1,2004-03-01,0.7601000000000001
M1,SGD1,2004-04-01,0.7609
M1,SGD1,2004-05-01,0.7331
M1,SGD1,2004-06-01,0.7331000000000001
M1,SGD1,2004-07-01,0.7422
M1,SGD1,2004-08-01,0.7456999999999999
M1,SGD1,2004-09-01,0.7454000000000001
M1,SGD1,2004-10-01,0.7195
M1,SGD1,2004-11-01,0.6958
M1,SGD1,2004-12-01,0.6931999999999999
M1,SGD1,2005-01-01,0.7273000000000001
M1,SGD1,2005-02-01,0.7141
M1,SGD1,2005-03-01,0.7249
M1,SGD1,2005-04-01,0.721
M1,SGD1,2005-05-01,0.7483
M1,SGD1,2005-06-01,0.7615000000000001
M1,SGD1,2005-07-01,0.7765000000000001
M1,SGD1,2005-08-01,0.7522
M1,SGD1,2005-09-01,0.7655
M1,SGD1,2005-10-01,0.7561
M1,SGD1,2005-11-01,0.7763
M1,SGD1,2005-12-01,0.7911
M1,SGD1,2006-01-01,0.7906000000000001
M1,SGD1,2006-02-01,0.8115000000000001
M1,SGD1,2006-03-01,0.8051
M1,SGD1,2006-04-01,0.7923
M1,SGD1,2006-05-01,0.7687999999999999
M1,SGD1,2006-06-01,0.7759
M1,SGD1,2006-07-01,0.7817000000000001
M1,SGD1,2006-08-01,0.7798
M1,SGD1,2006-09-01,0.7892
M1,SGD1,2006-10-01,0.8008
M1,SGD1,2006-11-01,0.7817000000000001
M1,SGD1,2006-12-01,0.7951
M1,SGD1,2007-01-01,0.8175
M1,SGD1,2007-02-01,0.79989999999999994
M1,SGD1,2007-03-01,0.8045
M1,SGD1,2007-04-01,0.7948999999999999
M1,SGD1,2007-05-01,0.8002
M1,SGD1,2007-06-01,0.8042
M1,SGD1,2007-07-01,0.7962
M1,SGD1,2007-08-01,0.7920999999999999
M1,SGD1,2007-09-01,0.7859999999999999
M1,SGD1,2007-10-01,0.7997
M1,SGD1,2007-11-01,0.7747
M1,SGD1,2007-12-01,0.7833
M1,SGD1,2008-01-01,0.7636000000000001
M1,SGD1,2008-02-01,0.7521
M1,SGD1,2008-03-01,0.7188
M1,SGD1,2008-04-01,0.7626000000000001
M1,SGD1,2008-05-01,0.7685
M1,SGD1,2008-06-01,0.747
M1,SGD1,2008-07-01,0.7654000000000001
M1,SGD1,2008-08-01,0.7726000000000001
M1,SGD1,2008-09-01,0.7695000000000001
M1,SGD1,2008-10-01,0.7741
M1,SGD1,2008-11-01,0.7970999999999999
M1,SGD1,2008-12-01,0.7351000000000001
M1,SGD1,2009-01-01,0.7655
M1,SGD1,2009-02-01,0.7586
M1,SGD1,2009-03-01,0.7504000000000001
M1,SGD1,2009-04-01,0.7656000000000001
M1,SGD1,2009-05-01,0.7465999999999999
M1,SGD1,2009-06-01,0.7472
M1,SGD1,2009-07-01,0.7547
M1,SGD1,2009-08-01,0.7354999999999999
M1,SGD1,2009-09-01,0.7311
M1,SGD1,2009-10-01,0.7284
M1,SGD1,2009-11-01,0.7236
M1,SGD1,2009-12-01,0.7345999999999999
M1,SGD1,2010-01-01,0.7478
M1,SGD1,2010-02-01,0.7647
M1,SGD1,2010-03-01,0.7601000000000001
M1,SGD1,2010-04-01,0.7898999999999999
M1,SGD1,2010-05-01,0.8271
M1,SGD1,2010-06-01,0.7732
M1,SGD1,2010-07-01,0.7628
M1,SGD1,2010-08-01,0.7525000000000001
M1,SGD1,2010-09-01,0.7428
M1,SGD1,2010-10-01,0.7615999999999999
M1,SGD1,2010-11-01,0.7544
M1,SGD1,2010-12-01,0.7306
M1,SGD1,2011-01-01,0.735
M1,SGD1,2011-02-01,0.7284
M1,SGD1,2011-03-01,0.7264
M1,SGD1,2011-04-01,0.7087000000000001
M1,SGD1,2011-05-01,0.6899
M1,SGD1,2011-06-01,0.6784
M1,SGD1,2011-07-01,0.6648000000000001
M1,SGD1,2011-08-01,0.6756000000000001
M1,SGD1,2011-09-01,0.6948000000000001
M1,SGD1,2011-10-01,0.6973999999999999
M1,SGD1,2011-11-01,0.7115
M1,SGD1,2011-12-01,0.7232
M1,SGD1,2012-01-01,0.7302
M1,SGD1,2012-02-01,0.7184999999999999
M1,SGD1,2012-03-01,0.7178
M1,SGD1,2012-04-01,0.7343999999999999
M1,SGD1,2012-05-01,0.7534000000000001
M1,SGD1,2012-06-01,0.7521
M1,SGD1,2012-07-01,0.7870999999999999
M1,SGD1,2012-08-01,0.7659
M1,SGD1,2012-09-01,0.7629000000000001
M1,SGD1,2012-10-01,0.7614000000000001
M1,SGD1,2012-11-01,0.7581
M1,SGD1,2012-12-01,0.7492000000000001
M1,SGD1,2013-01-01,0.7361
M1,SGD1,2013-02-01,0.7526
M1,SGD1,2013-03-01,0.7653
M1,SGD1,2013-04-01,0.76
M1,SGD1,2013-05-01,0.7554000000000001
M1,SGD1,2013-06-01,0.7491
M1,SGD1,2013-07-01,0.7284999999999999
M1,SGD1,2013-08-01,0.7303000000000001
M1,SGD1,2013-09-01,0.7208
M1,SGD1,2013-10-01,0.7270000000000001
M1,SGD1,2013-11-01,0.721
M1,SGD1,2013-12-01,0.7043
M1,SGD1,2014-01-01,0.7075
M1,SGD1,2014-02-01,0.6992
M1,SGD1,2014-03-01,0.7033
M1,SGD1,2014-04-01,0.7038
M1,SGD1,2014-05-01,0.7158
M1,SGD1,2014-06-01,0.7126
M1,SGD1,2014-07-01,0.7281000000000001
M1,SGD1,2014-08-01,0.7334999999999999
M1,SGD1,2014-09-01,0.748
M1,SGD1,2014-10-01,0.7484999999999999
M1,SGD1,2014-11-01,0.7411
M1,SGD1,2014-12-01,0.7486
M1,SGD1,2015-01-01,0.6826000000000001
M1,SGD1,2015-02-01,0.6988
M1,SGD1,2015-03-01,0.7081000000000001
M1,SGD1,2015-04-01,0.7077
M1,SGD1,2015-05-01,0.6997
M1,SGD1,2015-06-01,0.6920999999999999
M1,SGD1,2015-07-01,0.6998000000000001
M1,SGD1,2015-08-01,0.6814
M1,SGD1,2015-09-01,0.6840999999999999
M1,SGD1,2015-10-01,0.7046
M1,SGD1,2015-11-01,0.7305
M1,SGD1,2015-12-01,0.701
M1,SGD1,2016-01-01,0.7162999999999999
M1,SGD1,2016-02-01,0.7115
M1,SGD1,2016-03-01,0.715
M1,SGD1,2016-04-01,0.7170000000000001
M1,SGD1,2016-05-01,0.7181000000000001
M1,SGD1,2016-06-01,0.7251000000000001
M1,SGD1,2016-07-01,0.7231000000000001
M1,SGD1,2016-08-01,0.7212999999999999
M1,SGD1,2016-09-01,0.7092
M1,SGD1,2016-10-01,0.7101000000000001
M1,SGD1,2016-11-01,0.7108
M1,SGD1,2016-12-01,0.7028
M1,SGD1,2017-01-01,0.7019
M1,SGD1,2017-02-01,0.7182
M1,SGD1,2017-03-01,0.7155
M1,SGD1,2017-04-01,0.7117
M1,SGD1,2017-05-01,0.7037000000000001
M1,SGD1,2017-06-01,0.696
M1,SGD1,2017-07-01,0.7149
M1,SGD1,2017-08-01,0.7089
M1,SGD1,2017-09-01,0.7147
M1,SGD1,2017-10-01,0.7328
M1,SGD1,2017-11-01,0.7315
M1,SGD1,2017-12-01,0.7301000000000001
M1,SGD1,2018-01-01,0.7120000000000001
M1,SGD1,2018-02-01,0.7123999999999999
M1,SGD1,2018-03-01,0.7276
M1,SGD1,2018-04-01,0.74704
M1,SGD1,2018-05-01,0.73844
M1,SGD1,2018-06-01,0.72878
M1,SGD1,2018-07-01,0.72554
M1,SGD1,2018-08-01,0.70699
M1,SGD1,2018-09-01,0.71468
M1,SGD1,2018-10-01,0.72581
M1,SGD1,2018-11-01,0.72653
M1,SGD1,2018-12-01,0.72299
M1,SGD1,2019-01-01,0.73776
M1,SGD1,2019-02-01,0.73845
M1,SGD1,2019-03-01,0.73451
M1,SGD1,2019-04-01,0.74822
M1,SGD1,2019-05-01,0.72975
M1,SGD1,2019-06-01,0.72009
M1,SGD1,2019-07-01,0.72329
M1,SGD1,2019-08-01,0.71209
M1,SGD1,2019-09-01,0.71814
M1,SGD1,2019-10-01,0.72456
M1,SGD1,2019-11-01,0.73159
M1,SGD1,2019-12-01,0.71957
M1,SGD1,2020-01-01,0.7106
M1,SGD1,2020-02-01,0.69137
M1,SGD1,2020-03-01,0.67634
M1,SGD1,2020-04-01,0.689
M1,SGD1,2020-05-01,0.68103
M1,SGD1,2020-06-01,0.68177
M1,SGD1,2020-07-01,0.66204
M1,SGD1,2020-08-01,0.6638
M1,SGD1,2020-09-01,0.67372
M1,SGD1,2020-10-01,0.67114
M1,SGD1,2020-11-01,0.67547
M1,SGD1,2020-12-01,0.66636
M1,SGD1,2021-01-01,0.66861
M1,SGD1,2021-02-01,0.68073
M1,SGD1,2021-03-01,0.70075
M1,SGD1,2021-04-01,0.68498
M1,SGD1,2021-05-01,0.68081
M1,SGD1,2021-06-01,0.68622
M1,SGD1,2021-07-01,0.6696
M1,SGD1,2021-08-01,0.68029
M1,SGD1,2021-09-01,0.68678
M1,SGD1,2021-10-01,0.67758
M1,SGD1,2021-11-01,0.67173
M1,SGD1,2021-12-01,0.67653
M1,SGD1,2022-01-01,0.68812
M1,SGD1,2022-02-01,0.67912
M1,SGD1,2022-03-01,0.68316
M1,SGD1,2022-04-01,0.70193
M1,SGD1,2022-05-01,0.70167
M1,SGD1,2022-06-01,0.68726
M1,SGD1,2022-07-01,0.69074
M1,SGD1,2022-08-01,0.69853
M1,SGD1,2022-09-01,0.68228
M1,SGD1,2022-10-01,0.7063
M1,SGD1,2022-11-01,0.69509
M1,SGD1,2022-12-01,0.68807
M1,SGD1,2023-01-01,0.70371
M1,SGD1,2023-02-01,0.69527
M1,SGD1,2023-03-01,0.68907
M1,SGD1,2023-04-01,0.67011
M1,SGD1,2023-05-01,0.67258
M1,SGD1,2023-06-01,0.664
M1,SGD1,2023-07-01,0.65451
M1,SGD1,2023-08-01,0.65162
M1,SGD1,2023-09-01,0.66773
M1,SGD1,2023-10-01,0.66068
M1,SGD1,2023-11-01,0.65497
M1,SGD1,2023-12-01,0.63602
M1,SGD1,2024-01-01,0.64396
M1,SGD1,2024-02-01,0.65315
M1,SGD1,2024-03-01,0.67071
M1,SGD1,2024-04-01,0.67007
M1,SGD1,2024-05-01,0.66985
M1,SGD1,2024-06-01,0.66306
M1,SGD1,2024-07-01,0.65771
M1,SGD1,2024-08-01,0.65139
M1,SGD1,2024-09-01,0.65883
M1,SGD1,2024-10-01,0.65479
M1,SGD1,2024-11-01,0.65744
M1,SGD1,2024-12-01,0.66402
M1,SGD1,2025-01-01,0.67174
M1,SGD1,2025-02-01,0.66882
M1,SGD1,2025-03-01,0.65665
M1,SGD1,2025-04-01,0.6323
M1,SGD1,2025-05-01,0.63831
M1,SGD1,2025-06-01,0.62579
M1,SGD1,2025-07-01,0.62748
M1,SGD1,2025-08-01,0.6234
M1,SGD1,2025-09-01,0.61761
M1,SGD1,2025-10-01,0.61636
M1,SGD1,2025-11-01,0.62118
M1,SGD1,2025-12-01,0.61683
M1,SGD1,2026-01-01,0.60652
M1,SGD1,2026-02-01,0.61065
M1,SGD1,2026-03-01,0.62016
M1,SGD1,2026-04-01,0.61751
M1,SGD1,2026-05-01,0.61371
M1,SGD1,2026-06-01,0.62524
M1,SGD1,2026-07-01,0.62931
M1,THB100,1999-01-01,3.847
M1,THB100,1999-02-01,3.8662
M1,THB100,1999-03-01,3.9617
M1,THB100,1999-04-01,4.1047
M1,THB100,1999-05-01,4.104
M1,THB100,1999-06-01,4.208
M1,THB100,1999-07-01,4.01
M1,THB100,1999-08-01,3.9635
M1,THB100,1999-09-01,3.6622
M1,THB100,1999-10-01,3.9487
M1,THB100,1999-11-01,4.07
M1,THB100,1999-12-01,4.2613
M1,THB100,2000-01-01,4.3723
M1,THB100,2000-02-01,4.2627
M1,THB100,2000-03-01,4.3822
M1,THB100,2000-04-01,4.5455
M1,THB100,2000-05-01,4.3021
M1,THB100,2000-06-01,4.1422
M1,THB100,2000-07-01,4.0505
M1,THB100,2000-08-01,4.2292
M1,THB100,2000-09-01,4.0956
M1,THB100,2000-10-01,4.1198
M1,THB100,2000-11-01,3.948
M1,THB100,2000-12-01,3.7723
M1,THB100,2001-01-01,3.8661
M1,THB100,2001-02-01,3.8864
M1,THB100,2001-03-01,3.8414
M1,THB100,2001-04-01,3.783
M1,THB100,2001-05-01,3.9621
M1,THB100,2001-06-01,3.9647
M1,THB100,2001-07-01,3.7735
M1,THB100,2001-08-01,3.7511
M1,THB100,2001-09-01,3.6295
M1,THB100,2001-10-01,3.6342
M1,THB100,2001-11-01,3.7828
M1,THB100,2001-12-01,3.7951
M1,THB100,2002-01-01,3.8803
M1,THB100,2002-02-01,3.9003
M1,THB100,2002-03-01,3.8634
M1,THB100,2002-04-01,3.7475
M1,THB100,2002-05-01,3.684
M1,THB100,2002-06-01,3.5713
M1,THB100,2002-07-01,3.539
M1,THB100,2002-08-01,3.5316
M1,THB100,2002-09-01,3.4361
M1,THB100,2002-10-01,3.4225
M1,THB100,2002-11-01,3.4231
M1,THB100,2002-12-01,3.2148
M1,THB100,2003-01-01,3.1731
M1,THB100,2003-02-01,3.1827
M1,THB100,2003-03-01,3.1662
M1,THB100,2003-04-01,3.1716
M1,THB100,2003-05-01,3.0931
M1,THB100,2003-06-01,3.2211
M1,THB100,2003-07-01,3.2554
M1,THB100,2003-08-01,3.4181
M1,THB100,2003-09-01,3.3009
M1,THB100,2003-10-01,3.3333
M1,THB100,2003-11-01,3.2394
M1,THB100,2003-12-01,3.1188
M1,THB100,2004-01-01,3.2165
M1,THB100,2004-02-01,3.2268
M1,THB100,2004-03-01,3.2398
M1,THB100,2004-04-01,3.2396
M1,THB100,2004-05-01,3.069
M1,THB100,2004-06-01,3.0768
M1,THB100,2004-07-01,3.0871
M1,THB100,2004-08-01,3.0655
M1,THB100,2004-09-01,3.0373
M1,THB100,2004-10-01,2.9168
M1,THB100,2004-11-01,2.8906
M1,THB100,2004-12-01,2.9053
M1,THB100,2005-01-01,3.0872
M1,THB100,2005-02-01,3.0328
M1,THB100,2005-03-01,3.0565
M1,THB100,2005-04-01,2.9972
M1,THB100,2005-05-01,3.0674
M1,THB100,2005-06-01,3.1078
M1,THB100,2005-07-01,3.0959
M1,THB100,2005-08-01,3.0722
M1,THB100,2005-09-01,3.152
M1,THB100,2005-10-01,3.1374
M1,THB100,2005-11-01,3.1859
M1,THB100,2005-12-01,3.2008
M1,THB100,2006-01-01,3.2899
M1,THB100,2006-02-01,3.3582
M1,THB100,2006-03-01,3.3565
M1,THB100,2006-04-01,3.3444
M1,THB100,2006-05-01,3.1795
M1,THB100,2006-06-01,3.2284
M1,THB100,2006-07-01,3.2559
M1,THB100,2006-08-01,3.263
M1,THB100,2006-09-01,3.3346
M1,THB100,2006-10-01,3.4069
M1,THB100,2006-11-01,3.3521
M1,THB100,2006-12-01,3.3754
M1,THB100,2007-01-01,3.6208
M1,THB100,2007-02-01,3.5716
M1,THB100,2007-03-01,3.4752
M1,THB100,2007-04-01,3.6611
M1,THB100,2007-05-01,3.7175
M1,THB100,2007-06-01,3.5634
M1,THB100,2007-07-01,3.5605
M1,THB100,2007-08-01,3.5127
M1,THB100,2007-09-01,3.4166
M1,THB100,2007-10-01,3.4092
M1,THB100,2007-11-01,3.3096
M1,THB100,2007-12-01,3.3414
M1,THB100,2008-01-01,3.2757
M1,THB100,2008-02-01,3.2759
M1,THB100,2008-03-01,3.1511
M1,THB100,2008-04-01,3.2709
M1,THB100,2008-05-01,3.2341
M1,THB100,2008-06-01,3.0295
M1,THB100,2008-07-01,3.1216
M1,THB100,2008-08-01,3.1983
M1,THB100,2008-09-01,3.2378
M1,THB100,2008-10-01,3.2732
M1,THB100,2008-11-01,3.3847
M1,THB100,2008-12-01,3.0394
M1,THB100,2009-01-01,3.3015
M1,THB100,2009-02-01,3.2417
M1,THB100,2009-03-01,3.22
M1,THB100,2009-04-01,3.2056
M1,THB100,2009-05-01,3.1464
M1,THB100,2009-06-01,3.1762
M1,THB100,2009-07-01,3.1943
M1,THB100,2009-08-01,3.1211
M1,THB100,2009-09-01,3.0836
M1,THB100,2009-10-01,3.0428
M1,THB100,2009-11-01,3.0138
M1,THB100,2009-12-01,3.0864
M1,THB100,2010-01-01,3.1677
M1,THB100,2010-02-01,3.2583
M1,THB100,2010-03-01,3.2888
M1,THB100,2010-04-01,3.3384
M1,THB100,2010-05-01,3.5527
M1,THB100,2010-06-01,3.3333
M1,THB100,2010-07-01,3.216
M1,THB100,2010-08-01,3.2608
M1,THB100,2010-09-01,3.2166
M1,THB100,2010-10-01,3.2978
M1,THB100,2010-11-01,3.3026
M1,THB100,2010-12-01,3.1189
M1,THB100,2011-01-01,3.0351
M1,THB100,2011-02-01,3.0265
M1,THB100,2011-03-01,3.0242
M1,THB100,2011-04-01,2.9022
M1,THB100,2011-05-01,2.807
M1,THB100,2011-06-01,2.7107
M1,THB100,2011-07-01,2.6949
M1,THB100,2011-08-01,2.7089
M1,THB100,2011-09-01,2.8977
M1,THB100,2011-10-01,2.8313
M1,THB100,2011-11-01,2.9612
M1,THB100,2011-12-01,2.9797
M1,THB100,2012-01-01,2.9566
M1,THB100,2012-02-01,2.9571
M1,THB100,2012-03-01,2.9291
M1,THB100,2012-04-01,2.9514
M1,THB100,2012-05-01,3.0392
M1,THB100,2012-06-01,3.0063
M1,THB100,2012-07-01,3.1067
M1,THB100,2012-08-01,3.0536
M1,THB100,2012-09-01,3.0362
M1,THB100,2012-10-01,3.0268
M1,THB100,2012-11-01,3.0142
M1,THB100,2012-12-01,2.99
M1,THB100,2013-01-01,3.0534
M1,THB100,2013-02-01,3.1242
M1,THB100,2013-03-01,3.2406
M1,THB100,2013-04-01,3.1938
M1,THB100,2013-05-01,3.1537
M1,THB100,2013-06-01,3.0468
M1,THB100,2013-07-01,2.956
M1,THB100,2013-08-01,2.8941
M1,THB100,2013-09-01,2.8942
M1,THB100,2013-10-01,2.8933
M1,THB100,2013-11-01,2.8182
M1,THB100,2013-12-01,2.7155
M1,THB100,2014-01-01,2.735
M1,THB100,2014-02-01,2.715
M1,THB100,2014-03-01,2.7338
M1,THB100,2014-04-01,2.7316
M1,THB100,2014-05-01,2.7321
M1,THB100,2014-06-01,2.741
M1,THB100,2014-07-01,2.8307
M1,THB100,2014-08-01,2.8652
M1,THB100,2014-09-01,2.943
M1,THB100,2014-10-01,2.9456
M1,THB100,2014-11-01,2.9414
M1,THB100,2014-12-01,2.9989
M1,THB100,2015-01-01,2.8234
M1,THB100,2015-02-01,2.9373
M1,THB100,2015-03-01,2.9937
M1,THB100,2015-04-01,2.8389
M1,THB100,2015-05-01,2.8016
M1,THB100,2015-06-01,2.7584
M1,THB100,2015-07-01,2.7331
M1,THB100,2015-08-01,2.6881
M1,THB100,2015-09-01,2.6818
M1,THB100,2015-10-01,2.7744
M1,THB100,2015-11-01,2.875
M1,THB100,2015-12-01,2.7443
M1,THB100,2016-01-01,2.853
M1,THB100,2016-02-01,2.8075
M1,THB100,2016-03-01,2.7353
M1,THB100,2016-04-01,2.7587
M1,THB100,2016-05-01,2.7742
M1,THB100,2016-06-01,2.7818
M1,THB100,2016-07-01,2.8038
M1,THB100,2016-08-01,2.8391
M1,THB100,2016-09-01,2.7922
M1,THB100,2016-10-01,2.8243
M1,THB100,2016-11-01,2.8415
M1,THB100,2016-12-01,2.8339
M1,THB100,2017-01-01,2.8266
M1,THB100,2017-02-01,2.8819
M1,THB100,2017-03-01,2.9061
M1,THB100,2017-04-01,2.8707
M1,THB100,2017-05-01,2.8597
M1,THB100,2017-06-01,2.8204
M1,THB100,2017-07-01,2.9137
M1,THB100,2017-08-01,2.9027
M1,THB100,2017-09-01,2.9107
M1,THB100,2017-10-01,3.0031
M1,THB100,2017-11-01,3.0238
M1,THB100,2017-12-01,2.9936
M1,THB100,2018-01-01,2.9735
M1,THB100,2018-02-01,3.0037
M1,THB100,2018-03-01,3.0549
M1,THB100,2018-04-01,3.1374
M1,THB100,2018-05-01,3.0859
M1,THB100,2018-06-01,2.99831
M1,THB100,2018-07-01,2.9696
M1,THB100,2018-08-01,2.95819
M1,THB100,2018-09-01,3.0232
M1,THB100,2018-10-01,3.03402
M1,THB100,2018-11-01,3.02864
M1,THB100,2018-12-01,3.0405
M1,THB100,2019-01-01,3.17805
M1,THB100,2019-02-01,3.16074
M1,THB100,2019-03-01,3.1381
M1,THB100,2019-04-01,3.18911
M1,THB100,2019-05-01,3.1759
M1,THB100,2019-06-01,3.17543
M1,THB100,2019-07-01,3.22162
M1,THB100,2019-08-01,3.23114
M1,THB100,2019-09-01,3.24738
M1,THB100,2019-10-01,3.26847
M1,THB100,2019-11-01,3.30802
M1,THB100,2019-12-01,3.25222
M1,THB100,2020-01-01,3.11307
M1,THB100,2020-02-01,3.05365
M1,THB100,2020-03-01,2.93578
M1,THB100,2020-04-01,3.00182
M1,THB100,2020-05-01,3.02352
M1,THB100,2020-06-01,3.08279
M1,THB100,2020-07-01,2.90884
M1,THB100,2020-08-01,2.90013
M1,THB100,2020-09-01,2.91415
M1,THB100,2020-10-01,2.93887
M1,THB100,2020-11-01,2.98555
M1,THB100,2020-12-01,2.93792
M1,THB100,2021-01-01,2.97177
M1,THB100,2021-02-01,2.97937
M1,THB100,2021-03-01,3.00885
M1,THB100,2021-04-01,2.91836
M1,THB100,2021-05-01,2.88162
M1,THB100,2021-06-01,2.87813
M1,THB100,2021-07-01,2.75466
M1,THB100,2021-08-01,2.83436
M1,THB100,2021-09-01,2.76038
M1,THB100,2021-10-01,2.7459
M1,THB100,2021-11-01,2.7251
M1,THB100,2021-12-01,2.75283
M1,THB100,2022-01-01,2.79894
M1,THB100,2022-02-01,2.82372
M1,THB100,2022-03-01,2.77678
M1,THB100,2022-04-01,2.83186
M1,THB100,2022-05-01,2.80997
M1,THB100,2022-06-01,2.70928
M1,THB100,2022-07-01,2.63106
M1,THB100,2022-08-01,2.6786
M1,THB100,2022-09-01,2.58569
M1,THB100,2022-10-01,2.62595
M1,THB100,2022-11-01,2.69536
M1,THB100,2022-12-01,2.66704
M1,THB100,2023-01-01,2.80735
M1,THB100,2023-02-01,2.65364
M1,THB100,2023-03-01,2.68074
M1,THB100,2023-04-01,2.62726
M1,THB100,2023-05-01,2.62055
M1,THB100,2023-06-01,2.53788
M1,THB100,2023-07-01,2.54271
M1,THB100,2023-08-01,2.51873
M1,THB100,2023-09-01,2.49486
M1,THB100,2023-10-01,2.50911
M1,THB100,2023-11-01,2.48692
M1,THB100,2023-12-01,2.44435
M1,THB100,2024-01-01,2.43235
M1,THB100,2024-02-01,2.4478
M1,THB100,2024-03-01,2.48308
M1,THB100,2024-04-01,2.46036
M1,THB100,2024-05-01,2.46168
M1,THB100,2024-06-01,2.4461
M1,THB100,2024-07-01,2.47195
M1,THB100,2024-08-01,2.50037
M1,THB100,2024-09-01,2.62008
M1,THB100,2024-10-01,2.56416
M1,THB100,2024-11-01,2.56955
M1,THB100,2024-12-01,2.64261
M1,THB100,2025-01-01,2.70421
M1,THB100,2025-02-01,2.63945
M1,THB100,2025-03-01,2.59679
M1,THB100,2025-04-01,2.47193
M1,THB100,2025-05-01,2.51334
M1,THB100,2025-06-01,2.4565
M1,THB100,2025-07-01,2.48989
M1,THB100,2025-08-01,2.47328
M1,THB100,2025-09-01,2.45998
M1,THB100,2025-10-01,2.47928
M1,THB100,2025-11-01,2.50466
M1,THB100,2025-12-01,2.5149
M1,THB100,2026-01-01,2.44513
M1,THB100,2026-02-01,2.48673
M1,THB100,2026-03-01,2.43265
M1,THB100,2026-04-01,2.41899
M1,THB100,2026-05-01,2.40674
M1,THB100,2026-06-01,2.43671
M1,THB100,2026-07-01,2.41915
M1,TRY100,1999-01-01,4.246e-4
M1,TRY100,1999-02-01,4.078e-4
M1,TRY100,1999-03-01,3.994e-4
M1,TRY100,1999-04-01,3.88e-4
M1,TRY100,1999-05-01,3.746e-4
M1,TRY100,1999-06-01,3.673e-4
M1,TRY100,1999-07-01,3.473e-4
M1,TRY100,1999-08-01,3.413e-4
M1,TRY100,1999-09-01,3.247e-4
M1,TRY100,1999-10-01,3.171e-4
M1,TRY100,1999-11-01,3.066e-4
M1,TRY100,1999-12-01,2.948e-4
M1,TRY100,2000-01-01,2.933e-4
M1,TRY100,2000-02-01,2.877e-4
M1,TRY100,2000-03-01,2.826e-4
M1,TRY100,2000-04-01,2.833e-4
M1,TRY100,2000-05-01,2.738e-4
M1,TRY100,2000-06-01,2.628e-4
M1,TRY100,2000-07-01,2.634e-4
M1,TRY100,2000-08-01,2.65e-4
M1,TRY100,2000-09-01,2.601e-4
M1,TRY100,2000-10-01,2.641e-4
M1,TRY100,2000-11-01,2.534e-4
M1,TRY100,2000-12-01,2.438e-4
M1,TRY100,2001-01-01,2.425e-4
M1,TRY100,2001-02-01,1.5e-4
M1,TRY100,2001-03-01,1.505e-4
M1,TRY100,2001-04-01,1.5e-4
M1,TRY100,2001-05-01,1.523e-4
M1,TRY100,2001-06-01,1.431e-4
M1,TRY100,2001-07-01,1.282e-4
M1,TRY100,2001-08-01,1.195e-4
M1,TRY100,2001-09-01,1.057e-4
M1,TRY100,2001-10-01,1.015e-4
M1,TRY100,2001-11-01,1.11e-4
M1,TRY100,2001-12-01,1.153e-4
M1,TRY100,2002-01-01,1.29e-4
M1,TRY100,2002-02-01,1.216e-4
M1,TRY100,2002-03-01,1.249e-4
M1,TRY100,2002-04-01,1.21e-4
M1,TRY100,2002-05-01,1.078e-4
M1,TRY100,2002-06-01,9.41e-5
M1,TRY100,2002-07-01,8.74e-5
M1,TRY100,2002-08-01,9.11e-5
M1,TRY100,2002-09-01,8.95e-5
M1,TRY100,2002-10-01,8.88e-5
M1,TRY100,2002-11-01,9.57e-5
M1,TRY100,2002-12-01,8.43e-5
M1,TRY100,2003-01-01,8.24e-5
M1,TRY100,2003-02-01,8.47e-5
M1,TRY100,2003-03-01,7.95e-5
M1,TRY100,2003-04-01,8.62e-5
M1,TRY100,2003-05-01,9.04e-5
M1,TRY100,2003-06-01,9.59e-5
M1,TRY100,2003-07-01,9.61e-5
M1,TRY100,2003-08-01,1.004e-4
M1,TRY100,2003-09-01,9.53e-5
M1,TRY100,2003-10-01,8.94e-5
M1,TRY100,2003-11-01,8.83e-5
M1,TRY100,2003-12-01,8.83e-5
M1,TRY100,2004-01-01,9.37e-5
M1,TRY100,2004-02-01,9.53e-5
M1,TRY100,2004-03-01,9.65e-5
M1,TRY100,2004-04-01,9.09e-5
M1,TRY100,2004-05-01,8.36e-5
M1,TRY100,2004-06-01,8.46e-5
M1,TRY100,2004-07-01,8.69e-5
M1,TRY100,2004-08-01,8.44e-5
M1,TRY100,2004-09-01,8.38e-5
M1,TRY100,2004-10-01,8.11e-5
M1,TRY100,2004-11-01,7.96e-5
M1,TRY100,2004-12-01,8.44e-5
M1,TRY100,2005-01-01,89.15
M1,TRY100,2005-02-01,90.23
M1,TRY100,2005-03-01,88.23
M1,TRY100,2005-04-01,85.05
M1,TRY100,2005-05-01,91.53
M1,TRY100,2005-06-01,95.73
M1,TRY100,2005-07-01,97.14
M1,TRY100,2005-08-01,93.26
M1,TRY100,2005-09-01,95.72
M1,TRY100,2005-10-01,94.73
M1,TRY100,2005-11-01,96.87
M1,TRY100,2005-12-01,97.57
M1,TRY100,2006-01-01,96.72
M1,TRY100,2006-02-01,100.4
M1,TRY100,2006-03-01,96.76
M1,TRY100,2006-04-01,94.9
M1,TRY100,2006-05-01,76.99
M1,TRY100,2006-06-01,77.91
M1,TRY100,2006-07-01,82.79
M1,TRY100,2006-08-01,84
M1,TRY100,2006-09-01,83.16
M1,TRY100,2006-10-01,85.25
M1,TRY100,2006-11-01,83.18
M1,TRY100,2006-12-01,86.16
M1,TRY100,2007-01-01,88.12
M1,TRY100,2007-02-01,85.74
M1,TRY100,2007-03-01,87.71
M1,TRY100,2007-04-01,87.95
M1,TRY100,2007-05-01,92.13
M1,TRY100,2007-06-01,93.86
M1,TRY100,2007-07-01,93.64
M1,TRY100,2007-08-01,92.62
M1,TRY100,2007-09-01,96.32
M1,TRY100,2007-10-01,98.45
M1,TRY100,2007-11-01,95.02
M1,TRY100,2007-12-01,96.61
M1,TRY100,2008-01-01,92.11
M1,TRY100,2008-02-01,88.01
M1,TRY100,2008-03-01,75.35
M1,TRY100,2008-04-01,80.09
M1,TRY100,2008-05-01,86.46
M1,TRY100,2008-06-01,82.84
M1,TRY100,2008-07-01,89.76
M1,TRY100,2008-08-01,92.5
M1,TRY100,2008-09-01,86.33
M1,TRY100,2008-10-01,73.15
M1,TRY100,2008-11-01,76.68
M1,TRY100,2008-12-01,69.19
M1,TRY100,2009-01-01,70.48
M1,TRY100,2009-02-01,69.23
M1,TRY100,2009-03-01,67.87
M1,TRY100,2009-04-01,71.29
M1,TRY100,2009-05-01,69.78
M1,TRY100,2009-06-01,70.41
M1,TRY100,2009-07-01,73.59
M1,TRY100,2009-08-01,70.65
M1,TRY100,2009-09-01,69.52
M1,TRY100,2009-10-01,68.42
M1,TRY100,2009-11-01,65.86
M1,TRY100,2009-12-01,68.8
M1,TRY100,2010-01-01,70.42
M1,TRY100,2010-02-01,69.72
M1,TRY100,2010-03-01,69.89
M1,TRY100,2010-04-01,72.87
M1,TRY100,2010-05-01,73.31
M1,TRY100,2010-06-01,68.34
M1,TRY100,2010-07-01,68.59
M1,TRY100,2010-08-01,66.65
M1,TRY100,2010-09-01,67.35
M1,TRY100,2010-10-01,68.72
M1,TRY100,2010-11-01,66.31
M1,TRY100,2010-12-01,60.54
M1,TRY100,2011-01-01,58.59
M1,TRY100,2011-02-01,57.83
M1,TRY100,2011-03-01,59.23
M1,TRY100,2011-04-01,56.96
M1,TRY100,2011-05-01,53.34
M1,TRY100,2011-06-01,51.33
M1,TRY100,2011-07-01,47.7
M1,TRY100,2011-08-01,47.32
M1,TRY100,2011-09-01,48.51
M1,TRY100,2011-10-01,49.58
M1,TRY100,2011-11-01,49.71
M1,TRY100,2011-12-01,49.06
M1,TRY100,2012-01-01,51.52
M1,TRY100,2012-02-01,51.22
M1,TRY100,2012-03-01,50.62
M1,TRY100,2012-04-01,51.63
M1,TRY100,2012-05-01,52.35
M1,TRY100,2012-06-01,52.53
M1,TRY100,2012-07-01,54.55
M1,TRY100,2012-08-01,52.66
M1,TRY100,2012-09-01,52.07
M1,TRY100,2012-10-01,51.77
M1,TRY100,2012-11-01,51.81
M1,TRY100,2012-12-01,51.21
M1,TRY100,2013-01-01,51.66
M1,TRY100,2013-02-01,51.75
M1,TRY100,2013-03-01,52.4
M1,TRY100,2013-04-01,52.21
M1,TRY100,2013-05-01,50.66
M1,TRY100,2013-06-01,49.16
M1,TRY100,2013-07-01,48.01
M1,TRY100,2013-08-01,45.64
M1,TRY100,2013-09-01,44.45
M1,TRY100,2013-10-01,45.22
M1,TRY100,2013-11-01,44.83
M1,TRY100,2013-12-01,41.8
M1,TRY100,2014-01-01,39.84
M1,TRY100,2014-02-01,39.98
M1,TRY100,2014-03-01,40.98
M1,TRY100,2014-04-01,41.75
M1,TRY100,2014-05-01,42.85
M1,TRY100,2014-06-01,41.88
M1,TRY100,2014-07-01,42.52
M1,TRY100,2014-08-01,42.4
M1,TRY100,2014-09-01,41.88
M1,TRY100,2014-10-01,43.61
M1,TRY100,2014-11-01,43.69
M1,TRY100,2014-12-01,42.52
M1,TRY100,2015-01-01,38.24
M1,TRY100,2015-02-01,37.81
M1,TRY100,2015-03-01,37.22
M1,TRY100,2015-04-01,35.17
M1,TRY100,2015-05-01,35.4
M1,TRY100,2015-06-01,34.62
M1,TRY100,2015-07-01,34.54
M1,TRY100,2015-08-01,32.97
M1,TRY100,2015-09-01,32.15
M1,TRY100,2015-10-01,33.84
M1,TRY100,2015-11-01,35.36
M1,TRY100,2015-12-01,33.81
M1,TRY100,2016-01-01,34.38
M1,TRY100,2016-02-01,33.75
M1,TRY100,2016-03-01,34.05
M1,TRY100,2016-04-01,34.32
M1,TRY100,2016-05-01,33.53
M1,TRY100,2016-06-01,33.91
M1,TRY100,2016-07-01,32.41
M1,TRY100,2016-08-01,33.28
M1,TRY100,2016-09-01,32.22
M1,TRY100,2016-10-01,31.82
M1,TRY100,2016-11-01,29.62
M1,TRY100,2016-12-01,28.78
M1,TRY100,2017-01-01,26.2
M1,TRY100,2017-02-01,27.85
M1,TRY100,2017-03-01,27.47
M1,TRY100,2017-04-01,27.92
M1,TRY100,2017-05-01,27.48
M1,TRY100,2017-06-01,27.19
M1,TRY100,2017-07-01,27.5
M1,TRY100,2017-08-01,27.84
M1,TRY100,2017-09-01,27.3
M1,TRY100,2017-10-01,26.38
M1,TRY100,2017-11-01,25.01
M1,TRY100,2017-12-01,25.89
M1,TRY100,2018-01-01,24.81
M1,TRY100,2018-02-01,24.81
M1,TRY100,2018-03-01,24.1
M1,TRY100,2018-04-01,24.47445
M1,TRY100,2018-05-01,22.03017
M1,TRY100,2018-06-01,21.76843
M1,TRY100,2018-07-01,20.12613
M1,TRY100,2018-08-01,14.74428
M1,TRY100,2018-09-01,16.31278
M1,TRY100,2018-10-01,18.26584
M1,TRY100,2018-11-01,19.25233
M1,TRY100,2018-12-01,18.6373
M1,TRY100,2019-01-01,19.08785
M1,TRY100,2019-02-01,18.69276
M1,TRY100,2019-03-01,17.66177
M1,TRY100,2019-04-01,17.06154
M1,TRY100,2019-05-01,17.06704
M1,TRY100,2019-06-01,16.92206
M1,TRY100,2019-07-01,17.87545
M1,TRY100,2019-08-01,16.90319
M1,TRY100,2019-09-01,17.58513
M1,TRY100,2019-10-01,17.27648
M1,TRY100,2019-11-01,17.40217
M1,TRY100,2019-12-01,16.27393
M1,TRY100,2020-01-01,16.21245
M1,TRY100,2020-02-01,15.41082
M1,TRY100,2020-03-01,14.67888
M1,TRY100,2020-04-01,13.90874
M1,TRY100,2020-05-01,14.09674
M1,TRY100,2020-06-01,13.88686
M1,TRY100,2020-07-01,13.01316
M1,TRY100,2020-08-01,12.30868
M1,TRY100,2020-09-01,11.88698
M1,TRY100,2020-10-01,10.97241
M1,TRY100,2020-11-01,11.61319
M1,TRY100,2020-12-01,11.76533
M1,TRY100,2021-01-01,12.13686
M1,TRY100,2021-02-01,12.28598
M1,TRY100,2021-03-01,11.30222
M1,TRY100,2021-04-01,11.05056
M1,TRY100,2021-05-01,10.61716
M1,TRY100,2021-06-01,10.61122
M1,TRY100,2021-07-01,10.75183
M1,TRY100,2021-08-01,10.99931
M1,TRY100,2021-09-01,10.51418
M1,TRY100,2021-10-01,9.49522
M1,TRY100,2021-11-01,7.06618
M1,TRY100,2021-12-01,6.81669
M1,TRY100,2022-01-01,6.96924
M1,TRY100,2022-02-01,6.67479
M1,TRY100,2022-03-01,6.31404
M1,TRY100,2022-04-01,6.53455
M1,TRY100,2022-05-01,5.85186
M1,TRY100,2022-06-01,5.73264
M1,TRY100,2022-07-01,5.31989
M1,TRY100,2022-08-01,5.37081
M1,TRY100,2022-09-01,5.26256
M1,TRY100,2022-10-01,5.36728
M1,TRY100,2022-11-01,5.09984
M1,TRY100,2022-12-01,4.93181
M1,TRY100,2023-01-01,4.92624
M1,TRY100,2023-02-01,4.96585
M1,TRY100,2023-03-01,4.77676
M1,TRY100,2023-04-01,4.60567
M1,TRY100,2023-05-01,4.40181
M1,TRY100,2023-06-01,3.45623
M1,TRY100,2023-07-01,3.22896
M1,TRY100,2023-08-01,3.29675
M1,TRY100,2023-09-01,3.31717
M1,TRY100,2023-10-01,3.18818
M1,TRY100,2023-11-01,3.03157
M1,TRY100,2023-12-01,2.8428
M1,TRY100,2024-01-01,2.84237
M1,TRY100,2024-02-01,2.81221
M1,TRY100,2024-03-01,2.80296
M1,TRY100,2024-04-01,2.81785
M1,TRY100,2024-05-01,2.80977
M1,TRY100,2024-06-01,2.73142
M1,TRY100,2024-07-01,2.65778
M1,TRY100,2024-08-01,2.49097
M1,TRY100,2024-09-01,2.46736
M1,TRY100,2024-10-01,2.52582
M1,TRY100,2024-11-01,2.54044
M1,TRY100,2024-12-01,2.55602
M1,TRY100,2025-01-01,2.53972
M1,TRY100,2025-02-01,2.46895
M1,TRY100,2025-03-01,2.32114
M1,TRY100,2025-04-01,2.14428
M1,TRY100,2025-05-01,2.09992
M1,TRY100,2025-06-01,2.00546
M1,TRY100,2025-07-01,2.00243
M1,TRY100,2025-08-01,1.94578
M1,TRY100,2025-09-01,1.91432
M1,TRY100,2025-10-01,1.90649
M1,TRY100,2025-11-01,1.89674
M1,TRY100,2025-12-01,1.84639
M1,TRY100,2026-01-01,1.76961
M1,TRY100,2026-02-01,1.75817
M1,TRY100,2026-03-01,1.7986
M1,TRY100,2026-04-01,1.74791
M1,TRY100,2026-05-01,1.70972
M1,TRY100,2026-06-01,1.73488
M1,TRY100,2026-07-01,1.69677
M1,USD1,1970-01-01,4.3051
M1,USD1,1970-02-01,4.3035
M1,USD1,1970-03-01,4.309
M1,USD1,1970-04-01,4.3016
M1,USD1,1970-05-01,4.3232
M1,USD1,1970-06-01,4.3169
M1,USD1,1970-07-01,4.3037
M1,USD1,1970-08-01,4.3025
M1,USD1,1970-09-01,4.327
M1,USD1,1970-10-01,4.3345
M1,USD1,1970-11-01,4.3116
M1,USD1,1970-12-01,4.3162
M1,USD1,1971-01-01,4.2969
M1,USD1,1971-02-01,4.3065
M1,USD1,1971-03-01,4.295
M1,USD1,1971-04-01,4.295
M1,USD1,1971-05-01,4.099
M1,USD1,1971-06-01,4.0972
M1,USD1,1971-07-01,4.0866
M1,USD1,1971-08-01,3.9825
M1,USD1,1971-09-01,3.95
M1,USD1,1971-10-01,3.989
M1,USD1,1971-11-01,3.9522
M1,USD1,1971-12-01,3.915
M1,USD1,1972-01-01,3.872
M1,USD1,1972-02-01,3.8695
M1,USD1,1972-03-01,3.84
M1,USD1,1972-04-01,3.8615
M1,USD1,1972-05-01,3.844
M1,USD1,1972-07-01,3.7732
M1,USD1,1972-08-01,3.7787
M1,USD1,1972-09-01,3.801
M1,USD1,1972-10-01,3.797
M1,USD1,1972-11-01,3.7755
M1,USD1,1972-12-01,3.774
M1,USD1,1973-01-01,3.6225
M1,USD1,1973-02-01,3.12
M1,USD1,1973-03-01,3.237
M1,USD1,1973-04-01,3.24
M1,USD1,1973-05-01,3.096
M1,USD1,1973-06-01,2.96
M1,USD1,1973-07-01,2.866
M1,USD1,1973-08-01,3.029
M1,USD1,1973-09-01,3.022
M1,USD1,1973-10-01,3.097
M1,USD1,1973-11-01,3.2015
M1,USD1,1973-12-01,3.2435
M1,USD1,1974-01-01,3.289
M1,USD1,1974-02-01,3.122
M1,USD1,1974-03-01,3
M1,USD1,1974-04-01,2.915
M1,USD1,1974-05-01,2.976
M1,USD1,1974-06-01,2.9975
M1,USD1,1974-07-01,2.9748
M1,USD1,1974-08-01,3.008
M1,USD1,1974-09-01,2.946
M1,USD1,1974-10-01,2.8695
M1,USD1,1974-11-01,2.716
M1,USD1,1974-12-01,2.54
M1,USD1,1975-01-01,2.497
M1,USD1,1975-02-01,2.3945
M1,USD1,1975-03-01,2.528
M1,USD1,1975-04-01,2.5525
M1,USD1,1975-05-01,2.51
M1,USD1,1975-06-01,2.5055
M1,USD1,1975-07-01,2.7135
M1,USD1,1975-08-01,2.6822
M1,USD1,1975-09-01,2.7475
M1,USD1,1975-10-01,2.624
M1,USD1,1975-11-01,2.6785
M1,USD1,1975-12-01,2.62
M1,USD1,1976-01-01,2.6
M1,USD1,1976-02-01,2.562
M1,USD1,1976-03-01,2.5342
M1,USD1,1976-04-01,2.5127
M1,USD1,1976-05-01,2.4365
M1,USD1,1976-06-01,2.473
M1,USD1,1976-07-01,2.4795
M1,USD1,1976-08-01,2.477
M1,USD1,1976-09-01,2.4542
M1,USD1,1976-10-01,2.436
M1,USD1,1976-11-01,2.443
M1,USD1,1976-12-01,2.449
M1,USD1,1977-01-01,2.5168
M1,USD1,1977-02-01,2.5525
M1,USD1,1977-03-01,2.5418
M1,USD1,1977-04-01,2.5238
M1,USD1,1977-05-01,2.5047
M1,USD1,1977-06-01,2.4613
M1,USD1,1977-07-01,2.4
M1,USD1,1977-08-01,2.393
M1,USD1,1977-09-01,2.3383
M1,USD1,1977-10-01,2.232
M1,USD1,1977-11-01,2.16
M1,USD1,1977-12-01,2
M1,USD1,1978-01-01,1.981
M1,USD1,1978-02-01,1.873
M1,USD1,1978-03-01,1.8685
M1,USD1,1978-04-01,1.933
M1,USD1,1978-05-01,1.9065
M1,USD1,1978-06-01,1.8583
M1,USD1,1978-07-01,1.742
M1,USD1,1978-08-01,1.646
M1,USD1,1978-09-01,1.543
M1,USD1,1978-10-01,1.4735
M1,USD1,1978-11-01,1.72
M1,USD1,1978-12-01,1.62
M1,USD1,1979-01-01,1.6865
M1,USD1,1979-02-01,1.6665
M1,USD1,1979-03-01,1.691
M1,USD1,1979-04-01,1.723
M1,USD1,1979-05-01,1.7225
M1,USD1,1979-06-01,1.6612
M1,USD1,1979-07-01,1.6637
M1,USD1,1979-08-01,1.656
M1,USD1,1979-09-01,1.5335
M1,USD1,1979-10-01,1.6605
M1,USD1,1979-11-01,1.614
M1,USD1,1979-12-01,1.58
M1,USD1,1980-01-01,1.6255
M1,USD1,1980-02-01,1.6875
M1,USD1,1980-03-01,1.832
M1,USD1,1980-04-01,1.668
M1,USD1,1980-05-01,1.6615
M1,USD1,1980-06-01,1.6215
M1,USD1,1980-07-01,1.65
M1,USD1,1980-08-01,1.649
M1,USD1,1980-09-01,1.6485
M1,USD1,1980-10-01,1.7208
M1,USD1,1980-11-01,1.7372
M1,USD1,1980-12-01,1.761
M1,USD1,1981-01-01,1.91
M1,USD1,1981-02-01,1.9675
M1,USD1,1981-03-01,1.9125
M1,USD1,1981-04-01,2.0247
M1,USD1,1981-05-01,2.065
M1,USD1,1981-06-01,2.0298
M1,USD1,1981-07-01,2.1305
M1,USD1,1981-08-01,2.122
M1,USD1,1981-09-01,1.977
M1,USD1,1981-10-01,1.846
M1,USD1,1981-11-01,1.7675
M1,USD1,1981-12-01,1.796
M1,USD1,1982-01-01,1.84
M1,USD1,1982-02-01,1.8875
M1,USD1,1982-03-01,1.941
M1,USD1,1982-04-01,1.954
M1,USD1,1982-05-01,1.994
M1,USD1,1982-06-01,2.1015
M1,USD1,1982-07-01,2.0925
M1,USD1,1982-08-01,2.1325
M1,USD1,1982-09-01,2.1685
M1,USD1,1982-10-01,2.2063
M1,USD1,1982-11-01,2.1405
M1,USD1,1982-12-01,1.993
M1,USD1,1983-01-01,2.002
M1,USD1,1983-02-01,2.0412
M1,USD1,1983-03-01,2.082
M1,USD1,1983-04-01,2.0602
M1,USD1,1983-05-01,2.092
M1,USD1,1983-06-01,2.103
M1,USD1,1983-07-01,2.1257
M1,USD1,1983-08-01,2.194
M1,USD1,1983-09-01,2.1275
M1,USD1,1983-10-01,2.1377
M1,USD1,1983-11-01,2.1698
M1,USD1,1983-12-01,2.175
M1,USD1,1984-01-01,2.2433
M1,USD1,1984-02-01,2.1648
M1,USD1,1984-03-01,2.1525
M1,USD1,1984-04-01,2.2417
M1,USD1,1984-05-01,2.259
M1,USD1,1984-06-01,2.3295
M1,USD1,1984-07-01,2.4618
M1,USD1,1984-08-01,2.4037
M1,USD1,1984-09-01,2.497
M1,USD1,1984-10-01,2.4895
M1,USD1,1984-11-01,2.5438
M1,USD1,1984-12-01,2.597
M1,USD1,1985-01-01,2.6775
M1,USD1,1985-02-01,2.823
M1,USD1,1985-03-01,2.589
M1,USD1,1985-04-01,2.58
M1,USD1,1985-05-01,2.6075
M1,USD1,1985-06-01,2.553
M1,USD1,1985-07-01,2.2835
M1,USD1,1985-08-01,2.282
M1,USD1,1985-09-01,2.1815
M1,USD1,1985-10-01,2.146
M1,USD1,1985-11-01,2.081
M1,USD1,1985-12-01,2.072
M1,USD1,1986-01-01,2.0185
M1,USD1,1986-02-01,1.8755
M1,USD1,1986-03-01,1.9445
M1,USD1,1986-04-01,1.8265
M1,USD1,1986-05-01,1.917
M1,USD1,1986-06-01,1.7922
M1,USD1,1986-07-01,1.6865
M1,USD1,1986-08-01,1.6565
M1,USD1,1986-09-01,1.639
M1,USD1,1986-10-01,1.7142
M1,USD1,1986-11-01,1.6475
M1,USD1,1986-12-01,1.623
M1,USD1,1987-01-01,1.505
M1,USD1,1987-02-01,1.5365
M1,USD1,1987-03-01,1.5045
M1,USD1,1987-04-01,1.4625
M1,USD1,1987-05-01,1.5135
M1,USD1,1987-06-01,1.5195
M1,USD1,1987-07-01,1.5355
M1,USD1,1987-08-01,1.4945
M1,USD1,1987-09-01,1.527
M1,USD1,1987-10-01,1.4385
M1,USD1,1987-11-01,1.3431
M1,USD1,1987-12-01,1.2775
M1,USD1,1988-01-01,1.3625
M1,USD1,1988-02-01,1.3883
M1,USD1,1988-03-01,1.3692
M1,USD1,1988-04-01,1.3862
M1,USD1,1988-05-01,1.4397
M1,USD1,1988-06-01,1.506
M1,USD1,1988-07-01,1.5615
M1,USD1,1988-08-01,1.5815
M1,USD1,1988-09-01,1.589
M1,USD1,1988-10-01,1.49
M1,USD1,1988-11-01,1.4515
M1,USD1,1988-12-01,1.5095
M1,USD1,1989-01-01,1.5827
M1,USD1,1989-02-01,1.5587
M1,USD1,1989-03-01,1.6565
M1,USD1,1989-04-01,1.6602
M1,USD1,1989-05-01,1.729
M1,USD1,1989-06-01,1.6733
M1,USD1,1989-07-01,1.6115
M1,USD1,1989-08-01,1.6895
M1,USD1,1989-09-01,1.6169
M1,USD1,1989-10-01,1.614
M1,USD1,1989-11-01,1.5915
M1,USD1,1989-12-01,1.548
M1,USD1,1990-01-01,1.4881
M1,USD1,1990-02-01,1.487
M1,USD1,1990-03-01,1.4957
M1,USD1,1990-04-01,1.4588
M1,USD1,1990-05-01,1.4215
M1,USD1,1990-06-01,1.4134
M1,USD1,1990-07-01,1.3613
M1,USD1,1990-08-01,1.296
M1,USD1,1990-09-01,1.298
M1,USD1,1990-10-01,1.2875
M1,USD1,1990-11-01,1.284
M1,USD1,1990-12-01,1.2965
M1,USD1,1991-01-01,1.264
M1,USD1,1991-02-01,1.31
M1,USD1,1991-03-01,1.463
M1,USD1,1991-04-01,1.4683
M1,USD1,1991-05-01,1.4669
M1,USD1,1991-06-01,1.5575
M1,USD1,1991-07-01,1.5235
M1,USD1,1991-08-01,1.5221
M1,USD1,1991-09-01,1.448
M1,USD1,1991-10-01,1.4734
M1,USD1,1991-11-01,1.44
M1,USD1,1991-12-01,1.353
M1,USD1,1992-01-01,1.4345
M1,USD1,1992-02-01,1.483
M1,USD1,1992-03-01,1.4992
M1,USD1,1992-04-01,1.523
M1,USD1,1992-05-01,1.458
M1,USD1,1992-06-01,1.3755
M1,USD1,1992-07-01,1.318
M1,USD1,1992-08-01,1.26
M1,USD1,1992-09-01,1.233
M1,USD1,1992-10-01,1.368
M1,USD1,1992-11-01,1.4491
M1,USD1,1992-12-01,1.4555
M1,USD1,1993-01-01,1.463
M1,USD1,1993-02-01,1.5192
M1,USD1,1993-03-01,1.4951
M1,USD1,1993-04-01,1.4245
M1,USD1,1993-05-01,1.4322
M1,USD1,1993-06-01,1.5018
M1,USD1,1993-07-01,1.5257
M1,USD1,1993-08-01,1.469
M1,USD1,1993-09-01,1.417
M1,USD1,1993-10-01,1.4785
M1,USD1,1993-11-01,1.4898
M1,USD1,1993-12-01,1.4795
M1,USD1,1994-01-01,1.4635
M1,USD1,1994-02-01,1.4295
M1,USD1,1994-03-01,1.4127
M1,USD1,1994-04-01,1.413
M1,USD1,1994-05-01,1.3993
M1,USD1,1994-06-01,1.341
M1,USD1,1994-07-01,1.348
M1,USD1,1994-08-01,1.3295
M1,USD1,1994-09-01,1.2842
M1,USD1,1994-10-01,1.2602
M1,USD1,1994-11-01,1.3309
M1,USD1,1994-12-01,1.3118
M1,USD1,1995-01-01,1.264
M1,USD1,1995-02-01,1.2423
M1,USD1,1995-03-01,1.1515
M1,USD1,1995-04-01,1.1335
M1,USD1,1995-05-01,1.146
M1,USD1,1995-06-01,1.1511
M1,USD1,1995-07-01,1.148
M1,USD1,1995-08-01,1.2055
M1,USD1,1995-09-01,1.1392
M1,USD1,1995-10-01,1.1396
M1,USD1,1995-11-01,1.1625
M1,USD1,1995-12-01,1.152
M1,USD1,1996-01-01,1.2142
M1,USD1,1996-02-01,1.196
M1,USD1,1996-03-01,1.1896
M1,USD1,1996-04-01,1.237
M1,USD1,1996-05-01,1.2595
M1,USD1,1996-06-01,1.2527
M1,USD1,1996-07-01,1.185
M1,USD1,1996-08-01,1.1995
M1,USD1,1996-09-01,1.2571
M1,USD1,1996-10-01,1.2566
M1,USD1,1996-11-01,1.297
M1,USD1,1996-12-01,1.35
M1,USD1,1997-01-01,1.4208
M1,USD1,1997-02-01,1.4765
M1,USD1,1997-03-01,1.4582
M1,USD1,1997-04-01,1.465
M1,USD1,1997-05-01,1.4122
M1,USD1,1997-06-01,1.4533
M1,USD1,1997-07-01,1.5092
M1,USD1,1997-08-01,1.4835
M1,USD1,1997-09-01,1.4566
M1,USD1,1997-10-01,1.409
M1,USD1,1997-11-01,1.426
M1,USD1,1997-12-01,1.4549
M1,USD1,1998-01-01,1.475
M1,USD1,1998-02-01,1.4672
M1,USD1,1998-03-01,1.5245
M1,USD1,1998-04-01,1.4966
M1,USD1,1998-05-01,1.4832
M1,USD1,1998-06-01,1.5242
M1,USD1,1998-07-01,1.4935
M1,USD1,1998-08-01,1.452
M1,USD1,1998-09-01,1.3858
M1,USD1,1998-10-01,1.348
M1,USD1,1998-11-01,1.4079
M1,USD1,1998-12-01,1.3772
M1,USD1,1999-01-01,1.4157
M1,USD1,1999-02-01,1.4421
M1,USD1,1999-03-01,1.4876
M1,USD1,1999-04-01,1.5208
M1,USD1,1999-05-01,1.523
M1,USD1,1999-06-01,1.5494
M1,USD1,1999-07-01,1.4897
M1,USD1,1999-08-01,1.5192
M1,USD1,1999-09-01,1.496
M1,USD1,1999-10-01,1.5242
M1,USD1,1999-11-01,1.5877
M1,USD1,1999-12-01,1.598
M1,USD1,2000-01-01,1.6405
M1,USD1,2000-02-01,1.644
M1,USD1,2000-03-01,1.6626
M1,USD1,2000-04-01,1.7291
M1,USD1,2000-05-01,1.686
M1,USD1,2000-06-01,1.625
M1,USD1,2000-07-01,1.6757
M1,USD1,2000-08-01,1.7323
M1,USD1,2000-09-01,1.73
M1,USD1,2000-10-01,1.8086
M1,USD1,2000-11-01,1.732
M1,USD1,2000-12-01,1.6353
M1,USD1,2001-01-01,1.6427
M1,USD1,2001-02-01,1.6723
M1,USD1,2001-03-01,1.7275
M1,USD1,2001-04-01,1.7251
M1,USD1,2001-05-01,1.796
M1,USD1,2001-06-01,1.796
M1,USD1,2001-07-01,1.7256
M1,USD1,2001-08-01,1.6514
M1,USD1,2001-09-01,1.6133
M1,USD1,2001-10-01,1.6234
M1,USD1,2001-11-01,1.6614
M1,USD1,2001-12-01,1.6782
M1,USD1,2002-01-01,1.7077
M1,USD1,2002-02-01,1.7052
M1,USD1,2002-03-01,1.6806
M1,USD1,2002-04-01,1.6204
M1,USD1,2002-05-01,1.5613
M1,USD1,2002-06-01,1.4835
M1,USD1,2002-07-01,1.4864
M1,USD1,2002-08-01,1.4914
M1,USD1,2002-09-01,1.4885
M1,USD1,2002-10-01,1.4823
M1,USD1,2002-11-01,1.487
M1,USD1,2002-12-01,1.3872
M1,USD1,2003-01-01,1.3562
M1,USD1,2003-02-01,1.3606
M1,USD1,2003-03-01,1.358
M1,USD1,2003-04-01,1.3595
M1,USD1,2003-05-01,1.292
M1,USD1,2003-06-01,1.3561
M1,USD1,2003-07-01,1.3663
M1,USD1,2003-08-01,1.4093
M1,USD1,2003-09-01,1.3192
M1,USD1,2003-10-01,1.331
M1,USD1,2003-11-01,1.2938
M1,USD1,2003-12-01,1.236
M1,USD1,2004-01-01,1.2628
M1,USD1,2004-02-01,1.2678
M1,USD1,2004-03-01,1.2739
M1,USD1,2004-04-01,1.2978
M1,USD1,2004-05-01,1.246
M1,USD1,2004-06-01,1.2612
M1,USD1,2004-07-01,1.2765
M1,USD1,2004-08-01,1.2774
M1,USD1,2004-09-01,1.2605
M1,USD1,2004-10-01,1.1975
M1,USD1,2004-11-01,1.1418
M1,USD1,2004-12-01,1.1319
M1,USD1,2005-01-01,1.1918
M1,USD1,2005-02-01,1.1617
M1,USD1,2005-03-01,1.196
M1,USD1,2005-04-01,1.186
M1,USD1,2005-05-01,1.2452
M1,USD1,2005-06-01,1.2832
M1,USD1,2005-07-01,1.291
M1,USD1,2005-08-01,1.2688
M1,USD1,2005-09-01,1.2942
M1,USD1,2005-10-01,1.2788
M1,USD1,2005-11-01,1.3142
M1,USD1,2005-12-01,1.3152
M1,USD1,2006-01-01,1.2839
M1,USD1,2006-02-01,1.3181
M1,USD1,2006-03-01,1.303
M1,USD1,2006-04-01,1.2555
M1,USD1,2006-05-01,1.2114
M1,USD1,2006-06-01,1.2326
M1,USD1,2006-07-01,1.2327
M1,USD1,2006-08-01,1.2264
M1,USD1,2006-09-01,1.2528
M1,USD1,2006-10-01,1.251
M1,USD1,2006-11-01,1.2061
M1,USD1,2006-12-01,1.2192
M1,USD1,2007-01-01,1.2557
M1,USD1,2007-02-01,1.2222
M1,USD1,2007-03-01,1.2205
M1,USD1,2007-04-01,1.2089
M1,USD1,2007-05-01,1.2253
M1,USD1,2007-06-01,1.2315
M1,USD1,2007-07-01,1.2038
M1,USD1,2007-08-01,1.2059
M1,USD1,2007-09-01,1.1712
M1,USD1,2007-10-01,1.1588
M1,USD1,2007-11-01,1.1203
M1,USD1,2007-12-01,1.1264
M1,USD1,2008-01-01,1.0823
M1,USD1,2008-02-01,1.0483
M1,USD1,2008-03-01,0.9929
M1,USD1,2008-04-01,1.0372
M1,USD1,2008-05-01,1.0514
M1,USD1,2008-06-01,1.0155
M1,USD1,2008-07-01,1.047
M1,USD1,2008-08-01,1.0935
M1,USD1,2008-09-01,1.0986
M1,USD1,2008-10-01,1.1489
M1,USD1,2008-11-01,1.2026
M1,USD1,2008-12-01,1.0562
M1,USD1,2009-01-01,1.1552
M1,USD1,2009-02-01,1.1722
M1,USD1,2009-03-01,1.1415
M1,USD1,2009-04-01,1.1306
M1,USD1,2009-05-01,1.0808
M1,USD1,2009-06-01,1.0815
M1,USD1,2009-07-01,1.0883
M1,USD1,2009-08-01,1.0618
M1,USD1,2009-09-01,1.0327
M1,USD1,2009-10-01,1.0178
M1,USD1,2009-11-01,1.0018
M1,USD1,2009-12-01,1.0293
M1,USD1,2010-01-01,1.0504
M1,USD1,2010-02-01,1.0772
M1,USD1,2010-03-01,1.0646
M1,USD1,2010-04-01,1.0793
M1,USD1,2010-05-01,1.1564
M1,USD1,2010-06-01,1.081
M1,USD1,2010-07-01,1.0378
M1,USD1,2010-08-01,1.0203
M1,USD1,2010-09-01,0.9772
M1,USD1,2010-10-01,0.989
M1,USD1,2010-11-01,0.9987
M1,USD1,2010-12-01,0.9366
M1,USD1,2011-01-01,0.9427
M1,USD1,2011-02-01,0.9261
M1,USD1,2011-03-01,0.91544
M1,USD1,2011-04-01,0.86892
M1,USD1,2011-05-01,0.85053
M1,USD1,2011-06-01,0.83409
M1,USD1,2011-07-01,0.80174
M1,USD1,2011-08-01,0.8118
M1,USD1,2011-09-01,0.9006
M1,USD1,2011-10-01,0.8711
M1,USD1,2011-11-01,0.9226
M1,USD1,2011-12-01,0.9403
M1,USD1,2012-01-01,0.9138
M1,USD1,2012-02-01,0.8955
M1,USD1,2012-03-01,0.903
M1,USD1,2012-04-01,0.9073
M1,USD1,2012-05-01,0.9675
M1,USD1,2012-06-01,0.9555
M1,USD1,2012-07-01,0.9796
M1,USD1,2012-08-01,0.9579
M1,USD1,2012-09-01,0.9351
M1,USD1,2012-10-01,0.9287
M1,USD1,2012-11-01,0.925
M1,USD1,2012-12-01,0.9153
M1,USD1,2013-01-01,0.9109
M1,USD1,2013-02-01,0.9298
M1,USD1,2013-03-01,0.9495
M1,USD1,2013-04-01,0.9379
M1,USD1,2013-05-01,0.954
M1,USD1,2013-06-01,0.9463
M1,USD1,2013-07-01,0.9263
M1,USD1,2013-08-01,0.9302
M1,USD1,2013-09-01,0.9052
M1,USD1,2013-10-01,0.9001
M1,USD1,2013-11-01,0.9051
M1,USD1,2013-12-01,0.8908
M1,USD1,2014-01-01,0.9034
M1,USD1,2014-02-01,0.8857
M1,USD1,2014-03-01,0.8869
M1,USD1,2014-04-01,0.8839
M1,USD1,2014-05-01,0.8974
M1,USD1,2014-06-01,0.89
M1,USD1,2014-07-01,0.9082
M1,USD1,2014-08-01,0.9151
M1,USD1,2014-09-01,0.9534
M1,USD1,2014-10-01,0.9598
M1,USD1,2014-11-01,0.9665
M1,USD1,2014-12-01,0.9894
M1,USD1,2015-01-01,0.9231
M1,USD1,2015-02-01,0.9502
M1,USD1,2015-03-01,0.9744
M1,USD1,2015-04-01,0.9361
M1,USD1,2015-05-01,0.9435
M1,USD1,2015-06-01,0.9314
M1,USD1,2015-07-01,0.9632
M1,USD1,2015-08-01,0.9625
M1,USD1,2015-09-01,0.9734
M1,USD1,2015-10-01,0.9873
M1,USD1,2015-11-01,1.0309
M1,USD1,2015-12-01,0.9903
M1,USD1,2016-01-01,1.0193
M1,USD1,2016-02-01,0.9998
M1,USD1,2016-03-01,0.9631
M1,USD1,2016-04-01,0.9628
M1,USD1,2016-05-01,0.9914
M1,USD1,2016-06-01,0.9793
M1,USD1,2016-07-01,0.9774
M1,USD1,2016-08-01,0.9826
M1,USD1,2016-09-01,0.9684
M1,USD1,2016-10-01,0.9884
M1,USD1,2016-11-01,1.0128
M1,USD1,2016-12-01,1.016
M1,USD1,2017-01-01,0.9954
M1,USD1,2017-02-01,1.0062
M1,USD1,2017-03-01,1.0001
M1,USD1,2017-04-01,0.9934
M1,USD1,2017-05-01,0.974
M1,USD1,2017-06-01,0.9586
M1,USD1,2017-07-01,0.9701
M1,USD1,2017-08-01,0.964
M1,USD1,2017-09-01,0.9709
M1,USD1,2017-10-01,0.9978
M1,USD1,2017-11-01,0.9869
M1,USD1,2017-12-01,0.9753
M1,USD1,2018-01-01,0.932
M1,USD1,2018-02-01,0.9427
M1,USD1,2018-03-01,0.9531
M1,USD1,2018-04-01,0.9896
M1,USD1,2018-05-01,0.98715
M1,USD1,2018-06-01,0.99325
M1,USD1,2018-07-01,0.98775
M1,USD1,2018-08-01,0.9678
M1,USD1,2018-09-01,0.97725
M1,USD1,2018-10-01,1.0059
M1,USD1,2018-11-01,0.996
M1,USD1,2018-12-01,0.985
M1,USD1,2019-01-01,0.99295
M1,USD1,2019-02-01,0.99595
M1,USD1,2019-03-01,0.996
M1,USD1,2019-04-01,1.01825
M1,USD1,2019-05-01,1.0053
M1,USD1,2019-06-01,0.974
M1,USD1,2019-07-01,0.99055
M1,USD1,2019-08-01,0.9886
M1,USD1,2019-09-01,0.99305
M1,USD1,2019-10-01,0.98685
M1,USD1,2019-11-01,0.99965
M1,USD1,2019-12-01,0.96825
M1,USD1,2020-01-01,0.97025
M1,USD1,2020-02-01,0.9637
M1,USD1,2020-03-01,0.96405
M1,USD1,2020-04-01,0.97115
M1,USD1,2020-05-01,0.96175
M1,USD1,2020-06-01,0.95175
M1,USD1,2020-07-01,0.90785
M1,USD1,2020-08-01,0.9031
M1,USD1,2020-09-01,0.923
M1,USD1,2020-10-01,0.9159
M1,USD1,2020-11-01,0.9031
M1,USD1,2020-12-01,0.8812
M1,USD1,2021-01-01,0.88945
M1,USD1,2021-02-01,0.90415
M1,USD1,2021-03-01,0.94195
M1,USD1,2021-04-01,0.90945
M1,USD1,2021-05-01,0.8999
M1,USD1,2021-06-01,0.9229
M1,USD1,2021-07-01,0.9051
M1,USD1,2021-08-01,0.91445
M1,USD1,2021-09-01,0.9345
M1,USD1,2021-10-01,0.91175
M1,USD1,2021-11-01,0.91825
M1,USD1,2021-12-01,0.9127
M1,USD1,2022-01-01,0.93185
M1,USD1,2022-02-01,0.92265
M1,USD1,2022-03-01,0.925
M1,USD1,2022-04-01,0.96895
M1,USD1,2022-05-01,0.96115
M1,USD1,2022-06-01,0.9557
M1,USD1,2022-07-01,0.9526
M1,USD1,2022-08-01,0.9771
M1,USD1,2022-09-01,0.9762
M1,USD1,2022-10-01,0.9992
M1,USD1,2022-11-01,0.9506
M1,USD1,2022-12-01,0.92325
M1,USD1,2023-01-01,0.92665
M1,USD1,2023-02-01,0.93785
M1,USD1,2023-03-01,0.91625
M1,USD1,2023-04-01,0.896
M1,USD1,2023-05-01,0.91135
M1,USD1,2023-06-01,0.90105
M1,USD1,2023-07-01,0.8707
M1,USD1,2023-08-01,0.8808
M1,USD1,2023-09-01,0.90965
M1,USD1,2023-10-01,0.9019
M1,USD1,2023-11-01,0.87485
M1,USD1,2023-12-01,0.84005
M1,USD1,2024-01-01,0.8629
M1,USD1,2024-02-01,0.8781
M1,USD1,2024-03-01,0.9062
M1,USD1,2024-04-01,0.9125
M1,USD1,2024-05-01,0.9059
M1,USD1,2024-06-01,0.8997
M1,USD1,2024-07-01,0.8812
M1,USD1,2024-08-01,0.8485
M1,USD1,2024-09-01,0.8433
M1,USD1,2024-10-01,0.8653
M1,USD1,2024-11-01,0.8811
M1,USD1,2024-12-01,0.9038
M1,USD1,2025-01-01,0.91075
M1,USD1,2025-02-01,0.9019
M1,USD1,2025-03-01,0.8807
M1,USD1,2025-04-01,0.8256
M1,USD1,2025-05-01,0.824
M1,USD1,2025-06-01,0.7977
M1,USD1,2025-07-01,0.8129
M1,USD1,2025-08-01,0.8007
M1,USD1,2025-09-01,0.7961
M1,USD1,2025-10-01,0.8017
M1,USD1,2025-11-01,0.80635
M1,USD1,2025-12-01,0.7933
M1,USD1,2026-01-01,0.7698
M1,USD1,2026-02-01,0.7729
M1,USD1,2026-03-01,0.8
M1,USD1,2026-04-01,0.7898
M1,USD1,2026-05-01,0.7845
M1,USD1,2026-06-01,0.8095
M1,USD1,2026-07-01,0.8064
M1,XDR1,1978-01-01,2.405
M1,XDR1,1978-02-01,2.29
M1,XDR1,1978-03-01,2.312
M1,XDR1,1978-04-01,2.374
M1,XDR1,1978-05-01,2.32
M1,XDR1,1978-06-01,2.29871
M1,XDR1,1978-07-01,2.19657
M1,XDR1,1978-08-01,2.08476
M1,XDR1,1978-09-01,1.98502
M1,XDR1,1978-10-01,2.0043
M1,XDR1,1978-11-01,2.19427
M1,XDR1,1978-12-01,2.10726
M1,XDR1,1979-01-01,2.17047
M1,XDR1,1979-02-01,2.14905
M1,XDR1,1979-03-01,2.17704
M1,XDR1,1979-04-01,2.19361
M1,XDR1,1979-05-01,2.19271
M1,XDR1,1979-06-01,2.14736
M1,XDR1,1979-07-01,2.16249
M1,XDR1,1979-08-01,2.1559
M1,XDR1,1979-09-01,2.04449
M1,XDR1,1979-10-01,2.14274
M1,XDR1,1979-11-01,2.10204
M1,XDR1,1979-12-01,2.10401
M1,XDR1,1980-01-01,2.13716
M1,XDR1,1980-02-01,2.17534
M1,XDR1,1980-03-01,2.3043
M1,XDR1,1980-04-01,2.16092
M1,XDR1,1980-05-01,2.18209
M1,XDR1,1980-06-01,2.14351
M1,XDR1,1980-07-01,2.17267
M1,XDR1,1980-08-01,2.17154
M1,XDR1,1980-09-01,2.16749
M1,XDR1,1980-10-01,2.21848
M1,XDR1,1980-11-01,2.22085
M1,XDR1,1980-12-01,2.24919
M1,XDR1,1981-01-01,2.39816
M1,XDR1,1981-02-01,2.40252
M1,XDR1,1981-03-01,2.35237
M1,XDR1,1981-04-01,2.42233
M1,XDR1,1981-05-01,2.42514
M1,XDR1,1981-06-01,2.33687
M1,XDR1,1981-07-01,2.41024
M1,XDR1,1981-08-01,2.4027
M1,XDR1,1981-09-01,2.25658
M1,XDR1,1981-10-01,2.12681
M1,XDR1,1981-11-01,2.08421
M1,XDR1,1981-12-01,2.09338
M1,XDR1,1982-01-01,2.11719
M1,XDR1,1982-02-01,2.13286
M1,XDR1,1982-03-01,2.15294
M1,XDR1,1982-04-01,2.20907
M1,XDR1,1982-05-01,2.24427
M1,XDR1,1982-06-01,2.29753
M1,XDR1,1982-07-01,2.2843
M1,XDR1,1982-08-01,2.29507
M1,XDR1,1982-09-01,2.32451
M1,XDR1,1982-10-01,2.35336
M1,XDR1,1982-11-01,2.3075
M1,XDR1,1982-12-01,2.20015
M1,XDR1,1983-01-01,2.17203
M1,XDR1,1983-02-01,2.22808
M1,XDR1,1983-03-01,2.24547
M1,XDR1,1983-04-01,2.2314
M1,XDR1,1983-05-01,2.25272
M1,XDR1,1983-06-01,2.24834
M1,XDR1,1983-07-01,2.24765
M1,XDR1,1983-08-01,2.29083
M1,XDR1,1983-09-01,2.25075
M1,XDR1,1983-10-01,2.26336
M1,XDR1,1983-11-01,2.27135
M1,XDR1,1983-12-01,2.28183
M1,XDR1,1984-01-01,2.31998
M1,XDR1,1984-02-01,2.29518
M1,XDR1,1984-03-01,2.29144
M1,XDR1,1984-04-01,2.34848
M1,XDR1,1984-05-01,2.35205
M1,XDR1,1984-06-01,2.41767
M1,XDR1,1984-07-01,2.49654
M1,XDR1,1984-08-01,2.44581
M1,XDR1,1984-09-01,2.49551
M1,XDR1,1984-10-01,2.48261
M1,XDR1,1984-11-01,2.51858
M1,XDR1,1984-12-01,2.53843
M1,XDR1,1985-01-01,2.61054
M1,XDR1,1985-02-01,2.71612
M1,XDR1,1985-03-01,2.59466
M1,XDR1,1985-04-01,2.56268
M1,XDR1,1985-05-01,2.58862
M1,XDR1,1985-06-01,2.5571
M1,XDR1,1985-07-01,2.3652
M1,XDR1,1985-08-01,2.3629
M1,XDR1,1985-09-01,2.31055
M1,XDR1,1985-10-01,2.30137
M1,XDR1,1985-11-01,2.27493
M1,XDR1,1985-12-01,2.27549
M1,XDR1,1986-01-01,2.25397
M1,XDR1,1986-02-01,2.16373
M1,XDR1,1986-03-01,2.21362
M1,XDR1,1986-04-01,2.14989
M1,XDR1,1986-05-01,2.19083
M1,XDR1,1986-06-01,2.11468
M1,XDR1,1986-07-01,2.02428
M1,XDR1,1986-08-01,1.99861
M1,XDR1,1986-09-01,1.98782
M1,XDR1,1986-10-01,2.03622
M1,XDR1,1986-11-01,1.99276
M1,XDR1,1986-12-01,1.98585
M1,XDR1,1987-01-01,1.92927
M1,XDR1,1987-02-01,1.94432
M1,XDR1,1987-03-01,1.93616
M1,XDR1,1987-04-01,1.91171
M1,XDR1,1987-05-01,1.94595
M1,XDR1,1987-06-01,1.94259
M1,XDR1,1987-07-01,1.94773
M1,XDR1,1987-08-01,1.93582
M1,XDR1,1987-09-01,1.95657
M1,XDR1,1987-10-01,1.90171
M1,XDR1,1987-11-01,1.84225
M1,XDR1,1987-12-01,1.81305
M1,XDR1,1988-01-01,1.8638
M1,XDR1,1988-02-01,1.8918
M1,XDR1,1988-03-01,1.89851
M1,XDR1,1988-04-01,1.91915
M1,XDR1,1988-05-01,1.96604
M1,XDR1,1988-06-01,1.97837
M1,XDR1,1988-07-01,2.02769
M1,XDR1,1988-08-01,2.03854
M1,XDR1,1988-09-01,2.05107
M1,XDR1,1988-10-01,2.00407
M1,XDR1,1988-11-01,1.98561
M1,XDR1,1988-12-01,2.02393
M1,XDR1,1989-01-01,2.07848
M1,XDR1,1989-02-01,2.0622
M1,XDR1,1989-03-01,2.1459
M1,XDR1,1989-04-01,2.16116
M1,XDR1,1989-05-01,2.13156
M1,XDR1,1989-06-01,2.08521
M1,XDR1,1989-07-01,2.07093
M1,XDR1,1989-08-01,2.10662
M1,XDR1,1989-09-01,2.07073
M1,XDR1,1989-10-01,2.05921
M1,XDR1,1989-11-01,2.05454
M1,XDR1,1989-12-01,2.03235
M1,XDR1,1990-01-01,1.97778
M1,XDR1,1990-02-01,1.95875
M1,XDR1,1990-03-01,1.94669
M1,XDR1,1990-04-01,1.89835
M1,XDR1,1990-05-01,1.86632
M1,XDR1,1990-06-01,1.8766
M1,XDR1,1990-07-01,1.84976
M1,XDR1,1990-08-01,1.79134
M1,XDR1,1990-09-01,1.80894
M1,XDR1,1990-10-01,1.84213
M1,XDR1,1990-11-01,1.83055
M1,XDR1,1990-12-01,1.83096
M1,XDR1,1991-01-01,1.81569
M1,XDR1,1991-02-01,1.87084
M1,XDR1,1991-03-01,1.95764
M1,XDR1,1991-04-01,1.96228
M1,XDR1,1991-05-01,1.97103
M1,XDR1,1991-06-01,2.05065
M1,XDR1,1991-07-01,2.03262
M1,XDR1,1991-08-01,2.03555
M1,XDR1,1991-09-01,1.98292
M1,XDR1,1991-10-01,2.01015
M1,XDR1,1991-11-01,1.97916
M1,XDR1,1991-12-01,1.93895
M1,XDR1,1992-01-01,2.00447
M1,XDR1,1992-02-01,2.05479
M1,XDR1,1992-03-01,2.0555
M1,XDR1,1992-04-01,2.0882
M1,XDR1,1992-05-01,2.04351
M1,XDR1,1992-06-01,1.97144
M1,XDR1,1992-07-01,1.9034
M1,XDR1,1992-08-01,1.86692
M1,XDR1,1992-09-01,1.81086
M1,XDR1,1992-10-01,1.92826
M1,XDR1,1992-11-01,1.99398
M1,XDR1,1992-12-01,2.002
M1,XDR1,1993-01-01,2.03067
M1,XDR1,1993-02-01,2.09635
M1,XDR1,1993-03-01,2.08961
M1,XDR1,1993-04-01,2.03146
M1,XDR1,1993-05-01,2.03771
M1,XDR1,1993-06-01,2.1047
M1,XDR1,1993-07-01,2.12015
M1,XDR1,1993-08-01,2.06492
M1,XDR1,1993-09-01,2.01058
M1,XDR1,1993-10-01,2.06084
M1,XDR1,1993-11-01,2.00476
M1,XDR1,1993-12-01,2.02943
M1,XDR1,1994-01-01,2.02061
M1,XDR1,1994-02-01,2.0003
M1,XDR1,1994-03-01,1.99176
M1,XDR1,1994-04-01,2.01012
M1,XDR1,1994-05-01,1.98284
M1,XDR1,1994-06-01,1.94733
M1,XDR1,1994-07-01,1.95347
M1,XDR1,1994-08-01,1.92978
M1,XDR1,1994-09-01,1.88705
M1,XDR1,1994-10-01,1.87245
M1,XDR1,1994-11-01,1.93746
M1,XDR1,1994-12-01,1.91459
M1,XDR1,1995-01-01,1.87393
M1,XDR1,1995-02-01,1.85261
M1,XDR1,1995-03-01,1.77757
M1,XDR1,1995-04-01,1.79325
M1,XDR1,1995-05-01,1.80457
M1,XDR1,1995-06-01,1.80564
M1,XDR1,1995-07-01,1.78739
M1,XDR1,1995-08-01,1.79621
M1,XDR1,1995-09-01,1.72293
M1,XDR1,1995-10-01,1.70573
M1,XDR1,1995-11-01,1.73255
M1,XDR1,1995-12-01,1.71021
M1,XDR1,1996-01-01,1.76743
M1,XDR1,1996-02-01,1.75698
M1,XDR1,1996-03-01,1.73913
M1,XDR1,1996-04-01,1.7959
M1,XDR1,1996-05-01,1.81673
M1,XDR1,1996-06-01,1.80634
M1,XDR1,1996-07-01,1.74473
M1,XDR1,1996-08-01,1.74875
M1,XDR1,1996-09-01,1.80914
M1,XDR1,1996-10-01,1.81632
M1,XDR1,1996-11-01,1.86914
M1,XDR1,1996-12-01,1.93607
M1,XDR1,1997-01-01,1.97735
M1,XDR1,1997-02-01,2.04569
M1,XDR1,1997-03-01,2.00727
M1,XDR1,1997-04-01,2.00733
M1,XDR1,1997-05-01,1.96354
M1,XDR1,1997-06-01,2.02502
M1,XDR1,1997-07-01,2.0579
M1,XDR1,1997-08-01,2.02192
M1,XDR1,1997-09-01,1.98228
M1,XDR1,1997-10-01,1.9361
M1,XDR1,1997-11-01,1.93526
M1,XDR1,1997-12-01,1.96356
M1,XDR1,1998-01-01,1.98024
M1,XDR1,1998-02-01,1.982
M1,XDR1,1998-03-01,2.03202
M1,XDR1,1998-04-01,2.0181
M1,XDR1,1998-05-01,1.97834
M1,XDR1,1998-06-01,2.02833
M1,XDR1,1998-07-01,1.98573
M1,XDR1,1998-08-01,1.95615
M1,XDR1,1998-09-01,1.90243
M1,XDR1,1998-10-01,1.8955
M1,XDR1,1998-11-01,1.93969
M1,XDR1,1998-12-01,1.93815
M1,XDR1,1999-01-01,1.96986
M1,XDR1,1999-02-01,1.97091
M1,XDR1,1999-03-01,2.01938
M1,XDR1,1999-04-01,2.05522
M1,XDR1,1999-05-01,2.04187
M1,XDR1,1999-06-01,2.07394
M1,XDR1,1999-07-01,2.0399
M1,XDR1,1999-08-01,2.07931
M1,XDR1,1999-09-01,2.07807
M1,XDR1,1999-10-01,2.11789
M1,XDR1,1999-11-01,2.18045
M1,XDR1,1999-12-01,2.19297
M1,XDR1,2000-01-01,2.2208
M1,XDR1,2000-02-01,2.2082
M1,XDR1,2000-03-01,2.24766
M1,XDR1,2000-04-01,2.2858
M1,XDR1,2000-05-01,2.22819
M1,XDR1,2000-06-01,2.17482
M1,XDR1,2000-07-01,2.19868
M1,XDR1,2000-08-01,2.26252
M1,XDR1,2000-09-01,2.25301
M1,XDR1,2000-10-01,2.31292
M1,XDR1,2000-11-01,2.22486
M1,XDR1,2000-12-01,2.13221
M1,XDR1,2001-01-01,2.13474
M1,XDR1,2001-02-01,2.15559
M1,XDR1,2001-03-01,2.18307
M1,XDR1,2001-04-01,2.1665
M1,XDR1,2001-05-01,2.24945
M1,XDR1,2001-06-01,2.23644
M1,XDR1,2001-07-01,2.17006
M1,XDR1,2001-08-01,2.13073
M1,XDR1,2001-09-01,2.07749
M1,XDR1,2001-10-01,2.0756
M1,XDR1,2001-11-01,2.09472
M1,XDR1,2001-12-01,2.10605
M1,XDR1,2002-01-01,2.12046
M1,XDR1,2002-02-01,2.11734
M1,XDR1,2002-03-01,2.09827
M1,XDR1,2002-04-01,2.05622
M1,XDR1,2002-05-01,2.01356
M1,XDR1,2002-06-01,1.96269
M1,XDR1,2002-07-01,1.96653
M1,XDR1,2002-08-01,1.97892
M1,XDR1,2002-09-01,1.96182
M1,XDR1,2002-10-01,1.96091
M1,XDR1,2002-11-01,1.96758
M1,XDR1,2002-12-01,1.88539
M1,XDR1,2003-01-01,1.86838
M1,XDR1,2003-02-01,1.85818
M1,XDR1,2003-03-01,1.8597
M1,XDR1,2003-04-01,1.88226
M1,XDR1,2003-05-01,1.83316
M1,XDR1,2003-06-01,1.9025
M1,XDR1,2003-07-01,1.90557
M1,XDR1,2003-08-01,1.94057
M1,XDR1,2003-09-01,1.88089
M1,XDR1,2003-10-01,1.9077
M1,XDR1,2003-11-01,1.88715
M1,XDR1,2003-12-01,1.838
M1,XDR1,2004-01-01,1.86942
M1,XDR1,2004-02-01,1.8848800000000001
M1,XDR1,2004-03-01,1.88898
M1,XDR1,2004-04-01,1.88274
M1,XDR1,2004-05-01,1.83426
M1,XDR1,2004-06-01,1.83835
M1,XDR1,2004-07-01,1.8633
M1,XDR1,2004-08-01,1.85951
M1,XDR1,2004-09-01,1.8502
M1,XDR1,2004-10-01,1.79809
M1,XDR1,2004-11-01,1.74556
M1,XDR1,2004-12-01,1.75819
M1,XDR1,2005-01-01,1.80589
M1,XDR1,2005-02-01,1.77971
M1,XDR1,2005-03-01,1.80574
M1,XDR1,2005-04-01,1.79966
M1,XDR1,2005-05-01,1.84073
M1,XDR1,2005-06-01,1.8716
M1,XDR1,2005-07-01,1.87362
M1,XDR1,2005-08-01,1.85429
M1,XDR1,2005-09-01,1.8701
M1,XDR1,2005-10-01,1.8564
M1,XDR1,2005-11-01,1.87317
M1,XDR1,2005-12-01,1.87848
M1,XDR1,2006-01-01,1.85603
M1,XDR1,2006-02-01,1.89208
M1,XDR1,2006-03-01,1.88131
M1,XDR1,2006-04-01,1.84207
M1,XDR1,2006-05-01,1.80871
M1,XDR1,2006-06-01,1.82391
M1,XDR1,2006-07-01,1.83005
M1,XDR1,2006-08-01,1.82374
M1,XDR1,2006-09-01,1.85093
M1,XDR1,2006-10-01,1.85182
M1,XDR1,2006-11-01,1.82013
M1,XDR1,2006-12-01,1.83582
M1,XDR1,2007-01-01,1.86791
M1,XDR1,2007-02-01,1.83982
M1,XDR1,2007-03-01,1.84424
M1,XDR1,2007-04-01,1.84243
M1,XDR1,2007-05-01,1.85567
M1,XDR1,2007-06-01,1.859
M1,XDR1,2007-07-01,1.8462
M1,XDR1,2007-08-01,1.84804
M1,XDR1,2007-09-01,1.82128
M1,XDR1,2007-10-01,1.82307
M1,XDR1,2007-11-01,1.78195
M1,XDR1,2007-12-01,1.77857
M1,XDR1,2008-01-01,1.72225
M1,XDR1,2008-02-01,1.68512
M1,XDR1,2008-03-01,1.63447
M1,XDR1,2008-04-01,1.68646
M1,XDR1,2008-05-01,1.69978
M1,XDR1,2008-06-01,1.66253
M1,XDR1,2008-07-01,1.6982
M1,XDR1,2008-08-01,1.7231
M1,XDR1,2008-09-01,1.71559
M1,XDR1,2008-10-01,1.71645
M1,XDR1,2008-11-01,1.78488
M1,XDR1,2008-12-01,1.63839
M1,XDR1,2009-01-01,1.73332
M1,XDR1,2009-02-01,1.72445
M1,XDR1,2009-03-01,1.70199
M1,XDR1,2009-04-01,1.70079
M1,XDR1,2009-05-01,1.66152
M1,XDR1,2009-06-01,1.67687
M1,XDR1,2009-07-01,1.68381
M1,XDR1,2009-08-01,1.66394
M1,XDR1,2009-09-01,1.63032
M1,XDR1,2009-10-01,1.6263
M1,XDR1,2009-11-01,1.61437
M1,XDR1,2009-12-01,1.61551
M1,XDR1,2010-01-01,1.63159
M1,XDR1,2010-02-01,1.65105
M1,XDR1,2010-03-01,1.60964
M1,XDR1,2010-04-01,1.62823
M1,XDR1,2010-05-01,1.6943
M1,XDR1,2010-06-01,1.59898
M1,XDR1,2010-07-01,1.57835
M1,XDR1,2010-08-01,1.5409
M1,XDR1,2010-09-01,1.51417
M1,XDR1,2010-10-01,1.55481
M1,XDR1,2010-11-01,1.52242
M1,XDR1,2010-12-01,1.44054
M1,XDR1,2011-01-01,1.47306
M1,XDR1,2011-02-01,1.46026
M1,XDR1,2011-03-01,1.45042
M1,XDR1,2011-04-01,1.4044
M1,XDR1,2011-05-01,1.36514
M1,XDR1,2011-06-01,1.33541
M1,XDR1,2011-07-01,1.28096
M1,XDR1,2011-08-01,1.30278
M1,XDR1,2011-09-01,1.40765
M1,XDR1,2011-10-01,1.38053
M1,XDR1,2011-11-01,1.43007
M1,XDR1,2011-12-01,1.44453
M1,XDR1,2012-01-01,1.41707
M1,XDR1,2012-02-01,1.39529
M1,XDR1,2012-03-01,1.39898
M1,XDR1,2012-04-01,1.40976
M1,XDR1,2012-05-01,1.46344
M1,XDR1,2012-06-01,1.44987
M1,XDR1,2012-07-01,1.4753
M1,XDR1,2012-08-01,1.452
M1,XDR1,2012-09-01,1.44272
M1,XDR1,2012-10-01,1.43057
M1,XDR1,2012-11-01,1.4197
M1,XDR1,2012-12-01,1.40874
M1,XDR1,2013-01-01,1.40508
M1,XDR1,2013-02-01,1.41
M1,XDR1,2013-03-01,1.42738
M1,XDR1,2013-04-01,1.41288
M1,XDR1,2013-05-01,1.42892
M1,XDR1,2013-06-01,1.42094
M1,XDR1,2013-07-01,1.40521
M1,XDR1,2013-08-01,1.40951
M1,XDR1,2013-09-01,1.38865
M1,XDR1,2013-10-01,1.391
M1,XDR1,2013-11-01,1.38905
M1,XDR1,2013-12-01,1.37291
M1,XDR1,2014-01-01,1.38431
M1,XDR1,2014-02-01,1.3645
M1,XDR1,2014-03-01,1.36633
M1,XDR1,2014-04-01,1.36698
M1,XDR1,2014-05-01,1.38149
M1,XDR1,2014-06-01,1.37631
M1,XDR1,2014-07-01,1.39226
M1,XDR1,2014-08-01,1.38856
M1,XDR1,2014-09-01,1.42046
M1,XDR1,2014-10-01,1.41757
M1,XDR1,2014-11-01,1.41446
M1,XDR1,2014-12-01,1.43301
M1,XDR1,2015-01-01,1.30223
M1,XDR1,2015-02-01,1.33534
M1,XDR1,2015-03-01,1.34197
M1,XDR1,2015-04-01,1.31598
M1,XDR1,2015-05-01,1.30944
M1,XDR1,2015-06-01,1.30823
M1,XDR1,2015-07-01,1.34212
M1,XDR1,2015-08-01,1.35382
M1,XDR1,2015-09-01,1.3664
M1,XDR1,2015-10-01,1.38137
M1,XDR1,2015-11-01,1.41484
M1,XDR1,2015-12-01,1.37478
M1,XDR1,2016-01-01,1.40783
M1,XDR1,2016-02-01,1.38394
M1,XDR1,2016-03-01,1.35529
M1,XDR1,2016-04-01,1.3639
M1,XDR1,2016-05-01,1.38913
M1,XDR1,2016-06-01,1.36527
M1,XDR1,2016-07-01,1.35799
M1,XDR1,2016-08-01,1.37245
M1,XDR1,2016-09-01,1.3598
M1,XDR1,2016-10-01,1.35874
M1,XDR1,2016-11-01,1.37312
M1,XDR1,2016-12-01,1.36826
M1,XDR1,2017-01-01,1.34918
M1,XDR1,2017-02-01,1.3608
M1,XDR1,2017-03-01,1.3582
M1,XDR1,2017-04-01,1.35759
M1,XDR1,2017-05-01,1.34417
M1,XDR1,2017-06-01,1.33406
M1,XDR1,2017-07-01,1.36692
M1,XDR1,2017-08-01,1.36463
M1,XDR1,2017-09-01,1.37005
M1,XDR1,2017-10-01,1.40216
M1,XDR1,2017-11-01,1.39631
M1,XDR1,2017-12-01,1.38967
M1,XDR1,2018-01-01,1.3595
M1,XDR1,2018-02-01,1.36405
M1,XDR1,2018-03-01,1.39087
M1,XDR1,2018-04-01,1.4263
M1,XDR1,2018-05-01,1.3965
M1,XDR1,2018-06-01,1.3976
M1,XDR1,2018-07-01,1.3902
M1,XDR1,2018-08-01,1.3577
M1,XDR1,2018-09-01,1.363
M1,XDR1,2018-10-01,1.3898
M1,XDR1,2018-11-01,1.3822
M1,XDR1,2018-12-01,1.3724
M1,XDR1,2019-01-01,1.3934
M1,XDR1,2019-02-01,1.3929
M1,XDR1,2019-03-01,1.3823
M1,XDR1,2019-04-01,1.4113
M1,XDR1,2019-05-01,1.3847
M1,XDR1,2019-06-01,1.3571
M1,XDR1,2019-07-01,1.3626
M1,XDR1,2019-08-01,1.3516
M1,XDR1,2019-09-01,1.3585
M1,XDR1,2019-10-01,1.3619
M1,XDR1,2019-11-01,1.3744
M1,XDR1,2019-12-01,1.3369
M1,XDR1,2020-01-01,1.3294
M1,XDR1,2020-02-01,1.3276
M1,XDR1,2020-03-01,1.3169
M1,XDR1,2020-04-01,1.3274
M1,XDR1,2020-05-01,1.3216
M1,XDR1,2020-06-01,1.3066
M1,XDR1,2020-07-01,1.2881
M1,XDR1,2020-08-01,1.2812
M1,XDR1,2020-09-01,1.3004
M1,XDR1,2020-10-01,1.2926
M1,XDR1,2020-11-01,1.2928
M1,XDR1,2020-12-01,1.2682
M1,XDR1,2021-01-01,1.28
M1,XDR1,2021-02-01,1.3035
M1,XDR1,2021-03-01,1.3344
M1,XDR1,2021-04-01,1.3074
M1,XDR1,2021-05-01,1.2997
M1,XDR1,2021-06-01,1.3179
M1,XDR1,2021-07-01,1.2943
M1,XDR1,2021-08-01,1.2997
M1,XDR1,2021-09-01,1.3175
M1,XDR1,2021-10-01,1.2912
M1,XDR1,2021-11-01,1.2833
M1,XDR1,2021-12-01,1.2787
M1,XDR1,2022-01-01,1.2951
M1,XDR1,2022-02-01,1.2811
M1,XDR1,2022-03-01,1.276
M1,XDR1,2022-04-01,1.3046
M1,XDR1,2022-05-01,1.2948
M1,XDR1,2022-06-01,1.2684
M1,XDR1,2022-07-01,1.2679
M1,XDR1,2022-08-01,1.2745
M1,XDR1,2022-09-01,1.2521
M1,XDR1,2022-10-01,1.2868
M1,XDR1,2022-11-01,1.249
M1,XDR1,2022-12-01,1.2274
M1,XDR1,2023-01-01,1.2444
M1,XDR1,2023-02-01,1.2432
M1,XDR1,2023-03-01,1.2281
M1,XDR1,2023-04-01,1.2044
M1,XDR1,2023-05-01,1.2094
M1,XDR1,2023-06-01,1.1919
M1,XDR1,2023-07-01,1.1672
M1,XDR1,2023-08-01,1.1747
M1,XDR1,2023-09-01,1.2016
M1,XDR1,2023-10-01,1.1925
M1,XDR1,2023-11-01,1.1674
M1,XDR1,2023-12-01,1.1246
M1,XDR1,2024-01-01,1.1383
M1,XDR1,2024-02-01,1.1669
M1,XDR1,2024-03-01,1.1933
M1,XDR1,2024-04-01,1.2058
M1,XDR1,2024-05-01,1.1942
M1,XDR1,2024-06-01,1.1821
M1,XDR1,2024-07-01,1.1657
M1,XDR1,2024-08-01,1.1442
M1,XDR1,2024-09-01,1.145
M1,XDR1,2024-10-01,1.1511
M1,XDR1,2024-11-01,1.1583
M1,XDR1,2024-12-01,1.1796
M1,XDR1,2025-01-01,1.1865
M1,XDR1,2025-02-01,1.1812
M1,XDR1,2025-03-01,1.1724
M1,XDR1,2025-04-01,1.1158
M1,XDR1,2025-05-01,1.1177
M1,XDR1,2025-06-01,1.0953
M1,XDR1,2025-07-01,1.1032
M1,XDR1,2025-08-01,1.0963
M1,XDR1,2025-09-01,1.0918
M1,XDR1,2025-10-01,1.0916
M1,XDR1,2025-11-01,1.0937
M1,XDR1,2025-12-01,1.0861
M1,XDR1,2026-01-01,1.0629
M1,XDR1,2026-02-01,1.0569
M1,XDR1,2026-03-01,1.0854
M1,XDR1,2026-04-01,1.0757
M1,XDR1,2026-05-01,1.0693
M1,XDR1,2026-06-01,1.0971
M1,XDR1,2026-07-01,1.1075
M1,ZAR1,1992-07-01,0.4765
M1,ZAR1,1992-08-01,0.46
M1,ZAR1,1992-09-01,0.4386
M1,ZAR1,1992-10-01,0.463
M1,ZAR1,1992-11-01,0.4781
M1,ZAR1,1992-12-01,0.4766
M1,ZAR1,1993-01-01,0.4765
M1,ZAR1,1993-02-01,0.4835
M1,ZAR1,1993-03-01,0.4707
M1,ZAR1,1993-04-01,0.4513
M1,ZAR1,1993-05-01,0.4509
M1,ZAR1,1993-06-01,0.4516
M1,ZAR1,1993-07-01,0.451
M1,ZAR1,1993-08-01,0.4352
M1,ZAR1,1993-09-01,0.4127
M1,ZAR1,1993-10-01,0.4399
M1,ZAR1,1993-11-01,0.4429
M1,ZAR1,1993-12-01,0.4354
M1,ZAR1,1994-01-01,0.4276
M1,ZAR1,1994-02-01,0.4118
M1,ZAR1,1994-03-01,0.4068
M1,ZAR1,1994-04-01,0.4001
M1,ZAR1,1994-05-01,0.3844
M1,ZAR1,1994-06-01,0.3671
M1,ZAR1,1994-07-01,0.3671
M1,ZAR1,1994-08-01,0.3706
M1,ZAR1,1994-09-01,0.3591
M1,ZAR1,1994-10-01,0.3597
M1,ZAR1,1994-11-01,0.3745
M1,ZAR1,1994-12-01,0.3701
M1,ZAR1,1995-01-01,0.3585
M1,ZAR1,1995-02-01,0.3444
M1,ZAR1,1995-03-01,0.3204
M1,ZAR1,1995-04-01,0.3131
M1,ZAR1,1995-05-01,0.3126
M1,ZAR1,1995-06-01,0.3163
M1,ZAR1,1995-07-01,0.317
M1,ZAR1,1995-08-01,0.3296
M1,ZAR1,1995-09-01,0.3122
M1,ZAR1,1995-10-01,0.3123
M1,ZAR1,1995-11-01,0.3172
M1,ZAR1,1995-12-01,0.3158
M1,ZAR1,1996-01-01,0.3324
M1,ZAR1,1996-02-01,0.3098
M1,ZAR1,1996-03-01,0.2973
M1,ZAR1,1996-04-01,0.2816
M1,ZAR1,1996-05-01,0.2882
M1,ZAR1,1996-06-01,0.2888
M1,ZAR1,1996-07-01,0.2652
M1,ZAR1,1996-08-01,0.2665
M1,ZAR1,1996-09-01,0.278
M1,ZAR1,1996-10-01,0.2663
M1,ZAR1,1996-11-01,0.282
M1,ZAR1,1996-12-01,0.2882
M1,ZAR1,1997-01-01,0.3112
M1,ZAR1,1997-02-01,0.3299
M1,ZAR1,1997-03-01,0.3297
M1,ZAR1,1997-04-01,0.3294
M1,ZAR1,1997-05-01,0.316
M1,ZAR1,1997-06-01,0.3211
M1,ZAR1,1997-07-01,0.327
M1,ZAR1,1997-08-01,0.3166
M1,ZAR1,1997-09-01,0.312
M1,ZAR1,1997-10-01,0.2924
M1,ZAR1,1997-11-01,0.2936
M1,ZAR1,1997-12-01,0.2988
M1,ZAR1,1998-01-01,0.2991
M1,ZAR1,1998-02-01,0.2967
M1,ZAR1,1998-03-01,0.3026
M1,ZAR1,1998-04-01,0.2962
M1,ZAR1,1998-05-01,0.2876
M1,ZAR1,1998-06-01,0.2583
M1,ZAR1,1998-07-01,0.2442
M1,ZAR1,1998-08-01,0.2242
M1,ZAR1,1998-09-01,0.2351
M1,ZAR1,1998-10-01,0.2363
M1,ZAR1,1998-11-01,0.2457
M1,ZAR1,1998-12-01,0.2343
M1,ZAR1,1999-01-01,0.2344
M1,ZAR1,1999-02-01,0.233
M1,ZAR1,1999-03-01,0.2395
M1,ZAR1,1999-04-01,0.2501
M1,ZAR1,1999-05-01,0.2447
M1,ZAR1,1999-06-01,0.2566
M1,ZAR1,1999-07-01,0.242
M1,ZAR1,1999-08-01,0.2495
M1,ZAR1,1999-09-01,0.2482
M1,ZAR1,1999-10-01,0.248
M1,ZAR1,1999-11-01,0.2568
M1,ZAR1,1999-12-01,0.2594
M1,ZAR1,2000-01-01,0.2598
M1,ZAR1,2000-02-01,0.2588
M1,ZAR1,2000-03-01,0.2524
M1,ZAR1,2000-04-01,0.2533
M1,ZAR1,2000-05-01,0.2408
M1,ZAR1,2000-06-01,0.238
M1,ZAR1,2000-07-01,0.2407
M1,ZAR1,2000-08-01,0.2487
M1,ZAR1,2000-09-01,0.2376
M1,ZAR1,2000-10-01,0.2391
M1,ZAR1,2000-11-01,0.2243
M1,ZAR1,2000-12-01,0.216
M1,ZAR1,2001-01-01,0.2104
M1,ZAR1,2001-02-01,0.2178
M1,ZAR1,2001-03-01,0.2154
M1,ZAR1,2001-04-01,0.21560000000000001
M1,ZAR1,2001-05-01,0.2238
M1,ZAR1,2001-06-01,0.2225
M1,ZAR1,2001-07-01,0.2088
M1,ZAR1,2001-08-01,0.1966
M1,ZAR1,2001-09-01,0.1804
M1,ZAR1,2001-10-01,0.1717
M1,ZAR1,2001-11-01,0.1603
M1,ZAR1,2001-12-01,0.1401
M1,ZAR1,2002-01-01,0.1492
M1,ZAR1,2002-02-01,0.1488
M1,ZAR1,2002-03-01,0.1473
M1,ZAR1,2002-04-01,0.1523
M1,ZAR1,2002-05-01,0.16
M1,ZAR1,2002-06-01,0.1426
M1,ZAR1,2002-07-01,0.146
M1,ZAR1,2002-08-01,0.14
M1,ZAR1,2002-09-01,0.1406
M1,ZAR1,2002-10-01,0.1472
M1,ZAR1,2002-11-01,0.1602
M1,ZAR1,2002-12-01,0.1601
M1,ZAR1,2003-01-01,0.1573
M1,ZAR1,2003-02-01,0.1686
M1,ZAR1,2003-03-01,0.1707
M1,ZAR1,2003-04-01,0.19
M1,ZAR1,2003-05-01,0.1598
M1,ZAR1,2003-06-01,0.1833
M1,ZAR1,2003-07-01,0.1827
M1,ZAR1,2003-08-01,0.1914
M1,ZAR1,2003-09-01,0.1879
M1,ZAR1,2003-10-01,0.1919
M1,ZAR1,2003-11-01,0.2017
M1,ZAR1,2003-12-01,0.1856
M1,ZAR1,2004-01-01,0.1777
M1,ZAR1,2004-02-01,0.1901
M1,ZAR1,2004-03-01,0.2009
M1,ZAR1,2004-04-01,0.1891
M1,ZAR1,2004-05-01,0.191
M1,ZAR1,2004-06-01,0.2006
M1,ZAR1,2004-07-01,0.2042
M1,ZAR1,2004-08-01,0.1905
M1,ZAR1,2004-09-01,0.1953
M1,ZAR1,2004-10-01,0.1957
M1,ZAR1,2004-11-01,0.1967
M1,ZAR1,2004-12-01,0.2008
M1,ZAR1,2005-01-01,0.1983
M1,ZAR1,2005-02-01,0.1999
M1,ZAR1,2005-03-01,0.1915
M1,ZAR1,2005-04-01,0.1946
M1,ZAR1,2005-05-01,0.1854
M1,ZAR1,2005-06-01,0.192
M1,ZAR1,2005-07-01,0.1944
M1,ZAR1,2005-08-01,0.1946
M1,ZAR1,2005-09-01,0.203
M1,ZAR1,2005-10-01,0.1906
M1,ZAR1,2005-11-01,0.2025
M1,ZAR1,2005-12-01,0.2071
M1,ZAR1,2006-01-01,0.2098
M1,ZAR1,2006-02-01,0.2135
M1,ZAR1,2006-03-01,0.2099
M1,ZAR1,2006-04-01,0.2035
M1,ZAR1,2006-05-01,0.1817
M1,ZAR1,2006-06-01,0.1724
M1,ZAR1,2006-07-01,0.1797
M1,ZAR1,2006-08-01,0.1732
M1,ZAR1,2006-09-01,0.162
M1,ZAR1,2006-10-01,0.1647
M1,ZAR1,2006-11-01,0.1687
M1,ZAR1,2006-12-01,0.1741
M1,ZAR1,2007-01-01,0.1715
M1,ZAR1,2007-02-01,0.1689
M1,ZAR1,2007-03-01,0.1677
M1,ZAR1,2007-04-01,0.1696
M1,ZAR1,2007-05-01,0.1706
M1,ZAR1,2007-06-01,0.1735
M1,ZAR1,2007-07-01,0.1688
M1,ZAR1,2007-08-01,0.1692
M1,ZAR1,2007-09-01,0.1701
M1,ZAR1,2007-10-01,0.1772
M1,ZAR1,2007-11-01,0.1648
M1,ZAR1,2007-12-01,0.1647
M1,ZAR1,2008-01-01,0.146
M1,ZAR1,2008-02-01,0.1374
M1,ZAR1,2008-03-01,0.122
M1,ZAR1,2008-04-01,0.1365
M1,ZAR1,2008-05-01,0.1382
M1,ZAR1,2008-06-01,0.1289
M1,ZAR1,2008-07-01,0.1415
M1,ZAR1,2008-08-01,0.1426
M1,ZAR1,2008-09-01,0.1318
M1,ZAR1,2008-10-01,0.1139
M1,ZAR1,2008-11-01,0.1207
M1,ZAR1,2008-12-01,0.1127
M1,ZAR1,2009-01-01,0.114
M1,ZAR1,2009-02-01,0.118
M1,ZAR1,2009-03-01,0.1185
M1,ZAR1,2009-04-01,0.1338
M1,ZAR1,2009-05-01,0.1352
M1,ZAR1,2009-06-01,0.139
M1,ZAR1,2009-07-01,0.1392
M1,ZAR1,2009-08-01,0.1363
M1,ZAR1,2009-09-01,0.1393
M1,ZAR1,2009-10-01,0.1318
M1,ZAR1,2009-11-01,0.1355
M1,ZAR1,2009-12-01,0.1392
M1,ZAR1,2010-01-01,0.1385
M1,ZAR1,2010-02-01,0.1389
M1,ZAR1,2010-03-01,0.1453
M1,ZAR1,2010-04-01,0.1473
M1,ZAR1,2010-05-01,0.1514
M1,ZAR1,2010-06-01,0.1409
M1,ZAR1,2010-07-01,0.1412
M1,ZAR1,2010-08-01,0.1381
M1,ZAR1,2010-09-01,0.1402
M1,ZAR1,2010-10-01,0.1407
M1,ZAR1,2010-11-01,0.1394
M1,ZAR1,2010-12-01,0.1406
M1,ZAR1,2011-01-01,0.1315
M1,ZAR1,2011-02-01,0.1326
M1,ZAR1,2011-03-01,0.1346
M1,ZAR1,2011-04-01,0.1311
M1,ZAR1,2011-05-01,0.1233
M1,ZAR1,2011-06-01,0.1228
M1,ZAR1,2011-07-01,0.1183
M1,ZAR1,2011-08-01,0.116
M1,ZAR1,2011-09-01,0.1122
M1,ZAR1,2011-10-01,0.111
M1,ZAR1,2011-11-01,0.1096
M1,ZAR1,2011-12-01,0.116
M1,ZAR1,2012-01-01,0.1175
M1,ZAR1,2012-02-01,0.12
M1,ZAR1,2012-03-01,0.1174
M1,ZAR1,2012-04-01,0.1171
M1,ZAR1,2012-05-01,0.1132
M1,ZAR1,2012-06-01,0.1157
M1,ZAR1,2012-07-01,0.1193
M1,ZAR1,2012-08-01,0.1138
M1,ZAR1,2012-09-01,0.1136
M1,ZAR1,2012-10-01,0.1075
M1,ZAR1,2012-11-01,0.1055
M1,ZAR1,2012-12-01,0.1076
M1,ZAR1,2013-01-01,0.1014
M1,ZAR1,2013-02-01,0.1051
M1,ZAR1,2013-03-01,0.1026
M1,ZAR1,2013-04-01,0.1046
M1,ZAR1,2013-05-01,0.0936
M1,ZAR1,2013-06-01,0.0949
M1,ZAR1,2013-07-01,0.0939
M1,ZAR1,2013-08-01,0.09
M1,ZAR1,2013-09-01,0.0896
M1,ZAR1,2013-10-01,0.0906
M1,ZAR1,2013-11-01,0.0885
M1,ZAR1,2013-12-01,0.0847
M1,ZAR1,2014-01-01,0.0806
M1,ZAR1,2014-02-01,0.083
M1,ZAR1,2014-03-01,0.0836
M1,ZAR1,2014-04-01,0.0838
M1,ZAR1,2014-05-01,0.0859
M1,ZAR1,2014-06-01,0.0838
M1,ZAR1,2014-07-01,0.0848
M1,ZAR1,2014-08-01,0.0863
M1,ZAR1,2014-09-01,0.0847
M1,ZAR1,2014-10-01,0.0884
M1,ZAR1,2014-11-01,0.0875
M1,ZAR1,2014-12-01,0.0855
M1,ZAR1,2015-01-01,0.0798
M1,ZAR1,2015-02-01,0.0823
M1,ZAR1,2015-03-01,0.0798
M1,ZAR1,2015-04-01,0.0792
M1,ZAR1,2015-05-01,0.0777
M1,ZAR1,2015-06-01,0.0761
M1,ZAR1,2015-07-01,0.0756
M1,ZAR1,2015-08-01,0.0722
M1,ZAR1,2015-09-01,0.0705
M1,ZAR1,2015-10-01,0.0715
M1,ZAR1,2015-11-01,0.0717
M1,ZAR1,2015-12-01,0.0634
M1,ZAR1,2016-01-01,0.0635
M1,ZAR1,2016-02-01,0.062
M1,ZAR1,2016-03-01,0.0651
M1,ZAR1,2016-04-01,0.0677
M1,ZAR1,2016-05-01,0.0626
M1,ZAR1,2016-06-01,0.0663
M1,ZAR1,2016-07-01,0.069
M1,ZAR1,2016-08-01,0.0681
M1,ZAR1,2016-09-01,0.0691
M1,ZAR1,2016-10-01,0.0725
M1,ZAR1,2016-11-01,0.0724
M1,ZAR1,2016-12-01,0.0737
M1,ZAR1,2017-01-01,0.0733
M1,ZAR1,2017-02-01,0.0774
M1,ZAR1,2017-03-01,0.0748
M1,ZAR1,2017-04-01,0.0748
M1,ZAR1,2017-05-01,0.0744
M1,ZAR1,2017-06-01,0.0732
M1,ZAR1,2017-07-01,0.0742
M1,ZAR1,2017-08-01,0.074
M1,ZAR1,2017-09-01,0.072
M1,ZAR1,2017-10-01,0.0707
M1,ZAR1,2017-11-01,0.0723
M1,ZAR1,2017-12-01,0.0794
M1,ZAR1,2018-01-01,0.0786
M1,ZAR1,2018-02-01,0.0806
M1,ZAR1,2018-03-01,0.0806
M1,ZAR1,2018-04-01,0.0798
M1,ZAR1,2018-05-01,0.07891
M1,ZAR1,2018-06-01,0.07238
M1,ZAR1,2018-07-01,0.07512
M1,ZAR1,2018-08-01,0.06601
M1,ZAR1,2018-09-01,0.06905
M1,ZAR1,2018-10-01,0.06821
M1,ZAR1,2018-11-01,0.07254
M1,ZAR1,2018-12-01,0.06849
M1,ZAR1,2019-01-01,0.07446
M1,ZAR1,2019-02-01,0.07124
M1,ZAR1,2019-03-01,0.06851
M1,ZAR1,2019-04-01,0.07103
M1,ZAR1,2019-05-01,0.06795
M1,ZAR1,2019-06-01,0.06882
M1,ZAR1,2019-07-01,0.06972
M1,ZAR1,2019-08-01,0.06489
M1,ZAR1,2019-09-01,0.06539
M1,ZAR1,2019-10-01,0.06508
M1,ZAR1,2019-11-01,0.06833
M1,ZAR1,2019-12-01,0.06912
M1,ZAR1,2020-01-01,0.06529
M1,ZAR1,2020-02-01,0.06165
M1,ZAR1,2020-03-01,0.05361
M1,ZAR1,2020-04-01,0.05388
M1,ZAR1,2020-05-01,0.05482
M1,ZAR1,2020-06-01,0.05493
M1,ZAR1,2020-07-01,0.0536
M1,ZAR1,2020-08-01,0.05416
M1,ZAR1,2020-09-01,0.05462
M1,ZAR1,2020-10-01,0.05623
M1,ZAR1,2020-11-01,0.0592
M1,ZAR1,2020-12-01,0.05995
M1,ZAR1,2021-01-01,0.05876
M1,ZAR1,2021-02-01,0.06054
M1,ZAR1,2021-03-01,0.06367
M1,ZAR1,2021-04-01,0.06311
M1,ZAR1,2021-05-01,0.06551
M1,ZAR1,2021-06-01,0.06439
M1,ZAR1,2021-07-01,0.06218
M1,ZAR1,2021-08-01,0.0629
M1,ZAR1,2021-09-01,0.06165
M1,ZAR1,2021-10-01,0.05967
M1,ZAR1,2021-11-01,0.05692
M1,ZAR1,2021-12-01,0.05738
M1,ZAR1,2022-01-01,0.06001
M1,ZAR1,2022-02-01,0.05974
M1,ZAR1,2022-03-01,0.06389
M1,ZAR1,2022-04-01,0.061
M1,ZAR1,2022-05-01,0.06173
M1,ZAR1,2022-06-01,0.05886
M1,ZAR1,2022-07-01,0.0576
M1,ZAR1,2022-08-01,0.05736
M1,ZAR1,2022-09-01,0.05451
M1,ZAR1,2022-10-01,0.05465
M1,ZAR1,2022-11-01,0.05611
M1,ZAR1,2022-12-01,0.05435
M1,ZAR1,2023-01-01,0.05303
M1,ZAR1,2023-02-01,0.05086
M1,ZAR1,2023-03-01,0.05144
M1,ZAR1,2023-04-01,0.04867
M1,ZAR1,2023-05-01,0.04596
M1,ZAR1,2023-06-01,0.0476
M1,ZAR1,2023-07-01,0.04925
M1,ZAR1,2023-08-01,0.0471
M1,ZAR1,2023-09-01,0.04842
M1,ZAR1,2023-10-01,0.04806
M1,ZAR1,2023-11-01,0.0464
M1,ZAR1,2023-12-01,0.04536
M1,ZAR1,2024-01-01,0.0461
M1,ZAR1,2024-02-01,0.0457
M1,ZAR1,2024-03-01,0.04746
M1,ZAR1,2024-04-01,0.04878
M1,ZAR1,2024-05-01,0.04812
M1,ZAR1,2024-06-01,0.04943
M1,ZAR1,2024-07-01,0.048280000000000003
M1,ZAR1,2024-08-01,0.04807
M1,ZAR1,2024-09-01,0.04926
M1,ZAR1,2024-10-01,0.04878
M1,ZAR1,2024-11-01,0.04876
M1,ZAR1,2024-12-01,0.04821
M1,ZAR1,2025-01-01,0.04893
M1,ZAR1,2025-02-01,0.04872
M1,ZAR1,2025-03-01,0.04818
M1,ZAR1,2025-04-01,0.04431
M1,ZAR1,2025-05-01,0.0461
M1,ZAR1,2025-06-01,0.04478
M1,ZAR1,2025-07-01,0.04501
M1,ZAR1,2025-08-01,0.04509
M1,ZAR1,2025-09-01,0.04607
M1,ZAR1,2025-10-01,0.04628
M1,ZAR1,2025-11-01,0.04703
M1,ZAR1,2025-12-01,0.04776
M1,ZAR1,2026-01-01,0.04805
M1,ZAR1,2026-02-01,0.0485
M1,ZAR1,2026-03-01,0.04676
M1,ZAR1,2026-04-01,0.04696
M1,ZAR1,2026-05-01,0.04826
M1,ZAR1,2026-06-01,0.04934
M1,ZAR1,2026-07-01,0.0489
